component_id,lot_id,component_type,temperature_C,voltage_V,iddq_0h_uA,iddq_24h_uA,iddq_96h_uA,iddq_168h_uA,leakage_0h_uA,leakage_24h_uA,leakage_96h_uA,leakage_168h_uA,ground_truth,absolute_limit_uA,batch,delta_0_24,predicted_168h_uA,prediction_lower_uA,prediction_upper_uA,prediction_interval_width_uA,predicted_violation,upper_bound_violation,actual_violation,prediction_error_uA,absolute_prediction_error_uA,failure_probability,predicted_future_violation,failure_risk,prediction_type,probability_band
C08001,L5,FPGA,124.24,1.083,12.0416,12.4532,13.6509,14.4596,1.2219,1.3426,1.4123,1.5559,Normal,50.0,batch_5,0.4115999999999999,16.66500752440476,-1.7201946534091022,35.05020970221862,36.770404355627726,False,False,False,-2.2054075244047606,2.2054075244047606,0.0886624657248496,False,VERY_LOW,POINT_BELOW_LIMIT,0-10%
C08002,L5,DAC,124.28,1.784,11.7289,12.7023,13.3051,14.4117,1.229,1.3773,1.3478,1.563,Normal,50.0,batch_5,0.9733999999999998,17.906547405143463,-0.4786547726703993,36.29174958295732,36.77040435562772,False,False,False,-3.494847405143464,3.494847405143464,0.1294316003054393,False,VERY_LOW,POINT_BELOW_LIMIT,10-20%
C08003,L5,ASIC,126.45,1.235,11.6242,11.9225,12.8732,13.2429,1.1916,1.2542,1.37,1.4144,Normal,50.0,batch_5,0.2982999999999993,16.940633109325404,-1.444569068488459,35.32583528713927,36.77040435562773,False,False,False,-3.6977331093254033,3.6977331093254033,0.1137688186718681,False,VERY_LOW,POINT_BELOW_LIMIT,10-20%
C08004,L5,ASIC,124.84,1.176,11.4143,12.5633,13.4707,14.0985,1.1515,1.3424,1.4623,1.4701,Normal,50.0,batch_5,1.1489999999999991,23.49235116051586,5.107148982701997,41.87755333832972,36.77040435562772,False,False,False,-9.39385116051586,9.39385116051586,0.2870488270589831,False,LOW,POINT_BELOW_LIMIT,20-30%
C08005,L5,ASIC,124.84,1.203,10.9706,12.5012,14.1715,33.1038,1.1088,1.3259,1.5351,4.0557,Sudden_Anomaly,50.0,batch_5,1.5306000000000015,32.85025489974749,14.465052721933628,51.23545707756135,36.77040435562772,False,True,False,0.2535451002525093,0.2535451002525093,0.5896635566452161,True,MEDIUM,POINT_BELOW_LIMIT,50-60%
C08006,L5,DAC,125.58,1.809,13.0843,13.4542,13.9443,13.9523,1.4004,1.4241,1.4888,1.5106,High_Stable,50.0,batch_5,0.3698999999999994,17.96110956465826,-0.4240926131556044,36.346311742472125,36.77040435562773,False,False,False,-4.008809564658259,4.008809564658259,0.1544917796256032,False,LOW,POINT_BELOW_LIMIT,10-20%
C08007,L5,ADC,124.15,1.791,11.0505,11.499,12.3083,13.7954,1.1686,1.2272,1.2799,1.492,Normal,50.0,batch_5,0.448500000000001,15.152581458045663,-3.2326207197681978,33.537783635859526,36.770404355627726,False,False,False,-1.3571814580456645,1.3571814580456645,0.0538819236319236,False,VERY_LOW,POINT_BELOW_LIMIT,0-10%
C08008,L5,DAC,124.83,1.816,12.4394,12.4426,12.2625,12.3094,1.3362,1.3425,1.3137,1.2808,High_Stable,50.0,batch_5,0.0032000000000014,13.286868163203456,-5.098334014610407,31.67207034101732,36.770404355627726,False,False,False,-0.977468163203456,0.977468163203456,0.0101333333333333,False,VERY_LOW,POINT_BELOW_LIMIT,0-10%
C08009,L5,ASIC,125.31,1.209,11.1011,12.2862,16.8737,20.0603,1.178,1.2854,1.8392,2.2003,Latent_Defect,50.0,batch_5,1.1850999999999985,18.291307056845245,-0.093895120968618,36.67650923465911,36.770404355627726,False,False,False,1.7689929431547569,1.7689929431547569,0.0733251731931937,False,VERY_LOW,POINT_BELOW_LIMIT,0-10%
C08010,L5,ASIC,123.61,1.206,11.786,12.7317,14.2228,14.8046,1.2459,1.326,1.5029,1.5525,Normal,50.0,batch_5,0.9457000000000004,15.909135077281748,-2.4760671005321147,34.29433725509561,36.770404355627726,False,False,False,-1.1045350772817475,1.1045350772817475,0.0576414474414474,False,VERY_LOW,POINT_BELOW_LIMIT,0-10%
C08011,L5,FPGA,124.79,1.086,11.808,12.7986,13.7176,13.854,1.2802,1.3469,1.4581,1.4741,Normal,50.0,batch_5,0.9906000000000006,21.14004251500236,2.7548403371884973,39.52524469281622,36.770404355627726,False,False,False,-7.286042515002361,7.286042515002361,0.1361695824071681,False,VERY_LOW,POINT_BELOW_LIMIT,10-20%
C08012,L5,FPGA,125.09,1.119,10.8651,11.2062,13.6048,33.2438,1.0869,1.1682,1.4381,4.0325,Sudden_Anomaly,50.0,batch_5,0.3411000000000008,14.789640957843464,-3.595561219970397,33.174843135657326,36.770404355627726,False,False,False,18.454159042156533,18.454159042156533,0.0547556643660598,False,VERY_LOW,POINT_BELOW_LIMIT,0-10%
C08013,L5,ASIC,125.5,1.21,12.1761,12.3865,12.6515,12.9302,1.2513,1.254,1.3463,1.335,High_Stable,50.0,batch_5,0.2103999999999999,13.825030498908736,-4.560171678905128,32.2102326767226,36.770404355627726,False,False,False,-0.8948304989087354,0.8948304989087354,0.0068754578754578,False,VERY_LOW,POINT_BELOW_LIMIT,0-10%
C08014,L5,ADC,124.16,1.785,11.7753,12.7666,17.8351,52.2138,1.251,1.3089,1.955,7.1379,Absolute_Failure,50.0,batch_5,0.9913000000000008,17.25282416140873,-1.1323780164051342,35.63802633922259,36.770404355627726,False,False,True,34.96097583859127,34.96097583859127,0.1199000454103859,False,VERY_LOW,POINT_BELOW_LIMIT,10-20%
C08015,L5,ADC,124.43,1.801,11.9761,13.436,17.3072,23.064,1.256,1.3906,1.8985,2.6111,Latent_Defect,50.0,batch_5,1.4598999999999993,34.47985944464287,16.094657266829007,52.865061622456736,36.77040435562773,False,True,False,-11.41585944464287,11.41585944464287,0.6279136672031101,True,MEDIUM,POINT_BELOW_LIMIT,60-70%
C08016,L5,DAC,125.09,1.808,11.9229,14.0929,21.8443,51.7135,1.2438,1.489,2.4855,7.0357,Absolute_Failure,50.0,batch_5,2.17,49.137016539880925,30.751814362067066,67.52221871769478,36.77040435562772,False,True,True,2.5764834601190785,2.5764834601190785,0.9316221788531388,True,HIGH,POINT_BELOW_LIMIT,90-100%
C08017,L5,ADC,124.29,1.8,11.8157,12.2979,12.8855,13.5594,1.2196,1.2859,1.3459,1.4447,Normal,50.0,batch_5,0.4822000000000006,14.379046860218246,-4.006155317595617,32.764249038032105,36.77040435562772,False,False,False,-0.8196468602182456,0.8196468602182456,0.0116590909090909,False,VERY_LOW,POINT_BELOW_LIMIT,0-10%
C08018,L5,ASIC,124.81,1.222,10.7802,11.1739,12.3905,37.3636,1.1029,1.1472,1.2956,4.6276,Sudden_Anomaly,50.0,batch_5,0.393699999999999,15.175591965063989,-3.2096102127498742,33.56079414287785,36.770404355627726,False,False,False,22.18800803493601,22.18800803493601,0.1007409226480433,False,VERY_LOW,POINT_BELOW_LIMIT,10-20%
C08019,L5,FPGA,126.08,1.105,11.3438,11.5264,12.2529,13.2222,1.1531,1.202,1.3374,1.3948,Normal,50.0,batch_5,0.1826000000000007,13.557489212003963,-4.827712965809898,31.942691389817828,36.770404355627726,False,False,False,-0.3352892120039641,0.3352892120039641,0.017593842364532,False,VERY_LOW,POINT_BELOW_LIMIT,0-10%
C08020,L5,DAC,125.15,1.814,12.0411,12.2222,12.1564,11.8756,1.2627,1.2866,1.2677,1.2829,High_Stable,50.0,batch_5,0.1811000000000007,14.05055339760102,-4.334648780212843,32.43575557541488,36.770404355627726,False,False,False,-2.174953397601019,2.174953397601019,0.0105031746031746,False,VERY_LOW,POINT_BELOW_LIMIT,0-10%
C08021,L5,ADC,124.9,1.822,12.1022,12.1906,12.2577,13.078,1.2642,1.29,1.3015,1.3569,Normal,50.0,batch_5,0.0884,13.717463410515863,-4.6677387672979975,32.10266558832973,36.770404355627726,False,False,False,-0.6394634105158659,0.6394634105158659,0.023714935064935,False,VERY_LOW,POINT_BELOW_LIMIT,0-10%
C08022,L5,DAC,125.21,1.813,11.857,12.2582,12.1722,12.0889,1.2219,1.2606,1.2533,1.2712,High_Stable,50.0,batch_5,0.4012000000000011,16.332744230654768,-2.0524579471590947,34.717946408468634,36.77040435562773,False,False,False,-4.243844230654768,4.243844230654768,0.0347323965250435,False,VERY_LOW,POINT_BELOW_LIMIT,0-10%
C08023,L5,ASIC,124.19,1.201,11.6336,12.3846,12.7544,14.4728,1.2006,1.3154,1.3578,1.6015,Normal,50.0,batch_5,0.7510000000000012,17.085616395133666,-1.2995857826801966,35.47081857294753,36.770404355627726,False,False,False,-2.6128163951336667,2.6128163951336667,0.0847158250306251,False,VERY_LOW,POINT_BELOW_LIMIT,0-10%
C08024,L5,FPGA,123.88,1.095,12.205,12.2806,12.2857,12.2273,1.2907,1.2872,1.3093,1.2482,High_Stable,50.0,batch_5,0.0755999999999996,12.600892912500004,-5.78430926531386,30.986095090313867,36.770404355627726,False,False,False,-0.373592912500003,0.373592912500003,0.0098593149540517,False,VERY_LOW,POINT_BELOW_LIMIT,0-10%
C08025,L5,FPGA,126.32,1.129,11.6294,12.1226,12.3464,13.5217,1.2208,1.2341,1.2963,1.4435,Normal,50.0,batch_5,0.4931999999999998,14.84952575695129,-3.535676420862572,33.234727934765154,36.770404355627726,False,False,False,-1.3278257569512917,1.3278257569512917,0.057798575595944,False,VERY_LOW,POINT_BELOW_LIMIT,0-10%
C08026,L5,ASIC,124.38,1.198,11.5628,12.5531,13.6794,13.8481,1.1981,1.2692,1.4249,1.4424,Normal,50.0,batch_5,0.9903000000000012,19.13552749434524,0.7503253165313737,37.5207296721591,36.770404355627726,False,False,False,-5.287427494345236,5.287427494345236,0.1423421828261476,False,VERY_LOW,POINT_BELOW_LIMIT,10-20%
C08027,L5,DAC,125.58,1.784,12.6556,13.4292,14.5985,15.3446,1.3418,1.4823,1.5481,1.6578,Normal,50.0,batch_5,0.7736000000000001,19.991339396409707,1.606137218595844,38.376541574223566,36.77040435562772,False,False,False,-4.646739396409707,4.646739396409707,0.0929384137534292,False,VERY_LOW,POINT_BELOW_LIMIT,0-10%
C08028,L5,FPGA,123.74,1.116,11.7258,13.7132,16.3672,21.33,1.2507,1.4437,1.7636,2.4231,Latent_Defect,50.0,batch_5,1.987400000000001,42.95744385570144,24.57224167788758,61.34264603351531,36.77040435562773,False,True,False,-21.627443855701443,21.627443855701443,0.8812735604840264,True,HIGH,POINT_BELOW_LIMIT,80-90%
C08029,L5,DAC,124.76,1.792,12.1671,12.9514,13.898,14.877,1.2913,1.3619,1.4828,1.6463,Normal,50.0,batch_5,0.7843,16.733016662103182,-1.6521855157106806,35.11821883991705,36.77040435562773,False,False,False,-1.8560166621031813,1.8560166621031813,0.0396838626285994,False,VERY_LOW,POINT_BELOW_LIMIT,0-10%
C08030,L5,DAC,126.21,1.785,12.5283,13.5252,14.1248,14.5816,1.2984,1.4458,1.4913,1.5698,Normal,50.0,batch_5,0.9969,19.350547790311783,0.96534561249792,37.735749968125646,36.770404355627726,False,False,False,-4.768947790311783,4.768947790311783,0.2903685184742916,False,LOW,POINT_BELOW_LIMIT,20-30%
C08031,L5,DAC,126.79,1.797,11.7929,12.4533,13.3854,14.09,1.2439,1.3327,1.4156,1.5315,Normal,50.0,batch_5,0.660400000000001,19.37745781061508,0.9922556328012142,37.762659988428936,36.77040435562772,False,False,False,-5.287457810615077,5.287457810615077,0.16651497690476,False,LOW,POINT_BELOW_LIMIT,10-20%
C08032,L5,FPGA,124.13,1.102,11.5811,13.0212,15.691,19.1883,1.2392,1.3444,1.709,2.0661,Latent_Defect,50.0,batch_5,1.440100000000001,34.02856764550866,15.643365467694796,52.413769823322525,36.77040435562773,False,True,False,-14.840267645508655,14.840267645508655,0.55477856402321,True,MEDIUM,POINT_BELOW_LIMIT,50-60%
C08033,L5,ADC,125.43,1.775,11.9624,12.2681,13.4112,14.6912,1.1665,1.3025,1.4133,1.591,Normal,50.0,batch_5,0.3056999999999998,17.264438394742065,-1.1207637830717978,35.649640572555924,36.77040435562772,False,False,False,-2.5732383947420647,2.5732383947420647,0.1530610816084499,False,LOW,POINT_BELOW_LIMIT,10-20%
C08034,L5,DAC,125.35,1.811,11.3518,13.3259,18.2037,51.2698,1.1294,1.444,1.9681,6.9586,Absolute_Failure,50.0,batch_5,1.9741,38.66033097093257,20.275128793118707,57.04553314874643,36.77040435562772,False,True,True,12.609469029067428,12.609469029067428,0.7763146175624083,True,HIGH,POINT_BELOW_LIMIT,70-80%
C08035,L5,DAC,125.26,1.794,12.2927,13.1747,13.7001,14.2494,1.2577,1.3596,1.4699,1.4873,Normal,50.0,batch_5,0.8819999999999997,21.006020246626985,2.620818068813122,39.39122242444085,36.770404355627726,False,False,False,-6.756620246626985,6.756620246626985,0.1412526505371706,False,VERY_LOW,POINT_BELOW_LIMIT,10-20%
C08036,L5,ASIC,123.72,1.197,11.5724,12.7654,13.6229,14.2835,1.192,1.3787,1.4017,1.4797,Normal,50.0,batch_5,1.1929999999999996,26.208183607539663,7.8229814297258,44.593385785353526,36.770404355627726,False,False,False,-11.924683607539665,11.924683607539665,0.393771500721175,False,LOW,POINT_BELOW_LIMIT,30-40%
C08037,L5,ADC,124.92,1.803,11.2876,12.1334,13.0775,15.1021,1.1489,1.2726,1.3745,1.6495,Normal,50.0,batch_5,0.8458000000000006,19.504619071329365,1.1194168935155029,37.889821249143225,36.77040435562772,False,False,False,-4.402519071329365,4.402519071329365,0.2465319241934974,False,LOW,POINT_BELOW_LIMIT,20-30%
C08038,L5,ASIC,125.82,1.194,11.104,13.5278,23.7334,56.2397,1.1549,1.4519,2.7142,7.9033,Absolute_Failure,50.0,batch_5,2.4238,53.94873663958333,35.563534461769464,72.3339388173972,36.77040435562773,True,True,True,2.2909633604166686,2.2909633604166686,0.9966964055268402,True,HIGH,POINT_ABOVE_LIMIT,90-100%
C08039,L5,ADC,124.45,1.78,12.0959,12.2795,12.6979,13.1313,1.267,1.3013,1.3346,1.3277,High_Stable,50.0,batch_5,0.1836000000000002,13.750097606448405,-4.635104571365458,32.135299784262266,36.770404355627726,False,False,False,-0.6187976064484051,0.6187976064484051,0.0068666666666666,False,VERY_LOW,POINT_BELOW_LIMIT,0-10%
C08040,L5,FPGA,124.9,1.093,11.2532,12.8541,19.0296,53.5899,1.1597,1.3719,2.0859,7.3827,Absolute_Failure,50.0,batch_5,1.600900000000001,35.547791441008286,17.162589263194423,53.93299361882215,36.77040435562773,False,True,True,18.042108558991718,18.042108558991718,0.6665725772221129,True,MEDIUM,POINT_BELOW_LIMIT,60-70%
C08041,L5,DAC,126.02,1.804,12.4794,13.3469,14.0434,14.2993,1.282,1.3922,1.4657,1.5454,Normal,50.0,batch_5,0.8674999999999997,17.302151397143703,-1.0830507806701597,35.68735357495757,36.77040435562773,False,False,False,-3.0028513971437025,3.0028513971437025,0.1054591796590173,False,VERY_LOW,POINT_BELOW_LIMIT,10-20%
C08042,L5,FPGA,124.29,1.101,11.5497,12.841,17.3369,23.8928,1.1618,1.3535,1.881,2.7178,Latent_Defect,50.0,batch_5,1.2912999999999997,24.89715453164683,6.511952353832967,43.28235670946069,36.770404355627726,False,False,False,-1.004354531646829,1.004354531646829,0.338477167058499,False,LOW,POINT_BELOW_LIMIT,30-40%
C08043,L5,DAC,124.38,1.803,12.5914,14.3522,18.1544,24.1785,1.2996,1.5064,2.0382,2.763,Latent_Defect,50.0,batch_5,1.7607999999999997,38.867946762202365,20.482744584388502,57.25314894001623,36.77040435562773,False,True,False,-14.689446762202364,14.689446762202364,0.8148602784745351,True,HIGH,POINT_BELOW_LIMIT,80-90%
C08044,L5,ADC,125.37,1.787,12.333,13.0588,14.2229,14.7983,1.2931,1.3772,1.5469,1.5424,Normal,50.0,batch_5,0.7257999999999996,18.753130120716094,0.3679279429022308,37.13833229852996,36.77040435562773,False,False,False,-3.9548301207160943,3.9548301207160943,0.0447848941907765,False,VERY_LOW,POINT_BELOW_LIMIT,0-10%
C08045,L5,ADC,123.87,1.775,11.3367,12.4385,13.679,14.6938,1.1611,1.2959,1.4386,1.5597,Normal,50.0,batch_5,1.101799999999999,19.387355170833334,1.0021529930194752,37.7725573486472,36.77040435562772,False,False,False,-4.6935551708333385,4.6935551708333385,0.2405614330286156,False,LOW,POINT_BELOW_LIMIT,20-30%
C08046,L5,FPGA,125.22,1.103,11.9505,12.6036,13.2646,14.1007,1.2324,1.3261,1.3289,1.4916,Normal,50.0,batch_5,0.6531000000000002,17.099677884165803,-1.285524293648059,35.484880061979666,36.770404355627726,False,False,False,-2.998977884165804,2.998977884165804,0.1008773527126468,False,VERY_LOW,POINT_BELOW_LIMIT,10-20%
C08047,L5,ASIC,123.82,1.21,11.5543,12.0155,12.4445,13.5439,1.1971,1.2518,1.3278,1.4324,Normal,50.0,batch_5,0.4611999999999998,18.485597126062093,0.1003949482482298,36.87079930387596,36.770404355627726,False,False,False,-4.941697126062092,4.941697126062092,0.1716016680201388,False,LOW,POINT_BELOW_LIMIT,10-20%
C08048,L5,DAC,125.82,1.781,11.979,12.2566,12.8445,13.9039,1.2768,1.2946,1.3391,1.4537,Normal,50.0,batch_5,0.2776000000000014,14.086801422285353,-4.298400755528512,32.472003600099214,36.770404355627726,False,False,False,-0.1829014222853509,0.1829014222853509,0.068962099012099,False,VERY_LOW,POINT_BELOW_LIMIT,0-10%
C08049,L5,FPGA,125.52,1.079,11.5177,12.2313,12.8995,14.256,1.1584,1.2592,1.3574,1.4816,Normal,50.0,batch_5,0.7135999999999996,18.87067186577381,0.4854696879599522,37.25587404358768,36.77040435562773,False,False,False,-4.614671865773815,4.614671865773815,0.116198969047808,False,VERY_LOW,POINT_BELOW_LIMIT,10-20%
C08050,L5,FPGA,124.38,1.101,11.7371,12.9627,13.6061,14.8495,1.1813,1.3618,1.4287,1.5629,Normal,50.0,batch_5,1.2256,21.25740555654762,2.872203378733758,39.64260773436148,36.770404355627726,False,False,False,-6.40790555654762,6.40790555654762,0.28777020376048,False,LOW,POINT_BELOW_LIMIT,20-30%
C08051,L5,ASIC,125.31,1.2,11.3201,12.6423,13.0985,14.2367,1.1773,1.3129,1.4062,1.5298,Normal,50.0,batch_5,1.3222000000000005,27.89184703779761,9.506644859983748,46.27704921561147,36.77040435562772,False,False,False,-13.65514703779761,13.65514703779761,0.4264981022275612,False,MEDIUM,POINT_BELOW_LIMIT,40-50%
C08052,L5,ASIC,124.93,1.209,11.6912,12.3807,12.7178,12.9658,1.27,1.2877,1.3387,1.365,Normal,50.0,batch_5,0.6894999999999989,15.90209756750541,-2.483104610308453,34.287299745319274,36.770404355627726,False,False,False,-2.936297567505409,2.936297567505409,0.0893344550873962,False,VERY_LOW,POINT_BELOW_LIMIT,0-10%
C08053,L5,FPGA,125.2,1.113,11.1258,11.6098,12.1777,14.0819,1.1563,1.2162,1.296,1.5034,Normal,50.0,batch_5,0.484,14.251839119696958,-4.133363058116904,32.63704129751082,36.770404355627726,False,False,False,-0.1699391196969593,0.1699391196969593,0.0345497459380826,False,VERY_LOW,POINT_BELOW_LIMIT,0-10%
C08054,L5,FPGA,125.65,1.117,11.6113,13.4532,21.4149,60.7725,1.2097,1.4488,2.374,8.754,Absolute_Failure,50.0,batch_5,1.8419000000000008,34.40641201369948,16.021209835885617,52.79161419151335,36.77040435562773,False,True,True,26.36608798630052,26.36608798630052,0.6874138590485508,True,MEDIUM,POINT_BELOW_LIMIT,60-70%
C08055,L5,DAC,125.14,1.813,12.4065,13.1032,13.9062,15.3299,1.3243,1.4013,1.4537,1.6367,Normal,50.0,batch_5,0.6966999999999999,15.733240377297756,-2.6519618005161067,34.11844255511162,36.770404355627726,False,False,False,-0.4033403772977557,0.4033403772977557,0.0281944588744588,False,VERY_LOW,POINT_BELOW_LIMIT,0-10%
C08056,L5,ADC,123.81,1.823,11.4658,12.2039,12.9943,14.5719,1.229,1.2919,1.3731,1.6087,Normal,50.0,batch_5,0.7381000000000011,22.036990665972223,3.6517884881583633,40.42219284378609,36.77040435562773,False,False,False,-7.465090665972227,7.465090665972227,0.0504804920569626,False,VERY_LOW,POINT_BELOW_LIMIT,0-10%
C08057,L5,ADC,126.42,1.812,12.0123,13.2973,19.9913,55.5494,1.2891,1.3944,2.2077,7.7275,Absolute_Failure,50.0,batch_5,1.285,26.7087337363095,8.323531558495638,45.09393591412336,36.770404355627726,False,False,True,28.840666263690498,28.840666263690498,0.331161131148083,False,LOW,POINT_BELOW_LIMIT,30-40%
C08058,L5,FPGA,126.67,1.11,11.9598,12.6011,12.9593,14.5738,1.3025,1.3567,1.3281,1.5523,Normal,50.0,batch_5,0.6413000000000011,17.543091783531747,-0.8421103942821162,35.92829396134561,36.770404355627726,False,False,False,-2.9692917835317463,2.9692917835317463,0.0753620410635116,False,VERY_LOW,POINT_BELOW_LIMIT,0-10%
C08059,L5,FPGA,124.28,1.098,11.0981,11.8475,12.6704,13.4411,1.1609,1.2375,1.3636,1.3637,Normal,50.0,batch_5,0.7493999999999996,15.779251481800143,-2.6059506960137195,34.164453659614004,36.770404355627726,False,False,False,-2.3381514818001428,2.3381514818001428,0.2093823519355414,False,LOW,POINT_BELOW_LIMIT,20-30%
C08060,L5,FPGA,124.3,1.099,11.0277,11.8549,12.7614,13.1675,1.1279,1.1836,1.3269,1.4016,Normal,50.0,batch_5,0.8272000000000013,16.455725688591254,-1.9294764892226084,34.84092786640512,36.770404355627726,False,False,False,-3.288225688591254,3.288225688591254,0.1301485329439903,False,VERY_LOW,POINT_BELOW_LIMIT,10-20%
C08061,L5,ASIC,125.79,1.2,11.3121,13.0946,16.5074,51.7746,1.1426,1.4006,1.7402,7.0874,Absolute_Failure,50.0,batch_5,1.7825000000000006,41.55849374166669,23.173291563852825,59.94369591948055,36.77040435562772,False,True,True,10.216106258333312,10.216106258333312,0.837218733392037,True,HIGH,POINT_BELOW_LIMIT,80-90%
C08062,L5,ASIC,125.21,1.207,11.0796,11.2526,11.0239,11.3124,1.1771,1.1817,1.1788,1.1695,High_Stable,50.0,batch_5,0.173,14.798619245360449,-3.586582932453416,33.18382142317431,36.770404355627726,False,False,False,-3.486219245360447,3.486219245360447,0.0403941808191808,False,VERY_LOW,POINT_BELOW_LIMIT,0-10%
C08063,L5,DAC,125.53,1.8,12.0881,12.9727,14.1485,15.1647,1.2891,1.3691,1.5113,1.642,Normal,50.0,batch_5,0.8845999999999989,16.80334615583513,-1.5818560219787337,35.188548333648995,36.77040435562773,False,False,False,-1.6386461558351293,1.6386461558351293,0.0523930037282978,False,VERY_LOW,POINT_BELOW_LIMIT,0-10%
C08064,L5,ADC,124.68,1.775,12.1389,13.186,13.9026,14.0435,1.2869,1.4013,1.4686,1.4509,Normal,50.0,batch_5,1.0471000000000004,18.24098705188493,-0.1442151259289339,36.6261892296988,36.77040435562773,False,False,False,-4.197487051884929,4.197487051884929,0.0537215062715062,False,VERY_LOW,POINT_BELOW_LIMIT,0-10%
C08065,L5,FPGA,125.85,1.104,11.1909,11.7719,12.6552,13.4078,1.2005,1.228,1.3305,1.419,Normal,50.0,batch_5,0.5810000000000013,15.864295279954488,-2.5209068978593745,34.24949745776835,36.770404355627726,False,False,False,-2.4564952799544884,2.4564952799544884,0.0785010095769383,False,VERY_LOW,POINT_BELOW_LIMIT,0-10%
C08066,L5,FPGA,124.04,1.106,12.4031,12.9815,13.4377,13.7553,1.3567,1.3398,1.4214,1.4845,Normal,50.0,batch_5,0.5784000000000002,16.27945563933983,-2.1057465384740333,34.664657817153696,36.77040435562773,False,False,False,-2.524155639339829,2.524155639339829,0.0488300157444894,False,VERY_LOW,POINT_BELOW_LIMIT,0-10%
C08067,L5,ASIC,126.21,1.179,11.2399,12.2087,13.1228,14.2425,1.1544,1.2767,1.3891,1.531,Normal,50.0,batch_5,0.9688,22.74792439742061,4.362722219606752,41.13312657523448,36.770404355627726,False,False,False,-8.505424397420615,8.505424397420615,0.5395088938697492,True,MEDIUM,POINT_BELOW_LIMIT,50-60%
C08068,L5,ADC,124.77,1.809,11.7011,13.2977,16.5491,24.093,1.1825,1.4201,1.8011,2.7725,Latent_Defect,50.0,batch_5,1.5966000000000005,34.213910377976134,15.828708200162271,52.59911255579,36.77040435562773,False,True,False,-10.120910377976134,10.120910377976134,0.6209489221128198,True,MEDIUM,POINT_BELOW_LIMIT,60-70%
C08069,L5,ASIC,125.45,1.212,11.3707,11.8343,12.9871,14.2071,1.1289,1.2231,1.3892,1.4975,Normal,50.0,batch_5,0.4636000000000013,17.900377351388894,-0.484824826424969,36.28557952920276,36.770404355627726,False,False,False,-3.693277351388893,3.693277351388893,0.1466214752567693,False,VERY_LOW,POINT_BELOW_LIMIT,10-20%
C08070,L5,FPGA,124.46,1.107,11.6173,11.9012,13.3662,34.4087,1.2426,1.2538,1.4201,4.2341,Sudden_Anomaly,50.0,batch_5,0.2838999999999991,15.403056435714293,-2.9821457420995703,33.78825861352816,36.770404355627726,False,False,False,19.005643564285712,19.005643564285712,0.0748096065469904,False,VERY_LOW,POINT_BELOW_LIMIT,0-10%
C08071,L5,FPGA,124.58,1.118,10.9617,11.8619,12.4891,13.0317,1.1339,1.2429,1.3057,1.3559,Normal,50.0,batch_5,0.9001999999999999,17.96457197386781,-0.4206302039460539,36.34977415168167,36.770404355627726,False,False,False,-4.932871973867808,4.932871973867808,0.2133701065421002,False,LOW,POINT_BELOW_LIMIT,20-30%
C08072,L5,ADC,125.16,1.789,11.6053,11.8501,13.3156,14.7444,1.1997,1.2693,1.4029,1.5626,Normal,50.0,batch_5,0.2447999999999996,16.12881965654762,-2.256382521266243,34.514021834361486,36.77040435562773,False,False,False,-1.3844196565476192,1.3844196565476192,0.0853473276723276,False,VERY_LOW,POINT_BELOW_LIMIT,0-10%
C08073,L5,ADC,127.77,1.759,12.2062,13.6653,15.711,22.0474,1.2814,1.4552,1.6664,2.4664,Latent_Defect,50.0,batch_5,1.4590999999999994,33.864602690476175,15.479400512662313,52.24980486829004,36.77040435562773,False,True,False,-11.817202690476176,11.817202690476176,0.4985090384988545,False,MEDIUM,POINT_BELOW_LIMIT,40-50%
C08074,L5,ASIC,124.33,1.183,11.119,11.5928,15.8654,50.9357,1.1422,1.2216,1.6686,6.9228,Absolute_Failure,50.0,batch_5,0.4738000000000006,15.442686281870706,-2.9425158959431563,33.82788845968457,36.77040435562773,False,False,True,35.49301371812929,35.49301371812929,0.0613277611277611,False,VERY_LOW,POINT_BELOW_LIMIT,0-10%
C08075,L5,ASIC,126.02,1.176,11.451,12.303,13.3157,14.4046,1.223,1.2624,1.4541,1.5117,Normal,50.0,batch_5,0.8520000000000003,18.904738601388896,0.5195364235750333,37.28994077920276,36.770404355627726,False,False,False,-4.500138601388896,4.500138601388896,0.2648036063695504,False,LOW,POINT_BELOW_LIMIT,20-30%
C08076,L5,ASIC,124.55,1.199,11.9892,12.3095,12.9918,13.9462,1.2626,1.2976,1.3485,1.4634,Normal,50.0,batch_5,0.3202999999999996,14.065381191071424,-4.319820986742439,32.45058336888529,36.77040435562773,False,False,False,-0.1191811910714246,0.1191811910714246,0.011357387057387,False,VERY_LOW,POINT_BELOW_LIMIT,0-10%
C08077,L5,ASIC,125.56,1.18,11.127,11.8087,12.4198,12.8243,1.1676,1.1881,1.3421,1.3068,Normal,50.0,batch_5,0.6816999999999993,18.76411819077381,0.3789160129599516,37.14932036858768,36.77040435562773,False,False,False,-5.939818190773815,5.939818190773815,0.2742460688681155,False,LOW,POINT_BELOW_LIMIT,20-30%
C08078,L5,ADC,123.86,1.791,11.6087,12.791,14.2435,38.2989,1.2181,1.3525,1.5005,4.7781,Sudden_Anomaly,50.0,batch_5,1.1822999999999997,22.19233741647729,3.8071352386634274,40.57753959429115,36.770404355627726,False,False,False,16.106562583522713,16.106562583522713,0.3112592302059377,False,LOW,POINT_BELOW_LIMIT,30-40%
C08079,L5,DAC,125.02,1.81,12.4791,12.7902,13.6721,15.2239,1.3021,1.3503,1.4402,1.6124,Normal,50.0,batch_5,0.3110999999999997,14.16596253303571,-4.219239644778153,32.55116471084958,36.77040435562773,False,False,False,1.0579374669642905,1.0579374669642905,0.0023333333333333,False,VERY_LOW,POINT_BELOW_LIMIT,0-10%
C08080,L5,FPGA,125.51,1.089,11.3494,12.1085,13.2362,14.4433,1.16,1.2698,1.4136,1.5012,Normal,50.0,batch_5,0.7591000000000001,15.749763083829366,-2.6354390939844965,34.13496526164323,36.770404355627726,False,False,False,-1.3064630838293656,1.3064630838293656,0.0890106555784742,False,VERY_LOW,POINT_BELOW_LIMIT,0-10%
C08081,L5,DAC,125.91,1.814,11.4682,13.7423,18.7252,50.9645,1.2233,1.447,2.047,6.9614,Absolute_Failure,50.0,batch_5,2.2741000000000007,48.82255479107137,30.437352613257502,67.20775696888523,36.77040435562773,False,True,True,2.1419452089286324,2.1419452089286324,0.9189600107065278,True,HIGH,POINT_BELOW_LIMIT,90-100%
C08082,L5,ASIC,123.14,1.202,11.7294,13.0122,13.9649,15.0089,1.246,1.3868,1.4732,1.6416,Normal,50.0,batch_5,1.2828,26.88846263677156,8.503260458957694,45.273664814585416,36.77040435562772,False,False,False,-11.879562636771556,11.879562636771556,0.3220338806412257,False,LOW,POINT_BELOW_LIMIT,30-40%
C08083,L5,ASIC,125.23,1.212,11.971,12.1018,12.2301,12.4199,1.271,1.2519,1.2614,1.338,High_Stable,50.0,batch_5,0.1308000000000007,12.870665377876303,-5.514536799937559,31.25586755569017,36.770404355627726,False,False,False,-0.4507653778763032,0.4507653778763032,0.0236323953823953,False,VERY_LOW,POINT_BELOW_LIMIT,0-10%
C08084,L5,DAC,127.18,1.794,11.6714,13.3402,19.5116,51.2019,1.2378,1.3895,2.1188,6.9886,Absolute_Failure,50.0,batch_5,1.6687999999999992,32.48347020843251,14.098268030618645,50.86867238624637,36.77040435562773,False,True,True,18.71842979156749,18.71842979156749,0.5136699406211662,True,MEDIUM,POINT_BELOW_LIMIT,50-60%
C08085,L5,ADC,124.67,1.799,11.8812,13.2405,15.672,32.2607,1.2404,1.396,1.6784,3.8997,Sudden_Anomaly,50.0,batch_5,1.359300000000001,26.209717672321432,7.824515494507569,44.5949198501353,36.77040435562773,False,False,False,6.050982327678568,6.050982327678568,0.4174785351557351,False,MEDIUM,POINT_BELOW_LIMIT,40-50%
C08086,L5,DAC,125.12,1.797,11.6001,12.2705,14.4553,32.8031,1.2375,1.3353,1.554,3.9729,Sudden_Anomaly,50.0,batch_5,0.6704000000000008,17.471167974503967,-0.914034203309896,35.85637015231783,36.770404355627726,False,False,False,15.331932025496034,15.331932025496034,0.1166718315654074,False,VERY_LOW,POINT_BELOW_LIMIT,10-20%
C08087,L5,ADC,124.18,1.819,11.5163,12.0371,12.994,14.158,1.1656,1.2587,1.3634,1.5209,Normal,50.0,batch_5,0.5208000000000013,15.976831637042118,-2.4083705407717453,34.36203381485598,36.77040435562772,False,False,False,-1.818831637042118,1.818831637042118,0.0954585628423863,False,VERY_LOW,POINT_BELOW_LIMIT,0-10%
C08088,L5,ADC,124.82,1.813,12.0831,12.8687,13.3788,14.2496,1.2752,1.3396,1.3832,1.4998,Normal,50.0,batch_5,0.7856000000000005,16.451769773015883,-1.93343240479798,34.83697195082975,36.77040435562773,False,False,False,-2.202169773015884,2.202169773015884,0.0468614534588218,False,VERY_LOW,POINT_BELOW_LIMIT,0-10%
C08089,L5,DAC,125.36,1.813,11.3558,12.9106,14.9326,19.4185,1.1548,1.4051,1.6386,2.1513,Latent_Defect,50.0,batch_5,1.5548000000000002,35.10254096411436,16.7173387863005,53.48774314192822,36.77040435562772,False,True,False,-15.68404096411436,15.68404096411436,0.6614097309354472,True,MEDIUM,POINT_BELOW_LIMIT,60-70%
C08090,L5,DAC,124.56,1.827,11.5841,12.5781,12.922,14.0832,1.187,1.3088,1.3525,1.5141,Normal,50.0,batch_5,0.9939999999999998,19.880088347817463,1.4948861700035998,38.26529052563133,36.77040435562773,False,False,False,-5.796888347817463,5.796888347817463,0.2573127994102485,False,LOW,POINT_BELOW_LIMIT,20-30%
C08091,L5,FPGA,125.24,1.102,11.5816,13.2713,15.2846,19.9572,1.228,1.3851,1.6314,2.2246,Latent_Defect,50.0,batch_5,1.6897000000000002,32.429417952976166,14.044215775162304,50.81462013079003,36.77040435562773,False,True,False,-12.472217952976166,12.472217952976166,0.5801954222019237,True,MEDIUM,POINT_BELOW_LIMIT,50-60%
C08092,L5,ADC,124.8,1.806,12.0707,12.9658,14.0588,15.2323,1.2633,1.3338,1.5089,1.6193,Normal,50.0,batch_5,0.8950999999999993,17.11172486736111,-1.2734773104527513,35.49692704517497,36.77040435562772,False,False,False,-1.8794248673611111,1.8794248673611111,0.0650123812347496,False,VERY_LOW,POINT_BELOW_LIMIT,0-10%
C08093,L5,FPGA,125.84,1.082,11.1793,11.7407,12.7739,13.2561,1.1623,1.2152,1.368,1.4128,Normal,50.0,batch_5,0.5614000000000008,15.680403317057651,-2.7047988607562097,34.06560549487152,36.77040435562773,False,False,False,-2.424303317057653,2.424303317057653,0.1598509062157134,False,LOW,POINT_BELOW_LIMIT,10-20%
C08094,L5,ASIC,125.45,1.198,11.5099,12.3311,13.4895,13.7613,1.1979,1.3064,1.4201,1.481,Normal,50.0,batch_5,0.8211999999999993,16.707116969047622,-1.678085208766241,35.092319146861485,36.770404355627726,False,False,False,-2.945816969047621,2.945816969047621,0.1104740537756017,False,VERY_LOW,POINT_BELOW_LIMIT,10-20%
C08095,L5,ASIC,123.68,1.181,11.0166,11.3241,11.3121,11.2132,1.1646,1.1732,1.1412,1.1714,High_Stable,50.0,batch_5,0.3074999999999992,15.62515418663028,-2.760047991183584,34.01035636444414,36.770404355627726,False,False,False,-4.411954186630279,4.411954186630279,0.1746880382603293,False,LOW,POINT_BELOW_LIMIT,10-20%
C08096,L5,ASIC,124.71,1.199,11.4125,12.0835,12.1962,12.852,1.1862,1.2273,1.3001,1.333,Normal,50.0,batch_5,0.6710000000000012,15.51960974186508,-2.8655924359487823,33.90481191967894,36.770404355627726,False,False,False,-2.66760974186508,2.66760974186508,0.0263953823953823,False,VERY_LOW,POINT_BELOW_LIMIT,0-10%
C08097,L5,ADC,125.04,1.801,12.7684,12.8373,12.9773,12.7942,1.3669,1.3202,1.3662,1.288,High_Stable,50.0,batch_5,0.068900000000001,13.455256796428564,-4.9299453813852985,31.840458974242427,36.770404355627726,False,False,False,-0.6610567964285643,0.6610567964285643,0.0141555555555555,False,VERY_LOW,POINT_BELOW_LIMIT,0-10%
C08098,L5,ADC,123.73,1.774,11.1241,11.4309,12.5482,13.8413,1.1822,1.1336,1.3215,1.4711,Normal,50.0,batch_5,0.3067999999999991,16.46354700330085,-1.9216551745130133,34.84874918111471,36.770404355627726,False,False,False,-2.622247003300849,2.622247003300849,0.0488536574536574,False,VERY_LOW,POINT_BELOW_LIMIT,0-10%
C08099,L5,ASIC,125.81,1.198,11.5118,12.3806,12.6334,14.0742,1.1965,1.3047,1.3209,1.4848,Normal,50.0,batch_5,0.8688000000000002,18.97271214206349,0.5875099642496231,37.35791431987735,36.77040435562773,False,False,False,-4.898512142063487,4.898512142063487,0.087394958962606,False,VERY_LOW,POINT_BELOW_LIMIT,0-10%
C08100,L5,ASIC,124.26,1.186,11.3761,11.4613,11.6068,12.0224,1.1635,1.2289,1.2268,1.2676,High_Stable,50.0,batch_5,0.0852000000000003,14.161189277380956,-4.224012900432907,32.54639145519482,36.77040435562773,False,False,False,-2.1387892773809565,2.1387892773809565,0.0728430977519213,False,VERY_LOW,POINT_BELOW_LIMIT,0-10%
C08101,L5,FPGA,125.58,1.091,11.3206,11.6168,11.9373,13.5463,1.1738,1.2254,1.2353,1.4787,Normal,50.0,batch_5,0.2961999999999989,14.347469237499991,-4.0377329403138695,32.73267141531386,36.77040435562773,False,False,False,-0.8011692374999928,0.8011692374999928,0.0529082223332223,False,VERY_LOW,POINT_BELOW_LIMIT,0-10%
C08102,L5,ADC,125.36,1.812,11.5935,11.5748,11.5848,11.5024,1.2347,1.2237,1.1736,1.2149,High_Stable,50.0,batch_5,-0.0187000000000008,12.462210626488089,-5.922991551325774,30.847412804301957,36.770404355627726,False,False,False,-0.959810626488089,0.959810626488089,0.0315710678210678,False,VERY_LOW,POINT_BELOW_LIMIT,0-10%
C08103,L5,ADC,123.62,1.798,11.9861,13.7768,17.7786,21.7835,1.2526,1.484,1.9661,2.4065,Latent_Defect,50.0,batch_5,1.7906999999999993,36.86932039087301,18.484118213059144,55.25452256868687,36.77040435562772,False,True,False,-15.085820390873009,15.085820390873009,0.6468076899297337,True,MEDIUM,POINT_BELOW_LIMIT,60-70%
C08104,L5,FPGA,125.58,1.106,11.636,12.1867,12.7779,14.5141,1.1867,1.3137,1.3489,1.4932,Normal,50.0,batch_5,0.5507000000000009,16.385299189876125,-1.9999029879377372,34.77050136768999,36.770404355627726,False,False,False,-1.8711991898761264,1.8711991898761264,0.1803078729346895,False,LOW,POINT_BELOW_LIMIT,10-20%
C08105,L5,FPGA,125.93,1.094,11.8564,13.025,14.0074,14.5818,1.2769,1.3293,1.4678,1.5809,Normal,50.0,batch_5,1.1685999999999996,21.739868740178576,3.354666562364713,40.12507091799244,36.770404355627726,False,False,False,-7.158068740178576,7.158068740178576,0.3001897636853232,False,LOW,POINT_BELOW_LIMIT,30-40%
C08106,L5,ASIC,125.57,1.182,11.2977,12.5486,13.5993,14.6825,1.1739,1.3179,1.4521,1.5642,Normal,50.0,batch_5,1.2508999999999997,19.682593088194448,1.2973909103805852,38.06779526600831,36.770404355627726,False,False,False,-5.000093088194449,5.000093088194449,0.2154327088558827,False,LOW,POINT_BELOW_LIMIT,20-30%
C08107,L5,ASIC,124.83,1.231,11.0808,12.2475,12.4992,12.7214,1.1485,1.2527,1.3198,1.2858,Normal,50.0,batch_5,1.1667000000000003,21.3626415748786,2.9774393970647357,39.74784375269246,36.770404355627726,False,False,False,-8.641241574878599,8.641241574878599,0.242226498640952,False,LOW,POINT_BELOW_LIMIT,20-30%
C08108,L5,ASIC,123.58,1.201,11.0381,12.097,15.708,20.239,1.158,1.2675,1.6932,2.2593,Latent_Defect,50.0,batch_5,1.0588999999999995,19.58548243427579,1.2002802564619266,37.970684612089656,36.77040435562773,False,False,False,0.6535175657242114,0.6535175657242114,0.1783208991981901,False,LOW,POINT_BELOW_LIMIT,10-20%
C08109,L5,DAC,126.04,1.781,11.5419,12.3921,13.212,13.749,1.2042,1.3008,1.4352,1.4232,Normal,50.0,batch_5,0.8501999999999992,19.74480179940476,1.3595996215908954,38.13000397721862,36.770404355627726,False,False,False,-5.995801799404758,5.995801799404758,0.121284724371738,False,VERY_LOW,POINT_BELOW_LIMIT,10-20%
C08110,L5,FPGA,124.55,1.103,11.5711,11.9426,12.8146,13.8873,1.2229,1.3029,1.3027,1.4579,Normal,50.0,batch_5,0.371500000000001,15.834965154563502,-2.550237023250361,34.220167332377365,36.770404355627726,False,False,False,-1.9476651545635024,1.9476651545635024,0.0835749074999075,False,VERY_LOW,POINT_BELOW_LIMIT,0-10%
C08111,L5,DAC,124.5,1.811,11.7181,13.1785,16.1907,29.3323,1.2158,1.3875,1.7259,3.4705,Sudden_Anomaly,50.0,batch_5,1.4604,28.679574952739603,10.29437277492574,47.064777130553466,36.770404355627726,False,False,False,0.6527250472603967,0.6527250472603967,0.4852541971152342,False,MEDIUM,POINT_BELOW_LIMIT,40-50%
C08112,L5,DAC,124.89,1.793,12.2543,13.3821,14.1656,15.1768,1.3113,1.3781,1.5132,1.673,Normal,50.0,batch_5,1.1277999999999988,19.814755686047985,1.4295535082341218,38.19995786386185,36.770404355627726,False,False,False,-4.6379556860479845,4.6379556860479845,0.1001399222661297,False,VERY_LOW,POINT_BELOW_LIMIT,10-20%
C08113,L5,DAC,124.57,1.783,11.8864,12.8912,14.0291,14.6878,1.2319,1.3288,1.4859,1.565,Normal,50.0,batch_5,1.0047999999999997,18.165823927976188,-0.2193782498376748,36.55102610579005,36.770404355627726,False,False,False,-3.4780239279761886,3.4780239279761886,0.1099289713554418,False,VERY_LOW,POINT_BELOW_LIMIT,10-20%
C08114,L5,ADC,123.6,1.8,11.1338,12.629,14.1172,29.2991,1.1459,1.304,1.4784,3.4641,Sudden_Anomaly,50.0,batch_5,1.4951999999999988,35.27394816628792,16.888745988474053,53.659150344101775,36.77040435562772,False,True,False,-5.9748481662879165,5.9748481662879165,0.5998312210232426,True,MEDIUM,POINT_BELOW_LIMIT,50-60%
C08115,L5,FPGA,126.63,1.09,11.7958,12.1425,13.2817,14.629,1.2244,1.2665,1.4034,1.5546,Normal,50.0,batch_5,0.3467000000000002,16.029862058976455,-2.3553401188374075,34.415064236790315,36.77040435562772,False,False,False,-1.4008620589764558,1.4008620589764558,0.0635047146409375,False,VERY_LOW,POINT_BELOW_LIMIT,0-10%
C08116,L5,FPGA,124.42,1.102,11.187,12.3172,12.7431,13.5787,1.0953,1.3145,1.3633,1.4359,Normal,50.0,batch_5,1.1302000000000003,20.23676331598297,1.8515611381691064,38.62196549379684,36.77040435562773,False,False,False,-6.65806331598297,6.65806331598297,0.2454980103177807,False,LOW,POINT_BELOW_LIMIT,20-30%
C08117,L5,ADC,126.0,1.833,12.1199,13.396,14.3285,27.5967,1.2636,1.399,1.5457,3.2136,Sudden_Anomaly,50.0,batch_5,1.2761000000000011,23.486665490873005,5.101463313059142,41.87186766868687,36.770404355627726,False,False,False,4.110034509126994,4.110034509126994,0.2725468519904587,False,LOW,POINT_BELOW_LIMIT,20-30%
C08118,L5,ADC,122.83,1.784,10.9929,11.5779,12.4529,12.9115,1.174,1.2232,1.3134,1.3845,Normal,50.0,batch_5,0.5849999999999991,15.81960279807506,-2.565599379738803,34.20480497588892,36.77040435562772,False,False,False,-2.90810279807506,2.90810279807506,0.0612905316905317,False,VERY_LOW,POINT_BELOW_LIMIT,0-10%
C08119,L5,FPGA,125.48,1.088,11.0971,11.5971,12.4145,12.6423,1.1591,1.206,1.3318,1.3075,Normal,50.0,batch_5,0.5,14.390979089484128,-3.994223088329736,32.776181267297986,36.77040435562772,False,False,False,-1.748679089484126,1.748679089484126,0.0825418362007611,False,VERY_LOW,POINT_BELOW_LIMIT,0-10%
C08120,L5,ASIC,125.05,1.214,11.375,11.4244,11.4332,11.3333,1.2264,1.172,1.1611,1.166,High_Stable,50.0,batch_5,0.0494000000000003,12.681105169642851,-5.704097008171011,31.066307347456718,36.770404355627726,False,False,False,-1.347805169642852,1.347805169642852,0.0869407242515938,False,VERY_LOW,POINT_BELOW_LIMIT,0-10%
C08121,L5,DAC,124.84,1.824,11.9051,13.8313,19.5516,57.8291,1.2159,1.4634,2.207,8.1976,Absolute_Failure,50.0,batch_5,1.9262000000000012,44.06479362976185,25.67959145194799,62.44999580757572,36.77040435562773,False,True,True,13.764306370238144,13.764306370238144,0.8792577950942831,True,HIGH,POINT_BELOW_LIMIT,80-90%
C08122,L5,ADC,124.68,1.806,11.374,12.4593,13.1665,13.821,1.164,1.3295,1.432,1.4394,Normal,50.0,batch_5,1.0853000000000002,21.87226718214285,3.4870650043289864,40.25746935995672,36.77040435562773,False,False,False,-8.05126718214285,8.05126718214285,0.468682560508893,False,MEDIUM,POINT_BELOW_LIMIT,40-50%
C08123,L5,ASIC,126.27,1.212,10.919,11.8195,12.0717,12.8089,1.1397,1.2231,1.2938,1.328,Normal,50.0,batch_5,0.9004999999999992,17.596709455277754,-0.7884927225361089,35.98191163309161,36.77040435562772,False,False,False,-4.787809455277754,4.787809455277754,0.22663654786918,False,LOW,POINT_BELOW_LIMIT,20-30%
C08124,L5,FPGA,126.37,1.109,12.1885,13.8965,18.3719,54.3359,1.2905,1.4653,2.0393,7.5606,Absolute_Failure,50.0,batch_5,1.7080000000000002,32.544600620842346,14.159398443028484,50.92980279865621,36.77040435562773,False,True,True,21.791299379157657,21.791299379157657,0.5933349580238587,True,MEDIUM,POINT_BELOW_LIMIT,50-60%
C08125,L5,FPGA,125.01,1.113,11.4182,12.3901,13.1423,13.9061,1.2085,1.322,1.4299,1.466,Normal,50.0,batch_5,0.9718999999999998,22.85953073678595,4.474328558972086,41.24473291459981,36.77040435562772,False,False,False,-8.953430736785949,8.953430736785949,0.2478242223982026,False,LOW,POINT_BELOW_LIMIT,20-30%
C08126,L5,DAC,125.26,1.795,12.4222,12.4627,12.6768,12.9712,1.2944,1.3204,1.344,1.3338,High_Stable,50.0,batch_5,0.0404999999999997,13.0475012576389,-5.337700920174964,31.43270343545276,36.770404355627726,False,False,False,-0.0763012576388995,0.0763012576388995,0.0313953823953823,False,VERY_LOW,POINT_BELOW_LIMIT,0-10%
C08127,L5,DAC,125.34,1.796,13.2119,13.2112,13.5441,13.3884,1.3725,1.3778,1.4423,1.4496,High_Stable,50.0,batch_5,-0.0007000000000001,17.770579860317447,-0.6146223174964156,36.155782038131306,36.77040435562772,False,False,False,-4.382179860317446,4.382179860317446,0.2334812084200628,False,LOW,POINT_BELOW_LIMIT,20-30%
C08128,L5,FPGA,125.29,1.074,11.4447,12.1995,13.5246,14.2235,1.1779,1.2602,1.4631,1.5304,Normal,50.0,batch_5,0.7548000000000012,19.836166886309535,1.4509647084956754,38.2213690641234,36.770404355627726,False,False,False,-5.612666886309539,5.612666886309539,0.1891585442144938,False,LOW,POINT_BELOW_LIMIT,10-20%
C08129,L5,FPGA,126.32,1.098,11.5993,12.0316,15.7294,53.8263,1.2341,1.2085,1.7087,7.4057,Absolute_Failure,50.0,batch_5,0.4322999999999997,15.65907543688036,-2.726126740933504,34.044277614694224,36.770404355627726,False,False,True,38.167224563119646,38.167224563119646,0.0673866270383511,False,VERY_LOW,POINT_BELOW_LIMIT,0-10%
C08130,L5,ASIC,125.13,1.189,11.4866,13.4038,19.1504,52.9252,1.178,1.4448,2.1296,7.2794,Absolute_Failure,50.0,batch_5,1.917200000000001,35.300430737996045,16.915228560182182,53.685632915809904,36.77040435562772,False,True,True,17.62476926200395,17.62476926200395,0.737550206356576,True,MEDIUM,POINT_BELOW_LIMIT,70-80%
C08131,L5,ADC,124.17,1.779,11.9893,14.8514,23.7022,56.0237,1.2353,1.5913,2.7,7.8524,Absolute_Failure,50.0,batch_5,2.8621,54.54742771775792,36.16222553994406,72.93262989557178,36.77040435562772,True,True,True,1.4762722822420784,1.4762722822420784,0.989626364485188,True,HIGH,POINT_ABOVE_LIMIT,90-100%
C08132,L5,FPGA,125.9,1.118,11.4683,12.0905,12.3691,13.7655,1.2367,1.2292,1.3281,1.4151,Normal,50.0,batch_5,0.6222000000000012,17.13980543497295,-1.2453967428409136,35.52500761278681,36.77040435562772,False,False,False,-3.3743054349729498,3.3743054349729498,0.1930059880698504,False,LOW,POINT_BELOW_LIMIT,10-20%
C08133,L5,ADC,125.78,1.777,12.6774,12.8766,13.2148,13.4337,1.3645,1.3492,1.4021,1.4449,High_Stable,50.0,batch_5,0.1991999999999993,13.97134786994048,-4.413854307873384,32.35655004775434,36.770404355627726,False,False,False,-0.5376478699404785,0.5376478699404785,0.0246761904761904,False,VERY_LOW,POINT_BELOW_LIMIT,0-10%
C08134,L5,ASIC,124.17,1.189,11.6655,12.2794,13.2067,13.7003,1.2511,1.2941,1.3952,1.4473,Normal,50.0,batch_5,0.613900000000001,15.938057581746024,-2.4471445960678384,34.32325975955989,36.770404355627726,False,False,False,-2.237757581746024,2.237757581746024,0.0417470441323382,False,VERY_LOW,POINT_BELOW_LIMIT,0-10%
C08135,L5,ADC,124.04,1.793,11.9622,13.5728,19.4926,56.7371,1.247,1.4123,2.1272,7.9671,Absolute_Failure,50.0,batch_5,1.6106000000000016,39.27471520744049,20.889513029626624,57.659917385254346,36.77040435562772,False,True,True,17.46238479255951,17.46238479255951,0.6718660593336458,True,MEDIUM,POINT_BELOW_LIMIT,60-70%
C08136,L5,DAC,125.9,1.819,12.4721,13.3987,14.318,15.9096,1.325,1.4376,1.5235,1.6914,Normal,50.0,batch_5,0.9266000000000004,18.02375085982337,-0.3614513179904968,36.40895303763723,36.77040435562773,False,False,False,-2.1141508598233667,2.1141508598233667,0.1309892317585796,False,VERY_LOW,POINT_BELOW_LIMIT,10-20%
C08137,L5,FPGA,124.35,1.078,11.2199,11.6963,12.5886,13.1178,1.1564,1.2497,1.3196,1.3862,Normal,50.0,batch_5,0.4763999999999999,17.952225690827916,-0.4329764869859467,36.33742786864178,36.77040435562773,False,False,False,-4.834425690827915,4.834425690827915,0.2119727367833404,False,LOW,POINT_BELOW_LIMIT,20-30%
C08138,L5,ASIC,124.0,1.2,11.5564,12.4136,12.6788,13.0071,1.2324,1.2767,1.3249,1.3967,Normal,50.0,batch_5,0.8572000000000006,18.22626170450036,-0.1589404733135069,36.61146388231422,36.770404355627726,False,False,False,-5.219161704500356,5.219161704500356,0.0680601531255421,False,VERY_LOW,POINT_BELOW_LIMIT,0-10%
C08139,L5,DAC,126.87,1.814,11.8157,12.8542,14.0616,15.2473,1.2035,1.3276,1.4575,1.5999,Normal,50.0,batch_5,1.0385000000000009,20.313159390178555,1.927957212364692,38.69836156799242,36.77040435562773,False,False,False,-5.065859390178556,5.065859390178556,0.1434799936221628,False,VERY_LOW,POINT_BELOW_LIMIT,10-20%
C08140,L5,DAC,123.28,1.789,11.7541,13.0975,14.0427,14.6167,1.2066,1.3405,1.4765,1.5625,Normal,50.0,batch_5,1.3434000000000008,29.583768584821463,11.1985664070076,47.96897076263532,36.77040435562772,False,False,False,-14.967068584821464,14.967068584821464,0.4072921731544652,False,MEDIUM,POINT_BELOW_LIMIT,40-50%
C08141,L5,FPGA,124.89,1.126,11.9574,12.9794,13.8381,14.7592,1.2078,1.3926,1.4707,1.5732,Normal,50.0,batch_5,1.0220000000000002,19.55409523712537,1.168893059311511,37.93929741493923,36.77040435562772,False,False,False,-4.794895237125374,4.794895237125374,0.2420618926685354,False,LOW,POINT_BELOW_LIMIT,20-30%
C08142,L5,ASIC,124.8,1.174,12.3718,13.0653,14.1596,15.5007,1.2979,1.3689,1.534,1.6655,Normal,50.0,batch_5,0.6935000000000002,17.143184405357157,-1.2420177724567054,35.52838658317102,36.770404355627726,False,False,False,-1.6424844053571572,1.6424844053571572,0.0567830597507068,False,VERY_LOW,POINT_BELOW_LIMIT,0-10%
C08143,L5,ASIC,124.86,1.191,10.7739,11.7282,13.004,13.7607,1.1351,1.1746,1.3701,1.4432,Normal,50.0,batch_5,0.9543,15.06417852698414,-3.321023650829723,33.449380704798,36.770404355627726,False,False,False,-1.30347852698414,1.30347852698414,0.0872177704849976,False,VERY_LOW,POINT_BELOW_LIMIT,0-10%
C08144,L5,DAC,125.27,1.826,11.503,11.6952,12.5741,13.8351,1.1589,1.2451,1.3036,1.4647,Normal,50.0,batch_5,0.1921999999999997,14.718763343253965,-3.666438834559898,33.10396552106783,36.770404355627726,False,False,False,-0.8836633432539642,0.8836633432539642,0.0459122946953287,False,VERY_LOW,POINT_BELOW_LIMIT,0-10%
C08145,L5,ASIC,124.33,1.198,11.4954,12.8218,13.2905,13.8548,1.2223,1.3294,1.3947,1.4471,Normal,50.0,batch_5,1.3263999999999996,32.298293550198416,13.913091372384551,50.68349572801228,36.77040435562772,False,True,False,-18.44349355019842,18.44349355019842,0.4324477972092216,False,MEDIUM,POINT_BELOW_LIMIT,40-50%
C08146,L5,DAC,124.5,1.799,12.39,14.2418,18.1473,25.1347,1.3003,1.5669,2.0105,2.8828,Latent_Defect,50.0,batch_5,1.851799999999999,39.70716111428569,21.321958936471827,58.09236329209955,36.77040435562772,False,True,False,-14.57246111428569,14.57246111428569,0.8522134522248752,True,HIGH,POINT_BELOW_LIMIT,80-90%
C08147,L5,DAC,125.32,1.782,12.3697,12.3016,12.2424,12.8835,1.2781,1.3115,1.2734,1.3721,High_Stable,50.0,batch_5,-0.0680999999999993,12.91886391636904,-5.466338261444822,31.304066094182904,36.770404355627726,False,False,False,-0.0353639163690413,0.0353639163690413,0.0147614607614607,False,VERY_LOW,POINT_BELOW_LIMIT,0-10%
C08148,L5,ADC,123.55,1.799,11.9411,12.3586,12.4607,12.3391,1.2441,1.3141,1.3339,1.262,High_Stable,50.0,batch_5,0.4174999999999986,15.307539097122996,-3.0776630806908667,33.69274127493686,36.770404355627726,False,False,False,-2.968439097122996,2.968439097122996,0.0337237154150197,False,VERY_LOW,POINT_BELOW_LIMIT,0-10%
C08149,L5,ASIC,125.46,1.188,11.5662,12.3926,17.6405,58.1787,1.1791,1.2943,1.9242,8.2091,Absolute_Failure,50.0,batch_5,0.8263999999999996,15.949305409965731,-2.435896767848132,34.3345075877796,36.77040435562773,False,False,True,42.22939459003427,42.22939459003427,0.0784849337796706,False,VERY_LOW,POINT_BELOW_LIMIT,0-10%
C08150,L5,ASIC,124.0,1.225,12.1782,12.4216,12.7549,12.6286,1.2526,1.3548,1.3474,1.3377,High_Stable,50.0,batch_5,0.2433999999999994,14.804131110615083,-3.5810710671987795,33.18933328842895,36.770404355627726,False,False,False,-2.1755311106150828,2.1755311106150828,0.0099816017316017,False,VERY_LOW,POINT_BELOW_LIMIT,0-10%
C08151,L5,DAC,125.2,1.819,12.021,12.701,13.212,14.8217,1.2745,1.3371,1.362,1.5647,Normal,50.0,batch_5,0.6799999999999997,19.43123044037697,1.0460282625631123,37.81643261819084,36.770404355627726,False,False,False,-4.609530440376975,4.609530440376975,0.1672476360472658,False,LOW,POINT_BELOW_LIMIT,10-20%
C08152,L5,DAC,124.75,1.831,11.9657,12.6316,13.31,13.669,1.2239,1.3268,1.4009,1.4418,Normal,50.0,batch_5,0.6659000000000006,19.147149317956345,0.7619471401424818,37.53235149577021,36.770404355627726,False,False,False,-5.478149317956344,5.478149317956344,0.2452050409342977,False,LOW,POINT_BELOW_LIMIT,20-30%
C08153,L5,ADC,125.1,1.809,12.3647,13.1276,13.1578,14.2342,1.2817,1.3529,1.3953,1.5138,Normal,50.0,batch_5,0.7629000000000001,19.99667828835201,1.6114761105381454,38.38188046616587,36.77040435562772,False,False,False,-5.762478288352009,5.762478288352009,0.0460733840428577,False,VERY_LOW,POINT_BELOW_LIMIT,0-10%
C08154,L5,FPGA,125.73,1.112,11.9066,13.2069,15.2704,36.9001,1.2826,1.3813,1.5795,4.587,Sudden_Anomaly,50.0,batch_5,1.3003,20.73049298333335,2.345290805519486,39.115695161147215,36.77040435562773,False,False,False,16.169607016666653,16.169607016666653,0.3218536915842739,False,LOW,POINT_BELOW_LIMIT,30-40%
C08155,L5,ASIC,124.42,1.205,12.011,13.3875,14.7886,35.4524,1.2653,1.4096,1.594,4.3952,Sudden_Anomaly,50.0,batch_5,1.3765,34.81673441359124,16.43153223577738,53.2019365914051,36.77040435562772,False,True,False,0.6356655864087557,0.6356655864087557,0.5529976248007537,True,MEDIUM,POINT_BELOW_LIMIT,50-60%
C08156,L5,ADC,124.72,1.796,11.6279,12.8759,12.8854,13.9022,1.2357,1.3516,1.3614,1.5642,Normal,50.0,batch_5,1.247999999999999,23.84803199047618,5.462829812662317,42.23323416829004,36.77040435562772,False,False,False,-9.94583199047618,9.94583199047618,0.336846584662253,False,LOW,POINT_BELOW_LIMIT,30-40%
C08157,L5,ADC,124.81,1.811,11.6866,12.1697,13.0847,13.2015,1.223,1.2468,1.3839,1.3873,Normal,50.0,batch_5,0.4831000000000003,17.162331489646466,-1.2228706881673972,35.54753366746033,36.770404355627726,False,False,False,-3.960831489646466,3.960831489646466,0.0958944256723668,False,VERY_LOW,POINT_BELOW_LIMIT,0-10%
C08158,L5,ASIC,125.03,1.222,11.2641,13.2409,16.9358,21.3481,1.1277,1.3824,1.8114,2.4054,Latent_Defect,50.0,batch_5,1.9768000000000008,47.01034295575397,28.625140777940107,65.39554513356784,36.77040435562773,False,True,False,-25.66224295575397,25.66224295575397,0.9354030256409216,True,HIGH,POINT_BELOW_LIMIT,90-100%
C08159,L5,DAC,123.94,1.818,12.0762,12.016,11.9708,12.3985,1.2568,1.2411,1.2587,1.2881,High_Stable,50.0,batch_5,-0.0602,12.76366661335678,-5.621535564457084,31.14886879117064,36.770404355627726,False,False,False,-0.365166613356779,0.365166613356779,0.026181746031746,False,VERY_LOW,POINT_BELOW_LIMIT,0-10%
C08160,L5,ASIC,124.79,1.204,11.7619,13.0012,14.1463,37.0363,1.2324,1.3585,1.4831,4.6044,Sudden_Anomaly,50.0,batch_5,1.2393,25.963564287725443,7.5783621099115805,44.348766465539306,36.770404355627726,False,False,False,11.072735712274554,11.072735712274554,0.518473830243546,True,MEDIUM,POINT_BELOW_LIMIT,50-60%
C08161,L5,FPGA,125.02,1.097,11.8436,12.1113,12.3234,12.3068,1.2591,1.2518,1.3005,1.2385,High_Stable,50.0,batch_5,0.2676999999999996,14.95488685894659,-3.4303153188672724,33.34008903676045,36.770404355627726,False,False,False,-2.6480868589465896,2.6480868589465896,0.0116659879336349,False,VERY_LOW,POINT_BELOW_LIMIT,0-10%
C08162,L5,ADC,124.35,1.795,12.1845,12.8738,14.3381,15.2711,1.2834,1.3491,1.4982,1.6031,Normal,50.0,batch_5,0.6892999999999994,17.401914066269825,-0.983288111544038,35.78711624408369,36.77040435562773,False,False,False,-2.1308140662698243,2.1308140662698243,0.0524471028971028,False,VERY_LOW,POINT_BELOW_LIMIT,0-10%
C08163,L5,ASIC,124.65,1.206,11.2769,11.7275,12.0803,12.763,1.1366,1.2224,1.2652,1.3178,Normal,50.0,batch_5,0.4505999999999996,16.615961506249995,-1.7692406715638676,35.001163684063854,36.77040435562772,False,False,False,-3.8529615062499953,3.8529615062499953,0.1843674487852675,False,LOW,POINT_BELOW_LIMIT,10-20%
C08164,L5,ADC,124.2,1.818,11.907,13.4804,16.1824,31.2226,1.2767,1.4185,1.745,3.7372,Sudden_Anomaly,50.0,batch_5,1.5733999999999997,44.67075453035714,26.28555235254328,63.05595670817101,36.77040435562773,False,True,False,-13.448154530357144,13.448154530357144,0.8162161272563305,True,HIGH,POINT_BELOW_LIMIT,80-90%
C08165,L5,FPGA,125.95,1.094,11.2804,11.5425,12.4551,13.0421,1.1801,1.1658,1.2325,1.3786,Normal,50.0,batch_5,0.2621000000000002,14.376924367018391,-4.008277810795471,32.762126544832256,36.770404355627726,False,False,False,-1.334824367018392,1.334824367018392,0.0560565730451179,False,VERY_LOW,POINT_BELOW_LIMIT,0-10%
C08166,L5,ASIC,124.38,1.209,11.5883,11.8019,12.3703,12.5903,1.1999,1.2279,1.2883,1.3542,High_Stable,50.0,batch_5,0.2135999999999995,14.163528294074672,-4.221673883739191,32.54873047188853,36.770404355627726,False,False,False,-1.5732282940746725,1.5732282940746725,0.0049742424242424,False,VERY_LOW,POINT_BELOW_LIMIT,0-10%
C08167,L5,ASIC,124.81,1.172,11.8911,11.7626,11.7876,11.9754,1.2548,1.2177,1.2136,1.1905,High_Stable,50.0,batch_5,-0.1284999999999989,12.315784889339826,-6.069417288474037,30.70098706715369,36.770404355627726,False,False,False,-0.3403848893398251,0.3403848893398251,0.0070285714285714,False,VERY_LOW,POINT_BELOW_LIMIT,0-10%
C08168,L5,FPGA,125.56,1.099,12.1905,13.451,14.5373,14.6812,1.2553,1.4173,1.5729,1.5447,Normal,50.0,batch_5,1.2605000000000004,21.323326499305555,2.938124321491692,39.70852867711942,36.770404355627726,False,False,False,-6.642126499305554,6.642126499305554,0.0920992953995895,False,VERY_LOW,POINT_BELOW_LIMIT,0-10%
C08169,L5,ADC,122.61,1.798,11.6168,12.5941,13.4279,13.8109,1.2155,1.3085,1.4302,1.4514,Normal,50.0,batch_5,0.9772999999999996,22.84796325773809,4.462761079924231,41.23316543555195,36.77040435562772,False,False,False,-9.037063257738094,9.037063257738094,0.3398032672413508,False,LOW,POINT_BELOW_LIMIT,30-40%
C08170,L5,FPGA,126.16,1.126,11.7083,12.6188,13.2809,14.2624,1.2035,1.3258,1.4212,1.5802,Normal,50.0,batch_5,0.9105000000000008,16.70991975951479,-1.6752824182990729,35.095121937328656,36.77040435562773,False,False,False,-2.4475197595147904,2.4475197595147904,0.0641423976023976,False,VERY_LOW,POINT_BELOW_LIMIT,0-10%
C08171,L5,FPGA,124.92,1.102,12.1224,12.28,12.3983,12.5174,1.2675,1.2688,1.322,1.2884,High_Stable,50.0,batch_5,0.1575999999999986,13.208867658333334,-5.176334519480529,31.5940698361472,36.770404355627726,False,False,False,-0.6914676583333339,0.6914676583333339,0.0030333333333333,False,VERY_LOW,POINT_BELOW_LIMIT,0-10%
C08172,L5,DAC,125.59,1.833,11.3667,11.9426,12.5384,12.8952,1.1595,1.3023,1.3441,1.344,Normal,50.0,batch_5,0.5759000000000007,18.605195158928574,0.2199929811147107,36.99039733674243,36.77040435562772,False,False,False,-5.709995158928573,5.709995158928573,0.2199025190787883,False,LOW,POINT_BELOW_LIMIT,20-30%
C08173,L5,ADC,124.01,1.813,11.6853,12.0024,11.9884,11.5395,1.2236,1.296,1.2284,1.2172,High_Stable,50.0,batch_5,0.3170999999999999,16.769196297229843,-1.6160058805840194,35.154398475043706,36.770404355627726,False,False,False,-5.229696297229843,5.229696297229843,0.0449671749818808,False,VERY_LOW,POINT_BELOW_LIMIT,0-10%
C08174,L5,DAC,124.47,1.788,12.4292,13.0363,14.2696,15.3618,1.2937,1.3633,1.5291,1.6228,Normal,50.0,batch_5,0.6071000000000009,16.361469872817466,-2.023732304996397,34.74667205063133,36.77040435562773,False,False,False,-0.9996698728174652,0.9996698728174652,0.0355141969141969,False,VERY_LOW,POINT_BELOW_LIMIT,0-10%
C08175,L5,FPGA,123.71,1.115,11.5456,12.5145,13.4111,14.3462,1.2832,1.3543,1.4025,1.5321,Normal,50.0,batch_5,0.9688999999999997,17.714640014903146,-0.6705621629107164,36.099842192717006,36.77040435562772,False,False,False,-3.368440014903147,3.368440014903147,0.108770492957335,False,VERY_LOW,POINT_BELOW_LIMIT,10-20%
C08176,L5,ASIC,125.58,1.192,11.6496,13.6774,16.6595,21.6573,1.1598,1.4144,1.8032,2.4225,Latent_Defect,50.0,batch_5,2.027800000000001,45.17735929434527,26.79215711653141,63.56256147215913,36.77040435562772,False,True,False,-23.520059294345277,23.520059294345277,0.8798718577668165,True,HIGH,POINT_BELOW_LIMIT,80-90%
C08177,L5,ASIC,124.09,1.189,10.9635,11.5441,12.1883,12.2897,1.1478,1.1871,1.2842,1.2843,Normal,50.0,batch_5,0.5806000000000004,15.901617022321425,-2.48358515549244,34.286819200135284,36.770404355627726,False,False,False,-3.611917022321423,3.611917022321423,0.0403123249299719,False,VERY_LOW,POINT_BELOW_LIMIT,0-10%
C08178,L5,ASIC,125.16,1.226,12.0267,13.0926,19.3232,52.6125,1.2828,1.3562,2.1205,7.2118,Absolute_Failure,50.0,batch_5,1.0658999999999992,19.938418678075397,1.5532165002615308,38.32362085588926,36.77040435562773,False,False,True,32.674081321924604,32.674081321924604,0.049564645615822,False,VERY_LOW,POINT_BELOW_LIMIT,0-10%
C08179,L5,ADC,125.67,1.808,11.8214,12.8918,13.0612,13.7477,1.248,1.3466,1.39,1.4469,Normal,50.0,batch_5,1.0703999999999994,18.075726195932543,-0.3094759818813166,36.46092837374641,36.77040435562773,False,False,False,-4.328026195932546,4.328026195932546,0.0661514128681775,False,VERY_LOW,POINT_BELOW_LIMIT,0-10%
C08180,L5,FPGA,125.89,1.081,11.4046,12.6489,16.9842,58.0325,1.1776,1.3197,1.8398,8.2339,Absolute_Failure,50.0,batch_5,1.244299999999999,19.30135718708513,0.916155009271268,37.686559364899,36.77040435562773,False,False,True,38.73114281291487,38.73114281291487,0.1749680659685581,False,LOW,POINT_BELOW_LIMIT,10-20%
C08181,L5,FPGA,125.05,1.103,11.386,12.1126,12.8334,14.4049,1.1572,1.2762,1.3258,1.5104,Normal,50.0,batch_5,0.7266000000000012,17.277572782638885,-1.1076293951749785,35.66277496045275,36.77040435562773,False,False,False,-2.872672782638885,2.872672782638885,0.2045640859789816,False,LOW,POINT_BELOW_LIMIT,20-30%
C08182,L5,FPGA,125.06,1.124,11.7292,12.5324,13.0532,14.1337,1.2212,1.3258,1.3805,1.5002,Normal,50.0,batch_5,0.8032000000000004,17.603753756845233,-0.7814484209686299,35.988955934659096,36.770404355627726,False,False,False,-3.4700537568452337,3.4700537568452337,0.0880512070346906,False,VERY_LOW,POINT_BELOW_LIMIT,0-10%
C08183,L5,ADC,124.45,1.812,11.8229,13.8485,17.4803,22.4733,1.1493,1.4568,1.9025,2.5348,Latent_Defect,50.0,batch_5,2.025599999999999,44.31865288214284,25.933450704328973,62.703855059956695,36.77040435562772,False,True,False,-21.84535288214284,21.84535288214284,0.8851068338277941,True,HIGH,POINT_BELOW_LIMIT,80-90%
C08184,L5,DAC,125.52,1.792,12.0993,13.8464,17.8813,21.6899,1.2615,1.4422,1.9686,2.4594,Latent_Defect,50.0,batch_5,1.7470999999999997,38.096948785588005,19.711746607774145,56.48215096340186,36.77040435562772,False,True,False,-16.407048785588003,16.407048785588003,0.7199300451771222,True,MEDIUM,POINT_BELOW_LIMIT,70-80%
C08185,L5,FPGA,124.69,1.121,11.4291,12.329,13.2375,14.9425,1.2175,1.2854,1.3846,1.609,Normal,50.0,batch_5,0.8999000000000006,16.82821163897215,-1.5569905388417131,35.213413816786016,36.77040435562773,False,False,False,-1.8857116389721489,1.8857116389721489,0.103801153911448,False,VERY_LOW,POINT_BELOW_LIMIT,10-20%
C08186,L5,ASIC,123.3,1.202,11.8558,12.3861,13.2975,14.3712,1.2095,1.2819,1.3723,1.5609,Normal,50.0,batch_5,0.5303000000000004,15.641543484861293,-2.743658692952572,34.026745662675154,36.770404355627726,False,False,False,-1.2703434848612911,1.2703434848612911,0.0670727281669737,False,VERY_LOW,POINT_BELOW_LIMIT,0-10%
C08187,L5,FPGA,124.5,1.081,11.7579,12.9356,13.752,14.874,1.236,1.401,1.4397,1.5651,Normal,50.0,batch_5,1.1777000000000015,21.01704597177128,2.631843793957419,39.40224814958515,36.77040435562773,False,False,False,-6.143045971771281,6.143045971771281,0.3603701853101942,False,LOW,POINT_BELOW_LIMIT,30-40%
C08188,L5,ASIC,124.27,1.219,11.4857,12.7406,13.5753,14.1634,1.1868,1.3104,1.4471,1.5045,Normal,50.0,batch_5,1.254900000000001,23.818937356051595,5.4337351782377326,42.20413953386546,36.770404355627726,False,False,False,-9.655537356051596,9.655537356051596,0.2419332675726032,False,LOW,POINT_BELOW_LIMIT,20-30%
C08189,L5,ASIC,123.25,1.205,11.2125,11.3644,11.3319,11.7054,1.1671,1.1991,1.1823,1.2423,High_Stable,50.0,batch_5,0.1518999999999994,18.694400648710307,0.3091984708964439,37.079602826524166,36.77040435562772,False,False,False,-6.989000648710308,6.989000648710308,0.1934039344074509,False,LOW,POINT_BELOW_LIMIT,10-20%
C08190,L5,DAC,124.76,1.797,11.8801,12.7605,13.0955,14.0535,1.2011,1.3593,1.3729,1.512,Normal,50.0,batch_5,0.8803999999999998,17.113643550992045,-1.2715586268218182,35.498845728805904,36.77040435562772,False,False,False,-3.060143550992045,3.060143550992045,0.1176604459810342,False,VERY_LOW,POINT_BELOW_LIMIT,10-20%
C08191,L5,ADC,123.67,1.795,11.4002,12.4961,13.2643,14.2573,1.1365,1.3182,1.3971,1.4986,Normal,50.0,batch_5,1.0959000000000003,21.58370110873016,3.198498930916294,39.96890328654402,36.770404355627726,False,False,False,-7.326401108730156,7.326401108730156,0.3182291951516273,False,LOW,POINT_BELOW_LIMIT,30-40%
C08192,L5,ASIC,125.28,1.164,11.9344,12.553,13.0468,14.1642,1.2511,1.3605,1.3891,1.4982,Normal,50.0,batch_5,0.6186000000000007,17.80504928134922,-0.580152896464643,36.19025145916308,36.77040435562772,False,False,False,-3.6408492813492206,3.6408492813492206,0.0647102647352647,False,VERY_LOW,POINT_BELOW_LIMIT,0-10%
C08193,L5,DAC,123.98,1.824,11.8891,12.5971,13.0749,13.1866,1.2673,1.2618,1.3487,1.4117,Normal,50.0,batch_5,0.7080000000000002,18.729029177777782,0.3438269999639196,37.11423135559164,36.77040435562772,False,False,False,-5.542429177777782,5.542429177777782,0.1340878391048535,False,VERY_LOW,POINT_BELOW_LIMIT,10-20%
C08194,L5,ASIC,125.98,1.217,11.9646,13.9107,19.1932,50.4808,1.2763,1.499,2.1145,6.8755,Absolute_Failure,50.0,batch_5,1.9460999999999995,38.09030627440477,19.70510409659091,56.47550845221864,36.77040435562772,False,True,True,12.390493725595228,12.390493725595228,0.7534176192518679,True,HIGH,POINT_BELOW_LIMIT,70-80%
C08195,L5,FPGA,123.86,1.069,11.4576,12.5769,13.7494,14.981,1.1873,1.2933,1.4257,1.5654,Normal,50.0,batch_5,1.1193000000000008,21.151622880654777,2.7664207028409145,39.53682505846864,36.77040435562772,False,False,False,-6.170622880654777,6.170622880654777,0.2703321470187129,False,LOW,POINT_BELOW_LIMIT,20-30%
C08196,L5,FPGA,125.56,1.109,11.6002,13.0123,14.7609,21.5066,1.2448,1.3772,1.5794,2.3929,Latent_Defect,50.0,batch_5,1.4121000000000006,26.947988100216424,8.562785922402561,45.33319027803029,36.770404355627726,False,False,False,-5.441388100216425,5.441388100216425,0.4255721833329617,False,MEDIUM,POINT_BELOW_LIMIT,40-50%
C08197,L5,ADC,124.85,1.806,12.0792,12.4975,14.0116,15.0544,1.265,1.328,1.4782,1.6317,Normal,50.0,batch_5,0.4183000000000003,17.43465174533729,-0.9505504324765716,35.81985392315116,36.77040435562773,False,False,False,-2.380251745337292,2.380251745337292,0.0144235209235209,False,VERY_LOW,POINT_BELOW_LIMIT,0-10%
C08198,L5,ASIC,124.88,1.196,11.3975,12.5651,12.9382,15.0434,1.1853,1.3489,1.3821,1.615,Normal,50.0,batch_5,1.1675999999999984,21.393469694303477,3.00826751648961,39.778671872117336,36.770404355627726,False,False,False,-6.350069694303473,6.350069694303473,0.1830421373174467,False,LOW,POINT_BELOW_LIMIT,10-20%
C08199,L5,FPGA,125.16,1.102,11.4499,12.5856,13.2539,13.7694,1.2539,1.3114,1.4606,1.425,Normal,50.0,batch_5,1.1357,19.60772197110597,1.2225197932921112,37.99292414891984,36.77040435562773,False,False,False,-5.838321971105975,5.838321971105975,0.1159420437774785,False,VERY_LOW,POINT_BELOW_LIMIT,10-20%
C08200,L5,ADC,125.78,1.801,11.8181,13.045,14.2105,15.6595,1.2298,1.3929,1.5088,1.7091,Normal,50.0,batch_5,1.2269000000000003,20.528343861706357,2.143141683892491,38.91354603952021,36.77040435562772,False,False,False,-4.868843861706354,4.868843861706354,0.2954667189011651,False,LOW,POINT_BELOW_LIMIT,20-30%
C08201,L5,DAC,125.2,1.791,11.5153,12.7006,16.6035,22.2093,1.1985,1.3524,1.8007,2.4862,Latent_Defect,50.0,batch_5,1.1852999999999998,19.193450342834264,0.8082481650204016,37.57865252064813,36.770404355627726,False,False,False,3.0158496571657345,3.0158496571657345,0.1718522026081186,False,LOW,POINT_BELOW_LIMIT,10-20%
C08202,L5,ADC,123.85,1.786,11.9662,13.5243,17.328,22.2779,1.2084,1.4568,1.9319,2.5049,Latent_Defect,50.0,batch_5,1.5580999999999996,36.62090369940474,18.23570152159088,55.0061058772186,36.77040435562772,False,True,False,-14.343003699404743,14.343003699404743,0.5689925860070442,True,MEDIUM,POINT_BELOW_LIMIT,50-60%
C08203,L5,ADC,122.94,1.783,11.9417,12.5658,12.9223,13.6677,1.2204,1.3334,1.3315,1.4153,Normal,50.0,batch_5,0.6240999999999985,19.78066163476731,1.3954594569534464,38.16586381258117,36.770404355627726,False,False,False,-6.112961634767309,6.112961634767309,0.1803557031779335,False,LOW,POINT_BELOW_LIMIT,10-20%
C08204,L5,ASIC,125.07,1.189,11.4328,11.381,12.1923,13.4432,1.1866,1.2027,1.2839,1.4271,Normal,50.0,batch_5,-0.0518,11.892946978869045,-6.492255198944818,30.278149156682908,36.770404355627726,False,False,False,1.5502530211309544,1.5502530211309544,0.0175863247863247,False,VERY_LOW,POINT_BELOW_LIMIT,0-10%
C08205,L5,ASIC,124.02,1.205,12.1162,13.3123,13.9096,15.0958,1.2628,1.4418,1.4751,1.5986,Normal,50.0,batch_5,1.1961000000000013,21.29278403630954,2.9075818584956785,39.67798621412341,36.77040435562773,False,False,False,-6.196984036309541,6.196984036309541,0.1402917177554286,False,VERY_LOW,POINT_BELOW_LIMIT,10-20%
C08206,L5,ADC,124.2,1.813,11.1761,13.2483,20.0006,51.3878,1.1219,1.3967,2.1929,7.0123,Absolute_Failure,50.0,batch_5,2.0722000000000005,49.8237399952228,31.43853781740893,68.20894217303666,36.77040435562773,False,True,True,1.564060004777204,1.564060004777204,0.9438141127739258,True,HIGH,POINT_BELOW_LIMIT,90-100%
C08207,L5,ADC,126.37,1.783,11.8714,13.0803,15.8025,40.0935,1.2719,1.3966,1.7321,5.0739,Sudden_Anomaly,50.0,batch_5,1.2089,22.08198048869048,3.696778310876617,40.46718266650434,36.770404355627726,False,False,False,18.01151951130952,18.01151951130952,0.3388586776666227,False,LOW,POINT_BELOW_LIMIT,30-40%
C08208,L5,ADC,126.18,1.808,11.4349,12.3833,13.2007,13.8982,1.1914,1.3028,1.3557,1.5372,Normal,50.0,batch_5,0.9483999999999996,23.825479673313502,5.440277495499643,42.21068185112737,36.770404355627726,False,False,False,-9.927279673313508,9.927279673313508,0.3906424098779511,False,LOW,POINT_BELOW_LIMIT,30-40%
C08209,L5,FPGA,125.97,1.102,11.7113,12.6431,13.6176,13.7933,1.2166,1.3225,1.4644,1.4594,Normal,50.0,batch_5,0.9318000000000008,16.51586206775793,-1.8693401100559333,34.90106424557179,36.77040435562772,False,False,False,-2.722562067757929,2.722562067757929,0.0888036927125162,False,VERY_LOW,POINT_BELOW_LIMIT,0-10%
C08210,L5,ADC,124.17,1.814,12.2831,12.3609,12.411,12.5446,1.3547,1.2973,1.2812,1.3269,High_Stable,50.0,batch_5,0.0778000000000016,13.317886427227627,-5.067315750586234,31.703088605041494,36.770404355627726,False,False,False,-0.7732864272276281,0.7732864272276281,0.0116738095238095,False,VERY_LOW,POINT_BELOW_LIMIT,0-10%
C08211,L5,ASIC,126.26,1.195,11.4959,12.7768,15.5228,37.3916,1.1701,1.3499,1.6447,4.6758,Sudden_Anomaly,50.0,batch_5,1.280899999999999,24.75583522777986,6.370633049965996,43.14103740559372,36.770404355627726,False,False,False,12.635764772220138,12.635764772220138,0.3435441361445868,False,LOW,POINT_BELOW_LIMIT,30-40%
C08212,L5,ADC,124.69,1.786,11.8391,12.8092,13.7847,14.3628,1.2228,1.3247,1.5014,1.5349,Normal,50.0,batch_5,0.9701000000000004,16.65539595555557,-1.7298062222582935,35.04059813336943,36.77040435562772,False,False,False,-2.2925959555555693,2.2925959555555693,0.055783583083583,False,VERY_LOW,POINT_BELOW_LIMIT,0-10%
C08213,L5,ADC,125.03,1.822,12.252,13.2318,13.5881,14.6824,1.3323,1.3775,1.4121,1.5455,Normal,50.0,batch_5,0.9797999999999992,20.75443414910717,2.3692319712933028,39.13963632692103,36.770404355627726,False,False,False,-6.072034149107166,6.072034149107166,0.1426328011170115,False,VERY_LOW,POINT_BELOW_LIMIT,10-20%
C08214,L5,FPGA,123.85,1.101,11.2514,11.4556,12.2398,12.5329,1.1663,1.2023,1.2448,1.2918,Normal,50.0,batch_5,0.2042000000000001,19.560481138789704,1.1752789609758416,37.94568331660357,36.77040435562772,False,False,False,-7.027581138789705,7.027581138789705,0.1839219413226773,False,LOW,POINT_BELOW_LIMIT,10-20%
C08215,L5,FPGA,125.72,1.095,11.0955,12.3996,19.3365,54.1865,1.1665,1.3041,2.1295,7.487,Absolute_Failure,50.0,batch_5,1.3041,29.99879479286615,11.613592615052289,48.383996970680016,36.77040435562773,False,False,True,24.187705207133853,24.187705207133853,0.3945915343983327,False,LOW,POINT_BELOW_LIMIT,30-40%
C08216,L5,ASIC,125.6,1.193,11.7442,11.9734,12.0883,11.9428,1.2359,1.2334,1.254,1.2095,High_Stable,50.0,batch_5,0.2292000000000005,14.036070777335851,-4.34913140047801,32.42127295514972,36.770404355627726,False,False,False,-2.093270777335853,2.093270777335853,0.0259966089466089,False,VERY_LOW,POINT_BELOW_LIMIT,0-10%
C08217,L5,FPGA,125.75,1.09,11.8077,12.4186,15.3514,40.2368,1.2329,1.3138,1.6693,5.1137,Sudden_Anomaly,50.0,batch_5,0.6108999999999991,17.05852050169775,-1.326681676116113,35.44372267951161,36.77040435562772,False,False,False,23.178279498302253,23.178279498302253,0.106468753398155,False,VERY_LOW,POINT_BELOW_LIMIT,10-20%
C08218,L5,ASIC,127.07,1.196,11.1423,11.5618,12.2819,13.6896,1.1912,1.2036,1.3096,1.4173,Normal,50.0,batch_5,0.4194999999999993,15.6376530777868,-2.747549100027061,34.02285525560066,36.77040435562772,False,False,False,-1.9480530777868008,1.9480530777868008,0.0467321289821289,False,VERY_LOW,POINT_BELOW_LIMIT,0-10%
C08219,L5,ASIC,124.77,1.204,11.4851,12.0763,13.1954,13.4713,1.2302,1.2482,1.3758,1.4479,Normal,50.0,batch_5,0.5912000000000006,17.790883973737376,-0.5943182040764867,36.17608615155124,36.770404355627726,False,False,False,-4.319583973737377,4.319583973737377,0.1358563714063713,False,VERY_LOW,POINT_BELOW_LIMIT,10-20%
C08220,L5,ADC,124.04,1.772,12.193,13.4071,18.233,22.3994,1.2943,1.4367,2.0017,2.5243,Latent_Defect,50.0,batch_5,1.2141000000000002,21.939665437932906,3.55446326011904,40.32486761574677,36.77040435562773,False,False,False,0.4597345620670978,0.4597345620670978,0.1319305070815709,False,VERY_LOW,POINT_BELOW_LIMIT,10-20%
C08221,L5,FPGA,124.99,1.091,10.6656,11.6472,13.0354,25.7456,1.1125,1.2026,1.321,2.9453,Sudden_Anomaly,50.0,batch_5,0.9816000000000004,14.626979588341456,-3.758222589472407,33.01218176615532,36.77040435562773,False,False,False,11.118620411658544,11.118620411658544,0.0944087379952171,False,VERY_LOW,POINT_BELOW_LIMIT,0-10%
C08222,L5,DAC,125.32,1.778,12.6173,12.683,12.5978,13.0438,1.2802,1.3572,1.3643,1.4104,High_Stable,50.0,batch_5,0.0656999999999996,13.823248251854402,-4.561953925959461,32.20845042966826,36.77040435562772,False,False,False,-0.7794482518544026,0.7794482518544026,0.0336271811521811,False,VERY_LOW,POINT_BELOW_LIMIT,0-10%
C08223,L5,FPGA,124.94,1.099,11.4043,11.6766,11.8435,11.8889,1.1884,1.2574,1.2531,1.2751,High_Stable,50.0,batch_5,0.2723000000000013,16.402757928571415,-1.982444249242448,34.78796010638528,36.770404355627726,False,False,False,-4.513857928571415,4.513857928571415,0.1033585382453803,False,VERY_LOW,POINT_BELOW_LIMIT,10-20%
C08224,L5,ASIC,124.75,1.195,10.6417,11.169,11.2365,12.3021,1.1018,1.1748,1.1696,1.3319,Normal,50.0,batch_5,0.5273000000000003,15.69241588719337,-2.692786290620493,34.07761806500723,36.77040435562772,False,False,False,-3.3903158871933705,3.3903158871933705,0.0615778884600092,False,VERY_LOW,POINT_BELOW_LIMIT,0-10%
C08225,L5,ASIC,124.23,1.181,10.6668,11.9902,15.1243,19.7052,1.1472,1.2408,1.6411,2.2041,Latent_Defect,50.0,batch_5,1.3233999999999997,27.9230205226135,9.537818344799636,46.308222700427365,36.77040435562773,False,False,False,-8.217820522613497,8.217820522613497,0.3186167727368674,False,LOW,POINT_BELOW_LIMIT,30-40%
C08226,L5,ASIC,124.65,1.212,10.8931,11.6539,11.9747,12.3754,1.0849,1.1919,1.2926,1.3004,Normal,50.0,batch_5,0.7607999999999997,19.744014060840552,1.358811883026689,38.129216238654415,36.770404355627726,False,False,False,-7.368614060840551,7.368614060840551,0.2375123948636028,False,LOW,POINT_BELOW_LIMIT,20-30%
C08227,L5,FPGA,125.56,1.109,10.8376,11.0921,12.1856,13.5954,1.1127,1.1436,1.2774,1.4192,Normal,50.0,batch_5,0.2545000000000001,14.351673992947134,-4.033528184866729,32.73687617076099,36.77040435562772,False,False,False,-0.7562739929471345,0.7562739929471345,0.0482951162540412,False,VERY_LOW,POINT_BELOW_LIMIT,0-10%
C08228,L5,ADC,125.32,1.806,12.3101,12.6685,13.0452,13.3103,1.2784,1.3064,1.3792,1.4047,Normal,50.0,batch_5,0.3583999999999996,16.76828472400211,-1.6169174538117517,35.153486901815974,36.770404355627726,False,False,False,-3.4579847240021118,3.4579847240021118,0.0832353749191984,False,VERY_LOW,POINT_BELOW_LIMIT,0-10%
C08229,L5,FPGA,125.89,1.104,11.7388,13.0238,13.398,14.9202,1.2115,1.4212,1.41,1.6377,Normal,50.0,batch_5,1.285,27.478583527976184,9.09338135016232,45.86378570579005,36.77040435562773,False,False,False,-12.558383527976185,12.558383527976185,0.4929910794655083,False,MEDIUM,POINT_BELOW_LIMIT,40-50%
C08230,L5,ADC,126.09,1.828,12.3753,13.6704,15.7021,19.7092,1.3452,1.4437,1.685,2.2273,Latent_Defect,50.0,batch_5,1.2951000000000017,26.84763818021285,8.462436002398992,45.23284035802672,36.77040435562773,False,False,False,-7.138438180212855,7.138438180212855,0.4433332561773298,False,MEDIUM,POINT_BELOW_LIMIT,40-50%
C08231,L5,ADC,124.26,1.82,12.4058,12.655,12.7882,13.1822,1.3476,1.3493,1.3446,1.3816,High_Stable,50.0,batch_5,0.2492000000000001,14.00447920823412,-4.380722969579743,32.38968138604798,36.770404355627726,False,False,False,-0.8222792082341197,0.8222792082341197,0.0336641414141414,False,VERY_LOW,POINT_BELOW_LIMIT,0-10%
C08232,L5,ADC,124.17,1.795,11.5175,11.9101,13.1177,14.5191,1.2008,1.2353,1.3694,1.5176,Normal,50.0,batch_5,0.3925999999999998,14.98264078533312,-3.4025613924807416,33.367842963146984,36.770404355627726,False,False,False,-0.4635407853331212,0.4635407853331212,0.0112330450251502,False,VERY_LOW,POINT_BELOW_LIMIT,0-10%
C08233,L5,ADC,124.69,1.806,11.3361,13.0046,16.0177,51.4938,1.1992,1.3752,1.7166,7.0138,Absolute_Failure,50.0,batch_5,1.6685,39.10883087599208,20.723628698178214,57.494033053805936,36.77040435562772,False,True,True,12.384969124007924,12.384969124007924,0.7591323051079321,True,HIGH,POINT_BELOW_LIMIT,70-80%
C08234,L5,ASIC,125.2,1.186,11.3802,12.4264,17.5686,24.5611,1.1585,1.2813,1.893,2.8283,Latent_Defect,50.0,batch_5,1.046199999999999,17.464758427976186,-0.920443749837677,35.849960605790045,36.77040435562772,False,False,False,7.096341572023814,7.096341572023814,0.1788304770581267,False,LOW,POINT_BELOW_LIMIT,10-20%
C08235,L5,ASIC,125.32,1.186,11.2102,12.0695,12.7782,13.3025,1.1775,1.2679,1.3507,1.424,Normal,50.0,batch_5,0.8592999999999993,17.75887440380036,-0.6263277740135038,36.14407658161422,36.770404355627726,False,False,False,-4.456374403800359,4.456374403800359,0.0621214304214304,False,VERY_LOW,POINT_BELOW_LIMIT,0-10%
C08236,L5,ADC,125.37,1.802,11.7663,13.0219,13.4689,14.2063,1.2719,1.3757,1.4545,1.4862,Normal,50.0,batch_5,1.2556000000000012,20.313062408333305,1.9278602305194423,38.69826458614717,36.770404355627726,False,False,False,-6.106762408333305,6.106762408333305,0.2962140916522042,False,LOW,POINT_BELOW_LIMIT,20-30%
C08237,L5,DAC,124.9,1.8,12.5503,13.1661,13.851,14.7484,1.3218,1.3855,1.4852,1.5797,Normal,50.0,batch_5,0.6158000000000001,16.12346528929006,-2.261736888523803,34.50866746710392,36.77040435562772,False,False,False,-1.3750652892900597,1.3750652892900597,0.0093116959064327,False,VERY_LOW,POINT_BELOW_LIMIT,0-10%
C08238,L5,FPGA,125.04,1.093,11.6297,12.8484,13.8247,14.606,1.198,1.3312,1.4887,1.5669,Normal,50.0,batch_5,1.2187,18.661194982539687,0.2759928047258242,37.04639716035355,36.770404355627726,False,False,False,-4.055194982539687,4.055194982539687,0.1031375815790676,False,VERY_LOW,POINT_BELOW_LIMIT,10-20%
C08239,L5,ASIC,125.14,1.194,11.4129,12.2263,12.5631,13.2502,1.2033,1.2665,1.3065,1.3815,Normal,50.0,batch_5,0.8133999999999997,18.282534609681985,-0.1026675681318778,36.66773678749585,36.770404355627726,False,False,False,-5.032334609681985,5.032334609681985,0.1157664319918011,False,VERY_LOW,POINT_BELOW_LIMIT,10-20%
C08240,L5,FPGA,126.45,1.093,11.798,12.1644,12.2459,12.4933,1.2408,1.2959,1.2471,1.2886,High_Stable,50.0,batch_5,0.3664000000000005,14.562911088936778,-3.822291088877085,32.94811326675064,36.770404355627726,False,False,False,-2.069611088936778,2.069611088936778,0.0695962533428343,False,VERY_LOW,POINT_BELOW_LIMIT,0-10%
C08241,L5,FPGA,126.2,1.097,12.2618,13.2777,13.9355,15.0883,1.3124,1.4013,1.4647,1.6253,Normal,50.0,batch_5,1.0159000000000002,21.09118359206349,2.7059814142496315,39.47638576987735,36.77040435562772,False,False,False,-6.002883592063494,6.002883592063494,0.2115682746595621,False,LOW,POINT_BELOW_LIMIT,20-30%
C08242,L5,ASIC,126.0,1.225,11.2576,11.5854,12.6403,13.3426,1.1532,1.224,1.3047,1.4003,Normal,50.0,batch_5,0.3277999999999998,14.495573552380945,-3.88962862543292,32.880775730194806,36.770404355627726,False,False,False,-1.152973552380944,1.152973552380944,0.065014667148708,False,VERY_LOW,POINT_BELOW_LIMIT,0-10%
C08243,L5,ASIC,125.38,1.194,11.8399,12.4689,12.675,13.501,1.2231,1.3428,1.2984,1.4217,Normal,50.0,batch_5,0.6289999999999996,16.54081566544567,-1.8443865123681924,34.92601784325953,36.77040435562772,False,False,False,-3.039815665445671,3.039815665445671,0.0512298399313105,False,VERY_LOW,POINT_BELOW_LIMIT,0-10%
C08244,L5,ADC,125.35,1.8,11.66,12.7953,13.5693,15.2371,1.2043,1.3422,1.4361,1.617,Normal,50.0,batch_5,1.135299999999999,18.17017765178572,-0.2150245260281451,36.55537982959958,36.770404355627726,False,False,False,-2.9330776517857178,2.9330776517857178,0.157401597277851,False,LOW,POINT_BELOW_LIMIT,10-20%
C08245,L5,FPGA,124.08,1.107,11.6751,12.1339,13.0003,14.7531,1.1935,1.3344,1.3735,1.5845,Normal,50.0,batch_5,0.4588000000000001,16.37260019618348,-2.0126019816303824,34.75780237399734,36.770404355627726,False,False,False,-1.6195001961834803,1.6195001961834803,0.2344595876947802,False,LOW,POINT_BELOW_LIMIT,20-30%
C08246,L5,ASIC,124.72,1.206,11.0606,11.9668,12.5612,14.2998,1.1716,1.2118,1.3096,1.4926,Normal,50.0,batch_5,0.9061999999999985,16.78528544579426,-1.5999167320196044,35.170487623608125,36.77040435562773,False,False,False,-2.485485445794259,2.485485445794259,0.0797167661401852,False,VERY_LOW,POINT_BELOW_LIMIT,0-10%
C08247,L5,FPGA,124.36,1.116,11.4806,11.8806,11.9682,12.9478,1.2393,1.2431,1.2916,1.3621,Normal,50.0,batch_5,0.3999999999999986,15.58783195537518,-2.7973702224386816,33.973034133189046,36.770404355627726,False,False,False,-2.6400319553751803,2.6400319553751803,0.0722895548895549,False,VERY_LOW,POINT_BELOW_LIMIT,0-10%
C08248,L5,DAC,124.17,1.807,12.3458,13.5092,17.8462,25.8659,1.2688,1.4155,1.996,2.9776,Latent_Defect,50.0,batch_5,1.163399999999999,20.282028555654755,1.896826377840892,38.66723073346861,36.77040435562772,False,False,False,5.583871444345245,5.583871444345245,0.1275832440520548,False,VERY_LOW,POINT_BELOW_LIMIT,10-20%
C08249,L5,DAC,125.54,1.797,11.5069,12.3386,14.0281,38.8012,1.2119,1.2603,1.5051,4.8523,Sudden_Anomaly,50.0,batch_5,0.8316999999999997,17.63804752886906,-0.7471546489448038,36.02324970668292,36.77040435562772,False,False,False,21.163152471130942,21.163152471130942,0.0764560525791344,False,VERY_LOW,POINT_BELOW_LIMIT,0-10%
C08250,L5,FPGA,125.13,1.098,11.8337,12.8831,14.009,14.5175,1.2079,1.3571,1.4716,1.5202,Normal,50.0,batch_5,1.0494000000000003,18.289964887323773,-0.0952372904900897,36.67516706513764,36.770404355627726,False,False,False,-3.772464887323773,3.772464887323773,0.1787427758253513,False,LOW,POINT_BELOW_LIMIT,10-20%
C08251,L5,ASIC,125.32,1.21,11.1726,12.2954,13.2039,13.4341,1.2021,1.2947,1.4126,1.434,Normal,50.0,batch_5,1.1228000000000016,17.409811630853174,-0.9753905469606892,35.79501380866704,36.770404355627726,False,False,False,-3.975711630853173,3.975711630853173,0.0305181865236213,False,VERY_LOW,POINT_BELOW_LIMIT,0-10%
C08252,L5,ASIC,125.59,1.222,11.1023,12.0752,13.3039,13.994,1.1451,1.2716,1.3876,1.4879,Normal,50.0,batch_5,0.972900000000001,16.54787009861111,-1.8373320792027528,34.93307227642497,36.770404355627726,False,False,False,-2.5538700986111103,2.5538700986111103,0.1992384398047844,False,LOW,POINT_BELOW_LIMIT,10-20%
C08253,L5,ASIC,124.36,1.194,11.4372,12.757,13.8564,15.0966,1.1682,1.3312,1.4834,1.5998,Normal,50.0,batch_5,1.319799999999999,28.624386794345245,10.239184616531382,47.00958897215911,36.770404355627726,False,False,False,-13.527786794345245,13.527786794345245,0.3777132949411754,False,LOW,POINT_BELOW_LIMIT,30-40%
C08254,L5,ASIC,125.78,1.193,11.7412,12.2348,12.7101,14.0604,1.2577,1.2635,1.3183,1.5214,Normal,50.0,batch_5,0.4936000000000007,15.752691858531737,-2.632510319282128,34.1378940363456,36.770404355627726,False,False,False,-1.6922918585317357,1.6922918585317357,0.046515157065157,False,VERY_LOW,POINT_BELOW_LIMIT,0-10%
C08255,L5,FPGA,127.11,1.084,11.8253,11.823,11.8891,12.0122,1.2348,1.2414,1.2342,1.1998,High_Stable,50.0,batch_5,-0.0022999999999999,12.598160354166676,-5.787041823647188,30.98336253198054,36.770404355627726,False,False,False,-0.5859603541666747,0.5859603541666747,0.0149785353535353,False,VERY_LOW,POINT_BELOW_LIMIT,0-10%
C08256,L5,DAC,125.95,1.804,11.9722,12.4705,12.6344,14.1773,1.2483,1.3384,1.3474,1.5276,Normal,50.0,batch_5,0.4982999999999986,16.654112006051584,-1.731090171762279,35.03931418386544,36.77040435562772,False,False,False,-2.476812006051583,2.476812006051583,0.0702779046117281,False,VERY_LOW,POINT_BELOW_LIMIT,0-10%
C08257,L5,ADC,123.54,1.779,11.3918,11.8243,12.577,13.7151,1.2354,1.2168,1.2971,1.4639,Normal,50.0,batch_5,0.4324999999999992,16.966519610119043,-1.4186825676948196,35.3517217879329,36.77040435562772,False,False,False,-3.251419610119044,3.251419610119044,0.1359899220146898,False,VERY_LOW,POINT_BELOW_LIMIT,10-20%
C08258,L5,DAC,124.31,1.826,12.2387,12.9783,13.3508,14.6412,1.2667,1.3785,1.4575,1.5423,Normal,50.0,batch_5,0.7396000000000011,17.97826303819445,-0.4069391396194142,36.36346521600831,36.77040435562772,False,False,False,-3.337063038194449,3.337063038194449,0.1264094217873629,False,VERY_LOW,POINT_BELOW_LIMIT,10-20%
C08259,L5,ASIC,124.61,1.221,11.2723,12.3825,12.8441,13.631,1.1533,1.292,1.3134,1.3991,Normal,50.0,batch_5,1.1102000000000007,19.494795790322872,1.1095936125090091,37.879997968136735,36.770404355627726,False,False,False,-5.863795790322872,5.863795790322872,0.1944127633034618,False,LOW,POINT_BELOW_LIMIT,10-20%
C08260,L5,ASIC,124.87,1.221,11.828,12.8464,14.2185,15.4671,1.2435,1.3458,1.522,1.6592,Normal,50.0,batch_5,1.0183999999999995,18.0203300531746,-0.3648721246392625,36.40553223098846,36.770404355627726,False,False,False,-2.5532300531746,2.5532300531746,0.076895525988173,False,VERY_LOW,POINT_BELOW_LIMIT,0-10%
C08261,L5,FPGA,125.6,1.087,12.0091,12.6094,12.8294,14.251,1.2297,1.3548,1.3352,1.5128,Normal,50.0,batch_5,0.6003000000000007,19.32983263910257,0.9446304612887068,37.71503481691643,36.77040435562772,False,False,False,-5.07883263910257,5.07883263910257,0.1569632306405997,False,LOW,POINT_BELOW_LIMIT,10-20%
C08262,L5,DAC,125.43,1.785,11.7654,12.6062,14.8832,21.5912,1.2834,1.3122,1.5952,2.4435,Latent_Defect,50.0,batch_5,0.8407999999999998,18.50470393462302,0.1195017568091572,36.88990611243688,36.770404355627726,False,False,False,3.0864960653769806,3.0864960653769806,0.1133856354172143,False,VERY_LOW,POINT_BELOW_LIMIT,10-20%
C08263,L5,ADC,124.63,1.789,11.6719,12.5969,14.0086,15.105,1.1956,1.275,1.4929,1.611,Normal,50.0,batch_5,0.9249999999999988,20.39378081269841,2.008578634884543,38.77898299051227,36.770404355627726,False,False,False,-5.2887808126984055,5.2887808126984055,0.151457480605872,False,LOW,POINT_BELOW_LIMIT,10-20%
C08264,L5,ASIC,125.62,1.182,11.572,12.0194,12.8977,12.7432,1.2174,1.2684,1.4027,1.358,Normal,50.0,batch_5,0.4474,17.409516324107145,-0.975685853706718,35.79471850192101,36.77040435562773,False,False,False,-4.666316324107145,4.666316324107145,0.1427231657834295,False,VERY_LOW,POINT_BELOW_LIMIT,10-20%
C08265,L5,FPGA,124.98,1.083,11.2912,12.1239,12.4707,13.3283,1.1652,1.2578,1.3024,1.4132,Normal,50.0,batch_5,0.8327000000000009,19.062958223214284,0.6777560454004217,37.44816040102815,36.770404355627726,False,False,False,-5.734658223214284,5.734658223214284,0.1716369594457829,False,LOW,POINT_BELOW_LIMIT,10-20%
C08266,L5,DAC,124.32,1.815,11.0068,11.5534,12.1512,12.757,1.0843,1.2396,1.2983,1.3253,Normal,50.0,batch_5,0.5465999999999998,17.289408372501804,-1.0957938053120593,35.67461055031566,36.77040435562772,False,False,False,-4.532408372501804,4.532408372501804,0.0964229397627095,False,VERY_LOW,POINT_BELOW_LIMIT,0-10%
C08267,L5,FPGA,126.06,1.14,11.3267,12.3422,13.1707,14.7001,1.1447,1.2781,1.3481,1.596,Normal,50.0,batch_5,1.0154999999999994,23.00031311304565,4.615110935231783,41.38551529085951,36.770404355627726,False,False,False,-8.300213113045645,8.300213113045645,0.4815842183842042,False,MEDIUM,POINT_BELOW_LIMIT,40-50%
C08268,L5,FPGA,125.6,1.1,11.6346,12.3319,13.5411,33.4306,1.2611,1.3116,1.3926,4.0864,Sudden_Anomaly,50.0,batch_5,0.6972999999999985,20.484218489880963,2.0990163120671,38.869420667694826,36.770404355627726,False,False,False,12.946381510119036,12.946381510119036,0.2418800282941957,False,LOW,POINT_BELOW_LIMIT,20-30%
C08269,L5,ASIC,124.87,1.181,11.4888,11.9982,13.2848,13.7706,1.2604,1.2321,1.3852,1.4993,Normal,50.0,batch_5,0.5094000000000012,17.621090121428573,-0.7641120563852901,36.00629229924243,36.77040435562772,False,False,False,-3.8504901214285727,3.8504901214285727,0.1154560966810966,False,VERY_LOW,POINT_BELOW_LIMIT,10-20%
C08270,L5,ASIC,124.93,1.19,11.0417,11.3115,11.8278,13.1431,1.1503,1.2103,1.2309,1.4033,Normal,50.0,batch_5,0.2698,17.51022996988638,-0.8749722079274811,35.89543214770025,36.77040435562773,False,False,False,-4.367129969886381,4.367129969886381,0.1713946684554134,False,LOW,POINT_BELOW_LIMIT,10-20%
C08271,L5,DAC,124.33,1.818,12.1435,13.3308,14.6053,15.4169,1.2626,1.4037,1.5583,1.6447,Normal,50.0,batch_5,1.1873000000000005,17.506604702281734,-0.8785974755321284,35.8918068800956,36.77040435562773,False,False,False,-2.0897047022817343,2.0897047022817343,0.0545913832125906,False,VERY_LOW,POINT_BELOW_LIMIT,0-10%
C08272,L5,FPGA,126.95,1.114,12.1636,12.1133,12.1925,12.1717,1.2952,1.273,1.2943,1.2898,High_Stable,50.0,batch_5,-0.0503,13.044897897718256,-5.340304280095607,31.43010007553212,36.770404355627726,False,False,False,-0.8731978977182564,0.8731978977182564,0.0221298649063354,False,VERY_LOW,POINT_BELOW_LIMIT,0-10%
C08273,L5,FPGA,123.52,1.113,11.7377,11.9388,12.2449,13.6842,1.2485,1.2586,1.2495,1.4445,Normal,50.0,batch_5,0.2011000000000002,14.422830912400796,-3.9623712654130663,32.80803309021466,36.770404355627726,False,False,False,-0.7386309124007955,0.7386309124007955,0.0198997911445279,False,VERY_LOW,POINT_BELOW_LIMIT,0-10%
C08274,L5,FPGA,124.79,1.088,11.499,12.7251,13.911,15.5196,1.1948,1.3376,1.4822,1.7049,Normal,50.0,batch_5,1.2260999999999989,20.411663823115084,2.0264616453012216,38.796866000928944,36.77040435562772,False,False,False,-4.892063823115084,4.892063823115084,0.128485577090608,False,VERY_LOW,POINT_BELOW_LIMIT,10-20%
C08275,L5,FPGA,125.38,1.086,11.3521,11.8116,11.8843,12.795,1.174,1.3101,1.2386,1.3734,Normal,50.0,batch_5,0.4595000000000002,18.77785289226192,0.3926507144480595,37.163055070075785,36.770404355627726,False,False,False,-5.982852892261922,5.982852892261922,0.2075113675073758,False,LOW,POINT_BELOW_LIMIT,20-30%
C08276,L5,FPGA,124.5,1.1,11.1969,12.0048,12.9525,13.5277,1.2183,1.27,1.3845,1.3896,Normal,50.0,batch_5,0.8079000000000001,16.210816733333335,-2.174385444480528,34.5960189111472,36.770404355627726,False,False,False,-2.6831167333333354,2.6831167333333354,0.0871780785721659,False,VERY_LOW,POINT_BELOW_LIMIT,0-10%
C08277,L5,ADC,124.51,1.809,11.5593,12.278,13.4055,13.5526,1.1837,1.2921,1.468,1.442,Normal,50.0,batch_5,0.7187000000000001,15.031246527876986,-3.353955649936877,33.41644870569085,36.770404355627726,False,False,False,-1.478646527876986,1.478646527876986,0.0306693917193917,False,VERY_LOW,POINT_BELOW_LIMIT,0-10%
C08278,L5,FPGA,125.09,1.097,11.6029,14.5251,20.2992,61.4052,1.244,1.5343,2.2336,8.8327,Absolute_Failure,50.0,batch_5,2.9222,54.59780228838386,36.21260011057,72.98300446619773,36.77040435562773,True,True,True,6.80739771161614,6.80739771161614,0.9930676906426904,True,HIGH,POINT_ABOVE_LIMIT,90-100%
C08279,L5,FPGA,125.29,1.116,12.3024,12.4339,12.35,12.6839,1.3113,1.2698,1.2904,1.3335,High_Stable,50.0,batch_5,0.131499999999999,13.295720924854995,-5.0894812529588656,31.68092310266886,36.770404355627726,False,False,False,-0.6118209248549977,0.6118209248549977,0.016213492063492,False,VERY_LOW,POINT_BELOW_LIMIT,0-10%
C08280,L5,ASIC,125.77,1.212,11.3607,11.6033,11.8991,12.6834,1.1883,1.2307,1.2672,1.3506,Normal,50.0,batch_5,0.2426000000000012,13.647222404969334,-4.737979772844529,32.03242458278319,36.77040435562772,False,False,False,-0.9638224049693332,0.9638224049693332,0.0231518207282913,False,VERY_LOW,POINT_BELOW_LIMIT,0-10%
C08281,L5,ASIC,125.07,1.2,11.0624,11.6299,12.5165,13.3366,1.1757,1.213,1.3632,1.4058,Normal,50.0,batch_5,0.567499999999999,16.356430135701345,-2.028772042112518,34.74163231351521,36.77040435562773,False,False,False,-3.019830135701344,3.019830135701344,0.0638585026085026,False,VERY_LOW,POINT_BELOW_LIMIT,0-10%
C08282,L5,ASIC,126.21,1.198,11.7039,11.9933,12.5606,13.6624,1.2152,1.2432,1.2982,1.4064,Normal,50.0,batch_5,0.2893999999999987,16.5681192672619,-1.817082910551964,34.95332144507576,36.77040435562772,False,False,False,-2.905719267261899,2.905719267261899,0.0796362859362859,False,VERY_LOW,POINT_BELOW_LIMIT,0-10%
C08283,L5,ASIC,125.5,1.209,11.1165,11.7097,12.7164,13.2282,1.1703,1.1887,1.3191,1.4256,Normal,50.0,batch_5,0.5931999999999995,15.52198137757937,-2.863220800234492,33.90718355539323,36.770404355627726,False,False,False,-2.2937813775793714,2.2937813775793714,0.0480380666718901,False,VERY_LOW,POINT_BELOW_LIMIT,0-10%
C08284,L5,ADC,125.81,1.793,11.9513,13.908,20.7693,51.6406,1.2762,1.494,2.3078,7.0645,Absolute_Failure,50.0,batch_5,1.9567,37.52908551259922,19.143883334785357,55.91428769041308,36.77040435562772,False,True,True,14.111514487400784,14.111514487400784,0.7384565427200778,True,MEDIUM,POINT_BELOW_LIMIT,70-80%
C08285,L5,DAC,124.75,1.817,11.515,12.1205,12.715,13.9381,1.1966,1.2381,1.326,1.5059,Normal,50.0,batch_5,0.6054999999999993,17.131963159363554,-1.2532390184503086,35.51716533717742,36.770404355627726,False,False,False,-3.193863159363554,3.193863159363554,0.1432618061076477,False,VERY_LOW,POINT_BELOW_LIMIT,10-20%
C08286,L5,ASIC,125.71,1.206,11.2464,11.8271,12.1883,12.637,1.1541,1.2442,1.2834,1.3382,Normal,50.0,batch_5,0.5807000000000002,15.688931831764062,-2.6962703460498005,34.074134009577925,36.770404355627726,False,False,False,-3.051931831764062,3.051931831764062,0.1271001413292589,False,VERY_LOW,POINT_BELOW_LIMIT,10-20%
C08287,L5,FPGA,124.42,1.102,11.7519,12.9986,15.6433,21.8758,1.2125,1.3765,1.6356,2.4402,Latent_Defect,50.0,batch_5,1.2467000000000006,22.482083693154763,4.0968815153409,40.86728587096863,36.77040435562773,False,False,False,-0.6062836931547615,0.6062836931547615,0.3829065708516578,False,LOW,POINT_BELOW_LIMIT,30-40%
C08288,L5,DAC,124.82,1.815,11.5739,11.6446,11.2258,11.4528,1.1638,1.2092,1.1992,1.2082,High_Stable,50.0,batch_5,0.0707000000000004,13.471854506448416,-4.913347671365447,31.85705668426228,36.770404355627726,False,False,False,-2.019054506448416,2.019054506448416,0.0632274820134967,False,VERY_LOW,POINT_BELOW_LIMIT,0-10%
C08289,L5,FPGA,125.39,1.12,11.6978,13.1614,14.224,15.6487,1.2129,1.4008,1.5628,1.6911,Normal,50.0,batch_5,1.4635999999999996,27.844858140514344,9.45965596270048,46.230060318328206,36.770404355627726,False,False,False,-12.196158140514344,12.196158140514344,0.4834566705409125,False,MEDIUM,POINT_BELOW_LIMIT,40-50%
C08290,L5,DAC,124.45,1.808,12.3385,12.8861,13.0425,13.8465,1.3198,1.4059,1.3637,1.4454,Normal,50.0,batch_5,0.547600000000001,16.840943535150604,-1.5442586426632587,35.22614571296447,36.770404355627726,False,False,False,-2.994443535150604,2.994443535150604,0.1200270379620379,False,VERY_LOW,POINT_BELOW_LIMIT,10-20%
C08291,L5,ASIC,125.23,1.186,12.0156,13.7465,17.4101,22.3007,1.2631,1.4367,1.8548,2.4928,Latent_Defect,50.0,batch_5,1.7309,37.06015119511187,18.674949017298008,55.44535337292574,36.77040435562773,False,True,False,-14.759451195111872,14.759451195111872,0.7514862524562819,True,HIGH,POINT_BELOW_LIMIT,70-80%
C08292,L5,ADC,125.4,1.784,11.7832,12.9507,14.1037,27.5697,1.1992,1.3904,1.531,3.2295,Sudden_Anomaly,50.0,batch_5,1.1674999999999986,22.718023867063483,4.33282168924962,41.10322604487735,36.770404355627726,False,False,False,4.851676132936518,4.851676132936518,0.3398202064294333,False,LOW,POINT_BELOW_LIMIT,30-40%
C08293,L5,ASIC,124.61,1.211,11.1445,11.4442,11.9682,13.5038,1.1555,1.1602,1.277,1.4435,Normal,50.0,batch_5,0.2996999999999996,18.735877830377305,0.3506756525634422,37.12108000819117,36.77040435562773,False,False,False,-5.232077830377305,5.232077830377305,0.1872972634035023,False,LOW,POINT_BELOW_LIMIT,10-20%
C08294,L5,FPGA,124.23,1.111,10.4839,11.1853,11.9784,13.1384,1.1198,1.1338,1.2707,1.3647,Normal,50.0,batch_5,0.7013999999999996,16.40786668194444,-1.977335495869422,34.79306885975831,36.77040435562773,False,False,False,-3.26946668194444,3.26946668194444,0.1515547908931275,False,LOW,POINT_BELOW_LIMIT,10-20%
C08295,L5,DAC,123.66,1.796,11.8086,12.51,13.1417,14.3071,1.222,1.3393,1.3759,1.5056,Normal,50.0,batch_5,0.7013999999999996,17.6413982891865,-0.7438038886273617,36.026600467000364,36.770404355627726,False,False,False,-3.334298289186501,3.334298289186501,0.1221173262238277,False,VERY_LOW,POINT_BELOW_LIMIT,10-20%
C08296,L5,ADC,124.1,1.816,11.6702,13.1115,17.3941,24.6006,1.228,1.3507,1.8799,2.8049,Latent_Defect,50.0,batch_5,1.4413,34.42916894017854,16.04396676236468,52.81437111799241,36.77040435562773,False,True,False,-9.828568940178542,9.828568940178542,0.6612368287077612,True,MEDIUM,POINT_BELOW_LIMIT,60-70%
C08297,L5,ASIC,126.46,1.193,11.1695,11.4179,11.8977,12.9792,1.159,1.2095,1.2117,1.3713,Normal,50.0,batch_5,0.2484000000000001,13.354680709027786,-5.030521468786077,31.73988288684165,36.770404355627726,False,False,False,-0.3754807090277854,0.3754807090277854,0.0531167189879264,False,VERY_LOW,POINT_BELOW_LIMIT,0-10%
C08298,L5,FPGA,126.17,1.102,11.9752,13.0694,13.7975,14.3225,1.2652,1.3681,1.4663,1.5053,Normal,50.0,batch_5,1.0942000000000007,21.96985831666666,3.5846561388527967,40.355060494480526,36.77040435562773,False,False,False,-7.64735831666666,7.64735831666666,0.2971361180342616,False,LOW,POINT_BELOW_LIMIT,20-30%
C08299,L5,ASIC,123.76,1.196,11.4123,11.5114,11.6525,11.7752,1.1761,1.2275,1.1778,1.2124,High_Stable,50.0,batch_5,0.0990999999999999,13.7806982015873,-4.604503976226564,32.165900379401165,36.77040435562773,False,False,False,-2.005498201587299,2.005498201587299,0.0336588744588744,False,VERY_LOW,POINT_BELOW_LIMIT,0-10%
C08300,L5,ASIC,125.41,1.183,11.5399,12.8266,15.5565,52.0876,1.2089,1.3572,1.6421,7.1144,Absolute_Failure,50.0,batch_5,1.2866999999999995,21.306825608883464,2.9216234310696017,39.69202778669733,36.77040435562772,False,False,True,30.780774391116537,30.780774391116537,0.2621222298942887,False,LOW,POINT_BELOW_LIMIT,20-30%
C08301,L5,DAC,124.2,1.805,11.6484,13.6172,17.6335,24.3796,1.2182,1.388,1.9165,2.7901,Latent_Defect,50.0,batch_5,1.9688,47.711544963483,29.326342785669137,66.09674714129686,36.77040435562772,False,True,False,-23.331944963483,23.331944963483,0.9093242990265298,True,HIGH,POINT_BELOW_LIMIT,90-100%
C08302,L5,FPGA,125.39,1.067,11.5391,12.5596,12.8487,13.148,1.1711,1.3241,1.3387,1.3911,Normal,50.0,batch_5,1.0205000000000002,21.11087994803808,2.725677770224216,39.49608212585194,36.770404355627726,False,False,False,-7.962879948038079,7.962879948038079,0.2430621760625965,False,LOW,POINT_BELOW_LIMIT,20-30%
C08303,L5,DAC,125.19,1.799,12.0656,13.2158,16.4481,21.2853,1.2803,1.3903,1.7697,2.4215,Latent_Defect,50.0,batch_5,1.1502,20.078848127976183,1.6936459501623204,38.464050305790046,36.770404355627726,False,False,False,1.2064518720238162,1.2064518720238162,0.1303278814880995,False,VERY_LOW,POINT_BELOW_LIMIT,10-20%
C08304,L5,ASIC,125.23,1.216,11.6774,12.4536,12.9387,13.879,1.2497,1.3001,1.4062,1.4477,Normal,50.0,batch_5,0.7761999999999993,16.163201079310955,-2.222001098502908,34.54840325712482,36.770404355627726,False,False,False,-2.2842010793109555,2.2842010793109555,0.0439676823176823,False,VERY_LOW,POINT_BELOW_LIMIT,0-10%
C08305,L5,ADC,124.6,1.791,11.812,12.7815,16.6349,21.7872,1.2491,1.3488,1.7967,2.4356,Latent_Defect,50.0,batch_5,0.9695,15.762714720657828,-2.6224874571560357,34.14791689847169,36.770404355627726,False,False,False,6.024485279342171,6.024485279342171,0.0167267353991038,False,VERY_LOW,POINT_BELOW_LIMIT,0-10%
C08306,L5,FPGA,125.91,1.117,11.329,12.2198,12.9428,14.4754,1.1448,1.2275,1.3339,1.5324,Normal,50.0,batch_5,0.8907999999999987,21.0459338160714,2.6607316382575377,39.43113599388526,36.770404355627726,False,False,False,-6.5705338160714,6.5705338160714,0.280124536826798,False,LOW,POINT_BELOW_LIMIT,20-30%
C08307,L5,ASIC,125.89,1.22,10.9805,12.1811,16.8037,58.2491,1.1092,1.2976,1.7907,8.2508,Absolute_Failure,50.0,batch_5,1.2006000000000014,25.079617928571437,6.694415750757571,43.4648201063853,36.770404355627726,False,False,True,33.16948207142856,33.16948207142856,0.3985197736301476,False,LOW,POINT_BELOW_LIMIT,30-40%
C08308,L5,DAC,124.27,1.807,12.1764,12.52,13.1621,13.7244,1.254,1.3205,1.3839,1.4578,Normal,50.0,batch_5,0.3436000000000003,15.877200681547617,-2.508001496266248,34.26240285936148,36.770404355627726,False,False,False,-2.152800681547616,2.152800681547616,0.0525403692798429,False,VERY_LOW,POINT_BELOW_LIMIT,0-10%
C08309,L5,FPGA,125.52,1.092,11.5559,12.8378,16.8294,24.5214,1.2091,1.3785,1.8159,2.8319,Latent_Defect,50.0,batch_5,1.2819000000000005,21.91064250476189,3.525440326948029,40.29584468257576,36.770404355627726,False,False,False,2.610757495238108,2.610757495238108,0.2313549056825527,False,LOW,POINT_BELOW_LIMIT,20-30%
C08310,L5,ASIC,124.88,1.185,11.1901,11.6031,13.0434,13.2143,1.1827,1.1811,1.3685,1.3886,Normal,50.0,batch_5,0.4130000000000002,15.043056387103174,-3.3421457907106884,33.42825856491704,36.770404355627726,False,False,False,-1.828756387103175,1.828756387103175,0.1081540813619457,False,VERY_LOW,POINT_BELOW_LIMIT,10-20%
C08311,L5,ADC,125.64,1.801,12.2291,12.8537,15.5768,42.98,1.2958,1.3317,1.6831,5.5912,Sudden_Anomaly,50.0,batch_5,0.6245999999999992,17.651443566269844,-0.7337586115440189,36.03664574408371,36.770404355627726,False,False,False,25.328556433730157,25.328556433730157,0.0726154123654123,False,VERY_LOW,POINT_BELOW_LIMIT,0-10%
C08312,L5,FPGA,125.58,1.112,10.9131,11.4218,12.3629,13.5636,1.1381,1.1795,1.3018,1.4403,Normal,50.0,batch_5,0.5086999999999993,14.231775015873016,-4.153427161940845,32.61697719368688,36.770404355627726,False,False,False,-0.6681750158730182,0.6681750158730182,0.0120636225843122,False,VERY_LOW,POINT_BELOW_LIMIT,0-10%
C08313,L5,ASIC,125.82,1.191,11.74,11.8931,11.7761,11.7918,1.192,1.2662,1.254,1.2401,High_Stable,50.0,batch_5,0.1531000000000002,13.556203745986656,-4.8289984318272055,31.94140592380052,36.770404355627726,False,False,False,-1.764403745986657,1.764403745986657,0.0246831945831945,False,VERY_LOW,POINT_BELOW_LIMIT,0-10%
C08314,L5,FPGA,125.36,1.104,11.41,12.1596,13.2149,13.7886,1.2002,1.2795,1.3721,1.4621,Normal,50.0,batch_5,0.7495999999999992,16.079170050396815,-2.306032127417048,34.46437222821068,36.770404355627726,False,False,False,-2.2905700503968145,2.2905700503968145,0.0797029220865134,False,VERY_LOW,POINT_BELOW_LIMIT,0-10%
C08315,L5,ASIC,124.08,1.207,10.9139,10.9997,11.1203,11.1445,1.112,1.1201,1.1802,1.1528,High_Stable,50.0,batch_5,0.0858000000000007,16.411890216459234,-1.9733119613546288,34.79709239427309,36.77040435562772,False,False,False,-5.267390216459233,5.267390216459233,0.0268907203907203,False,VERY_LOW,POINT_BELOW_LIMIT,0-10%
C08316,L5,ASIC,126.35,1.229,10.9146,11.8034,19.5316,50.8883,1.1059,1.2192,2.1353,6.8769,Absolute_Failure,50.0,batch_5,0.8887999999999998,17.939894255476204,-0.4453079223376583,36.32509643329007,36.77040435562773,False,False,True,32.9484057445238,32.9484057445238,0.2862178978917064,False,LOW,POINT_BELOW_LIMIT,20-30%
C08317,L5,ASIC,124.97,1.181,11.0326,11.1962,11.4072,11.2918,1.1477,1.1215,1.19,1.1983,High_Stable,50.0,batch_5,0.1635999999999988,13.06301459612194,-5.322187581691923,31.448216773935805,36.770404355627726,False,False,False,-1.77121459612194,1.77121459612194,0.0310758663850769,False,VERY_LOW,POINT_BELOW_LIMIT,0-10%
C08318,L5,ADC,124.15,1.816,11.84,12.9869,15.0094,41.6635,1.2662,1.3589,1.6316,5.3335,Sudden_Anomaly,50.0,batch_5,1.1469000000000005,18.24567836948051,-0.1395238083333545,36.63088054729437,36.77040435562772,False,False,False,23.41782163051949,23.41782163051949,0.1801078549694971,False,LOW,POINT_BELOW_LIMIT,10-20%
C08319,L5,FPGA,124.73,1.101,11.438,12.7267,20.0311,54.7794,1.2415,1.3237,2.2191,7.6073,Absolute_Failure,50.0,batch_5,1.2886999999999986,22.548471640178555,4.163269462364692,40.933673817992414,36.77040435562772,False,False,True,32.23092835982145,32.23092835982145,0.1968959226497617,False,LOW,POINT_BELOW_LIMIT,10-20%
C08320,L5,DAC,124.82,1.774,11.7956,13.3859,18.1593,24.6344,1.2257,1.4116,2.0298,2.8024,Latent_Defect,50.0,batch_5,1.5902999999999992,36.02606191350111,17.640859735687247,54.411264091314976,36.77040435562773,False,True,False,-11.39166191350111,11.39166191350111,0.6653414600467111,True,MEDIUM,POINT_BELOW_LIMIT,60-70%
C08321,L5,FPGA,125.89,1.103,11.6294,12.35,12.8147,14.6511,1.2349,1.2429,1.3818,1.5518,Normal,50.0,batch_5,0.7205999999999992,19.07816857383036,0.692966396016498,37.46337075164422,36.77040435562772,False,False,False,-4.427068573830361,4.427068573830361,0.1356345474786651,False,VERY_LOW,POINT_BELOW_LIMIT,10-20%
C08322,L5,FPGA,126.07,1.122,11.5785,12.2767,12.8493,14.3394,1.2614,1.3346,1.3613,1.5468,Normal,50.0,batch_5,0.6981999999999999,18.527078368353187,0.1418761905393246,36.912280546167054,36.77040435562773,False,False,False,-4.187678368353188,4.187678368353188,0.1777528017390246,False,LOW,POINT_BELOW_LIMIT,10-20%
C08323,L5,FPGA,125.09,1.113,11.096,11.7344,12.2046,13.8825,1.1717,1.2463,1.2527,1.4579,Normal,50.0,batch_5,0.6384000000000007,15.403243598443233,-2.9819585793706302,33.78844577625709,36.77040435562772,False,False,False,-1.5207435984432325,1.5207435984432325,0.0537071160521624,False,VERY_LOW,POINT_BELOW_LIMIT,0-10%
C08324,L5,ADC,124.85,1.832,11.8496,13.0895,13.7899,13.7561,1.2256,1.3756,1.4394,1.4497,Normal,50.0,batch_5,1.239899999999999,20.319527460912703,1.93432528309884,38.70472963872656,36.77040435562772,False,False,False,-6.563427460912703,6.563427460912703,0.1744118104204017,False,LOW,POINT_BELOW_LIMIT,10-20%
C08325,L5,FPGA,125.76,1.104,11.9649,13.415,16.267,24.2612,1.2999,1.4287,1.7801,2.7523,Latent_Defect,50.0,batch_5,1.450099999999999,30.84656655764475,12.461364379830886,49.231768735458616,36.77040435562773,False,False,False,-6.58536655764475,6.58536655764475,0.6220590455564773,True,MEDIUM,POINT_BELOW_LIMIT,60-70%
C08326,L5,FPGA,125.17,1.087,11.117,12.2135,13.2349,14.4962,1.1377,1.2799,1.4241,1.5194,Normal,50.0,batch_5,1.096499999999999,19.26388869550552,0.8786865176916585,37.64909087331938,36.77040435562772,False,False,False,-4.767688695505521,4.767688695505521,0.1095231185481185,False,VERY_LOW,POINT_BELOW_LIMIT,10-20%
C08327,L5,ADC,124.86,1.785,11.9147,12.0672,12.1698,12.3927,1.2448,1.2406,1.3446,1.2975,High_Stable,50.0,batch_5,0.1524999999999998,12.672138687202368,-5.713063490611495,31.05734086501623,36.770404355627726,False,False,False,-0.2794386872023686,0.2794386872023686,0.0097829059829059,False,VERY_LOW,POINT_BELOW_LIMIT,0-10%
C08328,L5,DAC,127.23,1.786,11.8299,12.282,13.6142,14.8359,1.2696,1.3232,1.404,1.6054,Normal,50.0,batch_5,0.4520999999999997,18.71232416507935,0.3271219872654889,37.09752634289322,36.77040435562773,False,False,False,-3.876424165079351,3.876424165079351,0.1838833303143363,False,LOW,POINT_BELOW_LIMIT,10-20%
C08329,L5,DAC,125.26,1.817,12.5827,13.4537,13.6608,15.0264,1.3009,1.4681,1.4581,1.621,Normal,50.0,batch_5,0.8709999999999987,18.485098853759176,0.0998966759453132,36.87030103157304,36.77040435562772,False,False,False,-3.4586988537591754,3.4586988537591754,0.1197383609428366,False,VERY_LOW,POINT_BELOW_LIMIT,10-20%
C08330,L5,FPGA,126.3,1.093,10.9827,11.8372,17.1017,24.7289,1.1493,1.2562,1.8737,2.831,Latent_Defect,50.0,batch_5,0.8544999999999998,17.54404381537698,-0.8411583624368824,35.92924599319085,36.77040435562773,False,False,False,7.184856184623019,7.184856184623019,0.2025564972005287,False,LOW,POINT_BELOW_LIMIT,20-30%
C08331,L5,FPGA,125.39,1.093,11.7454,12.1261,13.1617,13.8257,1.2387,1.2714,1.3782,1.4421,Normal,50.0,batch_5,0.3806999999999991,14.488545280654735,-3.896656897159128,32.8737474584686,36.770404355627726,False,False,False,-0.6628452806547358,0.6628452806547358,0.0335669062419062,False,VERY_LOW,POINT_BELOW_LIMIT,0-10%
C08332,L5,ADC,124.48,1.791,11.6199,12.8777,15.436,31.9303,1.2328,1.3676,1.639,3.8592,Sudden_Anomaly,50.0,batch_5,1.2578000000000014,23.91979023769839,5.534588059884527,42.30499241551225,36.770404355627726,False,False,False,8.01050976230161,8.01050976230161,0.333586224093954,False,LOW,POINT_BELOW_LIMIT,30-40%
C08333,L5,DAC,124.14,1.791,11.9977,14.4286,21.8336,51.3014,1.219,1.5295,2.4423,7.0221,Absolute_Failure,50.0,batch_5,2.4308999999999994,52.44752219761898,34.062320019805114,70.83272437543285,36.77040435562773,True,True,True,-1.146122197618979,1.146122197618979,0.979164125382701,True,HIGH,POINT_ABOVE_LIMIT,90-100%
C08334,L5,ASIC,126.25,1.195,11.8599,12.3964,13.3132,14.7388,1.2134,1.3019,1.3973,1.5412,Normal,50.0,batch_5,0.5365000000000002,17.30469768689713,-1.0805044909167345,35.689899864710995,36.77040435562773,False,False,False,-2.565897686897129,2.565897686897129,0.1024854589368992,False,VERY_LOW,POINT_BELOW_LIMIT,10-20%
C08335,L5,DAC,125.7,1.798,11.4763,12.1637,13.1427,14.847,1.2116,1.2755,1.4244,1.592,Normal,50.0,batch_5,0.6874000000000002,17.868219884424597,-0.5169822933892654,36.25342206223846,36.77040435562772,False,False,False,-3.021219884424598,3.021219884424598,0.0559082029082029,False,VERY_LOW,POINT_BELOW_LIMIT,0-10%
C08336,L5,FPGA,125.58,1.105,10.8041,11.4026,12.4287,12.6022,1.1219,1.2028,1.301,1.3029,Normal,50.0,batch_5,0.5984999999999996,13.941394050177522,-4.443808127636341,32.32659622799139,36.77040435562773,False,False,False,-1.3391940501775217,1.3391940501775217,0.0309249862206758,False,VERY_LOW,POINT_BELOW_LIMIT,0-10%
C08337,L5,DAC,126.28,1.797,12.8552,13.5094,14.2409,14.7638,1.369,1.3986,1.5355,1.604,Normal,50.0,batch_5,0.6541999999999994,17.859450102645145,-0.5257520751687181,36.24465228045901,36.770404355627726,False,False,False,-3.095650102645145,3.095650102645145,0.0756022727272727,False,VERY_LOW,POINT_BELOW_LIMIT,0-10%
C08338,L5,FPGA,124.11,1.092,11.2367,12.0224,15.7052,51.6854,1.1764,1.2271,1.7244,7.0402,Absolute_Failure,50.0,batch_5,0.7856999999999985,15.73000114811508,-2.655201029698784,34.115203325928945,36.77040435562773,False,False,True,35.95539885188492,35.95539885188492,0.0969478283729999,False,VERY_LOW,POINT_BELOW_LIMIT,0-10%
C08339,L5,ADC,125.43,1.809,11.5385,12.4139,13.3322,14.0117,1.1589,1.2751,1.4084,1.4563,Normal,50.0,batch_5,0.8753999999999991,19.54937649067463,1.1641743128607658,37.93457866848849,36.770404355627726,False,False,False,-5.537676490674629,5.537676490674629,0.1464941603897216,False,VERY_LOW,POINT_BELOW_LIMIT,10-20%
C08340,L5,ASIC,125.44,1.199,11.5544,12.16,13.1307,13.857,1.2176,1.3038,1.3849,1.5169,Normal,50.0,batch_5,0.6056000000000008,16.159239177649393,-2.225963000164469,34.544441355463256,36.770404355627726,False,False,False,-2.302239177649394,2.302239177649394,0.0484581465919701,False,VERY_LOW,POINT_BELOW_LIMIT,0-10%
C08341,L5,FPGA,124.46,1.103,11.6602,12.5222,13.8531,15.5347,1.1917,1.2944,1.4728,1.6837,Normal,50.0,batch_5,0.8620000000000001,17.843382324007912,-0.5418198538059507,36.22858450182177,36.77040435562772,False,False,False,-2.3086823240079117,2.3086823240079117,0.1234669986532215,False,VERY_LOW,POINT_BELOW_LIMIT,10-20%
C08342,L5,ADC,124.65,1.809,12.428,13.4613,14.1378,15.5775,1.3286,1.4505,1.5035,1.684,Normal,50.0,batch_5,1.0332999999999988,20.08754863005687,1.702346452243006,38.47275080787073,36.770404355627726,False,False,False,-4.510048630056868,4.510048630056868,0.0410919323366691,False,VERY_LOW,POINT_BELOW_LIMIT,0-10%
C08343,L5,FPGA,125.9,1.096,11.0416,11.2686,11.3725,11.7249,1.1227,1.1924,1.19,1.2097,High_Stable,50.0,batch_5,0.2269999999999985,16.065091135019834,-2.320111042794029,34.45029331283369,36.77040435562772,False,False,False,-4.340191135019834,4.340191135019834,0.0363869215076111,False,VERY_LOW,POINT_BELOW_LIMIT,0-10%
C08344,L5,ASIC,122.54,1.201,11.0849,11.7177,11.8969,13.3329,1.1258,1.2592,1.258,1.3829,Normal,50.0,batch_5,0.6328000000000014,15.376852413176415,-3.0083497646374475,33.762054590990275,36.77040435562772,False,False,False,-2.043952413176415,2.043952413176415,0.0389823019975193,False,VERY_LOW,POINT_BELOW_LIMIT,0-10%
C08345,L5,ASIC,125.99,1.197,11.5506,12.4838,13.4453,14.1656,1.2062,1.3028,1.4307,1.5166,Normal,50.0,batch_5,0.9332000000000013,18.703050908481803,0.31784873066794,37.08825308629567,36.770404355627726,False,False,False,-4.537450908481803,4.537450908481803,0.1632189807926179,False,LOW,POINT_BELOW_LIMIT,10-20%
C08346,L5,FPGA,123.92,1.108,11.7351,13.426,21.0393,61.8562,1.1997,1.3966,2.3797,8.9659,Absolute_Failure,50.0,batch_5,1.690900000000001,37.44835010841451,19.06314793060065,55.83355228622837,36.77040435562772,False,True,True,24.40784989158549,24.40784989158549,0.6663285383445917,True,MEDIUM,POINT_BELOW_LIMIT,60-70%
C08347,L5,ASIC,124.95,1.176,11.9804,12.962,13.5684,14.852,1.2125,1.3708,1.3839,1.5802,Normal,50.0,batch_5,0.9816000000000004,19.329922650595236,0.9447204727813698,37.715124828409095,36.770404355627726,False,False,False,-4.477922650595232,4.477922650595232,0.2035720453581605,False,LOW,POINT_BELOW_LIMIT,20-30%
C08348,L5,FPGA,125.89,1.106,11.7418,12.5282,13.6754,14.3181,1.208,1.347,1.4459,1.4929,Normal,50.0,batch_5,0.7864000000000004,18.54655438948413,0.1613522116702661,36.931756567298,36.77040435562773,False,False,False,-4.2284543894841295,4.2284543894841295,0.203307364644054,False,LOW,POINT_BELOW_LIMIT,20-30%
C08349,L5,ADC,125.53,1.8,12.0057,12.3744,13.199,14.1123,1.292,1.2994,1.3541,1.5011,Normal,50.0,batch_5,0.3687000000000004,20.33034773125,1.945145553436138,38.71554990906387,36.77040435562773,False,False,False,-6.218047731250001,6.218047731250001,0.2150237943915961,False,LOW,POINT_BELOW_LIMIT,20-30%
C08350,L5,ASIC,124.21,1.215,11.4103,12.0896,12.7884,14.0712,1.2324,1.2758,1.3387,1.4806,Normal,50.0,batch_5,0.6793000000000013,16.83046745119047,-1.5547347266233942,35.21566962900433,36.770404355627726,False,False,False,-2.7592674511904693,2.7592674511904693,0.0799630656795531,False,VERY_LOW,POINT_BELOW_LIMIT,0-10%
C08351,L5,ASIC,126.72,1.212,11.5107,12.7926,16.2834,21.2194,1.2906,1.3141,1.7726,2.3631,Latent_Defect,50.0,batch_5,1.2819000000000005,25.22748308399171,6.842280906177848,43.61268526180557,36.770404355627726,False,False,False,-4.008083083991711,4.008083083991711,0.2311384427036296,False,LOW,POINT_BELOW_LIMIT,20-30%
C08352,L5,DAC,126.44,1.774,11.8867,12.3262,13.0394,13.3632,1.2242,1.322,1.3657,1.3983,Normal,50.0,batch_5,0.4395000000000006,16.633152535066827,-1.7520496427470356,35.018354712880694,36.77040435562773,False,False,False,-3.2699525350668264,3.2699525350668264,0.1507303402423095,False,LOW,POINT_BELOW_LIMIT,10-20%
C08353,L5,DAC,125.13,1.819,12.674,12.8417,13.4998,13.9253,1.3779,1.3564,1.4358,1.472,Normal,50.0,batch_5,0.1676999999999999,13.543623530357138,-4.841578647456725,31.928825708171,36.770404355627726,False,False,False,0.381676469642862,0.381676469642862,0.0353347374847374,False,VERY_LOW,POINT_BELOW_LIMIT,0-10%
C08354,L5,FPGA,125.42,1.079,11.9582,13.0699,18.6538,50.6913,1.2833,1.3676,2.0461,6.8418,Absolute_Failure,50.0,batch_5,1.1117000000000008,20.38981548780177,2.0046133099879064,38.77501766561564,36.77040435562773,False,False,True,30.30148451219823,30.30148451219823,0.2566923485385255,False,LOW,POINT_BELOW_LIMIT,20-30%
C08355,L5,DAC,125.45,1.769,11.5112,12.5136,13.1143,14.1761,1.1585,1.3054,1.3733,1.5071,Normal,50.0,batch_5,1.0023999999999995,18.23254616726191,-0.1526560105519543,36.61774834507577,36.77040435562772,False,False,False,-4.0564461672619085,4.0564461672619085,0.097370392428349,False,VERY_LOW,POINT_BELOW_LIMIT,0-10%
C08356,L5,ASIC,124.49,1.246,11.5625,12.2301,12.9752,13.6296,1.1706,1.2647,1.3678,1.4596,Normal,50.0,batch_5,0.6676000000000002,16.441364610267808,-1.9438375675460549,34.82656678808167,36.770404355627726,False,False,False,-2.811764610267808,2.811764610267808,0.0418261738261738,False,VERY_LOW,POINT_BELOW_LIMIT,0-10%
C08357,L5,FPGA,125.3,1.098,12.1335,13.2171,15.2867,37.4336,1.263,1.404,1.6583,4.7131,Sudden_Anomaly,50.0,batch_5,1.0836000000000006,18.54270627422856,0.1575040964146943,36.927908452042416,36.77040435562772,False,False,False,18.89089372577144,18.89089372577144,0.0203706349206349,False,VERY_LOW,POINT_BELOW_LIMIT,0-10%
C08358,L5,ADC,124.51,1.802,12.5054,12.6286,12.7642,12.939,1.301,1.3888,1.3138,1.3481,High_Stable,50.0,batch_5,0.1232000000000006,13.827182040773796,-4.558020137040067,32.21238421858766,36.770404355627726,False,False,False,-0.8881820407737955,0.8881820407737955,0.0216554947976,False,VERY_LOW,POINT_BELOW_LIMIT,0-10%
C08359,L5,FPGA,124.22,1.094,11.7168,12.2505,12.5928,12.8599,1.2423,1.2636,1.3266,1.3346,Normal,50.0,batch_5,0.5337000000000014,15.080996062019231,-3.3042061157946314,33.46619823983309,36.77040435562772,False,False,False,-2.221096062019232,2.221096062019232,0.0358288433788433,False,VERY_LOW,POINT_BELOW_LIMIT,0-10%
C08360,L5,DAC,125.14,1.816,12.4475,13.352,18.0738,61.8201,1.2983,1.4103,2.0141,8.9308,Absolute_Failure,50.0,batch_5,0.9045000000000004,16.87367007668077,-1.511532101133092,35.258872254494634,36.770404355627726,False,False,True,44.94642992331923,44.94642992331923,0.0888807447256531,False,VERY_LOW,POINT_BELOW_LIMIT,0-10%
C08361,L5,FPGA,124.8,1.086,11.3895,11.8935,12.5931,13.4858,1.1671,1.2841,1.2932,1.4498,Normal,50.0,batch_5,0.5039999999999996,16.033114466964285,-2.352087710849577,34.418316644778145,36.77040435562772,False,False,False,-2.547314466964286,2.547314466964286,0.2019947397917985,False,LOW,POINT_BELOW_LIMIT,20-30%
C08362,L5,ASIC,125.71,1.197,11.5113,11.7172,11.8116,12.0816,1.1614,1.2162,1.2129,1.2509,High_Stable,50.0,batch_5,0.2058999999999997,13.806441122519844,-4.57876105529402,32.19164330033371,36.77040435562773,False,False,False,-1.7248411225198428,1.7248411225198428,0.0302747113997114,False,VERY_LOW,POINT_BELOW_LIMIT,0-10%
C08363,L5,ADC,125.41,1.798,11.2916,12.7494,15.5115,21.4787,1.2403,1.3568,1.6542,2.4139,Latent_Defect,50.0,batch_5,1.4577999999999989,32.46124896567459,14.07604678786073,50.84645114348845,36.77040435562772,False,True,False,-10.982548965674592,10.982548965674592,0.4717099001732127,False,MEDIUM,POINT_BELOW_LIMIT,40-50%
C08364,L5,ASIC,126.48,1.214,11.2137,12.4341,13.5334,13.9967,1.1692,1.292,1.3983,1.4419,Normal,50.0,batch_5,1.2204000000000017,24.09795551537697,5.712753337563111,42.48315769319083,36.77040435562772,False,False,False,-10.101255515376971,10.101255515376971,0.4562865780769016,False,MEDIUM,POINT_BELOW_LIMIT,40-50%
C08365,L5,ASIC,127.02,1.181,11.7474,12.7205,14.8724,20.5231,1.2351,1.3394,1.5485,2.2711,Latent_Defect,50.0,batch_5,0.9730999999999989,18.563990305366165,0.178788127552302,36.94919248318003,36.770404355627726,False,False,False,1.9591096946338349,1.9591096946338349,0.0972520370156458,False,VERY_LOW,POINT_BELOW_LIMIT,0-10%
C08366,L5,FPGA,124.96,1.11,12.1353,13.3772,14.7802,15.713,1.2603,1.4066,1.5398,1.6673,Normal,50.0,batch_5,1.2418999999999991,18.74011438214285,0.3549122043289827,37.12531655995671,36.770404355627726,False,False,False,-3.0271143821428463,3.0271143821428463,0.0377178748152432,False,VERY_LOW,POINT_BELOW_LIMIT,0-10%
C08367,L5,DAC,126.07,1.813,12.4405,13.5095,13.9947,14.9449,1.2919,1.4199,1.5074,1.5611,Normal,50.0,batch_5,1.068999999999999,18.468698261718785,0.0834960839049223,36.85390043953265,36.77040435562773,False,False,False,-3.5237982617187846,3.5237982617187846,0.1432644225992819,False,VERY_LOW,POINT_BELOW_LIMIT,10-20%
C08368,L5,DAC,125.43,1.797,11.5064,12.6442,13.2172,14.6025,1.1992,1.3162,1.3638,1.5813,Normal,50.0,batch_5,1.1378000000000004,19.93108982210012,1.5458876442862568,38.31629199991399,36.77040435562773,False,False,False,-5.32858982210012,5.32858982210012,0.1619978490295692,False,LOW,POINT_BELOW_LIMIT,10-20%
C08369,L5,ASIC,124.99,1.209,11.6283,12.6176,12.8562,14.3222,1.1801,1.326,1.3594,1.5367,Normal,50.0,batch_5,0.9893,21.41219786577381,3.0269956879599462,39.79740004358767,36.770404355627726,False,False,False,-7.0899978657738085,7.0899978657738085,0.2221864396256191,False,LOW,POINT_BELOW_LIMIT,20-30%
C08370,L5,ADC,124.34,1.799,11.2043,11.698,12.837,13.7236,1.1729,1.1755,1.394,1.4543,Normal,50.0,batch_5,0.4937000000000004,14.362939876893938,-4.022262300919925,32.7481420547078,36.770404355627726,False,False,False,-0.6393398768939385,0.6393398768939385,0.0480438481453187,False,VERY_LOW,POINT_BELOW_LIMIT,0-10%
C08371,L5,ASIC,125.71,1.185,11.1144,12.3011,13.3217,13.8414,1.1446,1.2588,1.4181,1.4886,Normal,50.0,batch_5,1.1867,21.92079072906746,3.5355885512535963,40.30599290688132,36.770404355627726,False,False,False,-8.079390729067459,8.079390729067459,0.230930322636612,False,LOW,POINT_BELOW_LIMIT,20-30%
C08372,L5,ASIC,125.55,1.207,11.6138,12.804,13.8915,14.3653,1.204,1.3388,1.4748,1.5543,Normal,50.0,batch_5,1.1902000000000008,20.586201014285702,2.20099883647184,38.971403192099565,36.770404355627726,False,False,False,-6.220901014285703,6.220901014285703,0.2804765513206076,False,LOW,POINT_BELOW_LIMIT,20-30%
C08373,L5,FPGA,125.63,1.067,11.4829,11.8576,12.5254,14.2395,1.1384,1.2227,1.354,1.5246,Normal,50.0,batch_5,0.3746999999999989,19.578749043804116,1.1935468659902495,37.963951221617975,36.770404355627726,False,False,False,-5.339249043804113,5.339249043804113,0.181490144023503,False,LOW,POINT_BELOW_LIMIT,10-20%
C08374,L5,ASIC,125.19,1.231,11.7653,14.09,17.8124,59.9493,1.206,1.504,1.9133,8.5615,Absolute_Failure,50.0,batch_5,2.3247,54.07813998958335,35.69293781176948,72.46334216739722,36.77040435562773,True,True,True,5.871160010416652,5.871160010416652,0.994989060939061,True,HIGH,POINT_ABOVE_LIMIT,90-100%
C08375,L5,FPGA,123.96,1.103,11.5454,12.5407,13.6461,14.5078,1.2,1.3312,1.4902,1.5322,Normal,50.0,batch_5,0.9952999999999984,18.15804026301824,-0.2271619147956265,36.5432424408321,36.77040435562773,False,False,False,-3.6502402630182367,3.6502402630182367,0.1822056963504331,False,LOW,POINT_BELOW_LIMIT,10-20%
C08376,L5,FPGA,126.45,1.097,11.8552,13.8607,23.0844,52.5108,1.2451,1.4831,2.5944,7.1438,Absolute_Failure,50.0,batch_5,2.0055,37.957270209731234,19.57206803191737,56.3424723875451,36.77040435562773,False,True,True,14.553529790268769,14.553529790268769,0.8100667612568445,True,HIGH,POINT_BELOW_LIMIT,80-90%
C08377,L5,DAC,125.64,1.813,11.759,12.7409,13.8504,14.4844,1.2259,1.3511,1.4374,1.533,Normal,50.0,batch_5,0.9818999999999996,18.39521047400792,0.0100082961940586,36.78041265182178,36.770404355627726,False,False,False,-3.9108104740079206,3.9108104740079206,0.0448246207898381,False,VERY_LOW,POINT_BELOW_LIMIT,0-10%
C08378,L5,ASIC,125.21,1.206,10.9576,11.3144,12.5262,38.1705,1.1354,1.2242,1.2436,4.758,Sudden_Anomaly,50.0,batch_5,0.3567999999999998,15.715634987809295,-2.6695671900045657,34.10083716562316,36.770404355627726,False,False,False,22.4548650121907,22.4548650121907,0.1142445610890657,False,VERY_LOW,POINT_BELOW_LIMIT,10-20%
C08379,L5,FPGA,126.72,1.081,11.5115,14.322,21.0659,55.1859,1.1964,1.5008,2.3827,7.6451,Absolute_Failure,50.0,batch_5,2.8104999999999998,52.24664187655121,33.86143969873734,70.63184405436508,36.77040435562773,True,True,True,2.939258123448788,2.939258123448788,0.991434255656624,True,HIGH,POINT_ABOVE_LIMIT,90-100%
C08380,L5,DAC,124.87,1.779,11.723,13.4529,18.2645,21.9075,1.2257,1.4317,2.0041,2.5072,Latent_Defect,50.0,batch_5,1.7298999999999989,38.67470535942464,20.28950318161078,57.0599075372385,36.77040435562772,False,True,False,-16.767205359424644,16.767205359424644,0.720180824201648,True,MEDIUM,POINT_BELOW_LIMIT,70-80%
C08381,L5,DAC,125.42,1.783,11.4619,12.5151,13.1505,13.0413,1.1816,1.3165,1.3593,1.3868,Normal,50.0,batch_5,1.0532000000000004,19.737382045535707,1.3521798677218442,38.12258422334957,36.770404355627726,False,False,False,-6.696082045535707,6.696082045535707,0.1013452233672162,False,VERY_LOW,POINT_BELOW_LIMIT,10-20%
C08382,L5,FPGA,124.99,1.11,11.1622,12.3574,13.675,14.5135,1.1531,1.3179,1.4321,1.5234,Normal,50.0,batch_5,1.1951999999999998,19.666057397321435,1.280855219507572,38.0512595751353,36.770404355627726,False,False,False,-5.152557397321434,5.152557397321434,0.1762188016776251,False,LOW,POINT_BELOW_LIMIT,10-20%
C08383,L5,DAC,124.58,1.782,12.2691,12.6125,12.8201,13.0471,1.2854,1.3735,1.3623,1.3506,High_Stable,50.0,batch_5,0.3434000000000008,16.237435551848844,-2.147766625965019,34.622637729662706,36.770404355627726,False,False,False,-3.190335551848843,3.190335551848843,0.0713172993672994,False,VERY_LOW,POINT_BELOW_LIMIT,0-10%
C08384,L5,DAC,125.53,1.805,11.4889,12.1907,12.5331,13.6498,1.1947,1.2708,1.3321,1.4423,Normal,50.0,batch_5,0.7018000000000004,16.401049273115078,-1.9841529046987847,34.786251450928944,36.77040435562773,False,False,False,-2.751249273115077,2.751249273115077,0.0499648629148629,False,VERY_LOW,POINT_BELOW_LIMIT,0-10%
C08385,L5,ASIC,126.06,1.207,11.7195,12.4127,12.4438,12.8612,1.2272,1.2699,1.2623,1.3391,Normal,50.0,batch_5,0.6931999999999992,18.745156363194443,0.3599541853805803,37.13035854100831,36.770404355627726,False,False,False,-5.883956363194443,5.883956363194443,0.1403932111579809,False,VERY_LOW,POINT_BELOW_LIMIT,10-20%
C08386,L5,ADC,125.39,1.818,11.6325,11.991,12.9518,13.4598,1.1932,1.2803,1.3336,1.4301,Normal,50.0,batch_5,0.3584999999999994,15.373643299408746,-3.0115588784051166,33.75884547722261,36.770404355627726,False,False,False,-1.9138432994087464,1.9138432994087464,0.1141586555576573,False,VERY_LOW,POINT_BELOW_LIMIT,10-20%
C08387,L5,DAC,126.09,1.797,11.9289,12.4546,13.3758,14.875,1.2007,1.3105,1.4136,1.6058,Normal,50.0,batch_5,0.5256999999999987,18.251462217757947,-0.1337399600559159,36.63666439557181,36.77040435562773,False,False,False,-3.376462217757947,3.376462217757947,0.141535806396009,False,VERY_LOW,POINT_BELOW_LIMIT,10-20%
C08388,L5,ADC,124.18,1.797,11.7134,12.914,13.9357,14.3815,1.2382,1.3462,1.394,1.5359,Normal,50.0,batch_5,1.2005999999999997,21.700589934325397,3.31538775651153,40.08579211213926,36.77040435562773,False,False,False,-7.319089934325392,7.319089934325392,0.2857772575629104,False,LOW,POINT_BELOW_LIMIT,20-30%
C08389,L5,ASIC,126.44,1.208,10.8331,11.8385,12.9001,13.5073,1.1395,1.2445,1.3258,1.4301,Normal,50.0,batch_5,1.0053999999999998,16.144704423829342,-2.240497753984521,34.529906601643205,36.770404355627726,False,False,False,-2.637404423829341,2.637404423829341,0.2803325406077895,False,LOW,POINT_BELOW_LIMIT,20-30%
C08390,L5,DAC,125.24,1.813,11.8565,12.4018,13.2324,37.0279,1.3101,1.3115,1.3696,4.6192,Sudden_Anomaly,50.0,batch_5,0.5452999999999992,17.677158097023806,-0.7080440807900565,36.06236027483767,36.77040435562773,False,False,False,19.3507419029762,19.3507419029762,0.1194674588569325,False,VERY_LOW,POINT_BELOW_LIMIT,10-20%
C08391,L5,ASIC,126.0,1.191,11.3954,14.0723,20.4148,55.1062,1.1599,1.5009,2.2441,7.6488,Absolute_Failure,50.0,batch_5,2.6769,55.70152619872837,37.31632402091451,74.08672837654224,36.77040435562773,True,True,True,-0.5953261987283724,0.5953261987283724,0.9931366666666668,True,HIGH,POINT_ABOVE_LIMIT,90-100%
C08392,L5,ASIC,123.93,1.188,11.5934,12.3041,12.912,13.7826,1.2177,1.2476,1.3967,1.4428,Normal,50.0,batch_5,0.7106999999999992,16.435724790773808,-1.949477387040055,34.82092696858767,36.770404355627726,False,False,False,-2.653124790773808,2.653124790773808,0.1098001834422887,False,VERY_LOW,POINT_BELOW_LIMIT,10-20%
C08393,L5,ASIC,124.61,1.197,12.1567,13.1815,14.2914,15.1749,1.2639,1.4243,1.5215,1.611,Normal,50.0,batch_5,1.024799999999999,19.35265236646826,0.9674501886543964,37.73785454428212,36.770404355627726,False,False,False,-4.17775236646826,4.17775236646826,0.0308534096622331,False,VERY_LOW,POINT_BELOW_LIMIT,0-10%
C08394,L5,DAC,125.57,1.806,12.1615,13.2005,13.3119,15.0659,1.3097,1.3888,1.4057,1.5802,Normal,50.0,batch_5,1.0389999999999997,23.68815488246817,5.302952704654306,42.07335706028204,36.77040435562773,False,False,False,-8.62225488246817,8.62225488246817,0.4093884844042493,False,MEDIUM,POINT_BELOW_LIMIT,40-50%
C08395,L5,ADC,124.8,1.798,11.8861,12.1476,12.6004,13.4019,1.2274,1.2318,1.308,1.3882,High_Stable,50.0,batch_5,0.2614999999999998,14.545056227976191,-3.8401459498376695,32.930258405790056,36.770404355627726,False,False,False,-1.1431562279761938,1.1431562279761938,0.0420135919635919,False,VERY_LOW,POINT_BELOW_LIMIT,0-10%
C08396,L5,FPGA,125.68,1.09,11.4842,12.2782,13.0289,14.3349,1.2036,1.2793,1.3547,1.5235,Normal,50.0,batch_5,0.7940000000000005,15.921169886607132,-2.4640322912067294,34.306372064421,36.770404355627726,False,False,False,-1.586269886607134,1.586269886607134,0.0432512376512376,False,VERY_LOW,POINT_BELOW_LIMIT,0-10%
C08397,L5,ADC,125.71,1.841,12.6324,12.688,12.7655,12.8009,1.3235,1.325,1.3615,1.3399,High_Stable,50.0,batch_5,0.0556,16.714093141338513,-1.6711090364753505,35.099295319152375,36.770404355627726,False,False,False,-3.913193141338512,3.913193141338512,0.2763241958453595,False,LOW,POINT_BELOW_LIMIT,20-30%
C08398,L5,ADC,124.38,1.805,11.7057,13.1696,16.0565,19.9215,1.2306,1.4247,1.644,2.225,Latent_Defect,50.0,batch_5,1.4639000000000006,35.21067860059523,16.825476422781367,53.5958807784091,36.77040435562773,False,True,False,-15.289178600595228,15.289178600595228,0.7083486731753361,True,MEDIUM,POINT_BELOW_LIMIT,70-80%
C08399,L5,ASIC,124.88,1.214,11.1812,11.7954,12.0379,12.2864,1.1843,1.2492,1.2516,1.2766,Normal,50.0,batch_5,0.6142000000000003,15.883238898313492,-2.5019632795003712,34.26844107612735,36.770404355627726,False,False,False,-3.596838898313491,3.596838898313491,0.0396533549783549,False,VERY_LOW,POINT_BELOW_LIMIT,0-10%
C08400,L5,DAC,125.1,1.793,11.8812,11.9807,11.9539,11.9068,1.1993,1.2522,1.2572,1.2351,High_Stable,50.0,batch_5,0.0995000000000008,13.11788004623015,-5.267322131583713,31.50308222404401,36.770404355627726,False,False,False,-1.2110800462301494,1.2110800462301494,0.0239885059385059,False,VERY_LOW,POINT_BELOW_LIMIT,0-10%
C08401,L5,DAC,124.3,1.787,12.4851,13.1751,13.8126,15.1104,1.3107,1.3974,1.4712,1.6379,Normal,50.0,batch_5,0.6900000000000013,16.82603428478068,-1.5591678930331838,35.21123646259454,36.770404355627726,False,False,False,-1.7156342847806787,1.7156342847806787,0.0148631185807656,False,VERY_LOW,POINT_BELOW_LIMIT,0-10%
C08402,L5,FPGA,126.0,1.086,11.2415,11.9663,13.0025,13.3837,1.1511,1.2302,1.393,1.3614,Normal,50.0,batch_5,0.7248000000000001,19.25522606269257,0.8700238848787087,37.64042824050644,36.77040435562773,False,False,False,-5.871526062692572,5.871526062692572,0.2833107471793398,False,LOW,POINT_BELOW_LIMIT,20-30%
C08403,L5,ADC,124.71,1.815,11.6013,12.495,13.5168,14.6907,1.2235,1.3485,1.3867,1.5803,Normal,50.0,batch_5,0.893699999999999,17.51479906149697,-0.8704031163168935,35.90000123931083,36.770404355627726,False,False,False,-2.8240990614969697,2.8240990614969697,0.2307396645055637,False,LOW,POINT_BELOW_LIMIT,20-30%
C08404,L5,FPGA,125.34,1.12,11.9114,12.7151,13.7242,14.8258,1.2283,1.2944,1.4852,1.579,Normal,50.0,batch_5,0.8036999999999992,17.122649090376974,-1.2625530874368884,35.507851268190834,36.77040435562772,False,False,False,-2.296849090376975,2.296849090376975,0.1016141156229391,False,VERY_LOW,POINT_BELOW_LIMIT,10-20%
C08405,L5,ASIC,125.24,1.222,10.9448,11.3503,12.3554,13.2801,1.1578,1.1734,1.3088,1.4031,Normal,50.0,batch_5,0.4054999999999999,15.65996272637432,-2.725239451439544,34.045164904188184,36.770404355627726,False,False,False,-2.37986272637432,2.37986272637432,0.0612847480808478,False,VERY_LOW,POINT_BELOW_LIMIT,0-10%
C08406,L5,ADC,124.17,1.769,11.8258,12.6779,13.2554,14.6417,1.2398,1.3488,1.4238,1.4776,Normal,50.0,batch_5,0.8521000000000001,16.317876453189864,-2.0673257246239984,34.70307863100373,36.770404355627726,False,False,False,-1.6761764531898642,1.6761764531898642,0.1359751142506257,False,VERY_LOW,POINT_BELOW_LIMIT,10-20%
C08407,L5,FPGA,125.72,1.089,11.8172,12.8002,13.007,13.9079,1.1681,1.3579,1.3442,1.5262,Normal,50.0,batch_5,0.9830000000000004,21.700816644246014,3.315614466432155,40.08601882205989,36.77040435562773,False,False,False,-7.792916644246018,7.792916644246018,0.2831139210311572,False,LOW,POINT_BELOW_LIMIT,20-30%
C08408,L5,ASIC,125.69,1.177,10.7958,11.9191,14.1029,54.1088,1.1185,1.2422,1.5065,7.4543,Absolute_Failure,50.0,batch_5,1.1233000000000004,19.426113914404755,1.0409117365908926,37.81131609221862,36.770404355627726,False,False,True,34.68268608559525,34.68268608559525,0.2410570319859019,False,LOW,POINT_BELOW_LIMIT,20-30%
C08409,L5,FPGA,125.98,1.094,11.598,12.5628,13.8049,15.5351,1.1844,1.3556,1.4808,1.6744,Normal,50.0,batch_5,0.9647999999999984,18.072387231746028,-0.3128149460678351,36.45758940955989,36.77040435562772,False,False,False,-2.537287231746028,2.537287231746028,0.1046628875540337,False,VERY_LOW,POINT_BELOW_LIMIT,10-20%
C08410,L5,ADC,124.53,1.778,11.151,12.9332,20.1987,54.5161,1.1717,1.3657,2.237,7.5594,Absolute_Failure,50.0,batch_5,1.7821999999999996,40.74153049784452,22.35632832003066,59.12673267565839,36.77040435562773,False,True,True,13.77456950215548,13.77456950215548,0.8261279590906591,True,HIGH,POINT_BELOW_LIMIT,80-90%
C08411,L5,ADC,125.24,1.785,11.9589,12.4115,13.1001,13.6311,1.2528,1.3331,1.4015,1.4216,Normal,50.0,batch_5,0.4526000000000003,15.336915126857852,-3.0482870509560094,33.72211730467171,36.77040435562772,False,False,False,-1.7058151268578534,1.7058151268578534,0.0482541125541125,False,VERY_LOW,POINT_BELOW_LIMIT,0-10%
C08412,L5,DAC,124.9,1.79,11.8006,12.6682,13.7713,14.7834,1.2243,1.3524,1.4799,1.5213,Normal,50.0,batch_5,0.8676000000000013,16.61900569920634,-1.7661964786075224,35.00420787702021,36.77040435562773,False,False,False,-1.83560569920634,1.83560569920634,0.0701039471072443,False,VERY_LOW,POINT_BELOW_LIMIT,0-10%
C08413,L5,FPGA,125.6,1.113,11.9806,11.854,12.1261,12.2165,1.242,1.2636,1.2274,1.2857,High_Stable,50.0,batch_5,-0.1266000000000016,12.680005386607144,-5.705196791206719,31.06520756442101,36.770404355627726,False,False,False,-0.4635053866071441,0.4635053866071441,0.0375337662337662,False,VERY_LOW,POINT_BELOW_LIMIT,0-10%
C08414,L5,FPGA,125.35,1.049,11.1433,12.2439,15.5445,21.076,1.1707,1.291,1.6603,2.3666,Latent_Defect,50.0,batch_5,1.1006,22.855625044069825,4.470422866255962,41.24082722188369,36.77040435562773,False,False,False,-1.7796250440698245,1.7796250440698245,0.3317348886217206,False,LOW,POINT_BELOW_LIMIT,30-40%
C08415,L5,ASIC,123.68,1.183,11.0616,12.2069,13.535,14.5411,1.174,1.2538,1.4405,1.5063,Normal,50.0,batch_5,1.1452999999999989,21.5902759952381,3.2050738174242355,39.97547817305196,36.770404355627726,False,False,False,-7.049175995238098,7.049175995238098,0.169989131053359,False,LOW,POINT_BELOW_LIMIT,10-20%
C08416,L5,ADC,123.7,1.831,11.9003,12.9865,16.3083,22.4904,1.2554,1.352,1.7466,2.5859,Latent_Defect,50.0,batch_5,1.0861999999999998,18.79971842642495,0.4145162486110862,37.18492060423881,36.770404355627726,False,False,False,3.690681573575052,3.690681573575052,0.2060659560170563,False,LOW,POINT_BELOW_LIMIT,20-30%
C08417,L5,FPGA,124.86,1.106,12.1464,12.5243,12.8906,13.7707,1.2776,1.2946,1.3127,1.4297,Normal,50.0,batch_5,0.3779000000000003,15.270413667453802,-3.1147885103600608,33.65561584526766,36.77040435562772,False,False,False,-1.4997136674538023,1.4997136674538023,0.0106560606060606,False,VERY_LOW,POINT_BELOW_LIMIT,0-10%
C08418,L5,FPGA,125.12,1.103,12.1836,13.3076,13.9886,14.2927,1.2561,1.434,1.4788,1.5327,Normal,50.0,batch_5,1.1240000000000006,21.51961477589285,3.134412598078992,39.90481695370672,36.77040435562772,False,False,False,-7.226914775892855,7.226914775892855,0.0607328843378843,False,VERY_LOW,POINT_BELOW_LIMIT,0-10%
C08419,L5,ADC,121.86,1.799,11.8834,13.1494,20.3392,58.409,1.2197,1.3859,2.2893,8.2778,Absolute_Failure,50.0,batch_5,1.266,24.81799916130953,6.432796983495667,43.2032013391234,36.77040435562773,False,False,True,33.59100083869047,33.59100083869047,0.2093105690606935,False,LOW,POINT_BELOW_LIMIT,20-30%
C08420,L5,ADC,125.66,1.809,11.4251,12.6977,13.4818,14.4994,1.1538,1.3233,1.4776,1.5554,Normal,50.0,batch_5,1.2725999999999988,23.91590866777596,5.5307064899621,42.30111084558983,36.770404355627726,False,False,False,-9.416508667775965,9.416508667775965,0.3209810287255781,False,LOW,POINT_BELOW_LIMIT,30-40%
C08421,L5,ADC,125.14,1.796,11.7742,11.8503,12.5492,12.8891,1.2182,1.2353,1.3334,1.3281,Normal,50.0,batch_5,0.0761000000000002,12.27690150089285,-6.108300676921013,30.662103678706718,36.770404355627726,False,False,False,0.6121984991071496,0.6121984991071496,0.0024761904761904,False,VERY_LOW,POINT_BELOW_LIMIT,0-10%
C08422,L5,FPGA,125.83,1.107,10.7208,11.6388,18.9304,53.3096,1.0978,1.2055,2.0602,7.3496,Absolute_Failure,50.0,batch_5,0.9179999999999992,14.346929183829369,-4.038272993984496,32.732131361643226,36.77040435562772,False,False,True,38.96267081617064,38.96267081617064,0.0677273465796151,False,VERY_LOW,POINT_BELOW_LIMIT,0-10%
C08423,L5,FPGA,125.92,1.109,11.4445,11.9126,12.5281,12.6152,1.1544,1.2944,1.3051,1.3286,Normal,50.0,batch_5,0.4680999999999997,18.781028788392867,0.3958266105790038,37.166230966206726,36.77040435562772,False,False,False,-6.165828788392867,6.165828788392867,0.1765280690551278,False,LOW,POINT_BELOW_LIMIT,10-20%
C08424,L5,FPGA,125.71,1.084,12.0413,12.8753,13.6753,14.4478,1.2278,1.3362,1.4335,1.544,Normal,50.0,batch_5,0.8339999999999996,19.761202499741188,1.3760003219273251,38.146404677555054,36.77040435562773,False,False,False,-5.313402499741187,5.313402499741187,0.2305565498994337,False,LOW,POINT_BELOW_LIMIT,20-30%
C08425,L5,ADC,125.58,1.784,11.7067,12.4713,12.7554,14.2552,1.2622,1.297,1.3488,1.524,Normal,50.0,batch_5,0.7645999999999997,16.93751785565476,-1.4476843221591018,35.32272003346863,36.77040435562773,False,False,False,-2.6823178556547607,2.6823178556547607,0.095654337423842,False,VERY_LOW,POINT_BELOW_LIMIT,0-10%
C08426,L5,ASIC,125.51,1.201,11.359,12.0711,12.895,13.2518,1.1919,1.2814,1.3693,1.3654,Normal,50.0,batch_5,0.7120999999999995,15.81104285832165,-2.574159319492212,34.196245036135515,36.770404355627726,False,False,False,-2.5592428583216518,2.5592428583216518,0.0355653679653679,False,VERY_LOW,POINT_BELOW_LIMIT,0-10%
C08427,L5,DAC,125.38,1.776,11.9997,13.1107,13.5788,13.868,1.2945,1.3952,1.4903,1.4741,Normal,50.0,batch_5,1.1109999999999989,19.093034832251718,0.7078326544378513,37.47823701006558,36.770404355627726,False,False,False,-5.225034832251714,5.225034832251714,0.1064081066210477,False,VERY_LOW,POINT_BELOW_LIMIT,10-20%
C08428,L5,ASIC,123.34,1.211,11.4658,12.2273,12.6507,13.9673,1.1723,1.3294,1.3137,1.5031,Normal,50.0,batch_5,0.7614999999999998,19.61978751206877,1.2345853342549056,38.00498968988264,36.77040435562773,False,False,False,-5.6524875120687685,5.6524875120687685,0.1556119620493323,False,LOW,POINT_BELOW_LIMIT,10-20%
C08429,L5,ASIC,125.48,1.191,11.811,13.0462,15.477,37.8193,1.2034,1.3174,1.6629,4.7216,Sudden_Anomaly,50.0,batch_5,1.2352000000000007,24.57753597827384,6.1923338004599735,42.962738156087696,36.77040435562772,False,False,False,13.241764021726162,13.241764021726162,0.3818644042413815,False,LOW,POINT_BELOW_LIMIT,30-40%
C08430,L5,FPGA,124.39,1.119,11.6905,13.0296,14.6094,31.3022,1.22,1.376,1.5471,3.7627,Sudden_Anomaly,50.0,batch_5,1.3391000000000002,30.61543773700396,12.2302355591901,49.00063991481783,36.770404355627726,False,False,False,0.6867622629960373,0.6867622629960373,0.5926508976485143,True,MEDIUM,POINT_BELOW_LIMIT,50-60%
C08431,L5,ADC,125.24,1.775,11.2703,11.9583,12.0058,12.2593,1.2355,1.2518,1.3006,1.2725,Normal,50.0,batch_5,0.6879999999999988,17.72959661517857,-0.6556055626352943,36.11479879299243,36.770404355627726,False,False,False,-5.470296615178569,5.470296615178569,0.1474466958273923,False,VERY_LOW,POINT_BELOW_LIMIT,10-20%
C08432,L5,FPGA,124.93,1.104,11.3633,12.2974,13.3638,14.7016,1.182,1.3214,1.4353,1.5573,Normal,50.0,batch_5,0.934099999999999,16.732532976510285,-1.6526692013035778,35.11773515432415,36.77040435562773,False,False,False,-2.030932976510286,2.030932976510286,0.1121213025863025,False,VERY_LOW,POINT_BELOW_LIMIT,10-20%
C08433,L5,DAC,123.74,1.826,11.8917,12.9208,14.0778,14.6057,1.2248,1.3707,1.4436,1.5602,Normal,50.0,batch_5,1.0290999999999997,20.203969048304483,1.81876687049062,38.589171226118346,36.770404355627726,False,False,False,-5.598269048304482,5.598269048304482,0.3237048448455565,False,LOW,POINT_BELOW_LIMIT,30-40%
C08434,L5,FPGA,124.81,1.104,11.6358,12.1577,13.2208,13.6717,1.1685,1.2439,1.3678,1.4519,Normal,50.0,batch_5,0.5219000000000005,15.683514533089816,-2.701687644724048,34.06871671090368,36.770404355627726,False,False,False,-2.011814533089815,2.011814533089815,0.1434828665228819,False,VERY_LOW,POINT_BELOW_LIMIT,10-20%
C08435,L5,DAC,124.21,1.78,12.417,12.6437,12.6641,12.8828,1.3187,1.3313,1.3122,1.3655,High_Stable,50.0,batch_5,0.226700000000001,13.756589719642854,-4.628612458171009,32.14179189745671,36.77040435562772,False,False,False,-0.8737897196428541,0.8737897196428541,0.0057218045112781,False,VERY_LOW,POINT_BELOW_LIMIT,0-10%
C08436,L5,ASIC,125.31,1.198,11.4418,12.5506,14.8884,39.8826,1.189,1.3272,1.5913,5.0227,Sudden_Anomaly,50.0,batch_5,1.108799999999999,19.120147018509805,0.7349448406959418,37.505349196323664,36.77040435562772,False,False,False,20.762452981490192,20.762452981490192,0.1363567339810844,False,VERY_LOW,POINT_BELOW_LIMIT,10-20%
C08437,L5,ADC,124.13,1.828,11.9454,12.0151,12.0117,12.3499,1.2613,1.2907,1.3061,1.3108,High_Stable,50.0,batch_5,0.0697000000000009,12.847448888789682,-5.537753289024181,31.232651066603545,36.770404355627726,False,False,False,-0.4975488887896819,0.4975488887896819,0.0241199855699855,False,VERY_LOW,POINT_BELOW_LIMIT,0-10%
C08438,L5,ADC,125.53,1.801,11.7607,12.0214,14.5796,32.6351,1.2381,1.2745,1.6059,3.9265,Sudden_Anomaly,50.0,batch_5,0.2606999999999999,14.911267933630947,-3.4739342441829137,33.29647011144481,36.770404355627726,False,False,False,17.723832066369052,17.723832066369052,0.0906519083857319,False,VERY_LOW,POINT_BELOW_LIMIT,0-10%
C08439,L5,ADC,125.79,1.8,11.9734,13.1607,14.0156,15.1506,1.2272,1.4027,1.4767,1.573,Normal,50.0,batch_5,1.1873000000000005,22.75993461845237,4.374732440638503,41.14513679626623,36.770404355627726,False,False,False,-7.609334618452365,7.609334618452365,0.2320138964059378,False,LOW,POINT_BELOW_LIMIT,20-30%
C08440,L5,ASIC,124.38,1.183,11.17,12.7977,17.0914,59.3884,1.1345,1.3129,1.8706,8.4717,Absolute_Failure,50.0,batch_5,1.6277000000000008,33.05446480823412,14.66926263042026,51.43966698604798,36.77040435562772,False,True,True,26.333935191765875,26.333935191765875,0.5657850659947881,True,MEDIUM,POINT_BELOW_LIMIT,50-60%
C08441,L5,FPGA,125.39,1.096,12.1179,12.7953,13.4431,14.0042,1.2981,1.3733,1.4114,1.4924,Normal,50.0,batch_5,0.6773999999999987,16.57107161666667,-1.8141305611471916,34.95627379448054,36.77040435562773,False,False,False,-2.5668716166666705,2.5668716166666705,0.0518806791247967,False,VERY_LOW,POINT_BELOW_LIMIT,0-10%
C08442,L5,ADC,123.84,1.82,11.711,12.9863,17.5739,56.3994,1.1957,1.4093,1.909,7.8708,Absolute_Failure,50.0,batch_5,1.2752999999999997,24.061985128625544,5.676782950811681,42.4471873064394,36.77040435562772,False,False,True,32.337414871374456,32.337414871374456,0.3247540107530851,False,LOW,POINT_BELOW_LIMIT,30-40%
C08443,L5,ADC,124.4,1.8,11.7427,13.4217,20.2324,54.0044,1.199,1.4672,2.2549,7.4198,Absolute_Failure,50.0,batch_5,1.6790000000000005,32.34483326815475,13.959631090340888,50.73003544596861,36.77040435562772,False,True,True,21.65956673184525,21.65956673184525,0.5378703441497257,True,MEDIUM,POINT_BELOW_LIMIT,50-60%
C08444,L5,ASIC,124.77,1.213,11.0411,13.0767,20.6142,55.0829,1.151,1.3845,2.3165,7.6828,Absolute_Failure,50.0,batch_5,2.0356000000000005,43.38625522470238,25.00105304688852,61.77145740251625,36.77040435562773,False,True,True,11.69664477529762,11.69664477529762,0.8852242857636676,True,HIGH,POINT_BELOW_LIMIT,80-90%
C08445,L5,ASIC,124.26,1.221,11.0161,11.3263,12.3125,13.1502,1.1917,1.1952,1.3022,1.3999,Normal,50.0,batch_5,0.3102,15.075164730546067,-3.310037447267794,33.46036690835993,36.770404355627726,False,False,False,-1.924964730546069,1.924964730546069,0.0568374292374292,False,VERY_LOW,POINT_BELOW_LIMIT,0-10%
C08446,L5,FPGA,127.08,1.102,12.35,12.5884,12.6681,12.7504,1.284,1.2755,1.3527,1.3332,High_Stable,50.0,batch_5,0.2384000000000004,14.531741374603174,-3.853460803210689,32.91694355241704,36.770404355627726,False,False,False,-1.7813413746031728,1.7813413746031728,0.0397099736864442,False,VERY_LOW,POINT_BELOW_LIMIT,0-10%
C08447,L5,DAC,126.4,1.796,11.7203,11.8162,12.4747,13.1783,1.2173,1.2281,1.299,1.4327,Normal,50.0,batch_5,0.0959000000000003,12.98885839862638,-5.396343779187484,31.374060576440243,36.770404355627726,False,False,False,0.1894416013736215,0.1894416013736215,0.0347734681984682,False,VERY_LOW,POINT_BELOW_LIMIT,0-10%
C08448,L5,DAC,124.91,1.77,11.9354,13.9175,18.1941,53.7825,1.2624,1.4807,2.0107,7.3953,Absolute_Failure,50.0,batch_5,1.9821000000000009,37.591606576388926,19.206404398575064,55.97680875420279,36.77040435562773,False,True,True,16.190893423611072,16.190893423611072,0.7527405786992808,True,HIGH,POINT_BELOW_LIMIT,70-80%
C08449,L5,FPGA,125.3,1.088,11.3392,11.7616,12.3793,12.5117,1.2169,1.1921,1.2706,1.3126,Normal,50.0,batch_5,0.4223999999999996,18.160484719841257,-0.2247174579726056,36.54568689765512,36.77040435562772,False,False,False,-5.648784719841258,5.648784719841258,0.2120102245023936,False,LOW,POINT_BELOW_LIMIT,20-30%
C08450,L5,DAC,124.57,1.789,12.6394,12.6458,12.7865,12.7225,1.329,1.3362,1.3004,1.3453,High_Stable,50.0,batch_5,0.0063999999999992,12.985724299572636,-5.399477878241228,31.370926477386497,36.770404355627726,False,False,False,-0.2632242995726344,0.2632242995726344,0.0016666666666666,False,VERY_LOW,POINT_BELOW_LIMIT,0-10%
C08451,L5,ADC,123.57,1.806,11.9794,11.9444,12.1319,12.1359,1.2918,1.2773,1.238,1.2527,High_Stable,50.0,batch_5,-0.0350000000000001,12.77934279702381,-5.6058593807900525,31.164544974837675,36.770404355627726,False,False,False,-0.6434427970238108,0.6434427970238108,0.0391673948600419,False,VERY_LOW,POINT_BELOW_LIMIT,0-10%
C08452,L5,DAC,125.07,1.785,12.7256,13.3485,16.4886,23.1445,1.3722,1.4234,1.8039,2.6128,Latent_Defect,50.0,batch_5,0.6228999999999996,17.3520343839169,-1.0331677938969612,35.73723656173077,36.77040435562773,False,False,False,5.792465616083099,5.792465616083099,0.0359989288489288,False,VERY_LOW,POINT_BELOW_LIMIT,0-10%
C08453,L5,ADC,126.09,1.842,12.2933,13.1341,14.2172,15.5983,1.3013,1.3751,1.5186,1.653,Normal,50.0,batch_5,0.8407999999999998,22.133973472330435,3.748771294516573,40.5191756501443,36.770404355627726,False,False,False,-6.535673472330435,6.535673472330435,0.2521280798626259,False,LOW,POINT_BELOW_LIMIT,20-30%
C08454,L5,ADC,125.06,1.799,12.0232,14.1192,19.1171,53.1261,1.2998,1.4991,2.0668,7.2831,Absolute_Failure,50.0,batch_5,2.096,46.77909608234128,28.393893904527413,65.16429826015514,36.77040435562772,False,True,True,6.347003917658725,6.347003917658725,0.917589561901333,True,HIGH,POINT_BELOW_LIMIT,90-100%
C08455,L5,ASIC,125.0,1.208,11.3622,11.6007,13.1069,14.5937,1.2183,1.2036,1.3838,1.5259,Normal,50.0,batch_5,0.2385000000000001,15.100320110813469,-3.284882067000394,33.48552228862733,36.770404355627726,False,False,False,-0.5066201108134685,0.5066201108134685,0.1921886299840061,False,LOW,POINT_BELOW_LIMIT,10-20%
C08456,L5,DAC,123.81,1.796,12.4549,13.442,14.3784,15.6235,1.3717,1.3958,1.5159,1.6985,Normal,50.0,batch_5,0.9871,18.98059540608768,0.5953932282738137,37.36579758390154,36.770404355627726,False,False,False,-3.3570954060876765,3.3570954060876765,0.0889875884349568,False,VERY_LOW,POINT_BELOW_LIMIT,0-10%
C08457,L5,ASIC,125.24,1.177,11.215,11.8049,12.2318,13.5278,1.141,1.2515,1.2934,1.4087,Normal,50.0,batch_5,0.5899000000000001,17.16842568939394,-1.2167764884199244,35.5536278672078,36.770404355627726,False,False,False,-3.6406256893939393,3.6406256893939393,0.1426682219010317,False,VERY_LOW,POINT_BELOW_LIMIT,10-20%
C08458,L5,ASIC,124.91,1.206,11.1694,13.7825,23.976,57.071,1.1735,1.4548,2.7065,8.0482,Absolute_Failure,50.0,batch_5,2.613100000000001,54.65507710238091,36.26987492456705,73.04027928019477,36.77040435562772,True,True,True,2.4159228976190903,2.4159228976190903,0.986166198833846,True,HIGH,POINT_ABOVE_LIMIT,90-100%
C08459,L5,FPGA,124.83,1.096,11.3707,11.884,13.6915,26.1058,1.168,1.2079,1.423,2.9835,Sudden_Anomaly,50.0,batch_5,0.513300000000001,16.080100871025916,-2.3051013067879467,34.46530304883978,36.770404355627726,False,False,False,10.025699128974082,10.025699128974082,0.1577691638455217,False,LOW,POINT_BELOW_LIMIT,10-20%
C08460,L5,ASIC,123.95,1.181,11.7188,11.8939,11.7949,12.1278,1.1997,1.2436,1.2224,1.2576,High_Stable,50.0,batch_5,0.1751000000000004,14.804656184081889,-3.580545993731974,33.18985836189575,36.770404355627726,False,False,False,-2.6768561840818883,2.6768561840818883,0.0412511491776197,False,VERY_LOW,POINT_BELOW_LIMIT,0-10%
C08461,L5,ASIC,124.54,1.182,12.6786,12.6007,12.7155,12.709,1.3143,1.2725,1.3479,1.3572,High_Stable,50.0,batch_5,-0.0778999999999996,13.055975813988097,-5.329226363825768,31.44117799180196,36.770404355627726,False,False,False,-0.3469758139880952,0.3469758139880952,0.0148748917748917,False,VERY_LOW,POINT_BELOW_LIMIT,0-10%
C08462,L5,ASIC,123.72,1.185,11.749,12.4504,13.5063,14.7053,1.1928,1.3077,1.4061,1.5928,Normal,50.0,batch_5,0.7013999999999996,19.40274215834268,1.0175399805288166,37.78794433615654,36.770404355627726,False,False,False,-4.69744215834268,4.69744215834268,0.2457285312310155,False,LOW,POINT_BELOW_LIMIT,20-30%
C08463,L5,FPGA,125.31,1.093,11.2672,11.7218,12.2827,12.7056,1.1801,1.2235,1.2583,1.3351,Normal,50.0,batch_5,0.4545999999999992,14.364836557142851,-4.02036562067101,32.75003873495672,36.770404355627726,False,False,False,-1.659236557142853,1.659236557142853,0.0172175824175824,False,VERY_LOW,POINT_BELOW_LIMIT,0-10%
C08464,L5,ADC,124.83,1.8,11.8597,12.0295,11.9803,12.3463,1.2274,1.2212,1.2397,1.2735,High_Stable,50.0,batch_5,0.1698000000000004,14.336084828571437,-4.049117349242426,32.721287006385296,36.77040435562772,False,False,False,-1.9897848285714372,1.9897848285714372,0.019946903096903,False,VERY_LOW,POINT_BELOW_LIMIT,0-10%
C08465,L5,FPGA,126.36,1.078,11.7443,13.0366,14.35,16.0555,1.2095,1.4335,1.4938,1.7304,Normal,50.0,batch_5,1.2922999999999991,31.12245244246032,12.73725026464646,49.50765462027418,36.77040435562772,False,False,False,-15.066952442460323,15.066952442460323,0.4984627030590944,False,MEDIUM,POINT_BELOW_LIMIT,40-50%
C08466,L5,ASIC,126.25,1.209,11.6507,12.358,13.5014,14.3412,1.2217,1.3289,1.4391,1.5146,Normal,50.0,batch_5,0.7073,20.3214193842262,1.936217206412337,38.70662156204006,36.770404355627726,False,False,False,-5.980219384226199,5.980219384226199,0.2773254810978495,False,LOW,POINT_BELOW_LIMIT,20-30%
C08467,L5,DAC,125.17,1.824,12.05,13.3132,13.8284,14.3463,1.2926,1.4039,1.5124,1.5667,Normal,50.0,batch_5,1.2631999999999994,21.881154566694367,3.495952388880504,40.26635674450823,36.770404355627726,False,False,False,-7.534854566694367,7.534854566694367,0.1988420728338382,False,LOW,POINT_BELOW_LIMIT,10-20%
C08468,L5,ASIC,125.53,1.204,11.969,12.3965,13.7928,15.3138,1.2338,1.2698,1.4654,1.6485,Normal,50.0,batch_5,0.4275000000000002,15.059590851686526,-3.325611326127337,33.44479302950039,36.770404355627726,False,False,False,0.2542091483134747,0.2542091483134747,0.0305665308547661,False,VERY_LOW,POINT_BELOW_LIMIT,0-10%
C08469,L5,DAC,123.31,1.82,12.6123,12.7159,12.991,13.1221,1.3011,1.3689,1.371,1.376,High_Stable,50.0,batch_5,0.1036000000000001,14.725164832608362,-3.6600373452055006,33.11036701042222,36.770404355627726,False,False,False,-1.6030648326083623,1.6030648326083623,0.0522836469086469,False,VERY_LOW,POINT_BELOW_LIMIT,0-10%
C08470,L5,FPGA,125.29,1.086,11.1961,12.2426,12.6372,13.1865,1.1857,1.2756,1.2347,1.396,Normal,50.0,batch_5,1.0465,16.008073722343628,-2.3771284554702348,34.39327590015749,36.770404355627726,False,False,False,-2.8215737223436275,2.8215737223436275,0.0660414141414141,False,VERY_LOW,POINT_BELOW_LIMIT,0-10%
C08471,L5,ADC,125.2,1.807,11.8908,11.954,12.18,12.1456,1.243,1.2122,1.2905,1.2788,High_Stable,50.0,batch_5,0.0632000000000001,12.717272208333332,-5.6679299694805305,31.102474386147197,36.770404355627726,False,False,False,-0.5716722083333323,0.5716722083333323,0.0076067155067155,False,VERY_LOW,POINT_BELOW_LIMIT,0-10%
C08472,L5,FPGA,125.06,1.123,11.015,12.3162,12.6202,14.0894,1.1524,1.3206,1.3039,1.5496,Normal,50.0,batch_5,1.3011999999999997,26.080085307539694,7.694883129725831,44.46528748535356,36.770404355627726,False,False,False,-11.990685307539694,11.990685307539694,0.28011610158847,False,LOW,POINT_BELOW_LIMIT,20-30%
C08473,L5,ASIC,125.14,1.193,11.5822,13.0479,15.566,39.0762,1.1969,1.4065,1.6564,4.9352,Sudden_Anomaly,50.0,batch_5,1.4657,26.027753977976204,7.642551800162341,44.41295615579007,36.77040435562773,False,False,False,13.048446022023796,13.048446022023796,0.4813434305517669,False,MEDIUM,POINT_BELOW_LIMIT,40-50%
C08474,L5,ASIC,125.24,1.213,11.5204,11.7612,11.8312,11.9957,1.1921,1.2458,1.2272,1.3109,High_Stable,50.0,batch_5,0.2408000000000001,14.309662284731251,-4.07553989308261,32.69486446254511,36.77040435562772,False,False,False,-2.3139622847312538,2.3139622847312538,0.0283368131868131,False,VERY_LOW,POINT_BELOW_LIMIT,0-10%
C08475,L5,DAC,126.54,1.8,11.0814,12.1736,13.1764,14.2305,1.1004,1.2944,1.42,1.556,Normal,50.0,batch_5,1.0922,23.25948728397541,4.874285106161551,41.64468946178928,36.770404355627726,False,False,False,-9.028987283975416,9.028987283975416,0.4143429870750187,False,MEDIUM,POINT_BELOW_LIMIT,40-50%
C08476,L5,ASIC,125.03,1.207,11.7677,12.6621,17.1608,24.1365,1.227,1.3906,1.9014,2.8098,Latent_Defect,50.0,batch_5,0.894400000000001,20.8606935264881,2.475491348674236,39.24589570430196,36.77040435562772,False,False,False,3.275806473511903,3.275806473511903,0.2289160377740892,False,LOW,POINT_BELOW_LIMIT,20-30%
C08477,L5,ADC,126.04,1.79,11.9631,12.6069,13.3074,13.7645,1.2597,1.3192,1.4338,1.4227,Normal,50.0,batch_5,0.6437999999999988,17.62952651289683,-0.7556756649170318,36.0147286907107,36.77040435562773,False,False,False,-3.865026512896831,3.865026512896831,0.0747041230750673,False,VERY_LOW,POINT_BELOW_LIMIT,0-10%
C08478,L5,ASIC,123.8,1.191,10.7549,11.8593,12.8423,13.3673,1.0688,1.2492,1.346,1.42,Normal,50.0,batch_5,1.1044,20.795473365773805,2.4102711879599426,39.18067554358767,36.770404355627726,False,False,False,-7.428173365773805,7.428173365773805,0.2239514806882971,False,LOW,POINT_BELOW_LIMIT,20-30%
C08479,L5,ASIC,125.89,1.196,11.9573,13.0953,12.9913,12.8866,1.2537,1.407,1.3795,1.3716,Normal,50.0,batch_5,1.138,18.796639509027774,0.4114373312139108,37.18184168684164,36.770404355627726,False,False,False,-5.910039509027774,5.910039509027774,0.1725097043668405,False,LOW,POINT_BELOW_LIMIT,10-20%
C08480,L5,ASIC,125.06,1.215,11.7245,12.9168,14.0945,34.2061,1.1624,1.3706,1.5009,4.1491,Sudden_Anomaly,50.0,batch_5,1.1922999999999997,27.27668351567461,8.891481337860746,45.66188569348847,36.770404355627726,False,False,False,6.92941648432539,6.92941648432539,0.4312415729256607,False,MEDIUM,POINT_BELOW_LIMIT,40-50%
C08481,L5,ASIC,125.27,1.185,11.1199,12.272,12.9531,14.2571,1.168,1.3056,1.3623,1.4935,Normal,50.0,batch_5,1.1521000000000008,19.839926850694443,1.4547246728805805,38.22512902850831,36.770404355627726,False,False,False,-5.582826850694444,5.582826850694444,0.1636945392336931,False,LOW,POINT_BELOW_LIMIT,10-20%
C08482,L5,FPGA,125.06,1.099,12.1218,12.7076,13.6109,14.1543,1.2754,1.3206,1.3929,1.4874,Normal,50.0,batch_5,0.585799999999999,15.992961524741206,-2.3922406530726565,34.37816370255507,36.770404355627726,False,False,False,-1.838661524741207,1.838661524741207,0.0206140692640692,False,VERY_LOW,POINT_BELOW_LIMIT,0-10%
C08483,L5,ASIC,124.43,1.237,11.5394,11.8547,13.1113,34.1518,1.1736,1.2169,1.4038,4.1965,Sudden_Anomaly,50.0,batch_5,0.3152999999999988,14.507580637202375,-3.877621540611486,32.89278281501624,36.770404355627726,False,False,False,19.644219362797624,19.644219362797624,0.0256203518703518,False,VERY_LOW,POINT_BELOW_LIMIT,0-10%
C08484,L5,ADC,123.89,1.816,11.6334,11.8461,12.5864,14.2366,1.2348,1.2585,1.3101,1.5015,Normal,50.0,batch_5,0.2126999999999999,15.044555729291533,-3.34064644852233,33.4297579071054,36.770404355627726,False,False,False,-0.8079557292915336,0.8079557292915336,0.0307136363636363,False,VERY_LOW,POINT_BELOW_LIMIT,0-10%
C08485,L5,DAC,123.89,1.769,12.0276,13.1014,13.944,15.6537,1.2654,1.4047,1.5441,1.6616,Normal,50.0,batch_5,1.0738000000000003,17.641849606078647,-0.7433525717352154,36.02705178389251,36.770404355627726,False,False,False,-1.9881496060786468,1.9881496060786468,0.0944634117602383,False,VERY_LOW,POINT_BELOW_LIMIT,0-10%
C08486,L5,DAC,126.03,1.797,11.9676,12.6979,13.2992,13.8414,1.2419,1.3457,1.3993,1.4541,Normal,50.0,batch_5,0.7303000000000015,18.96292056150794,0.5777183836940765,37.3481227393218,36.770404355627726,False,False,False,-5.121520561507939,5.121520561507939,0.1332816670601499,False,VERY_LOW,POINT_BELOW_LIMIT,10-20%
C08487,L5,ASIC,124.1,1.217,11.7429,11.9835,11.8974,11.9835,1.2533,1.2828,1.2343,1.2389,High_Stable,50.0,batch_5,0.2405999999999988,14.36089886160714,-4.024303316206723,32.746101039421006,36.77040435562773,False,False,False,-2.3773988616071406,2.3773988616071406,0.0179778499278499,False,VERY_LOW,POINT_BELOW_LIMIT,0-10%
C08488,L5,FPGA,126.0,1.112,11.3408,11.6499,12.0472,12.8856,1.205,1.2327,1.2608,1.379,Normal,50.0,batch_5,0.3091000000000008,14.504629370734133,-3.88057280707973,32.889831548548,36.770404355627726,False,False,False,-1.6190293707341326,1.6190293707341326,0.0485041486291486,False,VERY_LOW,POINT_BELOW_LIMIT,0-10%
C08489,L5,FPGA,124.2,1.096,12.6881,12.8081,12.9436,12.855,1.344,1.3715,1.3312,1.3658,High_Stable,50.0,batch_5,0.1199999999999992,13.550527954433768,-4.834674223380095,31.93573013224763,36.770404355627726,False,False,False,-0.6955279544337678,0.6955279544337678,0.0095650793650793,False,VERY_LOW,POINT_BELOW_LIMIT,0-10%
C08490,L5,FPGA,124.68,1.1,12.1505,12.2517,12.4128,12.5856,1.2524,1.2709,1.2744,1.3309,High_Stable,50.0,batch_5,0.1012000000000004,13.128853944047622,-5.256348233766241,31.514056121861486,36.770404355627726,False,False,False,-0.5432539440476223,0.5432539440476223,0.0,False,VERY_LOW,POINT_BELOW_LIMIT,0-10%
C08491,L5,ADC,125.5,1.806,11.7196,12.7047,13.9901,14.5325,1.2378,1.3179,1.509,1.5803,Normal,50.0,batch_5,0.985100000000001,19.74409671398812,1.3588945361742546,38.12929889180198,36.770404355627726,False,False,False,-5.211596713988117,5.211596713988117,0.1406249519863633,False,VERY_LOW,POINT_BELOW_LIMIT,10-20%
C08492,L5,FPGA,126.07,1.104,11.6081,12.0851,12.8757,13.2963,1.2366,1.3151,1.3725,1.401,Normal,50.0,batch_5,0.4770000000000003,17.003271806804182,-1.3819303710096804,35.388473984618045,36.770404355627726,False,False,False,-3.706971806804182,3.706971806804182,0.1965020916139841,False,LOW,POINT_BELOW_LIMIT,10-20%
C08493,L5,FPGA,126.03,1.093,11.6815,12.6931,13.8317,14.7555,1.192,1.2805,1.4651,1.572,Normal,50.0,batch_5,1.0115999999999996,18.42408547648809,0.0388832986742286,36.809287654301954,36.770404355627726,False,False,False,-3.668585476488092,3.668585476488092,0.1916310282226858,False,LOW,POINT_BELOW_LIMIT,10-20%
C08494,L5,FPGA,126.69,1.109,11.7916,12.5935,12.5791,13.2463,1.194,1.3215,1.3234,1.3558,Normal,50.0,batch_5,0.8018999999999998,18.0709740267857,-0.3142281510281641,36.45617620459956,36.77040435562772,False,False,False,-4.824674026785699,4.824674026785699,0.2585102637895237,False,LOW,POINT_BELOW_LIMIT,20-30%
C08495,L5,FPGA,126.11,1.122,11.9682,12.933,13.3002,13.8215,1.2486,1.3647,1.385,1.4453,Normal,50.0,batch_5,0.9648000000000004,18.5434041132215,0.1582019354076358,36.928606291035365,36.77040435562773,False,False,False,-4.721904113221498,4.721904113221498,0.0504054445554445,False,VERY_LOW,POINT_BELOW_LIMIT,0-10%
C08496,L5,ADC,124.59,1.796,11.3422,12.1144,13.2676,13.6419,1.2307,1.2494,1.378,1.4236,Normal,50.0,batch_5,0.7721999999999998,19.861766480357147,1.4765643025432844,38.24696865817101,36.77040435562773,False,False,False,-6.219866480357148,6.219866480357148,0.1372109545768988,False,VERY_LOW,POINT_BELOW_LIMIT,10-20%
C08497,L5,FPGA,123.88,1.084,11.6464,12.1907,12.7202,12.8325,1.2323,1.3062,1.3243,1.3432,Normal,50.0,batch_5,0.5442999999999998,17.812068459043058,-0.573133718770805,36.19727063685692,36.770404355627726,False,False,False,-4.979568459043058,4.979568459043058,0.1473679753196006,False,VERY_LOW,POINT_BELOW_LIMIT,10-20%
C08498,L5,ASIC,125.6,1.227,11.3879,11.8988,13.1466,14.9477,1.1754,1.2236,1.4161,1.6221,Normal,50.0,batch_5,0.5108999999999995,14.947916134226196,-3.4372860435876653,33.33311831204006,36.77040435562772,False,False,False,-0.0002161342261981,0.0002161342261981,0.028871092916745,False,VERY_LOW,POINT_BELOW_LIMIT,0-10%
C08499,L5,ASIC,124.01,1.176,11.1793,11.7856,12.814,13.9696,1.2289,1.2351,1.3485,1.4773,Normal,50.0,batch_5,0.606300000000001,16.87032437070125,-1.5148778071126117,35.255526548515114,36.770404355627726,False,False,False,-2.9007243707012518,2.9007243707012518,0.1279078497039022,False,VERY_LOW,POINT_BELOW_LIMIT,10-20%
C08500,L5,ASIC,126.76,1.212,11.009,10.9986,10.8287,10.8302,1.1407,1.1343,1.1115,1.1653,High_Stable,50.0,batch_5,-0.0104000000000006,13.178696702119405,-5.20650547569446,31.563898879933262,36.770404355627726,False,False,False,-2.3484967021194034,2.3484967021194034,0.0252714285714285,False,VERY_LOW,POINT_BELOW_LIMIT,0-10%
C08501,L5,ADC,124.25,1.8,11.8219,12.857,14.8695,20.8657,1.2348,1.3283,1.5884,2.3395,Latent_Defect,50.0,batch_5,1.0351,17.489679465575392,-0.8955227122384706,35.87488164338926,36.77040435562773,False,False,False,3.376020534424608,3.376020534424608,0.1478470964707806,False,VERY_LOW,POINT_BELOW_LIMIT,10-20%
C08502,L5,FPGA,125.37,1.093,11.387,12.0886,12.6705,13.2164,1.187,1.2906,1.3443,1.3978,Normal,50.0,batch_5,0.7015999999999991,14.341942615277771,-4.04325956253609,32.72714479309164,36.77040435562773,False,False,False,-1.125542615277773,1.125542615277773,0.0345189117645639,False,VERY_LOW,POINT_BELOW_LIMIT,0-10%
C08503,L5,ASIC,124.62,1.163,11.4488,11.6549,11.6893,11.8848,1.2491,1.2209,1.2288,1.2747,High_Stable,50.0,batch_5,0.2060999999999992,13.698784415503251,-4.686417762310612,32.083986593317114,36.770404355627726,False,False,False,-1.813984415503251,1.813984415503251,0.0608715452649831,False,VERY_LOW,POINT_BELOW_LIMIT,0-10%
C08504,L5,ADC,124.7,1.774,12.477,12.7378,12.7197,12.865,1.3009,1.33,1.3449,1.2929,High_Stable,50.0,batch_5,0.2607999999999997,13.909777025198398,-4.475425152615465,32.29497920301226,36.770404355627726,False,False,False,-1.044777025198398,1.044777025198398,0.0134460317460317,False,VERY_LOW,POINT_BELOW_LIMIT,0-10%
C08505,L5,DAC,125.74,1.813,12.1934,12.9628,13.1654,13.9328,1.2923,1.3855,1.3774,1.4667,Normal,50.0,batch_5,0.7693999999999992,16.21146224940476,-2.173739928409102,34.59666442721863,36.77040435562773,False,False,False,-2.2786622494047606,2.2786622494047606,0.0957987645137799,False,VERY_LOW,POINT_BELOW_LIMIT,0-10%
C08506,L5,FPGA,126.27,1.133,11.3889,11.7592,14.168,35.0064,1.1788,1.2585,1.5261,4.299,Sudden_Anomaly,50.0,batch_5,0.3703000000000003,15.68228471150793,-2.7029174663059337,34.06748688932179,36.770404355627726,False,False,False,19.32411528849207,19.32411528849207,0.0764026130679717,False,VERY_LOW,POINT_BELOW_LIMIT,0-10%
C08507,L5,ADC,124.8,1.793,12.059,12.7147,12.9185,14.1265,1.2358,1.3283,1.3529,1.5224,Normal,50.0,batch_5,0.6557000000000013,19.58952529742063,1.204323119606766,37.97472747523449,36.77040435562772,False,False,False,-5.463025297420629,5.463025297420629,0.1616688475357071,False,LOW,POINT_BELOW_LIMIT,10-20%
C08508,L5,DAC,124.02,1.807,12.095,12.892,13.8899,14.1428,1.3099,1.3648,1.4987,1.4934,Normal,50.0,batch_5,0.7969999999999988,16.691675409126994,-1.6935267686868691,35.07687758694085,36.77040435562772,False,False,False,-2.5488754091269943,2.5488754091269943,0.0594880341880342,False,VERY_LOW,POINT_BELOW_LIMIT,0-10%
C08509,L5,DAC,125.05,1.804,11.8378,13.5209,17.3422,24.9479,1.2318,1.4132,1.8633,2.8385,Latent_Defect,50.0,batch_5,1.6830999999999996,35.285356183134944,16.90015400532108,53.6705583609488,36.77040435562772,False,True,False,-10.337456183134943,10.337456183134943,0.634692402757202,True,MEDIUM,POINT_BELOW_LIMIT,60-70%
C08510,L5,ASIC,124.39,1.206,11.7238,12.0538,12.6593,13.742,1.2345,1.2516,1.3484,1.5106,Normal,50.0,batch_5,0.33,14.753841579435113,-3.631360598378752,33.13904375724897,36.77040435562772,False,False,False,-1.01184157943511,1.01184157943511,0.1156835967575596,False,VERY_LOW,POINT_BELOW_LIMIT,10-20%
C08511,L5,ASIC,125.02,1.186,11.0589,12.7185,15.1212,20.2874,1.1238,1.3962,1.5991,2.2427,Latent_Defect,50.0,batch_5,1.659600000000001,38.926822246428586,20.541620068614723,57.31202442424245,36.77040435562773,False,True,False,-18.639422246428584,18.639422246428584,0.7389772659942019,True,MEDIUM,POINT_BELOW_LIMIT,70-80%
C08512,L5,FPGA,124.27,1.076,11.4303,12.4358,13.5623,13.9402,1.1675,1.3051,1.4166,1.4496,Normal,50.0,batch_5,1.0054999999999996,23.47416690131188,5.08896472349802,41.85936907912574,36.77040435562772,False,False,False,-9.533966901311882,9.533966901311882,0.3427522250673999,False,LOW,POINT_BELOW_LIMIT,30-40%
C08513,L5,ASIC,123.99,1.227,11.3674,12.0142,12.9929,14.5177,1.1764,1.2551,1.3842,1.5385,Normal,50.0,batch_5,0.6468000000000007,16.55531768634841,-1.829884491465453,34.94051986416227,36.77040435562772,False,False,False,-2.03761768634841,2.03761768634841,0.0554441152414836,False,VERY_LOW,POINT_BELOW_LIMIT,0-10%
C08514,L5,ADC,124.35,1.82,11.5895,12.1557,13.0591,13.2228,1.1976,1.2888,1.3584,1.3942,Normal,50.0,batch_5,0.5662000000000003,14.955881256845236,-3.4293209209686264,33.3410834346591,36.770404355627726,False,False,False,-1.733081256845237,1.733081256845237,0.0695944828047769,False,VERY_LOW,POINT_BELOW_LIMIT,0-10%
C08515,L5,FPGA,126.63,1.112,11.5867,12.5943,14.2008,28.708,1.22,1.3198,1.4826,3.3523,Sudden_Anomaly,50.0,batch_5,1.0076,19.942107808333336,1.5569056305194735,38.3273099861472,36.770404355627726,False,False,False,8.765892191666662,8.765892191666662,0.1382471986247998,False,VERY_LOW,POINT_BELOW_LIMIT,10-20%
C08516,L5,DAC,124.69,1.789,11.2345,12.1773,13.3638,14.156,1.1629,1.2482,1.4142,1.4933,Normal,50.0,batch_5,0.9428,19.594329792188297,1.2091276143744345,37.97953197000216,36.77040435562772,False,False,False,-5.438329792188297,5.438329792188297,0.3686821284087255,False,LOW,POINT_BELOW_LIMIT,30-40%
C08517,L5,FPGA,124.98,1.123,11.7551,12.3363,12.7572,13.1781,1.2346,1.2734,1.3312,1.4112,Normal,50.0,batch_5,0.581199999999999,16.891913993739543,-1.49328818407432,35.2771161715534,36.77040435562772,False,False,False,-3.7138139937395422,3.7138139937395422,0.0969246825499921,False,VERY_LOW,POINT_BELOW_LIMIT,0-10%
C08518,L5,ASIC,124.55,1.203,11.3682,11.8109,12.2356,12.8009,1.1922,1.2086,1.2926,1.3464,Normal,50.0,batch_5,0.4427000000000003,15.344469522420624,-3.0407326553932386,33.72967170023449,36.77040435562773,False,False,False,-2.543569522420624,2.543569522420624,0.0416537454375689,False,VERY_LOW,POINT_BELOW_LIMIT,0-10%
C08519,L5,FPGA,125.39,1.119,11.1343,11.6716,12.681,14.1696,1.0769,1.2264,1.323,1.5215,Normal,50.0,batch_5,0.5373000000000001,14.67377428264738,-3.711427895166484,33.05897646046124,36.77040435562772,False,False,False,-0.5041742826473783,0.5041742826473783,0.0461748473748473,False,VERY_LOW,POINT_BELOW_LIMIT,0-10%
C08520,L5,ASIC,123.76,1.197,11.4868,13.1299,16.6788,22.315,1.213,1.392,1.8061,2.5304,Latent_Defect,50.0,batch_5,1.643099999999999,32.34875471124847,13.963552533434603,50.73395688906233,36.77040435562772,False,True,False,-10.033754711248466,10.033754711248466,0.5655207006855509,True,MEDIUM,POINT_BELOW_LIMIT,50-60%
C08521,L5,FPGA,125.12,1.094,11.1008,11.9905,13.1855,14.1379,1.1086,1.228,1.4017,1.4954,Normal,50.0,batch_5,0.8897000000000013,16.089955563220045,-2.295246614593818,34.47515774103391,36.77040435562773,False,False,False,-1.9520555632200445,1.9520555632200445,0.1696452903768514,False,LOW,POINT_BELOW_LIMIT,10-20%
C08522,L5,ASIC,122.8,1.195,11.1301,12.1911,13.2438,14.6395,1.1421,1.3012,1.3817,1.5787,Normal,50.0,batch_5,1.061,24.01029963178209,5.625097453968227,42.39550180959596,36.77040435562773,False,False,False,-9.37079963178209,9.37079963178209,0.3923376927975701,False,LOW,POINT_BELOW_LIMIT,30-40%
C08523,L5,ADC,126.08,1.836,12.0198,12.8677,13.8174,15.0674,1.2718,1.3756,1.4959,1.5907,Normal,50.0,batch_5,0.8478999999999992,20.327282853778858,1.942080675964995,38.71248503159272,36.770404355627726,False,False,False,-5.259882853778858,5.259882853778858,0.1829519650377481,False,LOW,POINT_BELOW_LIMIT,10-20%
C08524,L5,FPGA,125.8,1.11,11.804,13.8135,17.8248,23.7788,1.2388,1.4672,1.9387,2.7155,Latent_Defect,50.0,batch_5,2.009499999999999,41.20337606031749,22.818173882503626,59.58857823813135,36.77040435562772,False,True,False,-17.424576060317488,17.424576060317488,0.8752943907824614,True,HIGH,POINT_BELOW_LIMIT,80-90%
C08525,L5,ASIC,125.77,1.218,11.862,12.6095,13.3494,14.2432,1.1879,1.3675,1.4581,1.5446,Normal,50.0,batch_5,0.7475000000000005,19.44224663282564,1.0570444550117737,37.827448810639495,36.77040435562772,False,False,False,-5.199046632825636,5.199046632825636,0.2038146513246056,False,LOW,POINT_BELOW_LIMIT,20-30%
C08526,L5,FPGA,124.29,1.116,11.9092,12.676,13.5256,14.3748,1.2267,1.3261,1.4043,1.5478,Normal,50.0,batch_5,0.7667999999999999,16.744705439622173,-1.6404967381916895,35.12990761743603,36.77040435562772,False,False,False,-2.3699054396221726,2.3699054396221726,0.1011580537109948,False,VERY_LOW,POINT_BELOW_LIMIT,10-20%
C08527,L5,DAC,124.03,1.822,11.957,12.7409,13.0786,14.8522,1.2694,1.4077,1.399,1.6363,Normal,50.0,batch_5,0.7838999999999992,17.08734052132936,-1.2978616564845034,35.47254269914322,36.77040435562772,False,False,False,-2.23514052132936,2.23514052132936,0.1397893433896684,False,VERY_LOW,POINT_BELOW_LIMIT,10-20%
C08528,L5,DAC,124.34,1.797,12.0004,12.5618,13.0744,13.5349,1.2611,1.318,1.413,1.4443,Normal,50.0,batch_5,0.561399999999999,15.76498868511904,-2.6202134926948237,34.1501908629329,36.770404355627726,False,False,False,-2.230088685119039,2.230088685119039,0.057140858556648,False,VERY_LOW,POINT_BELOW_LIMIT,0-10%
C08529,L5,DAC,124.91,1.813,11.6513,12.9058,15.0546,21.8626,1.2413,1.3374,1.5931,2.4646,Latent_Defect,50.0,batch_5,1.2544999999999984,21.855767744940486,3.470565567126624,40.240969922754346,36.77040435562772,False,False,False,0.0068322550595141,0.0068322550595141,0.2260020098785913,False,LOW,POINT_BELOW_LIMIT,20-30%
C08530,L5,ASIC,124.38,1.189,10.8846,11.8126,12.8507,26.948,1.0963,1.2125,1.3513,3.1653,Sudden_Anomaly,50.0,batch_5,0.927999999999999,15.699598384208162,-2.6856037936057007,34.084800562022025,36.770404355627726,False,False,False,11.248401615791838,11.248401615791838,0.0791311693354431,False,VERY_LOW,POINT_BELOW_LIMIT,0-10%
C08531,L5,ADC,126.09,1.79,11.5632,12.2491,13.1644,13.9154,1.2155,1.2495,1.3692,1.4616,Normal,50.0,batch_5,0.6859000000000002,18.278820411210315,-0.1063817666035475,36.66402258902418,36.770404355627726,False,False,False,-4.363420411210315,4.363420411210315,0.2563502275818277,False,LOW,POINT_BELOW_LIMIT,20-30%
C08532,L5,ADC,124.36,1.8,11.9958,12.312,13.1474,14.0499,1.2371,1.3121,1.4053,1.4508,Normal,50.0,batch_5,0.3162000000000002,14.791361494543656,-3.593840683270207,33.17656367235752,36.770404355627726,False,False,False,-0.7414614945436568,0.7414614945436568,0.0571919234360411,False,VERY_LOW,POINT_BELOW_LIMIT,0-10%
C08533,L5,FPGA,125.54,1.087,11.6054,12.7253,15.6751,56.501,1.2227,1.3171,1.6912,7.9251,Absolute_Failure,50.0,batch_5,1.1199000000000012,20.030679789323862,1.6454776115100032,38.41588196713773,36.770404355627726,False,False,True,36.470320210676135,36.470320210676135,0.1492172172886265,False,VERY_LOW,POINT_BELOW_LIMIT,10-20%
C08534,L5,ASIC,125.04,1.198,12.0502,12.4491,12.4557,12.3947,1.2273,1.3245,1.304,1.2721,High_Stable,50.0,batch_5,0.3988999999999993,15.19561525873017,-3.189586919083693,33.58081743654403,36.770404355627726,False,False,False,-2.8009152587301696,2.8009152587301696,0.0399203296703296,False,VERY_LOW,POINT_BELOW_LIMIT,0-10%
C08535,L5,FPGA,125.67,1.112,11.5342,12.4356,13.3842,14.8105,1.1933,1.3332,1.3837,1.5632,Normal,50.0,batch_5,0.9014000000000006,17.072661089196934,-1.3125410886169284,35.457863267010794,36.77040435562772,False,False,False,-2.262161089196935,2.262161089196935,0.1530182452771798,False,LOW,POINT_BELOW_LIMIT,10-20%
C08536,L5,DAC,124.79,1.789,12.0175,13.3383,14.463,15.8847,1.2322,1.4148,1.5483,1.6975,Normal,50.0,batch_5,1.3208000000000002,30.17228075361718,11.787078575803315,48.55748293143104,36.77040435562772,False,False,False,-14.28758075361718,14.28758075361718,0.4134317472276604,False,MEDIUM,POINT_BELOW_LIMIT,40-50%
C08537,L5,ASIC,124.83,1.206,11.4793,12.1069,13.4057,14.0589,1.1947,1.2324,1.4391,1.4959,Normal,50.0,batch_5,0.6275999999999993,15.350903424549058,-3.034298753264805,33.73610560236292,36.770404355627726,False,False,False,-1.2920034245490584,1.2920034245490584,0.0915526695526695,False,VERY_LOW,POINT_BELOW_LIMIT,0-10%
C08538,L5,ASIC,125.66,1.211,11.5446,12.2705,12.7906,14.1678,1.1905,1.2961,1.3128,1.5124,Normal,50.0,batch_5,0.7258999999999993,15.658907625703584,-2.7262945521102786,34.04410980351744,36.77040435562772,False,False,False,-1.4911076257035845,1.4911076257035845,0.0247046473134708,False,VERY_LOW,POINT_BELOW_LIMIT,0-10%
C08539,L5,ASIC,125.42,1.19,11.6094,12.7078,15.8785,21.9362,1.224,1.348,1.7251,2.4808,Latent_Defect,50.0,batch_5,1.0983999999999998,18.76614582947954,0.3809436516656781,37.15134800729341,36.77040435562773,False,False,False,3.1700541705204586,3.1700541705204586,0.2592293215236874,False,LOW,POINT_BELOW_LIMIT,20-30%
C08540,L5,ASIC,124.83,1.184,11.0378,11.6503,12.2752,14.1422,1.145,1.237,1.2752,1.4815,Normal,50.0,batch_5,0.6124999999999989,15.566088832860627,-2.8191133449532355,33.95129101067449,36.770404355627726,False,False,False,-1.4238888328606265,1.4238888328606265,0.0726837162837163,False,VERY_LOW,POINT_BELOW_LIMIT,0-10%
C08541,L5,ASIC,126.24,1.177,11.3993,12.1523,12.3398,13.2155,1.1825,1.2844,1.2663,1.3901,Normal,50.0,batch_5,0.7530000000000001,18.34573054365884,-0.0394716341550243,36.7309327214727,36.77040435562772,False,False,False,-5.130230543658838,5.130230543658838,0.1527577878579594,False,LOW,POINT_BELOW_LIMIT,10-20%
C08542,L5,ADC,123.83,1.793,11.8484,12.6083,13.1337,13.816,1.2391,1.2886,1.3751,1.443,Normal,50.0,batch_5,0.7599,17.88541470178572,-0.4997874760281426,36.27061687959959,36.77040435562773,False,False,False,-4.069414701785719,4.069414701785719,0.1654800240265408,False,LOW,POINT_BELOW_LIMIT,10-20%
C08543,L5,DAC,124.79,1.782,12.4516,12.9378,13.4236,13.8546,1.3145,1.4058,1.43,1.4251,Normal,50.0,batch_5,0.4862000000000002,15.360103496664898,-3.0250986811489646,33.74530567447876,36.77040435562772,False,False,False,-1.5055034966648986,1.5055034966648986,0.0494038239538239,False,VERY_LOW,POINT_BELOW_LIMIT,0-10%
C08544,L5,ASIC,125.2,1.18,10.7599,11.9541,13.7138,31.8314,1.1429,1.2593,1.4639,3.7852,Sudden_Anomaly,50.0,batch_5,1.1942000000000004,22.778737457440435,4.3935352796265725,41.163939635254295,36.77040435562772,False,False,False,9.052662542559563,9.052662542559563,0.2857366653871794,False,LOW,POINT_BELOW_LIMIT,20-30%
C08545,L5,ADC,123.93,1.818,11.4118,12.1796,12.852,13.9821,1.2021,1.227,1.3819,1.484,Normal,50.0,batch_5,0.7678000000000011,24.727466955257945,6.342264777444079,43.112669133071805,36.770404355627726,False,False,False,-10.74536695525794,10.74536695525794,0.1799858841854366,False,LOW,POINT_BELOW_LIMIT,10-20%
C08546,L5,FPGA,124.82,1.106,11.9869,12.4432,13.0862,14.4553,1.2662,1.3111,1.3441,1.5549,Normal,50.0,batch_5,0.4562999999999988,17.577691130158723,-0.8075110476551401,35.962893307972585,36.770404355627726,False,False,False,-3.1223911301587237,3.1223911301587237,0.0597966480028399,False,VERY_LOW,POINT_BELOW_LIMIT,0-10%
C08547,L5,ADC,125.28,1.818,12.101,12.9769,17.9778,53.9689,1.2748,1.3925,1.9583,7.4848,Absolute_Failure,50.0,batch_5,0.8758999999999997,16.836064819444445,-1.5491373583694177,35.22126699725831,36.77040435562773,False,False,True,37.13283518055555,37.13283518055555,0.1095393941829396,False,VERY_LOW,POINT_BELOW_LIMIT,10-20%
C08548,L5,FPGA,124.55,1.129,11.3507,11.6706,12.9481,13.7064,1.1669,1.2178,1.3677,1.4884,Normal,50.0,batch_5,0.3199000000000005,15.31255658154762,-3.072645596266243,33.697758759361484,36.770404355627726,False,False,False,-1.6061565815476193,1.6061565815476193,0.176348140352939,False,LOW,POINT_BELOW_LIMIT,10-20%
C08549,L5,DAC,124.57,1.806,12.4716,12.7618,13.0873,12.8399,1.3226,1.3193,1.4129,1.3799,Normal,50.0,batch_5,0.2901999999999987,14.042907048511893,-4.34229512930197,32.42810922632576,36.77040435562773,False,False,False,-1.2030070485118929,1.2030070485118929,0.0025333333333333,False,VERY_LOW,POINT_BELOW_LIMIT,0-10%
C08550,L5,ASIC,126.76,1.186,11.2492,11.9232,12.2649,12.6559,1.1882,1.2221,1.2689,1.3774,Normal,50.0,batch_5,0.6739999999999995,18.18948743671537,-0.195714741098488,36.574689614529234,36.77040435562772,False,False,False,-5.533587436715374,5.533587436715374,0.0649402337497384,False,VERY_LOW,POINT_BELOW_LIMIT,0-10%
C08551,L5,DAC,124.13,1.825,12.4149,13.12,14.5125,15.5839,1.3245,1.4251,1.5444,1.6452,Normal,50.0,batch_5,0.7050999999999998,16.33017303073064,-2.0550291470832214,34.7153752085445,36.77040435562772,False,False,False,-0.7462730307306416,0.7462730307306416,0.0589903568653568,False,VERY_LOW,POINT_BELOW_LIMIT,0-10%
C08552,L5,FPGA,124.26,1.097,11.8129,12.7112,13.104,14.3343,1.223,1.3083,1.3933,1.5235,Normal,50.0,batch_5,0.898299999999999,17.942456787698426,-0.4427453901154372,36.327658965512285,36.77040435562772,False,False,False,-3.608156787698425,3.608156787698425,0.1824732138655977,False,LOW,POINT_BELOW_LIMIT,10-20%
C08553,L5,DAC,124.83,1.794,11.6952,12.8206,13.9719,14.694,1.2341,1.3256,1.4415,1.5316,Normal,50.0,batch_5,1.1254000000000008,19.29589251335261,0.9106903355387496,37.68109469116648,36.77040435562773,False,False,False,-4.601892513352611,4.601892513352611,0.1753100472970441,False,LOW,POINT_BELOW_LIMIT,10-20%
C08554,L5,DAC,124.77,1.789,12.1631,14.1847,17.9646,24.6486,1.2913,1.5171,1.9399,2.8219,Latent_Defect,50.0,batch_5,2.0215999999999994,41.38986151230155,23.004659334487688,59.77506369011542,36.77040435562773,False,True,False,-16.741261512301552,16.741261512301552,0.8829182707213671,True,HIGH,POINT_BELOW_LIMIT,80-90%
C08555,L5,ADC,125.57,1.803,11.9177,13.0333,13.7853,15.0876,1.2642,1.3388,1.4242,1.6083,Normal,50.0,batch_5,1.1156000000000006,19.43763195664683,1.0524297788329662,37.82283413446069,36.770404355627726,False,False,False,-4.350031956646829,4.350031956646829,0.1867288014376404,False,LOW,POINT_BELOW_LIMIT,10-20%
C08556,L5,FPGA,126.79,1.042,11.5298,12.3135,12.9417,14.0576,1.1958,1.2844,1.3806,1.4978,Normal,50.0,batch_5,0.7836999999999996,21.520469362599226,3.135267184785363,39.90567154041309,36.770404355627726,False,False,False,-7.462869362599225,7.462869362599225,0.2159157086814711,False,LOW,POINT_BELOW_LIMIT,20-30%
C08557,L5,DAC,125.48,1.821,12.3307,12.8425,15.0115,55.7935,1.2814,1.2997,1.5916,7.8078,Absolute_Failure,50.0,batch_5,0.5117999999999991,17.495431492361128,-0.889770685452735,35.88063367017499,36.77040435562772,False,False,True,38.29806850763888,38.29806850763888,0.1604065434995001,False,LOW,POINT_BELOW_LIMIT,10-20%
C08558,L5,ASIC,124.59,1.205,11.1362,12.8482,15.1793,20.8898,1.1567,1.4022,1.6401,2.2949,Latent_Defect,50.0,batch_5,1.7119999999999995,36.11491069295635,17.729708515142487,54.50011287077021,36.77040435562772,False,True,False,-15.22511069295635,15.22511069295635,0.7684772546708163,True,HIGH,POINT_BELOW_LIMIT,70-80%
C08559,L5,ASIC,125.06,1.185,11.2119,12.9196,13.9566,30.4074,1.1421,1.3531,1.4684,3.625,Sudden_Anomaly,50.0,batch_5,1.7077000000000009,40.45638038455086,22.071178206737,58.84158256236472,36.77040435562772,False,True,False,-10.048980384550864,10.048980384550864,0.8098181848263948,True,HIGH,POINT_BELOW_LIMIT,80-90%
C08560,L5,ADC,125.36,1.804,11.6051,12.493,13.5209,14.0154,1.241,1.3393,1.4207,1.4226,Normal,50.0,batch_5,0.8879000000000001,21.84626054894478,3.461058371130917,40.23146272675864,36.770404355627726,False,False,False,-7.830860548944781,7.830860548944781,0.356317620742653,False,LOW,POINT_BELOW_LIMIT,30-40%
C08561,L5,DAC,124.11,1.803,12.3726,12.727,12.781,12.6933,1.309,1.3149,1.2958,1.2828,High_Stable,50.0,batch_5,0.3544,15.016324037500008,-3.3688781403138552,33.40152621531387,36.770404355627726,False,False,False,-2.323024037500007,2.323024037500007,0.0222557451320609,False,VERY_LOW,POINT_BELOW_LIMIT,0-10%
C08562,L5,ADC,124.68,1.784,11.2374,11.6544,11.9579,12.3206,1.1844,1.2237,1.2387,1.2879,Normal,50.0,batch_5,0.4170000000000016,14.616286007178935,-3.7689161706349257,33.0014881849928,36.770404355627726,False,False,False,-2.2956860071789364,2.2956860071789364,0.0736613917128623,False,VERY_LOW,POINT_BELOW_LIMIT,0-10%
C08563,L5,FPGA,126.69,1.113,11.0397,11.6147,12.2381,12.4675,1.1664,1.2386,1.2762,1.2862,Normal,50.0,batch_5,0.5749999999999993,16.258655166451913,-2.12654701136195,34.643857344265776,36.770404355627726,False,False,False,-3.7911551664519134,3.7911551664519134,0.1024466449790618,False,VERY_LOW,POINT_BELOW_LIMIT,10-20%
C08564,L5,ADC,124.87,1.814,12.3753,12.4032,12.5516,12.6142,1.2704,1.3005,1.3013,1.3231,High_Stable,50.0,batch_5,0.0279000000000007,13.100483633143943,-5.28471854466992,31.485685810957804,36.770404355627726,False,False,False,-0.4862836331439428,0.4862836331439428,0.0021428571428571,False,VERY_LOW,POINT_BELOW_LIMIT,0-10%
C08565,L5,ASIC,126.4,1.191,11.3595,12.5955,17.0726,50.0572,1.1901,1.312,1.8411,6.775,Absolute_Failure,50.0,batch_5,1.2359999999999989,21.42744658164681,3.042244403832946,39.81264875946067,36.770404355627726,False,False,True,28.629753418353197,28.629753418353197,0.2733255596737954,False,LOW,POINT_BELOW_LIMIT,20-30%
C08566,L5,ADC,125.85,1.784,11.9541,13.1832,13.4939,14.095,1.2619,1.3866,1.3727,1.5266,Normal,50.0,batch_5,1.229099999999999,21.16073568095238,2.7755335031385187,39.54593785876624,36.770404355627726,False,False,False,-7.065735680952381,7.065735680952381,0.2189201733938575,False,LOW,POINT_BELOW_LIMIT,20-30%
C08567,L5,ASIC,124.87,1.215,12.181,12.6382,14.1784,36.932,1.3366,1.3436,1.4994,4.5295,Sudden_Anomaly,50.0,batch_5,0.4572000000000003,17.58879533551588,-0.7964068422979835,35.97399751332974,36.770404355627726,False,False,False,19.343204664484123,19.343204664484123,0.0116682539682539,False,VERY_LOW,POINT_BELOW_LIMIT,0-10%
C08568,L5,ASIC,126.2,1.206,11.3865,11.8879,12.4476,12.8821,1.1988,1.2402,1.3319,1.4102,Normal,50.0,batch_5,0.5014000000000003,17.96912492341271,-0.4160772544011522,36.35432710122657,36.770404355627726,False,False,False,-5.087024923412711,5.087024923412711,0.0819831626160142,False,VERY_LOW,POINT_BELOW_LIMIT,0-10%
C08569,L5,ADC,126.18,1.81,12.6697,12.8429,13.0598,13.3165,1.3428,1.3642,1.3972,1.4005,High_Stable,50.0,batch_5,0.1731999999999995,14.507543893521058,-3.8776582842928047,32.89274607133492,36.770404355627726,False,False,False,-1.1910438935210583,1.1910438935210583,0.0189591269841269,False,VERY_LOW,POINT_BELOW_LIMIT,0-10%
C08570,L5,DAC,125.6,1.789,11.6246,12.2618,13.2371,14.4207,1.2233,1.2516,1.4243,1.5356,Normal,50.0,batch_5,0.6372,16.78407319920636,-1.6011289786075018,35.16927537702023,36.77040435562773,False,False,False,-2.363373199206361,2.363373199206361,0.0826024074484208,False,VERY_LOW,POINT_BELOW_LIMIT,0-10%
C08571,L5,ASIC,125.17,1.204,11.9701,12.9005,13.4112,14.0634,1.2325,1.3554,1.4273,1.5128,Normal,50.0,batch_5,0.9303999999999988,18.876204774801582,0.4910025969877196,37.261406952615445,36.770404355627726,False,False,False,-4.812804774801583,4.812804774801583,0.0920135700900406,False,VERY_LOW,POINT_BELOW_LIMIT,0-10%
C08572,L5,DAC,123.33,1.8,11.9153,12.2368,12.3542,12.1789,1.2435,1.3376,1.2843,1.3147,High_Stable,50.0,batch_5,0.3215000000000003,15.87660929196428,-2.508592885849584,34.26181146977814,36.77040435562772,False,False,False,-3.6977092919642782,3.6977092919642782,0.0649270121183164,False,VERY_LOW,POINT_BELOW_LIMIT,0-10%
C08573,L5,FPGA,127.24,1.098,11.7909,13.4975,15.0785,22.2531,1.2714,1.4299,1.5874,2.5234,Latent_Defect,50.0,batch_5,1.7066,31.623913796437595,13.238711618623732,50.00911597425146,36.770404355627726,False,True,False,-9.370813796437597,9.370813796437597,0.6060689438730155,True,MEDIUM,POINT_BELOW_LIMIT,60-70%
C08574,L5,ASIC,124.53,1.186,11.0694,10.9941,11.0987,10.6878,1.1596,1.1537,1.1716,1.1319,High_Stable,50.0,batch_5,-0.0753000000000003,13.0985174569507,-5.286684720863164,31.48371963476456,36.770404355627726,False,False,False,-2.4107174569506995,2.4107174569506995,0.0778816058210795,False,VERY_LOW,POINT_BELOW_LIMIT,0-10%
C08575,L5,ASIC,125.04,1.192,11.3586,12.0152,12.7435,13.6469,1.2288,1.2481,1.3451,1.4128,Normal,50.0,batch_5,0.656600000000001,18.376386009195663,-0.0088161686181997,36.76158818700952,36.77040435562772,False,False,False,-4.729486009195663,4.729486009195663,0.1792039321307459,False,LOW,POINT_BELOW_LIMIT,10-20%
C08576,L5,FPGA,126.1,1.087,11.1942,13.0316,14.9376,18.8432,1.1821,1.2967,1.6054,2.0784,Latent_Defect,50.0,batch_5,1.8373999999999988,37.2732875142677,18.88808533645384,55.65848969208156,36.77040435562772,False,True,False,-18.4300875142677,18.4300875142677,0.713684468202462,True,MEDIUM,POINT_BELOW_LIMIT,70-80%
C08577,L5,ADC,124.8,1.822,12.1349,12.1906,12.5136,13.0675,1.2324,1.3211,1.2932,1.4125,High_Stable,50.0,batch_5,0.0556999999999998,14.256340573322502,-4.128861604491361,32.64154275113636,36.770404355627726,False,False,False,-1.1888405733225014,1.1888405733225014,0.0380681024857495,False,VERY_LOW,POINT_BELOW_LIMIT,0-10%
C08578,L5,DAC,126.12,1.806,11.8964,13.1606,17.036,22.4592,1.2082,1.3982,1.8668,2.5277,Latent_Defect,50.0,batch_5,1.2642000000000009,23.006126599603157,4.62092442178929,41.391328777417016,36.770404355627726,False,False,False,-0.5469265996031538,0.5469265996031538,0.2435220576523679,False,LOW,POINT_BELOW_LIMIT,20-30%
C08579,L5,DAC,124.46,1.818,12.1482,12.7473,13.7872,14.2624,1.2411,1.2822,1.5116,1.476,Normal,50.0,batch_5,0.5991,20.60878479674424,2.223582618930376,38.9939869745581,36.77040435562772,False,False,False,-6.346384796744239,6.346384796744239,0.2870500812826663,False,LOW,POINT_BELOW_LIMIT,20-30%
C08580,L5,DAC,124.53,1.823,11.947,13.7033,20.3373,52.7965,1.2457,1.4709,2.2306,7.275,Absolute_Failure,50.0,batch_5,1.7563000000000013,37.755921049702366,19.370718871888503,56.14112322751623,36.77040435562773,False,True,True,15.040578950297636,15.040578950297636,0.6361573979333756,True,MEDIUM,POINT_BELOW_LIMIT,60-70%
C08581,L5,DAC,125.79,1.794,11.9486,12.6693,13.3891,13.9934,1.2311,1.3471,1.4085,1.5394,Normal,50.0,batch_5,0.720699999999999,19.378686127687587,0.993483949873724,37.76388830550145,36.77040435562773,False,False,False,-5.385286127687587,5.385286127687587,0.0917024484287641,False,VERY_LOW,POINT_BELOW_LIMIT,0-10%
C08582,L5,DAC,125.23,1.799,11.5422,11.8203,12.8508,13.815,1.1871,1.2312,1.3242,1.399,Normal,50.0,batch_5,0.2781000000000002,14.28062311112013,-4.1045790666937325,32.665825288933995,36.770404355627726,False,False,False,-0.4656231111201308,0.4656231111201308,0.0349086413586413,False,VERY_LOW,POINT_BELOW_LIMIT,0-10%
C08583,L5,FPGA,125.13,1.097,11.3893,11.5791,11.4754,11.9016,1.205,1.1911,1.187,1.2639,High_Stable,50.0,batch_5,0.1897999999999999,13.765279550892853,-4.61992262692101,32.15048172870672,36.770404355627726,False,False,False,-1.8636795508928523,1.8636795508928523,0.0467594849594849,False,VERY_LOW,POINT_BELOW_LIMIT,0-10%
C08584,L5,FPGA,124.87,1.092,11.7671,12.5897,12.6315,13.9786,1.2322,1.3278,1.3273,1.4534,Normal,50.0,batch_5,0.8226000000000013,20.728839059821425,2.343636882007562,39.11404123763529,36.77040435562773,False,False,False,-6.750239059821425,6.750239059821425,0.4213134410173348,False,MEDIUM,POINT_BELOW_LIMIT,40-50%
C08585,L5,ADC,125.02,1.792,11.7301,12.7789,13.1815,13.847,1.2504,1.3108,1.4141,1.4337,Normal,50.0,batch_5,1.0488,16.356745641590365,-2.028456536223498,34.74194781940423,36.77040435562773,False,False,False,-2.5097456415903654,2.5097456415903654,0.076723260932394,False,VERY_LOW,POINT_BELOW_LIMIT,0-10%
C08586,L5,FPGA,125.17,1.101,11.7605,11.8315,11.9439,11.8721,1.251,1.2691,1.2415,1.2547,High_Stable,50.0,batch_5,0.0709999999999997,12.704148252678587,-5.681053925135275,31.08935043049245,36.770404355627726,False,False,False,-0.8320482526785877,0.8320482526785877,0.0139751082251082,False,VERY_LOW,POINT_BELOW_LIMIT,0-10%
C08587,L5,DAC,125.23,1.781,11.7433,12.9515,13.3382,14.8471,1.2367,1.3488,1.4215,1.6124,Normal,50.0,batch_5,1.2081999999999995,20.600059600694458,2.214857422880595,38.98526177850832,36.77040435562772,False,False,False,-5.752959600694458,5.752959600694458,0.1929762789556603,False,LOW,POINT_BELOW_LIMIT,10-20%
C08588,L5,ADC,125.69,1.793,12.1622,13.3674,14.46,14.5859,1.2454,1.4156,1.5144,1.5465,Normal,50.0,batch_5,1.2051999999999996,23.59420185089286,5.208999673078996,41.979404028706725,36.77040435562773,False,False,False,-9.008301850892858,9.008301850892858,0.2332083233820216,False,LOW,POINT_BELOW_LIMIT,20-30%
C08589,L5,FPGA,123.69,1.103,10.9465,11.8487,12.2256,12.5575,1.1707,1.2487,1.2907,1.3346,Normal,50.0,batch_5,0.9021999999999988,17.154101872992978,-1.2311003048208846,35.53930405080684,36.770404355627726,False,False,False,-4.596601872992979,4.596601872992979,0.1177317848044628,False,VERY_LOW,POINT_BELOW_LIMIT,10-20%
C08590,L5,ADC,124.77,1.834,12.0098,15.0878,21.6737,58.9229,1.2918,1.635,2.4239,8.409,Absolute_Failure,50.0,batch_5,3.0779999999999994,56.17543969454363,37.79023751672976,74.5606418723575,36.77040435562773,True,True,True,2.7474603054563715,2.7474603054563715,0.984013800587098,True,HIGH,POINT_ABOVE_LIMIT,90-100%
C08591,L5,ASIC,124.6,1.207,11.4424,12.0535,12.9681,14.3019,1.1529,1.2593,1.3746,1.5637,Normal,50.0,batch_5,0.6111000000000004,16.62767265900975,-1.7575295188041125,35.01287483682361,36.770404355627726,False,False,False,-2.3257726590097505,2.3257726590097505,0.0444487012987013,False,VERY_LOW,POINT_BELOW_LIMIT,0-10%
C08592,L5,ASIC,126.36,1.196,10.8589,11.5385,12.271,12.4663,1.1265,1.2185,1.3208,1.3183,Normal,50.0,batch_5,0.6796000000000006,14.25076389146826,-4.134438286345603,32.63596606928212,36.77040435562772,False,False,False,-1.7844638914682598,1.7844638914682598,0.0473639130460183,False,VERY_LOW,POINT_BELOW_LIMIT,0-10%
C08593,L5,DAC,125.35,1.82,12.4349,13.076,13.7781,14.6298,1.315,1.4127,1.44,1.5968,Normal,50.0,batch_5,0.6410999999999998,16.435906767598897,-1.949295410214965,34.82110894541276,36.770404355627726,False,False,False,-1.806106767598898,1.806106767598898,0.0907206109761224,False,VERY_LOW,POINT_BELOW_LIMIT,0-10%
C08594,L5,ASIC,124.15,1.193,11.0274,11.8962,13.4014,14.031,1.1484,1.241,1.3992,1.4709,Normal,50.0,batch_5,0.8688000000000002,16.071136552678567,-2.314065625135296,34.45633873049243,36.77040435562773,False,False,False,-2.0401365526785664,2.0401365526785664,0.1090912882812734,False,VERY_LOW,POINT_BELOW_LIMIT,10-20%
C08595,L5,ASIC,126.29,1.207,11.1964,12.2675,13.2422,13.6385,1.1631,1.3108,1.4086,1.4836,Normal,50.0,batch_5,1.0710999999999995,17.478913802083326,-0.9062883757305364,35.86411597989719,36.77040435562773,False,False,False,-3.840413802083326,3.840413802083326,0.2615261262071658,False,LOW,POINT_BELOW_LIMIT,20-30%
C08596,L5,ADC,124.41,1.792,11.6228,12.8224,17.77,60.4566,1.2371,1.3431,1.9352,8.6867,Absolute_Failure,50.0,batch_5,1.1996000000000002,22.51542160149711,4.130219423683247,40.900623779310976,36.77040435562773,False,False,True,37.94117839850289,37.94117839850289,0.3482030620941504,False,LOW,POINT_BELOW_LIMIT,30-40%
C08597,L5,ASIC,125.34,1.2,11.0491,12.0993,12.6065,13.9165,1.1375,1.2475,1.3127,1.4798,Normal,50.0,batch_5,1.0502000000000002,16.22229629494047,-2.1629058828733925,34.60749847275433,36.77040435562772,False,False,False,-2.305796294940471,2.305796294940471,0.1596788522360638,False,LOW,POINT_BELOW_LIMIT,10-20%
C08598,L5,DAC,125.76,1.809,11.6359,12.6947,13.6285,14.8067,1.2112,1.3477,1.425,1.598,Normal,50.0,batch_5,1.0587999999999995,18.48277320573108,0.097571027917219,36.86797538354495,36.770404355627726,False,False,False,-3.6760732057310825,3.6760732057310825,0.1116064451630241,False,VERY_LOW,POINT_BELOW_LIMIT,10-20%
C08599,L5,ASIC,125.03,1.195,11.6653,12.5294,13.0769,14.4505,1.1947,1.2935,1.3482,1.5046,Normal,50.0,batch_5,0.8641000000000005,16.272324139033188,-2.112878038780675,34.657526316847054,36.77040435562773,False,False,False,-1.821824139033188,1.821824139033188,0.0860069835568411,False,VERY_LOW,POINT_BELOW_LIMIT,0-10%
C08600,L5,FPGA,125.18,1.106,11.5781,12.0471,13.3514,14.3553,1.2237,1.2644,1.4272,1.5017,Normal,50.0,batch_5,0.4690000000000012,15.508671834290563,-2.8765303435232976,33.893874012104426,36.770404355627726,False,False,False,-1.1533718342905654,1.1533718342905654,0.1681732855753193,False,LOW,POINT_BELOW_LIMIT,10-20%
C08601,L5,ASIC,124.76,1.192,11.7471,12.111,12.8627,13.3798,1.2541,1.2991,1.3809,1.4298,Normal,50.0,batch_5,0.363900000000001,14.2231603084596,-4.162041869354264,32.608362486273464,36.770404355627726,False,False,False,-0.8433603084595998,0.8433603084595998,0.0221904095904095,False,VERY_LOW,POINT_BELOW_LIMIT,0-10%
C08602,L5,ADC,124.07,1.82,12.0337,13.411,14.2714,15.5388,1.2295,1.4311,1.5635,1.6517,Normal,50.0,batch_5,1.3773,34.240769400595234,15.85556722278137,52.62597157840909,36.77040435562772,False,True,False,-18.70196940059523,18.70196940059523,0.4592665311778001,False,MEDIUM,POINT_BELOW_LIMIT,40-50%
C08603,L5,ASIC,124.22,1.182,11.5481,12.4929,14.9878,34.6334,1.1779,1.3303,1.5784,4.2584,Sudden_Anomaly,50.0,batch_5,0.9448000000000008,19.87199045942461,1.486788281610746,38.25719263723848,36.77040435562773,False,False,False,14.761409540575391,14.761409540575391,0.2150007748994821,False,LOW,POINT_BELOW_LIMIT,20-30%
C08604,L5,ASIC,125.2,1.211,11.8868,13.4093,20.2311,56.338,1.2371,1.4264,2.2894,7.8667,Absolute_Failure,50.0,batch_5,1.5225000000000009,32.08077101468253,13.69556883686867,50.46597319249639,36.77040435562772,False,True,True,24.257228985317468,24.257228985317468,0.4955710876180549,False,MEDIUM,POINT_BELOW_LIMIT,40-50%
C08605,L5,ASIC,125.22,1.215,11.1967,11.7043,13.0524,13.9187,1.1606,1.2647,1.405,1.4688,Normal,50.0,batch_5,0.5076,15.090326514980164,-3.2948756628337,33.47552869279403,36.77040435562773,False,False,False,-1.1716265149801632,1.1716265149801632,0.0475851468792645,False,VERY_LOW,POINT_BELOW_LIMIT,0-10%
C08606,L5,ASIC,123.36,1.207,11.0583,12.1853,13.146,13.7384,1.1136,1.3089,1.3881,1.4246,Normal,50.0,batch_5,1.127000000000001,21.860593161656745,3.475390983842882,40.24579533947061,36.77040435562772,False,False,False,-8.122193161656744,8.122193161656744,0.2873252566011556,False,LOW,POINT_BELOW_LIMIT,20-30%
C08607,L5,FPGA,126.71,1.089,11.5775,12.1361,12.7597,13.9285,1.1671,1.2921,1.3257,1.4902,Normal,50.0,batch_5,0.5586000000000002,17.339672632948172,-1.0455295448656905,35.72487481076203,36.77040435562772,False,False,False,-3.4111726329481726,3.4111726329481726,0.1607788701494582,False,LOW,POINT_BELOW_LIMIT,10-20%
C08608,L5,DAC,125.19,1.83,11.9193,12.2208,12.9412,13.6222,1.2157,1.3,1.3286,1.448,Normal,50.0,batch_5,0.3015000000000007,17.028663612202365,-1.3565385656114977,35.41386579001623,36.77040435562773,False,False,False,-3.4064636122023657,3.4064636122023657,0.0858752810124172,False,VERY_LOW,POINT_BELOW_LIMIT,0-10%
C08609,L5,FPGA,124.25,1.123,11.6183,12.2327,12.3528,13.5742,1.1992,1.2758,1.3393,1.4417,Normal,50.0,batch_5,0.6143999999999998,15.488392937301589,-2.896809240512276,33.87359511511545,36.770404355627726,False,False,False,-1.9141929373015876,1.9141929373015876,0.0614857307381301,False,VERY_LOW,POINT_BELOW_LIMIT,0-10%
C08610,L5,ASIC,126.34,1.198,11.108,11.5164,12.2692,13.174,1.1586,1.1752,1.244,1.405,Normal,50.0,batch_5,0.4084000000000003,17.751347125784626,-0.6338550520292365,36.136549303598485,36.77040435562772,False,False,False,-4.577347125784627,4.577347125784627,0.0483238788988788,False,VERY_LOW,POINT_BELOW_LIMIT,0-10%
C08611,L5,ADC,124.16,1.838,12.1356,12.6916,12.7201,14.4165,1.26,1.3363,1.3646,1.5683,Normal,50.0,batch_5,0.5559999999999992,19.13159704182,0.7463948640061346,37.51679921963386,36.770404355627726,False,False,False,-4.715097041819998,4.715097041819998,0.2381168024957497,False,LOW,POINT_BELOW_LIMIT,20-30%
C08612,L5,DAC,125.08,1.792,11.7525,13.0481,13.7519,14.5736,1.2203,1.3311,1.4659,1.5495,Normal,50.0,batch_5,1.2956000000000003,23.291475890476217,4.906273712662355,41.67667806829008,36.770404355627726,False,False,False,-8.717875890476217,8.717875890476217,0.2857219536371406,False,LOW,POINT_BELOW_LIMIT,20-30%
C08613,L5,ASIC,125.8,1.168,11.9154,11.9433,11.9382,12.1765,1.2534,1.26,1.2258,1.2737,High_Stable,50.0,batch_5,0.0279000000000007,12.528406958639954,-5.856795219173909,30.91360913645381,36.770404355627726,False,False,False,-0.3519069586399528,0.3519069586399528,0.0073238095238095,False,VERY_LOW,POINT_BELOW_LIMIT,0-10%
C08614,L5,ADC,124.31,1.807,11.9174,11.9634,11.6857,12.0792,1.2775,1.202,1.2316,1.2666,High_Stable,50.0,batch_5,0.0459999999999993,13.26841899880954,-5.116783179004324,31.653621176623403,36.770404355627726,False,False,False,-1.1892189988095383,1.1892189988095383,0.0044785714285714,False,VERY_LOW,POINT_BELOW_LIMIT,0-10%
C08615,L5,FPGA,126.32,1.114,10.7223,11.9481,12.7146,14.0449,1.1324,1.2603,1.2659,1.5294,Normal,50.0,batch_5,1.2257999999999996,22.93404336054016,4.548841182726296,41.319245538354025,36.77040435562773,False,False,False,-8.889143360540158,8.889143360540158,0.3727770157949116,False,LOW,POINT_BELOW_LIMIT,30-40%
C08616,L5,FPGA,125.66,1.089,11.2293,11.7362,12.3906,13.0836,1.1777,1.2241,1.2845,1.3448,Normal,50.0,batch_5,0.5068999999999999,14.473522019537809,-3.911680158276056,32.85872419735167,36.770404355627726,False,False,False,-1.3899220195378064,1.3899220195378064,0.0310497782918835,False,VERY_LOW,POINT_BELOW_LIMIT,0-10%
C08617,L5,ASIC,124.21,1.207,11.1344,12.4136,15.7712,22.2807,1.1711,1.3068,1.6815,2.5076,Latent_Defect,50.0,batch_5,1.2792000000000012,19.374159708531728,0.9889575307178652,37.75936188634559,36.77040435562772,False,False,False,2.9065402914682714,2.9065402914682714,0.178416391579185,False,LOW,POINT_BELOW_LIMIT,10-20%
C08618,L5,ADC,125.64,1.794,11.2984,11.9532,12.5583,13.1944,1.1637,1.2794,1.3028,1.4276,Normal,50.0,batch_5,0.6547999999999998,18.026223147111352,-0.3589790307025104,36.41142532492522,36.77040435562773,False,False,False,-4.831823147111352,4.831823147111352,0.2470210255722201,False,LOW,POINT_BELOW_LIMIT,20-30%
C08619,L5,ASIC,124.35,1.204,11.6803,11.662,11.9417,12.342,1.2073,1.2018,1.2443,1.3177,High_Stable,50.0,batch_5,-0.0182999999999999,12.220185111904764,-6.165017065909099,30.605387289718628,36.770404355627726,False,False,False,0.121814888095237,0.121814888095237,0.0045896825396825,False,VERY_LOW,POINT_BELOW_LIMIT,0-10%
C08620,L5,ASIC,124.91,1.208,11.2388,11.4627,11.7398,11.8538,1.2311,1.2394,1.2117,1.1753,High_Stable,50.0,batch_5,0.2239000000000004,15.450906090007225,-2.934296087806638,33.83610826782109,36.770404355627726,False,False,False,-3.597106090007225,3.597106090007225,0.1054632215539504,False,VERY_LOW,POINT_BELOW_LIMIT,10-20%
C08621,L5,DAC,127.27,1.801,12.1403,12.796,13.1948,14.4459,1.2706,1.3508,1.3636,1.5269,Normal,50.0,batch_5,0.6556999999999995,21.798458710317476,3.4132565325036097,40.183660888131335,36.770404355627726,False,False,False,-7.352558710317472,7.352558710317472,0.1224580405176851,False,VERY_LOW,POINT_BELOW_LIMIT,10-20%
C08622,L5,ADC,124.62,1.805,12.0228,13.8253,18.7232,60.9041,1.2567,1.4324,2.072,8.7831,Absolute_Failure,50.0,batch_5,1.8025,38.89251750989362,20.50731533207976,57.27771968770749,36.77040435562773,False,True,True,22.011582490106377,22.011582490106377,0.7021947807287607,True,MEDIUM,POINT_BELOW_LIMIT,70-80%
C08623,L5,ASIC,124.54,1.197,11.2524,12.211,12.4473,13.0367,1.1732,1.2874,1.2873,1.3611,Normal,50.0,batch_5,0.9586000000000006,16.337045921428565,-2.048156256385297,34.72224809924243,36.770404355627726,False,False,False,-3.300345921428565,3.300345921428565,0.087340321529176,False,VERY_LOW,POINT_BELOW_LIMIT,0-10%
C08624,L5,ADC,125.44,1.825,12.028,12.8498,13.4022,14.4072,1.2653,1.3672,1.423,1.5558,Normal,50.0,batch_5,0.8217999999999996,17.117242797023795,-1.267959380790067,35.50244497483766,36.770404355627726,False,False,False,-2.710042797023796,2.710042797023796,0.1412320405514676,False,VERY_LOW,POINT_BELOW_LIMIT,10-20%
C08625,L5,DAC,125.52,1.797,11.9589,12.4488,13.0558,14.2136,1.2324,1.3153,1.3761,1.5171,Normal,50.0,batch_5,0.4899000000000004,15.106695363340648,-3.2785068144732143,33.491897541154515,36.77040435562773,False,False,False,-0.8930953633406489,0.8930953633406489,0.0271594572094572,False,VERY_LOW,POINT_BELOW_LIMIT,0-10%
C08626,L5,DAC,123.97,1.82,11.7371,12.7385,13.9513,14.5168,1.2301,1.3141,1.491,1.5292,Normal,50.0,batch_5,1.0014000000000003,18.4002450828373,0.0150429050234386,36.78544726065117,36.77040435562773,False,False,False,-3.8834450828373015,3.8834450828373015,0.2376764597510444,False,LOW,POINT_BELOW_LIMIT,20-30%
C08627,L5,ADC,123.26,1.814,11.818,12.246,12.5844,13.3696,1.2076,1.3143,1.3002,1.4409,Normal,50.0,batch_5,0.4280000000000008,17.05449959027776,-1.330702587536102,35.43970176809162,36.770404355627726,False,False,False,-3.6848995902777606,3.6848995902777606,0.1469160641739319,False,VERY_LOW,POINT_BELOW_LIMIT,10-20%
C08628,L5,DAC,126.04,1.796,12.6295,13.729,21.532,56.5795,1.3236,1.4771,2.4616,7.9133,Absolute_Failure,50.0,batch_5,1.099499999999999,19.52020022691668,1.134998049102819,37.90540240473055,36.770404355627726,False,False,True,37.059299773083325,37.059299773083325,0.3191468362388168,False,LOW,POINT_BELOW_LIMIT,30-40%
C08629,L5,FPGA,126.15,1.084,11.5856,11.92,12.6354,13.2118,1.2028,1.2403,1.3404,1.377,Normal,50.0,batch_5,0.3344000000000005,14.319589605555556,-4.065612572258308,32.704791783369416,36.770404355627726,False,False,False,-1.1077896055555545,1.1077896055555545,0.0502960705960706,False,VERY_LOW,POINT_BELOW_LIMIT,0-10%
C08630,L5,FPGA,124.94,1.099,11.2372,12.0156,12.9494,14.2771,1.1969,1.2463,1.3525,1.5321,Normal,50.0,batch_5,0.7783999999999995,17.15383167541833,-1.2313705023955317,35.5390338532322,36.77040435562773,False,False,False,-2.8767316754183305,2.8767316754183305,0.2131092368531692,False,LOW,POINT_BELOW_LIMIT,20-30%
C08631,L5,FPGA,126.08,1.13,11.2409,11.8133,12.5083,13.4301,1.1573,1.238,1.3417,1.4758,Normal,50.0,batch_5,0.5724,17.54627827790032,-0.8389238999135422,35.93148045571418,36.77040435562772,False,False,False,-4.116178277900321,4.116178277900321,0.2799771658756831,False,LOW,POINT_BELOW_LIMIT,20-30%
C08632,L5,ADC,125.43,1.813,11.7737,12.1001,12.5262,13.491,1.2342,1.2488,1.3206,1.4291,Normal,50.0,batch_5,0.3263999999999996,14.297554960218278,-4.087647217595585,32.682757138032144,36.77040435562773,False,False,False,-0.8065549602182784,0.8065549602182784,0.04343999158736,False,VERY_LOW,POINT_BELOW_LIMIT,0-10%
C08633,L5,DAC,125.96,1.797,11.64,12.6862,13.1817,14.6504,1.2366,1.2973,1.4114,1.5457,Normal,50.0,batch_5,1.046199999999999,17.94966676845238,-0.4355354093614814,36.33486894626624,36.77040435562772,False,False,False,-3.299266768452382,3.299266768452382,0.141555493431577,False,VERY_LOW,POINT_BELOW_LIMIT,10-20%
C08634,L5,ADC,123.45,1.797,11.4082,12.5892,13.6028,14.2088,1.1719,1.3316,1.477,1.5366,Normal,50.0,batch_5,1.1809999999999992,25.140492157738084,6.755289979924221,43.52569433555195,36.770404355627726,False,False,False,-10.931692157738084,10.931692157738084,0.421407030305323,False,MEDIUM,POINT_BELOW_LIMIT,40-50%
C08635,L5,ADC,125.76,1.817,12.0763,12.6894,13.8867,15.4469,1.2258,1.2941,1.4889,1.6615,Normal,50.0,batch_5,0.6130999999999993,21.265169260813483,2.87996708299962,39.65037143862735,36.770404355627726,False,False,False,-5.818269260813484,5.818269260813484,0.147718148114729,False,VERY_LOW,POINT_BELOW_LIMIT,10-20%
C08636,L5,FPGA,124.94,1.089,11.2319,11.8266,12.8444,29.8965,1.1623,1.2457,1.3348,3.5282,Sudden_Anomaly,50.0,batch_5,0.5946999999999996,17.421105516552892,-0.9640966612609708,35.80630769436675,36.77040435562772,False,False,False,12.475394483447108,12.475394483447108,0.249456072681475,False,LOW,POINT_BELOW_LIMIT,20-30%
C08637,L5,ASIC,125.66,1.209,11.9282,13.0526,14.1621,14.6375,1.2174,1.3828,1.468,1.5865,Normal,50.0,batch_5,1.1243999999999996,21.57526768244046,3.190065504626599,39.96046986025432,36.77040435562772,False,False,False,-6.937767682440462,6.937767682440462,0.2975974681050239,False,LOW,POINT_BELOW_LIMIT,20-30%
C08638,L5,FPGA,123.71,1.106,10.8208,11.2575,11.5545,12.2756,1.0928,1.1314,1.1998,1.3027,Normal,50.0,batch_5,0.4367000000000001,13.720858715178556,-4.664343462635307,32.10606089299242,36.770404355627726,False,False,False,-1.4452587151785554,1.4452587151785554,0.0205612945202194,False,VERY_LOW,POINT_BELOW_LIMIT,0-10%
C08639,L5,FPGA,125.55,1.116,11.798,14.7999,20.3056,56.7826,1.2344,1.5877,2.2432,7.9744,Absolute_Failure,50.0,batch_5,3.001899999999999,54.77300695089286,36.387804773079,73.15820912870672,36.77040435562772,True,True,True,2.0095930491071456,2.0095930491071456,0.9995005347593584,True,HIGH,POINT_ABOVE_LIMIT,90-100%
C08640,L5,FPGA,126.03,1.1,11.4935,12.7627,13.0095,13.1568,1.2225,1.3158,1.3678,1.3884,Normal,50.0,batch_5,1.2692000000000014,23.49381042474746,5.108608246933596,41.87901260256132,36.77040435562772,False,False,False,-10.337010424747458,10.337010424747458,0.1892153766434803,False,LOW,POINT_BELOW_LIMIT,10-20%
C08641,L5,ASIC,125.03,1.2,11.0717,11.8315,13.1864,36.673,1.1169,1.2361,1.3892,4.5183,Sudden_Anomaly,50.0,batch_5,0.7598000000000003,16.001358137229445,-2.383844040584417,34.38656031504331,36.77040435562773,False,False,False,20.67164186277056,20.67164186277056,0.117379109204237,False,VERY_LOW,POINT_BELOW_LIMIT,10-20%
C08642,L5,ASIC,124.34,1.212,11.3494,13.0328,17.914,24.9686,1.2211,1.3856,1.9384,2.8833,Latent_Defect,50.0,batch_5,1.683400000000001,38.07939940148805,19.69419722367419,56.46460157930191,36.77040435562772,False,True,False,-13.110799401488055,13.110799401488055,0.6954151463892351,True,MEDIUM,POINT_BELOW_LIMIT,60-70%
C08643,L5,DAC,125.19,1.767,12.1288,12.3725,12.3459,12.5546,1.3245,1.2986,1.2538,1.3271,High_Stable,50.0,batch_5,0.2437000000000004,14.549049453273804,-3.83615272454006,32.93425163108766,36.77040435562772,False,False,False,-1.994449453273802,1.994449453273802,0.0119019536019536,False,VERY_LOW,POINT_BELOW_LIMIT,0-10%
C08644,L5,FPGA,126.38,1.082,11.4323,12.0882,12.9736,13.5792,1.2156,1.2554,1.3229,1.4264,Normal,50.0,batch_5,0.6559000000000008,20.409682325803917,2.024480147990051,38.79488450361778,36.77040435562773,False,False,False,-6.830482325803914,6.830482325803914,0.1937446135167576,False,LOW,POINT_BELOW_LIMIT,10-20%
C08645,L5,DAC,125.91,1.8,12.3522,12.5522,12.9519,12.8974,1.2947,1.3349,1.3551,1.4004,High_Stable,50.0,batch_5,0.1999999999999993,14.20883626642316,-4.176365911390704,32.59403844423702,36.770404355627726,False,False,False,-1.3114362664231596,1.3114362664231596,0.0248036716551422,False,VERY_LOW,POINT_BELOW_LIMIT,0-10%
C08646,L5,DAC,124.78,1.809,12.1549,13.2746,15.0454,36.2254,1.2702,1.4026,1.5994,4.4997,Sudden_Anomaly,50.0,batch_5,1.1197,18.60125755466269,0.2160553768488284,36.98645973247656,36.770404355627726,False,False,False,17.62414244533731,17.62414244533731,0.0345473368937978,False,VERY_LOW,POINT_BELOW_LIMIT,0-10%
C08647,L5,ASIC,124.9,1.204,11.0963,11.266,11.9434,12.3159,1.1373,1.144,1.2838,1.2727,Normal,50.0,batch_5,0.1697000000000006,13.760228639123373,-4.62497353869049,32.145430816937235,36.770404355627726,False,False,False,-1.4443286391233734,1.4443286391233734,0.0544485347985348,False,VERY_LOW,POINT_BELOW_LIMIT,0-10%
C08648,L5,ASIC,124.98,1.201,11.1742,11.5095,11.8005,11.9286,1.1507,1.2207,1.2838,1.2094,Normal,50.0,batch_5,0.3352999999999984,16.339673987103183,-2.04552819071068,34.72487616491705,36.77040435562773,False,False,False,-4.411073987103183,4.411073987103183,0.0979625233040093,False,VERY_LOW,POINT_BELOW_LIMIT,0-10%
C08649,L5,FPGA,126.82,1.097,12.0201,12.2169,12.5378,12.4397,1.2662,1.2827,1.3271,1.3147,High_Stable,50.0,batch_5,0.1968000000000014,13.824430814384932,-4.56077136342893,32.20963299219879,36.77040435562772,False,False,False,-1.3847308143849322,1.3847308143849322,0.0184023809523809,False,VERY_LOW,POINT_BELOW_LIMIT,0-10%
C08650,L5,FPGA,124.84,1.074,11.3196,14.399,20.5856,57.3056,1.1008,1.5458,2.333,8.0884,Absolute_Failure,50.0,batch_5,3.0794,53.98876111934523,35.60355894153136,72.3739632971591,36.77040435562773,True,True,True,3.316838880654771,3.316838880654771,0.9847537721939896,True,HIGH,POINT_ABOVE_LIMIT,90-100%
C08651,L5,FPGA,126.17,1.086,11.4465,12.3305,12.8996,14.7711,1.198,1.2962,1.3738,1.5997,Normal,50.0,batch_5,0.8840000000000003,20.40285154851192,2.017649370698056,38.788053726325785,36.77040435562773,False,False,False,-5.631751548511918,5.631751548511918,0.2919400344360556,False,LOW,POINT_BELOW_LIMIT,20-30%
C08652,L5,FPGA,126.04,1.095,10.7755,11.736,11.981,12.3431,1.1057,1.2444,1.2629,1.2905,Normal,50.0,batch_5,0.9605000000000016,16.977324632986104,-1.407877544827759,35.36252681079996,36.77040435562772,False,False,False,-4.634224632986104,4.634224632986104,0.2114448393513577,False,LOW,POINT_BELOW_LIMIT,20-30%
C08653,L5,ASIC,124.42,1.186,11.4881,12.8321,13.2138,14.1622,1.2008,1.3409,1.4252,1.4873,Normal,50.0,batch_5,1.3440000000000012,29.88248298869048,11.497280810876614,48.267685166504336,36.77040435562772,False,False,False,-15.720282988690476,15.720282988690476,0.4464136577047474,False,MEDIUM,POINT_BELOW_LIMIT,40-50%
C08654,L5,ASIC,124.96,1.198,11.8202,12.0262,12.2671,12.6686,1.2008,1.2522,1.295,1.3044,High_Stable,50.0,batch_5,0.2059999999999995,13.615236801289669,-4.769965376524194,32.000438979103535,36.77040435562773,False,False,False,-0.9466368012896692,0.9466368012896692,0.0268430247860453,False,VERY_LOW,POINT_BELOW_LIMIT,0-10%
C08655,L5,ASIC,123.64,1.185,11.0922,11.8165,12.4234,12.3977,1.1605,1.2083,1.2978,1.3187,Normal,50.0,batch_5,0.7242999999999995,15.313097194047636,-3.072104983766227,33.698299371861495,36.77040435562772,False,False,False,-2.9153971940476358,2.9153971940476358,0.143081934066965,False,VERY_LOW,POINT_BELOW_LIMIT,10-20%
C08656,L5,DAC,125.16,1.799,11.7365,12.4917,14.3611,39.6211,1.2183,1.3243,1.5338,5.015,Sudden_Anomaly,50.0,batch_5,0.7552000000000003,16.503334294345223,-1.88186788346864,34.88853647215909,36.77040435562773,False,False,False,23.117765705654776,23.117765705654776,0.060900905351958,False,VERY_LOW,POINT_BELOW_LIMIT,0-10%
C08657,L5,FPGA,125.8,1.102,11.5152,12.6862,14.4639,34.6952,1.2262,1.3195,1.5618,4.2591,Sudden_Anomaly,50.0,batch_5,1.1709999999999994,19.767627486408717,1.3824253085948506,38.15282966422258,36.77040435562773,False,False,False,14.927572513591286,14.927572513591286,0.1551542539955071,False,LOW,POINT_BELOW_LIMIT,10-20%
C08658,L5,ASIC,125.13,1.221,11.4402,13.2844,17.5766,25.4677,1.2042,1.4016,1.9229,2.9444,Latent_Defect,50.0,batch_5,1.844199999999999,41.3079914719246,22.92278929411073,59.69319364973846,36.77040435562773,False,True,False,-15.840291471924594,15.840291471924594,0.8225551588080781,True,HIGH,POINT_BELOW_LIMIT,80-90%
C08659,L5,DAC,125.41,1.803,12.342,13.1232,14.0541,15.3896,1.2778,1.4172,1.4261,1.6385,Normal,50.0,batch_5,0.7812000000000001,18.246909163275618,-0.1382930145382452,36.63211134108949,36.77040435562773,False,False,False,-2.857309163275618,2.857309163275618,0.0813714599353473,False,VERY_LOW,POINT_BELOW_LIMIT,0-10%
C08660,L5,FPGA,125.45,1.083,12.0605,12.501,12.5167,13.8637,1.2549,1.3278,1.319,1.4511,Normal,50.0,batch_5,0.4405000000000001,16.030434391369056,-2.354767786444807,34.41563656918292,36.77040435562773,False,False,False,-2.166734391369056,2.166734391369056,0.0072298701298701,False,VERY_LOW,POINT_BELOW_LIMIT,0-10%
C08661,L5,DAC,126.94,1.784,12.6734,13.6637,15.174,15.7197,1.2767,1.3972,1.6297,1.6741,Normal,50.0,batch_5,0.9902999999999996,22.70878705575397,4.323584877940103,41.09398923356783,36.77040435562772,False,False,False,-6.989087055753966,6.989087055753966,0.2938094627557469,False,LOW,POINT_BELOW_LIMIT,20-30%
C08662,L5,ASIC,125.71,1.175,11.092,11.2884,10.9856,11.0521,1.1838,1.1419,1.1481,1.1613,High_Stable,50.0,batch_5,0.1963999999999988,13.278295643506492,-5.10690653430737,31.663497821320355,36.770404355627726,False,False,False,-2.226195643506493,2.226195643506493,0.0296471861471861,False,VERY_LOW,POINT_BELOW_LIMIT,0-10%
C08663,L5,DAC,124.71,1.785,11.6971,12.653,13.5697,14.8141,1.2564,1.3118,1.4108,1.6121,Normal,50.0,batch_5,0.9558999999999996,16.846584522023818,-1.5386176557900448,35.231786699837684,36.77040435562773,False,False,False,-2.032484522023818,2.032484522023818,0.0780071471875517,False,VERY_LOW,POINT_BELOW_LIMIT,0-10%
C08664,L5,FPGA,124.79,1.105,11.5849,12.3526,13.141,14.7472,1.197,1.3212,1.3871,1.5852,Normal,50.0,batch_5,0.7677000000000014,16.232656930456344,-2.1525452473575197,34.61785910827021,36.77040435562773,False,False,False,-1.485456930456344,1.485456930456344,0.0527458446315589,False,VERY_LOW,POINT_BELOW_LIMIT,0-10%
C08665,L5,DAC,124.79,1.804,11.8685,12.5083,13.3248,14.4191,1.2718,1.301,1.3769,1.5732,Normal,50.0,batch_5,0.639800000000001,16.498966686904765,-1.8862354909090973,34.88416886471863,36.77040435562773,False,False,False,-2.079866686904765,2.079866686904765,0.0669303885656826,False,VERY_LOW,POINT_BELOW_LIMIT,0-10%
C08666,L5,ASIC,124.55,1.174,11.2841,12.0793,14.4772,51.1225,1.1748,1.2907,1.5399,6.9625,Absolute_Failure,50.0,batch_5,0.7951999999999995,16.300225964174828,-2.084976213639034,34.685428141988695,36.77040435562773,False,False,True,34.822274035825174,34.822274035825174,0.0578673690688396,False,VERY_LOW,POINT_BELOW_LIMIT,0-10%
C08667,L5,ADC,124.04,1.786,12.7879,12.773,12.8129,12.4422,1.3586,1.3608,1.3646,1.3562,High_Stable,50.0,batch_5,-0.0149000000000008,13.319960169246045,-5.065242008567818,31.705162347059908,36.770404355627726,False,False,False,-0.877760169246045,0.877760169246045,0.0143206349206349,False,VERY_LOW,POINT_BELOW_LIMIT,0-10%
C08668,L5,FPGA,125.37,1.103,12.9481,13.0589,13.1239,13.1865,1.321,1.3712,1.388,1.3663,High_Stable,50.0,batch_5,0.1107999999999993,14.472156037824677,-3.913046139989188,32.85735821563854,36.77040435562773,False,False,False,-1.2856560378246744,1.2856560378246744,0.0596925068395656,False,VERY_LOW,POINT_BELOW_LIMIT,0-10%
C08669,L5,DAC,124.63,1.796,11.3906,12.2184,13.0659,13.5308,1.163,1.2657,1.3529,1.4434,Normal,50.0,batch_5,0.8278000000000016,17.71798048528244,-0.6672216925314238,36.10318266309631,36.77040435562773,False,False,False,-4.18718048528244,4.18718048528244,0.2028842953716489,False,LOW,POINT_BELOW_LIMIT,20-30%
C08670,L5,FPGA,125.42,1.092,11.865,12.8444,13.115,13.9836,1.2365,1.3114,1.3728,1.5144,Normal,50.0,batch_5,0.9794,18.871986236133303,0.4867840583194436,37.25718841394717,36.770404355627726,False,False,False,-4.888386236133307,4.888386236133307,0.2557734370574012,False,LOW,POINT_BELOW_LIMIT,20-30%
C08671,L5,ASIC,123.6,1.19,10.9871,11.4374,11.7001,13.5665,1.1135,1.1998,1.2332,1.4003,Normal,50.0,batch_5,0.4503000000000003,15.756883233954234,-2.628318943859629,34.14208541176809,36.77040435562772,False,False,False,-2.1903832339542344,2.1903832339542344,0.0376912975912975,False,VERY_LOW,POINT_BELOW_LIMIT,0-10%
C08672,L5,FPGA,126.07,1.083,10.5972,11.4725,12.402,12.8266,1.1179,1.1628,1.3129,1.336,Normal,50.0,batch_5,0.8752999999999993,15.250094308602725,-3.13510786921114,33.635296486416586,36.770404355627726,False,False,False,-2.423494308602724,2.423494308602724,0.1427912282345959,False,VERY_LOW,POINT_BELOW_LIMIT,10-20%
C08673,L5,FPGA,124.58,1.115,11.8505,11.9993,12.1442,12.183,1.2678,1.3073,1.2678,1.2835,High_Stable,50.0,batch_5,0.1487999999999996,13.88015649126985,-4.505045686544014,32.26535866908371,36.770404355627726,False,False,False,-1.6971564912698494,1.6971564912698494,0.0736007445048931,False,VERY_LOW,POINT_BELOW_LIMIT,0-10%
C08674,L5,ASIC,124.21,1.21,12.2362,12.4373,12.4657,12.7051,1.2895,1.26,1.2762,1.3329,High_Stable,50.0,batch_5,0.2011000000000002,13.54354809404762,-4.841654083766244,31.92875027186148,36.770404355627726,False,False,False,-0.8384480940476191,0.8384480940476191,0.0083611111111111,False,VERY_LOW,POINT_BELOW_LIMIT,0-10%
C08675,L5,ADC,124.6,1.815,11.8387,12.3752,13.5191,14.6835,1.2284,1.2496,1.3955,1.5712,Normal,50.0,batch_5,0.5365000000000002,15.806538850694444,-2.5786633271194184,34.191741028508304,36.77040435562772,False,False,False,-1.123038850694444,1.123038850694444,0.0624143079143079,False,VERY_LOW,POINT_BELOW_LIMIT,0-10%
C08676,L5,FPGA,124.3,1.112,11.1388,12.1117,16.6432,53.3555,1.1174,1.2295,1.807,7.3061,Absolute_Failure,50.0,batch_5,0.972900000000001,19.319287351925155,0.934085174111292,37.70448952973902,36.77040435562773,False,False,True,34.036212648074844,34.036212648074844,0.2057060817441183,False,LOW,POINT_BELOW_LIMIT,20-30%
C08677,L5,DAC,123.99,1.814,11.6674,12.5333,13.3219,14.1689,1.2146,1.3265,1.4461,1.5083,Normal,50.0,batch_5,0.8658999999999999,19.447580880609674,1.0623787027958116,37.83278305842354,36.770404355627726,False,False,False,-5.278680880609674,5.278680880609674,0.1907903356189733,False,LOW,POINT_BELOW_LIMIT,10-20%
C08678,L5,ASIC,123.6,1.195,10.615,11.0384,10.8864,11.1271,1.0815,1.167,1.125,1.1678,Normal,50.0,batch_5,0.4233999999999991,16.2943886298521,-2.090813547961762,34.67959080766596,36.77040435562772,False,False,False,-5.1672886298521,5.1672886298521,0.0379819797849209,False,VERY_LOW,POINT_BELOW_LIMIT,0-10%
C08679,L5,ASIC,126.77,1.202,11.401,11.6042,11.6817,11.5928,1.2201,1.2563,1.2593,1.1768,High_Stable,50.0,batch_5,0.2032000000000007,14.589982259722214,-3.795219918091648,32.97518443753608,36.770404355627726,False,False,False,-2.997182259722214,2.997182259722214,0.0731545649232686,False,VERY_LOW,POINT_BELOW_LIMIT,0-10%
C08680,L5,ADC,124.39,1.79,11.6462,11.9276,12.6119,13.327,1.1933,1.2164,1.3358,1.411,Normal,50.0,batch_5,0.2813999999999996,15.092081897619048,-3.293120280194815,33.47728407543291,36.770404355627726,False,False,False,-1.765081897619048,1.765081897619048,0.0762967088467088,False,VERY_LOW,POINT_BELOW_LIMIT,0-10%
C08681,L5,ASIC,125.06,1.206,11.3389,11.9859,12.9944,13.4547,1.1498,1.2522,1.3577,1.418,Normal,50.0,batch_5,0.6470000000000002,17.23752022328297,-1.147681954530892,35.62272240109684,36.77040435562773,False,False,False,-3.78282022328297,3.78282022328297,0.0683081774091062,False,VERY_LOW,POINT_BELOW_LIMIT,0-10%
C08682,L5,ADC,124.47,1.807,11.1293,12.8353,15.858,21.8079,1.1459,1.3602,1.7473,2.464,Latent_Defect,50.0,batch_5,1.7059999999999995,42.70599291765876,24.3207907398449,61.09119509547263,36.77040435562773,False,True,False,-20.89809291765876,20.89809291765876,0.8785145852611859,True,HIGH,POINT_BELOW_LIMIT,80-90%
C08683,L5,FPGA,125.49,1.107,11.5465,12.0746,12.7056,13.8669,1.2522,1.2179,1.3271,1.4722,Normal,50.0,batch_5,0.5281000000000002,15.765471659148918,-2.6197305186649444,34.15067383696278,36.770404355627726,False,False,False,-1.898571659148919,1.898571659148919,0.0925879558779713,False,VERY_LOW,POINT_BELOW_LIMIT,0-10%
C08684,L5,ASIC,125.46,1.21,11.0284,13.0592,18.6034,57.9543,1.0946,1.4057,2.0304,8.175,Absolute_Failure,50.0,batch_5,2.030800000000001,41.864148147411655,23.478945969597792,60.24935032522552,36.77040435562773,False,True,True,16.09015185258835,16.09015185258835,0.8341231347400551,True,HIGH,POINT_BELOW_LIMIT,80-90%
C08685,L5,FPGA,125.13,1.112,11.1627,11.6757,12.1566,12.8886,1.1688,1.2148,1.2578,1.3984,Normal,50.0,batch_5,0.5130000000000017,14.801489671918764,-3.5837125058950985,33.186691849732625,36.770404355627726,False,False,False,-1.912889671918764,1.912889671918764,0.0981014415996248,False,VERY_LOW,POINT_BELOW_LIMIT,0-10%
C08686,L5,FPGA,124.9,1.095,11.1603,11.4139,12.2323,13.0874,1.1307,1.1564,1.3445,1.3396,Normal,50.0,batch_5,0.2536000000000005,16.941739530086576,-1.4434626477272872,35.32694170790044,36.770404355627726,False,False,False,-3.854339530086575,3.854339530086575,0.15580979644007,False,LOW,POINT_BELOW_LIMIT,10-20%
C08687,L5,FPGA,125.59,1.098,12.1259,13.0381,13.3403,13.3246,1.275,1.354,1.4139,1.4162,Normal,50.0,batch_5,0.9122000000000005,17.95194927242064,-0.4332529053932212,36.3371514502345,36.77040435562772,False,False,False,-4.627349272420641,4.627349272420641,0.0591494487212134,False,VERY_LOW,POINT_BELOW_LIMIT,0-10%
C08688,L5,ASIC,124.71,1.197,11.3492,12.4594,13.5089,14.4431,1.2009,1.2904,1.4482,1.5113,Normal,50.0,batch_5,1.1102000000000007,16.428333120932546,-1.9568690568813167,34.81353529874641,36.770404355627726,False,False,False,-1.985233120932547,1.985233120932547,0.0859884821061291,False,VERY_LOW,POINT_BELOW_LIMIT,0-10%
C08689,L5,ASIC,124.44,1.183,11.933,12.6208,12.9793,13.9305,1.2548,1.3226,1.3811,1.4984,Normal,50.0,batch_5,0.6877999999999993,18.40092532950312,0.0157231516892579,36.78612750731698,36.770404355627726,False,False,False,-4.47042532950312,4.47042532950312,0.0890909211703329,False,VERY_LOW,POINT_BELOW_LIMIT,0-10%
C08690,L5,DAC,126.43,1.788,11.725,12.463,13.3566,14.0643,1.1915,1.2933,1.4228,1.5196,Normal,50.0,batch_5,0.7379999999999995,18.47809770029763,0.0928955224837686,36.86329987811149,36.77040435562772,False,False,False,-4.413797700297632,4.413797700297632,0.1533081811840661,False,LOW,POINT_BELOW_LIMIT,10-20%
C08691,L5,DAC,124.21,1.81,11.7204,12.7175,13.582,14.1577,1.2507,1.3695,1.4472,1.5086,Normal,50.0,batch_5,0.9970999999999997,19.09564539216268,0.7104432143488175,37.48084756997655,36.77040435562773,False,False,False,-4.93794539216268,4.93794539216268,0.23513735665779,False,LOW,POINT_BELOW_LIMIT,20-30%
C08692,L5,FPGA,124.05,1.073,11.4244,12.709,13.2994,14.1479,1.2198,1.3662,1.4095,1.5217,Normal,50.0,batch_5,1.2845999999999993,22.03566865744045,3.650466479626587,40.42087083525431,36.770404355627726,False,False,False,-7.88776865744045,7.88776865744045,0.2303052405835888,False,LOW,POINT_BELOW_LIMIT,20-30%
C08693,L5,DAC,126.79,1.75,11.9162,12.2502,12.8712,14.237,1.2589,1.2941,1.3315,1.5267,Normal,50.0,batch_5,0.3339999999999996,15.057608697240257,-3.327593480573608,33.44281087505412,36.77040435562773,False,False,False,-0.8206086972402549,0.8206086972402549,0.1196488445279164,False,VERY_LOW,POINT_BELOW_LIMIT,10-20%
C08694,L5,DAC,125.31,1.818,11.6611,12.2986,13.3079,13.7165,1.2011,1.2369,1.4157,1.4773,Normal,50.0,batch_5,0.6375000000000011,22.48984448869048,4.104642310876617,40.875046666504346,36.77040435562773,False,False,False,-8.77334448869048,8.77334448869048,0.1911845901118818,False,LOW,POINT_BELOW_LIMIT,10-20%
C08695,L5,ASIC,124.89,1.174,11.6209,11.7113,12.0508,12.3202,1.2116,1.2085,1.2844,1.2802,High_Stable,50.0,batch_5,0.0903999999999989,12.371653873566029,-6.013548304247836,30.75685605137989,36.770404355627726,False,False,False,-0.051453873566027,0.051453873566027,0.0091428571428571,False,VERY_LOW,POINT_BELOW_LIMIT,0-10%
C08696,L5,ASIC,126.1,1.187,10.9002,11.0131,11.9024,12.2188,1.1033,1.1502,1.28,1.3188,Normal,50.0,batch_5,0.1128999999999997,14.97376750822511,-3.4114346695887523,33.358969686038975,36.770404355627726,False,False,False,-2.7549675082251106,2.7549675082251106,0.0046222222222222,False,VERY_LOW,POINT_BELOW_LIMIT,0-10%
C08697,L5,DAC,124.16,1.815,12.2935,12.5831,12.8081,12.9401,1.2367,1.3073,1.3722,1.3469,High_Stable,50.0,batch_5,0.2896000000000001,16.475835050992075,-1.909367126821788,34.86103722880594,36.77040435562773,False,False,False,-3.5357350509920757,3.5357350509920757,0.1544250532319417,False,LOW,POINT_BELOW_LIMIT,10-20%
C08698,L5,DAC,125.45,1.805,11.9175,13.2056,13.3015,14.6506,1.2197,1.3849,1.394,1.5468,Normal,50.0,batch_5,1.2881,24.117673264285724,5.732471086471861,42.50287544209959,36.770404355627726,False,False,False,-9.467073264285723,9.467073264285723,0.1846661404700104,False,LOW,POINT_BELOW_LIMIT,10-20%
C08699,L5,FPGA,125.32,1.139,11.3664,12.1533,12.6262,13.8669,1.1801,1.3023,1.2989,1.494,Normal,50.0,batch_5,0.7868999999999993,15.873495362599204,-2.5117068152146587,34.25869754041307,36.770404355627726,False,False,False,-2.006595362599205,2.006595362599205,0.0506825939626249,False,VERY_LOW,POINT_BELOW_LIMIT,0-10%
C08700,L5,DAC,125.82,1.815,11.6256,13.0343,15.5687,32.0184,1.216,1.3789,1.692,3.8747,Sudden_Anomaly,50.0,batch_5,1.4086999999999996,30.44107013888887,12.055867961075004,48.82627231670273,36.77040435562772,False,False,False,1.5773298611111315,1.5773298611111315,0.4892515460730172,False,MEDIUM,POINT_BELOW_LIMIT,40-50%
C08701,L5,ADC,123.63,1.799,12.014,12.9585,13.5414,14.5283,1.2436,1.3249,1.3752,1.5405,Normal,50.0,batch_5,0.9445000000000014,17.52625457619049,-0.8589476016233739,35.91145675400435,36.77040435562772,False,False,False,-2.997954576190489,2.997954576190489,0.0998938185223789,False,VERY_LOW,POINT_BELOW_LIMIT,0-10%
C08702,L5,FPGA,125.64,1.092,12.2819,12.4731,12.831,12.706,1.2778,1.3147,1.3287,1.3238,High_Stable,50.0,batch_5,0.1912000000000002,13.285387466170642,-5.099814711643221,31.670589643984503,36.770404355627726,False,False,False,-0.5793874661706422,0.5793874661706422,0.0078290043290043,False,VERY_LOW,POINT_BELOW_LIMIT,0-10%
C08703,L5,ASIC,125.89,1.207,11.1191,11.9874,13.853,40.9722,1.1172,1.2764,1.4422,5.2592,Sudden_Anomaly,50.0,batch_5,0.8682999999999996,17.885037164880938,-0.5001650129329249,36.2702393426948,36.770404355627726,False,False,False,23.087162835119063,23.087162835119063,0.1422012897666787,False,VERY_LOW,POINT_BELOW_LIMIT,10-20%
C08704,L5,FPGA,126.74,1.112,11.2758,12.3715,13.0227,13.972,1.1468,1.2976,1.3721,1.4446,Normal,50.0,batch_5,1.095699999999999,22.770188174603152,4.38498599678929,41.155390352417015,36.770404355627726,False,False,False,-8.798188174603153,8.798188174603153,0.4439081277585327,False,MEDIUM,POINT_BELOW_LIMIT,40-50%
C08705,L5,ADC,124.99,1.83,12.1799,12.9046,15.4707,21.5883,1.2522,1.3643,1.6347,2.4615,Latent_Defect,50.0,batch_5,0.7247000000000003,21.80515258531745,3.4199504075035883,40.19035476313131,36.77040435562772,False,False,False,-0.2168525853174507,0.2168525853174507,0.1253388936313085,False,VERY_LOW,POINT_BELOW_LIMIT,10-20%
C08706,L5,ASIC,122.87,1.215,11.3008,12.1462,12.5011,12.7621,1.197,1.3007,1.3338,1.3332,Normal,50.0,batch_5,0.8453999999999997,17.9005876552527,-0.4846145225611629,36.28578983306656,36.77040435562772,False,False,False,-5.1384876552527,5.1384876552527,0.0539996764673235,False,VERY_LOW,POINT_BELOW_LIMIT,0-10%
C08707,L5,FPGA,124.25,1.096,12.3314,13.3525,18.7269,51.4252,1.2871,1.4565,2.0734,7.0033,Absolute_Failure,50.0,batch_5,1.0210999999999988,20.828051542247184,2.4428493644333216,39.21325372006105,36.770404355627726,False,False,True,30.59714845775281,30.59714845775281,0.0786847841700782,False,VERY_LOW,POINT_BELOW_LIMIT,0-10%
C08708,L5,ASIC,123.56,1.172,11.2469,12.0915,12.7316,13.5078,1.1622,1.2908,1.3287,1.405,Normal,50.0,batch_5,0.8445999999999998,16.6790063084479,-1.7061958693659631,35.06420848626176,36.770404355627726,False,False,False,-3.1712063084479,3.1712063084479,0.1451042208882934,False,VERY_LOW,POINT_BELOW_LIMIT,10-20%
C08709,L5,FPGA,126.12,1.084,11.4873,11.5465,11.693,11.8507,1.2243,1.1855,1.2261,1.2101,High_Stable,50.0,batch_5,0.0592000000000005,12.532768103472216,-5.852434074341648,30.91797028128608,36.770404355627726,False,False,False,-0.6820681034722149,0.6820681034722149,0.0173331446331446,False,VERY_LOW,POINT_BELOW_LIMIT,0-10%
C08710,L5,ADC,124.35,1.796,11.2975,12.2529,13.0483,13.8934,1.1897,1.2715,1.3561,1.4454,Normal,50.0,batch_5,0.9554000000000008,20.25688006638431,1.8716778885704457,38.64208224419817,36.770404355627726,False,False,False,-6.363480066384309,6.363480066384309,0.1986981754403445,False,LOW,POINT_BELOW_LIMIT,10-20%
C08711,L5,ASIC,126.43,1.186,11.5745,12.5407,13.4004,35.3286,1.2077,1.3404,1.3959,4.2984,Sudden_Anomaly,50.0,batch_5,0.9661999999999988,18.49010889880952,0.1049067209956575,36.87531107662338,36.770404355627726,False,False,False,16.83849110119048,16.83849110119048,0.16922835065671,False,LOW,POINT_BELOW_LIMIT,10-20%
C08712,L5,ADC,124.5,1.834,12.3005,13.2223,13.6373,14.8163,1.2952,1.4231,1.458,1.6156,Normal,50.0,batch_5,0.9218000000000012,20.25111748869046,1.8659153108765985,38.63631966650432,36.77040435562772,False,False,False,-5.434817488690461,5.434817488690461,0.1702909732424437,False,LOW,POINT_BELOW_LIMIT,10-20%
C08713,L5,FPGA,125.27,1.073,12.0786,12.2242,12.323,12.3797,1.283,1.2798,1.2643,1.3276,High_Stable,50.0,batch_5,0.1455999999999999,13.191028870373374,-5.194173307440488,31.57623104818724,36.770404355627726,False,False,False,-0.8113288703733748,0.8113288703733748,0.0201193476114528,False,VERY_LOW,POINT_BELOW_LIMIT,0-10%
C08714,L5,ASIC,124.44,1.194,11.6807,11.7475,12.0014,11.8596,1.1687,1.2445,1.2505,1.2512,High_Stable,50.0,batch_5,0.0668000000000006,13.10314432262808,-5.282057855185782,31.488346500441946,36.770404355627726,False,False,False,-1.243544322628081,1.243544322628081,0.0261054834054834,False,VERY_LOW,POINT_BELOW_LIMIT,0-10%
C08715,L5,ADC,124.32,1.797,12.1198,13.2171,14.4821,14.9373,1.2396,1.4202,1.505,1.6598,Normal,50.0,batch_5,1.0973000000000006,17.563099956610756,-0.8221022212031066,35.94830213442462,36.77040435562773,False,False,False,-2.625799956610756,2.625799956610756,0.1245320789203916,False,VERY_LOW,POINT_BELOW_LIMIT,10-20%
C08716,L5,ADC,123.85,1.793,11.4193,11.8416,12.7742,14.2618,1.1756,1.2612,1.3488,1.5045,Normal,50.0,batch_5,0.4222999999999999,16.52668471517858,-1.858517462635284,34.91188689299244,36.770404355627726,False,False,False,-2.26488471517858,2.26488471517858,0.0709303022141257,False,VERY_LOW,POINT_BELOW_LIMIT,0-10%
C08717,L5,FPGA,126.66,1.107,11.9364,12.1684,13.099,13.9245,1.2239,1.2919,1.3724,1.4658,Normal,50.0,batch_5,0.2319999999999993,14.73998684960318,-3.645215328210684,33.12518902741704,36.770404355627726,False,False,False,-0.8154868496031789,0.8154868496031789,0.0793982001658472,False,VERY_LOW,POINT_BELOW_LIMIT,0-10%
C08718,L5,FPGA,124.34,1.1,11.3635,12.4954,16.3301,23.8338,1.1682,1.3638,1.7589,2.7246,Latent_Defect,50.0,batch_5,1.1319,21.58688006526876,3.201677887454899,39.97208224308263,36.770404355627726,False,False,False,2.2469199347312383,2.2469199347312383,0.3262455615083056,False,LOW,POINT_BELOW_LIMIT,30-40%
C08719,L5,ASIC,124.85,1.199,10.91,11.8403,12.5806,13.386,1.121,1.1994,1.3165,1.3845,Normal,50.0,batch_5,0.930299999999999,16.86748951547619,-1.5177126623376722,35.25269169329005,36.770404355627726,False,False,False,-3.481489515476192,3.481489515476192,0.1032045574682242,False,VERY_LOW,POINT_BELOW_LIMIT,10-20%
C08720,L5,FPGA,124.58,1.097,11.2324,11.5833,12.8117,13.7065,1.1337,1.2196,1.379,1.4759,Normal,50.0,batch_5,0.3508999999999993,16.036420870833332,-2.3487813069805306,34.42162304864719,36.77040435562772,False,False,False,-2.329920870833332,2.329920870833332,0.1157078435066824,False,VERY_LOW,POINT_BELOW_LIMIT,10-20%
C08721,L5,ASIC,124.46,1.181,10.9824,12.3566,15.8028,51.7315,1.1583,1.3257,1.7096,7.0935,Absolute_Failure,50.0,batch_5,1.3742,25.46749649672621,7.082294318912346,43.85269867454007,36.770404355627726,False,False,True,26.264003503273788,26.264003503273788,0.2666781364953526,False,LOW,POINT_BELOW_LIMIT,20-30%
C08722,L5,FPGA,125.68,1.075,11.7202,12.8749,13.6715,14.4914,1.2419,1.3542,1.4581,1.5307,Normal,50.0,batch_5,1.1547,21.90997018164681,3.5247680038329428,40.295172359460665,36.77040435562772,False,False,False,-7.418570181646805,7.418570181646805,0.2558859346112803,False,LOW,POINT_BELOW_LIMIT,20-30%
C08723,L5,ASIC,124.19,1.194,11.0827,11.9013,12.2704,13.3175,1.095,1.2635,1.3071,1.3902,Normal,50.0,batch_5,0.8186,15.531718860795458,-2.853483317018405,33.91692103860932,36.77040435562772,False,False,False,-2.214218860795457,2.214218860795457,0.0846116564523853,False,VERY_LOW,POINT_BELOW_LIMIT,0-10%
C08724,L5,ASIC,124.49,1.19,11.897,12.1506,12.3079,12.8808,1.2456,1.2539,1.2904,1.3792,Normal,50.0,batch_5,0.2536000000000005,14.339496472348474,-4.045705705465389,32.72469865016234,36.770404355627726,False,False,False,-1.458696472348473,1.458696472348473,0.0267059091235561,False,VERY_LOW,POINT_BELOW_LIMIT,0-10%
C08725,L5,DAC,124.58,1.814,12.321,13.8969,18.2608,24.2847,1.2932,1.429,2.0135,2.7816,Latent_Defect,50.0,batch_5,1.5759000000000007,35.42448050197513,17.03927832416127,53.80968267978899,36.77040435562772,False,True,False,-11.139780501975132,11.139780501975132,0.5389267852010453,True,MEDIUM,POINT_BELOW_LIMIT,50-60%
C08726,L5,FPGA,124.14,1.087,11.867,11.8418,11.9004,11.8377,1.248,1.2195,1.2558,1.2385,High_Stable,50.0,batch_5,-0.0252000000000016,12.17488424186508,-6.210317935948783,30.560086419678942,36.770404355627726,False,False,False,-0.3371842418650796,0.3371842418650796,0.0014285714285714,False,VERY_LOW,POINT_BELOW_LIMIT,0-10%
C08727,L5,ADC,125.5,1.806,11.9415,12.0845,12.0263,12.3626,1.2225,1.2806,1.2879,1.298,High_Stable,50.0,batch_5,0.1430000000000006,13.343006687454222,-5.04219549035964,31.728208865268087,36.770404355627726,False,False,False,-0.980406687454222,0.980406687454222,0.051830655487552,False,VERY_LOW,POINT_BELOW_LIMIT,0-10%
C08728,L5,DAC,125.29,1.789,12.2119,12.465,12.7146,12.9182,1.29,1.2714,1.3514,1.3701,High_Stable,50.0,batch_5,0.2530999999999999,14.627873536084076,-3.757328641729787,33.01307571389794,36.770404355627726,False,False,False,-1.7096735360840754,1.7096735360840754,0.0362047824724295,False,VERY_LOW,POINT_BELOW_LIMIT,0-10%
C08729,L5,FPGA,125.78,1.116,11.516,13.4818,16.0024,22.8545,1.2033,1.4368,1.7407,2.6216,Latent_Defect,50.0,batch_5,1.9658,33.84509755397728,15.45989537616342,52.23029973179115,36.77040435562773,False,True,False,-10.99059755397728,10.99059755397728,0.6813176479023811,True,MEDIUM,POINT_BELOW_LIMIT,60-70%
C08730,L5,ADC,124.52,1.783,11.4731,12.3196,12.9275,13.3669,1.2254,1.2669,1.3599,1.4236,Normal,50.0,batch_5,0.8464999999999989,17.050057177442003,-1.3351450003718597,35.435259355255866,36.770404355627726,False,False,False,-3.683157177442004,3.683157177442004,0.0495573669021037,False,VERY_LOW,POINT_BELOW_LIMIT,0-10%
C08731,L5,ADC,124.83,1.82,11.656,12.1094,13.3376,14.4617,1.1932,1.2931,1.3594,1.5815,Normal,50.0,batch_5,0.4534000000000002,15.17166977088477,-3.213532406929092,33.556871948698635,36.770404355627726,False,False,False,-0.7099697708847703,0.7099697708847703,0.096097202599602,False,VERY_LOW,POINT_BELOW_LIMIT,0-10%
C08732,L5,FPGA,125.37,1.092,11.6252,12.741,13.9817,15.132,1.2099,1.3005,1.4837,1.6533,Normal,50.0,batch_5,1.1158,19.24794772882811,0.8627455510142461,37.633149906641975,36.77040435562773,False,False,False,-4.115947728828109,4.115947728828109,0.1469253951930422,False,VERY_LOW,POINT_BELOW_LIMIT,10-20%
C08733,L5,ADC,126.06,1.781,11.9325,13.0843,13.5946,14.242,1.2555,1.3842,1.4319,1.5251,Normal,50.0,batch_5,1.1518000000000015,19.86575350597041,1.480551328156551,38.25095568378428,36.770404355627726,False,False,False,-5.623753505970413,5.623753505970413,0.2730892862452304,False,LOW,POINT_BELOW_LIMIT,20-30%
C08734,L5,FPGA,126.06,1.092,11.8878,11.979,12.2715,12.7445,1.2063,1.2373,1.2725,1.3349,High_Stable,50.0,batch_5,0.0911999999999988,12.675311013952028,-5.709891163861835,31.06051319176589,36.770404355627726,False,False,False,0.0691889860479726,0.0691889860479726,0.0345237429237429,False,VERY_LOW,POINT_BELOW_LIMIT,0-10%
C08735,L5,ASIC,124.88,1.21,11.2532,11.8335,12.94,13.262,1.1781,1.1972,1.3772,1.4228,Normal,50.0,batch_5,0.5803000000000011,14.827977291468253,-3.55722488634561,33.21317946928212,36.770404355627726,False,False,False,-1.5659772914682524,1.5659772914682524,0.0726830447330447,False,VERY_LOW,POINT_BELOW_LIMIT,0-10%
C08736,L5,FPGA,126.04,1.122,11.6554,11.9299,12.9951,14.0962,1.2187,1.2647,1.3827,1.4858,Normal,50.0,batch_5,0.2744999999999997,14.8944134285201,-3.490788749293761,33.27961560633396,36.770404355627726,False,False,False,-0.7982134285201017,0.7982134285201017,0.0771548673548673,False,VERY_LOW,POINT_BELOW_LIMIT,0-10%
C08737,L5,ADC,124.59,1.816,11.5814,12.7784,12.9231,13.8693,1.2466,1.2896,1.3857,1.4533,Normal,50.0,batch_5,1.1969999999999992,18.85155784325397,0.466355665440112,37.23676002106784,36.770404355627726,False,False,False,-4.982257843253974,4.982257843253974,0.1295953044232456,False,VERY_LOW,POINT_BELOW_LIMIT,10-20%
C08738,L5,ASIC,124.88,1.222,11.6984,13.3032,21.6839,50.514,1.2395,1.4044,2.446,6.8312,Absolute_Failure,50.0,batch_5,1.604800000000001,32.62882985507758,14.24362767726372,51.01403203289145,36.77040435562773,False,True,True,17.88517014492242,17.88517014492242,0.5155172298688881,True,MEDIUM,POINT_BELOW_LIMIT,50-60%
C08739,L5,FPGA,125.6,1.08,12.0619,12.1918,12.4097,12.754,1.2674,1.2457,1.2904,1.3052,High_Stable,50.0,batch_5,0.129900000000001,12.974653214384922,-5.4105489634289405,31.359855392198785,36.770404355627726,False,False,False,-0.2206532143849227,0.2206532143849227,0.0,False,VERY_LOW,POINT_BELOW_LIMIT,0-10%
C08740,L5,FPGA,126.94,1.106,12.4686,12.7875,12.8663,12.5933,1.3207,1.3254,1.3608,1.2924,High_Stable,50.0,batch_5,0.3188999999999993,13.872221311706353,-4.51298086610751,32.257423489520214,36.770404355627726,False,False,False,-1.2789213117063536,1.2789213117063536,0.0298891223155929,False,VERY_LOW,POINT_BELOW_LIMIT,0-10%
C08741,L5,ADC,125.31,1.816,12.3282,13.5703,14.0,14.2663,1.3006,1.49,1.5147,1.5108,Normal,50.0,batch_5,1.2420999999999989,27.012064484785352,8.62686230697149,45.397266662599215,36.770404355627726,False,False,False,-12.745764484785353,12.745764484785353,0.3140588846228029,False,LOW,POINT_BELOW_LIMIT,30-40%
C08742,L5,ADC,124.58,1.788,11.7189,12.5645,13.5051,39.1635,1.2068,1.3443,1.4226,4.9668,Sudden_Anomaly,50.0,batch_5,0.845600000000001,18.010706099870973,-0.3744960779428901,36.39590827768484,36.77040435562773,False,False,False,21.152793900129023,21.152793900129023,0.2257989587777202,False,LOW,POINT_BELOW_LIMIT,20-30%
C08743,L5,ADC,125.57,1.793,11.6101,12.1469,13.2566,35.0436,1.1838,1.2792,1.4408,4.3138,Sudden_Anomaly,50.0,batch_5,0.5368000000000013,15.718380441083095,-2.666821736730766,34.10358261889696,36.770404355627726,False,False,False,19.3252195589169,19.3252195589169,0.1487367203024014,False,VERY_LOW,POINT_BELOW_LIMIT,10-20%
C08744,L5,ASIC,125.89,1.192,11.3946,11.5609,11.5156,11.9706,1.1998,1.2484,1.2076,1.26,High_Stable,50.0,batch_5,0.1662999999999996,14.27633595575395,-4.108866222059913,32.66153813356782,36.77040435562773,False,False,False,-2.305735955753951,2.305735955753951,0.0324583125740414,False,VERY_LOW,POINT_BELOW_LIMIT,0-10%
C08745,L5,DAC,124.62,1.793,12.6521,12.6894,12.9096,13.3413,1.3484,1.3141,1.3659,1.4316,High_Stable,50.0,batch_5,0.0372999999999983,13.20546903885836,-5.179733138955504,31.59067121667222,36.770404355627726,False,False,False,0.1358309611416412,0.1358309611416412,0.0111499999999999,False,VERY_LOW,POINT_BELOW_LIMIT,0-10%
C08746,L5,ASIC,125.62,1.217,11.4659,11.5761,11.6167,11.7472,1.1706,1.1799,1.2006,1.2106,High_Stable,50.0,batch_5,0.1102000000000007,12.766720477137453,-5.61848170067641,31.151922654951317,36.770404355627726,False,False,False,-1.019520477137453,1.019520477137453,0.0190333333333333,False,VERY_LOW,POINT_BELOW_LIMIT,0-10%
C08747,L5,DAC,124.86,1.783,12.4207,13.6702,14.7353,15.3837,1.2991,1.4554,1.6086,1.6249,Normal,50.0,batch_5,1.2494999999999994,21.78251891799672,3.3973167401828555,40.16772109581058,36.77040435562772,False,False,False,-6.398818917996719,6.398818917996719,0.2481425455610776,False,LOW,POINT_BELOW_LIMIT,20-30%
C08748,L5,ADC,124.09,1.794,11.4552,11.6836,12.1322,13.3707,1.2124,1.1792,1.246,1.3951,Normal,50.0,batch_5,0.2284000000000006,14.9461916839362,-3.439010493877662,33.331393861750065,36.770404355627726,False,False,False,-1.5754916839362014,1.5754916839362014,0.0698390313390313,False,VERY_LOW,POINT_BELOW_LIMIT,0-10%
C08749,L5,DAC,125.2,1.799,12.0301,12.6336,13.6312,14.0007,1.2733,1.32,1.4495,1.4995,Normal,50.0,batch_5,0.6035000000000004,17.673760791468254,-0.7114413863456086,36.05896296928212,36.77040435562773,False,False,False,-3.673060791468254,3.673060791468254,0.0628049870064576,False,VERY_LOW,POINT_BELOW_LIMIT,0-10%
C08750,L5,DAC,124.26,1.802,11.8409,12.5669,12.9954,13.1911,1.2449,1.3232,1.3712,1.426,Normal,50.0,batch_5,0.7260000000000009,16.413043225992052,-1.972158951821811,34.798245403805915,36.770404355627726,False,False,False,-3.2219432259920517,3.2219432259920517,0.0665688981606628,False,VERY_LOW,POINT_BELOW_LIMIT,0-10%
C08751,L5,ASIC,126.42,1.222,11.464,12.2101,13.09,13.8055,1.2168,1.2475,1.3785,1.4745,Normal,50.0,batch_5,0.7461000000000002,20.371845616666672,1.9866434388528087,38.757047794480535,36.770404355627726,False,False,False,-6.566345616666672,6.566345616666672,0.2747341223996126,False,LOW,POINT_BELOW_LIMIT,20-30%
C08752,L5,DAC,125.49,1.792,12.2721,14.327,17.0994,24.9438,1.2852,1.5451,1.812,2.9055,Latent_Defect,50.0,batch_5,2.0549,44.7395249997655,26.35432282195164,63.12472717757936,36.77040435562772,False,True,False,-19.7957249997655,19.7957249997655,0.9074138538104484,True,HIGH,POINT_BELOW_LIMIT,90-100%
C08753,L5,ASIC,126.25,1.191,11.7033,12.6609,17.2077,22.4811,1.1826,1.3559,1.8514,2.54,Latent_Defect,50.0,batch_5,0.9575999999999992,18.543362576893934,0.1581603990800708,36.92856475470779,36.77040435562772,False,False,False,3.937737423106068,3.937737423106068,0.1421953619023704,False,VERY_LOW,POINT_BELOW_LIMIT,10-20%
C08754,L5,ASIC,125.01,1.18,11.8405,12.0158,12.3328,11.9444,1.225,1.2608,1.3037,1.2147,High_Stable,50.0,batch_5,0.1753,13.055600928201656,-5.329601249612207,31.44080310601552,36.770404355627726,False,False,False,-1.1112009282016562,1.1112009282016562,0.0217989992463676,False,VERY_LOW,POINT_BELOW_LIMIT,0-10%
C08755,L5,ADC,124.47,1.821,11.6907,13.086,15.9279,21.2834,1.2416,1.3879,1.7313,2.3663,Latent_Defect,50.0,batch_5,1.3953000000000009,27.398853667658717,9.01365148984485,45.78405584547258,36.77040435562773,False,False,False,-6.115453667658713,6.115453667658713,0.4164848547280115,False,MEDIUM,POINT_BELOW_LIMIT,40-50%
C08756,L5,ASIC,124.1,1.199,11.2641,12.7245,13.2363,14.8761,1.1695,1.3097,1.3786,1.5936,Normal,50.0,batch_5,1.4604000000000017,28.42287591765872,10.03767373984486,46.80807809547258,36.77040435562772,False,False,False,-13.546775917658724,13.546775917658724,0.3741858190449095,False,LOW,POINT_BELOW_LIMIT,30-40%
C08757,L5,FPGA,125.57,1.088,12.0275,12.2552,12.3607,12.8642,1.2879,1.2386,1.2823,1.3113,High_Stable,50.0,batch_5,0.2277000000000004,15.155123950018028,-3.2300782277958344,33.54032612783189,36.770404355627726,False,False,False,-2.290923950018028,2.290923950018028,0.0176477994227994,False,VERY_LOW,POINT_BELOW_LIMIT,0-10%
C08758,L5,ADC,124.61,1.805,11.1891,11.6933,14.2974,37.1233,1.1553,1.2411,1.5406,4.6678,Sudden_Anomaly,50.0,batch_5,0.5042000000000009,15.633151442757926,-2.7520507350559367,34.01835362057179,36.770404355627726,False,False,False,21.490148557242076,21.490148557242076,0.1460407838922758,False,VERY_LOW,POINT_BELOW_LIMIT,10-20%
C08759,L5,ADC,124.5,1.782,11.9075,12.5179,13.126,13.7902,1.2681,1.3107,1.3982,1.4619,Normal,50.0,batch_5,0.6103999999999985,16.808074386607146,-1.577127791206717,35.19327656442101,36.77040435562773,False,False,False,-3.0178743866071454,3.0178743866071454,0.0613524722095929,False,VERY_LOW,POINT_BELOW_LIMIT,0-10%
C08760,L5,ASIC,124.67,1.177,12.2003,12.2748,12.7779,12.506,1.3059,1.294,1.3584,1.3184,High_Stable,50.0,batch_5,0.0745000000000004,12.827197534722222,-5.558004643091641,31.212399712536083,36.770404355627726,False,False,False,-0.3211975347222218,0.3211975347222218,0.00125,False,VERY_LOW,POINT_BELOW_LIMIT,0-10%
C08761,L5,FPGA,125.0,1.111,10.9945,12.6425,19.8783,54.4197,1.1741,1.3018,2.2437,7.5247,Absolute_Failure,50.0,batch_5,1.6479999999999997,34.397223938888864,16.012021761075,52.78242611670272,36.77040435562772,False,True,True,20.02247606111113,20.02247606111113,0.6052428171737029,True,MEDIUM,POINT_BELOW_LIMIT,60-70%
C08762,L5,DAC,125.53,1.794,11.7201,13.5648,18.2293,21.7944,1.2177,1.4047,1.9903,2.4216,Latent_Defect,50.0,batch_5,1.8447,40.06161713382936,21.676414956015496,58.446819311643225,36.77040435562773,False,True,False,-18.26721713382936,18.26721713382936,0.78746208401919,True,HIGH,POINT_BELOW_LIMIT,70-80%
C08763,L5,ADC,123.21,1.799,12.067,12.4876,13.1062,13.3617,1.2887,1.3274,1.4265,1.4339,Normal,50.0,batch_5,0.4206000000000003,17.487054136156203,-0.8981480416576595,35.87225631397007,36.77040435562773,False,False,False,-4.1253541361562025,4.1253541361562025,0.01421999316473,False,VERY_LOW,POINT_BELOW_LIMIT,0-10%
C08764,L5,ADC,123.17,1.808,11.7519,12.6857,15.9985,22.5019,1.2803,1.3325,1.7407,2.5546,Latent_Defect,50.0,batch_5,0.9338000000000016,17.954437735768405,-0.4307644420454579,36.33963991358227,36.770404355627726,False,False,False,4.547462264231594,4.547462264231594,0.1788897602827168,False,LOW,POINT_BELOW_LIMIT,10-20%
C08765,L5,ASIC,124.38,1.216,11.4184,11.8245,12.9262,26.3634,1.2167,1.2449,1.3625,3.0481,Sudden_Anomaly,50.0,batch_5,0.4061000000000003,16.7223355999008,-1.6628665779130642,35.10753777771466,36.770404355627726,False,False,False,9.6410644000992,9.6410644000992,0.1225701049873684,False,VERY_LOW,POINT_BELOW_LIMIT,10-20%
C08766,L5,ASIC,124.7,1.197,11.1738,11.8708,12.481,13.7074,1.1778,1.2622,1.2793,1.4294,Normal,50.0,batch_5,0.6969999999999992,15.256722997637867,-3.1284791801759937,33.64192517545173,36.770404355627726,False,False,False,-1.5493229976378693,1.5493229976378693,0.023020238095238,False,VERY_LOW,POINT_BELOW_LIMIT,0-10%
C08767,L5,FPGA,126.52,1.067,11.5052,12.5266,19.6503,50.8911,1.2014,1.3499,2.1744,6.9156,Absolute_Failure,50.0,batch_5,1.0214,20.28438583125001,1.8991836534361468,38.66958800906387,36.770404355627726,False,False,True,30.606714168749992,30.606714168749992,0.1783402623504083,False,LOW,POINT_BELOW_LIMIT,10-20%
C08768,L5,ADC,124.38,1.807,11.7042,12.3674,13.5019,14.6176,1.202,1.3224,1.4115,1.5869,Normal,50.0,batch_5,0.6631999999999998,16.546101621410518,-1.839100556403345,34.93130379922438,36.770404355627726,False,False,False,-1.9285016214105184,1.9285016214105184,0.1594050354100663,False,LOW,POINT_BELOW_LIMIT,10-20%
C08769,L5,ASIC,125.45,1.218,12.5104,12.9143,13.3698,13.8855,1.3169,1.3572,1.4642,1.4899,High_Stable,50.0,batch_5,0.4039000000000001,15.439036845039684,-2.9461653327741786,33.82423902285355,36.770404355627726,False,False,False,-1.5535368450396838,1.5535368450396838,0.0176599678099678,False,VERY_LOW,POINT_BELOW_LIMIT,0-10%
C08770,L5,ASIC,125.81,1.183,11.4867,11.9184,11.7747,12.0059,1.1834,1.2191,1.2022,1.2837,High_Stable,50.0,batch_5,0.4316999999999993,14.896924761138717,-3.488277416675146,33.28212693895258,36.770404355627726,False,False,False,-2.8910247611387163,2.8910247611387163,0.0159190476190476,False,VERY_LOW,POINT_BELOW_LIMIT,0-10%
C08771,L5,FPGA,126.12,1.133,12.0273,12.7089,13.8871,14.8578,1.2862,1.3232,1.4758,1.5957,Normal,50.0,batch_5,0.6815999999999995,17.61894299398723,-0.7662591838266337,36.00414517180109,36.770404355627726,False,False,False,-2.76114299398723,2.76114299398723,0.0494257714507714,False,VERY_LOW,POINT_BELOW_LIMIT,0-10%
C08772,L5,ASIC,125.68,1.195,11.6672,12.5543,13.4829,14.6911,1.2401,1.3126,1.4037,1.552,Normal,50.0,batch_5,0.8871000000000002,17.14907717470237,-1.2361250031114928,35.53427935251624,36.77040435562773,False,False,False,-2.457977174702369,2.457977174702369,0.2549528910806496,False,LOW,POINT_BELOW_LIMIT,20-30%
C08773,L5,FPGA,125.79,1.104,11.4536,12.1116,13.2762,14.804,1.2139,1.2765,1.3889,1.5737,Normal,50.0,batch_5,0.6579999999999995,17.25059985477217,-1.134602323041694,35.63580203258603,36.77040435562772,False,False,False,-2.446599854772169,2.446599854772169,0.175500414443371,False,LOW,POINT_BELOW_LIMIT,10-20%
C08774,L5,ADC,124.31,1.789,11.9785,12.3314,12.5756,12.7981,1.2395,1.3238,1.2968,1.3461,High_Stable,50.0,batch_5,0.3529,14.754157004166672,-3.631045173647189,33.13935918198054,36.770404355627726,False,False,False,-1.9560570041666736,1.9560570041666736,0.0487886027457235,False,VERY_LOW,POINT_BELOW_LIMIT,0-10%
C08775,L5,DAC,125.12,1.775,11.8792,12.6477,13.4014,30.3754,1.2434,1.3444,1.3879,3.6367,Sudden_Anomaly,50.0,batch_5,0.7684999999999995,16.083127256051593,-2.3020749217622694,34.468329433865456,36.770404355627726,False,False,False,14.292272743948406,14.292272743948406,0.0301849431270483,False,VERY_LOW,POINT_BELOW_LIMIT,0-10%
C08776,L5,ASIC,124.51,1.183,11.6751,12.8197,13.506,14.0982,1.1817,1.3465,1.3847,1.5035,Normal,50.0,batch_5,1.1445999999999987,21.644675227678597,3.259473049864731,40.029877405492456,36.770404355627726,False,False,False,-7.546475227678593,7.546475227678593,0.3354250169071821,False,LOW,POINT_BELOW_LIMIT,30-40%
C08777,L5,FPGA,123.54,1.076,11.2405,11.8846,13.4569,19.0436,1.1595,1.2651,1.4264,2.0928,Latent_Defect,50.0,batch_5,0.6440999999999999,18.713759662274537,0.3285574844606742,37.0989618400884,36.770404355627726,False,False,False,0.3298403377254644,0.3298403377254644,0.2155561330327738,False,LOW,POINT_BELOW_LIMIT,20-30%
C08778,L5,FPGA,125.48,1.091,11.8405,12.5242,13.2501,14.2384,1.2102,1.3337,1.4219,1.5192,Normal,50.0,batch_5,0.6837,19.64118338333334,1.2559812055194757,38.0263855611472,36.770404355627726,False,False,False,-5.402783383333338,5.402783383333338,0.2567650901901674,False,LOW,POINT_BELOW_LIMIT,20-30%
C08779,L5,ASIC,125.18,1.195,11.5286,13.7546,20.7221,57.9545,1.1637,1.4494,2.294,8.1845,Absolute_Failure,50.0,batch_5,2.225999999999999,46.20940256855154,27.82420039073768,64.5946047463654,36.77040435562773,False,True,True,11.745097431448464,11.745097431448464,0.9094788403958444,True,HIGH,POINT_BELOW_LIMIT,90-100%
C08780,L5,ASIC,123.25,1.203,11.5045,12.3415,13.8733,14.1398,1.1931,1.2974,1.4862,1.5673,Normal,50.0,batch_5,0.8369999999999997,16.351459478020555,-2.033742699793308,34.73666165583442,36.770404355627726,False,False,False,-2.211659478020556,2.211659478020556,0.0671738920436288,False,VERY_LOW,POINT_BELOW_LIMIT,0-10%
C08781,L5,ADC,124.81,1.807,12.1967,13.7771,18.5472,51.9911,1.261,1.4412,2.0037,7.1111,Absolute_Failure,50.0,batch_5,1.580400000000001,37.44311100853175,19.05790883071789,55.82831318634561,36.77040435562772,False,True,True,14.547988991468252,14.547988991468252,0.7428762457619092,True,MEDIUM,POINT_BELOW_LIMIT,70-80%
C08782,L5,DAC,125.48,1.825,12.3273,14.3369,23.6944,53.7191,1.2858,1.5038,2.6798,7.4399,Absolute_Failure,50.0,batch_5,2.0096000000000007,38.56004853400971,20.174846356195847,56.945250711823576,36.77040435562773,False,True,True,15.159051465990288,15.159051465990288,0.8184771705728053,True,HIGH,POINT_BELOW_LIMIT,80-90%
C08783,L5,DAC,125.27,1.757,11.981,12.5562,13.4349,13.7521,1.2988,1.3526,1.4525,1.4495,Normal,50.0,batch_5,0.5752000000000006,16.98290732023809,-1.4022948575757717,35.36810949805195,36.77040435562772,False,False,False,-3.2308073202380907,3.2308073202380907,0.0864758707408862,False,VERY_LOW,POINT_BELOW_LIMIT,0-10%
C08784,L5,FPGA,124.76,1.118,11.3815,11.7358,12.1451,13.5489,1.1763,1.2029,1.3496,1.4232,Normal,50.0,batch_5,0.3542999999999985,14.471080090178576,-3.914122087635288,32.85628226799244,36.77040435562773,False,False,False,-0.9221800901785748,0.9221800901785748,0.0727494197476294,False,VERY_LOW,POINT_BELOW_LIMIT,0-10%
C08785,L5,FPGA,123.7,1.058,11.55,12.6238,15.2846,40.0277,1.1935,1.3419,1.612,5.1097,Sudden_Anomaly,50.0,batch_5,1.0737999999999983,21.189845022740457,2.804642844926594,39.57504720055432,36.77040435562773,False,False,False,18.837854977259543,18.837854977259543,0.2534685109772893,False,LOW,POINT_BELOW_LIMIT,20-30%
C08786,L5,DAC,123.38,1.806,12.4391,13.0412,14.4368,26.3447,1.3464,1.3917,1.569,3.0258,Sudden_Anomaly,50.0,batch_5,0.6021000000000001,17.340273803827657,-1.044928373986206,35.72547598164152,36.77040435562773,False,False,False,9.004426196172343,9.004426196172343,0.0863269983284689,False,VERY_LOW,POINT_BELOW_LIMIT,0-10%
C08787,L5,ADC,124.24,1.799,12.2215,13.0931,13.586,14.0511,1.2697,1.3688,1.4458,1.4709,Normal,50.0,batch_5,0.871599999999999,16.760369007142852,-1.6248331706710104,35.145571184956715,36.770404355627726,False,False,False,-2.7092690071428525,2.7092690071428525,0.0616499871473555,False,VERY_LOW,POINT_BELOW_LIMIT,0-10%
C08788,L5,ADC,124.42,1.804,12.3759,12.5368,12.5577,12.7385,1.3072,1.3218,1.3307,1.3092,High_Stable,50.0,batch_5,0.1608999999999998,13.0323793930736,-5.352822784740264,31.417581570887464,36.770404355627726,False,False,False,-0.293879393073599,0.293879393073599,0.0131356421356421,False,VERY_LOW,POINT_BELOW_LIMIT,0-10%
C08789,L5,ADC,124.31,1.793,11.9339,12.5062,13.7676,15.012,1.2679,1.304,1.4339,1.6172,Normal,50.0,batch_5,0.5723000000000003,16.562133020337296,-1.8230691574765672,34.94733519815116,36.770404355627726,False,False,False,-1.5501330203372952,1.5501330203372952,0.0111571428571428,False,VERY_LOW,POINT_BELOW_LIMIT,0-10%
C08790,L5,ADC,124.62,1.794,11.7076,12.7975,14.2351,14.773,1.192,1.3347,1.5488,1.5617,Normal,50.0,batch_5,1.0899,16.055730332837303,-2.32947184497656,34.440932510651166,36.770404355627726,False,False,False,-1.2827303328373034,1.2827303328373034,0.1033184822719046,False,VERY_LOW,POINT_BELOW_LIMIT,10-20%
C08791,L5,ASIC,124.26,1.203,11.1587,11.963,12.8994,37.8158,1.2022,1.246,1.3546,4.7298,Sudden_Anomaly,50.0,batch_5,0.8042999999999996,14.652521981878296,-3.732680195935567,33.03772415969216,36.770404355627726,False,False,False,23.16327801812171,23.16327801812171,0.0384078929784812,False,VERY_LOW,POINT_BELOW_LIMIT,0-10%
C08792,L5,ADC,124.66,1.762,12.4719,12.9613,13.4659,14.0311,1.276,1.3876,1.4124,1.4351,Normal,50.0,batch_5,0.4893999999999998,16.13055951284695,-2.254642664966912,34.51576169066081,36.77040435562772,False,False,False,-2.09945951284695,2.09945951284695,0.0230854256854256,False,VERY_LOW,POINT_BELOW_LIMIT,0-10%
C08793,L5,FPGA,125.04,1.113,11.9497,12.2359,12.2616,12.1474,1.2376,1.2451,1.3165,1.2591,High_Stable,50.0,batch_5,0.2862000000000009,14.496185623728351,-3.889016554085512,32.88138780154222,36.77040435562773,False,False,False,-2.348785623728352,2.348785623728352,0.011740909090909,False,VERY_LOW,POINT_BELOW_LIMIT,0-10%
C08794,L5,FPGA,123.42,1.123,11.2136,11.7127,12.267,13.8452,1.1753,1.2138,1.3035,1.472,Normal,50.0,batch_5,0.4991000000000003,14.879814101461037,-3.5053880763528262,33.2650162792749,36.77040435562773,False,False,False,-1.0346141014610364,1.0346141014610364,0.0762572135466872,False,VERY_LOW,POINT_BELOW_LIMIT,0-10%
C08795,L5,ADC,124.04,1.812,11.6737,13.0773,16.7123,22.7388,1.2313,1.3981,1.7682,2.5678,Latent_Defect,50.0,batch_5,1.403599999999999,32.704019294345244,14.31881711653138,51.08922147215911,36.77040435562773,False,True,False,-9.965219294345244,9.965219294345244,0.5993781471677644,True,MEDIUM,POINT_BELOW_LIMIT,50-60%
C08796,L5,ADC,122.86,1.805,12.6939,13.5743,14.3673,15.0623,1.3277,1.4316,1.5451,1.6656,Normal,50.0,batch_5,0.8803999999999998,19.005485299050388,0.6202831212365254,37.39068747686425,36.770404355627726,False,False,False,-3.943185299050388,3.943185299050388,0.0874287835802541,False,VERY_LOW,POINT_BELOW_LIMIT,0-10%
C08797,L5,ASIC,126.4,1.203,12.4184,12.561,12.5619,12.9258,1.3072,1.3145,1.3321,1.3812,High_Stable,50.0,batch_5,0.1425999999999998,13.372147647275645,-5.01305453053822,31.757349825089506,36.770404355627726,False,False,False,-0.4463476472756422,0.4463476472756422,0.0147575036075036,False,VERY_LOW,POINT_BELOW_LIMIT,0-10%
C08798,L5,FPGA,127.07,1.104,12.1288,12.1428,12.4759,12.4638,1.259,1.2704,1.2816,1.298,High_Stable,50.0,batch_5,0.0139999999999993,12.783760110615082,-5.60144206719878,31.168962288428943,36.770404355627726,False,False,False,-0.3199601106150815,0.3199601106150815,0.0133932348697054,False,VERY_LOW,POINT_BELOW_LIMIT,0-10%
C08799,L5,DAC,126.05,1.803,11.7465,11.851,11.9729,12.1478,1.2556,1.2639,1.2308,1.3112,High_Stable,50.0,batch_5,0.1045000000000015,14.64201093255494,-3.743191245258922,33.027213110368805,36.770404355627726,False,False,False,-2.4942109325549406,2.4942109325549406,0.1182094722271192,False,VERY_LOW,POINT_BELOW_LIMIT,10-20%
C08800,L5,FPGA,126.05,1.104,11.4308,12.6183,18.1896,55.4963,1.1639,1.3254,2.005,7.746,Absolute_Failure,50.0,batch_5,1.1875,25.808990700000013,7.42378852218615,44.19419287781388,36.770404355627726,False,False,True,29.687309299999985,29.687309299999985,0.3396217980982539,False,LOW,POINT_BELOW_LIMIT,30-40%
C08801,L5,ADC,125.3,1.794,12.0942,12.6421,13.4374,14.1891,1.3019,1.3313,1.3889,1.4977,Normal,50.0,batch_5,0.5478999999999985,18.29527629751401,-0.0899258802998517,36.680478475327874,36.770404355627726,False,False,False,-4.106176297514011,4.106176297514011,0.0646263236763236,False,VERY_LOW,POINT_BELOW_LIMIT,0-10%
C08802,L5,ADC,126.37,1.807,12.7748,13.1354,13.0306,13.0338,1.3495,1.4115,1.3758,1.3782,High_Stable,50.0,batch_5,0.3605999999999998,18.281192447123026,-0.1040097306908407,36.666394624936885,36.770404355627726,False,False,False,-5.247392447123023,5.247392447123023,0.0422138528138528,False,VERY_LOW,POINT_BELOW_LIMIT,0-10%
C08803,L5,ADC,125.76,1.826,11.166,11.4632,12.2864,12.8148,1.146,1.1568,1.2952,1.3332,Normal,50.0,batch_5,0.2972000000000001,14.98934783706711,-3.3958543407467534,33.374550014880974,36.770404355627726,False,False,False,-2.1745478370671094,2.1745478370671094,0.1083769409455652,False,VERY_LOW,POINT_BELOW_LIMIT,10-20%
C08804,L5,FPGA,126.94,1.128,11.3058,12.2786,19.5787,53.417,1.1817,1.256,2.1621,7.3195,Absolute_Failure,50.0,batch_5,0.9728000000000012,22.27865452380951,3.893452345995648,40.663856701623374,36.770404355627726,False,False,True,31.13834547619049,31.13834547619049,0.4390902047323864,False,MEDIUM,POINT_BELOW_LIMIT,40-50%
C08805,L5,ASIC,123.58,1.174,10.7934,11.0615,12.0033,13.3518,1.1781,1.1158,1.2155,1.4108,Normal,50.0,batch_5,0.2681000000000004,16.838207403030292,-1.5469947747835704,35.223409580844155,36.770404355627726,False,False,False,-3.486407403030292,3.486407403030292,0.1224241034765028,False,VERY_LOW,POINT_BELOW_LIMIT,10-20%
C08806,L5,ASIC,124.82,1.217,11.6642,12.5869,16.5286,56.3823,1.2103,1.3133,1.8,7.9033,Absolute_Failure,50.0,batch_5,0.9227000000000009,19.146597215079357,0.7613950372654905,37.53179939289322,36.77040435562773,False,False,True,37.23570278492065,37.23570278492065,0.2074530788887753,False,LOW,POINT_BELOW_LIMIT,20-30%
C08807,L5,ADC,125.77,1.822,12.1583,12.4551,13.3741,14.5309,1.2962,1.3039,1.4143,1.5698,Normal,50.0,batch_5,0.2967999999999993,16.4240288734127,-1.9611733044011643,34.80923105122656,36.770404355627726,False,False,False,-1.8931288734126976,1.8931288734126976,0.1856567679138885,False,LOW,POINT_BELOW_LIMIT,10-20%
C08808,L5,ADC,124.6,1.831,11.9542,12.0734,13.4498,29.3394,1.2658,1.2617,1.4672,3.4987,Sudden_Anomaly,50.0,batch_5,0.1191999999999993,13.300292264438331,-5.084909913375531,31.685494442252192,36.770404355627726,False,False,False,16.03910773556167,16.03910773556167,0.0154766955266955,False,VERY_LOW,POINT_BELOW_LIMIT,0-10%
C08809,L5,ADC,124.79,1.795,11.8002,12.2034,12.7617,13.8818,1.266,1.2957,1.3394,1.4562,Normal,50.0,batch_5,0.4032,15.994511653670632,-2.3906905241432312,34.379713831484494,36.770404355627726,False,False,False,-2.1127116536706314,2.1127116536706314,0.0252171994671994,False,VERY_LOW,POINT_BELOW_LIMIT,0-10%
C08810,L5,ADC,125.41,1.787,12.0004,13.1163,20.1925,55.588,1.2377,1.386,2.2715,7.7375,Absolute_Failure,50.0,batch_5,1.1159,22.79438434027778,4.409182162463917,41.17958651809164,36.77040435562772,False,False,True,32.79361565972222,32.79361565972222,0.174241349173702,False,LOW,POINT_BELOW_LIMIT,10-20%
C08811,L5,FPGA,126.82,1.097,11.5142,12.2232,12.9351,14.2741,1.2329,1.2809,1.3547,1.5199,Normal,50.0,batch_5,0.7089999999999996,15.697105865325684,-2.688096312488179,34.08230804313955,36.770404355627726,False,False,False,-1.423005865325683,1.423005865325683,0.0799221394074335,False,VERY_LOW,POINT_BELOW_LIMIT,0-10%
C08812,L5,ADC,125.25,1.786,11.2082,12.3272,17.0264,54.7293,1.147,1.2655,1.8623,7.5639,Absolute_Failure,50.0,batch_5,1.1189999999999998,19.90318587380954,1.517983695995678,38.2883880516234,36.77040435562772,False,False,True,34.82611412619046,34.82611412619046,0.1544010334428089,False,LOW,POINT_BELOW_LIMIT,10-20%
C08813,L5,DAC,124.97,1.827,11.7878,12.0283,12.9553,14.3147,1.2413,1.2374,1.3486,1.5602,Normal,50.0,batch_5,0.240499999999999,14.331873544345246,-4.053328633468617,32.71707572215911,36.770404355627726,False,False,False,-0.0171735443452458,0.0171735443452458,0.0519325157298841,False,VERY_LOW,POINT_BELOW_LIMIT,0-10%
C08814,L5,ASIC,125.6,1.203,11.744,12.3966,14.1794,37.1552,1.2585,1.2805,1.5016,4.6545,Sudden_Anomaly,50.0,batch_5,0.6525999999999996,15.524793478670633,-2.860408699143232,33.9099956564845,36.77040435562773,False,False,False,21.63040652132937,21.63040652132937,0.090238006730112,False,VERY_LOW,POINT_BELOW_LIMIT,0-10%
C08815,L5,ADC,124.64,1.797,11.1229,11.9073,12.3424,13.0824,1.1677,1.2529,1.3202,1.3599,Normal,50.0,batch_5,0.7843999999999998,17.080146206249996,-1.305055971563867,35.46534838406386,36.770404355627726,False,False,False,-3.997746206249996,3.997746206249996,0.2171899112731491,False,LOW,POINT_BELOW_LIMIT,20-30%
C08816,L5,ASIC,125.1,1.22,11.0504,11.1234,11.969,12.3334,1.1558,1.1666,1.2706,1.2914,Normal,50.0,batch_5,0.0730000000000004,12.312019137305072,-6.073183040508789,30.697221315118934,36.770404355627726,False,False,False,0.0213808626949258,0.0213808626949258,0.0489764884238568,False,VERY_LOW,POINT_BELOW_LIMIT,0-10%
C08817,L5,ADC,124.79,1.802,11.8972,12.4091,13.0659,13.8296,1.2111,1.3077,1.3496,1.4398,Normal,50.0,batch_5,0.5119000000000007,17.13495177583181,-1.2502504019820542,35.520153953645675,36.77040435562773,False,False,False,-3.3053517758318094,3.3053517758318094,0.1154381108107578,False,VERY_LOW,POINT_BELOW_LIMIT,10-20%
C08818,L5,ASIC,125.43,1.204,11.9485,11.9444,12.1572,12.0065,1.1984,1.2304,1.2989,1.242,High_Stable,50.0,batch_5,-0.0040999999999993,12.553017368055569,-5.832184809758296,30.93821954586943,36.770404355627726,False,False,False,-0.5465173680555662,0.5465173680555662,0.0168437562437562,False,VERY_LOW,POINT_BELOW_LIMIT,0-10%
C08819,L5,ADC,124.78,1.774,12.1839,13.819,17.0062,22.3583,1.2522,1.493,1.8292,2.5242,Latent_Defect,50.0,batch_5,1.635100000000001,32.1912960389881,13.806093861174237,50.576498216801966,36.77040435562773,False,True,False,-9.8329960389881,9.8329960389881,0.5398068674977525,True,MEDIUM,POINT_BELOW_LIMIT,50-60%
C08820,L5,FPGA,125.17,1.093,11.4916,12.0921,13.1995,13.9721,1.1701,1.2931,1.4514,1.4478,Normal,50.0,batch_5,0.6005000000000003,14.298329793154757,-4.086872384659106,32.683531970968616,36.77040435562772,False,False,False,-0.3262297931547575,0.3262297931547575,0.0277722222222222,False,VERY_LOW,POINT_BELOW_LIMIT,0-10%
C08821,L5,FPGA,125.74,1.086,11.171,11.7289,11.8738,12.6031,1.1944,1.2444,1.2572,1.3495,Normal,50.0,batch_5,0.5579000000000001,15.390783339186497,-2.9944188386273662,33.77598551700036,36.770404355627726,False,False,False,-2.787683339186497,2.787683339186497,0.0636201443637202,False,VERY_LOW,POINT_BELOW_LIMIT,0-10%
C08822,L5,DAC,123.75,1.804,11.7071,12.8077,13.7499,14.9077,1.1549,1.4037,1.5074,1.5679,Normal,50.0,batch_5,1.1006,24.398357525892862,6.013155348079,42.78355970370673,36.77040435562773,False,False,False,-9.490657525892862,9.490657525892862,0.3521069348176486,False,LOW,POINT_BELOW_LIMIT,30-40%
C08823,L5,ASIC,125.27,1.179,11.6507,11.7467,11.5285,11.4388,1.2375,1.1959,1.1986,1.1984,High_Stable,50.0,batch_5,0.096,12.533823470818072,-5.85137870699579,30.919025648631937,36.770404355627726,False,False,False,-1.095023470818072,1.095023470818072,0.0155197802197802,False,VERY_LOW,POINT_BELOW_LIMIT,0-10%
C08824,L5,DAC,126.17,1.792,12.0891,13.1148,13.4144,14.5438,1.2559,1.4053,1.4559,1.5103,Normal,50.0,batch_5,1.0257000000000005,20.65945654573413,2.274254367920271,39.044658723548,36.770404355627726,False,False,False,-6.115656545734135,6.115656545734135,0.2291485937015824,False,LOW,POINT_BELOW_LIMIT,20-30%
C08825,L5,DAC,126.43,1.786,12.3013,12.36,12.3811,12.626,1.2915,1.3463,1.3554,1.3335,High_Stable,50.0,batch_5,0.0586999999999999,13.703523095039683,-4.681679082774179,32.088725272853544,36.770404355627726,False,False,False,-1.077523095039684,1.077523095039684,0.0449359243985102,False,VERY_LOW,POINT_BELOW_LIMIT,0-10%
C08826,L5,DAC,125.15,1.79,11.6651,12.5328,13.5152,14.5686,1.226,1.3264,1.431,1.5599,Normal,50.0,batch_5,0.8676999999999992,16.71776878482143,-1.6674333929924323,35.1029709626353,36.77040435562773,False,False,False,-2.1491687848214305,2.1491687848214305,0.0847545530492899,False,VERY_LOW,POINT_BELOW_LIMIT,0-10%
C08827,L5,ASIC,124.32,1.202,11.1301,12.4116,13.3186,13.7597,1.1654,1.314,1.4361,1.4522,Normal,50.0,batch_5,1.2814999999999994,20.434914337400784,2.049712159586921,38.82011651521465,36.77040435562773,False,False,False,-6.675214337400783,6.675214337400783,0.1828951959499089,False,LOW,POINT_BELOW_LIMIT,10-20%
C08828,L5,ADC,125.7,1.791,11.726,11.6226,11.6024,11.7733,1.2143,1.2225,1.2071,1.2535,High_Stable,50.0,batch_5,-0.1034000000000006,12.382589157142856,-6.002613020671008,30.76779133495672,36.770404355627726,False,False,False,-0.6092891571428538,0.6092891571428538,0.008845238095238,False,VERY_LOW,POINT_BELOW_LIMIT,0-10%
C08829,L5,ADC,122.8,1.783,11.1794,12.1845,12.5735,13.1792,1.1597,1.2489,1.3094,1.3725,Normal,50.0,batch_5,1.0051000000000003,23.583578705871226,5.198376528057359,41.968780883685085,36.770404355627726,False,False,False,-10.404378705871222,10.404378705871222,0.3162804113036443,False,LOW,POINT_BELOW_LIMIT,30-40%
C08830,L5,DAC,126.83,1.796,11.9861,12.6015,13.1655,14.4392,1.2265,1.3406,1.4258,1.4848,Normal,50.0,batch_5,0.6153999999999993,23.54913236568361,5.163930187869749,41.93433454349747,36.77040435562772,False,False,False,-9.109932365683612,9.109932365683612,0.2535040198191899,False,LOW,POINT_BELOW_LIMIT,20-30%
C08831,L5,FPGA,124.45,1.09,12.1117,12.1548,12.4447,12.4688,1.2902,1.3162,1.2827,1.3325,High_Stable,50.0,batch_5,0.043099999999999,12.57034046031746,-5.814861717496402,30.955542638131323,36.770404355627726,False,False,False,-0.1015404603174605,0.1015404603174605,0.0104916666666666,False,VERY_LOW,POINT_BELOW_LIMIT,0-10%
C08832,L5,ASIC,125.26,1.197,10.8699,12.1948,15.6448,22.895,1.1388,1.2809,1.6622,2.6162,Latent_Defect,50.0,batch_5,1.3249000000000013,29.370746572086915,10.985544394273052,47.75594874990078,36.77040435562773,False,False,False,-6.475746572086916,6.475746572086916,0.5397795382370033,True,MEDIUM,POINT_BELOW_LIMIT,50-60%
C08833,L5,ADC,124.84,1.824,11.6743,12.4923,13.6549,14.9598,1.2125,1.2966,1.455,1.5844,Normal,50.0,batch_5,0.8179999999999996,17.837363140773807,-0.5478390370400561,36.22256531858767,36.770404355627726,False,False,False,-2.877563140773807,2.877563140773807,0.1610295686876201,False,LOW,POINT_BELOW_LIMIT,10-20%
C08834,L5,ASIC,124.83,1.209,11.7248,13.247,15.5736,20.0923,1.2519,1.4568,1.6795,2.2227,Latent_Defect,50.0,batch_5,1.5221999999999998,32.00798352023812,13.622781342424258,50.39318569805198,36.77040435562772,False,True,False,-11.91568352023812,11.91568352023812,0.4497326837266619,False,MEDIUM,POINT_BELOW_LIMIT,40-50%
C08835,L5,FPGA,124.12,1.092,10.7163,11.3839,11.8452,12.7241,1.1082,1.1856,1.23,1.3555,Normal,50.0,batch_5,0.6676000000000002,14.995630256249994,-3.389571921563869,33.380832434063855,36.770404355627726,False,False,False,-2.271530256249994,2.271530256249994,0.0733329754536651,False,VERY_LOW,POINT_BELOW_LIMIT,0-10%
C08836,L5,ADC,125.45,1.797,12.6794,14.478,18.9356,25.5895,1.3102,1.5372,2.0529,2.97,Latent_Defect,50.0,batch_5,1.7986000000000004,34.930531641722155,16.545329463908292,53.31573381953602,36.77040435562773,False,True,False,-9.341031641722154,9.341031641722154,0.7296229815242644,True,MEDIUM,POINT_BELOW_LIMIT,70-80%
C08837,L5,ADC,125.44,1.815,11.701,13.2467,19.699,61.772,1.2351,1.38,2.2087,8.8898,Absolute_Failure,50.0,batch_5,1.5457,32.253365186904745,13.868163009090882,50.63856736471861,36.77040435562773,False,True,True,29.51863481309525,29.51863481309525,0.5360490148997891,True,MEDIUM,POINT_BELOW_LIMIT,50-60%
C08838,L5,FPGA,125.53,1.105,11.5545,12.7102,17.5574,57.1608,1.2182,1.3729,1.8876,8.0686,Absolute_Failure,50.0,batch_5,1.1556999999999995,20.46925715783729,2.084054980023432,38.85445933565116,36.770404355627726,False,False,True,36.691542842162704,36.691542842162704,0.1614327023156552,False,LOW,POINT_BELOW_LIMIT,10-20%
C08839,L5,ADC,124.04,1.799,11.1654,11.4605,14.9575,55.9509,1.1263,1.188,1.6255,7.872,Absolute_Failure,50.0,batch_5,0.2950999999999997,16.531259089392556,-1.8539430884213068,34.916461267206415,36.77040435562772,False,False,True,39.41964091060744,39.41964091060744,0.0831703999680342,False,VERY_LOW,POINT_BELOW_LIMIT,0-10%
C08840,L5,ASIC,125.22,1.187,11.7976,12.1716,12.6693,13.481,1.2094,1.2115,1.3168,1.4096,Normal,50.0,batch_5,0.3740000000000005,15.358129942712846,-3.0270722351010164,33.74333212052671,36.770404355627726,False,False,False,-1.8771299427128465,1.8771299427128465,0.0545153009962472,False,VERY_LOW,POINT_BELOW_LIMIT,0-10%
C08841,L5,ASIC,125.4,1.201,11.4841,14.0626,21.3069,60.7976,1.1801,1.5115,2.3765,8.7002,Absolute_Failure,50.0,batch_5,2.5785,55.47065881635339,37.085456638539526,73.85586099416726,36.77040435562773,True,True,True,5.3269411836466105,5.3269411836466105,0.9852989232989232,True,HIGH,POINT_ABOVE_LIMIT,90-100%
C08842,L5,ADC,125.1,1.798,11.6388,12.636,15.9934,22.2858,1.2257,1.3551,1.7023,2.5181,Latent_Defect,50.0,batch_5,0.9971999999999994,19.34956148594876,0.9643593081348988,37.73476366376262,36.77040435562772,False,False,False,2.9362385140512366,2.9362385140512366,0.1403578125795772,False,VERY_LOW,POINT_BELOW_LIMIT,10-20%
C08843,L5,DAC,125.71,1.824,11.6711,12.2156,12.7993,13.9345,1.2392,1.2702,1.3184,1.446,Normal,50.0,batch_5,0.5445000000000011,18.4177032606782,0.0325010828643357,36.80290543849206,36.770404355627726,False,False,False,-4.483203260678199,4.483203260678199,0.04464329004329,False,VERY_LOW,POINT_BELOW_LIMIT,0-10%
C08844,L5,DAC,125.76,1.775,11.9818,13.4272,14.6659,38.8002,1.2444,1.4152,1.6114,4.8961,Sudden_Anomaly,50.0,batch_5,1.4453999999999994,36.8095971652778,18.424394987463938,55.19479934309166,36.77040435562772,False,True,False,1.990602834722196,1.990602834722196,0.6450405516911708,True,MEDIUM,POINT_BELOW_LIMIT,60-70%
C08845,L5,ASIC,124.3,1.187,11.1262,13.2491,17.5107,22.1289,1.1853,1.4197,1.873,2.5141,Latent_Defect,50.0,batch_5,2.1229,48.594616528754585,30.20941435094072,66.97981870656845,36.77040435562773,False,True,False,-26.465716528754584,26.465716528754584,0.9392048751968134,True,HIGH,POINT_BELOW_LIMIT,90-100%
C08846,L5,DAC,126.34,1.808,12.163,13.5829,16.0742,23.7661,1.2884,1.4258,1.7274,2.7348,Latent_Defect,50.0,batch_5,1.4199000000000002,30.830048840575436,12.44484666276157,49.215251018389296,36.770404355627726,False,False,False,-7.063948840575431,7.063948840575431,0.5120573684152366,True,MEDIUM,POINT_BELOW_LIMIT,50-60%
C08847,L5,ASIC,124.59,1.202,11.285,11.5508,12.7107,13.5259,1.1916,1.2309,1.3549,1.4503,Normal,50.0,batch_5,0.2658000000000005,14.99766357800325,-3.387538599810613,33.382865755817114,36.770404355627726,False,False,False,-1.47176357800325,1.47176357800325,0.0989925970744082,False,VERY_LOW,POINT_BELOW_LIMIT,0-10%
C08848,L5,DAC,126.58,1.797,11.8723,12.8744,15.3311,52.7034,1.2646,1.336,1.6056,7.2243,Absolute_Failure,50.0,batch_5,1.0021000000000004,19.62767504613096,1.242472868317094,38.01287722394482,36.770404355627726,False,False,True,33.07572495386904,33.07572495386904,0.1279394191635677,False,VERY_LOW,POINT_BELOW_LIMIT,10-20%
C08849,L5,ASIC,126.33,1.151,11.5614,12.7757,13.5243,14.5324,1.2276,1.3421,1.4225,1.529,Normal,50.0,batch_5,1.2142999999999995,22.557964380257932,4.172762202444073,40.9431665580718,36.77040435562772,False,False,False,-8.025564380257935,8.025564380257935,0.2447444217976726,False,LOW,POINT_BELOW_LIMIT,20-30%
C08850,L5,ASIC,125.02,1.192,10.6564,11.7169,12.2345,12.8904,1.1273,1.2301,1.2774,1.3484,Normal,50.0,batch_5,1.060500000000001,15.118966839583338,-3.2662353382305245,33.5041690173972,36.770404355627726,False,False,False,-2.2285668395833387,2.2285668395833387,0.0998619978091011,False,VERY_LOW,POINT_BELOW_LIMIT,0-10%
C08851,L5,ASIC,125.05,1.196,10.8563,11.2752,11.8731,12.326,1.1362,1.1633,1.233,1.2645,Normal,50.0,batch_5,0.4189000000000007,15.988084393085256,-2.3971177847286054,34.37328657089912,36.770404355627726,False,False,False,-3.662084393085257,3.662084393085257,0.0794756123992966,False,VERY_LOW,POINT_BELOW_LIMIT,0-10%
C08852,L5,ASIC,124.39,1.186,11.4018,12.0233,12.7045,13.3184,1.2119,1.2583,1.3471,1.42,Normal,50.0,batch_5,0.621500000000001,15.251854903566212,-3.133347274247651,33.63705708138008,36.77040435562773,False,False,False,-1.9334549035662116,1.9334549035662116,0.04470518000518,False,VERY_LOW,POINT_BELOW_LIMIT,0-10%
C08853,L5,ASIC,125.2,1.194,11.1221,11.7965,12.6325,13.9914,1.1764,1.2194,1.2907,1.4815,Normal,50.0,batch_5,0.6744000000000003,16.635753042162705,-1.749449135651158,35.02095521997657,36.77040435562773,False,False,False,-2.644353042162704,2.644353042162704,0.0496220521291574,False,VERY_LOW,POINT_BELOW_LIMIT,0-10%
C08854,L5,DAC,125.01,1.819,12.2825,13.065,13.9073,14.7575,1.3416,1.3737,1.5038,1.5492,Normal,50.0,batch_5,0.7824999999999989,18.026833580357152,-0.3583685974567103,36.412035758171015,36.770404355627726,False,False,False,-3.269333580357152,3.269333580357152,0.1245193894993894,False,VERY_LOW,POINT_BELOW_LIMIT,10-20%
C08855,L5,DAC,125.62,1.813,11.7932,13.7086,19.1551,52.0821,1.2354,1.5004,2.1154,7.1134,Absolute_Failure,50.0,batch_5,1.9154,43.11434402976192,24.72914185194806,61.49954620757579,36.77040435562773,False,True,True,8.967755970238073,8.967755970238073,0.8713327204815595,True,HIGH,POINT_BELOW_LIMIT,80-90%
C08856,L5,ASIC,123.81,1.187,11.8666,12.2598,12.2051,12.2002,1.2584,1.276,1.2283,1.2898,High_Stable,50.0,batch_5,0.3932000000000002,15.51339373170092,-2.871808446112942,33.89859590951478,36.770404355627726,False,False,False,-3.3131937317009204,3.3131937317009204,0.0412479543332484,False,VERY_LOW,POINT_BELOW_LIMIT,0-10%
C08857,L5,ASIC,125.18,1.199,11.9907,12.7848,13.9702,14.6061,1.1749,1.4089,1.4845,1.5879,Normal,50.0,batch_5,0.7941000000000003,21.65502031686505,3.269818139051189,40.04022249467892,36.770404355627726,False,False,False,-7.048920316865052,7.048920316865052,0.245372768771887,False,LOW,POINT_BELOW_LIMIT,20-30%
C08858,L5,DAC,125.75,1.795,12.2872,13.3,13.3417,14.0138,1.3045,1.3955,1.4229,1.4851,Normal,50.0,batch_5,1.0128000000000004,22.32151128465071,3.936309106836848,40.70671346246458,36.77040435562773,False,False,False,-8.307711284650711,8.307711284650711,0.4613630363141041,False,MEDIUM,POINT_BELOW_LIMIT,40-50%
C08859,L5,FPGA,124.57,1.091,11.3787,11.8893,12.258,12.2051,1.1731,1.2448,1.3077,1.3448,Normal,50.0,batch_5,0.5106000000000002,14.98612530128969,-3.399076876524173,33.37132747910356,36.77040435562773,False,False,False,-2.7810253012896897,2.7810253012896897,0.0599975627931692,False,VERY_LOW,POINT_BELOW_LIMIT,0-10%
C08860,L5,ADC,125.04,1.776,11.6006,12.2032,13.3511,13.3226,1.1779,1.3136,1.3865,1.4249,Normal,50.0,batch_5,0.6026000000000007,17.015354981255832,-1.3698471965580303,35.40055715906969,36.77040435562772,False,False,False,-3.692754981255833,3.692754981255833,0.1223686605593894,False,VERY_LOW,POINT_BELOW_LIMIT,10-20%
C08861,L5,ADC,126.41,1.823,11.2498,12.2988,12.6989,13.2183,1.1387,1.3339,1.2889,1.3786,Normal,50.0,batch_5,1.0489999999999997,22.74050453313492,4.355302355321058,41.12570671094878,36.770404355627726,False,False,False,-9.52220453313492,9.52220453313492,0.3595571851933856,False,LOW,POINT_BELOW_LIMIT,30-40%
C08862,L5,ADC,124.82,1.792,11.6936,12.3795,14.638,40.5574,1.1926,1.3065,1.5657,5.1744,Sudden_Anomaly,50.0,batch_5,0.6859000000000002,16.30712823839287,-2.0780739394209924,34.69233041620673,36.77040435562772,False,False,False,24.25027176160713,24.25027176160713,0.1370378399378399,False,VERY_LOW,POINT_BELOW_LIMIT,10-20%
C08863,L5,ASIC,125.33,1.194,11.5395,11.9353,13.0581,14.0667,1.2304,1.2278,1.385,1.509,Normal,50.0,batch_5,0.3957999999999995,16.26170023343253,-2.1235019443813314,34.646902411246394,36.770404355627726,False,False,False,-2.1950002334325305,2.1950002334325305,0.0475736164162634,False,VERY_LOW,POINT_BELOW_LIMIT,0-10%
C08864,L5,ASIC,125.42,1.224,11.4625,11.7474,12.9183,13.6613,1.16,1.2575,1.3075,1.4258,Normal,50.0,batch_5,0.2849000000000004,14.430294922429658,-3.954907255384205,32.81549710024352,36.770404355627726,False,False,False,-0.7689949224296573,0.7689949224296573,0.0827528610364523,False,VERY_LOW,POINT_BELOW_LIMIT,0-10%
C08865,L5,FPGA,124.67,1.115,11.7141,13.0209,17.5782,22.5606,1.2155,1.3411,1.9195,2.568,Latent_Defect,50.0,batch_5,1.306799999999999,21.68689284375,3.301690665936136,40.07209502156386,36.770404355627726,False,False,False,0.8737071562500027,0.8737071562500027,0.3019001641098531,False,LOW,POINT_BELOW_LIMIT,30-40%
C08866,L5,ADC,124.69,1.805,11.0879,12.9091,22.0395,52.4463,1.1325,1.3584,2.448,7.1958,Absolute_Failure,50.0,batch_5,1.821200000000001,43.70144425131674,25.31624207350288,62.08664642913061,36.77040435562773,False,True,True,8.744855748683257,8.744855748683257,0.8870552267679416,True,HIGH,POINT_BELOW_LIMIT,80-90%
C08867,L5,DAC,125.13,1.811,12.536,12.7526,13.2466,14.4822,1.3667,1.3479,1.4014,1.5471,Normal,50.0,batch_5,0.2165999999999996,14.684784669796176,-3.7004175080176864,33.06998684761004,36.770404355627726,False,False,False,-0.2025846697961757,0.2025846697961757,0.0118339826839826,False,VERY_LOW,POINT_BELOW_LIMIT,0-10%
C08868,L5,ADC,123.45,1.809,11.8617,13.0182,17.8076,24.8402,1.2518,1.3711,1.9593,2.8828,Latent_Defect,50.0,batch_5,1.1564999999999994,19.75369521230157,1.3684930344877095,38.13889739011543,36.77040435562772,False,False,False,5.086504787698427,5.086504787698427,0.300175851126409,False,LOW,POINT_BELOW_LIMIT,30-40%
C08869,L5,ADC,125.74,1.822,12.3558,12.634,12.522,12.5969,1.2635,1.3184,1.2979,1.3229,High_Stable,50.0,batch_5,0.2782,15.189321449503977,-3.195880728309888,33.57452362731784,36.770404355627726,False,False,False,-2.5924214495039752,2.5924214495039752,0.0626905476102844,False,VERY_LOW,POINT_BELOW_LIMIT,0-10%
C08870,L5,ASIC,124.36,1.185,11.3691,12.8142,13.8652,42.1276,1.1778,1.3871,1.4839,5.4455,Sudden_Anomaly,50.0,batch_5,1.4451,30.277732084722224,11.89252990690836,48.66293426253608,36.77040435562772,False,False,False,11.849867915277777,11.849867915277777,0.4198781199732599,False,MEDIUM,POINT_BELOW_LIMIT,40-50%
C08871,L5,ASIC,125.64,1.183,11.6053,11.9621,12.4168,12.6238,1.2174,1.2446,1.323,1.3267,High_Stable,50.0,batch_5,0.3567999999999998,15.740316378273796,-2.6448857995400665,34.125518556087655,36.77040435562772,False,False,False,-3.116516378273797,3.116516378273797,0.0388664983164983,False,VERY_LOW,POINT_BELOW_LIMIT,0-10%
C08872,L5,DAC,126.73,1.813,11.8837,12.7471,14.1714,14.9671,1.2623,1.2889,1.4598,1.5977,Normal,50.0,batch_5,0.8634000000000004,19.50906898154761,1.1238668037337476,37.89427115936147,36.770404355627726,False,False,False,-4.54196898154761,4.54196898154761,0.1649063149269031,False,LOW,POINT_BELOW_LIMIT,10-20%
C08873,L5,FPGA,124.92,1.091,11.3429,12.4873,13.7522,15.0871,1.1607,1.308,1.4716,1.5991,Normal,50.0,batch_5,1.1443999999999992,22.168954294814213,3.7837521170003514,40.55415647262808,36.77040435562773,False,False,False,-7.081854294814214,7.081854294814214,0.2723272233650446,False,LOW,POINT_BELOW_LIMIT,20-30%
C08874,L5,ADC,125.55,1.779,10.9426,11.8395,12.6968,13.3787,1.105,1.2377,1.323,1.4067,Normal,50.0,batch_5,0.8968999999999987,19.41061760676585,1.025415428951991,37.79581978457972,36.77040435562773,False,False,False,-6.0319176067658535,6.0319176067658535,0.3532639307230849,False,LOW,POINT_BELOW_LIMIT,30-40%
C08875,L5,ADC,125.4,1.804,11.8996,12.1429,12.2315,12.4152,1.2682,1.2739,1.3044,1.2967,High_Stable,50.0,batch_5,0.2432999999999996,14.59576973621032,-3.789432441603543,32.98097191402418,36.770404355627726,False,False,False,-2.18056973621032,2.18056973621032,0.0209626262626262,False,VERY_LOW,POINT_BELOW_LIMIT,0-10%
C08876,L5,DAC,124.62,1.773,11.7932,12.8587,13.0863,13.0438,1.2574,1.3608,1.3751,1.376,Normal,50.0,batch_5,1.0655,18.787060110218263,0.4018579324044005,37.17226228803213,36.77040435562773,False,False,False,-5.743260110218264,5.743260110218264,0.1680071069195681,False,LOW,POINT_BELOW_LIMIT,10-20%
C08877,L5,ADC,124.83,1.811,11.6686,13.5006,16.7925,21.353,1.2233,1.3968,1.8097,2.3522,Latent_Defect,50.0,batch_5,1.8320000000000007,42.84279856505023,24.457596387236368,61.2280007428641,36.77040435562773,False,True,False,-21.48979856505023,21.48979856505023,0.8467290759084452,True,HIGH,POINT_BELOW_LIMIT,80-90%
C08878,L5,DAC,124.91,1.815,12.1492,13.2546,13.7972,14.6506,1.2858,1.3949,1.4879,1.5274,Normal,50.0,batch_5,1.1053999999999995,19.415435545833336,1.0302333680194735,37.8006377236472,36.770404355627726,False,False,False,-4.764835545833336,4.764835545833336,0.0872814209242396,False,VERY_LOW,POINT_BELOW_LIMIT,0-10%
C08879,L5,ASIC,124.9,1.187,11.7175,11.7423,11.8448,11.7867,1.1915,1.2708,1.2458,1.2754,High_Stable,50.0,batch_5,0.0248000000000008,12.814352292361116,-5.570849885452747,31.19955447017498,36.770404355627726,False,False,False,-1.0276522923611164,1.0276522923611164,0.0156642857142857,False,VERY_LOW,POINT_BELOW_LIMIT,0-10%
C08880,L5,ASIC,123.58,1.205,11.2817,12.1241,12.5682,13.5875,1.1782,1.2965,1.3357,1.3901,Normal,50.0,batch_5,0.8423999999999996,15.5249024589504,-2.860299718863464,33.91010463676426,36.770404355627726,False,False,False,-1.9374024589503984,1.9374024589503984,0.0401409834059988,False,VERY_LOW,POINT_BELOW_LIMIT,0-10%
C08881,L5,FPGA,124.59,1.11,11.5317,12.2168,12.923,13.0826,1.2074,1.3182,1.3678,1.338,Normal,50.0,batch_5,0.6850999999999985,15.948637115575416,-2.436565062238447,34.333839293389275,36.77040435562772,False,False,False,-2.8660371155754163,2.8660371155754163,0.0967669641925889,False,VERY_LOW,POINT_BELOW_LIMIT,0-10%
C08882,L5,DAC,124.05,1.786,11.6506,12.5573,15.1985,36.3545,1.2235,1.3343,1.6546,4.469,Sudden_Anomaly,50.0,batch_5,0.906699999999999,22.22792066005395,3.842718482240088,40.61312283786781,36.770404355627726,False,False,False,14.126579339946051,14.126579339946051,0.3242091256614342,False,LOW,POINT_BELOW_LIMIT,30-40%
C08883,L5,FPGA,126.2,1.103,10.8595,11.9778,12.7702,14.0303,1.1204,1.2809,1.3382,1.5266,Normal,50.0,batch_5,1.1182999999999996,22.58021888980604,4.195016711992174,40.9654210676199,36.770404355627726,False,False,False,-8.549918889806037,8.549918889806037,0.3935763227487076,False,LOW,POINT_BELOW_LIMIT,30-40%
C08884,L5,FPGA,123.39,1.113,12.2695,12.19,12.3599,12.8477,1.298,1.2293,1.3042,1.3645,High_Stable,50.0,batch_5,-0.0795000000000012,13.509094984722212,-4.87610719309165,31.89429716253608,36.770404355627726,False,False,False,-0.6613949847222127,0.6613949847222127,0.015120202020202,False,VERY_LOW,POINT_BELOW_LIMIT,0-10%
C08885,L5,FPGA,123.23,1.088,12.0156,12.6735,13.3498,14.4493,1.2461,1.3169,1.4255,1.5751,Normal,50.0,batch_5,0.6579000000000015,16.80674154373469,-1.5784606340791711,35.191943721548554,36.770404355627726,False,False,False,-2.3574415437346925,2.3574415437346925,0.1257965381027939,False,VERY_LOW,POINT_BELOW_LIMIT,10-20%
C08886,L5,ASIC,125.34,1.187,11.6067,12.8759,14.0367,29.1604,1.2351,1.3919,1.4846,3.4466,Sudden_Anomaly,50.0,batch_5,1.2691999999999997,25.49656031938339,7.111358141569529,43.88176249719726,36.77040435562773,False,False,False,3.663839680616608,3.663839680616608,0.4032436164741613,False,MEDIUM,POINT_BELOW_LIMIT,40-50%
C08887,L5,DAC,125.75,1.814,12.5736,13.1258,14.2484,15.3636,1.3592,1.4142,1.4827,1.6839,Normal,50.0,batch_5,0.5521999999999991,17.375880353270205,-1.0093218245436582,35.76108253108407,36.77040435562773,False,False,False,-2.0122803532702047,2.0122803532702047,0.0524784992784992,False,VERY_LOW,POINT_BELOW_LIMIT,0-10%
C08888,L5,FPGA,126.46,1.075,11.7843,12.5367,12.8269,13.4574,1.2033,1.3113,1.3729,1.4149,Normal,50.0,batch_5,0.7523999999999997,22.68288642966268,4.297684251848818,41.06808860747654,36.77040435562772,False,False,False,-9.22548642966268,9.22548642966268,0.3932560946545899,False,LOW,POINT_BELOW_LIMIT,30-40%
C08889,L5,DAC,124.02,1.773,11.7035,12.9739,13.7357,14.7199,1.1923,1.3684,1.4263,1.55,Normal,50.0,batch_5,1.2704000000000004,24.661292642613635,6.276090464799772,43.0464948204275,36.770404355627726,False,False,False,-9.941392642613634,9.941392642613634,0.3418620112995474,False,LOW,POINT_BELOW_LIMIT,30-40%
C08890,L5,ASIC,125.23,1.211,11.1723,13.2382,18.4821,61.7396,1.1519,1.4121,2.0429,8.8892,Absolute_Failure,50.0,batch_5,2.065900000000001,51.08130025772285,32.69609807990899,69.46650243553671,36.77040435562772,True,True,True,10.658299742277151,10.658299742277151,0.9580577985825663,True,HIGH,POINT_ABOVE_LIMIT,90-100%
C08891,L5,ASIC,124.67,1.172,11.241,11.8089,14.15,31.3278,1.1917,1.2339,1.4624,3.7616,Sudden_Anomaly,50.0,batch_5,0.5678999999999998,15.45915653852231,-2.9260456392915533,33.844358716336174,36.770404355627726,False,False,False,15.86864346147769,15.86864346147769,0.0531893095208884,False,VERY_LOW,POINT_BELOW_LIMIT,0-10%
C08892,L5,FPGA,124.71,1.109,11.2483,12.0012,13.4883,32.7821,1.1539,1.2766,1.3737,3.967,Sudden_Anomaly,50.0,batch_5,0.7529000000000003,16.184850403670634,-2.200351774143229,34.5700525814845,36.770404355627726,False,False,False,16.597249596329366,16.597249596329366,0.1454263067731488,False,VERY_LOW,POINT_BELOW_LIMIT,10-20%
C08893,L5,ASIC,123.9,1.226,11.4511,11.884,12.8035,13.9453,1.1869,1.201,1.3503,1.5183,Normal,50.0,batch_5,0.4329,15.24851347948232,-3.136688698331543,33.63371565729618,36.77040435562772,False,False,False,-1.30321347948232,1.30321347948232,0.0598319458319458,False,VERY_LOW,POINT_BELOW_LIMIT,0-10%
C08894,L5,ADC,124.7,1.768,13.1439,13.2205,13.4196,13.2896,1.4149,1.4081,1.4368,1.3931,High_Stable,50.0,batch_5,0.0765999999999991,15.290780453075383,-3.0944217247384795,33.675982630889244,36.770404355627726,False,False,False,-2.001180453075383,2.001180453075383,0.1135341797091797,False,VERY_LOW,POINT_BELOW_LIMIT,10-20%
C08895,L5,DAC,126.27,1.789,11.9986,13.1924,13.5118,15.0388,1.274,1.3978,1.3868,1.6263,Normal,50.0,batch_5,1.1937999999999995,22.318532258035717,3.9333300802218494,40.703734435849576,36.770404355627726,False,False,False,-7.279732258035713,7.279732258035713,0.2940446217197945,False,LOW,POINT_BELOW_LIMIT,20-30%
C08896,L5,DAC,123.91,1.826,11.5516,12.4904,12.6901,13.4626,1.2124,1.3088,1.3147,1.3866,Normal,50.0,batch_5,0.9387999999999987,20.13541091081351,1.7502087329996456,38.52061308862737,36.770404355627726,False,False,False,-6.672810910813508,6.672810910813508,0.2552297851099708,False,LOW,POINT_BELOW_LIMIT,20-30%
C08897,L5,ADC,125.49,1.791,11.7613,12.3702,13.4132,14.5764,1.2254,1.2531,1.4617,1.5253,Normal,50.0,batch_5,0.6089000000000002,16.19028614781747,-2.194916029996392,34.57548832563133,36.770404355627726,False,False,False,-1.613886147817471,1.613886147817471,0.1030800718339108,False,VERY_LOW,POINT_BELOW_LIMIT,10-20%
C08898,L5,ASIC,124.1,1.194,11.8415,12.2788,12.4599,12.6814,1.2087,1.288,1.278,1.3289,High_Stable,50.0,batch_5,0.4373000000000004,15.858358910281378,-2.526843267532485,34.24356108809524,36.770404355627726,False,False,False,-3.1769589102813782,3.1769589102813782,0.041826919485743,False,VERY_LOW,POINT_BELOW_LIMIT,0-10%
C08899,L5,ADC,123.8,1.786,11.6504,13.8551,24.2547,55.664,1.2134,1.4767,2.7643,7.7968,Absolute_Failure,50.0,batch_5,2.2047000000000008,44.87048423136721,26.485282053553345,63.25568640918107,36.77040435562772,False,True,True,10.793515768632794,10.793515768632794,0.9123495053948462,True,HIGH,POINT_BELOW_LIMIT,90-100%
C08900,L5,FPGA,125.03,1.123,11.8,12.759,13.3631,13.4641,1.2408,1.3451,1.4381,1.3816,Normal,50.0,batch_5,0.9589999999999996,17.959709019665056,-0.4254931581488073,36.34491119747892,36.77040435562773,False,False,False,-4.495609019665055,4.495609019665055,0.1096251021510309,False,VERY_LOW,POINT_BELOW_LIMIT,10-20%
C08901,L5,ASIC,124.42,1.167,11.1412,12.0843,12.6228,13.6167,1.1357,1.2735,1.3707,1.4627,Normal,50.0,batch_5,0.9431000000000012,17.7469896926542,-0.6382124851596629,36.13219187046806,36.770404355627726,False,False,False,-4.1302896926542,4.1302896926542,0.1605007155778516,False,LOW,POINT_BELOW_LIMIT,10-20%
C08902,L5,ASIC,126.33,1.187,11.9865,12.0167,12.3547,12.1972,1.2813,1.2007,1.3059,1.2514,High_Stable,50.0,batch_5,0.0302000000000006,12.931747071081356,-5.453455106732507,31.31694924889522,36.770404355627726,False,False,False,-0.7345470710813551,0.7345470710813551,0.0312989177489177,False,VERY_LOW,POINT_BELOW_LIMIT,0-10%
C08903,L5,DAC,124.73,1.803,12.4473,12.9643,14.296,34.5863,1.3449,1.3852,1.535,4.2985,Sudden_Anomaly,50.0,batch_5,0.5169999999999995,15.4734042461076,-2.9117979317062623,33.858606423921465,36.770404355627726,False,False,False,19.112895753892403,19.112895753892403,0.0123527777777777,False,VERY_LOW,POINT_BELOW_LIMIT,0-10%
C08904,L5,DAC,125.71,1.79,11.8731,12.4505,13.4714,13.4852,1.236,1.2877,1.45,1.4336,Normal,50.0,batch_5,0.577399999999999,15.115649684670007,-3.2695524931438555,33.50085186248387,36.770404355627726,False,False,False,-1.6304496846700065,1.6304496846700065,0.0284451714951714,False,VERY_LOW,POINT_BELOW_LIMIT,0-10%
C08905,L5,ADC,124.92,1.8,11.6887,12.6142,13.3015,14.411,1.2413,1.3365,1.425,1.5288,Normal,50.0,batch_5,0.9254999999999995,17.90931972440476,-0.4758824534091026,36.29452190221862,36.77040435562772,False,False,False,-3.498319724404761,3.498319724404761,0.2020081177336594,False,LOW,POINT_BELOW_LIMIT,20-30%
C08906,L5,ASIC,124.87,1.208,11.0978,11.5622,12.5382,31.9887,1.0973,1.2125,1.3134,3.8311,Sudden_Anomaly,50.0,batch_5,0.4644000000000012,17.066879909523813,-1.31832226829005,35.45208208733767,36.77040435562772,False,False,False,14.921820090476189,14.921820090476189,0.1490126856116019,False,VERY_LOW,POINT_BELOW_LIMIT,10-20%
C08907,L5,FPGA,126.49,1.105,12.0935,13.1572,13.9063,15.9057,1.2868,1.3773,1.5904,1.7014,Normal,50.0,batch_5,1.063699999999999,19.35446761964285,0.9692654418289912,37.73966979745671,36.77040435562772,False,False,False,-3.4487676196428545,3.4487676196428545,0.1831324410090091,False,LOW,POINT_BELOW_LIMIT,10-20%
C08908,L5,FPGA,124.92,1.093,11.5622,12.8443,14.6057,16.2198,1.1996,1.3363,1.581,1.7457,Normal,50.0,batch_5,1.2820999999999998,20.347587449801573,1.96238527198771,38.73278962761543,36.77040435562772,False,False,False,-4.127787449801573,4.127787449801573,0.1560447790821205,False,LOW,POINT_BELOW_LIMIT,10-20%
C08909,L5,FPGA,124.29,1.097,11.7289,13.0814,15.0308,37.1334,1.2255,1.4009,1.5771,4.6699,Sudden_Anomaly,50.0,batch_5,1.352500000000001,29.16795606121033,10.782753883396468,47.55315823902419,36.770404355627726,False,False,False,7.965443938789672,7.965443938789672,0.5709398718390987,True,MEDIUM,POINT_BELOW_LIMIT,50-60%
C08910,L5,ASIC,123.8,1.221,11.7035,13.5315,17.9774,54.651,1.2678,1.4355,2.0308,7.5312,Absolute_Failure,50.0,batch_5,1.8279999999999996,41.70583332431458,23.32063114650072,60.09103550212845,36.77040435562773,False,True,True,12.94516667568542,12.94516667568542,0.808659327692643,True,HIGH,POINT_BELOW_LIMIT,80-90%
C08911,L5,FPGA,124.95,1.082,11.0625,13.0175,17.2981,23.3929,1.1412,1.3436,1.8693,2.6922,Latent_Defect,50.0,batch_5,1.955,40.199631621527786,21.814429443713923,58.58483379934165,36.77040435562773,False,True,False,-16.806731621527785,16.806731621527785,0.8037391092683359,True,HIGH,POINT_BELOW_LIMIT,80-90%
C08912,L5,ADC,125.45,1.793,12.3758,13.0986,13.6834,14.6527,1.2698,1.3911,1.4279,1.5988,Normal,50.0,batch_5,0.7227999999999994,18.10303035134804,-0.2821718264658237,36.48823252916191,36.77040435562773,False,False,False,-3.45033035134804,3.45033035134804,0.039476335188719,False,VERY_LOW,POINT_BELOW_LIMIT,0-10%
C08913,L5,ASIC,125.17,1.202,11.9073,12.6556,15.1299,32.3048,1.2354,1.3138,1.6243,3.8858,Sudden_Anomaly,50.0,batch_5,0.7483000000000004,17.553105707711048,-0.8320964701028153,35.93830788552491,36.77040435562772,False,False,False,14.751694292288953,14.751694292288953,0.1304409816533654,False,VERY_LOW,POINT_BELOW_LIMIT,10-20%
C08914,L5,DAC,126.19,1.809,11.5126,11.9199,12.9126,13.4145,1.1887,1.2263,1.3478,1.3531,Normal,50.0,batch_5,0.4072999999999993,16.039360095535727,-2.345842082278136,34.42456227334959,36.77040435562773,False,False,False,-2.624860095535727,2.624860095535727,0.0415070483811409,False,VERY_LOW,POINT_BELOW_LIMIT,0-10%
C08915,L5,ASIC,127.01,1.228,11.7423,12.0921,12.4457,12.7956,1.2224,1.2697,1.3203,1.3531,Normal,50.0,batch_5,0.3498000000000001,22.244202326404565,3.8590001485907024,40.62940450421843,36.770404355627726,False,False,False,-9.448602326404565,9.448602326404565,0.250715897462045,False,LOW,POINT_BELOW_LIMIT,20-30%
C08916,L5,ASIC,124.53,1.201,11.1819,12.415,16.7829,50.4769,1.1866,1.3157,1.7904,6.8242,Absolute_Failure,50.0,batch_5,1.2330999999999983,20.027911610317457,1.6427094325035938,38.41311378813132,36.770404355627726,False,False,True,30.448988389682544,30.448988389682544,0.1784398746320799,False,LOW,POINT_BELOW_LIMIT,10-20%
C08917,L5,ASIC,125.44,1.21,11.6115,14.1876,20.1073,50.1897,1.2134,1.459,2.2259,6.7664,Absolute_Failure,50.0,batch_5,2.5761000000000003,52.29598067232143,33.91077849450757,70.68118285013529,36.77040435562772,True,True,True,-2.106280672321425,2.106280672321425,0.963687936865336,True,HIGH,POINT_ABOVE_LIMIT,90-100%
C08918,L5,FPGA,124.57,1.108,11.7117,12.817,13.5441,14.7542,1.2436,1.3515,1.4159,1.5479,Normal,50.0,batch_5,1.1052999999999995,17.682219360276523,-0.7029828175373396,36.06742153809039,36.770404355627726,False,False,False,-2.9280193602765223,2.9280193602765223,0.097988773477984,False,VERY_LOW,POINT_BELOW_LIMIT,0-10%
C08919,L5,DAC,125.22,1.8,11.6258,11.8921,13.0293,14.3452,1.2188,1.2634,1.3609,1.5802,Normal,50.0,batch_5,0.2662999999999993,16.323685736607146,-2.0615164412067166,34.70888791442101,36.77040435562773,False,False,False,-1.978485736607146,1.978485736607146,0.0998740426184138,False,VERY_LOW,POINT_BELOW_LIMIT,0-10%
C08920,L5,ADC,124.43,1.802,12.5144,13.9985,16.7312,23.6239,1.2707,1.5183,1.8088,2.6709,Latent_Defect,50.0,batch_5,1.4840999999999998,39.706788917372585,21.32158673955872,58.09199109518645,36.77040435562772,False,True,False,-16.082888917372586,16.082888917372586,0.7744717520113187,True,HIGH,POINT_BELOW_LIMIT,70-80%
C08921,L5,DAC,125.41,1.813,12.2433,12.9873,13.9729,14.7589,1.2816,1.385,1.45,1.6096,Normal,50.0,batch_5,0.7439999999999998,17.04647956319445,-1.3387226146194138,35.43168174100831,36.770404355627726,False,False,False,-2.2875795631944484,2.2875795631944484,0.1006861259655377,False,VERY_LOW,POINT_BELOW_LIMIT,10-20%
C08922,L5,ASIC,124.02,1.183,11.9471,13.7724,15.9462,23.1134,1.2845,1.4706,1.6827,2.6317,Latent_Defect,50.0,batch_5,1.8252999999999984,42.01810687986111,23.632904702047245,60.403309057674974,36.77040435562773,False,True,False,-18.90470687986111,18.90470687986111,0.7975326496551267,True,HIGH,POINT_BELOW_LIMIT,70-80%
C08923,L5,ASIC,123.89,1.193,11.5255,13.1392,19.8944,50.677,1.1754,1.389,2.2124,6.8932,Absolute_Failure,50.0,batch_5,1.6137000000000017,31.783479205257933,13.39827702744407,50.1686813830718,36.77040435562773,False,True,True,18.893520794742063,18.893520794742063,0.5776154334108067,True,MEDIUM,POINT_BELOW_LIMIT,50-60%
C08924,L5,FPGA,124.67,1.115,11.302,12.0277,12.5099,14.041,1.2046,1.2541,1.2476,1.5325,Normal,50.0,batch_5,0.7256999999999998,16.92285008125001,-1.4623520965638512,35.30805225906387,36.77040435562772,False,False,False,-2.881850081250011,2.881850081250011,0.104266115357773,False,VERY_LOW,POINT_BELOW_LIMIT,10-20%
C08925,L5,FPGA,126.22,1.063,12.1699,13.1922,13.5448,15.0423,1.2613,1.4117,1.4246,1.6063,Normal,50.0,batch_5,1.0222999999999995,22.94105210178573,4.555849923971863,41.32625427959959,36.770404355627726,False,False,False,-7.8987521017857265,7.8987521017857265,0.1560410750652855,False,LOW,POINT_BELOW_LIMIT,10-20%
C08926,L5,ASIC,123.93,1.194,11.1708,12.3479,13.4939,13.8207,1.1725,1.3128,1.4552,1.4656,Normal,50.0,batch_5,1.1770999999999994,19.155531390575387,0.7703292127615242,37.54073356838925,36.770404355627726,False,False,False,-5.334831390575387,5.334831390575387,0.1526877648266192,False,LOW,POINT_BELOW_LIMIT,10-20%
C08927,L5,ADC,125.34,1.791,11.4089,11.7681,12.7039,13.393,1.1725,1.2014,1.3573,1.4213,Normal,50.0,batch_5,0.3592000000000013,14.493074038591285,-3.892128139222578,32.87827621640515,36.770404355627726,False,False,False,-1.1000740385912842,1.1000740385912842,0.0546803691406632,False,VERY_LOW,POINT_BELOW_LIMIT,0-10%
C08928,L5,DAC,124.82,1.795,11.4883,11.9334,12.4676,12.8187,1.2308,1.2738,1.3036,1.3583,Normal,50.0,batch_5,0.4451,16.072345226190492,-2.3128569516233703,34.45754740400436,36.77040435562773,False,False,False,-3.2536452261904927,3.2536452261904927,0.0404564491064491,False,VERY_LOW,POINT_BELOW_LIMIT,0-10%
C08929,L5,DAC,125.05,1.811,11.8271,12.8675,13.8527,14.5272,1.2159,1.3541,1.4953,1.5222,Normal,50.0,batch_5,1.0404,18.110721348015883,-0.2744808297979801,36.49592352582975,36.770404355627726,False,False,False,-3.583521348015882,3.583521348015882,0.0638600976251131,False,VERY_LOW,POINT_BELOW_LIMIT,0-10%
C08930,L5,DAC,125.11,1.797,12.3589,12.5102,13.5067,14.4338,1.2909,1.2998,1.4413,1.5623,Normal,50.0,batch_5,0.1512999999999991,13.240427207341268,-5.144774970472595,31.62562938515513,36.770404355627726,False,False,False,1.1933727926587316,1.1933727926587316,0.002,False,VERY_LOW,POINT_BELOW_LIMIT,0-10%
C08931,L5,ASIC,125.35,1.213,12.1896,12.5384,12.9948,13.7917,1.2715,1.2514,1.4012,1.46,Normal,50.0,batch_5,0.3487999999999989,15.578444803616522,-2.806757374197341,33.96364698143039,36.770404355627726,False,False,False,-1.7867448036165214,1.7867448036165214,0.0464481407481407,False,VERY_LOW,POINT_BELOW_LIMIT,0-10%
C08932,L5,FPGA,125.29,1.098,11.4584,12.2117,13.1377,13.9033,1.1749,1.2942,1.4137,1.4233,Normal,50.0,batch_5,0.7533000000000012,16.142854253015045,-2.2423479247988176,34.52805643082891,36.77040435562773,False,False,False,-2.2395542530150454,2.2395542530150454,0.0257607503607503,False,VERY_LOW,POINT_BELOW_LIMIT,0-10%
C08933,L5,DAC,125.51,1.79,12.3062,13.9173,16.1277,39.0311,1.2847,1.4803,1.7558,4.9504,Sudden_Anomaly,50.0,batch_5,1.6110999999999986,34.145032913133385,15.759830735319522,52.53023509094725,36.77040435562772,False,True,False,4.886067086866618,4.886067086866618,0.6021220334816171,True,MEDIUM,POINT_BELOW_LIMIT,60-70%
C08934,L5,ASIC,125.27,1.2,12.4234,13.8345,16.5649,22.4453,1.2537,1.5009,1.7888,2.5397,Latent_Defect,50.0,batch_5,1.4110999999999994,29.409464583525992,11.024262405712127,47.794666761339855,36.770404355627726,False,False,False,-6.964164583525992,6.964164583525992,0.5078849165827964,True,MEDIUM,POINT_BELOW_LIMIT,50-60%
C08935,L5,DAC,123.98,1.784,12.2701,12.8792,14.2777,15.9115,1.2952,1.3372,1.5263,1.6962,Normal,50.0,batch_5,0.6091000000000015,16.745264016269836,-1.639938161544027,35.130466194083695,36.77040435562772,False,False,False,-0.8337640162698357,0.8337640162698357,0.0939625440349124,False,VERY_LOW,POINT_BELOW_LIMIT,0-10%
C08936,L5,FPGA,126.44,1.097,11.9747,12.2711,12.5437,13.4062,1.2696,1.3414,1.2968,1.4473,Normal,50.0,batch_5,0.2964000000000002,15.106290772916672,-3.2789114048971904,33.49149295073053,36.77040435562772,False,False,False,-1.7000907729166723,1.7000907729166723,0.0785135395650101,False,VERY_LOW,POINT_BELOW_LIMIT,0-10%
C08937,L5,ASIC,124.71,1.215,12.1078,13.0567,17.4777,50.943,1.2711,1.3501,1.9245,6.9399,Absolute_Failure,50.0,batch_5,0.9489,18.12814867896825,-0.257053498845611,36.51335085678211,36.77040435562772,False,False,True,32.814851321031746,32.814851321031746,0.035672748046587,False,VERY_LOW,POINT_BELOW_LIMIT,0-10%
C08938,L5,DAC,125.06,1.794,12.049,13.1301,13.5743,13.8963,1.2268,1.3671,1.3922,1.4675,Normal,50.0,batch_5,1.081100000000001,21.9503988296627,3.5651966518488365,40.33560100747656,36.770404355627726,False,False,False,-8.0540988296627,8.0540988296627,0.1100847265966461,False,VERY_LOW,POINT_BELOW_LIMIT,10-20%
C08939,L5,ADC,124.81,1.78,12.5779,14.3177,22.7528,61.631,1.3183,1.5495,2.6082,8.8807,Absolute_Failure,50.0,batch_5,1.739800000000001,35.96853998924756,17.583337811433697,54.35374216706143,36.77040435562773,False,True,True,25.66246001075244,25.66246001075244,0.8085927878475985,True,HIGH,POINT_BELOW_LIMIT,80-90%
C08940,L5,ASIC,125.3,1.203,11.636,12.6115,12.9654,14.3721,1.2304,1.2984,1.3951,1.4769,Normal,50.0,batch_5,0.9755000000000004,18.01293466686509,-0.3722675109487738,36.39813684467895,36.770404355627726,False,False,False,-3.640834666865089,3.640834666865089,0.1494659331037038,False,VERY_LOW,POINT_BELOW_LIMIT,10-20%
C08941,L5,ADC,124.85,1.762,12.2024,12.8209,17.4436,21.2348,1.2398,1.3388,1.9011,2.3847,Latent_Defect,50.0,batch_5,0.6184999999999992,18.39509146222944,0.0098892844155749,36.7802936400433,36.77040435562772,False,False,False,2.839708537770562,2.839708537770562,0.1016451593040602,False,VERY_LOW,POINT_BELOW_LIMIT,10-20%
C08942,L5,FPGA,125.1,1.095,11.2726,11.792,12.1379,13.4664,1.1095,1.1899,1.2666,1.442,Normal,50.0,batch_5,0.5193999999999992,18.013102084418776,-0.3721000933950869,36.39830426223264,36.77040435562773,False,False,False,-4.546702084418776,4.546702084418776,0.2223572358599553,False,LOW,POINT_BELOW_LIMIT,20-30%
C08943,L5,ADC,123.82,1.807,11.6554,12.3883,13.1685,13.9633,1.2251,1.3136,1.353,1.5086,Normal,50.0,batch_5,0.732899999999999,16.803640291369053,-1.5815618864448098,35.18884246918292,36.770404355627726,False,False,False,-2.8403402913690527,2.8403402913690527,0.1539882329140755,False,LOW,POINT_BELOW_LIMIT,10-20%
C08944,L5,FPGA,126.29,1.104,11.3814,13.3784,22.5299,53.2532,1.2197,1.4657,2.5359,7.3136,Absolute_Failure,50.0,batch_5,1.997,40.01665986299605,21.631457685182188,58.40186204080992,36.77040435562773,False,True,True,13.23654013700395,13.23654013700395,0.7887847601621972,True,HIGH,POINT_BELOW_LIMIT,70-80%
C08945,L5,FPGA,125.59,1.096,11.7002,12.7422,13.1705,14.3279,1.2036,1.3634,1.391,1.5703,Normal,50.0,batch_5,1.0419999999999998,17.91453959970238,-0.470662578111483,36.299741777516246,36.77040435562773,False,False,False,-3.58663959970238,3.58663959970238,0.0796659866748,False,VERY_LOW,POINT_BELOW_LIMIT,0-10%
C08946,L5,ADC,124.63,1.776,11.432,11.8618,13.0648,13.7882,1.1567,1.2337,1.3562,1.4666,Normal,50.0,batch_5,0.4298000000000002,15.872171447023817,-2.513030730790048,34.25737362483768,36.770404355627726,False,False,False,-2.0839714470238158,2.0839714470238158,0.0879756041344276,False,VERY_LOW,POINT_BELOW_LIMIT,0-10%
C08947,L5,ADC,125.77,1.769,11.2447,12.5172,12.8681,14.0812,1.1507,1.3422,1.3322,1.4753,Normal,50.0,batch_5,1.2725000000000009,25.642541122718256,7.257338944904394,44.02774330053212,36.77040435562773,False,False,False,-11.561341122718256,11.561341122718256,0.4138925214103274,False,MEDIUM,POINT_BELOW_LIMIT,40-50%
C08948,L5,DAC,125.73,1.789,11.8668,12.0275,12.878,14.3515,1.281,1.2483,1.3493,1.5292,Normal,50.0,batch_5,0.1607000000000003,12.875836449900794,-5.509365727913069,31.26103862771465,36.770404355627726,False,False,False,1.475663550099206,1.475663550099206,0.0148746031746031,False,VERY_LOW,POINT_BELOW_LIMIT,0-10%
C08949,L5,ASIC,125.99,1.218,11.1436,12.2975,12.5655,13.0936,1.1364,1.2694,1.3482,1.4118,Normal,50.0,batch_5,1.1539,19.899578719994587,1.5143765421807238,38.284780897808446,36.77040435562772,False,False,False,-6.805978719994586,6.805978719994586,0.2732181689886965,False,LOW,POINT_BELOW_LIMIT,20-30%
C08950,L5,ASIC,124.55,1.199,11.8361,11.8663,12.0733,11.9298,1.2797,1.2317,1.2836,1.2811,High_Stable,50.0,batch_5,0.0302000000000006,12.21571417867063,-6.169487999143232,30.600916356484493,36.770404355627726,False,False,False,-0.2859141786706303,0.2859141786706303,0.0,False,VERY_LOW,POINT_BELOW_LIMIT,0-10%
C08951,L5,ASIC,125.37,1.232,10.7078,11.6678,14.0461,41.6692,1.1813,1.1967,1.5016,5.3346,Sudden_Anomaly,50.0,batch_5,0.9599999999999992,17.433023479365087,-0.952178698448776,35.81822565717895,36.770404355627726,False,False,False,24.23617652063491,24.23617652063491,0.1223146565309548,False,VERY_LOW,POINT_BELOW_LIMIT,10-20%
C08952,L5,ADC,124.91,1.774,11.1826,12.3871,13.1692,14.0167,1.1509,1.3561,1.4216,1.5042,Normal,50.0,batch_5,1.2044999999999997,24.02011147757937,5.634909299765507,42.40531365539323,36.77040435562772,False,False,False,-10.00341147757937,10.00341147757937,0.3320751986508278,False,LOW,POINT_BELOW_LIMIT,30-40%
C08953,L5,FPGA,125.28,1.085,10.8979,11.8878,12.7054,34.9985,1.1359,1.2411,1.3011,4.2936,Sudden_Anomaly,50.0,batch_5,0.9899000000000004,16.81537611363908,-1.5698260641747837,35.20057829145294,36.770404355627726,False,False,False,18.18312388636092,18.18312388636092,0.1543083425690236,False,LOW,POINT_BELOW_LIMIT,10-20%
C08954,L5,ADC,126.74,1.809,12.4066,12.667,13.6725,14.5651,1.304,1.3267,1.455,1.5703,Normal,50.0,batch_5,0.2604000000000006,14.363958862797617,-4.021243315016248,32.74916104061148,36.770404355627726,False,False,False,0.2011411372023843,0.2011411372023843,0.0497699093390269,False,VERY_LOW,POINT_BELOW_LIMIT,0-10%
C08955,L5,FPGA,125.85,1.087,11.1097,12.2968,13.3974,13.9386,1.152,1.3126,1.4333,1.4642,Normal,50.0,batch_5,1.1870999999999992,19.69172343591271,1.3065212580988472,38.07692561372657,36.770404355627726,False,False,False,-5.753123435912711,5.753123435912711,0.1610687260108312,False,LOW,POINT_BELOW_LIMIT,10-20%
C08956,L5,FPGA,127.33,1.081,10.8437,12.5204,17.1893,53.6741,1.1396,1.3279,1.9037,7.3995,Absolute_Failure,50.0,batch_5,1.6767000000000003,43.220691772772376,24.835489594958517,61.60589395058624,36.77040435562772,False,True,True,10.453408227227628,10.453408227227628,0.7766590781811455,True,HIGH,POINT_BELOW_LIMIT,70-80%
C08957,L5,FPGA,125.32,1.087,11.284,12.4699,13.6472,14.2568,1.1812,1.3692,1.4498,1.5177,Normal,50.0,batch_5,1.1859000000000002,22.388735208333333,4.003533030519471,40.7739373861472,36.770404355627726,False,False,False,-8.131935208333333,8.131935208333333,0.2583554491600042,False,LOW,POINT_BELOW_LIMIT,20-30%
C08958,L5,ADC,124.18,1.802,11.5669,12.6059,13.423,15.0607,1.2191,1.3046,1.3936,1.6451,Normal,50.0,batch_5,1.0389999999999997,20.69321233829365,2.3080101604797925,39.07841451610752,36.77040435562772,False,False,False,-5.632512338293655,5.632512338293655,0.2558489932409463,False,LOW,POINT_BELOW_LIMIT,20-30%
C08959,L5,FPGA,124.52,1.099,10.8126,11.4726,12.4442,13.9701,1.0468,1.1561,1.326,1.4878,Normal,50.0,batch_5,0.6600000000000001,17.491743207303113,-0.8934589705107499,35.876945385116976,36.770404355627726,False,False,False,-3.5216432073031125,3.5216432073031125,0.0906162000721838,False,VERY_LOW,POINT_BELOW_LIMIT,0-10%
C08960,L5,DAC,126.04,1.783,11.388,11.647,11.5063,11.4841,1.1612,1.1962,1.1608,1.2153,High_Stable,50.0,batch_5,0.2590000000000003,14.025481246789331,-4.35972093102453,32.41068342460319,36.77040435562772,False,False,False,-2.5413812467893333,2.5413812467893333,0.0804229364730378,False,VERY_LOW,POINT_BELOW_LIMIT,0-10%
C08961,L5,DAC,126.25,1.786,12.0395,13.1691,13.5663,14.6151,1.2407,1.4454,1.4315,1.5551,Normal,50.0,batch_5,1.1296,28.00099813849205,9.615795960678192,46.38620031630592,36.770404355627726,False,False,False,-13.385898138492054,13.385898138492054,0.3398279224381108,False,LOW,POINT_BELOW_LIMIT,30-40%
C08962,L5,FPGA,126.86,1.095,12.2974,12.2187,12.2469,12.1428,1.3103,1.2796,1.2936,1.2847,High_Stable,50.0,batch_5,-0.0786999999999995,13.081901753075394,-5.3033004247384685,31.46710393088926,36.770404355627726,False,False,False,-0.9391017530753948,0.9391017530753948,0.0300938949938949,False,VERY_LOW,POINT_BELOW_LIMIT,0-10%
C08963,L5,ASIC,123.1,1.217,11.5874,12.017,13.5213,30.043,1.1987,1.2601,1.4196,3.5495,Sudden_Anomaly,50.0,batch_5,0.4295999999999988,18.38613862181188,0.0009364439980146,36.77134079962574,36.770404355627726,False,False,False,11.656861378188122,11.656861378188122,0.173508346839293,False,LOW,POINT_BELOW_LIMIT,10-20%
C08964,L5,ADC,124.54,1.808,11.2701,12.5759,18.99,61.7478,1.1735,1.341,2.1133,8.891,Absolute_Failure,50.0,batch_5,1.3058000000000014,28.95799531468252,10.572793136868654,47.34319749249638,36.770404355627726,False,False,True,32.78980468531748,32.78980468531748,0.6478959070660419,True,MEDIUM,POINT_BELOW_LIMIT,60-70%
C08965,L5,ADC,124.91,1.804,12.0196,12.3724,13.096,14.2418,1.2241,1.3091,1.3662,1.5513,Normal,50.0,batch_5,0.3528000000000002,16.528689224404783,-1.85651295340908,34.913891402218646,36.770404355627726,False,False,False,-2.286889224404783,2.286889224404783,0.0971493764835096,False,VERY_LOW,POINT_BELOW_LIMIT,0-10%
C08966,L5,DAC,124.25,1.813,12.1587,13.3879,17.1271,56.0684,1.3001,1.4033,1.842,7.8232,Absolute_Failure,50.0,batch_5,1.2292000000000003,19.300933412626907,0.9157312348130446,37.68613559044077,36.770404355627726,False,False,True,36.76746658737309,36.76746658737309,0.0822798828364617,False,VERY_LOW,POINT_BELOW_LIMIT,0-10%
C08967,L5,ADC,125.75,1.795,11.993,13.0295,13.8582,14.9778,1.2603,1.3936,1.4889,1.5847,Normal,50.0,batch_5,1.0365000000000002,21.420464365575384,3.0352621877615213,39.80566654338925,36.77040435562773,False,False,False,-6.442664365575384,6.442664365575384,0.2864383574627213,False,LOW,POINT_BELOW_LIMIT,20-30%
C08968,L5,DAC,124.34,1.803,12.1302,13.2247,13.9581,15.0966,1.2655,1.3638,1.5035,1.6373,Normal,50.0,batch_5,1.0945,18.66062939474206,0.2754272169281968,37.045831572555926,36.77040435562773,False,False,False,-3.564029394742059,3.564029394742059,0.0922905467081937,False,VERY_LOW,POINT_BELOW_LIMIT,0-10%
C08969,L5,FPGA,124.37,1.113,11.4964,12.8024,17.4311,52.2398,1.1848,1.338,1.9363,7.1441,Absolute_Failure,50.0,batch_5,1.306000000000001,23.16368185884104,4.778479681027175,41.5488840366549,36.77040435562772,False,False,True,29.076118141158965,29.076118141158965,0.329606784767358,False,LOW,POINT_BELOW_LIMIT,30-40%
C08970,L5,FPGA,126.23,1.112,11.1527,12.0826,12.7696,13.6245,1.1769,1.2322,1.3932,1.4418,Normal,50.0,batch_5,0.9299,17.528035077263695,-0.8571671005501678,35.91323725507756,36.77040435562773,False,False,False,-3.903535077263696,3.903535077263696,0.2123761310443624,False,LOW,POINT_BELOW_LIMIT,20-30%
C08971,L5,ASIC,125.66,1.184,11.0196,10.9473,11.1676,10.8311,1.0941,1.1126,1.1585,1.084,High_Stable,50.0,batch_5,-0.0723000000000002,13.34195575643939,-5.043246421374473,31.727157934253253,36.770404355627726,False,False,False,-2.5108557564393905,2.5108557564393905,0.0028888888888888,False,VERY_LOW,POINT_BELOW_LIMIT,0-10%
C08972,L5,FPGA,125.92,1.076,11.7432,12.3105,13.0037,13.865,1.2248,1.3118,1.3991,1.4793,Normal,50.0,batch_5,0.5672999999999995,17.693588992905045,-0.6916131849088174,36.07879117071891,36.770404355627726,False,False,False,-3.828588992905045,3.828588992905045,0.1800038649050057,False,LOW,POINT_BELOW_LIMIT,10-20%
C08973,L5,FPGA,124.59,1.106,11.7863,12.8122,12.9613,13.8586,1.174,1.34,1.3394,1.4265,Normal,50.0,batch_5,1.0259,18.456818464903147,0.0716162870892844,36.84202064271701,36.770404355627726,False,False,False,-4.598218464903148,4.598218464903148,0.1774657631978556,False,LOW,POINT_BELOW_LIMIT,10-20%
C08974,L5,ADC,124.54,1.827,11.9245,12.7592,13.2598,13.6612,1.2533,1.3605,1.3922,1.4393,Normal,50.0,batch_5,0.8346999999999998,16.744902702678576,-1.6402994751352864,35.13010488049244,36.770404355627726,False,False,False,-3.0837027026785773,3.0837027026785773,0.0857477177792967,False,VERY_LOW,POINT_BELOW_LIMIT,0-10%
C08975,L5,ASIC,125.28,1.219,11.627,11.7718,12.407,12.7324,1.2087,1.2112,1.3058,1.3548,Normal,50.0,batch_5,0.1448,12.636384348965612,-5.748817828848251,31.021586526779476,36.770404355627726,False,False,False,0.0960156510343885,0.0960156510343885,0.0154680120533061,False,VERY_LOW,POINT_BELOW_LIMIT,0-10%
C08976,L5,ADC,124.26,1.8,11.4168,12.597,13.8684,14.7225,1.1403,1.3246,1.513,1.578,Normal,50.0,batch_5,1.1801999999999992,24.432347397637116,6.04714521982325,42.817549575450975,36.770404355627726,False,False,False,-9.709847397637112,9.709847397637112,0.3990535397211485,False,LOW,POINT_BELOW_LIMIT,30-40%
C08977,L5,ADC,123.39,1.775,11.6625,12.1806,13.0381,13.6301,1.2119,1.2543,1.3455,1.4107,Normal,50.0,batch_5,0.5181000000000004,17.149578952182537,-1.2356232256313255,35.534781129996404,36.77040435562773,False,False,False,-3.5194789521825367,3.5194789521825367,0.080714380390851,False,VERY_LOW,POINT_BELOW_LIMIT,0-10%
C08978,L5,ADC,124.56,1.805,11.5596,12.0812,12.2457,13.5334,1.1988,1.2598,1.267,1.3893,Normal,50.0,batch_5,0.5216000000000012,16.937054324305574,-1.4481478535082886,35.32225650211944,36.770404355627726,False,False,False,-3.403654324305574,3.403654324305574,0.1475658086692774,False,VERY_LOW,POINT_BELOW_LIMIT,10-20%
C08979,L5,ASIC,124.77,1.196,11.0759,11.8406,12.2783,13.4075,1.0787,1.2866,1.3271,1.3783,Normal,50.0,batch_5,0.7646999999999995,19.37677581869589,0.9915736408820272,37.76197799650976,36.77040435562773,False,False,False,-5.969275818695889,5.969275818695889,0.1961625808062206,False,LOW,POINT_BELOW_LIMIT,10-20%
C08980,L5,DAC,124.58,1.778,11.9516,13.312,14.9984,29.9952,1.2398,1.4093,1.6515,3.5709,Sudden_Anomaly,50.0,batch_5,1.3604000000000005,29.19290561552196,10.8077034377081,47.57810779333583,36.770404355627726,False,False,False,0.8022943844780386,0.8022943844780386,0.4277357113787782,False,MEDIUM,POINT_BELOW_LIMIT,40-50%
C08981,L5,ADC,124.46,1.792,11.4601,11.7163,12.1667,13.541,1.1621,1.2218,1.2746,1.4985,Normal,50.0,batch_5,0.2561999999999997,15.129767069940469,-3.255435107873396,33.51496924775433,36.770404355627726,False,False,False,-1.5887670699404666,1.5887670699404666,0.0986746314143372,False,VERY_LOW,POINT_BELOW_LIMIT,0-10%
C08982,L5,DAC,125.62,1.778,11.2715,12.4251,13.1763,13.3392,1.1804,1.3154,1.4015,1.4269,Normal,50.0,batch_5,1.1536000000000008,22.90015383551589,4.514951657702031,41.28535601332976,36.77040435562773,False,False,False,-9.560953835515894,9.560953835515894,0.3238509928603055,False,LOW,POINT_BELOW_LIMIT,30-40%
C08983,L5,DAC,125.21,1.788,11.0713,11.8169,12.9496,13.6469,1.147,1.2434,1.4122,1.4439,Normal,50.0,batch_5,0.7455999999999996,15.315719775054104,-3.0694824027597587,33.700921952867965,36.770404355627726,False,False,False,-1.6688197750541036,1.6688197750541036,0.0789929029434144,False,VERY_LOW,POINT_BELOW_LIMIT,0-10%
C08984,L5,FPGA,124.94,1.1,11.5019,12.1849,12.4686,13.3126,1.1529,1.2877,1.2648,1.3713,Normal,50.0,batch_5,0.6830000000000016,15.83346120064934,-2.5517409771645223,34.218663378463205,36.770404355627726,False,False,False,-2.5208612006493407,2.5208612006493407,0.0719048573831855,False,VERY_LOW,POINT_BELOW_LIMIT,0-10%
C08985,L5,ASIC,126.11,1.211,11.664,12.8801,13.4605,14.2964,1.1979,1.3487,1.4192,1.5145,Normal,50.0,batch_5,1.2161000000000008,20.858115536381664,2.4729133585678014,39.24331771419553,36.770404355627726,False,False,False,-6.561715536381664,6.561715536381664,0.2697421166842857,False,LOW,POINT_BELOW_LIMIT,20-30%
C08986,L5,ADC,124.21,1.789,11.5692,12.3369,13.2548,13.7165,1.2042,1.2965,1.3908,1.4527,Normal,50.0,batch_5,0.7676999999999996,16.207226695833327,-2.1779754819805355,34.592428873647194,36.77040435562773,False,False,False,-2.4907266958333274,2.4907266958333274,0.0220489371739371,False,VERY_LOW,POINT_BELOW_LIMIT,0-10%
C08987,L5,FPGA,125.24,1.112,10.9734,12.7093,19.1319,56.7581,1.1187,1.327,2.0769,7.942,Absolute_Failure,50.0,batch_5,1.7359000000000009,31.739387233432527,13.354185055618665,50.12458941124639,36.770404355627726,False,True,True,25.01871276656747,25.01871276656747,0.6968784647542499,True,MEDIUM,POINT_BELOW_LIMIT,60-70%
C08988,L5,ASIC,124.24,1.191,11.6605,13.1396,15.0579,20.6286,1.2018,1.3195,1.5994,2.3239,Latent_Defect,50.0,batch_5,1.479099999999999,31.946291403246796,13.56108922543293,50.331493581060656,36.770404355627726,False,True,False,-11.317691403246794,11.317691403246794,0.5131757690025865,True,MEDIUM,POINT_BELOW_LIMIT,50-60%
C08989,L5,DAC,123.99,1.807,12.005,12.5678,13.3098,14.5862,1.2451,1.3127,1.3373,1.56,Normal,50.0,batch_5,0.5627999999999993,16.456604190530303,-1.92859798728356,34.841806368344166,36.770404355627726,False,False,False,-1.8704041905303035,1.8704041905303035,0.0754164246572141,False,VERY_LOW,POINT_BELOW_LIMIT,0-10%
C08990,L5,DAC,123.69,1.787,12.3224,13.671,15.6797,29.3289,1.2727,1.3956,1.6863,3.4493,Sudden_Anomaly,50.0,batch_5,1.3485999999999994,28.459112606845277,10.073910429031413,46.84431478465913,36.77040435562772,False,False,False,0.8697873931547271,0.8697873931547271,0.4225101313962007,False,MEDIUM,POINT_BELOW_LIMIT,40-50%
C08991,L5,ADC,123.65,1.827,12.0448,12.6522,13.6084,14.1868,1.2659,1.3569,1.4254,1.5124,Normal,50.0,batch_5,0.6074000000000002,16.615746803388276,-1.7694553744255863,35.00094898120214,36.77040435562773,False,False,False,-2.4289468033882766,2.4289468033882766,0.0768491049885786,False,VERY_LOW,POINT_BELOW_LIMIT,0-10%
C08992,L5,FPGA,125.43,1.099,11.5302,12.5504,13.5727,14.5576,1.1743,1.3343,1.4523,1.5661,Normal,50.0,batch_5,1.020199999999999,18.60291419317696,0.217712015363098,36.98811637099082,36.770404355627726,False,False,False,-4.04531419317696,4.04531419317696,0.0965465252068193,False,VERY_LOW,POINT_BELOW_LIMIT,0-10%
C08993,L5,ASIC,124.16,1.231,11.5413,12.5516,14.902,41.6721,1.1648,1.2809,1.5806,5.3453,Sudden_Anomaly,50.0,batch_5,1.0103000000000009,23.05877172619048,4.673569548376616,41.44397390400434,36.77040435562772,False,False,False,18.61332827380952,18.61332827380952,0.2676382472653403,False,LOW,POINT_BELOW_LIMIT,20-30%
C08994,L5,DAC,125.3,1.797,11.7945,11.9897,11.9933,12.3192,1.232,1.2223,1.2727,1.3431,High_Stable,50.0,batch_5,0.1951999999999998,14.575545441865088,-3.8096567359487743,32.960747619678955,36.77040435562773,False,False,False,-2.256345441865088,2.256345441865088,0.0110828320802005,False,VERY_LOW,POINT_BELOW_LIMIT,0-10%
C08995,L5,ASIC,125.01,1.198,11.3778,12.3207,12.9158,13.9421,1.2058,1.312,1.389,1.4829,Normal,50.0,batch_5,0.9428999999999998,17.429605411584237,-0.9555967662296254,35.8148075893981,36.770404355627726,False,False,False,-3.487505411584237,3.487505411584237,0.1063442088187309,False,VERY_LOW,POINT_BELOW_LIMIT,10-20%
C08996,L5,FPGA,124.41,1.092,11.7474,13.9946,20.5957,56.4321,1.2247,1.453,2.3257,7.9253,Absolute_Failure,50.0,batch_5,2.2471999999999994,53.01249434558238,34.62729216776852,71.39769652339625,36.77040435562773,True,True,True,3.419605654417616,3.419605654417616,0.9881662135275772,True,HIGH,POINT_ABOVE_LIMIT,90-100%
C08997,L5,FPGA,125.89,1.111,11.6649,13.0832,15.717,57.5519,1.2134,1.3721,1.6986,8.1419,Absolute_Failure,50.0,batch_5,1.4183000000000003,30.935134166269854,12.549931988455995,49.32033634408372,36.770404355627726,False,False,True,26.616765833730145,26.616765833730145,0.4422238792570629,False,MEDIUM,POINT_BELOW_LIMIT,40-50%
C08998,L5,FPGA,125.06,1.114,12.1375,12.4304,12.7244,12.8661,1.2785,1.3114,1.3641,1.3408,High_Stable,50.0,batch_5,0.2929000000000012,13.7562400213016,-4.628962156512264,32.14144219911546,36.770404355627726,False,False,False,-0.8901400213015993,0.8901400213015993,0.0195502928444104,False,VERY_LOW,POINT_BELOW_LIMIT,0-10%
C08999,L5,ADC,123.78,1.779,11.5398,12.3501,13.6001,14.6728,1.1736,1.2439,1.4382,1.5408,Normal,50.0,batch_5,0.8102999999999998,17.83215792331348,-0.5530442545003815,36.21736010112734,36.77040435562772,False,False,False,-3.1593579233134808,3.1593579233134808,0.1081523654450124,False,VERY_LOW,POINT_BELOW_LIMIT,10-20%
C09000,L5,ASIC,125.45,1.192,11.4618,11.9685,13.1001,14.6421,1.2075,1.2407,1.3781,1.5385,Normal,50.0,batch_5,0.5067000000000004,16.132165166405127,-2.253037011408736,34.51736734421899,36.770404355627726,False,False,False,-1.4900651664051274,1.4900651664051274,0.0278618326118326,False,VERY_LOW,POINT_BELOW_LIMIT,0-10%
C09001,L5,ASIC,124.84,1.199,11.3107,12.197,12.8791,13.7769,1.2027,1.3228,1.3229,1.4928,Normal,50.0,batch_5,0.8862999999999985,17.595067462202373,-0.7901347156114902,35.98026964001623,36.77040435562772,False,False,False,-3.818167462202373,3.818167462202373,0.1292171693878949,False,VERY_LOW,POINT_BELOW_LIMIT,10-20%
C09002,L5,FPGA,125.4,1.122,11.2443,12.5278,13.3213,14.754,1.1356,1.3134,1.3914,1.5636,Normal,50.0,batch_5,1.2834999999999983,25.368365448387376,6.983163270573513,43.75356762620124,36.770404355627726,False,False,False,-10.614365448387376,10.614365448387376,0.3832283440777242,False,LOW,POINT_BELOW_LIMIT,30-40%
C09003,L5,ASIC,124.4,1.187,11.2069,12.9629,17.3878,61.0229,1.1401,1.3354,1.8723,8.7906,Absolute_Failure,50.0,batch_5,1.7560000000000002,36.732544465376975,18.347342287563112,55.11774664319084,36.77040435562773,False,True,True,24.290355534623025,24.290355534623025,0.75183804311431,True,HIGH,POINT_BELOW_LIMIT,70-80%
C09004,L5,ADC,125.26,1.779,12.4125,13.7651,16.2233,33.912,1.356,1.4568,1.7274,4.1342,Sudden_Anomaly,50.0,batch_5,1.3526000000000007,32.719760917861656,14.334558740047791,51.10496309567552,36.77040435562772,False,True,False,1.192239082138343,1.192239082138343,0.7007631991593157,True,MEDIUM,POINT_BELOW_LIMIT,70-80%
C09005,L5,ASIC,124.75,1.191,11.2405,12.3018,12.7016,13.8565,1.1886,1.2841,1.3694,1.4874,Normal,50.0,batch_5,1.0612999999999992,15.524162063988085,-2.861040113825778,33.909364241801946,36.770404355627726,False,False,False,-1.667662063988084,1.667662063988084,0.0870157388031072,False,VERY_LOW,POINT_BELOW_LIMIT,0-10%
C09006,L5,FPGA,126.4,1.103,11.682,12.462,13.2295,14.225,1.2663,1.3534,1.4139,1.5195,Normal,50.0,batch_5,0.7799999999999994,19.720148775068697,1.3349465972548344,38.10535095288256,36.770404355627726,False,False,False,-5.495148775068698,5.495148775068698,0.1154738064021648,False,VERY_LOW,POINT_BELOW_LIMIT,10-20%
C09007,L5,DAC,124.61,1.8,12.0268,12.8247,13.0337,13.4941,1.2626,1.3214,1.3721,1.4139,Normal,50.0,batch_5,0.7979000000000003,16.41896653511905,-1.966235642694812,34.80416871293291,36.770404355627726,False,False,False,-2.924866535119051,2.924866535119051,0.0778559156529744,False,VERY_LOW,POINT_BELOW_LIMIT,0-10%
C09008,L5,DAC,125.34,1.811,11.9936,12.9712,13.5819,13.8338,1.2782,1.3537,1.3972,1.4559,Normal,50.0,batch_5,0.9775999999999988,16.779490451587293,-1.60571172622657,35.16469262940116,36.77040435562773,False,False,False,-2.945690451587293,2.945690451587293,0.0823255658393893,False,VERY_LOW,POINT_BELOW_LIMIT,0-10%
C09009,L5,FPGA,126.0,1.116,11.4063,12.3675,12.59,14.2387,1.2289,1.3116,1.3125,1.5115,Normal,50.0,batch_5,0.9611999999999998,20.196075211962192,1.8108730341483292,38.581277389776055,36.770404355627726,False,False,False,-5.9573752119621926,5.9573752119621926,0.2108379494007965,False,LOW,POINT_BELOW_LIMIT,20-30%
C09010,L5,DAC,123.77,1.803,12.3804,12.9574,13.4244,13.8214,1.2938,1.3624,1.4143,1.4788,Normal,50.0,batch_5,0.577,15.656312982738102,-2.728889195075761,34.04151516055197,36.770404355627726,False,False,False,-1.8349129827381017,1.8349129827381017,0.036696151071151,False,VERY_LOW,POINT_BELOW_LIMIT,0-10%
C09011,L5,ADC,126.11,1.797,12.1066,12.4304,12.6333,12.4473,1.313,1.3058,1.317,1.2772,High_Stable,50.0,batch_5,0.3238000000000003,15.542446752976192,-2.8427554248376694,33.927648930790056,36.770404355627726,False,False,False,-3.095146752976193,3.095146752976193,0.0787706639851376,False,VERY_LOW,POINT_BELOW_LIMIT,0-10%
C09012,L5,DAC,125.61,1.798,11.7607,11.9931,12.7871,14.7722,1.209,1.2867,1.3319,1.545,Normal,50.0,batch_5,0.2324000000000001,15.2716962189484,-3.1135059588654634,33.65689839676226,36.77040435562772,False,False,False,-0.4994962189483996,0.4994962189483996,0.0491788489288489,False,VERY_LOW,POINT_BELOW_LIMIT,0-10%
C09013,L5,FPGA,126.15,1.104,12.4814,12.5552,12.6001,12.8343,1.3002,1.2907,1.3368,1.3278,High_Stable,50.0,batch_5,0.0737999999999985,13.39009763298993,-4.995104544823933,31.775299810803794,36.770404355627726,False,False,False,-0.555797632989929,0.555797632989929,0.021599567099567,False,VERY_LOW,POINT_BELOW_LIMIT,0-10%
C09014,L5,FPGA,126.31,1.094,11.8782,12.1734,12.4006,12.3722,1.2674,1.2797,1.31,1.2021,High_Stable,50.0,batch_5,0.2952000000000012,15.173162594543664,-3.212039583270199,33.55836477235753,36.770404355627726,False,False,False,-2.8009625945436643,2.8009625945436643,0.080218743838235,False,VERY_LOW,POINT_BELOW_LIMIT,0-10%
C09015,L5,FPGA,126.16,1.066,11.7572,12.9586,13.9547,14.5873,1.1993,1.3496,1.472,1.54,Normal,50.0,batch_5,1.2014000000000014,22.693451530591645,4.308249352777782,41.07865370840551,36.77040435562773,False,False,False,-8.106151530591644,8.106151530591644,0.2918409883620469,False,LOW,POINT_BELOW_LIMIT,20-30%
C09016,L5,ADC,124.64,1.809,11.8873,11.9506,11.8686,11.8867,1.2185,1.2318,1.2478,1.2782,High_Stable,50.0,batch_5,0.0632999999999999,12.585051233955625,-5.80015094385824,30.970253411769484,36.770404355627726,False,False,False,-0.6983512339556235,0.6983512339556235,0.0025,False,VERY_LOW,POINT_BELOW_LIMIT,0-10%
C09017,L5,ADC,124.11,1.779,11.6746,12.2364,12.7714,13.1281,1.2126,1.292,1.3542,1.4171,Normal,50.0,batch_5,0.5617999999999999,15.582868160019846,-2.802334017794017,33.96807033783371,36.770404355627726,False,False,False,-2.454768160019846,2.454768160019846,0.0446684279772515,False,VERY_LOW,POINT_BELOW_LIMIT,0-10%
C09018,L5,FPGA,124.93,1.105,11.5232,12.6299,17.1003,58.3552,1.2029,1.3163,1.8706,8.3164,Absolute_Failure,50.0,batch_5,1.1067,18.450617404585696,0.065415226771833,36.83581958239956,36.770404355627726,False,False,True,39.90458259541431,39.90458259541431,0.1012574952567212,False,VERY_LOW,POINT_BELOW_LIMIT,10-20%
C09019,L5,FPGA,124.94,1.084,11.8282,13.1728,14.3005,15.5861,1.2092,1.3827,1.5753,1.6735,Normal,50.0,batch_5,1.3445999999999998,27.75697787817461,9.371775700360743,46.14218005598847,36.770404355627726,False,False,False,-12.170877878174606,12.170877878174606,0.373110484083178,False,LOW,POINT_BELOW_LIMIT,30-40%
C09020,L5,FPGA,124.33,1.1,11.3235,11.614,12.3165,24.5459,1.1968,1.1458,1.3127,2.8045,Sudden_Anomaly,50.0,batch_5,0.2905000000000015,15.09464432935604,-3.290557848457823,33.4798465071699,36.770404355627726,False,False,False,9.45125567064396,9.45125567064396,0.0499894523776876,False,VERY_LOW,POINT_BELOW_LIMIT,0-10%
C09021,L5,ASIC,124.65,1.19,11.0654,12.1887,13.1331,14.1038,1.1206,1.2856,1.3821,1.4449,Normal,50.0,batch_5,1.1233000000000004,20.3603571533234,1.975154975509536,38.74555933113726,36.77040435562772,False,False,False,-6.256557153323399,6.256557153323399,0.2471187048909494,False,LOW,POINT_BELOW_LIMIT,20-30%
C09022,L5,ASIC,123.92,1.196,12.2524,12.6212,12.6322,12.4997,1.3292,1.3464,1.35,1.3314,High_Stable,50.0,batch_5,0.3688000000000002,14.900395540178572,-3.484806637635291,33.28559771799243,36.77040435562772,False,False,False,-2.400695540178571,2.400695540178571,0.0058721278721278,False,VERY_LOW,POINT_BELOW_LIMIT,0-10%
C09023,L5,ASIC,125.19,1.188,11.228,11.8499,13.0565,13.7231,1.158,1.2463,1.3663,1.4259,Normal,50.0,batch_5,0.6219000000000001,15.4930261381438,-2.892176039670062,33.878228315957664,36.770404355627726,False,False,False,-1.7699261381438005,1.7699261381438005,0.1316518052209228,False,VERY_LOW,POINT_BELOW_LIMIT,10-20%
C09024,L5,FPGA,124.03,1.103,11.323,11.5843,11.5643,11.7161,1.165,1.1935,1.2121,1.2167,High_Stable,50.0,batch_5,0.2613000000000003,16.687109905860808,-1.698092271953055,35.072312083674674,36.77040435562773,False,False,False,-4.971009905860807,4.971009905860807,0.1782849509325316,False,LOW,POINT_BELOW_LIMIT,10-20%
C09025,L5,FPGA,124.99,1.136,11.357,12.1694,12.6465,13.6387,1.2055,1.3129,1.3131,1.4612,Normal,50.0,batch_5,0.8124000000000002,16.966977063591276,-1.4182251142225866,35.35217924140514,36.770404355627726,False,False,False,-3.328277063591276,3.328277063591276,0.1210234705323261,False,VERY_LOW,POINT_BELOW_LIMIT,10-20%
C09026,L5,FPGA,124.03,1.089,11.1824,12.4996,13.3345,14.2906,1.1352,1.3535,1.4197,1.518,Normal,50.0,batch_5,1.3171999999999997,31.244621374503957,12.85941919669009,49.629823552317816,36.770404355627726,False,False,False,-16.954021374503952,16.954021374503952,0.527316574254293,True,MEDIUM,POINT_BELOW_LIMIT,50-60%
C09027,L5,ASIC,124.87,1.192,11.1953,11.3716,12.4216,13.2373,1.1497,1.1762,1.2926,1.4605,Normal,50.0,batch_5,0.1763000000000012,15.886209421897554,-2.4989927559163085,34.27141159971141,36.77040435562772,False,False,False,-2.648909421897555,2.648909421897555,0.1082324126080317,False,VERY_LOW,POINT_BELOW_LIMIT,10-20%
C09028,L5,FPGA,125.16,1.081,11.4479,12.5041,13.4484,14.7109,1.2194,1.3445,1.3589,1.555,Normal,50.0,batch_5,1.0561999999999987,19.904933110198694,1.5197309323848351,38.29013528801256,36.77040435562773,False,False,False,-5.194033110198697,5.194033110198697,0.1975084463012347,False,LOW,POINT_BELOW_LIMIT,10-20%
C09029,L5,ASIC,124.39,1.187,11.9134,12.6651,13.8886,14.6837,1.2512,1.3564,1.465,1.5837,Normal,50.0,batch_5,0.7517000000000014,16.93692733511904,-1.448274842694822,35.322129512932904,36.770404355627726,False,False,False,-2.253227335119041,2.253227335119041,0.053596137849079,False,VERY_LOW,POINT_BELOW_LIMIT,0-10%
C09030,L5,ADC,124.26,1.787,11.1655,12.0217,12.8733,13.508,1.1853,1.2728,1.3287,1.4207,Normal,50.0,batch_5,0.8561999999999994,17.931592521825397,-0.4536096559884655,36.31679469963926,36.770404355627726,False,False,False,-4.423592521825398,4.423592521825398,0.0922500645066434,False,VERY_LOW,POINT_BELOW_LIMIT,0-10%
C09031,L5,ADC,122.01,1.802,12.2514,14.0841,20.1364,53.4706,1.2577,1.4903,2.2191,7.3821,Absolute_Failure,50.0,batch_5,1.832699999999999,40.88595634742068,22.500754169606815,59.27115852523454,36.77040435562772,False,True,True,12.584643652579317,12.584643652579317,0.7540177995669675,True,HIGH,POINT_BELOW_LIMIT,70-80%
C09032,L5,ASIC,125.37,1.201,11.601,12.6161,13.7117,14.3436,1.1869,1.3265,1.419,1.5429,Normal,50.0,batch_5,1.0150999999999986,19.2035439092262,0.8183417314123353,37.588746087040064,36.77040435562773,False,False,False,-4.859943909226198,4.859943909226198,0.1898400666756703,False,LOW,POINT_BELOW_LIMIT,10-20%
C09033,L5,FPGA,126.95,1.094,11.2862,12.0698,13.174,14.651,1.1971,1.2837,1.4037,1.5517,Normal,50.0,batch_5,0.7836000000000016,17.744622548328756,-0.6405796294851065,36.129824726142616,36.77040435562772,False,False,False,-3.0936225483287565,3.0936225483287565,0.2023575910891703,False,LOW,POINT_BELOW_LIMIT,20-30%
C09034,L5,ASIC,126.7,1.202,11.1327,12.2287,13.2823,15.0201,1.1752,1.2856,1.4103,1.6112,Normal,50.0,batch_5,1.096,21.58420025952379,3.1989980817099277,39.96940243733765,36.77040435562772,False,False,False,-6.564100259523791,6.564100259523791,0.3528215850584755,False,LOW,POINT_BELOW_LIMIT,30-40%
C09035,L5,ADC,124.48,1.797,12.161,12.7905,13.1853,13.9504,1.2574,1.3536,1.428,1.4952,Normal,50.0,batch_5,0.6295000000000002,19.52701334117064,1.141811163356774,37.912215518984496,36.77040435562772,False,False,False,-5.576613341170637,5.576613341170637,0.0439657807105175,False,VERY_LOW,POINT_BELOW_LIMIT,0-10%
C09036,L5,FPGA,126.28,1.093,12.7848,13.048,13.0911,13.2615,1.3454,1.3481,1.4015,1.4338,High_Stable,50.0,batch_5,0.2631999999999994,16.1725961116342,-2.212606066179664,34.55779828944806,36.77040435562772,False,False,False,-2.9110961116342,2.9110961116342,0.0581375472566649,False,VERY_LOW,POINT_BELOW_LIMIT,0-10%
C09037,L5,ASIC,125.11,1.216,11.3978,12.2091,13.0319,14.0687,1.192,1.2925,1.3571,1.481,Normal,50.0,batch_5,0.8112999999999992,16.50975786770244,-1.8754443101114229,34.8949600455163,36.77040435562772,False,False,False,-2.4410578677024404,2.4410578677024404,0.0679992460041648,False,VERY_LOW,POINT_BELOW_LIMIT,0-10%
C09038,L5,ADC,123.85,1.792,12.2276,12.3298,12.2559,12.5108,1.2726,1.2719,1.3081,1.3535,High_Stable,50.0,batch_5,0.1021999999999998,13.141723090331192,-5.243479087482671,31.526925268145057,36.770404355627726,False,False,False,-0.6309230903311924,0.6309230903311924,0.0032222222222222,False,VERY_LOW,POINT_BELOW_LIMIT,0-10%
C09039,L5,DAC,125.84,1.793,10.9418,11.7565,12.6169,13.0927,1.1647,1.2166,1.315,1.3707,Normal,50.0,batch_5,0.8147000000000002,17.831871909704184,-0.5533302681096792,36.21707408751804,36.77040435562772,False,False,False,-4.739171909704183,4.739171909704183,0.2191702209734447,False,LOW,POINT_BELOW_LIMIT,20-30%
C09040,L5,ASIC,126.47,1.186,11.5478,11.8335,12.3268,13.4421,1.2418,1.2653,1.2883,1.411,Normal,50.0,batch_5,0.2857000000000003,15.559820502281738,-2.8253816755321246,33.945022680095605,36.77040435562773,False,False,False,-2.1177205022817382,2.1177205022817382,0.0947361582861582,False,VERY_LOW,POINT_BELOW_LIMIT,0-10%
C09041,L5,ASIC,125.45,1.213,11.8114,13.0679,16.9245,52.7752,1.168,1.3722,1.8515,7.2027,Absolute_Failure,50.0,batch_5,1.256499999999999,27.06095552343978,8.675753345625917,45.44615770125364,36.77040435562772,False,False,True,25.714244476560214,25.714244476560214,0.4080703802255832,False,MEDIUM,POINT_BELOW_LIMIT,40-50%
C09042,L5,ADC,124.12,1.805,11.6942,12.5332,13.1164,14.4986,1.2097,1.2889,1.3751,1.5319,Normal,50.0,batch_5,0.8390000000000004,20.314132169101736,1.9289299912878728,38.6993343469156,36.770404355627726,False,False,False,-5.815532169101736,5.815532169101736,0.1837496124429405,False,LOW,POINT_BELOW_LIMIT,10-20%
C09043,L5,ASIC,125.04,1.211,12.1567,12.3322,12.2189,12.0142,1.287,1.2999,1.2505,1.2646,High_Stable,50.0,batch_5,0.1754999999999995,12.676410425541135,-5.708791752272726,31.061612603355,36.770404355627726,False,False,False,-0.6622104255411365,0.6622104255411365,0.0013333333333333,False,VERY_LOW,POINT_BELOW_LIMIT,0-10%
C09044,L5,ASIC,125.55,1.194,11.1822,12.2297,12.5971,13.1945,1.1724,1.2851,1.2639,1.3981,Normal,50.0,batch_5,1.0474999999999994,16.014221654761915,-2.370980523051948,34.39942383257578,36.770404355627726,False,False,False,-2.8197216547619157,2.8197216547619157,0.0829836263186418,False,VERY_LOW,POINT_BELOW_LIMIT,0-10%
C09045,L5,FPGA,125.32,1.121,12.2393,13.1043,13.5588,13.5654,1.3175,1.361,1.4735,1.4174,Normal,50.0,batch_5,0.8650000000000002,18.000929230853174,-0.3842729469606887,36.38613140866704,36.77040435562773,False,False,False,-4.435529230853174,4.435529230853174,0.0368336052836052,False,VERY_LOW,POINT_BELOW_LIMIT,0-10%
C09046,L5,ADC,124.11,1.779,11.6455,13.667,21.3241,57.5527,1.1776,1.4801,2.378,8.074,Absolute_Failure,50.0,batch_5,2.0215,46.78195933087122,28.39675715305736,65.16716150868508,36.77040435562772,False,True,True,10.770740669128775,10.770740669128775,0.8852721868537679,True,HIGH,POINT_BELOW_LIMIT,80-90%
C09047,L5,ADC,124.19,1.815,11.6272,13.39,18.0205,56.3056,1.2037,1.4041,1.9565,7.8344,Absolute_Failure,50.0,batch_5,1.7628000000000004,36.62147235466266,18.236270176848794,55.00667453247653,36.77040435562773,False,True,True,19.68412764533734,19.68412764533734,0.7091502359843084,True,MEDIUM,POINT_BELOW_LIMIT,70-80%
C09048,L5,FPGA,125.96,1.099,11.7576,12.3307,12.6139,13.9038,1.2487,1.2444,1.3033,1.4669,Normal,50.0,batch_5,0.5731000000000002,17.24542860609948,-1.1397735717143824,35.63063078391335,36.77040435562773,False,False,False,-3.34162860609948,3.34162860609948,0.0619856633562516,False,VERY_LOW,POINT_BELOW_LIMIT,0-10%
C09049,L5,ASIC,125.04,1.197,12.697,13.8736,17.3506,21.9109,1.3267,1.4876,1.8805,2.4696,Latent_Defect,50.0,batch_5,1.1766000000000003,23.42109097397102,5.035888796157156,41.806293151784885,36.77040435562773,False,False,False,-1.510190973971017,1.510190973971017,0.2357787653854843,False,LOW,POINT_BELOW_LIMIT,20-30%
C09050,L5,FPGA,125.53,1.104,12.2861,12.2458,12.5213,12.2645,1.2754,1.3012,1.2806,1.2666,High_Stable,50.0,batch_5,-0.0403000000000002,12.743142446230165,-5.642059731583698,31.128344624044026,36.770404355627726,False,False,False,-0.4786424462301646,0.4786424462301646,0.0103370851370851,False,VERY_LOW,POINT_BELOW_LIMIT,0-10%
C09051,L5,FPGA,126.72,1.093,11.4906,12.6169,13.5887,14.5913,1.1919,1.2899,1.4069,1.5323,Normal,50.0,batch_5,1.1262999999999987,21.48791755724207,3.102715379428208,39.87311973505594,36.77040435562773,False,False,False,-6.89661755724207,6.89661755724207,0.2156593903513265,False,LOW,POINT_BELOW_LIMIT,20-30%
C09052,L5,ADC,124.48,1.809,12.034,12.8791,15.091,38.8387,1.2832,1.323,1.5785,4.9101,Sudden_Anomaly,50.0,batch_5,0.8450999999999986,15.609038891269847,-2.776163286544016,33.994241069083714,36.77040435562773,False,False,False,23.22966110873016,23.22966110873016,0.0612809232580285,False,VERY_LOW,POINT_BELOW_LIMIT,0-10%
C09053,L5,DAC,126.23,1.791,12.385,12.7014,13.258,13.3313,1.3206,1.3253,1.4151,1.4213,Normal,50.0,batch_5,0.3163999999999998,14.816323583928568,-3.5688785938852945,33.20152576174243,36.770404355627726,False,False,False,-1.4850235839285677,1.4850235839285677,0.0073614035087719,False,VERY_LOW,POINT_BELOW_LIMIT,0-10%
C09054,L5,ADC,125.12,1.811,11.9422,13.0978,13.2929,13.8312,1.2633,1.3756,1.4175,1.4809,Normal,50.0,batch_5,1.1555999999999995,19.52513993611111,1.139937758297247,37.91034211392497,36.77040435562772,False,False,False,-5.693939936111109,5.693939936111109,0.1387571541946483,False,VERY_LOW,POINT_BELOW_LIMIT,10-20%
C09055,L5,ADC,124.11,1.807,11.636,13.15,17.1169,23.8226,1.2248,1.4165,1.8599,2.7313,Latent_Defect,50.0,batch_5,1.5140000000000011,37.36187653422617,18.976674356412307,55.74707871204004,36.77040435562773,False,True,False,-13.539276534226168,13.539276534226168,0.7017449594204874,True,MEDIUM,POINT_BELOW_LIMIT,70-80%
C09056,L5,FPGA,125.34,1.075,11.3235,12.5908,12.8763,13.8779,1.1932,1.3016,1.3491,1.4788,Normal,50.0,batch_5,1.2673000000000003,23.981313602624496,5.596111424810633,42.36651578043836,36.77040435562773,False,False,False,-10.103413602624496,10.103413602624496,0.3016904777343023,False,LOW,POINT_BELOW_LIMIT,30-40%
C09057,L5,ADC,125.69,1.819,11.7683,12.0326,13.5721,36.6972,1.2249,1.2393,1.4548,4.5793,Sudden_Anomaly,50.0,batch_5,0.2643000000000004,14.896919103472236,-3.488283074341627,33.282121281286095,36.77040435562772,False,False,False,21.800280896527767,21.800280896527767,0.0936588136150055,False,VERY_LOW,POINT_BELOW_LIMIT,0-10%
C09058,L5,FPGA,124.45,1.105,10.8499,12.5472,16.1496,23.5226,1.1255,1.3213,1.7262,2.6844,Latent_Defect,50.0,batch_5,1.6973000000000005,33.77708650704365,15.391884329229786,52.16228868485752,36.77040435562773,False,True,False,-10.254486507043648,10.254486507043648,0.6766553579701663,True,MEDIUM,POINT_BELOW_LIMIT,60-70%
C09059,L5,FPGA,125.28,1.108,11.6166,11.7505,11.8448,12.216,1.2214,1.233,1.2457,1.3359,High_Stable,50.0,batch_5,0.1339000000000005,13.128139547138284,-5.257062630675579,31.51334172495215,36.770404355627726,False,False,False,-0.9121395471382848,0.9121395471382848,0.0474197010591747,False,VERY_LOW,POINT_BELOW_LIMIT,0-10%
C09060,L5,ASIC,124.82,1.197,11.142,13.8892,23.2028,59.2776,1.1508,1.4646,2.6874,8.433,Absolute_Failure,50.0,batch_5,2.747200000000001,53.53333591021823,35.14813373240436,71.9185380880321,36.77040435562773,True,True,True,5.7442640897817725,5.7442640897817725,0.971684225543978,True,HIGH,POINT_ABOVE_LIMIT,90-100%
C09061,L5,ASIC,126.11,1.236,11.4666,12.5176,13.8801,14.1727,1.2093,1.2619,1.4909,1.5063,Normal,50.0,batch_5,1.0510000000000002,23.59801432142857,5.212812143614709,41.98321649924243,36.77040435562772,False,False,False,-9.425314321428573,9.425314321428573,0.3092964330019451,False,LOW,POINT_BELOW_LIMIT,30-40%
C09062,L5,ADC,123.77,1.798,11.2939,12.248,12.9793,14.9766,1.1247,1.3183,1.3728,1.5953,Normal,50.0,batch_5,0.9540999999999986,21.052385445847904,2.667183268034041,39.43758762366177,36.77040435562773,False,False,False,-6.075785445847904,6.075785445847904,0.3241715238866167,False,LOW,POINT_BELOW_LIMIT,30-40%
C09063,L5,ADC,124.73,1.8,11.1205,12.2499,12.9184,13.734,1.1836,1.2937,1.3163,1.5018,Normal,50.0,batch_5,1.1294000000000004,20.546600057738097,2.161397879924234,38.93180223555196,36.77040435562772,False,False,False,-6.812600057738097,6.812600057738097,0.2151852047929627,False,LOW,POINT_BELOW_LIMIT,20-30%
C09064,L5,ASIC,123.89,1.225,11.6405,11.827,13.2544,14.3263,1.2147,1.2351,1.4123,1.5032,Normal,50.0,batch_5,0.1865000000000005,14.808441559442633,-3.576760618371232,33.193643737256494,36.770404355627726,False,False,False,-0.4821415594426312,0.4821415594426312,0.020184360410831,False,VERY_LOW,POINT_BELOW_LIMIT,0-10%
C09065,L5,ASIC,126.65,1.212,11.1244,12.0925,12.7725,13.208,1.1492,1.2499,1.3259,1.4064,Normal,50.0,batch_5,0.9680999999999996,20.928907977218586,2.543705799404723,39.31411015503245,36.77040435562773,False,False,False,-7.720907977218586,7.720907977218586,0.4634941766032983,False,MEDIUM,POINT_BELOW_LIMIT,40-50%
C09066,L5,ASIC,124.57,1.188,10.6819,11.4372,11.9824,12.6407,1.0748,1.216,1.2389,1.2976,Normal,50.0,batch_5,0.7553000000000001,17.785930121608956,-0.5992720562049065,36.17113229942282,36.77040435562773,False,False,False,-5.145230121608956,5.145230121608956,0.1785059505854868,False,LOW,POINT_BELOW_LIMIT,10-20%
C09067,L5,FPGA,124.71,1.064,11.9712,12.3773,13.2053,14.3713,1.2541,1.2928,1.3872,1.5258,Normal,50.0,batch_5,0.4061000000000003,16.53931283779762,-1.8458893400162424,34.92451501561148,36.770404355627726,False,False,False,-2.1680128377976207,2.1680128377976207,0.0421917986755919,False,VERY_LOW,POINT_BELOW_LIMIT,0-10%
C09068,L5,ASIC,125.38,1.182,11.0068,11.4556,11.7633,12.4046,1.1341,1.2298,1.2219,1.3403,Normal,50.0,batch_5,0.4488000000000003,14.66783498911064,-3.717367188703223,33.053037166924504,36.770404355627726,False,False,False,-2.26323498911064,2.26323498911064,0.0360107079195314,False,VERY_LOW,POINT_BELOW_LIMIT,0-10%
C09069,L5,ASIC,124.72,1.223,11.263,11.5239,11.7278,12.4195,1.2067,1.1902,1.2185,1.2888,Normal,50.0,batch_5,0.2608999999999994,15.086191883008643,-3.29901029480522,33.471394060822504,36.770404355627726,False,False,False,-2.666691883008644,2.666691883008644,0.145278349393984,False,VERY_LOW,POINT_BELOW_LIMIT,10-20%
C09070,L5,FPGA,125.05,1.105,10.8447,11.0511,12.5289,32.833,1.1089,1.1154,1.2789,3.9913,Sudden_Anomaly,50.0,batch_5,0.2064000000000003,14.355323475189191,-4.029878702624671,32.740525653003054,36.770404355627726,False,False,False,18.477676524810807,18.477676524810807,0.0211855512404514,False,VERY_LOW,POINT_BELOW_LIMIT,0-10%
C09071,L5,DAC,125.57,1.797,12.0362,13.5272,15.8179,42.9871,1.2592,1.4712,1.6767,5.5576,Sudden_Anomaly,50.0,batch_5,1.4910000000000014,35.59450568667807,17.209303508864206,53.97970786449193,36.77040435562772,False,True,False,7.392594313321929,7.392594313321929,0.6084883179165846,True,MEDIUM,POINT_BELOW_LIMIT,60-70%
C09072,L5,FPGA,125.49,1.12,12.3874,13.3554,14.2958,15.0917,1.3077,1.4259,1.526,1.5899,Normal,50.0,batch_5,0.968,17.25093787611058,-1.1342643017032827,35.63614005392444,36.770404355627726,False,False,False,-2.1592378761105806,2.1592378761105806,0.0502872502110892,False,VERY_LOW,POINT_BELOW_LIMIT,0-10%
C09073,L5,FPGA,124.36,1.109,11.6569,11.9164,12.2104,12.3468,1.2454,1.2527,1.2518,1.2961,High_Stable,50.0,batch_5,0.2594999999999992,16.37408873680555,-2.0111134410083125,34.75929091461941,36.770404355627726,False,False,False,-4.02728873680555,4.02728873680555,0.0842610197536668,False,VERY_LOW,POINT_BELOW_LIMIT,0-10%
C09074,L5,ADC,124.21,1.792,11.7971,12.5631,13.0291,14.2442,1.2585,1.3304,1.3748,1.5261,Normal,50.0,batch_5,0.766,17.36154033690477,-1.0236618409090923,35.74674251471863,36.770404355627726,False,False,False,-3.117340336904771,3.117340336904771,0.0694152257099625,False,VERY_LOW,POINT_BELOW_LIMIT,0-10%
C09075,L5,ADC,124.38,1.811,11.7633,12.8792,13.0562,14.4724,1.2828,1.3535,1.3447,1.5606,Normal,50.0,batch_5,1.1159000000000017,20.072696024206337,1.6874938463924742,38.4578982020202,36.77040435562773,False,False,False,-5.600296024206337,5.600296024206337,0.175949971562665,False,LOW,POINT_BELOW_LIMIT,10-20%
C09076,L5,FPGA,126.61,1.097,11.4933,12.0698,12.6388,13.2167,1.2079,1.257,1.4041,1.3993,Normal,50.0,batch_5,0.5765000000000011,16.770377047123002,-1.6148251306908603,35.155579224936865,36.770404355627726,False,False,False,-3.553677047123003,3.553677047123003,0.0983237096237096,False,VERY_LOW,POINT_BELOW_LIMIT,0-10%
C09077,L5,ADC,124.2,1.798,12.4263,14.0134,18.5377,25.7069,1.2972,1.4973,2.0559,2.9475,Latent_Defect,50.0,batch_5,1.5871000000000013,43.32960835035868,24.944406172544813,61.714810528172535,36.77040435562772,False,True,False,-17.622708350358675,17.622708350358675,0.8698909681937242,True,HIGH,POINT_BELOW_LIMIT,80-90%
C09078,L5,DAC,123.81,1.808,12.0929,12.2261,12.1758,12.168,1.2809,1.2925,1.2713,1.2686,High_Stable,50.0,batch_5,0.1332000000000004,13.61307124663601,-4.772130931177852,31.998273424449877,36.770404355627726,False,False,False,-1.4450712466360116,1.4450712466360116,0.0072047619047619,False,VERY_LOW,POINT_BELOW_LIMIT,0-10%
C09079,L5,ADC,125.36,1.806,11.7092,12.7856,14.1045,15.3487,1.2315,1.4043,1.4613,1.6149,Normal,50.0,batch_5,1.0764000000000014,18.63485455871489,0.2496523809010291,37.02005673652876,36.77040435562773,False,False,False,-3.286154558714893,3.286154558714893,0.2656676275710499,False,LOW,POINT_BELOW_LIMIT,20-30%
C09080,L5,FPGA,124.21,1.106,11.4884,12.1398,13.0197,14.2278,1.2084,1.2494,1.3734,1.4651,Normal,50.0,batch_5,0.6513999999999989,17.077643508279227,-1.307558669534636,35.46284568609309,36.770404355627726,False,False,False,-2.8498435082792266,2.8498435082792266,0.0908718448218448,False,VERY_LOW,POINT_BELOW_LIMIT,0-10%
C09081,L5,ADC,124.67,1.81,10.7458,11.1975,12.3856,13.1985,1.0741,1.2208,1.3043,1.3742,Normal,50.0,batch_5,0.4517000000000006,18.708945761387863,0.3237435835740001,37.094147939201726,36.770404355627726,False,False,False,-5.510445761387864,5.510445761387864,0.1276987182837801,False,VERY_LOW,POINT_BELOW_LIMIT,10-20%
C09082,L5,FPGA,126.82,1.119,11.2161,12.2969,13.1672,14.1941,1.1859,1.2943,1.4172,1.5786,Normal,50.0,batch_5,1.0808,17.785660743070824,-0.5995414347430383,36.17086292088469,36.770404355627726,False,False,False,-3.591560743070824,3.591560743070824,0.2616629795692508,False,LOW,POINT_BELOW_LIMIT,20-30%
C09083,L5,FPGA,123.8,1.113,11.2583,11.4374,11.6575,11.647,1.1282,1.2101,1.1826,1.1867,High_Stable,50.0,batch_5,0.1791,19.011945486309536,0.6267433084956728,37.3971476641234,36.77040435562772,False,False,False,-7.364945486309535,7.364945486309535,0.0873791812086944,False,VERY_LOW,POINT_BELOW_LIMIT,0-10%
C09084,L5,ASIC,124.62,1.167,11.2054,11.5218,12.5727,14.0883,1.1591,1.1857,1.285,1.4658,Normal,50.0,batch_5,0.3164000000000015,18.17119454394841,-0.214007633865453,36.55639672176227,36.77040435562772,False,False,False,-4.0828945439484094,4.0828945439484094,0.2424600970158748,False,LOW,POINT_BELOW_LIMIT,20-30%
C09085,L5,DAC,125.61,1.803,11.7998,12.0775,12.4556,13.5473,1.219,1.293,1.3241,1.4234,Normal,50.0,batch_5,0.2777000000000011,15.358739204662704,-3.0264629731511583,33.743941382476564,36.77040435562772,False,False,False,-1.8114392046627048,1.8114392046627048,0.0743611305361305,False,VERY_LOW,POINT_BELOW_LIMIT,0-10%
C09086,L5,ADC,124.8,1.763,11.8083,12.0802,13.1898,14.4817,1.2101,1.2483,1.4203,1.5656,Normal,50.0,batch_5,0.2719000000000005,13.917640484424622,-4.467561693389241,32.30284266223848,36.770404355627726,False,False,False,0.5640595155753783,0.5640595155753783,0.0352653558859441,False,VERY_LOW,POINT_BELOW_LIMIT,0-10%
C09087,L5,FPGA,124.46,1.093,11.606,12.7639,13.1403,14.601,1.1863,1.3613,1.3831,1.5092,Normal,50.0,batch_5,1.1578999999999997,18.998739831646816,0.6135376538329531,37.38394200946068,36.77040435562773,False,False,False,-4.397739831646815,4.397739831646815,0.137743404803793,False,VERY_LOW,POINT_BELOW_LIMIT,10-20%
C09088,L5,FPGA,125.62,1.122,11.139,12.1692,15.4027,23.0182,1.1934,1.265,1.636,2.6125,Latent_Defect,50.0,batch_5,1.030200000000001,17.441198018425336,-0.9440041593885268,35.8264001962392,36.770404355627726,False,False,False,5.577001981574664,5.577001981574664,0.1349193965717804,False,VERY_LOW,POINT_BELOW_LIMIT,10-20%
C09089,L5,DAC,125.25,1.818,11.7995,11.9972,12.2147,12.7966,1.2158,1.2417,1.285,1.2984,Normal,50.0,batch_5,0.1976999999999993,13.795247044047624,-4.589955133766239,32.18044922186149,36.770404355627726,False,False,False,-0.9986470440476244,0.9986470440476244,0.0120469290942975,False,VERY_LOW,POINT_BELOW_LIMIT,0-10%
C09090,L5,DAC,125.76,1.791,12.1218,12.4806,13.0866,13.6854,1.2854,1.3341,1.3626,1.4689,Normal,50.0,batch_5,0.3588000000000004,15.102486326587318,-3.282715851226545,33.48768850440118,36.77040435562772,False,False,False,-1.4170863265873184,1.4170863265873184,0.0133546176046176,False,VERY_LOW,POINT_BELOW_LIMIT,0-10%
C09091,L5,ASIC,125.81,1.21,11.7459,12.7014,13.705,14.3775,1.192,1.3193,1.3866,1.5347,Normal,50.0,batch_5,0.9554999999999988,17.255160615773807,-1.1300415620400557,35.64036279358767,36.770404355627726,False,False,False,-2.877660615773808,2.877660615773808,0.1234358004396704,False,VERY_LOW,POINT_BELOW_LIMIT,10-20%
C09092,L5,ADC,125.35,1.804,11.5013,12.5624,15.3374,20.0446,1.2439,1.3667,1.6521,2.1888,Latent_Defect,50.0,batch_5,1.0610999999999997,21.282692598158206,2.897490420344344,39.66789477597207,36.77040435562773,False,False,False,-1.2380925981582074,1.2380925981582074,0.2289304078016925,False,LOW,POINT_BELOW_LIMIT,20-30%
C09093,L5,FPGA,125.57,1.115,11.6957,12.3263,12.9187,13.6557,1.2388,1.2921,1.3772,1.4419,Normal,50.0,batch_5,0.6305999999999994,15.504407237244154,-2.880794940569709,33.88960941505802,36.770404355627726,False,False,False,-1.8487072372441544,1.8487072372441544,0.0441164152840623,False,VERY_LOW,POINT_BELOW_LIMIT,0-10%
C09094,L5,FPGA,125.57,1.096,11.5018,11.976,12.3643,13.1085,1.1586,1.2786,1.3086,1.3951,Normal,50.0,batch_5,0.4742000000000015,15.666436624457292,-2.7187655533565707,34.05163880227116,36.770404355627726,False,False,False,-2.5579366244572928,2.5579366244572928,0.127663635859611,False,VERY_LOW,POINT_BELOW_LIMIT,10-20%
C09095,L5,ASIC,124.28,1.193,10.7731,11.3793,11.4327,11.7308,1.064,1.2119,1.1933,1.2131,Normal,50.0,batch_5,0.6062000000000012,19.95862608827561,1.573423910461749,38.343828266089474,36.770404355627726,False,False,False,-8.227826088275611,8.227826088275611,0.1037180453533394,False,VERY_LOW,POINT_BELOW_LIMIT,10-20%
C09096,L5,ASIC,126.08,1.198,11.1651,12.5005,15.7812,19.7245,1.1796,1.3384,1.6982,2.1633,Latent_Defect,50.0,batch_5,1.3354,27.388257204067443,9.00305502625358,45.77345938188131,36.77040435562773,False,False,False,-7.663757204067444,7.663757204067444,0.4001483289611631,False,MEDIUM,POINT_BELOW_LIMIT,40-50%
C09097,L5,FPGA,126.39,1.108,12.228,12.309,13.5735,13.6679,1.264,1.2897,1.4366,1.4858,Normal,50.0,batch_5,0.0809999999999995,12.5093676232143,-5.875834554599562,30.89456980102816,36.770404355627726,False,False,False,1.1585323767856988,1.1585323767856988,0.0117995670995671,False,VERY_LOW,POINT_BELOW_LIMIT,0-10%
C09098,L5,ASIC,123.27,1.189,12.0182,12.5814,13.1908,13.8421,1.1943,1.3095,1.3777,1.4503,Normal,50.0,batch_5,0.5632000000000001,20.000890702922064,1.615688525108201,38.38609288073593,36.77040435562773,False,False,False,-6.158790702922063,6.158790702922063,0.2675627045192733,False,LOW,POINT_BELOW_LIMIT,20-30%
C09099,L5,FPGA,125.97,1.1,11.0588,12.3174,12.873,14.9489,1.2062,1.2581,1.3275,1.5947,Normal,50.0,batch_5,1.2585999999999995,20.97357449583334,2.588372318019477,39.3587766736472,36.77040435562772,False,False,False,-6.02467449583334,6.02467449583334,0.2206970955688143,False,LOW,POINT_BELOW_LIMIT,20-30%
C09100,L5,ASIC,126.09,1.207,11.8511,12.0985,12.2607,12.4,1.2231,1.2256,1.278,1.307,High_Stable,50.0,batch_5,0.2473999999999989,15.207097533333336,-3.178104644480527,33.5922997111472,36.770404355627726,False,False,False,-2.8070975333333354,2.8070975333333354,0.081295517554341,False,VERY_LOW,POINT_BELOW_LIMIT,0-10%
C09101,L5,DAC,124.78,1.794,12.2123,12.4217,12.9566,13.6834,1.2407,1.3155,1.341,1.4144,Normal,50.0,batch_5,0.2093999999999987,13.897397640376989,-4.487804537436876,32.282599818190846,36.77040435562772,False,False,False,-0.2139976403769861,0.2139976403769861,0.035845707070707,False,VERY_LOW,POINT_BELOW_LIMIT,0-10%
C09102,L5,ASIC,124.86,1.207,11.5598,12.2825,13.1263,13.839,1.1858,1.3122,1.4354,1.4721,Normal,50.0,batch_5,0.7227000000000015,15.984851229558272,-2.400350948255591,34.37005340737213,36.770404355627726,False,False,False,-2.1458512295582715,2.1458512295582715,0.0772260887375438,False,VERY_LOW,POINT_BELOW_LIMIT,0-10%
C09103,L5,ADC,124.22,1.817,11.2227,13.3445,18.9857,51.1257,1.2054,1.3985,2.0558,6.9499,Absolute_Failure,50.0,batch_5,2.1218000000000004,47.18836318898184,28.803161011167976,65.5735653667957,36.77040435562773,False,True,True,3.937336811018163,3.937336811018163,0.8955483901726669,True,HIGH,POINT_BELOW_LIMIT,80-90%
C09104,L5,ASIC,124.44,1.217,10.9788,11.7242,12.1798,12.5991,1.1278,1.2279,1.3317,1.3804,Normal,50.0,batch_5,0.7454000000000001,18.226593026668475,-0.1586091511453879,36.611795204482334,36.77040435562772,False,False,False,-5.627493026668475,5.627493026668475,0.2203193033919511,False,LOW,POINT_BELOW_LIMIT,20-30%
C09105,L5,ADC,125.62,1.799,11.4422,11.6342,11.9798,11.493,1.1989,1.2103,1.2193,1.2491,High_Stable,50.0,batch_5,0.1920000000000001,13.711767374702385,-4.67343480311148,32.09696955251624,36.77040435562772,False,False,False,-2.2187673747023826,2.2187673747023826,0.0403023088023088,False,VERY_LOW,POINT_BELOW_LIMIT,0-10%
C09106,L5,ADC,126.43,1.804,11.9452,12.4096,13.9408,14.4836,1.2407,1.3002,1.4382,1.5387,Normal,50.0,batch_5,0.4643999999999995,16.407282140712763,-1.9779200371011,34.792484318526625,36.770404355627726,False,False,False,-1.923682140712764,1.923682140712764,0.1280316534372733,False,VERY_LOW,POINT_BELOW_LIMIT,10-20%
C09107,L5,DAC,125.45,1.816,11.7787,14.5775,23.707,54.3755,1.2042,1.5468,2.7084,7.5183,Absolute_Failure,50.0,batch_5,2.7988,54.83147095656376,36.4462687787499,73.21667313437763,36.77040435562773,True,True,True,-0.4559709565637604,0.4559709565637604,0.986713044471868,True,HIGH,POINT_ABOVE_LIMIT,90-100%
C09108,L5,DAC,124.9,1.816,12.3976,14.6719,22.583,53.3097,1.3219,1.5889,2.5467,7.3306,Absolute_Failure,50.0,batch_5,2.2743,53.65482832156861,35.26962614375475,72.04003049938247,36.77040435562772,True,True,True,-0.3451283215686089,0.3451283215686089,0.9766495226995228,True,HIGH,POINT_ABOVE_LIMIT,90-100%
C09109,L5,ASIC,124.41,1.236,11.9869,12.7474,12.9452,13.7202,1.2683,1.2974,1.3332,1.451,Normal,50.0,batch_5,0.7605000000000004,18.90141543690477,0.5162132590909074,37.28661761471864,36.77040435562773,False,False,False,-5.18121543690477,5.18121543690477,0.1118481661441413,False,VERY_LOW,POINT_BELOW_LIMIT,10-20%
C09110,L5,ASIC,125.87,1.208,11.3623,11.5174,11.5018,11.6686,1.206,1.1993,1.1659,1.2367,High_Stable,50.0,batch_5,0.1551000000000009,13.51688152331348,-4.868320654500382,31.902083701127346,36.770404355627726,False,False,False,-1.8482815233134813,1.8482815233134813,0.0296591316895664,False,VERY_LOW,POINT_BELOW_LIMIT,0-10%
C09111,L5,DAC,124.37,1.832,12.2033,12.2666,12.5406,12.9329,1.2733,1.2798,1.3251,1.358,High_Stable,50.0,batch_5,0.0632999999999999,13.524772067018391,-4.86043011079547,31.909974244832256,36.770404355627726,False,False,False,-0.591872067018393,0.591872067018393,0.0391439393939393,False,VERY_LOW,POINT_BELOW_LIMIT,0-10%
C09112,L5,ASIC,125.77,1.208,11.6193,13.3059,15.1872,37.2772,1.1953,1.4305,1.6093,4.659,Sudden_Anomaly,50.0,batch_5,1.6865999999999983,30.03505847519839,11.649856297384527,48.42026065301225,36.77040435562772,False,False,False,7.24214152480161,7.24214152480161,0.5800945226887646,True,MEDIUM,POINT_BELOW_LIMIT,50-60%
C09113,L5,ADC,124.97,1.798,12.0229,13.1017,14.0632,15.3667,1.2763,1.3355,1.4747,1.6226,Normal,50.0,batch_5,1.078799999999999,19.75362728690476,1.368425109090893,38.13882946471862,36.770404355627726,False,False,False,-4.386927286904756,4.386927286904756,0.0750746560732009,False,VERY_LOW,POINT_BELOW_LIMIT,0-10%
C09114,L5,DAC,124.39,1.797,11.7564,12.3393,12.2987,13.0816,1.2242,1.2871,1.3022,1.3941,Normal,50.0,batch_5,0.5829000000000004,16.138272759868425,-2.246929417945438,34.52347493768229,36.770404355627726,False,False,False,-3.056672759868425,3.056672759868425,0.0360391711229946,False,VERY_LOW,POINT_BELOW_LIMIT,0-10%
C09115,L5,ASIC,125.25,1.184,11.8032,12.165,12.9924,14.1371,1.2734,1.227,1.3831,1.532,Normal,50.0,batch_5,0.3617999999999988,14.732091007855349,-3.653111169958514,33.11729318566921,36.770404355627726,False,False,False,-0.5949910078553486,0.5949910078553486,0.0444299592564298,False,VERY_LOW,POINT_BELOW_LIMIT,0-10%
C09116,L5,ADC,125.64,1.788,12.0814,12.5382,13.6051,14.0402,1.2795,1.3049,1.4434,1.4962,Normal,50.0,batch_5,0.4567999999999994,18.11545371666667,-0.2697484611471914,36.50065589448053,36.77040435562772,False,False,False,-4.075253716666671,4.075253716666671,0.0434061756956493,False,VERY_LOW,POINT_BELOW_LIMIT,0-10%
C09117,L5,FPGA,124.98,1.096,12.2989,12.5109,12.6239,12.6618,1.2943,1.3233,1.3498,1.3618,High_Stable,50.0,batch_5,0.2119999999999997,13.720209238690469,-4.664992939123396,32.10541141650433,36.770404355627726,False,False,False,-1.0584092386904675,1.0584092386904675,0.0043142857142857,False,VERY_LOW,POINT_BELOW_LIMIT,0-10%
C09118,L5,DAC,124.92,1.793,11.5279,12.699,13.8446,26.5251,1.1807,1.3257,1.4445,3.11,Sudden_Anomaly,50.0,batch_5,1.1710999999999991,20.10081114285716,1.7156089650432946,38.48601332067102,36.770404355627726,False,False,False,6.424288857142841,6.424288857142841,0.189136249873203,False,LOW,POINT_BELOW_LIMIT,10-20%
C09119,L5,FPGA,125.9,1.095,11.7357,13.2012,15.7081,38.1872,1.2217,1.3834,1.726,4.7718,Sudden_Anomaly,50.0,batch_5,1.4655000000000005,30.627787997123,12.242585819309134,49.01299017493686,36.770404355627726,False,False,False,7.559412002877,7.559412002877,0.5537728336308626,True,MEDIUM,POINT_BELOW_LIMIT,50-60%
C09120,L5,ASIC,126.12,1.204,11.6947,13.0279,14.3387,40.4963,1.2745,1.3639,1.5314,5.1351,Sudden_Anomaly,50.0,batch_5,1.3332000000000015,28.462489684920648,10.077287507106783,46.84769186273451,36.77040435562772,False,False,False,12.03381031507935,12.03381031507935,0.3372445142707729,False,LOW,POINT_BELOW_LIMIT,30-40%
C09121,L5,FPGA,125.49,1.111,11.7208,12.6359,15.7038,19.8018,1.2027,1.3239,1.6914,2.1627,Latent_Defect,50.0,batch_5,0.9150999999999988,16.00379730307539,-2.381404874738472,34.388999480889254,36.770404355627726,False,False,False,3.798002696924609,3.798002696924609,0.0559700912262831,False,VERY_LOW,POINT_BELOW_LIMIT,0-10%
C09122,L5,DAC,124.53,1.808,11.7855,12.9288,13.1144,14.4982,1.1802,1.3704,1.365,1.5154,Normal,50.0,batch_5,1.1433,20.904453162301586,2.51925098448772,39.289655340115445,36.770404355627726,False,False,False,-6.4062531623015815,6.4062531623015815,0.1957151882147406,False,LOW,POINT_BELOW_LIMIT,10-20%
C09123,L5,ADC,126.09,1.809,11.4079,11.8442,12.0649,13.2136,1.1649,1.2247,1.2328,1.3977,Normal,50.0,batch_5,0.436300000000001,17.52769976537699,-0.8575024124368724,35.91290194319085,36.770404355627726,False,False,False,-4.314099765376991,4.314099765376991,0.2405663818933084,False,LOW,POINT_BELOW_LIMIT,20-30%
C09124,L5,ADC,124.81,1.816,10.943,11.8677,12.5728,13.0782,1.1339,1.2358,1.3619,1.4405,Normal,50.0,batch_5,0.9246999999999996,19.701464452660534,1.3162622748466752,38.0866666304744,36.77040435562772,False,False,False,-6.623264452660537,6.623264452660537,0.3107401874178866,False,LOW,POINT_BELOW_LIMIT,30-40%
C09125,L5,ASIC,126.37,1.178,11.2707,11.4716,11.4641,11.33,1.197,1.1826,1.188,1.1962,High_Stable,50.0,batch_5,0.2009000000000007,13.920658218749995,-4.464543959063867,32.30586039656386,36.770404355627726,False,False,False,-2.590658218749996,2.590658218749996,0.0282393217893217,False,VERY_LOW,POINT_BELOW_LIMIT,0-10%
C09126,L5,ASIC,126.5,1.207,11.8441,12.8516,14.0388,14.8309,1.2757,1.3605,1.486,1.6072,Normal,50.0,batch_5,1.0075000000000005,18.43082483402779,0.0456226562139256,36.816027011841655,36.77040435562773,False,False,False,-3.5999248340277887,3.5999248340277887,0.0943094352918037,False,VERY_LOW,POINT_BELOW_LIMIT,0-10%
C09127,L5,ASIC,123.62,1.219,11.7702,12.7422,13.5818,13.7346,1.239,1.3622,1.3993,1.4156,Normal,50.0,batch_5,0.9719999999999996,18.06419418539376,-0.3210079924201032,36.449396363207626,36.77040435562773,False,False,False,-4.329594185393759,4.329594185393759,0.2159568656493443,False,LOW,POINT_BELOW_LIMIT,20-30%
C09128,L5,ASIC,125.16,1.204,11.2214,11.903,12.3884,12.9105,1.1813,1.2816,1.2991,1.4235,Normal,50.0,batch_5,0.6816000000000013,17.15586575739617,-1.2293364204176918,35.54106793521004,36.77040435562773,False,False,False,-4.24536575739617,4.24536575739617,0.0446829934753928,False,VERY_LOW,POINT_BELOW_LIMIT,0-10%
C09129,L5,ASIC,124.97,1.19,11.177,12.4102,16.3292,23.1047,1.1519,1.3214,1.7529,2.6508,Latent_Defect,50.0,batch_5,1.2332,20.765905931448412,2.380703753634553,39.15110810926228,36.77040435562773,False,False,False,2.338794068551586,2.338794068551586,0.2619943759724689,False,LOW,POINT_BELOW_LIMIT,20-30%
C09130,L5,ADC,126.59,1.805,11.9043,12.4162,12.9586,13.633,1.2482,1.2868,1.3192,1.4861,Normal,50.0,batch_5,0.5119000000000007,16.494906497161182,-1.890295680652681,34.88010867497505,36.77040435562773,False,False,False,-2.8619064971611827,2.8619064971611827,0.1362498353555629,False,VERY_LOW,POINT_BELOW_LIMIT,10-20%
C09131,L5,FPGA,124.58,1.075,11.781,11.8371,12.1072,12.2722,1.2067,1.1967,1.2834,1.2526,High_Stable,50.0,batch_5,0.0560999999999989,12.570286146239177,-5.814916031574688,30.95548832405304,36.770404355627726,False,False,False,-0.298086146239175,0.298086146239175,0.0219956099456099,False,VERY_LOW,POINT_BELOW_LIMIT,0-10%
C09132,L5,ADC,126.47,1.813,12.3307,13.0381,13.559,15.1034,1.3216,1.3134,1.4643,1.6282,Normal,50.0,batch_5,0.7073999999999998,18.182989793154743,-0.2022123846591164,36.56819197096861,36.77040435562773,False,False,False,-3.079589793154746,3.079589793154746,0.1125645645046498,False,VERY_LOW,POINT_BELOW_LIMIT,10-20%
C09133,L5,ADC,125.65,1.805,11.4621,12.55,13.4407,14.4875,1.1775,1.321,1.4703,1.5276,Normal,50.0,batch_5,1.0879000000000012,19.01176653630953,0.626564358495667,37.39696871412339,36.77040435562772,False,False,False,-4.524266536309529,4.524266536309529,0.185429116012687,False,LOW,POINT_BELOW_LIMIT,10-20%
C09134,L5,DAC,124.97,1.791,11.9564,12.9868,13.6694,14.6914,1.3223,1.3623,1.4854,1.5999,Normal,50.0,batch_5,1.0304000000000002,18.25734457708333,-0.1278576007305325,36.6425467548972,36.77040435562773,False,False,False,-3.5659445770833305,3.5659445770833305,0.0930027511807078,False,VERY_LOW,POINT_BELOW_LIMIT,0-10%
C09135,L5,FPGA,124.12,1.079,10.9616,11.3349,13.0558,26.814,1.1071,1.1678,1.3689,3.1072,Sudden_Anomaly,50.0,batch_5,0.3732999999999986,15.651315285615071,-2.7338868921987918,34.036517463428936,36.770404355627726,False,False,False,11.162684714384929,11.162684714384929,0.0955368137722093,False,VERY_LOW,POINT_BELOW_LIMIT,0-10%
C09136,L5,ASIC,125.55,1.19,11.5224,12.324,13.1199,13.4114,1.2132,1.3076,1.3889,1.4099,Normal,50.0,batch_5,0.8016000000000005,16.873582912797616,-1.5116192650162468,35.25878509061148,36.77040435562773,False,False,False,-3.462182912797616,3.462182912797616,0.0818130785414398,False,VERY_LOW,POINT_BELOW_LIMIT,0-10%
C09137,L5,FPGA,124.48,1.097,11.5429,12.4724,12.9033,13.521,1.2477,1.2736,1.3805,1.4343,Normal,50.0,batch_5,0.9295000000000008,17.660429735042015,-0.7247724427718474,36.04563191285588,36.77040435562773,False,False,False,-4.139429735042015,4.139429735042015,0.1093453288541524,False,VERY_LOW,POINT_BELOW_LIMIT,10-20%
C09138,L5,FPGA,125.25,1.079,11.4778,13.1437,15.2844,23.0424,1.1883,1.4066,1.677,2.5885,Latent_Defect,50.0,batch_5,1.6659000000000006,27.997993559821424,9.61279138200756,46.38319573763529,36.77040435562773,False,False,False,-4.955593559821423,4.955593559821423,0.3052555813841113,False,LOW,POINT_BELOW_LIMIT,30-40%
C09139,L5,ADC,125.58,1.833,11.8339,14.2671,24.0429,61.6395,1.2688,1.526,2.7618,8.9032,Absolute_Failure,50.0,batch_5,2.4332,53.67249278733763,35.287290609523765,72.0576949651515,36.77040435562773,True,True,True,7.9670072126623666,7.9670072126623666,0.9808191807893556,True,HIGH,POINT_ABOVE_LIMIT,90-100%
C09140,L5,ASIC,125.67,1.174,11.2346,11.9167,13.805,35.9857,1.1962,1.227,1.4397,4.4472,Sudden_Anomaly,50.0,batch_5,0.6821000000000002,16.939555268744165,-1.4456469090696975,35.324757446558024,36.77040435562772,False,False,False,19.04614473125584,19.04614473125584,0.0814776965821702,False,VERY_LOW,POINT_BELOW_LIMIT,0-10%
C09141,L5,FPGA,125.28,1.079,11.7361,12.1045,12.9119,13.0521,1.1943,1.3096,1.3417,1.3813,Normal,50.0,batch_5,0.3683999999999994,15.433005057380122,-2.952197120433741,33.81820723519398,36.77040435562772,False,False,False,-2.3809050573801223,2.3809050573801223,0.2001221603417682,False,LOW,POINT_BELOW_LIMIT,20-30%
C09142,L5,ADC,124.57,1.806,11.9685,12.6052,13.0881,13.4496,1.2249,1.3242,1.3564,1.4356,Normal,50.0,batch_5,0.6366999999999994,18.48437301493505,0.0991708371211856,36.86957519274891,36.770404355627726,False,False,False,-5.034773014935048,5.034773014935048,0.1849886004174703,False,LOW,POINT_BELOW_LIMIT,10-20%
C09143,L5,ASIC,122.98,1.215,11.5218,12.4286,12.7745,13.9356,1.18,1.305,1.3435,1.5217,Normal,50.0,batch_5,0.9067999999999988,23.26091708387445,4.875714906060587,41.64611926168831,36.770404355627726,False,False,False,-9.325317083874449,9.325317083874449,0.2403647964422958,False,LOW,POINT_BELOW_LIMIT,20-30%
C09144,L5,ADC,124.82,1.832,11.6166,12.8392,13.4289,14.1116,1.1978,1.344,1.4371,1.5109,Normal,50.0,batch_5,1.2226,22.62527523412699,4.2400730563131255,41.010477411940855,36.77040435562773,False,False,False,-8.513675234126989,8.513675234126989,0.2803357112357885,False,LOW,POINT_BELOW_LIMIT,20-30%
C09145,L5,ASIC,124.39,1.21,10.5784,11.888,12.8064,14.0268,1.0818,1.2968,1.3585,1.5435,Normal,50.0,batch_5,1.3095999999999997,30.58392366855156,12.198721490737697,48.96912584636542,36.770404355627726,False,False,False,-16.55712366855156,16.55712366855156,0.5627792273790133,True,MEDIUM,POINT_BELOW_LIMIT,50-60%
C09146,L5,FPGA,125.71,1.11,10.7789,11.3871,12.3737,12.937,1.187,1.1939,1.2949,1.3849,Normal,50.0,batch_5,0.6082000000000001,14.092417263591283,-4.29278491422258,32.477619441405146,36.770404355627726,False,False,False,-1.1554172635912838,1.1554172635912838,0.018204884004884,False,VERY_LOW,POINT_BELOW_LIMIT,0-10%
C09147,L5,ASIC,125.31,1.209,11.2564,11.9256,12.0605,13.6723,1.1803,1.268,1.2938,1.4614,Normal,50.0,batch_5,0.6692,16.8010531670635,-1.5841490107503624,35.18625534487737,36.77040435562773,False,False,False,-3.1287531670635005,3.1287531670635005,0.024827707913002,False,VERY_LOW,POINT_BELOW_LIMIT,0-10%
C09148,L5,ADC,123.44,1.801,11.8912,12.757,13.7377,15.2742,1.2306,1.3496,1.4206,1.644,Normal,50.0,batch_5,0.8658000000000001,18.047210847222217,-0.3379913305916453,36.43241302503608,36.77040435562773,False,False,False,-2.773010847222217,2.773010847222217,0.1814607104419487,False,LOW,POINT_BELOW_LIMIT,10-20%
C09149,L5,FPGA,126.01,1.08,11.4445,12.5875,14.7273,40.2012,1.2029,1.2674,1.5455,5.1401,Sudden_Anomaly,50.0,batch_5,1.143000000000001,20.34439907936509,1.9591969015512236,38.72960125717895,36.770404355627726,False,False,False,19.856800920634917,19.856800920634917,0.2241926912672436,False,LOW,POINT_BELOW_LIMIT,20-30%
C09150,L5,ASIC,124.94,1.184,11.5159,13.4646,21.036,55.1073,1.196,1.4383,2.3571,7.6289,Absolute_Failure,50.0,batch_5,1.9487000000000003,34.644272175063136,16.259069997249274,53.029474352877,36.77040435562773,False,True,True,20.463027824936862,20.463027824936862,0.7448001737005199,True,MEDIUM,POINT_BELOW_LIMIT,70-80%
C09151,L5,DAC,125.35,1.794,12.5096,13.5328,14.9197,15.8016,1.3489,1.4031,1.5447,1.6357,Normal,50.0,batch_5,1.0231999999999992,19.618283606910328,1.2330814290964651,38.00348578472419,36.770404355627726,False,False,False,-3.816683606910328,3.816683606910328,0.1086058779999956,False,VERY_LOW,POINT_BELOW_LIMIT,10-20%
C09152,L5,ASIC,123.92,1.208,11.5935,11.708,11.7629,12.2904,1.2144,1.2216,1.2334,1.2932,High_Stable,50.0,batch_5,0.1144999999999996,13.437242213789672,-4.947959964024189,31.822444391603536,36.770404355627726,False,False,False,-1.1468422137896734,1.1468422137896734,0.0152575757575757,False,VERY_LOW,POINT_BELOW_LIMIT,0-10%
C09153,L5,ASIC,123.3,1.2,11.0223,11.5031,12.6676,13.6369,1.1418,1.2097,1.308,1.435,Normal,50.0,batch_5,0.4808000000000003,15.064283337805248,-3.3209188400086145,33.44948551561911,36.770404355627726,False,False,False,-1.4273833378052476,1.4273833378052476,0.0380284049284049,False,VERY_LOW,POINT_BELOW_LIMIT,0-10%
C09154,L5,DAC,125.07,1.773,12.162,12.4395,13.4537,14.4879,1.2562,1.3507,1.4081,1.5792,Normal,50.0,batch_5,0.2774999999999998,14.333122712896827,-4.052079464917034,32.71832489071069,36.770404355627726,False,False,False,0.1547772871031707,0.1547772871031707,0.0212981074481074,False,VERY_LOW,POINT_BELOW_LIMIT,0-10%
C09155,L5,DAC,124.67,1.782,11.9109,12.8692,13.183,13.7808,1.1903,1.3211,1.4143,1.4513,Normal,50.0,batch_5,0.9582999999999996,17.574037647718253,-0.8111645300956098,35.95923982553212,36.770404355627726,False,False,False,-3.7932376477182537,3.7932376477182537,0.1152048399115131,False,VERY_LOW,POINT_BELOW_LIMIT,10-20%
C09156,L5,DAC,125.53,1.814,12.3072,13.7365,14.1628,14.7531,1.3185,1.477,1.4629,1.5736,Normal,50.0,batch_5,1.4292999999999996,23.493526011647724,5.108323833833861,41.87872818946158,36.77040435562772,False,False,False,-8.740426011647724,8.740426011647724,0.3357958979027046,False,LOW,POINT_BELOW_LIMIT,30-40%
C09157,L5,ASIC,124.58,1.201,11.7682,12.2191,12.8989,13.6301,1.2564,1.2675,1.3946,1.4364,Normal,50.0,batch_5,0.4508999999999989,14.755367977281738,-3.629834200532125,33.1405701550956,36.770404355627726,False,False,False,-1.125267977281737,1.125267977281737,0.0124246031746031,False,VERY_LOW,POINT_BELOW_LIMIT,0-10%
C09158,L5,ADC,125.46,1.79,11.8631,12.7946,13.4865,15.3177,1.2275,1.3788,1.4414,1.6239,Normal,50.0,batch_5,0.9315000000000015,18.067857721924607,-0.3173444558892555,36.45305989973847,36.770404355627726,False,False,False,-2.750157721924607,2.750157721924607,0.1491051156016325,False,VERY_LOW,POINT_BELOW_LIMIT,10-20%
C09159,L5,ADC,124.11,1.829,11.5136,12.2066,13.4952,13.763,1.2131,1.2613,1.4265,1.4911,Normal,50.0,batch_5,0.6929999999999996,19.43668247579365,1.0514802979797864,37.82188465360751,36.770404355627726,False,False,False,-5.673682475793649,5.673682475793649,0.0302281496281496,False,VERY_LOW,POINT_BELOW_LIMIT,0-10%
C09160,L5,DAC,126.51,1.811,11.9056,12.94,13.9781,33.8087,1.2006,1.3199,1.4629,4.1116,Sudden_Anomaly,50.0,batch_5,1.0343999999999998,18.735099084226164,0.349896906412301,37.12030126204003,36.77040435562773,False,False,False,15.073600915773838,15.073600915773838,0.13281913592943,False,VERY_LOW,POINT_BELOW_LIMIT,10-20%
C09161,L5,FPGA,125.11,1.117,11.3275,12.0618,13.2404,14.1308,1.1276,1.2625,1.3901,1.5547,Normal,50.0,batch_5,0.7342999999999993,17.252564507117526,-1.1326376706963366,35.63776668493139,36.77040435562773,False,False,False,-3.121764507117525,3.121764507117525,0.1185484896225304,False,VERY_LOW,POINT_BELOW_LIMIT,10-20%
C09162,L5,ADC,125.27,1.817,11.9962,12.9101,13.5655,14.2778,1.2929,1.34,1.4353,1.4522,Normal,50.0,batch_5,0.9139,18.22148823402779,-0.163713943786071,36.606690411841655,36.770404355627726,False,False,False,-3.943688234027793,3.943688234027793,0.1986810752057352,False,LOW,POINT_BELOW_LIMIT,10-20%
C09163,L5,ADC,125.14,1.812,11.7174,11.9228,12.8966,13.1762,1.2347,1.2501,1.3661,1.4079,Normal,50.0,batch_5,0.2054000000000009,13.793874981746033,-4.59132719606783,32.179077159559895,36.770404355627726,False,False,False,-0.617674981746033,0.617674981746033,0.0069555555555555,False,VERY_LOW,POINT_BELOW_LIMIT,0-10%
C09164,L5,FPGA,125.35,1.101,11.7127,11.8891,11.9121,12.5172,1.2388,1.2354,1.2509,1.3179,High_Stable,50.0,batch_5,0.1763999999999992,12.963961498115076,-5.421240679698787,31.34916367592894,36.770404355627726,False,False,False,-0.4467614981150749,0.4467614981150749,0.0116507936507936,False,VERY_LOW,POINT_BELOW_LIMIT,0-10%
C09165,L5,ADC,124.83,1.818,11.5656,13.4106,16.2411,23.064,1.2185,1.4341,1.7438,2.6031,Latent_Defect,50.0,batch_5,1.8450000000000009,40.69614142410713,22.31093924629327,59.08134360192099,36.77040435562772,False,True,False,-17.632141424107132,17.632141424107132,0.8448807591258426,True,HIGH,POINT_BELOW_LIMIT,80-90%
C09166,L5,DAC,125.6,1.787,12.1184,12.6481,13.5514,14.2962,1.2521,1.3209,1.4346,1.5141,Normal,50.0,batch_5,0.5297000000000001,15.962069135831532,-2.4231330419823305,34.34727131364539,36.770404355627726,False,False,False,-1.6658691358315316,1.6658691358315316,0.0168059163059163,False,VERY_LOW,POINT_BELOW_LIMIT,0-10%
C09167,L5,DAC,123.71,1.789,11.5881,12.5886,13.0654,13.7144,1.2495,1.2928,1.3929,1.4823,Normal,50.0,batch_5,1.0004999999999988,19.06079079686853,0.6755886190546683,37.4459929746824,36.77040435562773,False,False,False,-5.346390796868532,5.346390796868532,0.1823987030890616,False,LOW,POINT_BELOW_LIMIT,10-20%
C09168,L5,DAC,124.06,1.819,12.032,12.5334,13.0988,13.048,1.2634,1.2999,1.4174,1.3901,Normal,50.0,batch_5,0.5014000000000003,16.276794087653307,-2.1084080901605557,34.66199626546717,36.77040435562772,False,False,False,-3.2287940876533074,3.2287940876533074,0.0888353284486411,False,VERY_LOW,POINT_BELOW_LIMIT,0-10%
C09169,L5,DAC,126.47,1.778,12.2849,12.4744,12.6453,13.0749,1.2578,1.3113,1.299,1.3759,High_Stable,50.0,batch_5,0.1894999999999989,14.189720890674607,-4.195481287139256,32.574923068488474,36.77040435562773,False,False,False,-1.1148208906746078,1.1148208906746078,0.0512885336885337,False,VERY_LOW,POINT_BELOW_LIMIT,0-10%
C09170,L5,FPGA,125.19,1.088,11.4307,11.7695,12.1651,11.9567,1.1763,1.2406,1.2336,1.2568,Normal,50.0,batch_5,0.3388000000000009,14.8360661202381,-3.549136057575762,33.22126829805197,36.77040435562773,False,False,False,-2.8793661202381013,2.8793661202381013,0.0526702408702408,False,VERY_LOW,POINT_BELOW_LIMIT,0-10%
C09171,L5,DAC,125.22,1.798,12.0371,12.8169,14.341,15.2582,1.277,1.3527,1.5546,1.6798,Normal,50.0,batch_5,0.7797999999999998,17.110133985515887,-1.275068192297976,35.49533616332975,36.77040435562773,False,False,False,-1.8519339855158865,1.8519339855158865,0.0174984407749113,False,VERY_LOW,POINT_BELOW_LIMIT,0-10%
C09172,L5,ADC,124.13,1.771,11.7436,12.0718,12.9968,14.1507,1.2402,1.2506,1.3909,1.5406,Normal,50.0,batch_5,0.3281999999999989,13.554812221146614,-4.830389956667249,31.94001439896048,36.770404355627726,False,False,False,0.5958877788533865,0.5958877788533865,0.0291610223110223,False,VERY_LOW,POINT_BELOW_LIMIT,0-10%
C09173,L5,DAC,127.11,1.812,11.9077,12.28,12.5447,12.8726,1.2417,1.2779,1.3081,1.3452,High_Stable,50.0,batch_5,0.3722999999999992,17.566228030952374,-0.8189741468614891,35.95143020876624,36.77040435562773,False,False,False,-4.6936280309523735,4.6936280309523735,0.1802215533979936,False,LOW,POINT_BELOW_LIMIT,10-20%
C09174,L5,ASIC,123.9,1.231,11.3132,12.241,13.1777,13.7389,1.1866,1.2932,1.3781,1.4424,Normal,50.0,batch_5,0.9277999999999996,18.31927779927502,-0.0659243785388419,36.70447997708888,36.77040435562772,False,False,False,-4.580377799275022,4.580377799275022,0.1014426287338691,False,VERY_LOW,POINT_BELOW_LIMIT,10-20%
C09175,L5,ASIC,125.48,1.21,11.2995,12.2849,13.0039,13.4991,1.1811,1.3164,1.334,1.3645,Normal,50.0,batch_5,0.9854000000000004,17.428822523908725,-0.956379653905138,35.81402470172259,36.770404355627726,False,False,False,-3.929722523908724,3.929722523908724,0.0972253544798281,False,VERY_LOW,POINT_BELOW_LIMIT,0-10%
C09176,L5,FPGA,125.34,1.116,11.173,12.0689,12.4502,13.0991,1.1523,1.2917,1.2996,1.3923,Normal,50.0,batch_5,0.8958999999999993,18.58289219930556,0.1976900214916952,36.96809437711942,36.770404355627726,False,False,False,-5.483792199305558,5.483792199305558,0.3391873951519465,False,LOW,POINT_BELOW_LIMIT,30-40%
C09177,L5,DAC,126.81,1.792,12.0558,13.0176,15.7131,40.8976,1.2528,1.3795,1.6416,5.1635,Sudden_Anomaly,50.0,batch_5,0.9618000000000002,21.88040866818183,3.4952064903679663,40.265610845995695,36.77040435562773,False,False,False,19.017191331818168,19.017191331818168,0.2702618266379449,False,LOW,POINT_BELOW_LIMIT,20-30%
C09178,L5,DAC,125.99,1.789,12.2962,13.2838,13.7115,14.1867,1.2607,1.4239,1.4576,1.4906,Normal,50.0,batch_5,0.9875999999999988,20.716296329166667,2.3310941513528043,39.10149850698053,36.77040435562773,False,False,False,-6.529596329166667,6.529596329166667,0.2174987808987349,False,LOW,POINT_BELOW_LIMIT,20-30%
C09179,L5,ASIC,125.1,1.223,12.1166,12.1799,12.3508,12.2729,1.2779,1.246,1.3294,1.2756,High_Stable,50.0,batch_5,0.0632999999999999,12.433446031195892,-5.951756146617971,30.818648209009755,36.770404355627726,False,False,False,-0.1605460311958921,0.1605460311958921,0.0013333333333333,False,VERY_LOW,POINT_BELOW_LIMIT,0-10%
C09180,L5,DAC,125.94,1.813,12.6377,14.5229,17.5649,21.2734,1.2937,1.542,1.8924,2.4048,Latent_Defect,50.0,batch_5,1.8851999999999995,40.584217100261526,22.199014922447663,58.96941927807539,36.77040435562773,False,True,False,-19.310817100261527,19.310817100261527,0.8257386322487587,True,HIGH,POINT_BELOW_LIMIT,80-90%
C09181,L5,ASIC,125.26,1.219,11.4924,12.8859,13.0086,13.3536,1.202,1.3404,1.3974,1.4128,Normal,50.0,batch_5,1.3934999999999995,33.976691599702384,15.591489421888522,52.36189377751624,36.77040435562772,False,True,False,-20.623091599702384,20.623091599702384,0.6908308427057747,True,MEDIUM,POINT_BELOW_LIMIT,60-70%
C09182,L5,FPGA,125.03,1.084,11.7271,13.3726,19.7801,51.9921,1.2183,1.4129,2.1989,7.1347,Absolute_Failure,50.0,batch_5,1.6455000000000002,31.012676063266632,12.627473885452767,49.39787824108049,36.77040435562772,False,False,True,20.97942393673337,20.97942393673337,0.5767471028658584,True,MEDIUM,POINT_BELOW_LIMIT,50-60%
C09183,L5,ADC,124.69,1.797,11.9978,13.3498,14.4185,14.5735,1.3141,1.4259,1.5243,1.5241,Normal,50.0,batch_5,1.3520000000000003,31.85501204618507,13.469809868371208,50.24021422399893,36.770404355627726,False,True,False,-17.28151204618507,17.28151204618507,0.5447914318373331,True,MEDIUM,POINT_BELOW_LIMIT,50-60%
C09184,L5,ASIC,125.24,1.22,11.2131,11.4105,11.2742,11.5958,1.122,1.1925,1.141,1.2202,High_Stable,50.0,batch_5,0.1974,14.998864343344152,-3.3863378344697104,33.38406652115802,36.77040435562773,False,False,False,-3.403064343344152,3.403064343344152,0.0643324849728874,False,VERY_LOW,POINT_BELOW_LIMIT,0-10%
C09185,L5,ADC,124.34,1.789,11.533,12.1174,12.4859,13.9233,1.1902,1.3289,1.3406,1.463,Normal,50.0,batch_5,0.5844000000000005,17.71921888030304,-0.6659832975108237,36.1044210581169,36.77040435562772,False,False,False,-3.79591888030304,3.79591888030304,0.1333447390500796,False,VERY_LOW,POINT_BELOW_LIMIT,10-20%
C09186,L5,ASIC,125.55,1.232,11.9979,13.828,16.5743,21.6749,1.2117,1.4459,1.8078,2.4638,Latent_Defect,50.0,batch_5,1.8301,38.86356185800864,20.47835968019478,57.2487640358225,36.77040435562772,False,True,False,-17.188661858008643,17.188661858008643,0.8105710302983027,True,HIGH,POINT_BELOW_LIMIT,80-90%
C09187,L5,ASIC,124.55,1.22,11.6966,12.7675,14.4477,29.8783,1.2699,1.3512,1.5221,3.5777,Sudden_Anomaly,50.0,batch_5,1.0709,17.34994192172618,-1.0352602560876818,35.735144099540044,36.770404355627726,False,False,False,12.528358078273818,12.528358078273818,0.0912292800852398,False,VERY_LOW,POINT_BELOW_LIMIT,0-10%
C09188,L5,DAC,125.52,1.813,11.4155,12.1949,12.1152,12.8433,1.2096,1.3038,1.2743,1.3276,Normal,50.0,batch_5,0.7794000000000008,19.10407439226192,0.718872214448055,37.48927657007578,36.770404355627726,False,False,False,-6.260774392261919,6.260774392261919,0.0801391827560423,False,VERY_LOW,POINT_BELOW_LIMIT,0-10%
C09189,L5,FPGA,126.1,1.112,11.5286,12.3203,13.1924,13.8901,1.1775,1.2782,1.3882,1.4818,Normal,50.0,batch_5,0.7916999999999987,17.339728147248355,-1.045474030565508,35.72493032506222,36.770404355627726,False,False,False,-3.4496281472483545,3.4496281472483545,0.0945140369864053,False,VERY_LOW,POINT_BELOW_LIMIT,0-10%
C09190,L5,DAC,125.5,1.81,11.9048,12.8371,13.4347,14.3715,1.2538,1.3634,1.3931,1.5654,Normal,50.0,batch_5,0.9322999999999996,15.994003225892866,-2.3911989519209964,34.37920540370673,36.770404355627726,False,False,False,-1.622503225892867,1.622503225892867,0.0261442834942834,False,VERY_LOW,POINT_BELOW_LIMIT,0-10%
C09191,L5,DAC,125.43,1.795,11.4792,11.8389,12.4263,13.4966,1.1972,1.2253,1.2982,1.4474,Normal,50.0,batch_5,0.3597000000000001,14.301941978273804,-4.08326019954006,32.68714415608767,36.77040435562773,False,False,False,-0.8053419782738018,0.8053419782738018,0.030839688089688,False,VERY_LOW,POINT_BELOW_LIMIT,0-10%
C09192,L5,FPGA,125.23,1.092,11.7365,12.605,12.7859,13.7612,1.2196,1.3204,1.371,1.4271,Normal,50.0,batch_5,0.8685000000000009,20.11292948630953,1.727727308495666,38.49813166412339,36.770404355627726,False,False,False,-6.351729486309528,6.351729486309528,0.308712394138743,False,LOW,POINT_BELOW_LIMIT,30-40%
C09193,L5,ASIC,123.63,1.194,11.7864,12.4394,14.2565,39.5467,1.2101,1.2933,1.5074,5.0525,Sudden_Anomaly,50.0,batch_5,0.6529999999999987,17.146173316748314,-1.2390288610655489,35.53137549456218,36.770404355627726,False,False,False,22.400526683251687,22.400526683251687,0.163195984597746,False,LOW,POINT_BELOW_LIMIT,10-20%
C09194,L5,ASIC,125.92,1.21,11.8555,12.3282,12.8851,14.4846,1.2499,1.2517,1.3374,1.531,Normal,50.0,batch_5,0.4727000000000014,16.890120875892862,-1.495081301921001,35.27532305370673,36.77040435562773,False,False,False,-2.405520875892861,2.405520875892861,0.0555007131757131,False,VERY_LOW,POINT_BELOW_LIMIT,0-10%
C09195,L5,DAC,124.68,1.816,11.9325,12.2403,12.4462,12.2904,1.2214,1.251,1.2917,1.3218,High_Stable,50.0,batch_5,0.3078000000000003,16.00374659374999,-2.381455584063872,34.388948771563854,36.770404355627726,False,False,False,-3.713346593749991,3.713346593749991,0.040965342990343,False,VERY_LOW,POINT_BELOW_LIMIT,0-10%
C09196,L5,DAC,125.31,1.798,11.9899,12.1643,12.3489,12.7862,1.2625,1.2706,1.297,1.3259,High_Stable,50.0,batch_5,0.1744000000000003,13.536438611607135,-4.848763566206726,31.921640789421,36.770404355627726,False,False,False,-0.7502386116071378,0.7502386116071378,0.0172833333333333,False,VERY_LOW,POINT_BELOW_LIMIT,0-10%
C09197,L5,FPGA,125.95,1.129,11.1426,11.3402,11.7359,12.0735,1.1726,1.1536,1.232,1.2466,High_Stable,50.0,batch_5,0.1975999999999995,13.69001749806998,-4.695184679743882,32.075219675883844,36.770404355627726,False,False,False,-1.6165174980699817,1.6165174980699817,0.0219113748320644,False,VERY_LOW,POINT_BELOW_LIMIT,0-10%
C09198,L5,FPGA,125.28,1.092,11.3438,12.1818,19.0596,61.8443,1.1854,1.2834,2.1012,8.9458,Absolute_Failure,50.0,batch_5,0.838000000000001,14.835958509929648,-3.5492436678842143,33.22116068774351,36.770404355627726,False,False,True,47.00834149007035,47.00834149007035,0.0470388888888888,False,VERY_LOW,POINT_BELOW_LIMIT,0-10%
C09199,L5,ADC,124.5,1.771,11.924,13.1255,13.7868,14.3118,1.2443,1.3865,1.4753,1.5601,Normal,50.0,batch_5,1.2015000000000011,20.552887417189744,2.167685239375881,38.9380895950036,36.77040435562772,False,False,False,-6.241087417189744,6.241087417189744,0.1262479202170378,False,VERY_LOW,POINT_BELOW_LIMIT,10-20%
C09200,L5,DAC,124.18,1.793,11.6401,11.9825,12.6012,13.52,1.2213,1.2599,1.373,1.4558,Normal,50.0,batch_5,0.3423999999999996,15.79481854146827,-2.5903836363455923,34.18002071928213,36.770404355627726,False,False,False,-2.274818541468271,2.274818541468271,0.0600256771006771,False,VERY_LOW,POINT_BELOW_LIMIT,0-10%
C09201,L5,DAC,125.52,1.797,11.7192,12.0339,12.6202,13.4947,1.2126,1.2814,1.3577,1.3992,Normal,50.0,batch_5,0.3146999999999984,16.48149529523811,-1.9037068825757544,34.86669747305197,36.770404355627726,False,False,False,-2.9867952952381085,2.9867952952381085,0.0915261909552102,False,VERY_LOW,POINT_BELOW_LIMIT,0-10%
C09202,L5,ASIC,124.25,1.178,11.7418,12.2549,13.0115,13.404,1.2674,1.3233,1.3549,1.4326,Normal,50.0,batch_5,0.5130999999999997,16.126282340376985,-2.2589198374368777,34.51148451819085,36.770404355627726,False,False,False,-2.722282340376985,2.722282340376985,0.1123715023897147,False,VERY_LOW,POINT_BELOW_LIMIT,10-20%
C09203,L5,ADC,125.21,1.791,12.1886,12.724,13.8665,14.2864,1.259,1.3324,1.4575,1.5602,Normal,50.0,batch_5,0.535400000000001,18.69338307678571,0.3081808989718482,37.07858525459957,36.770404355627726,False,False,False,-4.406983076785711,4.406983076785711,0.0518478965478965,False,VERY_LOW,POINT_BELOW_LIMIT,0-10%
C09204,L5,ASIC,125.57,1.196,11.3858,13.2268,16.4315,22.0753,1.2102,1.4415,1.7725,2.4591,Latent_Defect,50.0,batch_5,1.841000000000001,35.363253795634904,16.97805161782104,53.74845597344877,36.77040435562773,False,True,False,-13.287953795634904,13.287953795634904,0.7090224774914742,True,MEDIUM,POINT_BELOW_LIMIT,70-80%
C09205,L5,FPGA,124.5,1.074,12.2322,13.2326,16.9503,22.5876,1.322,1.3932,1.8426,2.5261,Latent_Defect,50.0,batch_5,1.000399999999999,21.322101294742072,2.9368991169282097,39.707303472555935,36.770404355627726,False,False,False,1.2654987052579258,1.2654987052579258,0.1049955832265429,False,VERY_LOW,POINT_BELOW_LIMIT,10-20%
C09206,L5,FPGA,123.94,1.06,12.3616,13.4258,14.6524,16.1651,1.2978,1.3715,1.5888,1.7256,Normal,50.0,batch_5,1.0642000000000014,20.73777755916723,2.3525753813533683,39.12297973698109,36.770404355627726,False,False,False,-4.572677559167232,4.572677559167232,0.1292573747889537,False,VERY_LOW,POINT_BELOW_LIMIT,10-20%
C09207,L5,ASIC,124.77,1.201,11.8592,12.8209,13.5389,14.2929,1.208,1.3476,1.429,1.5245,Normal,50.0,batch_5,0.9617000000000004,17.70044641954365,-0.6847557582702137,36.08564859735751,36.770404355627726,False,False,False,-3.4075464195436496,3.4075464195436496,0.1791974714140349,False,LOW,POINT_BELOW_LIMIT,10-20%
C09208,L5,FPGA,125.09,1.085,12.2501,12.3201,12.3443,12.1816,1.3262,1.3462,1.3305,1.2701,High_Stable,50.0,batch_5,0.0700000000000002,13.4775657049603,-4.907636472853563,31.862767882774165,36.770404355627726,False,False,False,-1.2959657049603006,1.2959657049603006,0.0065630434782608,False,VERY_LOW,POINT_BELOW_LIMIT,0-10%
C09209,L5,ASIC,125.13,1.19,11.4415,12.0334,12.7212,13.2945,1.1634,1.27,1.3578,1.415,Normal,50.0,batch_5,0.5919000000000008,15.799210043843985,-2.585992133969878,34.18441222165785,36.77040435562773,False,False,False,-2.504710043843985,2.504710043843985,0.0706728882228882,False,VERY_LOW,POINT_BELOW_LIMIT,0-10%
C09210,L5,DAC,126.58,1.803,12.4819,13.481,14.4036,41.5224,1.3579,1.4765,1.5183,5.3207,Sudden_Anomaly,50.0,batch_5,0.9991000000000004,22.45198293688592,4.066780759072053,40.83718511469978,36.770404355627726,False,False,False,19.07041706311408,19.07041706311408,0.295804416081194,False,LOW,POINT_BELOW_LIMIT,20-30%
C09211,L5,ASIC,124.85,1.246,12.2917,12.3009,12.0624,12.556,1.2653,1.2645,1.2474,1.2891,High_Stable,50.0,batch_5,0.0091999999999998,12.90648231021826,-5.478719867595604,31.29168448803212,36.770404355627726,False,False,False,-0.3504823102182595,0.3504823102182595,0.0048428571428571,False,VERY_LOW,POINT_BELOW_LIMIT,0-10%
C09212,L5,FPGA,125.23,1.114,11.0964,13.159,16.4714,24.4374,1.17,1.3979,1.7686,2.8,Latent_Defect,50.0,batch_5,2.062600000000001,44.74574403505802,26.360541857244154,63.13094621287188,36.77040435562772,False,True,False,-20.308344035058017,20.308344035058017,0.8869528719675995,True,HIGH,POINT_BELOW_LIMIT,80-90%
C09213,L5,FPGA,126.21,1.108,11.8654,12.9213,13.7983,15.2483,1.2542,1.3694,1.4776,1.6251,Normal,50.0,batch_5,1.0559000000000012,19.0373978689484,0.652195691134537,37.42260004676226,36.770404355627726,False,False,False,-3.7890978689484,3.7890978689484,0.2364471562951438,False,LOW,POINT_BELOW_LIMIT,20-30%
C09214,L5,ADC,124.9,1.804,12.0989,12.5453,12.6089,13.5888,1.2572,1.3262,1.3095,1.4774,Normal,50.0,batch_5,0.4463999999999988,17.293284947123013,-1.09191723069085,35.67848712493688,36.77040435562773,False,False,False,-3.704484947123012,3.704484947123012,0.0256937360025595,False,VERY_LOW,POINT_BELOW_LIMIT,0-10%
C09215,L5,ASIC,122.98,1.215,11.0165,11.5629,12.1384,12.7505,1.1346,1.21,1.2911,1.3514,Normal,50.0,batch_5,0.5464000000000002,14.33336070137848,-4.051841476435381,32.71856287919235,36.77040435562773,False,False,False,-1.5828607013784808,1.5828607013784808,0.0310877022100706,False,VERY_LOW,POINT_BELOW_LIMIT,0-10%
C09216,L5,FPGA,125.34,1.102,11.6177,12.1046,13.3436,13.8207,1.1915,1.2615,1.3965,1.4554,Normal,50.0,batch_5,0.4869000000000003,14.331149554121556,-4.054052623692307,32.71635173193542,36.770404355627726,False,False,False,-0.5104495541215552,0.5104495541215552,0.0568240132416603,False,VERY_LOW,POINT_BELOW_LIMIT,0-10%
C09217,L5,ADC,124.77,1.777,11.581,12.7075,14.4715,32.9801,1.2346,1.3507,1.599,4.0154,Sudden_Anomaly,50.0,batch_5,1.1265,18.62786505654762,0.242662878733757,37.013067234361486,36.77040435562773,False,False,False,14.35223494345238,14.35223494345238,0.291302277407237,False,LOW,POINT_BELOW_LIMIT,20-30%
C09218,L5,ASIC,125.32,1.186,11.4311,13.6984,20.4733,53.8721,1.1551,1.419,2.2523,7.4343,Absolute_Failure,50.0,batch_5,2.2672999999999988,48.44136156984131,30.05615939202745,66.82656374765517,36.77040435562772,False,True,True,5.430738430158691,5.430738430158691,0.912009235431818,True,HIGH,POINT_BELOW_LIMIT,90-100%
C09219,L5,ASIC,126.23,1.213,11.7496,12.3683,12.9596,14.0166,1.1984,1.2769,1.3775,1.4767,Normal,50.0,batch_5,0.6187000000000005,17.85532645880243,-0.5298757190114323,36.24052863661629,36.77040435562772,False,False,False,-3.83872645880243,3.83872645880243,0.184628777042618,False,LOW,POINT_BELOW_LIMIT,10-20%
C09220,L5,DAC,125.75,1.796,12.1931,13.2485,14.081,15.126,1.3016,1.4192,1.4892,1.5908,Normal,50.0,batch_5,1.0554000000000006,22.12650802641657,3.741305848602707,40.51171020423043,36.770404355627726,False,False,False,-7.00050802641657,7.00050802641657,0.3750634720048797,False,LOW,POINT_BELOW_LIMIT,30-40%
C09221,L5,FPGA,125.94,1.097,11.703,12.1194,12.9883,13.7514,1.2481,1.335,1.4204,1.4583,Normal,50.0,batch_5,0.4164000000000012,17.046165015623295,-1.339037162190568,35.431367193437154,36.77040435562772,False,False,False,-3.2947650156232946,3.2947650156232946,0.1571505642709094,False,LOW,POINT_BELOW_LIMIT,10-20%
C09222,L5,ADC,123.68,1.796,12.0841,12.0724,11.7301,11.9833,1.2755,1.2867,1.1924,1.2179,High_Stable,50.0,batch_5,-0.0116999999999993,12.78082148174602,-5.604380696067842,31.166023659559883,36.770404355627726,False,False,False,-0.7975214817460206,0.7975214817460206,0.0096742424242424,False,VERY_LOW,POINT_BELOW_LIMIT,0-10%
C09223,L5,DAC,125.39,1.789,12.1883,13.9131,17.9519,25.7953,1.2599,1.4605,2.0009,3.0316,Latent_Defect,50.0,batch_5,1.7248,32.11475042162701,13.729548243813143,50.49995259944088,36.77040435562773,False,True,False,-6.319450421627007,6.319450421627007,0.4826279415261242,False,MEDIUM,POINT_BELOW_LIMIT,40-50%
C09224,L5,ADC,123.34,1.806,11.3012,13.5992,21.8204,55.2581,1.1727,1.4525,2.4255,7.7143,Absolute_Failure,50.0,batch_5,2.298,52.051911050297605,33.66670887248374,70.43711322811147,36.77040435562773,True,True,True,3.206188949702394,3.206188949702394,0.9579212268269716,True,HIGH,POINT_ABOVE_LIMIT,90-100%
C09225,L5,ASIC,124.41,1.203,11.7228,11.7489,12.0703,12.1333,1.2511,1.2512,1.2961,1.29,High_Stable,50.0,batch_5,0.0261000000000013,12.507351064583338,-5.877851113230525,30.8925532423972,36.770404355627726,False,False,False,-0.3740510645833375,0.3740510645833375,0.0116289377289377,False,VERY_LOW,POINT_BELOW_LIMIT,0-10%
C09226,L5,ASIC,124.55,1.221,10.8749,13.1023,16.2098,19.1937,1.1334,1.369,1.7433,2.1,Latent_Defect,50.0,batch_5,2.2273999999999994,49.37552441626983,30.99032223845597,67.76072659408369,36.77040435562772,False,True,False,-30.181824416269837,30.181824416269837,0.9272313072939092,True,HIGH,POINT_BELOW_LIMIT,90-100%
C09227,L5,FPGA,126.4,1.076,12.0652,13.0198,14.047,14.6728,1.2325,1.3755,1.4821,1.5851,Normal,50.0,batch_5,0.9545999999999992,23.46711390119048,5.081911723376614,41.85231607900434,36.770404355627726,False,False,False,-8.794313901190476,8.794313901190476,0.2720210401890026,False,LOW,POINT_BELOW_LIMIT,20-30%
C09228,L5,DAC,126.13,1.821,12.1826,13.4916,14.2595,14.2497,1.2336,1.4414,1.4934,1.4967,Normal,50.0,batch_5,1.3089999999999993,29.416181590773807,11.030979412959944,47.80138376858767,36.770404355627726,False,False,False,-15.166481590773806,15.166481590773806,0.4350207409145347,False,MEDIUM,POINT_BELOW_LIMIT,40-50%
C09229,L5,FPGA,126.25,1.111,11.2897,13.6338,21.5534,54.6541,1.2122,1.4521,2.4177,7.5923,Absolute_Failure,50.0,batch_5,2.344100000000001,53.38104968146643,34.99584750365257,71.76625185928029,36.77040435562772,True,True,True,1.2730503185335706,1.2730503185335706,0.9825381929181928,True,HIGH,POINT_ABOVE_LIMIT,90-100%
C09230,L5,FPGA,124.1,1.089,11.2649,12.261,13.9365,40.2194,1.1527,1.2813,1.4566,5.0799,Sudden_Anomaly,50.0,batch_5,0.9960999999999984,17.46670266410952,-0.9184995137043436,35.851904841923385,36.77040435562773,False,False,False,22.75269733589048,22.75269733589048,0.1093215214457797,False,VERY_LOW,POINT_BELOW_LIMIT,10-20%
C09231,L5,FPGA,125.16,1.092,11.6552,12.8187,13.4884,14.7393,1.2068,1.3627,1.4279,1.5927,Normal,50.0,batch_5,1.163499999999999,19.052347859126968,0.6671456813131051,37.437550036940834,36.77040435562773,False,False,False,-4.313047859126968,4.313047859126968,0.1425737278574953,False,VERY_LOW,POINT_BELOW_LIMIT,10-20%
C09232,L5,FPGA,125.72,1.102,11.3749,13.2668,15.8734,21.5359,1.1963,1.3714,1.7248,2.3765,Latent_Defect,50.0,batch_5,1.8919,32.51301961815476,14.127817440340896,50.898221795968624,36.77040435562773,False,True,False,-10.977119618154756,10.977119618154756,0.6774196067275332,True,MEDIUM,POINT_BELOW_LIMIT,60-70%
C09233,L5,FPGA,127.53,1.113,11.3132,12.0512,13.0887,13.6655,1.1683,1.2574,1.3873,1.4295,Normal,50.0,batch_5,0.7379999999999995,19.88882034017857,1.503618162364706,38.27402251799244,36.77040435562773,False,False,False,-6.223320340178569,6.223320340178569,0.233097652797079,False,LOW,POINT_BELOW_LIMIT,20-30%
C09234,L5,ADC,123.46,1.821,11.599,11.8902,13.4818,33.3154,1.2233,1.233,1.4297,4.1329,Sudden_Anomaly,50.0,batch_5,0.2911999999999999,17.857882248809528,-0.5273199290043351,36.24308442662339,36.770404355627726,False,False,False,15.45751775119047,15.45751775119047,0.0568923605805958,False,VERY_LOW,POINT_BELOW_LIMIT,0-10%
C09235,L5,ADC,124.6,1.809,11.7467,12.6639,13.678,15.4242,1.2289,1.3412,1.4561,1.6357,Normal,50.0,batch_5,0.9171999999999992,17.22461273338744,-1.1605894444264244,35.6098149112013,36.77040435562772,False,False,False,-1.8004127333874376,1.8004127333874376,0.1131332209074334,False,VERY_LOW,POINT_BELOW_LIMIT,10-20%
C09236,L5,ADC,125.71,1.791,11.7377,12.4034,14.6869,20.4369,1.2526,1.2606,1.5494,2.3209,Latent_Defect,50.0,batch_5,0.6656999999999993,15.918100737797632,-2.467101440016231,34.303302915611496,36.770404355627726,False,False,False,4.51879926220237,4.51879926220237,0.0722750814974499,False,VERY_LOW,POINT_BELOW_LIMIT,0-10%
C09237,L5,FPGA,125.92,1.095,11.2338,11.7965,12.4801,13.7817,1.1411,1.258,1.3324,1.4776,Normal,50.0,batch_5,0.5626999999999995,21.67463988373016,3.289437705916299,40.059842061544025,36.770404355627726,False,False,False,-7.892939883730161,7.892939883730161,0.2948623599126786,False,LOW,POINT_BELOW_LIMIT,20-30%
C09238,L5,FPGA,126.11,1.107,11.5758,12.5069,13.183,13.9519,1.2051,1.2808,1.3941,1.4715,Normal,50.0,batch_5,0.9311000000000008,19.510520026686518,1.1253178488726512,37.89572220450037,36.77040435562772,False,False,False,-5.558620026686514,5.558620026686514,0.2198483287398302,False,LOW,POINT_BELOW_LIMIT,20-30%
C09239,L5,ADC,125.5,1.814,11.7124,12.284,13.0231,14.0824,1.2656,1.3345,1.3657,1.5163,Normal,50.0,batch_5,0.5716000000000001,17.996500573890692,-0.3887016039231703,36.38170275170455,36.77040435562772,False,False,False,-3.9141005738906927,3.9141005738906927,0.1184107553866841,False,VERY_LOW,POINT_BELOW_LIMIT,10-20%
C09240,L5,FPGA,125.54,1.104,11.8002,13.3396,15.0669,19.3225,1.2519,1.3932,1.6228,2.1429,Latent_Defect,50.0,batch_5,1.5394000000000003,30.45862571994049,12.073423542126624,48.84382789775435,36.77040435562773,False,False,False,-11.136125719940484,11.136125719940484,0.5730831593117708,True,MEDIUM,POINT_BELOW_LIMIT,50-60%
C09241,L5,ASIC,126.04,1.207,11.4321,12.4813,13.0377,13.7632,1.2095,1.3128,1.3805,1.468,Normal,50.0,batch_5,1.049199999999999,20.3570444986186,1.971842320804736,38.74224667643246,36.77040435562772,False,False,False,-6.5938444986186,6.5938444986186,0.2434113410041596,False,LOW,POINT_BELOW_LIMIT,20-30%
C09242,L5,FPGA,126.13,1.099,11.4167,12.717,13.1388,13.8224,1.1587,1.395,1.3588,1.4785,Normal,50.0,batch_5,1.3003,26.66065491498013,8.275452737166272,45.045857092794,36.77040435562772,False,False,False,-12.838254914980135,12.838254914980135,0.4261367432717218,False,MEDIUM,POINT_BELOW_LIMIT,40-50%
C09243,L5,ASIC,125.48,1.216,11.9519,13.065,13.8793,14.685,1.2631,1.3599,1.5017,1.5788,Normal,50.0,batch_5,1.113099999999999,18.617367366765865,0.2321651889519991,37.00256954457973,36.77040435562773,False,False,False,-3.932367366765861,3.932367366765861,0.1161990892771098,False,VERY_LOW,POINT_BELOW_LIMIT,10-20%
C09244,L5,ADC,125.87,1.793,12.6396,12.9587,13.0221,12.9457,1.3047,1.4124,1.3908,1.3338,High_Stable,50.0,batch_5,0.3191000000000006,15.584823604933252,-2.8003785728806108,33.970025782747115,36.770404355627726,False,False,False,-2.639123604933252,2.639123604933252,0.0446866799866799,False,VERY_LOW,POINT_BELOW_LIMIT,0-10%
C09245,L5,FPGA,125.24,1.089,11.8269,12.3067,12.0541,12.0136,1.2355,1.2778,1.2681,1.2358,High_Stable,50.0,batch_5,0.4797999999999991,14.230206259424586,-4.154995918389277,32.61540843723845,36.770404355627726,False,False,False,-2.216606259424585,2.216606259424585,0.024888578088578,False,VERY_LOW,POINT_BELOW_LIMIT,0-10%
C09246,L5,ADC,125.81,1.77,11.6187,12.1164,12.3235,13.9971,1.2219,1.2664,1.3002,1.4798,Normal,50.0,batch_5,0.4977,15.716901115734172,-2.6683010620796903,34.10210329354803,36.770404355627726,False,False,False,-1.7198011157341728,1.7198011157341728,0.1304142350339719,False,VERY_LOW,POINT_BELOW_LIMIT,10-20%
C09247,L5,ADC,124.41,1.816,11.9017,13.0934,15.7004,20.8814,1.2617,1.4048,1.6487,2.3072,Latent_Defect,50.0,batch_5,1.1917000000000009,17.935033670535702,-0.4501685072781605,36.32023584834957,36.77040435562773,False,False,False,2.946366329464297,2.946366329464297,0.2049559297568914,False,LOW,POINT_BELOW_LIMIT,20-30%
C09248,L5,FPGA,126.9,1.089,11.1317,11.204,12.2646,13.4958,1.1622,1.1414,1.2709,1.4129,Normal,50.0,batch_5,0.0723000000000002,13.728425112500007,-4.656777065313854,32.11362729031387,36.770404355627726,False,False,False,-0.2326251125000098,0.2326251125000098,0.0394290682497579,False,VERY_LOW,POINT_BELOW_LIMIT,0-10%
C09249,L5,DAC,124.48,1.785,12.4584,13.5567,13.8555,14.251,1.3279,1.4615,1.5034,1.5314,Normal,50.0,batch_5,1.0983,19.361061033553245,0.975858855739382,37.74626321136711,36.770404355627726,False,False,False,-5.1100610335532455,5.1100610335532455,0.0926114210952446,False,VERY_LOW,POINT_BELOW_LIMIT,0-10%
C09250,L5,ASIC,124.95,1.186,11.6619,13.4336,16.6557,24.0034,1.2124,1.4285,1.8234,2.7316,Latent_Defect,50.0,batch_5,1.771700000000001,38.33380740164142,19.94860522382756,56.71900957945529,36.77040435562773,False,True,False,-14.330407401641423,14.330407401641423,0.7701500198506271,True,HIGH,POINT_BELOW_LIMIT,70-80%
C09251,L5,ADC,125.3,1.788,12.0892,12.9158,13.9041,15.3389,1.2033,1.3805,1.459,1.6258,Normal,50.0,batch_5,0.8266000000000009,17.932011888492056,-0.4531902893218067,36.31721406630592,36.77040435562773,False,False,False,-2.5931118884920554,2.5931118884920554,0.1391572778185006,False,VERY_LOW,POINT_BELOW_LIMIT,10-20%
C09252,L5,FPGA,125.18,1.093,11.5783,11.8405,12.1028,13.9614,1.2413,1.2405,1.2656,1.4737,Normal,50.0,batch_5,0.2622,15.117391133630957,-3.2678110441829062,33.50259331144482,36.770404355627726,False,False,False,-1.1559911336309572,1.1559911336309572,0.1043317861161728,False,VERY_LOW,POINT_BELOW_LIMIT,10-20%
C09253,L5,FPGA,124.34,1.113,11.5874,12.5114,13.5135,14.3583,1.1862,1.3086,1.4478,1.5395,Normal,50.0,batch_5,0.9239999999999996,18.49018599605393,0.1049838182400719,36.8753881738678,36.770404355627726,False,False,False,-4.131885996053935,4.131885996053935,0.1697717084231184,False,LOW,POINT_BELOW_LIMIT,10-20%
C09254,L5,ADC,125.33,1.806,12.1717,12.8181,13.5404,14.5508,1.2523,1.3706,1.4394,1.5785,Normal,50.0,batch_5,0.6463999999999999,22.455135892956346,4.069933715142483,40.84033807077021,36.770404355627726,False,False,False,-7.904335892956345,7.904335892956345,0.1816345280424395,False,LOW,POINT_BELOW_LIMIT,10-20%
C09255,L5,DAC,125.0,1.81,11.6851,12.4643,13.5402,14.6492,1.1921,1.3326,1.4289,1.5769,Normal,50.0,batch_5,0.7791999999999994,17.457753580654746,-0.9274485971591168,35.842955758468605,36.77040435562772,False,False,False,-2.808553580654745,2.808553580654745,0.1545980003174611,False,LOW,POINT_BELOW_LIMIT,10-20%
C09256,L5,ASIC,124.16,1.215,11.4784,12.0848,12.484,13.432,1.1345,1.2624,1.2993,1.4032,Normal,50.0,batch_5,0.6063999999999989,15.074167335249811,-3.311034842564052,33.45936951306368,36.77040435562773,False,False,False,-1.6421673352498107,1.6421673352498107,0.0351444519248867,False,VERY_LOW,POINT_BELOW_LIMIT,0-10%
C09257,L5,ASIC,124.91,1.216,11.948,12.4451,13.0331,13.877,1.2647,1.3212,1.3697,1.4439,Normal,50.0,batch_5,0.4970999999999996,15.515913477182528,-2.8692887006313352,33.90111565499639,36.770404355627726,False,False,False,-1.638913477182527,1.638913477182527,0.023248709786945,False,VERY_LOW,POINT_BELOW_LIMIT,0-10%
C09258,L5,DAC,125.11,1.78,11.8575,13.1264,13.5932,13.74,1.258,1.4038,1.3991,1.4942,Normal,50.0,batch_5,1.2689000000000004,19.364393517550493,0.97919133973663,37.74959569536436,36.770404355627726,False,False,False,-5.624393517550493,5.624393517550493,0.1828738705824619,False,LOW,POINT_BELOW_LIMIT,10-20%
C09259,L5,ASIC,126.11,1.196,10.6839,11.4259,12.5982,13.3858,1.1157,1.2151,1.3676,1.415,Normal,50.0,batch_5,0.7420000000000009,15.020203628373013,-3.36499854944085,33.40540580618688,36.770404355627726,False,False,False,-1.634403628373013,1.634403628373013,0.0661873136123136,False,VERY_LOW,POINT_BELOW_LIMIT,0-10%
C09260,L5,DAC,125.12,1.809,12.0627,13.5137,15.915,33.6023,1.2521,1.3865,1.7193,4.0631,Sudden_Anomaly,50.0,batch_5,1.4510000000000003,33.89709117142856,15.511888993614694,52.28229334924242,36.77040435562773,False,True,False,-0.2947911714285567,0.2947911714285567,0.5276709967656567,True,MEDIUM,POINT_BELOW_LIMIT,50-60%
C09261,L5,ADC,124.54,1.777,11.8199,12.6225,13.6562,14.8651,1.2371,1.3452,1.5185,1.5734,Normal,50.0,batch_5,0.8026,16.47145268741606,-1.9137494903978016,34.85665486522993,36.77040435562773,False,False,False,-1.6063526874160612,1.6063526874160612,0.1223571246894473,False,VERY_LOW,POINT_BELOW_LIMIT,10-20%
C09262,L5,FPGA,125.74,1.093,12.2165,12.914,14.1296,15.1372,1.2963,1.3666,1.4649,1.6203,Normal,50.0,batch_5,0.6974999999999998,16.190084944742058,-2.195117233071805,34.57528712255592,36.770404355627726,False,False,False,-1.0528849447420576,1.0528849447420576,0.0130017094017094,False,VERY_LOW,POINT_BELOW_LIMIT,0-10%
C09263,L5,ASIC,124.56,1.192,11.3586,11.8246,12.7201,13.9311,1.1821,1.244,1.3567,1.4708,Normal,50.0,batch_5,0.4660000000000011,14.510972114529215,-3.874230063284648,32.89617429234308,36.770404355627726,False,False,False,-0.5798721145292145,0.5798721145292145,0.0269220189167557,False,VERY_LOW,POINT_BELOW_LIMIT,0-10%
C09264,L5,ASIC,127.09,1.188,11.2422,13.2361,20.6938,52.1872,1.1662,1.3672,2.2962,7.1768,Absolute_Failure,50.0,batch_5,1.9939,43.70277062900362,25.31756845118976,62.08797280681749,36.77040435562773,False,True,True,8.484429370996374,8.484429370996374,0.8425664785337557,True,HIGH,POINT_BELOW_LIMIT,80-90%
C09265,L5,ADC,126.69,1.792,12.1361,13.8297,23.2316,60.3021,1.2418,1.5081,2.6639,8.5719,Absolute_Failure,50.0,batch_5,1.6936,34.14672871934523,15.761526541531364,52.531930897159086,36.77040435562772,False,True,True,26.155371280654776,26.155371280654776,0.6254642910898244,True,MEDIUM,POINT_BELOW_LIMIT,60-70%
C09266,L5,FPGA,124.73,1.098,11.4285,11.6275,11.9205,12.808,1.228,1.1849,1.2545,1.3662,Normal,50.0,batch_5,0.1989999999999998,13.622958586507933,-4.76224359130593,32.008160764321794,36.770404355627726,False,False,False,-0.8149585865079327,0.8149585865079327,0.0803158239884582,False,VERY_LOW,POINT_BELOW_LIMIT,0-10%
C09267,L5,FPGA,125.07,1.109,11.2546,13.3577,15.6939,21.1254,1.1453,1.4232,1.7064,2.3337,Latent_Defect,50.0,batch_5,2.1030999999999995,49.828313922207,31.44311174439314,68.21351610002087,36.77040435562773,False,True,False,-28.702913922207003,28.702913922207003,0.9432847760512618,True,HIGH,POINT_BELOW_LIMIT,90-100%
C09268,L5,DAC,125.77,1.805,11.8925,12.827,13.1027,13.7499,1.228,1.3478,1.3924,1.4703,Normal,50.0,batch_5,0.9345,19.489311977182545,1.104109799368679,37.874514154996405,36.770404355627726,False,False,False,-5.739411977182542,5.739411977182542,0.0631632741871131,False,VERY_LOW,POINT_BELOW_LIMIT,0-10%
C09269,L5,ASIC,125.65,1.182,11.0952,11.7399,12.6394,13.3778,1.144,1.2407,1.3427,1.43,Normal,50.0,batch_5,0.6447000000000003,15.73318162909982,-2.652020548714044,34.118383806913684,36.770404355627726,False,False,False,-2.355381629099819,2.355381629099819,0.08948561556848,False,VERY_LOW,POINT_BELOW_LIMIT,0-10%
C09270,L5,DAC,124.92,1.794,12.0954,12.041,12.3044,12.4658,1.3047,1.2823,1.318,1.2648,High_Stable,50.0,batch_5,-0.0543999999999993,13.52432183204364,-4.860880345770223,31.909524009857503,36.770404355627726,False,False,False,-1.05852183204364,1.05852183204364,0.0388163059163059,False,VERY_LOW,POINT_BELOW_LIMIT,0-10%
C09271,L5,ASIC,125.93,1.213,11.1023,12.1084,12.3859,13.4683,1.1462,1.261,1.2894,1.3987,Normal,50.0,batch_5,1.0061,17.372269452867954,-1.0129327249459088,35.75747163068182,36.77040435562773,False,False,False,-3.9039694528679543,3.9039694528679543,0.189384205119621,False,LOW,POINT_BELOW_LIMIT,10-20%
C09272,L5,FPGA,125.52,1.081,11.617,12.3359,13.4205,14.5191,1.2416,1.283,1.3859,1.5194,Normal,50.0,batch_5,0.7188999999999997,18.485887965079364,0.1006857872655011,36.87109014289322,36.77040435562772,False,False,False,-3.966787965079364,3.966787965079364,0.1120448641228053,False,VERY_LOW,POINT_BELOW_LIMIT,10-20%
C09273,L5,FPGA,124.4,1.114,12.0365,12.7105,13.1089,14.1421,1.285,1.3299,1.387,1.5081,Normal,50.0,batch_5,0.6739999999999995,17.060418783486615,-1.3247833943272482,35.44562096130048,36.770404355627726,False,False,False,-2.9183187834866158,2.9183187834866158,0.0608893042114404,False,VERY_LOW,POINT_BELOW_LIMIT,0-10%
C09274,L5,ADC,124.81,1.795,11.5633,12.5994,13.4239,14.7078,1.1945,1.3084,1.4027,1.5532,Normal,50.0,batch_5,1.0360999999999994,18.44047153958333,0.0552693617694686,36.8256737173972,36.770404355627726,False,False,False,-3.7326715395833303,3.7326715395833303,0.2225487379205948,False,LOW,POINT_BELOW_LIMIT,20-30%
C09275,L5,DAC,124.65,1.812,12.3513,12.7028,13.2678,14.11,1.2836,1.3348,1.4162,1.4667,Normal,50.0,batch_5,0.3514999999999997,16.784678900198404,-1.6005232776154583,35.16988107801227,36.770404355627726,False,False,False,-2.674678900198405,2.674678900198405,0.0317460927960928,False,VERY_LOW,POINT_BELOW_LIMIT,0-10%
C09276,L5,ADC,125.78,1.803,11.5728,11.7979,12.0054,12.0385,1.2147,1.2112,1.2613,1.2415,High_Stable,50.0,batch_5,0.2250999999999994,14.748995005357148,-3.6362071724567135,33.13419718317101,36.770404355627726,False,False,False,-2.7104950053571475,2.7104950053571475,0.0410592285109526,False,VERY_LOW,POINT_BELOW_LIMIT,0-10%
C09277,L5,FPGA,126.42,1.114,11.5708,12.3834,13.4887,40.5733,1.1847,1.3011,1.3611,5.1721,Sudden_Anomaly,50.0,batch_5,0.8125999999999998,17.544215828869042,-0.8409863489448206,35.92941800668291,36.77040435562773,False,False,False,23.02908417113096,23.02908417113096,0.1036062485823355,False,VERY_LOW,POINT_BELOW_LIMIT,10-20%
C09278,L5,ADC,124.42,1.812,12.7369,13.0196,13.718,14.7427,1.3032,1.3518,1.4748,1.5544,Normal,50.0,batch_5,0.2827000000000002,14.287593087400792,-4.097609090413069,32.67279526521466,36.77040435562773,False,False,False,0.4551069125992057,0.4551069125992057,0.0301602604997341,False,VERY_LOW,POINT_BELOW_LIMIT,0-10%
C09279,L5,ASIC,124.4,1.226,11.021,12.0197,19.883,53.3669,1.1002,1.2719,2.2367,7.3546,Absolute_Failure,50.0,batch_5,0.9986999999999996,19.851598709928272,1.466396532114409,38.236800887742135,36.770404355627726,False,False,True,33.51530129007173,33.51530129007173,0.2715769997881,False,LOW,POINT_BELOW_LIMIT,20-30%
C09280,L5,ASIC,124.16,1.22,11.0924,12.0387,13.2949,37.2295,1.1296,1.2072,1.4136,4.6176,Sudden_Anomaly,50.0,batch_5,0.9463000000000008,18.202181769958518,-0.1830204078553485,36.58738394777238,36.77040435562773,False,False,False,19.027318230041487,19.027318230041487,0.137191279966821,False,VERY_LOW,POINT_BELOW_LIMIT,10-20%
C09281,L5,ASIC,124.15,1.213,11.8907,12.3681,13.1147,14.37,1.2612,1.2986,1.4105,1.5338,Normal,50.0,batch_5,0.4773999999999994,15.644708000937952,-2.7404941768759112,34.02991017875181,36.770404355627726,False,False,False,-1.2747080009379523,1.2747080009379523,0.0262970695970695,False,VERY_LOW,POINT_BELOW_LIMIT,0-10%
C09282,L5,FPGA,124.69,1.076,11.4424,11.9937,12.7063,13.1941,1.1715,1.2069,1.3303,1.4049,Normal,50.0,batch_5,0.5513000000000012,16.077452170932546,-2.3077500068813173,34.46265434874641,36.77040435562773,False,False,False,-2.883352170932545,2.883352170932545,0.0878969671916602,False,VERY_LOW,POINT_BELOW_LIMIT,0-10%
C09283,L5,DAC,126.09,1.787,12.417,12.486,12.8675,12.9545,1.3064,1.3052,1.3192,1.3731,High_Stable,50.0,batch_5,0.0690000000000008,13.053236402976196,-5.331965774837668,31.438438580790056,36.770404355627726,False,False,False,-0.0987364029761952,0.0987364029761952,0.0336344970818655,False,VERY_LOW,POINT_BELOW_LIMIT,0-10%
C09284,L5,ASIC,125.01,1.194,11.2907,12.3513,15.1097,20.348,1.1637,1.2983,1.6479,2.2711,Latent_Defect,50.0,batch_5,1.0606000000000009,17.05273776588759,-1.3324644119262743,35.43793994370145,36.770404355627726,False,False,False,3.2952622341124105,3.2952622341124105,0.0767668547072895,False,VERY_LOW,POINT_BELOW_LIMIT,0-10%
C09285,L5,DAC,125.89,1.787,11.8564,12.6873,13.7513,15.1488,1.2789,1.3205,1.4295,1.6519,Normal,50.0,batch_5,0.8308999999999997,16.65265535019842,-1.732546827615444,35.03785752801228,36.770404355627726,False,False,False,-1.503855350198419,1.503855350198419,0.0423374978822347,False,VERY_LOW,POINT_BELOW_LIMIT,0-10%
C09286,L5,ASIC,126.28,1.188,11.4897,12.463,13.3898,13.8533,1.2878,1.2955,1.4049,1.5005,Normal,50.0,batch_5,0.9733,21.271400025793668,2.8861978479798047,39.656602203607534,36.77040435562773,False,False,False,-7.418100025793667,7.418100025793667,0.1773199440939848,False,LOW,POINT_BELOW_LIMIT,10-20%
C09287,L5,ADC,124.25,1.805,12.4616,13.2829,14.6762,15.4926,1.2814,1.3735,1.5305,1.6632,Normal,50.0,batch_5,0.821299999999999,19.10310176249998,0.7178995846861156,37.48830394031384,36.770404355627726,False,False,False,-3.610501762499979,3.610501762499979,0.1081835687188628,False,VERY_LOW,POINT_BELOW_LIMIT,10-20%
C09288,L5,ADC,123.47,1.787,11.8886,12.6952,14.2158,15.2406,1.1922,1.3148,1.5097,1.6499,Normal,50.0,batch_5,0.8065999999999995,18.94254943234127,0.5573472545274072,37.32775161015513,36.770404355627726,False,False,False,-3.701949432341269,3.701949432341269,0.1992149007712945,False,LOW,POINT_BELOW_LIMIT,10-20%
C09289,L5,ASIC,124.83,1.186,10.9116,11.944,12.4537,13.1266,1.0967,1.2198,1.3018,1.3355,Normal,50.0,batch_5,1.0324000000000009,16.11850722103175,-2.266694956782114,34.503709398845615,36.77040435562773,False,False,False,-2.9919072210317488,2.9919072210317488,0.1053493247350058,False,VERY_LOW,POINT_BELOW_LIMIT,10-20%
C09290,L5,ASIC,125.15,1.228,10.9979,11.2668,11.6792,12.1462,1.1448,1.1673,1.2301,1.2554,Normal,50.0,batch_5,0.2689000000000003,16.56902726187427,-1.816174915939591,34.954229439688135,36.770404355627726,False,False,False,-4.422827261874271,4.422827261874271,0.1238736722543694,False,VERY_LOW,POINT_BELOW_LIMIT,10-20%
C09291,L5,ADC,124.36,1.791,11.7215,12.2345,13.3804,14.7589,1.2387,1.2876,1.4277,1.5871,Normal,50.0,batch_5,0.5129999999999999,14.387643197023806,-3.997558980790057,32.77284537483767,36.77040435562773,False,False,False,0.3712568029761947,0.3712568029761947,0.0097126984126984,False,VERY_LOW,POINT_BELOW_LIMIT,0-10%
C09292,L5,DAC,125.49,1.804,11.9942,13.1114,13.706,13.9892,1.2381,1.3991,1.4237,1.5303,Normal,50.0,batch_5,1.1172000000000004,22.294324349503977,3.9091221716901146,40.67952652731784,36.770404355627726,False,False,False,-8.305124349503977,8.305124349503977,0.1165749818917465,False,VERY_LOW,POINT_BELOW_LIMIT,10-20%
C09293,L5,ASIC,126.37,1.218,11.131,12.6616,15.6989,35.8187,1.1319,1.3428,1.6964,4.4043,Sudden_Anomaly,50.0,batch_5,1.5305999999999995,42.22223818983518,23.83703601202132,60.60744036764905,36.77040435562773,False,True,False,-6.4035381898351815,6.4035381898351815,0.7963171839293259,True,HIGH,POINT_BELOW_LIMIT,70-80%
C09294,L5,FPGA,123.9,1.115,12.2644,12.3969,12.5221,12.691,1.3074,1.3182,1.313,1.2964,High_Stable,50.0,batch_5,0.1325000000000002,13.327940932898343,-5.057261244915519,31.71314311071221,36.770404355627726,False,False,False,-0.6369409328983426,0.6369409328983426,0.0100016483516483,False,VERY_LOW,POINT_BELOW_LIMIT,0-10%
C09295,L5,FPGA,124.36,1.105,11.3378,12.0928,13.2618,14.0448,1.2075,1.2548,1.3927,1.5451,Normal,50.0,batch_5,0.7550000000000008,16.415283116666657,-1.9699190611472053,34.800485294480524,36.77040435562773,False,False,False,-2.370483116666657,2.370483116666657,0.084469729986216,False,VERY_LOW,POINT_BELOW_LIMIT,0-10%
C09296,L5,FPGA,123.82,1.101,11.3353,12.0059,14.497,38.1574,1.1499,1.2422,1.5657,4.8162,Sudden_Anomaly,50.0,batch_5,0.6706000000000003,19.74298777902166,1.357785601207798,38.12818995683553,36.77040435562773,False,False,False,18.414412220978345,18.414412220978345,0.2635470929800819,False,LOW,POINT_BELOW_LIMIT,20-30%
C09297,L5,ASIC,124.63,1.234,11.7863,12.7729,13.0446,13.6523,1.2209,1.2923,1.3543,1.4566,Normal,50.0,batch_5,0.9865999999999993,19.25631570069444,0.8711135228805738,37.641517878508296,36.77040435562772,False,False,False,-5.604015700694436,5.604015700694436,0.0914251468775462,False,VERY_LOW,POINT_BELOW_LIMIT,0-10%
C09298,L5,ADC,123.87,1.812,11.7151,12.3781,12.5892,13.6688,1.2483,1.3147,1.3202,1.4243,Normal,50.0,batch_5,0.6630000000000003,15.065787589682545,-3.31941458813132,33.45098976749641,36.77040435562773,False,False,False,-1.396987589682544,1.396987589682544,0.0922987490064115,False,VERY_LOW,POINT_BELOW_LIMIT,0-10%
C09299,L5,ASIC,124.98,1.205,11.8586,13.0529,13.6556,14.2609,1.2473,1.3775,1.4428,1.4916,Normal,50.0,batch_5,1.1943,22.294052755681804,3.908850577867941,40.67925493349567,36.77040435562773,False,False,False,-8.033152755681805,8.033152755681805,0.2417895447969468,False,LOW,POINT_BELOW_LIMIT,20-30%
C09300,L5,ADC,124.27,1.814,11.4544,12.2222,12.9522,14.3865,1.1813,1.3018,1.3835,1.5291,Normal,50.0,batch_5,0.7678000000000011,18.945973952419124,0.5607717746052607,37.33117613023299,36.77040435562773,False,False,False,-4.559473952419124,4.559473952419124,0.1016890657391296,False,VERY_LOW,POINT_BELOW_LIMIT,10-20%
C09301,L5,FPGA,125.0,1.107,11.6124,11.7527,11.7087,11.6439,1.1985,1.2474,1.1512,1.2032,High_Stable,50.0,batch_5,0.1403000000000016,14.655271490376988,-3.729930687436875,33.04047366819085,36.770404355627726,False,False,False,-3.0113714903769875,3.0113714903769875,0.0759566110620458,False,VERY_LOW,POINT_BELOW_LIMIT,0-10%
C09302,L5,ADC,124.08,1.805,11.2157,12.4333,13.257,13.8797,1.1447,1.2976,1.4174,1.4848,Normal,50.0,batch_5,1.2175999999999991,24.33606353821247,5.9508613603986085,42.72126571602634,36.77040435562773,False,False,False,-10.456363538212472,10.456363538212472,0.3281659217810651,False,LOW,POINT_BELOW_LIMIT,30-40%
C09303,L5,ADC,125.02,1.78,12.1236,13.2211,13.8357,13.7254,1.2763,1.4325,1.4511,1.4531,Normal,50.0,batch_5,1.0975,20.61907180296717,2.2338696251533072,39.00427398078104,36.77040435562773,False,False,False,-6.8936718029671695,6.8936718029671695,0.1024341664871076,False,VERY_LOW,POINT_BELOW_LIMIT,10-20%
C09304,L5,FPGA,126.42,1.106,12.1473,12.2582,12.267,12.7576,1.2519,1.2405,1.2697,1.3515,High_Stable,50.0,batch_5,0.1109000000000008,12.914985122321442,-5.470217055492421,31.300187300135303,36.770404355627726,False,False,False,-0.1573851223214415,0.1573851223214415,0.0060487734487734,False,VERY_LOW,POINT_BELOW_LIMIT,0-10%
C09305,L5,ASIC,124.16,1.22,11.3356,11.9458,13.5847,14.7392,1.2021,1.2367,1.4713,1.5496,Normal,50.0,batch_5,0.6102000000000007,16.211169877430553,-2.1740323003833097,34.596372055244416,36.770404355627726,False,False,False,-1.4719698774305527,1.4719698774305527,0.0214124597624597,False,VERY_LOW,POINT_BELOW_LIMIT,0-10%
C09306,L5,DAC,126.41,1.799,13.0324,13.3257,13.5004,13.377,1.3857,1.3895,1.3936,1.4389,High_Stable,50.0,batch_5,0.2932999999999985,18.636483514980156,0.2512813371662901,37.021685692794016,36.770404355627726,False,False,False,-5.259483514980152,5.259483514980152,0.2007794923070388,False,LOW,POINT_BELOW_LIMIT,20-30%
C09307,L5,ASIC,124.7,1.209,12.3075,12.6646,12.9163,13.0598,1.2437,1.3286,1.3567,1.3717,High_Stable,50.0,batch_5,0.3571000000000008,14.84281244871032,-3.542389729103544,33.228014626524185,36.77040435562773,False,False,False,-1.7830124487103198,1.7830124487103198,0.031187135087135,False,VERY_LOW,POINT_BELOW_LIMIT,0-10%
C09308,L5,ASIC,125.26,1.191,11.3255,11.7061,12.8532,14.0621,1.1678,1.2658,1.3722,1.5073,Normal,50.0,batch_5,0.3805999999999994,15.27278671855158,-3.112415459262282,33.657988896365445,36.770404355627726,False,False,False,-1.2106867185515815,1.2106867185515815,0.0792255306784718,False,VERY_LOW,POINT_BELOW_LIMIT,0-10%
C09309,L5,DAC,124.36,1.808,11.8537,11.9321,11.9776,12.0118,1.233,1.2561,1.1892,1.2558,High_Stable,50.0,batch_5,0.0784000000000002,12.7639168901425,-5.621285287671363,31.149119067956363,36.770404355627726,False,False,False,-0.752116890142501,0.752116890142501,0.0139095238095238,False,VERY_LOW,POINT_BELOW_LIMIT,0-10%
C09310,L5,FPGA,125.73,1.093,11.4417,12.4849,13.7849,14.8324,1.2195,1.28,1.4425,1.6258,Normal,50.0,batch_5,1.0431999999999988,18.066551687160597,-0.318650490653269,36.45175386497446,36.770404355627726,False,False,False,-3.234151687160594,3.234151687160594,0.1482710075446008,False,VERY_LOW,POINT_BELOW_LIMIT,10-20%
C09311,L5,ASIC,125.02,1.194,11.2224,12.0566,13.0511,13.2497,1.1402,1.2694,1.385,1.4312,Normal,50.0,batch_5,0.8341999999999992,15.427321181746038,-2.957880996067825,33.812523359559904,36.77040435562773,False,False,False,-2.177621181746037,2.177621181746037,0.058680565866549,False,VERY_LOW,POINT_BELOW_LIMIT,0-10%
C09312,L5,DAC,125.6,1.819,12.3744,13.1906,14.1478,15.5697,1.3215,1.3936,1.5148,1.6963,Normal,50.0,batch_5,0.8162000000000003,17.533415925920536,-0.8517862518933264,35.9186181037344,36.77040435562773,False,False,False,-1.9637159259205368,1.9637159259205368,0.0699795368060287,False,VERY_LOW,POINT_BELOW_LIMIT,0-10%
C09313,L5,ASIC,123.63,1.201,11.4137,11.9526,12.2925,13.2451,1.2169,1.2222,1.3022,1.3881,Normal,50.0,batch_5,0.5388999999999999,15.946296117261904,-2.4389060605519592,34.33149829507577,36.770404355627726,False,False,False,-2.701196117261903,2.701196117261903,0.0853734515484515,False,VERY_LOW,POINT_BELOW_LIMIT,0-10%
C09314,L5,DAC,124.47,1.785,12.0051,12.223,12.3793,13.4782,1.2693,1.2626,1.3021,1.4461,Normal,50.0,batch_5,0.2179000000000002,13.53491265218254,-4.850289525631322,31.920114829996404,36.770404355627726,False,False,False,-0.0567126521825418,0.0567126521825418,0.010135409035409,False,VERY_LOW,POINT_BELOW_LIMIT,0-10%
C09315,L5,FPGA,125.78,1.098,11.5415,12.3808,13.8866,15.1674,1.2036,1.2911,1.4511,1.6313,Normal,50.0,batch_5,0.8393000000000015,16.850840140277757,-1.5343620375361056,35.23604231809162,36.770404355627726,False,False,False,-1.6834401402777566,1.6834401402777566,0.0349878346799399,False,VERY_LOW,POINT_BELOW_LIMIT,0-10%
C09316,L5,ADC,122.94,1.796,11.4276,11.8719,12.4967,13.2805,1.2292,1.228,1.2622,1.434,Normal,50.0,batch_5,0.4443000000000001,17.498522363095233,-0.8866798147186294,35.8837245409091,36.77040435562773,False,False,False,-4.218022363095233,4.218022363095233,0.1510284256678993,False,LOW,POINT_BELOW_LIMIT,10-20%
C09317,L5,ADC,124.28,1.802,12.4289,12.5685,13.3574,14.2391,1.2814,1.3092,1.3897,1.5243,Normal,50.0,batch_5,0.1395999999999997,13.04305008419844,-5.342152093615423,31.4282522620123,36.770404355627726,False,False,False,1.1960499158015612,1.1960499158015612,0.0093225108225108,False,VERY_LOW,POINT_BELOW_LIMIT,0-10%
C09318,L5,ADC,124.52,1.806,12.1323,12.4893,12.5247,12.678,1.2781,1.2707,1.349,1.3461,High_Stable,50.0,batch_5,0.3569999999999993,15.83683158749999,-2.5483705903138727,34.22203376531385,36.770404355627726,False,False,False,-3.1588315874999893,3.1588315874999893,0.0140745670995671,False,VERY_LOW,POINT_BELOW_LIMIT,0-10%
C09319,L5,FPGA,125.06,1.114,11.8696,13.596,15.9628,29.2973,1.2455,1.4317,1.7236,3.4935,Sudden_Anomaly,50.0,batch_5,1.7264,36.90439295698956,18.5191907791757,55.28959513480342,36.77040435562772,False,True,False,-7.607092956989561,7.607092956989561,0.7875311606295522,True,HIGH,POINT_BELOW_LIMIT,70-80%
C09320,L5,ADC,125.54,1.797,12.5787,13.3608,14.6174,14.3661,1.2783,1.4464,1.5801,1.5116,Normal,50.0,batch_5,0.7820999999999998,20.663996472619043,2.2787942948051807,39.049198650432906,36.770404355627726,False,False,False,-6.297896472619044,6.297896472619044,0.1050946771408845,False,VERY_LOW,POINT_BELOW_LIMIT,10-20%
C09321,L5,ASIC,124.77,1.196,11.5701,12.6069,13.1748,14.0745,1.2745,1.3221,1.3883,1.5685,Normal,50.0,batch_5,1.0367999999999995,18.153050816346152,-0.2321513614677108,36.53825299416002,36.77040435562773,False,False,False,-4.078550816346152,4.078550816346152,0.1464018212265889,False,VERY_LOW,POINT_BELOW_LIMIT,10-20%
C09322,L5,DAC,124.59,1.805,11.7321,12.3744,12.9165,13.7675,1.2446,1.2516,1.3601,1.4592,Normal,50.0,batch_5,0.6422999999999988,16.138869164186502,-2.2463330136273605,34.52407134200037,36.77040435562773,False,False,False,-2.3713691641865022,2.3713691641865022,0.0542982115923292,False,VERY_LOW,POINT_BELOW_LIMIT,0-10%
C09323,L5,FPGA,124.79,1.097,12.069,12.518,13.078,13.4401,1.293,1.3598,1.3833,1.4165,Normal,50.0,batch_5,0.4489999999999998,17.136869296031733,-1.2483328817821295,35.5220714738456,36.77040435562773,False,False,False,-3.696769296031734,3.696769296031734,0.0247099567099567,False,VERY_LOW,POINT_BELOW_LIMIT,0-10%
C09324,L5,ASIC,124.62,1.198,11.2283,12.1087,12.8163,14.1989,1.1741,1.2847,1.2896,1.518,Normal,50.0,batch_5,0.8803999999999998,16.113626789814447,-2.271575387999416,34.49882896762831,36.77040435562773,False,False,False,-1.9147267898144469,1.9147267898144469,0.127463445040347,False,VERY_LOW,POINT_BELOW_LIMIT,10-20%
C09325,L5,ASIC,125.5,1.208,11.1682,12.3704,13.0108,13.3645,1.162,1.2704,1.3564,1.4058,Normal,50.0,batch_5,1.2021999999999995,19.64496678561508,1.2597646078012197,38.03016896342895,36.77040435562773,False,False,False,-6.280466785615083,6.280466785615083,0.0813561726615616,False,VERY_LOW,POINT_BELOW_LIMIT,0-10%
C09326,L5,ADC,124.31,1.817,12.0088,12.4591,13.2027,14.0915,1.278,1.2605,1.3704,1.5164,Normal,50.0,batch_5,0.4502999999999986,15.132640579067452,-3.2525615987464107,33.517842756881315,36.770404355627726,False,False,False,-1.0411405790674522,1.0411405790674522,0.0514848688892806,False,VERY_LOW,POINT_BELOW_LIMIT,0-10%
C09327,L5,ASIC,125.01,1.223,11.5443,11.8051,12.5497,13.7025,1.2421,1.2377,1.3416,1.4644,Normal,50.0,batch_5,0.2607999999999997,14.527396297646114,-3.857805880167749,32.91259847545997,36.77040435562772,False,False,False,-0.8248962976461129,0.8248962976461129,0.1004136981181873,False,VERY_LOW,POINT_BELOW_LIMIT,10-20%
C09328,L5,FPGA,124.19,1.083,11.5613,12.8578,15.5032,21.1059,1.2243,1.3218,1.6557,2.3466,Latent_Defect,50.0,batch_5,1.2965,23.94708214563491,5.561879967821046,42.332284323448775,36.77040435562773,False,False,False,-2.8411821456349102,2.8411821456349102,0.3279634435627639,False,LOW,POINT_BELOW_LIMIT,30-40%
C09329,L5,FPGA,126.54,1.109,11.4364,12.1572,13.081,14.1355,1.1831,1.2784,1.4075,1.5174,Normal,50.0,batch_5,0.7207999999999988,15.974863236424394,-2.410338941389469,34.36006541423826,36.770404355627726,False,False,False,-1.8393632364243933,1.8393632364243933,0.1116111870585554,False,VERY_LOW,POINT_BELOW_LIMIT,10-20%
C09330,L5,ASIC,124.46,1.205,11.6271,12.273,12.3713,12.9616,1.2129,1.3043,1.3323,1.3577,Normal,50.0,batch_5,0.6458999999999993,17.11006032469714,-1.2751418531167218,35.495262502511004,36.770404355627726,False,False,False,-4.14846032469714,4.14846032469714,0.0414497347423818,False,VERY_LOW,POINT_BELOW_LIMIT,0-10%
C09331,L5,ASIC,125.15,1.207,11.3686,12.2074,16.6724,22.0514,1.1782,1.2753,1.7979,2.5182,Latent_Defect,50.0,batch_5,0.8387999999999991,15.352416818312944,-3.0327853595009184,33.737618996126805,36.770404355627726,False,False,False,6.698983181687057,6.698983181687057,0.0416789099789099,False,VERY_LOW,POINT_BELOW_LIMIT,0-10%
C09332,L5,DAC,124.79,1.817,12.0471,13.3909,16.1067,20.56,1.2842,1.4289,1.7718,2.2585,Latent_Defect,50.0,batch_5,1.3438,30.62298504236112,12.237782864547256,49.00818722017498,36.770404355627726,False,False,False,-10.06298504236112,10.06298504236112,0.4711613059343102,False,MEDIUM,POINT_BELOW_LIMIT,40-50%
C09333,L5,FPGA,124.61,1.087,11.6438,12.59,13.115,14.6749,1.2432,1.2944,1.3808,1.5571,Normal,50.0,batch_5,0.9461999999999992,20.055222557065854,1.6700203792519908,38.44042473487971,36.77040435562772,False,False,False,-5.380322557065854,5.380322557065854,0.1166511986379633,False,VERY_LOW,POINT_BELOW_LIMIT,10-20%
C09334,L5,ADC,125.22,1.803,11.6034,12.8781,13.7951,14.1573,1.2106,1.3525,1.4596,1.4675,Normal,50.0,batch_5,1.2746999999999993,22.67105319737555,4.285851019561687,41.05625537518941,36.77040435562772,False,False,False,-8.51375319737555,8.51375319737555,0.2544454174080804,False,LOW,POINT_BELOW_LIMIT,20-30%
C09335,L5,ADC,124.54,1.827,10.8266,11.2884,11.7942,12.464,1.1152,1.1553,1.2858,1.3075,Normal,50.0,batch_5,0.4618000000000002,16.12748840820424,-2.257713769609623,34.5126905860181,36.770404355627726,False,False,False,-3.66348840820424,3.66348840820424,0.059054587079587,False,VERY_LOW,POINT_BELOW_LIMIT,0-10%
C09336,L5,FPGA,126.93,1.102,11.3678,12.0204,12.7137,13.2937,1.2106,1.2503,1.3828,1.4348,Normal,50.0,batch_5,0.6525999999999996,18.004890336644454,-0.3803118411694086,36.39009251445832,36.770404355627726,False,False,False,-4.711190336644455,4.711190336644455,0.1725110220956784,False,LOW,POINT_BELOW_LIMIT,10-20%
C09337,L5,DAC,124.89,1.791,12.2982,13.9942,16.7842,23.6924,1.2818,1.5018,1.7901,2.6963,Latent_Defect,50.0,batch_5,1.6959999999999995,39.06223527575544,20.677033097941575,57.44743745356931,36.77040435562773,False,True,False,-15.369835275755442,15.369835275755442,0.7627323689356367,True,HIGH,POINT_BELOW_LIMIT,70-80%
C09338,L5,ASIC,126.17,1.197,10.8076,12.1471,12.7653,13.6624,1.0761,1.2233,1.2817,1.4671,Normal,50.0,batch_5,1.3394999999999992,31.50650440930914,13.121302231495278,49.89170658712301,36.770404355627726,False,False,False,-17.84410440930914,17.84410440930914,0.4607277835557901,False,MEDIUM,POINT_BELOW_LIMIT,40-50%
C09339,L5,DAC,125.29,1.792,12.1873,13.2911,15.3542,23.308,1.2499,1.4218,1.6451,2.6618,Latent_Defect,50.0,batch_5,1.1037999999999997,22.368117165972247,3.982914988158385,40.75331934378611,36.770404355627726,False,False,False,0.9398828340277524,0.9398828340277524,0.1301753951901784,False,VERY_LOW,POINT_BELOW_LIMIT,10-20%
C09340,L5,DAC,125.96,1.801,12.2281,13.1408,14.0321,14.2333,1.2939,1.4061,1.4757,1.5247,Normal,50.0,batch_5,0.912700000000001,21.91609889943244,3.5308967216185785,40.30130107724631,36.77040435562773,False,False,False,-7.682798899432441,7.682798899432441,0.2529844462992274,False,LOW,POINT_BELOW_LIMIT,20-30%
C09341,L5,ADC,124.53,1.805,12.0161,13.438,14.7299,36.5977,1.2577,1.3716,1.5494,4.5275,Sudden_Anomaly,50.0,batch_5,1.4219000000000008,34.95575239801586,16.570550220201998,53.34095457582973,36.77040435562773,False,True,False,1.6419476019841426,1.6419476019841426,0.5958448192301904,True,MEDIUM,POINT_BELOW_LIMIT,50-60%
C09342,L5,FPGA,123.97,1.135,11.6355,12.3688,13.4969,14.4725,1.1971,1.3195,1.4277,1.4934,Normal,50.0,batch_5,0.7332999999999998,17.37277042251984,-1.012431755294024,35.7579726003337,36.770404355627726,False,False,False,-2.9002704225198386,2.9002704225198386,0.127362589829422,False,VERY_LOW,POINT_BELOW_LIMIT,10-20%
C09343,L5,ASIC,125.17,1.213,11.6569,12.7247,13.7777,14.2834,1.1979,1.3061,1.4822,1.4771,Normal,50.0,batch_5,1.0678,20.45041260902778,2.065210431213917,38.835614786841646,36.77040435562773,False,False,False,-6.167012609027779,6.167012609027779,0.2023887242330952,False,LOW,POINT_BELOW_LIMIT,20-30%
C09344,L5,ASIC,123.34,1.191,11.6692,12.54,13.1601,14.1782,1.2002,1.3107,1.3792,1.5015,Normal,50.0,batch_5,0.8707999999999991,20.835696558459585,2.450494380645722,39.22089873627345,36.770404355627726,False,False,False,-6.657496558459584,6.657496558459584,0.2308455137401597,False,LOW,POINT_BELOW_LIMIT,20-30%
C09345,L5,FPGA,126.21,1.114,11.667,12.6043,13.5286,14.5581,1.2052,1.3416,1.467,1.5874,Normal,50.0,batch_5,0.9373000000000004,16.774360273710318,-1.6108419041035449,35.15956245152418,36.770404355627726,False,False,False,-2.2162602737103185,2.2162602737103185,0.0508969912582444,False,VERY_LOW,POINT_BELOW_LIMIT,0-10%
C09346,L5,ASIC,125.0,1.208,11.6911,12.2246,13.1288,15.0754,1.2427,1.2448,1.3524,1.5796,Normal,50.0,batch_5,0.5335000000000001,15.524341779960311,-2.860860397853552,33.909543957774176,36.770404355627726,False,False,False,-0.448941779960311,0.448941779960311,0.0651111599271042,False,VERY_LOW,POINT_BELOW_LIMIT,0-10%
C09347,L5,FPGA,125.96,1.071,11.3605,12.0301,12.8617,13.8828,1.1807,1.2607,1.3117,1.4516,Normal,50.0,batch_5,0.6695999999999991,18.386931976289688,0.0017297984758251,36.772134154103554,36.77040435562773,False,False,False,-4.504131976289688,4.504131976289688,0.3119867822129161,False,LOW,POINT_BELOW_LIMIT,30-40%
C09348,L5,ADC,125.91,1.785,11.3686,12.7384,15.8023,22.15,1.1599,1.3569,1.696,2.4748,Latent_Defect,50.0,batch_5,1.3697999999999997,28.953604063392863,10.568401885579004,47.338806241206726,36.77040435562772,False,False,False,-6.803604063392868,6.803604063392868,0.572321940196077,True,MEDIUM,POINT_BELOW_LIMIT,50-60%
C09349,L5,DAC,124.38,1.799,12.2166,13.7082,18.449,58.5568,1.2739,1.4775,2.0243,8.2773,Absolute_Failure,50.0,batch_5,1.4916,35.282687875350454,16.89748569753659,53.66789005316432,36.77040435562772,False,True,True,23.274112124649548,23.274112124649548,0.6403455580976956,True,MEDIUM,POINT_BELOW_LIMIT,60-70%
C09350,L5,DAC,124.56,1.804,11.7918,11.9684,11.8661,11.9018,1.2409,1.2786,1.2552,1.1993,High_Stable,50.0,batch_5,0.1766000000000005,13.85931400105519,-4.525888176758674,32.24451617886905,36.77040435562772,False,False,False,-1.9575140010551892,1.9575140010551892,0.041044757615965,False,VERY_LOW,POINT_BELOW_LIMIT,0-10%
C09351,L5,FPGA,124.89,1.08,11.2978,12.1847,12.4961,13.3926,1.135,1.2811,1.3523,1.439,Normal,50.0,batch_5,0.8868999999999989,18.802403708307992,0.417201530494129,37.18760588612186,36.77040435562773,False,False,False,-5.409803708307992,5.409803708307992,0.255216090579776,False,LOW,POINT_BELOW_LIMIT,20-30%
C09352,L5,FPGA,126.55,1.089,11.4747,11.8818,11.8525,13.2296,1.2147,1.2555,1.2484,1.3929,Normal,50.0,batch_5,0.4070999999999998,17.040707981694716,-1.3444941961191468,35.425910159508575,36.77040435562772,False,False,False,-3.811107981694717,3.811107981694717,0.0798308880661821,False,VERY_LOW,POINT_BELOW_LIMIT,0-10%
C09353,L5,ASIC,125.21,1.2,11.3671,11.7191,12.3612,13.508,1.2032,1.2272,1.2867,1.4115,Normal,50.0,batch_5,0.3519999999999985,14.455395723809527,-3.929806454004336,32.84059790162339,36.770404355627726,False,False,False,-0.947395723809528,0.947395723809528,0.0415061977238447,False,VERY_LOW,POINT_BELOW_LIMIT,0-10%
C09354,L5,ASIC,125.41,1.191,11.3644,13.1773,17.7505,24.0291,1.1756,1.3698,1.9102,2.6903,Latent_Defect,50.0,batch_5,1.8129000000000008,36.76240033164683,18.377198153832968,55.1476025094607,36.77040435562773,False,True,False,-12.73330033164683,12.73330033164683,0.6937722177894651,True,MEDIUM,POINT_BELOW_LIMIT,60-70%
C09355,L5,ADC,124.98,1.819,12.1613,12.8629,14.1892,37.4689,1.2924,1.3946,1.505,4.6666,Sudden_Anomaly,50.0,batch_5,0.7015999999999991,17.748058211507935,-0.6371439663059277,36.1332603893218,36.770404355627726,False,False,False,19.720841788492063,19.720841788492063,0.0830702248388007,False,VERY_LOW,POINT_BELOW_LIMIT,0-10%
C09356,L5,ADC,123.48,1.833,11.6852,12.2464,13.4841,14.0695,1.2162,1.3015,1.3777,1.5027,Normal,50.0,batch_5,0.5611999999999995,18.72391953918652,0.3387173613726553,37.10912171700038,36.77040435562772,False,False,False,-4.654419539186518,4.654419539186518,0.0867845397292765,False,VERY_LOW,POINT_BELOW_LIMIT,0-10%
C09357,L5,FPGA,125.97,1.078,11.3777,13.3819,17.7737,22.9938,1.2183,1.3971,1.951,2.6009,Latent_Defect,50.0,batch_5,2.004199999999999,39.100285760921736,20.715083583107877,57.4854879387356,36.77040435562773,False,True,False,-16.106485760921736,16.106485760921736,0.757063545243171,True,HIGH,POINT_BELOW_LIMIT,70-80%
C09358,L5,FPGA,126.02,1.101,11.3327,12.4554,13.3131,13.5025,1.1992,1.283,1.3689,1.3845,Normal,50.0,batch_5,1.1226999999999985,19.42828493869048,1.0430827608766151,37.81348711650434,36.770404355627726,False,False,False,-5.925784938690478,5.925784938690478,0.2421070248696061,False,LOW,POINT_BELOW_LIMIT,20-30%
C09359,L5,ADC,125.29,1.809,12.0766,12.8391,13.3992,14.126,1.2372,1.3522,1.4327,1.455,Normal,50.0,batch_5,0.7625000000000011,16.22018177202381,-2.1650204057900524,34.60538394983767,36.770404355627726,False,False,False,-2.094181772023811,2.094181772023811,0.0585380119880119,False,VERY_LOW,POINT_BELOW_LIMIT,0-10%
C09360,L5,ADC,125.32,1.804,11.4561,12.1686,12.8199,13.7108,1.1957,1.2811,1.3477,1.4713,Normal,50.0,batch_5,0.7125000000000004,16.751787502579365,-1.6334146752344978,35.13698968039323,36.770404355627726,False,False,False,-3.040987502579364,3.040987502579364,0.1142840090954797,False,VERY_LOW,POINT_BELOW_LIMIT,10-20%
C09361,L5,ADC,124.7,1.81,11.8344,13.2341,15.588,20.6616,1.229,1.4043,1.6397,2.3337,Latent_Defect,50.0,batch_5,1.3996999999999993,31.08094469275791,12.695742514944047,49.46614687057178,36.77040435562773,False,False,False,-10.41934469275791,10.41934469275791,0.5052026572722083,True,MEDIUM,POINT_BELOW_LIMIT,50-60%
C09362,L5,FPGA,123.94,1.104,11.9854,12.5332,13.6088,14.2437,1.27,1.2969,1.4371,1.5235,Normal,50.0,batch_5,0.5478000000000005,17.337846819886362,-1.0473553579275006,35.723048997700225,36.770404355627726,False,False,False,-3.0941468198863618,3.0941468198863618,0.0352933700802121,False,VERY_LOW,POINT_BELOW_LIMIT,0-10%
C09363,L5,ASIC,125.68,1.19,11.0822,11.3493,12.6328,13.6004,1.1675,1.2051,1.3279,1.4409,Normal,50.0,batch_5,0.2670999999999992,16.474187508618012,-1.9110146691958505,34.859389686431875,36.770404355627726,False,False,False,-2.873787508618012,2.873787508618012,0.1423686885869547,False,VERY_LOW,POINT_BELOW_LIMIT,10-20%
C09364,L5,ASIC,125.66,1.194,11.7062,12.0399,12.8172,14.4205,1.2809,1.2375,1.3316,1.5404,Normal,50.0,batch_5,0.3336999999999985,15.826378215025258,-2.5588239627886047,34.211580392839124,36.77040435562773,False,False,False,-1.4058782150252576,1.4058782150252576,0.0581549331387566,False,VERY_LOW,POINT_BELOW_LIMIT,0-10%
C09365,L5,ASIC,124.23,1.211,10.8559,11.6908,12.9177,14.1923,1.1547,1.2232,1.3665,1.5015,Normal,50.0,batch_5,0.8348999999999993,16.249163038194446,-2.1360391396194167,34.634365216008305,36.77040435562772,False,False,False,-2.0568630381944466,2.0568630381944466,0.1030315381780242,False,VERY_LOW,POINT_BELOW_LIMIT,10-20%
C09366,L5,FPGA,124.52,1.083,11.1439,11.6413,12.0776,12.7828,1.1372,1.2351,1.2831,1.3005,Normal,50.0,batch_5,0.4973999999999989,15.815216694146834,-2.569985483667029,34.20041887196069,36.77040435562772,False,False,False,-3.032416694146834,3.032416694146834,0.1262511903301376,False,VERY_LOW,POINT_BELOW_LIMIT,10-20%
C09367,L5,FPGA,124.71,1.092,12.0729,12.2957,12.6437,13.0603,1.2571,1.2873,1.3218,1.3444,High_Stable,50.0,batch_5,0.2227999999999994,13.798243080104609,-4.586959097709256,32.18344525791847,36.770404355627726,False,False,False,-0.737943080104607,0.737943080104607,0.0043,False,VERY_LOW,POINT_BELOW_LIMIT,0-10%
C09368,L5,FPGA,125.86,1.089,11.1608,11.7089,12.9316,13.7894,1.1359,1.2231,1.3282,1.4577,Normal,50.0,batch_5,0.5480999999999998,16.158491495331464,-2.2267106824823983,34.54369367314533,36.770404355627726,False,False,False,-2.369091495331464,2.369091495331464,0.1435081688521316,False,VERY_LOW,POINT_BELOW_LIMIT,10-20%
C09369,L5,ADC,124.22,1.828,11.9432,13.9091,21.4565,55.9883,1.252,1.5065,2.4222,7.8301,Absolute_Failure,50.0,batch_5,1.965900000000001,41.94569126975105,23.56048909193719,60.33089344756492,36.77040435562773,False,True,True,14.04260873024895,14.04260873024895,0.8347318652510297,True,HIGH,POINT_BELOW_LIMIT,80-90%
C09370,L5,ADC,124.41,1.835,11.4737,11.941,12.309,14.0983,1.1901,1.2475,1.2816,1.5372,Normal,50.0,batch_5,0.4673000000000016,16.986282646726195,-1.3989195310876674,35.37148482454006,36.77040435562773,False,False,False,-2.8879826467261958,2.8879826467261958,0.0360876734376734,False,VERY_LOW,POINT_BELOW_LIMIT,0-10%
C09371,L5,ASIC,124.36,1.211,11.2631,11.4674,11.5208,11.4344,1.1495,1.2072,1.2433,1.2084,High_Stable,50.0,batch_5,0.2042999999999999,15.343097771329353,-3.04210440648451,33.728299949143214,36.770404355627726,False,False,False,-3.908697771329353,3.908697771329353,0.0829629965665569,False,VERY_LOW,POINT_BELOW_LIMIT,0-10%
C09372,L5,FPGA,122.98,1.097,11.8385,12.4767,13.3379,13.6436,1.2005,1.3166,1.4028,1.4313,Normal,50.0,batch_5,0.6381999999999994,16.868067002413554,-1.517135175400309,35.25326918022742,36.77040435562773,False,False,False,-3.2244670024135544,3.2244670024135544,0.1946018118650168,False,LOW,POINT_BELOW_LIMIT,10-20%
C09373,L5,ADC,124.95,1.819,11.6139,12.6368,13.7754,14.9139,1.2101,1.3265,1.5063,1.5894,Normal,50.0,batch_5,1.0229,18.23794887063492,-0.1472533071789463,36.623151048448776,36.77040435562772,False,False,False,-3.3240488706349165,3.3240488706349165,0.1676539096141889,False,LOW,POINT_BELOW_LIMIT,10-20%
C09374,L5,FPGA,125.59,1.124,11.5012,13.3115,21.1834,56.8434,1.1949,1.4238,2.4108,7.9121,Absolute_Failure,50.0,batch_5,1.8103,27.470471485302177,9.085269307488314,45.85567366311604,36.77040435562772,False,False,True,29.372928514697826,29.372928514697826,0.4079532176461611,False,MEDIUM,POINT_BELOW_LIMIT,40-50%
C09375,L5,DAC,125.52,1.807,12.0394,13.0748,13.11,14.0132,1.2761,1.3431,1.3912,1.5065,Normal,50.0,batch_5,1.0353999999999992,21.147735895337306,2.7625337175234392,39.532938073151165,36.770404355627726,False,False,False,-7.134535895337303,7.134535895337303,0.1954584467638969,False,LOW,POINT_BELOW_LIMIT,10-20%
C09376,L5,ADC,124.72,1.814,12.01,12.6061,13.8374,14.7974,1.2763,1.3328,1.4816,1.5733,Normal,50.0,batch_5,0.5960999999999999,17.212805518749995,-1.1723966590638677,35.598007696563855,36.77040435562772,False,False,False,-2.415405518749996,2.415405518749996,0.0914735934000639,False,VERY_LOW,POINT_BELOW_LIMIT,0-10%
C09377,L5,FPGA,125.31,1.117,11.5781,12.0173,13.3984,14.6078,1.2759,1.2571,1.4376,1.5583,Normal,50.0,batch_5,0.4392000000000013,15.221691177299633,-3.16351100051423,33.6068933551135,36.77040435562773,False,False,False,-0.6138911772996334,0.6138911772996334,0.1185375076419967,False,VERY_LOW,POINT_BELOW_LIMIT,10-20%
C09378,L5,DAC,125.15,1.788,11.9025,13.3901,14.6462,29.4578,1.2508,1.4271,1.521,3.4664,Sudden_Anomaly,50.0,batch_5,1.4876000000000005,32.976607054960326,14.591404877146465,51.36180923277419,36.77040435562773,False,True,False,-3.5188070549603268,3.5188070549603268,0.6465548476457614,True,MEDIUM,POINT_BELOW_LIMIT,60-70%
C09379,L5,ADC,124.65,1.783,11.7565,12.5522,12.7802,14.328,1.2292,1.2967,1.3885,1.5282,Normal,50.0,batch_5,0.7956999999999983,18.03116004816918,-0.3540421296446823,36.41636222598304,36.770404355627726,False,False,False,-3.703160048169181,3.703160048169181,0.0866410851331904,False,VERY_LOW,POINT_BELOW_LIMIT,0-10%
C09380,L5,FPGA,124.01,1.119,11.0541,12.048,12.5523,13.2127,1.1256,1.2585,1.3478,1.3855,Normal,50.0,batch_5,0.9939,19.53662011267724,1.1514179348633782,37.92182229049111,36.77040435562773,False,False,False,-6.323920112677241,6.323920112677241,0.149855739359127,False,VERY_LOW,POINT_BELOW_LIMIT,10-20%
C09381,L5,FPGA,124.08,1.095,11.0039,11.7445,12.6168,13.1936,1.1237,1.209,1.3319,1.3752,Normal,50.0,batch_5,0.7406000000000006,16.005337769537817,-2.3798644082760454,34.390539947351684,36.77040435562773,False,False,False,-2.8117377695378174,2.8117377695378174,0.1258297198857036,False,VERY_LOW,POINT_BELOW_LIMIT,10-20%
C09382,L5,FPGA,127.09,1.082,11.9486,14.023,17.802,24.7079,1.2364,1.464,1.9425,2.8288,Latent_Defect,50.0,batch_5,2.074399999999999,42.45080248095236,24.0656003031385,60.83600465876623,36.77040435562773,False,True,False,-17.742902480952363,17.742902480952363,0.8576776421408167,True,HIGH,POINT_BELOW_LIMIT,80-90%
C09383,L5,ADC,124.36,1.801,11.3799,12.9609,14.764,27.903,1.1397,1.3376,1.5901,3.2728,Sudden_Anomaly,50.0,batch_5,1.5810000000000013,41.284568933649,22.899366755835132,59.66977111146287,36.77040435562773,False,True,False,-13.381568933649,13.381568933649,0.7938270599602512,True,HIGH,POINT_BELOW_LIMIT,70-80%
C09384,L5,ASIC,125.59,1.182,10.7305,11.7598,12.2131,13.1851,1.1237,1.2229,1.2876,1.3894,Normal,50.0,batch_5,1.029300000000001,16.068391819464274,-2.3168103583495885,34.45359399727813,36.77040435562772,False,False,False,-2.883291819464274,2.883291819464274,0.1374649863553585,False,VERY_LOW,POINT_BELOW_LIMIT,10-20%
C09385,L5,ASIC,123.47,1.189,11.9899,13.173,17.2821,24.4185,1.2767,1.3857,1.9189,2.7812,Latent_Defect,50.0,batch_5,1.1830999999999996,20.160504589781738,1.7753024119678749,38.5457067675956,36.77040435562773,False,False,False,4.257995410218264,4.257995410218264,0.0756653884127568,False,VERY_LOW,POINT_BELOW_LIMIT,0-10%
C09386,L5,ADC,123.69,1.789,11.58,12.2271,14.413,27.5707,1.2232,1.2845,1.4846,3.2246,Sudden_Anomaly,50.0,batch_5,0.6471,15.687600201190486,-2.6976019766233765,34.07280237900435,36.770404355627726,False,False,False,11.883099798809512,11.883099798809512,0.0261885722773958,False,VERY_LOW,POINT_BELOW_LIMIT,0-10%
C09387,L5,DAC,124.03,1.755,12.4233,14.636,22.9695,57.3164,1.3034,1.5556,2.6242,8.0965,Absolute_Failure,50.0,batch_5,2.2127,50.48424355654756,32.0990413787337,68.86944573436142,36.77040435562772,True,True,True,6.83215644345244,6.83215644345244,0.9373467066618942,True,HIGH,POINT_ABOVE_LIMIT,90-100%
C09388,L5,DAC,125.65,1.799,12.1473,13.2276,13.7763,14.2142,1.2655,1.4174,1.4469,1.5083,Normal,50.0,batch_5,1.0803000000000011,19.43821795496032,1.0530157771464594,37.82342013277419,36.77040435562773,False,False,False,-5.224017954960322,5.224017954960322,0.1849662570571071,False,LOW,POINT_BELOW_LIMIT,10-20%
C09389,L5,FPGA,126.42,1.112,11.5636,12.3523,13.0654,13.8612,1.1895,1.2898,1.3858,1.4793,Normal,50.0,batch_5,0.7887000000000004,15.597168220948213,-2.7880339568656503,33.98237039876207,36.77040435562772,False,False,False,-1.7359682209482123,1.7359682209482123,0.0553907242515938,False,VERY_LOW,POINT_BELOW_LIMIT,0-10%
C09390,L5,FPGA,126.09,1.105,11.0739,12.3137,12.9618,13.519,1.1547,1.2668,1.3947,1.4178,Normal,50.0,batch_5,1.239800000000001,19.847279926686497,1.462077748872634,38.23248210450036,36.77040435562773,False,False,False,-6.328279926686497,6.328279926686497,0.3415082580532739,False,LOW,POINT_BELOW_LIMIT,30-40%
C09391,L5,FPGA,125.39,1.092,11.7212,13.0354,19.35,55.7701,1.2557,1.3505,2.1416,7.7684,Absolute_Failure,50.0,batch_5,1.3141999999999996,22.8515819068182,4.466379729004338,41.23678408463206,36.770404355627726,False,False,True,32.9185180931818,32.9185180931818,0.2205742307743854,False,LOW,POINT_BELOW_LIMIT,20-30%
C09392,L5,ASIC,126.05,1.213,11.9428,12.1436,12.31,12.7642,1.231,1.2409,1.2991,1.345,High_Stable,50.0,batch_5,0.2007999999999992,14.035876428544368,-4.349325749269495,32.42107860635823,36.770404355627726,False,False,False,-1.2716764285443674,1.2716764285443674,0.081493081187818,False,VERY_LOW,POINT_BELOW_LIMIT,0-10%
C09393,L5,FPGA,124.8,1.094,11.8278,13.1609,13.5065,14.653,1.2828,1.377,1.5005,1.5704,Normal,50.0,batch_5,1.3331,27.598492965674605,9.213290787860744,45.98369514348847,36.770404355627726,False,False,False,-12.945492965674603,12.945492965674603,0.3841076792776178,False,LOW,POINT_BELOW_LIMIT,30-40%
C09394,L5,FPGA,125.35,1.078,11.3015,12.2575,13.1241,13.4297,1.1628,1.2891,1.3884,1.4235,Normal,50.0,batch_5,0.9559999999999996,17.905868680776177,-0.4793334970376861,36.29107085859004,36.770404355627726,False,False,False,-4.476168680776176,4.476168680776176,0.2718351756090784,False,LOW,POINT_BELOW_LIMIT,20-30%
C09395,L5,FPGA,125.45,1.087,11.2872,13.6438,23.2475,51.1453,1.1567,1.4327,2.6321,6.9615,Absolute_Failure,50.0,batch_5,2.3566000000000003,52.52457793303565,34.13937575522179,70.90978011084951,36.77040435562772,True,True,True,-1.3792779330356524,1.3792779330356524,0.9782435459964872,True,HIGH,POINT_ABOVE_LIMIT,90-100%
C09396,L5,DAC,125.67,1.843,12.7084,13.471,14.187,15.2179,1.3418,1.4212,1.5013,1.6394,Normal,50.0,batch_5,0.7626000000000008,19.217073923364037,0.8318717455501705,37.60227610117789,36.77040435562772,False,False,False,-3.999173923364033,3.999173923364033,0.1393277772880713,False,VERY_LOW,POINT_BELOW_LIMIT,10-20%
C09397,L5,ADC,123.38,1.795,12.1376,12.323,12.5501,12.8864,1.2469,1.2967,1.3236,1.3482,High_Stable,50.0,batch_5,0.1853999999999995,14.928241513095236,-3.456960664718625,33.3134436909091,36.77040435562772,False,False,False,-2.041841513095237,2.041841513095237,0.0138986793399836,False,VERY_LOW,POINT_BELOW_LIMIT,0-10%
C09398,L5,FPGA,126.02,1.088,11.7985,12.409,13.4947,13.9038,1.2285,1.3217,1.4077,1.4898,Normal,50.0,batch_5,0.6105,17.814086704971565,-0.5711154728422976,36.199288882785424,36.77040435562772,False,False,False,-3.910286704971565,3.910286704971565,0.1920134301415966,False,LOW,POINT_BELOW_LIMIT,10-20%
C09399,L5,FPGA,124.07,1.089,11.1559,12.0572,12.4606,13.1135,1.1967,1.2473,1.3298,1.4245,Normal,50.0,batch_5,0.9012999999999992,16.769752832462682,-1.6154493453511805,35.154955010276545,36.770404355627726,False,False,False,-3.656252832462682,3.656252832462682,0.0992712993636021,False,VERY_LOW,POINT_BELOW_LIMIT,0-10%
C09400,L5,ADC,124.12,1.799,12.4343,12.6476,12.8901,12.9527,1.3056,1.3087,1.363,1.3579,High_Stable,50.0,batch_5,0.2133000000000002,13.422632037996031,-4.962570139817832,31.80783421580989,36.770404355627726,False,False,False,-0.4699320379960312,0.4699320379960312,0.0061376623376623,False,VERY_LOW,POINT_BELOW_LIMIT,0-10%
C09401,L5,FPGA,125.35,1.073,11.1213,12.0823,12.7652,13.4884,1.2033,1.2488,1.2989,1.4386,Normal,50.0,batch_5,0.9610000000000004,18.907627146577028,0.5224249687631648,37.292829324390894,36.77040435562773,False,False,False,-5.419227146577027,5.419227146577027,0.2766577595442135,False,LOW,POINT_BELOW_LIMIT,20-30%
C09402,L5,FPGA,123.48,1.076,11.4072,12.5557,13.0709,14.2263,1.1701,1.3431,1.4268,1.5355,Normal,50.0,batch_5,1.1485000000000003,22.902093859027783,4.516891681213924,41.28729603684165,36.77040435562773,False,False,False,-8.675793859027786,8.675793859027786,0.3188872474252539,False,LOW,POINT_BELOW_LIMIT,30-40%
C09403,L5,FPGA,124.46,1.079,11.5208,12.7841,17.0999,53.6267,1.226,1.3126,1.8266,7.3593,Absolute_Failure,50.0,batch_5,1.263300000000001,22.969716302281764,4.584514124467901,41.35491848009563,36.770404355627726,False,False,True,30.65698369771824,30.65698369771824,0.202029661678191,False,LOW,POINT_BELOW_LIMIT,20-30%
C09404,L5,ADC,123.89,1.803,11.8481,13.1985,13.4636,13.4732,1.2041,1.4064,1.3938,1.4351,Normal,50.0,batch_5,1.3503999999999987,30.650055030357127,12.264852852543264,49.03525720817099,36.770404355627726,False,False,False,-17.176855030357125,17.176855030357125,0.4556190116522622,False,MEDIUM,POINT_BELOW_LIMIT,40-50%
C09405,L5,FPGA,125.47,1.101,11.3872,12.5639,15.1143,41.3615,1.2096,1.2875,1.5933,5.3141,Sudden_Anomaly,50.0,batch_5,1.1767000000000003,19.00595601061509,0.6207538328012276,37.39115818842895,36.770404355627726,False,False,False,22.35554398938491,22.35554398938491,0.0966622241363727,False,VERY_LOW,POINT_BELOW_LIMIT,0-10%
C09406,L5,ASIC,124.87,1.22,11.4886,12.8687,16.8998,21.5976,1.2019,1.3369,1.8306,2.4118,Latent_Defect,50.0,batch_5,1.3801000000000003,35.04446750468072,16.659265326866855,53.42966968249458,36.77040435562772,False,True,False,-13.446867504680718,13.446867504680718,0.6765889052556147,True,MEDIUM,POINT_BELOW_LIMIT,60-70%
C09407,L5,ASIC,125.7,1.188,12.0186,12.8234,13.4704,14.8059,1.2998,1.3836,1.4174,1.5862,Normal,50.0,batch_5,0.8048000000000002,18.062020127876984,-0.3231820499368787,36.44722230569084,36.77040435562772,False,False,False,-3.2561201278769847,3.2561201278769847,0.0582944362483062,False,VERY_LOW,POINT_BELOW_LIMIT,0-10%
C09408,L5,FPGA,124.29,1.112,11.8242,12.6699,12.7661,13.2488,1.2305,1.2851,1.3302,1.4198,Normal,50.0,batch_5,0.8457000000000008,19.511396209424632,1.126194031610769,37.8965983872385,36.77040435562773,False,False,False,-6.262596209424633,6.262596209424633,0.225695167465833,False,LOW,POINT_BELOW_LIMIT,20-30%
C09409,L5,ADC,124.37,1.794,11.535,12.3965,13.3722,14.2752,1.2527,1.2894,1.4448,1.5195,Normal,50.0,batch_5,0.8614999999999995,18.17934345307537,-0.2058587247384906,36.56454563088924,36.770404355627726,False,False,False,-3.904143453075372,3.904143453075372,0.0978225870620607,False,VERY_LOW,POINT_BELOW_LIMIT,0-10%
C09410,L5,ASIC,125.18,1.179,11.6637,12.4035,12.7598,13.5186,1.2128,1.2942,1.3351,1.4357,Normal,50.0,batch_5,0.7397999999999989,17.037187963636363,-1.3480142141774998,35.42239014145022,36.77040435562772,False,False,False,-3.518587963636364,3.518587963636364,0.0621289155289155,False,VERY_LOW,POINT_BELOW_LIMIT,0-10%
C09411,L5,ADC,125.86,1.811,11.6405,11.905,12.4691,14.0252,1.2103,1.2722,1.3055,1.5142,Normal,50.0,batch_5,0.2644999999999999,15.767893856150792,-2.617308321663071,34.15309603396466,36.77040435562773,False,False,False,-1.742693856150792,1.742693856150792,0.1037106514830199,False,VERY_LOW,POINT_BELOW_LIMIT,10-20%
C09412,L5,DAC,125.97,1.81,12.0102,12.6997,13.274,14.0317,1.2823,1.3368,1.3591,1.4925,Normal,50.0,batch_5,0.6895000000000007,19.24400038958334,0.8587982117694786,37.6292025673972,36.77040435562772,False,False,False,-5.212300389583341,5.212300389583341,0.0627141575744517,False,VERY_LOW,POINT_BELOW_LIMIT,0-10%
C09413,L5,ADC,124.55,1.8,12.1543,12.9313,13.8635,14.8672,1.2967,1.3542,1.4504,1.5814,Normal,50.0,batch_5,0.777000000000001,16.59336941736111,-1.7918327604527526,34.97857159517497,36.77040435562772,False,False,False,-1.7261694173611095,1.7261694173611095,0.0179493284493284,False,VERY_LOW,POINT_BELOW_LIMIT,0-10%
C09414,L5,FPGA,126.02,1.091,11.7314,11.9991,12.2866,12.6478,1.2167,1.2562,1.2933,1.282,High_Stable,50.0,batch_5,0.2676999999999996,14.394898703619315,-3.990303474194546,32.78010088143318,36.770404355627726,False,False,False,-1.7470987036193169,1.7470987036193169,0.0724031848870084,False,VERY_LOW,POINT_BELOW_LIMIT,0-10%
C09415,L5,DAC,125.21,1.812,11.9469,12.8918,13.1868,14.7209,1.2518,1.3246,1.3817,1.5471,Normal,50.0,batch_5,0.9449000000000004,15.6842451764881,-2.7009570013257638,34.069447354301964,36.770404355627726,False,False,False,-0.9633451764880993,0.9633451764880993,0.0625301118472171,False,VERY_LOW,POINT_BELOW_LIMIT,0-10%
C09416,L5,FPGA,126.19,1.072,11.494,12.0133,12.4827,13.5844,1.2639,1.2737,1.3262,1.4631,Normal,50.0,batch_5,0.5192999999999994,16.52260088006978,-1.8626012977440816,34.90780305788364,36.77040435562772,False,False,False,-2.9382008800697808,2.9382008800697808,0.0907083339862751,False,VERY_LOW,POINT_BELOW_LIMIT,0-10%
C09417,L5,ASIC,124.63,1.182,12.2879,13.3175,13.9523,14.4837,1.2694,1.3784,1.4459,1.5812,Normal,50.0,batch_5,1.0296000000000003,18.139476463131302,-0.2457257146825568,36.52467864094517,36.770404355627726,False,False,False,-3.655776463131305,3.655776463131305,0.089149853509064,False,VERY_LOW,POINT_BELOW_LIMIT,0-10%
C09418,L5,FPGA,126.13,1.103,11.4951,11.7994,12.6335,13.7786,1.1865,1.2304,1.3581,1.4785,Normal,50.0,batch_5,0.3042999999999995,15.066743208348989,-3.3184589694648743,33.45194538616285,36.77040435562772,False,False,False,-1.2881432083489877,1.2881432083489877,0.0609963889138037,False,VERY_LOW,POINT_BELOW_LIMIT,0-10%
C09419,L5,FPGA,124.26,1.083,11.2222,12.398,14.2474,40.5822,1.1642,1.3262,1.534,5.1663,Sudden_Anomaly,50.0,batch_5,1.1757999999999988,20.61337842748016,2.228176249666298,38.99858060529402,36.770404355627726,False,False,False,19.96882157251984,19.96882157251984,0.2966419281972948,False,LOW,POINT_BELOW_LIMIT,20-30%
C09420,L5,DAC,124.13,1.792,11.5344,12.1316,12.5689,13.8689,1.2371,1.278,1.3418,1.4938,Normal,50.0,batch_5,0.5972000000000008,15.224161181944432,-3.161040995869431,33.60936335975829,36.77040435562772,False,False,False,-1.3552611819444316,1.3552611819444316,0.0420111804861804,False,VERY_LOW,POINT_BELOW_LIMIT,0-10%
C09421,L5,ASIC,124.53,1.213,11.1863,11.3164,12.1428,13.2846,1.1488,1.1611,1.2652,1.4369,Normal,50.0,batch_5,0.1301000000000005,15.989877529258983,-2.39532464855488,34.37507970707284,36.77040435562772,False,False,False,-2.705277529258984,2.705277529258984,0.0739599811609099,False,VERY_LOW,POINT_BELOW_LIMIT,0-10%
C09422,L5,FPGA,125.22,1.108,11.5138,13.8477,19.9173,59.6491,1.1666,1.4975,2.2203,8.5533,Absolute_Failure,50.0,batch_5,2.3339,53.02031620168649,34.63511402387263,71.40551837950035,36.77040435562772,True,True,True,6.628783798313506,6.628783798313506,0.9767823405532744,True,HIGH,POINT_ABOVE_LIMIT,90-100%
C09423,L5,ASIC,123.48,1.182,11.3993,12.4511,12.5828,13.1567,1.2099,1.32,1.3049,1.3694,Normal,50.0,batch_5,1.0518,19.420026201347135,1.0348240235332753,37.805228379161,36.770404355627726,False,False,False,-6.263326201347137,6.263326201347137,0.1999245245479307,False,LOW,POINT_BELOW_LIMIT,10-20%
C09424,L5,ASIC,125.13,1.224,11.8666,12.0272,12.1566,11.9355,1.215,1.2478,1.2556,1.2304,High_Stable,50.0,batch_5,0.1606000000000005,12.945108242361112,-5.440093935452751,31.33031042017497,36.770404355627726,False,False,False,-1.0096082423611126,1.0096082423611126,0.0288635504592026,False,VERY_LOW,POINT_BELOW_LIMIT,0-10%
C09425,L5,DAC,125.35,1.818,12.7695,12.9028,12.8416,12.9538,1.3057,1.4195,1.3287,1.3813,High_Stable,50.0,batch_5,0.1332999999999984,14.78558658901515,-3.599615588798713,33.17078876682901,36.770404355627726,False,False,False,-1.8317865890151503,1.8317865890151503,0.1088397808074278,False,VERY_LOW,POINT_BELOW_LIMIT,10-20%
C09426,L5,ASIC,125.47,1.193,12.1288,12.4715,13.1669,13.7013,1.2703,1.2892,1.3888,1.4294,Normal,50.0,batch_5,0.3427000000000006,14.622025055600655,-3.7631771222132055,33.00722723341452,36.770404355627726,False,False,False,-0.9207250556006574,0.9207250556006574,0.065682262508733,False,VERY_LOW,POINT_BELOW_LIMIT,0-10%
C09427,L5,DAC,124.05,1.791,11.7288,12.832,15.7573,22.0825,1.2651,1.3383,1.6236,2.5278,Latent_Defect,50.0,batch_5,1.103200000000001,21.290397784212992,2.905195606399129,39.67559996202685,36.77040435562772,False,False,False,0.7921022157870077,0.7921022157870077,0.2125947529482527,False,LOW,POINT_BELOW_LIMIT,20-30%
C09428,L5,ASIC,124.41,1.183,11.2182,11.3366,11.2773,11.6187,1.113,1.1638,1.1926,1.2061,High_Stable,50.0,batch_5,0.1184000000000011,17.33034381077742,-1.0548583670364415,35.71554598859129,36.77040435562773,False,False,False,-5.711643810777421,5.711643810777421,0.0808753115477573,False,VERY_LOW,POINT_BELOW_LIMIT,0-10%
C09429,L5,ASIC,125.26,1.182,10.9344,11.3736,12.4473,12.5622,1.1698,1.1784,1.3423,1.3469,Normal,50.0,batch_5,0.4391999999999996,14.94333668078771,-3.441865497026153,33.328538858601576,36.77040435562773,False,False,False,-2.381136680787709,2.381136680787709,0.0790529371814975,False,VERY_LOW,POINT_BELOW_LIMIT,0-10%
C09430,L5,DAC,125.1,1.799,11.9815,12.6365,15.345,40.9017,1.2622,1.3124,1.6199,5.2153,Sudden_Anomaly,50.0,batch_5,0.6549999999999994,18.118846463888893,-0.2663557139249697,36.50404864170275,36.77040435562772,False,False,False,22.782853536111105,22.782853536111105,0.1692172578711276,False,LOW,POINT_BELOW_LIMIT,10-20%
C09431,L5,ADC,125.65,1.769,12.1062,11.994,11.9136,11.8448,1.2841,1.2477,1.2231,1.1983,High_Stable,50.0,batch_5,-0.1121999999999996,12.586535451289697,-5.798666726524168,30.97173762910356,36.770404355627726,False,False,False,-0.7417354512896956,0.7417354512896956,0.0054285714285714,False,VERY_LOW,POINT_BELOW_LIMIT,0-10%
C09432,L5,FPGA,124.87,1.07,11.4367,11.5229,11.5131,11.2798,1.2113,1.2146,1.1866,1.1625,High_Stable,50.0,batch_5,0.0861999999999998,13.29037083343255,-5.094831344381312,31.675573011246414,36.770404355627726,False,False,False,-2.010570833432551,2.010570833432551,0.0748677790166489,False,VERY_LOW,POINT_BELOW_LIMIT,0-10%
C09433,L5,ADC,123.93,1.782,11.3443,12.9658,22.8954,54.5237,1.1491,1.3145,2.6148,7.5555,Absolute_Failure,50.0,batch_5,1.6214999999999993,38.654947033035725,20.269744855221862,57.04014921084959,36.77040435562773,False,True,True,15.868752966964273,15.868752966964273,0.6598351126801287,True,MEDIUM,POINT_BELOW_LIMIT,60-70%
C09434,L5,FPGA,125.58,1.102,12.3877,13.5391,14.2759,41.4636,1.3021,1.4295,1.533,5.3059,Sudden_Anomaly,50.0,batch_5,1.1513999999999989,20.145000416870914,1.7597982390570517,38.53020259468478,36.77040435562773,False,False,False,21.318599583129085,21.318599583129085,0.1441338814924425,False,VERY_LOW,POINT_BELOW_LIMIT,10-20%
C09435,L5,DAC,124.28,1.795,12.0947,12.9943,13.6929,14.2918,1.3024,1.3772,1.4371,1.542,Normal,50.0,batch_5,0.8996000000000013,17.282753697123017,-1.102448480690846,35.66795587493688,36.770404355627726,False,False,False,-2.9909536971230164,2.9909536971230164,0.0734779244491318,False,VERY_LOW,POINT_BELOW_LIMIT,0-10%
C09436,L5,FPGA,125.94,1.066,11.6112,12.7333,13.306,14.0723,1.2206,1.3878,1.4052,1.492,Normal,50.0,batch_5,1.1220999999999997,25.405608127777786,7.020405949963919,43.79081030559165,36.77040435562773,False,False,False,-11.333308127777782,11.333308127777782,0.2009624540465524,False,LOW,POINT_BELOW_LIMIT,20-30%
C09437,L5,FPGA,124.45,1.101,11.4086,11.7285,12.9843,34.1377,1.2015,1.2064,1.4032,4.1736,Sudden_Anomaly,50.0,batch_5,0.3199000000000005,14.491263360606052,-3.893938817207811,32.876465538419914,36.770404355627726,False,False,False,19.64643663939395,19.64643663939395,0.0730967614085261,False,VERY_LOW,POINT_BELOW_LIMIT,0-10%
C09438,L5,ASIC,125.45,1.226,11.5359,12.514,12.7149,13.2524,1.1849,1.3331,1.3581,1.3681,Normal,50.0,batch_5,0.9780999999999996,18.483187162698417,0.0979849848845546,36.86838934051228,36.770404355627726,False,False,False,-5.230787162698418,5.230787162698418,0.1477009118722993,False,VERY_LOW,POINT_BELOW_LIMIT,10-20%
C09439,L5,ADC,124.3,1.804,12.511,13.4056,14.1752,15.0769,1.3016,1.4282,1.5147,1.6442,Normal,50.0,batch_5,0.8946000000000005,18.51848553788515,0.1332833600712888,36.90368771569901,36.770404355627726,False,False,False,-3.4415855378851514,3.4415855378851514,0.0677462842712842,False,VERY_LOW,POINT_BELOW_LIMIT,0-10%
C09440,L5,FPGA,124.81,1.097,11.6369,13.1994,20.0458,50.208,1.2726,1.4196,2.2202,6.7791,Absolute_Failure,50.0,batch_5,1.5625,36.10840229712301,17.72320011930915,54.49360447493687,36.77040435562772,False,True,True,14.099597702876984,14.099597702876984,0.697427822477149,True,MEDIUM,POINT_BELOW_LIMIT,60-70%
C09441,L5,FPGA,125.61,1.099,11.6517,13.496,16.8344,21.4061,1.2468,1.4396,1.8436,2.3833,Latent_Defect,50.0,batch_5,1.8443000000000005,36.93558046180554,18.55037828399168,55.32078263961941,36.77040435562773,False,True,False,-15.529480461805544,15.529480461805544,0.7882673050487147,True,HIGH,POINT_BELOW_LIMIT,70-80%
C09442,L5,FPGA,125.54,1.104,11.6339,12.2021,13.4278,14.0399,1.2053,1.2716,1.4208,1.4467,Normal,50.0,batch_5,0.5681999999999992,16.285879351002514,-2.099322826811349,34.67108152881637,36.77040435562772,False,False,False,-2.2459793510025143,2.2459793510025143,0.1461034109337514,False,VERY_LOW,POINT_BELOW_LIMIT,10-20%
C09443,L5,DAC,125.87,1.777,12.5586,13.5306,14.2592,14.8142,1.2939,1.4368,1.5574,1.5408,Normal,50.0,batch_5,0.9719999999999996,19.35527433190449,0.9700721540906264,37.74047650971835,36.77040435562772,False,False,False,-4.54107433190449,4.54107433190449,0.2004820561860611,False,LOW,POINT_BELOW_LIMIT,20-30%
C09444,L5,ASIC,124.06,1.216,12.0659,12.4457,12.8156,13.3247,1.2488,1.3156,1.4007,1.4404,High_Stable,50.0,batch_5,0.3798000000000012,15.935206099458858,-2.4499960783550048,34.32040827727272,36.770404355627726,False,False,False,-2.610506099458858,2.610506099458858,0.01215,False,VERY_LOW,POINT_BELOW_LIMIT,0-10%
C09445,L5,DAC,125.46,1.778,12.3165,12.6109,13.4434,13.7142,1.3526,1.3189,1.4268,1.4903,Normal,50.0,batch_5,0.2944000000000013,15.615673187500017,-2.7695289903138463,34.00087536531388,36.770404355627726,False,False,False,-1.9014731875000168,1.9014731875000168,0.042605525030525,False,VERY_LOW,POINT_BELOW_LIMIT,0-10%
C09446,L5,ADC,124.45,1.797,11.6871,12.2546,13.2651,13.54,1.2467,1.2863,1.4419,1.4391,Normal,50.0,batch_5,0.5675000000000008,15.551176804464296,-2.834025373349567,33.93637898227816,36.770404355627726,False,False,False,-2.011176804464297,2.011176804464297,0.0221639122315592,False,VERY_LOW,POINT_BELOW_LIMIT,0-10%
C09447,L5,FPGA,126.19,1.098,11.8742,12.0626,12.1098,12.343,1.218,1.2941,1.2513,1.3083,High_Stable,50.0,batch_5,0.1883999999999996,13.474324754166672,-4.910877423647191,31.859526931980533,36.770404355627726,False,False,False,-1.1313247541666716,1.1313247541666716,0.078042015500839,False,VERY_LOW,POINT_BELOW_LIMIT,0-10%
C09448,L5,ASIC,124.7,1.197,11.063,12.0362,15.0593,19.77,1.1325,1.3014,1.6606,2.2164,Latent_Defect,50.0,batch_5,0.9731999999999984,20.402067611255397,2.016865433441531,38.787269789069256,36.770404355627726,False,False,False,-0.632067611255394,0.632067611255394,0.2511107125426656,False,LOW,POINT_BELOW_LIMIT,20-30%
C09449,L5,ADC,124.07,1.783,11.8716,12.5852,13.5341,13.8314,1.2795,1.3288,1.4403,1.435,Normal,50.0,batch_5,0.7135999999999996,16.283813806150793,-2.10138837166307,34.669015983964655,36.770404355627726,False,False,False,-2.4524138061507923,2.4524138061507923,0.0602682537723714,False,VERY_LOW,POINT_BELOW_LIMIT,0-10%
C09450,L5,FPGA,126.94,1.111,11.3415,11.6013,12.3178,13.0213,1.1376,1.2263,1.2654,1.3993,Normal,50.0,batch_5,0.2598000000000002,14.564636778869046,-3.820565398944817,32.94983895668291,36.770404355627726,False,False,False,-1.5433367788690455,1.5433367788690455,0.0619450226244343,False,VERY_LOW,POINT_BELOW_LIMIT,0-10%
C09451,L5,ADC,123.7,1.779,11.3088,12.068,13.4355,14.1989,1.1898,1.2758,1.4031,1.4981,Normal,50.0,batch_5,0.7591999999999999,17.14046368194444,-1.2447384958694236,35.525665859758305,36.77040435562773,False,False,False,-2.941563681944439,2.941563681944439,0.0514148629148629,False,VERY_LOW,POINT_BELOW_LIMIT,0-10%
C09452,L5,ASIC,126.2,1.176,10.7624,11.4746,12.5667,13.5899,1.1227,1.1789,1.3557,1.4391,Normal,50.0,batch_5,0.712200000000001,15.11473179246032,-3.2704703853535424,33.499933970274185,36.770404355627726,False,False,False,-1.5248317924603203,1.5248317924603203,0.0561574668251138,False,VERY_LOW,POINT_BELOW_LIMIT,0-10%
C09453,L5,ADC,122.98,1.793,11.4068,13.2376,15.8419,27.3715,1.2158,1.3859,1.7014,3.1649,Sudden_Anomaly,50.0,batch_5,1.8308,40.7505204452381,22.36531826742424,59.13572262305196,36.77040435562772,False,True,False,-13.3790204452381,13.3790204452381,0.6907605557844589,True,MEDIUM,POINT_BELOW_LIMIT,60-70%
C09454,L5,FPGA,126.26,1.112,11.7339,12.2682,13.1636,13.2554,1.2326,1.2504,1.4108,1.3681,Normal,50.0,batch_5,0.5343,15.639337389135171,-2.745864788678689,34.02453956694904,36.770404355627726,False,False,False,-2.3839373891351734,2.3839373891351734,0.0293240290411343,False,VERY_LOW,POINT_BELOW_LIMIT,0-10%
C09455,L5,ADC,124.96,1.787,12.2593,12.7643,12.9215,13.1151,1.3322,1.3245,1.318,1.3512,Normal,50.0,batch_5,0.5050000000000008,16.46815901676587,-1.9170431610479923,34.85336119457973,36.770404355627726,False,False,False,-3.3530590167658705,3.3530590167658705,0.0280556776556776,False,VERY_LOW,POINT_BELOW_LIMIT,0-10%
C09456,L5,DAC,122.51,1.811,11.9964,13.0503,13.7792,14.9449,1.2274,1.3443,1.4737,1.6282,Normal,50.0,batch_5,1.0539000000000005,25.5678129902778,7.182610812463935,43.95301516809166,36.770404355627726,False,False,False,-10.622912990277795,10.622912990277795,0.340035070220457,False,LOW,POINT_BELOW_LIMIT,30-40%
C09457,L5,DAC,125.1,1.804,11.6689,13.1491,18.1574,50.8297,1.2302,1.3939,1.9844,6.933,Absolute_Failure,50.0,batch_5,1.4802,31.647215220138865,13.262013042325002,50.03241739795273,36.770404355627726,False,True,True,19.182484779861134,19.182484779861134,0.5659584527770132,True,MEDIUM,POINT_BELOW_LIMIT,50-60%
C09458,L5,DAC,125.72,1.816,11.898,13.4571,16.7414,21.4049,1.268,1.3967,1.796,2.3589,Latent_Defect,50.0,batch_5,1.5591000000000008,38.78581014732143,20.400607969507565,57.171012325135294,36.77040435562773,False,True,False,-17.380910147321426,17.380910147321426,0.6530408792333884,True,MEDIUM,POINT_BELOW_LIMIT,60-70%
C09459,L5,ASIC,125.48,1.193,10.9823,11.7479,14.6153,39.9832,1.1612,1.2552,1.5573,5.0779,Sudden_Anomaly,50.0,batch_5,0.7655999999999992,16.630946215809885,-1.7542559620039777,35.01614839362375,36.77040435562773,False,False,False,23.35225378419011,23.35225378419011,0.1686020096255908,False,LOW,POINT_BELOW_LIMIT,10-20%
C09460,L5,ADC,124.47,1.816,11.9301,12.3549,13.5157,14.4614,1.2326,1.3032,1.4382,1.5781,Normal,50.0,batch_5,0.4248000000000012,15.812451155654758,-2.572751022159105,34.19765333346862,36.770404355627726,False,False,False,-1.3510511556547584,1.3510511556547584,0.0367295743472214,False,VERY_LOW,POINT_BELOW_LIMIT,0-10%
C09461,L5,FPGA,125.4,1.101,12.5997,13.0651,13.3766,14.5849,1.3262,1.3919,1.4332,1.5735,Normal,50.0,batch_5,0.4653999999999989,16.098239934733893,-2.286962243079969,34.48344211254776,36.770404355627726,False,False,False,-1.513339934733894,1.513339934733894,0.0258221523574464,False,VERY_LOW,POINT_BELOW_LIMIT,0-10%
C09462,L5,DAC,125.05,1.796,12.077,12.5074,12.7828,14.4183,1.2817,1.3345,1.3566,1.5344,Normal,50.0,batch_5,0.4304000000000005,16.01065991666668,-2.374542261147184,34.39586209448054,36.770404355627726,False,False,False,-1.5923599166666786,1.5923599166666786,0.0052777777777777,False,VERY_LOW,POINT_BELOW_LIMIT,0-10%
C09463,L5,FPGA,125.11,1.127,12.0383,11.9683,12.3889,12.2407,1.2526,1.2599,1.2984,1.2557,High_Stable,50.0,batch_5,-0.0700000000000002,12.447928342757937,-5.937273835055928,30.8331305205718,36.770404355627726,False,False,False,-0.2072283427579346,0.2072283427579346,0.0061428571428571,False,VERY_LOW,POINT_BELOW_LIMIT,0-10%
C09464,L5,ASIC,124.47,1.182,11.5701,11.6918,12.317,13.7068,1.1711,1.2002,1.3281,1.4697,Normal,50.0,batch_5,0.1217000000000005,13.674254183531756,-4.710947994282108,32.05945636134562,36.770404355627726,False,False,False,0.0325458164682448,0.0325458164682448,0.0364846120855408,False,VERY_LOW,POINT_BELOW_LIMIT,0-10%
C09465,L5,ASIC,125.07,1.197,11.1764,11.7612,11.7082,13.1143,1.1363,1.251,1.196,1.421,Normal,50.0,batch_5,0.5848000000000013,14.762233741369034,-3.622968436444829,33.1474359191829,36.770404355627726,False,False,False,-1.6479337413690338,1.6479337413690338,0.0304975246975247,False,VERY_LOW,POINT_BELOW_LIMIT,0-10%
C09466,L5,ADC,126.01,1.799,11.9662,12.6878,13.5221,15.2597,1.2425,1.3798,1.3901,1.6273,Normal,50.0,batch_5,0.7215999999999987,20.261963352489172,1.8767611746753128,38.64716553030304,36.77040435562773,False,False,False,-5.002263352489175,5.002263352489175,0.1286651010753951,False,VERY_LOW,POINT_BELOW_LIMIT,10-20%
C09467,L5,ASIC,123.49,1.213,11.5879,12.0685,12.6804,13.3184,1.2281,1.2077,1.4035,1.3908,Normal,50.0,batch_5,0.4806000000000008,17.528197424648255,-0.857004753165608,35.91339960246212,36.77040435562773,False,False,False,-4.209797424648254,4.209797424648254,0.174358259923222,False,LOW,POINT_BELOW_LIMIT,10-20%
C09468,L5,ASIC,124.99,1.187,11.7289,11.9316,11.8824,12.1175,1.2017,1.2505,1.2199,1.2745,High_Stable,50.0,batch_5,0.2027000000000001,13.251158293632749,-5.134043884181114,31.63636047144661,36.770404355627726,False,False,False,-1.1336582936327488,1.1336582936327488,0.0116547008547008,False,VERY_LOW,POINT_BELOW_LIMIT,0-10%
C09469,L5,DAC,126.82,1.8,12.5503,13.3365,13.7961,15.2636,1.2799,1.4113,1.4638,1.6072,Normal,50.0,batch_5,0.7861999999999991,18.30796952064036,-0.0772326571735035,36.69317169845422,36.770404355627726,False,False,False,-3.044369520640359,3.044369520640359,0.081025201690419,False,VERY_LOW,POINT_BELOW_LIMIT,0-10%
C09470,L5,ASIC,125.0,1.218,11.6213,12.5019,13.5567,13.8179,1.1869,1.2776,1.4441,1.4461,Normal,50.0,batch_5,0.8805999999999994,18.7628147594284,0.3776125816145352,37.14801693724226,36.770404355627726,False,False,False,-4.944914759428398,4.944914759428398,0.1740412826165921,False,LOW,POINT_BELOW_LIMIT,10-20%
C09471,L5,ASIC,124.25,1.19,11.3896,12.2825,13.2751,14.4175,1.156,1.3196,1.4004,1.5376,Normal,50.0,batch_5,0.8929000000000009,19.99180915198412,1.6066069741702549,38.37701132979798,36.770404355627726,False,False,False,-5.574309151984117,5.574309151984117,0.2341442525499207,False,LOW,POINT_BELOW_LIMIT,20-30%
C09472,L5,DAC,125.17,1.777,12.0444,12.8843,13.792,14.458,1.238,1.3608,1.4103,1.5317,Normal,50.0,batch_5,0.8399000000000001,16.339061148809513,-2.0461410290043496,34.72426332662337,36.77040435562772,False,False,False,-1.881061148809513,1.881061148809513,0.0463907592407592,False,VERY_LOW,POINT_BELOW_LIMIT,0-10%
C09473,L5,FPGA,125.81,1.12,11.629,12.9596,19.7958,60.8406,1.1976,1.3513,2.1581,8.7219,Absolute_Failure,50.0,batch_5,1.3306000000000004,30.264511124912463,11.8793089470986,48.649713302726326,36.770404355627726,False,False,True,30.57608887508754,30.57608887508754,0.4557887309168969,False,MEDIUM,POINT_BELOW_LIMIT,40-50%
C09474,L5,ASIC,125.85,1.203,11.6138,11.6885,12.0132,12.1479,1.1955,1.1538,1.2144,1.2806,High_Stable,50.0,batch_5,0.0746999999999999,12.242038227281755,-6.143163950532108,30.62724040509562,36.770404355627726,False,False,False,-0.0941382272817552,0.0941382272817552,0.0057878787878787,False,VERY_LOW,POINT_BELOW_LIMIT,0-10%
C09475,L5,ASIC,124.17,1.204,11.2629,12.0633,13.0428,13.4036,1.2228,1.2423,1.3871,1.3697,Normal,50.0,batch_5,0.8003999999999998,17.10532534285713,-1.279876834956731,35.490527520670994,36.770404355627726,False,False,False,-3.701725342857131,3.701725342857131,0.0740259966959051,False,VERY_LOW,POINT_BELOW_LIMIT,0-10%
C09476,L5,ASIC,125.42,1.187,11.3861,12.3059,13.2658,13.4202,1.2367,1.2994,1.3729,1.4618,Normal,50.0,batch_5,0.9197999999999986,18.733751761694688,0.3485495838808248,37.11895393950855,36.770404355627726,False,False,False,-5.313551761694688,5.313551761694688,0.1163834185851987,False,VERY_LOW,POINT_BELOW_LIMIT,10-20%
C09477,L5,ASIC,124.97,1.195,11.3383,12.9756,16.9162,22.8554,1.1256,1.3737,1.8241,2.643,Latent_Defect,50.0,batch_5,1.6372999999999998,45.55813196480878,27.17292978699492,63.943334142622646,36.77040435562773,False,True,False,-22.70273196480878,22.70273196480878,0.8660685830869195,True,HIGH,POINT_BELOW_LIMIT,80-90%
C09478,L5,ASIC,126.01,1.174,10.83,11.7569,12.3483,12.8931,1.0984,1.261,1.2911,1.3941,Normal,50.0,batch_5,0.9268999999999998,16.777966494563497,-1.6072356832503658,35.16316867237736,36.770404355627726,False,False,False,-3.884866494563497,3.884866494563497,0.2276877333846063,False,LOW,POINT_BELOW_LIMIT,20-30%
C09479,L5,ASIC,124.68,1.207,11.4786,11.8117,11.9921,12.6323,1.2432,1.187,1.2206,1.3283,Normal,50.0,batch_5,0.3330999999999999,15.69360304444443,-2.691599133369433,34.078805222258296,36.77040435562773,False,False,False,-3.061303044444429,3.061303044444429,0.0803913358313513,False,VERY_LOW,POINT_BELOW_LIMIT,0-10%
C09480,L5,FPGA,124.2,1.116,12.0302,12.8221,13.1611,14.6878,1.2473,1.3483,1.3166,1.5599,Normal,50.0,batch_5,0.7919,18.112298037391767,-0.2729041404220957,36.49750021520563,36.77040435562773,False,False,False,-3.424498037391768,3.424498037391768,0.0414819103754862,False,VERY_LOW,POINT_BELOW_LIMIT,0-10%
C09481,L5,ASIC,125.07,1.208,11.1544,11.9439,16.87,20.3214,1.2012,1.2011,1.8766,2.257,Latent_Defect,50.0,batch_5,0.7894999999999985,17.508213706481474,-0.876988471332389,35.89341588429534,36.770404355627726,False,False,False,2.813186293518527,2.813186293518527,0.0597224354021264,False,VERY_LOW,POINT_BELOW_LIMIT,0-10%
C09482,L5,FPGA,125.04,1.121,11.999,12.0549,12.0305,12.3374,1.2729,1.2564,1.2512,1.3053,High_Stable,50.0,batch_5,0.0558999999999993,12.664809066071422,-5.720393111742441,31.050011243885287,36.770404355627726,False,False,False,-0.3274090660714215,0.3274090660714215,0.0093711399711399,False,VERY_LOW,POINT_BELOW_LIMIT,0-10%
C09483,L5,ADC,124.07,1.769,11.55,12.4746,13.2115,14.121,1.1573,1.3068,1.3767,1.5472,Normal,50.0,batch_5,0.9246,19.885186905555543,1.4999847277416831,38.27038908336941,36.770404355627726,False,False,False,-5.764186905555546,5.764186905555546,0.2065757513259686,False,LOW,POINT_BELOW_LIMIT,20-30%
C09484,L5,ASIC,124.44,1.191,11.7485,12.5062,12.7566,13.9463,1.2658,1.3456,1.3139,1.498,Normal,50.0,batch_5,0.7576999999999998,18.10027256197345,-0.2849296158404115,36.485474739787314,36.770404355627726,False,False,False,-4.15397256197345,4.15397256197345,0.1019586377416872,False,VERY_LOW,POINT_BELOW_LIMIT,10-20%
C09485,L5,ASIC,125.82,1.191,11.6234,11.6772,11.8776,12.1264,1.2302,1.2417,1.2633,1.2961,High_Stable,50.0,batch_5,0.0537999999999989,12.18071584335318,-6.204486334460682,30.565918021167043,36.770404355627726,False,False,False,-0.05431584335318,0.05431584335318,0.0169944444444444,False,VERY_LOW,POINT_BELOW_LIMIT,0-10%
C09486,L5,DAC,124.91,1.774,11.7165,11.6055,11.8838,12.3259,1.1833,1.2384,1.2237,1.2647,High_Stable,50.0,batch_5,-0.1110000000000006,12.850911165476193,-5.534291012337672,31.236113343290054,36.770404355627726,False,False,False,-0.5250111654761902,0.5250111654761902,0.0136979114452798,False,VERY_LOW,POINT_BELOW_LIMIT,0-10%
C09487,L5,DAC,125.0,1.821,12.1761,12.7409,14.2229,15.328,1.251,1.3369,1.54,1.6325,Normal,50.0,batch_5,0.5648,17.623066067812044,-0.7621361100018191,36.008268245625906,36.770404355627726,False,False,False,-2.2950660678120443,2.2950660678120443,0.1056787988155635,False,VERY_LOW,POINT_BELOW_LIMIT,10-20%
C09488,L5,ASIC,124.73,1.198,11.81,11.9608,12.013,12.2726,1.2777,1.2437,1.2414,1.2513,High_Stable,50.0,batch_5,0.1508000000000002,12.670049239285715,-5.715152938528147,31.055251417099576,36.770404355627726,False,False,False,-0.3974492392857147,0.3974492392857147,0.0055666666666666,False,VERY_LOW,POINT_BELOW_LIMIT,0-10%
C09489,L5,DAC,124.7,1.797,11.529,12.7044,18.2431,52.6167,1.2274,1.3644,1.9947,7.2201,Absolute_Failure,50.0,batch_5,1.1753999999999998,22.09378716882632,3.7085849910124544,40.47898934664018,36.77040435562772,False,False,True,30.522912831173684,30.522912831173684,0.2648766802658612,False,LOW,POINT_BELOW_LIMIT,20-30%
C09490,L5,ADC,124.94,1.815,11.8454,12.2254,12.9941,13.4635,1.2008,1.3268,1.41,1.442,Normal,50.0,batch_5,0.3800000000000008,17.596797877182535,-0.7884043006313277,35.9820000549964,36.770404355627726,False,False,False,-4.133297877182535,4.133297877182535,0.1052242565140398,False,VERY_LOW,POINT_BELOW_LIMIT,10-20%
C09491,L5,FPGA,125.16,1.098,11.2084,11.5203,12.4192,12.8118,1.2025,1.1835,1.305,1.3601,Normal,50.0,batch_5,0.3119000000000014,15.679064310515882,-2.706137867297981,34.06426648832974,36.770404355627726,False,False,False,-2.867264310515882,2.867264310515882,0.0535867576867576,False,VERY_LOW,POINT_BELOW_LIMIT,0-10%
C09492,L5,ASIC,125.96,1.216,11.2138,11.936,12.2589,13.7004,1.1026,1.3035,1.3096,1.4301,Normal,50.0,batch_5,0.7221999999999991,21.52493703918651,3.139734861372649,39.91013921700038,36.77040435562773,False,False,False,-7.824537039186511,7.824537039186511,0.2846879464867401,False,LOW,POINT_BELOW_LIMIT,20-30%
C09493,L5,ASIC,125.08,1.2,11.3365,12.5655,13.542,14.7701,1.1761,1.3172,1.4169,1.5917,Normal,50.0,batch_5,1.229000000000001,19.47285769196428,1.0876555141504127,37.85805986977814,36.770404355627726,False,False,False,-4.702757691964276,4.702757691964276,0.1171095666631269,False,VERY_LOW,POINT_BELOW_LIMIT,10-20%
C09494,L5,FPGA,124.29,1.115,11.7031,12.9393,13.579,14.1954,1.196,1.3524,1.3924,1.5441,Normal,50.0,batch_5,1.2362000000000002,19.53734335892857,1.1521411811147075,37.92254553674243,36.770404355627726,False,False,False,-5.341943358928571,5.341943358928571,0.1552252708565534,False,LOW,POINT_BELOW_LIMIT,10-20%
C09495,L5,FPGA,124.84,1.102,10.7951,11.613,12.0561,12.7139,1.1345,1.2177,1.2282,1.3356,Normal,50.0,batch_5,0.8178999999999998,15.55064043460213,-2.834561743211733,33.935842612416,36.77040435562773,False,False,False,-2.836740434602129,2.836740434602129,0.1341352653280671,False,VERY_LOW,POINT_BELOW_LIMIT,10-20%
C09496,L5,ADC,124.96,1.776,11.497,11.8462,12.7593,13.5421,1.1976,1.1926,1.3672,1.424,Normal,50.0,batch_5,0.3491999999999997,14.25962741489662,-4.125574762917243,32.64482959271048,36.77040435562772,False,False,False,-0.7175274148966206,0.7175274148966206,0.0778710789210789,False,VERY_LOW,POINT_BELOW_LIMIT,0-10%
C09497,L5,ADC,123.69,1.797,12.0044,12.4177,12.911,13.3151,1.2949,1.2994,1.4193,1.4138,Normal,50.0,batch_5,0.4132999999999995,18.80205617708334,0.4168539992694775,37.1872583548972,36.770404355627726,False,False,False,-5.486956177083341,5.486956177083341,0.0595915556665556,False,VERY_LOW,POINT_BELOW_LIMIT,0-10%
C09498,L5,ASIC,125.82,1.222,11.9931,12.0559,12.0565,11.9875,1.2856,1.2533,1.3146,1.2468,High_Stable,50.0,batch_5,0.0627999999999993,12.75922580976731,-5.625976368046553,31.14442798758117,36.770404355627726,False,False,False,-0.7717258097673092,0.7717258097673092,0.0197841269841269,False,VERY_LOW,POINT_BELOW_LIMIT,0-10%
C09499,L5,DAC,126.42,1.812,12.3823,13.5011,13.9834,14.7164,1.348,1.4289,1.4633,1.5842,Normal,50.0,batch_5,1.1187999999999985,20.51463163303572,2.129429455221853,38.89983381084958,36.770404355627726,False,False,False,-5.798231633035716,5.798231633035716,0.1672883772394131,False,LOW,POINT_BELOW_LIMIT,10-20%
C09500,L5,ASIC,125.48,1.197,11.4354,11.9939,13.0859,13.4977,1.1697,1.2565,1.3791,1.4157,Normal,50.0,batch_5,0.5585000000000004,16.94296837344878,-1.442233804365081,35.328170551262644,36.770404355627726,False,False,False,-3.4452683734487817,3.4452683734487817,0.1222571069882988,False,VERY_LOW,POINT_BELOW_LIMIT,10-20%
C09501,L5,FPGA,124.58,1.109,11.852,12.7752,13.8539,14.5101,1.239,1.3145,1.4525,1.5544,Normal,50.0,batch_5,0.9231999999999996,16.659396748335695,-1.725805429478168,35.04459892614956,36.77040435562773,False,False,False,-2.1492967483356957,2.1492967483356957,0.1068082157058627,False,VERY_LOW,POINT_BELOW_LIMIT,10-20%
C09502,L5,DAC,124.45,1.813,12.1101,12.3205,12.9812,13.7372,1.2287,1.29,1.3101,1.4516,Normal,50.0,batch_5,0.2103999999999999,16.88048933988094,-1.5047128379329244,35.265691517694805,36.77040435562773,False,False,False,-3.1432893398809387,3.1432893398809387,0.0188004273504273,False,VERY_LOW,POINT_BELOW_LIMIT,0-10%
C09503,L5,ASIC,125.18,1.208,11.6219,12.7928,13.9893,14.7848,1.2417,1.2987,1.4421,1.5999,Normal,50.0,batch_5,1.1708999999999996,20.42439056488996,2.039188387076095,38.80959274270382,36.770404355627726,False,False,False,-5.639590564889957,5.639590564889957,0.2672853244423375,False,LOW,POINT_BELOW_LIMIT,20-30%
C09504,L5,ADC,123.81,1.782,10.8555,11.4713,14.0689,57.9718,1.1225,1.1861,1.5157,8.2145,Absolute_Failure,50.0,batch_5,0.6158000000000001,15.147634192025317,-3.237567985788548,33.532836369839174,36.77040435562772,False,False,True,42.82416580797469,42.82416580797469,0.0362883838383838,False,VERY_LOW,POINT_BELOW_LIMIT,0-10%
C09505,L5,ASIC,124.77,1.193,11.7668,12.2242,13.0403,13.8992,1.2158,1.3111,1.4021,1.4809,Normal,50.0,batch_5,0.4573999999999998,16.08129668947892,-2.3039054883349444,34.466498867292785,36.77040435562773,False,False,False,-2.182096689478918,2.182096689478918,0.1634627131507509,False,LOW,POINT_BELOW_LIMIT,10-20%
C09506,L5,DAC,125.51,1.804,12.2036,14.4742,19.7138,51.857,1.2815,1.5316,2.1447,7.0363,Absolute_Failure,50.0,batch_5,2.2706,52.83893803474501,34.45373585693115,71.22414021255888,36.77040435562773,True,True,True,-0.9819380347450136,0.9819380347450136,0.9781518175373014,True,HIGH,POINT_ABOVE_LIMIT,90-100%
C09507,L5,DAC,125.57,1.789,11.7139,12.6335,12.9753,13.68,1.2485,1.3442,1.3153,1.47,Normal,50.0,batch_5,0.9195999999999992,17.380517339484133,-1.0046848383297302,35.765719517297995,36.770404355627726,False,False,False,-3.700517339484133,3.700517339484133,0.0165610503531556,False,VERY_LOW,POINT_BELOW_LIMIT,0-10%
C09508,L5,ASIC,125.34,1.21,11.9307,12.9506,13.5336,13.772,1.2721,1.3702,1.3819,1.4509,Normal,50.0,batch_5,1.0198999999999998,17.494598716098487,-0.8906034617153757,35.879800893912346,36.77040435562772,False,False,False,-3.722598716098487,3.722598716098487,0.1491530696273111,False,VERY_LOW,POINT_BELOW_LIMIT,10-20%
C09509,L5,FPGA,125.34,1.086,11.4305,11.6437,11.955,11.9429,1.1775,1.2534,1.2665,1.2443,High_Stable,50.0,batch_5,0.2132000000000005,14.952028434523804,-3.433173743290059,33.33723061233766,36.77040435562772,False,False,False,-3.009128434523804,3.009128434523804,0.0466500055500055,False,VERY_LOW,POINT_BELOW_LIMIT,0-10%
C09510,L5,FPGA,126.7,1.096,11.6501,12.719,13.8392,14.4512,1.2224,1.3589,1.4498,1.5427,Normal,50.0,batch_5,1.0688999999999993,20.892415298412693,2.5072131205988306,39.27761747622655,36.77040435562772,False,False,False,-6.441215298412693,6.441215298412693,0.0842121245769381,False,VERY_LOW,POINT_BELOW_LIMIT,0-10%
C09511,L5,FPGA,124.39,1.112,11.7127,12.7002,13.8563,28.5579,1.2172,1.3281,1.4623,3.3194,Sudden_Anomaly,50.0,batch_5,0.9875000000000008,16.67026226123252,-1.7149399165813437,35.05546443904638,36.770404355627726,False,False,False,11.88763773876748,11.88763773876748,0.0719277697792403,False,VERY_LOW,POINT_BELOW_LIMIT,0-10%
C09512,L5,DAC,125.71,1.79,11.5001,12.2982,13.2738,13.7225,1.1923,1.2507,1.3797,1.4825,Normal,50.0,batch_5,0.7980999999999998,16.415909107539694,-1.969293070274169,34.80111128535356,36.770404355627726,False,False,False,-2.693409107539693,2.693409107539693,0.065257542749648,False,VERY_LOW,POINT_BELOW_LIMIT,0-10%
C09513,L5,ASIC,125.91,1.194,11.238,11.9317,12.5301,13.2369,1.1847,1.2503,1.2891,1.3857,Normal,50.0,batch_5,0.6936999999999998,16.67968592921175,-1.7055162486021125,35.06488810702561,36.77040435562772,False,False,False,-3.44278592921175,3.44278592921175,0.0609422644761499,False,VERY_LOW,POINT_BELOW_LIMIT,0-10%
C09514,L5,FPGA,124.24,1.095,11.5642,12.3226,12.988,13.4747,1.215,1.3614,1.3636,1.4266,Normal,50.0,batch_5,0.7584,16.587370484226184,-1.7978316935876784,34.97257266204005,36.77040435562773,False,False,False,-3.112670484226184,3.112670484226184,0.0923039761285449,False,VERY_LOW,POINT_BELOW_LIMIT,0-10%
C09515,L5,FPGA,125.02,1.077,11.2976,12.3211,14.0651,35.8321,1.1721,1.2233,1.5202,4.4422,Sudden_Anomaly,50.0,batch_5,1.0235000000000003,21.54560468990314,3.160402512089277,39.930806867717,36.770404355627726,False,False,False,14.286495310096855,14.286495310096855,0.3204755627671261,False,LOW,POINT_BELOW_LIMIT,30-40%
C09516,L5,ADC,125.63,1.797,11.801,12.1263,13.1449,13.9191,1.2405,1.274,1.4096,1.4876,Normal,50.0,batch_5,0.3253000000000003,14.50398608253967,-3.881216095274192,32.889188260353535,36.770404355627726,False,False,False,-0.5848860825396702,0.5848860825396702,0.0289366772116772,False,VERY_LOW,POINT_BELOW_LIMIT,0-10%
C09517,L5,DAC,125.42,1.81,11.8711,12.8961,13.1165,14.0625,1.2094,1.3349,1.3335,1.4773,Normal,50.0,batch_5,1.0250000000000004,16.937816077876978,-1.4473860999368853,35.32301825569084,36.770404355627726,False,False,False,-2.875316077876977,2.875316077876977,0.0615678422540651,False,VERY_LOW,POINT_BELOW_LIMIT,0-10%
C09518,L5,ASIC,124.81,1.212,11.2794,11.889,12.6246,13.3196,1.1877,1.2528,1.3247,1.3967,Normal,50.0,batch_5,0.6095999999999986,15.728979790025248,-2.656222387788615,34.11418196783911,36.770404355627726,False,False,False,-2.4093797900252483,2.4093797900252483,0.0187764069264069,False,VERY_LOW,POINT_BELOW_LIMIT,0-10%
C09519,L5,FPGA,125.27,1.136,11.4248,11.6589,12.5857,13.7432,1.1865,1.2061,1.3299,1.4124,Normal,50.0,batch_5,0.2340999999999997,13.34998891071428,-5.035213267099584,31.73519108852814,36.770404355627726,False,False,False,0.393211089285721,0.393211089285721,0.0673806327659268,False,VERY_LOW,POINT_BELOW_LIMIT,0-10%
C09520,L5,ADC,124.09,1.794,12.0298,12.6427,13.4084,14.3987,1.258,1.3412,1.3999,1.4998,Normal,50.0,batch_5,0.6128999999999998,18.733145704677955,0.3479435268640927,37.11834788249182,36.770404355627726,False,False,False,-4.334445704677956,4.334445704677956,0.0829153211167916,False,VERY_LOW,POINT_BELOW_LIMIT,0-10%
C09521,L5,FPGA,126.57,1.093,11.8414,12.1729,12.9911,13.5304,1.2362,1.2862,1.3558,1.4267,Normal,50.0,batch_5,0.3315000000000001,14.808409966516155,-3.5767922112977075,33.19361214433002,36.770404355627726,False,False,False,-1.278009966516155,1.278009966516155,0.0802055314400381,False,VERY_LOW,POINT_BELOW_LIMIT,0-10%
C09522,L5,ASIC,125.2,1.191,11.4022,12.4092,17.4722,21.1487,1.1706,1.299,1.9226,2.3639,Latent_Defect,50.0,batch_5,1.0069999999999997,20.911339410508237,2.5261372326943707,39.2965415883221,36.77040435562773,False,False,False,0.237360589491768,0.237360589491768,0.2023583898612448,False,LOW,POINT_BELOW_LIMIT,20-30%
C09523,L5,FPGA,125.67,1.1,12.0683,13.9989,19.0774,51.0609,1.2042,1.5009,2.1425,6.9081,Absolute_Failure,50.0,batch_5,1.9306,40.51754018958334,22.13233801176948,58.90274236739721,36.77040435562773,False,True,True,10.543359810416652,10.543359810416652,0.8426260899779223,True,HIGH,POINT_BELOW_LIMIT,80-90%
C09524,L5,FPGA,124.62,1.088,10.9163,12.4525,13.2968,37.7559,1.1343,1.3332,1.3904,4.7283,Sudden_Anomaly,50.0,batch_5,1.536200000000001,29.146751857341272,10.761549679527407,47.53195403515514,36.77040435562773,False,False,False,8.609148142658725,8.609148142658725,0.4726887931025342,False,MEDIUM,POINT_BELOW_LIMIT,40-50%
C09525,L5,FPGA,124.64,1.116,12.1626,12.8282,13.3972,14.7725,1.3062,1.3698,1.3915,1.6073,Normal,50.0,batch_5,0.6656000000000013,16.501422669246026,-1.8837795085678373,34.88662484705989,36.77040435562773,False,False,False,-1.728922669246025,1.728922669246025,0.0415238758059965,False,VERY_LOW,POINT_BELOW_LIMIT,0-10%
C09526,L5,FPGA,125.84,1.121,10.9779,11.5806,12.4355,13.9435,1.1441,1.2682,1.2766,1.499,Normal,50.0,batch_5,0.6027000000000005,18.36673933541665,-0.0184628423972128,36.75194151323051,36.770404355627726,False,False,False,-4.42323933541665,4.42323933541665,0.038604625199362,False,VERY_LOW,POINT_BELOW_LIMIT,0-10%
C09527,L5,ASIC,124.86,1.207,10.9087,11.8623,12.7122,14.1041,1.1009,1.2433,1.3146,1.5241,Normal,50.0,batch_5,0.9535999999999998,16.881487519624823,-1.5037146581890397,35.266689697438686,36.770404355627726,False,False,False,-2.7773875196248223,2.7773875196248223,0.2197687463723066,False,LOW,POINT_BELOW_LIMIT,20-30%
C09528,L5,ASIC,124.38,1.194,11.3132,11.6982,12.791,13.4839,1.1967,1.1994,1.3283,1.4344,Normal,50.0,batch_5,0.3849999999999998,15.728079417171733,-2.65712276064213,34.113281594985594,36.770404355627726,False,False,False,-2.2441794171717326,2.2441794171717326,0.05559403283634,False,VERY_LOW,POINT_BELOW_LIMIT,0-10%
C09529,L5,ADC,124.79,1.789,11.4647,12.5331,14.2006,40.5678,1.1789,1.2811,1.481,5.1501,Sudden_Anomaly,50.0,batch_5,1.068399999999999,18.281026656188946,-0.1041755216249171,36.66622883400281,36.770404355627726,False,False,False,22.286773343811053,22.286773343811053,0.1292898577722362,False,VERY_LOW,POINT_BELOW_LIMIT,10-20%
C09530,L5,DAC,126.71,1.797,12.4738,14.1832,17.1669,22.0776,1.3067,1.5294,1.8509,2.5272,Latent_Defect,50.0,batch_5,1.7093999999999987,37.18158337096791,18.796381193154044,55.566785548781766,36.77040435562772,False,True,False,-15.103983370967908,15.103983370967908,0.7576192113356194,True,HIGH,POINT_BELOW_LIMIT,70-80%
C09531,L5,ADC,123.68,1.784,11.8133,13.0486,17.7152,61.5177,1.2532,1.3992,1.8955,8.8685,Absolute_Failure,50.0,batch_5,1.2353000000000005,22.428519369237023,4.04331719142316,40.81372154705089,36.77040435562773,False,False,True,39.089180630762975,39.089180630762975,0.2709956940319169,False,LOW,POINT_BELOW_LIMIT,20-30%
C09532,L5,ASIC,124.76,1.194,11.794,12.9217,13.464,13.8643,1.2589,1.3576,1.4691,1.4572,Normal,50.0,batch_5,1.127699999999999,19.726360715476183,1.3411585376623236,38.11156289329005,36.770404355627726,False,False,False,-5.862060715476186,5.862060715476186,0.2025450223495114,False,LOW,POINT_BELOW_LIMIT,20-30%
C09533,L5,ASIC,124.24,1.21,11.6484,14.2312,20.877,56.787,1.2306,1.4928,2.3541,7.9757,Absolute_Failure,50.0,batch_5,2.582799999999999,53.36937673047439,34.98417455266052,71.75457890828825,36.77040435562773,True,True,True,3.417623269525613,3.417623269525613,0.9894235542235542,True,HIGH,POINT_ABOVE_LIMIT,90-100%
C09534,L5,DAC,125.32,1.834,11.6808,14.2666,20.0451,59.1636,1.2105,1.5127,2.2067,8.4092,Absolute_Failure,50.0,batch_5,2.5858000000000008,54.35560134398448,35.97039916617061,72.74080352179834,36.77040435562773,True,True,True,4.807998656015528,4.807998656015528,0.9865942209836948,True,HIGH,POINT_ABOVE_LIMIT,90-100%
C09535,L5,ADC,125.54,1.778,11.701,12.3495,13.9148,14.8472,1.2468,1.2889,1.4566,1.606,Normal,50.0,batch_5,0.6485000000000003,15.333334561706346,-3.0518676161075167,33.71853673952021,36.770404355627726,False,False,False,-0.4861345617063453,0.4861345617063453,0.0716779330026698,False,VERY_LOW,POINT_BELOW_LIMIT,0-10%
C09536,L5,FPGA,124.4,1.078,10.4167,10.9506,11.7298,12.8833,1.1281,1.1616,1.2342,1.4101,Normal,50.0,batch_5,0.5338999999999992,15.6104190654762,-2.774783112337662,33.99562124329006,36.77040435562772,False,False,False,-2.7271190654762005,2.7271190654762005,0.1228107728196977,False,VERY_LOW,POINT_BELOW_LIMIT,10-20%
C09537,L5,FPGA,125.54,1.11,11.6708,11.9371,12.2764,12.8529,1.2558,1.2731,1.3058,1.3819,Normal,50.0,batch_5,0.2662999999999993,14.27260625426588,-4.112595923547982,32.65780843207975,36.77040435562773,False,False,False,-1.419706254265881,1.419706254265881,0.0402917082917083,False,VERY_LOW,POINT_BELOW_LIMIT,0-10%
C09538,L5,FPGA,124.73,1.104,12.2283,12.5075,12.7306,13.212,1.2577,1.3645,1.3593,1.3895,High_Stable,50.0,batch_5,0.2791999999999994,15.045977886083367,-3.3392242917304955,33.43118006389723,36.770404355627726,False,False,False,-1.8339778860833675,1.8339778860833675,0.0126981391157861,False,VERY_LOW,POINT_BELOW_LIMIT,0-10%
C09539,L5,DAC,124.85,1.788,12.0414,12.6448,13.3435,14.7635,1.2529,1.3478,1.4047,1.6136,Normal,50.0,batch_5,0.6034000000000006,17.333306299801585,-1.051895878012278,35.718508477615444,36.77040435562772,False,False,False,-2.5698062998015843,2.5698062998015843,0.0330953899901268,False,VERY_LOW,POINT_BELOW_LIMIT,0-10%
C09540,L5,ASIC,125.38,1.221,11.7732,11.9486,11.9424,11.5798,1.2491,1.2687,1.2763,1.1963,High_Stable,50.0,batch_5,0.1754000000000015,13.002040961435798,-5.383161216378065,31.387243139249662,36.770404355627726,False,False,False,-1.4222409614357971,1.4222409614357971,0.0092774725274725,False,VERY_LOW,POINT_BELOW_LIMIT,0-10%
C09541,L5,FPGA,126.06,1.091,11.6428,13.0226,13.2177,14.2071,1.252,1.3751,1.4035,1.527,Normal,50.0,batch_5,1.3798000000000012,26.216708293722927,7.831506115909065,44.60191047153679,36.770404355627726,False,False,False,-12.009608293722929,12.009608293722929,0.3602859917257773,False,LOW,POINT_BELOW_LIMIT,30-40%
C09542,L5,ADC,125.91,1.808,11.7044,12.2256,12.9165,14.2942,1.2368,1.2785,1.3805,1.5194,Normal,50.0,batch_5,0.5212000000000003,16.733447341134557,-1.6517548366793058,35.118649518948416,36.77040435562772,False,False,False,-2.439247341134557,2.439247341134557,0.0953325309651935,False,VERY_LOW,POINT_BELOW_LIMIT,0-10%
C09543,L5,ADC,123.47,1.794,11.9889,12.4953,13.0375,13.8299,1.2549,1.2929,1.3438,1.4567,Normal,50.0,batch_5,0.5064000000000011,15.34747824107143,-3.0377239367424327,33.732680418885295,36.770404355627726,False,False,False,-1.5175782410714298,1.5175782410714298,0.0110594574507617,False,VERY_LOW,POINT_BELOW_LIMIT,0-10%
C09544,L5,DAC,125.53,1.807,12.3239,12.9228,13.7532,15.2407,1.3179,1.334,1.4434,1.6334,Normal,50.0,batch_5,0.5989000000000004,15.464974310813489,-2.9202278670003743,33.850176488627355,36.77040435562773,False,False,False,-0.2242743108134881,0.2242743108134881,0.0413450216450216,False,VERY_LOW,POINT_BELOW_LIMIT,0-10%
C09545,L5,ADC,124.42,1.807,11.9198,13.3153,18.3735,23.3441,1.2464,1.4089,1.9666,2.6458,Latent_Defect,50.0,batch_5,1.3955000000000002,30.05117452113093,11.665972343317067,48.4363766989448,36.77040435562773,False,False,False,-6.707074521130931,6.707074521130931,0.4434540746559942,False,MEDIUM,POINT_BELOW_LIMIT,40-50%
C09546,L5,ASIC,123.85,1.216,11.9744,12.8863,13.7749,15.1463,1.3032,1.3543,1.4372,1.6162,Normal,50.0,batch_5,0.911900000000001,19.421178150992056,1.0359759731781928,37.80638032880592,36.77040435562772,False,False,False,-4.274878150992056,4.274878150992056,0.0641221104059339,False,VERY_LOW,POINT_BELOW_LIMIT,0-10%
C09547,L5,ASIC,126.4,1.19,11.5361,12.5663,13.547,14.946,1.2455,1.3067,1.4488,1.6173,Normal,50.0,batch_5,1.030200000000001,19.38608178700397,1.000879609190111,37.77128396481784,36.77040435562773,False,False,False,-4.440081787003974,4.440081787003974,0.1206900624113775,False,VERY_LOW,POINT_BELOW_LIMIT,10-20%
C09548,L5,FPGA,126.0,1.119,12.1732,12.8219,14.7848,41.7001,1.2471,1.3724,1.5527,5.3422,Sudden_Anomaly,50.0,batch_5,0.6486999999999998,17.72464041696427,-0.6605617608495926,36.10984259477813,36.77040435562772,False,False,False,23.97545958303573,23.97545958303573,0.0588871870046018,False,VERY_LOW,POINT_BELOW_LIMIT,0-10%
C09549,L5,FPGA,123.58,1.111,11.1088,11.805,12.6792,13.7959,1.1372,1.2315,1.3516,1.4594,Normal,50.0,batch_5,0.6961999999999993,16.556317744041788,-1.8288844337720749,34.94151992185565,36.770404355627726,False,False,False,-2.7604177440417885,2.7604177440417885,0.112017045862634,False,VERY_LOW,POINT_BELOW_LIMIT,10-20%
C09550,L5,FPGA,125.44,1.094,11.4551,11.4595,11.4474,11.8623,1.1695,1.1803,1.2044,1.2436,High_Stable,50.0,batch_5,0.0044000000000004,12.9700257435516,-5.415176434262262,31.35522792136546,36.770404355627726,False,False,False,-1.107725743551601,1.107725743551601,0.04265720688672,False,VERY_LOW,POINT_BELOW_LIMIT,0-10%
C09551,L5,ASIC,124.26,1.19,11.6348,14.1029,19.9478,53.2406,1.2355,1.4795,2.2586,7.3369,Absolute_Failure,50.0,batch_5,2.4681,53.0026180824585,34.617415904644645,71.38782026027236,36.77040435562772,True,True,True,0.2379819175414965,0.2379819175414965,0.9910269232831151,True,HIGH,POINT_ABOVE_LIMIT,90-100%
C09552,L5,DAC,125.05,1.798,12.5405,13.2621,13.5488,14.1948,1.3044,1.416,1.4441,1.4957,Normal,50.0,batch_5,0.7216000000000005,16.21919221459937,-2.166009963214492,34.604394392413234,36.770404355627726,False,False,False,-2.02439221459937,2.02439221459937,0.0338322344322344,False,VERY_LOW,POINT_BELOW_LIMIT,0-10%
C09553,L5,ADC,126.03,1.797,11.9123,12.0311,11.8047,11.7589,1.2076,1.2452,1.2407,1.2052,High_Stable,50.0,batch_5,0.1188000000000002,13.411857691485595,-4.973344486328266,31.79705986929946,36.770404355627726,False,False,False,-1.6529576914855966,1.6529576914855966,0.0621349365894123,False,VERY_LOW,POINT_BELOW_LIMIT,0-10%
C09554,L5,DAC,124.57,1.804,11.8438,14.0631,18.5986,52.0736,1.2308,1.4951,2.0258,7.1321,Absolute_Failure,50.0,batch_5,2.2193000000000005,52.61026609240192,34.22506391458805,70.99546827021578,36.77040435562773,True,True,True,-0.5366660924019158,0.5366660924019158,0.9839605608443844,True,HIGH,POINT_ABOVE_LIMIT,90-100%
C09555,L5,ASIC,125.84,1.231,11.6698,12.5772,13.4011,14.066,1.1916,1.3426,1.4214,1.4376,Normal,50.0,batch_5,0.9073999999999992,19.47918044285713,1.0939782650432657,37.864382620671,36.77040435562773,False,False,False,-5.413180442857128,5.413180442857128,0.200436355446202,False,LOW,POINT_BELOW_LIMIT,20-30%
C09556,L5,DAC,123.5,1.792,12.0355,13.3591,13.87,14.1044,1.267,1.4465,1.4741,1.5097,Normal,50.0,batch_5,1.323599999999999,27.55457300238093,9.169370824567071,45.9397751801948,36.77040435562773,False,False,False,-13.450173002380934,13.450173002380934,0.3129050616136529,False,LOW,POINT_BELOW_LIMIT,30-40%
C09557,L5,ADC,125.89,1.774,11.4492,13.449,18.4507,25.2927,1.2079,1.3798,2.059,2.9175,Latent_Defect,50.0,batch_5,1.9998000000000005,42.16936346268942,23.784161284875555,60.55456564050328,36.77040435562773,False,True,False,-16.876663462689418,16.876663462689418,0.8166885547130615,True,HIGH,POINT_BELOW_LIMIT,80-90%
C09558,L5,ASIC,126.0,1.203,11.8121,12.8097,13.845,15.3291,1.2241,1.3317,1.4866,1.6753,Normal,50.0,batch_5,0.9976000000000004,17.59387902281748,-0.791323154996384,35.97908120063134,36.770404355627726,False,False,False,-2.2647790228174784,2.2647790228174784,0.1327198355824987,False,VERY_LOW,POINT_BELOW_LIMIT,10-20%
C09559,L5,ASIC,124.81,1.201,12.2458,12.4493,12.5653,12.522,1.2698,1.286,1.3177,1.3367,High_Stable,50.0,batch_5,0.2035,13.250587541468253,-5.13461463634561,31.63578971928212,36.770404355627726,False,False,False,-0.7285875414682526,0.7285875414682526,0.0189246034667087,False,VERY_LOW,POINT_BELOW_LIMIT,0-10%
C09560,L5,FPGA,125.42,1.134,11.6291,12.2347,12.8841,13.1271,1.1762,1.2744,1.3594,1.3906,Normal,50.0,batch_5,0.6056000000000008,15.487013463393875,-2.898188714419988,33.87221564120774,36.770404355627726,False,False,False,-2.359913463393875,2.359913463393875,0.0766280020632961,False,VERY_LOW,POINT_BELOW_LIMIT,0-10%
C09561,L5,FPGA,123.7,1.096,11.4861,12.0063,12.2553,13.5214,1.2134,1.2251,1.2923,1.4366,Normal,50.0,batch_5,0.5201999999999991,16.123867689488556,-2.261334488325307,34.509069867302415,36.77040435562772,False,False,False,-2.602467689488556,2.602467689488556,0.0718140756388434,False,VERY_LOW,POINT_BELOW_LIMIT,0-10%
C09562,L5,ADC,124.91,1.816,11.8619,12.7451,13.5959,15.1108,1.273,1.3511,1.414,1.5951,Normal,50.0,batch_5,0.8832000000000004,17.147829822519846,-1.237372355294017,35.533032000333705,36.77040435562772,False,False,False,-2.0370298225198464,2.0370298225198464,0.0648521573485667,False,VERY_LOW,POINT_BELOW_LIMIT,0-10%
C09563,L5,ADC,124.29,1.799,11.2689,11.8498,12.3711,13.9187,1.1705,1.1853,1.3311,1.4921,Normal,50.0,batch_5,0.5808999999999997,14.528519688492072,-3.8566824893217913,32.913721866305934,36.770404355627726,False,False,False,-0.6098196884920721,0.6098196884920721,0.0752232892640182,False,VERY_LOW,POINT_BELOW_LIMIT,0-10%
C09564,L5,DAC,126.99,1.793,12.0909,12.9714,13.6083,13.9664,1.2197,1.3867,1.4639,1.5108,Normal,50.0,batch_5,0.8804999999999996,22.576900013095248,4.191697835281385,40.96210219090911,36.77040435562772,False,False,False,-8.610500013095248,8.610500013095248,0.2063514255214281,False,LOW,POINT_BELOW_LIMIT,20-30%
C09565,L5,FPGA,124.14,1.084,11.3099,12.6018,13.9299,32.6946,1.174,1.3218,1.4921,3.9688,Sudden_Anomaly,50.0,batch_5,1.2919,25.512106636408703,7.12690445859484,43.89730881422257,36.77040435562773,False,False,False,7.182493363591298,7.182493363591298,0.3149360012622397,False,LOW,POINT_BELOW_LIMIT,30-40%
C09566,L5,DAC,124.07,1.785,11.5933,12.4652,12.7469,12.8853,1.2171,1.3176,1.3744,1.3636,Normal,50.0,batch_5,0.8719000000000001,19.49292155803572,1.1077193802218588,37.878123735849584,36.770404355627726,False,False,False,-6.607621558035721,6.607621558035721,0.2009445159261103,False,LOW,POINT_BELOW_LIMIT,20-30%
C09567,L5,ASIC,125.08,1.208,11.4015,13.101,16.1919,24.0681,1.186,1.4214,1.7508,2.7709,Latent_Defect,50.0,batch_5,1.6995000000000005,34.25291526805556,15.867713090241695,52.63811744586943,36.77040435562773,False,True,False,-10.18481526805556,10.18481526805556,0.6464428756030316,True,MEDIUM,POINT_BELOW_LIMIT,60-70%
C09568,L5,ADC,125.35,1.785,12.287,13.4799,14.0082,14.2478,1.2737,1.4026,1.4534,1.5139,Normal,50.0,batch_5,1.1928999999999998,20.607471129103537,2.2222689512896743,38.9926733069174,36.77040435562772,False,False,False,-6.359671129103537,6.359671129103537,0.1222733944904997,False,VERY_LOW,POINT_BELOW_LIMIT,10-20%
C09569,L5,DAC,123.9,1.802,11.7614,12.8735,13.5324,14.6471,1.1925,1.3542,1.4808,1.6191,Normal,50.0,batch_5,1.1121,21.9358573188492,3.550655141035339,40.32105949666307,36.77040435562773,False,False,False,-7.288757318849202,7.288757318849202,0.3662225397296024,False,LOW,POINT_BELOW_LIMIT,30-40%
C09570,L5,ADC,123.8,1.814,12.0078,13.4957,17.4644,24.7644,1.2321,1.4173,1.9085,2.8487,Latent_Defect,50.0,batch_5,1.4878999999999998,36.9272976923611,18.54209551454724,55.31249987017496,36.77040435562772,False,True,False,-12.162897692361105,12.162897692361105,0.5784370824075791,True,MEDIUM,POINT_BELOW_LIMIT,50-60%
C09571,L5,ASIC,126.58,1.202,11.3878,12.5555,14.5338,21.1419,1.2145,1.3227,1.5604,2.3846,Latent_Defect,50.0,batch_5,1.1677,21.083682558928587,2.698480381114724,39.46888473674245,36.77040435562773,False,False,False,0.0582174410714131,0.0582174410714131,0.2098493748888821,False,LOW,POINT_BELOW_LIMIT,20-30%
C09572,L5,DAC,126.68,1.774,11.9533,13.4563,15.6917,19.858,1.2283,1.4208,1.6561,2.2117,Latent_Defect,50.0,batch_5,1.503,35.29508158422618,16.90987940641232,53.68028376204005,36.77040435562773,False,True,False,-15.43708158422618,15.43708158422618,0.5254324082865879,True,MEDIUM,POINT_BELOW_LIMIT,50-60%
C09573,L5,ASIC,124.58,1.217,10.9997,13.324,18.7746,53.4122,1.1722,1.4124,2.0345,7.3207,Absolute_Failure,50.0,batch_5,2.324299999999999,51.091454112980735,32.706251935166875,69.4766562907946,36.77040435562772,True,True,True,2.320745887019264,2.320745887019264,0.9452955839735152,True,HIGH,POINT_ABOVE_LIMIT,90-100%
C09574,L5,ASIC,124.81,1.196,11.6637,12.0381,12.7907,13.9978,1.2189,1.2926,1.3335,1.4737,Normal,50.0,batch_5,0.3743999999999996,16.29219477599205,-2.0930074018218114,34.67739695380591,36.77040435562772,False,False,False,-2.2943947759920515,2.2943947759920515,0.0688961041255798,False,VERY_LOW,POINT_BELOW_LIMIT,0-10%
C09575,L5,ADC,125.63,1.788,11.3882,12.6163,13.4424,14.6118,1.1819,1.2884,1.4527,1.5561,Normal,50.0,batch_5,1.2281000000000013,24.057289299945893,5.67208712213203,42.44249147775976,36.77040435562773,False,False,False,-9.445489299945892,9.445489299945892,0.3035315878300665,False,LOW,POINT_BELOW_LIMIT,30-40%
C09576,L5,DAC,125.19,1.809,12.4241,13.3486,14.1644,14.2482,1.2796,1.4463,1.5387,1.5179,Normal,50.0,batch_5,0.9245,19.242213368213463,0.8570111903996,37.62741554602732,36.77040435562772,False,False,False,-4.994013368213462,4.994013368213462,0.1049050194559482,False,VERY_LOW,POINT_BELOW_LIMIT,10-20%
C09577,L5,FPGA,125.95,1.104,12.3302,12.3294,12.6869,12.6717,1.2874,1.2961,1.3305,1.3043,High_Stable,50.0,batch_5,-0.0007999999999999,12.87296103045636,-5.512241147357504,31.258163208270226,36.770404355627726,False,False,False,-0.2012610304563598,0.2012610304563598,0.0146015873015873,False,VERY_LOW,POINT_BELOW_LIMIT,0-10%
C09578,L5,ADC,125.97,1.806,12.0271,12.7483,13.0386,13.3906,1.2815,1.3473,1.3901,1.3955,Normal,50.0,batch_5,0.7211999999999996,19.789841202876985,1.404639025063119,38.175043380690845,36.770404355627726,False,False,False,-6.399241202876983,6.399241202876983,0.0808394069982305,False,VERY_LOW,POINT_BELOW_LIMIT,0-10%
C09579,L5,DAC,124.92,1.794,12.289,12.7212,12.866,13.9427,1.2412,1.3123,1.3953,1.4914,Normal,50.0,batch_5,0.4321999999999999,17.411674984623033,-0.9735271931908294,35.7968771624369,36.77040435562773,False,False,False,-3.468974984623033,3.468974984623033,0.1665437662354844,False,LOW,POINT_BELOW_LIMIT,10-20%
C09580,L5,DAC,124.38,1.792,12.0999,12.6616,13.7932,14.7667,1.2294,1.3189,1.5042,1.5699,Normal,50.0,batch_5,0.5617000000000001,16.40945591597222,-1.9757462618416424,34.79465809378608,36.770404355627726,False,False,False,-1.64275591597222,1.64275591597222,0.1339049722555005,False,VERY_LOW,POINT_BELOW_LIMIT,10-20%
C09581,L5,DAC,124.77,1.796,11.8711,12.2407,12.9787,13.1331,1.2597,1.2915,1.3364,1.4079,Normal,50.0,batch_5,0.3696000000000001,14.871010977777772,-3.514191200036091,33.25621315559164,36.77040435562773,False,False,False,-1.737910977777771,1.737910977777771,0.0173714285714285,False,VERY_LOW,POINT_BELOW_LIMIT,0-10%
C09582,L5,ADC,124.0,1.796,11.7939,12.6434,13.1639,14.6505,1.2126,1.3584,1.3216,1.5595,Normal,50.0,batch_5,0.849499999999999,18.090943073427944,-0.2942591043859188,36.4761452512418,36.77040435562772,False,False,False,-3.4404430734279448,3.4404430734279448,0.2489678686546796,False,LOW,POINT_BELOW_LIMIT,20-30%
C09583,L5,ASIC,125.66,1.207,11.853,14.0997,19.8577,58.1115,1.1951,1.57,2.2043,8.2566,Absolute_Failure,50.0,batch_5,2.2467000000000006,52.752739733317725,34.36753755550386,71.13794191113159,36.77040435562773,True,True,True,5.358760266682275,5.358760266682275,0.9735916638916636,True,HIGH,POINT_ABOVE_LIMIT,90-100%
C09584,L5,ASIC,124.83,1.189,11.3939,12.4047,13.2231,13.8831,1.194,1.2879,1.3879,1.4534,Normal,50.0,batch_5,1.0107999999999997,18.946735521188387,0.5615333433745242,37.33193769900225,36.77040435562773,False,False,False,-5.063635521188386,5.063635521188386,0.2583365977387205,False,LOW,POINT_BELOW_LIMIT,20-30%
C09585,L5,FPGA,125.83,1.122,12.1278,12.3231,12.4271,12.3161,1.3076,1.3593,1.3311,1.2686,High_Stable,50.0,batch_5,0.1952999999999995,13.750306314186505,-4.634895863627358,32.13550849200037,36.770404355627726,False,False,False,-1.434206314186504,1.434206314186504,0.0174816017316017,False,VERY_LOW,POINT_BELOW_LIMIT,0-10%
C09586,L5,FPGA,125.81,1.089,11.2461,13.2638,22.8158,50.7816,1.1867,1.4145,2.5834,6.8796,Absolute_Failure,50.0,batch_5,2.0177,38.683254548133135,20.298052370319272,57.068456725947,36.77040435562773,False,True,True,12.098345451866862,12.098345451866862,0.8080427034763336,True,HIGH,POINT_BELOW_LIMIT,80-90%
C09587,L5,FPGA,125.95,1.086,11.3802,12.1568,12.7435,13.4987,1.162,1.234,1.3632,1.4182,Normal,50.0,batch_5,0.7766000000000002,19.122023119047626,0.7368209412337627,37.50722529686149,36.77040435562773,False,False,False,-5.623323119047626,5.623323119047626,0.3141343104782623,False,LOW,POINT_BELOW_LIMIT,30-40%
C09588,L5,FPGA,125.4,1.091,11.4615,12.2429,13.3452,13.9313,1.2346,1.2592,1.3955,1.4405,Normal,50.0,batch_5,0.7814000000000014,19.6194105126984,1.2342083348845383,38.00461269051226,36.77040435562772,False,False,False,-5.688110512698401,5.688110512698401,0.1893716037982538,False,LOW,POINT_BELOW_LIMIT,10-20%
C09589,L5,FPGA,128.14,1.096,11.3649,11.994,12.9607,13.6214,1.1798,1.2453,1.3753,1.4501,Normal,50.0,batch_5,0.6290999999999993,19.57201599173643,1.1868138139225657,37.95721816955029,36.77040435562772,False,False,False,-5.950615991736429,5.950615991736429,0.1570034554927357,False,LOW,POINT_BELOW_LIMIT,10-20%
C09590,L5,ASIC,125.76,1.201,11.3141,12.6995,15.8006,57.6477,1.1561,1.3458,1.6939,8.1474,Absolute_Failure,50.0,batch_5,1.3854000000000006,28.95638739682541,10.571185219011545,47.34158957463927,36.77040435562773,False,False,True,28.691312603174595,28.691312603174595,0.4840723058344116,False,MEDIUM,POINT_BELOW_LIMIT,40-50%
C09591,L5,ADC,124.63,1.79,12.1792,13.2963,14.877,15.1142,1.2785,1.387,1.6216,1.6039,Normal,50.0,batch_5,1.1171000000000006,18.13514254090908,-0.2500596369047834,36.52034471872294,36.77040435562772,False,False,False,-3.020942540909079,3.020942540909079,0.0683980852480852,False,VERY_LOW,POINT_BELOW_LIMIT,0-10%
C09592,L5,FPGA,125.6,1.093,12.2489,13.7207,20.5296,55.4508,1.266,1.4484,2.2871,7.7152,Absolute_Failure,50.0,batch_5,1.4718,31.02808176117427,12.642879583360408,49.41328393898813,36.77040435562772,False,False,True,24.42271823882573,24.42271823882573,0.5549132927368121,True,MEDIUM,POINT_BELOW_LIMIT,50-60%
C09593,L5,ADC,124.98,1.792,11.5766,12.3809,12.4626,13.8886,1.2025,1.2946,1.2732,1.5017,Normal,50.0,batch_5,0.8043000000000013,16.231492908928576,-2.1537092688852866,34.61669508674244,36.770404355627726,False,False,False,-2.342892908928576,2.342892908928576,0.1051624062809209,False,VERY_LOW,POINT_BELOW_LIMIT,10-20%
C09594,L5,DAC,124.87,1.795,12.4107,13.387,14.0934,14.8599,1.3259,1.419,1.4973,1.5991,Normal,50.0,batch_5,0.9763000000000002,17.125096395773486,-1.2601057820403767,35.51029857358735,36.770404355627726,False,False,False,-2.2651963957734864,2.2651963957734864,0.0631765046700805,False,VERY_LOW,POINT_BELOW_LIMIT,0-10%
C09595,L5,ASIC,124.84,1.209,11.8054,11.8179,11.8705,11.8192,1.2238,1.2672,1.2717,1.282,High_Stable,50.0,batch_5,0.0124999999999992,12.860407096825394,-5.5247950809884685,31.245609274639257,36.770404355627726,False,False,False,-1.041207096825394,1.041207096825394,0.00445,False,VERY_LOW,POINT_BELOW_LIMIT,0-10%
C09596,L5,ASIC,124.87,1.174,12.0189,13.329,13.9232,15.1647,1.2888,1.3913,1.4894,1.6327,Normal,50.0,batch_5,1.3101000000000005,24.430331007043662,6.045128829229803,42.81553318485753,36.770404355627726,False,False,False,-9.265631007043666,9.265631007043666,0.2075042438529448,False,LOW,POINT_BELOW_LIMIT,20-30%
C09597,L5,DAC,126.25,1.801,12.4092,13.3789,14.3882,15.4869,1.2852,1.4025,1.4873,1.6479,Normal,50.0,batch_5,0.9696999999999996,21.19010557569085,2.8049033978769917,39.57530775350472,36.770404355627726,False,False,False,-5.703205575690854,5.703205575690854,0.330831949651531,False,LOW,POINT_BELOW_LIMIT,30-40%
C09598,L5,ADC,124.18,1.811,12.1926,12.5839,13.6859,31.2477,1.2925,1.3333,1.4606,3.796,Sudden_Anomaly,50.0,batch_5,0.3912999999999993,15.9042140333275,-2.480988144486364,34.28941621114136,36.77040435562772,False,False,False,15.3434859666725,15.3434859666725,0.0487791104835996,False,VERY_LOW,POINT_BELOW_LIMIT,0-10%
C09599,L5,ASIC,125.53,1.223,11.3836,12.4631,13.6856,14.3289,1.1686,1.2821,1.4553,1.5131,Normal,50.0,batch_5,1.0795000000000012,19.402576167857152,1.0173739900432892,37.787778345671015,36.770404355627726,False,False,False,-5.073676167857151,5.073676167857151,0.2298620528494852,False,LOW,POINT_BELOW_LIMIT,20-30%
C09600,L5,DAC,126.71,1.819,12.402,13.813,21.6056,51.0493,1.2904,1.4595,2.4208,6.9093,Absolute_Failure,50.0,batch_5,1.4110000000000014,27.544050489486573,9.15884831167271,45.92925266730043,36.77040435562772,False,False,True,23.50524951051343,23.50524951051343,0.3894902311930661,False,LOW,POINT_BELOW_LIMIT,30-40%
C09601,L5,FPGA,124.49,1.104,11.0701,12.3407,13.5557,14.7711,1.1025,1.3058,1.4714,1.55,Normal,50.0,batch_5,1.2706,23.141390919815954,4.756188742002092,41.52659309762981,36.77040435562772,False,False,False,-8.370290919815954,8.370290919815954,0.2472565134443785,False,LOW,POINT_BELOW_LIMIT,20-30%
C09602,L5,ADC,124.05,1.783,11.8605,12.7004,13.7931,14.9211,1.2282,1.3549,1.5511,1.6002,Normal,50.0,batch_5,0.8399000000000001,17.420459522619048,-0.9647426551948152,35.80566170043291,36.77040435562772,False,False,False,-2.4993595226190486,2.4993595226190486,0.1616303086748132,False,LOW,POINT_BELOW_LIMIT,10-20%
C09603,L5,FPGA,127.23,1.083,11.8618,12.3835,13.237,14.6141,1.2518,1.2553,1.4202,1.5661,Normal,50.0,batch_5,0.5216999999999992,16.052388104112552,-2.3328140737013108,34.43759028192642,36.77040435562773,False,False,False,-1.4382881041125517,1.4382881041125517,0.0340677489177489,False,VERY_LOW,POINT_BELOW_LIMIT,0-10%
C09604,L5,ADC,126.76,1.785,11.7983,13.1949,14.1063,15.4082,1.2027,1.4209,1.4586,1.6044,Normal,50.0,batch_5,1.3966000000000012,31.57885881716269,13.193656639348829,49.96406099497655,36.77040435562772,False,False,False,-16.17065881716269,16.17065881716269,0.4690059671939743,False,MEDIUM,POINT_BELOW_LIMIT,40-50%
C09605,L5,FPGA,124.53,1.104,11.6801,12.7118,14.4455,26.9415,1.2317,1.3135,1.4688,3.1092,Sudden_Anomaly,50.0,batch_5,1.0317000000000007,16.427133993871408,-1.958068183942455,34.812336171685274,36.77040435562773,False,False,False,10.514366006128594,10.514366006128594,0.1406978942900923,False,VERY_LOW,POINT_BELOW_LIMIT,10-20%
C09606,L5,ASIC,127.08,1.173,11.9866,12.9439,15.5153,54.7943,1.2928,1.3774,1.6777,7.5905,Absolute_Failure,50.0,batch_5,0.9573,18.40699488881673,0.0217927110028668,36.79219706663059,36.770404355627726,False,False,True,36.38730511118327,36.38730511118327,0.1362715164496292,False,VERY_LOW,POINT_BELOW_LIMIT,10-20%
C09607,L5,ASIC,125.49,1.212,11.8015,12.8998,13.4354,14.7893,1.2447,1.3447,1.4017,1.5834,Normal,50.0,batch_5,1.0983,17.716278022619054,-0.6689241551948086,36.10148020043292,36.770404355627726,False,False,False,-2.9269780226190534,2.9269780226190534,0.1186110846184072,False,VERY_LOW,POINT_BELOW_LIMIT,10-20%
C09608,L5,FPGA,124.68,1.11,11.1835,11.9864,12.6248,13.3628,1.1652,1.3018,1.3501,1.4212,Normal,50.0,batch_5,0.8028999999999993,16.319680664150436,-2.065521513663427,34.7048828419643,36.770404355627726,False,False,False,-2.956880664150436,2.956880664150436,0.1701247801733869,False,LOW,POINT_BELOW_LIMIT,10-20%
C09609,L5,ASIC,125.82,1.181,11.2747,12.0353,12.7416,14.3688,1.188,1.2482,1.3225,1.5503,Normal,50.0,batch_5,0.7606000000000002,18.196667684523828,-0.1885344932900352,36.58186986233769,36.770404355627726,False,False,False,-3.8278676845238273,3.8278676845238273,0.0883703187765106,False,VERY_LOW,POINT_BELOW_LIMIT,0-10%
C09610,L5,ASIC,124.77,1.213,11.4238,12.1285,14.7319,22.4633,1.2168,1.3024,1.592,2.5578,Latent_Defect,50.0,batch_5,0.7047000000000008,17.065055279828822,-1.3201468979850404,35.450257457642685,36.770404355627726,False,False,False,5.398244720171178,5.398244720171178,0.0928888501595023,False,VERY_LOW,POINT_BELOW_LIMIT,0-10%
C09611,L5,ASIC,125.58,1.22,11.7874,12.0065,12.0569,12.2902,1.2495,1.2432,1.239,1.307,High_Stable,50.0,batch_5,0.2191000000000009,14.133875900324686,-4.251326277489177,32.51907807813855,36.770404355627726,False,False,False,-1.8436759003246848,1.8436759003246848,0.0257642135642135,False,VERY_LOW,POINT_BELOW_LIMIT,0-10%
C09612,L5,ADC,124.46,1.778,11.6218,11.8631,11.9975,12.703,1.2236,1.2604,1.2022,1.3264,Normal,50.0,batch_5,0.2412999999999989,15.132769063591264,-3.252433114222597,33.51797124140513,36.770404355627726,False,False,False,-2.429769063591266,2.429769063591266,0.0255182706182706,False,VERY_LOW,POINT_BELOW_LIMIT,0-10%
C09613,L5,ADC,127.58,1.8,12.7645,12.7386,13.0119,13.0456,1.3193,1.3736,1.3564,1.3819,High_Stable,50.0,batch_5,-0.0259,15.19658061954366,-3.188621558270203,33.58178279735752,36.77040435562772,False,False,False,-2.15098061954366,2.15098061954366,0.057251214961509,False,VERY_LOW,POINT_BELOW_LIMIT,0-10%
C09614,L5,ASIC,125.74,1.19,11.3143,11.7886,12.2449,14.0467,1.1968,1.1903,1.3057,1.5177,Normal,50.0,batch_5,0.4743000000000013,15.314444563591264,-3.0707576142225985,33.699646741405125,36.770404355627726,False,False,False,-1.2677445635912648,1.2677445635912648,0.0330810451846055,False,VERY_LOW,POINT_BELOW_LIMIT,0-10%
C09615,L5,ASIC,124.7,1.169,10.7194,11.9049,12.8235,14.1888,1.1385,1.199,1.3484,1.4827,Normal,50.0,batch_5,1.185499999999999,23.4941224407051,5.108920262891239,41.87932461851896,36.770404355627726,False,False,False,-9.3053224407051,9.3053224407051,0.1522088305800379,False,LOW,POINT_BELOW_LIMIT,10-20%
C09616,L5,ADC,125.27,1.788,11.9857,12.8523,13.7981,14.7078,1.2638,1.3371,1.4553,1.558,Normal,50.0,batch_5,0.8666,16.28368330456349,-2.101518873250374,34.66888548237735,36.77040435562772,False,False,False,-1.5758833045634884,1.5758833045634884,0.0629164363414363,False,VERY_LOW,POINT_BELOW_LIMIT,0-10%
C09617,L5,DAC,125.57,1.767,11.9824,12.6929,13.2517,13.9349,1.2951,1.3378,1.448,1.446,Normal,50.0,batch_5,0.7104999999999997,18.492438671726195,0.1072364939123318,36.87764084954006,36.770404355627726,False,False,False,-4.557538671726194,4.557538671726194,0.0877662981239606,False,VERY_LOW,POINT_BELOW_LIMIT,0-10%
C09618,L5,ASIC,125.83,1.227,11.7571,12.1007,14.7517,54.4395,1.2278,1.2536,1.595,7.5414,Absolute_Failure,50.0,batch_5,0.3436000000000003,16.82323359910714,-1.561968578706722,35.20843577692101,36.77040435562773,False,False,True,37.61626640089286,37.61626640089286,0.1112879575992276,False,VERY_LOW,POINT_BELOW_LIMIT,10-20%
C09619,L5,DAC,125.56,1.784,12.3637,12.9399,14.1519,34.352,1.3219,1.3661,1.4741,4.2204,Sudden_Anomaly,50.0,batch_5,0.5762,15.216206082936502,-3.168996094877361,33.60140826075036,36.77040435562772,False,False,False,19.13579391706349,19.13579391706349,0.0101943833943833,False,VERY_LOW,POINT_BELOW_LIMIT,0-10%
C09620,L5,DAC,125.25,1.798,11.8622,12.126,12.8708,13.2742,1.2417,1.2326,1.3627,1.4243,Normal,50.0,batch_5,0.2637999999999998,13.508045534424609,-4.877156643389254,31.89324771223847,36.770404355627726,False,False,False,-0.2338455344246082,0.2338455344246082,0.0258055555555555,False,VERY_LOW,POINT_BELOW_LIMIT,0-10%
C09621,L5,ASIC,124.47,1.204,11.5163,12.299,12.8507,13.1816,1.2595,1.3009,1.3467,1.3798,Normal,50.0,batch_5,0.7827000000000002,17.372453500682767,-1.0127486771310965,35.75765567849663,36.77040435562773,False,False,False,-4.190853500682767,4.190853500682767,0.0775728441493147,False,VERY_LOW,POINT_BELOW_LIMIT,0-10%
C09622,L5,ADC,125.49,1.807,11.9449,12.3633,12.3389,13.7602,1.2425,1.2969,1.3087,1.4328,Normal,50.0,batch_5,0.4184000000000001,16.308861982280227,-2.076340195533636,34.694064160094086,36.77040435562772,False,False,False,-2.548661982280228,2.548661982280228,0.0566659451659451,False,VERY_LOW,POINT_BELOW_LIMIT,0-10%
C09623,L5,ASIC,125.66,1.203,11.7329,12.2092,12.5179,12.9595,1.2258,1.2841,1.2945,1.3388,Normal,50.0,batch_5,0.4762999999999984,15.03422008452382,-3.3509820932900425,33.41942226233768,36.770404355627726,False,False,False,-2.07472008452382,2.07472008452382,0.0381690415793357,False,VERY_LOW,POINT_BELOW_LIMIT,0-10%
C09624,L5,ASIC,125.05,1.208,11.4065,11.3949,11.4732,11.9496,1.1873,1.2007,1.1994,1.2559,High_Stable,50.0,batch_5,-0.0115999999999996,12.36760745049603,-6.017594727317833,30.75280962830989,36.770404355627726,False,False,False,-0.4180074504960291,0.4180074504960291,0.0294893051393051,False,VERY_LOW,POINT_BELOW_LIMIT,0-10%
C09625,L5,ASIC,125.36,1.192,11.154,12.6558,14.7917,29.6503,1.1032,1.2635,1.5811,3.5014,Sudden_Anomaly,50.0,batch_5,1.5017999999999994,34.72826984335319,16.343067665539326,53.113472021167055,36.77040435562773,False,True,False,-5.077969843353188,5.077969843353188,0.577607699117562,True,MEDIUM,POINT_BELOW_LIMIT,50-60%
C09626,L5,ASIC,125.49,1.194,11.8628,12.5688,13.452,14.9217,1.2565,1.3593,1.4631,1.6138,Normal,50.0,batch_5,0.7059999999999995,17.308829560714283,-1.0763726170995795,35.694031738528146,36.770404355627726,False,False,False,-2.387129560714284,2.387129560714284,0.0572167512226335,False,VERY_LOW,POINT_BELOW_LIMIT,0-10%
C09627,L5,DAC,125.14,1.812,12.4658,12.9672,13.9313,14.8972,1.2609,1.3659,1.5202,1.5801,Normal,50.0,batch_5,0.5014000000000003,18.46730923125,0.0821070534361361,36.852511409063865,36.77040435562773,False,False,False,-3.570109231249999,3.570109231249999,0.0460771756021756,False,VERY_LOW,POINT_BELOW_LIMIT,0-10%
C09628,L5,DAC,126.04,1.778,12.2496,13.2127,14.2468,15.5293,1.3079,1.3899,1.4775,1.6876,Normal,50.0,batch_5,0.9631000000000008,24.93110249943245,6.545900321618586,43.31630467724631,36.77040435562772,False,False,False,-9.40180249943245,9.40180249943245,0.4730039065991241,False,MEDIUM,POINT_BELOW_LIMIT,40-50%
C09629,L5,ASIC,125.26,1.194,11.0876,12.079,12.8478,14.0667,1.1547,1.3011,1.3559,1.4981,Normal,50.0,batch_5,0.9914000000000004,19.162853795238096,0.7776516174242332,37.54805597305196,36.770404355627726,False,False,False,-5.096153795238095,5.096153795238095,0.1649884423086744,False,LOW,POINT_BELOW_LIMIT,10-20%
C09630,L5,ASIC,124.79,1.17,11.5305,11.3529,11.6189,11.9898,1.2085,1.1991,1.1923,1.224,High_Stable,50.0,batch_5,-0.1775999999999999,12.2453001296627,-6.139902048151164,30.63050230747656,36.770404355627726,False,False,False,-0.255500129662698,0.255500129662698,0.0193580086580086,False,VERY_LOW,POINT_BELOW_LIMIT,0-10%
C09631,L5,DAC,124.46,1.796,11.8807,12.2539,12.6575,13.4358,1.2286,1.2693,1.3172,1.415,Normal,50.0,batch_5,0.3732000000000006,14.648309143697777,-3.736893034116088,33.03351132151164,36.770404355627726,False,False,False,-1.2125091436977744,1.2125091436977744,0.0083618881118881,False,VERY_LOW,POINT_BELOW_LIMIT,0-10%
C09632,L5,ASIC,124.88,1.173,11.731,12.6791,16.8576,24.1919,1.251,1.3376,1.8133,2.7768,Latent_Defect,50.0,batch_5,0.9481000000000002,16.561292272916663,-1.8239099048971996,34.946494450730526,36.770404355627726,False,False,False,7.630607727083337,7.630607727083337,0.0449464285714285,False,VERY_LOW,POINT_BELOW_LIMIT,0-10%
C09633,L5,FPGA,125.38,1.087,11.7371,12.2875,13.0945,13.9486,1.2032,1.3184,1.336,1.4961,Normal,50.0,batch_5,0.5503999999999998,16.27716082606075,-2.108041351753112,34.66236300387462,36.77040435562773,False,False,False,-2.32856082606075,2.32856082606075,0.1388197770302052,False,VERY_LOW,POINT_BELOW_LIMIT,10-20%
C09634,L5,DAC,125.9,1.78,12.3726,12.7343,13.2999,14.0862,1.2932,1.2966,1.3622,1.4816,Normal,50.0,batch_5,0.361699999999999,15.770622739384931,-2.6145794384289296,34.1558249171988,36.77040435562773,False,False,False,-1.6844227393849334,1.6844227393849334,0.0434158788923494,False,VERY_LOW,POINT_BELOW_LIMIT,0-10%
C09635,L5,ASIC,125.06,1.165,11.2459,11.4743,11.2011,11.43,1.1399,1.2034,1.1915,1.172,High_Stable,50.0,batch_5,0.2283999999999988,15.25062352359861,-3.134578654215252,33.63582570141247,36.770404355627726,False,False,False,-3.820623523598611,3.820623523598611,0.189884081639035,False,LOW,POINT_BELOW_LIMIT,10-20%
C09636,L5,DAC,125.81,1.801,12.1463,13.298,13.8499,14.4578,1.2346,1.4177,1.4023,1.5031,Normal,50.0,batch_5,1.1517,22.510110261011896,4.124908083198033,40.89531243882576,36.77040435562772,False,False,False,-8.052310261011895,8.052310261011895,0.1955798428903671,False,LOW,POINT_BELOW_LIMIT,10-20%
C09637,L5,FPGA,125.8,1.116,11.8608,11.9313,11.8521,12.0928,1.2255,1.2434,1.203,1.2756,High_Stable,50.0,batch_5,0.0705000000000009,12.367496337202384,-6.01770584061148,30.752698515016245,36.770404355627726,False,False,False,-0.274696337202382,0.274696337202382,0.0049696969696969,False,VERY_LOW,POINT_BELOW_LIMIT,0-10%
C09638,L5,ASIC,125.89,1.181,11.731,13.3521,17.4117,25.1066,1.2136,1.4304,1.8534,2.9,Latent_Defect,50.0,batch_5,1.6211000000000002,32.606964277777784,14.221762099963922,50.99216645559165,36.77040435562772,False,True,False,-7.500364277777784,7.500364277777784,0.505540757627878,True,MEDIUM,POINT_BELOW_LIMIT,50-60%
C09639,L5,FPGA,125.57,1.139,11.5926,11.9578,12.591,13.3489,1.2304,1.2321,1.3119,1.4318,Normal,50.0,batch_5,0.3652000000000015,14.221199286471863,-4.164002891341999,32.606401464285725,36.770404355627726,False,False,False,-0.8722992864718631,0.8722992864718631,0.0313856541606541,False,VERY_LOW,POINT_BELOW_LIMIT,0-10%
C09640,L5,FPGA,125.88,1.112,12.4231,13.4214,13.8084,15.0993,1.251,1.4064,1.4812,1.644,Normal,50.0,batch_5,0.9983000000000004,18.7306138841234,0.3454117063095339,37.11581606193726,36.770404355627726,False,False,False,-3.631313884123397,3.631313884123397,0.1326554140619155,False,VERY_LOW,POINT_BELOW_LIMIT,10-20%
C09641,L5,ASIC,125.74,1.201,11.3175,11.7932,12.5108,13.8608,1.1956,1.2362,1.3354,1.4941,Normal,50.0,batch_5,0.4756999999999998,15.479828809316386,-2.905373368497477,33.86503098713025,36.770404355627726,False,False,False,-1.6190288093163865,1.6190288093163865,0.0532828636276004,False,VERY_LOW,POINT_BELOW_LIMIT,0-10%
C09642,L5,FPGA,124.65,1.092,11.0832,12.2062,12.9022,13.8497,1.1196,1.2999,1.3663,1.4471,Normal,50.0,batch_5,1.123000000000001,20.26762688476904,1.8824247069551772,38.6528290625829,36.770404355627726,False,False,False,-6.41792688476904,6.41792688476904,0.1690551623220858,False,LOW,POINT_BELOW_LIMIT,10-20%
C09643,L5,FPGA,126.12,1.097,11.3505,12.1944,12.7752,13.7926,1.1839,1.2705,1.3284,1.4722,Normal,50.0,batch_5,0.8438999999999997,16.360249429939905,-2.0249527478739573,34.745451607753765,36.77040435562772,False,False,False,-2.5676494299399053,2.5676494299399053,0.0977203588894765,False,VERY_LOW,POINT_BELOW_LIMIT,0-10%
C09644,L5,DAC,124.4,1.8,12.2631,12.527,12.4131,12.8472,1.2586,1.2886,1.2862,1.3772,High_Stable,50.0,batch_5,0.2638999999999996,14.3563086540404,-4.028893523773464,32.741510831854264,36.770404355627726,False,False,False,-1.5091086540403982,1.5091086540403982,0.0114761904761904,False,VERY_LOW,POINT_BELOW_LIMIT,0-10%
C09645,L5,ASIC,124.75,1.194,11.3594,12.3078,14.7483,36.8186,1.1798,1.3139,1.5792,4.5855,Sudden_Anomaly,50.0,batch_5,0.9483999999999996,18.235277722420623,-0.1499244553932399,36.620479900234486,36.770404355627726,False,False,False,18.58332227757938,18.58332227757938,0.0725430811975548,False,VERY_LOW,POINT_BELOW_LIMIT,0-10%
C09646,L5,DAC,124.68,1.818,11.8145,13.4098,15.8559,57.3244,1.3016,1.4328,1.7511,8.0881,Absolute_Failure,50.0,batch_5,1.5953,37.03983622182539,18.654634044011527,55.42503839963925,36.77040435562772,False,True,True,20.284563778174608,20.284563778174608,0.6349174903072132,True,MEDIUM,POINT_BELOW_LIMIT,60-70%
C09647,L5,ADC,123.81,1.798,11.7179,12.428,13.1389,14.1514,1.2466,1.3063,1.3464,1.5307,Normal,50.0,batch_5,0.7101000000000006,16.88023766339285,-1.5049645144210118,35.265439841206714,36.770404355627726,False,False,False,-2.7288376633928504,2.7288376633928504,0.1065112484350874,False,VERY_LOW,POINT_BELOW_LIMIT,10-20%
C09648,L5,FPGA,125.91,1.092,11.5834,12.6355,15.2789,41.9423,1.1766,1.3946,1.6551,5.4294,Sudden_Anomaly,50.0,batch_5,1.0521000000000011,22.104665663095236,3.71946348528137,40.4898678409091,36.77040435562773,False,False,False,19.83763433690477,19.83763433690477,0.162313417914626,False,LOW,POINT_BELOW_LIMIT,10-20%
C09649,L5,ASIC,124.92,1.201,12.0708,13.1261,15.5842,31.1376,1.292,1.3731,1.6585,3.7546,Sudden_Anomaly,50.0,batch_5,1.055299999999999,19.0619961032738,0.6767939254599362,37.44719828108767,36.77040435562773,False,False,False,12.0756038967262,12.0756038967262,0.054669123566492,False,VERY_LOW,POINT_BELOW_LIMIT,0-10%
C09650,L5,DAC,124.76,1.805,12.4019,12.3213,12.387,12.187,1.2681,1.2956,1.3115,1.3037,High_Stable,50.0,batch_5,-0.0805999999999986,12.831406092766947,-5.553796085046914,31.216608270580814,36.770404355627726,False,False,False,-0.6444060927669497,0.6444060927669497,0.0032285714285714,False,VERY_LOW,POINT_BELOW_LIMIT,0-10%
C09651,L5,DAC,124.3,1.803,11.6555,12.5043,13.9547,38.5523,1.1636,1.2965,1.4908,4.833,Sudden_Anomaly,50.0,batch_5,0.8488000000000007,20.445147732142875,2.059945554329012,38.83034990995674,36.770404355627726,False,False,False,18.107152267857128,18.107152267857128,0.1369897005385394,False,VERY_LOW,POINT_BELOW_LIMIT,10-20%
C09652,L5,ASIC,123.21,1.21,11.5623,12.9605,14.987,19.0338,1.1927,1.3556,1.5742,2.0744,Latent_Defect,50.0,batch_5,1.3981999999999992,30.8889587654762,12.503756587662338,49.27416094329006,36.770404355627726,False,False,False,-11.8551587654762,11.8551587654762,0.5445918886285139,True,MEDIUM,POINT_BELOW_LIMIT,50-60%
C09653,L5,ASIC,126.32,1.192,11.8986,12.0397,12.317,12.4546,1.2597,1.2297,1.2608,1.3274,High_Stable,50.0,batch_5,0.1410999999999997,13.484959692279254,-4.9002424855346085,31.87016187009312,36.770404355627726,False,False,False,-1.030359692279255,1.030359692279255,0.0619387576475811,False,VERY_LOW,POINT_BELOW_LIMIT,0-10%
C09654,L5,DAC,124.79,1.805,12.3529,13.5231,13.427,13.3618,1.2476,1.4365,1.411,1.4536,Normal,50.0,batch_5,1.1701999999999997,23.170112371446606,4.784910193632744,41.55531454926047,36.77040435562773,False,False,False,-9.808312371446606,9.808312371446606,0.1121578321246248,False,VERY_LOW,POINT_BELOW_LIMIT,10-20%
C09655,L5,ASIC,123.83,1.196,11.3448,11.5205,12.1641,13.3188,1.1727,1.203,1.275,1.3982,Normal,50.0,batch_5,0.1757000000000008,14.90032714632937,-3.484875031484492,33.28552932414323,36.770404355627726,False,False,False,-1.5815271463293712,1.5815271463293712,0.0513195526695526,False,VERY_LOW,POINT_BELOW_LIMIT,0-10%
C09656,L5,ASIC,123.23,1.178,11.6312,12.2006,12.9666,13.8296,1.2131,1.3189,1.3826,1.4019,Normal,50.0,batch_5,0.5693999999999999,18.263446134821432,-0.1217560429924304,36.648648312635295,36.770404355627726,False,False,False,-4.433846134821433,4.433846134821433,0.1939178424632988,False,LOW,POINT_BELOW_LIMIT,10-20%
C09657,L5,FPGA,125.76,1.116,11.9097,12.1461,12.0975,12.7416,1.2378,1.2844,1.2847,1.3624,High_Stable,50.0,batch_5,0.2363999999999997,13.396110182189831,-4.989091995624031,31.781312360003696,36.770404355627726,False,False,False,-0.6545101821898314,0.6545101821898314,0.0234742424242424,False,VERY_LOW,POINT_BELOW_LIMIT,0-10%
C09658,L5,ASIC,125.14,1.237,11.098,12.8724,18.1114,52.3655,1.1684,1.3797,1.9874,7.1679,Absolute_Failure,50.0,batch_5,1.7744,35.96043891153498,17.575236733721116,54.345641089348845,36.77040435562773,False,True,True,16.40506108846502,16.40506108846502,0.7999428706114375,True,HIGH,POINT_BELOW_LIMIT,70-80%
C09659,L5,DAC,125.96,1.817,11.5762,12.683,15.4277,31.4846,1.2233,1.317,1.6264,3.7832,Sudden_Anomaly,50.0,batch_5,1.1067999999999998,19.89242250196124,1.5072203241473794,38.2776246797751,36.77040435562772,False,False,False,11.592177498038758,11.592177498038758,0.1887421424494651,False,LOW,POINT_BELOW_LIMIT,10-20%
C09660,L5,FPGA,124.33,1.122,12.3712,12.7242,13.5283,13.9551,1.294,1.3247,1.446,1.4877,Normal,50.0,batch_5,0.3529999999999997,14.427177690079365,-3.9580244877345,32.81237986789323,36.770404355627726,False,False,False,-0.472077690079363,0.472077690079363,0.0135397435897435,False,VERY_LOW,POINT_BELOW_LIMIT,0-10%
C09661,L5,FPGA,125.56,1.107,10.9176,11.6625,12.2618,13.4824,1.1397,1.2575,1.2745,1.4599,Normal,50.0,batch_5,0.7448999999999995,18.607544496762248,0.2223423189483853,36.99274667457611,36.770404355627726,False,False,False,-5.125144496762248,5.125144496762248,0.0870642441209946,False,VERY_LOW,POINT_BELOW_LIMIT,0-10%
C09662,L5,ASIC,125.77,1.204,11.7264,12.8006,15.1739,18.9716,1.2147,1.3364,1.617,2.0721,Latent_Defect,50.0,batch_5,1.0741999999999994,16.048692364880953,-2.33650981293291,34.433894542694816,36.770404355627726,False,False,False,2.9229076351190457,2.9229076351190457,0.0714078328190557,False,VERY_LOW,POINT_BELOW_LIMIT,0-10%
C09663,L5,ADC,125.2,1.769,11.7411,12.7367,16.7124,53.2805,1.1871,1.3475,1.8192,7.2892,Absolute_Failure,50.0,batch_5,0.9956000000000014,17.28141082470238,-1.1037913531114825,35.66661300251624,36.770404355627726,False,False,True,35.99908917529763,35.99908917529763,0.0996230592592821,False,VERY_LOW,POINT_BELOW_LIMIT,0-10%
C09664,L5,DAC,124.2,1.826,12.4992,13.2554,14.285,15.6188,1.2722,1.394,1.5211,1.6467,Normal,50.0,batch_5,0.7561999999999998,18.62435222490079,0.2391500470869267,37.009554402714656,36.77040435562773,False,False,False,-3.0055522249007893,3.0055522249007893,0.1176955813794048,False,VERY_LOW,POINT_BELOW_LIMIT,10-20%
C09665,L5,DAC,124.4,1.779,11.5567,12.8775,13.3336,14.1474,1.2141,1.3387,1.4373,1.5031,Normal,50.0,batch_5,1.3208000000000002,34.924282115972225,16.539079938158363,53.309484293786085,36.77040435562772,False,True,False,-20.776882115972228,20.776882115972228,0.7552438548646424,True,HIGH,POINT_BELOW_LIMIT,70-80%
C09666,L5,DAC,123.92,1.788,12.4284,12.6503,13.814,14.8929,1.2723,1.3167,1.4685,1.601,Normal,50.0,batch_5,0.2218999999999997,13.898901403273817,-4.486300774540048,32.28410358108768,36.770404355627726,False,False,False,0.9939985967261844,0.9939985967261844,0.0140872636135794,False,VERY_LOW,POINT_BELOW_LIMIT,0-10%
C09667,L5,FPGA,124.44,1.108,12.3277,12.3462,12.2549,11.9681,1.2908,1.2795,1.3148,1.2201,High_Stable,50.0,batch_5,0.0184999999999995,12.743568539880952,-5.641633637932911,31.128770717694813,36.770404355627726,False,False,False,-0.7754685398809524,0.7754685398809524,0.0077427128427128,False,VERY_LOW,POINT_BELOW_LIMIT,0-10%
C09668,L5,DAC,125.57,1.8,12.0914,12.7982,13.4787,13.5553,1.2567,1.3619,1.4198,1.3813,Normal,50.0,batch_5,0.7067999999999994,18.22761282857144,-0.1575893492424249,36.6128150063853,36.77040435562773,False,False,False,-4.672312828571437,4.672312828571437,0.0234734043734043,False,VERY_LOW,POINT_BELOW_LIMIT,0-10%
C09669,L5,ADC,124.59,1.786,12.0349,13.0362,13.7392,14.3882,1.2444,1.3691,1.4463,1.5382,Normal,50.0,batch_5,1.0012999999999987,17.230316771428562,-1.154885406385301,35.61551894924243,36.77040435562773,False,False,False,-2.8421167714285627,2.8421167714285627,0.0973016695695915,False,VERY_LOW,POINT_BELOW_LIMIT,0-10%
C09670,L5,FPGA,126.11,1.129,11.7532,12.0295,13.155,27.6279,1.1966,1.2494,1.4421,3.1985,Sudden_Anomaly,50.0,batch_5,0.2763000000000009,14.601790891017323,-3.78341128679654,32.98699306883118,36.77040435562772,False,False,False,13.026109108982675,13.026109108982675,0.1027019303597645,False,VERY_LOW,POINT_BELOW_LIMIT,10-20%
C09671,L5,ASIC,125.26,1.206,11.5779,12.8248,13.1432,14.2678,1.2263,1.3751,1.3876,1.4739,Normal,50.0,batch_5,1.2469,23.792596393650808,5.407394215836945,42.17779857146467,36.770404355627726,False,False,False,-9.524796393650808,9.524796393650808,0.474626489375078,False,MEDIUM,POINT_BELOW_LIMIT,40-50%
C09672,L5,ASIC,124.48,1.203,11.3577,12.9611,17.2151,23.3426,1.1621,1.3786,1.8472,2.666,Latent_Defect,50.0,batch_5,1.6034000000000006,38.59319723216991,20.20799505435605,56.97839940998378,36.77040435562773,False,True,False,-15.250597232169913,15.250597232169913,0.7673530703991873,True,HIGH,POINT_BELOW_LIMIT,70-80%
C09673,L5,DAC,123.48,1.81,12.0674,12.4194,14.7093,38.0283,1.3007,1.2965,1.5644,4.804,Sudden_Anomaly,50.0,batch_5,0.3520000000000003,17.925019952191548,-0.4601822256223151,36.31022213000541,36.77040435562773,False,False,False,20.10328004780845,20.10328004780845,0.0656854002206943,False,VERY_LOW,POINT_BELOW_LIMIT,0-10%
C09674,L5,ADC,125.53,1.786,11.7419,11.9256,13.1946,26.211,1.2504,1.2143,1.3798,3.0677,Sudden_Anomaly,50.0,batch_5,0.1836999999999999,13.13889142757937,-5.246310750234493,31.524093605393237,36.770404355627726,False,False,False,13.072108572420628,13.072108572420628,0.0115147186147186,False,VERY_LOW,POINT_BELOW_LIMIT,0-10%
C09675,L5,FPGA,125.41,1.107,11.1255,12.0586,12.7811,14.2004,1.1825,1.2611,1.3231,1.5947,Normal,50.0,batch_5,0.9330999999999996,16.703911965823078,-1.6812902119907849,35.08911414363694,36.770404355627726,False,False,False,-2.503511965823078,2.503511965823078,0.0771044380343568,False,VERY_LOW,POINT_BELOW_LIMIT,0-10%
C09676,L5,ASIC,124.44,1.196,11.1858,12.1661,12.947,14.4909,1.1402,1.2433,1.3693,1.5225,Normal,50.0,batch_5,0.9802999999999996,17.51303172127975,-0.8721704565341142,35.89823389909361,36.770404355627726,False,False,False,-3.0221317212797487,3.0221317212797487,0.2635211506417056,False,LOW,POINT_BELOW_LIMIT,20-30%
C09677,L5,ASIC,126.01,1.203,12.1619,14.4339,19.9877,55.4521,1.307,1.5764,2.2233,7.7837,Absolute_Failure,50.0,batch_5,2.272,52.25643702826613,33.87123485045227,70.64163920608,36.77040435562773,True,True,True,3.195662971733867,3.195662971733867,0.9471647061003736,True,HIGH,POINT_ABOVE_LIMIT,90-100%
C09678,L5,ASIC,124.72,1.18,11.1931,12.4156,15.8293,20.0312,1.191,1.3562,1.7427,2.2063,Latent_Defect,50.0,batch_5,1.2225,20.938305369970998,2.553103192157131,39.32350754778486,36.770404355627726,False,False,False,-0.9071053699709956,0.9071053699709956,0.2792436757758966,False,LOW,POINT_BELOW_LIMIT,20-30%
C09679,L5,DAC,124.8,1.792,11.6369,12.1628,13.1961,14.2979,1.2097,1.2264,1.3736,1.5264,Normal,50.0,batch_5,0.5259,15.178190099900808,-3.2070120779130544,33.56339227771467,36.770404355627726,False,False,False,-0.8802900999008081,0.8802900999008081,0.0583423765776707,False,VERY_LOW,POINT_BELOW_LIMIT,0-10%
C09680,L5,ASIC,125.88,1.202,11.4859,12.7047,13.0738,14.1195,1.1956,1.3141,1.364,1.5077,Normal,50.0,batch_5,1.2188,21.30407848950217,2.918876311688312,39.68928066731604,36.77040435562773,False,False,False,-7.184578489502174,7.184578489502174,0.1964378267689967,False,LOW,POINT_BELOW_LIMIT,10-20%
C09681,L5,DAC,124.68,1.811,12.1735,12.8857,13.6616,14.5806,1.3073,1.3497,1.4786,1.5861,Normal,50.0,batch_5,0.7121999999999993,16.577126396031748,-1.8080757817821151,34.96232857384561,36.770404355627726,False,False,False,-1.9965263960317472,1.9965263960317472,0.0506397234344602,False,VERY_LOW,POINT_BELOW_LIMIT,0-10%
C09682,L5,ADC,122.81,1.804,11.8715,12.9848,13.3929,14.5927,1.1828,1.3877,1.3832,1.5929,Normal,50.0,batch_5,1.1133000000000006,23.871928898944795,5.486726721130932,42.257131076758654,36.77040435562772,False,False,False,-9.279228898944794,9.279228898944794,0.3582896798654099,False,LOW,POINT_BELOW_LIMIT,30-40%
C09683,L5,ADC,124.63,1.77,11.7994,12.7641,13.2012,14.2899,1.2502,1.3363,1.3876,1.5159,Normal,50.0,batch_5,0.9646999999999988,15.977222865972225,-2.40797931184164,34.36242504378609,36.77040435562773,False,False,False,-1.6873228659722237,1.6873228659722237,0.0318110861360861,False,VERY_LOW,POINT_BELOW_LIMIT,0-10%
C09684,L5,ASIC,125.65,1.202,11.7397,12.9519,14.2708,15.0675,1.2267,1.3679,1.5143,1.6166,Normal,50.0,batch_5,1.212200000000001,24.208950547519844,5.8237483697059815,42.59415272533371,36.770404355627726,False,False,False,-9.141450547519844,9.141450547519844,0.3280043046993023,False,LOW,POINT_BELOW_LIMIT,30-40%
C09685,L5,DAC,124.83,1.817,11.8489,12.6303,13.1686,14.2453,1.2351,1.3198,1.4414,1.5214,Normal,50.0,batch_5,0.7813999999999997,16.17126600476191,-2.213936173051952,34.55646818257577,36.77040435562772,False,False,False,-1.9259660047619107,1.9259660047619107,0.1102565081920816,False,VERY_LOW,POINT_BELOW_LIMIT,10-20%
C09686,L5,ADC,125.08,1.807,11.7025,12.4404,13.5364,13.8127,1.2528,1.2761,1.4378,1.4595,Normal,50.0,batch_5,0.7378999999999998,16.205841595716084,-2.179360582097779,34.59104377352995,36.770404355627726,False,False,False,-2.3931415957160844,2.3931415957160844,0.0753416494070384,False,VERY_LOW,POINT_BELOW_LIMIT,0-10%
C09687,L5,ADC,124.57,1.783,11.6285,12.417,13.0254,14.1362,1.191,1.2961,1.3589,1.5235,Normal,50.0,batch_5,0.7884999999999991,16.196311938293643,-2.1888902395202194,34.581514116107506,36.770404355627726,False,False,False,-2.060111938293643,2.060111938293643,0.0520397031073501,False,VERY_LOW,POINT_BELOW_LIMIT,0-10%
C09688,L5,ASIC,124.19,1.201,11.0421,11.7376,12.5912,13.3407,1.135,1.2396,1.3532,1.422,Normal,50.0,batch_5,0.6955000000000009,14.602911015034271,-3.7822911627795897,32.98811319284813,36.77040435562772,False,False,False,-1.2622110150342731,1.2622110150342731,0.0740881151712737,False,VERY_LOW,POINT_BELOW_LIMIT,0-10%
C09689,L5,ASIC,125.24,1.205,11.2916,12.1917,12.8849,36.2059,1.1337,1.3311,1.3339,4.471,Sudden_Anomaly,50.0,batch_5,0.9001000000000001,18.16961370908189,-0.2155884687319726,36.55481588689575,36.770404355627726,False,False,False,18.03628629091811,18.03628629091811,0.1918523657801965,False,LOW,POINT_BELOW_LIMIT,10-20%
C09690,L5,ASIC,124.22,1.193,12.0949,12.2088,12.3518,12.8204,1.2446,1.2396,1.3169,1.3146,High_Stable,50.0,batch_5,0.1138999999999992,13.169732357394691,-5.215469820419171,31.554934535208552,36.770404355627726,False,False,False,-0.349332357394692,0.349332357394692,0.002025974025974,False,VERY_LOW,POINT_BELOW_LIMIT,0-10%
C09691,L5,FPGA,126.05,1.093,10.7979,11.6198,12.3501,12.8036,1.1151,1.1961,1.2759,1.3757,Normal,50.0,batch_5,0.8218999999999994,14.70000355922668,-3.685198618587183,33.08520573704054,36.77040435562772,False,False,False,-1.8964035592266804,1.8964035592266804,0.0681671088984796,False,VERY_LOW,POINT_BELOW_LIMIT,0-10%
C09692,L5,DAC,124.02,1.795,11.8177,12.5544,13.6346,14.6819,1.2434,1.3315,1.4323,1.5568,Normal,50.0,batch_5,0.736699999999999,16.19028112876984,-2.194921049044023,34.575483306583706,36.77040435562773,False,False,False,-1.5083811287698392,1.5083811287698392,0.0507349483849483,False,VERY_LOW,POINT_BELOW_LIMIT,0-10%
C09693,L5,ASIC,125.33,1.219,11.0694,13.5912,19.4609,55.3891,1.1429,1.4358,2.1619,7.7068,Absolute_Failure,50.0,batch_5,2.5218000000000007,54.39557688540143,36.01037470758756,72.78077906321529,36.77040435562773,True,True,True,0.993523114598574,0.993523114598574,0.9910454353266273,True,HIGH,POINT_ABOVE_LIMIT,90-100%
C09694,L5,FPGA,125.23,1.091,11.062,11.4726,12.6679,12.8854,1.1449,1.1772,1.3506,1.3658,Normal,50.0,batch_5,0.4106000000000005,18.878238505158723,0.4930363273448606,37.263440682972586,36.770404355627726,False,False,False,-5.992838505158723,5.992838505158723,0.1641382499465253,False,LOW,POINT_BELOW_LIMIT,10-20%
C09695,L5,ASIC,124.98,1.214,11.1982,12.0448,14.6332,33.8853,1.153,1.263,1.5052,4.0768,Sudden_Anomaly,50.0,batch_5,0.8466000000000005,16.332206263128313,-2.0529959146855496,34.71740844094218,36.77040435562773,False,False,False,17.553093736871688,17.553093736871688,0.0993059934836405,False,VERY_LOW,POINT_BELOW_LIMIT,0-10%
C09696,L5,ADC,125.48,1.783,11.8429,13.3184,15.2394,23.3511,1.2248,1.4178,1.6136,2.7023,Latent_Defect,50.0,batch_5,1.4755000000000005,31.98875127033732,13.603549092523458,50.373953448151184,36.770404355627726,False,True,False,-8.637651270337322,8.637651270337322,0.5685327852797355,True,MEDIUM,POINT_BELOW_LIMIT,50-60%
C09697,L5,FPGA,125.5,1.113,12.3453,13.1596,15.3282,27.4161,1.2882,1.4124,1.63,3.182,Sudden_Anomaly,50.0,batch_5,0.8142999999999994,17.363963082761,-1.021239095052863,35.74916526057486,36.770404355627726,False,False,False,10.052136917239,10.052136917239,0.015425813075813,False,VERY_LOW,POINT_BELOW_LIMIT,0-10%
C09698,L5,FPGA,124.73,1.071,11.6098,12.6452,13.5644,14.3257,1.1772,1.3584,1.4324,1.5405,Normal,50.0,batch_5,1.035400000000001,21.474289758256305,3.089087580442442,39.85949193607017,36.77040435562773,False,False,False,-7.148589758256305,7.148589758256305,0.1965636802601534,False,LOW,POINT_BELOW_LIMIT,10-20%
C09699,L5,ASIC,126.01,1.18,11.2412,13.5208,18.8915,54.1486,1.1412,1.4109,2.0828,7.4638,Absolute_Failure,50.0,batch_5,2.2796000000000003,52.66994537573259,34.28474319791873,71.05514755354645,36.77040435562772,True,True,True,1.4786546242674137,1.4786546242674137,0.9820598403448402,True,HIGH,POINT_ABOVE_LIMIT,90-100%
C09700,L5,DAC,124.17,1.797,12.5483,12.5819,12.7318,12.8976,1.2929,1.3478,1.3597,1.3562,High_Stable,50.0,batch_5,0.0335999999999998,13.095156246780302,-5.290045931033561,31.480358424594165,36.770404355627726,False,False,False,-0.1975562467803016,0.1975562467803016,0.0067985739750445,False,VERY_LOW,POINT_BELOW_LIMIT,0-10%
C09701,L5,FPGA,126.35,1.093,11.1485,12.2439,12.887,13.0835,1.1677,1.2937,1.3553,1.3958,Normal,50.0,batch_5,1.0953999999999997,19.33823383816738,0.9530316603535168,37.72343601598124,36.770404355627726,False,False,False,-6.254733838167379,6.254733838167379,0.4030665551671619,False,MEDIUM,POINT_BELOW_LIMIT,40-50%
C09702,L5,DAC,124.63,1.804,12.1603,12.9492,13.5328,14.867,1.2638,1.3673,1.4306,1.6045,Normal,50.0,batch_5,0.7888999999999999,18.25774580158732,-0.1274563762265472,36.64294797940118,36.770404355627726,False,False,False,-3.390745801587314,3.390745801587314,0.1279618673982921,False,VERY_LOW,POINT_BELOW_LIMIT,10-20%
C09703,L5,DAC,124.37,1.81,11.8048,12.6939,13.5805,13.1917,1.2561,1.3496,1.4344,1.4083,Normal,50.0,batch_5,0.8890999999999991,17.313135197420625,-1.072066980393238,35.69833737523449,36.770404355627726,False,False,False,-4.121435197420624,4.121435197420624,0.080525268161491,False,VERY_LOW,POINT_BELOW_LIMIT,0-10%
C09704,L5,DAC,125.55,1.808,12.0087,13.4065,17.6934,57.789,1.2171,1.4415,1.9187,8.1885,Absolute_Failure,50.0,batch_5,1.3978000000000002,34.36357325664682,15.97837107883296,52.74877543446068,36.77040435562772,False,True,True,23.425426743353174,23.425426743353174,0.5571484477781218,True,MEDIUM,POINT_BELOW_LIMIT,50-60%
C09705,L5,ADC,123.67,1.78,11.0916,12.5045,13.794,37.9327,1.1477,1.3267,1.4029,4.7446,Sudden_Anomaly,50.0,batch_5,1.4129000000000005,30.9659505816198,12.580748403805938,49.35115275943366,36.77040435562772,False,False,False,6.966749418380196,6.966749418380196,0.4614158951873401,False,MEDIUM,POINT_BELOW_LIMIT,40-50%
C09706,L5,ADC,124.32,1.794,11.6695,12.4413,13.3676,13.5083,1.2773,1.3119,1.4199,1.4652,Normal,50.0,batch_5,0.7718000000000007,18.575640861607145,0.1904386837932818,36.96084303942101,36.770404355627726,False,False,False,-5.0673408616071445,5.0673408616071445,0.1403973390092933,False,VERY_LOW,POINT_BELOW_LIMIT,10-20%
C09707,L5,ASIC,124.28,1.173,11.041,12.0318,12.496,13.4237,1.158,1.2225,1.3149,1.4388,Normal,50.0,batch_5,0.9908,19.55744943998016,1.172247262166298,37.94265161779403,36.77040435562773,False,False,False,-6.133749439980161,6.133749439980161,0.2370236830573691,False,LOW,POINT_BELOW_LIMIT,20-30%
C09708,L5,FPGA,127.65,1.079,11.5527,12.7561,13.6929,14.9038,1.1706,1.3236,1.427,1.5564,Normal,50.0,batch_5,1.2034000000000002,27.23685643154761,8.851654253733749,45.622058609361474,36.770404355627726,False,False,False,-12.333056431547613,12.333056431547613,0.2831055073604796,False,LOW,POINT_BELOW_LIMIT,20-30%
C09709,L5,FPGA,126.52,1.133,12.0325,13.2064,13.1967,14.4581,1.2389,1.3877,1.4277,1.4897,Normal,50.0,batch_5,1.1738999999999995,23.78064966666667,5.395447488852806,42.16585184448053,36.77040435562772,False,False,False,-9.322549666666667,9.322549666666667,0.1871575833874325,False,LOW,POINT_BELOW_LIMIT,10-20%
C09710,L5,FPGA,124.94,1.116,12.1699,13.7448,16.0198,51.9595,1.2534,1.497,1.6881,7.0657,Absolute_Failure,50.0,batch_5,1.5748999999999995,32.484052786309505,14.098850608495642,50.86925496412337,36.77040435562773,False,True,True,19.475447213690494,19.475447213690494,0.5800880737274203,True,MEDIUM,POINT_BELOW_LIMIT,50-60%
C09711,L5,ASIC,125.45,1.196,11.9814,12.1057,12.361,12.7514,1.2344,1.2741,1.2705,1.3337,High_Stable,50.0,batch_5,0.1242999999999998,13.687030081204227,-4.698172096609635,32.072232259018094,36.77040435562773,False,False,False,-0.9356300812042272,0.9356300812042272,0.038902922077922,False,VERY_LOW,POINT_BELOW_LIMIT,0-10%
C09712,L5,ADC,125.25,1.804,11.965,12.0607,12.1477,12.0804,1.2203,1.2825,1.2505,1.2502,High_Stable,50.0,batch_5,0.0957000000000007,13.246874433685068,-5.138327744128794,31.63207661149893,36.770404355627726,False,False,False,-1.1664744336850692,1.1664744336850692,0.044040251447148,False,VERY_LOW,POINT_BELOW_LIMIT,0-10%
C09713,L5,ASIC,124.91,1.204,11.5749,11.9505,12.388,13.9921,1.1875,1.2114,1.2986,1.4968,Normal,50.0,batch_5,0.3756000000000004,15.0598446732143,-3.3253575045995625,33.44504685102817,36.77040435562773,False,False,False,-1.0677446732142997,1.0677446732142997,0.0911847651088576,False,VERY_LOW,POINT_BELOW_LIMIT,0-10%
C09714,L5,FPGA,125.17,1.101,11.7036,12.6833,13.0114,13.9963,1.2086,1.401,1.3186,1.55,Normal,50.0,batch_5,0.9796999999999992,19.778096611034087,1.3928944332202242,38.16329878884795,36.77040435562773,False,False,False,-5.781796611034087,5.781796611034087,0.1626398218254725,False,LOW,POINT_BELOW_LIMIT,10-20%
C09715,L5,ASIC,124.34,1.219,12.0545,12.6011,12.8748,14.1363,1.259,1.3227,1.3986,1.5207,Normal,50.0,batch_5,0.5465999999999998,16.825203872050864,-1.5599983057629991,35.21040604986473,36.77040435562773,False,False,False,-2.688903872050864,2.688903872050864,0.0103104395604395,False,VERY_LOW,POINT_BELOW_LIMIT,0-10%
C09716,L5,ASIC,124.85,1.184,11.6469,12.7033,12.7969,13.2867,1.2499,1.3199,1.3653,1.3798,Normal,50.0,batch_5,1.0564,17.87896087857143,-0.5062412992424328,36.26416305638529,36.770404355627726,False,False,False,-4.59226087857143,4.59226087857143,0.1564473781206752,False,LOW,POINT_BELOW_LIMIT,10-20%
C09717,L5,FPGA,127.47,1.078,11.1284,11.4353,11.9672,12.9922,1.1512,1.226,1.2564,1.3602,Normal,50.0,batch_5,0.3069000000000006,16.350520634484138,-2.034681543329725,34.735722812298,36.770404355627726,False,False,False,-3.358320634484137,3.358320634484137,0.0930531036902553,False,VERY_LOW,POINT_BELOW_LIMIT,0-10%
C09718,L5,FPGA,125.92,1.102,12.236,13.4413,16.0822,23.8778,1.2519,1.4353,1.7269,2.7267,Latent_Defect,50.0,batch_5,1.2052999999999994,22.87252253581349,4.487320357999629,41.25772471362736,36.770404355627726,False,False,False,1.0052774641865092,1.0052774641865092,0.1161840215557862,False,VERY_LOW,POINT_BELOW_LIMIT,10-20%
C09719,L5,DAC,126.23,1.784,12.3986,12.7386,14.2511,27.1154,1.2739,1.3528,1.5063,3.1782,Sudden_Anomaly,50.0,batch_5,0.3399999999999998,16.77181807628968,-1.6133841015241828,35.15702025410354,36.770404355627726,False,False,False,10.34358192371032,10.34358192371032,0.032941846254432,False,VERY_LOW,POINT_BELOW_LIMIT,0-10%
C09720,L5,ASIC,123.35,1.195,11.3496,11.4595,11.7711,12.5803,1.1604,1.21,1.2226,1.286,Normal,50.0,batch_5,0.1098999999999996,15.73212487202382,-2.653077305790044,34.117327049837684,36.770404355627726,False,False,False,-3.15182487202382,3.15182487202382,0.1186588680926915,False,VERY_LOW,POINT_BELOW_LIMIT,10-20%
C09721,L5,FPGA,123.72,1.099,11.4689,11.782,12.8148,13.5003,1.1653,1.2233,1.3483,1.4524,Normal,50.0,batch_5,0.3131000000000004,15.91964387172618,-2.465558306087683,34.304846049540046,36.77040435562773,False,False,False,-2.4193438717261806,2.4193438717261806,0.1154746325312114,False,VERY_LOW,POINT_BELOW_LIMIT,10-20%
C09722,L5,ADC,124.95,1.785,11.3996,11.9249,13.0062,14.7286,1.205,1.2641,1.3914,1.5638,Normal,50.0,batch_5,0.5252999999999997,16.349193444976564,-2.036008732837299,34.73439562279043,36.77040435562773,False,False,False,-1.6205934449765635,1.6205934449765635,0.0885436712410396,False,VERY_LOW,POINT_BELOW_LIMIT,0-10%
C09723,L5,DAC,124.95,1.776,12.0243,12.3405,12.619,14.0821,1.2543,1.3047,1.3518,1.483,Normal,50.0,batch_5,0.3162000000000002,14.525041522123008,-3.860160655690855,32.91024369993687,36.770404355627726,False,False,False,-0.4429415221230073,0.4429415221230073,0.0212904761904761,False,VERY_LOW,POINT_BELOW_LIMIT,0-10%
C09724,L5,ASIC,124.97,1.214,11.5274,12.62,13.6855,14.5608,1.2078,1.3082,1.426,1.5087,Normal,50.0,batch_5,1.0925999999999991,22.246520448489036,3.86131827067517,40.631722626302896,36.770404355627726,False,False,False,-7.685720448489032,7.685720448489032,0.2454019596865894,False,LOW,POINT_BELOW_LIMIT,20-30%
C09725,L5,DAC,124.85,1.792,11.9705,13.1653,18.1344,26.2849,1.2626,1.3496,2.026,3.0533,Latent_Defect,50.0,batch_5,1.1948000000000008,20.86176447321428,2.4765622954004165,39.24696665102815,36.77040435562773,False,False,False,5.423135526785721,5.423135526785721,0.0490779775779775,False,VERY_LOW,POINT_BELOW_LIMIT,0-10%
C09726,L5,FPGA,126.56,1.104,10.8731,11.8302,12.6042,13.8335,1.1673,1.232,1.2876,1.4573,Normal,50.0,batch_5,0.9570999999999988,17.123182875396818,-1.2620193024170447,35.50838505321068,36.770404355627726,False,False,False,-3.2896828753968173,3.2896828753968173,0.208039913090006,False,LOW,POINT_BELOW_LIMIT,20-30%
C09727,L5,ADC,125.22,1.767,12.3066,13.0919,13.6184,14.4654,1.2808,1.3396,1.4389,1.5312,Normal,50.0,batch_5,0.7853000000000012,21.079127764641694,2.693925586827831,39.46432994245556,36.770404355627726,False,False,False,-6.613727764641693,6.613727764641693,0.0774388666888666,False,VERY_LOW,POINT_BELOW_LIMIT,0-10%
C09728,L5,FPGA,124.78,1.097,11.9866,13.3363,18.7785,54.8301,1.2884,1.3957,2.0892,7.5899,Absolute_Failure,50.0,batch_5,1.3497000000000003,32.003602823169224,13.61840064535536,50.38880500098308,36.77040435562772,False,True,True,22.826497176830777,22.826497176830777,0.5220270184985691,True,MEDIUM,POINT_BELOW_LIMIT,50-60%
C09729,L5,FPGA,124.81,1.099,11.0104,12.701,15.2273,20.7065,1.1251,1.3237,1.6448,2.3011,Latent_Defect,50.0,batch_5,1.6906,31.98434896666665,13.599146788852789,50.36955114448051,36.77040435562772,False,True,False,-11.277848966666651,11.277848966666651,0.6766846287427674,True,MEDIUM,POINT_BELOW_LIMIT,60-70%
C09730,L5,ADC,124.37,1.815,12.0089,13.9407,18.1018,58.904,1.2564,1.4289,1.9708,8.368,Absolute_Failure,50.0,batch_5,1.931799999999999,41.42433854265871,23.039136364844847,59.80954072047257,36.77040435562772,False,True,True,17.479661457341294,17.479661457341294,0.773663327235574,True,HIGH,POINT_BELOW_LIMIT,70-80%
C09731,L5,FPGA,124.55,1.098,11.615,12.6701,12.7727,13.4929,1.2351,1.3347,1.3586,1.4664,Normal,50.0,batch_5,1.0550999999999997,16.564692463613476,-1.8205097142003872,34.949894641427335,36.77040435562772,False,False,False,-3.071792463613475,3.071792463613475,0.0868680430216497,False,VERY_LOW,POINT_BELOW_LIMIT,0-10%
C09732,L5,FPGA,126.48,1.095,11.6235,12.5128,13.8525,38.9011,1.2198,1.3235,1.4489,4.8889,Sudden_Anomaly,50.0,batch_5,0.8893000000000004,22.335019680158734,3.949817502344871,40.7202218579726,36.770404355627726,False,False,False,16.566080319841266,16.566080319841266,0.2816365411856156,False,LOW,POINT_BELOW_LIMIT,20-30%
C09733,L5,ADC,125.14,1.817,11.5666,12.1196,13.1971,14.652,1.2243,1.2915,1.386,1.5381,Normal,50.0,batch_5,0.5530000000000008,16.34710824920635,-2.0380939286075126,34.73231042702021,36.77040435562772,False,False,False,-1.695108249206351,1.695108249206351,0.0991659328175749,False,VERY_LOW,POINT_BELOW_LIMIT,0-10%
C09734,L5,FPGA,125.61,1.093,11.5714,12.1861,13.5021,14.3104,1.1949,1.2439,1.441,1.4737,Normal,50.0,batch_5,0.6146999999999991,16.599155545535716,-1.786046632278147,34.984357723349575,36.77040435562772,False,False,False,-2.2887555455357163,2.2887555455357163,0.0953058586210457,False,VERY_LOW,POINT_BELOW_LIMIT,0-10%
C09735,L5,DAC,123.33,1.799,11.8206,12.3171,12.7298,13.2215,1.2311,1.3147,1.3018,1.4058,Normal,50.0,batch_5,0.4964999999999993,15.531675654114458,-2.8535265236994043,33.91687783192832,36.77040435562772,False,False,False,-2.310175654114458,2.310175654114458,0.0828097394013533,False,VERY_LOW,POINT_BELOW_LIMIT,0-10%
C09736,L5,FPGA,124.83,1.103,12.8249,12.7601,12.7139,12.8174,1.3521,1.2831,1.3546,1.3383,High_Stable,50.0,batch_5,-0.0647999999999999,13.541986222420627,-4.843215955393236,31.92718840023449,36.770404355627726,False,False,False,-0.7245862224206281,0.7245862224206281,0.0399547979797979,False,VERY_LOW,POINT_BELOW_LIMIT,0-10%
C09737,L5,ADC,124.52,1.786,12.1761,14.301,23.2775,53.0068,1.3093,1.5215,2.6254,7.2964,Absolute_Failure,50.0,batch_5,2.1249,47.61734079930557,29.23213862149171,66.00254297711943,36.77040435562772,False,True,True,5.389459200694425,5.389459200694425,0.9329599260139446,True,HIGH,POINT_BELOW_LIMIT,90-100%
C09738,L5,ADC,124.77,1.786,12.1002,12.5638,13.7246,13.9012,1.2345,1.3307,1.4413,1.4684,Normal,50.0,batch_5,0.4636000000000013,16.83033772748015,-1.5548644503337137,35.21553990529401,36.77040435562772,False,False,False,-2.9291377274801498,2.9291377274801498,0.0443393404840773,False,VERY_LOW,POINT_BELOW_LIMIT,0-10%
C09739,L5,DAC,124.62,1.804,12.3383,12.4292,12.842,13.2868,1.2897,1.3433,1.348,1.4142,High_Stable,50.0,batch_5,0.0908999999999995,13.42780761617064,-4.957394561643223,31.813009793984502,36.770404355627726,False,False,False,-0.1410076161706399,0.1410076161706399,0.0173539682539682,False,VERY_LOW,POINT_BELOW_LIMIT,0-10%
C09740,L5,FPGA,124.85,1.098,11.3008,11.9003,12.8117,13.7326,1.1972,1.2187,1.3707,1.4192,Normal,50.0,batch_5,0.599499999999999,15.139601667120791,-3.2456005106930697,33.52480384493465,36.77040435562772,False,False,False,-1.4070016671207934,1.4070016671207934,0.095499020716126,False,VERY_LOW,POINT_BELOW_LIMIT,0-10%
C09741,L5,FPGA,125.29,1.103,11.796,13.5959,18.9662,55.6822,1.2293,1.462,2.0766,7.7584,Absolute_Failure,50.0,batch_5,1.799900000000001,36.01933469339987,17.634132515586007,54.404536871213736,36.77040435562773,False,True,True,19.66286530660013,19.66286530660013,0.7710936684631725,True,HIGH,POINT_BELOW_LIMIT,70-80%
C09742,L5,FPGA,125.27,1.1,11.812,12.6962,13.1559,14.4159,1.2161,1.357,1.3833,1.4972,Normal,50.0,batch_5,0.8841999999999999,19.68095658720237,1.2957544093885112,38.06615876501624,36.77040435562773,False,False,False,-5.265056587202373,5.265056587202373,0.1914680413263908,False,LOW,POINT_BELOW_LIMIT,10-20%
C09743,L5,DAC,124.89,1.792,12.0901,12.8603,13.9186,14.3506,1.2894,1.3785,1.5554,1.5376,Normal,50.0,batch_5,0.7702000000000009,16.01368578380232,-2.371516394011543,34.39888796161618,36.770404355627726,False,False,False,-1.6630857838023196,1.6630857838023196,0.0373274003774003,False,VERY_LOW,POINT_BELOW_LIMIT,0-10%
C09744,L5,ASIC,125.13,1.194,11.2571,12.5002,13.5867,15.2849,1.1825,1.2812,1.4519,1.6411,Normal,50.0,batch_5,1.2431,20.14191047242064,1.7567082946067742,38.5271126502345,36.770404355627726,False,False,False,-4.857010472420637,4.857010472420637,0.2135806311024184,False,LOW,POINT_BELOW_LIMIT,20-30%
C09745,L5,DAC,125.22,1.799,12.9126,13.3419,13.9515,15.3181,1.3519,1.4186,1.4646,1.6448,Normal,50.0,batch_5,0.4293000000000013,17.516334647084406,-0.8688675307294567,35.90153682489827,36.77040435562773,False,False,False,-2.1982346470844067,2.1982346470844067,0.0961168054168054,False,VERY_LOW,POINT_BELOW_LIMIT,0-10%
C09746,L5,DAC,125.98,1.792,12.4802,12.6676,12.8382,13.2421,1.3114,1.2951,1.3947,1.4078,High_Stable,50.0,batch_5,0.1874000000000002,13.360064790773816,-5.025137387040045,31.74526696858768,36.770404355627726,False,False,False,-0.1179647907738168,0.1179647907738168,0.0208004329004329,False,VERY_LOW,POINT_BELOW_LIMIT,0-10%
C09747,L5,FPGA,124.56,1.097,10.4183,11.4802,12.2501,12.9265,1.0908,1.2018,1.3143,1.3426,Normal,50.0,batch_5,1.0618999999999996,17.358171931966655,-1.0270302458472074,35.74337410978052,36.770404355627726,False,False,False,-4.431671931966655,4.431671931966655,0.194184732969866,False,LOW,POINT_BELOW_LIMIT,10-20%
C09748,L5,ADC,126.36,1.795,12.077,12.5617,13.5661,14.0661,1.2633,1.3217,1.4145,1.5251,Normal,50.0,batch_5,0.4847000000000001,17.602041245238105,-0.7831609325757576,35.987243423051964,36.77040435562772,False,False,False,-3.5359412452381047,3.5359412452381047,0.0299887792032528,False,VERY_LOW,POINT_BELOW_LIMIT,0-10%
C09749,L5,ASIC,124.74,1.225,11.1163,12.0148,12.217,12.5808,1.1554,1.2473,1.2757,1.2872,Normal,50.0,batch_5,0.8984999999999985,18.37916086244289,-0.0060413153709717,36.764363040256754,36.770404355627726,False,False,False,-5.798360862442891,5.798360862442891,0.3748728482671039,False,LOW,POINT_BELOW_LIMIT,30-40%
C09750,L5,ASIC,125.48,1.214,11.5527,12.2443,13.2577,14.2975,1.2135,1.2568,1.3884,1.5457,Normal,50.0,batch_5,0.6916000000000011,16.80332612053571,-1.5818760572781514,35.188528298349574,36.770404355627726,False,False,False,-2.505826120535712,2.505826120535712,0.1291561539999014,False,VERY_LOW,POINT_BELOW_LIMIT,10-20%
C09751,L5,DAC,124.4,1.821,11.8825,12.917,14.7072,29.044,1.2546,1.3961,1.5507,3.4237,Sudden_Anomaly,50.0,batch_5,1.0344999999999995,18.60490107837301,0.2196989005591483,36.99010325618687,36.77040435562772,False,False,False,10.43909892162699,10.43909892162699,0.2449494023364946,False,LOW,POINT_BELOW_LIMIT,20-30%
C09752,L5,ASIC,124.71,1.198,11.7504,11.6508,11.538,11.6087,1.1953,1.2531,1.202,1.1931,High_Stable,50.0,batch_5,-0.0996000000000005,13.076057269146826,-5.309144908667037,31.46125944696069,36.770404355627726,False,False,False,-1.4673572691468255,1.4673572691468255,0.0195839375536743,False,VERY_LOW,POINT_BELOW_LIMIT,0-10%
C09753,L5,ASIC,125.66,1.216,11.5047,12.5649,13.8608,15.1452,1.191,1.2826,1.4752,1.6253,Normal,50.0,batch_5,1.0602,21.584013766865063,3.1988115890512,39.96921594467892,36.77040435562772,False,False,False,-6.438813766865062,6.438813766865062,0.2262885973016778,False,LOW,POINT_BELOW_LIMIT,20-30%
C09754,L5,DAC,125.34,1.793,12.4148,13.4557,14.0742,15.3049,1.3073,1.4002,1.5106,1.6955,Normal,50.0,batch_5,1.0409000000000006,17.335007673131095,-1.050194504682768,35.720209850944954,36.77040435562772,False,False,False,-2.030107673131095,2.030107673131095,0.0951884395135034,False,VERY_LOW,POINT_BELOW_LIMIT,0-10%
C09755,L5,FPGA,126.31,1.108,10.8507,12.0748,13.1413,14.888,1.1253,1.2579,1.3698,1.5941,Normal,50.0,batch_5,1.2241,24.26546368653221,5.880261508718352,42.65066586434608,36.77040435562773,False,False,False,-9.377463686532217,9.377463686532217,0.5536173828646636,True,MEDIUM,POINT_BELOW_LIMIT,50-60%
C09756,L5,DAC,126.04,1.788,12.1722,12.811,13.1786,14.1761,1.2943,1.3531,1.4276,1.4902,Normal,50.0,batch_5,0.6387999999999998,17.09603933492065,-1.2891628428932125,35.48124151273451,36.770404355627726,False,False,False,-2.9199393349206506,2.9199393349206506,0.0254369095816464,False,VERY_LOW,POINT_BELOW_LIMIT,0-10%
C09757,L5,ASIC,125.3,1.229,11.1358,12.8422,17.5613,24.9609,1.1918,1.4017,1.9371,2.8572,Latent_Defect,50.0,batch_5,1.7064000000000004,35.89846884990078,17.513266672086917,54.28367102771465,36.77040435562773,False,True,False,-10.93756884990078,10.93756884990078,0.6559550923851426,True,MEDIUM,POINT_BELOW_LIMIT,60-70%
C09758,L5,ADC,125.25,1.795,11.694,11.9372,12.0818,12.0144,1.2322,1.2961,1.2642,1.249,High_Stable,50.0,batch_5,0.2431999999999998,14.426968254960329,-3.958233922853536,32.81217043277419,36.770404355627726,False,False,False,-2.412568254960327,2.412568254960327,0.029881363081363,False,VERY_LOW,POINT_BELOW_LIMIT,0-10%
C09759,L5,DAC,124.58,1.796,11.798,12.9295,14.0055,15.1265,1.2539,1.3647,1.4827,1.6238,Normal,50.0,batch_5,1.1315000000000008,18.563590939903836,0.1783887620899698,36.9487931177177,36.77040435562773,False,False,False,-3.4370909399038325,3.4370909399038325,0.1185231267408202,False,VERY_LOW,POINT_BELOW_LIMIT,10-20%
C09760,L5,FPGA,125.56,1.119,11.473,12.1457,12.8873,13.1815,1.1897,1.2555,1.3576,1.37,Normal,50.0,batch_5,0.672699999999999,16.006445400099217,-2.3787567777146457,34.39164757791308,36.77040435562772,False,False,False,-2.8249454000992174,2.8249454000992174,0.0918742057392212,False,VERY_LOW,POINT_BELOW_LIMIT,0-10%
C09761,L5,FPGA,125.6,1.06,11.7489,12.7584,12.7124,13.7907,1.2012,1.357,1.3069,1.4531,Normal,50.0,batch_5,1.0094999999999992,21.679619404563496,3.294417226749633,40.06482158237736,36.77040435562773,False,False,False,-7.888919404563497,7.888919404563497,0.2130171667676634,False,LOW,POINT_BELOW_LIMIT,20-30%
C09762,L5,DAC,125.29,1.786,12.0609,12.7135,13.2301,13.9116,1.2746,1.3583,1.3853,1.5023,Normal,50.0,batch_5,0.6525999999999996,19.119939101488093,0.7347369236742303,37.50514127930195,36.77040435562772,False,False,False,-5.208339101488093,5.208339101488093,0.0390737718164188,False,VERY_LOW,POINT_BELOW_LIMIT,0-10%
C09763,L5,FPGA,125.88,1.095,12.1226,14.5048,21.419,52.9807,1.2627,1.5615,2.4328,7.2614,Absolute_Failure,50.0,batch_5,2.382199999999999,53.15531174196431,34.770109564150445,71.54051391977818,36.77040435562773,True,True,True,-0.1746117419643127,0.1746117419643127,0.9763145672295828,True,HIGH,POINT_ABOVE_LIMIT,90-100%
C09764,L5,DAC,125.1,1.806,12.4621,13.6185,17.4227,21.4029,1.277,1.4522,1.9286,2.3897,Latent_Defect,50.0,batch_5,1.1563999999999997,23.155697781697448,4.770495603883585,41.54089995951131,36.77040435562772,False,False,False,-1.7527977816974492,1.7527977816974492,0.2338519796710366,False,LOW,POINT_BELOW_LIMIT,20-30%
C09765,L5,ADC,125.36,1.79,11.7861,12.7243,12.8022,13.3901,1.2931,1.3352,1.343,1.3866,Normal,50.0,batch_5,0.9382,20.71681024970237,2.331608071888507,39.10201242751623,36.77040435562772,False,False,False,-7.326710249702369,7.326710249702369,0.1529120391304601,False,LOW,POINT_BELOW_LIMIT,10-20%
C09766,L5,ASIC,124.0,1.176,11.1841,11.1282,11.1429,11.3118,1.1733,1.1196,1.1589,1.2057,High_Stable,50.0,batch_5,-0.0559000000000011,14.580747827435069,-3.804454350378794,32.96595000524893,36.77040435562772,False,False,False,-3.2689478274350687,3.2689478274350687,0.0939507689678742,False,VERY_LOW,POINT_BELOW_LIMIT,0-10%
C09767,L5,FPGA,124.84,1.116,11.5531,12.0898,13.1505,14.6537,1.2313,1.2118,1.39,1.5825,Normal,50.0,batch_5,0.5366999999999997,16.586672516974556,-1.798529660839307,34.97187469478842,36.770404355627726,False,False,False,-1.932972516974555,1.932972516974555,0.1749955193555581,False,LOW,POINT_BELOW_LIMIT,10-20%
C09768,L5,DAC,126.29,1.782,12.159,13.7853,19.4264,53.0259,1.2265,1.4633,2.1618,7.3123,Absolute_Failure,50.0,batch_5,1.6262999999999987,38.678263671626965,20.293061493813106,57.06346584944083,36.77040435562773,False,True,True,14.347636328373037,14.347636328373037,0.7058479941386445,True,MEDIUM,POINT_BELOW_LIMIT,70-80%
C09769,L5,ASIC,125.42,1.207,11.824,12.0299,12.1493,12.1407,1.2382,1.265,1.3085,1.2526,High_Stable,50.0,batch_5,0.2058999999999997,13.03995168951118,-5.345250488302684,31.425153867325044,36.770404355627726,False,False,False,-0.8992516895111784,0.8992516895111784,0.0125798701298701,False,VERY_LOW,POINT_BELOW_LIMIT,0-10%
C09770,L5,FPGA,126.99,1.087,11.1343,12.2307,12.6223,13.1582,1.2073,1.261,1.2979,1.386,Normal,50.0,batch_5,1.096400000000001,20.67633371604437,2.291131538230505,39.06153589385824,36.77040435562773,False,False,False,-7.518133716044367,7.518133716044367,0.2895453650047297,False,LOW,POINT_BELOW_LIMIT,20-30%
C09771,L5,FPGA,125.93,1.092,11.5198,12.5459,13.2104,14.3348,1.1799,1.2936,1.371,1.578,Normal,50.0,batch_5,1.0260999999999996,17.681995396031738,-0.703206781782125,36.0671975738456,36.77040435562773,False,False,False,-3.347195396031738,3.347195396031738,0.1320439736733854,False,VERY_LOW,POINT_BELOW_LIMIT,10-20%
C09772,L5,ASIC,125.93,1.218,11.619,12.7505,13.9877,28.0289,1.1961,1.3208,1.4759,3.2542,Sudden_Anomaly,50.0,batch_5,1.1315000000000008,20.169867979761896,1.7846658019480337,38.55507015757576,36.77040435562772,False,False,False,7.859032020238104,7.859032020238104,0.299856780110852,False,LOW,POINT_BELOW_LIMIT,20-30%
C09773,L5,DAC,125.32,1.798,11.7469,13.1315,21.0378,60.7542,1.2168,1.4022,2.3416,8.7057,Absolute_Failure,50.0,batch_5,1.3846000000000007,29.83331115773805,11.448108979924186,48.21851333555191,36.770404355627726,False,False,True,30.92088884226195,30.92088884226195,0.4994430365759782,False,MEDIUM,POINT_BELOW_LIMIT,40-50%
C09774,L5,FPGA,124.91,1.099,10.686,11.2905,11.5066,12.7206,1.0944,1.1275,1.183,1.3087,Normal,50.0,batch_5,0.6044999999999998,13.765800151268794,-4.619402026545069,32.15100232908266,36.770404355627726,False,False,False,-1.0452001512687945,1.0452001512687945,0.0573761853483456,False,VERY_LOW,POINT_BELOW_LIMIT,0-10%
C09775,L5,FPGA,126.39,1.105,11.2129,12.1129,12.5738,13.3904,1.1568,1.241,1.3298,1.4132,Normal,50.0,batch_5,0.9000000000000004,19.04762242708334,0.6624202492694771,37.432824604897206,36.77040435562773,False,False,False,-5.65722242708334,5.65722242708334,0.3241180518459018,False,LOW,POINT_BELOW_LIMIT,30-40%
C09776,L5,ADC,124.96,1.816,12.7815,13.6862,14.0822,14.0587,1.3275,1.4303,1.4763,1.5612,Normal,50.0,batch_5,0.9047,20.426804054064824,2.0416018762509616,38.81200623187869,36.77040435562772,False,False,False,-6.368104054064824,6.368104054064824,0.0938147003208619,False,VERY_LOW,POINT_BELOW_LIMIT,0-10%
C09777,L5,ADC,125.31,1.785,11.6405,11.8509,12.1493,12.251,1.2217,1.2073,1.3039,1.2878,High_Stable,50.0,batch_5,0.2103999999999999,13.52653922549604,-4.858662952317824,31.911741403309904,36.770404355627726,False,False,False,-1.2755392254960398,1.2755392254960398,0.0163442854531089,False,VERY_LOW,POINT_BELOW_LIMIT,0-10%
C09778,L5,DAC,124.32,1.783,12.162,12.9915,13.9971,13.9173,1.2525,1.3796,1.526,1.4779,Normal,50.0,batch_5,0.8294999999999995,17.199976912996032,-1.1852252648178307,35.585179090809895,36.770404355627726,False,False,False,-3.282676912996033,3.282676912996033,0.1231996925589031,False,VERY_LOW,POINT_BELOW_LIMIT,10-20%
C09779,L5,FPGA,125.95,1.09,11.7562,12.1816,12.4335,13.1079,1.2307,1.276,1.3235,1.3661,Normal,50.0,batch_5,0.4253999999999998,15.30720310064314,-3.0779990771707237,33.692405278457,36.770404355627726,False,False,False,-2.1993031006431387,2.1993031006431387,0.0383131008969244,False,VERY_LOW,POINT_BELOW_LIMIT,0-10%
C09780,L5,ASIC,124.91,1.211,11.4816,12.8542,13.9702,36.1511,1.1672,1.3479,1.4715,4.4587,Sudden_Anomaly,50.0,batch_5,1.3726000000000005,32.78509361230159,14.399891434487724,51.170295790115446,36.77040435562772,False,True,False,3.3660063876984125,3.3660063876984125,0.5987153217699077,True,MEDIUM,POINT_BELOW_LIMIT,50-60%
C09781,L5,FPGA,125.06,1.114,11.7055,12.3787,13.2327,14.1721,1.2305,1.2844,1.4179,1.5534,Normal,50.0,batch_5,0.6731999999999996,16.87761631865078,-1.5075858591630826,35.26281849646465,36.77040435562773,False,False,False,-2.70551631865078,2.70551631865078,0.085125834992321,False,VERY_LOW,POINT_BELOW_LIMIT,0-10%
C09782,L5,ASIC,126.21,1.202,11.4606,12.5929,16.8415,21.7222,1.1933,1.3235,1.8541,2.3998,Latent_Defect,50.0,batch_5,1.1323000000000008,21.06043740510462,2.675235227290756,39.44563958291848,36.770404355627726,False,False,False,0.6617625948953823,0.6617625948953823,0.2264310907092189,False,LOW,POINT_BELOW_LIMIT,20-30%
C09783,L5,ADC,124.48,1.817,11.9914,13.231,16.2439,20.8147,1.2387,1.3949,1.7512,2.33,Latent_Defect,50.0,batch_5,1.2395999999999994,19.51163956626985,1.1264373884559866,37.89684174408372,36.77040435562773,False,False,False,1.303060433730149,1.303060433730149,0.1280122629520462,False,VERY_LOW,POINT_BELOW_LIMIT,10-20%
C09784,L5,ASIC,126.51,1.193,11.0687,11.4675,12.2576,13.4268,1.1681,1.1617,1.2246,1.3908,Normal,50.0,batch_5,0.3987999999999996,16.136201429626617,-2.249000748187246,34.52140360744048,36.77040435562772,False,False,False,-2.7094014296266167,2.7094014296266167,0.0550694774180068,False,VERY_LOW,POINT_BELOW_LIMIT,0-10%
C09785,L5,ASIC,123.15,1.183,12.1748,14.1181,20.8286,57.0019,1.341,1.484,2.3234,8.0036,Absolute_Failure,50.0,batch_5,1.9433000000000007,41.38055566329368,22.99535348547981,59.76575784110754,36.77040435562773,False,True,True,15.621344336706322,15.621344336706322,0.8051654270189836,True,HIGH,POINT_BELOW_LIMIT,80-90%
C09786,L5,ASIC,124.63,1.211,11.517,12.9281,17.1254,22.5688,1.1961,1.3757,1.8712,2.5917,Latent_Defect,50.0,batch_5,1.4111000000000011,36.17486481114513,17.789662633331265,54.560066988958994,36.77040435562773,False,True,False,-13.606064811145128,13.606064811145128,0.6554808893916881,True,MEDIUM,POINT_BELOW_LIMIT,60-70%
C09787,L5,FPGA,125.35,1.106,11.3858,12.3078,13.2563,13.7773,1.2115,1.287,1.3619,1.477,Normal,50.0,batch_5,0.9220000000000006,16.13794948147062,-2.247252696343242,34.52315165928448,36.77040435562772,False,False,False,-2.3606494814706203,2.3606494814706203,0.082501797033376,False,VERY_LOW,POINT_BELOW_LIMIT,0-10%
C09788,L5,ADC,125.36,1.814,11.991,13.07,14.2477,15.0263,1.2351,1.4113,1.5343,1.5402,Normal,50.0,batch_5,1.0790000000000006,18.05456064494048,-0.3306415328733862,36.43976282275434,36.770404355627726,False,False,False,-3.028260644940476,3.028260644940476,0.1883051397604802,False,LOW,POINT_BELOW_LIMIT,10-20%
C09789,L5,FPGA,125.19,1.104,11.8032,12.9611,15.3131,22.8258,1.2994,1.3949,1.6295,2.551,Latent_Defect,50.0,batch_5,1.1578999999999997,20.763794419742062,2.378592241928203,39.14899659755593,36.770404355627726,False,False,False,2.062005580257935,2.062005580257935,0.3442709874600153,False,LOW,POINT_BELOW_LIMIT,30-40%
C09790,L5,FPGA,126.43,1.081,12.0043,13.0296,13.8317,13.913,1.2697,1.3679,1.477,1.4494,Normal,50.0,batch_5,1.0252999999999997,23.280844932142863,4.895642754329,41.66604710995672,36.77040435562772,False,False,False,-9.367844932142862,9.367844932142862,0.3145367945036371,False,LOW,POINT_BELOW_LIMIT,30-40%
C09791,L5,ADC,124.29,1.799,11.313,12.2949,13.4661,14.3279,1.2069,1.29,1.4246,1.4967,Normal,50.0,batch_5,0.9818999999999996,17.53487160170177,-0.8503305761120927,35.92007377951563,36.770404355627726,False,False,False,-3.2069716017017704,3.2069716017017704,0.1575814660489447,False,LOW,POINT_BELOW_LIMIT,10-20%
C09792,L5,ASIC,124.59,1.188,11.9715,12.7419,13.683,14.2379,1.2073,1.3437,1.4619,1.522,Normal,50.0,batch_5,0.7703999999999986,21.00989057896825,2.6246884011543834,39.395092756782105,36.77040435562772,False,False,False,-6.771990578968246,6.771990578968246,0.3254263267660184,False,LOW,POINT_BELOW_LIMIT,30-40%
C09793,L5,DAC,126.46,1.823,12.1423,13.5381,15.1917,37.8346,1.2744,1.4193,1.6161,4.7388,Sudden_Anomaly,50.0,batch_5,1.3957999999999997,29.50211716140875,11.116914983594889,47.88731933922261,36.770404355627726,False,False,False,8.33248283859125,8.33248283859125,0.4343204520596185,False,MEDIUM,POINT_BELOW_LIMIT,40-50%
C09794,L5,ASIC,124.22,1.205,11.7855,12.166,12.2911,12.5933,1.2007,1.2871,1.2698,1.3235,High_Stable,50.0,batch_5,0.3804999999999996,14.920226705059529,-3.4649754727543343,33.30542888287339,36.770404355627726,False,False,False,-2.3269267050595293,2.3269267050595293,0.0579033594382478,False,VERY_LOW,POINT_BELOW_LIMIT,0-10%
C09795,L5,FPGA,124.78,1.089,11.1888,12.2695,12.4974,13.7722,1.1868,1.2623,1.3688,1.5049,Normal,50.0,batch_5,1.0807000000000002,17.510867009942825,-0.8743351678710383,35.89606918775669,36.770404355627726,False,False,False,-3.7386670099428247,3.7386670099428247,0.0534093667770138,False,VERY_LOW,POINT_BELOW_LIMIT,0-10%
C09796,L5,ASIC,125.38,1.205,11.6683,12.6648,13.569,14.7077,1.1891,1.3243,1.431,1.5975,Normal,50.0,batch_5,0.9964999999999992,16.65336562351191,-1.7318365543019532,35.03856780132577,36.77040435562772,False,False,False,-1.9456656235119087,1.9456656235119087,0.1348780575948532,False,VERY_LOW,POINT_BELOW_LIMIT,10-20%
C09797,L5,DAC,125.92,1.779,12.3267,13.0176,13.1619,14.3124,1.284,1.365,1.3774,1.5708,Normal,50.0,batch_5,0.6908999999999992,16.354768220292204,-2.030433957521659,34.73997039810607,36.770404355627726,False,False,False,-2.042368220292204,2.042368220292204,0.0531489492963177,False,VERY_LOW,POINT_BELOW_LIMIT,0-10%
C09798,L5,ASIC,124.11,1.207,11.0686,12.4587,12.9747,13.6836,1.1642,1.2981,1.3656,1.446,Normal,50.0,batch_5,1.3901000000000003,23.62256124372296,5.237359065909093,42.00776342153682,36.77040435562773,False,False,False,-9.938961243722956,9.938961243722956,0.2442176765099365,False,LOW,POINT_BELOW_LIMIT,20-30%
C09799,L5,ADC,125.33,1.832,12.2879,13.2643,13.9405,14.5793,1.2804,1.4032,1.4885,1.5822,Normal,50.0,batch_5,0.9764,22.887308217739918,4.502106039926051,41.27251039555378,36.77040435562773,False,False,False,-8.308008217739914,8.308008217739914,0.2933286833815941,False,LOW,POINT_BELOW_LIMIT,20-30%
C09800,L5,DAC,125.25,1.798,12.3039,12.7898,12.8987,13.6953,1.2966,1.3338,1.3466,1.4628,Normal,50.0,batch_5,0.4858999999999991,16.004602283333345,-2.3805998944805182,34.38980446114721,36.770404355627726,False,False,False,-2.309302283333345,2.309302283333345,0.0785431268795516,False,VERY_LOW,POINT_BELOW_LIMIT,0-10%
C09801,L5,FPGA,125.62,1.116,11.8927,12.632,13.6812,14.6984,1.2025,1.3024,1.4157,1.5338,Normal,50.0,batch_5,0.7393000000000001,17.87195418035713,-0.5132479974567339,36.25715635817099,36.77040435562772,False,False,False,-3.173554180357129,3.173554180357129,0.1180659130944734,False,VERY_LOW,POINT_BELOW_LIMIT,10-20%
C09802,L5,FPGA,125.85,1.09,11.1119,11.7528,12.6272,13.9102,1.1411,1.2246,1.308,1.4441,Normal,50.0,batch_5,0.6409000000000002,15.776760010807656,-2.6084421670062063,34.16196218862152,36.77040435562772,False,False,False,-1.8665600108076568,1.8665600108076568,0.1263003793334288,False,VERY_LOW,POINT_BELOW_LIMIT,10-20%
C09803,L5,DAC,125.18,1.826,12.235,14.149,19.0323,60.2759,1.2783,1.5016,2.1027,8.6604,Absolute_Failure,50.0,batch_5,1.914,41.97781869831349,23.59261652049962,60.36302087612735,36.77040435562773,False,True,True,18.29808130168652,18.29808130168652,0.845906555432257,True,HIGH,POINT_BELOW_LIMIT,80-90%
C09804,L5,DAC,125.2,1.786,12.1886,13.5544,14.2658,15.5886,1.2732,1.4037,1.5458,1.6744,Normal,50.0,batch_5,1.3658,35.07735103799604,16.692148860182176,53.46255321580991,36.77040435562773,False,True,False,-19.48875103799604,19.48875103799604,0.6611174297007888,True,MEDIUM,POINT_BELOW_LIMIT,60-70%
C09805,L5,FPGA,123.98,1.108,11.8362,11.9369,12.3247,13.3039,1.2501,1.2738,1.301,1.4163,Normal,50.0,batch_5,0.1006999999999997,12.901089265674605,-5.484112912139258,31.286291443488462,36.770404355627726,False,False,False,0.4028107343253957,0.4028107343253957,0.016565725210462,False,VERY_LOW,POINT_BELOW_LIMIT,0-10%
C09806,L5,DAC,124.47,1.796,12.1552,14.2164,18.569,51.1162,1.2355,1.4994,2.0479,6.9667,Absolute_Failure,50.0,batch_5,2.0611999999999995,46.39638127261895,28.01117909480509,64.78158345043282,36.77040435562773,False,True,True,4.719818727381046,4.719818727381046,0.9268258821415942,True,HIGH,POINT_BELOW_LIMIT,90-100%
C09807,L5,FPGA,126.06,1.067,10.9593,11.9457,12.0649,13.4932,1.1581,1.2482,1.2214,1.381,Normal,50.0,batch_5,0.9863999999999996,22.300575983432537,3.915373805618674,40.6857781612464,36.77040435562773,False,False,False,-8.807375983432538,8.807375983432538,0.3871967632480169,False,LOW,POINT_BELOW_LIMIT,30-40%
C09808,L5,FPGA,125.02,1.14,11.4313,11.8155,12.0104,13.1475,1.2029,1.257,1.2472,1.354,Normal,50.0,batch_5,0.3841999999999999,18.84918659732144,0.4639844195075788,37.2343887751353,36.77040435562772,False,False,False,-5.701686597321441,5.701686597321441,0.1440000586015291,False,VERY_LOW,POINT_BELOW_LIMIT,10-20%
C09809,L5,ASIC,125.06,1.191,11.5605,12.6351,15.8404,22.918,1.1907,1.3118,1.7473,2.6245,Latent_Defect,50.0,batch_5,1.0746000000000002,21.153735853869048,2.768533676055185,39.53893803168291,36.770404355627726,False,False,False,1.7642641461309516,1.7642641461309516,0.3064230349710226,False,LOW,POINT_BELOW_LIMIT,30-40%
C09810,L5,FPGA,126.53,1.117,11.0013,12.1972,13.032,14.5002,1.1524,1.2741,1.3594,1.5562,Normal,50.0,batch_5,1.1959,22.31374381607142,3.928541638257556,40.69894599388528,36.770404355627726,False,False,False,-7.8135438160714195,7.8135438160714195,0.4781041161207464,False,MEDIUM,POINT_BELOW_LIMIT,40-50%
C09811,L5,ASIC,125.23,1.175,11.4406,12.4674,13.0367,14.1431,1.1552,1.3051,1.353,1.5198,Normal,50.0,batch_5,1.0267999999999995,19.17335710316698,0.7881549253531155,37.558559280980845,36.77040435562773,False,False,False,-5.030257103166978,5.030257103166978,0.2405362167716669,False,LOW,POINT_BELOW_LIMIT,20-30%
C09812,L5,ASIC,125.16,1.205,11.6117,13.332,18.9048,54.467,1.1836,1.4337,2.0547,7.5419,Absolute_Failure,50.0,batch_5,1.7203,34.50635247996032,16.121150302146457,52.89155465777418,36.77040435562772,False,True,True,19.96064752003968,19.96064752003968,0.7026581447893808,True,MEDIUM,POINT_BELOW_LIMIT,70-80%
C09813,L5,DAC,126.15,1.779,11.6683,12.6561,13.5737,13.7211,1.213,1.3167,1.4607,1.4804,Normal,50.0,batch_5,0.9878,17.28023756091269,-1.1049646169011744,35.66543973872655,36.77040435562772,False,False,False,-3.5591375609126885,3.5591375609126885,0.1170217823456213,False,VERY_LOW,POINT_BELOW_LIMIT,10-20%
C09814,L5,FPGA,125.27,1.089,11.9191,12.498,13.5786,15.3178,1.2203,1.3405,1.4068,1.6632,Normal,50.0,batch_5,0.5788999999999991,17.702289488957565,-0.6829126888562982,36.08749166677143,36.770404355627726,False,False,False,-2.3844894889575645,2.3844894889575645,0.1861293356712086,False,LOW,POINT_BELOW_LIMIT,10-20%
C09815,L5,ASIC,125.02,1.198,11.2809,12.0843,14.5969,26.7468,1.1395,1.2451,1.5545,3.1055,Sudden_Anomaly,50.0,batch_5,0.8033999999999999,14.993173608005192,-3.3920285698086694,33.37837578581906,36.77040435562773,False,False,False,11.753626391994809,11.753626391994809,0.110220820264598,False,VERY_LOW,POINT_BELOW_LIMIT,10-20%
C09816,L5,FPGA,124.74,1.086,11.977,12.6827,15.5329,56.9207,1.2749,1.275,1.5992,8.0097,Absolute_Failure,50.0,batch_5,0.7057000000000002,22.22720236299601,3.842000185182148,40.61240454080988,36.77040435562773,False,False,True,34.693497637003986,34.693497637003986,0.1675064296070958,False,LOW,POINT_BELOW_LIMIT,10-20%
C09817,L5,ADC,125.22,1.787,11.5923,12.4845,13.4508,14.2082,1.1944,1.3153,1.434,1.4787,Normal,50.0,batch_5,0.8922000000000008,17.336195529166663,-1.0490066486472005,35.721397706980525,36.770404355627726,False,False,False,-3.127995529166663,3.127995529166663,0.1225934099959507,False,VERY_LOW,POINT_BELOW_LIMIT,10-20%
C09818,L5,ASIC,126.49,1.188,11.3229,12.1655,12.4832,12.6661,1.2013,1.2501,1.3182,1.3559,Normal,50.0,batch_5,0.8425999999999991,18.017965287996024,-0.3672368898178391,36.40316746580989,36.770404355627726,False,False,False,-5.351865287996024,5.351865287996024,0.1673340581932687,False,LOW,POINT_BELOW_LIMIT,10-20%
C09819,L5,FPGA,124.86,1.097,11.2312,11.9666,12.6102,13.7735,1.1752,1.2599,1.3682,1.5119,Normal,50.0,batch_5,0.7354000000000003,16.351369571428574,-2.033832606385289,34.73657174924244,36.770404355627726,False,False,False,-2.577869571428573,2.577869571428573,0.0566357589778642,False,VERY_LOW,POINT_BELOW_LIMIT,0-10%
C09820,L5,FPGA,125.82,1.092,11.1441,12.2947,12.7797,13.9829,1.164,1.2943,1.366,1.5372,Normal,50.0,batch_5,1.1506000000000007,19.040259300965,0.6550571231511348,37.42546147877886,36.77040435562772,False,False,False,-5.057359300964997,5.057359300964997,0.1656405950774372,False,LOW,POINT_BELOW_LIMIT,10-20%
C09821,L5,ASIC,125.3,1.204,11.1574,12.2197,19.6469,52.987,1.181,1.2844,2.1974,7.2362,Absolute_Failure,50.0,batch_5,1.0622999999999987,15.856325444940476,-2.528876732873385,34.24152762275434,36.770404355627726,False,False,True,37.13067455505953,37.13067455505953,0.0637767409491093,False,VERY_LOW,POINT_BELOW_LIMIT,0-10%
C09822,L5,FPGA,125.35,1.107,11.3391,11.7741,11.8829,11.9966,1.1599,1.2244,1.2582,1.2671,Normal,50.0,batch_5,0.4350000000000005,15.813194244321895,-2.5720079334919657,34.19839642213576,36.770404355627726,False,False,False,-3.816594244321896,3.816594244321896,0.1891951755726212,False,LOW,POINT_BELOW_LIMIT,10-20%
C09823,L5,FPGA,126.18,1.111,12.47,13.182,13.4993,13.7228,1.3759,1.3724,1.4487,1.457,Normal,50.0,batch_5,0.7119999999999997,17.638460356349196,-0.746741821464667,36.02366253416306,36.770404355627726,False,False,False,-3.915660356349196,3.915660356349196,0.0718051301639537,False,VERY_LOW,POINT_BELOW_LIMIT,0-10%
C09824,L5,ASIC,125.26,1.202,11.4851,12.6257,15.0022,19.2612,1.1523,1.2847,1.646,2.1299,Latent_Defect,50.0,batch_5,1.140600000000001,22.98049068898812,4.595288511174257,41.36569286680198,36.77040435562772,False,False,False,-3.7192906889881208,3.7192906889881208,0.2326305082833887,False,LOW,POINT_BELOW_LIMIT,20-30%
C09825,L5,DAC,125.77,1.814,12.0341,12.4283,13.564,15.0916,1.21,1.2885,1.4356,1.5754,Normal,50.0,batch_5,0.3941999999999996,17.89023814623017,-0.4949640315836916,36.275440324044034,36.770404355627726,False,False,False,-2.7986381462301715,2.7986381462301715,0.0642538141682878,False,VERY_LOW,POINT_BELOW_LIMIT,0-10%
C09826,L5,FPGA,124.58,1.073,11.6315,12.155,13.5968,14.9848,1.2327,1.3101,1.498,1.6232,Normal,50.0,batch_5,0.5234999999999985,16.318894902380954,-2.0663072754329086,34.70409708019481,36.77040435562772,False,False,False,-1.3340949023809543,1.3340949023809543,0.1245218496743331,False,VERY_LOW,POINT_BELOW_LIMIT,10-20%
C09827,L5,ASIC,124.78,1.192,11.1643,12.4236,13.4058,13.5521,1.1291,1.3193,1.4539,1.398,Normal,50.0,batch_5,1.2592999999999996,22.41479853690477,4.02959635909091,40.80000071471864,36.770404355627726,False,False,False,-8.862698536904773,8.862698536904773,0.3399926898397106,False,LOW,POINT_BELOW_LIMIT,30-40%
C09828,L5,FPGA,125.74,1.121,11.8364,12.794,13.1775,13.4022,1.2263,1.3706,1.3686,1.4152,Normal,50.0,batch_5,0.9576000000000012,20.0001503265873,1.6149481487734365,38.38535250440116,36.770404355627726,False,False,False,-6.5979503265872985,6.5979503265872985,0.2276478964929119,False,LOW,POINT_BELOW_LIMIT,20-30%
C09829,L5,ASIC,124.82,1.22,11.0414,12.0865,12.4031,12.8132,1.1277,1.2845,1.3441,1.3387,Normal,50.0,batch_5,1.0450999999999997,18.25863089116208,-0.1265712866517816,36.64383306897594,36.770404355627726,False,False,False,-5.445430891162081,5.445430891162081,0.2147974119849949,False,LOW,POINT_BELOW_LIMIT,20-30%
C09830,L5,ASIC,125.23,1.201,11.7216,12.6502,13.2996,14.1654,1.2598,1.362,1.4333,1.5417,Normal,50.0,batch_5,0.9285999999999994,18.557365871428555,0.1721636936146922,36.94256804924242,36.770404355627726,False,False,False,-4.391965871428555,4.391965871428555,0.0885110505593477,False,VERY_LOW,POINT_BELOW_LIMIT,0-10%
C09831,L5,DAC,124.41,1.808,11.569,12.5473,13.2305,13.6317,1.2029,1.3039,1.3988,1.4844,Normal,50.0,batch_5,0.9782999999999992,18.535724440972214,0.1505222631583507,36.92092661878608,36.770404355627726,False,False,False,-4.904024440972213,4.904024440972213,0.1303841905062527,False,VERY_LOW,POINT_BELOW_LIMIT,10-20%
C09832,L5,ASIC,125.15,1.201,11.285,12.1178,12.5552,14.4313,1.1317,1.2713,1.2766,1.5758,Normal,50.0,batch_5,0.8328000000000007,14.973559624305562,-3.411642553508301,33.358761802119425,36.770404355627726,False,False,False,-0.5422596243055615,0.5422596243055615,0.0386576719576719,False,VERY_LOW,POINT_BELOW_LIMIT,0-10%
C09833,L5,ASIC,125.73,1.214,11.3927,12.5978,15.1965,19.6898,1.155,1.3306,1.6208,2.1582,Latent_Defect,50.0,batch_5,1.2050999999999998,22.05119397579365,3.665991797979789,40.43639615360752,36.77040435562773,False,False,False,-2.36139397579365,2.36139397579365,0.2260377620508071,False,LOW,POINT_BELOW_LIMIT,20-30%
C09834,L5,DAC,124.53,1.773,11.8238,13.5437,16.2853,21.0593,1.269,1.4279,1.7778,2.3706,Latent_Defect,50.0,batch_5,1.719899999999999,39.1767167470148,20.79151456920093,57.56191892482866,36.77040435562773,False,True,False,-18.117416747014797,18.117416747014797,0.7780142079060067,True,HIGH,POINT_BELOW_LIMIT,70-80%
C09835,L5,ADC,124.91,1.804,11.7875,12.5892,12.8869,13.2772,1.2689,1.2755,1.3824,1.4343,Normal,50.0,batch_5,0.8017000000000003,19.102203678075387,0.7170015002615244,37.48740585588925,36.770404355627726,False,False,False,-5.825003678075387,5.825003678075387,0.1561358124590793,False,LOW,POINT_BELOW_LIMIT,10-20%
C09836,L5,ASIC,125.49,1.194,11.8701,13.5574,20.5085,52.312,1.2567,1.3989,2.3067,7.1623,Absolute_Failure,50.0,batch_5,1.6872999999999987,37.30138943601192,18.91618725819805,55.68659161382578,36.77040435562773,False,True,True,15.01061056398808,15.01061056398808,0.7112327797306771,True,MEDIUM,POINT_BELOW_LIMIT,70-80%
C09837,L5,DAC,125.71,1.824,12.3321,12.4769,13.971,26.2641,1.2859,1.2829,1.527,3.0281,Sudden_Anomaly,50.0,batch_5,0.1448,14.738633090286791,-3.6465690875270695,33.123835268100656,36.770404355627726,False,False,False,11.525466909713206,11.525466909713206,0.0785817155067155,False,VERY_LOW,POINT_BELOW_LIMIT,0-10%
C09838,L5,ADC,124.59,1.8,11.7403,12.4875,13.144,13.6741,1.2239,1.2868,1.3743,1.4536,Normal,50.0,batch_5,0.7472000000000012,18.216382658829364,-0.1688195189844989,36.60158483664323,36.770404355627726,False,False,False,-4.5422826588293646,4.5422826588293646,0.0697927331457672,False,VERY_LOW,POINT_BELOW_LIMIT,0-10%
C09839,L5,FPGA,126.44,1.099,11.1594,11.9387,12.7488,13.6443,1.1358,1.2434,1.3339,1.4522,Normal,50.0,batch_5,0.779300000000001,18.132299392261903,-0.2529027855519601,36.517501570075765,36.770404355627726,False,False,False,-4.487999392261903,4.487999392261903,0.1767061671793903,False,LOW,POINT_BELOW_LIMIT,10-20%
C09840,L5,ASIC,124.72,1.2,11.4241,11.8685,12.0545,13.2912,1.2183,1.2451,1.2772,1.4066,Normal,50.0,batch_5,0.4443999999999999,15.779973206250007,-2.6052289715638537,34.16517538406387,36.770404355627726,False,False,False,-2.488773206250009,2.488773206250009,0.0997390772200235,False,VERY_LOW,POINT_BELOW_LIMIT,0-10%
C09841,L5,ADC,124.99,1.779,11.6957,13.829,21.3481,53.1639,1.2228,1.5147,2.3824,7.3403,Absolute_Failure,50.0,batch_5,2.1333,42.95538518511902,24.57018300730516,61.34058736293288,36.77040435562772,False,True,True,10.208514814880978,10.208514814880978,0.9072543111039189,True,HIGH,POINT_BELOW_LIMIT,90-100%
C09842,L5,ADC,124.76,1.815,12.0304,12.7886,13.7908,15.1116,1.232,1.3183,1.4677,1.6327,Normal,50.0,batch_5,0.7582000000000004,17.009566730753967,-1.3756354470598957,35.394768908567826,36.77040435562772,False,False,False,-1.897966730753968,1.897966730753968,0.1176014797294208,False,VERY_LOW,POINT_BELOW_LIMIT,10-20%
C09843,L5,ASIC,125.33,1.19,11.2175,12.0969,16.4694,20.5366,1.1326,1.2481,1.7665,2.3012,Latent_Defect,50.0,batch_5,0.8794000000000004,16.482680522123005,-1.9025216556908584,34.86788269993687,36.77040435562773,False,False,False,4.053919477876995,4.053919477876995,0.2316237327561341,False,LOW,POINT_BELOW_LIMIT,20-30%
C09844,L5,FPGA,125.46,1.074,11.3464,11.6305,12.7419,12.7846,1.2198,1.1657,1.3597,1.3415,Normal,50.0,batch_5,0.2841000000000004,15.145547999900783,-3.239654177913078,33.53075017771465,36.77040435562773,False,False,False,-2.3609479999007856,2.3609479999007856,0.1660658448911881,False,LOW,POINT_BELOW_LIMIT,10-20%
C09845,L5,DAC,123.83,1.817,11.9227,13.7619,18.7471,51.3531,1.2311,1.4499,2.055,6.9864,Absolute_Failure,50.0,batch_5,1.8392,44.68849049474207,26.303288316928207,63.073692672555936,36.77040435562773,False,True,True,6.664609505257928,6.664609505257928,0.8787369151357861,True,HIGH,POINT_BELOW_LIMIT,80-90%
C09846,L5,FPGA,125.4,1.111,10.8673,11.403,12.3892,13.1517,1.1179,1.1511,1.2925,1.3919,Normal,50.0,batch_5,0.5357000000000003,13.522204966744994,-4.862997211068869,31.907407144558857,36.770404355627726,False,False,False,-0.3705049667449938,0.3705049667449938,0.0093323068412317,False,VERY_LOW,POINT_BELOW_LIMIT,0-10%
C09847,L5,ASIC,123.28,1.21,11.3717,12.4131,13.0508,14.1127,1.1839,1.3052,1.3746,1.4661,Normal,50.0,batch_5,1.0413999999999994,20.304064419146822,1.91886224133296,38.689266596960685,36.770404355627726,False,False,False,-6.191364419146822,6.191364419146822,0.2118569025786575,False,LOW,POINT_BELOW_LIMIT,20-30%
C09848,L5,FPGA,125.9,1.1,11.8881,12.4877,13.845,15.3545,1.2738,1.3117,1.4966,1.6387,Normal,50.0,batch_5,0.5996000000000006,18.562148883402013,0.1769467055881506,36.94735106121588,36.770404355627726,False,False,False,-3.2076488834020136,3.2076488834020136,0.1689507907641034,False,LOW,POINT_BELOW_LIMIT,10-20%
C09849,L5,ADC,123.61,1.785,11.5366,11.8753,14.4201,41.6802,1.1851,1.2393,1.5315,5.3159,Sudden_Anomaly,50.0,batch_5,0.3386999999999993,15.709256691483922,-2.6759454863299403,34.09445886929778,36.77040435562772,False,False,False,25.97094330851608,25.97094330851608,0.0204056554556554,False,VERY_LOW,POINT_BELOW_LIMIT,0-10%
C09850,L5,ASIC,124.43,1.201,11.1103,11.8774,12.2471,13.0106,1.1425,1.221,1.2919,1.3735,Normal,50.0,batch_5,0.7670999999999992,15.772705048466808,-2.612497129347055,34.15790722628067,36.770404355627726,False,False,False,-2.7621050484668075,2.7621050484668075,0.0783109419849829,False,VERY_LOW,POINT_BELOW_LIMIT,0-10%
C09851,L5,ASIC,125.4,1.197,11.0113,11.8293,12.7829,13.4846,1.1466,1.2445,1.3456,1.4261,Normal,50.0,batch_5,0.8179999999999996,15.48401343426226,-2.901188743551604,33.86921561207612,36.77040435562772,False,False,False,-1.9994134342622587,1.9994134342622587,0.0655956258653627,False,VERY_LOW,POINT_BELOW_LIMIT,0-10%
C09852,L5,ASIC,125.34,1.212,11.7748,12.475,12.8618,14.6077,1.2338,1.2836,1.337,1.5782,Normal,50.0,batch_5,0.7001999999999988,15.92619669027778,-2.459005487536084,34.31139886809164,36.770404355627726,False,False,False,-1.3184966902777795,1.3184966902777795,0.1056451538829248,False,VERY_LOW,POINT_BELOW_LIMIT,10-20%
C09853,L5,ADC,123.48,1.821,12.007,12.5065,17.3799,54.5144,1.1991,1.3156,1.8395,7.5671,Absolute_Failure,50.0,batch_5,0.4995000000000011,18.02918988125001,-0.3560122965638506,36.41439205906387,36.77040435562772,False,False,True,36.48521011874999,36.48521011874999,0.1328120743299266,False,VERY_LOW,POINT_BELOW_LIMIT,10-20%
C09854,L5,ADC,125.7,1.806,11.8187,12.0278,12.5347,13.5359,1.2281,1.2723,1.3507,1.4484,Normal,50.0,batch_5,0.2090999999999994,13.673753806944454,-4.711448370869409,32.05895598475831,36.77040435562772,False,False,False,-0.1378538069444541,0.1378538069444541,0.0283272312228833,False,VERY_LOW,POINT_BELOW_LIMIT,0-10%
C09855,L5,FPGA,125.59,1.088,10.8474,11.6246,12.234,13.0356,1.1364,1.1934,1.3016,1.3811,Normal,50.0,batch_5,0.7771999999999988,15.09408231065526,-3.291119867158603,33.47928448846912,36.77040435562772,False,False,False,-2.0584823106552594,2.0584823106552594,0.0859224622826256,False,VERY_LOW,POINT_BELOW_LIMIT,0-10%
C09856,L5,FPGA,125.66,1.101,11.6231,12.8145,14.7557,21.1597,1.2137,1.3519,1.5997,2.3676,Latent_Defect,50.0,batch_5,1.1913999999999998,21.885483588834763,3.5002814110209,40.27068576664863,36.770404355627726,False,False,False,-0.7257835888347621,0.7257835888347621,0.1291986505363588,False,VERY_LOW,POINT_BELOW_LIMIT,10-20%
C09857,L5,ADC,124.91,1.808,11.6499,13.0082,16.1957,22.8184,1.2591,1.3948,1.7489,2.6133,Latent_Defect,50.0,batch_5,1.3582999999999998,28.46555719156745,10.080355013753586,46.85075936938131,36.77040435562772,False,False,False,-5.647157191567448,5.647157191567448,0.5198607699952235,True,MEDIUM,POINT_BELOW_LIMIT,50-60%
C09858,L5,ASIC,124.13,1.225,11.0628,11.7928,12.3622,12.4313,1.1923,1.2155,1.266,1.3428,Normal,50.0,batch_5,0.7300000000000004,15.343424206382274,-3.041777971431589,33.72862638419613,36.77040435562772,False,False,False,-2.912124206382273,2.912124206382273,0.0259492063492063,False,VERY_LOW,POINT_BELOW_LIMIT,0-10%
C09859,L5,FPGA,125.71,1.09,11.367,12.2495,13.0145,13.8472,1.2286,1.289,1.3702,1.4569,Normal,50.0,batch_5,0.8824999999999985,17.795353912400795,-0.5898482654130675,36.18055609021466,36.770404355627726,False,False,False,-3.9481539124007945,3.9481539124007945,0.1836718195370832,False,LOW,POINT_BELOW_LIMIT,10-20%
C09860,L5,FPGA,125.76,1.108,11.8365,12.6811,13.401,14.1873,1.2141,1.3319,1.3821,1.4898,Normal,50.0,batch_5,0.8446000000000016,16.58568846894842,-1.7995137088654438,34.970890646762285,36.77040435562773,False,False,False,-2.3983884689484185,2.3983884689484185,0.1092511645217527,False,VERY_LOW,POINT_BELOW_LIMIT,10-20%
C09861,L5,FPGA,124.61,1.107,11.8606,11.7679,11.7359,11.4885,1.2344,1.2405,1.2092,1.1879,High_Stable,50.0,batch_5,-0.0927000000000006,12.385912909821425,-5.99928926799244,30.771115087635287,36.770404355627726,False,False,False,-0.8974129098214227,0.8974129098214227,0.008825641025641,False,VERY_LOW,POINT_BELOW_LIMIT,0-10%
C09862,L5,FPGA,124.98,1.109,11.6935,12.842,15.2802,21.7093,1.2545,1.3158,1.6414,2.422,Latent_Defect,50.0,batch_5,1.1485000000000003,17.31168276130952,-1.0735194165043431,35.69688493912338,36.77040435562772,False,False,False,4.397617238690479,4.397617238690479,0.1204766921640451,False,VERY_LOW,POINT_BELOW_LIMIT,10-20%
C09863,L5,ADC,124.64,1.818,11.6906,12.8683,14.1915,14.6909,1.1671,1.3465,1.5403,1.5821,Normal,50.0,batch_5,1.1776999999999995,21.468821784523808,3.083619606709945,39.85402396233767,36.770404355627726,False,False,False,-6.777921784523809,6.777921784523809,0.2446797003451968,False,LOW,POINT_BELOW_LIMIT,20-30%
C09864,L5,ASIC,124.17,1.206,11.0594,12.0548,12.6571,12.7196,1.1407,1.2631,1.3338,1.3651,Normal,50.0,batch_5,0.9954,17.357428268046544,-1.027773909767319,35.74263044586041,36.770404355627726,False,False,False,-4.637828268046544,4.637828268046544,0.186045895505184,False,LOW,POINT_BELOW_LIMIT,10-20%
C09865,L5,ADC,123.98,1.809,11.4418,12.1813,13.4254,14.5602,1.2179,1.2989,1.4303,1.5149,Normal,50.0,batch_5,0.7394999999999996,19.769091521825395,1.383889344011532,38.15429369963925,36.77040435562772,False,False,False,-5.208891521825395,5.208891521825395,0.0445908424908424,False,VERY_LOW,POINT_BELOW_LIMIT,0-10%
C09866,L5,ASIC,125.46,1.193,11.325,11.986,12.3706,13.7661,1.2006,1.2647,1.3208,1.4066,Normal,50.0,batch_5,0.6610000000000014,17.415687336904764,-0.969514840909099,35.80088951471863,36.770404355627726,False,False,False,-3.649587336904764,3.649587336904764,0.0558487404408457,False,VERY_LOW,POINT_BELOW_LIMIT,0-10%
C09867,L5,ASIC,125.31,1.221,10.8415,11.812,11.8818,12.5451,1.12,1.1977,1.2055,1.307,Normal,50.0,batch_5,0.9704999999999996,18.099766253842,-0.2854359239718604,36.484968431655865,36.770404355627726,False,False,False,-5.554666253842003,5.554666253842003,0.2334559887901514,False,LOW,POINT_BELOW_LIMIT,20-30%
C09868,L5,DAC,124.2,1.802,11.5796,12.0571,12.6079,13.6263,1.1799,1.3099,1.3261,1.4198,Normal,50.0,batch_5,0.4775000000000009,16.95454931626984,-1.4306528615440222,35.3397514940837,36.77040435562772,False,False,False,-3.32824931626984,3.32824931626984,0.1545860172679057,False,LOW,POINT_BELOW_LIMIT,10-20%
C09869,L5,FPGA,123.99,1.104,10.7203,11.1134,11.9433,12.2993,1.1111,1.1563,1.2691,1.3137,Normal,50.0,batch_5,0.3931000000000004,13.887630527182536,-4.4975716506313255,32.272832704996404,36.77040435562773,False,False,False,-1.5883305271825368,1.5883305271825368,0.0406718176572132,False,VERY_LOW,POINT_BELOW_LIMIT,0-10%
C09870,L5,ASIC,125.21,1.218,11.2753,12.0356,12.8878,14.3336,1.1988,1.2945,1.3776,1.5347,Normal,50.0,batch_5,0.7603000000000009,17.05760477402931,-1.3275974037845517,35.442806951843174,36.770404355627726,False,False,False,-2.7240047740293107,2.7240047740293107,0.0585894120017521,False,VERY_LOW,POINT_BELOW_LIMIT,0-10%
C09871,L5,FPGA,124.72,1.103,10.9304,11.9399,12.3559,13.5691,1.146,1.2344,1.333,1.4312,Normal,50.0,batch_5,1.0094999999999992,17.479775306893035,-0.9054268709208272,35.8649774847069,36.770404355627726,False,False,False,-3.910675306893035,3.910675306893035,0.1860568911282701,False,LOW,POINT_BELOW_LIMIT,10-20%
C09872,L5,DAC,125.47,1.788,11.7529,12.5106,13.0722,14.3503,1.2075,1.3467,1.343,1.5036,Normal,50.0,batch_5,0.7576999999999998,17.74684343829366,-0.6383587395202035,36.13204561610752,36.77040435562772,False,False,False,-3.3965434382936586,3.3965434382936586,0.1167045267133966,False,VERY_LOW,POINT_BELOW_LIMIT,10-20%
C09873,L5,FPGA,124.73,1.093,11.8315,13.5809,17.1674,24.7885,1.1983,1.4763,1.8984,2.9039,Latent_Defect,50.0,batch_5,1.7493999999999996,36.29221139590552,17.907009218091655,54.67741357371938,36.77040435562772,False,True,False,-11.50371139590552,11.50371139590552,0.7090382559104698,True,MEDIUM,POINT_BELOW_LIMIT,70-80%
C09874,L5,DAC,125.46,1.793,12.1395,13.2634,14.0661,14.6741,1.2526,1.4498,1.502,1.5813,Normal,50.0,batch_5,1.1239000000000008,23.09540588442464,4.710203706610773,41.4806080622385,36.77040435562773,False,False,False,-8.421305884424637,8.421305884424637,0.2183537256849329,False,LOW,POINT_BELOW_LIMIT,20-30%
C09875,L5,ASIC,125.81,1.211,10.8561,12.8919,16.7567,23.4284,1.1394,1.3644,1.8243,2.6852,Latent_Defect,50.0,batch_5,2.0358,42.46112288001443,24.07592070220057,60.846325057828295,36.77040435562773,False,True,False,-19.03272288001443,19.03272288001443,0.8642387892253378,True,HIGH,POINT_BELOW_LIMIT,80-90%
C09876,L5,DAC,125.18,1.815,12.0233,12.8431,13.8045,14.5363,1.2419,1.3605,1.4793,1.5928,Normal,50.0,batch_5,0.819799999999999,17.19587273690476,-1.189329440909102,35.58107491471863,36.77040435562773,False,False,False,-2.65957273690476,2.65957273690476,0.1040839117796547,False,VERY_LOW,POINT_BELOW_LIMIT,10-20%
C09877,L5,ASIC,125.83,1.202,10.765,12.4314,17.7702,23.1842,1.0746,1.2613,1.968,2.6467,Latent_Defect,50.0,batch_5,1.6663999999999994,36.05529464345239,17.67009246563853,54.44049682126625,36.77040435562772,False,True,False,-12.871094643452391,12.871094643452391,0.6050559609173081,True,MEDIUM,POINT_BELOW_LIMIT,60-70%
C09878,L5,FPGA,126.09,1.096,12.1177,13.4706,17.9264,22.7144,1.2766,1.4422,1.9946,2.5731,Latent_Defect,50.0,batch_5,1.3529,30.70869914168153,12.323496963867669,49.093901319495394,36.770404355627726,False,False,False,-7.99429914168153,7.99429914168153,0.5075384215776494,True,MEDIUM,POINT_BELOW_LIMIT,50-60%
C09879,L5,ASIC,126.96,1.205,11.7088,12.9163,17.9854,24.2301,1.2405,1.38,2.0052,2.7538,Latent_Defect,50.0,batch_5,1.2074999999999996,24.1830468461039,5.797844668290036,42.56824902391776,36.77040435562772,False,False,False,0.0470531538961012,0.0470531538961012,0.3451353634985681,False,LOW,POINT_BELOW_LIMIT,30-40%
C09880,L5,ADC,125.12,1.801,11.8731,12.9875,15.1987,30.1379,1.2543,1.4155,1.6542,3.6228,Sudden_Anomaly,50.0,batch_5,1.1143999999999998,20.24045201758657,1.855249839772707,38.62565419540043,36.77040435562772,False,False,False,9.897447982413428,9.897447982413428,0.3588810081673111,False,LOW,POINT_BELOW_LIMIT,30-40%
C09881,L5,DAC,126.88,1.808,11.4967,11.9946,12.5893,13.7002,1.1708,1.2475,1.3356,1.4214,Normal,50.0,batch_5,0.4978999999999995,16.73352358125001,-1.6516785965638512,35.11872575906388,36.77040435562773,False,False,False,-3.033323581250011,3.033323581250011,0.0823487698575933,False,VERY_LOW,POINT_BELOW_LIMIT,0-10%
C09882,L5,DAC,125.56,1.806,12.0467,13.2588,13.932,14.6476,1.2393,1.4016,1.4743,1.5796,Normal,50.0,batch_5,1.2121000000000013,24.82835601944444,6.443153841630579,43.21355819725831,36.77040435562773,False,False,False,-10.18075601944444,10.18075601944444,0.1181235517385652,False,VERY_LOW,POINT_BELOW_LIMIT,10-20%
C09883,L5,DAC,125.4,1.791,11.9529,12.9115,13.146,14.3187,1.2707,1.4005,1.4059,1.4893,Normal,50.0,batch_5,0.9586000000000006,15.822906033757224,-2.5622961440566385,34.20810821157109,36.770404355627726,False,False,False,-1.5042060337572245,1.5042060337572245,0.1025656981906981,False,VERY_LOW,POINT_BELOW_LIMIT,10-20%
C09884,L5,ADC,124.31,1.793,11.592,11.9363,13.0894,14.0493,1.215,1.2343,1.3858,1.4731,Normal,50.0,batch_5,0.3442999999999987,14.464229754083126,-3.9209724237307366,32.84943193189699,36.770404355627726,False,False,False,-0.4149297540831256,0.4149297540831256,0.0367442400594574,False,VERY_LOW,POINT_BELOW_LIMIT,0-10%
C09885,L5,FPGA,125.4,1.119,11.1635,12.5672,13.4655,14.5817,1.1389,1.3476,1.3804,1.5298,Normal,50.0,batch_5,1.4036999999999988,37.00197951345597,18.6167773356421,55.38718169126983,36.77040435562773,False,True,False,-22.420279513455966,22.420279513455966,0.7352056380631853,True,MEDIUM,POINT_BELOW_LIMIT,70-80%
C09886,L5,ASIC,123.75,1.186,11.0013,12.5762,15.9494,19.5859,1.1374,1.3396,1.7047,2.1076,Latent_Defect,50.0,batch_5,1.5748999999999995,30.232540052732688,11.847337874918823,48.61774223054656,36.77040435562773,False,False,False,-10.646640052732687,10.646640052732687,0.5050910707771442,True,MEDIUM,POINT_BELOW_LIMIT,50-60%
C09887,L5,DAC,125.6,1.781,11.9753,13.9507,20.7732,51.1095,1.2598,1.4948,2.3243,6.9622,Absolute_Failure,50.0,batch_5,1.9753999999999987,39.54014105803573,21.154938880221867,57.9253432358496,36.77040435562773,False,True,True,11.569358941964268,11.569358941964268,0.790468938331576,True,HIGH,POINT_BELOW_LIMIT,70-80%
C09888,L5,ASIC,125.27,1.227,11.0197,12.4055,13.565,35.7941,1.1058,1.2951,1.4274,4.4454,Sudden_Anomaly,50.0,batch_5,1.3857999999999997,31.316298630348136,12.931096452534272,49.701500808162,36.77040435562772,False,False,False,4.477801369651864,4.477801369651864,0.5352267382311828,True,MEDIUM,POINT_BELOW_LIMIT,50-60%
C09889,L5,ASIC,125.66,1.202,11.124,12.5606,16.3117,23.9813,1.1502,1.2721,1.782,2.7271,Latent_Defect,50.0,batch_5,1.4366000000000003,27.899770765936164,9.514568588122302,46.28497294375003,36.770404355627726,False,False,False,-3.918470765936164,3.918470765936164,0.3636228187326945,False,LOW,POINT_BELOW_LIMIT,30-40%
C09890,L5,ADC,125.15,1.814,11.5816,13.0132,15.0322,21.2888,1.1573,1.4114,1.6086,2.4075,Latent_Defect,50.0,batch_5,1.4315999999999995,31.062481252083327,12.677279074269464,49.44768342989719,36.770404355627726,False,False,False,-9.773681252083328,9.773681252083328,0.6112983291766518,True,MEDIUM,POINT_BELOW_LIMIT,60-70%
C09891,L5,FPGA,124.74,1.102,11.8424,11.9748,12.1041,11.9789,1.2477,1.2229,1.2441,1.2467,High_Stable,50.0,batch_5,0.1324000000000005,12.925273471924598,-5.459928705889265,31.31047564973846,36.770404355627726,False,False,False,-0.9463734719245984,0.9463734719245984,0.0031714285714285,False,VERY_LOW,POINT_BELOW_LIMIT,0-10%
C09892,L5,ADC,124.98,1.806,12.092,12.1496,13.24,13.4329,1.2458,1.2933,1.4191,1.4339,Normal,50.0,batch_5,0.0575999999999989,13.13619057709234,-5.249011600721524,31.5213927549062,36.770404355627726,False,False,False,0.2967094229076608,0.2967094229076608,0.0097720057720057,False,VERY_LOW,POINT_BELOW_LIMIT,0-10%
C09893,L5,ASIC,124.45,1.195,11.0583,12.211,12.52,13.5619,1.1277,1.2569,1.3544,1.4486,Normal,50.0,batch_5,1.1527000000000012,21.686411818978957,3.301209641165091,40.07161399679282,36.77040435562773,False,False,False,-8.124511818978954,8.124511818978954,0.1743207311580847,False,LOW,POINT_BELOW_LIMIT,10-20%
C09894,L5,DAC,124.8,1.797,11.3968,13.0107,14.0016,29.3646,1.2002,1.3797,1.4665,3.4875,Sudden_Anomaly,50.0,batch_5,1.6138999999999992,37.61502490333484,19.22982272552098,56.00022708114871,36.77040435562773,False,True,False,-8.250424903334842,8.250424903334842,0.7308270239374095,True,MEDIUM,POINT_BELOW_LIMIT,70-80%
C09895,L5,ASIC,126.44,1.194,11.1567,11.1942,11.462,11.7498,1.1482,1.1711,1.1865,1.1989,High_Stable,50.0,batch_5,0.0374999999999996,12.586001981042571,-5.799200196771292,30.971204158856438,36.770404355627726,False,False,False,-0.8362019810425707,0.8362019810425707,0.0103785714285714,False,VERY_LOW,POINT_BELOW_LIMIT,0-10%
C09896,L5,ASIC,125.58,1.214,11.5737,13.8298,18.7987,56.9791,1.261,1.4452,2.0724,8.0382,Absolute_Failure,50.0,batch_5,2.2561,45.048988841964274,26.66378666415041,63.43419101977814,36.77040435562773,False,True,True,11.930111158035729,11.930111158035729,0.9118553367714828,True,HIGH,POINT_BELOW_LIMIT,90-100%
C09897,L5,ADC,125.03,1.772,12.113,12.3867,12.6049,12.3598,1.2767,1.3255,1.3267,1.309,High_Stable,50.0,batch_5,0.2736999999999998,13.465702547123003,-4.919499630690858,31.850904724936868,36.770404355627726,False,False,False,-1.105902547123005,1.105902547123005,0.0083982683982684,False,VERY_LOW,POINT_BELOW_LIMIT,0-10%
C09898,L5,FPGA,124.45,1.098,11.3921,12.5444,14.5962,21.238,1.1677,1.3079,1.5558,2.3682,Latent_Defect,50.0,batch_5,1.1523000000000003,22.497944111706364,4.112741933892501,40.88314628952023,36.770404355627726,False,False,False,-1.259944111706364,1.259944111706364,0.2709055817169326,False,LOW,POINT_BELOW_LIMIT,20-30%
C09899,L5,DAC,124.3,1.796,12.0123,12.2123,14.4358,31.2421,1.2693,1.2721,1.5352,3.7545,Sudden_Anomaly,50.0,batch_5,0.200000000000001,13.703118429067455,-4.682083748746408,32.08832060688132,36.770404355627726,False,False,False,17.538981570932545,17.538981570932545,0.0121999999999999,False,VERY_LOW,POINT_BELOW_LIMIT,0-10%
C09900,L5,ASIC,126.32,1.208,11.3697,12.5703,12.8698,13.3976,1.1633,1.3824,1.3661,1.4292,Normal,50.0,batch_5,1.2005999999999997,25.628693061904777,7.243490884090914,44.01389523971864,36.77040435562772,False,False,False,-12.231093061904776,12.231093061904776,0.3650927161043588,False,LOW,POINT_BELOW_LIMIT,30-40%
C09901,L5,DAC,126.66,1.784,12.0699,12.7656,13.3173,14.4946,1.2942,1.3224,1.4349,1.5688,Normal,50.0,batch_5,0.6956999999999987,19.954149823214276,1.56894764540041,38.33935200102813,36.77040435562772,False,False,False,-5.459549823214273,5.459549823214273,0.0941144395538055,False,VERY_LOW,POINT_BELOW_LIMIT,0-10%
C09902,L5,ADC,124.23,1.784,11.5446,13.4752,16.854,20.3907,1.1723,1.4574,1.8258,2.295,Latent_Defect,50.0,batch_5,1.9305999999999983,38.59348084285712,20.208278665043256,56.978683020670985,36.77040435562773,False,True,False,-18.20278084285712,18.20278084285712,0.7655631529340974,True,HIGH,POINT_BELOW_LIMIT,70-80%
C09903,L5,ASIC,124.0,1.228,11.6803,12.223,12.8932,13.2535,1.1947,1.2543,1.3441,1.3891,Normal,50.0,batch_5,0.5427,17.986939341071423,-0.3982628367424397,36.372141518885286,36.770404355627726,False,False,False,-4.733439341071422,4.733439341071422,0.0997246565182323,False,VERY_LOW,POINT_BELOW_LIMIT,0-10%
C09904,L5,FPGA,124.7,1.101,11.302,12.7329,17.5671,25.4385,1.1896,1.383,1.9677,2.9461,Latent_Defect,50.0,batch_5,1.4309000000000012,32.69471872331351,14.309516545499644,51.079920901127366,36.77040435562772,False,True,False,-7.256218723313506,7.256218723313506,0.4472991356968909,False,MEDIUM,POINT_BELOW_LIMIT,40-50%
C09905,L5,FPGA,125.11,1.1,10.9372,11.1366,14.3355,54.4661,1.1064,1.2017,1.4796,7.5491,Absolute_Failure,50.0,batch_5,0.1993999999999989,14.905532813900557,-3.479669363913308,33.290734991714416,36.770404355627726,False,False,True,39.56056718609944,39.56056718609944,0.0250957626664523,False,VERY_LOW,POINT_BELOW_LIMIT,0-10%
C09906,L5,DAC,125.86,1.804,12.4014,13.3482,14.5189,14.5891,1.322,1.3631,1.5757,1.6164,Normal,50.0,batch_5,0.9467999999999996,19.63674844890873,1.2515462710948633,38.021950626722585,36.77040435562772,False,False,False,-5.047648448908726,5.047648448908726,0.2662352339091122,False,LOW,POINT_BELOW_LIMIT,20-30%
C09907,L5,ASIC,125.21,1.225,11.4863,12.537,12.747,13.9542,1.2091,1.3074,1.356,1.48,Normal,50.0,batch_5,1.0507000000000009,18.81007087993742,0.4248687021235575,37.19527305775128,36.77040435562772,False,False,False,-4.85587087993742,4.85587087993742,0.1237806863930702,False,VERY_LOW,POINT_BELOW_LIMIT,10-20%
C09908,L5,FPGA,125.71,1.122,11.6325,12.2303,12.3439,13.5207,1.2311,1.3068,1.2739,1.409,Normal,50.0,batch_5,0.5977999999999994,17.58095689841269,-0.8042452794011723,35.96615907622655,36.770404355627726,False,False,False,-4.060256898412691,4.060256898412691,0.1730969110039239,False,LOW,POINT_BELOW_LIMIT,10-20%
C09909,L5,ASIC,124.75,1.199,11.2964,12.3332,14.0296,14.4509,1.1113,1.2983,1.5006,1.539,Normal,50.0,batch_5,1.0367999999999995,19.770082513163917,1.3848803353500507,38.15528469097778,36.77040435562773,False,False,False,-5.319182513163913,5.319182513163913,0.3270145469543942,False,LOW,POINT_BELOW_LIMIT,30-40%
C09910,L5,DAC,125.07,1.785,11.8176,12.4331,12.495,14.3477,1.2231,1.2791,1.3188,1.5142,Normal,50.0,batch_5,0.615499999999999,15.04632026746031,-3.338881910353553,33.43152244527417,36.77040435562772,False,False,False,-0.6986202674603099,0.6986202674603099,0.0514405254102622,False,VERY_LOW,POINT_BELOW_LIMIT,0-10%
C09911,L5,FPGA,125.49,1.102,11.8622,11.9255,12.0362,12.0541,1.2624,1.2295,1.2445,1.2346,High_Stable,50.0,batch_5,0.0632999999999999,12.382048729563492,-6.0031534482503695,30.76725090737736,36.770404355627726,False,False,False,-0.3279487295634933,0.3279487295634933,0.0074047619047619,False,VERY_LOW,POINT_BELOW_LIMIT,0-10%
C09912,L5,DAC,124.9,1.784,11.8543,13.1985,14.0333,14.7562,1.239,1.4088,1.5115,1.6167,Normal,50.0,batch_5,1.344199999999999,29.480089283974333,11.09488710616047,47.8652914617882,36.770404355627726,False,False,False,-14.723889283974334,14.723889283974334,0.408323967574804,False,MEDIUM,POINT_BELOW_LIMIT,40-50%
C09913,L5,FPGA,125.19,1.092,11.6673,12.5887,13.125,13.7367,1.1669,1.3409,1.3714,1.458,Normal,50.0,batch_5,0.9214000000000002,20.50066285885157,2.115460681037707,38.88586503666544,36.77040435562773,False,False,False,-6.763962858851569,6.763962858851569,0.2171307033695576,False,LOW,POINT_BELOW_LIMIT,20-30%
C09914,L5,ADC,125.26,1.833,11.5223,13.5877,17.5227,51.9112,1.2187,1.4447,1.8915,7.0878,Absolute_Failure,50.0,batch_5,2.0654000000000003,49.44987386020015,31.064671682386287,67.83507603801401,36.77040435562772,False,True,True,2.461326139799852,2.461326139799852,0.9349596959542006,True,HIGH,POINT_BELOW_LIMIT,90-100%
C09915,L5,ASIC,124.79,1.205,11.7127,12.3148,13.093,13.3984,1.2321,1.2571,1.4159,1.4022,Normal,50.0,batch_5,0.6021000000000001,16.975911506448398,-1.409290671365465,35.361113684262264,36.77040435562773,False,False,False,-3.5775115064483973,3.5775115064483973,0.0936179415441799,False,VERY_LOW,POINT_BELOW_LIMIT,0-10%
C09916,L5,ASIC,126.26,1.198,11.3536,11.6566,11.6912,11.4938,1.1751,1.265,1.2552,1.2297,High_Stable,50.0,batch_5,0.302999999999999,15.753230368253956,-2.6319718095599054,34.13843254606782,36.770404355627726,False,False,False,-4.259430368253957,4.259430368253957,0.0621387654828831,False,VERY_LOW,POINT_BELOW_LIMIT,0-10%
C09917,L5,DAC,124.96,1.792,12.2561,13.9858,17.0165,24.0785,1.2912,1.488,1.8183,2.7613,Latent_Defect,50.0,batch_5,1.7296999999999991,38.46294988442455,20.07774770661069,56.84815206223841,36.77040435562772,False,True,False,-14.384449884424557,14.384449884424557,0.6596580909013943,True,MEDIUM,POINT_BELOW_LIMIT,60-70%
C09918,L5,ASIC,124.78,1.208,11.5249,12.5713,13.4327,14.7334,1.2323,1.3328,1.4293,1.5771,Normal,50.0,batch_5,1.0464000000000002,17.55003869620726,-0.8351634816066031,35.93524087402112,36.77040435562772,False,False,False,-2.81663869620726,2.81663869620726,0.1866910368660219,False,LOW,POINT_BELOW_LIMIT,10-20%
C09919,L5,FPGA,124.34,1.067,11.265,11.9088,12.7725,13.4691,1.1666,1.2312,1.3691,1.4737,Normal,50.0,batch_5,0.6437999999999988,22.774029731250007,4.388827553436144,41.15923190906387,36.770404355627726,False,False,False,-9.304929731250008,9.304929731250008,0.4538008377690415,False,MEDIUM,POINT_BELOW_LIMIT,40-50%
C09920,L5,ASIC,124.35,1.188,11.6343,12.7692,14.0252,14.5524,1.2031,1.3386,1.4885,1.5772,Normal,50.0,batch_5,1.1349,18.657065689718607,0.2718635119047441,37.04226786753247,36.77040435562773,False,False,False,-4.104665689718607,4.104665689718607,0.2539658809318073,False,LOW,POINT_BELOW_LIMIT,20-30%
C09921,L5,ASIC,126.13,1.204,11.7978,11.7412,12.0622,11.908,1.2465,1.2176,1.2727,1.2061,High_Stable,50.0,batch_5,-0.0566000000000013,12.65116737976191,-5.734034798051953,31.03636955757577,36.770404355627726,False,False,False,-0.7431673797619105,0.7431673797619105,0.0237103288524341,False,VERY_LOW,POINT_BELOW_LIMIT,0-10%
C09922,L5,ADC,125.84,1.792,11.8613,12.1866,12.3351,13.1718,1.2235,1.2561,1.3657,1.4127,Normal,50.0,batch_5,0.3253000000000003,14.44102503035715,-3.944177147456713,32.82622720817101,36.770404355627726,False,False,False,-1.2692250303571502,1.2692250303571502,0.0488058524808525,False,VERY_LOW,POINT_BELOW_LIMIT,0-10%
C09923,L5,DAC,125.09,1.79,11.9084,12.3758,13.1476,14.5504,1.228,1.312,1.3881,1.5441,Normal,50.0,batch_5,0.4673999999999996,14.843398913935864,-3.541803263878,33.228601091749724,36.770404355627726,False,False,False,-0.2929989139358628,0.2929989139358628,0.0411647186147186,False,VERY_LOW,POINT_BELOW_LIMIT,0-10%
C09924,L5,ADC,126.53,1.825,12.2389,12.9287,13.0865,13.388,1.2758,1.3466,1.3955,1.3729,Normal,50.0,batch_5,0.6898,19.1223538688492,0.7371516910353364,37.50755604666306,36.770404355627726,False,False,False,-5.734353868849199,5.734353868849199,0.1378648765063625,False,VERY_LOW,POINT_BELOW_LIMIT,10-20%
C09925,L5,ASIC,124.48,1.223,11.3488,11.9297,13.5846,33.0893,1.1797,1.27,1.4264,4.0426,Sudden_Anomaly,50.0,batch_5,0.5808999999999997,14.713927052655292,-3.671275125158571,33.09912923046915,36.770404355627726,False,False,False,18.375372947344708,18.375372947344708,0.0119520499108734,False,VERY_LOW,POINT_BELOW_LIMIT,0-10%
C09926,L5,DAC,124.88,1.812,12.4665,14.4396,22.0947,50.9804,1.3761,1.5199,2.5113,6.8981,Absolute_Failure,50.0,batch_5,1.9731000000000003,36.5360607008401,18.15085852302624,54.92126287865396,36.77040435562772,False,True,True,14.4443392991599,14.4443392991599,0.7950599081688866,True,HIGH,POINT_BELOW_LIMIT,70-80%
C09927,L5,ADC,125.3,1.751,11.3954,12.3824,13.4539,14.7411,1.1414,1.2972,1.4255,1.5818,Normal,50.0,batch_5,0.987,20.22023389376456,1.8350317159506984,38.60543607157842,36.770404355627726,False,False,False,-5.479133893764562,5.479133893764562,0.2177765774958054,False,LOW,POINT_BELOW_LIMIT,20-30%
C09928,L5,DAC,125.39,1.814,11.5377,14.3885,22.697,54.7582,1.2317,1.5661,2.6032,7.6058,Absolute_Failure,50.0,batch_5,2.8508000000000013,55.17344445724208,36.78824227942822,73.55864663505594,36.77040435562772,True,True,True,-0.4152444572420748,0.4152444572420748,0.99045982998483,True,HIGH,POINT_ABOVE_LIMIT,90-100%
C09929,L5,ASIC,124.95,1.204,11.3459,11.7848,12.5665,13.1541,1.1602,1.2567,1.2836,1.3847,Normal,50.0,batch_5,0.4389000000000003,16.51974142708334,-1.865460750730524,34.9049436048972,36.77040435562772,False,False,False,-3.3656414270833395,3.3656414270833395,0.1034257439183909,False,VERY_LOW,POINT_BELOW_LIMIT,10-20%
C09930,L5,ASIC,124.65,1.191,11.1442,11.6431,12.0743,12.6503,1.1688,1.215,1.2548,1.3247,Normal,50.0,batch_5,0.4989000000000008,15.546445437202369,-2.838756740611496,33.93164761501623,36.770404355627726,False,False,False,-2.8961454372023674,2.8961454372023674,0.0963770859859095,False,VERY_LOW,POINT_BELOW_LIMIT,0-10%
C09931,L5,FPGA,125.84,1.108,12.5256,12.7729,12.8736,13.0506,1.3471,1.3132,1.3465,1.4028,High_Stable,50.0,batch_5,0.2472999999999992,14.150732221130951,-4.234469956682911,32.53593439894482,36.77040435562773,False,False,False,-1.100132221130952,1.100132221130952,0.0251499999999999,False,VERY_LOW,POINT_BELOW_LIMIT,0-10%
C09932,L5,ADC,125.01,1.792,11.7744,13.9422,18.6776,50.4662,1.2864,1.4514,2.0344,6.8248,Absolute_Failure,50.0,batch_5,2.1678,44.289705537635264,25.9045033598214,62.67490771544912,36.77040435562772,False,True,True,6.176494462364737,6.176494462364737,0.8800035777281154,True,HIGH,POINT_BELOW_LIMIT,80-90%
C09933,L5,DAC,124.05,1.786,11.6155,12.7138,13.2702,14.4203,1.2441,1.3344,1.3998,1.5437,Normal,50.0,batch_5,1.0983,19.180744117162696,0.7955419393488334,37.56594629497656,36.77040435562772,False,False,False,-4.760444117162697,4.760444117162697,0.2102708319835591,False,LOW,POINT_BELOW_LIMIT,20-30%
C09934,L5,ASIC,124.79,1.192,11.4972,12.2346,13.0425,13.9622,1.2152,1.2875,1.3983,1.4839,Normal,50.0,batch_5,0.7374000000000009,15.959705884994984,-2.425496292818877,34.34490806280885,36.770404355627726,False,False,False,-1.997505884994986,1.997505884994986,0.0384312209347813,False,VERY_LOW,POINT_BELOW_LIMIT,0-10%
C09935,L5,DAC,124.26,1.774,12.0291,12.9032,13.8589,13.8697,1.2324,1.3821,1.4624,1.4719,Normal,50.0,batch_5,0.8741000000000003,18.100904842361103,-0.2842973354527593,36.48610702017497,36.77040435562773,False,False,False,-4.231204842361104,4.231204842361104,0.156933069639339,False,LOW,POINT_BELOW_LIMIT,10-20%
C09936,L5,ADC,124.31,1.794,12.2873,12.8092,13.0879,14.7331,1.2578,1.3091,1.3922,1.5593,Normal,50.0,batch_5,0.5219000000000005,18.38398690952382,-0.0012152682900428,36.76918908733768,36.77040435562772,False,False,False,-3.65088690952382,3.65088690952382,0.1039216616716616,False,VERY_LOW,POINT_BELOW_LIMIT,10-20%
C09937,L5,FPGA,124.33,1.093,11.9138,13.1105,13.7621,15.132,1.2488,1.424,1.4443,1.6237,Normal,50.0,batch_5,1.1967,22.56843664494048,4.183234467126617,40.95363882275434,36.770404355627726,False,False,False,-7.43643664494048,7.43643664494048,0.2512740971651053,False,LOW,POINT_BELOW_LIMIT,20-30%
C09938,L5,FPGA,125.19,1.104,11.7908,12.4082,13.5868,14.2096,1.2441,1.2598,1.4363,1.5575,Normal,50.0,batch_5,0.6174,16.83696916323621,-1.5482330145776544,35.22217134105007,36.770404355627726,False,False,False,-2.6273691632362084,2.6273691632362084,0.0771205206558148,False,VERY_LOW,POINT_BELOW_LIMIT,0-10%
C09939,L5,DAC,123.61,1.803,12.2239,13.0722,13.7606,14.9256,1.3018,1.3535,1.5276,1.5684,Normal,50.0,batch_5,0.8483,20.52416477529763,2.1389625974837685,38.90936695311149,36.770404355627726,False,False,False,-5.598564775297632,5.598564775297632,0.1556608133581817,False,LOW,POINT_BELOW_LIMIT,10-20%
C09940,L5,ADC,123.18,1.829,11.864,12.8477,13.3526,14.1581,1.1977,1.3298,1.4379,1.5255,Normal,50.0,batch_5,0.9836999999999988,19.12076095446428,0.7355587766504144,37.50596313227814,36.770404355627726,False,False,False,-4.962660954464278,4.962660954464278,0.2119993536391367,False,LOW,POINT_BELOW_LIMIT,20-30%
C09941,L5,ASIC,124.63,1.184,10.9224,11.4993,12.033,12.9713,1.1506,1.2044,1.24,1.3454,Normal,50.0,batch_5,0.5769000000000002,15.815498704761914,-2.5697034730519484,34.200700882575774,36.77040435562772,False,False,False,-2.844198704761915,2.844198704761915,0.0529978993228993,False,VERY_LOW,POINT_BELOW_LIMIT,0-10%
C09942,L5,ADC,124.2,1.784,12.2787,13.1229,16.6569,21.8751,1.313,1.3786,1.8275,2.4811,Latent_Defect,50.0,batch_5,0.844199999999999,18.94302606974206,0.5578238919281979,37.32822824755593,36.77040435562773,False,False,False,2.932073930257939,2.932073930257939,0.0833333765993208,False,VERY_LOW,POINT_BELOW_LIMIT,0-10%
C09943,L5,ASIC,125.27,1.186,10.71,11.442,13.6277,33.4852,1.0836,1.1844,1.4041,4.0717,Sudden_Anomaly,50.0,batch_5,0.7319999999999993,15.91011139067461,-2.475090787139253,34.295313568488474,36.770404355627726,False,False,False,17.57508860932539,17.57508860932539,0.0719942244345495,False,VERY_LOW,POINT_BELOW_LIMIT,0-10%
C09944,L5,FPGA,124.29,1.11,10.8052,12.984,21.4481,55.6761,1.1042,1.3887,2.4221,7.7895,Absolute_Failure,50.0,batch_5,2.1788000000000007,47.04037398115075,28.655171803336888,65.42557615896462,36.77040435562773,False,True,True,8.635726018849248,8.635726018849248,0.8849471360906038,True,HIGH,POINT_BELOW_LIMIT,80-90%
C09945,L5,DAC,124.96,1.802,11.9767,13.4142,17.754,24.1177,1.2338,1.4115,1.9603,2.7667,Latent_Defect,50.0,batch_5,1.4375,34.51766929920636,16.132467121392498,52.90287147702023,36.77040435562773,False,True,False,-10.39996929920636,10.39996929920636,0.6447138377291788,True,MEDIUM,POINT_BELOW_LIMIT,60-70%
C09946,L5,ASIC,126.84,1.213,11.1733,11.8866,12.8203,14.1525,1.1616,1.2168,1.38,1.4816,Normal,50.0,batch_5,0.7133000000000003,19.689177546130956,1.30397536831709,38.074379723944816,36.770404355627726,False,False,False,-5.536677546130953,5.536677546130953,0.1380484793299808,False,VERY_LOW,POINT_BELOW_LIMIT,10-20%
C09947,L5,FPGA,126.28,1.094,11.6617,12.0572,12.7518,13.5538,1.2231,1.2884,1.3793,1.4465,Normal,50.0,batch_5,0.3955000000000002,15.635075256318585,-2.75012692149528,34.020277434132446,36.770404355627726,False,False,False,-2.081275256318582,2.081275256318582,0.0780296391091148,False,VERY_LOW,POINT_BELOW_LIMIT,0-10%
C09948,L5,ASIC,125.13,1.191,11.5125,12.4887,13.7672,14.4783,1.1882,1.2896,1.4453,1.5972,Normal,50.0,batch_5,0.9762000000000004,17.239312251488073,-1.1458899263257898,35.62451442930194,36.77040435562773,False,False,False,-2.761012251488072,2.761012251488072,0.1397616323260602,False,VERY_LOW,POINT_BELOW_LIMIT,10-20%
C09949,L5,ADC,126.05,1.804,12.3258,13.1153,15.2323,32.7824,1.2979,1.4082,1.619,3.9942,Sudden_Anomaly,50.0,batch_5,0.7895000000000003,18.753407657449493,0.3682054796356304,37.13860983526335,36.77040435562772,False,False,False,14.02899234255051,14.02899234255051,0.0827026014061617,False,VERY_LOW,POINT_BELOW_LIMIT,0-10%
C09950,L5,ASIC,125.1,1.233,11.4594,11.703,11.8565,11.9713,1.2027,1.1907,1.2676,1.2453,High_Stable,50.0,batch_5,0.2435999999999989,13.639920425865805,-4.745281751948058,32.02512260367967,36.770404355627726,False,False,False,-1.6686204258658055,1.6686204258658055,0.0608137473637473,False,VERY_LOW,POINT_BELOW_LIMIT,0-10%
C09951,L5,ADC,125.78,1.794,12.2165,13.335,13.7613,14.6071,1.3096,1.4189,1.4789,1.5663,Normal,50.0,batch_5,1.118500000000001,25.276096313988088,6.890894136174225,43.66129849180195,36.770404355627726,False,False,False,-10.668996313988089,10.668996313988089,0.4099287249395285,False,MEDIUM,POINT_BELOW_LIMIT,40-50%
C09952,L5,FPGA,123.67,1.112,11.492,11.8771,12.722,14.0751,1.1796,1.2426,1.358,1.4725,Normal,50.0,batch_5,0.3850999999999995,16.45582330833332,-1.9293788694805445,34.84102548614718,36.770404355627726,False,False,False,-2.3807233083333177,2.3807233083333177,0.0765336558178663,False,VERY_LOW,POINT_BELOW_LIMIT,0-10%
C09953,L5,FPGA,125.04,1.102,11.45,14.4558,20.8787,54.3364,1.1985,1.5133,2.3018,7.5142,Absolute_Failure,50.0,batch_5,3.0058000000000007,54.529206474849055,36.1440042970352,72.91440865266291,36.77040435562772,True,True,True,-0.192806474849057,0.192806474849057,0.9989624342977284,True,HIGH,POINT_ABOVE_LIMIT,90-100%
C09954,L5,DAC,124.74,1.8,12.5126,12.7241,13.0828,13.2783,1.3529,1.3162,1.3849,1.3662,High_Stable,50.0,batch_5,0.2114999999999991,14.708283703571423,-3.67691847424244,33.093485881385284,36.770404355627726,False,False,False,-1.4299837035714231,1.4299837035714231,0.0115165223665223,False,VERY_LOW,POINT_BELOW_LIMIT,0-10%
C09955,L5,ASIC,125.96,1.192,11.0633,12.2356,12.248,13.2566,1.1684,1.2863,1.2864,1.4163,Normal,50.0,batch_5,1.1723,21.43837817906744,3.053176001253579,39.82358035688131,36.77040435562773,False,False,False,-8.181778179067441,8.181778179067441,0.2225212933668237,False,LOW,POINT_BELOW_LIMIT,20-30%
C09956,L5,ADC,126.05,1.778,12.0046,12.4911,13.612,14.6158,1.2729,1.2976,1.3999,1.5561,Normal,50.0,batch_5,0.4864999999999995,15.874676521996768,-2.510525655817096,34.25987869981063,36.770404355627726,False,False,False,-1.2588765219967666,1.2588765219967666,0.0827647728489834,False,VERY_LOW,POINT_BELOW_LIMIT,0-10%
C09957,L5,DAC,124.92,1.801,12.1906,13.4452,14.0449,14.6109,1.2872,1.4058,1.4644,1.5928,Normal,50.0,batch_5,1.2546,21.617421097357507,3.2322189195436444,40.00262327517137,36.77040435562773,False,False,False,-7.006521097357506,7.006521097357506,0.1010514402666576,False,VERY_LOW,POINT_BELOW_LIMIT,10-20%
C09958,L5,ASIC,124.83,1.194,10.7985,11.503,12.7196,14.1002,1.1354,1.2223,1.3358,1.5045,Normal,50.0,batch_5,0.7044999999999995,15.1307161670688,-3.2544860107450635,33.515918344882664,36.770404355627726,False,False,False,-1.0305161670688,1.0305161670688,0.0994286619440644,False,VERY_LOW,POINT_BELOW_LIMIT,0-10%
C09959,L5,ADC,126.65,1.828,11.8376,12.7829,13.775,14.5959,1.226,1.3254,1.4892,1.539,Normal,50.0,batch_5,0.9452999999999996,21.405941049107163,3.0207388712933003,39.79114322692102,36.77040435562772,False,False,False,-6.810041049107163,6.810041049107163,0.2022289246627796,False,LOW,POINT_BELOW_LIMIT,20-30%
C09960,L5,ASIC,125.73,1.165,11.5182,11.8884,12.6238,13.3748,1.2389,1.2398,1.3643,1.4283,Normal,50.0,batch_5,0.3702000000000005,16.458775023412706,-1.926427154401157,34.843977201226565,36.77040435562772,False,False,False,-3.083975023412705,3.083975023412705,0.0645991928006634,False,VERY_LOW,POINT_BELOW_LIMIT,0-10%
C09961,L5,FPGA,124.95,1.097,11.8518,12.9326,15.9054,19.5576,1.2068,1.3789,1.7089,2.1955,Latent_Defect,50.0,batch_5,1.0808,18.211921432661075,-0.1732807451527875,36.59712361047494,36.770404355627726,False,False,False,1.3456785673389255,1.3456785673389255,0.2577831539379389,False,LOW,POINT_BELOW_LIMIT,20-30%
C09962,L5,FPGA,124.72,1.113,11.5774,12.6416,12.9104,13.2251,1.1979,1.325,1.3815,1.3592,Normal,50.0,batch_5,1.0641999999999996,17.10878855428807,-1.2764136235257943,35.493990732101935,36.77040435562773,False,False,False,-3.883688554288069,3.883688554288069,0.0773302238125464,False,VERY_LOW,POINT_BELOW_LIMIT,0-10%
C09963,L5,ADC,124.54,1.798,11.2416,12.4256,12.4547,12.842,1.1103,1.2748,1.3011,1.3353,Normal,50.0,batch_5,1.1839999999999993,27.74581113432539,9.360608956511529,46.13101331213925,36.770404355627726,False,False,False,-14.90381113432539,14.90381113432539,0.4016490349379563,False,MEDIUM,POINT_BELOW_LIMIT,40-50%
C09964,L5,DAC,124.65,1.788,12.0175,12.4658,13.2148,14.0238,1.2137,1.376,1.4121,1.486,Normal,50.0,batch_5,0.4482999999999997,19.383971287896816,0.9987691100829535,37.76917346571068,36.770404355627726,False,False,False,-5.360171287896817,5.360171287896817,0.1617471323224418,False,LOW,POINT_BELOW_LIMIT,10-20%
C09965,L5,ADC,124.62,1.783,12.298,13.2471,19.8338,55.0386,1.312,1.425,2.1631,7.6431,Absolute_Failure,50.0,batch_5,0.9490999999999996,22.10438704771825,3.719184869904389,40.489589225532114,36.770404355627726,False,False,True,32.934212952281754,32.934212952281754,0.1322367370646782,False,VERY_LOW,POINT_BELOW_LIMIT,10-20%
C09966,L5,DAC,126.18,1.8,12.0097,12.6932,13.201,14.134,1.2617,1.3251,1.3699,1.4989,Normal,50.0,batch_5,0.6834999999999987,19.666950785615075,1.2817486078012124,38.05215296342894,36.770404355627726,False,False,False,-5.532950785615075,5.532950785615075,0.0953661559892075,False,VERY_LOW,POINT_BELOW_LIMIT,0-10%
C09967,L5,ASIC,123.64,1.175,11.355,12.3205,12.7623,13.7429,1.179,1.2528,1.3449,1.4287,Normal,50.0,batch_5,0.9654999999999988,17.84121745605159,-0.5439847217622713,36.226419633865454,36.770404355627726,False,False,False,-4.098317456051591,4.098317456051591,0.159518261683277,False,LOW,POINT_BELOW_LIMIT,10-20%
C09968,L5,DAC,124.52,1.795,11.7527,11.7101,12.807,13.5203,1.2188,1.2012,1.3313,1.3893,Normal,50.0,batch_5,-0.0426000000000001,12.408729683143928,-5.976472494669935,30.79393186095779,36.770404355627726,False,False,False,1.1115703168560724,1.1115703168560724,0.0125412698412698,False,VERY_LOW,POINT_BELOW_LIMIT,0-10%
C09969,L5,ADC,124.48,1.827,12.0538,14.163,22.273,55.6891,1.2414,1.5148,2.4996,7.7601,Absolute_Failure,50.0,batch_5,2.1091999999999995,50.88177650506847,32.496574327254606,69.26697868288234,36.77040435562773,True,True,True,4.807323494931531,4.807323494931531,0.977578584779514,True,HIGH,POINT_ABOVE_LIMIT,90-100%
C09970,L5,DAC,125.2,1.803,12.3657,13.2789,13.9063,15.1007,1.3225,1.4112,1.4981,1.6421,Normal,50.0,batch_5,0.9131999999999998,18.297554968762416,-0.0876472090514468,36.68275714657628,36.770404355627726,False,False,False,-3.196854968762416,3.196854968762416,0.1375430898392972,False,VERY_LOW,POINT_BELOW_LIMIT,10-20%
C09971,L5,ASIC,124.9,1.198,11.579,12.0129,12.8941,13.3491,1.2123,1.2322,1.34,1.4437,Normal,50.0,batch_5,0.4338999999999995,16.559827766729793,-1.82537441108407,34.945029944543656,36.770404355627726,False,False,False,-3.210727766729793,3.210727766729793,0.1759961946167422,False,LOW,POINT_BELOW_LIMIT,10-20%
C09972,L5,ADC,125.21,1.8,11.5711,12.9006,15.4251,27.9926,1.2252,1.3645,1.6358,3.296,Sudden_Anomaly,50.0,batch_5,1.3295000000000012,32.48510274166671,14.099900563852843,50.870304919480574,36.77040435562773,False,True,False,-4.4925027416667085,4.4925027416667085,0.6722619751051806,True,MEDIUM,POINT_BELOW_LIMIT,60-70%
C09973,L5,FPGA,125.0,1.12,11.3284,11.743,12.8719,14.068,1.1661,1.2234,1.3622,1.5179,Normal,50.0,batch_5,0.4146000000000001,15.724035919720306,-2.661166258093557,34.10923809753417,36.770404355627726,False,False,False,-1.6560359197203065,1.6560359197203065,0.2564507795861974,False,LOW,POINT_BELOW_LIMIT,20-30%
C09974,L5,ASIC,124.77,1.252,11.6478,12.9293,18.2568,54.934,1.1839,1.3114,1.9798,7.6342,Absolute_Failure,50.0,batch_5,1.2814999999999994,24.923506287256487,6.538304109442624,43.30870846507035,36.77040435562773,False,False,True,30.01049371274351,30.01049371274351,0.3532676575454128,False,LOW,POINT_BELOW_LIMIT,30-40%
C09975,L5,FPGA,123.97,1.084,11.5448,12.3606,12.9328,14.2698,1.196,1.3203,1.3873,1.4769,Normal,50.0,batch_5,0.8157999999999994,16.496752304365078,-1.888449873448785,34.88195448217894,36.770404355627726,False,False,False,-2.226952304365078,2.226952304365078,0.111245515345673,False,VERY_LOW,POINT_BELOW_LIMIT,10-20%
C09976,L5,ADC,125.53,1.811,11.6568,13.0666,17.1044,21.1758,1.2141,1.4233,1.8114,2.3285,Latent_Defect,50.0,batch_5,1.4097999999999988,31.661224602480143,13.27602242466628,50.046426780294006,36.770404355627726,False,True,False,-10.485424602480144,10.485424602480144,0.522047688696715,True,MEDIUM,POINT_BELOW_LIMIT,50-60%
C09977,L5,FPGA,125.33,1.101,11.7405,13.0815,18.1653,22.7188,1.1872,1.4062,1.9553,2.6068,Latent_Defect,50.0,batch_5,1.3409999999999993,27.62425385752442,9.239051679710556,46.00945603533828,36.770404355627726,False,False,False,-4.905453857524417,4.905453857524417,0.452776003201716,False,MEDIUM,POINT_BELOW_LIMIT,40-50%
C09978,L5,DAC,125.67,1.809,12.2501,13.2842,15.3361,33.7404,1.2311,1.3881,1.623,4.1336,Sudden_Anomaly,50.0,batch_5,1.0341000000000005,22.254889846130965,3.869687668317102,40.64009202394483,36.77040435562773,False,False,False,11.485510153869036,11.485510153869036,0.234434505566299,False,LOW,POINT_BELOW_LIMIT,20-30%
C09979,L5,DAC,126.07,1.818,11.6224,12.909,13.4483,13.4108,1.1957,1.3952,1.4153,1.442,Normal,50.0,batch_5,1.2866,22.01875288912613,3.6335507113122674,40.40395506693999,36.770404355627726,False,False,False,-8.60795288912613,8.60795288912613,0.263553443009855,False,LOW,POINT_BELOW_LIMIT,20-30%
C09980,L5,FPGA,126.15,1.092,11.373,11.446,12.1401,12.5931,1.1663,1.2143,1.2767,1.2939,Normal,50.0,batch_5,0.0730000000000004,13.516547679265871,-4.86865449854799,31.901749857079736,36.770404355627726,False,False,False,-0.9234476792658732,0.9234476792658732,0.0763956994659415,False,VERY_LOW,POINT_BELOW_LIMIT,0-10%
C09981,L5,DAC,126.07,1.815,12.0367,12.4928,13.798,30.0665,1.2553,1.3024,1.4496,3.595,Sudden_Anomaly,50.0,batch_5,0.456100000000001,16.480441431547614,-1.9047607462662484,34.86564360936148,36.770404355627726,False,False,False,13.586058568452389,13.586058568452389,0.0827901459651459,False,VERY_LOW,POINT_BELOW_LIMIT,0-10%
C09982,L5,FPGA,124.95,1.099,11.4855,11.5579,11.3545,11.4024,1.1966,1.2082,1.1648,1.1854,High_Stable,50.0,batch_5,0.0724,12.057905216666676,-6.327296961147187,30.44310739448054,36.770404355627726,False,False,False,-0.6555052166666755,0.6555052166666755,0.0182373799918691,False,VERY_LOW,POINT_BELOW_LIMIT,0-10%
C09983,L5,ADC,123.54,1.78,11.1404,11.616,11.7918,13.4263,1.147,1.1832,1.2982,1.4179,Normal,50.0,batch_5,0.4756,15.494269060218238,-2.8909331175956243,33.8794712380321,36.770404355627726,False,False,False,-2.067969060218239,2.067969060218239,0.0779365728474424,False,VERY_LOW,POINT_BELOW_LIMIT,0-10%
C09984,L5,ADC,124.91,1.804,12.0757,13.4186,14.5629,33.0281,1.2039,1.437,1.5657,4.0245,Sudden_Anomaly,50.0,batch_5,1.3429000000000002,34.24147057271823,15.856268394904363,52.626672750532094,36.77040435562773,False,True,False,-1.213370572718226,1.213370572718226,0.5665138622797896,True,MEDIUM,POINT_BELOW_LIMIT,50-60%
C09985,L5,ADC,124.46,1.824,11.1,11.7066,12.2294,12.516,1.163,1.2344,1.3366,1.321,Normal,50.0,batch_5,0.6066000000000003,16.664547260241136,-1.7206549175727268,35.049749438055,36.77040435562773,False,False,False,-4.148547260241136,4.148547260241136,0.1722570191104717,False,LOW,POINT_BELOW_LIMIT,10-20%
C09986,L5,FPGA,124.94,1.07,11.5495,11.9829,12.4312,12.9147,1.2098,1.2557,1.3066,1.344,Normal,50.0,batch_5,0.4334000000000007,17.964473404276138,-0.420728773537725,36.34967558209,36.770404355627726,False,False,False,-5.049773404276138,5.049773404276138,0.1379421754887699,False,VERY_LOW,POINT_BELOW_LIMIT,10-20%
C09987,L5,DAC,126.01,1.786,12.1386,13.1439,13.7095,14.3908,1.2646,1.411,1.4945,1.5243,Normal,50.0,batch_5,1.0053,20.242888069642856,1.857685891828993,38.62809024745672,36.770404355627726,False,False,False,-5.852088069642855,5.852088069642855,0.2489324241527503,False,LOW,POINT_BELOW_LIMIT,20-30%
C09988,L5,DAC,124.74,1.786,11.4786,12.0794,12.8267,12.9116,1.2341,1.2615,1.3214,1.334,Normal,50.0,batch_5,0.6007999999999996,16.09770988152957,-2.287492296284292,34.482912059343434,36.770404355627726,False,False,False,-3.186109881529571,3.186109881529571,0.0726192938987696,False,VERY_LOW,POINT_BELOW_LIMIT,0-10%
C09989,L5,FPGA,125.95,1.104,11.4269,11.8685,12.6164,13.5221,1.1775,1.2249,1.3447,1.4585,Normal,50.0,batch_5,0.4415999999999993,15.8041538552736,-2.581048322540264,34.18935603308746,36.770404355627726,False,False,False,-2.282053855273599,2.282053855273599,0.1019453926878075,False,VERY_LOW,POINT_BELOW_LIMIT,10-20%
C09990,L5,FPGA,125.03,1.089,11.5139,13.055,18.5964,51.3467,1.2016,1.3836,2.0096,6.9949,Absolute_Failure,50.0,batch_5,1.5411,29.151318894444437,10.76611671663057,47.536521072258296,36.770404355627726,False,False,True,22.195381105555565,22.195381105555565,0.2697460952304301,False,LOW,POINT_BELOW_LIMIT,20-30%
C09991,L5,FPGA,125.32,1.077,11.6678,12.8641,13.2222,14.0772,1.229,1.3148,1.4271,1.5392,Normal,50.0,batch_5,1.1963000000000008,19.287249033531744,0.9020468557178808,37.6724512113456,36.77040435562772,False,False,False,-5.210049033531744,5.210049033531744,0.1802210883745409,False,LOW,POINT_BELOW_LIMIT,10-20%
C09992,L5,ASIC,124.45,1.211,10.9913,11.9922,13.6174,39.1458,1.1705,1.2533,1.4713,4.9289,Sudden_Anomaly,50.0,batch_5,1.0008999999999997,22.13884703314392,3.7536448553300583,40.52404921095778,36.770404355627726,False,False,False,17.00695296685608,17.00695296685608,0.2535406562450349,False,LOW,POINT_BELOW_LIMIT,20-30%
C09993,L5,DAC,126.11,1.829,11.6097,12.0578,13.1612,13.5653,1.2578,1.3038,1.4298,1.4286,Normal,50.0,batch_5,0.4481000000000001,20.70324201456531,2.3180398367514456,39.08844419237917,36.770404355627726,False,False,False,-7.137942014565308,7.137942014565308,0.1495541709868031,False,VERY_LOW,POINT_BELOW_LIMIT,10-20%
C09994,L5,ADC,124.7,1.811,11.845,11.9897,12.1296,12.4033,1.2904,1.2892,1.2528,1.2809,High_Stable,50.0,batch_5,0.1446999999999985,13.674636712301584,-4.71056546551228,32.059838890115444,36.770404355627726,False,False,False,-1.2713367123015828,1.2713367123015828,0.0265099206349206,False,VERY_LOW,POINT_BELOW_LIMIT,0-10%
C09995,L5,DAC,126.31,1.767,11.332,11.6953,12.6856,13.3,1.1943,1.2458,1.345,1.3762,Normal,50.0,batch_5,0.3632999999999988,15.05437376557539,-3.330828412238473,33.43957594338925,36.770404355627726,False,False,False,-1.754373765575389,1.754373765575389,0.0693488831086354,False,VERY_LOW,POINT_BELOW_LIMIT,0-10%
C09996,L5,FPGA,124.6,1.098,11.8035,12.5826,12.9342,13.9992,1.2376,1.3192,1.3165,1.5035,Normal,50.0,batch_5,0.7790999999999997,17.783558702876995,-0.6016434749368678,36.16876088069085,36.77040435562772,False,False,False,-3.784358702876995,3.784358702876995,0.1426077957216501,False,VERY_LOW,POINT_BELOW_LIMIT,10-20%
C09997,L5,ASIC,123.34,1.21,11.2858,12.2204,13.8838,35.1584,1.1775,1.3067,1.4747,4.3148,Sudden_Anomaly,50.0,batch_5,0.9345999999999997,18.91365036703297,0.5284481892191089,37.29885254484684,36.77040435562773,False,False,False,16.24474963296703,16.24474963296703,0.1501957018873898,False,LOW,POINT_BELOW_LIMIT,10-20%
C09998,L5,FPGA,125.28,1.096,11.6927,12.5542,13.1313,14.0073,1.2186,1.3156,1.3521,1.4891,Normal,50.0,batch_5,0.8614999999999995,16.568130331646827,-1.8170718461670357,34.953332509460694,36.77040435562773,False,False,False,-2.5608303316468266,2.5608303316468266,0.1024619550040602,False,VERY_LOW,POINT_BELOW_LIMIT,10-20%
C09999,L5,FPGA,125.05,1.103,10.9975,11.6488,16.517,56.5755,1.1221,1.2476,1.769,7.9287,Absolute_Failure,50.0,batch_5,0.6512999999999991,18.9681424507052,0.5829402728913387,37.35334462851907,36.77040435562773,False,False,True,37.6073575492948,37.6073575492948,0.0839728906170082,False,VERY_LOW,POINT_BELOW_LIMIT,0-10%
C10000,L5,FPGA,124.77,1.123,10.9944,11.8722,12.5313,14.0348,1.1562,1.2576,1.2797,1.4876,Normal,50.0,batch_5,0.8777999999999988,18.248543806502525,-0.1366583713113378,36.63374598431639,36.77040435562773,False,False,False,-4.213743806502524,4.213743806502524,0.2790118680503686,False,LOW,POINT_BELOW_LIMIT,20-30%
