component_id,lot_id,component_type,temperature_C,voltage_V,iddq_0h_uA,iddq_24h_uA,iddq_96h_uA,iddq_168h_uA,leakage_0h_uA,leakage_24h_uA,leakage_96h_uA,leakage_168h_uA,ground_truth,absolute_limit_uA,batch,delta_0_24,predicted_168h_uA,prediction_lower_uA,prediction_upper_uA,prediction_interval_width_uA,predicted_violation,upper_bound_violation,actual_violation,prediction_error_uA,absolute_prediction_error_uA,failure_probability,predicted_future_violation,failure_risk,prediction_type
C08001,L5,FPGA,124.24,1.083,12.0416,12.4532,13.6509,14.4596,1.2219,1.3426,1.4123,1.5559,Normal,50.0,batch_5,0.41159999999999997,16.66500752440476,-1.7201946534091057,35.05020970221862,36.77040435562773,False,False,False,-2.2054075244047606,2.2054075244047606,0.08866246572484963,False,VERY_LOW,POINT_BELOW_LIMIT
C08002,L5,DAC,124.28,1.784,11.7289,12.7023,13.3051,14.4117,1.229,1.3773,1.3478,1.563,Normal,50.0,batch_5,0.9733999999999998,17.906547405143467,-0.47865477267039935,36.29174958295734,36.77040435562773,False,False,False,-3.4948474051434673,3.4948474051434673,0.1294316003054393,False,VERY_LOW,POINT_BELOW_LIMIT
C08003,L5,ASIC,126.45,1.235,11.6242,11.9225,12.8732,13.2429,1.1916,1.2542,1.37,1.4144,Normal,50.0,batch_5,0.29829999999999934,16.940633109325404,-1.4445690684884624,35.32583528713927,36.77040435562773,False,False,False,-3.6977331093254033,3.6977331093254033,0.11376881867186817,False,VERY_LOW,POINT_BELOW_LIMIT
C08004,L5,ASIC,124.84,1.176,11.4143,12.5633,13.4707,14.0985,1.1515,1.3424,1.4623,1.4701,Normal,50.0,batch_5,1.1489999999999991,23.49235116051586,5.107148982701993,41.877553338329726,36.77040435562773,False,False,False,-9.39385116051586,9.39385116051586,0.28704882705898316,False,LOW,POINT_BELOW_LIMIT
C08005,L5,ASIC,124.84,1.203,10.9706,12.5012,14.1715,33.1038,1.1088,1.3259,1.5351,4.0557,Sudden_Anomaly,50.0,batch_5,1.5306000000000015,32.85025489974749,14.465052721933624,51.23545707756136,36.77040435562773,False,True,False,0.2535451002525093,0.2535451002525093,0.5896635566452161,True,MEDIUM,POINT_BELOW_LIMIT
C08006,L5,DAC,125.58,1.809,13.0843,13.4542,13.9443,13.9523,1.4004,1.4241,1.4888,1.5106,High_Stable,50.0,batch_5,0.36989999999999945,17.961109564658255,-0.42409261315561153,36.346311742472125,36.77040435562773,False,False,False,-4.0088095646582556,4.0088095646582556,0.15449177962560323,False,LOW,POINT_BELOW_LIMIT
C08007,L5,ADC,124.15,1.791,11.0505,11.499,12.3083,13.7954,1.1686,1.2272,1.2799,1.492,Normal,50.0,batch_5,0.448500000000001,15.152581458045667,-3.2326207197681995,33.53778363585953,36.77040435562773,False,False,False,-1.357181458045666,1.357181458045666,0.053881923631923644,False,VERY_LOW,POINT_BELOW_LIMIT
C08008,L5,DAC,124.83,1.816,12.4394,12.4426,12.2625,12.3094,1.3362,1.3425,1.3137,1.2808,High_Stable,50.0,batch_5,0.003200000000001424,13.286868163203453,-5.098334014610414,31.672070341017317,36.77040435562773,False,False,False,-0.9774681632034525,0.9774681632034525,0.010133333333333333,False,VERY_LOW,POINT_BELOW_LIMIT
C08009,L5,ASIC,125.31,1.209,11.1011,12.2862,16.8737,20.0603,1.178,1.2854,1.8392,2.2003,Latent_Defect,50.0,batch_5,1.1850999999999985,18.291307056845245,-0.09389512096862163,36.67650923465911,36.77040435562773,False,False,False,1.7689929431547569,1.7689929431547569,0.07332517319319379,False,VERY_LOW,POINT_BELOW_LIMIT
C08010,L5,ASIC,123.61,1.206,11.786,12.7317,14.2228,14.8046,1.2459,1.326,1.5029,1.5525,Normal,50.0,batch_5,0.9457000000000004,15.909135077281748,-2.476067100532118,34.29433725509561,36.77040435562773,False,False,False,-1.1045350772817475,1.1045350772817475,0.05764144744144744,False,VERY_LOW,POINT_BELOW_LIMIT
C08011,L5,FPGA,124.79,1.086,11.808,12.7986,13.7176,13.854,1.2802,1.3469,1.4581,1.4741,Normal,50.0,batch_5,0.9906000000000006,21.14004251500236,2.7548403371884937,39.52524469281623,36.77040435562773,False,False,False,-7.286042515002361,7.286042515002361,0.13616958240716817,False,VERY_LOW,POINT_BELOW_LIMIT
C08012,L5,FPGA,125.09,1.119,10.8651,11.2062,13.6048,33.2438,1.0869,1.1682,1.4381,4.0325,Sudden_Anomaly,50.0,batch_5,0.34110000000000085,14.789640957843465,-3.595561219970401,33.17484313565733,36.77040435562773,False,False,False,18.454159042156533,18.454159042156533,0.05475566436605989,False,VERY_LOW,POINT_BELOW_LIMIT
C08013,L5,ASIC,125.5,1.21,12.1761,12.3865,12.6515,12.9302,1.2513,1.254,1.3463,1.335,High_Stable,50.0,batch_5,0.21039999999999992,13.825030498908736,-4.56017167890513,32.210232676722605,36.77040435562773,False,False,False,-0.8948304989087372,0.8948304989087372,0.006875457875457876,False,VERY_LOW,POINT_BELOW_LIMIT
C08014,L5,ADC,124.16,1.785,11.7753,12.7666,17.8351,52.2138,1.251,1.3089,1.955,7.1379,Absolute_Failure,50.0,batch_5,0.9913000000000007,17.25282416140873,-1.1323780164051378,35.63802633922259,36.77040435562773,False,False,True,34.96097583859127,34.96097583859127,0.11990004541038592,False,VERY_LOW,POINT_BELOW_LIMIT
C08015,L5,ADC,124.43,1.801,11.9761,13.436,17.3072,23.064,1.256,1.3906,1.8985,2.6111,Latent_Defect,50.0,batch_5,1.4598999999999993,34.47985944464288,16.09465726682901,52.86506162245674,36.77040435562773,False,True,False,-11.415859444642876,11.415859444642876,0.6279136672031101,True,MEDIUM,POINT_BELOW_LIMIT
C08016,L5,DAC,125.09,1.808,11.9229,14.0929,21.8443,51.7135,1.2438,1.489,2.4855,7.0357,Absolute_Failure,50.0,batch_5,2.17,49.13701653988093,30.751814362067066,67.5222187176948,36.77040435562773,False,True,True,2.5764834601190714,2.5764834601190714,0.9316221788531389,True,HIGH,POINT_BELOW_LIMIT
C08017,L5,ADC,124.29,1.8,11.8157,12.2979,12.8855,13.5594,1.2196,1.2859,1.3459,1.4447,Normal,50.0,batch_5,0.48220000000000063,14.379046860218246,-4.006155317595621,32.76424903803211,36.77040435562773,False,False,False,-0.8196468602182456,0.8196468602182456,0.01165909090909091,False,VERY_LOW,POINT_BELOW_LIMIT
C08018,L5,ASIC,124.81,1.222,10.7802,11.1739,12.3905,37.3636,1.1029,1.1472,1.2956,4.6276,Sudden_Anomaly,50.0,batch_5,0.39369999999999905,15.175591965063989,-3.209610212749878,33.56079414287785,36.77040435562773,False,False,False,22.18800803493601,22.18800803493601,0.10074092264804337,False,VERY_LOW,POINT_BELOW_LIMIT
C08019,L5,FPGA,126.08,1.105,11.3438,11.5264,12.2529,13.2222,1.1531,1.202,1.3374,1.3948,Normal,50.0,batch_5,0.18260000000000076,13.557489212003965,-4.827712965809901,31.94269138981783,36.77040435562773,False,False,False,-0.3352892120039641,0.3352892120039641,0.017593842364532018,False,VERY_LOW,POINT_BELOW_LIMIT
C08020,L5,DAC,125.15,1.814,12.0411,12.2222,12.1564,11.8756,1.2627,1.2866,1.2677,1.2829,High_Stable,50.0,batch_5,0.1811000000000007,14.050553397601023,-4.334648780212843,32.43575557541489,36.77040435562773,False,False,False,-2.1749533976010227,2.1749533976010227,0.010503174603174605,False,VERY_LOW,POINT_BELOW_LIMIT
C08021,L5,ADC,124.9,1.822,12.1022,12.1906,12.2577,13.078,1.2642,1.29,1.3015,1.3569,Normal,50.0,batch_5,0.08840000000000003,13.717463410515865,-4.667738767298001,32.10266558832973,36.77040435562773,False,False,False,-0.6394634105158659,0.6394634105158659,0.023714935064935067,False,VERY_LOW,POINT_BELOW_LIMIT
C08022,L5,DAC,125.21,1.813,11.857,12.2582,12.1722,12.0889,1.2219,1.2606,1.2533,1.2712,High_Stable,50.0,batch_5,0.4012000000000011,16.332744230654765,-2.052457947159102,34.717946408468634,36.77040435562773,False,False,False,-4.243844230654764,4.243844230654764,0.034732396525043584,False,VERY_LOW,POINT_BELOW_LIMIT
C08023,L5,ASIC,124.19,1.201,11.6336,12.3846,12.7544,14.4728,1.2006,1.3154,1.3578,1.6015,Normal,50.0,batch_5,0.7510000000000012,17.085616395133663,-1.2995857826802037,35.47081857294753,36.77040435562773,False,False,False,-2.612816395133663,2.612816395133663,0.08471582503062514,False,VERY_LOW,POINT_BELOW_LIMIT
C08024,L5,FPGA,123.88,1.095,12.205,12.2806,12.2857,12.2273,1.2907,1.2872,1.3093,1.2482,High_Stable,50.0,batch_5,0.07559999999999967,12.6008929125,-5.7843092653138655,30.986095090313867,36.77040435562773,False,False,False,-0.37359291250000126,0.37359291250000126,0.009859314954051795,False,VERY_LOW,POINT_BELOW_LIMIT
C08025,L5,FPGA,126.32,1.129,11.6294,12.1226,12.3464,13.5217,1.2208,1.2341,1.2963,1.4435,Normal,50.0,batch_5,0.49319999999999986,14.84952575695129,-3.5356764208625755,33.23472793476516,36.77040435562773,False,False,False,-1.3278257569512917,1.3278257569512917,0.05779857559594402,False,VERY_LOW,POINT_BELOW_LIMIT
C08026,L5,ASIC,124.38,1.198,11.5628,12.5531,13.6794,13.8481,1.1981,1.2692,1.4249,1.4424,Normal,50.0,batch_5,0.9903000000000013,19.135527494345236,0.7503253165313701,37.520729672159106,36.77040435562773,False,False,False,-5.287427494345236,5.287427494345236,0.14234218282614766,False,VERY_LOW,POINT_BELOW_LIMIT
C08027,L5,DAC,125.58,1.784,12.6556,13.4292,14.5985,15.3446,1.3418,1.4823,1.5481,1.6578,Normal,50.0,batch_5,0.7736000000000001,19.991339396409714,1.6061372185958476,38.37654157422358,36.77040435562773,False,False,False,-4.646739396409714,4.646739396409714,0.09293841375342922,False,VERY_LOW,POINT_BELOW_LIMIT
C08028,L5,FPGA,123.74,1.116,11.7258,13.7132,16.3672,21.33,1.2507,1.4437,1.7636,2.4231,Latent_Defect,50.0,batch_5,1.987400000000001,42.95744385570145,24.572241677887583,61.342646033515315,36.77040435562773,False,True,False,-21.62744385570145,21.62744385570145,0.8812735604840265,True,HIGH,POINT_BELOW_LIMIT
C08029,L5,DAC,124.76,1.792,12.1671,12.9514,13.898,14.877,1.2913,1.3619,1.4828,1.6463,Normal,50.0,batch_5,0.7843,16.733016662103182,-1.6521855157106842,35.11821883991705,36.77040435562773,False,False,False,-1.8560166621031815,1.8560166621031815,0.03968386262859947,False,VERY_LOW,POINT_BELOW_LIMIT
C08030,L5,DAC,126.21,1.785,12.5283,13.5252,14.1248,14.5816,1.2984,1.4458,1.4913,1.5698,Normal,50.0,batch_5,0.9969000000000001,19.35054779031179,0.9653456124979236,37.73574996812566,36.77040435562773,False,False,False,-4.76894779031179,4.76894779031179,0.2903685184742916,False,LOW,POINT_BELOW_LIMIT
C08031,L5,DAC,126.79,1.797,11.7929,12.4533,13.3854,14.09,1.2439,1.3327,1.4156,1.5315,Normal,50.0,batch_5,0.660400000000001,19.377457810615077,0.9922556328012107,37.76265998842894,36.77040435562773,False,False,False,-5.287457810615077,5.287457810615077,0.16651497690476008,False,LOW,POINT_BELOW_LIMIT
C08032,L5,FPGA,124.13,1.102,11.5811,13.0212,15.691,19.1883,1.2392,1.3444,1.709,2.0661,Latent_Defect,50.0,batch_5,1.440100000000001,34.028567645508666,15.6433654676948,52.41376982332253,36.77040435562773,False,True,False,-14.840267645508664,14.840267645508664,0.55477856402321,True,MEDIUM,POINT_BELOW_LIMIT
C08033,L5,ADC,125.43,1.775,11.9624,12.2681,13.4112,14.6912,1.1665,1.3025,1.4133,1.591,Normal,50.0,batch_5,0.30569999999999986,17.264438394742065,-1.1207637830718014,35.64964057255593,36.77040435562773,False,False,False,-2.5732383947420647,2.5732383947420647,0.15306108160844997,False,LOW,POINT_BELOW_LIMIT
C08034,L5,DAC,125.35,1.811,11.3518,13.3259,18.2037,51.2698,1.1294,1.444,1.9681,6.9586,Absolute_Failure,50.0,batch_5,1.9741,38.66033097093257,20.275128793118704,57.045533148746436,36.77040435562773,False,True,True,12.609469029067427,12.609469029067427,0.776314617562408,True,HIGH,POINT_BELOW_LIMIT
C08035,L5,DAC,125.26,1.794,12.2927,13.1747,13.7001,14.2494,1.2577,1.3596,1.4699,1.4873,Normal,50.0,batch_5,0.8819999999999997,21.006020246626985,2.6208180688131186,39.391222424440855,36.77040435562773,False,False,False,-6.756620246626985,6.756620246626985,0.14125265053717065,False,VERY_LOW,POINT_BELOW_LIMIT
C08036,L5,ASIC,123.72,1.197,11.5724,12.7654,13.6229,14.2835,1.192,1.3787,1.4017,1.4797,Normal,50.0,batch_5,1.1929999999999996,26.208183607539663,7.822981429725797,44.59338578535353,36.77040435562773,False,False,False,-11.924683607539663,11.924683607539663,0.393771500721175,False,LOW,POINT_BELOW_LIMIT
C08037,L5,ADC,124.92,1.803,11.2876,12.1334,13.0775,15.1021,1.1489,1.2726,1.3745,1.6495,Normal,50.0,batch_5,0.8458000000000006,19.504619071329365,1.1194168935154991,37.88982124914323,36.77040435562773,False,False,False,-4.402519071329365,4.402519071329365,0.24653192419349748,False,LOW,POINT_BELOW_LIMIT
C08038,L5,ASIC,125.82,1.194,11.104,13.5278,23.7334,56.2397,1.1549,1.4519,2.7142,7.9033,Absolute_Failure,50.0,batch_5,2.4238,53.94873663958334,35.56353446176947,72.33393881739721,36.77040435562774,True,True,True,2.2909633604166615,2.2909633604166615,0.9966964055268402,True,HIGH,POINT_ABOVE_LIMIT
C08039,L5,ADC,124.45,1.78,12.0959,12.2795,12.6979,13.1313,1.267,1.3013,1.3346,1.3277,High_Stable,50.0,batch_5,0.1836000000000002,13.750097606448403,-4.6351045713654635,32.13529978426227,36.77040435562773,False,False,False,-0.6187976064484033,0.6187976064484033,0.006866666666666667,False,VERY_LOW,POINT_BELOW_LIMIT
C08040,L5,FPGA,124.9,1.093,11.2532,12.8541,19.0296,53.5899,1.1597,1.3719,2.0859,7.3827,Absolute_Failure,50.0,batch_5,1.600900000000001,35.547791441008286,17.16258926319442,53.93299361882215,36.77040435562773,False,True,True,18.042108558991714,18.042108558991714,0.6665725772221129,True,MEDIUM,POINT_BELOW_LIMIT
C08041,L5,DAC,126.02,1.804,12.4794,13.3469,14.0434,14.2993,1.282,1.3922,1.4657,1.5454,Normal,50.0,batch_5,0.8674999999999997,17.302151397143703,-1.0830507806701632,35.68735357495757,36.77040435562773,False,False,False,-3.0028513971437025,3.0028513971437025,0.10545917965901737,False,VERY_LOW,POINT_BELOW_LIMIT
C08042,L5,FPGA,124.29,1.101,11.5497,12.841,17.3369,23.8928,1.1618,1.3535,1.881,2.7178,Latent_Defect,50.0,batch_5,1.2912999999999997,24.897154531646823,6.511952353832957,43.282356709460686,36.77040435562773,False,False,False,-1.0043545316468219,1.0043545316468219,0.33847716705849895,False,LOW,POINT_BELOW_LIMIT
C08043,L5,DAC,124.38,1.803,12.5914,14.3522,18.1544,24.1785,1.2996,1.5064,2.0382,2.763,Latent_Defect,50.0,batch_5,1.7607999999999997,38.86794676220238,20.482744584388513,57.253148940016246,36.77040435562773,False,True,False,-14.68944676220238,14.68944676220238,0.814860278474535,True,HIGH,POINT_BELOW_LIMIT
C08044,L5,ADC,125.37,1.787,12.333,13.0588,14.2229,14.7983,1.2931,1.3772,1.5469,1.5424,Normal,50.0,batch_5,0.7257999999999996,18.753130120716094,0.3679279429022273,37.13833229852996,36.77040435562773,False,False,False,-3.9548301207160943,3.9548301207160943,0.044784894190776546,False,VERY_LOW,POINT_BELOW_LIMIT
C08045,L5,ADC,123.87,1.775,11.3367,12.4385,13.679,14.6938,1.1611,1.2959,1.4386,1.5597,Normal,50.0,batch_5,1.101799999999999,19.387355170833338,1.0021529930194717,37.772557348647204,36.77040435562773,False,False,False,-4.6935551708333385,4.6935551708333385,0.2405614330286156,False,LOW,POINT_BELOW_LIMIT
C08046,L5,FPGA,125.22,1.103,11.9505,12.6036,13.2646,14.1007,1.2324,1.3261,1.3289,1.4916,Normal,50.0,batch_5,0.6531000000000002,17.099677884165803,-1.2855242936480629,35.484880061979666,36.77040435562773,False,False,False,-2.9989778841658037,2.9989778841658037,0.10087735271264679,False,VERY_LOW,POINT_BELOW_LIMIT
C08047,L5,ASIC,123.82,1.21,11.5543,12.0155,12.4445,13.5439,1.1971,1.2518,1.3278,1.4324,Normal,50.0,batch_5,0.46119999999999983,18.485597126062093,0.10039494824822626,36.870799303875955,36.77040435562773,False,False,False,-4.941697126062092,4.941697126062092,0.17160166802013882,False,LOW,POINT_BELOW_LIMIT
C08048,L5,DAC,125.82,1.781,11.979,12.2566,12.8445,13.9039,1.2768,1.2946,1.3391,1.4537,Normal,50.0,batch_5,0.2776000000000014,14.086801422285351,-4.298400755528515,32.472003600099214,36.77040435562773,False,False,False,-0.1829014222853509,0.1829014222853509,0.06896209901209903,False,VERY_LOW,POINT_BELOW_LIMIT
C08049,L5,FPGA,125.52,1.079,11.5177,12.2313,12.8995,14.256,1.1584,1.2592,1.3574,1.4816,Normal,50.0,batch_5,0.7135999999999996,18.870671865773815,0.4854696879599487,37.25587404358768,36.77040435562773,False,False,False,-4.614671865773815,4.614671865773815,0.11619896904780806,False,VERY_LOW,POINT_BELOW_LIMIT
C08050,L5,FPGA,124.38,1.101,11.7371,12.9627,13.6061,14.8495,1.1813,1.3618,1.4287,1.5629,Normal,50.0,batch_5,1.2256,21.25740555654762,2.8722033787337544,39.64260773436149,36.77040435562773,False,False,False,-6.40790555654762,6.40790555654762,0.28777020376048,False,LOW,POINT_BELOW_LIMIT
C08051,L5,ASIC,125.31,1.2,11.3201,12.6423,13.0985,14.2367,1.1773,1.3129,1.4062,1.5298,Normal,50.0,batch_5,1.3222000000000005,27.89184703779761,9.506644859983744,46.27704921561148,36.77040435562773,False,False,False,-13.65514703779761,13.65514703779761,0.42649810222756124,False,MEDIUM,POINT_BELOW_LIMIT
C08052,L5,ASIC,124.93,1.209,11.6912,12.3807,12.7178,12.9658,1.27,1.2877,1.3387,1.365,Normal,50.0,batch_5,0.6894999999999989,15.902097567505415,-2.4831046103084518,34.28729974531928,36.77040435562773,False,False,False,-2.936297567505415,2.936297567505415,0.08933445508739624,False,VERY_LOW,POINT_BELOW_LIMIT
C08053,L5,FPGA,125.2,1.113,11.1258,11.6098,12.1777,14.0819,1.1563,1.2162,1.296,1.5034,Normal,50.0,batch_5,0.484,14.251839119696958,-4.133363058116908,32.63704129751083,36.77040435562773,False,False,False,-0.1699391196969593,0.1699391196969593,0.03454974593808265,False,VERY_LOW,POINT_BELOW_LIMIT
C08054,L5,FPGA,125.65,1.117,11.6113,13.4532,21.4149,60.7725,1.2097,1.4488,2.374,8.754,Absolute_Failure,50.0,batch_5,1.8419000000000008,34.40641201369949,16.02120983588562,52.791614191513354,36.77040435562773,False,True,True,26.366087986300514,26.366087986300514,0.6874138590485508,True,MEDIUM,POINT_BELOW_LIMIT
C08055,L5,DAC,125.14,1.813,12.4065,13.1032,13.9062,15.3299,1.3243,1.4013,1.4537,1.6367,Normal,50.0,batch_5,0.6966999999999999,15.733240377297754,-2.651961800516112,34.11844255511162,36.77040435562773,False,False,False,-0.40334037729775396,0.40334037729775396,0.028194458874458875,False,VERY_LOW,POINT_BELOW_LIMIT
C08056,L5,ADC,123.81,1.823,11.4658,12.2039,12.9943,14.5719,1.229,1.2919,1.3731,1.6087,Normal,50.0,batch_5,0.7381000000000011,22.036990665972223,3.651788488158356,40.42219284378609,36.77040435562773,False,False,False,-7.465090665972223,7.465090665972223,0.050480492056962645,False,VERY_LOW,POINT_BELOW_LIMIT
C08057,L5,ADC,126.42,1.812,12.0123,13.2973,19.9913,55.5494,1.2891,1.3944,2.2077,7.7275,Absolute_Failure,50.0,batch_5,1.2850000000000001,26.7087337363095,8.323531558495635,45.093935914123364,36.77040435562773,False,False,True,28.840666263690498,28.840666263690498,0.331161131148083,False,LOW,POINT_BELOW_LIMIT
C08058,L5,FPGA,126.67,1.11,11.9598,12.6011,12.9593,14.5738,1.3025,1.3567,1.3281,1.5523,Normal,50.0,batch_5,0.6413000000000011,17.543091783531747,-0.8421103942821198,35.92829396134562,36.77040435562773,False,False,False,-2.9692917835317463,2.9692917835317463,0.07536204106351169,False,VERY_LOW,POINT_BELOW_LIMIT
C08059,L5,FPGA,124.28,1.098,11.0981,11.8475,12.6704,13.4411,1.1609,1.2375,1.3636,1.3637,Normal,50.0,batch_5,0.7493999999999996,15.779251481800143,-2.605950696013723,34.16445365961401,36.77040435562773,False,False,False,-2.3381514818001428,2.3381514818001428,0.20938235193554147,False,LOW,POINT_BELOW_LIMIT
C08060,L5,FPGA,124.3,1.099,11.0277,11.8549,12.7614,13.1675,1.1279,1.1836,1.3269,1.4016,Normal,50.0,batch_5,0.8272000000000013,16.455725688591254,-1.929476489222612,34.840927866405124,36.77040435562773,False,False,False,-3.288225688591254,3.288225688591254,0.13014853294399037,False,VERY_LOW,POINT_BELOW_LIMIT
C08061,L5,ASIC,125.79,1.2,11.3121,13.0946,16.5074,51.7746,1.1426,1.4006,1.7402,7.0874,Absolute_Failure,50.0,batch_5,1.7825000000000006,41.558493741666695,23.17329156385283,59.94369591948056,36.77040435562773,False,True,True,10.216106258333305,10.216106258333305,0.837218733392037,True,HIGH,POINT_BELOW_LIMIT
C08062,L5,ASIC,125.21,1.207,11.0796,11.2526,11.0239,11.3124,1.1771,1.1817,1.1788,1.1695,High_Stable,50.0,batch_5,0.17300000000000004,14.798619245360447,-3.5865829324534193,33.183821423174315,36.77040435562773,False,False,False,-3.486219245360447,3.486219245360447,0.0403941808191808,False,VERY_LOW,POINT_BELOW_LIMIT
C08063,L5,DAC,125.53,1.8,12.0881,12.9727,14.1485,15.1647,1.2891,1.3691,1.5113,1.642,Normal,50.0,batch_5,0.8845999999999989,16.803346155835133,-1.5818560219787337,35.188548333648995,36.77040435562773,False,False,False,-1.6386461558351328,1.6386461558351328,0.05239300372829785,False,VERY_LOW,POINT_BELOW_LIMIT
C08064,L5,ADC,124.68,1.775,12.1389,13.186,13.9026,14.0435,1.2869,1.4013,1.4686,1.4509,Normal,50.0,batch_5,1.0471000000000004,18.240987051884932,-0.14421512592893393,36.626189229698795,36.77040435562773,False,False,False,-4.1974870518849325,4.1974870518849325,0.05372150627150628,False,VERY_LOW,POINT_BELOW_LIMIT
C08065,L5,FPGA,125.85,1.104,11.1909,11.7719,12.6552,13.4078,1.2005,1.228,1.3305,1.419,Normal,50.0,batch_5,0.5810000000000013,15.864295279954485,-2.5209068978593816,34.24949745776835,36.77040435562773,False,False,False,-2.456495279954485,2.456495279954485,0.07850100957693838,False,VERY_LOW,POINT_BELOW_LIMIT
C08066,L5,FPGA,124.04,1.106,12.4031,12.9815,13.4377,13.7553,1.3567,1.3398,1.4214,1.4845,Normal,50.0,batch_5,0.5784000000000002,16.27945563933983,-2.105746538474037,34.664657817153696,36.77040435562773,False,False,False,-2.5241556393398294,2.5241556393398294,0.04883001574448944,False,VERY_LOW,POINT_BELOW_LIMIT
C08067,L5,ASIC,126.21,1.179,11.2399,12.2087,13.1228,14.2425,1.1544,1.2767,1.3891,1.531,Normal,50.0,batch_5,0.9687999999999999,22.74792439742061,4.362722219606745,41.13312657523448,36.77040435562773,False,False,False,-8.505424397420612,8.505424397420612,0.5395088938697493,True,MEDIUM,POINT_BELOW_LIMIT
C08068,L5,ADC,124.77,1.809,11.7011,13.2977,16.5491,24.093,1.1825,1.4201,1.8011,2.7725,Latent_Defect,50.0,batch_5,1.5966000000000005,34.213910377976134,15.828708200162268,52.59911255579,36.77040435562773,False,True,False,-10.120910377976134,10.120910377976134,0.6209489221128198,True,MEDIUM,POINT_BELOW_LIMIT
C08069,L5,ASIC,125.45,1.212,11.3707,11.8343,12.9871,14.2071,1.1289,1.2231,1.3892,1.4975,Normal,50.0,batch_5,0.46360000000000134,17.900377351388887,-0.4848248264249797,36.28557952920275,36.77040435562773,False,False,False,-3.693277351388886,3.693277351388886,0.14662147525676936,False,VERY_LOW,POINT_BELOW_LIMIT
C08070,L5,FPGA,124.46,1.107,11.6173,11.9012,13.3662,34.4087,1.2426,1.2538,1.4201,4.2341,Sudden_Anomaly,50.0,batch_5,0.28389999999999915,15.40305643571429,-2.9821457420995756,33.78825861352816,36.77040435562773,False,False,False,19.005643564285712,19.005643564285712,0.07480960654699047,False,VERY_LOW,POINT_BELOW_LIMIT
C08071,L5,FPGA,124.58,1.118,10.9617,11.8619,12.4891,13.0317,1.1339,1.2429,1.3057,1.3559,Normal,50.0,batch_5,0.9001999999999999,17.96457197386781,-0.42063020394605743,36.34977415168167,36.77040435562773,False,False,False,-4.932871973867808,4.932871973867808,0.21337010654210026,False,LOW,POINT_BELOW_LIMIT
C08072,L5,ADC,125.16,1.789,11.6053,11.8501,13.3156,14.7444,1.1997,1.2693,1.4029,1.5626,Normal,50.0,batch_5,0.24479999999999968,16.12881965654762,-2.2563825212662465,34.514021834361486,36.77040435562773,False,False,False,-1.3844196565476192,1.3844196565476192,0.08534732767232768,False,VERY_LOW,POINT_BELOW_LIMIT
C08073,L5,ADC,127.77,1.759,12.2062,13.6653,15.711,22.0474,1.2814,1.4552,1.6664,2.4664,Latent_Defect,50.0,batch_5,1.4590999999999994,33.86460269047617,15.479400512662302,52.249804868290035,36.77040435562773,False,True,False,-11.817202690476169,11.817202690476169,0.49850903849885453,False,MEDIUM,POINT_BELOW_LIMIT
C08074,L5,ASIC,124.33,1.183,11.119,11.5928,15.8654,50.9357,1.1422,1.2216,1.6686,6.9228,Absolute_Failure,50.0,batch_5,0.47380000000000067,15.442686281870706,-2.94251589594316,33.82788845968457,36.77040435562773,False,False,True,35.49301371812929,35.49301371812929,0.06132776112776114,False,VERY_LOW,POINT_BELOW_LIMIT
C08075,L5,ASIC,126.02,1.176,11.451,12.303,13.3157,14.4046,1.223,1.2624,1.4541,1.5117,Normal,50.0,batch_5,0.8520000000000003,18.904738601388896,0.5195364235750297,37.289940779202766,36.77040435562773,False,False,False,-4.500138601388896,4.500138601388896,0.26480360636955047,False,LOW,POINT_BELOW_LIMIT
C08076,L5,ASIC,124.55,1.199,11.9892,12.3095,12.9918,13.9462,1.2626,1.2976,1.3485,1.4634,Normal,50.0,batch_5,0.3202999999999996,14.065381191071426,-4.319820986742441,32.45058336888529,36.77040435562773,False,False,False,-0.11918119107142644,0.11918119107142644,0.011357387057387059,False,VERY_LOW,POINT_BELOW_LIMIT
C08077,L5,ASIC,125.56,1.18,11.127,11.8087,12.4198,12.8243,1.1676,1.1881,1.3421,1.3068,Normal,50.0,batch_5,0.6816999999999993,18.764118190773818,0.3789160129599516,37.14932036858768,36.77040435562773,False,False,False,-5.939818190773819,5.939818190773819,0.2742460688681154,False,LOW,POINT_BELOW_LIMIT
C08078,L5,ADC,123.86,1.791,11.6087,12.791,14.2435,38.2989,1.2181,1.3525,1.5005,4.7781,Sudden_Anomaly,50.0,batch_5,1.1822999999999997,22.192337416477287,3.8071352386634203,40.57753959429115,36.77040435562773,False,False,False,16.106562583522717,16.106562583522717,0.3112592302059377,False,LOW,POINT_BELOW_LIMIT
C08079,L5,DAC,125.02,1.81,12.4791,12.7902,13.6721,15.2239,1.3021,1.3503,1.4402,1.6124,Normal,50.0,batch_5,0.3110999999999997,14.16596253303571,-4.219239644778156,32.55116471084958,36.77040435562773,False,False,False,1.0579374669642903,1.0579374669642903,0.002333333333333333,False,VERY_LOW,POINT_BELOW_LIMIT
C08080,L5,FPGA,125.51,1.089,11.3494,12.1085,13.2362,14.4433,1.16,1.2698,1.4136,1.5012,Normal,50.0,batch_5,0.7591000000000001,15.749763083829361,-2.6354390939845054,34.13496526164323,36.77040435562773,False,False,False,-1.3064630838293603,1.3064630838293603,0.08901065557847426,False,VERY_LOW,POINT_BELOW_LIMIT
C08081,L5,DAC,125.91,1.814,11.4682,13.7423,18.7252,50.9645,1.2233,1.447,2.047,6.9614,Absolute_Failure,50.0,batch_5,2.2741000000000007,48.82255479107137,30.437352613257502,67.20775696888523,36.77040435562773,False,True,True,2.1419452089286324,2.1419452089286324,0.9189600107065278,True,HIGH,POINT_BELOW_LIMIT
C08082,L5,ASIC,123.14,1.202,11.7294,13.0122,13.9649,15.0089,1.246,1.3868,1.4732,1.6416,Normal,50.0,batch_5,1.2828,26.88846263677156,8.503260458957694,45.27366481458543,36.77040435562773,False,False,False,-11.87956263677156,11.87956263677156,0.3220338806412257,False,LOW,POINT_BELOW_LIMIT
C08083,L5,ASIC,125.23,1.212,11.971,12.1018,12.2301,12.4199,1.271,1.2519,1.2614,1.338,High_Stable,50.0,batch_5,0.1308000000000007,12.870665377876298,-5.514536799937568,31.255867555690166,36.77040435562773,False,False,False,-0.4507653778762979,0.4507653778762979,0.023632395382395383,False,VERY_LOW,POINT_BELOW_LIMIT
C08084,L5,DAC,127.18,1.794,11.6714,13.3402,19.5116,51.2019,1.2378,1.3895,2.1188,6.9886,Absolute_Failure,50.0,batch_5,1.6687999999999992,32.483470208432514,14.098268030618648,50.86867238624638,36.77040435562773,False,True,True,18.718429791567488,18.718429791567488,0.5136699406211662,True,MEDIUM,POINT_BELOW_LIMIT
C08085,L5,ADC,124.67,1.799,11.8812,13.2405,15.672,32.2607,1.2404,1.396,1.6784,3.8997,Sudden_Anomaly,50.0,batch_5,1.359300000000001,26.209717672321425,7.824515494507558,44.59491985013529,36.77040435562773,False,False,False,6.050982327678575,6.050982327678575,0.41747853515573513,False,MEDIUM,POINT_BELOW_LIMIT
C08086,L5,DAC,125.12,1.797,11.6001,12.2705,14.4553,32.8031,1.2375,1.3353,1.554,3.9729,Sudden_Anomaly,50.0,batch_5,0.6704000000000008,17.47116797450397,-0.914034203309896,35.85637015231784,36.77040435562773,False,False,False,15.33193202549603,15.33193202549603,0.1166718315654074,False,VERY_LOW,POINT_BELOW_LIMIT
C08087,L5,ADC,124.18,1.819,11.5163,12.0371,12.994,14.158,1.1656,1.2587,1.3634,1.5209,Normal,50.0,batch_5,0.5208000000000013,15.976831637042118,-2.408370540771749,34.362033814855984,36.77040435562773,False,False,False,-1.818831637042118,1.818831637042118,0.09545856284238635,False,VERY_LOW,POINT_BELOW_LIMIT
C08088,L5,ADC,124.82,1.813,12.0831,12.8687,13.3788,14.2496,1.2752,1.3396,1.3832,1.4998,Normal,50.0,batch_5,0.7856000000000005,16.451769773015883,-1.9334324047979834,34.83697195082975,36.77040435562773,False,False,False,-2.202169773015884,2.202169773015884,0.046861453458821874,False,VERY_LOW,POINT_BELOW_LIMIT
C08089,L5,DAC,125.36,1.813,11.3558,12.9106,14.9326,19.4185,1.1548,1.4051,1.6386,2.1513,Latent_Defect,50.0,batch_5,1.5548000000000002,35.10254096411436,16.717338786300495,53.48774314192823,36.77040435562773,False,True,False,-15.68404096411436,15.68404096411436,0.6614097309354472,True,MEDIUM,POINT_BELOW_LIMIT
C08090,L5,DAC,124.56,1.827,11.5841,12.5781,12.922,14.0832,1.187,1.3088,1.3525,1.5141,Normal,50.0,batch_5,0.9939999999999998,19.88008834781746,1.4948861700035927,38.26529052563133,36.77040435562773,False,False,False,-5.796888347817459,5.796888347817459,0.25731279941024854,False,LOW,POINT_BELOW_LIMIT
C08091,L5,FPGA,125.24,1.102,11.5816,13.2713,15.2846,19.9572,1.228,1.3851,1.6314,2.2246,Latent_Defect,50.0,batch_5,1.6897000000000002,32.429417952976166,14.0442157751623,50.81462013079003,36.77040435562773,False,True,False,-12.472217952976166,12.472217952976166,0.5801954222019237,True,MEDIUM,POINT_BELOW_LIMIT
C08092,L5,ADC,124.8,1.806,12.0707,12.9658,14.0588,15.2323,1.2633,1.3338,1.5089,1.6193,Normal,50.0,batch_5,0.8950999999999993,17.111724867361108,-1.2734773104527584,35.49692704517497,36.77040435562773,False,False,False,-1.8794248673611076,1.8794248673611076,0.06501238123474966,False,VERY_LOW,POINT_BELOW_LIMIT
C08093,L5,FPGA,125.84,1.082,11.1793,11.7407,12.7739,13.2561,1.1623,1.2152,1.368,1.4128,Normal,50.0,batch_5,0.5614000000000008,15.680403317057653,-2.7047988607562132,34.06560549487152,36.77040435562773,False,False,False,-2.424303317057653,2.424303317057653,0.1598509062157134,False,LOW,POINT_BELOW_LIMIT
C08094,L5,ASIC,125.45,1.198,11.5099,12.3311,13.4895,13.7613,1.1979,1.3064,1.4201,1.481,Normal,50.0,batch_5,0.8211999999999993,16.70711696904762,-1.6780852087662481,35.092319146861485,36.77040435562773,False,False,False,-2.945816969047618,2.945816969047618,0.11047405377560175,False,VERY_LOW,POINT_BELOW_LIMIT
C08095,L5,ASIC,123.68,1.181,11.0166,11.3241,11.3121,11.2132,1.1646,1.1732,1.1412,1.1714,High_Stable,50.0,batch_5,0.3074999999999992,15.62515418663028,-2.760047991183587,34.01035636444415,36.77040435562773,False,False,False,-4.411954186630279,4.411954186630279,0.17468803826032933,False,LOW,POINT_BELOW_LIMIT
C08096,L5,ASIC,124.71,1.199,11.4125,12.0835,12.1962,12.852,1.1862,1.2273,1.3001,1.333,Normal,50.0,batch_5,0.6710000000000012,15.51960974186508,-2.865592435948786,33.90481191967895,36.77040435562773,False,False,False,-2.66760974186508,2.66760974186508,0.026395382395382392,False,VERY_LOW,POINT_BELOW_LIMIT
C08097,L5,ADC,125.04,1.801,12.7684,12.8373,12.9773,12.7942,1.3669,1.3202,1.3662,1.288,High_Stable,50.0,batch_5,0.06890000000000107,13.455256796428566,-4.9299453813853,31.84045897424243,36.77040435562773,False,False,False,-0.6610567964285661,0.6610567964285661,0.014155555555555555,False,VERY_LOW,POINT_BELOW_LIMIT
C08098,L5,ADC,123.73,1.774,11.1241,11.4309,12.5482,13.8413,1.1822,1.1336,1.3215,1.4711,Normal,50.0,batch_5,0.3067999999999991,16.46354700330085,-1.9216551745130168,34.84874918111471,36.77040435562773,False,False,False,-2.622247003300849,2.622247003300849,0.04885365745365746,False,VERY_LOW,POINT_BELOW_LIMIT
C08099,L5,ASIC,125.81,1.198,11.5118,12.3806,12.6334,14.0742,1.1965,1.3047,1.3209,1.4848,Normal,50.0,batch_5,0.8688000000000002,18.972712142063486,0.5875099642496195,37.35791431987735,36.77040435562773,False,False,False,-4.8985121420634865,4.8985121420634865,0.08739495896260603,False,VERY_LOW,POINT_BELOW_LIMIT
C08100,L5,ASIC,124.26,1.186,11.3761,11.4613,11.6068,12.0224,1.1635,1.2289,1.2268,1.2676,High_Stable,50.0,batch_5,0.08520000000000039,14.161189277380961,-4.224012900432905,32.54639145519483,36.77040435562773,False,False,False,-2.138789277380962,2.138789277380962,0.07284309775192131,False,VERY_LOW,POINT_BELOW_LIMIT
C08101,L5,FPGA,125.58,1.091,11.3206,11.6168,11.9373,13.5463,1.1738,1.2254,1.2353,1.4787,Normal,50.0,batch_5,0.2961999999999989,14.347469237499993,-4.037732940313873,32.73267141531386,36.77040435562773,False,False,False,-0.8011692374999928,0.8011692374999928,0.052908222333222336,False,VERY_LOW,POINT_BELOW_LIMIT
C08102,L5,ADC,125.36,1.812,11.5935,11.5748,11.5848,11.5024,1.2347,1.2237,1.1736,1.2149,High_Stable,50.0,batch_5,-0.018700000000000827,12.46221062648809,-5.922991551325776,30.847412804301957,36.77040435562773,False,False,False,-0.9598106264880908,0.9598106264880908,0.03157106782106782,False,VERY_LOW,POINT_BELOW_LIMIT
C08103,L5,ADC,123.62,1.798,11.9861,13.7768,17.7786,21.7835,1.2526,1.484,1.9661,2.4065,Latent_Defect,50.0,batch_5,1.7906999999999993,36.869320390873,18.484118213059133,55.254522568686866,36.77040435562773,False,True,False,-15.085820390873,15.085820390873,0.6468076899297337,True,MEDIUM,POINT_BELOW_LIMIT
C08104,L5,FPGA,125.58,1.106,11.636,12.1867,12.7779,14.5141,1.1867,1.3137,1.3489,1.4932,Normal,50.0,batch_5,0.5507000000000009,16.38529918987613,-1.9999029879377375,34.770501367689995,36.77040435562773,False,False,False,-1.8711991898761298,1.8711991898761298,0.18030787293468956,False,LOW,POINT_BELOW_LIMIT
C08105,L5,FPGA,125.93,1.094,11.8564,13.025,14.0074,14.5818,1.2769,1.3293,1.4678,1.5809,Normal,50.0,batch_5,1.1685999999999996,21.73986874017858,3.354666562364713,40.125070917992446,36.77040435562773,False,False,False,-7.15806874017858,7.15806874017858,0.30018976368532313,False,LOW,POINT_BELOW_LIMIT
C08106,L5,ASIC,125.57,1.182,11.2977,12.5486,13.5993,14.6825,1.1739,1.3179,1.4521,1.5642,Normal,50.0,batch_5,1.2508999999999997,19.682593088194444,1.297390910380578,38.06779526600831,36.77040435562773,False,False,False,-5.000093088194445,5.000093088194445,0.21543270885588273,False,LOW,POINT_BELOW_LIMIT
C08107,L5,ASIC,124.83,1.231,11.0808,12.2475,12.4992,12.7214,1.1485,1.2527,1.3198,1.2858,Normal,50.0,batch_5,1.1667000000000005,21.3626415748786,2.9774393970647353,39.74784375269247,36.77040435562773,False,False,False,-8.641241574878602,8.641241574878602,0.242226498640952,False,LOW,POINT_BELOW_LIMIT
C08108,L5,ASIC,123.58,1.201,11.0381,12.097,15.708,20.239,1.158,1.2675,1.6932,2.2593,Latent_Defect,50.0,batch_5,1.0588999999999995,19.58548243427579,1.200280256461923,37.970684612089656,36.77040435562773,False,False,False,0.6535175657242114,0.6535175657242114,0.17832089919819016,False,LOW,POINT_BELOW_LIMIT
C08109,L5,DAC,126.04,1.781,11.5419,12.3921,13.212,13.749,1.2042,1.3008,1.4352,1.4232,Normal,50.0,batch_5,0.8501999999999992,19.744801799404758,1.3595996215908919,38.13000397721862,36.77040435562773,False,False,False,-5.995801799404758,5.995801799404758,0.12128472437173805,False,VERY_LOW,POINT_BELOW_LIMIT
C08110,L5,FPGA,124.55,1.103,11.5711,11.9426,12.8146,13.8873,1.2229,1.3029,1.3027,1.4579,Normal,50.0,batch_5,0.37150000000000105,15.834965154563506,-2.550237023250361,34.22016733237737,36.77040435562773,False,False,False,-1.9476651545635058,1.9476651545635058,0.0835749074999075,False,VERY_LOW,POINT_BELOW_LIMIT
C08111,L5,DAC,124.5,1.811,11.7181,13.1785,16.1907,29.3323,1.2158,1.3875,1.7259,3.4705,Sudden_Anomaly,50.0,batch_5,1.4604,28.679574952739603,10.294372774925737,47.064777130553466,36.77040435562773,False,False,False,0.6527250472603967,0.6527250472603967,0.4852541971152342,False,MEDIUM,POINT_BELOW_LIMIT
C08112,L5,DAC,124.89,1.793,12.2543,13.3821,14.1656,15.1768,1.3113,1.3781,1.5132,1.673,Normal,50.0,batch_5,1.1277999999999988,19.814755686047985,1.4295535082341182,38.199957863861854,36.77040435562773,False,False,False,-4.6379556860479845,4.6379556860479845,0.1001399222661297,False,VERY_LOW,POINT_BELOW_LIMIT
C08113,L5,DAC,124.57,1.783,11.8864,12.8912,14.0291,14.6878,1.2319,1.3288,1.4859,1.565,Normal,50.0,batch_5,1.0047999999999995,18.16582392797618,-0.2193782498376855,36.551026105790044,36.77040435562773,False,False,False,-3.4780239279761815,3.4780239279761815,0.10992897135544186,False,VERY_LOW,POINT_BELOW_LIMIT
C08114,L5,ADC,123.6,1.8,11.1338,12.629,14.1172,29.2991,1.1459,1.304,1.4784,3.4641,Sudden_Anomaly,50.0,batch_5,1.4951999999999988,35.273948166287916,16.88874598847405,53.65915034410178,36.77040435562773,False,True,False,-5.9748481662879165,5.9748481662879165,0.5998312210232426,True,MEDIUM,POINT_BELOW_LIMIT
C08115,L5,FPGA,126.63,1.09,11.7958,12.1425,13.2817,14.629,1.2244,1.2665,1.4034,1.5546,Normal,50.0,batch_5,0.34670000000000023,16.029862058976455,-2.355340118837411,34.41506423679032,36.77040435562773,False,False,False,-1.4008620589764558,1.4008620589764558,0.06350471464093756,False,VERY_LOW,POINT_BELOW_LIMIT
C08116,L5,FPGA,124.42,1.102,11.187,12.3172,12.7431,13.5787,1.0953,1.3145,1.3633,1.4359,Normal,50.0,batch_5,1.1302000000000003,20.23676331598297,1.851561138169103,38.621965493796836,36.77040435562773,False,False,False,-6.65806331598297,6.65806331598297,0.2454980103177807,False,LOW,POINT_BELOW_LIMIT
C08117,L5,ADC,126.0,1.833,12.1199,13.396,14.3285,27.5967,1.2636,1.399,1.5457,3.2136,Sudden_Anomaly,50.0,batch_5,1.2761000000000013,23.486665490873,5.101463313059135,41.87186766868687,36.77040435562773,False,False,False,4.110034509126997,4.110034509126997,0.2725468519904587,False,LOW,POINT_BELOW_LIMIT
C08118,L5,ADC,122.83,1.784,10.9929,11.5779,12.4529,12.9115,1.174,1.2232,1.3134,1.3845,Normal,50.0,batch_5,0.5849999999999991,15.819602798075062,-2.5655993797388046,34.204804975888926,36.77040435562773,False,False,False,-2.9081027980750616,2.9081027980750616,0.0612905316905317,False,VERY_LOW,POINT_BELOW_LIMIT
C08119,L5,FPGA,125.48,1.088,11.0971,11.5971,12.4145,12.6423,1.1591,1.206,1.3318,1.3075,Normal,50.0,batch_5,0.5,14.390979089484121,-3.994223088329745,32.776181267297986,36.77040435562773,False,False,False,-1.7486790894841207,1.7486790894841207,0.08254183620076115,False,VERY_LOW,POINT_BELOW_LIMIT
C08120,L5,ASIC,125.05,1.214,11.375,11.4244,11.4332,11.3333,1.2264,1.172,1.1611,1.166,High_Stable,50.0,batch_5,0.04940000000000033,12.681105169642853,-5.704097008171013,31.06630734745672,36.77040435562773,False,False,False,-1.3478051696428537,1.3478051696428537,0.08694072425159381,False,VERY_LOW,POINT_BELOW_LIMIT
C08121,L5,DAC,124.84,1.824,11.9051,13.8313,19.5516,57.8291,1.2159,1.4634,2.207,8.1976,Absolute_Failure,50.0,batch_5,1.9262000000000015,44.06479362976187,25.679591451948006,62.44999580757574,36.77040435562773,False,True,True,13.764306370238124,13.764306370238124,0.8792577950942831,True,HIGH,POINT_BELOW_LIMIT
C08122,L5,ADC,124.68,1.806,11.374,12.4593,13.1665,13.821,1.164,1.3295,1.432,1.4394,Normal,50.0,batch_5,1.0853000000000002,21.872267182142846,3.4870650043289793,40.257469359956715,36.77040435562773,False,False,False,-8.051267182142846,8.051267182142846,0.46868256050889306,False,MEDIUM,POINT_BELOW_LIMIT
C08123,L5,ASIC,126.27,1.212,10.919,11.8195,12.0717,12.8089,1.1397,1.2231,1.2938,1.328,Normal,50.0,batch_5,0.9004999999999992,17.59670945527776,-0.7884927225361054,35.98191163309163,36.77040435562773,False,False,False,-4.7878094552777615,4.7878094552777615,0.22663654786918008,False,LOW,POINT_BELOW_LIMIT
C08124,L5,FPGA,126.37,1.109,12.1885,13.8965,18.3719,54.3359,1.2905,1.4653,2.0393,7.5606,Absolute_Failure,50.0,batch_5,1.7080000000000002,32.54460062084235,14.159398443028486,50.92980279865622,36.77040435562773,False,True,True,21.79129937915765,21.79129937915765,0.5933349580238587,True,MEDIUM,POINT_BELOW_LIMIT
C08125,L5,FPGA,125.01,1.113,11.4182,12.3901,13.1423,13.9061,1.2085,1.322,1.4299,1.466,Normal,50.0,batch_5,0.9718999999999998,22.85953073678595,4.474328558972083,41.244732914599815,36.77040435562773,False,False,False,-8.953430736785949,8.953430736785949,0.24782422239820262,False,LOW,POINT_BELOW_LIMIT
C08126,L5,DAC,125.26,1.795,12.4222,12.4627,12.6768,12.9712,1.2944,1.3204,1.344,1.3338,High_Stable,50.0,batch_5,0.04049999999999976,13.0475012576389,-5.337700920174967,31.432703435452765,36.77040435562773,False,False,False,-0.0763012576388995,0.0763012576388995,0.03139538239538239,False,VERY_LOW,POINT_BELOW_LIMIT
C08127,L5,DAC,125.34,1.796,13.2119,13.2112,13.5441,13.3884,1.3725,1.3778,1.4423,1.4496,High_Stable,50.0,batch_5,-0.000700000000000145,17.77057986031745,-0.6146223174964156,36.15578203813132,36.77040435562773,False,False,False,-4.38217986031745,4.38217986031745,0.23348120842006287,False,LOW,POINT_BELOW_LIMIT
C08128,L5,FPGA,125.29,1.074,11.4447,12.1995,13.5246,14.2235,1.1779,1.2602,1.4631,1.5304,Normal,50.0,batch_5,0.7548000000000012,19.836166886309538,1.4509647084956718,38.22136906412341,36.77040435562773,False,False,False,-5.612666886309539,5.612666886309539,0.18915854421449382,False,LOW,POINT_BELOW_LIMIT
C08129,L5,FPGA,126.32,1.098,11.5993,12.0316,15.7294,53.8263,1.2341,1.2085,1.7087,7.4057,Absolute_Failure,50.0,batch_5,0.4322999999999997,15.659075436880363,-2.7261267409335037,34.04427761469423,36.77040435562773,False,False,True,38.16722456311964,38.16722456311964,0.06738662703835117,False,VERY_LOW,POINT_BELOW_LIMIT
C08130,L5,ASIC,125.13,1.189,11.4866,13.4038,19.1504,52.9252,1.178,1.4448,2.1296,7.2794,Absolute_Failure,50.0,batch_5,1.9172000000000011,35.30043073799606,16.915228560182193,53.685632915809926,36.77040435562773,False,True,True,17.624769262003937,17.624769262003937,0.737550206356576,True,MEDIUM,POINT_BELOW_LIMIT
C08131,L5,ADC,124.17,1.779,11.9893,14.8514,23.7022,56.0237,1.2353,1.5913,2.7,7.8524,Absolute_Failure,50.0,batch_5,2.8621,54.54742771775791,36.162225539944046,72.93262989557178,36.77040435562773,True,True,True,1.4762722822420855,1.4762722822420855,0.989626364485188,True,HIGH,POINT_ABOVE_LIMIT
C08132,L5,FPGA,125.9,1.118,11.4683,12.0905,12.3691,13.7655,1.2367,1.2292,1.3281,1.4151,Normal,50.0,batch_5,0.6222000000000012,17.13980543497295,-1.2453967428409172,35.525007612786816,36.77040435562773,False,False,False,-3.3743054349729498,3.3743054349729498,0.19300598806985042,False,LOW,POINT_BELOW_LIMIT
C08133,L5,ADC,125.78,1.777,12.6774,12.8766,13.2148,13.4337,1.3645,1.3492,1.4021,1.4449,High_Stable,50.0,batch_5,0.19919999999999938,13.971347869940479,-4.413854307873388,32.35655004775435,36.77040435562773,False,False,False,-0.5376478699404785,0.5376478699404785,0.02467619047619047,False,VERY_LOW,POINT_BELOW_LIMIT
C08134,L5,ASIC,124.17,1.189,11.6655,12.2794,13.2067,13.7003,1.2511,1.2941,1.3952,1.4473,Normal,50.0,batch_5,0.613900000000001,15.938057581746024,-2.447144596067842,34.32325975955989,36.77040435562773,False,False,False,-2.237757581746024,2.237757581746024,0.041747044132338255,False,VERY_LOW,POINT_BELOW_LIMIT
C08135,L5,ADC,124.04,1.793,11.9622,13.5728,19.4926,56.7371,1.247,1.4123,2.1272,7.9671,Absolute_Failure,50.0,batch_5,1.6106000000000016,39.27471520744048,20.889513029626613,57.659917385254346,36.77040435562773,False,True,True,17.46238479255952,17.46238479255952,0.671866059333646,True,MEDIUM,POINT_BELOW_LIMIT
C08136,L5,DAC,125.9,1.819,12.4721,13.3987,14.318,15.9096,1.325,1.4376,1.5235,1.6914,Normal,50.0,batch_5,0.9266000000000005,18.023750859823366,-0.36145131799050034,36.40895303763723,36.77040435562773,False,False,False,-2.1141508598233667,2.1141508598233667,0.1309892317585796,False,VERY_LOW,POINT_BELOW_LIMIT
C08137,L5,FPGA,124.35,1.078,11.2199,11.6963,12.5886,13.1178,1.1564,1.2497,1.3196,1.3862,Normal,50.0,batch_5,0.47639999999999993,17.952225690827916,-0.43297648698595026,36.33742786864178,36.77040435562773,False,False,False,-4.834425690827915,4.834425690827915,0.2119727367833404,False,LOW,POINT_BELOW_LIMIT
C08138,L5,ASIC,124.0,1.2,11.5564,12.4136,12.6788,13.0071,1.2324,1.2767,1.3249,1.3967,Normal,50.0,batch_5,0.8572000000000006,18.226261704500363,-0.15894047331350336,36.611463882314226,36.77040435562773,False,False,False,-5.2191617045003635,5.2191617045003635,0.06806015312554213,False,VERY_LOW,POINT_BELOW_LIMIT
C08139,L5,DAC,126.87,1.814,11.8157,12.8542,14.0616,15.2473,1.2035,1.3276,1.4575,1.5999,Normal,50.0,batch_5,1.0385000000000009,20.31315939017855,1.927957212364685,38.69836156799242,36.77040435562773,False,False,False,-5.065859390178552,5.065859390178552,0.1434799936221628,False,VERY_LOW,POINT_BELOW_LIMIT
C08140,L5,DAC,123.28,1.789,11.7541,13.0975,14.0427,14.6167,1.2066,1.3405,1.4765,1.5625,Normal,50.0,batch_5,1.3434000000000008,29.58376858482147,11.198566407007604,47.96897076263534,36.77040435562773,False,False,False,-14.96706858482147,14.96706858482147,0.4072921731544652,False,MEDIUM,POINT_BELOW_LIMIT
C08141,L5,FPGA,124.89,1.126,11.9574,12.9794,13.8381,14.7592,1.2078,1.3926,1.4707,1.5732,Normal,50.0,batch_5,1.0220000000000002,19.554095237125374,1.1688930593115074,37.93929741493924,36.77040435562773,False,False,False,-4.794895237125374,4.794895237125374,0.24206189266853542,False,LOW,POINT_BELOW_LIMIT
C08142,L5,ASIC,124.8,1.174,12.3718,13.0653,14.1596,15.5007,1.2979,1.3689,1.534,1.6655,Normal,50.0,batch_5,0.6935000000000002,17.143184405357154,-1.2420177724567125,35.52838658317102,36.77040435562773,False,False,False,-1.6424844053571537,1.6424844053571537,0.05678305975070681,False,VERY_LOW,POINT_BELOW_LIMIT
C08143,L5,ASIC,124.86,1.191,10.7739,11.7282,13.004,13.7607,1.1351,1.1746,1.3701,1.4432,Normal,50.0,batch_5,0.9542999999999999,15.06417852698414,-3.3210236508297264,33.449380704798,36.77040435562773,False,False,False,-1.30347852698414,1.30347852698414,0.08721777048499763,False,VERY_LOW,POINT_BELOW_LIMIT
C08144,L5,DAC,125.27,1.826,11.503,11.6952,12.5741,13.8351,1.1589,1.2451,1.3036,1.4647,Normal,50.0,batch_5,0.1921999999999997,14.718763343253963,-3.6664388345599033,33.10396552106783,36.77040435562773,False,False,False,-0.8836633432539625,0.8836633432539625,0.04591229469532876,False,VERY_LOW,POINT_BELOW_LIMIT
C08145,L5,ASIC,124.33,1.198,11.4954,12.8218,13.2905,13.8548,1.2223,1.3294,1.3947,1.4471,Normal,50.0,batch_5,1.3263999999999996,32.29829355019843,13.913091372384564,50.683495728012296,36.77040435562773,False,True,False,-18.443493550198433,18.443493550198433,0.43244779720922166,False,MEDIUM,POINT_BELOW_LIMIT
C08146,L5,DAC,124.5,1.799,12.39,14.2418,18.1473,25.1347,1.3003,1.5669,2.0105,2.8828,Latent_Defect,50.0,batch_5,1.851799999999999,39.70716111428569,21.321958936471823,58.092363292099556,36.77040435562773,False,True,False,-14.57246111428569,14.57246111428569,0.8522134522248752,True,HIGH,POINT_BELOW_LIMIT
C08147,L5,DAC,125.32,1.782,12.3697,12.3016,12.2424,12.8835,1.2781,1.3115,1.2734,1.3721,High_Stable,50.0,batch_5,-0.06809999999999938,12.918863916369041,-5.466338261444825,31.304066094182907,36.77040435562773,False,False,False,-0.03536391636904135,0.03536391636904135,0.014761460761460761,False,VERY_LOW,POINT_BELOW_LIMIT
C08148,L5,ADC,123.55,1.799,11.9411,12.3586,12.4607,12.3391,1.2441,1.3141,1.3339,1.262,High_Stable,50.0,batch_5,0.41749999999999865,15.307539097123,-3.0776630806908667,33.692741274936864,36.77040435562773,False,False,False,-2.9684390971229995,2.9684390971229995,0.03372371541501976,False,VERY_LOW,POINT_BELOW_LIMIT
C08149,L5,ASIC,125.46,1.188,11.5662,12.3926,17.6405,58.1787,1.1791,1.2943,1.9242,8.2091,Absolute_Failure,50.0,batch_5,0.8263999999999996,15.949305409965735,-2.4358967678481314,34.3345075877796,36.77040435562773,False,False,True,42.22939459003426,42.22939459003426,0.07848493377967061,False,VERY_LOW,POINT_BELOW_LIMIT
C08150,L5,ASIC,124.0,1.225,12.1782,12.4216,12.7549,12.6286,1.2526,1.3548,1.3474,1.3377,High_Stable,50.0,batch_5,0.2433999999999994,14.804131110615085,-3.5810710671987813,33.189333288428955,36.77040435562773,False,False,False,-2.1755311106150845,2.1755311106150845,0.009981601731601732,False,VERY_LOW,POINT_BELOW_LIMIT
C08151,L5,DAC,125.2,1.819,12.021,12.701,13.212,14.8217,1.2745,1.3371,1.362,1.5647,Normal,50.0,batch_5,0.6799999999999997,19.43123044037698,1.0460282625631123,37.816432618190845,36.77040435562773,False,False,False,-4.609530440376979,4.609530440376979,0.1672476360472658,False,LOW,POINT_BELOW_LIMIT
C08152,L5,DAC,124.75,1.831,11.9657,12.6316,13.31,13.669,1.2239,1.3268,1.4009,1.4418,Normal,50.0,batch_5,0.6659000000000006,19.147149317956345,0.7619471401424782,37.532351495770214,36.77040435562773,False,False,False,-5.478149317956344,5.478149317956344,0.24520504093429774,False,LOW,POINT_BELOW_LIMIT
C08153,L5,ADC,125.1,1.809,12.3647,13.1276,13.1578,14.2342,1.2817,1.3529,1.3953,1.5138,Normal,50.0,batch_5,0.7629000000000001,19.996678288352005,1.6114761105381383,38.38188046616587,36.77040435562773,False,False,False,-5.762478288352005,5.762478288352005,0.04607338404285774,False,VERY_LOW,POINT_BELOW_LIMIT
C08154,L5,FPGA,125.73,1.112,11.9066,13.2069,15.2704,36.9001,1.2826,1.3813,1.5795,4.587,Sudden_Anomaly,50.0,batch_5,1.3003,20.730492983333342,2.3452908055194754,39.11569516114721,36.77040435562773,False,False,False,16.16960701666666,16.16960701666666,0.32185369158427396,False,LOW,POINT_BELOW_LIMIT
C08155,L5,ASIC,124.42,1.205,12.011,13.3875,14.7886,35.4524,1.2653,1.4096,1.594,4.3952,Sudden_Anomaly,50.0,batch_5,1.3765,34.816734413591234,16.431532235777368,53.2019365914051,36.77040435562773,False,True,False,0.6356655864087628,0.6356655864087628,0.5529976248007537,True,MEDIUM,POINT_BELOW_LIMIT
C08156,L5,ADC,124.72,1.796,11.6279,12.8759,12.8854,13.9022,1.2357,1.3516,1.3614,1.5642,Normal,50.0,batch_5,1.2479999999999993,23.848031990476183,5.462829812662317,42.23323416829005,36.77040435562773,False,False,False,-9.945831990476183,9.945831990476183,0.33684658466225303,False,LOW,POINT_BELOW_LIMIT
C08157,L5,ADC,124.81,1.811,11.6866,12.1697,13.0847,13.2015,1.223,1.2468,1.3839,1.3873,Normal,50.0,batch_5,0.4831000000000003,17.16233148964647,-1.2228706881673972,35.547533667460335,36.77040435562773,False,False,False,-3.96083148964647,3.96083148964647,0.09589442567236682,False,VERY_LOW,POINT_BELOW_LIMIT
C08158,L5,ASIC,125.03,1.222,11.2641,13.2409,16.9358,21.3481,1.1277,1.3824,1.8114,2.4054,Latent_Defect,50.0,batch_5,1.9768000000000008,47.01034295575398,28.62514077794011,65.39554513356785,36.77040435562774,False,True,False,-25.662242955753978,25.662242955753978,0.9354030256409216,True,HIGH,POINT_BELOW_LIMIT
C08159,L5,DAC,123.94,1.818,12.0762,12.016,11.9708,12.3985,1.2568,1.2411,1.2587,1.2881,High_Stable,50.0,batch_5,-0.06020000000000003,12.763666613356781,-5.621535564457085,31.14886879117065,36.77040435562773,False,False,False,-0.3651666133567808,0.3651666133567808,0.02618174603174603,False,VERY_LOW,POINT_BELOW_LIMIT
C08160,L5,ASIC,124.79,1.204,11.7619,13.0012,14.1463,37.0363,1.2324,1.3585,1.4831,4.6044,Sudden_Anomaly,50.0,batch_5,1.2393,25.963564287725443,7.578362109911577,44.34876646553931,36.77040435562773,False,False,False,11.072735712274554,11.072735712274554,0.518473830243546,True,MEDIUM,POINT_BELOW_LIMIT
C08161,L5,FPGA,125.02,1.097,11.8436,12.1113,12.3234,12.3068,1.2591,1.2518,1.3005,1.2385,High_Stable,50.0,batch_5,0.2676999999999996,14.95488685894659,-3.430315318867276,33.34008903676046,36.77040435562773,False,False,False,-2.6480868589465896,2.6480868589465896,0.011665987933634991,False,VERY_LOW,POINT_BELOW_LIMIT
C08162,L5,ADC,124.35,1.795,12.1845,12.8738,14.3381,15.2711,1.2834,1.3491,1.4982,1.6031,Normal,50.0,batch_5,0.6892999999999994,17.401914066269825,-0.9832881115440415,35.78711624408369,36.77040435562773,False,False,False,-2.1308140662698243,2.1308140662698243,0.052447102897102894,False,VERY_LOW,POINT_BELOW_LIMIT
C08163,L5,ASIC,124.65,1.206,11.2769,11.7275,12.0803,12.763,1.1366,1.2224,1.2652,1.3178,Normal,50.0,batch_5,0.45059999999999967,16.61596150625,-1.7692406715638676,35.00116368406387,36.77040435562773,False,False,False,-3.852961506249999,3.852961506249999,0.18436744878526748,False,LOW,POINT_BELOW_LIMIT
C08164,L5,ADC,124.2,1.818,11.907,13.4804,16.1824,31.2226,1.2767,1.4185,1.745,3.7372,Sudden_Anomaly,50.0,batch_5,1.5733999999999995,44.670754530357144,26.285552352543277,63.05595670817101,36.77040435562773,False,True,False,-13.448154530357144,13.448154530357144,0.8162161272563305,True,HIGH,POINT_BELOW_LIMIT
C08165,L5,FPGA,125.95,1.094,11.2804,11.5425,12.4551,13.0421,1.1801,1.1658,1.2325,1.3786,Normal,50.0,batch_5,0.2621000000000002,14.376924367018391,-4.008277810795475,32.762126544832256,36.77040435562773,False,False,False,-1.334824367018392,1.334824367018392,0.05605657304511793,False,VERY_LOW,POINT_BELOW_LIMIT
C08166,L5,ASIC,124.38,1.209,11.5883,11.8019,12.3703,12.5903,1.1999,1.2279,1.2883,1.3542,High_Stable,50.0,batch_5,0.21359999999999957,14.163528294074672,-4.221673883739195,32.54873047188854,36.77040435562773,False,False,False,-1.5732282940746725,1.5732282940746725,0.004974242424242424,False,VERY_LOW,POINT_BELOW_LIMIT
C08167,L5,ASIC,124.81,1.172,11.8911,11.7626,11.7876,11.9754,1.2548,1.2177,1.2136,1.1905,High_Stable,50.0,batch_5,-0.12849999999999895,12.315784889339826,-6.069417288474041,30.70098706715369,36.77040435562773,False,False,False,-0.34038488933982514,0.34038488933982514,0.007028571428571428,False,VERY_LOW,POINT_BELOW_LIMIT
C08168,L5,FPGA,125.56,1.099,12.1905,13.451,14.5373,14.6812,1.2553,1.4173,1.5729,1.5447,Normal,50.0,batch_5,1.2605000000000004,21.323326499305555,2.9381243214916886,39.70852867711942,36.77040435562773,False,False,False,-6.642126499305554,6.642126499305554,0.09209929539958951,False,VERY_LOW,POINT_BELOW_LIMIT
C08169,L5,ADC,122.61,1.798,11.6168,12.5941,13.4279,13.8109,1.2155,1.3085,1.4302,1.4514,Normal,50.0,batch_5,0.9772999999999996,22.847963257738098,4.462761079924231,41.23316543555197,36.77040435562773,False,False,False,-9.037063257738097,9.037063257738097,0.33980326724135085,False,LOW,POINT_BELOW_LIMIT
C08170,L5,FPGA,126.16,1.126,11.7083,12.6188,13.2809,14.2624,1.2035,1.3258,1.4212,1.5802,Normal,50.0,batch_5,0.9105000000000008,16.70991975951479,-1.6752824182990764,35.095121937328656,36.77040435562773,False,False,False,-2.4475197595147904,2.4475197595147904,0.06414239760239761,False,VERY_LOW,POINT_BELOW_LIMIT
C08171,L5,FPGA,124.92,1.102,12.1224,12.28,12.3983,12.5174,1.2675,1.2688,1.322,1.2884,High_Stable,50.0,batch_5,0.15759999999999863,13.208867658333338,-5.176334519480529,31.594069836147206,36.77040435562773,False,False,False,-0.6914676583333375,0.6914676583333375,0.003033333333333333,False,VERY_LOW,POINT_BELOW_LIMIT
C08172,L5,DAC,125.59,1.833,11.3667,11.9426,12.5384,12.8952,1.1595,1.3023,1.3441,1.344,Normal,50.0,batch_5,0.5759000000000007,18.60519515892857,0.21999298111470367,36.99039733674243,36.77040435562773,False,False,False,-5.709995158928569,5.709995158928569,0.21990251907878833,False,LOW,POINT_BELOW_LIMIT
C08173,L5,ADC,124.01,1.813,11.6853,12.0024,11.9884,11.5395,1.2236,1.296,1.2284,1.2172,High_Stable,50.0,batch_5,0.31709999999999994,16.769196297229843,-1.616005880584023,35.154398475043706,36.77040435562773,False,False,False,-5.229696297229843,5.229696297229843,0.04496717498188086,False,VERY_LOW,POINT_BELOW_LIMIT
C08174,L5,DAC,124.47,1.788,12.4292,13.0363,14.2696,15.3618,1.2937,1.3633,1.5291,1.6228,Normal,50.0,batch_5,0.6071000000000009,16.361469872817462,-2.023732304996404,34.74667205063133,36.77040435562773,False,False,False,-0.9996698728174618,0.9996698728174618,0.035514196914196924,False,VERY_LOW,POINT_BELOW_LIMIT
C08175,L5,FPGA,123.71,1.115,11.5456,12.5145,13.4111,14.3462,1.2832,1.3543,1.4025,1.5321,Normal,50.0,batch_5,0.9688999999999997,17.714640014903154,-0.6705621629107128,36.09984219271702,36.77040435562773,False,False,False,-3.368440014903154,3.368440014903154,0.10877049295733507,False,VERY_LOW,POINT_BELOW_LIMIT
C08176,L5,ASIC,125.58,1.192,11.6496,13.6774,16.6595,21.6573,1.1598,1.4144,1.8032,2.4225,Latent_Defect,50.0,batch_5,2.027800000000001,45.17735929434527,26.792157116531406,63.56256147215914,36.77040435562773,False,True,False,-23.520059294345273,23.520059294345273,0.8798718577668165,True,HIGH,POINT_BELOW_LIMIT
C08177,L5,ASIC,124.09,1.189,10.9635,11.5441,12.1883,12.2897,1.1478,1.1871,1.2842,1.2843,Normal,50.0,batch_5,0.5806000000000004,15.901617022321423,-2.4835851554924435,34.28681920013529,36.77040435562773,False,False,False,-3.611917022321423,3.611917022321423,0.040312324929971985,False,VERY_LOW,POINT_BELOW_LIMIT
C08178,L5,ASIC,125.16,1.226,12.0267,13.0926,19.3232,52.6125,1.2828,1.3562,2.1205,7.2118,Absolute_Failure,50.0,batch_5,1.0658999999999992,19.938418678075394,1.5532165002615272,38.32362085588926,36.77040435562773,False,False,True,32.674081321924604,32.674081321924604,0.04956464561582209,False,VERY_LOW,POINT_BELOW_LIMIT
C08179,L5,ADC,125.67,1.808,11.8214,12.8918,13.0612,13.7477,1.248,1.3466,1.39,1.4469,Normal,50.0,batch_5,1.0703999999999994,18.075726195932543,-0.30947598188132375,36.46092837374641,36.77040435562773,False,False,False,-4.328026195932543,4.328026195932543,0.06615141286817759,False,VERY_LOW,POINT_BELOW_LIMIT
C08180,L5,FPGA,125.89,1.081,11.4046,12.6489,16.9842,58.0325,1.1776,1.3197,1.8398,8.2339,Absolute_Failure,50.0,batch_5,1.244299999999999,19.30135718708513,0.9161550092712645,37.686559364899,36.77040435562773,False,False,True,38.73114281291487,38.73114281291487,0.17496806596855818,False,LOW,POINT_BELOW_LIMIT
C08181,L5,FPGA,125.05,1.103,11.386,12.1126,12.8334,14.4049,1.1572,1.2762,1.3258,1.5104,Normal,50.0,batch_5,0.7266000000000012,17.277572782638885,-1.1076293951749818,35.66277496045275,36.77040435562773,False,False,False,-2.872672782638885,2.872672782638885,0.2045640859789816,False,LOW,POINT_BELOW_LIMIT
C08182,L5,FPGA,125.06,1.124,11.7292,12.5324,13.0532,14.1337,1.2212,1.3258,1.3805,1.5002,Normal,50.0,batch_5,0.8032000000000004,17.603753756845233,-0.7814484209686334,35.9889559346591,36.77040435562773,False,False,False,-3.4700537568452337,3.4700537568452337,0.08805120703469069,False,VERY_LOW,POINT_BELOW_LIMIT
C08183,L5,ADC,124.45,1.812,11.8229,13.8485,17.4803,22.4733,1.1493,1.4568,1.9025,2.5348,Latent_Defect,50.0,batch_5,2.025599999999999,44.31865288214284,25.933450704328976,62.70385505995671,36.77040435562773,False,True,False,-21.845352882142844,21.845352882142844,0.8851068338277941,True,HIGH,POINT_BELOW_LIMIT
C08184,L5,DAC,125.52,1.792,12.0993,13.8464,17.8813,21.6899,1.2615,1.4422,1.9686,2.4594,Latent_Defect,50.0,batch_5,1.7470999999999997,38.096948785588,19.71174660777413,56.482150963401864,36.77040435562773,False,True,False,-16.407048785587996,16.407048785587996,0.7199300451771221,True,MEDIUM,POINT_BELOW_LIMIT
C08185,L5,FPGA,124.69,1.121,11.4291,12.329,13.2375,14.9425,1.2175,1.2854,1.3846,1.609,Normal,50.0,batch_5,0.8999000000000006,16.82821163897215,-1.556990538841717,35.213413816786016,36.77040435562773,False,False,False,-1.8857116389721487,1.8857116389721487,0.10380115391144805,False,VERY_LOW,POINT_BELOW_LIMIT
C08186,L5,ASIC,123.3,1.202,11.8558,12.3861,13.2975,14.3712,1.2095,1.2819,1.3723,1.5609,Normal,50.0,batch_5,0.5303000000000004,15.641543484861288,-2.743658692952579,34.026745662675154,36.77040435562773,False,False,False,-1.2703434848612876,1.2703434848612876,0.06707272816697371,False,VERY_LOW,POINT_BELOW_LIMIT
C08187,L5,FPGA,124.5,1.081,11.7579,12.9356,13.752,14.874,1.236,1.401,1.4397,1.5651,Normal,50.0,batch_5,1.1777000000000015,21.01704597177128,2.6318437939574153,39.40224814958515,36.77040435562773,False,False,False,-6.143045971771281,6.143045971771281,0.36037018531019427,False,LOW,POINT_BELOW_LIMIT
C08188,L5,ASIC,124.27,1.219,11.4857,12.7406,13.5753,14.1634,1.1868,1.3104,1.4471,1.5045,Normal,50.0,batch_5,1.254900000000001,23.818937356051595,5.433735178237729,42.20413953386546,36.77040435562773,False,False,False,-9.655537356051596,9.655537356051596,0.2419332675726032,False,LOW,POINT_BELOW_LIMIT
C08189,L5,ASIC,123.25,1.205,11.2125,11.3644,11.3319,11.7054,1.1671,1.1991,1.1823,1.2423,High_Stable,50.0,batch_5,0.15189999999999948,18.694400648710307,0.30919847089644037,37.07960282652417,36.77040435562773,False,False,False,-6.989000648710308,6.989000648710308,0.1934039344074509,False,LOW,POINT_BELOW_LIMIT
C08190,L5,DAC,124.76,1.797,11.8801,12.7605,13.0955,14.0535,1.2011,1.3593,1.3729,1.512,Normal,50.0,batch_5,0.8803999999999998,17.11364355099204,-1.2715586268218253,35.498845728805904,36.77040435562773,False,False,False,-3.0601435509920414,3.0601435509920414,0.11766044598103421,False,VERY_LOW,POINT_BELOW_LIMIT
C08191,L5,ADC,123.67,1.795,11.4002,12.4961,13.2643,14.2573,1.1365,1.3182,1.3971,1.4986,Normal,50.0,batch_5,1.0959000000000003,21.583701108730157,3.1984989309162906,39.96890328654402,36.77040435562773,False,False,False,-7.326401108730156,7.326401108730156,0.3182291951516273,False,LOW,POINT_BELOW_LIMIT
C08192,L5,ASIC,125.28,1.164,11.9344,12.553,13.0468,14.1642,1.2511,1.3605,1.3891,1.4982,Normal,50.0,batch_5,0.6186000000000007,17.805049281349223,-0.580152896464643,36.19025145916309,36.77040435562773,False,False,False,-3.640849281349224,3.640849281349224,0.06471026473526474,False,VERY_LOW,POINT_BELOW_LIMIT
C08193,L5,DAC,123.98,1.824,11.8891,12.5971,13.0749,13.1866,1.2673,1.2618,1.3487,1.4117,Normal,50.0,batch_5,0.7080000000000002,18.729029177777782,0.3438269999639161,37.11423135559165,36.77040435562773,False,False,False,-5.542429177777782,5.542429177777782,0.1340878391048535,False,VERY_LOW,POINT_BELOW_LIMIT
C08194,L5,ASIC,125.98,1.217,11.9646,13.9107,19.1932,50.4808,1.2763,1.499,2.1145,6.8755,Absolute_Failure,50.0,batch_5,1.9460999999999995,38.09030627440478,19.705104096590915,56.47550845221865,36.77040435562773,False,True,True,12.39049372559522,12.39049372559522,0.7534176192518678,True,HIGH,POINT_BELOW_LIMIT
C08195,L5,FPGA,123.86,1.069,11.4576,12.5769,13.7494,14.981,1.1873,1.2933,1.4257,1.5654,Normal,50.0,batch_5,1.1193000000000008,21.151622880654777,2.766420702840911,39.536825058468644,36.77040435562773,False,False,False,-6.170622880654777,6.170622880654777,0.2703321470187129,False,LOW,POINT_BELOW_LIMIT
C08196,L5,FPGA,125.56,1.109,11.6002,13.0123,14.7609,21.5066,1.2448,1.3772,1.5794,2.3929,Latent_Defect,50.0,batch_5,1.4121000000000006,26.947988100216424,8.562785922402558,45.33319027803029,36.77040435562773,False,False,False,-5.441388100216425,5.441388100216425,0.4255721833329617,False,MEDIUM,POINT_BELOW_LIMIT
C08197,L5,ADC,124.85,1.806,12.0792,12.4975,14.0116,15.0544,1.265,1.328,1.4782,1.6317,Normal,50.0,batch_5,0.41830000000000034,17.43465174533729,-0.9505504324765752,35.81985392315116,36.77040435562773,False,False,False,-2.380251745337292,2.380251745337292,0.014423520923520923,False,VERY_LOW,POINT_BELOW_LIMIT
C08198,L5,ASIC,124.88,1.196,11.3975,12.5651,12.9382,15.0434,1.1853,1.3489,1.3821,1.615,Normal,50.0,batch_5,1.1675999999999984,21.393469694303466,3.0082675164895996,39.77867187211733,36.77040435562773,False,False,False,-6.350069694303466,6.350069694303466,0.18304213731744678,False,LOW,POINT_BELOW_LIMIT
C08199,L5,FPGA,125.16,1.102,11.4499,12.5856,13.2539,13.7694,1.2539,1.3114,1.4606,1.425,Normal,50.0,batch_5,1.1357,19.60772197110597,1.2225197932921041,37.99292414891984,36.77040435562773,False,False,False,-5.838321971105971,5.838321971105971,0.11594204377747856,False,VERY_LOW,POINT_BELOW_LIMIT
C08200,L5,ADC,125.78,1.801,11.8181,13.045,14.2105,15.6595,1.2298,1.3929,1.5088,1.7091,Normal,50.0,batch_5,1.2269000000000005,20.528343861706354,2.1431416838924875,38.91354603952022,36.77040435562773,False,False,False,-4.868843861706354,4.868843861706354,0.29546671890116516,False,LOW,POINT_BELOW_LIMIT
C08201,L5,DAC,125.2,1.791,11.5153,12.7006,16.6035,22.2093,1.1985,1.3524,1.8007,2.4862,Latent_Defect,50.0,batch_5,1.1852999999999998,19.19345034283426,0.8082481650203945,37.57865252064813,36.77040435562773,False,False,False,3.015849657165738,3.015849657165738,0.1718522026081186,False,LOW,POINT_BELOW_LIMIT
C08202,L5,ADC,123.85,1.786,11.9662,13.5243,17.328,22.2779,1.2084,1.4568,1.9319,2.5049,Latent_Defect,50.0,batch_5,1.5580999999999996,36.62090369940474,18.235701521590876,55.00610587721861,36.77040435562773,False,True,False,-14.343003699404743,14.343003699404743,0.5689925860070443,True,MEDIUM,POINT_BELOW_LIMIT
C08203,L5,ADC,122.94,1.783,11.9417,12.5658,12.9223,13.6677,1.2204,1.3334,1.3315,1.4153,Normal,50.0,batch_5,0.6240999999999985,19.780661634767306,1.3954594569534393,38.16586381258117,36.77040435562773,False,False,False,-6.112961634767306,6.112961634767306,0.18035570317793354,False,LOW,POINT_BELOW_LIMIT
C08204,L5,ASIC,125.07,1.189,11.4328,11.381,12.1923,13.4432,1.1866,1.2027,1.2839,1.4271,Normal,50.0,batch_5,-0.05180000000000007,11.892946978869045,-6.492255198944822,30.27814915668291,36.77040435562773,False,False,False,1.5502530211309544,1.5502530211309544,0.017586324786324783,False,VERY_LOW,POINT_BELOW_LIMIT
C08205,L5,ASIC,124.02,1.205,12.1162,13.3123,13.9096,15.0958,1.2628,1.4418,1.4751,1.5986,Normal,50.0,batch_5,1.1961000000000013,21.292784036309534,2.907581858495668,39.6779862141234,36.77040435562773,False,False,False,-6.196984036309534,6.196984036309534,0.14029171775542862,False,VERY_LOW,POINT_BELOW_LIMIT
C08206,L5,ADC,124.2,1.813,11.1761,13.2483,20.0006,51.3878,1.1219,1.3967,2.1929,7.0123,Absolute_Failure,50.0,batch_5,2.0722000000000005,49.8237399952228,31.438537817408935,68.20894217303666,36.770404355627726,False,True,True,1.5640600047771969,1.5640600047771969,0.9438141127739257,True,HIGH,POINT_BELOW_LIMIT
C08207,L5,ADC,126.37,1.783,11.8714,13.0803,15.8025,40.0935,1.2719,1.3966,1.7321,5.0739,Sudden_Anomaly,50.0,batch_5,1.2088999999999999,22.081980488690483,3.696778310876617,40.46718266650435,36.77040435562773,False,False,False,18.011519511309515,18.011519511309515,0.3388586776666227,False,LOW,POINT_BELOW_LIMIT
C08208,L5,ADC,126.18,1.808,11.4349,12.3833,13.2007,13.8982,1.1914,1.3028,1.3557,1.5372,Normal,50.0,batch_5,0.9483999999999995,23.825479673313502,5.440277495499636,42.21068185112737,36.77040435562773,False,False,False,-9.927279673313503,9.927279673313503,0.3906424098779511,False,LOW,POINT_BELOW_LIMIT
C08209,L5,FPGA,125.97,1.102,11.7113,12.6431,13.6176,13.7933,1.2166,1.3225,1.4644,1.4594,Normal,50.0,batch_5,0.9318000000000008,16.51586206775793,-1.869340110055937,34.901064245571796,36.77040435562773,False,False,False,-2.722562067757929,2.722562067757929,0.08880369271251624,False,VERY_LOW,POINT_BELOW_LIMIT
C08210,L5,ADC,124.17,1.814,12.2831,12.3609,12.411,12.5446,1.3547,1.2973,1.2812,1.3269,High_Stable,50.0,batch_5,0.07780000000000165,13.317886427227629,-5.067315750586237,31.703088605041494,36.77040435562773,False,False,False,-0.7732864272276281,0.7732864272276281,0.011673809523809524,False,VERY_LOW,POINT_BELOW_LIMIT
C08211,L5,ASIC,126.26,1.195,11.4959,12.7768,15.5228,37.3916,1.1701,1.3499,1.6447,4.6758,Sudden_Anomaly,50.0,batch_5,1.280899999999999,24.75583522777986,6.370633049965992,43.14103740559372,36.77040435562773,False,False,False,12.635764772220138,12.635764772220138,0.34354413614458684,False,LOW,POINT_BELOW_LIMIT
C08212,L5,ADC,124.69,1.786,11.8391,12.8092,13.7847,14.3628,1.2228,1.3247,1.5014,1.5349,Normal,50.0,batch_5,0.9701000000000004,16.655395955555573,-1.7298062222582935,35.04059813336944,36.77040435562773,False,False,False,-2.292595955555573,2.292595955555573,0.05578358308358309,False,VERY_LOW,POINT_BELOW_LIMIT
C08213,L5,ADC,125.03,1.822,12.252,13.2318,13.5881,14.6824,1.3323,1.3775,1.4121,1.5455,Normal,50.0,batch_5,0.9797999999999991,20.754434149107166,2.369231971293299,39.139636326921035,36.77040435562773,False,False,False,-6.072034149107166,6.072034149107166,0.14263280111701157,False,VERY_LOW,POINT_BELOW_LIMIT
C08214,L5,FPGA,123.85,1.101,11.2514,11.4556,12.2398,12.5329,1.1663,1.2023,1.2448,1.2918,Normal,50.0,batch_5,0.20420000000000016,19.560481138789704,1.175278960975838,37.94568331660357,36.77040435562773,False,False,False,-7.027581138789705,7.027581138789705,0.1839219413226773,False,LOW,POINT_BELOW_LIMIT
C08215,L5,FPGA,125.72,1.095,11.0955,12.3996,19.3365,54.1865,1.1665,1.3041,2.1295,7.487,Absolute_Failure,50.0,batch_5,1.3041,29.99879479286615,11.613592615052283,48.383996970680016,36.77040435562773,False,False,True,24.187705207133853,24.187705207133853,0.3945915343983327,False,LOW,POINT_BELOW_LIMIT
C08216,L5,ASIC,125.6,1.193,11.7442,11.9734,12.0883,11.9428,1.2359,1.2334,1.254,1.2095,High_Stable,50.0,batch_5,0.22920000000000051,14.036070777335853,-4.349131400478013,32.42127295514972,36.77040435562773,False,False,False,-2.093270777335853,2.093270777335853,0.025996608946608945,False,VERY_LOW,POINT_BELOW_LIMIT
C08217,L5,FPGA,125.75,1.09,11.8077,12.4186,15.3514,40.2368,1.2329,1.3138,1.6693,5.1137,Sudden_Anomaly,50.0,batch_5,0.6108999999999991,17.05852050169775,-1.3266816761161166,35.443722679511616,36.77040435562773,False,False,False,23.178279498302253,23.178279498302253,0.10646875339815506,False,VERY_LOW,POINT_BELOW_LIMIT
C08218,L5,ASIC,127.07,1.196,11.1423,11.5618,12.2819,13.6896,1.1912,1.2036,1.3096,1.4173,Normal,50.0,batch_5,0.4194999999999993,15.637653077786801,-2.747549100027065,34.02285525560067,36.77040435562773,False,False,False,-1.9480530777868008,1.9480530777868008,0.04673212898212898,False,VERY_LOW,POINT_BELOW_LIMIT
C08219,L5,ASIC,124.77,1.204,11.4851,12.0763,13.1954,13.4713,1.2302,1.2482,1.3758,1.4479,Normal,50.0,batch_5,0.5912000000000006,17.790883973737376,-0.5943182040764903,36.176086151551246,36.77040435562773,False,False,False,-4.319583973737377,4.319583973737377,0.13585637140637136,False,VERY_LOW,POINT_BELOW_LIMIT
C08220,L5,ADC,124.04,1.772,12.193,13.4071,18.233,22.3994,1.2943,1.4367,2.0017,2.5243,Latent_Defect,50.0,batch_5,1.2141000000000002,21.939665437932902,3.554463260119036,40.32486761574677,36.77040435562773,False,False,False,0.45973456206709784,0.45973456206709784,0.1319305070815709,False,VERY_LOW,POINT_BELOW_LIMIT
C08221,L5,FPGA,124.99,1.091,10.6656,11.6472,13.0354,25.7456,1.1125,1.2026,1.321,2.9453,Sudden_Anomaly,50.0,batch_5,0.9816000000000003,14.626979588341458,-3.7582225894724086,33.01218176615532,36.77040435562773,False,False,False,11.118620411658542,11.118620411658542,0.09440873799521712,False,VERY_LOW,POINT_BELOW_LIMIT
C08222,L5,DAC,125.32,1.778,12.6173,12.683,12.5978,13.0438,1.2802,1.3572,1.3643,1.4104,High_Stable,50.0,batch_5,0.06569999999999965,13.823248251854402,-4.561953925959465,32.20845042966827,36.77040435562773,False,False,False,-0.7794482518544026,0.7794482518544026,0.03362718115218115,False,VERY_LOW,POINT_BELOW_LIMIT
C08223,L5,FPGA,124.94,1.099,11.4043,11.6766,11.8435,11.8889,1.1884,1.2574,1.2531,1.2751,High_Stable,50.0,batch_5,0.2723000000000013,16.402757928571415,-1.9824442492424517,34.787960106385285,36.77040435562773,False,False,False,-4.513857928571415,4.513857928571415,0.10335853824538035,False,VERY_LOW,POINT_BELOW_LIMIT
C08224,L5,ASIC,124.75,1.195,10.6417,11.169,11.2365,12.3021,1.1018,1.1748,1.1696,1.3319,Normal,50.0,batch_5,0.5273000000000003,15.69241588719337,-2.6927862906204965,34.077618065007236,36.77040435562773,False,False,False,-3.3903158871933705,3.3903158871933705,0.06157788846000922,False,VERY_LOW,POINT_BELOW_LIMIT
C08225,L5,ASIC,124.23,1.181,10.6668,11.9902,15.1243,19.7052,1.1472,1.2408,1.6411,2.2041,Latent_Defect,50.0,batch_5,1.3233999999999995,27.92302052261349,9.537818344799625,46.30822270042736,36.77040435562773,False,False,False,-8.21782052261349,8.21782052261349,0.31861677273686745,False,LOW,POINT_BELOW_LIMIT
C08226,L5,ASIC,124.65,1.212,10.8931,11.6539,11.9747,12.3754,1.0849,1.1919,1.2926,1.3004,Normal,50.0,batch_5,0.7607999999999997,19.744014060840556,1.3588118830266893,38.12921623865442,36.77040435562773,False,False,False,-7.368614060840555,7.368614060840555,0.23751239486360284,False,LOW,POINT_BELOW_LIMIT
C08227,L5,FPGA,125.56,1.109,10.8376,11.0921,12.1856,13.5954,1.1127,1.1436,1.2774,1.4192,Normal,50.0,batch_5,0.25450000000000017,14.351673992947138,-4.033528184866729,32.73687617076101,36.77040435562773,False,False,False,-0.756273992947138,0.756273992947138,0.04829511625404121,False,VERY_LOW,POINT_BELOW_LIMIT
C08228,L5,ADC,125.32,1.806,12.3101,12.6685,13.0452,13.3103,1.2784,1.3064,1.3792,1.4047,Normal,50.0,batch_5,0.3583999999999996,16.76828472400211,-1.6169174538117552,35.15348690181598,36.77040435562773,False,False,False,-3.4579847240021113,3.4579847240021113,0.08323537491919844,False,VERY_LOW,POINT_BELOW_LIMIT
C08229,L5,FPGA,125.89,1.104,11.7388,13.0238,13.398,14.9202,1.2115,1.4212,1.41,1.6377,Normal,50.0,batch_5,1.2850000000000001,27.478583527976188,9.093381350162321,45.86378570579005,36.77040435562773,False,False,False,-12.558383527976188,12.558383527976188,0.49299107946550835,False,MEDIUM,POINT_BELOW_LIMIT
C08230,L5,ADC,126.09,1.828,12.3753,13.6704,15.7021,19.7092,1.3452,1.4437,1.685,2.2273,Latent_Defect,50.0,batch_5,1.2951000000000015,26.847638180212844,8.462436002398977,45.232840358026706,36.77040435562773,False,False,False,-7.1384381802128445,7.1384381802128445,0.44333325617732977,False,MEDIUM,POINT_BELOW_LIMIT
C08231,L5,ADC,124.26,1.82,12.4058,12.655,12.7882,13.1822,1.3476,1.3493,1.3446,1.3816,High_Stable,50.0,batch_5,0.2492000000000001,14.004479208234123,-4.380722969579743,32.38968138604799,36.77040435562773,False,False,False,-0.8222792082341233,0.8222792082341233,0.03366414141414141,False,VERY_LOW,POINT_BELOW_LIMIT
C08232,L5,ADC,124.17,1.795,11.5175,11.9101,13.1177,14.5191,1.2008,1.2353,1.3694,1.5176,Normal,50.0,batch_5,0.39259999999999984,14.982640785333125,-3.4025613924807416,33.36784296314699,36.77040435562773,False,False,False,-0.4635407853331248,0.4635407853331248,0.01123304502515029,False,VERY_LOW,POINT_BELOW_LIMIT
C08233,L5,ADC,124.69,1.806,11.3361,13.0046,16.0177,51.4938,1.1992,1.3752,1.7166,7.0138,Absolute_Failure,50.0,batch_5,1.6684999999999999,39.10883087599208,20.723628698178217,57.49403305380595,36.77040435562773,False,True,True,12.384969124007917,12.384969124007917,0.759132305107932,True,HIGH,POINT_BELOW_LIMIT
C08234,L5,ASIC,125.2,1.186,11.3802,12.4264,17.5686,24.5611,1.1585,1.2813,1.893,2.8283,Latent_Defect,50.0,batch_5,1.046199999999999,17.46475842797619,-0.920443749837677,35.84996060579006,36.77040435562773,False,False,False,7.09634157202381,7.09634157202381,0.17883047705812677,False,LOW,POINT_BELOW_LIMIT
C08235,L5,ASIC,125.32,1.186,11.2102,12.0695,12.7782,13.3025,1.1775,1.2679,1.3507,1.424,Normal,50.0,batch_5,0.8592999999999993,17.75887440380036,-0.6263277740135074,36.14407658161423,36.77040435562773,False,False,False,-4.456374403800359,4.456374403800359,0.062121430421430424,False,VERY_LOW,POINT_BELOW_LIMIT
C08236,L5,ADC,125.37,1.802,11.7663,13.0219,13.4689,14.2063,1.2719,1.3757,1.4545,1.4862,Normal,50.0,batch_5,1.2556000000000012,20.31306240833331,1.9278602305194426,38.698264586147175,36.77040435562773,False,False,False,-6.106762408333308,6.106762408333308,0.29621409165220425,False,LOW,POINT_BELOW_LIMIT
C08237,L5,DAC,124.9,1.8,12.5503,13.1661,13.851,14.7484,1.3218,1.3855,1.4852,1.5797,Normal,50.0,batch_5,0.6158000000000001,16.12346528929006,-2.2617368885238065,34.508667467103926,36.77040435562773,False,False,False,-1.3750652892900597,1.3750652892900597,0.00931169590643275,False,VERY_LOW,POINT_BELOW_LIMIT
C08238,L5,FPGA,125.04,1.093,11.6297,12.8484,13.8247,14.606,1.198,1.3312,1.4887,1.5669,Normal,50.0,batch_5,1.2187000000000001,18.661194982539687,0.27599280472582066,37.04639716035355,36.77040435562773,False,False,False,-4.055194982539687,4.055194982539687,0.10313758157906762,False,VERY_LOW,POINT_BELOW_LIMIT
C08239,L5,ASIC,125.14,1.194,11.4129,12.2263,12.5631,13.2502,1.2033,1.2665,1.3065,1.3815,Normal,50.0,batch_5,0.8133999999999997,18.282534609681985,-0.10266756813188138,36.667736787495855,36.77040435562773,False,False,False,-5.032334609681985,5.032334609681985,0.1157664319918011,False,VERY_LOW,POINT_BELOW_LIMIT
C08240,L5,FPGA,126.45,1.093,11.798,12.1644,12.2459,12.4933,1.2408,1.2959,1.2471,1.2886,High_Stable,50.0,batch_5,0.3664000000000005,14.56291108893678,-3.822291088877087,32.948113266750646,36.77040435562773,False,False,False,-2.06961108893678,2.06961108893678,0.06959625334283431,False,VERY_LOW,POINT_BELOW_LIMIT
C08241,L5,FPGA,126.2,1.097,12.2618,13.2777,13.9355,15.0883,1.3124,1.4013,1.4647,1.6253,Normal,50.0,batch_5,1.0159000000000002,21.091183592063498,2.7059814142496315,39.47638576987737,36.77040435562773,False,False,False,-6.0028835920634975,6.0028835920634975,0.21156827465956213,False,LOW,POINT_BELOW_LIMIT
C08242,L5,ASIC,126.0,1.225,11.2576,11.5854,12.6403,13.3426,1.1532,1.224,1.3047,1.4003,Normal,50.0,batch_5,0.32779999999999987,14.49557355238094,-3.889628625432927,32.880775730194806,36.77040435562773,False,False,False,-1.1529735523809403,1.1529735523809403,0.06501466714870809,False,VERY_LOW,POINT_BELOW_LIMIT
C08243,L5,ASIC,125.38,1.194,11.8399,12.4689,12.675,13.501,1.2231,1.3428,1.2984,1.4217,Normal,50.0,batch_5,0.6289999999999996,16.54081566544567,-1.844386512368196,34.92601784325954,36.77040435562773,False,False,False,-3.039815665445671,3.039815665445671,0.05122983993131052,False,VERY_LOW,POINT_BELOW_LIMIT
C08244,L5,ADC,125.35,1.8,11.66,12.7953,13.5693,15.2371,1.2043,1.3422,1.4361,1.617,Normal,50.0,batch_5,1.135299999999999,18.170177651785714,-0.21502452602815225,36.55537982959958,36.77040435562773,False,False,False,-2.9330776517857142,2.9330776517857142,0.15740159727785108,False,LOW,POINT_BELOW_LIMIT
C08245,L5,FPGA,124.08,1.107,11.6751,12.1339,13.0003,14.7531,1.1935,1.3344,1.3735,1.5845,Normal,50.0,batch_5,0.4588000000000001,16.37260019618348,-2.012601981630386,34.75780237399735,36.77040435562773,False,False,False,-1.6195001961834805,1.6195001961834805,0.23445958769478026,False,LOW,POINT_BELOW_LIMIT
C08246,L5,ASIC,124.72,1.206,11.0606,11.9668,12.5612,14.2998,1.1716,1.2118,1.3096,1.4926,Normal,50.0,batch_5,0.9061999999999983,16.785285445794255,-1.5999167320196115,35.170487623608125,36.77040435562773,False,False,False,-2.4854854457942555,2.4854854457942555,0.07971676614018523,False,VERY_LOW,POINT_BELOW_LIMIT
C08247,L5,FPGA,124.36,1.116,11.4806,11.8806,11.9682,12.9478,1.2393,1.2431,1.2916,1.3621,Normal,50.0,batch_5,0.3999999999999986,15.587831955375181,-2.797370222438685,33.973034133189046,36.77040435562773,False,False,False,-2.6400319553751803,2.6400319553751803,0.07228955488955488,False,VERY_LOW,POINT_BELOW_LIMIT
C08248,L5,DAC,124.17,1.807,12.3458,13.5092,17.8462,25.8659,1.2688,1.4155,1.996,2.9776,Latent_Defect,50.0,batch_5,1.1633999999999993,20.282028555654758,1.8968263778408918,38.66723073346863,36.77040435562773,False,False,False,5.583871444345242,5.583871444345242,0.1275832440520548,False,VERY_LOW,POINT_BELOW_LIMIT
C08249,L5,DAC,125.54,1.797,11.5069,12.3386,14.0281,38.8012,1.2119,1.2603,1.5051,4.8523,Sudden_Anomaly,50.0,batch_5,0.8316999999999997,17.638047528869055,-0.7471546489448109,36.02324970668292,36.77040435562773,False,False,False,21.163152471130946,21.163152471130946,0.07645605257913445,False,VERY_LOW,POINT_BELOW_LIMIT
C08250,L5,FPGA,125.13,1.098,11.8337,12.8831,14.009,14.5175,1.2079,1.3571,1.4716,1.5202,Normal,50.0,batch_5,1.0494000000000003,18.289964887323773,-0.09523729049009333,36.67516706513764,36.77040435562773,False,False,False,-3.772464887323773,3.772464887323773,0.17874277582535134,False,LOW,POINT_BELOW_LIMIT
C08251,L5,ASIC,125.32,1.21,11.1726,12.2954,13.2039,13.4341,1.2021,1.2947,1.4126,1.434,Normal,50.0,batch_5,1.1228000000000016,17.409811630853174,-0.9753905469606927,35.795013808667036,36.77040435562773,False,False,False,-3.975711630853173,3.975711630853173,0.03051818652362131,False,VERY_LOW,POINT_BELOW_LIMIT
C08252,L5,ASIC,125.59,1.222,11.1023,12.0752,13.3039,13.994,1.1451,1.2716,1.3876,1.4879,Normal,50.0,batch_5,0.972900000000001,16.547870098611114,-1.8373320792027528,34.93307227642498,36.77040435562773,False,False,False,-2.553870098611114,2.553870098611114,0.19923843980478442,False,LOW,POINT_BELOW_LIMIT
C08253,L5,ASIC,124.36,1.194,11.4372,12.757,13.8564,15.0966,1.1682,1.3312,1.4834,1.5998,Normal,50.0,batch_5,1.319799999999999,28.624386794345252,10.239184616531386,47.00958897215912,36.77040435562773,False,False,False,-13.527786794345252,13.527786794345252,0.37771329494117545,False,LOW,POINT_BELOW_LIMIT
C08254,L5,ASIC,125.78,1.193,11.7412,12.2348,12.7101,14.0604,1.2577,1.2635,1.3183,1.5214,Normal,50.0,batch_5,0.4936000000000007,15.752691858531735,-2.6325103192821313,34.1378940363456,36.77040435562773,False,False,False,-1.6922918585317355,1.6922918585317355,0.04651515706515706,False,VERY_LOW,POINT_BELOW_LIMIT
C08255,L5,FPGA,127.11,1.084,11.8253,11.823,11.8891,12.0122,1.2348,1.2414,1.2342,1.1998,High_Stable,50.0,batch_5,-0.0022999999999999687,12.598160354166675,-5.787041823647192,30.98336253198054,36.77040435562773,False,False,False,-0.5859603541666747,0.5859603541666747,0.014978535353535351,False,VERY_LOW,POINT_BELOW_LIMIT
C08256,L5,DAC,125.95,1.804,11.9722,12.4705,12.6344,14.1773,1.2483,1.3384,1.3474,1.5276,Normal,50.0,batch_5,0.49829999999999863,16.65411200605159,-1.7310901717622755,35.03931418386546,36.77040435562773,False,False,False,-2.47681200605159,2.47681200605159,0.07027790461172814,False,VERY_LOW,POINT_BELOW_LIMIT
C08257,L5,ADC,123.54,1.779,11.3918,11.8243,12.577,13.7151,1.2354,1.2168,1.2971,1.4639,Normal,50.0,batch_5,0.4324999999999992,16.966519610119043,-1.4186825676948231,35.35172178793291,36.77040435562773,False,False,False,-3.2514196101190436,3.2514196101190436,0.13598992201468985,False,VERY_LOW,POINT_BELOW_LIMIT
C08258,L5,DAC,124.31,1.826,12.2387,12.9783,13.3508,14.6412,1.2667,1.3785,1.4575,1.5423,Normal,50.0,batch_5,0.7396000000000011,17.978263038194445,-0.4069391396194213,36.36346521600831,36.77040435562773,False,False,False,-3.3370630381944455,3.3370630381944455,0.12640942178736295,False,VERY_LOW,POINT_BELOW_LIMIT
C08259,L5,ASIC,124.61,1.221,11.2723,12.3825,12.8441,13.631,1.1533,1.292,1.3134,1.3991,Normal,50.0,batch_5,1.1102000000000007,19.49479579032288,1.1095936125090127,37.87999796813675,36.77040435562773,False,False,False,-5.863795790322879,5.863795790322879,0.19441276330346186,False,LOW,POINT_BELOW_LIMIT
C08260,L5,ASIC,124.87,1.221,11.828,12.8464,14.2185,15.4671,1.2435,1.3458,1.522,1.6592,Normal,50.0,batch_5,1.0183999999999997,18.020330053174597,-0.36487212463926966,36.40553223098846,36.77040435562773,False,False,False,-2.5532300531745964,2.5532300531745964,0.07689552598817306,False,VERY_LOW,POINT_BELOW_LIMIT
C08261,L5,FPGA,125.6,1.087,12.0091,12.6094,12.8294,14.251,1.2297,1.3548,1.3352,1.5128,Normal,50.0,batch_5,0.6003000000000007,19.329832639102573,0.9446304612887069,37.71503481691644,36.77040435562773,False,False,False,-5.078832639102574,5.078832639102574,0.15696323064059972,False,LOW,POINT_BELOW_LIMIT
C08262,L5,DAC,125.43,1.785,11.7654,12.6062,14.8832,21.5912,1.2834,1.3122,1.5952,2.4435,Latent_Defect,50.0,batch_5,0.8407999999999998,18.50470393462302,0.11950175680915365,36.88990611243689,36.77040435562773,False,False,False,3.0864960653769806,3.0864960653769806,0.11338563541721436,False,VERY_LOW,POINT_BELOW_LIMIT
C08263,L5,ADC,124.63,1.789,11.6719,12.5969,14.0086,15.105,1.1956,1.275,1.4929,1.611,Normal,50.0,batch_5,0.9249999999999989,20.3937808126984,2.0085786348845325,38.77898299051226,36.77040435562773,False,False,False,-5.288780812698398,5.288780812698398,0.151457480605872,False,LOW,POINT_BELOW_LIMIT
C08264,L5,ASIC,125.62,1.182,11.572,12.0194,12.8977,12.7432,1.2174,1.2684,1.4027,1.358,Normal,50.0,batch_5,0.4474,17.40951632410714,-0.9756858537067252,35.79471850192101,36.77040435562773,False,False,False,-4.666316324107141,4.666316324107141,0.14272316578342958,False,VERY_LOW,POINT_BELOW_LIMIT
C08265,L5,FPGA,124.98,1.083,11.2912,12.1239,12.4707,13.3283,1.1652,1.2578,1.3024,1.4132,Normal,50.0,batch_5,0.8327000000000009,19.062958223214284,0.6777560454004181,37.44816040102815,36.77040435562773,False,False,False,-5.734658223214284,5.734658223214284,0.17163695944578297,False,LOW,POINT_BELOW_LIMIT
C08266,L5,DAC,124.32,1.815,11.0068,11.5534,12.1512,12.757,1.0843,1.2396,1.2983,1.3253,Normal,50.0,batch_5,0.5465999999999998,17.289408372501804,-1.0957938053120628,35.67461055031567,36.77040435562773,False,False,False,-4.532408372501804,4.532408372501804,0.09642293976270955,False,VERY_LOW,POINT_BELOW_LIMIT
C08267,L5,FPGA,126.06,1.14,11.3267,12.3422,13.1707,14.7001,1.1447,1.2781,1.3481,1.596,Normal,50.0,batch_5,1.0154999999999994,23.000313113045646,4.61511093523178,41.385515290859516,36.77040435562773,False,False,False,-8.300213113045645,8.300213113045645,0.4815842183842043,False,MEDIUM,POINT_BELOW_LIMIT
C08268,L5,FPGA,125.6,1.1,11.6346,12.3319,13.5411,33.4306,1.2611,1.3116,1.3926,4.0864,Sudden_Anomaly,50.0,batch_5,0.6972999999999985,20.484218489880963,2.0990163120670964,38.869420667694826,36.77040435562773,False,False,False,12.946381510119036,12.946381510119036,0.2418800282941957,False,LOW,POINT_BELOW_LIMIT
C08269,L5,ASIC,124.87,1.181,11.4888,11.9982,13.2848,13.7706,1.2604,1.2321,1.3852,1.4993,Normal,50.0,batch_5,0.5094000000000012,17.621090121428576,-0.7641120563852901,36.006292299242446,36.77040435562773,False,False,False,-3.8504901214285763,3.8504901214285763,0.11545609668109666,False,VERY_LOW,POINT_BELOW_LIMIT
C08270,L5,ASIC,124.93,1.19,11.0417,11.3115,11.8278,13.1431,1.1503,1.2103,1.2309,1.4033,Normal,50.0,batch_5,0.26980000000000004,17.510229969886378,-0.8749722079274882,35.89543214770025,36.77040435562773,False,False,False,-4.367129969886378,4.367129969886378,0.17139466845541346,False,LOW,POINT_BELOW_LIMIT
C08271,L5,DAC,124.33,1.818,12.1435,13.3308,14.6053,15.4169,1.2626,1.4037,1.5583,1.6447,Normal,50.0,batch_5,1.1873000000000005,17.506604702281734,-0.878597475532132,35.8918068800956,36.77040435562773,False,False,False,-2.0897047022817343,2.0897047022817343,0.05459138321259066,False,VERY_LOW,POINT_BELOW_LIMIT
C08272,L5,FPGA,126.95,1.114,12.1636,12.1133,12.1925,12.1717,1.2952,1.273,1.2943,1.2898,High_Stable,50.0,batch_5,-0.05030000000000001,13.044897897718256,-5.34030428009561,31.430100075532124,36.77040435562773,False,False,False,-0.8731978977182564,0.8731978977182564,0.022129864906335492,False,VERY_LOW,POINT_BELOW_LIMIT
C08273,L5,FPGA,123.52,1.113,11.7377,11.9388,12.2449,13.6842,1.2485,1.2586,1.2495,1.4445,Normal,50.0,batch_5,0.20110000000000028,14.422830912400796,-3.9623712654130703,32.808033090214664,36.77040435562773,False,False,False,-0.7386309124007955,0.7386309124007955,0.019899791144527983,False,VERY_LOW,POINT_BELOW_LIMIT
C08274,L5,FPGA,124.79,1.088,11.499,12.7251,13.911,15.5196,1.1948,1.3376,1.4822,1.7049,Normal,50.0,batch_5,1.2260999999999989,20.411663823115084,2.026461645301218,38.79686600092895,36.77040435562773,False,False,False,-4.892063823115084,4.892063823115084,0.12848557709060804,False,VERY_LOW,POINT_BELOW_LIMIT
C08275,L5,FPGA,125.38,1.086,11.3521,11.8116,11.8843,12.795,1.174,1.3101,1.2386,1.3734,Normal,50.0,batch_5,0.45950000000000024,18.777852892261926,0.39265071444805955,37.16305507007579,36.77040435562773,False,False,False,-5.982852892261926,5.982852892261926,0.20751136750737584,False,LOW,POINT_BELOW_LIMIT
C08276,L5,FPGA,124.5,1.1,11.1969,12.0048,12.9525,13.5277,1.2183,1.27,1.3845,1.3896,Normal,50.0,batch_5,0.8079000000000001,16.210816733333335,-2.1743854444805315,34.5960189111472,36.77040435562773,False,False,False,-2.6831167333333354,2.6831167333333354,0.08717807857216593,False,VERY_LOW,POINT_BELOW_LIMIT
C08277,L5,ADC,124.51,1.809,11.5593,12.278,13.4055,13.5526,1.1837,1.2921,1.468,1.442,Normal,50.0,batch_5,0.7187000000000001,15.031246527876986,-3.3539556499368803,33.416448705690854,36.77040435562773,False,False,False,-1.478646527876986,1.478646527876986,0.030669391719391714,False,VERY_LOW,POINT_BELOW_LIMIT
C08278,L5,FPGA,125.09,1.097,11.6029,14.5251,20.2992,61.4052,1.244,1.5343,2.2336,8.8327,Absolute_Failure,50.0,batch_5,2.9222,54.597802288383846,36.21260011056998,72.98300446619771,36.77040435562773,True,True,True,6.807397711616154,6.807397711616154,0.9930676906426905,True,HIGH,POINT_ABOVE_LIMIT
C08279,L5,FPGA,125.29,1.116,12.3024,12.4339,12.35,12.6839,1.3113,1.2698,1.2904,1.3335,High_Stable,50.0,batch_5,0.13149999999999906,13.295720924854997,-5.089481252958869,31.680923102668864,36.77040435562773,False,False,False,-0.6118209248549977,0.6118209248549977,0.016213492063492065,False,VERY_LOW,POINT_BELOW_LIMIT
C08280,L5,ASIC,125.77,1.212,11.3607,11.6033,11.8991,12.6834,1.1883,1.2307,1.2672,1.3506,Normal,50.0,batch_5,0.24260000000000126,13.647222404969334,-4.7379797728445325,32.0324245827832,36.77040435562773,False,False,False,-0.9638224049693331,0.9638224049693331,0.023151820728291316,False,VERY_LOW,POINT_BELOW_LIMIT
C08281,L5,ASIC,125.07,1.2,11.0624,11.6299,12.5165,13.3366,1.1757,1.213,1.3632,1.4058,Normal,50.0,batch_5,0.567499999999999,16.356430135701345,-2.0287720421125215,34.74163231351521,36.77040435562773,False,False,False,-3.019830135701344,3.019830135701344,0.06385850260850262,False,VERY_LOW,POINT_BELOW_LIMIT
C08282,L5,ASIC,126.21,1.198,11.7039,11.9933,12.5606,13.6624,1.2152,1.2432,1.2982,1.4064,Normal,50.0,batch_5,0.28939999999999877,16.5681192672619,-1.8170829105519672,34.953321445075765,36.77040435562773,False,False,False,-2.905719267261899,2.905719267261899,0.07963628593628594,False,VERY_LOW,POINT_BELOW_LIMIT
C08283,L5,ASIC,125.5,1.209,11.1165,11.7097,12.7164,13.2282,1.1703,1.1887,1.3191,1.4256,Normal,50.0,batch_5,0.5931999999999995,15.521981377579372,-2.863220800234494,33.90718355539324,36.77040435562773,False,False,False,-2.293781377579373,2.293781377579373,0.048038066671890194,False,VERY_LOW,POINT_BELOW_LIMIT
C08284,L5,ADC,125.81,1.793,11.9513,13.908,20.7693,51.6406,1.2762,1.494,2.3078,7.0645,Absolute_Failure,50.0,batch_5,1.9566999999999997,37.52908551259922,19.14388333478535,55.91428769041308,36.77040435562773,False,True,True,14.111514487400783,14.111514487400783,0.7384565427200778,True,MEDIUM,POINT_BELOW_LIMIT
C08285,L5,DAC,124.75,1.817,11.515,12.1205,12.715,13.9381,1.1966,1.2381,1.326,1.5059,Normal,50.0,batch_5,0.6054999999999993,17.131963159363554,-1.2532390184503122,35.51716533717742,36.77040435562773,False,False,False,-3.193863159363554,3.193863159363554,0.14326180610764777,False,VERY_LOW,POINT_BELOW_LIMIT
C08286,L5,ASIC,125.71,1.206,11.2464,11.8271,12.1883,12.637,1.1541,1.2442,1.2834,1.3382,Normal,50.0,batch_5,0.5807000000000002,15.688931831764062,-2.696270346049804,34.07413400957793,36.77040435562773,False,False,False,-3.051931831764062,3.051931831764062,0.12710014132925895,False,VERY_LOW,POINT_BELOW_LIMIT
C08287,L5,FPGA,124.42,1.102,11.7519,12.9986,15.6433,21.8758,1.2125,1.3765,1.6356,2.4402,Latent_Defect,50.0,batch_5,1.2467000000000006,22.482083693154763,4.096881515340897,40.86728587096863,36.77040435562773,False,False,False,-0.6062836931547615,0.6062836931547615,0.3829065708516578,False,LOW,POINT_BELOW_LIMIT
C08288,L5,DAC,124.82,1.815,11.5739,11.6446,11.2258,11.4528,1.1638,1.2092,1.1992,1.2082,High_Stable,50.0,batch_5,0.07070000000000043,13.471854506448416,-4.91334767136545,31.857056684262282,36.77040435562773,False,False,False,-2.019054506448416,2.019054506448416,0.06322748201349676,False,VERY_LOW,POINT_BELOW_LIMIT
C08289,L5,FPGA,125.39,1.12,11.6978,13.1614,14.224,15.6487,1.2129,1.4008,1.5628,1.6911,Normal,50.0,batch_5,1.4635999999999996,27.84485814051435,9.459655962700484,46.23006031832821,36.77040435562773,False,False,False,-12.19615814051435,12.19615814051435,0.4834566705409126,False,MEDIUM,POINT_BELOW_LIMIT
C08290,L5,DAC,124.45,1.808,12.3385,12.8861,13.0425,13.8465,1.3198,1.4059,1.3637,1.4454,Normal,50.0,batch_5,0.547600000000001,16.840943535150604,-1.5442586426632623,35.22614571296447,36.77040435562773,False,False,False,-2.9944435351506034,2.9944435351506034,0.12002703796203794,False,VERY_LOW,POINT_BELOW_LIMIT
C08291,L5,ASIC,125.23,1.186,12.0156,13.7465,17.4101,22.3007,1.2631,1.4367,1.8548,2.4928,Latent_Defect,50.0,batch_5,1.7309,37.06015119511187,18.674949017298005,55.44535337292574,36.77040435562773,False,True,False,-14.759451195111872,14.759451195111872,0.751486252456282,True,HIGH,POINT_BELOW_LIMIT
C08292,L5,ADC,125.4,1.784,11.7832,12.9507,14.1037,27.5697,1.1992,1.3904,1.531,3.2295,Sudden_Anomaly,50.0,batch_5,1.1674999999999986,22.71802386706348,4.332821689249613,41.103226044877346,36.77040435562773,False,False,False,4.851676132936522,4.851676132936522,0.3398202064294333,False,LOW,POINT_BELOW_LIMIT
C08293,L5,ASIC,124.61,1.211,11.1445,11.4442,11.9682,13.5038,1.1555,1.1602,1.277,1.4435,Normal,50.0,batch_5,0.29969999999999963,18.735877830377305,0.3506756525634387,37.12108000819117,36.77040435562773,False,False,False,-5.232077830377305,5.232077830377305,0.18729726340350233,False,LOW,POINT_BELOW_LIMIT
C08294,L5,FPGA,124.23,1.111,10.4839,11.1853,11.9784,13.1384,1.1198,1.1338,1.2707,1.3647,Normal,50.0,batch_5,0.7013999999999996,16.40786668194444,-1.9773354958694256,34.79306885975831,36.77040435562773,False,False,False,-3.26946668194444,3.26946668194444,0.15155479089312757,False,LOW,POINT_BELOW_LIMIT
C08295,L5,DAC,123.66,1.796,11.8086,12.51,13.1417,14.3071,1.222,1.3393,1.3759,1.5056,Normal,50.0,batch_5,0.7013999999999996,17.641398289186498,-0.7438038886273688,36.026600467000364,36.77040435562773,False,False,False,-3.3342982891864974,3.3342982891864974,0.12211732622382775,False,VERY_LOW,POINT_BELOW_LIMIT
C08296,L5,ADC,124.1,1.816,11.6702,13.1115,17.3941,24.6006,1.228,1.3507,1.8799,2.8049,Latent_Defect,50.0,batch_5,1.4413,34.42916894017855,16.043966762364683,52.814371117992415,36.77040435562773,False,True,False,-9.828568940178549,9.828568940178549,0.6612368287077612,True,MEDIUM,POINT_BELOW_LIMIT
C08297,L5,ASIC,126.46,1.193,11.1695,11.4179,11.8977,12.9792,1.159,1.2095,1.2117,1.3713,Normal,50.0,batch_5,0.24840000000000018,13.354680709027784,-5.030521468786082,31.73988288684165,36.77040435562773,False,False,False,-0.37548070902778363,0.37548070902778363,0.05311671898792642,False,VERY_LOW,POINT_BELOW_LIMIT
C08298,L5,FPGA,126.17,1.102,11.9752,13.0694,13.7975,14.3225,1.2652,1.3681,1.4663,1.5053,Normal,50.0,batch_5,1.0942000000000007,21.96985831666666,3.584656138852793,40.355060494480526,36.77040435562773,False,False,False,-7.64735831666666,7.64735831666666,0.2971361180342616,False,LOW,POINT_BELOW_LIMIT
C08299,L5,ASIC,123.76,1.196,11.4123,11.5114,11.6525,11.7752,1.1761,1.2275,1.1778,1.2124,High_Stable,50.0,batch_5,0.09909999999999997,13.780698201587299,-4.604503976226567,32.165900379401165,36.77040435562773,False,False,False,-2.005498201587299,2.005498201587299,0.03365887445887445,False,VERY_LOW,POINT_BELOW_LIMIT
C08300,L5,ASIC,125.41,1.183,11.5399,12.8266,15.5565,52.0876,1.2089,1.3572,1.6421,7.1144,Absolute_Failure,50.0,batch_5,1.2866999999999997,21.30682560888346,2.9216234310695945,39.692027786697324,36.77040435562773,False,False,True,30.78077439111654,30.78077439111654,0.2621222298942887,False,LOW,POINT_BELOW_LIMIT
C08301,L5,DAC,124.2,1.805,11.6484,13.6172,17.6335,24.3796,1.2182,1.388,1.9165,2.7901,Latent_Defect,50.0,batch_5,1.9687999999999999,47.71154496348299,29.326342785669127,66.09674714129686,36.77040435562773,False,True,False,-23.331944963482993,23.331944963482993,0.9093242990265298,True,HIGH,POINT_BELOW_LIMIT
C08302,L5,FPGA,125.39,1.067,11.5391,12.5596,12.8487,13.148,1.1711,1.3241,1.3387,1.3911,Normal,50.0,batch_5,1.0205000000000002,21.11087994803808,2.7256777702242125,39.49608212585194,36.77040435562773,False,False,False,-7.962879948038079,7.962879948038079,0.24306217606259653,False,LOW,POINT_BELOW_LIMIT
C08303,L5,DAC,125.19,1.799,12.0656,13.2158,16.4481,21.2853,1.2803,1.3903,1.7697,2.4215,Latent_Defect,50.0,batch_5,1.1502,20.078848127976183,1.693645950162317,38.46405030579005,36.77040435562773,False,False,False,1.2064518720238162,1.2064518720238162,0.1303278814880995,False,VERY_LOW,POINT_BELOW_LIMIT
C08304,L5,ASIC,125.23,1.216,11.6774,12.4536,12.9387,13.879,1.2497,1.3001,1.4062,1.4477,Normal,50.0,batch_5,0.7761999999999993,16.163201079310955,-2.2220010985029113,34.54840325712482,36.77040435562773,False,False,False,-2.2842010793109555,2.2842010793109555,0.04396768231768233,False,VERY_LOW,POINT_BELOW_LIMIT
C08305,L5,ADC,124.6,1.791,11.812,12.7815,16.6349,21.7872,1.2491,1.3488,1.7967,2.4356,Latent_Defect,50.0,batch_5,0.9695,15.762714720657828,-2.622487457156039,34.14791689847169,36.77040435562773,False,False,False,6.024485279342171,6.024485279342171,0.01672673539910382,False,VERY_LOW,POINT_BELOW_LIMIT
C08306,L5,FPGA,125.91,1.117,11.329,12.2198,12.9428,14.4754,1.1448,1.2275,1.3339,1.5324,Normal,50.0,batch_5,0.8907999999999987,21.045933816071408,2.660731638257541,39.43113599388528,36.77040435562773,False,False,False,-6.570533816071407,6.570533816071407,0.280124536826798,False,LOW,POINT_BELOW_LIMIT
C08307,L5,ASIC,125.89,1.22,10.9805,12.1811,16.8037,58.2491,1.1092,1.2976,1.7907,8.2508,Absolute_Failure,50.0,batch_5,1.2006000000000014,25.079617928571437,6.694415750757571,43.464820106385304,36.77040435562773,False,False,True,33.16948207142856,33.16948207142856,0.3985197736301477,False,LOW,POINT_BELOW_LIMIT
C08308,L5,DAC,124.27,1.807,12.1764,12.52,13.1621,13.7244,1.254,1.3205,1.3839,1.4578,Normal,50.0,batch_5,0.34360000000000035,15.877200681547617,-2.5080014962662496,34.26240285936149,36.77040435562773,False,False,False,-2.1528006815476175,2.1528006815476175,0.05254036927984296,False,VERY_LOW,POINT_BELOW_LIMIT
C08309,L5,FPGA,125.52,1.092,11.5559,12.8378,16.8294,24.5214,1.2091,1.3785,1.8159,2.8319,Latent_Defect,50.0,batch_5,1.2819000000000003,21.910642504761892,3.5254403269480257,40.29584468257576,36.77040435562773,False,False,False,2.610757495238108,2.610757495238108,0.23135490568255276,False,LOW,POINT_BELOW_LIMIT
C08310,L5,ASIC,124.88,1.185,11.1901,11.6031,13.0434,13.2143,1.1827,1.1811,1.3685,1.3886,Normal,50.0,batch_5,0.41300000000000026,15.043056387103174,-3.342145790710692,33.428258564917044,36.77040435562773,False,False,False,-1.8287563871031747,1.8287563871031747,0.10815408136194576,False,VERY_LOW,POINT_BELOW_LIMIT
C08311,L5,ADC,125.64,1.801,12.2291,12.8537,15.5768,42.98,1.2958,1.3317,1.6831,5.5912,Sudden_Anomaly,50.0,batch_5,0.6245999999999992,17.65144356626985,-0.7337586115440153,36.036645744083714,36.77040435562773,False,False,False,25.328556433730146,25.328556433730146,0.07261541236541237,False,VERY_LOW,POINT_BELOW_LIMIT
C08312,L5,FPGA,125.58,1.112,10.9131,11.4218,12.3629,13.5636,1.1381,1.1795,1.3018,1.4403,Normal,50.0,batch_5,0.5086999999999993,14.231775015873017,-4.153427161940849,32.616977193686886,36.77040435562773,False,False,False,-0.6681750158730182,0.6681750158730182,0.012063622584312242,False,VERY_LOW,POINT_BELOW_LIMIT
C08313,L5,ASIC,125.82,1.191,11.74,11.8931,11.7761,11.7918,1.192,1.2662,1.254,1.2401,High_Stable,50.0,batch_5,0.15310000000000024,13.556203745986657,-4.828998431827209,31.941405923800524,36.77040435562773,False,False,False,-1.764403745986657,1.764403745986657,0.02468319458319458,False,VERY_LOW,POINT_BELOW_LIMIT
C08314,L5,FPGA,125.36,1.104,11.41,12.1596,13.2149,13.7886,1.2002,1.2795,1.3721,1.4621,Normal,50.0,batch_5,0.7495999999999992,16.07917005039682,-2.3060321274170477,34.464372228210685,36.77040435562773,False,False,False,-2.290570050396818,2.290570050396818,0.07970292208651343,False,VERY_LOW,POINT_BELOW_LIMIT
C08315,L5,ASIC,124.08,1.207,10.9139,10.9997,11.1203,11.1445,1.112,1.1201,1.1802,1.1528,High_Stable,50.0,batch_5,0.08580000000000076,16.411890216459234,-1.9733119613546322,34.7970923942731,36.77040435562773,False,False,False,-5.267390216459233,5.267390216459233,0.02689072039072039,False,VERY_LOW,POINT_BELOW_LIMIT
C08316,L5,ASIC,126.35,1.229,10.9146,11.8034,19.5316,50.8883,1.1059,1.2192,2.1353,6.8769,Absolute_Failure,50.0,batch_5,0.8887999999999998,17.939894255476204,-0.4453079223376619,36.32509643329007,36.77040435562773,False,False,True,32.9484057445238,32.9484057445238,0.2862178978917064,False,LOW,POINT_BELOW_LIMIT
C08317,L5,ASIC,124.97,1.181,11.0326,11.1962,11.4072,11.2918,1.1477,1.1215,1.19,1.1983,High_Stable,50.0,batch_5,0.16359999999999886,13.063014596121944,-5.322187581691923,31.448216773935812,36.77040435562773,False,False,False,-1.7712145961219434,1.7712145961219434,0.03107586638507691,False,VERY_LOW,POINT_BELOW_LIMIT
C08318,L5,ADC,124.15,1.816,11.84,12.9869,15.0094,41.6635,1.2662,1.3589,1.6316,5.3335,Sudden_Anomaly,50.0,batch_5,1.1469000000000005,18.24567836948051,-0.1395238083333581,36.630880547294375,36.77040435562773,False,False,False,23.41782163051949,23.41782163051949,0.18010785496949713,False,LOW,POINT_BELOW_LIMIT
C08319,L5,FPGA,124.73,1.101,11.438,12.7267,20.0311,54.7794,1.2415,1.3237,2.2191,7.6073,Absolute_Failure,50.0,batch_5,1.2886999999999986,22.548471640178555,4.163269462364688,40.93367381799242,36.77040435562773,False,False,True,32.23092835982145,32.23092835982145,0.1968959226497617,False,LOW,POINT_BELOW_LIMIT
C08320,L5,DAC,124.82,1.774,11.7956,13.3859,18.1593,24.6344,1.2257,1.4116,2.0298,2.8024,Latent_Defect,50.0,batch_5,1.5902999999999992,36.02606191350111,17.640859735687243,54.411264091314976,36.77040435562773,False,True,False,-11.39166191350111,11.39166191350111,0.6653414600467111,True,MEDIUM,POINT_BELOW_LIMIT
C08321,L5,FPGA,125.89,1.103,11.6294,12.35,12.8147,14.6511,1.2349,1.2429,1.3818,1.5518,Normal,50.0,batch_5,0.7205999999999992,19.07816857383036,0.6929663960164945,37.46337075164423,36.77040435562773,False,False,False,-4.427068573830361,4.427068573830361,0.13563454747866513,False,VERY_LOW,POINT_BELOW_LIMIT
C08322,L5,FPGA,126.07,1.122,11.5785,12.2767,12.8493,14.3394,1.2614,1.3346,1.3613,1.5468,Normal,50.0,batch_5,0.6981999999999999,18.527078368353184,0.14187619053931755,36.912280546167054,36.77040435562773,False,False,False,-4.187678368353184,4.187678368353184,0.17775280173902458,False,LOW,POINT_BELOW_LIMIT
C08323,L5,FPGA,125.09,1.113,11.096,11.7344,12.2046,13.8825,1.1717,1.2463,1.2527,1.4579,Normal,50.0,batch_5,0.6384000000000007,15.403243598443234,-2.981958579370632,33.7884457762571,36.77040435562773,False,False,False,-1.520743598443234,1.520743598443234,0.053707116052162496,False,VERY_LOW,POINT_BELOW_LIMIT
C08324,L5,ADC,124.85,1.832,11.8496,13.0895,13.7899,13.7561,1.2256,1.3756,1.4394,1.4497,Normal,50.0,batch_5,1.2398999999999987,20.3195274609127,1.9343252830988327,38.70472963872656,36.77040435562773,False,False,False,-6.563427460912699,6.563427460912699,0.17441181042040174,False,LOW,POINT_BELOW_LIMIT
C08325,L5,FPGA,125.76,1.104,11.9649,13.415,16.267,24.2612,1.2999,1.4287,1.7801,2.7523,Latent_Defect,50.0,batch_5,1.450099999999999,30.84656655764475,12.461364379830883,49.231768735458616,36.77040435562773,False,False,False,-6.58536655764475,6.58536655764475,0.6220590455564774,True,MEDIUM,POINT_BELOW_LIMIT
C08326,L5,FPGA,125.17,1.087,11.117,12.2135,13.2349,14.4962,1.1377,1.2799,1.4241,1.5194,Normal,50.0,batch_5,1.096499999999999,19.26388869550552,0.878686517691655,37.64909087331939,36.77040435562773,False,False,False,-4.767688695505521,4.767688695505521,0.10952311854811851,False,VERY_LOW,POINT_BELOW_LIMIT
C08327,L5,ADC,124.86,1.785,11.9147,12.0672,12.1698,12.3927,1.2448,1.2406,1.3446,1.2975,High_Stable,50.0,batch_5,0.15249999999999986,12.67213868720237,-5.713063490611496,31.057340865016236,36.77040435562773,False,False,False,-0.2794386872023704,0.2794386872023704,0.009782905982905984,False,VERY_LOW,POINT_BELOW_LIMIT
C08328,L5,DAC,127.23,1.786,11.8299,12.282,13.6142,14.8359,1.2696,1.3232,1.404,1.6054,Normal,50.0,batch_5,0.4520999999999997,18.71232416507935,0.32712198726548536,37.09752634289322,36.77040435562773,False,False,False,-3.876424165079351,3.876424165079351,0.18388333031433635,False,LOW,POINT_BELOW_LIMIT
C08329,L5,DAC,125.26,1.817,12.5827,13.4537,13.6608,15.0264,1.3009,1.4681,1.4581,1.621,Normal,50.0,batch_5,0.8709999999999987,18.485098853759176,0.09989667594530971,36.87030103157304,36.77040435562773,False,False,False,-3.4586988537591754,3.4586988537591754,0.11973836094283663,False,VERY_LOW,POINT_BELOW_LIMIT
C08330,L5,FPGA,126.3,1.093,10.9827,11.8372,17.1017,24.7289,1.1493,1.2562,1.8737,2.831,Latent_Defect,50.0,batch_5,0.8544999999999998,17.544043815376977,-0.8411583624368895,35.92924599319085,36.77040435562773,False,False,False,7.184856184623023,7.184856184623023,0.2025564972005287,False,LOW,POINT_BELOW_LIMIT
C08331,L5,FPGA,125.39,1.093,11.7454,12.1261,13.1617,13.8257,1.2387,1.2714,1.3782,1.4421,Normal,50.0,batch_5,0.38069999999999915,14.488545280654737,-3.8966568971591293,32.8737474584686,36.77040435562773,False,False,False,-0.6628452806547376,0.6628452806547376,0.03356690624190624,False,VERY_LOW,POINT_BELOW_LIMIT
C08332,L5,ADC,124.48,1.791,11.6199,12.8777,15.436,31.9303,1.2328,1.3676,1.639,3.8592,Sudden_Anomaly,50.0,batch_5,1.2578000000000014,23.919790237698393,5.534588059884527,42.30499241551226,36.77040435562773,False,False,False,8.010509762301606,8.010509762301606,0.33358622409395405,False,LOW,POINT_BELOW_LIMIT
C08333,L5,DAC,124.14,1.791,11.9977,14.4286,21.8336,51.3014,1.219,1.5295,2.4423,7.0221,Absolute_Failure,50.0,batch_5,2.4308999999999994,52.44752219761897,34.06232001980511,70.83272437543283,36.770404355627726,True,True,True,-1.146122197618972,1.146122197618972,0.979164125382701,True,HIGH,POINT_ABOVE_LIMIT
C08334,L5,ASIC,126.25,1.195,11.8599,12.3964,13.3132,14.7388,1.2134,1.3019,1.3973,1.5412,Normal,50.0,batch_5,0.5365000000000002,17.30469768689713,-1.0805044909167378,35.689899864710995,36.77040435562773,False,False,False,-2.565897686897129,2.565897686897129,0.10248545893689925,False,VERY_LOW,POINT_BELOW_LIMIT
C08335,L5,DAC,125.7,1.798,11.4763,12.1637,13.1427,14.847,1.2116,1.2755,1.4244,1.592,Normal,50.0,batch_5,0.6874000000000002,17.868219884424594,-0.5169822933892725,36.25342206223846,36.77040435562773,False,False,False,-3.0212198844245943,3.0212198844245943,0.05590820290820292,False,VERY_LOW,POINT_BELOW_LIMIT
C08336,L5,FPGA,125.58,1.105,10.8041,11.4026,12.4287,12.6022,1.1219,1.2028,1.301,1.3029,Normal,50.0,batch_5,0.5984999999999996,13.941394050177522,-4.443808127636345,32.32659622799139,36.77040435562773,False,False,False,-1.3391940501775217,1.3391940501775217,0.030924986220675875,False,VERY_LOW,POINT_BELOW_LIMIT
C08337,L5,DAC,126.28,1.797,12.8552,13.5094,14.2409,14.7638,1.369,1.3986,1.5355,1.604,Normal,50.0,batch_5,0.6541999999999994,17.85945010264515,-0.5257520751687146,36.24465228045902,36.77040435562773,False,False,False,-3.095650102645152,3.095650102645152,0.07560227272727274,False,VERY_LOW,POINT_BELOW_LIMIT
C08338,L5,FPGA,124.11,1.092,11.2367,12.0224,15.7052,51.6854,1.1764,1.2271,1.7244,7.0402,Absolute_Failure,50.0,batch_5,0.7856999999999985,15.730001148115083,-2.655201029698784,34.115203325928945,36.77040435562773,False,False,True,35.95539885188492,35.95539885188492,0.09694782837299995,False,VERY_LOW,POINT_BELOW_LIMIT
C08339,L5,ADC,125.43,1.809,11.5385,12.4139,13.3322,14.0117,1.1589,1.2751,1.4084,1.4563,Normal,50.0,batch_5,0.8753999999999991,19.54937649067463,1.1641743128607622,37.9345786684885,36.77040435562773,False,False,False,-5.537676490674629,5.537676490674629,0.14649416038972168,False,VERY_LOW,POINT_BELOW_LIMIT
C08340,L5,ASIC,125.44,1.199,11.5544,12.16,13.1307,13.857,1.2176,1.3038,1.3849,1.5169,Normal,50.0,batch_5,0.6056000000000008,16.159239177649397,-2.2259630001644695,34.54444135546326,36.77040435562773,False,False,False,-2.3022391776493976,2.3022391776493976,0.04845814659197013,False,VERY_LOW,POINT_BELOW_LIMIT
C08341,L5,FPGA,124.46,1.103,11.6602,12.5222,13.8531,15.5347,1.1917,1.2944,1.4728,1.6837,Normal,50.0,batch_5,0.8620000000000001,17.843382324007916,-0.5418198538059507,36.228584501821786,36.77040435562773,False,False,False,-2.308682324007915,2.308682324007915,0.12346699865322155,False,VERY_LOW,POINT_BELOW_LIMIT
C08342,L5,ADC,124.65,1.809,12.428,13.4613,14.1378,15.5775,1.3286,1.4505,1.5035,1.684,Normal,50.0,batch_5,1.0332999999999988,20.08754863005687,1.7023464522430025,38.47275080787074,36.77040435562773,False,False,False,-4.510048630056868,4.510048630056868,0.041091932336669176,False,VERY_LOW,POINT_BELOW_LIMIT
C08343,L5,FPGA,125.9,1.096,11.0416,11.2686,11.3725,11.7249,1.1227,1.1924,1.19,1.2097,High_Stable,50.0,batch_5,0.22699999999999854,16.06509113501983,-2.3201110427940357,34.45029331283369,36.77040435562773,False,False,False,-4.340191135019831,4.340191135019831,0.036386921507611164,False,VERY_LOW,POINT_BELOW_LIMIT
C08344,L5,ASIC,122.54,1.201,11.0849,11.7177,11.8969,13.3329,1.1258,1.2592,1.258,1.3829,Normal,50.0,batch_5,0.6328000000000014,15.376852413176413,-3.008349764637453,33.76205459099028,36.77040435562773,False,False,False,-2.043952413176413,2.043952413176413,0.03898230199751939,False,VERY_LOW,POINT_BELOW_LIMIT
C08345,L5,ASIC,125.99,1.197,11.5506,12.4838,13.4453,14.1656,1.2062,1.3028,1.4307,1.5166,Normal,50.0,batch_5,0.9332000000000011,18.7030509084818,0.31784873066793295,37.088253086295666,36.77040435562773,False,False,False,-4.5374509084818,4.5374509084818,0.1632189807926179,False,LOW,POINT_BELOW_LIMIT
C08346,L5,FPGA,123.92,1.108,11.7351,13.426,21.0393,61.8562,1.1997,1.3966,2.3797,8.9659,Absolute_Failure,50.0,batch_5,1.690900000000001,37.44835010841451,19.063147930600643,55.833552286228375,36.77040435562773,False,True,True,24.407849891585492,24.407849891585492,0.6663285383445916,True,MEDIUM,POINT_BELOW_LIMIT
C08347,L5,ASIC,124.95,1.176,11.9804,12.962,13.5684,14.852,1.2125,1.3708,1.3839,1.5802,Normal,50.0,batch_5,0.9816000000000003,19.329922650595233,0.9447204727813663,37.7151248284091,36.77040435562773,False,False,False,-4.477922650595232,4.477922650595232,0.20357204535816054,False,LOW,POINT_BELOW_LIMIT
C08348,L5,FPGA,125.89,1.106,11.7418,12.5282,13.6754,14.3181,1.208,1.347,1.4459,1.4929,Normal,50.0,batch_5,0.7864000000000004,18.54655438948413,0.1613522116702626,36.931756567297995,36.77040435562773,False,False,False,-4.2284543894841295,4.2284543894841295,0.20330736464405405,False,LOW,POINT_BELOW_LIMIT
C08349,L5,ADC,125.53,1.8,12.0057,12.3744,13.199,14.1123,1.292,1.2994,1.3541,1.5011,Normal,50.0,batch_5,0.36870000000000047,20.330347731249997,1.9451455534361308,38.71554990906387,36.77040435562773,False,False,False,-6.218047731249998,6.218047731249998,0.21502379439159616,False,LOW,POINT_BELOW_LIMIT
C08350,L5,ASIC,124.21,1.215,11.4103,12.0896,12.7884,14.0712,1.2324,1.2758,1.3387,1.4806,Normal,50.0,batch_5,0.6793000000000013,16.830467451190472,-1.5547347266233942,35.21566962900434,36.77040435562773,False,False,False,-2.759267451190473,2.759267451190473,0.0799630656795531,False,VERY_LOW,POINT_BELOW_LIMIT
C08351,L5,ASIC,126.72,1.212,11.5107,12.7926,16.2834,21.2194,1.2906,1.3141,1.7726,2.3631,Latent_Defect,50.0,batch_5,1.2819000000000003,25.227483083991714,6.842280906177848,43.61268526180558,36.77040435562773,False,False,False,-4.008083083991714,4.008083083991714,0.23113844270362968,False,LOW,POINT_BELOW_LIMIT
C08352,L5,DAC,126.44,1.774,11.8867,12.3262,13.0394,13.3632,1.2242,1.322,1.3657,1.3983,Normal,50.0,batch_5,0.43950000000000067,16.633152535066827,-1.7520496427470391,35.018354712880694,36.77040435562773,False,False,False,-3.2699525350668264,3.2699525350668264,0.15073034024230952,False,LOW,POINT_BELOW_LIMIT
C08353,L5,DAC,125.13,1.819,12.674,12.8417,13.4998,13.9253,1.3779,1.3564,1.4358,1.472,Normal,50.0,batch_5,0.16769999999999996,13.543623530357138,-4.841578647456728,31.928825708171004,36.77040435562773,False,False,False,0.38167646964286206,0.38167646964286206,0.03533473748473749,False,VERY_LOW,POINT_BELOW_LIMIT
C08354,L5,FPGA,125.42,1.079,11.9582,13.0699,18.6538,50.6913,1.2833,1.3676,2.0461,6.8418,Absolute_Failure,50.0,batch_5,1.1117000000000008,20.38981548780177,2.004613309987903,38.775017665615636,36.77040435562773,False,False,True,30.30148451219823,30.30148451219823,0.25669234853852557,False,LOW,POINT_BELOW_LIMIT
C08355,L5,DAC,125.45,1.769,11.5112,12.5136,13.1143,14.1761,1.1585,1.3054,1.3733,1.5071,Normal,50.0,batch_5,1.0023999999999997,18.23254616726191,-0.15265601055195788,36.617748345075775,36.77040435562773,False,False,False,-4.0564461672619085,4.0564461672619085,0.09737039242834906,False,VERY_LOW,POINT_BELOW_LIMIT
C08356,L5,ASIC,124.49,1.246,11.5625,12.2301,12.9752,13.6296,1.1706,1.2647,1.3678,1.4596,Normal,50.0,batch_5,0.6676000000000002,16.441364610267808,-1.9438375675460584,34.82656678808168,36.77040435562773,False,False,False,-2.811764610267808,2.811764610267808,0.04182617382617383,False,VERY_LOW,POINT_BELOW_LIMIT
C08357,L5,FPGA,125.3,1.098,12.1335,13.2171,15.2867,37.4336,1.263,1.404,1.6583,4.7131,Sudden_Anomaly,50.0,batch_5,1.0836000000000006,18.542706274228557,0.15750409641469076,36.92790845204242,36.77040435562773,False,False,False,18.89089372577144,18.89089372577144,0.020370634920634918,False,VERY_LOW,POINT_BELOW_LIMIT
C08358,L5,ADC,124.51,1.802,12.5054,12.6286,12.7642,12.939,1.301,1.3888,1.3138,1.3481,High_Stable,50.0,batch_5,0.12320000000000064,13.827182040773796,-4.558020137040071,32.21238421858766,36.77040435562773,False,False,False,-0.8881820407737955,0.8881820407737955,0.02165549479760006,False,VERY_LOW,POINT_BELOW_LIMIT
C08359,L5,FPGA,124.22,1.094,11.7168,12.2505,12.5928,12.8599,1.2423,1.2636,1.3266,1.3346,Normal,50.0,batch_5,0.5337000000000014,15.080996062019228,-3.3042061157946385,33.46619823983309,36.77040435562773,False,False,False,-2.221096062019228,2.221096062019228,0.03582884337884338,False,VERY_LOW,POINT_BELOW_LIMIT
C08360,L5,DAC,125.14,1.816,12.4475,13.352,18.0738,61.8201,1.2983,1.4103,2.0141,8.9308,Absolute_Failure,50.0,batch_5,0.9045000000000005,16.87367007668077,-1.5115321011330956,35.258872254494634,36.77040435562773,False,False,True,44.94642992331923,44.94642992331923,0.08888074472565319,False,VERY_LOW,POINT_BELOW_LIMIT
C08361,L5,FPGA,124.8,1.086,11.3895,11.8935,12.5931,13.4858,1.1671,1.2841,1.2932,1.4498,Normal,50.0,batch_5,0.5039999999999996,16.033114466964292,-2.352087710849574,34.41831664477816,36.77040435562773,False,False,False,-2.547314466964293,2.547314466964293,0.20199473979179858,False,LOW,POINT_BELOW_LIMIT
C08362,L5,ASIC,125.71,1.197,11.5113,11.7172,11.8116,12.0816,1.1614,1.2162,1.2129,1.2509,High_Stable,50.0,batch_5,0.20589999999999975,13.806441122519843,-4.578761055294024,32.19164330033371,36.77040435562773,False,False,False,-1.7248411225198428,1.7248411225198428,0.030274711399711402,False,VERY_LOW,POINT_BELOW_LIMIT
C08363,L5,ADC,125.41,1.798,11.2916,12.7494,15.5115,21.4787,1.2403,1.3568,1.6542,2.4139,Latent_Defect,50.0,batch_5,1.4577999999999989,32.4612489656746,14.076046787860733,50.846451143488466,36.77040435562773,False,True,False,-10.9825489656746,10.9825489656746,0.4717099001732127,False,MEDIUM,POINT_BELOW_LIMIT
C08364,L5,ASIC,126.48,1.214,11.2137,12.4341,13.5334,13.9967,1.1692,1.292,1.3983,1.4419,Normal,50.0,batch_5,1.2204000000000015,24.09795551537697,5.712753337563104,42.48315769319083,36.77040435562773,False,False,False,-10.10125551537697,10.10125551537697,0.4562865780769016,False,MEDIUM,POINT_BELOW_LIMIT
C08365,L5,ASIC,127.02,1.181,11.7474,12.7205,14.8724,20.5231,1.2351,1.3394,1.5485,2.2711,Latent_Defect,50.0,batch_5,0.9730999999999987,18.56399030536616,0.1787881275522949,36.94919248318003,36.77040435562773,False,False,False,1.9591096946338382,1.9591096946338382,0.09725203701564582,False,VERY_LOW,POINT_BELOW_LIMIT
C08366,L5,FPGA,124.96,1.11,12.1353,13.3772,14.7802,15.713,1.2603,1.4066,1.5398,1.6673,Normal,50.0,batch_5,1.2418999999999993,18.740114382142846,0.3549122043289792,37.125316559956715,36.77040435562773,False,False,False,-3.0271143821428463,3.0271143821428463,0.037717874815243226,False,VERY_LOW,POINT_BELOW_LIMIT
C08367,L5,DAC,126.07,1.813,12.4405,13.5095,13.9947,14.9449,1.2919,1.4199,1.5074,1.5611,Normal,50.0,batch_5,1.068999999999999,18.468698261718778,0.0834960839049117,36.853900439532644,36.77040435562773,False,False,False,-3.5237982617187775,3.5237982617187775,0.14326442259928196,False,VERY_LOW,POINT_BELOW_LIMIT
C08368,L5,DAC,125.43,1.797,11.5064,12.6442,13.2172,14.6025,1.1992,1.3162,1.3638,1.5813,Normal,50.0,batch_5,1.1378000000000004,19.93108982210013,1.545887644286264,38.316291999914,36.77040435562773,False,False,False,-5.328589822100131,5.328589822100131,0.1619978490295692,False,LOW,POINT_BELOW_LIMIT
C08369,L5,ASIC,124.99,1.209,11.6283,12.6176,12.8562,14.3222,1.1801,1.326,1.3594,1.5367,Normal,50.0,batch_5,0.9893000000000001,21.412197865773805,3.026995687959939,39.79740004358767,36.77040435562773,False,False,False,-7.089997865773805,7.089997865773805,0.2221864396256191,False,LOW,POINT_BELOW_LIMIT
C08370,L5,ADC,124.34,1.799,11.2043,11.698,12.837,13.7236,1.1729,1.1755,1.394,1.4543,Normal,50.0,batch_5,0.49370000000000047,14.362939876893936,-4.02226230091993,32.7481420547078,36.77040435562773,False,False,False,-0.6393398768939367,0.6393398768939367,0.04804384814531874,False,VERY_LOW,POINT_BELOW_LIMIT
C08371,L5,ASIC,125.71,1.185,11.1144,12.3011,13.3217,13.8414,1.1446,1.2588,1.4181,1.4886,Normal,50.0,batch_5,1.1867,21.92079072906746,3.5355885512535927,40.30599290688133,36.77040435562773,False,False,False,-8.079390729067459,8.079390729067459,0.23093032263661206,False,LOW,POINT_BELOW_LIMIT
C08372,L5,ASIC,125.55,1.207,11.6138,12.804,13.8915,14.3653,1.204,1.3388,1.4748,1.5543,Normal,50.0,batch_5,1.1902000000000008,20.586201014285702,2.200998836471836,38.97140319209957,36.77040435562773,False,False,False,-6.220901014285703,6.220901014285703,0.2804765513206076,False,LOW,POINT_BELOW_LIMIT
C08373,L5,FPGA,125.63,1.067,11.4829,11.8576,12.5254,14.2395,1.1384,1.2227,1.354,1.5246,Normal,50.0,batch_5,0.3746999999999989,19.578749043804113,1.1935468659902462,37.963951221617975,36.77040435562773,False,False,False,-5.339249043804113,5.339249043804113,0.18149014402350302,False,LOW,POINT_BELOW_LIMIT
C08374,L5,ASIC,125.19,1.231,11.7653,14.09,17.8124,59.9493,1.206,1.504,1.9133,8.5615,Absolute_Failure,50.0,batch_5,2.3247,54.078139989583335,35.69293781176947,72.4633421673972,36.77040435562773,True,True,True,5.871160010416666,5.871160010416666,0.994989060939061,True,HIGH,POINT_ABOVE_LIMIT
C08375,L5,FPGA,123.96,1.103,11.5454,12.5407,13.6461,14.5078,1.2,1.3312,1.4902,1.5322,Normal,50.0,batch_5,0.9952999999999985,18.158040263018233,-0.22716191479563363,36.5432424408321,36.77040435562773,False,False,False,-3.650240263018233,3.650240263018233,0.18220569635043313,False,LOW,POINT_BELOW_LIMIT
C08376,L5,FPGA,126.45,1.097,11.8552,13.8607,23.0844,52.5108,1.2451,1.4831,2.5944,7.1438,Absolute_Failure,50.0,batch_5,2.0054999999999996,37.957270209731234,19.572068031917368,56.3424723875451,36.77040435562773,False,True,True,14.553529790268769,14.553529790268769,0.8100667612568445,True,HIGH,POINT_BELOW_LIMIT
C08377,L5,DAC,125.64,1.813,11.759,12.7409,13.8504,14.4844,1.2259,1.3511,1.4374,1.533,Normal,50.0,batch_5,0.9818999999999996,18.39521047400792,0.010008296194055077,36.78041265182179,36.77040435562773,False,False,False,-3.9108104740079206,3.9108104740079206,0.044824620789838183,False,VERY_LOW,POINT_BELOW_LIMIT
C08378,L5,ASIC,125.21,1.206,10.9576,11.3144,12.5262,38.1705,1.1354,1.2242,1.2436,4.758,Sudden_Anomaly,50.0,batch_5,0.3567999999999998,15.715634987809294,-2.6695671900045728,34.10083716562316,36.77040435562773,False,False,False,22.4548650121907,22.4548650121907,0.11424456108906572,False,VERY_LOW,POINT_BELOW_LIMIT
C08379,L5,FPGA,126.72,1.081,11.5115,14.322,21.0659,55.1859,1.1964,1.5008,2.3827,7.6451,Absolute_Failure,50.0,batch_5,2.8104999999999993,52.24664187655121,33.86143969873734,70.63184405436508,36.77040435562773,True,True,True,2.939258123448788,2.939258123448788,0.9914342556566241,True,HIGH,POINT_ABOVE_LIMIT
C08380,L5,DAC,124.87,1.779,11.723,13.4529,18.2645,21.9075,1.2257,1.4317,2.0041,2.5072,Latent_Defect,50.0,batch_5,1.7298999999999989,38.67470535942465,20.289503181610783,57.059907537238516,36.77040435562773,False,True,False,-16.76720535942465,16.76720535942465,0.720180824201648,True,MEDIUM,POINT_BELOW_LIMIT
C08381,L5,DAC,125.42,1.783,11.4619,12.5151,13.1505,13.0413,1.1816,1.3165,1.3593,1.3868,Normal,50.0,batch_5,1.0532000000000004,19.737382045535707,1.3521798677218406,38.12258422334958,36.77040435562773,False,False,False,-6.696082045535707,6.696082045535707,0.10134522336721626,False,VERY_LOW,POINT_BELOW_LIMIT
C08382,L5,FPGA,124.99,1.11,11.1622,12.3574,13.675,14.5135,1.1531,1.3179,1.4321,1.5234,Normal,50.0,batch_5,1.1951999999999998,19.66605739732143,1.2808552195075649,38.0512595751353,36.77040435562773,False,False,False,-5.152557397321431,5.152557397321431,0.1762188016776251,False,LOW,POINT_BELOW_LIMIT
C08383,L5,DAC,124.58,1.782,12.2691,12.6125,12.8201,13.0471,1.2854,1.3735,1.3623,1.3506,High_Stable,50.0,batch_5,0.3434000000000008,16.23743555184884,-2.1477666259650263,34.622637729662706,36.77040435562773,False,False,False,-3.1903355518488397,3.1903355518488397,0.0713172993672994,False,VERY_LOW,POINT_BELOW_LIMIT
C08384,L5,DAC,125.53,1.805,11.4889,12.1907,12.5331,13.6498,1.1947,1.2708,1.3321,1.4423,Normal,50.0,batch_5,0.7018000000000004,16.401049273115078,-1.9841529046987887,34.786251450928944,36.77040435562773,False,False,False,-2.751249273115077,2.751249273115077,0.04996486291486292,False,VERY_LOW,POINT_BELOW_LIMIT
C08385,L5,ASIC,126.06,1.207,11.7195,12.4127,12.4438,12.8612,1.2272,1.2699,1.2623,1.3391,Normal,50.0,batch_5,0.6931999999999992,18.745156363194443,0.3599541853805768,37.130358541008306,36.77040435562773,False,False,False,-5.883956363194443,5.883956363194443,0.14039321115798098,False,VERY_LOW,POINT_BELOW_LIMIT
C08386,L5,ADC,125.39,1.818,11.6325,11.991,12.9518,13.4598,1.1932,1.2803,1.3336,1.4301,Normal,50.0,batch_5,0.3584999999999994,15.373643299408748,-3.0115588784051184,33.758845477222614,36.77040435562773,False,False,False,-1.9138432994087484,1.9138432994087484,0.11415865555765735,False,VERY_LOW,POINT_BELOW_LIMIT
C08387,L5,DAC,126.09,1.797,11.9289,12.4546,13.3758,14.875,1.2007,1.3105,1.4136,1.6058,Normal,50.0,batch_5,0.5256999999999987,18.251462217757947,-0.13373996005591948,36.63666439557181,36.77040435562773,False,False,False,-3.376462217757947,3.376462217757947,0.14153580639600905,False,VERY_LOW,POINT_BELOW_LIMIT
C08388,L5,ADC,124.18,1.797,11.7134,12.914,13.9357,14.3815,1.2382,1.3462,1.394,1.5359,Normal,50.0,batch_5,1.2005999999999997,21.700589934325393,3.3153877565115266,40.08579211213926,36.77040435562773,False,False,False,-7.319089934325392,7.319089934325392,0.28577725756291034,False,LOW,POINT_BELOW_LIMIT
C08389,L5,ASIC,126.44,1.208,10.8331,11.8385,12.9001,13.5073,1.1395,1.2445,1.3258,1.4301,Normal,50.0,batch_5,1.0053999999999998,16.144704423829342,-2.240497753984524,34.529906601643205,36.77040435562773,False,False,False,-2.6374044238293415,2.6374044238293415,0.28033254060778956,False,LOW,POINT_BELOW_LIMIT
C08390,L5,DAC,125.24,1.813,11.8565,12.4018,13.2324,37.0279,1.3101,1.3115,1.3696,4.6192,Sudden_Anomaly,50.0,batch_5,0.5452999999999992,17.677158097023803,-0.7080440807900636,36.06236027483767,36.77040435562773,False,False,False,19.3507419029762,19.3507419029762,0.11946745885693257,False,VERY_LOW,POINT_BELOW_LIMIT
C08391,L5,ASIC,126.0,1.191,11.3954,14.0723,20.4148,55.1062,1.1599,1.5009,2.2441,7.6488,Absolute_Failure,50.0,batch_5,2.6769,55.70152619872838,37.316324020914514,74.08672837654225,36.77040435562774,True,True,True,-0.5953261987283796,0.5953261987283796,0.9931366666666668,True,HIGH,POINT_ABOVE_LIMIT
C08392,L5,ASIC,123.93,1.188,11.5934,12.3041,12.912,13.7826,1.2177,1.2476,1.3967,1.4428,Normal,50.0,batch_5,0.7106999999999992,16.435724790773808,-1.9494773870400586,34.82092696858767,36.77040435562773,False,False,False,-2.6531247907738074,2.6531247907738074,0.1098001834422887,False,VERY_LOW,POINT_BELOW_LIMIT
C08393,L5,ASIC,124.61,1.197,12.1567,13.1815,14.2914,15.1749,1.2639,1.4243,1.5215,1.611,Normal,50.0,batch_5,1.024799999999999,19.35265236646826,0.9674501886543929,37.73785454428213,36.77040435562773,False,False,False,-4.17775236646826,4.17775236646826,0.030853409662233187,False,VERY_LOW,POINT_BELOW_LIMIT
C08394,L5,DAC,125.57,1.806,12.1615,13.2005,13.3119,15.0659,1.3097,1.3888,1.4057,1.5802,Normal,50.0,batch_5,1.0389999999999997,23.688154882468165,5.302952704654299,42.073357060282035,36.77040435562773,False,False,False,-8.622254882468166,8.622254882468166,0.4093884844042493,False,MEDIUM,POINT_BELOW_LIMIT
C08395,L5,ADC,124.8,1.798,11.8861,12.1476,12.6004,13.4019,1.2274,1.2318,1.308,1.3882,High_Stable,50.0,batch_5,0.26149999999999984,14.545056227976195,-3.8401459498376713,32.93025840579006,36.77040435562773,False,False,False,-1.1431562279761955,1.1431562279761955,0.042013591963591966,False,VERY_LOW,POINT_BELOW_LIMIT
C08396,L5,FPGA,125.68,1.09,11.4842,12.2782,13.0289,14.3349,1.2036,1.2793,1.3547,1.5235,Normal,50.0,batch_5,0.7940000000000005,15.921169886607133,-2.464032291206733,34.306372064421,36.77040435562773,False,False,False,-1.586269886607134,1.586269886607134,0.04325123765123766,False,VERY_LOW,POINT_BELOW_LIMIT
C08397,L5,ADC,125.71,1.841,12.6324,12.688,12.7655,12.8009,1.3235,1.325,1.3615,1.3399,High_Stable,50.0,batch_5,0.055600000000000094,16.714093141338505,-1.671109036475361,35.099295319152375,36.77040435562773,False,False,False,-3.913193141338505,3.913193141338505,0.27632419584535955,False,LOW,POINT_BELOW_LIMIT
C08398,L5,ADC,124.38,1.805,11.7057,13.1696,16.0565,19.9215,1.2306,1.4247,1.644,2.225,Latent_Defect,50.0,batch_5,1.4639000000000006,35.21067860059523,16.825476422781364,53.5958807784091,36.77040435562773,False,True,False,-15.289178600595228,15.289178600595228,0.708348673175336,True,MEDIUM,POINT_BELOW_LIMIT
C08399,L5,ASIC,124.88,1.214,11.1812,11.7954,12.0379,12.2864,1.1843,1.2492,1.2516,1.2766,Normal,50.0,batch_5,0.6142000000000003,15.883238898313486,-2.50196327950038,34.26844107612735,36.77040435562773,False,False,False,-3.596838898313486,3.596838898313486,0.03965335497835498,False,VERY_LOW,POINT_BELOW_LIMIT
C08400,L5,DAC,125.1,1.793,11.8812,11.9807,11.9539,11.9068,1.1993,1.2522,1.2572,1.2351,High_Stable,50.0,batch_5,0.09950000000000081,13.11788004623015,-5.267322131583716,31.503082224044014,36.77040435562773,False,False,False,-1.2110800462301494,1.2110800462301494,0.023988505938505936,False,VERY_LOW,POINT_BELOW_LIMIT
C08401,L5,DAC,124.3,1.787,12.4851,13.1751,13.8126,15.1104,1.3107,1.3974,1.4712,1.6379,Normal,50.0,batch_5,0.6900000000000013,16.826034284780683,-1.5591678930331838,35.21123646259455,36.77040435562773,False,False,False,-1.7156342847806823,1.7156342847806823,0.01486311858076564,False,VERY_LOW,POINT_BELOW_LIMIT
C08402,L5,FPGA,126.0,1.086,11.2415,11.9663,13.0025,13.3837,1.1511,1.2302,1.393,1.3614,Normal,50.0,batch_5,0.7248000000000001,19.25522606269257,0.8700238848787052,37.64042824050644,36.77040435562773,False,False,False,-5.871526062692572,5.871526062692572,0.2833107471793398,False,LOW,POINT_BELOW_LIMIT
C08403,L5,ADC,124.71,1.815,11.6013,12.495,13.5168,14.6907,1.2235,1.3485,1.3867,1.5803,Normal,50.0,batch_5,0.893699999999999,17.514799061496966,-0.8704031163169006,35.90000123931083,36.77040435562773,False,False,False,-2.824099061496966,2.824099061496966,0.23073966450556369,False,LOW,POINT_BELOW_LIMIT
C08404,L5,FPGA,125.34,1.12,11.9114,12.7151,13.7242,14.8258,1.2283,1.2944,1.4852,1.579,Normal,50.0,batch_5,0.8036999999999992,17.12264909037697,-1.2625530874368955,35.507851268190834,36.77040435562773,False,False,False,-2.2968490903769716,2.2968490903769716,0.10161411562293915,False,VERY_LOW,POINT_BELOW_LIMIT
C08405,L5,ASIC,125.24,1.222,10.9448,11.3503,12.3554,13.2801,1.1578,1.1734,1.3088,1.4031,Normal,50.0,batch_5,0.40549999999999997,15.659962726374319,-2.7252394514395473,34.045164904188184,36.77040435562773,False,False,False,-2.37986272637432,2.37986272637432,0.061284748080847835,False,VERY_LOW,POINT_BELOW_LIMIT
C08406,L5,ADC,124.17,1.769,11.8258,12.6779,13.2554,14.6417,1.2398,1.3488,1.4238,1.4776,Normal,50.0,batch_5,0.8521000000000001,16.317876453189864,-2.067325724624002,34.703078631003734,36.77040435562773,False,False,False,-1.6761764531898642,1.6761764531898642,0.1359751142506257,False,VERY_LOW,POINT_BELOW_LIMIT
C08407,L5,FPGA,125.72,1.089,11.8172,12.8002,13.007,13.9079,1.1681,1.3579,1.3442,1.5262,Normal,50.0,batch_5,0.9830000000000005,21.700816644246018,3.3156144664321516,40.086018822059884,36.77040435562773,False,False,False,-7.792916644246018,7.792916644246018,0.2831139210311572,False,LOW,POINT_BELOW_LIMIT
C08408,L5,ASIC,125.69,1.177,10.7958,11.9191,14.1029,54.1088,1.1185,1.2422,1.5065,7.4543,Absolute_Failure,50.0,batch_5,1.1233000000000004,19.426113914404755,1.040911736590889,37.81131609221862,36.77040435562773,False,False,True,34.68268608559525,34.68268608559525,0.2410570319859019,False,LOW,POINT_BELOW_LIMIT
C08409,L5,FPGA,125.98,1.094,11.598,12.5628,13.8049,15.5351,1.1844,1.3556,1.4808,1.6744,Normal,50.0,batch_5,0.9647999999999985,18.072387231746028,-0.31281494606783866,36.457589409559894,36.77040435562773,False,False,False,-2.5372872317460278,2.5372872317460278,0.10466288755403373,False,VERY_LOW,POINT_BELOW_LIMIT
C08410,L5,ADC,124.53,1.778,11.151,12.9332,20.1987,54.5161,1.1717,1.3657,2.237,7.5594,Absolute_Failure,50.0,batch_5,1.7821999999999996,40.74153049784452,22.356328320030656,59.12673267565839,36.77040435562773,False,True,True,13.77456950215548,13.77456950215548,0.8261279590906591,True,HIGH,POINT_BELOW_LIMIT
C08411,L5,ADC,125.24,1.785,11.9589,12.4115,13.1001,13.6311,1.2528,1.3331,1.4015,1.4216,Normal,50.0,batch_5,0.45260000000000034,15.336915126857855,-3.048287050956011,33.72211730467172,36.77040435562773,False,False,False,-1.7058151268578552,1.7058151268578552,0.048254112554112556,False,VERY_LOW,POINT_BELOW_LIMIT
C08412,L5,DAC,124.9,1.79,11.8006,12.6682,13.7713,14.7834,1.2243,1.3524,1.4799,1.5213,Normal,50.0,batch_5,0.8676000000000013,16.619005699206344,-1.7661964786075224,35.00420787702021,36.77040435562773,False,False,False,-1.8356056992063436,1.8356056992063436,0.07010394710724431,False,VERY_LOW,POINT_BELOW_LIMIT
C08413,L5,FPGA,125.6,1.113,11.9806,11.854,12.1261,12.2165,1.242,1.2636,1.2274,1.2857,High_Stable,50.0,batch_5,-0.1266000000000016,12.680005386607144,-5.705196791206722,31.06520756442101,36.77040435562773,False,False,False,-0.46350538660714413,0.46350538660714413,0.03753376623376623,False,VERY_LOW,POINT_BELOW_LIMIT
C08414,L5,FPGA,125.35,1.049,11.1433,12.2439,15.5445,21.076,1.1707,1.291,1.6603,2.3666,Latent_Defect,50.0,batch_5,1.1006,22.85562504406982,4.470422866255955,41.24082722188369,36.77040435562773,False,False,False,-1.779625044069821,1.779625044069821,0.3317348886217206,False,LOW,POINT_BELOW_LIMIT
C08415,L5,ASIC,123.68,1.183,11.0616,12.2069,13.535,14.5411,1.174,1.2538,1.4405,1.5063,Normal,50.0,batch_5,1.1452999999999989,21.5902759952381,3.205073817424232,39.97547817305197,36.77040435562773,False,False,False,-7.049175995238098,7.049175995238098,0.16998913105335908,False,LOW,POINT_BELOW_LIMIT
C08416,L5,ADC,123.7,1.831,11.9003,12.9865,16.3083,22.4904,1.2554,1.352,1.7466,2.5859,Latent_Defect,50.0,batch_5,1.0861999999999998,18.799718426424953,0.41451624861108627,37.18492060423882,36.77040435562773,False,False,False,3.6906815735750484,3.6906815735750484,0.20606595601705627,False,LOW,POINT_BELOW_LIMIT
C08417,L5,FPGA,124.86,1.106,12.1464,12.5243,12.8906,13.7707,1.2776,1.2946,1.3127,1.4297,Normal,50.0,batch_5,0.37790000000000035,15.270413667453804,-3.1147885103600625,33.65561584526767,36.77040435562773,False,False,False,-1.499713667453804,1.499713667453804,0.010656060606060606,False,VERY_LOW,POINT_BELOW_LIMIT
C08418,L5,FPGA,125.12,1.103,12.1836,13.3076,13.9886,14.2927,1.2561,1.434,1.4788,1.5327,Normal,50.0,batch_5,1.1240000000000006,21.51961477589285,3.1344125980789848,39.904816953706714,36.77040435562773,False,False,False,-7.226914775892851,7.226914775892851,0.060732884337884326,False,VERY_LOW,POINT_BELOW_LIMIT
C08419,L5,ADC,121.86,1.799,11.8834,13.1494,20.3392,58.409,1.2197,1.3859,2.2893,8.2778,Absolute_Failure,50.0,batch_5,1.266,24.81799916130953,6.432796983495663,43.203201339123396,36.77040435562773,False,False,True,33.59100083869047,33.59100083869047,0.2093105690606935,False,LOW,POINT_BELOW_LIMIT
C08420,L5,ADC,125.66,1.809,11.4251,12.6977,13.4818,14.4994,1.1538,1.3233,1.4776,1.5554,Normal,50.0,batch_5,1.2725999999999988,23.915908667775966,5.5307064899621,42.30111084558983,36.77040435562773,False,False,False,-9.416508667775966,9.416508667775966,0.3209810287255781,False,LOW,POINT_BELOW_LIMIT
C08421,L5,ADC,125.14,1.796,11.7742,11.8503,12.5492,12.8891,1.2182,1.2353,1.3334,1.3281,Normal,50.0,batch_5,0.07610000000000028,12.276901500892853,-6.108300676921013,30.66210367870672,36.77040435562773,False,False,False,0.6121984991071461,0.6121984991071461,0.0024761904761904764,False,VERY_LOW,POINT_BELOW_LIMIT
C08422,L5,FPGA,125.83,1.107,10.7208,11.6388,18.9304,53.3096,1.0978,1.2055,2.0602,7.3496,Absolute_Failure,50.0,batch_5,0.9179999999999993,14.346929183829364,-4.038272993984503,32.732131361643226,36.77040435562773,False,False,True,38.96267081617064,38.96267081617064,0.06772734657961518,False,VERY_LOW,POINT_BELOW_LIMIT
C08423,L5,FPGA,125.92,1.109,11.4445,11.9126,12.5281,12.6152,1.1544,1.2944,1.3051,1.3286,Normal,50.0,batch_5,0.46809999999999974,18.781028788392867,0.39582661057900026,37.16623096620673,36.77040435562773,False,False,False,-6.165828788392867,6.165828788392867,0.17652806905512788,False,LOW,POINT_BELOW_LIMIT
C08424,L5,FPGA,125.71,1.084,12.0413,12.8753,13.6753,14.4478,1.2278,1.3362,1.4335,1.544,Normal,50.0,batch_5,0.8339999999999996,19.76120249974119,1.3760003219273251,38.146404677555054,36.77040435562773,False,False,False,-5.313402499741191,5.313402499741191,0.23055654989943372,False,LOW,POINT_BELOW_LIMIT
C08425,L5,ADC,125.58,1.784,11.7067,12.4713,12.7554,14.2552,1.2622,1.297,1.3488,1.524,Normal,50.0,batch_5,0.7645999999999997,16.937517855654757,-1.447684322159109,35.32272003346863,36.77040435562773,False,False,False,-2.682317855654757,2.682317855654757,0.09565433742384206,False,VERY_LOW,POINT_BELOW_LIMIT
C08426,L5,ASIC,125.51,1.201,11.359,12.0711,12.895,13.2518,1.1919,1.2814,1.3693,1.3654,Normal,50.0,batch_5,0.7120999999999995,15.811042858321654,-2.574159319492212,34.19624503613552,36.77040435562773,False,False,False,-2.559242858321655,2.559242858321655,0.03556536796536795,False,VERY_LOW,POINT_BELOW_LIMIT
C08427,L5,DAC,125.38,1.776,11.9997,13.1107,13.5788,13.868,1.2945,1.3952,1.4903,1.4741,Normal,50.0,batch_5,1.1109999999999989,19.093034832251718,0.7078326544378513,37.478237010065584,36.77040435562773,False,False,False,-5.225034832251717,5.225034832251717,0.10640810662104777,False,VERY_LOW,POINT_BELOW_LIMIT
C08428,L5,ASIC,123.34,1.211,11.4658,12.2273,12.6507,13.9673,1.1723,1.3294,1.3137,1.5031,Normal,50.0,batch_5,0.7614999999999998,19.61978751206877,1.234585334254902,38.004989689882635,36.77040435562773,False,False,False,-5.6524875120687685,5.6524875120687685,0.1556119620493324,False,LOW,POINT_BELOW_LIMIT
C08429,L5,ASIC,125.48,1.191,11.811,13.0462,15.477,37.8193,1.2034,1.3174,1.6629,4.7216,Sudden_Anomaly,50.0,batch_5,1.2352000000000007,24.577535978273836,6.19233380045997,42.9627381560877,36.77040435562773,False,False,False,13.241764021726162,13.241764021726162,0.38186440424138157,False,LOW,POINT_BELOW_LIMIT
C08430,L5,FPGA,124.39,1.119,11.6905,13.0296,14.6094,31.3022,1.22,1.376,1.5471,3.7627,Sudden_Anomaly,50.0,batch_5,1.3391000000000002,30.615437737003962,12.230235559190096,49.000639914817825,36.77040435562773,False,False,False,0.6867622629960373,0.6867622629960373,0.5926508976485143,True,MEDIUM,POINT_BELOW_LIMIT
C08431,L5,ADC,125.24,1.775,11.2703,11.9583,12.0058,12.2593,1.2355,1.2518,1.3006,1.2725,Normal,50.0,batch_5,0.6879999999999988,17.729596615178572,-0.6556055626352943,36.11479879299244,36.77040435562773,False,False,False,-5.470296615178572,5.470296615178572,0.14744669582739234,False,VERY_LOW,POINT_BELOW_LIMIT
C08432,L5,FPGA,124.93,1.104,11.3633,12.2974,13.3638,14.7016,1.182,1.3214,1.4353,1.5573,Normal,50.0,batch_5,0.934099999999999,16.732532976510285,-1.6526692013035813,35.11773515432415,36.77040435562773,False,False,False,-2.030932976510286,2.030932976510286,0.11212130258630257,False,VERY_LOW,POINT_BELOW_LIMIT
C08433,L5,DAC,123.74,1.826,11.8917,12.9208,14.0778,14.6057,1.2248,1.3707,1.4436,1.5602,Normal,50.0,batch_5,1.0290999999999997,20.203969048304483,1.8187668704906166,38.58917122611835,36.77040435562773,False,False,False,-5.598269048304482,5.598269048304482,0.32370484484555656,False,LOW,POINT_BELOW_LIMIT
C08434,L5,FPGA,124.81,1.104,11.6358,12.1577,13.2208,13.6717,1.1685,1.2439,1.3678,1.4519,Normal,50.0,batch_5,0.5219000000000005,15.683514533089815,-2.7016876447240517,34.06871671090368,36.77040435562773,False,False,False,-2.011814533089815,2.011814533089815,0.14348286652288195,False,VERY_LOW,POINT_BELOW_LIMIT
C08435,L5,DAC,124.21,1.78,12.417,12.6437,12.6641,12.8828,1.3187,1.3313,1.3122,1.3655,High_Stable,50.0,batch_5,0.226700000000001,13.756589719642857,-4.628612458171009,32.14179189745673,36.77040435562773,False,False,False,-0.8737897196428577,0.8737897196428577,0.0057218045112781965,False,VERY_LOW,POINT_BELOW_LIMIT
C08436,L5,ASIC,125.31,1.198,11.4418,12.5506,14.8884,39.8826,1.189,1.3272,1.5913,5.0227,Sudden_Anomaly,50.0,batch_5,1.1087999999999987,19.120147018509805,0.7349448406959382,37.50534919632367,36.77040435562773,False,False,False,20.762452981490192,20.762452981490192,0.13635673398108447,False,VERY_LOW,POINT_BELOW_LIMIT
C08437,L5,ADC,124.13,1.828,11.9454,12.0151,12.0117,12.3499,1.2613,1.2907,1.3061,1.3108,High_Stable,50.0,batch_5,0.06970000000000098,12.847448888789678,-5.537753289024188,31.232651066603545,36.77040435562773,False,False,False,-0.4975488887896784,0.4975488887896784,0.02411998556998557,False,VERY_LOW,POINT_BELOW_LIMIT
C08438,L5,ADC,125.53,1.801,11.7607,12.0214,14.5796,32.6351,1.2381,1.2745,1.6059,3.9265,Sudden_Anomaly,50.0,batch_5,0.26069999999999993,14.911267933630947,-3.473934244182919,33.29647011144481,36.77040435562773,False,False,False,17.723832066369056,17.723832066369056,0.0906519083857319,False,VERY_LOW,POINT_BELOW_LIMIT
C08439,L5,ADC,125.79,1.8,11.9734,13.1607,14.0156,15.1506,1.2272,1.4027,1.4767,1.573,Normal,50.0,batch_5,1.1873000000000005,22.759934618452377,4.37473244063851,41.14513679626624,36.77040435562773,False,False,False,-7.609334618452376,7.609334618452376,0.23201389640593784,False,LOW,POINT_BELOW_LIMIT
C08440,L5,ASIC,124.38,1.183,11.17,12.7977,17.0914,59.3884,1.1345,1.3129,1.8706,8.4717,Absolute_Failure,50.0,batch_5,1.6277000000000008,33.05446480823414,14.66926263042027,51.439666986048,36.77040435562773,False,True,True,26.33393519176586,26.33393519176586,0.5657850659947881,True,MEDIUM,POINT_BELOW_LIMIT
C08441,L5,FPGA,125.39,1.096,12.1179,12.7953,13.4431,14.0042,1.2981,1.3733,1.4114,1.4924,Normal,50.0,batch_5,0.6773999999999987,16.57107161666667,-1.814130561147195,34.95627379448054,36.77040435562773,False,False,False,-2.5668716166666705,2.5668716166666705,0.051880679124796776,False,VERY_LOW,POINT_BELOW_LIMIT
C08442,L5,ADC,123.84,1.82,11.711,12.9863,17.5739,56.3994,1.1957,1.4093,1.909,7.8708,Absolute_Failure,50.0,batch_5,1.2752999999999997,24.061985128625537,5.6767829508116705,42.4471873064394,36.77040435562773,False,False,True,32.33741487137446,32.33741487137446,0.3247540107530852,False,LOW,POINT_BELOW_LIMIT
C08443,L5,ADC,124.4,1.8,11.7427,13.4217,20.2324,54.0044,1.199,1.4672,2.2549,7.4198,Absolute_Failure,50.0,batch_5,1.6790000000000003,32.344833268154744,13.959631090340878,50.73003544596861,36.77040435562773,False,True,True,21.659566731845253,21.659566731845253,0.5378703441497257,True,MEDIUM,POINT_BELOW_LIMIT
C08444,L5,ASIC,124.77,1.213,11.0411,13.0767,20.6142,55.0829,1.151,1.3845,2.3165,7.6828,Absolute_Failure,50.0,batch_5,2.0356000000000005,43.386255224702374,25.001053046888508,61.77145740251624,36.77040435562773,False,True,True,11.696644775297628,11.696644775297628,0.8852242857636676,True,HIGH,POINT_BELOW_LIMIT
C08445,L5,ASIC,124.26,1.221,11.0161,11.3263,12.3125,13.1502,1.1917,1.1952,1.3022,1.3999,Normal,50.0,batch_5,0.31020000000000003,15.075164730546069,-3.3100374472677974,33.46036690835994,36.77040435562773,False,False,False,-1.924964730546069,1.924964730546069,0.056837429237429245,False,VERY_LOW,POINT_BELOW_LIMIT
C08446,L5,FPGA,127.08,1.102,12.35,12.5884,12.6681,12.7504,1.284,1.2755,1.3527,1.3332,High_Stable,50.0,batch_5,0.2384000000000004,14.53174137460317,-3.8534608032106963,32.91694355241704,36.77040435562773,False,False,False,-1.7813413746031692,1.7813413746031692,0.039709973686444265,False,VERY_LOW,POINT_BELOW_LIMIT
C08447,L5,DAC,126.4,1.796,11.7203,11.8162,12.4747,13.1783,1.2173,1.2281,1.299,1.4327,Normal,50.0,batch_5,0.09590000000000032,12.98885839862638,-5.396343779187486,31.374060576440247,36.77040435562773,False,False,False,0.18944160137361976,0.18944160137361976,0.0347734681984682,False,VERY_LOW,POINT_BELOW_LIMIT
C08448,L5,DAC,124.91,1.77,11.9354,13.9175,18.1941,53.7825,1.2624,1.4807,2.0107,7.3953,Absolute_Failure,50.0,batch_5,1.9821000000000009,37.59160657638893,19.206404398575067,55.9768087542028,36.77040435562773,False,True,True,16.190893423611065,16.190893423611065,0.7527405786992807,True,HIGH,POINT_BELOW_LIMIT
C08449,L5,FPGA,125.3,1.088,11.3392,11.7616,12.3793,12.5117,1.2169,1.1921,1.2706,1.3126,Normal,50.0,batch_5,0.42239999999999966,18.160484719841257,-0.22471745797260922,36.54568689765512,36.77040435562773,False,False,False,-5.648784719841258,5.648784719841258,0.2120102245023936,False,LOW,POINT_BELOW_LIMIT
C08450,L5,DAC,124.57,1.789,12.6394,12.6458,12.7865,12.7225,1.329,1.3362,1.3004,1.3453,High_Stable,50.0,batch_5,0.006399999999999295,12.985724299572635,-5.399477878241232,31.3709264773865,36.77040435562773,False,False,False,-0.2632242995726344,0.2632242995726344,0.0016666666666666668,False,VERY_LOW,POINT_BELOW_LIMIT
C08451,L5,ADC,123.57,1.806,11.9794,11.9444,12.1319,12.1359,1.2918,1.2773,1.238,1.2527,High_Stable,50.0,batch_5,-0.03500000000000014,12.779342797023808,-5.605859380790058,31.164544974837675,36.77040435562773,False,False,False,-0.643442797023809,0.643442797023809,0.039167394860041914,False,VERY_LOW,POINT_BELOW_LIMIT
C08452,L5,DAC,125.07,1.785,12.7256,13.3485,16.4886,23.1445,1.3722,1.4234,1.8039,2.6128,Latent_Defect,50.0,batch_5,0.6228999999999996,17.3520343839169,-1.0331677938969648,35.73723656173077,36.77040435562773,False,False,False,5.792465616083099,5.792465616083099,0.03599892884892885,False,VERY_LOW,POINT_BELOW_LIMIT
C08453,L5,ADC,126.09,1.842,12.2933,13.1341,14.2172,15.5983,1.3013,1.3751,1.5186,1.653,Normal,50.0,batch_5,0.8407999999999998,22.133973472330435,3.748771294516569,40.519175650144305,36.77040435562773,False,False,False,-6.535673472330435,6.535673472330435,0.2521280798626259,False,LOW,POINT_BELOW_LIMIT
C08454,L5,ADC,125.06,1.799,12.0232,14.1192,19.1171,53.1261,1.2998,1.4991,2.0668,7.2831,Absolute_Failure,50.0,batch_5,2.096,46.779096082341276,28.39389390452741,65.16429826015514,36.770404355627726,False,True,True,6.347003917658725,6.347003917658725,0.917589561901333,True,HIGH,POINT_BELOW_LIMIT
C08455,L5,ASIC,125.0,1.208,11.3622,11.6007,13.1069,14.5937,1.2183,1.2036,1.3838,1.5259,Normal,50.0,batch_5,0.23850000000000016,15.100320110813469,-3.2848820670003978,33.48552228862734,36.77040435562773,False,False,False,-0.5066201108134685,0.5066201108134685,0.19218862998400615,False,LOW,POINT_BELOW_LIMIT
C08456,L5,DAC,123.81,1.796,12.4549,13.442,14.3784,15.6235,1.3717,1.3958,1.5159,1.6985,Normal,50.0,batch_5,0.9870999999999999,18.980595406087676,0.5953932282738101,37.36579758390154,36.77040435562773,False,False,False,-3.3570954060876765,3.3570954060876765,0.08898758843495687,False,VERY_LOW,POINT_BELOW_LIMIT
C08457,L5,ASIC,125.24,1.177,11.215,11.8049,12.2318,13.5278,1.141,1.2515,1.2934,1.4087,Normal,50.0,batch_5,0.5899000000000001,17.168425689393942,-1.2167764884199244,35.55362786720781,36.77040435562773,False,False,False,-3.640625689393943,3.640625689393943,0.1426682219010317,False,VERY_LOW,POINT_BELOW_LIMIT
C08458,L5,ASIC,124.91,1.206,11.1694,13.7825,23.976,57.071,1.1735,1.4548,2.7065,8.0482,Absolute_Failure,50.0,batch_5,2.613100000000001,54.65507710238091,36.26987492456704,73.04027928019477,36.770404355627726,True,True,True,2.4159228976190903,2.4159228976190903,0.9861661988338459,True,HIGH,POINT_ABOVE_LIMIT
C08459,L5,FPGA,124.83,1.096,11.3707,11.884,13.6915,26.1058,1.168,1.2079,1.423,2.9835,Sudden_Anomaly,50.0,batch_5,0.513300000000001,16.080100871025913,-2.3051013067879538,34.46530304883978,36.77040435562773,False,False,False,10.025699128974086,10.025699128974086,0.15776916384552178,False,LOW,POINT_BELOW_LIMIT
C08460,L5,ASIC,123.95,1.181,11.7188,11.8939,11.7949,12.1278,1.1997,1.2436,1.2224,1.2576,High_Stable,50.0,batch_5,0.17510000000000048,14.804656184081887,-3.5805459937319792,33.18985836189575,36.77040435562773,False,False,False,-2.6768561840818865,2.6768561840818865,0.04125114917761977,False,VERY_LOW,POINT_BELOW_LIMIT
C08461,L5,ASIC,124.54,1.182,12.6786,12.6007,12.7155,12.709,1.3143,1.2725,1.3479,1.3572,High_Stable,50.0,batch_5,-0.07789999999999964,13.055975813988095,-5.3292263638257715,31.44117799180196,36.77040435562773,False,False,False,-0.3469758139880952,0.3469758139880952,0.014874891774891773,False,VERY_LOW,POINT_BELOW_LIMIT
C08462,L5,ASIC,123.72,1.185,11.749,12.4504,13.5063,14.7053,1.1928,1.3077,1.4061,1.5928,Normal,50.0,batch_5,0.7013999999999996,19.40274215834268,1.017539980528813,37.78794433615654,36.77040435562773,False,False,False,-4.69744215834268,4.69744215834268,0.2457285312310155,False,LOW,POINT_BELOW_LIMIT
C08463,L5,FPGA,125.31,1.093,11.2672,11.7218,12.2827,12.7056,1.1801,1.2235,1.2583,1.3351,Normal,50.0,batch_5,0.4545999999999992,14.364836557142853,-4.020365620671013,32.75003873495672,36.77040435562773,False,False,False,-1.6592365571428527,1.6592365571428527,0.017217582417582415,False,VERY_LOW,POINT_BELOW_LIMIT
C08464,L5,ADC,124.83,1.8,11.8597,12.0295,11.9803,12.3463,1.2274,1.2212,1.2397,1.2735,High_Stable,50.0,batch_5,0.1698000000000004,14.336084828571437,-4.0491173492424295,32.7212870063853,36.77040435562773,False,False,False,-1.9897848285714375,1.9897848285714375,0.019946903096903095,False,VERY_LOW,POINT_BELOW_LIMIT
C08465,L5,FPGA,126.36,1.078,11.7443,13.0366,14.35,16.0555,1.2095,1.4335,1.4938,1.7304,Normal,50.0,batch_5,1.2922999999999991,31.12245244246032,12.737250264646455,49.50765462027419,36.77040435562773,False,False,False,-15.066952442460323,15.066952442460323,0.49846270305909446,False,MEDIUM,POINT_BELOW_LIMIT
C08466,L5,ASIC,126.25,1.209,11.6507,12.358,13.5014,14.3412,1.2217,1.3289,1.4391,1.5146,Normal,50.0,batch_5,0.7073,20.321419384226196,1.93621720641233,38.70662156204006,36.77040435562773,False,False,False,-5.980219384226196,5.980219384226196,0.2773254810978495,False,LOW,POINT_BELOW_LIMIT
C08467,L5,DAC,125.17,1.824,12.05,13.3132,13.8284,14.3463,1.2926,1.4039,1.5124,1.5667,Normal,50.0,batch_5,1.2631999999999994,21.881154566694367,3.4959523888805,40.26635674450823,36.77040435562773,False,False,False,-7.534854566694367,7.534854566694367,0.19884207283383823,False,LOW,POINT_BELOW_LIMIT
C08468,L5,ASIC,125.53,1.204,11.969,12.3965,13.7928,15.3138,1.2338,1.2698,1.4654,1.6485,Normal,50.0,batch_5,0.4275000000000002,15.059590851686528,-3.325611326127339,33.444793029500396,36.77040435562773,False,False,False,0.25420914831347297,0.25420914831347297,0.030566530854766148,False,VERY_LOW,POINT_BELOW_LIMIT
C08469,L5,DAC,123.31,1.82,12.6123,12.7159,12.991,13.1221,1.3011,1.3689,1.371,1.376,High_Stable,50.0,batch_5,0.10360000000000014,14.725164832608359,-3.6600373452055077,33.11036701042222,36.77040435562773,False,False,False,-1.603064832608359,1.603064832608359,0.052283646908646925,False,VERY_LOW,POINT_BELOW_LIMIT
C08470,L5,FPGA,125.29,1.086,11.1961,12.2426,12.6372,13.1865,1.1857,1.2756,1.2347,1.396,Normal,50.0,batch_5,1.0465,16.008073722343628,-2.3771284554702383,34.39327590015749,36.77040435562773,False,False,False,-2.8215737223436275,2.8215737223436275,0.06604141414141416,False,VERY_LOW,POINT_BELOW_LIMIT
C08471,L5,ADC,125.2,1.807,11.8908,11.954,12.18,12.1456,1.243,1.2122,1.2905,1.2788,High_Stable,50.0,batch_5,0.06320000000000014,12.717272208333332,-5.667929969480534,31.1024743861472,36.77040435562773,False,False,False,-0.5716722083333323,0.5716722083333323,0.007606715506715507,False,VERY_LOW,POINT_BELOW_LIMIT
C08472,L5,FPGA,125.06,1.123,11.015,12.3162,12.6202,14.0894,1.1524,1.3206,1.3039,1.5496,Normal,50.0,batch_5,1.3011999999999997,26.080085307539697,7.694883129725831,44.465287485353564,36.77040435562773,False,False,False,-11.990685307539698,11.990685307539698,0.28011610158847006,False,LOW,POINT_BELOW_LIMIT
C08473,L5,ASIC,125.14,1.193,11.5822,13.0479,15.566,39.0762,1.1969,1.4065,1.6564,4.9352,Sudden_Anomaly,50.0,batch_5,1.4657,26.027753977976204,7.642551800162337,44.41295615579007,36.77040435562773,False,False,False,13.048446022023796,13.048446022023796,0.4813434305517669,False,MEDIUM,POINT_BELOW_LIMIT
C08474,L5,ASIC,125.24,1.213,11.5204,11.7612,11.8312,11.9957,1.1921,1.2458,1.2272,1.3109,High_Stable,50.0,batch_5,0.24080000000000013,14.309662284731251,-4.075539893082615,32.69486446254512,36.77040435562773,False,False,False,-2.313962284731252,2.313962284731252,0.02833681318681319,False,VERY_LOW,POINT_BELOW_LIMIT
C08475,L5,DAC,126.54,1.8,11.0814,12.1736,13.1764,14.2305,1.1004,1.2944,1.42,1.556,Normal,50.0,batch_5,1.0922,23.25948728397541,4.874285106161544,41.64468946178928,36.77040435562773,False,False,False,-9.028987283975411,9.028987283975411,0.41434298707501876,False,MEDIUM,POINT_BELOW_LIMIT
C08476,L5,ASIC,125.03,1.207,11.7677,12.6621,17.1608,24.1365,1.227,1.3906,1.9014,2.8098,Latent_Defect,50.0,batch_5,0.894400000000001,20.860693526488095,2.475491348674229,39.24589570430196,36.77040435562773,False,False,False,3.2758064735119063,3.2758064735119063,0.22891603777408928,False,LOW,POINT_BELOW_LIMIT
C08477,L5,ADC,126.04,1.79,11.9631,12.6069,13.3074,13.7645,1.2597,1.3192,1.4338,1.4227,Normal,50.0,batch_5,0.6437999999999988,17.62952651289683,-0.7556756649170353,36.0147286907107,36.77040435562773,False,False,False,-3.865026512896831,3.865026512896831,0.07470412307506734,False,VERY_LOW,POINT_BELOW_LIMIT
C08478,L5,ASIC,123.8,1.191,10.7549,11.8593,12.8423,13.3673,1.0688,1.2492,1.346,1.42,Normal,50.0,batch_5,1.1044,20.79547336577381,2.4102711879599426,39.180675543587675,36.77040435562773,False,False,False,-7.428173365773809,7.428173365773809,0.22395148068829718,False,LOW,POINT_BELOW_LIMIT
C08479,L5,ASIC,125.89,1.196,11.9573,13.0953,12.9913,12.8866,1.2537,1.407,1.3795,1.3716,Normal,50.0,batch_5,1.138,18.796639509027774,0.41143733121390724,37.181841686841636,36.77040435562773,False,False,False,-5.910039509027774,5.910039509027774,0.17250970436684054,False,LOW,POINT_BELOW_LIMIT
C08480,L5,ASIC,125.06,1.215,11.7245,12.9168,14.0945,34.2061,1.1624,1.3706,1.5009,4.1491,Sudden_Anomaly,50.0,batch_5,1.1922999999999995,27.27668351567461,8.891481337860743,45.66188569348847,36.77040435562773,False,False,False,6.92941648432539,6.92941648432539,0.43124157292566073,False,MEDIUM,POINT_BELOW_LIMIT
C08481,L5,ASIC,125.27,1.185,11.1199,12.272,12.9531,14.2571,1.168,1.3056,1.3623,1.4935,Normal,50.0,batch_5,1.1521000000000008,19.839926850694443,1.4547246728805767,38.225129028508306,36.77040435562773,False,False,False,-5.582826850694444,5.582826850694444,0.16369453923369318,False,LOW,POINT_BELOW_LIMIT
C08482,L5,FPGA,125.06,1.099,12.1218,12.7076,13.6109,14.1543,1.2754,1.3206,1.3929,1.4874,Normal,50.0,batch_5,0.585799999999999,15.992961524741208,-2.3922406530726583,34.37816370255507,36.77040435562773,False,False,False,-1.8386615247412088,1.8386615247412088,0.020614069264069262,False,VERY_LOW,POINT_BELOW_LIMIT
C08483,L5,ASIC,124.43,1.237,11.5394,11.8547,13.1113,34.1518,1.1736,1.2169,1.4038,4.1965,Sudden_Anomaly,50.0,batch_5,0.3152999999999988,14.507580637202377,-3.8776215406114893,32.89278281501625,36.77040435562773,False,False,False,19.644219362797624,19.644219362797624,0.025620351870351873,False,VERY_LOW,POINT_BELOW_LIMIT
C08484,L5,ADC,123.89,1.816,11.6334,11.8461,12.5864,14.2366,1.2348,1.2585,1.3101,1.5015,Normal,50.0,batch_5,0.2126999999999999,15.044555729291535,-3.3406464485223317,33.4297579071054,36.77040435562773,False,False,False,-0.8079557292915354,0.8079557292915354,0.030713636363636367,False,VERY_LOW,POINT_BELOW_LIMIT
C08485,L5,DAC,123.89,1.769,12.0276,13.1014,13.944,15.6537,1.2654,1.4047,1.5441,1.6616,Normal,50.0,batch_5,1.0738000000000003,17.64184960607865,-0.7433525717352154,36.02705178389252,36.77040435562773,False,False,False,-1.9881496060786503,1.9881496060786503,0.09446341176023837,False,VERY_LOW,POINT_BELOW_LIMIT
C08486,L5,DAC,126.03,1.797,11.9676,12.6979,13.2992,13.8414,1.2419,1.3457,1.3993,1.4541,Normal,50.0,batch_5,0.7303000000000015,18.962920561507936,0.5777183836940694,37.3481227393218,36.77040435562773,False,False,False,-5.1215205615079356,5.1215205615079356,0.13328166706014996,False,VERY_LOW,POINT_BELOW_LIMIT
C08487,L5,ASIC,124.1,1.217,11.7429,11.9835,11.8974,11.9835,1.2533,1.2828,1.2343,1.2389,High_Stable,50.0,batch_5,0.24059999999999881,14.360898861607138,-4.024303316206728,32.746101039421006,36.77040435562773,False,False,False,-2.377398861607139,2.377398861607139,0.017977849927849926,False,VERY_LOW,POINT_BELOW_LIMIT
C08488,L5,FPGA,126.0,1.112,11.3408,11.6499,12.0472,12.8856,1.205,1.2327,1.2608,1.379,Normal,50.0,batch_5,0.3091000000000008,14.504629370734138,-3.8805728070797283,32.889831548548,36.77040435562773,False,False,False,-1.6190293707341379,1.6190293707341379,0.04850414862914863,False,VERY_LOW,POINT_BELOW_LIMIT
C08489,L5,FPGA,124.2,1.096,12.6881,12.8081,12.9436,12.855,1.344,1.3715,1.3312,1.3658,High_Stable,50.0,batch_5,0.11999999999999922,13.550527954433768,-4.834674223380098,31.935730132247635,36.77040435562773,False,False,False,-0.6955279544337678,0.6955279544337678,0.009565079365079365,False,VERY_LOW,POINT_BELOW_LIMIT
C08490,L5,FPGA,124.68,1.1,12.1505,12.2517,12.4128,12.5856,1.2524,1.2709,1.2744,1.3309,High_Stable,50.0,batch_5,0.1012000000000004,13.128853944047622,-5.256348233766245,31.514056121861486,36.77040435562773,False,False,False,-0.5432539440476223,0.5432539440476223,0.0,False,VERY_LOW,POINT_BELOW_LIMIT
C08491,L5,ADC,125.5,1.806,11.7196,12.7047,13.9901,14.5325,1.2378,1.3179,1.509,1.5803,Normal,50.0,batch_5,0.985100000000001,19.744096713988114,1.3588945361742475,38.12929889180198,36.77040435562773,False,False,False,-5.211596713988113,5.211596713988113,0.14062495198636332,False,VERY_LOW,POINT_BELOW_LIMIT
C08492,L5,FPGA,126.07,1.104,11.6081,12.0851,12.8757,13.2963,1.2366,1.3151,1.3725,1.401,Normal,50.0,batch_5,0.4770000000000003,17.00327180680418,-1.3819303710096875,35.388473984618045,36.77040435562773,False,False,False,-3.7069718068041784,3.7069718068041784,0.19650209161398416,False,LOW,POINT_BELOW_LIMIT
C08493,L5,FPGA,126.03,1.093,11.6815,12.6931,13.8317,14.7555,1.192,1.2805,1.4651,1.572,Normal,50.0,batch_5,1.0115999999999996,18.424085476488095,0.03888329867422868,36.80928765430196,36.77040435562773,False,False,False,-3.6685854764880954,3.6685854764880954,0.19163102822268585,False,LOW,POINT_BELOW_LIMIT
C08494,L5,FPGA,126.69,1.109,11.7916,12.5935,12.5791,13.2463,1.194,1.3215,1.3234,1.3558,Normal,50.0,batch_5,0.8018999999999998,18.0709740267857,-0.3142281510281677,36.456176204599565,36.77040435562773,False,False,False,-4.824674026785699,4.824674026785699,0.25851026378952363,False,LOW,POINT_BELOW_LIMIT
C08495,L5,FPGA,126.11,1.122,11.9682,12.933,13.3002,13.8215,1.2486,1.3647,1.385,1.4453,Normal,50.0,batch_5,0.9648000000000003,18.5434041132215,0.15820193540763228,36.928606291035365,36.77040435562773,False,False,False,-4.721904113221498,4.721904113221498,0.05040544455544455,False,VERY_LOW,POINT_BELOW_LIMIT
C08496,L5,ADC,124.59,1.796,11.3422,12.1144,13.2676,13.6419,1.2307,1.2494,1.378,1.4236,Normal,50.0,batch_5,0.7721999999999998,19.861766480357147,1.4765643025432809,38.24696865817101,36.77040435562773,False,False,False,-6.2198664803571475,6.2198664803571475,0.13721095457689883,False,VERY_LOW,POINT_BELOW_LIMIT
C08497,L5,FPGA,123.88,1.084,11.6464,12.1907,12.7202,12.8325,1.2323,1.3062,1.3243,1.3432,Normal,50.0,batch_5,0.5442999999999998,17.812068459043058,-0.5731337187708085,36.19727063685693,36.77040435562773,False,False,False,-4.979568459043058,4.979568459043058,0.14736797531960066,False,VERY_LOW,POINT_BELOW_LIMIT
C08498,L5,ASIC,125.6,1.227,11.3879,11.8988,13.1466,14.9477,1.1754,1.2236,1.4161,1.6221,Normal,50.0,batch_5,0.5108999999999995,14.947916134226197,-3.437286043587669,33.333118312040064,36.77040435562773,False,False,False,-0.00021613422619815026,0.00021613422619815026,0.028871092916745094,False,VERY_LOW,POINT_BELOW_LIMIT
C08499,L5,ASIC,124.01,1.176,11.1793,11.7856,12.814,13.9696,1.2289,1.2351,1.3485,1.4773,Normal,50.0,batch_5,0.606300000000001,16.87032437070125,-1.5148778071126152,35.25552654851512,36.77040435562773,False,False,False,-2.9007243707012513,2.9007243707012513,0.12790784970390226,False,VERY_LOW,POINT_BELOW_LIMIT
C08500,L5,ASIC,126.76,1.212,11.009,10.9986,10.8287,10.8302,1.1407,1.1343,1.1115,1.1653,High_Stable,50.0,batch_5,-0.010400000000000631,13.178696702119407,-5.20650547569446,31.563898879933273,36.77040435562773,False,False,False,-2.348496702119407,2.348496702119407,0.025271428571428573,False,VERY_LOW,POINT_BELOW_LIMIT
C08501,L5,ADC,124.25,1.8,11.8219,12.857,14.8695,20.8657,1.2348,1.3283,1.5884,2.3395,Latent_Defect,50.0,batch_5,1.0351,17.489679465575392,-0.8955227122384741,35.87488164338926,36.77040435562773,False,False,False,3.376020534424608,3.376020534424608,0.14784709647078062,False,VERY_LOW,POINT_BELOW_LIMIT
C08502,L5,FPGA,125.37,1.093,11.387,12.0886,12.6705,13.2164,1.187,1.2906,1.3443,1.3978,Normal,50.0,batch_5,0.7015999999999991,14.341942615277771,-4.043259562536095,32.72714479309164,36.77040435562773,False,False,False,-1.1255426152777712,1.1255426152777712,0.03451891176456394,False,VERY_LOW,POINT_BELOW_LIMIT
C08503,L5,ASIC,124.62,1.163,11.4488,11.6549,11.6893,11.8848,1.2491,1.2209,1.2288,1.2747,High_Stable,50.0,batch_5,0.20609999999999928,13.698784415503248,-4.686417762310619,32.083986593317114,36.77040435562773,False,False,False,-1.8139844155032474,1.8139844155032474,0.06087154526498314,False,VERY_LOW,POINT_BELOW_LIMIT
C08504,L5,ADC,124.7,1.774,12.477,12.7378,12.7197,12.865,1.3009,1.33,1.3449,1.2929,High_Stable,50.0,batch_5,0.2607999999999997,13.909777025198398,-4.475425152615468,32.29497920301226,36.77040435562773,False,False,False,-1.0447770251983979,1.0447770251983979,0.013446031746031746,False,VERY_LOW,POINT_BELOW_LIMIT
C08505,L5,DAC,125.74,1.813,12.1934,12.9628,13.1654,13.9328,1.2923,1.3855,1.3774,1.4667,Normal,50.0,batch_5,0.7693999999999992,16.21146224940476,-2.1737399284091055,34.59666442721863,36.77040435562773,False,False,False,-2.2786622494047606,2.2786622494047606,0.09579876451377999,False,VERY_LOW,POINT_BELOW_LIMIT
C08506,L5,FPGA,126.27,1.133,11.3889,11.7592,14.168,35.0064,1.1788,1.2585,1.5261,4.299,Sudden_Anomaly,50.0,batch_5,0.3703000000000003,15.682284711507927,-2.702917466305939,34.06748688932179,36.77040435562773,False,False,False,19.324115288492074,19.324115288492074,0.07640261306797179,False,VERY_LOW,POINT_BELOW_LIMIT
C08507,L5,ADC,124.8,1.793,12.059,12.7147,12.9185,14.1265,1.2358,1.3283,1.3529,1.5224,Normal,50.0,batch_5,0.6557000000000013,19.589525297420625,1.2043231196067588,37.97472747523449,36.77040435562773,False,False,False,-5.463025297420625,5.463025297420625,0.1616688475357071,False,LOW,POINT_BELOW_LIMIT
C08508,L5,DAC,124.02,1.807,12.095,12.892,13.8899,14.1428,1.3099,1.3648,1.4987,1.4934,Normal,50.0,batch_5,0.7969999999999988,16.69167540912699,-1.6935267686868762,35.07687758694085,36.77040435562773,False,False,False,-2.5488754091269907,2.5488754091269907,0.0594880341880342,False,VERY_LOW,POINT_BELOW_LIMIT
C08509,L5,DAC,125.05,1.804,11.8378,13.5209,17.3422,24.9479,1.2318,1.4132,1.8633,2.8385,Latent_Defect,50.0,batch_5,1.6830999999999996,35.28535618313495,16.900154005321085,53.67055836094882,36.77040435562773,False,True,False,-10.33745618313495,10.33745618313495,0.6346924027572018,True,MEDIUM,POINT_BELOW_LIMIT
C08510,L5,ASIC,124.39,1.206,11.7238,12.0538,12.6593,13.742,1.2345,1.2516,1.3484,1.5106,Normal,50.0,batch_5,0.33000000000000007,14.75384157943511,-3.631360598378757,33.13904375724898,36.77040435562773,False,False,False,-1.0118415794351083,1.0118415794351083,0.1156835967575596,False,VERY_LOW,POINT_BELOW_LIMIT
C08511,L5,ASIC,125.02,1.186,11.0589,12.7185,15.1212,20.2874,1.1238,1.3962,1.5991,2.2427,Latent_Defect,50.0,batch_5,1.659600000000001,38.926822246428586,20.54162006861472,57.31202442424245,36.77040435562773,False,True,False,-18.639422246428584,18.639422246428584,0.7389772659942019,True,MEDIUM,POINT_BELOW_LIMIT
C08512,L5,FPGA,124.27,1.076,11.4303,12.4358,13.5623,13.9402,1.1675,1.3051,1.4166,1.4496,Normal,50.0,batch_5,1.0054999999999996,23.474166901311882,5.088964723498016,41.85936907912575,36.77040435562773,False,False,False,-9.533966901311882,9.533966901311882,0.34275222506739994,False,LOW,POINT_BELOW_LIMIT
C08513,L5,ASIC,123.99,1.227,11.3674,12.0142,12.9929,14.5177,1.1764,1.2551,1.3842,1.5385,Normal,50.0,batch_5,0.6468000000000007,16.555317686348413,-1.829884491465453,34.94051986416228,36.77040435562773,False,False,False,-2.0376176863484137,2.0376176863484137,0.05544411524148367,False,VERY_LOW,POINT_BELOW_LIMIT
C08514,L5,ADC,124.35,1.82,11.5895,12.1557,13.0591,13.2228,1.1976,1.2888,1.3584,1.3942,Normal,50.0,batch_5,0.5662000000000003,14.955881256845236,-3.42932092096863,33.341083434659105,36.77040435562773,False,False,False,-1.733081256845237,1.733081256845237,0.06959448280477692,False,VERY_LOW,POINT_BELOW_LIMIT
C08515,L5,FPGA,126.63,1.112,11.5867,12.5943,14.2008,28.708,1.22,1.3198,1.4826,3.3523,Sudden_Anomaly,50.0,batch_5,1.0076,19.94210780833333,1.5569056305194628,38.3273099861472,36.77040435562773,False,False,False,8.76589219166667,8.76589219166667,0.13824719862479984,False,VERY_LOW,POINT_BELOW_LIMIT
C08516,L5,DAC,124.69,1.789,11.2345,12.1773,13.3638,14.156,1.1629,1.2482,1.4142,1.4933,Normal,50.0,batch_5,0.9428000000000001,19.5943297921883,1.2091276143744345,37.97953197000217,36.77040435562773,False,False,False,-5.4383297921883,5.4383297921883,0.36868212840872555,False,LOW,POINT_BELOW_LIMIT
C08517,L5,FPGA,124.98,1.123,11.7551,12.3363,12.7572,13.1781,1.2346,1.2734,1.3312,1.4112,Normal,50.0,batch_5,0.581199999999999,16.891913993739546,-1.49328818407432,35.277116171553416,36.77040435562773,False,False,False,-3.713813993739546,3.713813993739546,0.09692468254999217,False,VERY_LOW,POINT_BELOW_LIMIT
C08518,L5,ASIC,124.55,1.203,11.3682,11.8109,12.2356,12.8009,1.1922,1.2086,1.2926,1.3464,Normal,50.0,batch_5,0.4427000000000003,15.34446952242062,-3.0407326553932457,33.72967170023449,36.77040435562773,False,False,False,-2.5435695224206203,2.5435695224206203,0.04165374543756896,False,VERY_LOW,POINT_BELOW_LIMIT
C08519,L5,FPGA,125.39,1.119,11.1343,11.6716,12.681,14.1696,1.0769,1.2264,1.323,1.5215,Normal,50.0,batch_5,0.5373000000000001,14.67377428264738,-3.711427895166487,33.058976460461245,36.77040435562773,False,False,False,-0.5041742826473783,0.5041742826473783,0.04617484737484737,False,VERY_LOW,POINT_BELOW_LIMIT
C08520,L5,ASIC,123.76,1.197,11.4868,13.1299,16.6788,22.315,1.213,1.392,1.8061,2.5304,Latent_Defect,50.0,batch_5,1.6430999999999987,32.34875471124847,13.963552533434601,50.733956889062334,36.77040435562773,False,True,False,-10.033754711248466,10.033754711248466,0.5655207006855508,True,MEDIUM,POINT_BELOW_LIMIT
C08521,L5,FPGA,125.12,1.094,11.1008,11.9905,13.1855,14.1379,1.1086,1.228,1.4017,1.4954,Normal,50.0,batch_5,0.8897000000000013,16.089955563220034,-2.2952466145938324,34.4751577410339,36.77040435562773,False,False,False,-1.9520555632200338,1.9520555632200338,0.1696452903768514,False,LOW,POINT_BELOW_LIMIT
C08522,L5,ASIC,122.8,1.195,11.1301,12.1911,13.2438,14.6395,1.1421,1.3012,1.3817,1.5787,Normal,50.0,batch_5,1.061,24.01029963178209,5.625097453968223,42.395501809595956,36.77040435562773,False,False,False,-9.37079963178209,9.37079963178209,0.3923376927975701,False,LOW,POINT_BELOW_LIMIT
C08523,L5,ADC,126.08,1.836,12.0198,12.8677,13.8174,15.0674,1.2718,1.3756,1.4959,1.5907,Normal,50.0,batch_5,0.8478999999999992,20.327282853778854,1.9420806759649878,38.71248503159272,36.77040435562773,False,False,False,-5.259882853778855,5.259882853778855,0.18295196503774813,False,LOW,POINT_BELOW_LIMIT
C08524,L5,FPGA,125.8,1.11,11.804,13.8135,17.8248,23.7788,1.2388,1.4672,1.9387,2.7155,Latent_Defect,50.0,batch_5,2.009499999999999,41.20337606031748,22.818173882503615,59.58857823813135,36.77040435562773,False,True,False,-17.42457606031748,17.42457606031748,0.8752943907824614,True,HIGH,POINT_BELOW_LIMIT
C08525,L5,ASIC,125.77,1.218,11.862,12.6095,13.3494,14.2432,1.1879,1.3675,1.4581,1.5446,Normal,50.0,batch_5,0.7475000000000005,19.44224663282564,1.0570444550117735,37.82744881063951,36.77040435562773,False,False,False,-5.19904663282564,5.19904663282564,0.20381465132460563,False,LOW,POINT_BELOW_LIMIT
C08526,L5,FPGA,124.29,1.116,11.9092,12.676,13.5256,14.3748,1.2267,1.3261,1.4043,1.5478,Normal,50.0,batch_5,0.7667999999999999,16.744705439622173,-1.6404967381916933,35.12990761743604,36.77040435562773,False,False,False,-2.3699054396221726,2.3699054396221726,0.10115805371099484,False,VERY_LOW,POINT_BELOW_LIMIT
C08527,L5,DAC,124.03,1.822,11.957,12.7409,13.0786,14.8522,1.2694,1.4077,1.399,1.6363,Normal,50.0,batch_5,0.7838999999999992,17.08734052132936,-1.297861656484507,35.472542699143226,36.77040435562773,False,False,False,-2.2351405213293596,2.2351405213293596,0.1397893433896684,False,VERY_LOW,POINT_BELOW_LIMIT
C08528,L5,DAC,124.34,1.797,12.0004,12.5618,13.0744,13.5349,1.2611,1.318,1.413,1.4443,Normal,50.0,batch_5,0.561399999999999,15.764988685119045,-2.6202134926948215,34.15019086293291,36.77040435562773,False,False,False,-2.2300886851190445,2.2300886851190445,0.057140858556648036,False,VERY_LOW,POINT_BELOW_LIMIT
C08529,L5,DAC,124.91,1.813,11.6513,12.9058,15.0546,21.8626,1.2413,1.3374,1.5931,2.4646,Latent_Defect,50.0,batch_5,1.2544999999999984,21.855767744940486,3.47056556712662,40.24096992275435,36.77040435562773,False,False,False,0.006832255059514125,0.006832255059514125,0.22600200987859137,False,LOW,POINT_BELOW_LIMIT
C08530,L5,ASIC,124.38,1.189,10.8846,11.8126,12.8507,26.948,1.0963,1.2125,1.3513,3.1653,Sudden_Anomaly,50.0,batch_5,0.927999999999999,15.699598384208159,-2.685603793605708,34.084800562022025,36.77040435562773,False,False,False,11.248401615791842,11.248401615791842,0.07913116933544315,False,VERY_LOW,POINT_BELOW_LIMIT
C08531,L5,ADC,126.09,1.79,11.5632,12.2491,13.1644,13.9154,1.2155,1.2495,1.3692,1.4616,Normal,50.0,batch_5,0.6859000000000002,18.27882041121031,-0.1063817666035547,36.66402258902418,36.77040435562773,False,False,False,-4.363420411210312,4.363420411210312,0.2563502275818277,False,LOW,POINT_BELOW_LIMIT
C08532,L5,ADC,124.36,1.8,11.9958,12.312,13.1474,14.0499,1.2371,1.3121,1.4053,1.4508,Normal,50.0,batch_5,0.31620000000000026,14.791361494543652,-3.593840683270214,33.17656367235752,36.77040435562773,False,False,False,-0.7414614945436533,0.7414614945436533,0.05719192343604111,False,VERY_LOW,POINT_BELOW_LIMIT
C08533,L5,FPGA,125.54,1.087,11.6054,12.7253,15.6751,56.501,1.2227,1.3171,1.6912,7.9251,Absolute_Failure,50.0,batch_5,1.1199000000000012,20.030679789323866,1.6454776115099996,38.415881967137736,36.77040435562773,False,False,True,36.470320210676135,36.470320210676135,0.14921721728862658,False,VERY_LOW,POINT_BELOW_LIMIT
C08534,L5,ASIC,125.04,1.198,12.0502,12.4491,12.4557,12.3947,1.2273,1.3245,1.304,1.2721,High_Stable,50.0,batch_5,0.39889999999999937,15.19561525873017,-3.1895869190836965,33.58081743654404,36.77040435562773,False,False,False,-2.8009152587301696,2.8009152587301696,0.039920329670329664,False,VERY_LOW,POINT_BELOW_LIMIT
C08535,L5,FPGA,125.67,1.112,11.5342,12.4356,13.3842,14.8105,1.1933,1.3332,1.3837,1.5632,Normal,50.0,batch_5,0.9014000000000006,17.072661089196934,-1.312541088616932,35.4578632670108,36.77040435562773,False,False,False,-2.262161089196935,2.262161089196935,0.1530182452771798,False,LOW,POINT_BELOW_LIMIT
C08536,L5,DAC,124.79,1.789,12.0175,13.3383,14.463,15.8847,1.2322,1.4148,1.5483,1.6975,Normal,50.0,batch_5,1.3208000000000002,30.17228075361718,11.787078575803314,48.557482931431046,36.77040435562773,False,False,False,-14.28758075361718,14.28758075361718,0.41343174722766046,False,MEDIUM,POINT_BELOW_LIMIT
C08537,L5,ASIC,124.83,1.206,11.4793,12.1069,13.4057,14.0589,1.1947,1.2324,1.4391,1.4959,Normal,50.0,batch_5,0.6275999999999993,15.350903424549058,-3.0342987532648085,33.736105602362926,36.77040435562773,False,False,False,-1.2920034245490584,1.2920034245490584,0.09155266955266954,False,VERY_LOW,POINT_BELOW_LIMIT
C08538,L5,ASIC,125.66,1.211,11.5446,12.2705,12.7906,14.1678,1.1905,1.2961,1.3128,1.5124,Normal,50.0,batch_5,0.7258999999999993,15.658907625703584,-2.726294552110282,34.04410980351745,36.77040435562773,False,False,False,-1.4911076257035845,1.4911076257035845,0.024704647313470843,False,VERY_LOW,POINT_BELOW_LIMIT
C08539,L5,ASIC,125.42,1.19,11.6094,12.7078,15.8785,21.9362,1.224,1.348,1.7251,2.4808,Latent_Defect,50.0,batch_5,1.0983999999999998,18.766145829479537,0.380943651665671,37.15134800729341,36.77040435562773,False,False,False,3.170054170520462,3.170054170520462,0.2592293215236874,False,LOW,POINT_BELOW_LIMIT
C08540,L5,ASIC,124.83,1.184,11.0378,11.6503,12.2752,14.1422,1.145,1.237,1.2752,1.4815,Normal,50.0,batch_5,0.6124999999999989,15.56608883286063,-2.8191133449532355,33.951291010674495,36.77040435562773,False,False,False,-1.42388883286063,1.42388883286063,0.0726837162837163,False,VERY_LOW,POINT_BELOW_LIMIT
C08541,L5,ASIC,126.24,1.177,11.3993,12.1523,12.3398,13.2155,1.1825,1.2844,1.2663,1.3901,Normal,50.0,batch_5,0.7530000000000001,18.34573054365884,-0.03947163415502786,36.730932721472705,36.77040435562773,False,False,False,-5.130230543658838,5.130230543658838,0.1527577878579594,False,LOW,POINT_BELOW_LIMIT
C08542,L5,ADC,123.83,1.793,11.8484,12.6083,13.1337,13.816,1.2391,1.2886,1.3751,1.443,Normal,50.0,batch_5,0.7599,17.88541470178572,-0.4997874760281462,36.27061687959959,36.77040435562773,False,False,False,-4.069414701785719,4.069414701785719,0.16548002402654086,False,LOW,POINT_BELOW_LIMIT
C08543,L5,DAC,124.79,1.782,12.4516,12.9378,13.4236,13.8546,1.3145,1.4058,1.43,1.4251,Normal,50.0,batch_5,0.4862000000000002,15.360103496664896,-3.02509868114897,33.745305674478765,36.77040435562773,False,False,False,-1.5055034966648968,1.5055034966648968,0.049403823953823964,False,VERY_LOW,POINT_BELOW_LIMIT
C08544,L5,ASIC,125.2,1.18,10.7599,11.9541,13.7138,31.8314,1.1429,1.2593,1.4639,3.7852,Sudden_Anomaly,50.0,batch_5,1.1942000000000004,22.778737457440435,4.393535279626569,41.1639396352543,36.77040435562773,False,False,False,9.052662542559563,9.052662542559563,0.28573666538717946,False,LOW,POINT_BELOW_LIMIT
C08545,L5,ADC,123.93,1.818,11.4118,12.1796,12.852,13.9821,1.2021,1.227,1.3819,1.484,Normal,50.0,batch_5,0.7678000000000011,24.727466955257942,6.3422647774440755,43.112669133071805,36.77040435562773,False,False,False,-10.745366955257941,10.745366955257941,0.17998588418543665,False,LOW,POINT_BELOW_LIMIT
C08546,L5,FPGA,124.82,1.106,11.9869,12.4432,13.0862,14.4553,1.2662,1.3111,1.3441,1.5549,Normal,50.0,batch_5,0.4562999999999988,17.577691130158723,-0.8075110476551437,35.96289330797259,36.77040435562773,False,False,False,-3.1223911301587233,3.1223911301587233,0.059796648002839965,False,VERY_LOW,POINT_BELOW_LIMIT
C08547,L5,ADC,125.28,1.818,12.101,12.9769,17.9778,53.9689,1.2748,1.3925,1.9583,7.4848,Absolute_Failure,50.0,batch_5,0.8758999999999997,16.836064819444445,-1.5491373583694212,35.22126699725831,36.77040435562773,False,False,True,37.13283518055555,37.13283518055555,0.10953939418293968,False,VERY_LOW,POINT_BELOW_LIMIT
C08548,L5,FPGA,124.55,1.129,11.3507,11.6706,12.9481,13.7064,1.1669,1.2178,1.3677,1.4884,Normal,50.0,batch_5,0.3199000000000005,15.312556581547621,-3.072645596266245,33.69775875936149,36.77040435562773,False,False,False,-1.606156581547621,1.606156581547621,0.17634814035293905,False,LOW,POINT_BELOW_LIMIT
C08549,L5,DAC,124.57,1.806,12.4716,12.7618,13.0873,12.8399,1.3226,1.3193,1.4129,1.3799,Normal,50.0,batch_5,0.2901999999999987,14.042907048511891,-4.342295129301975,32.42810922632576,36.77040435562773,False,False,False,-1.2030070485118909,1.2030070485118909,0.002533333333333333,False,VERY_LOW,POINT_BELOW_LIMIT
C08550,L5,ASIC,126.76,1.186,11.2492,11.9232,12.2649,12.6559,1.1882,1.2221,1.2689,1.3774,Normal,50.0,batch_5,0.6739999999999995,18.189487436715375,-0.19571474109849163,36.57468961452924,36.77040435562773,False,False,False,-5.533587436715374,5.533587436715374,0.0649402337497384,False,VERY_LOW,POINT_BELOW_LIMIT
C08551,L5,DAC,124.13,1.825,12.4149,13.12,14.5125,15.5839,1.3245,1.4251,1.5444,1.6452,Normal,50.0,batch_5,0.7050999999999998,16.33017303073064,-2.055029147083225,34.71537520854451,36.77040435562773,False,False,False,-0.7462730307306416,0.7462730307306416,0.05899035686535687,False,VERY_LOW,POINT_BELOW_LIMIT
C08552,L5,FPGA,124.26,1.097,11.8129,12.7112,13.104,14.3343,1.223,1.3083,1.3933,1.5235,Normal,50.0,batch_5,0.898299999999999,17.94245678769843,-0.44274539011543723,36.3276589655123,36.77040435562773,False,False,False,-3.6081567876984284,3.6081567876984284,0.18247321386559776,False,LOW,POINT_BELOW_LIMIT
C08553,L5,DAC,124.83,1.794,11.6952,12.8206,13.9719,14.694,1.2341,1.3256,1.4415,1.5316,Normal,50.0,batch_5,1.1254000000000008,19.295892513352616,0.9106903355387495,37.68109469116648,36.77040435562773,False,False,False,-4.601892513352615,4.601892513352615,0.1753100472970442,False,LOW,POINT_BELOW_LIMIT
C08554,L5,DAC,124.77,1.789,12.1631,14.1847,17.9646,24.6486,1.2913,1.5171,1.9399,2.8219,Latent_Defect,50.0,batch_5,2.0215999999999994,41.38986151230155,23.004659334487684,59.77506369011542,36.77040435562773,False,True,False,-16.741261512301552,16.741261512301552,0.8829182707213671,True,HIGH,POINT_BELOW_LIMIT
C08555,L5,ADC,125.57,1.803,11.9177,13.0333,13.7853,15.0876,1.2642,1.3388,1.4242,1.6083,Normal,50.0,batch_5,1.1156000000000006,19.43763195664683,1.0524297788329626,37.82283413446069,36.77040435562773,False,False,False,-4.350031956646829,4.350031956646829,0.18672880143764042,False,LOW,POINT_BELOW_LIMIT
C08556,L5,FPGA,126.79,1.042,11.5298,12.3135,12.9417,14.0576,1.1958,1.2844,1.3806,1.4978,Normal,50.0,batch_5,0.7836999999999996,21.520469362599226,3.1352671847853593,39.905671540413095,36.77040435562773,False,False,False,-7.462869362599225,7.462869362599225,0.2159157086814712,False,LOW,POINT_BELOW_LIMIT
C08557,L5,DAC,125.48,1.821,12.3307,12.8425,15.0115,55.7935,1.2814,1.2997,1.5916,7.8078,Absolute_Failure,50.0,batch_5,0.5117999999999991,17.495431492361128,-0.8897706854527385,35.880633670174994,36.77040435562773,False,False,True,38.298068507638874,38.298068507638874,0.16040654349950018,False,LOW,POINT_BELOW_LIMIT
C08558,L5,ASIC,124.59,1.205,11.1362,12.8482,15.1793,20.8898,1.1567,1.4022,1.6401,2.2949,Latent_Defect,50.0,batch_5,1.7119999999999997,36.11491069295634,17.729708515142477,54.50011287077021,36.77040435562773,False,True,False,-15.225110692956342,15.225110692956342,0.7684772546708163,True,HIGH,POINT_BELOW_LIMIT
C08559,L5,ASIC,125.06,1.185,11.2119,12.9196,13.9566,30.4074,1.1421,1.3531,1.4684,3.625,Sudden_Anomaly,50.0,batch_5,1.7077000000000009,40.456380384550855,22.071178206736988,58.84158256236472,36.77040435562773,False,True,False,-10.048980384550855,10.048980384550855,0.8098181848263949,True,HIGH,POINT_BELOW_LIMIT
C08560,L5,ADC,125.36,1.804,11.6051,12.493,13.5209,14.0154,1.241,1.3393,1.4207,1.4226,Normal,50.0,batch_5,0.8879000000000001,21.846260548944784,3.4610583711309175,40.23146272675865,36.77040435562773,False,False,False,-7.830860548944784,7.830860548944784,0.35631762074265305,False,LOW,POINT_BELOW_LIMIT
C08561,L5,DAC,124.11,1.803,12.3726,12.727,12.781,12.6933,1.309,1.3149,1.2958,1.2828,High_Stable,50.0,batch_5,0.35440000000000005,15.016324037500008,-3.368878140313859,33.40152621531387,36.77040435562773,False,False,False,-2.323024037500007,2.323024037500007,0.02225574513206092,False,VERY_LOW,POINT_BELOW_LIMIT
C08562,L5,ADC,124.68,1.784,11.2374,11.6544,11.9579,12.3206,1.1844,1.2237,1.2387,1.2879,Normal,50.0,batch_5,0.4170000000000016,14.616286007178937,-3.7689161706349292,33.0014881849928,36.77040435562773,False,False,False,-2.2956860071789364,2.2956860071789364,0.0736613917128623,False,VERY_LOW,POINT_BELOW_LIMIT
C08563,L5,FPGA,126.69,1.113,11.0397,11.6147,12.2381,12.4675,1.1664,1.2386,1.2762,1.2862,Normal,50.0,batch_5,0.5749999999999993,16.258655166451913,-2.1265470113619536,34.64385734426578,36.77040435562773,False,False,False,-3.7911551664519134,3.7911551664519134,0.10244664497906182,False,VERY_LOW,POINT_BELOW_LIMIT
C08564,L5,ADC,124.87,1.814,12.3753,12.4032,12.5516,12.6142,1.2704,1.3005,1.3013,1.3231,High_Stable,50.0,batch_5,0.027900000000000702,13.100483633143943,-5.284718544669923,31.48568581095781,36.77040435562773,False,False,False,-0.48628363314394285,0.48628363314394285,0.002142857142857143,False,VERY_LOW,POINT_BELOW_LIMIT
C08565,L5,ASIC,126.4,1.191,11.3595,12.5955,17.0726,50.0572,1.1901,1.312,1.8411,6.775,Absolute_Failure,50.0,batch_5,1.2359999999999989,21.42744658164681,3.0422444038329424,39.81264875946067,36.77040435562773,False,False,True,28.629753418353193,28.629753418353193,0.27332555967379546,False,LOW,POINT_BELOW_LIMIT
C08566,L5,ADC,125.85,1.784,11.9541,13.1832,13.4939,14.095,1.2619,1.3866,1.3727,1.5266,Normal,50.0,batch_5,1.229099999999999,21.16073568095239,2.775533503138522,39.54593785876625,36.77040435562773,False,False,False,-7.065735680952388,7.065735680952388,0.21892017339385753,False,LOW,POINT_BELOW_LIMIT
C08567,L5,ASIC,124.87,1.215,12.181,12.6382,14.1784,36.932,1.3366,1.3436,1.4994,4.5295,Sudden_Anomaly,50.0,batch_5,0.4572000000000003,17.588795335515876,-0.7964068422979906,35.97399751332974,36.77040435562773,False,False,False,19.343204664484126,19.343204664484126,0.011668253968253968,False,VERY_LOW,POINT_BELOW_LIMIT
C08568,L5,ASIC,126.2,1.206,11.3865,11.8879,12.4476,12.8821,1.1988,1.2402,1.3319,1.4102,Normal,50.0,batch_5,0.5014000000000003,17.96912492341271,-0.4160772544011557,36.35432710122657,36.77040435562773,False,False,False,-5.087024923412711,5.087024923412711,0.08198316261601428,False,VERY_LOW,POINT_BELOW_LIMIT
C08569,L5,ADC,126.18,1.81,12.6697,12.8429,13.0598,13.3165,1.3428,1.3642,1.3972,1.4005,High_Stable,50.0,batch_5,0.17319999999999958,14.50754389352106,-3.8776582842928065,32.892746071334926,36.77040435562773,False,False,False,-1.1910438935210603,1.1910438935210603,0.018959126984126978,False,VERY_LOW,POINT_BELOW_LIMIT
C08570,L5,DAC,125.6,1.789,11.6246,12.2618,13.2371,14.4207,1.2233,1.2516,1.4243,1.5356,Normal,50.0,batch_5,0.6372,16.78407319920636,-1.6011289786075054,35.16927537702023,36.77040435562773,False,False,False,-2.363373199206361,2.363373199206361,0.08260240744842086,False,VERY_LOW,POINT_BELOW_LIMIT
C08571,L5,ASIC,125.17,1.204,11.9701,12.9005,13.4112,14.0634,1.2325,1.3554,1.4273,1.5128,Normal,50.0,batch_5,0.9303999999999988,18.876204774801582,0.4910025969877161,37.261406952615445,36.77040435562773,False,False,False,-4.812804774801583,4.812804774801583,0.09201357009004064,False,VERY_LOW,POINT_BELOW_LIMIT
C08572,L5,DAC,123.33,1.8,11.9153,12.2368,12.3542,12.1789,1.2435,1.3376,1.2843,1.3147,High_Stable,50.0,batch_5,0.32150000000000034,15.876609291964275,-2.508592885849591,34.26181146977814,36.77040435562773,False,False,False,-3.6977092919642747,3.6977092919642747,0.06492701211831649,False,VERY_LOW,POINT_BELOW_LIMIT
C08573,L5,FPGA,127.24,1.098,11.7909,13.4975,15.0785,22.2531,1.2714,1.4299,1.5874,2.5234,Latent_Defect,50.0,batch_5,1.7066,31.623913796437595,13.238711618623729,50.00911597425146,36.77040435562773,False,True,False,-9.370813796437595,9.370813796437595,0.6060689438730155,True,MEDIUM,POINT_BELOW_LIMIT
C08574,L5,ASIC,124.53,1.186,11.0694,10.9941,11.0987,10.6878,1.1596,1.1537,1.1716,1.1319,High_Stable,50.0,batch_5,-0.07530000000000037,13.098517456950697,-5.286684720863169,31.48371963476456,36.77040435562773,False,False,False,-2.4107174569506977,2.4107174569506977,0.0778816058210795,False,VERY_LOW,POINT_BELOW_LIMIT
C08575,L5,ASIC,125.04,1.192,11.3586,12.0152,12.7435,13.6469,1.2288,1.2481,1.3451,1.4128,Normal,50.0,batch_5,0.656600000000001,18.376386009195663,-0.008816168618203335,36.76158818700953,36.77040435562773,False,False,False,-4.7294860091956625,4.7294860091956625,0.1792039321307459,False,LOW,POINT_BELOW_LIMIT
C08576,L5,FPGA,126.1,1.087,11.1942,13.0316,14.9376,18.8432,1.1821,1.2967,1.6054,2.0784,Latent_Defect,50.0,batch_5,1.8373999999999988,37.27328751426771,18.88808533645384,55.658489692081574,36.77040435562773,False,True,False,-18.430087514267708,18.430087514267708,0.713684468202462,True,MEDIUM,POINT_BELOW_LIMIT
C08577,L5,ADC,124.8,1.822,12.1349,12.1906,12.5136,13.0675,1.2324,1.3211,1.2932,1.4125,High_Stable,50.0,batch_5,0.05569999999999986,14.2563405733225,-4.128861604491366,32.64154275113637,36.77040435562773,False,False,False,-1.1888405733224996,1.1888405733224996,0.03806810248574955,False,VERY_LOW,POINT_BELOW_LIMIT
C08578,L5,DAC,126.12,1.806,11.8964,13.1606,17.036,22.4592,1.2082,1.3982,1.8668,2.5277,Latent_Defect,50.0,batch_5,1.2642000000000007,23.006126599603153,4.620924421789287,41.391328777417016,36.77040435562773,False,False,False,-0.5469265996031538,0.5469265996031538,0.2435220576523679,False,LOW,POINT_BELOW_LIMIT
C08579,L5,DAC,124.46,1.818,12.1482,12.7473,13.7872,14.2624,1.2411,1.2822,1.5116,1.476,Normal,50.0,batch_5,0.5991,20.608784796744235,2.2235826189303687,38.9939869745581,36.77040435562773,False,False,False,-6.3463847967442355,6.3463847967442355,0.28705008128266624,False,LOW,POINT_BELOW_LIMIT
C08580,L5,DAC,124.53,1.823,11.947,13.7033,20.3373,52.7965,1.2457,1.4709,2.2306,7.275,Absolute_Failure,50.0,batch_5,1.7563000000000013,37.755921049702366,19.3707188718885,56.14112322751623,36.77040435562773,False,True,True,15.040578950297636,15.040578950297636,0.6361573979333756,True,MEDIUM,POINT_BELOW_LIMIT
C08581,L5,DAC,125.79,1.794,11.9486,12.6693,13.3891,13.9934,1.2311,1.3471,1.4085,1.5394,Normal,50.0,batch_5,0.720699999999999,19.37868612768759,0.993483949873724,37.76388830550145,36.77040435562773,False,False,False,-5.385286127687591,5.385286127687591,0.09170244842876417,False,VERY_LOW,POINT_BELOW_LIMIT
C08582,L5,DAC,125.23,1.799,11.5422,11.8203,12.8508,13.815,1.1871,1.2312,1.3242,1.399,Normal,50.0,batch_5,0.27810000000000024,14.28062311112013,-4.104579066693736,32.665825288933995,36.77040435562773,False,False,False,-0.4656231111201308,0.4656231111201308,0.03490864135864135,False,VERY_LOW,POINT_BELOW_LIMIT
C08583,L5,FPGA,125.13,1.097,11.3893,11.5791,11.4754,11.9016,1.205,1.1911,1.187,1.2639,High_Stable,50.0,batch_5,0.18979999999999997,13.765279550892853,-4.619922626921014,32.15048172870672,36.77040435562773,False,False,False,-1.8636795508928525,1.8636795508928525,0.04675948495948497,False,VERY_LOW,POINT_BELOW_LIMIT
C08584,L5,FPGA,124.87,1.092,11.7671,12.5897,12.6315,13.9786,1.2322,1.3278,1.3273,1.4534,Normal,50.0,batch_5,0.8226000000000013,20.72883905982143,2.343636882007562,39.11404123763529,36.77040435562773,False,False,False,-6.750239059821428,6.750239059821428,0.42131344101733487,False,MEDIUM,POINT_BELOW_LIMIT
C08585,L5,ADC,125.02,1.792,11.7301,12.7789,13.1815,13.847,1.2504,1.3108,1.4141,1.4337,Normal,50.0,batch_5,1.0488,16.356745641590365,-2.0284565362235014,34.74194781940423,36.77040435562773,False,False,False,-2.5097456415903654,2.5097456415903654,0.07672326093239407,False,VERY_LOW,POINT_BELOW_LIMIT
C08586,L5,FPGA,125.17,1.101,11.7605,11.8315,11.9439,11.8721,1.251,1.2691,1.2415,1.2547,High_Stable,50.0,batch_5,0.07099999999999973,12.704148252678586,-5.681053925135281,31.089350430492452,36.77040435562773,False,False,False,-0.832048252678586,0.832048252678586,0.013975108225108225,False,VERY_LOW,POINT_BELOW_LIMIT
C08587,L5,DAC,125.23,1.781,11.7433,12.9515,13.3382,14.8471,1.2367,1.3488,1.4215,1.6124,Normal,50.0,batch_5,1.2081999999999997,20.600059600694458,2.2148574228805913,38.985261778508324,36.77040435562773,False,False,False,-5.752959600694458,5.752959600694458,0.19297627895566039,False,LOW,POINT_BELOW_LIMIT
C08588,L5,ADC,125.69,1.793,12.1622,13.3674,14.46,14.5859,1.2454,1.4156,1.5144,1.5465,Normal,50.0,batch_5,1.2051999999999996,23.59420185089285,5.208999673078985,41.97940402870672,36.77040435562773,False,False,False,-9.00830185089285,9.00830185089285,0.23320832338202166,False,LOW,POINT_BELOW_LIMIT
C08589,L5,FPGA,123.69,1.103,10.9465,11.8487,12.2256,12.5575,1.1707,1.2487,1.2907,1.3346,Normal,50.0,batch_5,0.9021999999999988,17.154101872992975,-1.2311003048208917,35.53930405080684,36.77040435562773,False,False,False,-4.596601872992975,4.596601872992975,0.11773178480446281,False,VERY_LOW,POINT_BELOW_LIMIT
C08590,L5,ADC,124.77,1.834,12.0098,15.0878,21.6737,58.9229,1.2918,1.635,2.4239,8.409,Absolute_Failure,50.0,batch_5,3.0779999999999994,56.17543969454363,37.79023751672976,74.5606418723575,36.77040435562773,True,True,True,2.7474603054563715,2.7474603054563715,0.9840138005870981,True,HIGH,POINT_ABOVE_LIMIT
C08591,L5,ASIC,124.6,1.207,11.4424,12.0535,12.9681,14.3019,1.1529,1.2593,1.3746,1.5637,Normal,50.0,batch_5,0.6111000000000004,16.62767265900975,-1.757529518804116,35.01287483682361,36.77040435562773,False,False,False,-2.3257726590097505,2.3257726590097505,0.0444487012987013,False,VERY_LOW,POINT_BELOW_LIMIT
C08592,L5,ASIC,126.36,1.196,10.8589,11.5385,12.271,12.4663,1.1265,1.2185,1.3208,1.3183,Normal,50.0,batch_5,0.6796000000000006,14.250763891468257,-4.13443828634561,32.63596606928212,36.77040435562773,False,False,False,-1.7844638914682562,1.7844638914682562,0.04736391304601832,False,VERY_LOW,POINT_BELOW_LIMIT
C08593,L5,DAC,125.35,1.82,12.4349,13.076,13.7781,14.6298,1.315,1.4127,1.44,1.5968,Normal,50.0,batch_5,0.6410999999999998,16.435906767598897,-1.9492954102149689,34.82110894541276,36.77040435562773,False,False,False,-1.806106767598898,1.806106767598898,0.09072061097612244,False,VERY_LOW,POINT_BELOW_LIMIT
C08594,L5,ASIC,124.15,1.193,11.0274,11.8962,13.4014,14.031,1.1484,1.241,1.3992,1.4709,Normal,50.0,batch_5,0.8688000000000002,16.071136552678567,-2.3140656251352993,34.45633873049243,36.77040435562773,False,False,False,-2.0401365526785664,2.0401365526785664,0.10909128828127347,False,VERY_LOW,POINT_BELOW_LIMIT
C08595,L5,ASIC,126.29,1.207,11.1964,12.2675,13.2422,13.6385,1.1631,1.3108,1.4086,1.4836,Normal,50.0,batch_5,1.0710999999999995,17.478913802083323,-0.9062883757305435,35.86411597989719,36.77040435562773,False,False,False,-3.8404138020833223,3.8404138020833223,0.26152612620716587,False,LOW,POINT_BELOW_LIMIT
C08596,L5,ADC,124.41,1.792,11.6228,12.8224,17.77,60.4566,1.2371,1.3431,1.9352,8.6867,Absolute_Failure,50.0,batch_5,1.1996000000000002,22.515421601497113,4.130219423683247,40.900623779310976,36.77040435562773,False,False,True,37.941178398502885,37.941178398502885,0.3482030620941504,False,LOW,POINT_BELOW_LIMIT
C08597,L5,ASIC,125.34,1.2,11.0491,12.0993,12.6065,13.9165,1.1375,1.2475,1.3127,1.4798,Normal,50.0,batch_5,1.0502000000000002,16.222296294940474,-2.1629058828733925,34.607498472754344,36.77040435562773,False,False,False,-2.3057962949404747,2.3057962949404747,0.15967885223606385,False,LOW,POINT_BELOW_LIMIT
C08598,L5,DAC,125.76,1.809,11.6359,12.6947,13.6285,14.8067,1.2112,1.3477,1.425,1.598,Normal,50.0,batch_5,1.0587999999999997,18.482773205731085,0.09757102791721906,36.86797538354495,36.77040435562773,False,False,False,-3.676073205731086,3.676073205731086,0.1116064451630241,False,VERY_LOW,POINT_BELOW_LIMIT
C08599,L5,ASIC,125.03,1.195,11.6653,12.5294,13.0769,14.4505,1.1947,1.2935,1.3482,1.5046,Normal,50.0,batch_5,0.8641000000000005,16.272324139033188,-2.1128780387806785,34.657526316847054,36.77040435562773,False,False,False,-1.821824139033188,1.821824139033188,0.08600698355684115,False,VERY_LOW,POINT_BELOW_LIMIT
C08600,L5,FPGA,125.18,1.106,11.5781,12.0471,13.3514,14.3553,1.2237,1.2644,1.4272,1.5017,Normal,50.0,batch_5,0.4690000000000012,15.508671834290567,-2.8765303435232994,33.89387401210443,36.77040435562773,False,False,False,-1.1533718342905672,1.1533718342905672,0.16817328557531935,False,LOW,POINT_BELOW_LIMIT
C08601,L5,ASIC,124.76,1.192,11.7471,12.111,12.8627,13.3798,1.2541,1.2991,1.3809,1.4298,Normal,50.0,batch_5,0.363900000000001,14.2231603084596,-4.162041869354267,32.608362486273464,36.77040435562773,False,False,False,-0.8433603084595998,0.8433603084595998,0.02219040959040959,False,VERY_LOW,POINT_BELOW_LIMIT
C08602,L5,ADC,124.07,1.82,12.0337,13.411,14.2714,15.5388,1.2295,1.4311,1.5635,1.6517,Normal,50.0,batch_5,1.3773,34.24076940059523,15.85556722278136,52.62597157840909,36.77040435562773,False,True,False,-18.701969400595225,18.701969400595225,0.45926653117780014,False,MEDIUM,POINT_BELOW_LIMIT
C08603,L5,ASIC,124.22,1.182,11.5481,12.4929,14.9878,34.6334,1.1779,1.3303,1.5784,4.2584,Sudden_Anomaly,50.0,batch_5,0.9448000000000008,19.87199045942461,1.4867882816107425,38.257192637238475,36.77040435562773,False,False,False,14.761409540575393,14.761409540575393,0.21500077489948216,False,LOW,POINT_BELOW_LIMIT
C08604,L5,ASIC,125.2,1.211,11.8868,13.4093,20.2311,56.338,1.2371,1.4264,2.2894,7.8667,Absolute_Failure,50.0,batch_5,1.5225000000000009,32.080771014682526,13.69556883686866,50.46597319249639,36.77040435562773,False,True,True,24.257228985317475,24.257228985317475,0.49557108761805496,False,MEDIUM,POINT_BELOW_LIMIT
C08605,L5,ASIC,125.22,1.215,11.1967,11.7043,13.0524,13.9187,1.1606,1.2647,1.405,1.4688,Normal,50.0,batch_5,0.5076,15.090326514980166,-3.2948756628337,33.47552869279403,36.77040435562773,False,False,False,-1.1716265149801668,1.1716265149801668,0.04758514687926454,False,VERY_LOW,POINT_BELOW_LIMIT
C08606,L5,ASIC,123.36,1.207,11.0583,12.1853,13.146,13.7384,1.1136,1.3089,1.3881,1.4246,Normal,50.0,batch_5,1.1270000000000007,21.860593161656745,3.4753909838428783,40.24579533947061,36.77040435562773,False,False,False,-8.122193161656744,8.122193161656744,0.28732525660115565,False,LOW,POINT_BELOW_LIMIT
C08607,L5,FPGA,126.71,1.089,11.5775,12.1361,12.7597,13.9285,1.1671,1.2921,1.3257,1.4902,Normal,50.0,batch_5,0.5586000000000002,17.339672632948176,-1.0455295448656905,35.724874810762046,36.77040435562773,False,False,False,-3.411172632948176,3.411172632948176,0.16077887014945827,False,LOW,POINT_BELOW_LIMIT
C08608,L5,DAC,125.19,1.83,11.9193,12.2208,12.9412,13.6222,1.2157,1.3,1.3286,1.448,Normal,50.0,batch_5,0.30150000000000077,17.02866361220237,-1.3565385656114977,35.41386579001623,36.77040435562773,False,False,False,-3.4064636122023693,3.4064636122023693,0.08587528101241725,False,VERY_LOW,POINT_BELOW_LIMIT
C08609,L5,FPGA,124.25,1.123,11.6183,12.2327,12.3528,13.5742,1.1992,1.2758,1.3393,1.4417,Normal,50.0,batch_5,0.6143999999999998,15.488392937301585,-2.8968092405122814,33.87359511511545,36.77040435562773,False,False,False,-1.9141929373015856,1.9141929373015856,0.06148573073813012,False,VERY_LOW,POINT_BELOW_LIMIT
C08610,L5,ASIC,126.34,1.198,11.108,11.5164,12.2692,13.174,1.1586,1.1752,1.244,1.405,Normal,50.0,batch_5,0.4084000000000003,17.751347125784623,-0.6338550520292436,36.136549303598485,36.77040435562773,False,False,False,-4.577347125784623,4.577347125784623,0.048323878898878896,False,VERY_LOW,POINT_BELOW_LIMIT
C08611,L5,ADC,124.16,1.838,12.1356,12.6916,12.7201,14.4165,1.26,1.3363,1.3646,1.5683,Normal,50.0,batch_5,0.5559999999999992,19.131597041819997,0.7463948640061311,37.51679921963387,36.77040435562773,False,False,False,-4.715097041819998,4.715097041819998,0.2381168024957497,False,LOW,POINT_BELOW_LIMIT
C08612,L5,DAC,125.08,1.792,11.7525,13.0481,13.7519,14.5736,1.2203,1.3311,1.4659,1.5495,Normal,50.0,batch_5,1.2956000000000003,23.291475890476217,4.906273712662351,41.67667806829009,36.77040435562773,False,False,False,-8.717875890476217,8.717875890476217,0.2857219536371406,False,LOW,POINT_BELOW_LIMIT
C08613,L5,ASIC,125.8,1.168,11.9154,11.9433,11.9382,12.1765,1.2534,1.26,1.2258,1.2737,High_Stable,50.0,batch_5,0.027900000000000702,12.528406958639955,-5.856795219173911,30.91360913645382,36.77040435562773,False,False,False,-0.3519069586399546,0.3519069586399546,0.007323809523809523,False,VERY_LOW,POINT_BELOW_LIMIT
C08614,L5,ADC,124.31,1.807,11.9174,11.9634,11.6857,12.0792,1.2775,1.202,1.2316,1.2666,High_Stable,50.0,batch_5,0.045999999999999375,13.268418998809537,-5.116783179004329,31.653621176623403,36.77040435562773,False,False,False,-1.1892189988095367,1.1892189988095367,0.004478571428571429,False,VERY_LOW,POINT_BELOW_LIMIT
C08615,L5,FPGA,126.32,1.114,10.7223,11.9481,12.7146,14.0449,1.1324,1.2603,1.2659,1.5294,Normal,50.0,batch_5,1.2257999999999996,22.93404336054016,4.548841182726292,41.319245538354025,36.77040435562773,False,False,False,-8.889143360540158,8.889143360540158,0.3727770157949116,False,LOW,POINT_BELOW_LIMIT
C08616,L5,FPGA,125.66,1.089,11.2293,11.7362,12.3906,13.0836,1.1777,1.2241,1.2845,1.3448,Normal,50.0,batch_5,0.5068999999999999,14.47352201953781,-3.911680158276056,32.85872419735168,36.77040435562773,False,False,False,-1.38992201953781,1.38992201953781,0.031049778291883556,False,VERY_LOW,POINT_BELOW_LIMIT
C08617,L5,ASIC,124.21,1.207,11.1344,12.4136,15.7712,22.2807,1.1711,1.3068,1.6815,2.5076,Latent_Defect,50.0,batch_5,1.2792000000000012,19.374159708531725,0.9889575307178582,37.75936188634559,36.77040435562773,False,False,False,2.906540291468275,2.906540291468275,0.178416391579185,False,LOW,POINT_BELOW_LIMIT
C08618,L5,ADC,125.64,1.794,11.2984,11.9532,12.5583,13.1944,1.1637,1.2794,1.3028,1.4276,Normal,50.0,batch_5,0.6547999999999998,18.026223147111352,-0.358979030702514,36.41142532492522,36.77040435562773,False,False,False,-4.831823147111352,4.831823147111352,0.24702102557222017,False,LOW,POINT_BELOW_LIMIT
C08619,L5,ASIC,124.35,1.204,11.6803,11.662,11.9417,12.342,1.2073,1.2018,1.2443,1.3177,High_Stable,50.0,batch_5,-0.018299999999999983,12.220185111904764,-6.165017065909103,30.605387289718628,36.77040435562773,False,False,False,0.121814888095237,0.121814888095237,0.00458968253968254,False,VERY_LOW,POINT_BELOW_LIMIT
C08620,L5,ASIC,124.91,1.208,11.2388,11.4627,11.7398,11.8538,1.2311,1.2394,1.2117,1.1753,High_Stable,50.0,batch_5,0.22390000000000043,15.450906090007225,-2.9342960878066418,33.83610826782109,36.77040435562773,False,False,False,-3.597106090007225,3.597106090007225,0.10546322155395041,False,VERY_LOW,POINT_BELOW_LIMIT
C08621,L5,DAC,127.27,1.801,12.1403,12.796,13.1948,14.4459,1.2706,1.3508,1.3636,1.5269,Normal,50.0,batch_5,0.6556999999999995,21.798458710317476,3.4132565325036097,40.18366088813134,36.77040435562773,False,False,False,-7.352558710317476,7.352558710317476,0.12245804051768512,False,VERY_LOW,POINT_BELOW_LIMIT
C08622,L5,ADC,124.62,1.805,12.0228,13.8253,18.7232,60.9041,1.2567,1.4324,2.072,8.7831,Absolute_Failure,50.0,batch_5,1.8025000000000002,38.892517509893615,20.50731533207975,57.27771968770748,36.77040435562773,False,True,True,22.011582490106385,22.011582490106385,0.7021947807287607,True,MEDIUM,POINT_BELOW_LIMIT
C08623,L5,ASIC,124.54,1.197,11.2524,12.211,12.4473,13.0367,1.1732,1.2874,1.2873,1.3611,Normal,50.0,batch_5,0.9586000000000006,16.337045921428565,-2.048156256385301,34.722248099242435,36.77040435562773,False,False,False,-3.3003459214285655,3.3003459214285655,0.08734032152917601,False,VERY_LOW,POINT_BELOW_LIMIT
C08624,L5,ADC,125.44,1.825,12.028,12.8498,13.4022,14.4072,1.2653,1.3672,1.423,1.5558,Normal,50.0,batch_5,0.8217999999999996,17.117242797023795,-1.2679593807900709,35.50244497483766,36.77040435562773,False,False,False,-2.710042797023796,2.710042797023796,0.14123204055146768,False,VERY_LOW,POINT_BELOW_LIMIT
C08625,L5,DAC,125.52,1.797,11.9589,12.4488,13.0558,14.2136,1.2324,1.3153,1.3761,1.5171,Normal,50.0,batch_5,0.48990000000000045,15.10669536334065,-3.278506814473216,33.491897541154515,36.77040435562773,False,False,False,-0.8930953633406506,0.8930953633406506,0.027159457209457206,False,VERY_LOW,POINT_BELOW_LIMIT
C08626,L5,DAC,123.97,1.82,11.7371,12.7385,13.9513,14.5168,1.2301,1.3141,1.491,1.5292,Normal,50.0,batch_5,1.0014000000000003,18.400245082837298,0.01504290502343153,36.78544726065117,36.77040435562773,False,False,False,-3.883445082837298,3.883445082837298,0.2376764597510445,False,LOW,POINT_BELOW_LIMIT
C08627,L5,ADC,123.26,1.814,11.818,12.246,12.5844,13.3696,1.2076,1.3143,1.3002,1.4409,Normal,50.0,batch_5,0.4280000000000008,17.05449959027776,-1.3307025875361056,35.43970176809162,36.77040435562773,False,False,False,-3.6848995902777606,3.6848995902777606,0.14691606417393194,False,VERY_LOW,POINT_BELOW_LIMIT
C08628,L5,DAC,126.04,1.796,12.6295,13.729,21.532,56.5795,1.3236,1.4771,2.4616,7.9133,Absolute_Failure,50.0,batch_5,1.099499999999999,19.520200226916682,1.1349980491028155,37.90540240473055,36.77040435562773,False,False,True,37.059299773083325,37.059299773083325,0.3191468362388168,False,LOW,POINT_BELOW_LIMIT
C08629,L5,FPGA,126.15,1.084,11.5856,11.92,12.6354,13.2118,1.2028,1.2403,1.3404,1.377,Normal,50.0,batch_5,0.3344000000000005,14.319589605555553,-4.065612572258313,32.704791783369416,36.77040435562773,False,False,False,-1.1077896055555527,1.1077896055555527,0.0502960705960706,False,VERY_LOW,POINT_BELOW_LIMIT
C08630,L5,FPGA,124.94,1.099,11.2372,12.0156,12.9494,14.2771,1.1969,1.2463,1.3525,1.5321,Normal,50.0,batch_5,0.7783999999999995,17.15383167541833,-1.231370502395535,35.5390338532322,36.77040435562773,False,False,False,-2.8767316754183305,2.8767316754183305,0.21310923685316924,False,LOW,POINT_BELOW_LIMIT
C08631,L5,FPGA,126.08,1.13,11.2409,11.8133,12.5083,13.4301,1.1573,1.238,1.3417,1.4758,Normal,50.0,batch_5,0.5724,17.546278277900317,-0.8389238999135493,35.93148045571418,36.77040435562773,False,False,False,-4.1161782779003175,4.1161782779003175,0.2799771658756831,False,LOW,POINT_BELOW_LIMIT
C08632,L5,ADC,125.43,1.813,11.7737,12.1001,12.5262,13.491,1.2342,1.2488,1.3206,1.4291,Normal,50.0,batch_5,0.3263999999999996,14.297554960218278,-4.087647217595588,32.682757138032144,36.77040435562773,False,False,False,-0.8065549602182784,0.8065549602182784,0.04343999158736002,False,VERY_LOW,POINT_BELOW_LIMIT
C08633,L5,DAC,125.96,1.797,11.64,12.6862,13.1817,14.6504,1.2366,1.2973,1.4114,1.5457,Normal,50.0,batch_5,1.046199999999999,17.94966676845238,-0.43553540936148494,36.33486894626625,36.77040435562773,False,False,False,-3.299266768452382,3.299266768452382,0.141555493431577,False,VERY_LOW,POINT_BELOW_LIMIT
C08634,L5,ADC,123.45,1.797,11.4082,12.5892,13.6028,14.2088,1.1719,1.3316,1.477,1.5366,Normal,50.0,batch_5,1.1809999999999992,25.140492157738084,6.755289979924218,43.52569433555195,36.77040435562773,False,False,False,-10.931692157738084,10.931692157738084,0.421407030305323,False,MEDIUM,POINT_BELOW_LIMIT
C08635,L5,ADC,125.76,1.817,12.0763,12.6894,13.8867,15.4469,1.2258,1.2941,1.4889,1.6615,Normal,50.0,batch_5,0.6130999999999993,21.265169260813483,2.8799670829996167,39.650371438627346,36.77040435562773,False,False,False,-5.818269260813484,5.818269260813484,0.14771814811472905,False,VERY_LOW,POINT_BELOW_LIMIT
C08636,L5,FPGA,124.94,1.089,11.2319,11.8266,12.8444,29.8965,1.1623,1.2457,1.3348,3.5282,Sudden_Anomaly,50.0,batch_5,0.5946999999999996,17.421105516552892,-0.9640966612609745,35.80630769436676,36.77040435562773,False,False,False,12.475394483447108,12.475394483447108,0.249456072681475,False,LOW,POINT_BELOW_LIMIT
C08637,L5,ASIC,125.66,1.209,11.9282,13.0526,14.1621,14.6375,1.2174,1.3828,1.468,1.5865,Normal,50.0,batch_5,1.1243999999999996,21.57526768244047,3.1900655046266024,39.960469860254335,36.77040435562773,False,False,False,-6.9377676824404695,6.9377676824404695,0.2975974681050239,False,LOW,POINT_BELOW_LIMIT
C08638,L5,FPGA,123.71,1.106,10.8208,11.2575,11.5545,12.2756,1.0928,1.1314,1.1998,1.3027,Normal,50.0,batch_5,0.4367000000000001,13.720858715178556,-4.66434346263531,32.106060892992424,36.77040435562773,False,False,False,-1.4452587151785554,1.4452587151785554,0.020561294520219466,False,VERY_LOW,POINT_BELOW_LIMIT
C08639,L5,FPGA,125.55,1.116,11.798,14.7999,20.3056,56.7826,1.2344,1.5877,2.2432,7.9744,Absolute_Failure,50.0,batch_5,3.001899999999999,54.77300695089287,36.387804773079004,73.15820912870674,36.77040435562774,True,True,True,2.0095930491071314,2.0095930491071314,0.9995005347593583,True,HIGH,POINT_ABOVE_LIMIT
C08640,L5,FPGA,126.03,1.1,11.4935,12.7627,13.0095,13.1568,1.2225,1.3158,1.3678,1.3884,Normal,50.0,batch_5,1.2692000000000014,23.49381042474746,5.108608246933592,41.879012602561325,36.77040435562773,False,False,False,-10.337010424747458,10.337010424747458,0.18921537664348037,False,LOW,POINT_BELOW_LIMIT
C08641,L5,ASIC,125.03,1.2,11.0717,11.8315,13.1864,36.673,1.1169,1.2361,1.3892,4.5183,Sudden_Anomaly,50.0,batch_5,0.7598000000000003,16.001358137229445,-2.383844040584421,34.38656031504331,36.77040435562773,False,False,False,20.671641862770556,20.671641862770556,0.11737910920423708,False,VERY_LOW,POINT_BELOW_LIMIT
C08642,L5,ASIC,124.34,1.212,11.3494,13.0328,17.914,24.9686,1.2211,1.3856,1.9384,2.8833,Latent_Defect,50.0,batch_5,1.6834000000000007,38.079399401488054,19.694197223674188,56.46460157930192,36.77040435562773,False,True,False,-13.110799401488055,13.110799401488055,0.6954151463892352,True,MEDIUM,POINT_BELOW_LIMIT
C08643,L5,DAC,125.19,1.767,12.1288,12.3725,12.3459,12.5546,1.3245,1.2986,1.2538,1.3271,High_Stable,50.0,batch_5,0.24370000000000047,14.549049453273803,-3.8361527245400637,32.93425163108767,36.77040435562773,False,False,False,-1.994449453273802,1.994449453273802,0.011901953601953603,False,VERY_LOW,POINT_BELOW_LIMIT
C08644,L5,FPGA,126.38,1.082,11.4323,12.0882,12.9736,13.5792,1.2156,1.2554,1.3229,1.4264,Normal,50.0,batch_5,0.6559000000000008,20.409682325803914,2.0244801479900474,38.79488450361778,36.77040435562773,False,False,False,-6.830482325803914,6.830482325803914,0.1937446135167576,False,LOW,POINT_BELOW_LIMIT
C08645,L5,DAC,125.91,1.8,12.3522,12.5522,12.9519,12.8974,1.2947,1.3349,1.3551,1.4004,High_Stable,50.0,batch_5,0.1999999999999993,14.20883626642316,-4.176365911390706,32.59403844423703,36.77040435562773,False,False,False,-1.3114362664231614,1.3114362664231614,0.024803671655142242,False,VERY_LOW,POINT_BELOW_LIMIT
C08646,L5,DAC,124.78,1.809,12.1549,13.2746,15.0454,36.2254,1.2702,1.4026,1.5994,4.4997,Sudden_Anomaly,50.0,batch_5,1.1197,18.601257554662695,0.21605537684882847,36.98645973247656,36.77040435562773,False,False,False,17.624142445337306,17.624142445337306,0.03454733689379787,False,VERY_LOW,POINT_BELOW_LIMIT
C08647,L5,ASIC,124.9,1.204,11.0963,11.266,11.9434,12.3159,1.1373,1.144,1.2838,1.2727,Normal,50.0,batch_5,0.16970000000000063,13.760228639123373,-4.624973538690494,32.145430816937235,36.77040435562773,False,False,False,-1.4443286391233734,1.4443286391233734,0.05444853479853481,False,VERY_LOW,POINT_BELOW_LIMIT
C08648,L5,ASIC,124.98,1.201,11.1742,11.5095,11.8005,11.9286,1.1507,1.2207,1.2838,1.2094,Normal,50.0,batch_5,0.3352999999999984,16.339673987103183,-2.0455281907106837,34.72487616491705,36.77040435562773,False,False,False,-4.411073987103183,4.411073987103183,0.09796252330400933,False,VERY_LOW,POINT_BELOW_LIMIT
C08649,L5,FPGA,126.82,1.097,12.0201,12.2169,12.5378,12.4397,1.2662,1.2827,1.3271,1.3147,High_Stable,50.0,batch_5,0.19680000000000142,13.824430814384936,-4.56077136342893,32.209632992198806,36.77040435562773,False,False,False,-1.3847308143849357,1.3847308143849357,0.01840238095238095,False,VERY_LOW,POINT_BELOW_LIMIT
C08650,L5,FPGA,124.84,1.074,11.3196,14.399,20.5856,57.3056,1.1008,1.5458,2.333,8.0884,Absolute_Failure,50.0,batch_5,3.0793999999999997,53.98876111934523,35.60355894153136,72.3739632971591,36.77040435562773,True,True,True,3.316838880654771,3.316838880654771,0.9847537721939896,True,HIGH,POINT_ABOVE_LIMIT
C08651,L5,FPGA,126.17,1.086,11.4465,12.3305,12.8996,14.7711,1.198,1.2962,1.3738,1.5997,Normal,50.0,batch_5,0.8840000000000003,20.402851548511915,2.0176493706980487,38.788053726325785,36.77040435562773,False,False,False,-5.6317515485119145,5.6317515485119145,0.29194003443605554,False,LOW,POINT_BELOW_LIMIT
C08652,L5,FPGA,126.04,1.095,10.7755,11.736,11.981,12.3431,1.1057,1.2444,1.2629,1.2905,Normal,50.0,batch_5,0.9605000000000015,16.977324632986107,-1.407877544827759,35.36252681079998,36.77040435562773,False,False,False,-4.634224632986108,4.634224632986108,0.21144483935135772,False,LOW,POINT_BELOW_LIMIT
C08653,L5,ASIC,124.42,1.186,11.4881,12.8321,13.2138,14.1622,1.2008,1.3409,1.4252,1.4873,Normal,50.0,batch_5,1.3440000000000012,29.882482988690477,11.49728081087661,48.26768516650434,36.77040435562773,False,False,False,-15.720282988690476,15.720282988690476,0.4464136577047474,False,MEDIUM,POINT_BELOW_LIMIT
C08654,L5,ASIC,124.96,1.198,11.8202,12.0262,12.2671,12.6686,1.2008,1.2522,1.295,1.3044,High_Stable,50.0,batch_5,0.20599999999999952,13.615236801289669,-4.769965376524198,32.000438979103535,36.77040435562773,False,False,False,-0.9466368012896691,0.9466368012896691,0.02684302478604538,False,VERY_LOW,POINT_BELOW_LIMIT
C08655,L5,ASIC,123.64,1.185,11.0922,11.8165,12.4234,12.3977,1.1605,1.2083,1.2978,1.3187,Normal,50.0,batch_5,0.7242999999999995,15.313097194047636,-3.0721049837662306,33.6982993718615,36.77040435562773,False,False,False,-2.9153971940476353,2.9153971940476353,0.143081934066965,False,VERY_LOW,POINT_BELOW_LIMIT
C08656,L5,DAC,125.16,1.799,11.7365,12.4917,14.3611,39.6211,1.2183,1.3243,1.5338,5.015,Sudden_Anomaly,50.0,batch_5,0.7552000000000003,16.503334294345223,-1.8818678834686438,34.88853647215909,36.77040435562773,False,False,False,23.117765705654776,23.117765705654776,0.060900905351958,False,VERY_LOW,POINT_BELOW_LIMIT
C08657,L5,FPGA,125.8,1.102,11.5152,12.6862,14.4639,34.6952,1.2262,1.3195,1.5618,4.2591,Sudden_Anomaly,50.0,batch_5,1.1709999999999994,19.767627486408717,1.3824253085948506,38.15282966422258,36.77040435562773,False,False,False,14.927572513591283,14.927572513591283,0.15515425399550717,False,LOW,POINT_BELOW_LIMIT
C08658,L5,ASIC,125.13,1.221,11.4402,13.2844,17.5766,25.4677,1.2042,1.4016,1.9229,2.9444,Latent_Defect,50.0,batch_5,1.844199999999999,41.307991471924595,22.92278929411073,59.69319364973846,36.77040435562773,False,True,False,-15.840291471924594,15.840291471924594,0.8225551588080781,True,HIGH,POINT_BELOW_LIMIT
C08659,L5,DAC,125.41,1.803,12.342,13.1232,14.0541,15.3896,1.2778,1.4172,1.4261,1.6385,Normal,50.0,batch_5,0.7812000000000001,18.246909163275618,-0.13829301453824883,36.632111341089484,36.77040435562773,False,False,False,-2.857309163275618,2.857309163275618,0.08137145993534739,False,VERY_LOW,POINT_BELOW_LIMIT
C08660,L5,FPGA,125.45,1.083,12.0605,12.501,12.5167,13.8637,1.2549,1.3278,1.319,1.4511,Normal,50.0,batch_5,0.4405000000000001,16.030434391369052,-2.354767786444814,34.41563656918292,36.77040435562773,False,False,False,-2.1667343913690527,2.1667343913690527,0.0072298701298701305,False,VERY_LOW,POINT_BELOW_LIMIT
C08661,L5,DAC,126.94,1.784,12.6734,13.6637,15.174,15.7197,1.2767,1.3972,1.6297,1.6741,Normal,50.0,batch_5,0.9902999999999995,22.708787055753966,4.3235848779401,41.09398923356783,36.77040435562773,False,False,False,-6.989087055753966,6.989087055753966,0.29380946275574693,False,LOW,POINT_BELOW_LIMIT
C08662,L5,ASIC,125.71,1.175,11.092,11.2884,10.9856,11.0521,1.1838,1.1419,1.1481,1.1613,High_Stable,50.0,batch_5,0.1963999999999988,13.278295643506487,-5.106906534307379,31.663497821320355,36.77040435562773,False,False,False,-2.226195643506488,2.226195643506488,0.029647186147186148,False,VERY_LOW,POINT_BELOW_LIMIT
C08663,L5,DAC,124.71,1.785,11.6971,12.653,13.5697,14.8141,1.2564,1.3118,1.4108,1.6121,Normal,50.0,batch_5,0.9558999999999997,16.846584522023818,-1.5386176557900484,35.231786699837684,36.77040435562773,False,False,False,-2.032484522023818,2.032484522023818,0.07800714718755171,False,VERY_LOW,POINT_BELOW_LIMIT
C08664,L5,FPGA,124.79,1.105,11.5849,12.3526,13.141,14.7472,1.197,1.3212,1.3871,1.5852,Normal,50.0,batch_5,0.7677000000000014,16.232656930456344,-2.152545247357523,34.61785910827021,36.77040435562773,False,False,False,-1.485456930456344,1.485456930456344,0.052745844631558916,False,VERY_LOW,POINT_BELOW_LIMIT
C08665,L5,DAC,124.79,1.804,11.8685,12.5083,13.3248,14.4191,1.2718,1.301,1.3769,1.5732,Normal,50.0,batch_5,0.639800000000001,16.49896668690476,-1.8862354909091046,34.88416886471863,36.77040435562773,False,False,False,-2.0798666869047615,2.0798666869047615,0.06693038856568269,False,VERY_LOW,POINT_BELOW_LIMIT
C08666,L5,ASIC,124.55,1.174,11.2841,12.0793,14.4772,51.1225,1.1748,1.2907,1.5399,6.9625,Absolute_Failure,50.0,batch_5,0.7951999999999995,16.300225964174828,-2.084976213639038,34.685428141988695,36.77040435562773,False,False,True,34.822274035825174,34.822274035825174,0.05786736906883968,False,VERY_LOW,POINT_BELOW_LIMIT
C08667,L5,ADC,124.04,1.786,12.7879,12.773,12.8129,12.4422,1.3586,1.3608,1.3646,1.3562,High_Stable,50.0,batch_5,-0.014900000000000801,13.319960169246047,-5.06524200856782,31.70516234705991,36.77040435562773,False,False,False,-0.8777601692460468,0.8777601692460468,0.01432063492063492,False,VERY_LOW,POINT_BELOW_LIMIT
C08668,L5,FPGA,125.37,1.103,12.9481,13.0589,13.1239,13.1865,1.321,1.3712,1.388,1.3663,High_Stable,50.0,batch_5,0.11079999999999934,14.472156037824677,-3.9130461399891896,32.85735821563854,36.77040435562773,False,False,False,-1.2856560378246762,1.2856560378246762,0.05969250683956568,False,VERY_LOW,POINT_BELOW_LIMIT
C08669,L5,DAC,124.63,1.796,11.3906,12.2184,13.0659,13.5308,1.163,1.2657,1.3529,1.4434,Normal,50.0,batch_5,0.8278000000000016,17.717980485282443,-0.6672216925314238,36.103182663096305,36.77040435562773,False,False,False,-4.187180485282443,4.187180485282443,0.20288429537164887,False,LOW,POINT_BELOW_LIMIT
C08670,L5,FPGA,125.42,1.092,11.865,12.8444,13.115,13.9836,1.2365,1.3114,1.3728,1.5144,Normal,50.0,batch_5,0.9794,18.87198623613331,0.4867840583194436,37.257188413947176,36.77040435562773,False,False,False,-4.888386236133311,4.888386236133311,0.25577343705740124,False,LOW,POINT_BELOW_LIMIT
C08671,L5,ASIC,123.6,1.19,10.9871,11.4374,11.7001,13.5665,1.1135,1.1998,1.2332,1.4003,Normal,50.0,batch_5,0.45030000000000037,15.756883233954234,-2.6283189438596324,34.1420854117681,36.77040435562773,False,False,False,-2.1903832339542344,2.1903832339542344,0.037691297591297586,False,VERY_LOW,POINT_BELOW_LIMIT
C08672,L5,FPGA,126.07,1.083,10.5972,11.4725,12.402,12.8266,1.1179,1.1628,1.3129,1.336,Normal,50.0,batch_5,0.8752999999999993,15.250094308602725,-3.135107869211142,33.63529648641659,36.77040435562773,False,False,False,-2.4234943086027254,2.4234943086027254,0.14279122823459595,False,VERY_LOW,POINT_BELOW_LIMIT
C08673,L5,FPGA,124.58,1.115,11.8505,11.9993,12.1442,12.183,1.2678,1.3073,1.2678,1.2835,High_Stable,50.0,batch_5,0.1487999999999996,13.880156491269847,-4.505045686544019,32.26535866908371,36.77040435562773,False,False,False,-1.6971564912698476,1.6971564912698476,0.07360074450489312,False,VERY_LOW,POINT_BELOW_LIMIT
C08674,L5,ASIC,124.21,1.21,12.2362,12.4373,12.4657,12.7051,1.2895,1.26,1.2762,1.3329,High_Stable,50.0,batch_5,0.20110000000000028,13.543548094047624,-4.841654083766242,31.92875027186149,36.77040435562773,False,False,False,-0.8384480940476244,0.8384480940476244,0.00836111111111111,False,VERY_LOW,POINT_BELOW_LIMIT
C08675,L5,ADC,124.6,1.815,11.8387,12.3752,13.5191,14.6835,1.2284,1.2496,1.3955,1.5712,Normal,50.0,batch_5,0.5365000000000002,15.806538850694443,-2.5786633271194237,34.19174102850831,36.77040435562773,False,False,False,-1.1230388506944422,1.1230388506944422,0.06241430791430792,False,VERY_LOW,POINT_BELOW_LIMIT
C08676,L5,FPGA,124.3,1.112,11.1388,12.1117,16.6432,53.3555,1.1174,1.2295,1.807,7.3061,Absolute_Failure,50.0,batch_5,0.972900000000001,19.319287351925155,0.9340851741112886,37.70448952973902,36.77040435562773,False,False,True,34.036212648074844,34.036212648074844,0.20570608174411834,False,LOW,POINT_BELOW_LIMIT
C08677,L5,DAC,123.99,1.814,11.6674,12.5333,13.3219,14.1689,1.2146,1.3265,1.4461,1.5083,Normal,50.0,batch_5,0.8658999999999999,19.447580880609674,1.062378702795808,37.832783058423544,36.77040435562773,False,False,False,-5.278680880609674,5.278680880609674,0.1907903356189733,False,LOW,POINT_BELOW_LIMIT
C08678,L5,ASIC,123.6,1.195,10.615,11.0384,10.8864,11.1271,1.0815,1.167,1.125,1.1678,Normal,50.0,batch_5,0.4233999999999991,16.294388629852104,-2.090813547961762,34.679590807665974,36.77040435562773,False,False,False,-5.167288629852104,5.167288629852104,0.037981979784920954,False,VERY_LOW,POINT_BELOW_LIMIT
C08679,L5,ASIC,126.77,1.202,11.401,11.6042,11.6817,11.5928,1.2201,1.2563,1.2593,1.1768,High_Stable,50.0,batch_5,0.2032000000000007,14.589982259722214,-3.795219918091652,32.97518443753608,36.77040435562773,False,False,False,-2.997182259722214,2.997182259722214,0.07315456492326866,False,VERY_LOW,POINT_BELOW_LIMIT
C08680,L5,ADC,124.39,1.79,11.6462,11.9276,12.6119,13.327,1.1933,1.2164,1.3358,1.411,Normal,50.0,batch_5,0.28139999999999965,15.09208189761905,-3.2931202801948167,33.47728407543292,36.77040435562773,False,False,False,-1.7650818976190497,1.7650818976190497,0.07629670884670886,False,VERY_LOW,POINT_BELOW_LIMIT
C08681,L5,ASIC,125.06,1.206,11.3389,11.9859,12.9944,13.4547,1.1498,1.2522,1.3577,1.418,Normal,50.0,batch_5,0.6470000000000002,17.237520223282967,-1.1476819545308992,35.62272240109684,36.77040435562773,False,False,False,-3.7828202232829664,3.7828202232829664,0.0683081774091062,False,VERY_LOW,POINT_BELOW_LIMIT
C08682,L5,ADC,124.47,1.807,11.1293,12.8353,15.858,21.8079,1.1459,1.3602,1.7473,2.464,Latent_Defect,50.0,batch_5,1.7059999999999995,42.70599291765876,24.320790739844895,61.09119509547263,36.77040435562773,False,True,False,-20.89809291765876,20.89809291765876,0.878514585261186,True,HIGH,POINT_BELOW_LIMIT
C08683,L5,FPGA,125.49,1.107,11.5465,12.0746,12.7056,13.8669,1.2522,1.2179,1.3271,1.4722,Normal,50.0,batch_5,0.5281000000000002,15.765471659148918,-2.619730518664948,34.15067383696278,36.77040435562773,False,False,False,-1.898571659148919,1.898571659148919,0.09258795587797136,False,VERY_LOW,POINT_BELOW_LIMIT
C08684,L5,ASIC,125.46,1.21,11.0284,13.0592,18.6034,57.9543,1.0946,1.4057,2.0304,8.175,Absolute_Failure,50.0,batch_5,2.030800000000001,41.864148147411655,23.47894596959779,60.24935032522552,36.77040435562773,False,True,True,16.09015185258835,16.09015185258835,0.834123134740055,True,HIGH,POINT_BELOW_LIMIT
C08685,L5,FPGA,125.13,1.112,11.1627,11.6757,12.1566,12.8886,1.1688,1.2148,1.2578,1.3984,Normal,50.0,batch_5,0.5130000000000017,14.801489671918764,-3.583712505895102,33.18669184973263,36.77040435562773,False,False,False,-1.912889671918764,1.912889671918764,0.09810144159962485,False,VERY_LOW,POINT_BELOW_LIMIT
C08686,L5,FPGA,124.9,1.095,11.1603,11.4139,12.2323,13.0874,1.1307,1.1564,1.3445,1.3396,Normal,50.0,batch_5,0.2536000000000005,16.94173953008658,-1.4434626477272872,35.326941707900446,36.77040435562773,False,False,False,-3.8543395300865786,3.8543395300865786,0.15580979644007006,False,LOW,POINT_BELOW_LIMIT
C08687,L5,FPGA,125.59,1.098,12.1259,13.0381,13.3403,13.3246,1.275,1.354,1.4139,1.4162,Normal,50.0,batch_5,0.9122000000000003,17.951949272420645,-0.43325290539322125,36.337151450234515,36.77040435562773,False,False,False,-4.627349272420645,4.627349272420645,0.05914944872121344,False,VERY_LOW,POINT_BELOW_LIMIT
C08688,L5,ASIC,124.71,1.197,11.3492,12.4594,13.5089,14.4431,1.2009,1.2904,1.4482,1.5113,Normal,50.0,batch_5,1.1102000000000007,16.42833312093255,-1.9568690568813167,34.813535298746416,36.77040435562773,False,False,False,-1.9852331209325502,1.9852331209325502,0.08598848210612917,False,VERY_LOW,POINT_BELOW_LIMIT
C08689,L5,ASIC,124.44,1.183,11.933,12.6208,12.9793,13.9305,1.2548,1.3226,1.3811,1.4984,Normal,50.0,batch_5,0.6877999999999993,18.40092532950312,0.015723151689254422,36.78612750731699,36.77040435562773,False,False,False,-4.47042532950312,4.47042532950312,0.08909092117033292,False,VERY_LOW,POINT_BELOW_LIMIT
C08690,L5,DAC,126.43,1.788,11.725,12.463,13.3566,14.0643,1.1915,1.2933,1.4228,1.5196,Normal,50.0,batch_5,0.7379999999999995,18.47809770029763,0.09289552248376509,36.8632998781115,36.77040435562773,False,False,False,-4.413797700297632,4.413797700297632,0.15330818118406614,False,LOW,POINT_BELOW_LIMIT
C08691,L5,DAC,124.21,1.81,11.7204,12.7175,13.582,14.1577,1.2507,1.3695,1.4472,1.5086,Normal,50.0,batch_5,0.9970999999999997,19.09564539216268,0.710443214348814,37.48084756997655,36.77040435562773,False,False,False,-4.93794539216268,4.93794539216268,0.23513735665779,False,LOW,POINT_BELOW_LIMIT
C08692,L5,FPGA,124.05,1.073,11.4244,12.709,13.2994,14.1479,1.2198,1.3662,1.4095,1.5217,Normal,50.0,batch_5,1.2845999999999993,22.035668657440446,3.65046647962658,40.42087083525431,36.77040435562773,False,False,False,-7.887768657440446,7.887768657440446,0.23030524058358884,False,LOW,POINT_BELOW_LIMIT
C08693,L5,DAC,126.79,1.75,11.9162,12.2502,12.8712,14.237,1.2589,1.2941,1.3315,1.5267,Normal,50.0,batch_5,0.33399999999999963,15.05760869724026,-3.327593480573606,33.44281087505413,36.77040435562773,False,False,False,-0.8206086972402602,0.8206086972402602,0.11964884452791642,False,VERY_LOW,POINT_BELOW_LIMIT
C08694,L5,DAC,125.31,1.818,11.6611,12.2986,13.3079,13.7165,1.2011,1.2369,1.4157,1.4773,Normal,50.0,batch_5,0.6375000000000011,22.489844488690487,4.104642310876621,40.87504666650435,36.77040435562773,False,False,False,-8.773344488690487,8.773344488690487,0.1911845901118818,False,LOW,POINT_BELOW_LIMIT
C08695,L5,ASIC,124.89,1.174,11.6209,11.7113,12.0508,12.3202,1.2116,1.2085,1.2844,1.2802,High_Stable,50.0,batch_5,0.09039999999999893,12.371653873566029,-6.013548304247838,30.756856051379895,36.77040435562773,False,False,False,-0.05145387356602882,0.05145387356602882,0.009142857142857142,False,VERY_LOW,POINT_BELOW_LIMIT
C08696,L5,ASIC,126.1,1.187,10.9002,11.0131,11.9024,12.2188,1.1033,1.1502,1.28,1.3188,Normal,50.0,batch_5,0.11289999999999978,14.97376750822511,-3.411434669588756,33.358969686038975,36.77040435562773,False,False,False,-2.7549675082251106,2.7549675082251106,0.004622222222222222,False,VERY_LOW,POINT_BELOW_LIMIT
C08697,L5,DAC,124.16,1.815,12.2935,12.5831,12.8081,12.9401,1.2367,1.3073,1.3722,1.3469,High_Stable,50.0,batch_5,0.2896000000000001,16.475835050992067,-1.9093671268217989,34.861037228805934,36.77040435562773,False,False,False,-3.535735050992068,3.535735050992068,0.15442505323194178,False,LOW,POINT_BELOW_LIMIT
C08698,L5,DAC,125.45,1.805,11.9175,13.2056,13.3015,14.6506,1.2197,1.3849,1.394,1.5468,Normal,50.0,batch_5,1.2881,24.117673264285717,5.73247108647185,42.50287544209958,36.77040435562773,False,False,False,-9.467073264285716,9.467073264285716,0.18466614047001043,False,LOW,POINT_BELOW_LIMIT
C08699,L5,FPGA,125.32,1.139,11.3664,12.1533,12.6262,13.8669,1.1801,1.3023,1.2989,1.494,Normal,50.0,batch_5,0.7868999999999993,15.873495362599206,-2.5117068152146604,34.258697540413074,36.77040435562773,False,False,False,-2.0065953625992066,2.0065953625992066,0.050682593962624915,False,VERY_LOW,POINT_BELOW_LIMIT
C08700,L5,DAC,125.82,1.815,11.6256,13.0343,15.5687,32.0184,1.216,1.3789,1.692,3.8747,Sudden_Anomaly,50.0,batch_5,1.4086999999999996,30.44107013888887,12.055867961075002,48.826272316702735,36.77040435562773,False,False,False,1.5773298611111315,1.5773298611111315,0.4892515460730172,False,MEDIUM,POINT_BELOW_LIMIT
C08701,L5,ADC,123.63,1.799,12.014,12.9585,13.5414,14.5283,1.2436,1.3249,1.3752,1.5405,Normal,50.0,batch_5,0.9445000000000014,17.526254576190492,-0.8589476016233739,35.91145675400436,36.77040435562773,False,False,False,-2.9979545761904927,2.9979545761904927,0.09989381852237889,False,VERY_LOW,POINT_BELOW_LIMIT
C08702,L5,FPGA,125.64,1.092,12.2819,12.4731,12.831,12.706,1.2778,1.3147,1.3287,1.3238,High_Stable,50.0,batch_5,0.19120000000000026,13.285387466170643,-5.099814711643223,31.67058964398451,36.77040435562773,False,False,False,-0.579387466170644,0.579387466170644,0.00782900432900433,False,VERY_LOW,POINT_BELOW_LIMIT
C08703,L5,ASIC,125.89,1.207,11.1191,11.9874,13.853,40.9722,1.1172,1.2764,1.4422,5.2592,Sudden_Anomaly,50.0,batch_5,0.8682999999999996,17.885037164880938,-0.5001650129329285,36.27023934269481,36.77040435562773,False,False,False,23.087162835119063,23.087162835119063,0.14220128976667876,False,VERY_LOW,POINT_BELOW_LIMIT
C08704,L5,FPGA,126.74,1.112,11.2758,12.3715,13.0227,13.972,1.1468,1.2976,1.3721,1.4446,Normal,50.0,batch_5,1.095699999999999,22.77018817460316,4.384985996789293,41.15539035241703,36.77040435562773,False,False,False,-8.79818817460316,8.79818817460316,0.4439081277585327,False,MEDIUM,POINT_BELOW_LIMIT
C08705,L5,ADC,124.99,1.83,12.1799,12.9046,15.4707,21.5883,1.2522,1.3643,1.6347,2.4615,Latent_Defect,50.0,batch_5,0.7247000000000003,21.805152585317447,3.419950407503581,40.19035476313131,36.77040435562773,False,False,False,-0.21685258531744722,0.21685258531744722,0.12533889363130848,False,VERY_LOW,POINT_BELOW_LIMIT
C08706,L5,ASIC,122.87,1.215,11.3008,12.1462,12.5011,12.7621,1.197,1.3007,1.3338,1.3332,Normal,50.0,batch_5,0.8453999999999997,17.900587655252703,-0.4846145225611629,36.28578983306657,36.77040435562773,False,False,False,-5.138487655252703,5.138487655252703,0.05399967646732353,False,VERY_LOW,POINT_BELOW_LIMIT
C08707,L5,FPGA,124.25,1.096,12.3314,13.3525,18.7269,51.4252,1.2871,1.4565,2.0734,7.0033,Absolute_Failure,50.0,batch_5,1.0210999999999988,20.828051542247184,2.442849364433318,39.21325372006105,36.77040435562773,False,False,True,30.597148457752812,30.597148457752812,0.07868478417007829,False,VERY_LOW,POINT_BELOW_LIMIT
C08708,L5,ASIC,123.56,1.172,11.2469,12.0915,12.7316,13.5078,1.1622,1.2908,1.3287,1.405,Normal,50.0,batch_5,0.8445999999999998,16.679006308447903,-1.7061958693659633,35.06420848626177,36.77040435562773,False,False,False,-3.1712063084479034,3.1712063084479034,0.1451042208882934,False,VERY_LOW,POINT_BELOW_LIMIT
C08709,L5,FPGA,126.12,1.084,11.4873,11.5465,11.693,11.8507,1.2243,1.1855,1.2261,1.2101,High_Stable,50.0,batch_5,0.059200000000000585,12.532768103472213,-5.852434074341653,30.91797028128608,36.77040435562773,False,False,False,-0.6820681034722131,0.6820681034722131,0.017333144633144632,False,VERY_LOW,POINT_BELOW_LIMIT
C08710,L5,ADC,124.35,1.796,11.2975,12.2529,13.0483,13.8934,1.1897,1.2715,1.3561,1.4454,Normal,50.0,batch_5,0.9554000000000009,20.256880066384312,1.8716778885704457,38.64208224419818,36.77040435562773,False,False,False,-6.363480066384312,6.363480066384312,0.19869817544034454,False,LOW,POINT_BELOW_LIMIT
C08711,L5,ASIC,126.43,1.186,11.5745,12.5407,13.4004,35.3286,1.2077,1.3404,1.3959,4.2984,Sudden_Anomaly,50.0,batch_5,0.9661999999999988,18.490108898809517,0.10490672099565046,36.87531107662338,36.77040435562773,False,False,False,16.838491101190485,16.838491101190485,0.16922835065671002,False,LOW,POINT_BELOW_LIMIT
C08712,L5,ADC,124.5,1.834,12.3005,13.2223,13.6373,14.8163,1.2952,1.4231,1.458,1.6156,Normal,50.0,batch_5,0.9218000000000011,20.251117488690465,1.8659153108765985,38.636319666504335,36.77040435562773,False,False,False,-5.434817488690465,5.434817488690465,0.17029097324244374,False,LOW,POINT_BELOW_LIMIT
C08713,L5,FPGA,125.27,1.073,12.0786,12.2242,12.323,12.3797,1.283,1.2798,1.2643,1.3276,High_Stable,50.0,batch_5,0.14559999999999995,13.191028870373374,-5.194173307440492,31.57623104818724,36.77040435562773,False,False,False,-0.8113288703733748,0.8113288703733748,0.020119347611452874,False,VERY_LOW,POINT_BELOW_LIMIT
C08714,L5,ASIC,124.44,1.194,11.6807,11.7475,12.0014,11.8596,1.1687,1.2445,1.2505,1.2512,High_Stable,50.0,batch_5,0.06680000000000064,13.103144322628081,-5.282057855185785,31.48834650044195,36.77040435562773,False,False,False,-1.2435443226280807,1.2435443226280807,0.026105483405483403,False,VERY_LOW,POINT_BELOW_LIMIT
C08715,L5,ADC,124.32,1.797,12.1198,13.2171,14.4821,14.9373,1.2396,1.4202,1.505,1.6598,Normal,50.0,batch_5,1.0973000000000006,17.563099956610753,-0.8221022212031137,35.94830213442462,36.77040435562773,False,False,False,-2.625799956610752,2.625799956610752,0.1245320789203916,False,VERY_LOW,POINT_BELOW_LIMIT
C08716,L5,ADC,123.85,1.793,11.4193,11.8416,12.7742,14.2618,1.1756,1.2612,1.3488,1.5045,Normal,50.0,batch_5,0.4222999999999999,16.526684715178575,-1.858517462635291,34.91188689299244,36.77040435562773,False,False,False,-2.2648847151785763,2.2648847151785763,0.07093030221412576,False,VERY_LOW,POINT_BELOW_LIMIT
C08717,L5,FPGA,126.66,1.107,11.9364,12.1684,13.099,13.9245,1.2239,1.2919,1.3724,1.4658,Normal,50.0,batch_5,0.23199999999999932,14.739986849603179,-3.6452153282106874,33.12518902741704,36.77040435562773,False,False,False,-0.8154868496031789,0.8154868496031789,0.07939820016584725,False,VERY_LOW,POINT_BELOW_LIMIT
C08718,L5,FPGA,124.34,1.1,11.3635,12.4954,16.3301,23.8338,1.1682,1.3638,1.7589,2.7246,Latent_Defect,50.0,batch_5,1.1319,21.586880065268762,3.2016778874548955,39.972082243082625,36.77040435562773,False,False,False,2.2469199347312383,2.2469199347312383,0.32624556150830564,False,LOW,POINT_BELOW_LIMIT
C08719,L5,ASIC,124.85,1.199,10.91,11.8403,12.5806,13.386,1.121,1.1994,1.3165,1.3845,Normal,50.0,batch_5,0.930299999999999,16.86748951547619,-1.5177126623376758,35.25269169329006,36.77040435562773,False,False,False,-3.4814895154761913,3.4814895154761913,0.10320455746822421,False,VERY_LOW,POINT_BELOW_LIMIT
C08720,L5,FPGA,124.58,1.097,11.2324,11.5833,12.8117,13.7065,1.1337,1.2196,1.379,1.4759,Normal,50.0,batch_5,0.3508999999999993,16.036420870833336,-2.3487813069805306,34.421623048647206,36.77040435562773,False,False,False,-2.3299208708333357,2.3299208708333357,0.11570784350668248,False,VERY_LOW,POINT_BELOW_LIMIT
C08721,L5,ASIC,124.46,1.181,10.9824,12.3566,15.8028,51.7315,1.1583,1.3257,1.7096,7.0935,Absolute_Failure,50.0,batch_5,1.3742,25.467496496726213,7.082294318912346,43.85269867454008,36.77040435562773,False,False,True,26.264003503273784,26.264003503273784,0.2666781364953527,False,LOW,POINT_BELOW_LIMIT
C08722,L5,FPGA,125.68,1.075,11.7202,12.8749,13.6715,14.4914,1.2419,1.3542,1.4581,1.5307,Normal,50.0,batch_5,1.1547,21.909970181646806,3.524768003832939,40.29517235946067,36.77040435562773,False,False,False,-7.418570181646805,7.418570181646805,0.25588593461128034,False,LOW,POINT_BELOW_LIMIT
C08723,L5,ASIC,124.19,1.194,11.0827,11.9013,12.2704,13.3175,1.095,1.2635,1.3071,1.3902,Normal,50.0,batch_5,0.8186,15.531718860795458,-2.8534833170184086,33.916921038609324,36.77040435562773,False,False,False,-2.214218860795457,2.214218860795457,0.08461165645238536,False,VERY_LOW,POINT_BELOW_LIMIT
C08724,L5,ASIC,124.49,1.19,11.897,12.1506,12.3079,12.8808,1.2456,1.2539,1.2904,1.3792,Normal,50.0,batch_5,0.2536000000000005,14.339496472348475,-4.045705705465391,32.72469865016234,36.77040435562773,False,False,False,-1.4586964723484748,1.4586964723484748,0.02670590912355618,False,VERY_LOW,POINT_BELOW_LIMIT
C08725,L5,DAC,124.58,1.814,12.321,13.8969,18.2608,24.2847,1.2932,1.429,2.0135,2.7816,Latent_Defect,50.0,batch_5,1.5759000000000007,35.42448050197513,17.039278324161266,53.809682679789,36.77040435562773,False,True,False,-11.139780501975132,11.139780501975132,0.5389267852010453,True,MEDIUM,POINT_BELOW_LIMIT
C08726,L5,FPGA,124.14,1.087,11.867,11.8418,11.9004,11.8377,1.248,1.2195,1.2558,1.2385,High_Stable,50.0,batch_5,-0.025200000000001666,12.174884241865081,-6.210317935948785,30.560086419678946,36.77040435562773,False,False,False,-0.33718424186508145,0.33718424186508145,0.0014285714285714286,False,VERY_LOW,POINT_BELOW_LIMIT
C08727,L5,ADC,125.5,1.806,11.9415,12.0845,12.0263,12.3626,1.2225,1.2806,1.2879,1.298,High_Stable,50.0,batch_5,0.14300000000000068,13.343006687454222,-5.042195490359644,31.728208865268087,36.77040435562773,False,False,False,-0.9804066874542219,0.9804066874542219,0.05183065548755205,False,VERY_LOW,POINT_BELOW_LIMIT
C08728,L5,DAC,125.29,1.789,12.2119,12.465,12.7146,12.9182,1.29,1.2714,1.3514,1.3701,High_Stable,50.0,batch_5,0.2530999999999999,14.627873536084076,-3.7573286417297904,33.01307571389794,36.77040435562773,False,False,False,-1.7096735360840754,1.7096735360840754,0.03620478247242953,False,VERY_LOW,POINT_BELOW_LIMIT
C08729,L5,FPGA,125.78,1.116,11.516,13.4818,16.0024,22.8545,1.2033,1.4368,1.7407,2.6216,Latent_Defect,50.0,batch_5,1.9657999999999998,33.84509755397729,15.459895376163423,52.230299731791156,36.77040435562773,False,True,False,-10.990597553977288,10.990597553977288,0.6813176479023811,True,MEDIUM,POINT_BELOW_LIMIT
C08730,L5,ADC,124.52,1.783,11.4731,12.3196,12.9275,13.3669,1.2254,1.2669,1.3599,1.4236,Normal,50.0,batch_5,0.8464999999999989,17.050057177442003,-1.3351450003718632,35.435259355255866,36.77040435562773,False,False,False,-3.6831571774420038,3.6831571774420038,0.04955736690210374,False,VERY_LOW,POINT_BELOW_LIMIT
C08731,L5,ADC,124.83,1.82,11.656,12.1094,13.3376,14.4617,1.1932,1.2931,1.3594,1.5815,Normal,50.0,batch_5,0.45340000000000025,15.171669770884769,-3.2135324069290974,33.556871948698635,36.77040435562773,False,False,False,-0.7099697708847685,0.7099697708847685,0.096097202599602,False,VERY_LOW,POINT_BELOW_LIMIT
C08732,L5,FPGA,125.37,1.092,11.6252,12.741,13.9817,15.132,1.2099,1.3005,1.4837,1.6533,Normal,50.0,batch_5,1.1158000000000001,19.24794772882811,0.8627455510142426,37.633149906641975,36.77040435562773,False,False,False,-4.115947728828109,4.115947728828109,0.1469253951930422,False,VERY_LOW,POINT_BELOW_LIMIT
C08733,L5,ADC,126.06,1.781,11.9325,13.0843,13.5946,14.242,1.2555,1.3842,1.4319,1.5251,Normal,50.0,batch_5,1.1518000000000015,19.865753505970414,1.4805513281565474,38.250955683784284,36.77040435562773,False,False,False,-5.623753505970413,5.623753505970413,0.2730892862452304,False,LOW,POINT_BELOW_LIMIT
C08734,L5,FPGA,126.06,1.092,11.8878,11.979,12.2715,12.7445,1.2063,1.2373,1.2725,1.3349,High_Stable,50.0,batch_5,0.09119999999999884,12.675311013952033,-5.709891163861833,31.0605131917659,36.77040435562773,False,False,False,0.0691889860479673,0.0691889860479673,0.034523742923742926,False,VERY_LOW,POINT_BELOW_LIMIT
C08735,L5,ASIC,124.88,1.21,11.2532,11.8335,12.94,13.262,1.1781,1.1972,1.3772,1.4228,Normal,50.0,batch_5,0.5803000000000011,14.827977291468255,-3.5572248863456117,33.213179469282125,36.77040435562773,False,False,False,-1.5659772914682542,1.5659772914682542,0.07268304473304474,False,VERY_LOW,POINT_BELOW_LIMIT
C08736,L5,FPGA,126.04,1.122,11.6554,11.9299,12.9951,14.0962,1.2187,1.2647,1.3827,1.4858,Normal,50.0,batch_5,0.27449999999999974,14.894413428520103,-3.4907887492937633,33.27961560633397,36.77040435562773,False,False,False,-0.7982134285201035,0.7982134285201035,0.07715486735486736,False,VERY_LOW,POINT_BELOW_LIMIT
C08737,L5,ADC,124.59,1.816,11.5814,12.7784,12.9231,13.8693,1.2466,1.2896,1.3857,1.4533,Normal,50.0,batch_5,1.1969999999999992,18.85155784325397,0.46635566544010487,37.23676002106784,36.77040435562773,False,False,False,-4.98225784325397,4.98225784325397,0.12959530442324563,False,VERY_LOW,POINT_BELOW_LIMIT
C08738,L5,ASIC,124.88,1.222,11.6984,13.3032,21.6839,50.514,1.2395,1.4044,2.446,6.8312,Absolute_Failure,50.0,batch_5,1.604800000000001,32.62882985507758,14.243627677263717,51.01403203289145,36.77040435562773,False,True,True,17.88517014492242,17.88517014492242,0.5155172298688881,True,MEDIUM,POINT_BELOW_LIMIT
C08739,L5,FPGA,125.6,1.08,12.0619,12.1918,12.4097,12.754,1.2674,1.2457,1.2904,1.3052,High_Stable,50.0,batch_5,0.12990000000000101,12.97465321438492,-5.410548963428946,31.35985539219879,36.77040435562773,False,False,False,-0.22065321438492091,0.22065321438492091,0.0,False,VERY_LOW,POINT_BELOW_LIMIT
C08740,L5,FPGA,126.94,1.106,12.4686,12.7875,12.8663,12.5933,1.3207,1.3254,1.3608,1.2924,High_Stable,50.0,batch_5,0.3188999999999993,13.872221311706355,-4.512980866107512,32.25742348952022,36.77040435562773,False,False,False,-1.2789213117063554,1.2789213117063554,0.0298891223155929,False,VERY_LOW,POINT_BELOW_LIMIT
C08741,L5,ADC,125.31,1.816,12.3282,13.5703,14.0,14.2663,1.3006,1.49,1.5147,1.5108,Normal,50.0,batch_5,1.2420999999999989,27.012064484785352,8.626862306971486,45.39726666259922,36.77040435562773,False,False,False,-12.745764484785353,12.745764484785353,0.3140588846228029,False,LOW,POINT_BELOW_LIMIT
C08742,L5,ADC,124.58,1.788,11.7189,12.5645,13.5051,39.1635,1.2068,1.3443,1.4226,4.9668,Sudden_Anomaly,50.0,batch_5,0.845600000000001,18.010706099870973,-0.37449607794289363,36.39590827768484,36.77040435562773,False,False,False,21.152793900129026,21.152793900129026,0.22579895877772027,False,LOW,POINT_BELOW_LIMIT
C08743,L5,ADC,125.57,1.793,11.6101,12.1469,13.2566,35.0436,1.1838,1.2792,1.4408,4.3138,Sudden_Anomaly,50.0,batch_5,0.5368000000000013,15.718380441083097,-2.6668217367307694,34.103582618896965,36.77040435562773,False,False,False,19.3252195589169,19.3252195589169,0.14873672030240143,False,VERY_LOW,POINT_BELOW_LIMIT
C08744,L5,ASIC,125.89,1.192,11.3946,11.5609,11.5156,11.9706,1.1998,1.2484,1.2076,1.26,High_Stable,50.0,batch_5,0.16629999999999967,14.27633595575395,-4.108866222059916,32.66153813356782,36.77040435562773,False,False,False,-2.305735955753951,2.305735955753951,0.03245831257404147,False,VERY_LOW,POINT_BELOW_LIMIT
C08745,L5,DAC,124.62,1.793,12.6521,12.6894,12.9096,13.3413,1.3484,1.3141,1.3659,1.4316,High_Stable,50.0,batch_5,0.037299999999998334,13.205469038858359,-5.179733138955507,31.590671216672227,36.77040435562773,False,False,False,0.13583096114164128,0.13583096114164128,0.011149999999999998,False,VERY_LOW,POINT_BELOW_LIMIT
C08746,L5,ASIC,125.62,1.217,11.4659,11.5761,11.6167,11.7472,1.1706,1.1799,1.2006,1.2106,High_Stable,50.0,batch_5,0.11020000000000074,12.76672047713745,-5.618481700676416,31.151922654951317,36.77040435562773,False,False,False,-1.0195204771374513,1.0195204771374513,0.019033333333333336,False,VERY_LOW,POINT_BELOW_LIMIT
C08747,L5,DAC,124.86,1.783,12.4207,13.6702,14.7353,15.3837,1.2991,1.4554,1.6086,1.6249,Normal,50.0,batch_5,1.2494999999999994,21.78251891799671,3.397316740182845,40.16772109581058,36.77040435562773,False,False,False,-6.398818917996712,6.398818917996712,0.2481425455610776,False,LOW,POINT_BELOW_LIMIT
C08748,L5,ADC,124.09,1.794,11.4552,11.6836,12.1322,13.3707,1.2124,1.1792,1.246,1.3951,Normal,50.0,batch_5,0.2284000000000006,14.9461916839362,-3.4390104938776656,33.331393861750065,36.77040435562773,False,False,False,-1.5754916839362014,1.5754916839362014,0.06983903133903137,False,VERY_LOW,POINT_BELOW_LIMIT
C08749,L5,DAC,125.2,1.799,12.0301,12.6336,13.6312,14.0007,1.2733,1.32,1.4495,1.4995,Normal,50.0,batch_5,0.6035000000000004,17.673760791468254,-0.7114413863456122,36.05896296928212,36.77040435562773,False,False,False,-3.673060791468254,3.673060791468254,0.0628049870064576,False,VERY_LOW,POINT_BELOW_LIMIT
C08750,L5,DAC,124.26,1.802,11.8409,12.5669,12.9954,13.1911,1.2449,1.3232,1.3712,1.426,Normal,50.0,batch_5,0.7260000000000009,16.413043225992052,-1.9721589518218146,34.79824540380592,36.77040435562773,False,False,False,-3.2219432259920513,3.2219432259920513,0.06656889816066287,False,VERY_LOW,POINT_BELOW_LIMIT
C08751,L5,ASIC,126.42,1.222,11.464,12.2101,13.09,13.8055,1.2168,1.2475,1.3785,1.4745,Normal,50.0,batch_5,0.7461000000000002,20.371845616666675,1.9866434388528091,38.75704779448054,36.77040435562773,False,False,False,-6.566345616666675,6.566345616666675,0.2747341223996126,False,LOW,POINT_BELOW_LIMIT
C08752,L5,DAC,125.49,1.792,12.2721,14.327,17.0994,24.9438,1.2852,1.5451,1.812,2.9055,Latent_Defect,50.0,batch_5,2.0549,44.7395249997655,26.354322821951634,63.124727177579366,36.77040435562773,False,True,False,-19.7957249997655,19.7957249997655,0.9074138538104485,True,HIGH,POINT_BELOW_LIMIT
C08753,L5,ASIC,126.25,1.191,11.7033,12.6609,17.2077,22.4811,1.1826,1.3559,1.8514,2.54,Latent_Defect,50.0,batch_5,0.9575999999999993,18.543362576893934,0.1581603990800673,36.9285647547078,36.77040435562773,False,False,False,3.937737423106068,3.937737423106068,0.14219536190237048,False,VERY_LOW,POINT_BELOW_LIMIT
C08754,L5,ASIC,125.01,1.18,11.8405,12.0158,12.3328,11.9444,1.225,1.2608,1.3037,1.2147,High_Stable,50.0,batch_5,0.1753,13.055600928201656,-5.32960124961221,31.440803106015522,36.77040435562773,False,False,False,-1.1112009282016562,1.1112009282016562,0.021798999246367665,False,VERY_LOW,POINT_BELOW_LIMIT
C08755,L5,ADC,124.47,1.821,11.6907,13.086,15.9279,21.2834,1.2416,1.3879,1.7313,2.3663,Latent_Defect,50.0,batch_5,1.3953000000000007,27.39885366765871,9.013651489844843,45.78405584547258,36.77040435562773,False,False,False,-6.115453667658709,6.115453667658709,0.4164848547280115,False,MEDIUM,POINT_BELOW_LIMIT
C08756,L5,ASIC,124.1,1.199,11.2641,12.7245,13.2363,14.8761,1.1695,1.3097,1.3786,1.5936,Normal,50.0,batch_5,1.4604000000000017,28.422875917658722,10.037673739844855,46.80807809547259,36.77040435562773,False,False,False,-13.546775917658723,13.546775917658723,0.37418581904490944,False,LOW,POINT_BELOW_LIMIT
C08757,L5,FPGA,125.57,1.088,12.0275,12.2552,12.3607,12.8642,1.2879,1.2386,1.2823,1.3113,High_Stable,50.0,batch_5,0.22770000000000046,15.15512395001803,-3.230078227795836,33.5403261278319,36.77040435562773,False,False,False,-2.29092395001803,2.29092395001803,0.017647799422799423,False,VERY_LOW,POINT_BELOW_LIMIT
C08758,L5,ADC,124.61,1.805,11.1891,11.6933,14.2974,37.1233,1.1553,1.2411,1.5406,4.6678,Sudden_Anomaly,50.0,batch_5,0.5042000000000009,15.633151442757926,-2.7520507350559402,34.018353620571794,36.77040435562773,False,False,False,21.490148557242073,21.490148557242073,0.14604078389227582,False,VERY_LOW,POINT_BELOW_LIMIT
C08759,L5,ADC,124.5,1.782,11.9075,12.5179,13.126,13.7902,1.2681,1.3107,1.3982,1.4619,Normal,50.0,batch_5,0.6103999999999985,16.80807438660715,-1.577127791206717,35.19327656442101,36.77040435562773,False,False,False,-3.017874386607149,3.017874386607149,0.06135247220959297,False,VERY_LOW,POINT_BELOW_LIMIT
C08760,L5,ASIC,124.67,1.177,12.2003,12.2748,12.7779,12.506,1.3059,1.294,1.3584,1.3184,High_Stable,50.0,batch_5,0.07450000000000045,12.82719753472222,-5.558004643091646,31.212399712536087,36.77040435562773,False,False,False,-0.32119753472222,0.32119753472222,0.00125,False,VERY_LOW,POINT_BELOW_LIMIT
C08761,L5,FPGA,125.0,1.111,10.9945,12.6425,19.8783,54.4197,1.1741,1.3018,2.2437,7.5247,Absolute_Failure,50.0,batch_5,1.6479999999999997,34.397223938888864,16.012021761074998,52.78242611670273,36.77040435562773,False,True,True,20.022476061111135,20.022476061111135,0.6052428171737029,True,MEDIUM,POINT_BELOW_LIMIT
C08762,L5,DAC,125.53,1.794,11.7201,13.5648,18.2293,21.7944,1.2177,1.4047,1.9903,2.4216,Latent_Defect,50.0,batch_5,1.8446999999999996,40.06161713382936,21.676414956015492,58.446819311643225,36.77040435562773,False,True,False,-18.26721713382936,18.26721713382936,0.78746208401919,True,HIGH,POINT_BELOW_LIMIT
C08763,L5,ADC,123.21,1.799,12.067,12.4876,13.1062,13.3617,1.2887,1.3274,1.4265,1.4339,Normal,50.0,batch_5,0.4206000000000003,17.487054136156203,-0.898148041657663,35.87225631397007,36.77040435562773,False,False,False,-4.1253541361562025,4.1253541361562025,0.014219993164730006,False,VERY_LOW,POINT_BELOW_LIMIT
C08764,L5,ADC,123.17,1.808,11.7519,12.6857,15.9985,22.5019,1.2803,1.3325,1.7407,2.5546,Latent_Defect,50.0,batch_5,0.9338000000000015,17.954437735768405,-0.4307644420454615,36.339639913582275,36.77040435562773,False,False,False,4.547462264231594,4.547462264231594,0.1788897602827168,False,LOW,POINT_BELOW_LIMIT
C08765,L5,ASIC,124.38,1.216,11.4184,11.8245,12.9262,26.3634,1.2167,1.2449,1.3625,3.0481,Sudden_Anomaly,50.0,batch_5,0.40610000000000035,16.7223355999008,-1.6628665779130678,35.10753777771467,36.77040435562773,False,False,False,9.6410644000992,9.6410644000992,0.12257010498736841,False,VERY_LOW,POINT_BELOW_LIMIT
C08766,L5,ASIC,124.7,1.197,11.1738,11.8708,12.481,13.7074,1.1778,1.2622,1.2793,1.4294,Normal,50.0,batch_5,0.6969999999999992,15.256722997637869,-3.1284791801759972,33.64192517545173,36.77040435562773,False,False,False,-1.5493229976378693,1.5493229976378693,0.023020238095238097,False,VERY_LOW,POINT_BELOW_LIMIT
C08767,L5,FPGA,126.52,1.067,11.5052,12.5266,19.6503,50.8911,1.2014,1.3499,2.1744,6.9156,Absolute_Failure,50.0,batch_5,1.0213999999999999,20.28438583125001,1.8991836534361433,38.66958800906387,36.77040435562773,False,False,True,30.606714168749992,30.606714168749992,0.17834026235040834,False,LOW,POINT_BELOW_LIMIT
C08768,L5,ADC,124.38,1.807,11.7042,12.3674,13.5019,14.6176,1.202,1.3224,1.4115,1.5869,Normal,50.0,batch_5,0.6631999999999998,16.546101621410518,-1.8391005564033485,34.93130379922438,36.77040435562773,False,False,False,-1.9285016214105184,1.9285016214105184,0.15940503541006637,False,LOW,POINT_BELOW_LIMIT
C08769,L5,ASIC,125.45,1.218,12.5104,12.9143,13.3698,13.8855,1.3169,1.3572,1.4642,1.4899,High_Stable,50.0,batch_5,0.40390000000000015,15.439036845039679,-2.9461653327741875,33.82423902285355,36.77040435562773,False,False,False,-1.5535368450396785,1.5535368450396785,0.01765996780996781,False,VERY_LOW,POINT_BELOW_LIMIT
C08770,L5,ASIC,125.81,1.183,11.4867,11.9184,11.7747,12.0059,1.1834,1.2191,1.2022,1.2837,High_Stable,50.0,batch_5,0.4316999999999993,14.896924761138713,-3.488277416675153,33.28212693895258,36.77040435562773,False,False,False,-2.8910247611387128,2.8910247611387128,0.015919047619047617,False,VERY_LOW,POINT_BELOW_LIMIT
C08771,L5,FPGA,126.12,1.133,12.0273,12.7089,13.8871,14.8578,1.2862,1.3232,1.4758,1.5957,Normal,50.0,batch_5,0.6815999999999995,17.61894299398723,-0.7662591838266373,36.0041451718011,36.77040435562773,False,False,False,-2.76114299398723,2.76114299398723,0.04942577145077144,False,VERY_LOW,POINT_BELOW_LIMIT
C08772,L5,ASIC,125.68,1.195,11.6672,12.5543,13.4829,14.6911,1.2401,1.3126,1.4037,1.552,Normal,50.0,batch_5,0.8871000000000002,17.149077174702374,-1.2361250031114928,35.534279352516236,36.77040435562773,False,False,False,-2.457977174702373,2.457977174702373,0.2549528910806496,False,LOW,POINT_BELOW_LIMIT
C08773,L5,FPGA,125.79,1.104,11.4536,12.1116,13.2762,14.804,1.2139,1.2765,1.3889,1.5737,Normal,50.0,batch_5,0.6579999999999995,17.25059985477217,-1.1346023230416975,35.635802032586035,36.77040435562773,False,False,False,-2.4465998547721686,2.4465998547721686,0.17550041444337106,False,LOW,POINT_BELOW_LIMIT
C08774,L5,ADC,124.31,1.789,11.9785,12.3314,12.5756,12.7981,1.2395,1.3238,1.2968,1.3461,High_Stable,50.0,batch_5,0.3529,14.754157004166673,-3.631045173647193,33.13935918198054,36.77040435562773,False,False,False,-1.9560570041666736,1.9560570041666736,0.048788602745723504,False,VERY_LOW,POINT_BELOW_LIMIT
C08775,L5,DAC,125.12,1.775,11.8792,12.6477,13.4014,30.3754,1.2434,1.3444,1.3879,3.6367,Sudden_Anomaly,50.0,batch_5,0.7684999999999995,16.083127256051593,-2.302074921762273,34.46832943386546,36.77040435562773,False,False,False,14.292272743948406,14.292272743948406,0.030184943127048388,False,VERY_LOW,POINT_BELOW_LIMIT
C08776,L5,ASIC,124.51,1.183,11.6751,12.8197,13.506,14.0982,1.1817,1.3465,1.3847,1.5035,Normal,50.0,batch_5,1.1445999999999987,21.6446752276786,3.2594730498647344,40.02987740549247,36.77040435562773,False,False,False,-7.5464752276786005,7.5464752276786005,0.3354250169071821,False,LOW,POINT_BELOW_LIMIT
C08777,L5,FPGA,123.54,1.076,11.2405,11.8846,13.4569,19.0436,1.1595,1.2651,1.4264,2.0928,Latent_Defect,50.0,batch_5,0.6440999999999999,18.713759662274537,0.3285574844606707,37.09896184008841,36.77040435562773,False,False,False,0.3298403377254644,0.3298403377254644,0.2155561330327738,False,LOW,POINT_BELOW_LIMIT
C08778,L5,FPGA,125.48,1.091,11.8405,12.5242,13.2501,14.2384,1.2102,1.3337,1.4219,1.5192,Normal,50.0,batch_5,0.6837,19.64118338333334,1.255981205519472,38.02638556114721,36.77040435562773,False,False,False,-5.402783383333338,5.402783383333338,0.25676509019016747,False,LOW,POINT_BELOW_LIMIT
C08779,L5,ASIC,125.18,1.195,11.5286,13.7546,20.7221,57.9545,1.1637,1.4494,2.294,8.1845,Absolute_Failure,50.0,batch_5,2.225999999999999,46.20940256855154,27.824200390737673,64.5946047463654,36.77040435562773,False,True,True,11.745097431448464,11.745097431448464,0.9094788403958443,True,HIGH,POINT_BELOW_LIMIT
C08780,L5,ASIC,123.25,1.203,11.5045,12.3415,13.8733,14.1398,1.1931,1.2974,1.4862,1.5673,Normal,50.0,batch_5,0.8369999999999997,16.351459478020555,-2.0337426997933115,34.736661655834425,36.77040435562773,False,False,False,-2.2116594780205556,2.2116594780205556,0.06717389204362889,False,VERY_LOW,POINT_BELOW_LIMIT
C08781,L5,ADC,124.81,1.807,12.1967,13.7771,18.5472,51.9911,1.261,1.4412,2.0037,7.1111,Absolute_Failure,50.0,batch_5,1.580400000000001,37.44311100853176,19.057908830717892,55.828313186345625,36.77040435562773,False,True,True,14.547988991468245,14.547988991468245,0.7428762457619092,True,MEDIUM,POINT_BELOW_LIMIT
C08782,L5,DAC,125.48,1.825,12.3273,14.3369,23.6944,53.7191,1.2858,1.5038,2.6798,7.4399,Absolute_Failure,50.0,batch_5,2.0096000000000007,38.56004853400971,20.174846356195843,56.945250711823576,36.77040435562773,False,True,True,15.159051465990288,15.159051465990288,0.8184771705728052,True,HIGH,POINT_BELOW_LIMIT
C08783,L5,DAC,125.27,1.757,11.981,12.5562,13.4349,13.7521,1.2988,1.3526,1.4525,1.4495,Normal,50.0,batch_5,0.5752000000000006,16.982907320238095,-1.4022948575757717,35.368109498051965,36.77040435562773,False,False,False,-3.2308073202380942,3.2308073202380942,0.08647587074088622,False,VERY_LOW,POINT_BELOW_LIMIT
C08784,L5,FPGA,124.76,1.118,11.3815,11.7358,12.1451,13.5489,1.1763,1.2029,1.3496,1.4232,Normal,50.0,batch_5,0.3542999999999985,14.471080090178575,-3.914122087635292,32.85628226799244,36.77040435562773,False,False,False,-0.9221800901785748,0.9221800901785748,0.07274941974762948,False,VERY_LOW,POINT_BELOW_LIMIT
C08785,L5,FPGA,123.7,1.058,11.55,12.6238,15.2846,40.0277,1.1935,1.3419,1.612,5.1097,Sudden_Anomaly,50.0,batch_5,1.0737999999999985,21.18984502274045,2.8046428449265832,39.575047200554316,36.77040435562773,False,False,False,18.837854977259553,18.837854977259553,0.2534685109772893,False,LOW,POINT_BELOW_LIMIT
C08786,L5,DAC,123.38,1.806,12.4391,13.0412,14.4368,26.3447,1.3464,1.3917,1.569,3.0258,Sudden_Anomaly,50.0,batch_5,0.6021000000000001,17.340273803827657,-1.0449283739862096,35.72547598164152,36.77040435562773,False,False,False,9.004426196172343,9.004426196172343,0.08632699832846893,False,VERY_LOW,POINT_BELOW_LIMIT
C08787,L5,ADC,124.24,1.799,12.2215,13.0931,13.586,14.0511,1.2697,1.3688,1.4458,1.4709,Normal,50.0,batch_5,0.871599999999999,16.760369007142852,-1.624833170671014,35.14557118495672,36.77040435562773,False,False,False,-2.7092690071428525,2.7092690071428525,0.061649987147355576,False,VERY_LOW,POINT_BELOW_LIMIT
C08788,L5,ADC,124.42,1.804,12.3759,12.5368,12.5577,12.7385,1.3072,1.3218,1.3307,1.3092,High_Stable,50.0,batch_5,0.16089999999999982,13.0323793930736,-5.352822784740267,31.417581570887464,36.77040435562773,False,False,False,-0.293879393073599,0.293879393073599,0.013135642135642134,False,VERY_LOW,POINT_BELOW_LIMIT
C08789,L5,ADC,124.31,1.793,11.9339,12.5062,13.7676,15.012,1.2679,1.304,1.4339,1.6172,Normal,50.0,batch_5,0.5723000000000003,16.562133020337296,-1.8230691574765707,34.947335198151166,36.77040435562773,False,False,False,-1.5501330203372952,1.5501330203372952,0.011157142857142859,False,VERY_LOW,POINT_BELOW_LIMIT
C08790,L5,ADC,124.62,1.794,11.7076,12.7975,14.2351,14.773,1.192,1.3347,1.5488,1.5617,Normal,50.0,batch_5,1.0899,16.055730332837303,-2.3294718449765632,34.440932510651166,36.77040435562773,False,False,False,-1.2827303328373034,1.2827303328373034,0.10331848227190467,False,VERY_LOW,POINT_BELOW_LIMIT
C08791,L5,ASIC,124.26,1.203,11.1587,11.963,12.8994,37.8158,1.2022,1.246,1.3546,4.7298,Sudden_Anomaly,50.0,batch_5,0.8042999999999996,14.652521981878293,-3.7326801959355738,33.03772415969216,36.77040435562773,False,False,False,23.16327801812171,23.16327801812171,0.03840789297848121,False,VERY_LOW,POINT_BELOW_LIMIT
C08792,L5,ADC,124.66,1.762,12.4719,12.9613,13.4659,14.0311,1.276,1.3876,1.4124,1.4351,Normal,50.0,batch_5,0.48939999999999984,16.13055951284695,-2.254642664966916,34.51576169066082,36.77040435562773,False,False,False,-2.09945951284695,2.09945951284695,0.02308542568542569,False,VERY_LOW,POINT_BELOW_LIMIT
C08793,L5,FPGA,125.04,1.113,11.9497,12.2359,12.2616,12.1474,1.2376,1.2451,1.3165,1.2591,High_Stable,50.0,batch_5,0.2862000000000009,14.496185623728355,-3.8890165540855115,32.88138780154222,36.77040435562773,False,False,False,-2.3487856237283555,2.3487856237283555,0.01174090909090909,False,VERY_LOW,POINT_BELOW_LIMIT
C08794,L5,FPGA,123.42,1.123,11.2136,11.7127,12.267,13.8452,1.1753,1.2138,1.3035,1.472,Normal,50.0,batch_5,0.4991000000000003,14.879814101461038,-3.505388076352828,33.2650162792749,36.77040435562773,False,False,False,-1.0346141014610382,1.0346141014610382,0.07625721354668723,False,VERY_LOW,POINT_BELOW_LIMIT
C08795,L5,ADC,124.04,1.812,11.6737,13.0773,16.7123,22.7388,1.2313,1.3981,1.7682,2.5678,Latent_Defect,50.0,batch_5,1.403599999999999,32.704019294345244,14.318817116531378,51.08922147215911,36.77040435562773,False,True,False,-9.965219294345243,9.965219294345243,0.5993781471677644,True,MEDIUM,POINT_BELOW_LIMIT
C08796,L5,ADC,122.86,1.805,12.6939,13.5743,14.3673,15.0623,1.3277,1.4316,1.5451,1.6656,Normal,50.0,batch_5,0.8803999999999998,19.005485299050388,0.6202831212365219,37.39068747686426,36.77040435562773,False,False,False,-3.9431852990503877,3.9431852990503877,0.08742878358025417,False,VERY_LOW,POINT_BELOW_LIMIT
C08797,L5,ASIC,126.4,1.203,12.4184,12.561,12.5619,12.9258,1.3072,1.3145,1.3321,1.3812,High_Stable,50.0,batch_5,0.14259999999999984,13.372147647275643,-5.0130545305382235,31.75734982508951,36.77040435562773,False,False,False,-0.44634764727564225,0.44634764727564225,0.014757503607503608,False,VERY_LOW,POINT_BELOW_LIMIT
C08798,L5,FPGA,127.07,1.104,12.1288,12.1428,12.4759,12.4638,1.259,1.2704,1.2816,1.298,High_Stable,50.0,batch_5,0.013999999999999346,12.783760110615082,-5.601442067198784,31.16896228842895,36.77040435562773,False,False,False,-0.31996011061508156,0.31996011061508156,0.013393234869705457,False,VERY_LOW,POINT_BELOW_LIMIT
C08799,L5,DAC,126.05,1.803,11.7465,11.851,11.9729,12.1478,1.2556,1.2639,1.2308,1.3112,High_Stable,50.0,batch_5,0.10450000000000159,14.64201093255494,-3.7431912452589255,33.027213110368805,36.77040435562773,False,False,False,-2.4942109325549406,2.4942109325549406,0.11820947222711929,False,VERY_LOW,POINT_BELOW_LIMIT
C08800,L5,FPGA,126.05,1.104,11.4308,12.6183,18.1896,55.4963,1.1639,1.3254,2.005,7.746,Absolute_Failure,50.0,batch_5,1.1875,25.80899070000001,7.423788522186143,44.194192877813876,36.77040435562773,False,False,True,29.68730929999999,29.68730929999999,0.3396217980982538,False,LOW,POINT_BELOW_LIMIT
C08801,L5,ADC,125.3,1.794,12.0942,12.6421,13.4374,14.1891,1.3019,1.3313,1.3889,1.4977,Normal,50.0,batch_5,0.5478999999999985,18.29527629751401,-0.08992588029985527,36.680478475327874,36.77040435562773,False,False,False,-4.106176297514011,4.106176297514011,0.06462632367632369,False,VERY_LOW,POINT_BELOW_LIMIT
C08802,L5,ADC,126.37,1.807,12.7748,13.1354,13.0306,13.0338,1.3495,1.4115,1.3758,1.3782,High_Stable,50.0,batch_5,0.3605999999999998,18.281192447123026,-0.10400973069084074,36.66639462493689,36.77040435562773,False,False,False,-5.247392447123026,5.247392447123026,0.04221385281385282,False,VERY_LOW,POINT_BELOW_LIMIT
C08803,L5,ADC,125.76,1.826,11.166,11.4632,12.2864,12.8148,1.146,1.1568,1.2952,1.3332,Normal,50.0,batch_5,0.29720000000000013,14.989347837067108,-3.3958543407467587,33.374550014880974,36.77040435562773,False,False,False,-2.1745478370671076,2.1745478370671076,0.1083769409455652,False,VERY_LOW,POINT_BELOW_LIMIT
C08804,L5,FPGA,126.94,1.128,11.3058,12.2786,19.5787,53.417,1.1817,1.256,2.1621,7.3195,Absolute_Failure,50.0,batch_5,0.9728000000000012,22.27865452380951,3.8934523459956445,40.663856701623374,36.77040435562773,False,False,True,31.13834547619049,31.13834547619049,0.43909020473238647,False,MEDIUM,POINT_BELOW_LIMIT
C08805,L5,ASIC,123.58,1.174,10.7934,11.0615,12.0033,13.3518,1.1781,1.1158,1.2155,1.4108,Normal,50.0,batch_5,0.26810000000000045,16.83820740303029,-1.5469947747835775,35.223409580844155,36.77040435562773,False,False,False,-3.486407403030288,3.486407403030288,0.12242410347650284,False,VERY_LOW,POINT_BELOW_LIMIT
C08806,L5,ASIC,124.82,1.217,11.6642,12.5869,16.5286,56.3823,1.2103,1.3133,1.8,7.9033,Absolute_Failure,50.0,batch_5,0.9227000000000007,19.146597215079353,0.761395037265487,37.53179939289322,36.77040435562773,False,False,True,37.23570278492065,37.23570278492065,0.20745307888877532,False,LOW,POINT_BELOW_LIMIT
C08807,L5,ADC,125.77,1.822,12.1583,12.4551,13.3741,14.5309,1.2962,1.3039,1.4143,1.5698,Normal,50.0,batch_5,0.2967999999999993,16.4240288734127,-1.9611733044011679,34.80923105122656,36.77040435562773,False,False,False,-1.8931288734126976,1.8931288734126976,0.18565676791388852,False,LOW,POINT_BELOW_LIMIT
C08808,L5,ADC,124.6,1.831,11.9542,12.0734,13.4498,29.3394,1.2658,1.2617,1.4672,3.4987,Sudden_Anomaly,50.0,batch_5,0.1191999999999993,13.300292264438333,-5.084909913375533,31.6854944422522,36.77040435562773,False,False,False,16.039107735561668,16.039107735561668,0.015476695526695528,False,VERY_LOW,POINT_BELOW_LIMIT
C08809,L5,ADC,124.79,1.795,11.8002,12.2034,12.7617,13.8818,1.266,1.2957,1.3394,1.4562,Normal,50.0,batch_5,0.4032,15.99451165367063,-2.3906905241432366,34.379713831484494,36.77040435562773,False,False,False,-2.1127116536706296,2.1127116536706296,0.025217199467199466,False,VERY_LOW,POINT_BELOW_LIMIT
C08810,L5,ADC,125.41,1.787,12.0004,13.1163,20.1925,55.588,1.2377,1.386,2.2715,7.7375,Absolute_Failure,50.0,batch_5,1.1159,22.794384340277773,4.409182162463907,41.17958651809164,36.77040435562773,False,False,True,32.79361565972223,32.79361565972223,0.17424134917370207,False,LOW,POINT_BELOW_LIMIT
C08811,L5,FPGA,126.82,1.097,11.5142,12.2232,12.9351,14.2741,1.2329,1.2809,1.3547,1.5199,Normal,50.0,batch_5,0.7089999999999996,15.697105865325687,-2.688096312488179,34.082308043139555,36.77040435562773,False,False,False,-1.4230058653256865,1.4230058653256865,0.07992213940743353,False,VERY_LOW,POINT_BELOW_LIMIT
C08812,L5,ADC,125.25,1.786,11.2082,12.3272,17.0264,54.7293,1.147,1.2655,1.8623,7.5639,Absolute_Failure,50.0,batch_5,1.1189999999999998,19.90318587380954,1.5179836959956745,38.28838805162341,36.77040435562773,False,False,True,34.82611412619046,34.82611412619046,0.15440103344280898,False,LOW,POINT_BELOW_LIMIT
C08813,L5,DAC,124.97,1.827,11.7878,12.0283,12.9553,14.3147,1.2413,1.2374,1.3486,1.5602,Normal,50.0,batch_5,0.24049999999999905,14.331873544345246,-4.05332863346862,32.71707572215911,36.77040435562773,False,False,False,-0.017173544345245872,0.017173544345245872,0.051932515729884145,False,VERY_LOW,POINT_BELOW_LIMIT
C08814,L5,ASIC,125.6,1.203,11.744,12.3966,14.1794,37.1552,1.2585,1.2805,1.5016,4.6545,Sudden_Anomaly,50.0,batch_5,0.6525999999999996,15.52479347867063,-2.860408699143237,33.9099956564845,36.77040435562773,False,False,False,21.63040652132937,21.63040652132937,0.090238006730112,False,VERY_LOW,POINT_BELOW_LIMIT
C08815,L5,ADC,124.64,1.797,11.1229,11.9073,12.3424,13.0824,1.1677,1.2529,1.3202,1.3599,Normal,50.0,batch_5,0.7843999999999998,17.080146206250003,-1.3050559715638634,35.46534838406387,36.77040435562773,False,False,False,-3.997746206250003,3.997746206250003,0.21718991127314916,False,LOW,POINT_BELOW_LIMIT
C08816,L5,ASIC,125.1,1.22,11.0504,11.1234,11.969,12.3334,1.1558,1.1666,1.2706,1.2914,Normal,50.0,batch_5,0.0730000000000004,12.312019137305077,-6.073183040508789,30.697221315118945,36.77040435562773,False,False,False,0.021380862694922342,0.021380862694922342,0.04897648842385685,False,VERY_LOW,POINT_BELOW_LIMIT
C08817,L5,ADC,124.79,1.802,11.8972,12.4091,13.0659,13.8296,1.2111,1.3077,1.3496,1.4398,Normal,50.0,batch_5,0.5119000000000007,17.13495177583181,-1.2502504019820577,35.520153953645675,36.77040435562773,False,False,False,-3.3053517758318094,3.3053517758318094,0.11543811081075783,False,VERY_LOW,POINT_BELOW_LIMIT
C08818,L5,ASIC,125.43,1.204,11.9485,11.9444,12.1572,12.0065,1.1984,1.2304,1.2989,1.242,High_Stable,50.0,batch_5,-0.004099999999999326,12.553017368055567,-5.832184809758299,30.938219545869433,36.77040435562773,False,False,False,-0.5465173680555662,0.5465173680555662,0.016843756243756242,False,VERY_LOW,POINT_BELOW_LIMIT
C08819,L5,ADC,124.78,1.774,12.1839,13.819,17.0062,22.3583,1.2522,1.493,1.8292,2.5242,Latent_Defect,50.0,batch_5,1.6351000000000013,32.1912960389881,13.806093861174233,50.576498216801966,36.77040435562773,False,True,False,-9.8329960389881,9.8329960389881,0.5398068674977525,True,MEDIUM,POINT_BELOW_LIMIT
C08820,L5,FPGA,125.17,1.093,11.4916,12.0921,13.1995,13.9721,1.1701,1.2931,1.4514,1.4478,Normal,50.0,batch_5,0.6005000000000003,14.298329793154757,-4.0868723846591095,32.68353197096862,36.77040435562773,False,False,False,-0.32622979315475753,0.32622979315475753,0.027772222222222226,False,VERY_LOW,POINT_BELOW_LIMIT
C08821,L5,FPGA,125.74,1.086,11.171,11.7289,11.8738,12.6031,1.1944,1.2444,1.2572,1.3495,Normal,50.0,batch_5,0.5579000000000001,15.390783339186497,-2.99441883862737,33.775985517000365,36.77040435562773,False,False,False,-2.787683339186497,2.787683339186497,0.06362014436372024,False,VERY_LOW,POINT_BELOW_LIMIT
C08822,L5,DAC,123.75,1.804,11.7071,12.8077,13.7499,14.9077,1.1549,1.4037,1.5074,1.5679,Normal,50.0,batch_5,1.1006,24.398357525892862,6.013155348078996,42.78355970370673,36.77040435562773,False,False,False,-9.490657525892862,9.490657525892862,0.3521069348176486,False,LOW,POINT_BELOW_LIMIT
C08823,L5,ASIC,125.27,1.179,11.6507,11.7467,11.5285,11.4388,1.2375,1.1959,1.1986,1.1984,High_Stable,50.0,batch_5,0.09600000000000009,12.533823470818072,-5.851378706995794,30.919025648631937,36.77040435562773,False,False,False,-1.095023470818072,1.095023470818072,0.015519780219780219,False,VERY_LOW,POINT_BELOW_LIMIT
C08824,L5,DAC,126.17,1.792,12.0891,13.1148,13.4144,14.5438,1.2559,1.4053,1.4559,1.5103,Normal,50.0,batch_5,1.0257000000000005,20.659456545734137,2.274254367920271,39.044658723548004,36.77040435562773,False,False,False,-6.115656545734138,6.115656545734138,0.22914859370158244,False,LOW,POINT_BELOW_LIMIT
C08825,L5,DAC,126.43,1.786,12.3013,12.36,12.3811,12.626,1.2915,1.3463,1.3554,1.3335,High_Stable,50.0,batch_5,0.058699999999999974,13.703523095039683,-4.681679082774183,32.08872527285355,36.77040435562773,False,False,False,-1.077523095039684,1.077523095039684,0.04493592439851022,False,VERY_LOW,POINT_BELOW_LIMIT
C08826,L5,DAC,125.15,1.79,11.6651,12.5328,13.5152,14.5686,1.226,1.3264,1.431,1.5599,Normal,50.0,batch_5,0.8676999999999992,16.71776878482143,-1.6674333929924359,35.1029709626353,36.77040435562773,False,False,False,-2.1491687848214305,2.1491687848214305,0.08475455304928992,False,VERY_LOW,POINT_BELOW_LIMIT
C08827,L5,ASIC,124.32,1.202,11.1301,12.4116,13.3186,13.7597,1.1654,1.314,1.4361,1.4522,Normal,50.0,batch_5,1.2814999999999994,20.434914337400787,2.049712159586921,38.82011651521465,36.77040435562773,False,False,False,-6.675214337400787,6.675214337400787,0.18289519594990902,False,LOW,POINT_BELOW_LIMIT
C08828,L5,ADC,125.7,1.791,11.726,11.6226,11.6024,11.7733,1.2143,1.2225,1.2071,1.2535,High_Stable,50.0,batch_5,-0.1034000000000006,12.382589157142856,-6.00261302067101,30.767791334956723,36.77040435562773,False,False,False,-0.6092891571428556,0.6092891571428556,0.008845238095238095,False,VERY_LOW,POINT_BELOW_LIMIT
C08829,L5,ADC,122.8,1.783,11.1794,12.1845,12.5735,13.1792,1.1597,1.2489,1.3094,1.3725,Normal,50.0,batch_5,1.0051000000000005,23.58357870587122,5.198376528057352,41.968780883685085,36.77040435562773,False,False,False,-10.404378705871219,10.404378705871219,0.31628041130364437,False,LOW,POINT_BELOW_LIMIT
C08830,L5,DAC,126.83,1.796,11.9861,12.6015,13.1655,14.4392,1.2265,1.3406,1.4258,1.4848,Normal,50.0,batch_5,0.6153999999999993,23.54913236568362,5.163930187869752,41.934334543497485,36.77040435562773,False,False,False,-9.109932365683619,9.109932365683619,0.25350401981918996,False,LOW,POINT_BELOW_LIMIT
C08831,L5,FPGA,124.45,1.09,12.1117,12.1548,12.4447,12.4688,1.2902,1.3162,1.2827,1.3325,High_Stable,50.0,batch_5,0.04309999999999903,12.570340460317457,-5.8148617174964095,30.955542638131323,36.77040435562773,False,False,False,-0.101540460317457,0.101540460317457,0.010491666666666667,False,VERY_LOW,POINT_BELOW_LIMIT
C08832,L5,ASIC,125.26,1.197,10.8699,12.1948,15.6448,22.895,1.1388,1.2809,1.6622,2.6162,Latent_Defect,50.0,batch_5,1.3249000000000013,29.370746572086908,10.985544394273042,47.755948749900774,36.77040435562773,False,False,False,-6.4757465720869085,6.4757465720869085,0.5397795382370033,True,MEDIUM,POINT_BELOW_LIMIT
C08833,L5,ADC,124.84,1.824,11.6743,12.4923,13.6549,14.9598,1.2125,1.2966,1.455,1.5844,Normal,50.0,batch_5,0.8179999999999996,17.83736314077381,-0.5478390370400561,36.22256531858768,36.77040435562773,False,False,False,-2.8775631407738107,2.8775631407738107,0.16102956868762014,False,LOW,POINT_BELOW_LIMIT
C08834,L5,ASIC,124.83,1.209,11.7248,13.247,15.5736,20.0923,1.2519,1.4568,1.6795,2.2227,Latent_Defect,50.0,batch_5,1.5221999999999998,32.00798352023811,13.622781342424247,50.39318569805198,36.77040435562773,False,True,False,-11.915683520238112,11.915683520238112,0.4497326837266619,False,MEDIUM,POINT_BELOW_LIMIT
C08835,L5,FPGA,124.12,1.092,10.7163,11.3839,11.8452,12.7241,1.1082,1.1856,1.23,1.3555,Normal,50.0,batch_5,0.6676000000000002,14.995630256249997,-3.389571921563869,33.38083243406386,36.77040435562773,False,False,False,-2.2715302562499975,2.2715302562499975,0.07333297545366511,False,VERY_LOW,POINT_BELOW_LIMIT
C08836,L5,ADC,125.45,1.797,12.6794,14.478,18.9356,25.5895,1.3102,1.5372,2.0529,2.97,Latent_Defect,50.0,batch_5,1.7986000000000004,34.930531641722155,16.54532946390829,53.31573381953602,36.77040435562773,False,True,False,-9.341031641722154,9.341031641722154,0.7296229815242644,True,MEDIUM,POINT_BELOW_LIMIT
C08837,L5,ADC,125.44,1.815,11.701,13.2467,19.699,61.772,1.2351,1.38,2.2087,8.8898,Absolute_Failure,50.0,batch_5,1.5457,32.253365186904745,13.868163009090878,50.63856736471861,36.77040435562773,False,True,True,29.518634813095254,29.518634813095254,0.5360490148997891,True,MEDIUM,POINT_BELOW_LIMIT
C08838,L5,FPGA,125.53,1.105,11.5545,12.7102,17.5574,57.1608,1.2182,1.3729,1.8876,8.0686,Absolute_Failure,50.0,batch_5,1.1556999999999995,20.469257157837294,2.084054980023428,38.85445933565116,36.77040435562773,False,False,True,36.691542842162704,36.691542842162704,0.16143270231565524,False,LOW,POINT_BELOW_LIMIT
C08839,L5,ADC,124.04,1.799,11.1654,11.4605,14.9575,55.9509,1.1263,1.188,1.6255,7.872,Absolute_Failure,50.0,batch_5,0.2950999999999997,16.531259089392556,-1.8539430884213104,34.91646126720642,36.77040435562773,False,False,True,39.41964091060744,39.41964091060744,0.08317039996803421,False,VERY_LOW,POINT_BELOW_LIMIT
C08840,L5,ASIC,125.22,1.187,11.7976,12.1716,12.6693,13.481,1.2094,1.2115,1.3168,1.4096,Normal,50.0,batch_5,0.37400000000000055,15.358129942712848,-3.027072235101018,33.743332120526716,36.77040435562773,False,False,False,-1.8771299427128483,1.8771299427128483,0.05451530099624729,False,VERY_LOW,POINT_BELOW_LIMIT
C08841,L5,ASIC,125.4,1.201,11.4841,14.0626,21.3069,60.7976,1.1801,1.5115,2.3765,8.7002,Absolute_Failure,50.0,batch_5,2.5785,55.47065881635339,37.085456638539526,73.85586099416726,36.77040435562773,True,True,True,5.3269411836466105,5.3269411836466105,0.9852989232989232,True,HIGH,POINT_ABOVE_LIMIT
C08842,L5,ADC,125.1,1.798,11.6388,12.636,15.9934,22.2858,1.2257,1.3551,1.7023,2.5181,Latent_Defect,50.0,batch_5,0.9971999999999994,19.34956148594876,0.9643593081348953,37.73476366376263,36.77040435562773,False,False,False,2.9362385140512366,2.9362385140512366,0.14035781257957725,False,VERY_LOW,POINT_BELOW_LIMIT
C08843,L5,DAC,125.71,1.824,11.6711,12.2156,12.7993,13.9345,1.2392,1.2702,1.3184,1.446,Normal,50.0,batch_5,0.5445000000000011,18.417703260678195,0.03250108286432862,36.80290543849206,36.77040435562773,False,False,False,-4.483203260678195,4.483203260678195,0.04464329004329005,False,VERY_LOW,POINT_BELOW_LIMIT
C08844,L5,DAC,125.76,1.775,11.9818,13.4272,14.6659,38.8002,1.2444,1.4152,1.6114,4.8961,Sudden_Anomaly,50.0,batch_5,1.4453999999999994,36.80959716527781,18.42439498746394,55.194799343091674,36.77040435562773,False,True,False,1.9906028347221891,1.9906028347221891,0.6450405516911708,True,MEDIUM,POINT_BELOW_LIMIT
C08845,L5,ASIC,124.3,1.187,11.1262,13.2491,17.5107,22.1289,1.1853,1.4197,1.873,2.5141,Latent_Defect,50.0,batch_5,2.1228999999999996,48.59461652875458,30.209414350940712,66.97981870656844,36.770404355627726,False,True,False,-26.465716528754577,26.465716528754577,0.9392048751968133,True,HIGH,POINT_BELOW_LIMIT
C08846,L5,DAC,126.34,1.808,12.163,13.5829,16.0742,23.7661,1.2884,1.4258,1.7274,2.7348,Latent_Defect,50.0,batch_5,1.4199000000000002,30.830048840575433,12.444846662761567,49.215251018389296,36.77040435562773,False,False,False,-7.063948840575431,7.063948840575431,0.5120573684152366,True,MEDIUM,POINT_BELOW_LIMIT
C08847,L5,ASIC,124.59,1.202,11.285,11.5508,12.7107,13.5259,1.1916,1.2309,1.3549,1.4503,Normal,50.0,batch_5,0.2658000000000005,14.997663578003253,-3.387538599810613,33.38286575581712,36.77040435562773,False,False,False,-1.4717635780032534,1.4717635780032534,0.0989925970744082,False,VERY_LOW,POINT_BELOW_LIMIT
C08848,L5,DAC,126.58,1.797,11.8723,12.8744,15.3311,52.7034,1.2646,1.336,1.6056,7.2243,Absolute_Failure,50.0,batch_5,1.0021000000000004,19.62767504613096,1.242472868317094,38.01287722394483,36.77040435562773,False,False,True,33.07572495386904,33.07572495386904,0.12793941916356774,False,VERY_LOW,POINT_BELOW_LIMIT
C08849,L5,ASIC,126.33,1.151,11.5614,12.7757,13.5243,14.5324,1.2276,1.3421,1.4225,1.529,Normal,50.0,batch_5,1.2142999999999997,22.557964380257932,4.172762202444066,40.943166558071795,36.77040435562773,False,False,False,-8.025564380257931,8.025564380257931,0.2447444217976726,False,LOW,POINT_BELOW_LIMIT
C08850,L5,ASIC,125.02,1.192,10.6564,11.7169,12.2345,12.8904,1.1273,1.2301,1.2774,1.3484,Normal,50.0,batch_5,1.060500000000001,15.118966839583338,-3.266235338230528,33.5041690173972,36.77040435562773,False,False,False,-2.2285668395833387,2.2285668395833387,0.09986199780910111,False,VERY_LOW,POINT_BELOW_LIMIT
C08851,L5,ASIC,125.05,1.196,10.8563,11.2752,11.8731,12.326,1.1362,1.1633,1.233,1.2645,Normal,50.0,batch_5,0.4189000000000007,15.988084393085252,-2.3971177847286143,34.37328657089912,36.77040435562773,False,False,False,-3.6620843930852516,3.6620843930852516,0.07947561239929662,False,VERY_LOW,POINT_BELOW_LIMIT
C08852,L5,ASIC,124.39,1.186,11.4018,12.0233,12.7045,13.3184,1.2119,1.2583,1.3471,1.42,Normal,50.0,batch_5,0.621500000000001,15.251854903566214,-3.1333472742476527,33.63705708138008,36.77040435562773,False,False,False,-1.9334549035662132,1.9334549035662132,0.04470518000518002,False,VERY_LOW,POINT_BELOW_LIMIT
C08853,L5,ASIC,125.2,1.194,11.1221,11.7965,12.6325,13.9914,1.1764,1.2194,1.2907,1.4815,Normal,50.0,batch_5,0.6744000000000003,16.6357530421627,-1.7494491356511652,35.02095521997657,36.77040435562773,False,False,False,-2.6443530421627006,2.6443530421627006,0.0496220521291574,False,VERY_LOW,POINT_BELOW_LIMIT
C08854,L5,DAC,125.01,1.819,12.2825,13.065,13.9073,14.7575,1.3416,1.3737,1.5038,1.5492,Normal,50.0,batch_5,0.7824999999999989,18.026833580357152,-0.3583685974567139,36.412035758171015,36.77040435562773,False,False,False,-3.269333580357152,3.269333580357152,0.12451938949938947,False,VERY_LOW,POINT_BELOW_LIMIT
C08855,L5,DAC,125.62,1.813,11.7932,13.7086,19.1551,52.0821,1.2354,1.5004,2.1154,7.1134,Absolute_Failure,50.0,batch_5,1.9154,43.11434402976192,24.72914185194805,61.49954620757578,36.77040435562773,False,True,True,8.96775597023808,8.96775597023808,0.8713327204815595,True,HIGH,POINT_BELOW_LIMIT
C08856,L5,ASIC,123.81,1.187,11.8666,12.2598,12.2051,12.2002,1.2584,1.276,1.2283,1.2898,High_Stable,50.0,batch_5,0.3932000000000002,15.513393731700921,-2.8718084461129454,33.89859590951479,36.77040435562773,False,False,False,-3.3131937317009204,3.3131937317009204,0.04124795433324844,False,VERY_LOW,POINT_BELOW_LIMIT
C08857,L5,ASIC,125.18,1.199,11.9907,12.7848,13.9702,14.6061,1.1749,1.4089,1.4845,1.5879,Normal,50.0,batch_5,0.7941000000000003,21.655020316865052,3.2698181390511856,40.040222494678915,36.77040435562773,False,False,False,-7.048920316865052,7.048920316865052,0.24537276877188705,False,LOW,POINT_BELOW_LIMIT
C08858,L5,DAC,125.75,1.795,12.2872,13.3,13.3417,14.0138,1.3045,1.3955,1.4229,1.4851,Normal,50.0,batch_5,1.0128000000000004,22.321511284650704,3.9363091068368377,40.70671346246457,36.77040435562773,False,False,False,-8.307711284650704,8.307711284650704,0.4613630363141041,False,MEDIUM,POINT_BELOW_LIMIT
C08859,L5,FPGA,124.57,1.091,11.3787,11.8893,12.258,12.2051,1.1731,1.2448,1.3077,1.3448,Normal,50.0,batch_5,0.5106000000000002,14.98612530128969,-3.399076876524177,33.371327479103556,36.77040435562773,False,False,False,-2.7810253012896897,2.7810253012896897,0.059997562793169215,False,VERY_LOW,POINT_BELOW_LIMIT
C08860,L5,ADC,125.04,1.776,11.6006,12.2032,13.3511,13.3226,1.1779,1.3136,1.3865,1.4249,Normal,50.0,batch_5,0.6026000000000007,17.015354981255832,-1.3698471965580339,35.4005571590697,36.77040435562773,False,False,False,-3.692754981255833,3.692754981255833,0.12236866055938943,False,VERY_LOW,POINT_BELOW_LIMIT
C08861,L5,ADC,126.41,1.823,11.2498,12.2988,12.6989,13.2183,1.1387,1.3339,1.2889,1.3786,Normal,50.0,batch_5,1.0489999999999995,22.740504533134914,4.355302355321047,41.125706710948776,36.77040435562773,False,False,False,-9.522204533134914,9.522204533134914,0.3595571851933856,False,LOW,POINT_BELOW_LIMIT
C08862,L5,ADC,124.82,1.792,11.6936,12.3795,14.638,40.5574,1.1926,1.3065,1.5657,5.1744,Sudden_Anomaly,50.0,batch_5,0.6859000000000002,16.307128238392867,-2.0780739394209995,34.69233041620673,36.77040435562773,False,False,False,24.250271761607134,24.250271761607134,0.1370378399378399,False,VERY_LOW,POINT_BELOW_LIMIT
C08863,L5,ASIC,125.33,1.194,11.5395,11.9353,13.0581,14.0667,1.2304,1.2278,1.385,1.509,Normal,50.0,batch_5,0.3957999999999995,16.26170023343253,-2.123501944381335,34.6469024112464,36.77040435562773,False,False,False,-2.1950002334325305,2.1950002334325305,0.047573616416263474,False,VERY_LOW,POINT_BELOW_LIMIT
C08864,L5,ASIC,125.42,1.224,11.4625,11.7474,12.9183,13.6613,1.16,1.2575,1.3075,1.4258,Normal,50.0,batch_5,0.2849000000000004,14.430294922429653,-3.9549072553842137,32.81549710024352,36.77040435562773,False,False,False,-0.768994922429652,0.768994922429652,0.08275286103645238,False,VERY_LOW,POINT_BELOW_LIMIT
C08865,L5,FPGA,124.67,1.115,11.7141,13.0209,17.5782,22.5606,1.2155,1.3411,1.9195,2.568,Latent_Defect,50.0,batch_5,1.306799999999999,21.68689284374999,3.3016906659361247,40.072095021563854,36.77040435562773,False,False,False,0.8737071562500098,0.8737071562500098,0.3019001641098531,False,LOW,POINT_BELOW_LIMIT
C08866,L5,ADC,124.69,1.805,11.0879,12.9091,22.0395,52.4463,1.1325,1.3584,2.448,7.1958,Absolute_Failure,50.0,batch_5,1.821200000000001,43.701444251316744,25.316242073502877,62.08664642913061,36.77040435562773,False,True,True,8.744855748683257,8.744855748683257,0.8870552267679417,True,HIGH,POINT_BELOW_LIMIT
C08867,L5,DAC,125.13,1.811,12.536,12.7526,13.2466,14.4822,1.3667,1.3479,1.4014,1.5471,Normal,50.0,batch_5,0.21659999999999968,14.684784669796175,-3.7004175080176918,33.06998684761004,36.77040435562773,False,False,False,-0.20258466979617396,0.20258466979617396,0.011833982683982685,False,VERY_LOW,POINT_BELOW_LIMIT
C08868,L5,ADC,123.45,1.809,11.8617,13.0182,17.8076,24.8402,1.2518,1.3711,1.9593,2.8828,Latent_Defect,50.0,batch_5,1.1564999999999994,19.753695212301576,1.3684930344877095,38.138897390115446,36.77040435562773,False,False,False,5.0865047876984235,5.0865047876984235,0.30017585112640904,False,LOW,POINT_BELOW_LIMIT
C08869,L5,ADC,125.74,1.822,12.3558,12.634,12.522,12.5969,1.2635,1.3184,1.2979,1.3229,High_Stable,50.0,batch_5,0.2782,15.189321449503975,-3.1958807283098913,33.574523627317845,36.77040435562773,False,False,False,-2.5924214495039752,2.5924214495039752,0.06269054761028446,False,VERY_LOW,POINT_BELOW_LIMIT
C08870,L5,ASIC,124.36,1.185,11.3691,12.8142,13.8652,42.1276,1.1778,1.3871,1.4839,5.4455,Sudden_Anomaly,50.0,batch_5,1.4451,30.277732084722224,11.892529906908358,48.66293426253609,36.77040435562773,False,False,False,11.849867915277777,11.849867915277777,0.4198781199732599,False,MEDIUM,POINT_BELOW_LIMIT
C08871,L5,ASIC,125.64,1.183,11.6053,11.9621,12.4168,12.6238,1.2174,1.2446,1.323,1.3267,High_Stable,50.0,batch_5,0.3567999999999998,15.740316378273802,-2.6448857995400648,34.12551855608767,36.77040435562773,False,False,False,-3.1165163782738023,3.1165163782738023,0.03886649831649831,False,VERY_LOW,POINT_BELOW_LIMIT
C08872,L5,DAC,126.73,1.813,11.8837,12.7471,14.1714,14.9671,1.2623,1.2889,1.4598,1.5977,Normal,50.0,batch_5,0.8634000000000004,19.509068981547617,1.1238668037337511,37.89427115936148,36.77040435562773,False,False,False,-4.541968981547617,4.541968981547617,0.1649063149269031,False,LOW,POINT_BELOW_LIMIT
C08873,L5,FPGA,124.92,1.091,11.3429,12.4873,13.7522,15.0871,1.1607,1.308,1.4716,1.5991,Normal,50.0,batch_5,1.1443999999999992,22.168954294814224,3.7837521170003576,40.554156472628094,36.77040435562773,False,False,False,-7.0818542948142245,7.0818542948142245,0.27232722336504467,False,LOW,POINT_BELOW_LIMIT
C08874,L5,ADC,125.55,1.779,10.9426,11.8395,12.6968,13.3787,1.105,1.2377,1.323,1.4067,Normal,50.0,batch_5,0.8968999999999987,19.410617606765854,1.0254154289519875,37.79581978457972,36.77040435562773,False,False,False,-6.0319176067658535,6.0319176067658535,0.35326393072308493,False,LOW,POINT_BELOW_LIMIT
C08875,L5,ADC,125.4,1.804,11.8996,12.1429,12.2315,12.4152,1.2682,1.2739,1.3044,1.2967,High_Stable,50.0,batch_5,0.24329999999999963,14.595769736210316,-3.78943244160355,32.98097191402418,36.77040435562773,False,False,False,-2.180569736210316,2.180569736210316,0.020962626262626256,False,VERY_LOW,POINT_BELOW_LIMIT
C08876,L5,DAC,124.62,1.773,11.7932,12.8587,13.0863,13.0438,1.2574,1.3608,1.3751,1.376,Normal,50.0,batch_5,1.0655000000000001,18.78706011021826,0.4018579324043934,37.17226228803213,36.77040435562773,False,False,False,-5.7432601102182606,5.7432601102182606,0.16800710691956813,False,LOW,POINT_BELOW_LIMIT
C08877,L5,ADC,124.83,1.811,11.6686,13.5006,16.7925,21.353,1.2233,1.3968,1.8097,2.3522,Latent_Defect,50.0,batch_5,1.8320000000000007,42.842798565050245,24.45759638723638,61.22800074286411,36.77040435562773,False,True,False,-21.489798565050243,21.489798565050243,0.8467290759084452,True,HIGH,POINT_BELOW_LIMIT
C08878,L5,DAC,124.91,1.815,12.1492,13.2546,13.7972,14.6506,1.2858,1.3949,1.4879,1.5274,Normal,50.0,batch_5,1.1053999999999995,19.41543554583334,1.0302333680194735,37.800637723647206,36.77040435562773,False,False,False,-4.764835545833339,4.764835545833339,0.08728142092423963,False,VERY_LOW,POINT_BELOW_LIMIT
C08879,L5,ASIC,124.9,1.187,11.7175,11.7423,11.8448,11.7867,1.1915,1.2708,1.2458,1.2754,High_Stable,50.0,batch_5,0.02480000000000082,12.814352292361114,-5.570849885452752,31.19955447017498,36.77040435562773,False,False,False,-1.0276522923611147,1.0276522923611147,0.015664285714285714,False,VERY_LOW,POINT_BELOW_LIMIT
C08880,L5,ASIC,123.58,1.205,11.2817,12.1241,12.5682,13.5875,1.1782,1.2965,1.3357,1.3901,Normal,50.0,batch_5,0.8423999999999996,15.524902458950397,-2.8602997188634696,33.91010463676426,36.77040435562773,False,False,False,-1.9374024589503964,1.9374024589503964,0.04014098340599888,False,VERY_LOW,POINT_BELOW_LIMIT
C08881,L5,FPGA,124.59,1.11,11.5317,12.2168,12.923,13.0826,1.2074,1.3182,1.3678,1.338,Normal,50.0,batch_5,0.6850999999999985,15.948637115575414,-2.4365650622384525,34.33383929338928,36.77040435562773,False,False,False,-2.8660371155754145,2.8660371155754145,0.09676696419258897,False,VERY_LOW,POINT_BELOW_LIMIT
C08882,L5,DAC,124.05,1.786,11.6506,12.5573,15.1985,36.3545,1.2235,1.3343,1.6546,4.469,Sudden_Anomaly,50.0,batch_5,0.906699999999999,22.227920660053943,3.842718482240077,40.613122837867806,36.77040435562773,False,False,False,14.126579339946058,14.126579339946058,0.3242091256614342,False,LOW,POINT_BELOW_LIMIT
C08883,L5,FPGA,126.2,1.103,10.8595,11.9778,12.7702,14.0303,1.1204,1.2809,1.3382,1.5266,Normal,50.0,batch_5,1.1182999999999996,22.580218889806037,4.195016711992171,40.9654210676199,36.77040435562773,False,False,False,-8.549918889806037,8.549918889806037,0.39357632274870763,False,LOW,POINT_BELOW_LIMIT
C08884,L5,FPGA,123.39,1.113,12.2695,12.19,12.3599,12.8477,1.298,1.2293,1.3042,1.3645,High_Stable,50.0,batch_5,-0.07950000000000124,13.509094984722212,-4.876107193091654,31.894297162536077,36.77040435562773,False,False,False,-0.6613949847222127,0.6613949847222127,0.01512020202020202,False,VERY_LOW,POINT_BELOW_LIMIT
C08885,L5,FPGA,123.23,1.088,12.0156,12.6735,13.3498,14.4493,1.2461,1.3169,1.4255,1.5751,Normal,50.0,batch_5,0.6579000000000015,16.806741543734695,-1.5784606340791711,35.19194372154856,36.77040435562773,False,False,False,-2.357441543734696,2.357441543734696,0.12579653810279395,False,VERY_LOW,POINT_BELOW_LIMIT
C08886,L5,ASIC,125.34,1.187,11.6067,12.8759,14.0367,29.1604,1.2351,1.3919,1.4846,3.4466,Sudden_Anomaly,50.0,batch_5,1.2691999999999997,25.49656031938339,7.111358141569525,43.88176249719726,36.77040435562773,False,False,False,3.663839680616608,3.663839680616608,0.40324361647416135,False,MEDIUM,POINT_BELOW_LIMIT
C08887,L5,DAC,125.75,1.814,12.5736,13.1258,14.2484,15.3636,1.3592,1.4142,1.4827,1.6839,Normal,50.0,batch_5,0.5521999999999991,17.375880353270208,-1.0093218245436582,35.76108253108407,36.77040435562773,False,False,False,-2.0122803532702083,2.0122803532702083,0.05247849927849929,False,VERY_LOW,POINT_BELOW_LIMIT
C08888,L5,FPGA,126.46,1.075,11.7843,12.5367,12.8269,13.4574,1.2033,1.3113,1.3729,1.4149,Normal,50.0,batch_5,0.7523999999999997,22.682886429662684,4.297684251848818,41.068088607476554,36.77040435562773,False,False,False,-9.225486429662684,9.225486429662684,0.3932560946545899,False,LOW,POINT_BELOW_LIMIT
C08889,L5,DAC,124.02,1.773,11.7035,12.9739,13.7357,14.7199,1.1923,1.3684,1.4263,1.55,Normal,50.0,batch_5,1.2704000000000004,24.661292642613635,6.276090464799768,43.0464948204275,36.77040435562773,False,False,False,-9.941392642613634,9.941392642613634,0.34186201129954746,False,LOW,POINT_BELOW_LIMIT
C08890,L5,ASIC,125.23,1.211,11.1723,13.2382,18.4821,61.7396,1.1519,1.4121,2.0429,8.8892,Absolute_Failure,50.0,batch_5,2.065900000000001,51.08130025772285,32.696098079908985,69.46650243553671,36.770404355627726,True,True,True,10.658299742277151,10.658299742277151,0.9580577985825665,True,HIGH,POINT_ABOVE_LIMIT
C08891,L5,ASIC,124.67,1.172,11.241,11.8089,14.15,31.3278,1.1917,1.2339,1.4624,3.7616,Sudden_Anomaly,50.0,batch_5,0.5678999999999998,15.45915653852231,-2.926045639291557,33.844358716336174,36.77040435562773,False,False,False,15.86864346147769,15.86864346147769,0.05318930952088846,False,VERY_LOW,POINT_BELOW_LIMIT
C08892,L5,FPGA,124.71,1.109,11.2483,12.0012,13.4883,32.7821,1.1539,1.2766,1.3737,3.967,Sudden_Anomaly,50.0,batch_5,0.7529000000000003,16.18485040367063,-2.200351774143236,34.5700525814845,36.77040435562773,False,False,False,16.59724959632937,16.59724959632937,0.1454263067731488,False,VERY_LOW,POINT_BELOW_LIMIT
C08893,L5,ASIC,123.9,1.226,11.4511,11.884,12.8035,13.9453,1.1869,1.201,1.3503,1.5183,Normal,50.0,batch_5,0.43290000000000006,15.24851347948232,-3.1366886983315467,33.633715657296186,36.77040435562773,False,False,False,-1.30321347948232,1.30321347948232,0.05983194583194583,False,VERY_LOW,POINT_BELOW_LIMIT
C08894,L5,ADC,124.7,1.768,13.1439,13.2205,13.4196,13.2896,1.4149,1.4081,1.4368,1.3931,High_Stable,50.0,batch_5,0.07659999999999911,15.290780453075383,-3.094421724738483,33.67598263088925,36.77040435562773,False,False,False,-2.001180453075383,2.001180453075383,0.1135341797091797,False,VERY_LOW,POINT_BELOW_LIMIT
C08895,L5,DAC,126.27,1.789,11.9986,13.1924,13.5118,15.0388,1.274,1.3978,1.3868,1.6263,Normal,50.0,batch_5,1.1937999999999995,22.318532258035713,3.9333300802218467,40.70373443584958,36.77040435562773,False,False,False,-7.279732258035713,7.279732258035713,0.29404462171979456,False,LOW,POINT_BELOW_LIMIT
C08896,L5,DAC,123.91,1.826,11.5516,12.4904,12.6901,13.4626,1.2124,1.3088,1.3147,1.3866,Normal,50.0,batch_5,0.9387999999999987,20.13541091081351,1.750208732999642,38.52061308862737,36.77040435562773,False,False,False,-6.672810910813508,6.672810910813508,0.2552297851099708,False,LOW,POINT_BELOW_LIMIT
C08897,L5,ADC,125.49,1.791,11.7613,12.3702,13.4132,14.5764,1.2254,1.2531,1.4617,1.5253,Normal,50.0,batch_5,0.6089000000000002,16.19028614781747,-2.1949160299963957,34.57548832563134,36.77040435562773,False,False,False,-1.613886147817471,1.613886147817471,0.10308007183391081,False,VERY_LOW,POINT_BELOW_LIMIT
C08898,L5,ASIC,124.1,1.194,11.8415,12.2788,12.4599,12.6814,1.2087,1.288,1.278,1.3289,High_Stable,50.0,batch_5,0.43730000000000047,15.858358910281378,-2.526843267532488,34.24356108809525,36.77040435562773,False,False,False,-3.1769589102813782,3.1769589102813782,0.04182691948574301,False,VERY_LOW,POINT_BELOW_LIMIT
C08899,L5,ADC,123.8,1.786,11.6504,13.8551,24.2547,55.664,1.2134,1.4767,2.7643,7.7968,Absolute_Failure,50.0,batch_5,2.2047000000000008,44.870484231367215,26.485282053553348,63.25568640918108,36.77040435562773,False,True,True,10.793515768632787,10.793515768632787,0.9123495053948462,True,HIGH,POINT_BELOW_LIMIT
C08900,L5,FPGA,125.03,1.123,11.8,12.759,13.3631,13.4641,1.2408,1.3451,1.4381,1.3816,Normal,50.0,batch_5,0.9589999999999996,17.959709019665056,-0.42549315814881083,36.34491119747892,36.77040435562773,False,False,False,-4.495609019665055,4.495609019665055,0.10962510215103093,False,VERY_LOW,POINT_BELOW_LIMIT
C08901,L5,ASIC,124.42,1.167,11.1412,12.0843,12.6228,13.6167,1.1357,1.2735,1.3707,1.4627,Normal,50.0,batch_5,0.9431000000000012,17.746989692654203,-0.6382124851596629,36.13219187046807,36.77040435562773,False,False,False,-4.130289692654204,4.130289692654204,0.16050071557785167,False,LOW,POINT_BELOW_LIMIT
C08902,L5,ASIC,126.33,1.187,11.9865,12.0167,12.3547,12.1972,1.2813,1.2007,1.3059,1.2514,High_Stable,50.0,batch_5,0.03020000000000067,12.93174707108136,-5.453455106732507,31.316949248895227,36.77040435562773,False,False,False,-0.7345470710813586,0.7345470710813586,0.03129891774891774,False,VERY_LOW,POINT_BELOW_LIMIT
C08903,L5,DAC,124.73,1.803,12.4473,12.9643,14.296,34.5863,1.3449,1.3852,1.535,4.2985,Sudden_Anomaly,50.0,batch_5,0.5169999999999995,15.473404246107602,-2.911797931706264,33.85860642392147,36.77040435562773,False,False,False,19.1128957538924,19.1128957538924,0.012352777777777778,False,VERY_LOW,POINT_BELOW_LIMIT
C08904,L5,DAC,125.71,1.79,11.8731,12.4505,13.4714,13.4852,1.236,1.2877,1.45,1.4336,Normal,50.0,batch_5,0.577399999999999,15.115649684670009,-3.2695524931438573,33.50085186248388,36.77040435562773,False,False,False,-1.6304496846700083,1.6304496846700083,0.028445171495171492,False,VERY_LOW,POINT_BELOW_LIMIT
C08905,L5,ADC,124.92,1.8,11.6887,12.6142,13.3015,14.411,1.2413,1.3365,1.425,1.5288,Normal,50.0,batch_5,0.9254999999999995,17.90931972440476,-0.4758824534091062,36.29452190221863,36.77040435562773,False,False,False,-3.4983197244047606,3.4983197244047606,0.20200811773365937,False,LOW,POINT_BELOW_LIMIT
C08906,L5,ASIC,124.87,1.208,11.0978,11.5622,12.5382,31.9887,1.0973,1.2125,1.3134,3.8311,Sudden_Anomaly,50.0,batch_5,0.46440000000000126,17.06687990952381,-1.318322268290057,35.45208208733767,36.77040435562773,False,False,False,14.921820090476192,14.921820090476192,0.14901268561160194,False,VERY_LOW,POINT_BELOW_LIMIT
C08907,L5,FPGA,126.49,1.105,12.0935,13.1572,13.9063,15.9057,1.2868,1.3773,1.5904,1.7014,Normal,50.0,batch_5,1.063699999999999,19.354467619642858,0.9692654418289912,37.73966979745673,36.77040435562773,False,False,False,-3.448767619642858,3.448767619642858,0.18313244100900913,False,LOW,POINT_BELOW_LIMIT
C08908,L5,FPGA,124.92,1.093,11.5622,12.8443,14.6057,16.2198,1.1996,1.3363,1.581,1.7457,Normal,50.0,batch_5,1.2820999999999998,20.347587449801576,1.96238527198771,38.732789627615446,36.77040435562773,False,False,False,-4.127787449801577,4.127787449801577,0.15604477908212053,False,LOW,POINT_BELOW_LIMIT
C08909,L5,FPGA,124.29,1.097,11.7289,13.0814,15.0308,37.1334,1.2255,1.4009,1.5771,4.6699,Sudden_Anomaly,50.0,batch_5,1.352500000000001,29.167956061210333,10.782753883396467,47.5531582390242,36.77040435562773,False,False,False,7.965443938789669,7.965443938789669,0.5709398718390987,True,MEDIUM,POINT_BELOW_LIMIT
C08910,L5,ASIC,123.8,1.221,11.7035,13.5315,17.9774,54.651,1.2678,1.4355,2.0308,7.5312,Absolute_Failure,50.0,batch_5,1.8279999999999994,41.70583332431456,23.320631146500695,60.09103550212843,36.77040435562773,False,True,True,12.945166675685442,12.945166675685442,0.8086593276926429,True,HIGH,POINT_BELOW_LIMIT
C08911,L5,FPGA,124.95,1.082,11.0625,13.0175,17.2981,23.3929,1.1412,1.3436,1.8693,2.6922,Latent_Defect,50.0,batch_5,1.955,40.199631621527786,21.81442944371392,58.58483379934165,36.77040435562773,False,True,False,-16.806731621527785,16.806731621527785,0.8037391092683359,True,HIGH,POINT_BELOW_LIMIT
C08912,L5,ADC,125.45,1.793,12.3758,13.0986,13.6834,14.6527,1.2698,1.3911,1.4279,1.5988,Normal,50.0,batch_5,0.7227999999999994,18.103030351348043,-0.2821718264658237,36.488232529161905,36.77040435562773,False,False,False,-3.4503303513480432,3.4503303513480432,0.03947633518871908,False,VERY_LOW,POINT_BELOW_LIMIT
C08913,L5,ASIC,125.17,1.202,11.9073,12.6556,15.1299,32.3048,1.2354,1.3138,1.6243,3.8858,Sudden_Anomaly,50.0,batch_5,0.7483000000000004,17.553105707711048,-0.8320964701028188,35.938307885524914,36.77040435562773,False,False,False,14.751694292288953,14.751694292288953,0.13044098165336548,False,VERY_LOW,POINT_BELOW_LIMIT
C08914,L5,DAC,126.19,1.809,11.5126,11.9199,12.9126,13.4145,1.1887,1.2263,1.3478,1.3531,Normal,50.0,batch_5,0.40729999999999933,16.03936009553573,-2.3458420822781356,34.42456227334959,36.77040435562773,False,False,False,-2.6248600955357304,2.6248600955357304,0.04150704838114094,False,VERY_LOW,POINT_BELOW_LIMIT
C08915,L5,ASIC,127.01,1.228,11.7423,12.0921,12.4457,12.7956,1.2224,1.2697,1.3203,1.3531,Normal,50.0,batch_5,0.3498000000000001,22.244202326404565,3.859000148590699,40.62940450421843,36.77040435562773,False,False,False,-9.448602326404565,9.448602326404565,0.250715897462045,False,LOW,POINT_BELOW_LIMIT
C08916,L5,ASIC,124.53,1.201,11.1819,12.415,16.7829,50.4769,1.1866,1.3157,1.7904,6.8242,Absolute_Failure,50.0,batch_5,1.2330999999999985,20.027911610317457,1.6427094325035903,38.41311378813133,36.77040435562773,False,False,True,30.448988389682544,30.448988389682544,0.17843987463207994,False,LOW,POINT_BELOW_LIMIT
C08917,L5,ASIC,125.44,1.21,11.6115,14.1876,20.1073,50.1897,1.2134,1.459,2.2259,6.7664,Absolute_Failure,50.0,batch_5,2.5761000000000003,52.29598067232143,33.91077849450756,70.68118285013529,36.770404355627726,True,True,True,-2.106280672321425,2.106280672321425,0.963687936865336,True,HIGH,POINT_ABOVE_LIMIT
C08918,L5,FPGA,124.57,1.108,11.7117,12.817,13.5441,14.7542,1.2436,1.3515,1.4159,1.5479,Normal,50.0,batch_5,1.1052999999999997,17.682219360276523,-0.7029828175373432,36.067421538090386,36.77040435562773,False,False,False,-2.9280193602765223,2.9280193602765223,0.09798877347798401,False,VERY_LOW,POINT_BELOW_LIMIT
C08919,L5,DAC,125.22,1.8,11.6258,11.8921,13.0293,14.3452,1.2188,1.2634,1.3609,1.5802,Normal,50.0,batch_5,0.2662999999999993,16.323685736607143,-2.0615164412067237,34.70888791442101,36.77040435562773,False,False,False,-1.9784857366071424,1.9784857366071424,0.09987404261841384,False,VERY_LOW,POINT_BELOW_LIMIT
C08920,L5,ADC,124.43,1.802,12.5144,13.9985,16.7312,23.6239,1.2707,1.5183,1.8088,2.6709,Latent_Defect,50.0,batch_5,1.4840999999999998,39.706788917372585,21.321586739558718,58.09199109518645,36.77040435562773,False,True,False,-16.082888917372586,16.082888917372586,0.7744717520113187,True,HIGH,POINT_BELOW_LIMIT
C08921,L5,DAC,125.41,1.813,12.2433,12.9873,13.9729,14.7589,1.2816,1.385,1.45,1.6096,Normal,50.0,batch_5,0.7439999999999998,17.04647956319445,-1.3387226146194173,35.43168174100832,36.77040435562773,False,False,False,-2.2875795631944484,2.2875795631944484,0.1006861259655377,False,VERY_LOW,POINT_BELOW_LIMIT
C08922,L5,ASIC,124.02,1.183,11.9471,13.7724,15.9462,23.1134,1.2845,1.4706,1.6827,2.6317,Latent_Defect,50.0,batch_5,1.8252999999999986,42.01810687986111,23.63290470204724,60.403309057674974,36.77040435562773,False,True,False,-18.90470687986111,18.90470687986111,0.7975326496551267,True,HIGH,POINT_BELOW_LIMIT
C08923,L5,ASIC,123.89,1.193,11.5255,13.1392,19.8944,50.677,1.1754,1.389,2.2124,6.8932,Absolute_Failure,50.0,batch_5,1.6137000000000015,31.783479205257937,13.39827702744407,50.1686813830718,36.77040435562773,False,True,True,18.893520794742063,18.893520794742063,0.5776154334108067,True,MEDIUM,POINT_BELOW_LIMIT
C08924,L5,FPGA,124.67,1.115,11.302,12.0277,12.5099,14.041,1.2046,1.2541,1.2476,1.5325,Normal,50.0,batch_5,0.7256999999999998,16.922850081250015,-1.4623520965638512,35.308052259063885,36.77040435562773,False,False,False,-2.8818500812500147,2.8818500812500147,0.10426611535777304,False,VERY_LOW,POINT_BELOW_LIMIT
C08925,L5,FPGA,126.22,1.063,12.1699,13.1922,13.5448,15.0423,1.2613,1.4117,1.4246,1.6063,Normal,50.0,batch_5,1.0222999999999995,22.941052101785726,4.555849923971859,41.326254279599596,36.77040435562773,False,False,False,-7.8987521017857265,7.8987521017857265,0.15604107506528556,False,LOW,POINT_BELOW_LIMIT
C08926,L5,ASIC,123.93,1.194,11.1708,12.3479,13.4939,13.8207,1.1725,1.3128,1.4552,1.4656,Normal,50.0,batch_5,1.1770999999999994,19.155531390575394,0.7703292127615278,37.54073356838926,36.77040435562773,False,False,False,-5.334831390575394,5.334831390575394,0.15268776482661925,False,LOW,POINT_BELOW_LIMIT
C08927,L5,ADC,125.34,1.791,11.4089,11.7681,12.7039,13.393,1.1725,1.2014,1.3573,1.4213,Normal,50.0,batch_5,0.3592000000000013,14.493074038591283,-3.8921281392225833,32.87827621640515,36.77040435562773,False,False,False,-1.1000740385912824,1.1000740385912824,0.05468036914066328,False,VERY_LOW,POINT_BELOW_LIMIT
C08928,L5,DAC,124.82,1.795,11.4883,11.9334,12.4676,12.8187,1.2308,1.2738,1.3036,1.3583,Normal,50.0,batch_5,0.44510000000000005,16.07234522619049,-2.3128569516233775,34.45754740400436,36.77040435562773,False,False,False,-3.253645226190489,3.253645226190489,0.0404564491064491,False,VERY_LOW,POINT_BELOW_LIMIT
C08929,L5,DAC,125.05,1.811,11.8271,12.8675,13.8527,14.5272,1.2159,1.3541,1.4953,1.5222,Normal,50.0,batch_5,1.0404,18.110721348015883,-0.2744808297979837,36.49592352582975,36.77040435562773,False,False,False,-3.583521348015882,3.583521348015882,0.0638600976251131,False,VERY_LOW,POINT_BELOW_LIMIT
C08930,L5,DAC,125.11,1.797,12.3589,12.5102,13.5067,14.4338,1.2909,1.2998,1.4413,1.5623,Normal,50.0,batch_5,0.1512999999999991,13.240427207341265,-5.144774970472602,31.62562938515513,36.77040435562773,False,False,False,1.1933727926587352,1.1933727926587352,0.002,False,VERY_LOW,POINT_BELOW_LIMIT
C08931,L5,ASIC,125.35,1.213,12.1896,12.5384,12.9948,13.7917,1.2715,1.2514,1.4012,1.46,Normal,50.0,batch_5,0.3487999999999989,15.578444803616524,-2.8067573741973426,33.96364698143039,36.77040435562773,False,False,False,-1.7867448036165232,1.7867448036165232,0.04644814074814075,False,VERY_LOW,POINT_BELOW_LIMIT
C08932,L5,FPGA,125.29,1.098,11.4584,12.2117,13.1377,13.9033,1.1749,1.2942,1.4137,1.4233,Normal,50.0,batch_5,0.7533000000000012,16.14285425301505,-2.2423479247988176,34.52805643082891,36.77040435562773,False,False,False,-2.239554253015049,2.239554253015049,0.02576075036075036,False,VERY_LOW,POINT_BELOW_LIMIT
C08933,L5,DAC,125.51,1.79,12.3062,13.9173,16.1277,39.0311,1.2847,1.4803,1.7558,4.9504,Sudden_Anomaly,50.0,batch_5,1.6110999999999986,34.145032913133385,15.759830735319518,52.53023509094725,36.77040435562773,False,True,False,4.886067086866618,4.886067086866618,0.6021220334816172,True,MEDIUM,POINT_BELOW_LIMIT
C08934,L5,ASIC,125.27,1.2,12.4234,13.8345,16.5649,22.4453,1.2537,1.5009,1.7888,2.5397,Latent_Defect,50.0,batch_5,1.4110999999999994,29.409464583526002,11.024262405712136,47.79466676133987,36.77040435562773,False,False,False,-6.964164583526003,6.964164583526003,0.5078849165827964,True,MEDIUM,POINT_BELOW_LIMIT
C08935,L5,DAC,123.98,1.784,12.2701,12.8792,14.2777,15.9115,1.2952,1.3372,1.5263,1.6962,Normal,50.0,batch_5,0.6091000000000015,16.745264016269836,-1.6399381615440305,35.1304661940837,36.77040435562773,False,False,False,-0.8337640162698357,0.8337640162698357,0.09396254403491247,False,VERY_LOW,POINT_BELOW_LIMIT
C08936,L5,FPGA,126.44,1.097,11.9747,12.2711,12.5437,13.4062,1.2696,1.3414,1.2968,1.4473,Normal,50.0,batch_5,0.2964000000000002,15.10629077291667,-3.2789114048971957,33.49149295073054,36.77040435562773,False,False,False,-1.7000907729166705,1.7000907729166705,0.07851353956501016,False,VERY_LOW,POINT_BELOW_LIMIT
C08937,L5,ASIC,124.71,1.215,12.1078,13.0567,17.4777,50.943,1.2711,1.3501,1.9245,6.9399,Absolute_Failure,50.0,batch_5,0.9489000000000001,18.12814867896825,-0.25705349884561457,36.51335085678212,36.77040435562773,False,False,True,32.814851321031746,32.814851321031746,0.03567274804658705,False,VERY_LOW,POINT_BELOW_LIMIT
C08938,L5,DAC,125.06,1.794,12.049,13.1301,13.5743,13.8963,1.2268,1.3671,1.3922,1.4675,Normal,50.0,batch_5,1.081100000000001,21.9503988296627,3.565196651848833,40.33560100747657,36.77040435562773,False,False,False,-8.0540988296627,8.0540988296627,0.11008472659664612,False,VERY_LOW,POINT_BELOW_LIMIT
C08939,L5,ADC,124.81,1.78,12.5779,14.3177,22.7528,61.631,1.3183,1.5495,2.6082,8.8807,Absolute_Failure,50.0,batch_5,1.7398000000000007,35.96853998924757,17.5833378114337,54.353742167061434,36.77040435562773,False,True,True,25.662460010752433,25.662460010752433,0.8085927878475985,True,HIGH,POINT_BELOW_LIMIT
C08940,L5,ASIC,125.3,1.203,11.636,12.6115,12.9654,14.3721,1.2304,1.2984,1.3951,1.4769,Normal,50.0,batch_5,0.9755000000000003,18.012934666865092,-0.37226751094877386,36.39813684467896,36.77040435562773,False,False,False,-3.640834666865093,3.640834666865093,0.14946593310370387,False,VERY_LOW,POINT_BELOW_LIMIT
C08941,L5,ADC,124.85,1.762,12.2024,12.8209,17.4436,21.2348,1.2398,1.3388,1.9011,2.3847,Latent_Defect,50.0,batch_5,0.6184999999999992,18.395091462229438,0.009889284415571353,36.780293640043304,36.77040435562773,False,False,False,2.839708537770562,2.839708537770562,0.10164515930406025,False,VERY_LOW,POINT_BELOW_LIMIT
C08942,L5,FPGA,125.1,1.095,11.2726,11.792,12.1379,13.4664,1.1095,1.1899,1.2666,1.442,Normal,50.0,batch_5,0.5193999999999992,18.01310208441878,-0.3721000933950869,36.39830426223264,36.77040435562773,False,False,False,-4.546702084418779,4.546702084418779,0.2223572358599553,False,LOW,POINT_BELOW_LIMIT
C08943,L5,ADC,123.82,1.807,11.6554,12.3883,13.1685,13.9633,1.2251,1.3136,1.353,1.5086,Normal,50.0,batch_5,0.732899999999999,16.803640291369053,-1.5815618864448133,35.188842469182916,36.77040435562773,False,False,False,-2.8403402913690527,2.8403402913690527,0.15398823291407554,False,LOW,POINT_BELOW_LIMIT
C08944,L5,FPGA,126.29,1.104,11.3814,13.3784,22.5299,53.2532,1.2197,1.4657,2.5359,7.3136,Absolute_Failure,50.0,batch_5,1.9969999999999999,40.01665986299605,21.631457685182184,58.40186204080992,36.77040435562773,False,True,True,13.23654013700395,13.23654013700395,0.7887847601621972,True,HIGH,POINT_BELOW_LIMIT
C08945,L5,FPGA,125.59,1.096,11.7002,12.7422,13.1705,14.3279,1.2036,1.3634,1.391,1.5703,Normal,50.0,batch_5,1.0419999999999998,17.914539599702383,-0.47066257811148304,36.299741777516246,36.77040435562773,False,False,False,-3.5866395997023837,3.5866395997023837,0.07966598667480006,False,VERY_LOW,POINT_BELOW_LIMIT
C08946,L5,ADC,124.63,1.776,11.432,11.8618,13.0648,13.7882,1.1567,1.2337,1.3562,1.4666,Normal,50.0,batch_5,0.4298000000000002,15.872171447023813,-2.513030730790053,34.25737362483768,36.77040435562773,False,False,False,-2.0839714470238135,2.0839714470238135,0.08797560413442768,False,VERY_LOW,POINT_BELOW_LIMIT
C08947,L5,ADC,125.77,1.769,11.2447,12.5172,12.8681,14.0812,1.1507,1.3422,1.3322,1.4753,Normal,50.0,batch_5,1.2725000000000009,25.642541122718253,7.257338944904387,44.02774330053212,36.77040435562773,False,False,False,-11.561341122718252,11.561341122718252,0.41389252141032745,False,MEDIUM,POINT_BELOW_LIMIT
C08948,L5,DAC,125.73,1.789,11.8668,12.0275,12.878,14.3515,1.281,1.2483,1.3493,1.5292,Normal,50.0,batch_5,0.1607000000000003,12.875836449900794,-5.509365727913073,31.26103862771466,36.77040435562773,False,False,False,1.4756635500992061,1.4756635500992061,0.014874603174603176,False,VERY_LOW,POINT_BELOW_LIMIT
C08949,L5,ASIC,125.99,1.218,11.1436,12.2975,12.5655,13.0936,1.1364,1.2694,1.3482,1.4118,Normal,50.0,batch_5,1.1539000000000001,19.899578719994587,1.5143765421807203,38.28478089780845,36.77040435562773,False,False,False,-6.805978719994586,6.805978719994586,0.27321816898869655,False,LOW,POINT_BELOW_LIMIT
C08950,L5,ASIC,124.55,1.199,11.8361,11.8663,12.0733,11.9298,1.2797,1.2317,1.2836,1.2811,High_Stable,50.0,batch_5,0.03020000000000067,12.21571417867063,-6.169487999143236,30.600916356484497,36.77040435562773,False,False,False,-0.2859141786706303,0.2859141786706303,0.0,False,VERY_LOW,POINT_BELOW_LIMIT
C08951,L5,ASIC,125.37,1.232,10.7078,11.6678,14.0461,41.6692,1.1813,1.1967,1.5016,5.3346,Sudden_Anomaly,50.0,batch_5,0.9599999999999991,17.433023479365087,-0.9521786984487797,35.81822565717896,36.77040435562773,False,False,False,24.23617652063491,24.23617652063491,0.12231465653095482,False,VERY_LOW,POINT_BELOW_LIMIT
C08952,L5,ADC,124.91,1.774,11.1826,12.3871,13.1692,14.0167,1.1509,1.3561,1.4216,1.5042,Normal,50.0,batch_5,1.2044999999999995,24.02011147757937,5.6349092997655035,42.405313655393236,36.77040435562773,False,False,False,-10.00341147757937,10.00341147757937,0.33207519865082785,False,LOW,POINT_BELOW_LIMIT
C08953,L5,FPGA,125.28,1.085,10.8979,11.8878,12.7054,34.9985,1.1359,1.2411,1.3011,4.2936,Sudden_Anomaly,50.0,batch_5,0.9899000000000004,16.81537611363908,-1.5698260641747872,35.20057829145294,36.77040435562773,False,False,False,18.18312388636092,18.18312388636092,0.15430834256902362,False,LOW,POINT_BELOW_LIMIT
C08954,L5,ADC,126.74,1.809,12.4066,12.667,13.6725,14.5651,1.304,1.3267,1.455,1.5703,Normal,50.0,batch_5,0.26040000000000063,14.363958862797615,-4.021243315016251,32.74916104061148,36.77040435562773,False,False,False,0.20114113720238436,0.20114113720238436,0.049769909339026995,False,VERY_LOW,POINT_BELOW_LIMIT
C08955,L5,FPGA,125.85,1.087,11.1097,12.2968,13.3974,13.9386,1.152,1.3126,1.4333,1.4642,Normal,50.0,batch_5,1.1870999999999992,19.69172343591271,1.3065212580988437,38.07692561372657,36.77040435562773,False,False,False,-5.753123435912711,5.753123435912711,0.16106872601083122,False,LOW,POINT_BELOW_LIMIT
C08956,L5,FPGA,127.33,1.081,10.8437,12.5204,17.1893,53.6741,1.1396,1.3279,1.9037,7.3995,Absolute_Failure,50.0,batch_5,1.6767000000000003,43.22069177277237,24.835489594958503,61.605893950586236,36.77040435562773,False,True,True,10.453408227227634,10.453408227227634,0.7766590781811454,True,HIGH,POINT_BELOW_LIMIT
C08957,L5,FPGA,125.32,1.087,11.284,12.4699,13.6472,14.2568,1.1812,1.3692,1.4498,1.5177,Normal,50.0,batch_5,1.1859000000000002,22.388735208333323,4.003533030519456,40.77393738614719,36.77040435562773,False,False,False,-8.131935208333323,8.131935208333323,0.25835544916000425,False,LOW,POINT_BELOW_LIMIT
C08958,L5,ADC,124.18,1.802,11.5669,12.6059,13.423,15.0607,1.2191,1.3046,1.3936,1.6451,Normal,50.0,batch_5,1.0389999999999997,20.69321233829365,2.3080101604797854,39.078414516107514,36.77040435562773,False,False,False,-5.632512338293651,5.632512338293651,0.2558489932409463,False,LOW,POINT_BELOW_LIMIT
C08959,L5,FPGA,124.52,1.099,10.8126,11.4726,12.4442,13.9701,1.0468,1.1561,1.326,1.4878,Normal,50.0,batch_5,0.6600000000000001,17.491743207303116,-0.8934589705107499,35.87694538511698,36.77040435562773,False,False,False,-3.521643207303116,3.521643207303116,0.09061620007218385,False,VERY_LOW,POINT_BELOW_LIMIT
C08960,L5,DAC,126.04,1.783,11.388,11.647,11.5063,11.4841,1.1612,1.1962,1.1608,1.2153,High_Stable,50.0,batch_5,0.25900000000000034,14.025481246789337,-4.35972093102453,32.41068342460321,36.77040435562773,False,False,False,-2.541381246789337,2.541381246789337,0.08042293647303787,False,VERY_LOW,POINT_BELOW_LIMIT
C08961,L5,DAC,126.25,1.786,12.0395,13.1691,13.5663,14.6151,1.2407,1.4454,1.4315,1.5551,Normal,50.0,batch_5,1.1296,28.000998138492054,9.615795960678188,46.38620031630592,36.77040435562773,False,False,False,-13.385898138492054,13.385898138492054,0.33982792243811083,False,LOW,POINT_BELOW_LIMIT
C08962,L5,FPGA,126.86,1.095,12.2974,12.2187,12.2469,12.1428,1.3103,1.2796,1.2936,1.2847,High_Stable,50.0,batch_5,-0.07869999999999955,13.081901753075394,-5.303300424738472,31.46710393088926,36.77040435562773,False,False,False,-0.9391017530753949,0.9391017530753949,0.030093894993894997,False,VERY_LOW,POINT_BELOW_LIMIT
C08963,L5,ASIC,123.1,1.217,11.5874,12.017,13.5213,30.043,1.1987,1.2601,1.4196,3.5495,Sudden_Anomaly,50.0,batch_5,0.42959999999999887,18.386138621811877,0.0009364439980110717,36.77134079962575,36.77040435562773,False,False,False,11.656861378188122,11.656861378188122,0.17350834683929303,False,LOW,POINT_BELOW_LIMIT
C08964,L5,ADC,124.54,1.808,11.2701,12.5759,18.99,61.7478,1.1735,1.341,2.1133,8.891,Absolute_Failure,50.0,batch_5,1.3058000000000014,28.95799531468252,10.572793136868654,47.34319749249639,36.77040435562773,False,False,True,32.78980468531748,32.78980468531748,0.647895907066042,True,MEDIUM,POINT_BELOW_LIMIT
C08965,L5,ADC,124.91,1.804,12.0196,12.3724,13.096,14.2418,1.2241,1.3091,1.3662,1.5513,Normal,50.0,batch_5,0.3528000000000002,16.528689224404783,-1.8565129534090836,34.91389140221865,36.77040435562773,False,False,False,-2.286889224404783,2.286889224404783,0.0971493764835096,False,VERY_LOW,POINT_BELOW_LIMIT
C08966,L5,DAC,124.25,1.813,12.1587,13.3879,17.1271,56.0684,1.3001,1.4033,1.842,7.8232,Absolute_Failure,50.0,batch_5,1.2292000000000005,19.300933412626907,0.9157312348130411,37.68613559044077,36.77040435562773,False,False,True,36.76746658737309,36.76746658737309,0.08227988283646176,False,VERY_LOW,POINT_BELOW_LIMIT
C08967,L5,ADC,125.75,1.795,11.993,13.0295,13.8582,14.9778,1.2603,1.3936,1.4889,1.5847,Normal,50.0,batch_5,1.0365000000000002,21.420464365575384,3.035262187761518,39.80566654338925,36.77040435562773,False,False,False,-6.442664365575384,6.442664365575384,0.28643835746272134,False,LOW,POINT_BELOW_LIMIT
C08968,L5,DAC,124.34,1.803,12.1302,13.2247,13.9581,15.0966,1.2655,1.3638,1.5035,1.6373,Normal,50.0,batch_5,1.0945,18.660629394742056,0.2754272169281897,37.045831572555926,36.77040435562773,False,False,False,-3.5640293947420556,3.5640293947420556,0.09229054670819378,False,VERY_LOW,POINT_BELOW_LIMIT
C08969,L5,FPGA,124.37,1.113,11.4964,12.8024,17.4311,52.2398,1.1848,1.338,1.9363,7.1441,Absolute_Failure,50.0,batch_5,1.306000000000001,23.16368185884104,4.778479681027175,41.54888403665491,36.77040435562773,False,False,True,29.07611814115896,29.07611814115896,0.32960678476735805,False,LOW,POINT_BELOW_LIMIT
C08970,L5,FPGA,126.23,1.112,11.1527,12.0826,12.7696,13.6245,1.1769,1.2322,1.3932,1.4418,Normal,50.0,batch_5,0.9299,17.52803507726369,-0.8571671005501749,35.91323725507756,36.77040435562773,False,False,False,-3.903535077263692,3.903535077263692,0.21237613104436248,False,LOW,POINT_BELOW_LIMIT
C08971,L5,ASIC,125.66,1.184,11.0196,10.9473,11.1676,10.8311,1.0941,1.1126,1.1585,1.084,High_Stable,50.0,batch_5,-0.07230000000000025,13.34195575643939,-5.0432464213744765,31.727157934253256,36.77040435562773,False,False,False,-2.5108557564393905,2.5108557564393905,0.0028888888888888888,False,VERY_LOW,POINT_BELOW_LIMIT
C08972,L5,FPGA,125.92,1.076,11.7432,12.3105,13.0037,13.865,1.2248,1.3118,1.3991,1.4793,Normal,50.0,batch_5,0.5672999999999995,17.693588992905042,-0.6916131849088245,36.07879117071891,36.77040435562773,False,False,False,-3.8285889929050416,3.8285889929050416,0.18000386490500572,False,LOW,POINT_BELOW_LIMIT
C08973,L5,FPGA,124.59,1.106,11.7863,12.8122,12.9613,13.8586,1.174,1.34,1.3394,1.4265,Normal,50.0,batch_5,1.0259,18.456818464903147,0.07161628708928092,36.84202064271702,36.77040435562773,False,False,False,-4.598218464903148,4.598218464903148,0.17746576319785562,False,LOW,POINT_BELOW_LIMIT
C08974,L5,ADC,124.54,1.827,11.9245,12.7592,13.2598,13.6612,1.2533,1.3605,1.3922,1.4393,Normal,50.0,batch_5,0.8346999999999998,16.744902702678576,-1.64029947513529,35.13010488049244,36.77040435562773,False,False,False,-3.0837027026785773,3.0837027026785773,0.08574771777929674,False,VERY_LOW,POINT_BELOW_LIMIT
C08975,L5,ASIC,125.28,1.219,11.627,11.7718,12.407,12.7324,1.2087,1.2112,1.3058,1.3548,Normal,50.0,batch_5,0.14480000000000004,12.63638434896561,-5.7488178288482565,31.021586526779476,36.77040435562773,False,False,False,0.09601565103439036,0.09601565103439036,0.01546801205330617,False,VERY_LOW,POINT_BELOW_LIMIT
C08976,L5,ADC,124.26,1.8,11.4168,12.597,13.8684,14.7225,1.1403,1.3246,1.513,1.578,Normal,50.0,batch_5,1.1801999999999992,24.432347397637113,6.047145219823246,42.81754957545098,36.77040435562773,False,False,False,-9.709847397637112,9.709847397637112,0.3990535397211485,False,LOW,POINT_BELOW_LIMIT
C08977,L5,ADC,123.39,1.775,11.6625,12.1806,13.0381,13.6301,1.2119,1.2543,1.3455,1.4107,Normal,50.0,batch_5,0.5181000000000004,17.149578952182537,-1.235623225631329,35.534781129996404,36.77040435562773,False,False,False,-3.5194789521825367,3.5194789521825367,0.080714380390851,False,VERY_LOW,POINT_BELOW_LIMIT
C08978,L5,ADC,124.56,1.805,11.5596,12.0812,12.2457,13.5334,1.1988,1.2598,1.267,1.3893,Normal,50.0,batch_5,0.5216000000000012,16.937054324305574,-1.4481478535082921,35.322256502119444,36.77040435562773,False,False,False,-3.403654324305574,3.403654324305574,0.1475658086692774,False,VERY_LOW,POINT_BELOW_LIMIT
C08979,L5,ASIC,124.77,1.196,11.0759,11.8406,12.2783,13.4075,1.0787,1.2866,1.3271,1.3783,Normal,50.0,batch_5,0.7646999999999995,19.37677581869589,0.9915736408820237,37.761977996509756,36.77040435562773,False,False,False,-5.969275818695889,5.969275818695889,0.19616258080622062,False,LOW,POINT_BELOW_LIMIT
C08980,L5,DAC,124.58,1.778,11.9516,13.312,14.9984,29.9952,1.2398,1.4093,1.6515,3.5709,Sudden_Anomaly,50.0,batch_5,1.3604000000000003,29.192905615521962,10.807703437708096,47.57810779333583,36.77040435562773,False,False,False,0.8022943844780386,0.8022943844780386,0.4277357113787783,False,MEDIUM,POINT_BELOW_LIMIT
C08981,L5,ADC,124.46,1.792,11.4601,11.7163,12.1667,13.541,1.1621,1.2218,1.2746,1.4985,Normal,50.0,batch_5,0.25619999999999976,15.129767069940467,-3.2554351078733994,33.51496924775434,36.77040435562773,False,False,False,-1.5887670699404666,1.5887670699404666,0.09867463141433729,False,VERY_LOW,POINT_BELOW_LIMIT
C08982,L5,DAC,125.62,1.778,11.2715,12.4251,13.1763,13.3392,1.1804,1.3154,1.4015,1.4269,Normal,50.0,batch_5,1.1536000000000008,22.90015383551589,4.514951657702024,41.28535601332976,36.77040435562773,False,False,False,-9.56095383551589,9.56095383551589,0.3238509928603056,False,LOW,POINT_BELOW_LIMIT
C08983,L5,DAC,125.21,1.788,11.0713,11.8169,12.9496,13.6469,1.147,1.2434,1.4122,1.4439,Normal,50.0,batch_5,0.7455999999999996,15.315719775054104,-3.0694824027597623,33.70092195286797,36.77040435562773,False,False,False,-1.6688197750541036,1.6688197750541036,0.07899290294341445,False,VERY_LOW,POINT_BELOW_LIMIT
C08984,L5,FPGA,124.94,1.1,11.5019,12.1849,12.4686,13.3126,1.1529,1.2877,1.2648,1.3713,Normal,50.0,batch_5,0.6830000000000016,15.833461200649342,-2.551740977164524,34.218663378463205,36.77040435562773,False,False,False,-2.5208612006493425,2.5208612006493425,0.07190485738318556,False,VERY_LOW,POINT_BELOW_LIMIT
C08985,L5,ASIC,126.11,1.211,11.664,12.8801,13.4605,14.2964,1.1979,1.3487,1.4192,1.5145,Normal,50.0,batch_5,1.2161000000000008,20.858115536381664,2.472913358567798,39.24331771419553,36.77040435562773,False,False,False,-6.561715536381664,6.561715536381664,0.2697421166842857,False,LOW,POINT_BELOW_LIMIT
C08986,L5,ADC,124.21,1.789,11.5692,12.3369,13.2548,13.7165,1.2042,1.2965,1.3908,1.4527,Normal,50.0,batch_5,0.7676999999999996,16.207226695833327,-2.177975481980539,34.592428873647194,36.77040435562773,False,False,False,-2.4907266958333274,2.4907266958333274,0.02204893717393717,False,VERY_LOW,POINT_BELOW_LIMIT
C08987,L5,FPGA,125.24,1.112,10.9734,12.7093,19.1319,56.7581,1.1187,1.327,2.0769,7.942,Absolute_Failure,50.0,batch_5,1.7359000000000009,31.739387233432513,13.354185055618647,50.124589411246376,36.77040435562773,False,True,True,25.018712766567486,25.018712766567486,0.6968784647542499,True,MEDIUM,POINT_BELOW_LIMIT
C08988,L5,ASIC,124.24,1.191,11.6605,13.1396,15.0579,20.6286,1.2018,1.3195,1.5994,2.3239,Latent_Defect,50.0,batch_5,1.479099999999999,31.946291403246782,13.561089225432916,50.33149358106065,36.77040435562773,False,True,False,-11.317691403246783,11.317691403246783,0.5131757690025867,True,MEDIUM,POINT_BELOW_LIMIT
C08989,L5,DAC,123.99,1.807,12.005,12.5678,13.3098,14.5862,1.2451,1.3127,1.3373,1.56,Normal,50.0,batch_5,0.5627999999999993,16.456604190530303,-1.9285979872835632,34.841806368344166,36.77040435562773,False,False,False,-1.8704041905303033,1.8704041905303033,0.07541642465721415,False,VERY_LOW,POINT_BELOW_LIMIT
C08990,L5,DAC,123.69,1.787,12.3224,13.671,15.6797,29.3289,1.2727,1.3956,1.6863,3.4493,Sudden_Anomaly,50.0,batch_5,1.3485999999999994,28.459112606845267,10.0739104290314,46.84431478465913,36.77040435562773,False,False,False,0.8697873931547342,0.8697873931547342,0.4225101313962007,False,MEDIUM,POINT_BELOW_LIMIT
C08991,L5,ADC,123.65,1.827,12.0448,12.6522,13.6084,14.1868,1.2659,1.3569,1.4254,1.5124,Normal,50.0,batch_5,0.6074000000000002,16.61574680338828,-1.7694553744255863,35.00094898120214,36.77040435562773,False,False,False,-2.42894680338828,2.42894680338828,0.07684910498857868,False,VERY_LOW,POINT_BELOW_LIMIT
C08992,L5,FPGA,125.43,1.099,11.5302,12.5504,13.5727,14.5576,1.1743,1.3343,1.4523,1.5661,Normal,50.0,batch_5,1.020199999999999,18.60291419317696,0.21771201536309448,36.988116370990824,36.77040435562773,False,False,False,-4.04531419317696,4.04531419317696,0.0965465252068193,False,VERY_LOW,POINT_BELOW_LIMIT
C08993,L5,ASIC,124.16,1.231,11.5413,12.5516,14.902,41.6721,1.1648,1.2809,1.5806,5.3453,Sudden_Anomaly,50.0,batch_5,1.0103000000000009,23.05877172619048,4.673569548376612,41.443973904004345,36.77040435562773,False,False,False,18.613328273809522,18.613328273809522,0.26763824726534036,False,LOW,POINT_BELOW_LIMIT
C08994,L5,DAC,125.3,1.797,11.7945,11.9897,11.9933,12.3192,1.232,1.2223,1.2727,1.3431,High_Stable,50.0,batch_5,0.19519999999999982,14.575545441865085,-3.8096567359487814,32.960747619678955,36.77040435562773,False,False,False,-2.2563454418650846,2.2563454418650846,0.0110828320802005,False,VERY_LOW,POINT_BELOW_LIMIT
C08995,L5,ASIC,125.01,1.198,11.3778,12.3207,12.9158,13.9421,1.2058,1.312,1.389,1.4829,Normal,50.0,batch_5,0.9428999999999998,17.429605411584237,-0.955596766229629,35.8148075893981,36.77040435562773,False,False,False,-3.4875054115842374,3.4875054115842374,0.10634420881873093,False,VERY_LOW,POINT_BELOW_LIMIT
C08996,L5,FPGA,124.41,1.092,11.7474,13.9946,20.5957,56.4321,1.2247,1.453,2.3257,7.9253,Absolute_Failure,50.0,batch_5,2.2471999999999994,53.012494345582375,34.62729216776851,71.39769652339623,36.770404355627726,True,True,True,3.419605654417623,3.419605654417623,0.9881662135275773,True,HIGH,POINT_ABOVE_LIMIT
C08997,L5,FPGA,125.89,1.111,11.6649,13.0832,15.717,57.5519,1.2134,1.3721,1.6986,8.1419,Absolute_Failure,50.0,batch_5,1.4183000000000003,30.935134166269854,12.549931988455988,49.32033634408372,36.77040435562773,False,False,True,26.61676583373015,26.61676583373015,0.4422238792570629,False,MEDIUM,POINT_BELOW_LIMIT
C08998,L5,FPGA,125.06,1.114,12.1375,12.4304,12.7244,12.8661,1.2785,1.3114,1.3641,1.3408,High_Stable,50.0,batch_5,0.29290000000000127,13.756240021301599,-4.628962156512268,32.14144219911547,36.77040435562773,False,False,False,-0.8901400213015993,0.8901400213015993,0.01955029284441049,False,VERY_LOW,POINT_BELOW_LIMIT
C08999,L5,ADC,123.78,1.779,11.5398,12.3501,13.6001,14.6728,1.1736,1.2439,1.4382,1.5408,Normal,50.0,batch_5,0.8102999999999998,17.83215792331349,-0.553044254500378,36.217360101127355,36.77040435562773,False,False,False,-3.159357923313488,3.159357923313488,0.10815236544501243,False,VERY_LOW,POINT_BELOW_LIMIT
C09000,L5,ASIC,125.45,1.192,11.4618,11.9685,13.1001,14.6421,1.2075,1.2407,1.3781,1.5385,Normal,50.0,batch_5,0.5067000000000004,16.13216516640513,-2.253037011408736,34.517367344219,36.77040435562773,False,False,False,-1.490065166405131,1.490065166405131,0.02786183261183261,False,VERY_LOW,POINT_BELOW_LIMIT
C09001,L5,ASIC,124.84,1.199,11.3107,12.197,12.8791,13.7769,1.2027,1.3228,1.3229,1.4928,Normal,50.0,batch_5,0.8862999999999985,17.595067462202376,-0.7901347156114902,35.980269640016246,36.77040435562773,False,False,False,-3.8181674622023767,3.8181674622023767,0.12921716938789493,False,VERY_LOW,POINT_BELOW_LIMIT
C09002,L5,FPGA,125.4,1.122,11.2443,12.5278,13.3213,14.754,1.1356,1.3134,1.3914,1.5636,Normal,50.0,batch_5,1.2834999999999983,25.368365448387372,6.983163270573506,43.75356762620124,36.77040435562773,False,False,False,-10.614365448387373,10.614365448387373,0.3832283440777242,False,LOW,POINT_BELOW_LIMIT
C09003,L5,ASIC,124.4,1.187,11.2069,12.9629,17.3878,61.0229,1.1401,1.3354,1.8723,8.7906,Absolute_Failure,50.0,batch_5,1.7560000000000002,36.732544465376975,18.34734228756311,55.11774664319084,36.77040435562773,False,True,True,24.290355534623025,24.290355534623025,0.75183804311431,True,HIGH,POINT_BELOW_LIMIT
C09004,L5,ADC,125.26,1.779,12.4125,13.7651,16.2233,33.912,1.356,1.4568,1.7274,4.1342,Sudden_Anomaly,50.0,batch_5,1.3526000000000007,32.719760917861656,14.33455874004779,51.10496309567552,36.77040435562773,False,True,False,1.192239082138343,1.192239082138343,0.7007631991593157,True,MEDIUM,POINT_BELOW_LIMIT
C09005,L5,ASIC,124.75,1.191,11.2405,12.3018,12.7016,13.8565,1.1886,1.2841,1.3694,1.4874,Normal,50.0,batch_5,1.0612999999999992,15.524162063988081,-2.8610401138257853,33.909364241801946,36.77040435562773,False,False,False,-1.6676620639880806,1.6676620639880806,0.08701573880310719,False,VERY_LOW,POINT_BELOW_LIMIT
C09006,L5,FPGA,126.4,1.103,11.682,12.462,13.2295,14.225,1.2663,1.3534,1.4139,1.5195,Normal,50.0,batch_5,0.7799999999999994,19.720148775068697,1.334946597254831,38.10535095288256,36.77040435562773,False,False,False,-5.495148775068698,5.495148775068698,0.11547380640216486,False,VERY_LOW,POINT_BELOW_LIMIT
C09007,L5,DAC,124.61,1.8,12.0268,12.8247,13.0337,13.4941,1.2626,1.3214,1.3721,1.4139,Normal,50.0,batch_5,0.7979000000000003,16.418966535119054,-1.9662356426948122,34.80416871293292,36.77040435562773,False,False,False,-2.9248665351190546,2.9248665351190546,0.07785591565297448,False,VERY_LOW,POINT_BELOW_LIMIT
C09008,L5,DAC,125.34,1.811,11.9936,12.9712,13.5819,13.8338,1.2782,1.3537,1.3972,1.4559,Normal,50.0,batch_5,0.9775999999999989,16.779490451587286,-1.6057117262265805,35.16469262940115,36.77040435562773,False,False,False,-2.9456904515872857,2.9456904515872857,0.08232556583938935,False,VERY_LOW,POINT_BELOW_LIMIT
C09009,L5,FPGA,126.0,1.116,11.4063,12.3675,12.59,14.2387,1.2289,1.3116,1.3125,1.5115,Normal,50.0,batch_5,0.9611999999999998,20.196075211962192,1.810873034148326,38.58127738977606,36.77040435562773,False,False,False,-5.9573752119621926,5.9573752119621926,0.21083794940079656,False,LOW,POINT_BELOW_LIMIT
C09010,L5,DAC,123.77,1.803,12.3804,12.9574,13.4244,13.8214,1.2938,1.3624,1.4143,1.4788,Normal,50.0,batch_5,0.577,15.6563129827381,-2.728889195075766,34.04151516055197,36.77040435562773,False,False,False,-1.8349129827380999,1.8349129827380999,0.03669615107115108,False,VERY_LOW,POINT_BELOW_LIMIT
C09011,L5,ADC,126.11,1.797,12.1066,12.4304,12.6333,12.4473,1.313,1.3058,1.317,1.2772,High_Stable,50.0,batch_5,0.3238000000000003,15.542446752976192,-2.8427554248376747,33.927648930790056,36.77040435562773,False,False,False,-3.0951467529761914,3.0951467529761914,0.07877066398513767,False,VERY_LOW,POINT_BELOW_LIMIT
C09012,L5,DAC,125.61,1.798,11.7607,11.9931,12.7871,14.7722,1.209,1.2867,1.3319,1.545,Normal,50.0,batch_5,0.23240000000000016,15.271696218948405,-3.1135059588654617,33.65689839676227,36.77040435562773,False,False,False,-0.4994962189484049,0.4994962189484049,0.04917884892884893,False,VERY_LOW,POINT_BELOW_LIMIT
C09013,L5,FPGA,126.15,1.104,12.4814,12.5552,12.6001,12.8343,1.3002,1.2907,1.3368,1.3278,High_Stable,50.0,batch_5,0.07379999999999853,13.39009763298993,-4.995104544823937,31.775299810803794,36.77040435562773,False,False,False,-0.555797632989929,0.555797632989929,0.021599567099567098,False,VERY_LOW,POINT_BELOW_LIMIT
C09014,L5,FPGA,126.31,1.094,11.8782,12.1734,12.4006,12.3722,1.2674,1.2797,1.31,1.2021,High_Stable,50.0,batch_5,0.29520000000000124,15.173162594543664,-3.2120395832702027,33.55836477235753,36.77040435562773,False,False,False,-2.8009625945436643,2.8009625945436643,0.08021874383823505,False,VERY_LOW,POINT_BELOW_LIMIT
C09015,L5,FPGA,126.16,1.066,11.7572,12.9586,13.9547,14.5873,1.1993,1.3496,1.472,1.54,Normal,50.0,batch_5,1.2014000000000014,22.693451530591638,4.308249352777771,41.078653708405504,36.77040435562773,False,False,False,-8.106151530591637,8.106151530591637,0.2918409883620469,False,LOW,POINT_BELOW_LIMIT
C09016,L5,ADC,124.64,1.809,11.8873,11.9506,11.8686,11.8867,1.2185,1.2318,1.2478,1.2782,High_Stable,50.0,batch_5,0.06329999999999991,12.585051233955626,-5.80015094385824,30.97025341176949,36.77040435562773,False,False,False,-0.698351233955627,0.698351233955627,0.0025,False,VERY_LOW,POINT_BELOW_LIMIT
C09017,L5,ADC,124.11,1.779,11.6746,12.2364,12.7714,13.1281,1.2126,1.292,1.3542,1.4171,Normal,50.0,batch_5,0.5617999999999999,15.582868160019846,-2.8023340177940206,33.96807033783371,36.77040435562773,False,False,False,-2.454768160019846,2.454768160019846,0.04466842797725151,False,VERY_LOW,POINT_BELOW_LIMIT
C09018,L5,FPGA,124.93,1.105,11.5232,12.6299,17.1003,58.3552,1.2029,1.3163,1.8706,8.3164,Absolute_Failure,50.0,batch_5,1.1067,18.450617404585696,0.06541522677182954,36.835819582399566,36.77040435562773,False,False,True,39.90458259541431,39.90458259541431,0.10125749525672124,False,VERY_LOW,POINT_BELOW_LIMIT
C09019,L5,FPGA,124.94,1.084,11.8282,13.1728,14.3005,15.5861,1.2092,1.3827,1.5753,1.6735,Normal,50.0,batch_5,1.3445999999999998,27.756977878174613,9.371775700360747,46.142180055988476,36.77040435562773,False,False,False,-12.170877878174613,12.170877878174613,0.373110484083178,False,LOW,POINT_BELOW_LIMIT
C09020,L5,FPGA,124.33,1.1,11.3235,11.614,12.3165,24.5459,1.1968,1.1458,1.3127,2.8045,Sudden_Anomaly,50.0,batch_5,0.29050000000000153,15.094644329356045,-3.290557848457821,33.47984650716991,36.77040435562773,False,False,False,9.451255670643954,9.451255670643954,0.04998945237768768,False,VERY_LOW,POINT_BELOW_LIMIT
C09021,L5,ASIC,124.65,1.19,11.0654,12.1887,13.1331,14.1038,1.1206,1.2856,1.3821,1.4449,Normal,50.0,batch_5,1.1233000000000004,20.3603571533234,1.9751549755095326,38.745559331137265,36.77040435562773,False,False,False,-6.256557153323399,6.256557153323399,0.24711870489094945,False,LOW,POINT_BELOW_LIMIT
C09022,L5,ASIC,123.92,1.196,12.2524,12.6212,12.6322,12.4997,1.3292,1.3464,1.35,1.3314,High_Stable,50.0,batch_5,0.36880000000000024,14.900395540178572,-3.4848066376352946,33.28559771799244,36.77040435562773,False,False,False,-2.400695540178571,2.400695540178571,0.005872127872127872,False,VERY_LOW,POINT_BELOW_LIMIT
C09023,L5,ASIC,125.19,1.188,11.228,11.8499,13.0565,13.7231,1.158,1.2463,1.3663,1.4259,Normal,50.0,batch_5,0.6219000000000001,15.493026138143803,-2.8921760396700638,33.87822831595767,36.77040435562773,False,False,False,-1.769926138143802,1.769926138143802,0.13165180522092282,False,VERY_LOW,POINT_BELOW_LIMIT
C09024,L5,FPGA,124.03,1.103,11.323,11.5843,11.5643,11.7161,1.165,1.1935,1.2121,1.2167,High_Stable,50.0,batch_5,0.2613000000000003,16.687109905860808,-1.6980922719530582,35.072312083674674,36.77040435562773,False,False,False,-4.971009905860807,4.971009905860807,0.17828495093253166,False,LOW,POINT_BELOW_LIMIT
C09025,L5,FPGA,124.99,1.136,11.357,12.1694,12.6465,13.6387,1.2055,1.3129,1.3131,1.4612,Normal,50.0,batch_5,0.8124000000000002,16.966977063591283,-1.418225114222583,35.35217924140515,36.77040435562773,False,False,False,-3.3282770635912833,3.3282770635912833,0.12102347053232619,False,VERY_LOW,POINT_BELOW_LIMIT
C09026,L5,FPGA,124.03,1.089,11.1824,12.4996,13.3345,14.2906,1.1352,1.3535,1.4197,1.518,Normal,50.0,batch_5,1.3171999999999997,31.244621374503954,12.859419196690087,49.629823552317816,36.77040435562773,False,False,False,-16.954021374503952,16.954021374503952,0.527316574254293,True,MEDIUM,POINT_BELOW_LIMIT
C09027,L5,ASIC,124.87,1.192,11.1953,11.3716,12.4216,13.2373,1.1497,1.1762,1.2926,1.4605,Normal,50.0,batch_5,0.17630000000000123,15.886209421897554,-2.498992755916312,34.27141159971142,36.77040435562773,False,False,False,-2.648909421897555,2.648909421897555,0.10823241260803176,False,VERY_LOW,POINT_BELOW_LIMIT
C09028,L5,FPGA,125.16,1.081,11.4479,12.5041,13.4484,14.7109,1.2194,1.3445,1.3589,1.555,Normal,50.0,batch_5,1.0561999999999987,19.904933110198694,1.519730932384828,38.290135288012564,36.77040435562773,False,False,False,-5.194033110198694,5.194033110198694,0.1975084463012347,False,LOW,POINT_BELOW_LIMIT
C09029,L5,ASIC,124.39,1.187,11.9134,12.6651,13.8886,14.6837,1.2512,1.3564,1.465,1.5837,Normal,50.0,batch_5,0.7517000000000014,16.93692733511904,-1.4482748426948255,35.322129512932904,36.77040435562773,False,False,False,-2.253227335119041,2.253227335119041,0.053596137849079045,False,VERY_LOW,POINT_BELOW_LIMIT
C09030,L5,ADC,124.26,1.787,11.1655,12.0217,12.8733,13.508,1.1853,1.2728,1.3287,1.4207,Normal,50.0,batch_5,0.8561999999999994,17.931592521825394,-0.4536096559884726,36.31679469963926,36.77040435562773,False,False,False,-4.423592521825395,4.423592521825395,0.09225006450664344,False,VERY_LOW,POINT_BELOW_LIMIT
C09031,L5,ADC,122.01,1.802,12.2514,14.0841,20.1364,53.4706,1.2577,1.4903,2.2191,7.3821,Absolute_Failure,50.0,batch_5,1.832699999999999,40.88595634742068,22.500754169606815,59.27115852523455,36.77040435562773,False,True,True,12.584643652579317,12.584643652579317,0.7540177995669674,True,HIGH,POINT_BELOW_LIMIT
C09032,L5,ASIC,125.37,1.201,11.601,12.6161,13.7117,14.3436,1.1869,1.3265,1.419,1.5429,Normal,50.0,batch_5,1.0150999999999986,19.2035439092262,0.8183417314123353,37.588746087040064,36.77040435562773,False,False,False,-4.859943909226201,4.859943909226201,0.18984006667567035,False,LOW,POINT_BELOW_LIMIT
C09033,L5,FPGA,126.95,1.094,11.2862,12.0698,13.174,14.651,1.1971,1.2837,1.4037,1.5517,Normal,50.0,batch_5,0.7836000000000016,17.744622548328756,-0.64057962948511,36.12982472614262,36.77040435562773,False,False,False,-3.0936225483287565,3.0936225483287565,0.20235759108917034,False,LOW,POINT_BELOW_LIMIT
C09034,L5,ASIC,126.7,1.202,11.1327,12.2287,13.2823,15.0201,1.1752,1.2856,1.4103,1.6112,Normal,50.0,batch_5,1.096,21.58420025952379,3.1989980817099237,39.969402437337656,36.77040435562773,False,False,False,-6.564100259523791,6.564100259523791,0.3528215850584754,False,LOW,POINT_BELOW_LIMIT
C09035,L5,ADC,124.48,1.797,12.161,12.7905,13.1853,13.9504,1.2574,1.3536,1.428,1.4952,Normal,50.0,batch_5,0.6295000000000002,19.527013341170637,1.1418111633567705,37.9122155189845,36.77040435562773,False,False,False,-5.576613341170637,5.576613341170637,0.04396578071051756,False,VERY_LOW,POINT_BELOW_LIMIT
C09036,L5,FPGA,126.28,1.093,12.7848,13.048,13.0911,13.2615,1.3454,1.3481,1.4015,1.4338,High_Stable,50.0,batch_5,0.26319999999999943,16.1725961116342,-2.212606066179667,34.557798289448066,36.77040435562773,False,False,False,-2.9110961116341993,2.9110961116341993,0.0581375472566649,False,VERY_LOW,POINT_BELOW_LIMIT
C09037,L5,ASIC,125.11,1.216,11.3978,12.2091,13.0319,14.0687,1.192,1.2925,1.3571,1.481,Normal,50.0,batch_5,0.8112999999999992,16.50975786770244,-1.8754443101114262,34.89496004551631,36.77040435562773,False,False,False,-2.4410578677024404,2.4410578677024404,0.06799924600416489,False,VERY_LOW,POINT_BELOW_LIMIT
C09038,L5,ADC,123.85,1.792,12.2276,12.3298,12.2559,12.5108,1.2726,1.2719,1.3081,1.3535,High_Stable,50.0,batch_5,0.10219999999999985,13.141723090331196,-5.243479087482671,31.526925268145064,36.77040435562773,False,False,False,-0.630923090331196,0.630923090331196,0.0032222222222222222,False,VERY_LOW,POINT_BELOW_LIMIT
C09039,L5,DAC,125.84,1.793,10.9418,11.7565,12.6169,13.0927,1.1647,1.2166,1.315,1.3707,Normal,50.0,batch_5,0.8147000000000002,17.83187190970418,-0.5533302681096863,36.21707408751804,36.77040435562773,False,False,False,-4.739171909704179,4.739171909704179,0.21917022097344468,False,LOW,POINT_BELOW_LIMIT
C09040,L5,ASIC,126.47,1.186,11.5478,11.8335,12.3268,13.4421,1.2418,1.2653,1.2883,1.411,Normal,50.0,batch_5,0.2857000000000003,15.559820502281742,-2.8253816755321246,33.945022680095605,36.77040435562773,False,False,False,-2.117720502281742,2.117720502281742,0.09473615828615829,False,VERY_LOW,POINT_BELOW_LIMIT
C09041,L5,ASIC,125.45,1.213,11.8114,13.0679,16.9245,52.7752,1.168,1.3722,1.8515,7.2027,Absolute_Failure,50.0,batch_5,1.256499999999999,27.060955523439773,8.675753345625907,45.44615770125364,36.77040435562773,False,False,True,25.714244476560225,25.714244476560225,0.4080703802255832,False,MEDIUM,POINT_BELOW_LIMIT
C09042,L5,ADC,124.12,1.805,11.6942,12.5332,13.1164,14.4986,1.2097,1.2889,1.3751,1.5319,Normal,50.0,batch_5,0.8390000000000004,20.314132169101736,1.9289299912878697,38.699334346915606,36.77040435562773,False,False,False,-5.815532169101736,5.815532169101736,0.18374961244294055,False,LOW,POINT_BELOW_LIMIT
C09043,L5,ASIC,125.04,1.211,12.1567,12.3322,12.2189,12.0142,1.287,1.2999,1.2505,1.2646,High_Stable,50.0,batch_5,0.17549999999999955,12.676410425541143,-5.708791752272724,31.06161260335501,36.77040435562773,False,False,False,-0.6622104255411418,0.6622104255411418,0.0013333333333333333,False,VERY_LOW,POINT_BELOW_LIMIT
C09044,L5,ASIC,125.55,1.194,11.1822,12.2297,12.5971,13.1945,1.1724,1.2851,1.2639,1.3981,Normal,50.0,batch_5,1.0474999999999994,16.01422165476192,-2.370980523051948,34.399423832575785,36.77040435562773,False,False,False,-2.819721654761919,2.819721654761919,0.0829836263186418,False,VERY_LOW,POINT_BELOW_LIMIT
C09045,L5,FPGA,125.32,1.121,12.2393,13.1043,13.5588,13.5654,1.3175,1.361,1.4735,1.4174,Normal,50.0,batch_5,0.8650000000000002,18.000929230853174,-0.38427294696069225,36.38613140866704,36.77040435562773,False,False,False,-4.435529230853174,4.435529230853174,0.03683360528360527,False,VERY_LOW,POINT_BELOW_LIMIT
C09046,L5,ADC,124.11,1.779,11.6455,13.667,21.3241,57.5527,1.1776,1.4801,2.378,8.074,Absolute_Failure,50.0,batch_5,2.0214999999999996,46.781959330871224,28.396757153057358,65.1671615086851,36.77040435562774,False,True,True,10.770740669128777,10.770740669128777,0.8852721868537679,True,HIGH,POINT_BELOW_LIMIT
C09047,L5,ADC,124.19,1.815,11.6272,13.39,18.0205,56.3056,1.2037,1.4041,1.9565,7.8344,Absolute_Failure,50.0,batch_5,1.7628000000000004,36.621472354662664,18.236270176848798,55.00667453247653,36.77040435562773,False,True,True,19.684127645337334,19.684127645337334,0.7091502359843085,True,MEDIUM,POINT_BELOW_LIMIT
C09048,L5,FPGA,125.96,1.099,11.7576,12.3307,12.6139,13.9038,1.2487,1.2444,1.3033,1.4669,Normal,50.0,batch_5,0.5731000000000002,17.24542860609948,-1.139773571714386,35.63063078391335,36.77040435562773,False,False,False,-3.34162860609948,3.34162860609948,0.06198566335625161,False,VERY_LOW,POINT_BELOW_LIMIT
C09049,L5,ASIC,125.04,1.197,12.697,13.8736,17.3506,21.9109,1.3267,1.4876,1.8805,2.4696,Latent_Defect,50.0,batch_5,1.1766000000000005,23.42109097397102,5.035888796157153,41.806293151784885,36.77040435562773,False,False,False,-1.5101909739710173,1.5101909739710173,0.23577876538548428,False,LOW,POINT_BELOW_LIMIT
C09050,L5,FPGA,125.53,1.104,12.2861,12.2458,12.5213,12.2645,1.2754,1.3012,1.2806,1.2666,High_Stable,50.0,batch_5,-0.040300000000000225,12.743142446230163,-5.6420597315837036,31.12834462404403,36.77040435562773,False,False,False,-0.47864244623016283,0.47864244623016283,0.010337085137085136,False,VERY_LOW,POINT_BELOW_LIMIT
C09051,L5,FPGA,126.72,1.093,11.4906,12.6169,13.5887,14.5913,1.1919,1.2899,1.4069,1.5323,Normal,50.0,batch_5,1.1262999999999987,21.48791755724207,3.1027153794282043,39.87311973505594,36.77040435562773,False,False,False,-6.89661755724207,6.89661755724207,0.21565939035132659,False,LOW,POINT_BELOW_LIMIT
C09052,L5,ADC,124.48,1.809,12.034,12.8791,15.091,38.8387,1.2832,1.323,1.5785,4.9101,Sudden_Anomaly,50.0,batch_5,0.8450999999999986,15.609038891269845,-2.776163286544021,33.994241069083714,36.77040435562773,False,False,False,23.229661108730156,23.229661108730156,0.06128092325802853,False,VERY_LOW,POINT_BELOW_LIMIT
C09053,L5,DAC,126.23,1.791,12.385,12.7014,13.258,13.3313,1.3206,1.3253,1.4151,1.4213,Normal,50.0,batch_5,0.3163999999999998,14.816323583928565,-3.5688785938853016,33.20152576174243,36.77040435562773,False,False,False,-1.4850235839285642,1.4850235839285642,0.00736140350877193,False,VERY_LOW,POINT_BELOW_LIMIT
C09054,L5,ADC,125.12,1.811,11.9422,13.0978,13.2929,13.8312,1.2633,1.3756,1.4175,1.4809,Normal,50.0,batch_5,1.1555999999999997,19.525139936111106,1.1399377582972399,37.91034211392497,36.77040435562773,False,False,False,-5.693939936111105,5.693939936111105,0.13875715419464835,False,VERY_LOW,POINT_BELOW_LIMIT
C09055,L5,ADC,124.11,1.807,11.636,13.15,17.1169,23.8226,1.2248,1.4165,1.8599,2.7313,Latent_Defect,50.0,batch_5,1.5140000000000011,37.36187653422617,18.976674356412303,55.747078712040036,36.77040435562773,False,True,False,-13.539276534226168,13.539276534226168,0.7017449594204873,True,MEDIUM,POINT_BELOW_LIMIT
C09056,L5,FPGA,125.34,1.075,11.3235,12.5908,12.8763,13.8779,1.1932,1.3016,1.3491,1.4788,Normal,50.0,batch_5,1.2673000000000005,23.981313602624493,5.596111424810626,42.36651578043836,36.77040435562773,False,False,False,-10.103413602624492,10.103413602624492,0.3016904777343024,False,LOW,POINT_BELOW_LIMIT
C09057,L5,ADC,125.69,1.819,11.7683,12.0326,13.5721,36.6972,1.2249,1.2393,1.4548,4.5793,Sudden_Anomaly,50.0,batch_5,0.2643000000000004,14.896919103472232,-3.488283074341634,33.282121281286095,36.77040435562773,False,False,False,21.80028089652777,21.80028089652777,0.09365881361500554,False,VERY_LOW,POINT_BELOW_LIMIT
C09058,L5,FPGA,124.45,1.105,10.8499,12.5472,16.1496,23.5226,1.1255,1.3213,1.7262,2.6844,Latent_Defect,50.0,batch_5,1.6973000000000003,33.77708650704365,15.391884329229782,52.162288684857515,36.77040435562773,False,True,False,-10.254486507043648,10.254486507043648,0.6766553579701663,True,MEDIUM,POINT_BELOW_LIMIT
C09059,L5,FPGA,125.28,1.108,11.6166,11.7505,11.8448,12.216,1.2214,1.233,1.2457,1.3359,High_Stable,50.0,batch_5,0.13390000000000057,13.128139547138284,-5.257062630675582,31.51334172495215,36.77040435562773,False,False,False,-0.9121395471382847,0.9121395471382847,0.04741970105917474,False,VERY_LOW,POINT_BELOW_LIMIT
C09060,L5,ASIC,124.82,1.197,11.142,13.8892,23.2028,59.2776,1.1508,1.4646,2.6874,8.433,Absolute_Failure,50.0,batch_5,2.747200000000001,53.53333591021823,35.14813373240436,71.9185380880321,36.77040435562773,True,True,True,5.7442640897817725,5.7442640897817725,0.9716842255439778,True,HIGH,POINT_ABOVE_LIMIT
C09061,L5,ASIC,126.11,1.236,11.4666,12.5176,13.8801,14.1727,1.2093,1.2619,1.4909,1.5063,Normal,50.0,batch_5,1.0510000000000002,23.59801432142857,5.212812143614702,41.98321649924243,36.77040435562773,False,False,False,-9.425314321428568,9.425314321428568,0.30929643300194504,False,LOW,POINT_BELOW_LIMIT
C09062,L5,ADC,123.77,1.798,11.2939,12.248,12.9793,14.9766,1.1247,1.3183,1.3728,1.5953,Normal,50.0,batch_5,0.9540999999999986,21.052385445847904,2.6671832680340373,39.43758762366177,36.77040435562773,False,False,False,-6.075785445847904,6.075785445847904,0.32417152388661674,False,LOW,POINT_BELOW_LIMIT
C09063,L5,ADC,124.73,1.8,11.1205,12.2499,12.9184,13.734,1.1836,1.2937,1.3163,1.5018,Normal,50.0,batch_5,1.1294000000000004,20.546600057738093,2.161397879924227,38.931802235551956,36.77040435562773,False,False,False,-6.812600057738093,6.812600057738093,0.2151852047929627,False,LOW,POINT_BELOW_LIMIT
C09064,L5,ASIC,123.89,1.225,11.6405,11.827,13.2544,14.3263,1.2147,1.2351,1.4123,1.5032,Normal,50.0,batch_5,0.18650000000000055,14.808441559442633,-3.5767606183712335,33.1936437372565,36.77040435562773,False,False,False,-0.48214155944263304,0.48214155944263304,0.020184360410831,False,VERY_LOW,POINT_BELOW_LIMIT
C09065,L5,ASIC,126.65,1.212,11.1244,12.0925,12.7725,13.208,1.1492,1.2499,1.3259,1.4064,Normal,50.0,batch_5,0.9680999999999997,20.928907977218586,2.5437057994047194,39.31411015503245,36.77040435562773,False,False,False,-7.720907977218586,7.720907977218586,0.4634941766032983,False,MEDIUM,POINT_BELOW_LIMIT
C09066,L5,ASIC,124.57,1.188,10.6819,11.4372,11.9824,12.6407,1.0748,1.216,1.2389,1.2976,Normal,50.0,batch_5,0.7553000000000001,17.785930121608956,-0.5992720562049101,36.17113229942282,36.77040435562773,False,False,False,-5.1452301216089555,5.1452301216089555,0.17850595058548685,False,LOW,POINT_BELOW_LIMIT
C09067,L5,FPGA,124.71,1.064,11.9712,12.3773,13.2053,14.3713,1.2541,1.2928,1.3872,1.5258,Normal,50.0,batch_5,0.40610000000000035,16.53931283779762,-1.845889340016246,34.92451501561149,36.77040435562773,False,False,False,-2.1680128377976207,2.1680128377976207,0.04219179867559192,False,VERY_LOW,POINT_BELOW_LIMIT
C09068,L5,ASIC,125.38,1.182,11.0068,11.4556,11.7633,12.4046,1.1341,1.2298,1.2219,1.3403,Normal,50.0,batch_5,0.4488000000000003,14.667834989110636,-3.7173671887032302,33.053037166924504,36.77040435562773,False,False,False,-2.263234989110636,2.263234989110636,0.03601070791953145,False,VERY_LOW,POINT_BELOW_LIMIT
C09069,L5,ASIC,124.72,1.223,11.263,11.5239,11.7278,12.4195,1.2067,1.1902,1.2185,1.2888,Normal,50.0,batch_5,0.26089999999999947,15.086191883008643,-3.299010294805223,33.47139406082251,36.77040435562773,False,False,False,-2.666691883008644,2.666691883008644,0.145278349393984,False,VERY_LOW,POINT_BELOW_LIMIT
C09070,L5,FPGA,125.05,1.105,10.8447,11.0511,12.5289,32.833,1.1089,1.1154,1.2789,3.9913,Sudden_Anomaly,50.0,batch_5,0.20640000000000036,14.355323475189191,-4.029878702624675,32.74052565300306,36.77040435562773,False,False,False,18.477676524810807,18.477676524810807,0.02118555124045142,False,VERY_LOW,POINT_BELOW_LIMIT
C09071,L5,DAC,125.57,1.797,12.0362,13.5272,15.8179,42.9871,1.2592,1.4712,1.6767,5.5576,Sudden_Anomaly,50.0,batch_5,1.4910000000000014,35.594505686678055,17.20930350886419,53.97970786449192,36.77040435562773,False,True,False,7.392594313321943,7.392594313321943,0.6084883179165848,True,MEDIUM,POINT_BELOW_LIMIT
C09072,L5,FPGA,125.49,1.12,12.3874,13.3554,14.2958,15.0917,1.3077,1.4259,1.526,1.5899,Normal,50.0,batch_5,0.968,17.250937876110576,-1.1342643017032898,35.63614005392444,36.77040435562773,False,False,False,-2.159237876110577,2.159237876110577,0.05028725021108923,False,VERY_LOW,POINT_BELOW_LIMIT
C09073,L5,FPGA,124.36,1.109,11.6569,11.9164,12.2104,12.3468,1.2454,1.2527,1.2518,1.2961,High_Stable,50.0,batch_5,0.2594999999999992,16.374088736805557,-2.011113441008309,34.75929091461943,36.77040435562773,False,False,False,-4.027288736805557,4.027288736805557,0.08426101975366683,False,VERY_LOW,POINT_BELOW_LIMIT
C09074,L5,ADC,124.21,1.792,11.7971,12.5631,13.0291,14.2442,1.2585,1.3304,1.3748,1.5261,Normal,50.0,batch_5,0.766,17.361540336904774,-1.0236618409090923,35.74674251471864,36.77040435562773,False,False,False,-3.1173403369047747,3.1173403369047747,0.06941522570996254,False,VERY_LOW,POINT_BELOW_LIMIT
C09075,L5,ADC,124.38,1.811,11.7633,12.8792,13.0562,14.4724,1.2828,1.3535,1.3447,1.5606,Normal,50.0,batch_5,1.1159000000000017,20.072696024206337,1.6874938463924707,38.4578982020202,36.77040435562773,False,False,False,-5.600296024206337,5.600296024206337,0.17594997156266506,False,LOW,POINT_BELOW_LIMIT
C09076,L5,FPGA,126.61,1.097,11.4933,12.0698,12.6388,13.2167,1.2079,1.257,1.4041,1.3993,Normal,50.0,batch_5,0.5765000000000011,16.770377047123002,-1.614825130690864,35.15557922493687,36.77040435562773,False,False,False,-3.553677047123003,3.553677047123003,0.09832370962370962,False,VERY_LOW,POINT_BELOW_LIMIT
C09077,L5,ADC,124.2,1.798,12.4263,14.0134,18.5377,25.7069,1.2972,1.4973,2.0559,2.9475,Latent_Defect,50.0,batch_5,1.5871000000000013,43.329608350358676,24.94440617254481,61.71481052817254,36.77040435562773,False,True,False,-17.622708350358675,17.622708350358675,0.8698909681937242,True,HIGH,POINT_BELOW_LIMIT
C09078,L5,DAC,123.81,1.808,12.0929,12.2261,12.1758,12.168,1.2809,1.2925,1.2713,1.2686,High_Stable,50.0,batch_5,0.13320000000000043,13.613071246636009,-4.772130931177857,31.998273424449877,36.77040435562773,False,False,False,-1.4450712466360098,1.4450712466360098,0.007204761904761906,False,VERY_LOW,POINT_BELOW_LIMIT
C09079,L5,ADC,125.36,1.806,11.7092,12.7856,14.1045,15.3487,1.2315,1.4043,1.4613,1.6149,Normal,50.0,batch_5,1.0764000000000014,18.634854558714892,0.2496523809010256,37.02005673652876,36.77040435562773,False,False,False,-3.286154558714893,3.286154558714893,0.26566762757104995,False,LOW,POINT_BELOW_LIMIT
C09080,L5,FPGA,124.21,1.106,11.4884,12.1398,13.0197,14.2278,1.2084,1.2494,1.3734,1.4651,Normal,50.0,batch_5,0.6513999999999989,17.077643508279223,-1.307558669534643,35.46284568609309,36.77040435562773,False,False,False,-2.849843508279223,2.849843508279223,0.09087184482184482,False,VERY_LOW,POINT_BELOW_LIMIT
C09081,L5,ADC,124.67,1.81,10.7458,11.1975,12.3856,13.1985,1.0741,1.2208,1.3043,1.3742,Normal,50.0,batch_5,0.45170000000000066,18.708945761387863,0.3237435835739966,37.09414793920173,36.77040435562773,False,False,False,-5.510445761387864,5.510445761387864,0.12769871828378018,False,VERY_LOW,POINT_BELOW_LIMIT
C09082,L5,FPGA,126.82,1.119,11.2161,12.2969,13.1672,14.1941,1.1859,1.2943,1.4172,1.5786,Normal,50.0,batch_5,1.0808,17.785660743070824,-0.5995414347430419,36.17086292088469,36.77040435562773,False,False,False,-3.591560743070824,3.591560743070824,0.2616629795692508,False,LOW,POINT_BELOW_LIMIT
C09083,L5,FPGA,123.8,1.113,11.2583,11.4374,11.6575,11.647,1.1282,1.2101,1.1826,1.1867,High_Stable,50.0,batch_5,0.17910000000000004,19.011945486309536,0.6267433084956693,37.3971476641234,36.77040435562773,False,False,False,-7.364945486309535,7.364945486309535,0.0873791812086944,False,VERY_LOW,POINT_BELOW_LIMIT
C09084,L5,ASIC,124.62,1.167,11.2054,11.5218,12.5727,14.0883,1.1591,1.1857,1.285,1.4658,Normal,50.0,batch_5,0.31640000000000157,18.17119454394841,-0.21400763386545663,36.556396721762276,36.77040435562773,False,False,False,-4.0828945439484094,4.0828945439484094,0.24246009701587481,False,LOW,POINT_BELOW_LIMIT
C09085,L5,DAC,125.61,1.803,11.7998,12.0775,12.4556,13.5473,1.219,1.293,1.3241,1.4234,Normal,50.0,batch_5,0.27770000000000117,15.358739204662706,-3.02646297315116,33.74394138247657,36.77040435562773,False,False,False,-1.8114392046627064,1.8114392046627064,0.07436113053613054,False,VERY_LOW,POINT_BELOW_LIMIT
C09086,L5,ADC,124.8,1.763,11.8083,12.0802,13.1898,14.4817,1.2101,1.2483,1.4203,1.5656,Normal,50.0,batch_5,0.2719000000000005,13.917640484424622,-4.467561693389245,32.30284266223849,36.77040435562773,False,False,False,0.5640595155753783,0.5640595155753783,0.03526535588594412,False,VERY_LOW,POINT_BELOW_LIMIT
C09087,L5,FPGA,124.46,1.093,11.606,12.7639,13.1403,14.601,1.1863,1.3613,1.3831,1.5092,Normal,50.0,batch_5,1.1578999999999997,18.99873983164682,0.6135376538329531,37.38394200946068,36.77040435562773,False,False,False,-4.397739831646819,4.397739831646819,0.13774340480379307,False,VERY_LOW,POINT_BELOW_LIMIT
C09088,L5,FPGA,125.62,1.122,11.139,12.1692,15.4027,23.0182,1.1934,1.265,1.636,2.6125,Latent_Defect,50.0,batch_5,1.0302000000000007,17.441198018425336,-0.9440041593885304,35.826400196239206,36.77040435562773,False,False,False,5.577001981574664,5.577001981574664,0.13491939657178045,False,VERY_LOW,POINT_BELOW_LIMIT
C09089,L5,DAC,125.25,1.818,11.7995,11.9972,12.2147,12.7966,1.2158,1.2417,1.285,1.2984,Normal,50.0,batch_5,0.19769999999999932,13.795247044047624,-4.589955133766242,32.180449221861494,36.77040435562773,False,False,False,-0.9986470440476243,0.9986470440476243,0.012046929094297516,False,VERY_LOW,POINT_BELOW_LIMIT
C09090,L5,DAC,125.76,1.791,12.1218,12.4806,13.0866,13.6854,1.2854,1.3341,1.3626,1.4689,Normal,50.0,batch_5,0.35880000000000045,15.102486326587318,-3.2827158512265484,33.487688504401184,36.77040435562773,False,False,False,-1.4170863265873184,1.4170863265873184,0.013354617604617607,False,VERY_LOW,POINT_BELOW_LIMIT
C09091,L5,ASIC,125.81,1.21,11.7459,12.7014,13.705,14.3775,1.192,1.3193,1.3866,1.5347,Normal,50.0,batch_5,0.9554999999999989,17.255160615773807,-1.1300415620400592,35.64036279358767,36.77040435562773,False,False,False,-2.8776606157738076,2.8776606157738076,0.1234358004396704,False,VERY_LOW,POINT_BELOW_LIMIT
C09092,L5,ADC,125.35,1.804,11.5013,12.5624,15.3374,20.0446,1.2439,1.3667,1.6521,2.1888,Latent_Defect,50.0,batch_5,1.0610999999999997,21.2826925981582,2.897490420344333,39.667894775972066,36.77040435562773,False,False,False,-1.2380925981582003,1.2380925981582003,0.22893040780169258,False,LOW,POINT_BELOW_LIMIT
C09093,L5,FPGA,125.57,1.115,11.6957,12.3263,12.9187,13.6557,1.2388,1.2921,1.3772,1.4419,Normal,50.0,batch_5,0.6305999999999994,15.504407237244152,-2.8807949405697144,33.88960941505802,36.77040435562773,False,False,False,-1.8487072372441524,1.8487072372441524,0.044116415284062356,False,VERY_LOW,POINT_BELOW_LIMIT
C09094,L5,FPGA,125.57,1.096,11.5018,11.976,12.3643,13.1085,1.1586,1.2786,1.3086,1.3951,Normal,50.0,batch_5,0.4742000000000015,15.666436624457292,-2.718765553356574,34.05163880227116,36.77040435562773,False,False,False,-2.5579366244572928,2.5579366244572928,0.12766363585961107,False,VERY_LOW,POINT_BELOW_LIMIT
C09095,L5,ASIC,124.28,1.193,10.7731,11.3793,11.4327,11.7308,1.064,1.2119,1.1933,1.2131,Normal,50.0,batch_5,0.6062000000000012,19.958626088275615,1.5734239104617487,38.34382826608948,36.77040435562773,False,False,False,-8.227826088275615,8.227826088275615,0.10371804535333946,False,VERY_LOW,POINT_BELOW_LIMIT
C09096,L5,ASIC,126.08,1.198,11.1651,12.5005,15.7812,19.7245,1.1796,1.3384,1.6982,2.1633,Latent_Defect,50.0,batch_5,1.3354,27.38825720406745,9.003055026253584,45.77345938188132,36.77040435562773,False,False,False,-7.663757204067451,7.663757204067451,0.4001483289611631,False,MEDIUM,POINT_BELOW_LIMIT
C09097,L5,FPGA,126.39,1.108,12.228,12.309,13.5735,13.6679,1.264,1.2897,1.4366,1.4858,Normal,50.0,batch_5,0.08099999999999952,12.509367623214303,-5.875834554599564,30.89456980102817,36.77040435562773,False,False,False,1.158532376785697,1.158532376785697,0.011799567099567101,False,VERY_LOW,POINT_BELOW_LIMIT
C09098,L5,ASIC,123.27,1.189,12.0182,12.5814,13.1908,13.8421,1.1943,1.3095,1.3777,1.4503,Normal,50.0,batch_5,0.5632000000000001,20.00089070292206,1.6156885251081938,38.38609288073593,36.77040435562773,False,False,False,-6.15879070292206,6.15879070292206,0.26756270451927333,False,LOW,POINT_BELOW_LIMIT
C09099,L5,FPGA,125.97,1.1,11.0588,12.3174,12.873,14.9489,1.2062,1.2581,1.3275,1.5947,Normal,50.0,batch_5,1.2585999999999995,20.973574495833347,2.5883723180194806,39.35877667364721,36.77040435562773,False,False,False,-6.024674495833347,6.024674495833347,0.22069709556881437,False,LOW,POINT_BELOW_LIMIT
C09100,L5,ASIC,126.09,1.207,11.8511,12.0985,12.2607,12.4,1.2231,1.2256,1.278,1.307,High_Stable,50.0,batch_5,0.24739999999999895,15.207097533333338,-3.1781046444805288,33.592299711147206,36.77040435562773,False,False,False,-2.8070975333333372,2.8070975333333372,0.08129551755434104,False,VERY_LOW,POINT_BELOW_LIMIT
C09101,L5,DAC,124.78,1.794,12.2123,12.4217,12.9566,13.6834,1.2407,1.3155,1.341,1.4144,Normal,50.0,batch_5,0.2093999999999987,13.897397640376985,-4.487804537436881,32.28259981819085,36.77040435562773,False,False,False,-0.21399764037698432,0.21399764037698432,0.03584570707070708,False,VERY_LOW,POINT_BELOW_LIMIT
C09102,L5,ASIC,124.86,1.207,11.5598,12.2825,13.1263,13.839,1.1858,1.3122,1.4354,1.4721,Normal,50.0,batch_5,0.7227000000000015,15.984851229558275,-2.400350948255591,34.37005340737214,36.77040435562773,False,False,False,-2.145851229558275,2.145851229558275,0.07722608873754386,False,VERY_LOW,POINT_BELOW_LIMIT
C09103,L5,ADC,124.22,1.817,11.2227,13.3445,18.9857,51.1257,1.2054,1.3985,2.0558,6.9499,Absolute_Failure,50.0,batch_5,2.1218000000000004,47.18836318898184,28.803161011167973,65.5735653667957,36.77040435562773,False,True,True,3.937336811018163,3.937336811018163,0.8955483901726669,True,HIGH,POINT_BELOW_LIMIT
C09104,L5,ASIC,124.44,1.217,10.9788,11.7242,12.1798,12.5991,1.1278,1.2279,1.3317,1.3804,Normal,50.0,batch_5,0.7454000000000001,18.226593026668468,-0.15860915114539864,36.611795204482334,36.77040435562773,False,False,False,-5.627493026668468,5.627493026668468,0.22031930339195113,False,LOW,POINT_BELOW_LIMIT
C09105,L5,ADC,125.62,1.799,11.4422,11.6342,11.9798,11.493,1.1989,1.2103,1.2193,1.2491,High_Stable,50.0,batch_5,0.19200000000000017,13.711767374702385,-4.673434803111482,32.09696955251625,36.77040435562773,False,False,False,-2.2187673747023844,2.2187673747023844,0.04030230880230881,False,VERY_LOW,POINT_BELOW_LIMIT
C09106,L5,ADC,126.43,1.804,11.9452,12.4096,13.9408,14.4836,1.2407,1.3002,1.4382,1.5387,Normal,50.0,batch_5,0.4643999999999995,16.407282140712763,-1.9779200371011036,34.79248431852663,36.77040435562773,False,False,False,-1.9236821407127636,1.9236821407127636,0.1280316534372733,False,VERY_LOW,POINT_BELOW_LIMIT
C09107,L5,DAC,125.45,1.816,11.7787,14.5775,23.707,54.3755,1.2042,1.5468,2.7084,7.5183,Absolute_Failure,50.0,batch_5,2.7988,54.83147095656376,36.4462687787499,73.21667313437763,36.77040435562773,True,True,True,-0.4559709565637604,0.4559709565637604,0.9867130444718679,True,HIGH,POINT_ABOVE_LIMIT
C09108,L5,DAC,124.9,1.816,12.3976,14.6719,22.583,53.3097,1.3219,1.5889,2.5467,7.3306,Absolute_Failure,50.0,batch_5,2.2743,53.65482832156863,35.26962614375476,72.0400304993825,36.77040435562773,True,True,True,-0.34512832156863027,0.34512832156863027,0.9766495226995228,True,HIGH,POINT_ABOVE_LIMIT
C09109,L5,ASIC,124.41,1.236,11.9869,12.7474,12.9452,13.7202,1.2683,1.2974,1.3332,1.451,Normal,50.0,batch_5,0.7605000000000004,18.90141543690477,0.5162132590909039,37.28661761471864,36.77040435562773,False,False,False,-5.18121543690477,5.18121543690477,0.11184816614414138,False,VERY_LOW,POINT_BELOW_LIMIT
C09110,L5,ASIC,125.87,1.208,11.3623,11.5174,11.5018,11.6686,1.206,1.1993,1.1659,1.2367,High_Stable,50.0,batch_5,0.1551000000000009,13.516881523313486,-4.86832065450038,31.902083701127353,36.77040435562773,False,False,False,-1.8482815233134868,1.8482815233134868,0.02965913168956647,False,VERY_LOW,POINT_BELOW_LIMIT
C09111,L5,DAC,124.37,1.832,12.2033,12.2666,12.5406,12.9329,1.2733,1.2798,1.3251,1.358,High_Stable,50.0,batch_5,0.06329999999999991,13.524772067018398,-4.860430110795468,31.909974244832263,36.77040435562773,False,False,False,-0.5918720670183983,0.5918720670183983,0.03914393939393939,False,VERY_LOW,POINT_BELOW_LIMIT
C09112,L5,ASIC,125.77,1.208,11.6193,13.3059,15.1872,37.2772,1.1953,1.4305,1.6093,4.659,Sudden_Anomaly,50.0,batch_5,1.6865999999999985,30.03505847519839,11.649856297384524,48.42026065301226,36.77040435562773,False,False,False,7.24214152480161,7.24214152480161,0.5800945226887647,True,MEDIUM,POINT_BELOW_LIMIT
C09113,L5,ADC,124.97,1.798,12.0229,13.1017,14.0632,15.3667,1.2763,1.3355,1.4747,1.6226,Normal,50.0,batch_5,1.0787999999999993,19.753627286904756,1.3684251090908894,38.138829464718626,36.77040435562773,False,False,False,-4.386927286904756,4.386927286904756,0.07507465607320095,False,VERY_LOW,POINT_BELOW_LIMIT
C09114,L5,DAC,124.39,1.797,11.7564,12.3393,12.2987,13.0816,1.2242,1.2871,1.3022,1.3941,Normal,50.0,batch_5,0.5829000000000004,16.13827275986843,-2.246929417945438,34.523474937682295,36.77040435562773,False,False,False,-3.0566727598684285,3.0566727598684285,0.03603917112299465,False,VERY_LOW,POINT_BELOW_LIMIT
C09115,L5,ASIC,125.25,1.184,11.8032,12.165,12.9924,14.1371,1.2734,1.227,1.3831,1.532,Normal,50.0,batch_5,0.3617999999999988,14.732091007855349,-3.6531111699585175,33.11729318566921,36.77040435562773,False,False,False,-0.5949910078553486,0.5949910078553486,0.04442995925642985,False,VERY_LOW,POINT_BELOW_LIMIT
C09116,L5,ADC,125.64,1.788,12.0814,12.5382,13.6051,14.0402,1.2795,1.3049,1.4434,1.4962,Normal,50.0,batch_5,0.45679999999999943,18.11545371666667,-0.269748461147195,36.50065589448054,36.77040435562773,False,False,False,-4.075253716666671,4.075253716666671,0.043406175695649384,False,VERY_LOW,POINT_BELOW_LIMIT
C09117,L5,FPGA,124.98,1.096,12.2989,12.5109,12.6239,12.6618,1.2943,1.3233,1.3498,1.3618,High_Stable,50.0,batch_5,0.21199999999999974,13.72020923869047,-4.664992939123396,32.10541141650434,36.77040435562773,False,False,False,-1.058409238690471,1.058409238690471,0.004314285714285714,False,VERY_LOW,POINT_BELOW_LIMIT
C09118,L5,DAC,124.92,1.793,11.5279,12.699,13.8446,26.5251,1.1807,1.3257,1.4445,3.11,Sudden_Anomaly,50.0,batch_5,1.1710999999999991,20.10081114285716,1.7156089650432946,38.48601332067103,36.77040435562773,False,False,False,6.424288857142837,6.424288857142837,0.189136249873203,False,LOW,POINT_BELOW_LIMIT
C09119,L5,FPGA,125.9,1.095,11.7357,13.2012,15.7081,38.1872,1.2217,1.3834,1.726,4.7718,Sudden_Anomaly,50.0,batch_5,1.4655000000000005,30.627787997122997,12.24258581930913,49.01299017493686,36.77040435562773,False,False,False,7.559412002877,7.559412002877,0.5537728336308626,True,MEDIUM,POINT_BELOW_LIMIT
C09120,L5,ASIC,126.12,1.204,11.6947,13.0279,14.3387,40.4963,1.2745,1.3639,1.5314,5.1351,Sudden_Anomaly,50.0,batch_5,1.3332000000000015,28.462489684920648,10.077287507106782,46.847691862734514,36.77040435562773,False,False,False,12.03381031507935,12.03381031507935,0.33724451427077295,False,LOW,POINT_BELOW_LIMIT
C09121,L5,FPGA,125.49,1.111,11.7208,12.6359,15.7038,19.8018,1.2027,1.3239,1.6914,2.1627,Latent_Defect,50.0,batch_5,0.9150999999999989,16.003797303075388,-2.381404874738479,34.388999480889254,36.77040435562773,False,False,False,3.7980026969246126,3.7980026969246126,0.055970091226283165,False,VERY_LOW,POINT_BELOW_LIMIT
C09122,L5,DAC,124.53,1.808,11.7855,12.9288,13.1144,14.4982,1.1802,1.3704,1.365,1.5154,Normal,50.0,batch_5,1.1433,20.90445316230159,2.519250984487723,39.28965534011546,36.77040435562773,False,False,False,-6.406253162301589,6.406253162301589,0.19571518821474063,False,LOW,POINT_BELOW_LIMIT
C09123,L5,ADC,126.09,1.809,11.4079,11.8442,12.0649,13.2136,1.1649,1.2247,1.2328,1.3977,Normal,50.0,batch_5,0.436300000000001,17.527699765376994,-0.8575024124368724,35.91290194319086,36.77040435562773,False,False,False,-4.314099765376994,4.314099765376994,0.24056638189330848,False,LOW,POINT_BELOW_LIMIT
C09124,L5,ADC,124.81,1.816,10.943,11.8677,12.5728,13.0782,1.1339,1.2358,1.3619,1.4405,Normal,50.0,batch_5,0.9246999999999996,19.701464452660534,1.3162622748466681,38.0866666304744,36.77040435562773,False,False,False,-6.623264452660534,6.623264452660534,0.3107401874178866,False,LOW,POINT_BELOW_LIMIT
C09125,L5,ASIC,126.37,1.178,11.2707,11.4716,11.4641,11.33,1.197,1.1826,1.188,1.1962,High_Stable,50.0,batch_5,0.20090000000000074,13.920658218749995,-4.464543959063871,32.30586039656386,36.77040435562773,False,False,False,-2.5906582187499954,2.5906582187499954,0.028239321789321793,False,VERY_LOW,POINT_BELOW_LIMIT
C09126,L5,ASIC,126.5,1.207,11.8441,12.8516,14.0388,14.8309,1.2757,1.3605,1.486,1.6072,Normal,50.0,batch_5,1.0075000000000003,18.43082483402778,0.045622656213915036,36.81602701184165,36.77040435562773,False,False,False,-3.5999248340277816,3.5999248340277816,0.09430943529180374,False,VERY_LOW,POINT_BELOW_LIMIT
C09127,L5,ASIC,123.62,1.219,11.7702,12.7422,13.5818,13.7346,1.239,1.3622,1.3993,1.4156,Normal,50.0,batch_5,0.9719999999999995,18.06419418539376,-0.3210079924201068,36.449396363207626,36.77040435562773,False,False,False,-4.329594185393759,4.329594185393759,0.21595686564934438,False,LOW,POINT_BELOW_LIMIT
C09128,L5,ASIC,125.16,1.204,11.2214,11.903,12.3884,12.9105,1.1813,1.2816,1.2991,1.4235,Normal,50.0,batch_5,0.6816000000000013,17.155865757396167,-1.2293364204176989,35.54106793521004,36.77040435562773,False,False,False,-4.245365757396167,4.245365757396167,0.04468299347539286,False,VERY_LOW,POINT_BELOW_LIMIT
C09129,L5,ASIC,124.97,1.19,11.177,12.4102,16.3292,23.1047,1.1519,1.3214,1.7529,2.6508,Latent_Defect,50.0,batch_5,1.2332,20.76590593144842,2.3807037536345526,39.15110810926228,36.77040435562773,False,False,False,2.3387940685515822,2.3387940685515822,0.2619943759724689,False,LOW,POINT_BELOW_LIMIT
C09130,L5,ADC,126.59,1.805,11.9043,12.4162,12.9586,13.633,1.2482,1.2868,1.3192,1.4861,Normal,50.0,batch_5,0.5119000000000007,16.494906497161182,-1.8902956806526845,34.88010867497505,36.77040435562773,False,False,False,-2.8619064971611827,2.8619064971611827,0.13624983535556293,False,VERY_LOW,POINT_BELOW_LIMIT
C09131,L5,FPGA,124.58,1.075,11.781,11.8371,12.1072,12.2722,1.2067,1.1967,1.2834,1.2526,High_Stable,50.0,batch_5,0.05609999999999893,12.570286146239177,-5.81491603157469,30.955488324053043,36.77040435562773,False,False,False,-0.29808614623917684,0.29808614623917684,0.021995609945609944,False,VERY_LOW,POINT_BELOW_LIMIT
C09132,L5,ADC,126.47,1.813,12.3307,13.0381,13.559,15.1034,1.3216,1.3134,1.4643,1.6282,Normal,50.0,batch_5,0.7073999999999998,18.182989793154746,-0.20221238465911995,36.56819197096861,36.77040435562773,False,False,False,-3.079589793154746,3.079589793154746,0.11256456450464988,False,VERY_LOW,POINT_BELOW_LIMIT
C09133,L5,ADC,125.65,1.805,11.4621,12.55,13.4407,14.4875,1.1775,1.321,1.4703,1.5276,Normal,50.0,batch_5,1.0879000000000012,19.01176653630953,0.6265643584956635,37.396968714123396,36.77040435562773,False,False,False,-4.524266536309529,4.524266536309529,0.18542911601268705,False,LOW,POINT_BELOW_LIMIT
C09134,L5,DAC,124.97,1.791,11.9564,12.9868,13.6694,14.6914,1.3223,1.3623,1.4854,1.5999,Normal,50.0,batch_5,1.0304000000000002,18.25734457708333,-0.1278576007305361,36.6425467548972,36.77040435562773,False,False,False,-3.5659445770833305,3.5659445770833305,0.09300275118070785,False,VERY_LOW,POINT_BELOW_LIMIT
C09135,L5,FPGA,124.12,1.079,10.9616,11.3349,13.0558,26.814,1.1071,1.1678,1.3689,3.1072,Sudden_Anomaly,50.0,batch_5,0.37329999999999863,15.651315285615073,-2.733886892198793,34.036517463428936,36.77040435562773,False,False,False,11.162684714384927,11.162684714384927,0.0955368137722093,False,VERY_LOW,POINT_BELOW_LIMIT
C09136,L5,ASIC,125.55,1.19,11.5224,12.324,13.1199,13.4114,1.2132,1.3076,1.3889,1.4099,Normal,50.0,batch_5,0.8016000000000005,16.873582912797616,-1.5116192650162503,35.25878509061148,36.77040435562773,False,False,False,-3.4621829127976156,3.4621829127976156,0.08181307854143988,False,VERY_LOW,POINT_BELOW_LIMIT
C09137,L5,FPGA,124.48,1.097,11.5429,12.4724,12.9033,13.521,1.2477,1.2736,1.3805,1.4343,Normal,50.0,batch_5,0.9295000000000009,17.660429735042015,-0.7247724427718509,36.04563191285588,36.77040435562773,False,False,False,-4.139429735042015,4.139429735042015,0.1093453288541524,False,VERY_LOW,POINT_BELOW_LIMIT
C09138,L5,FPGA,125.25,1.079,11.4778,13.1437,15.2844,23.0424,1.1883,1.4066,1.677,2.5885,Latent_Defect,50.0,batch_5,1.6659000000000006,27.99799355982142,9.612791382007554,46.38319573763529,36.77040435562773,False,False,False,-4.95559355982142,4.95559355982142,0.30525558138411135,False,LOW,POINT_BELOW_LIMIT
C09139,L5,ADC,125.58,1.833,11.8339,14.2671,24.0429,61.6395,1.2688,1.526,2.7618,8.9032,Absolute_Failure,50.0,batch_5,2.4331999999999994,53.67249278733763,35.287290609523765,72.0576949651515,36.77040435562773,True,True,True,7.9670072126623666,7.9670072126623666,0.9808191807893557,True,HIGH,POINT_ABOVE_LIMIT
C09140,L5,ASIC,125.67,1.174,11.2346,11.9167,13.805,35.9857,1.1962,1.227,1.4397,4.4472,Sudden_Anomaly,50.0,batch_5,0.6821000000000002,16.939555268744165,-1.4456469090697013,35.32475744655803,36.77040435562773,False,False,False,19.046144731255836,19.046144731255836,0.08147769658217029,False,VERY_LOW,POINT_BELOW_LIMIT
C09141,L5,FPGA,125.28,1.079,11.7361,12.1045,12.9119,13.0521,1.1943,1.3096,1.3417,1.3813,Normal,50.0,batch_5,0.3683999999999994,15.433005057380122,-2.9521971204337447,33.81820723519399,36.77040435562773,False,False,False,-2.3809050573801223,2.3809050573801223,0.20012216034176816,False,LOW,POINT_BELOW_LIMIT
C09142,L5,ADC,124.57,1.806,11.9685,12.6052,13.0881,13.4496,1.2249,1.3242,1.3564,1.4356,Normal,50.0,batch_5,0.6366999999999994,18.48437301493505,0.09917083712118213,36.86957519274891,36.77040435562773,False,False,False,-5.034773014935048,5.034773014935048,0.18498860041747034,False,LOW,POINT_BELOW_LIMIT
C09143,L5,ASIC,122.98,1.215,11.5218,12.4286,12.7745,13.9356,1.18,1.305,1.3435,1.5217,Normal,50.0,batch_5,0.9067999999999987,23.26091708387445,4.875714906060583,41.64611926168831,36.77040435562773,False,False,False,-9.325317083874449,9.325317083874449,0.2403647964422958,False,LOW,POINT_BELOW_LIMIT
C09144,L5,ADC,124.82,1.832,11.6166,12.8392,13.4289,14.1116,1.1978,1.344,1.4371,1.5109,Normal,50.0,batch_5,1.2226,22.62527523412699,4.240073056313122,41.010477411940855,36.77040435562773,False,False,False,-8.513675234126989,8.513675234126989,0.2803357112357886,False,LOW,POINT_BELOW_LIMIT
C09145,L5,ASIC,124.39,1.21,10.5784,11.888,12.8064,14.0268,1.0818,1.2968,1.3585,1.5435,Normal,50.0,batch_5,1.3095999999999997,30.583923668551556,12.19872149073769,48.96912584636542,36.77040435562773,False,False,False,-16.557123668551554,16.557123668551554,0.5627792273790132,True,MEDIUM,POINT_BELOW_LIMIT
C09146,L5,FPGA,125.71,1.11,10.7789,11.3871,12.3737,12.937,1.187,1.1939,1.2949,1.3849,Normal,50.0,batch_5,0.6082000000000001,14.09241726359128,-4.292784914222587,32.477619441405146,36.77040435562773,False,False,False,-1.1554172635912803,1.1554172635912803,0.018204884004884004,False,VERY_LOW,POINT_BELOW_LIMIT
C09147,L5,ASIC,125.31,1.209,11.2564,11.9256,12.0605,13.6723,1.1803,1.268,1.2938,1.4614,Normal,50.0,batch_5,0.6692,16.801053167063504,-1.5841490107503624,35.18625534487737,36.77040435562773,False,False,False,-3.128753167063504,3.128753167063504,0.024827707913002033,False,VERY_LOW,POINT_BELOW_LIMIT
C09148,L5,ADC,123.44,1.801,11.8912,12.757,13.7377,15.2742,1.2306,1.3496,1.4206,1.644,Normal,50.0,batch_5,0.8658000000000001,18.047210847222214,-0.33799133059165243,36.432413025036084,36.77040435562773,False,False,False,-2.7730108472222135,2.7730108472222135,0.1814607104419488,False,LOW,POINT_BELOW_LIMIT
C09149,L5,FPGA,126.01,1.08,11.4445,12.5875,14.7273,40.2012,1.2029,1.2674,1.5455,5.1401,Sudden_Anomaly,50.0,batch_5,1.1430000000000007,20.34439907936508,1.9591969015512127,38.72960125717894,36.77040435562773,False,False,False,19.85680092063492,19.85680092063492,0.22419269126724364,False,LOW,POINT_BELOW_LIMIT
C09150,L5,ASIC,124.94,1.184,11.5159,13.4646,21.036,55.1073,1.196,1.4383,2.3571,7.6289,Absolute_Failure,50.0,batch_5,1.9487000000000005,34.644272175063136,16.25906999724927,53.029474352877,36.77040435562773,False,True,True,20.463027824936866,20.463027824936866,0.74480017370052,True,MEDIUM,POINT_BELOW_LIMIT
C09151,L5,DAC,125.35,1.794,12.5096,13.5328,14.9197,15.8016,1.3489,1.4031,1.5447,1.6357,Normal,50.0,batch_5,1.0231999999999992,19.618283606910328,1.2330814290964618,38.00348578472419,36.77040435562773,False,False,False,-3.8166836069103276,3.8166836069103276,0.10860587799999563,False,VERY_LOW,POINT_BELOW_LIMIT
C09152,L5,ASIC,123.92,1.208,11.5935,11.708,11.7629,12.2904,1.2144,1.2216,1.2334,1.2932,High_Stable,50.0,batch_5,0.1144999999999996,13.437242213789675,-4.947959964024191,31.82244439160354,36.77040435562773,False,False,False,-1.1468422137896752,1.1468422137896752,0.015257575757575758,False,VERY_LOW,POINT_BELOW_LIMIT
C09153,L5,ASIC,123.3,1.2,11.0223,11.5031,12.6676,13.6369,1.1418,1.2097,1.308,1.435,Normal,50.0,batch_5,0.48080000000000034,15.064283337805245,-3.3209188400086216,33.44948551561911,36.77040435562773,False,False,False,-1.427383337805244,1.427383337805244,0.03802840492840493,False,VERY_LOW,POINT_BELOW_LIMIT
C09154,L5,DAC,125.07,1.773,12.162,12.4395,13.4537,14.4879,1.2562,1.3507,1.4081,1.5792,Normal,50.0,batch_5,0.27749999999999986,14.33312271289683,-4.0520794649170355,32.7183248907107,36.77040435562773,False,False,False,0.15477728710316896,0.15477728710316896,0.021298107448107444,False,VERY_LOW,POINT_BELOW_LIMIT
C09155,L5,DAC,124.67,1.782,11.9109,12.8692,13.183,13.7808,1.1903,1.3211,1.4143,1.4513,Normal,50.0,batch_5,0.9582999999999995,17.57403764771825,-0.811164530095617,35.959239825532116,36.77040435562773,False,False,False,-3.79323764771825,3.79323764771825,0.1152048399115131,False,VERY_LOW,POINT_BELOW_LIMIT
C09156,L5,DAC,125.53,1.814,12.3072,13.7365,14.1628,14.7531,1.3185,1.477,1.4629,1.5736,Normal,50.0,batch_5,1.4292999999999996,23.493526011647717,5.10832383383385,41.87872818946158,36.77040435562773,False,False,False,-8.740426011647717,8.740426011647717,0.3357958979027047,False,LOW,POINT_BELOW_LIMIT
C09157,L5,ASIC,124.58,1.201,11.7682,12.2191,12.8989,13.6301,1.2564,1.2675,1.3946,1.4364,Normal,50.0,batch_5,0.45089999999999897,14.755367977281734,-3.629834200532132,33.1405701550956,36.77040435562773,False,False,False,-1.1252679772817338,1.1252679772817338,0.012424603174603175,False,VERY_LOW,POINT_BELOW_LIMIT
C09158,L5,ADC,125.46,1.79,11.8631,12.7946,13.4865,15.3177,1.2275,1.3788,1.4414,1.6239,Normal,50.0,batch_5,0.9315000000000015,18.067857721924614,-0.317344455889252,36.45305989973848,36.77040435562773,False,False,False,-2.750157721924614,2.750157721924614,0.14910511560163256,False,VERY_LOW,POINT_BELOW_LIMIT
C09159,L5,ADC,124.11,1.829,11.5136,12.2066,13.4952,13.763,1.2131,1.2613,1.4265,1.4911,Normal,50.0,batch_5,0.6929999999999996,19.43668247579365,1.0514802979797828,37.82188465360751,36.77040435562773,False,False,False,-5.673682475793649,5.673682475793649,0.03022814962814963,False,VERY_LOW,POINT_BELOW_LIMIT
C09160,L5,DAC,126.51,1.811,11.9056,12.94,13.9781,33.8087,1.2006,1.3199,1.4629,4.1116,Sudden_Anomaly,50.0,batch_5,1.0343999999999998,18.735099084226167,0.349896906412301,37.12030126204003,36.77040435562773,False,False,False,15.073600915773834,15.073600915773834,0.13281913592943004,False,VERY_LOW,POINT_BELOW_LIMIT
C09161,L5,FPGA,125.11,1.117,11.3275,12.0618,13.2404,14.1308,1.1276,1.2625,1.3901,1.5547,Normal,50.0,batch_5,0.7342999999999993,17.252564507117526,-1.1326376706963401,35.63776668493139,36.77040435562773,False,False,False,-3.1217645071175255,3.1217645071175255,0.11854848962253048,False,VERY_LOW,POINT_BELOW_LIMIT
C09162,L5,ADC,125.27,1.817,11.9962,12.9101,13.5655,14.2778,1.2929,1.34,1.4353,1.4522,Normal,50.0,batch_5,0.9138999999999999,18.22148823402779,-0.16371394378607462,36.606690411841655,36.77040435562773,False,False,False,-3.9436882340277926,3.9436882340277926,0.19868107520573525,False,LOW,POINT_BELOW_LIMIT
C09163,L5,ADC,125.14,1.812,11.7174,11.9228,12.8966,13.1762,1.2347,1.2501,1.3661,1.4079,Normal,50.0,batch_5,0.20540000000000092,13.793874981746033,-4.591327196067834,32.179077159559895,36.77040435562773,False,False,False,-0.617674981746033,0.617674981746033,0.006955555555555555,False,VERY_LOW,POINT_BELOW_LIMIT
C09164,L5,FPGA,125.35,1.101,11.7127,11.8891,11.9121,12.5172,1.2388,1.2354,1.2509,1.3179,High_Stable,50.0,batch_5,0.17639999999999922,12.963961498115076,-5.421240679698791,31.349163675928942,36.77040435562773,False,False,False,-0.44676149811507493,0.44676149811507493,0.01165079365079365,False,VERY_LOW,POINT_BELOW_LIMIT
C09165,L5,ADC,124.83,1.818,11.5656,13.4106,16.2411,23.064,1.2185,1.4341,1.7438,2.6031,Latent_Defect,50.0,batch_5,1.8450000000000006,40.696141424107125,22.31093924629326,59.08134360192099,36.77040435562773,False,True,False,-17.632141424107125,17.632141424107125,0.8448807591258427,True,HIGH,POINT_BELOW_LIMIT
C09166,L5,DAC,125.6,1.787,12.1184,12.6481,13.5514,14.2962,1.2521,1.3209,1.4346,1.5141,Normal,50.0,batch_5,0.5297000000000001,15.962069135831532,-2.423133041982334,34.3472713136454,36.77040435562773,False,False,False,-1.6658691358315316,1.6658691358315316,0.016805916305916307,False,VERY_LOW,POINT_BELOW_LIMIT
C09167,L5,DAC,123.71,1.789,11.5881,12.5886,13.0654,13.7144,1.2495,1.2928,1.3929,1.4823,Normal,50.0,batch_5,1.0004999999999988,19.060790796868528,0.6755886190546612,37.4459929746824,36.77040435562773,False,False,False,-5.346390796868528,5.346390796868528,0.18239870308906167,False,LOW,POINT_BELOW_LIMIT
C09168,L5,DAC,124.06,1.819,12.032,12.5334,13.0988,13.048,1.2634,1.2999,1.4174,1.3901,Normal,50.0,batch_5,0.5014000000000003,16.276794087653307,-2.108408090160559,34.661996265467174,36.77040435562773,False,False,False,-3.2287940876533074,3.2287940876533074,0.08883532844864118,False,VERY_LOW,POINT_BELOW_LIMIT
C09169,L5,DAC,126.47,1.778,12.2849,12.4744,12.6453,13.0749,1.2578,1.3113,1.299,1.3759,High_Stable,50.0,batch_5,0.1894999999999989,14.189720890674606,-4.195481287139261,32.574923068488474,36.77040435562773,False,False,False,-1.114820890674606,1.114820890674606,0.0512885336885337,False,VERY_LOW,POINT_BELOW_LIMIT
C09170,L5,FPGA,125.19,1.088,11.4307,11.7695,12.1651,11.9567,1.1763,1.2406,1.2336,1.2568,Normal,50.0,batch_5,0.3388000000000009,14.836066120238101,-3.5491360575757653,33.22126829805197,36.77040435562773,False,False,False,-2.8793661202381013,2.8793661202381013,0.052670240870240866,False,VERY_LOW,POINT_BELOW_LIMIT
C09171,L5,DAC,125.22,1.798,12.0371,12.8169,14.341,15.2582,1.277,1.3527,1.5546,1.6798,Normal,50.0,batch_5,0.7797999999999998,17.110133985515887,-1.2750681922979794,35.49533616332975,36.77040435562773,False,False,False,-1.8519339855158865,1.8519339855158865,0.01749844077491136,False,VERY_LOW,POINT_BELOW_LIMIT
C09172,L5,ADC,124.13,1.771,11.7436,12.0718,12.9968,14.1507,1.2402,1.2506,1.3909,1.5406,Normal,50.0,batch_5,0.32819999999999894,13.554812221146614,-4.830389956667252,31.94001439896048,36.77040435562773,False,False,False,0.5958877788533865,0.5958877788533865,0.029161022311022307,False,VERY_LOW,POINT_BELOW_LIMIT
C09173,L5,DAC,127.11,1.812,11.9077,12.28,12.5447,12.8726,1.2417,1.2779,1.3081,1.3452,High_Stable,50.0,batch_5,0.3722999999999992,17.566228030952374,-0.8189741468614926,35.95143020876624,36.77040435562773,False,False,False,-4.6936280309523735,4.6936280309523735,0.18022155339799364,False,LOW,POINT_BELOW_LIMIT
C09174,L5,ASIC,123.9,1.231,11.3132,12.241,13.1777,13.7389,1.1866,1.2932,1.3781,1.4424,Normal,50.0,batch_5,0.9277999999999995,18.319277799275024,-0.06592437853884192,36.704479977088894,36.77040435562773,False,False,False,-4.580377799275025,4.580377799275025,0.10144262873386911,False,VERY_LOW,POINT_BELOW_LIMIT
C09175,L5,ASIC,125.48,1.21,11.2995,12.2849,13.0039,13.4991,1.1811,1.3164,1.334,1.3645,Normal,50.0,batch_5,0.9854000000000003,17.428822523908725,-0.9563796539051417,35.81402470172259,36.77040435562773,False,False,False,-3.9297225239087243,3.9297225239087243,0.09722535447982814,False,VERY_LOW,POINT_BELOW_LIMIT
C09176,L5,FPGA,125.34,1.116,11.173,12.0689,12.4502,13.0991,1.1523,1.2917,1.2996,1.3923,Normal,50.0,batch_5,0.8958999999999993,18.582892199305558,0.19769002149169168,36.96809437711943,36.77040435562773,False,False,False,-5.483792199305558,5.483792199305558,0.33918739515194646,False,LOW,POINT_BELOW_LIMIT
C09177,L5,DAC,126.81,1.792,12.0558,13.0176,15.7131,40.8976,1.2528,1.3795,1.6416,5.1635,Sudden_Anomaly,50.0,batch_5,0.9618000000000002,21.880408668181836,3.49520649036797,40.2656108459957,36.77040435562773,False,False,False,19.01719133181816,19.01719133181816,0.27026182663794496,False,LOW,POINT_BELOW_LIMIT
C09178,L5,DAC,125.99,1.789,12.2962,13.2838,13.7115,14.1867,1.2607,1.4239,1.4576,1.4906,Normal,50.0,batch_5,0.9875999999999987,20.716296329166656,2.33109415135279,39.10149850698052,36.77040435562773,False,False,False,-6.529596329166656,6.529596329166656,0.21749878089873495,False,LOW,POINT_BELOW_LIMIT
C09179,L5,ASIC,125.1,1.223,12.1166,12.1799,12.3508,12.2729,1.2779,1.246,1.3294,1.2756,High_Stable,50.0,batch_5,0.06329999999999991,12.433446031195892,-5.951756146617974,30.81864820900976,36.77040435562773,False,False,False,-0.16054603119589217,0.16054603119589217,0.0013333333333333333,False,VERY_LOW,POINT_BELOW_LIMIT
C09180,L5,DAC,125.94,1.813,12.6377,14.5229,17.5649,21.2734,1.2937,1.542,1.8924,2.4048,Latent_Defect,50.0,batch_5,1.8851999999999993,40.584217100261526,22.19901492244766,58.96941927807539,36.77040435562773,False,True,False,-19.310817100261527,19.310817100261527,0.8257386322487587,True,HIGH,POINT_BELOW_LIMIT
C09181,L5,ASIC,125.26,1.219,11.4924,12.8859,13.0086,13.3536,1.202,1.3404,1.3974,1.4128,Normal,50.0,batch_5,1.3934999999999995,33.976691599702384,15.591489421888518,52.36189377751625,36.77040435562773,False,True,False,-20.623091599702384,20.623091599702384,0.6908308427057747,True,MEDIUM,POINT_BELOW_LIMIT
C09182,L5,FPGA,125.03,1.084,11.7271,13.3726,19.7801,51.9921,1.2183,1.4129,2.1989,7.1347,Absolute_Failure,50.0,batch_5,1.6455000000000002,31.012676063266635,12.627473885452769,49.397878241080505,36.77040435562773,False,False,True,20.979423936733365,20.979423936733365,0.5767471028658584,True,MEDIUM,POINT_BELOW_LIMIT
C09183,L5,ADC,124.69,1.797,11.9978,13.3498,14.4185,14.5735,1.3141,1.4259,1.5243,1.5241,Normal,50.0,batch_5,1.3520000000000003,31.855012046185067,13.4698098683712,50.24021422399893,36.77040435562773,False,True,False,-17.281512046185068,17.281512046185068,0.5447914318373331,True,MEDIUM,POINT_BELOW_LIMIT
C09184,L5,ASIC,125.24,1.22,11.2131,11.4105,11.2742,11.5958,1.122,1.1925,1.141,1.2202,High_Stable,50.0,batch_5,0.19740000000000002,14.998864343344152,-3.386337834469714,33.38406652115802,36.77040435562773,False,False,False,-3.403064343344152,3.403064343344152,0.06433248497288746,False,VERY_LOW,POINT_BELOW_LIMIT
C09185,L5,ADC,124.34,1.789,11.533,12.1174,12.4859,13.9233,1.1902,1.3289,1.3406,1.463,Normal,50.0,batch_5,0.5844000000000005,17.71921888030304,-0.6659832975108273,36.104421058116905,36.77040435562773,False,False,False,-3.7959188803030397,3.7959188803030397,0.1333447390500796,False,VERY_LOW,POINT_BELOW_LIMIT
C09186,L5,ASIC,125.55,1.232,11.9979,13.828,16.5743,21.6749,1.2117,1.4459,1.8078,2.4638,Latent_Defect,50.0,batch_5,1.8300999999999998,38.863561858008644,20.478359680194778,57.24876403582251,36.77040435562773,False,True,False,-17.188661858008643,17.188661858008643,0.8105710302983027,True,HIGH,POINT_BELOW_LIMIT
C09187,L5,ASIC,124.55,1.22,11.6966,12.7675,14.4477,29.8783,1.2699,1.3512,1.5221,3.5777,Sudden_Anomaly,50.0,batch_5,1.0709,17.34994192172618,-1.0352602560876853,35.73514409954005,36.77040435562773,False,False,False,12.528358078273818,12.528358078273818,0.09122928008523984,False,VERY_LOW,POINT_BELOW_LIMIT
C09188,L5,DAC,125.52,1.813,11.4155,12.1949,12.1152,12.8433,1.2096,1.3038,1.2743,1.3276,Normal,50.0,batch_5,0.7794000000000008,19.104074392261918,0.7188722144480515,37.48927657007579,36.77040435562773,False,False,False,-6.260774392261919,6.260774392261919,0.08013918275604234,False,VERY_LOW,POINT_BELOW_LIMIT
C09189,L5,FPGA,126.1,1.112,11.5286,12.3203,13.1924,13.8901,1.1775,1.2782,1.3882,1.4818,Normal,50.0,batch_5,0.7916999999999987,17.339728147248355,-1.0454740305655115,35.72493032506222,36.77040435562773,False,False,False,-3.4496281472483545,3.4496281472483545,0.09451403698640538,False,VERY_LOW,POINT_BELOW_LIMIT
C09190,L5,DAC,125.5,1.81,11.9048,12.8371,13.4347,14.3715,1.2538,1.3634,1.3931,1.5654,Normal,50.0,batch_5,0.9322999999999997,15.994003225892866,-2.391198951921,34.379205403706735,36.77040435562773,False,False,False,-1.622503225892867,1.622503225892867,0.02614428349428349,False,VERY_LOW,POINT_BELOW_LIMIT
C09191,L5,DAC,125.43,1.795,11.4792,11.8389,12.4263,13.4966,1.1972,1.2253,1.2982,1.4474,Normal,50.0,batch_5,0.35970000000000013,14.301941978273803,-4.083260199540064,32.68714415608767,36.77040435562773,False,False,False,-0.8053419782738018,0.8053419782738018,0.030839688089688084,False,VERY_LOW,POINT_BELOW_LIMIT
C09192,L5,FPGA,125.23,1.092,11.7365,12.605,12.7859,13.7612,1.2196,1.3204,1.371,1.4271,Normal,50.0,batch_5,0.8685000000000009,20.112929486309532,1.7277273084956661,38.4981316641234,36.77040435562773,False,False,False,-6.351729486309532,6.351729486309532,0.308712394138743,False,LOW,POINT_BELOW_LIMIT
C09193,L5,ASIC,123.63,1.194,11.7864,12.4394,14.2565,39.5467,1.2101,1.2933,1.5074,5.0525,Sudden_Anomaly,50.0,batch_5,0.6529999999999987,17.14617331674831,-1.239028861065556,35.53137549456218,36.77040435562773,False,False,False,22.40052668325169,22.40052668325169,0.16319598459774604,False,LOW,POINT_BELOW_LIMIT
C09194,L5,ASIC,125.92,1.21,11.8555,12.3282,12.8851,14.4846,1.2499,1.2517,1.3374,1.531,Normal,50.0,batch_5,0.47270000000000145,16.890120875892862,-1.4950813019210045,35.27532305370673,36.77040435562773,False,False,False,-2.4055208758928615,2.4055208758928615,0.05550071317571319,False,VERY_LOW,POINT_BELOW_LIMIT
C09195,L5,DAC,124.68,1.816,11.9325,12.2403,12.4462,12.2904,1.2214,1.251,1.2917,1.3218,High_Stable,50.0,batch_5,0.3078000000000003,16.00374659374999,-2.3814555840638754,34.38894877156386,36.77040435562773,False,False,False,-3.713346593749991,3.713346593749991,0.040965342990343,False,VERY_LOW,POINT_BELOW_LIMIT
C09196,L5,DAC,125.31,1.798,11.9899,12.1643,12.3489,12.7862,1.2625,1.2706,1.297,1.3259,High_Stable,50.0,batch_5,0.17440000000000033,13.536438611607139,-4.848763566206728,31.921640789421005,36.77040435562773,False,False,False,-0.7502386116071396,0.7502386116071396,0.01728333333333333,False,VERY_LOW,POINT_BELOW_LIMIT
C09197,L5,FPGA,125.95,1.129,11.1426,11.3402,11.7359,12.0735,1.1726,1.1536,1.232,1.2466,High_Stable,50.0,batch_5,0.19759999999999955,13.69001749806998,-4.695184679743887,32.075219675883844,36.77040435562773,False,False,False,-1.61651749806998,1.61651749806998,0.02191137483206449,False,VERY_LOW,POINT_BELOW_LIMIT
C09198,L5,FPGA,125.28,1.092,11.3438,12.1818,19.0596,61.8443,1.1854,1.2834,2.1012,8.9458,Absolute_Failure,50.0,batch_5,0.838000000000001,14.835958509929647,-3.5492436678842196,33.22116068774351,36.77040435562773,False,False,True,47.00834149007035,47.00834149007035,0.047038888888888894,False,VERY_LOW,POINT_BELOW_LIMIT
C09199,L5,ADC,124.5,1.771,11.924,13.1255,13.7868,14.3118,1.2443,1.3865,1.4753,1.5601,Normal,50.0,batch_5,1.2015000000000011,20.55288741718975,2.167685239375885,38.93808959500362,36.77040435562773,False,False,False,-6.2410874171897515,6.2410874171897515,0.12624792021703785,False,VERY_LOW,POINT_BELOW_LIMIT
C09200,L5,DAC,124.18,1.793,11.6401,11.9825,12.6012,13.52,1.2213,1.2599,1.373,1.4558,Normal,50.0,batch_5,0.3423999999999996,15.79481854146827,-2.590383636345596,34.18002071928214,36.77040435562773,False,False,False,-2.274818541468271,2.274818541468271,0.060025677100677105,False,VERY_LOW,POINT_BELOW_LIMIT
C09201,L5,DAC,125.52,1.797,11.7192,12.0339,12.6202,13.4947,1.2126,1.2814,1.3577,1.3992,Normal,50.0,batch_5,0.3146999999999984,16.48149529523811,-1.903706882575758,34.86669747305197,36.77040435562773,False,False,False,-2.9867952952381085,2.9867952952381085,0.09152619095521028,False,VERY_LOW,POINT_BELOW_LIMIT
C09202,L5,ASIC,124.25,1.178,11.7418,12.2549,13.0115,13.404,1.2674,1.3233,1.3549,1.4326,Normal,50.0,batch_5,0.5130999999999997,16.126282340376985,-2.2589198374368813,34.511484518190855,36.77040435562773,False,False,False,-2.722282340376985,2.722282340376985,0.11237150238971479,False,VERY_LOW,POINT_BELOW_LIMIT
C09203,L5,ADC,125.21,1.791,12.1886,12.724,13.8665,14.2864,1.259,1.3324,1.4575,1.5602,Normal,50.0,batch_5,0.535400000000001,18.69338307678571,0.30818089897184464,37.078585254599574,36.77040435562773,False,False,False,-4.4069830767857106,4.4069830767857106,0.05184789654789656,False,VERY_LOW,POINT_BELOW_LIMIT
C09204,L5,ASIC,125.57,1.196,11.3858,13.2268,16.4315,22.0753,1.2102,1.4415,1.7725,2.4591,Latent_Defect,50.0,batch_5,1.841000000000001,35.363253795634904,16.978051617821038,53.74845597344877,36.77040435562773,False,True,False,-13.287953795634905,13.287953795634905,0.7090224774914742,True,MEDIUM,POINT_BELOW_LIMIT
C09205,L5,FPGA,124.5,1.074,12.2322,13.2326,16.9503,22.5876,1.322,1.3932,1.8426,2.5261,Latent_Defect,50.0,batch_5,1.000399999999999,21.32210129474207,2.9368991169282026,39.707303472555935,36.77040435562773,False,False,False,1.2654987052579294,1.2654987052579294,0.10499558322654297,False,VERY_LOW,POINT_BELOW_LIMIT
C09206,L5,FPGA,123.94,1.06,12.3616,13.4258,14.6524,16.1651,1.2978,1.3715,1.5888,1.7256,Normal,50.0,batch_5,1.0642000000000014,20.737777559167235,2.3525753813533683,39.1229797369811,36.77040435562773,False,False,False,-4.572677559167236,4.572677559167236,0.12925737478895374,False,VERY_LOW,POINT_BELOW_LIMIT
C09207,L5,ASIC,124.77,1.201,11.8592,12.8209,13.5389,14.2929,1.208,1.3476,1.429,1.5245,Normal,50.0,batch_5,0.9617000000000004,17.70044641954365,-0.6847557582702173,36.08564859735752,36.77040435562773,False,False,False,-3.4075464195436496,3.4075464195436496,0.1791974714140349,False,LOW,POINT_BELOW_LIMIT
C09208,L5,FPGA,125.09,1.085,12.2501,12.3201,12.3443,12.1816,1.3262,1.3462,1.3305,1.2701,High_Stable,50.0,batch_5,0.07000000000000028,13.477565704960302,-4.907636472853564,31.86276788277417,36.77040435562773,False,False,False,-1.2959657049603024,1.2959657049603024,0.00656304347826087,False,VERY_LOW,POINT_BELOW_LIMIT
C09209,L5,ASIC,125.13,1.19,11.4415,12.0334,12.7212,13.2945,1.1634,1.27,1.3578,1.415,Normal,50.0,batch_5,0.5919000000000008,15.799210043843985,-2.5859921339698815,34.18441222165785,36.77040435562773,False,False,False,-2.5047100438439855,2.5047100438439855,0.07067288822288822,False,VERY_LOW,POINT_BELOW_LIMIT
C09210,L5,DAC,126.58,1.803,12.4819,13.481,14.4036,41.5224,1.3579,1.4765,1.5183,5.3207,Sudden_Anomaly,50.0,batch_5,0.9991000000000003,22.451982936885916,4.066780759072049,40.83718511469978,36.77040435562773,False,False,False,19.070417063114082,19.070417063114082,0.29580441608119395,False,LOW,POINT_BELOW_LIMIT
C09211,L5,ASIC,124.85,1.246,12.2917,12.3009,12.0624,12.556,1.2653,1.2645,1.2474,1.2891,High_Stable,50.0,batch_5,0.009199999999999875,12.906482310218262,-5.478719867595604,31.29168448803213,36.77040435562773,False,False,False,-0.35048231021826304,0.35048231021826304,0.004842857142857143,False,VERY_LOW,POINT_BELOW_LIMIT
C09212,L5,FPGA,125.23,1.114,11.0964,13.159,16.4714,24.4374,1.17,1.3979,1.7686,2.8,Latent_Defect,50.0,batch_5,2.0626000000000015,44.745744035058024,26.360541857244158,63.13094621287189,36.77040435562773,False,True,False,-20.308344035058024,20.308344035058024,0.8869528719675995,True,HIGH,POINT_BELOW_LIMIT
C09213,L5,FPGA,126.21,1.108,11.8654,12.9213,13.7983,15.2483,1.2542,1.3694,1.4776,1.6251,Normal,50.0,batch_5,1.0559000000000012,19.0373978689484,0.6521956911345335,37.42260004676227,36.77040435562773,False,False,False,-3.7890978689483994,3.7890978689483994,0.23644715629514387,False,LOW,POINT_BELOW_LIMIT
C09214,L5,ADC,124.9,1.804,12.0989,12.5453,12.6089,13.5888,1.2572,1.3262,1.3095,1.4774,Normal,50.0,batch_5,0.4463999999999988,17.293284947123013,-1.0919172306908536,35.67848712493688,36.77040435562773,False,False,False,-3.704484947123012,3.704484947123012,0.025693736002559534,False,VERY_LOW,POINT_BELOW_LIMIT
C09215,L5,ASIC,122.98,1.215,11.0165,11.5629,12.1384,12.7505,1.1346,1.21,1.2911,1.3514,Normal,50.0,batch_5,0.5464000000000002,14.333360701378478,-4.0518414764353885,32.71856287919235,36.77040435562773,False,False,False,-1.5828607013784772,1.5828607013784772,0.03108770221007063,False,VERY_LOW,POINT_BELOW_LIMIT
C09216,L5,FPGA,125.34,1.102,11.6177,12.1046,13.3436,13.8207,1.1915,1.2615,1.3965,1.4554,Normal,50.0,batch_5,0.48690000000000033,14.331149554121552,-4.054052623692314,32.71635173193542,36.77040435562773,False,False,False,-0.5104495541215517,0.5104495541215517,0.05682401324166031,False,VERY_LOW,POINT_BELOW_LIMIT
C09217,L5,ADC,124.77,1.777,11.581,12.7075,14.4715,32.9801,1.2346,1.3507,1.599,4.0154,Sudden_Anomaly,50.0,batch_5,1.1265,18.627865056547616,0.24266287873374992,37.013067234361486,36.77040435562773,False,False,False,14.352234943452384,14.352234943452384,0.291302277407237,False,LOW,POINT_BELOW_LIMIT
C09218,L5,ASIC,125.32,1.186,11.4311,13.6984,20.4733,53.8721,1.1551,1.419,2.2523,7.4343,Absolute_Failure,50.0,batch_5,2.2672999999999988,48.4413615698413,30.056159392027432,66.82656374765517,36.77040435562774,False,True,True,5.430738430158705,5.430738430158705,0.9120092354318179,True,HIGH,POINT_BELOW_LIMIT
C09219,L5,ASIC,126.23,1.213,11.7496,12.3683,12.9596,14.0166,1.1984,1.2769,1.3775,1.4767,Normal,50.0,batch_5,0.6187000000000005,17.85532645880243,-0.5298757190114358,36.2405286366163,36.77040435562773,False,False,False,-3.83872645880243,3.83872645880243,0.18462877704261801,False,LOW,POINT_BELOW_LIMIT
C09220,L5,DAC,125.75,1.796,12.1931,13.2485,14.081,15.126,1.3016,1.4192,1.4892,1.5908,Normal,50.0,batch_5,1.0554000000000006,22.126508026416563,3.741305848602696,40.511710204230425,36.77040435562773,False,False,False,-7.000508026416563,7.000508026416563,0.3750634720048797,False,LOW,POINT_BELOW_LIMIT
C09221,L5,FPGA,125.94,1.097,11.703,12.1194,12.9883,13.7514,1.2481,1.335,1.4204,1.4583,Normal,50.0,batch_5,0.4164000000000012,17.046165015623295,-1.3390371621905715,35.43136719343716,36.77040435562773,False,False,False,-3.2947650156232946,3.2947650156232946,0.15715056427090948,False,LOW,POINT_BELOW_LIMIT
C09222,L5,ADC,123.68,1.796,12.0841,12.0724,11.7301,11.9833,1.2755,1.2867,1.1924,1.2179,High_Stable,50.0,batch_5,-0.011699999999999378,12.780821481746022,-5.604380696067844,31.16602365955989,36.77040435562773,False,False,False,-0.7975214817460223,0.7975214817460223,0.009674242424242425,False,VERY_LOW,POINT_BELOW_LIMIT
C09223,L5,DAC,125.39,1.789,12.1883,13.9131,17.9519,25.7953,1.2599,1.4605,2.0009,3.0316,Latent_Defect,50.0,batch_5,1.7248,32.11475042162701,13.729548243813142,50.499952599440874,36.77040435562773,False,True,False,-6.319450421627007,6.319450421627007,0.48262794152612415,False,MEDIUM,POINT_BELOW_LIMIT
C09224,L5,ADC,123.34,1.806,11.3012,13.5992,21.8204,55.2581,1.1727,1.4525,2.4255,7.7143,Absolute_Failure,50.0,batch_5,2.298,52.05191105029763,33.66670887248377,70.4371132281115,36.77040435562773,True,True,True,3.2061889497023657,3.2061889497023657,0.9579212268269715,True,HIGH,POINT_ABOVE_LIMIT
C09225,L5,ASIC,124.41,1.203,11.7228,11.7489,12.0703,12.1333,1.2511,1.2512,1.2961,1.29,High_Stable,50.0,batch_5,0.026100000000001344,12.507351064583343,-5.877851113230523,30.89255324239721,36.77040435562773,False,False,False,-0.3740510645833428,0.3740510645833428,0.01162893772893773,False,VERY_LOW,POINT_BELOW_LIMIT
C09226,L5,ASIC,124.55,1.221,10.8749,13.1023,16.2098,19.1937,1.1334,1.369,1.7433,2.1,Latent_Defect,50.0,batch_5,2.2273999999999994,49.37552441626985,30.99032223845598,67.7607265940837,36.770404355627726,False,True,False,-30.181824416269848,30.181824416269848,0.927231307293909,True,HIGH,POINT_BELOW_LIMIT
C09227,L5,FPGA,126.4,1.076,12.0652,13.0198,14.047,14.6728,1.2325,1.3755,1.4821,1.5851,Normal,50.0,batch_5,0.9545999999999992,23.467113901190476,5.08191172337661,41.85231607900434,36.77040435562773,False,False,False,-8.794313901190476,8.794313901190476,0.27202104018900264,False,LOW,POINT_BELOW_LIMIT
C09228,L5,DAC,126.13,1.821,12.1826,13.4916,14.2595,14.2497,1.2336,1.4414,1.4934,1.4967,Normal,50.0,batch_5,1.3089999999999993,29.416181590773803,11.030979412959937,47.80138376858767,36.77040435562773,False,False,False,-15.166481590773802,15.166481590773802,0.43502074091453474,False,MEDIUM,POINT_BELOW_LIMIT
C09229,L5,FPGA,126.25,1.111,11.2897,13.6338,21.5534,54.6541,1.2122,1.4521,2.4177,7.5923,Absolute_Failure,50.0,batch_5,2.344100000000001,53.38104968146643,34.99584750365256,71.76625185928029,36.770404355627726,True,True,True,1.2730503185335706,1.2730503185335706,0.9825381929181929,True,HIGH,POINT_ABOVE_LIMIT
C09230,L5,FPGA,124.1,1.089,11.2649,12.261,13.9365,40.2194,1.1527,1.2813,1.4566,5.0799,Sudden_Anomaly,50.0,batch_5,0.9960999999999984,17.46670266410952,-0.9184995137043472,35.851904841923385,36.77040435562773,False,False,False,22.75269733589048,22.75269733589048,0.10932152144577977,False,VERY_LOW,POINT_BELOW_LIMIT
C09231,L5,FPGA,125.16,1.092,11.6552,12.8187,13.4884,14.7393,1.2068,1.3627,1.4279,1.5927,Normal,50.0,batch_5,1.163499999999999,19.052347859126968,0.6671456813131016,37.437550036940834,36.77040435562773,False,False,False,-4.313047859126968,4.313047859126968,0.14257372785749534,False,VERY_LOW,POINT_BELOW_LIMIT
C09232,L5,FPGA,125.72,1.102,11.3749,13.2668,15.8734,21.5359,1.1963,1.3714,1.7248,2.3765,Latent_Defect,50.0,batch_5,1.8918999999999997,32.513019618154765,14.127817440340898,50.89822179596863,36.77040435562773,False,True,False,-10.977119618154763,10.977119618154763,0.6774196067275332,True,MEDIUM,POINT_BELOW_LIMIT
C09233,L5,FPGA,127.53,1.113,11.3132,12.0512,13.0887,13.6655,1.1683,1.2574,1.3873,1.4295,Normal,50.0,batch_5,0.7379999999999995,19.88882034017857,1.5036181623647025,38.274022517992435,36.77040435562773,False,False,False,-6.223320340178569,6.223320340178569,0.233097652797079,False,LOW,POINT_BELOW_LIMIT
C09234,L5,ADC,123.46,1.821,11.599,11.8902,13.4818,33.3154,1.2233,1.233,1.4297,4.1329,Sudden_Anomaly,50.0,batch_5,0.2911999999999999,17.857882248809528,-0.5273199290043387,36.2430844266234,36.77040435562773,False,False,False,15.45751775119047,15.45751775119047,0.05689236058059586,False,VERY_LOW,POINT_BELOW_LIMIT
C09235,L5,ADC,124.6,1.809,11.7467,12.6639,13.678,15.4242,1.2289,1.3412,1.4561,1.6357,Normal,50.0,batch_5,0.9171999999999993,17.224612733387445,-1.1605894444264209,35.60981491120131,36.77040435562773,False,False,False,-1.8004127333874447,1.8004127333874447,0.11313322090743344,False,VERY_LOW,POINT_BELOW_LIMIT
C09236,L5,ADC,125.71,1.791,11.7377,12.4034,14.6869,20.4369,1.2526,1.2606,1.5494,2.3209,Latent_Defect,50.0,batch_5,0.6656999999999993,15.918100737797632,-2.4671014400162345,34.303302915611496,36.77040435562773,False,False,False,4.51879926220237,4.51879926220237,0.07227508149744992,False,VERY_LOW,POINT_BELOW_LIMIT
C09237,L5,FPGA,125.92,1.095,11.2338,11.7965,12.4801,13.7817,1.1411,1.258,1.3324,1.4776,Normal,50.0,batch_5,0.5626999999999995,21.674639883730165,3.289437705916299,40.05984206154403,36.77040435562773,False,False,False,-7.892939883730165,7.892939883730165,0.2948623599126786,False,LOW,POINT_BELOW_LIMIT
C09238,L5,FPGA,126.11,1.107,11.5758,12.5069,13.183,13.9519,1.2051,1.2808,1.3941,1.4715,Normal,50.0,batch_5,0.9311000000000007,19.510520026686514,1.1253178488726476,37.89572220450038,36.77040435562773,False,False,False,-5.558620026686514,5.558620026686514,0.21984832873983026,False,LOW,POINT_BELOW_LIMIT
C09239,L5,ADC,125.5,1.814,11.7124,12.284,13.0231,14.0824,1.2656,1.3345,1.3657,1.5163,Normal,50.0,batch_5,0.5716000000000001,17.996500573890696,-0.3887016039231703,36.381702751704566,36.77040435562773,False,False,False,-3.914100573890696,3.914100573890696,0.11841075538668416,False,VERY_LOW,POINT_BELOW_LIMIT
C09240,L5,FPGA,125.54,1.104,11.8002,13.3396,15.0669,19.3225,1.2519,1.3932,1.6228,2.1429,Latent_Defect,50.0,batch_5,1.5394000000000005,30.458625719940493,12.073423542126626,48.84382789775436,36.77040435562773,False,False,False,-11.136125719940491,11.136125719940491,0.5730831593117707,True,MEDIUM,POINT_BELOW_LIMIT
C09241,L5,ASIC,126.04,1.207,11.4321,12.4813,13.0377,13.7632,1.2095,1.3128,1.3805,1.468,Normal,50.0,batch_5,1.049199999999999,20.3570444986186,1.9718423208047327,38.742246676432465,36.77040435562773,False,False,False,-6.5938444986186,6.5938444986186,0.24341134100415965,False,LOW,POINT_BELOW_LIMIT
C09242,L5,FPGA,126.13,1.099,11.4167,12.717,13.1388,13.8224,1.1587,1.395,1.3588,1.4785,Normal,50.0,batch_5,1.3003,26.660654914980142,8.275452737166276,45.04585709279401,36.77040435562773,False,False,False,-12.838254914980142,12.838254914980142,0.4261367432717219,False,MEDIUM,POINT_BELOW_LIMIT
C09243,L5,ASIC,125.48,1.216,11.9519,13.065,13.8793,14.685,1.2631,1.3599,1.5017,1.5788,Normal,50.0,batch_5,1.1130999999999993,18.617367366765862,0.23216518895199556,37.00256954457973,36.77040435562773,False,False,False,-3.9323673667658614,3.9323673667658614,0.11619908927710988,False,VERY_LOW,POINT_BELOW_LIMIT
C09244,L5,ADC,125.87,1.793,12.6396,12.9587,13.0221,12.9457,1.3047,1.4124,1.3908,1.3338,High_Stable,50.0,batch_5,0.3191000000000006,15.584823604933256,-2.8003785728806108,33.97002578274712,36.77040435562773,False,False,False,-2.639123604933255,2.639123604933255,0.04468667998667999,False,VERY_LOW,POINT_BELOW_LIMIT
C09245,L5,FPGA,125.24,1.089,11.8269,12.3067,12.0541,12.0136,1.2355,1.2778,1.2681,1.2358,High_Stable,50.0,batch_5,0.4797999999999991,14.230206259424586,-4.154995918389281,32.61540843723845,36.77040435562773,False,False,False,-2.2166062594245854,2.2166062594245854,0.024888578088578087,False,VERY_LOW,POINT_BELOW_LIMIT
C09246,L5,ADC,125.81,1.77,11.6187,12.1164,12.3235,13.9971,1.2219,1.2664,1.3002,1.4798,Normal,50.0,batch_5,0.49770000000000003,15.716901115734174,-2.668301062079692,34.10210329354804,36.77040435562773,False,False,False,-1.7198011157341746,1.7198011157341746,0.1304142350339719,False,VERY_LOW,POINT_BELOW_LIMIT
C09247,L5,ADC,124.41,1.816,11.9017,13.0934,15.7004,20.8814,1.2617,1.4048,1.6487,2.3072,Latent_Defect,50.0,batch_5,1.1917000000000009,17.935033670535706,-0.4501685072781605,36.32023584834957,36.77040435562773,False,False,False,2.9463663294642934,2.9463663294642934,0.20495592975689142,False,LOW,POINT_BELOW_LIMIT
C09248,L5,FPGA,126.9,1.089,11.1317,11.204,12.2646,13.4958,1.1622,1.1414,1.2709,1.4129,Normal,50.0,batch_5,0.07230000000000025,13.72842511250001,-4.656777065313856,32.11362729031388,36.77040435562773,False,False,False,-0.2326251125000116,0.2326251125000116,0.039429068249757906,False,VERY_LOW,POINT_BELOW_LIMIT
C09249,L5,DAC,124.48,1.785,12.4584,13.5567,13.8555,14.251,1.3279,1.4615,1.5034,1.5314,Normal,50.0,batch_5,1.0983,19.361061033553245,0.9758588557393786,37.74626321136711,36.77040435562773,False,False,False,-5.1100610335532455,5.1100610335532455,0.0926114210952446,False,VERY_LOW,POINT_BELOW_LIMIT
C09250,L5,ASIC,124.95,1.186,11.6619,13.4336,16.6557,24.0034,1.2124,1.4285,1.8234,2.7316,Latent_Defect,50.0,batch_5,1.771700000000001,38.33380740164142,19.948605223827556,56.71900957945529,36.77040435562773,False,True,False,-14.330407401641423,14.330407401641423,0.7701500198506271,True,HIGH,POINT_BELOW_LIMIT
C09251,L5,ADC,125.3,1.788,12.0892,12.9158,13.9041,15.3389,1.2033,1.3805,1.459,1.6258,Normal,50.0,batch_5,0.8266000000000009,17.932011888492056,-0.45319028932181027,36.31721406630592,36.77040435562773,False,False,False,-2.5931118884920554,2.5931118884920554,0.13915727781850068,False,VERY_LOW,POINT_BELOW_LIMIT
C09252,L5,FPGA,125.18,1.093,11.5783,11.8405,12.1028,13.9614,1.2413,1.2405,1.2656,1.4737,Normal,50.0,batch_5,0.2622,15.117391133630957,-3.26781104418291,33.502593311444826,36.77040435562773,False,False,False,-1.1559911336309572,1.1559911336309572,0.10433178611617282,False,VERY_LOW,POINT_BELOW_LIMIT
C09253,L5,FPGA,124.34,1.113,11.5874,12.5114,13.5135,14.3583,1.1862,1.3086,1.4478,1.5395,Normal,50.0,batch_5,0.9239999999999995,18.490185996053935,0.10498381824006842,36.875388173867805,36.77040435562773,False,False,False,-4.131885996053935,4.131885996053935,0.16977170842311845,False,LOW,POINT_BELOW_LIMIT
C09254,L5,ADC,125.33,1.806,12.1717,12.8181,13.5404,14.5508,1.2523,1.3706,1.4394,1.5785,Normal,50.0,batch_5,0.6463999999999999,22.45513589295635,4.069933715142483,40.840338070770215,36.77040435562773,False,False,False,-7.9043358929563485,7.9043358929563485,0.1816345280424395,False,LOW,POINT_BELOW_LIMIT
C09255,L5,DAC,125.0,1.81,11.6851,12.4643,13.5402,14.6492,1.1921,1.3326,1.4289,1.5769,Normal,50.0,batch_5,0.7791999999999994,17.45775358065475,-0.9274485971591169,35.84295575846862,36.77040435562773,False,False,False,-2.808553580654749,2.808553580654749,0.15459800031746118,False,LOW,POINT_BELOW_LIMIT
C09256,L5,ASIC,124.16,1.215,11.4784,12.0848,12.484,13.432,1.1345,1.2624,1.2993,1.4032,Normal,50.0,batch_5,0.6063999999999989,15.074167335249811,-3.3110348425640552,33.45936951306368,36.77040435562773,False,False,False,-1.6421673352498107,1.6421673352498107,0.03514445192488671,False,VERY_LOW,POINT_BELOW_LIMIT
C09257,L5,ASIC,124.91,1.216,11.948,12.4451,13.0331,13.877,1.2647,1.3212,1.3697,1.4439,Normal,50.0,batch_5,0.49709999999999965,15.51591347718253,-2.869288700631337,33.901115654996396,36.77040435562773,False,False,False,-1.6389134771825287,1.6389134771825287,0.02324870978694508,False,VERY_LOW,POINT_BELOW_LIMIT
C09258,L5,DAC,125.11,1.78,11.8575,13.1264,13.5932,13.74,1.258,1.4038,1.3991,1.4942,Normal,50.0,batch_5,1.2689000000000004,19.364393517550493,0.9791913397366265,37.74959569536436,36.77040435562773,False,False,False,-5.624393517550493,5.624393517550493,0.1828738705824619,False,LOW,POINT_BELOW_LIMIT
C09259,L5,ASIC,126.11,1.196,10.6839,11.4259,12.5982,13.3858,1.1157,1.2151,1.3676,1.415,Normal,50.0,batch_5,0.7420000000000009,15.020203628373013,-3.3649985494408536,33.40540580618688,36.77040435562773,False,False,False,-1.634403628373013,1.634403628373013,0.06618731361231364,False,VERY_LOW,POINT_BELOW_LIMIT
C09260,L5,DAC,125.12,1.809,12.0627,13.5137,15.915,33.6023,1.2521,1.3865,1.7193,4.0631,Sudden_Anomaly,50.0,batch_5,1.4510000000000005,33.89709117142855,15.511888993614683,52.282293349242416,36.77040435562773,False,True,False,-0.2947911714285496,0.2947911714285496,0.5276709967656567,True,MEDIUM,POINT_BELOW_LIMIT
C09261,L5,ADC,124.54,1.777,11.8199,12.6225,13.6562,14.8651,1.2371,1.3452,1.5185,1.5734,Normal,50.0,batch_5,0.8026,16.47145268741606,-1.9137494903978052,34.85665486522993,36.77040435562773,False,False,False,-1.6063526874160612,1.6063526874160612,0.12235712468944733,False,VERY_LOW,POINT_BELOW_LIMIT
C09262,L5,FPGA,125.74,1.093,12.2165,12.914,14.1296,15.1372,1.2963,1.3666,1.4649,1.6203,Normal,50.0,batch_5,0.6974999999999998,16.190084944742058,-2.1951172330718087,34.57528712255592,36.77040435562773,False,False,False,-1.0528849447420576,1.0528849447420576,0.013001709401709404,False,VERY_LOW,POINT_BELOW_LIMIT
C09263,L5,ASIC,124.56,1.192,11.3586,11.8246,12.7201,13.9311,1.1821,1.244,1.3567,1.4708,Normal,50.0,batch_5,0.4660000000000011,14.51097211452922,-3.874230063284646,32.89617429234309,36.77040435562773,False,False,False,-0.5798721145292198,0.5798721145292198,0.026922018916755754,False,VERY_LOW,POINT_BELOW_LIMIT
C09264,L5,ASIC,127.09,1.188,11.2422,13.2361,20.6938,52.1872,1.1662,1.3672,2.2962,7.1768,Absolute_Failure,50.0,batch_5,1.9939,43.70277062900362,25.317568451189757,62.08797280681749,36.77040435562773,False,True,True,8.484429370996374,8.484429370996374,0.8425664785337557,True,HIGH,POINT_BELOW_LIMIT
C09265,L5,ADC,126.69,1.792,12.1361,13.8297,23.2316,60.3021,1.2418,1.5081,2.6639,8.5719,Absolute_Failure,50.0,batch_5,1.6936,34.146728719345234,15.761526541531367,52.5319308971591,36.77040435562773,False,True,True,26.15537128065477,26.15537128065477,0.6254642910898244,True,MEDIUM,POINT_BELOW_LIMIT
C09266,L5,FPGA,124.73,1.098,11.4285,11.6275,11.9205,12.808,1.228,1.1849,1.2545,1.3662,Normal,50.0,batch_5,0.19899999999999984,13.622958586507934,-4.762243591305932,32.0081607643218,36.77040435562773,False,False,False,-0.8149585865079345,0.8149585865079345,0.08031582398845823,False,VERY_LOW,POINT_BELOW_LIMIT
C09267,L5,FPGA,125.07,1.109,11.2546,13.3577,15.6939,21.1254,1.1453,1.4232,1.7064,2.3337,Latent_Defect,50.0,batch_5,2.1030999999999995,49.82831392220699,31.44311174439312,68.21351610002085,36.77040435562773,False,True,False,-28.70291392220699,28.70291392220699,0.9432847760512618,True,HIGH,POINT_BELOW_LIMIT
C09268,L5,DAC,125.77,1.805,11.8925,12.827,13.1027,13.7499,1.228,1.3478,1.3924,1.4703,Normal,50.0,batch_5,0.9344999999999999,19.48931197718254,1.104109799368672,37.874514154996405,36.77040435562773,False,False,False,-5.739411977182538,5.739411977182538,0.06316327418711318,False,VERY_LOW,POINT_BELOW_LIMIT
C09269,L5,ASIC,125.65,1.182,11.0952,11.7399,12.6394,13.3778,1.144,1.2407,1.3427,1.43,Normal,50.0,batch_5,0.6447000000000003,15.73318162909982,-2.652020548714047,34.118383806913684,36.77040435562773,False,False,False,-2.355381629099819,2.355381629099819,0.08948561556848,False,VERY_LOW,POINT_BELOW_LIMIT
C09270,L5,DAC,124.92,1.794,12.0954,12.041,12.3044,12.4658,1.3047,1.2823,1.318,1.2648,High_Stable,50.0,batch_5,-0.05439999999999934,13.52432183204364,-4.8608803457702265,31.909524009857506,36.77040435562773,False,False,False,-1.05852183204364,1.05852183204364,0.038816305916305915,False,VERY_LOW,POINT_BELOW_LIMIT
C09271,L5,ASIC,125.93,1.213,11.1023,12.1084,12.3859,13.4683,1.1462,1.261,1.2894,1.3987,Normal,50.0,batch_5,1.0061,17.372269452867958,-1.0129327249459088,35.75747163068182,36.77040435562773,False,False,False,-3.9039694528679583,3.9039694528679583,0.18938420511962098,False,LOW,POINT_BELOW_LIMIT
C09272,L5,FPGA,125.52,1.081,11.617,12.3359,13.4205,14.5191,1.2416,1.283,1.3859,1.5194,Normal,50.0,batch_5,0.7188999999999997,18.485887965079367,0.10068578726550115,36.87109014289324,36.77040435562773,False,False,False,-3.9667879650793676,3.9667879650793676,0.1120448641228053,False,VERY_LOW,POINT_BELOW_LIMIT
C09273,L5,FPGA,124.4,1.114,12.0365,12.7105,13.1089,14.1421,1.285,1.3299,1.387,1.5081,Normal,50.0,batch_5,0.6739999999999995,17.060418783486615,-1.3247833943272518,35.44562096130048,36.77040435562773,False,False,False,-2.9183187834866153,2.9183187834866153,0.06088930421144044,False,VERY_LOW,POINT_BELOW_LIMIT
C09274,L5,ADC,124.81,1.795,11.5633,12.5994,13.4239,14.7078,1.1945,1.3084,1.4027,1.5532,Normal,50.0,batch_5,1.0360999999999994,18.44047153958333,0.055269361769465064,36.825673717397194,36.77040435562773,False,False,False,-3.7326715395833308,3.7326715395833308,0.2225487379205948,False,LOW,POINT_BELOW_LIMIT
C09275,L5,DAC,124.65,1.812,12.3513,12.7028,13.2678,14.11,1.2836,1.3348,1.4162,1.4667,Normal,50.0,batch_5,0.3514999999999997,16.784678900198397,-1.6005232776154692,35.16988107801227,36.77040435562773,False,False,False,-2.6746789001983977,2.6746789001983977,0.0317460927960928,False,VERY_LOW,POINT_BELOW_LIMIT
C09276,L5,ADC,125.78,1.803,11.5728,11.7979,12.0054,12.0385,1.2147,1.2112,1.2613,1.2415,High_Stable,50.0,batch_5,0.2250999999999994,14.748995005357152,-3.6362071724567144,33.13419718317102,36.77040435562773,False,False,False,-2.710495005357151,2.710495005357151,0.04105922851095265,False,VERY_LOW,POINT_BELOW_LIMIT
C09277,L5,FPGA,126.42,1.114,11.5708,12.3834,13.4887,40.5733,1.1847,1.3011,1.3611,5.1721,Sudden_Anomaly,50.0,batch_5,0.8125999999999998,17.544215828869042,-0.8409863489448242,35.92941800668291,36.77040435562773,False,False,False,23.02908417113096,23.02908417113096,0.10360624858233553,False,VERY_LOW,POINT_BELOW_LIMIT
C09278,L5,ADC,124.42,1.812,12.7369,13.0196,13.718,14.7427,1.3032,1.3518,1.4748,1.5544,Normal,50.0,batch_5,0.2827000000000002,14.287593087400793,-4.097609090413073,32.67279526521466,36.77040435562773,False,False,False,0.45510691259920577,0.45510691259920577,0.03016026049973418,False,VERY_LOW,POINT_BELOW_LIMIT
C09279,L5,ASIC,124.4,1.226,11.021,12.0197,19.883,53.3669,1.1002,1.2719,2.2367,7.3546,Absolute_Failure,50.0,batch_5,0.9986999999999995,19.851598709928272,1.4663965321144055,38.236800887742135,36.77040435562773,False,False,True,33.51530129007173,33.51530129007173,0.2715769997881,False,LOW,POINT_BELOW_LIMIT
C09280,L5,ASIC,124.16,1.22,11.0924,12.0387,13.2949,37.2295,1.1296,1.2072,1.4136,4.6176,Sudden_Anomaly,50.0,batch_5,0.9463000000000008,18.20218176995852,-0.183020407855345,36.58738394777239,36.77040435562773,False,False,False,19.02731823004148,19.02731823004148,0.1371912799668211,False,VERY_LOW,POINT_BELOW_LIMIT
C09281,L5,ASIC,124.15,1.213,11.8907,12.3681,13.1147,14.37,1.2612,1.2986,1.4105,1.5338,Normal,50.0,batch_5,0.4773999999999994,15.644708000937948,-2.7404941768759183,34.02991017875181,36.77040435562773,False,False,False,-1.2747080009379488,1.2747080009379488,0.026297069597069598,False,VERY_LOW,POINT_BELOW_LIMIT
C09282,L5,FPGA,124.69,1.076,11.4424,11.9937,12.7063,13.1941,1.1715,1.2069,1.3303,1.4049,Normal,50.0,batch_5,0.5513000000000012,16.077452170932546,-2.307750006881321,34.46265434874641,36.77040435562773,False,False,False,-2.883352170932545,2.883352170932545,0.08789696719166029,False,VERY_LOW,POINT_BELOW_LIMIT
C09283,L5,DAC,126.09,1.787,12.417,12.486,12.8675,12.9545,1.3064,1.3052,1.3192,1.3731,High_Stable,50.0,batch_5,0.06900000000000084,13.053236402976195,-5.331965774837672,31.438438580790063,36.77040435562773,False,False,False,-0.09873640297619524,0.09873640297619524,0.0336344970818655,False,VERY_LOW,POINT_BELOW_LIMIT
C09284,L5,ASIC,125.01,1.194,11.2907,12.3513,15.1097,20.348,1.1637,1.2983,1.6479,2.2711,Latent_Defect,50.0,batch_5,1.0606000000000009,17.05273776588759,-1.3324644119262778,35.43793994370145,36.77040435562773,False,False,False,3.2952622341124105,3.2952622341124105,0.0767668547072895,False,VERY_LOW,POINT_BELOW_LIMIT
C09285,L5,DAC,125.89,1.787,11.8564,12.6873,13.7513,15.1488,1.2789,1.3205,1.4295,1.6519,Normal,50.0,batch_5,0.8308999999999997,16.652655350198412,-1.7325468276154545,35.03785752801228,36.77040435562773,False,False,False,-1.5038553501984122,1.5038553501984122,0.042337497882234724,False,VERY_LOW,POINT_BELOW_LIMIT
C09286,L5,ASIC,126.28,1.188,11.4897,12.463,13.3898,13.8533,1.2878,1.2955,1.4049,1.5005,Normal,50.0,batch_5,0.9733,21.271400025793668,2.886197847979801,39.656602203607534,36.77040435562773,False,False,False,-7.418100025793667,7.418100025793667,0.17731994409398488,False,LOW,POINT_BELOW_LIMIT
C09287,L5,ADC,124.25,1.805,12.4616,13.2829,14.6762,15.4926,1.2814,1.3735,1.5305,1.6632,Normal,50.0,batch_5,0.821299999999999,19.103101762499975,0.7178995846861085,37.48830394031384,36.77040435562773,False,False,False,-3.6105017624999753,3.6105017624999753,0.10818356871886287,False,VERY_LOW,POINT_BELOW_LIMIT
C09288,L5,ADC,123.47,1.787,11.8886,12.6952,14.2158,15.2406,1.1922,1.3148,1.5097,1.6499,Normal,50.0,batch_5,0.8065999999999995,18.942549432341274,0.5573472545274072,37.32775161015514,36.77040435562773,False,False,False,-3.701949432341273,3.701949432341273,0.19921490077129456,False,LOW,POINT_BELOW_LIMIT
C09289,L5,ASIC,124.83,1.186,10.9116,11.944,12.4537,13.1266,1.0967,1.2198,1.3018,1.3355,Normal,50.0,batch_5,1.0324000000000009,16.11850722103175,-2.2666949567821177,34.503709398845615,36.77040435562773,False,False,False,-2.9919072210317488,2.9919072210317488,0.1053493247350058,False,VERY_LOW,POINT_BELOW_LIMIT
C09290,L5,ASIC,125.15,1.228,10.9979,11.2668,11.6792,12.1462,1.1448,1.1673,1.2301,1.2554,Normal,50.0,batch_5,0.26890000000000036,16.56902726187427,-1.8161749159395946,34.954229439688135,36.77040435562773,False,False,False,-4.422827261874271,4.422827261874271,0.12387367225436946,False,VERY_LOW,POINT_BELOW_LIMIT
C09291,L5,ADC,124.36,1.791,11.7215,12.2345,13.3804,14.7589,1.2387,1.2876,1.4277,1.5871,Normal,50.0,batch_5,0.5129999999999999,14.387643197023804,-3.997558980790062,32.77284537483767,36.77040435562773,False,False,False,0.37125680297619645,0.37125680297619645,0.009712698412698414,False,VERY_LOW,POINT_BELOW_LIMIT
C09292,L5,DAC,125.49,1.804,11.9942,13.1114,13.706,13.9892,1.2381,1.3991,1.4237,1.5303,Normal,50.0,batch_5,1.1172000000000004,22.294324349503977,3.909122171690111,40.67952652731785,36.77040435562773,False,False,False,-8.305124349503977,8.305124349503977,0.11657498189174659,False,VERY_LOW,POINT_BELOW_LIMIT
C09293,L5,ASIC,126.37,1.218,11.131,12.6616,15.6989,35.8187,1.1319,1.3428,1.6964,4.4043,Sudden_Anomaly,50.0,batch_5,1.5305999999999997,42.222238189835195,23.83703601202133,60.60744036764906,36.77040435562773,False,True,False,-6.403538189835196,6.403538189835196,0.7963171839293259,True,HIGH,POINT_BELOW_LIMIT
C09294,L5,FPGA,123.9,1.115,12.2644,12.3969,12.5221,12.691,1.3074,1.3182,1.313,1.2964,High_Stable,50.0,batch_5,0.13250000000000028,13.327940932898338,-5.057261244915528,31.713143110712203,36.77040435562773,False,False,False,-0.6369409328983373,0.6369409328983373,0.010001648351648353,False,VERY_LOW,POINT_BELOW_LIMIT
C09295,L5,FPGA,124.36,1.105,11.3378,12.0928,13.2618,14.0448,1.2075,1.2548,1.3927,1.5451,Normal,50.0,batch_5,0.7550000000000008,16.415283116666657,-1.969919061147209,34.800485294480524,36.77040435562773,False,False,False,-2.370483116666657,2.370483116666657,0.08446972998621603,False,VERY_LOW,POINT_BELOW_LIMIT
C09296,L5,FPGA,123.82,1.101,11.3353,12.0059,14.497,38.1574,1.1499,1.2422,1.5657,4.8162,Sudden_Anomaly,50.0,batch_5,0.6706000000000003,19.742987779021664,1.357785601207798,38.12818995683553,36.77040435562773,False,False,False,18.41441222097834,18.41441222097834,0.2635470929800819,False,LOW,POINT_BELOW_LIMIT
C09297,L5,ASIC,124.63,1.234,11.7863,12.7729,13.0446,13.6523,1.2209,1.2923,1.3543,1.4566,Normal,50.0,batch_5,0.9865999999999993,19.256315700694437,0.8711135228805702,37.6415178785083,36.77040435562773,False,False,False,-5.604015700694436,5.604015700694436,0.09142514687754627,False,VERY_LOW,POINT_BELOW_LIMIT
C09298,L5,ADC,123.87,1.812,11.7151,12.3781,12.5892,13.6688,1.2483,1.3147,1.3202,1.4243,Normal,50.0,batch_5,0.6630000000000003,15.065787589682541,-3.319414588131325,33.45098976749641,36.77040435562773,False,False,False,-1.396987589682542,1.396987589682542,0.09229874900641157,False,VERY_LOW,POINT_BELOW_LIMIT
C09299,L5,ASIC,124.98,1.205,11.8586,13.0529,13.6556,14.2609,1.2473,1.3775,1.4428,1.4916,Normal,50.0,batch_5,1.1943000000000001,22.29405275568181,3.9088505778679448,40.67925493349568,36.77040435562773,False,False,False,-8.033152755681812,8.033152755681812,0.2417895447969468,False,LOW,POINT_BELOW_LIMIT
C09300,L5,ADC,124.27,1.814,11.4544,12.2222,12.9522,14.3865,1.1813,1.3018,1.3835,1.5291,Normal,50.0,batch_5,0.7678000000000011,18.945973952419124,0.5607717746052572,37.33117613023299,36.77040435562773,False,False,False,-4.559473952419124,4.559473952419124,0.10168906573912966,False,VERY_LOW,POINT_BELOW_LIMIT
C09301,L5,FPGA,125.0,1.107,11.6124,11.7527,11.7087,11.6439,1.1985,1.2474,1.1512,1.2032,High_Stable,50.0,batch_5,0.14030000000000165,14.655271490376986,-3.7299306874368803,33.040473668190856,36.77040435562773,False,False,False,-3.0113714903769857,3.0113714903769857,0.07595661106204586,False,VERY_LOW,POINT_BELOW_LIMIT
C09302,L5,ADC,124.08,1.805,11.2157,12.4333,13.257,13.8797,1.1447,1.2976,1.4174,1.4848,Normal,50.0,batch_5,1.2175999999999991,24.33606353821247,5.950861360398605,42.72126571602634,36.77040435562773,False,False,False,-10.456363538212472,10.456363538212472,0.3281659217810651,False,LOW,POINT_BELOW_LIMIT
C09303,L5,ADC,125.02,1.78,12.1236,13.2211,13.8357,13.7254,1.2763,1.4325,1.4511,1.4531,Normal,50.0,batch_5,1.0975000000000001,20.61907180296717,2.2338696251533037,39.004273980781036,36.77040435562773,False,False,False,-6.8936718029671695,6.8936718029671695,0.10243416648710765,False,VERY_LOW,POINT_BELOW_LIMIT
C09304,L5,FPGA,126.42,1.106,12.1473,12.2582,12.267,12.7576,1.2519,1.2405,1.2697,1.3515,High_Stable,50.0,batch_5,0.11090000000000089,12.914985122321442,-5.470217055492425,31.300187300135306,36.77040435562773,False,False,False,-0.15738512232144153,0.15738512232144153,0.006048773448773449,False,VERY_LOW,POINT_BELOW_LIMIT
C09305,L5,ASIC,124.16,1.22,11.3356,11.9458,13.5847,14.7392,1.2021,1.2367,1.4713,1.5496,Normal,50.0,batch_5,0.6102000000000007,16.211169877430553,-2.1740323003833133,34.596372055244416,36.77040435562773,False,False,False,-1.4719698774305527,1.4719698774305527,0.02141245976245976,False,VERY_LOW,POINT_BELOW_LIMIT
C09306,L5,DAC,126.41,1.799,13.0324,13.3257,13.5004,13.377,1.3857,1.3895,1.3936,1.4389,High_Stable,50.0,batch_5,0.29329999999999856,18.63648351498015,0.251281337166283,37.021685692794016,36.77040435562773,False,False,False,-5.259483514980149,5.259483514980149,0.20077949230703887,False,LOW,POINT_BELOW_LIMIT
C09307,L5,ASIC,124.7,1.209,12.3075,12.6646,12.9163,13.0598,1.2437,1.3286,1.3567,1.3717,High_Stable,50.0,batch_5,0.35710000000000086,14.842812448710319,-3.5423897291035473,33.228014626524185,36.77040435562773,False,False,False,-1.7830124487103198,1.7830124487103198,0.03118713508713509,False,VERY_LOW,POINT_BELOW_LIMIT
C09308,L5,ASIC,125.26,1.191,11.3255,11.7061,12.8532,14.0621,1.1678,1.2658,1.3722,1.5073,Normal,50.0,batch_5,0.3805999999999994,15.27278671855158,-3.1124154592622855,33.657988896365445,36.77040435562773,False,False,False,-1.2106867185515817,1.2106867185515817,0.07922553067847184,False,VERY_LOW,POINT_BELOW_LIMIT
C09309,L5,DAC,124.36,1.808,11.8537,11.9321,11.9776,12.0118,1.233,1.2561,1.1892,1.2558,High_Stable,50.0,batch_5,0.07840000000000025,12.7639168901425,-5.621285287671366,31.149119067956367,36.77040435562773,False,False,False,-0.752116890142501,0.752116890142501,0.013909523809523809,False,VERY_LOW,POINT_BELOW_LIMIT
C09310,L5,FPGA,125.73,1.093,11.4417,12.4849,13.7849,14.8324,1.2195,1.28,1.4425,1.6258,Normal,50.0,batch_5,1.0431999999999988,18.06655168716059,-0.3186504906532761,36.45175386497446,36.77040435562773,False,False,False,-3.2341516871605904,3.2341516871605904,0.1482710075446008,False,VERY_LOW,POINT_BELOW_LIMIT
C09311,L5,ASIC,125.02,1.194,11.2224,12.0566,13.0511,13.2497,1.1402,1.2694,1.385,1.4312,Normal,50.0,batch_5,0.8341999999999992,15.427321181746038,-2.9578809960678285,33.812523359559904,36.77040435562773,False,False,False,-2.177621181746037,2.177621181746037,0.05868056586654908,False,VERY_LOW,POINT_BELOW_LIMIT
C09312,L5,DAC,125.6,1.819,12.3744,13.1906,14.1478,15.5697,1.3215,1.3936,1.5148,1.6963,Normal,50.0,batch_5,0.8162000000000003,17.533415925920544,-0.8517862518933228,35.91861810373441,36.77040435562773,False,False,False,-1.9637159259205443,1.9637159259205443,0.06997953680602874,False,VERY_LOW,POINT_BELOW_LIMIT
C09313,L5,ASIC,123.63,1.201,11.4137,11.9526,12.2925,13.2451,1.2169,1.2222,1.3022,1.3881,Normal,50.0,batch_5,0.5388999999999999,15.946296117261904,-2.438906060551963,34.33149829507577,36.77040435562773,False,False,False,-2.701196117261903,2.701196117261903,0.08537345154845159,False,VERY_LOW,POINT_BELOW_LIMIT
C09314,L5,DAC,124.47,1.785,12.0051,12.223,12.3793,13.4782,1.2693,1.2626,1.3021,1.4461,Normal,50.0,batch_5,0.2179000000000002,13.534912652182541,-4.850289525631325,31.920114829996407,36.77040435562773,False,False,False,-0.056712652182541845,0.056712652182541845,0.010135409035409035,False,VERY_LOW,POINT_BELOW_LIMIT
C09315,L5,FPGA,125.78,1.098,11.5415,12.3808,13.8866,15.1674,1.2036,1.2911,1.4511,1.6313,Normal,50.0,batch_5,0.8393000000000015,16.85084014027776,-1.5343620375361056,35.23604231809163,36.77040435562773,False,False,False,-1.6834401402777601,1.6834401402777601,0.03498783467993995,False,VERY_LOW,POINT_BELOW_LIMIT
C09316,L5,ADC,122.94,1.796,11.4276,11.8719,12.4967,13.2805,1.2292,1.228,1.2622,1.434,Normal,50.0,batch_5,0.44430000000000014,17.498522363095233,-0.886679814718633,35.8837245409091,36.77040435562773,False,False,False,-4.218022363095233,4.218022363095233,0.15102842566789937,False,LOW,POINT_BELOW_LIMIT
C09317,L5,ADC,124.28,1.802,12.4289,12.5685,13.3574,14.2391,1.2814,1.3092,1.3897,1.5243,Normal,50.0,batch_5,0.13959999999999972,13.043050084198438,-5.342152093615429,31.428252262012304,36.77040435562773,False,False,False,1.196049915801563,1.196049915801563,0.009322510822510822,False,VERY_LOW,POINT_BELOW_LIMIT
C09318,L5,ADC,124.52,1.806,12.1323,12.4893,12.5247,12.678,1.2781,1.2707,1.349,1.3461,High_Stable,50.0,batch_5,0.3569999999999993,15.83683158749999,-2.5483705903138762,34.22203376531385,36.77040435562773,False,False,False,-3.1588315874999893,3.1588315874999893,0.0140745670995671,False,VERY_LOW,POINT_BELOW_LIMIT
C09319,L5,FPGA,125.06,1.114,11.8696,13.596,15.9628,29.2973,1.2455,1.4317,1.7236,3.4935,Sudden_Anomaly,50.0,batch_5,1.7264,36.90439295698956,18.519190779175695,55.28959513480343,36.77040435562773,False,True,False,-7.607092956989561,7.607092956989561,0.7875311606295522,True,HIGH,POINT_BELOW_LIMIT
C09320,L5,ADC,125.54,1.797,12.5787,13.3608,14.6174,14.3661,1.2783,1.4464,1.5801,1.5116,Normal,50.0,batch_5,0.7820999999999998,20.663996472619043,2.278794294805177,39.04919865043291,36.77040435562773,False,False,False,-6.297896472619044,6.297896472619044,0.10509467714088454,False,VERY_LOW,POINT_BELOW_LIMIT
C09321,L5,ASIC,124.77,1.196,11.5701,12.6069,13.1748,14.0745,1.2745,1.3221,1.3883,1.5685,Normal,50.0,batch_5,1.0367999999999995,18.153050816346152,-0.23215136146771442,36.53825299416002,36.77040435562773,False,False,False,-4.0785508163461515,4.0785508163461515,0.14640182122658893,False,VERY_LOW,POINT_BELOW_LIMIT
C09322,L5,DAC,124.59,1.805,11.7321,12.3744,12.9165,13.7675,1.2446,1.2516,1.3601,1.4592,Normal,50.0,batch_5,0.6422999999999988,16.138869164186506,-2.2463330136273605,34.52407134200037,36.77040435562773,False,False,False,-2.371369164186506,2.371369164186506,0.05429821159232926,False,VERY_LOW,POINT_BELOW_LIMIT
C09323,L5,FPGA,124.79,1.097,12.069,12.518,13.078,13.4401,1.293,1.3598,1.3833,1.4165,Normal,50.0,batch_5,0.44899999999999984,17.13686929603173,-1.2483328817821366,35.5220714738456,36.77040435562773,False,False,False,-3.6967692960317304,3.6967692960317304,0.024709956709956706,False,VERY_LOW,POINT_BELOW_LIMIT
C09324,L5,ASIC,124.62,1.198,11.2283,12.1087,12.8163,14.1989,1.1741,1.2847,1.2896,1.518,Normal,50.0,batch_5,0.8803999999999998,16.113626789814443,-2.271575387999423,34.49882896762831,36.77040435562773,False,False,False,-1.914726789814443,1.914726789814443,0.12746344504034704,False,VERY_LOW,POINT_BELOW_LIMIT
C09325,L5,ASIC,125.5,1.208,11.1682,12.3704,13.0108,13.3645,1.162,1.2704,1.3564,1.4058,Normal,50.0,batch_5,1.2021999999999995,19.644966785615086,1.2597646078012197,38.03016896342895,36.77040435562773,False,False,False,-6.280466785615086,6.280466785615086,0.08135617266156167,False,VERY_LOW,POINT_BELOW_LIMIT
C09326,L5,ADC,124.31,1.817,12.0088,12.4591,13.2027,14.0915,1.278,1.2605,1.3704,1.5164,Normal,50.0,batch_5,0.4502999999999986,15.132640579067452,-3.2525615987464143,33.51784275688132,36.77040435562773,False,False,False,-1.0411405790674522,1.0411405790674522,0.051484868889280666,False,VERY_LOW,POINT_BELOW_LIMIT
C09327,L5,ASIC,125.01,1.223,11.5443,11.8051,12.5497,13.7025,1.2421,1.2377,1.3416,1.4644,Normal,50.0,batch_5,0.2607999999999997,14.527396297646114,-3.857805880167753,32.91259847545998,36.77040435562773,False,False,False,-0.8248962976461129,0.8248962976461129,0.1004136981181873,False,VERY_LOW,POINT_BELOW_LIMIT
C09328,L5,FPGA,124.19,1.083,11.5613,12.8578,15.5032,21.1059,1.2243,1.3218,1.6557,2.3466,Latent_Defect,50.0,batch_5,1.2965,23.947082145634912,5.561879967821046,42.332284323448775,36.77040435562773,False,False,False,-2.841182145634914,2.841182145634914,0.3279634435627639,False,LOW,POINT_BELOW_LIMIT
C09329,L5,FPGA,126.54,1.109,11.4364,12.1572,13.081,14.1355,1.1831,1.2784,1.4075,1.5174,Normal,50.0,batch_5,0.7207999999999988,15.974863236424394,-2.4103389413894725,34.360065414238264,36.77040435562773,False,False,False,-1.8393632364243935,1.8393632364243935,0.11161118705855545,False,VERY_LOW,POINT_BELOW_LIMIT
C09330,L5,ASIC,124.46,1.205,11.6271,12.273,12.3713,12.9616,1.2129,1.3043,1.3323,1.3577,Normal,50.0,batch_5,0.6458999999999993,17.11006032469714,-1.2751418531167253,35.49526250251101,36.77040435562773,False,False,False,-4.14846032469714,4.14846032469714,0.0414497347423818,False,VERY_LOW,POINT_BELOW_LIMIT
C09331,L5,ASIC,125.15,1.207,11.3686,12.2074,16.6724,22.0514,1.1782,1.2753,1.7979,2.5182,Latent_Defect,50.0,batch_5,0.8387999999999991,15.352416818312943,-3.0327853595009238,33.73761899612681,36.77040435562773,False,False,False,6.698983181687058,6.698983181687058,0.04167890997890998,False,VERY_LOW,POINT_BELOW_LIMIT
C09332,L5,DAC,124.79,1.817,12.0471,13.3909,16.1067,20.56,1.2842,1.4289,1.7718,2.2585,Latent_Defect,50.0,batch_5,1.3437999999999999,30.62298504236112,12.237782864547253,49.00818722017499,36.77040435562773,False,False,False,-10.06298504236112,10.06298504236112,0.47116130593431027,False,MEDIUM,POINT_BELOW_LIMIT
C09333,L5,FPGA,124.61,1.087,11.6438,12.59,13.115,14.6749,1.2432,1.2944,1.3808,1.5571,Normal,50.0,batch_5,0.9461999999999993,20.05522255706585,1.6700203792519837,38.44042473487971,36.77040435562773,False,False,False,-5.380322557065851,5.380322557065851,0.11665119863796335,False,VERY_LOW,POINT_BELOW_LIMIT
C09334,L5,ADC,125.22,1.803,11.6034,12.8781,13.7951,14.1573,1.2106,1.3525,1.4596,1.4675,Normal,50.0,batch_5,1.2746999999999993,22.671053197375546,4.2858510195616795,41.05625537518941,36.77040435562773,False,False,False,-8.513753197375546,8.513753197375546,0.25444541740808047,False,LOW,POINT_BELOW_LIMIT
C09335,L5,ADC,124.54,1.827,10.8266,11.2884,11.7942,12.464,1.1152,1.1553,1.2858,1.3075,Normal,50.0,batch_5,0.4618000000000002,16.12748840820424,-2.2577137696096266,34.51269058601811,36.77040435562773,False,False,False,-3.6634884082042394,3.6634884082042394,0.05905458707958709,False,VERY_LOW,POINT_BELOW_LIMIT
C09336,L5,FPGA,126.93,1.102,11.3678,12.0204,12.7137,13.2937,1.2106,1.2503,1.3828,1.4348,Normal,50.0,batch_5,0.6525999999999996,18.00489033664445,-0.38031184116941574,36.39009251445832,36.77040435562773,False,False,False,-4.711190336644451,4.711190336644451,0.17251102209567848,False,LOW,POINT_BELOW_LIMIT
C09337,L5,DAC,124.89,1.791,12.2982,13.9942,16.7842,23.6924,1.2818,1.5018,1.7901,2.6963,Latent_Defect,50.0,batch_5,1.6959999999999997,39.06223527575546,20.677033097941596,57.44743745356933,36.77040435562773,False,True,False,-15.369835275755463,15.369835275755463,0.7627323689356368,True,HIGH,POINT_BELOW_LIMIT
C09338,L5,ASIC,126.17,1.197,10.8076,12.1471,12.7653,13.6624,1.0761,1.2233,1.2817,1.4671,Normal,50.0,batch_5,1.3394999999999992,31.506504409309144,13.121302231495278,49.89170658712301,36.77040435562773,False,False,False,-17.844104409309146,17.844104409309146,0.46072778355579014,False,MEDIUM,POINT_BELOW_LIMIT
C09339,L5,DAC,125.29,1.792,12.1873,13.2911,15.3542,23.308,1.2499,1.4218,1.6451,2.6618,Latent_Defect,50.0,batch_5,1.1037999999999997,22.368117165972254,3.982914988158388,40.75331934378612,36.77040435562773,False,False,False,0.9398828340277454,0.9398828340277454,0.13017539519017843,False,VERY_LOW,POINT_BELOW_LIMIT
C09340,L5,DAC,125.96,1.801,12.2281,13.1408,14.0321,14.2333,1.2939,1.4061,1.4757,1.5247,Normal,50.0,batch_5,0.912700000000001,21.916098899432438,3.5308967216185714,40.30130107724631,36.77040435562773,False,False,False,-7.682798899432438,7.682798899432438,0.2529844462992274,False,LOW,POINT_BELOW_LIMIT
C09341,L5,ADC,124.53,1.805,12.0161,13.438,14.7299,36.5977,1.2577,1.3716,1.5494,4.5275,Sudden_Anomaly,50.0,batch_5,1.4219000000000008,34.95575239801586,16.570550220201994,53.34095457582973,36.77040435562773,False,True,False,1.6419476019841426,1.6419476019841426,0.5958448192301904,True,MEDIUM,POINT_BELOW_LIMIT
C09342,L5,FPGA,123.97,1.135,11.6355,12.3688,13.4969,14.4725,1.1971,1.3195,1.4277,1.4934,Normal,50.0,batch_5,0.7332999999999998,17.37277042251984,-1.0124317552940276,35.7579726003337,36.77040435562773,False,False,False,-2.9002704225198386,2.9002704225198386,0.12736258982942206,False,VERY_LOW,POINT_BELOW_LIMIT
C09343,L5,ASIC,125.17,1.213,11.6569,12.7247,13.7777,14.2834,1.1979,1.3061,1.4822,1.4771,Normal,50.0,batch_5,1.0678,20.450412609027783,2.0652104312139166,38.835614786841646,36.77040435562773,False,False,False,-6.167012609027783,6.167012609027783,0.20238872423309523,False,LOW,POINT_BELOW_LIMIT
C09344,L5,ASIC,123.34,1.191,11.6692,12.54,13.1601,14.1782,1.2002,1.3107,1.3792,1.5015,Normal,50.0,batch_5,0.8707999999999991,20.835696558459585,2.4504943806457185,39.220898736273455,36.77040435562773,False,False,False,-6.657496558459584,6.657496558459584,0.23084551374015974,False,LOW,POINT_BELOW_LIMIT
C09345,L5,FPGA,126.21,1.114,11.667,12.6043,13.5286,14.5581,1.2052,1.3416,1.467,1.5874,Normal,50.0,batch_5,0.9373000000000005,16.774360273710318,-1.6108419041035482,35.15956245152418,36.77040435562773,False,False,False,-2.2162602737103185,2.2162602737103185,0.050896991258244456,False,VERY_LOW,POINT_BELOW_LIMIT
C09346,L5,ASIC,125.0,1.208,11.6911,12.2246,13.1288,15.0754,1.2427,1.2448,1.3524,1.5796,Normal,50.0,batch_5,0.5335000000000001,15.524341779960311,-2.860860397853555,33.909543957774176,36.77040435562773,False,False,False,-0.44894177996031104,0.44894177996031104,0.0651111599271042,False,VERY_LOW,POINT_BELOW_LIMIT
C09347,L5,FPGA,125.96,1.071,11.3605,12.0301,12.8617,13.8828,1.1807,1.2607,1.3117,1.4516,Normal,50.0,batch_5,0.6695999999999991,18.386931976289688,0.0017297984758215534,36.772134154103554,36.77040435562773,False,False,False,-4.504131976289688,4.504131976289688,0.3119867822129161,False,LOW,POINT_BELOW_LIMIT
C09348,L5,ADC,125.91,1.785,11.3686,12.7384,15.8023,22.15,1.1599,1.3569,1.696,2.4748,Latent_Defect,50.0,batch_5,1.3697999999999997,28.953604063392874,10.568401885579007,47.33880624120674,36.77040435562773,False,False,False,-6.803604063392875,6.803604063392875,0.572321940196077,True,MEDIUM,POINT_BELOW_LIMIT
C09349,L5,DAC,124.38,1.799,12.2166,13.7082,18.449,58.5568,1.2739,1.4775,2.0243,8.2773,Absolute_Failure,50.0,batch_5,1.4916,35.28268787535047,16.897485697536602,53.667890053164335,36.77040435562773,False,True,True,23.274112124649534,23.274112124649534,0.6403455580976954,True,MEDIUM,POINT_BELOW_LIMIT
C09350,L5,DAC,124.56,1.804,11.7918,11.9684,11.8661,11.9018,1.2409,1.2786,1.2552,1.1993,High_Stable,50.0,batch_5,0.17660000000000053,13.85931400105519,-4.525888176758677,32.244516178869056,36.77040435562773,False,False,False,-1.9575140010551895,1.9575140010551895,0.04104475761596504,False,VERY_LOW,POINT_BELOW_LIMIT
C09351,L5,FPGA,124.89,1.08,11.2978,12.1847,12.4961,13.3926,1.135,1.2811,1.3523,1.439,Normal,50.0,batch_5,0.8868999999999989,18.80240370830799,0.4172015304941219,37.18760588612186,36.77040435562773,False,False,False,-5.409803708307988,5.409803708307988,0.255216090579776,False,LOW,POINT_BELOW_LIMIT
C09352,L5,FPGA,126.55,1.089,11.4747,11.8818,11.8525,13.2296,1.2147,1.2555,1.2484,1.3929,Normal,50.0,batch_5,0.4070999999999998,17.040707981694716,-1.3444941961191503,35.42591015950858,36.77040435562773,False,False,False,-3.8111079816947164,3.8111079816947164,0.07983088806618219,False,VERY_LOW,POINT_BELOW_LIMIT
C09353,L5,ASIC,125.21,1.2,11.3671,11.7191,12.3612,13.508,1.2032,1.2272,1.2867,1.4115,Normal,50.0,batch_5,0.35199999999999854,14.455395723809527,-3.929806454004339,32.8405979016234,36.77040435562773,False,False,False,-0.9473957238095281,0.9473957238095281,0.041506197723844784,False,VERY_LOW,POINT_BELOW_LIMIT
C09354,L5,ASIC,125.41,1.191,11.3644,13.1773,17.7505,24.0291,1.1756,1.3698,1.9102,2.6903,Latent_Defect,50.0,batch_5,1.8129000000000008,36.76240033164683,18.377198153832964,55.1476025094607,36.77040435562773,False,True,False,-12.73330033164683,12.73330033164683,0.6937722177894651,True,MEDIUM,POINT_BELOW_LIMIT
C09355,L5,ADC,124.98,1.819,12.1613,12.8629,14.1892,37.4689,1.2924,1.3946,1.505,4.6666,Sudden_Anomaly,50.0,batch_5,0.7015999999999991,17.74805821150793,-0.6371439663059348,36.1332603893218,36.77040435562773,False,False,False,19.720841788492066,19.720841788492066,0.0830702248388007,False,VERY_LOW,POINT_BELOW_LIMIT
C09356,L5,ADC,123.48,1.833,11.6852,12.2464,13.4841,14.0695,1.2162,1.3015,1.3777,1.5027,Normal,50.0,batch_5,0.5611999999999995,18.72391953918652,0.3387173613726553,37.10912171700039,36.77040435562773,False,False,False,-4.654419539186522,4.654419539186522,0.08678453972927658,False,VERY_LOW,POINT_BELOW_LIMIT
C09357,L5,FPGA,125.97,1.078,11.3777,13.3819,17.7737,22.9938,1.2183,1.3971,1.951,2.6009,Latent_Defect,50.0,batch_5,2.004199999999999,39.100285760921736,20.71508358310787,57.4854879387356,36.77040435562773,False,True,False,-16.106485760921736,16.106485760921736,0.757063545243171,True,HIGH,POINT_BELOW_LIMIT
C09358,L5,FPGA,126.02,1.101,11.3327,12.4554,13.3131,13.5025,1.1992,1.283,1.3689,1.3845,Normal,50.0,batch_5,1.1226999999999983,19.428284938690474,1.043082760876608,37.81348711650434,36.77040435562773,False,False,False,-5.925784938690475,5.925784938690475,0.2421070248696062,False,LOW,POINT_BELOW_LIMIT
C09359,L5,ADC,125.29,1.809,12.0766,12.8391,13.3992,14.126,1.2372,1.3522,1.4327,1.455,Normal,50.0,batch_5,0.7625000000000011,16.22018177202381,-2.165020405790056,34.60538394983767,36.77040435562773,False,False,False,-2.094181772023811,2.094181772023811,0.05853801198801199,False,VERY_LOW,POINT_BELOW_LIMIT
C09360,L5,ADC,125.32,1.804,11.4561,12.1686,12.8199,13.7108,1.1957,1.2811,1.3477,1.4713,Normal,50.0,batch_5,0.7125000000000004,16.751787502579365,-1.6334146752345013,35.13698968039323,36.77040435562773,False,False,False,-3.0409875025793642,3.0409875025793642,0.11428400909547973,False,VERY_LOW,POINT_BELOW_LIMIT
C09361,L5,ADC,124.7,1.81,11.8344,13.2341,15.588,20.6616,1.229,1.4043,1.6397,2.3337,Latent_Defect,50.0,batch_5,1.3996999999999993,31.080944692757917,12.695742514944051,49.466146870571784,36.77040435562773,False,False,False,-10.419344692757917,10.419344692757917,0.5052026572722083,True,MEDIUM,POINT_BELOW_LIMIT
C09362,L5,FPGA,123.94,1.104,11.9854,12.5332,13.6088,14.2437,1.27,1.2969,1.4371,1.5235,Normal,50.0,batch_5,0.5478000000000005,17.337846819886362,-1.0473553579275041,35.72304899770023,36.77040435562773,False,False,False,-3.0941468198863618,3.0941468198863618,0.03529337008021218,False,VERY_LOW,POINT_BELOW_LIMIT
C09363,L5,ASIC,125.68,1.19,11.0822,11.3493,12.6328,13.6004,1.1675,1.2051,1.3279,1.4409,Normal,50.0,batch_5,0.2670999999999992,16.474187508618012,-1.911014669195854,34.85938968643188,36.77040435562773,False,False,False,-2.873787508618012,2.873787508618012,0.1423686885869548,False,VERY_LOW,POINT_BELOW_LIMIT
C09364,L5,ASIC,125.66,1.194,11.7062,12.0399,12.8172,14.4205,1.2809,1.2375,1.3316,1.5404,Normal,50.0,batch_5,0.33369999999999855,15.826378215025258,-2.5588239627886082,34.211580392839124,36.77040435562773,False,False,False,-1.4058782150252576,1.4058782150252576,0.058154933138756665,False,VERY_LOW,POINT_BELOW_LIMIT
C09365,L5,ASIC,124.23,1.211,10.8559,11.6908,12.9177,14.1923,1.1547,1.2232,1.3665,1.5015,Normal,50.0,batch_5,0.8348999999999993,16.249163038194446,-2.1360391396194203,34.63436521600831,36.77040435562773,False,False,False,-2.0568630381944466,2.0568630381944466,0.10303153817802425,False,VERY_LOW,POINT_BELOW_LIMIT
C09366,L5,FPGA,124.52,1.083,11.1439,11.6413,12.0776,12.7828,1.1372,1.2351,1.2831,1.3005,Normal,50.0,batch_5,0.49739999999999895,15.815216694146834,-2.5699854836670326,34.2004188719607,36.77040435562773,False,False,False,-3.032416694146834,3.032416694146834,0.12625119033013768,False,VERY_LOW,POINT_BELOW_LIMIT
C09367,L5,FPGA,124.71,1.092,12.0729,12.2957,12.6437,13.0603,1.2571,1.2873,1.3218,1.3444,High_Stable,50.0,batch_5,0.22279999999999944,13.798243080104607,-4.58695909770926,32.18344525791847,36.77040435562773,False,False,False,-0.737943080104607,0.737943080104607,0.0043,False,VERY_LOW,POINT_BELOW_LIMIT
C09368,L5,FPGA,125.86,1.089,11.1608,11.7089,12.9316,13.7894,1.1359,1.2231,1.3282,1.4577,Normal,50.0,batch_5,0.5480999999999998,16.158491495331464,-2.226710682482402,34.54369367314533,36.77040435562773,False,False,False,-2.369091495331464,2.369091495331464,0.14350816885213163,False,VERY_LOW,POINT_BELOW_LIMIT
C09369,L5,ADC,124.22,1.828,11.9432,13.9091,21.4565,55.9883,1.252,1.5065,2.4222,7.8301,Absolute_Failure,50.0,batch_5,1.9659000000000013,41.94569126975105,23.560489091937185,60.33089344756492,36.77040435562773,False,True,True,14.04260873024895,14.04260873024895,0.8347318652510297,True,HIGH,POINT_BELOW_LIMIT
C09370,L5,ADC,124.41,1.835,11.4737,11.941,12.309,14.0983,1.1901,1.2475,1.2816,1.5372,Normal,50.0,batch_5,0.4673000000000016,16.986282646726195,-1.398919531087671,35.37148482454006,36.77040435562773,False,False,False,-2.8879826467261953,2.8879826467261953,0.03608767343767344,False,VERY_LOW,POINT_BELOW_LIMIT
C09371,L5,ASIC,124.36,1.211,11.2631,11.4674,11.5208,11.4344,1.1495,1.2072,1.2433,1.2084,High_Stable,50.0,batch_5,0.20429999999999993,15.343097771329356,-3.04210440648451,33.72829994914322,36.77040435562773,False,False,False,-3.908697771329356,3.908697771329356,0.08296299656655695,False,VERY_LOW,POINT_BELOW_LIMIT
C09372,L5,FPGA,122.98,1.097,11.8385,12.4767,13.3379,13.6436,1.2005,1.3166,1.4028,1.4313,Normal,50.0,batch_5,0.6381999999999994,16.868067002413554,-1.5171351754003126,35.25326918022742,36.77040435562773,False,False,False,-3.2244670024135544,3.2244670024135544,0.19460181186501685,False,LOW,POINT_BELOW_LIMIT
C09373,L5,ADC,124.95,1.819,11.6139,12.6368,13.7754,14.9139,1.2101,1.3265,1.5063,1.5894,Normal,50.0,batch_5,1.0229,18.237948870634916,-0.1472533071789499,36.62315104844878,36.77040435562773,False,False,False,-3.3240488706349165,3.3240488706349165,0.1676539096141889,False,LOW,POINT_BELOW_LIMIT
C09374,L5,FPGA,125.59,1.124,11.5012,13.3115,21.1834,56.8434,1.1949,1.4238,2.4108,7.9121,Absolute_Failure,50.0,batch_5,1.8102999999999998,27.470471485302177,9.08526930748831,45.85567366311604,36.77040435562773,False,False,True,29.372928514697826,29.372928514697826,0.40795321764616105,False,MEDIUM,POINT_BELOW_LIMIT
C09375,L5,DAC,125.52,1.807,12.0394,13.0748,13.11,14.0132,1.2761,1.3431,1.3912,1.5065,Normal,50.0,batch_5,1.0353999999999992,21.147735895337302,2.7625337175234357,39.53293807315117,36.77040435562773,False,False,False,-7.134535895337303,7.134535895337303,0.1954584467638969,False,LOW,POINT_BELOW_LIMIT
C09376,L5,ADC,124.72,1.814,12.01,12.6061,13.8374,14.7974,1.2763,1.3328,1.4816,1.5733,Normal,50.0,batch_5,0.5960999999999999,17.212805518749995,-1.172396659063871,35.59800769656386,36.77040435562773,False,False,False,-2.4154055187499957,2.4154055187499957,0.09147359340006395,False,VERY_LOW,POINT_BELOW_LIMIT
C09377,L5,FPGA,125.31,1.117,11.5781,12.0173,13.3984,14.6078,1.2759,1.2571,1.4376,1.5583,Normal,50.0,batch_5,0.43920000000000137,15.221691177299633,-3.1635110005142337,33.6068933551135,36.77040435562773,False,False,False,-0.6138911772996334,0.6138911772996334,0.11853750764199676,False,VERY_LOW,POINT_BELOW_LIMIT
C09378,L5,DAC,125.15,1.788,11.9025,13.3901,14.6462,29.4578,1.2508,1.4271,1.521,3.4664,Sudden_Anomaly,50.0,batch_5,1.4876000000000005,32.976607054960326,14.59140487714646,51.36180923277419,36.77040435562773,False,True,False,-3.5188070549603268,3.5188070549603268,0.6465548476457614,True,MEDIUM,POINT_BELOW_LIMIT
C09379,L5,ADC,124.65,1.783,11.7565,12.5522,12.7802,14.328,1.2292,1.2967,1.3885,1.5282,Normal,50.0,batch_5,0.7956999999999983,18.031160048169184,-0.3540421296446823,36.41636222598305,36.77040435562773,False,False,False,-3.7031600481691846,3.7031600481691846,0.08664108513319041,False,VERY_LOW,POINT_BELOW_LIMIT
C09380,L5,FPGA,124.01,1.119,11.0541,12.048,12.5523,13.2127,1.1256,1.2585,1.3478,1.3855,Normal,50.0,batch_5,0.9939,19.536620112677237,1.151417934863371,37.92182229049111,36.77040435562773,False,False,False,-6.3239201126772375,6.3239201126772375,0.14985573935912697,False,VERY_LOW,POINT_BELOW_LIMIT
C09381,L5,FPGA,124.08,1.095,11.0039,11.7445,12.6168,13.1936,1.1237,1.209,1.3319,1.3752,Normal,50.0,batch_5,0.7406000000000006,16.005337769537817,-2.379864408276049,34.390539947351684,36.77040435562773,False,False,False,-2.8117377695378174,2.8117377695378174,0.12582971988570363,False,VERY_LOW,POINT_BELOW_LIMIT
C09382,L5,FPGA,127.09,1.082,11.9486,14.023,17.802,24.7079,1.2364,1.464,1.9425,2.8288,Latent_Defect,50.0,batch_5,2.074399999999999,42.45080248095236,24.065600303138496,60.83600465876623,36.77040435562773,False,True,False,-17.742902480952363,17.742902480952363,0.8576776421408167,True,HIGH,POINT_BELOW_LIMIT
C09383,L5,ADC,124.36,1.801,11.3799,12.9609,14.764,27.903,1.1397,1.3376,1.5901,3.2728,Sudden_Anomaly,50.0,batch_5,1.5810000000000013,41.284568933649005,22.89936675583514,59.66977111146287,36.77040435562773,False,True,False,-13.381568933649007,13.381568933649007,0.7938270599602512,True,HIGH,POINT_BELOW_LIMIT
C09384,L5,ASIC,125.59,1.182,10.7305,11.7598,12.2131,13.1851,1.1237,1.2229,1.2876,1.3894,Normal,50.0,batch_5,1.029300000000001,16.06839181946427,-2.3168103583495956,34.45359399727813,36.77040435562773,False,False,False,-2.8832918194642705,2.8832918194642705,0.1374649863553585,False,VERY_LOW,POINT_BELOW_LIMIT
C09385,L5,ASIC,123.47,1.189,11.9899,13.173,17.2821,24.4185,1.2767,1.3857,1.9189,2.7812,Latent_Defect,50.0,batch_5,1.1830999999999996,20.160504589781738,1.7753024119678713,38.545706767595604,36.77040435562773,False,False,False,4.257995410218264,4.257995410218264,0.07566538841275684,False,VERY_LOW,POINT_BELOW_LIMIT
C09386,L5,ADC,123.69,1.789,11.58,12.2271,14.413,27.5707,1.2232,1.2845,1.4846,3.2246,Sudden_Anomaly,50.0,batch_5,0.6471,15.687600201190484,-2.697601976623382,34.07280237900435,36.77040435562773,False,False,False,11.883099798809514,11.883099798809514,0.026188572277395808,False,VERY_LOW,POINT_BELOW_LIMIT
C09387,L5,DAC,124.03,1.755,12.4233,14.636,22.9695,57.3164,1.3034,1.5556,2.6242,8.0965,Absolute_Failure,50.0,batch_5,2.2127,50.48424355654757,32.0990413787337,68.86944573436143,36.77040435562773,True,True,True,6.832156443452433,6.832156443452433,0.9373467066618942,True,HIGH,POINT_ABOVE_LIMIT
C09388,L5,DAC,125.65,1.799,12.1473,13.2276,13.7763,14.2142,1.2655,1.4174,1.4469,1.5083,Normal,50.0,batch_5,1.0803000000000011,19.438217954960326,1.0530157771464594,37.82342013277419,36.77040435562773,False,False,False,-5.224017954960326,5.224017954960326,0.1849662570571071,False,LOW,POINT_BELOW_LIMIT
C09389,L5,FPGA,126.42,1.112,11.5636,12.3523,13.0654,13.8612,1.1895,1.2898,1.3858,1.4793,Normal,50.0,batch_5,0.7887000000000004,15.597168220948214,-2.788033956865652,33.98237039876208,36.77040435562773,False,False,False,-1.7359682209482141,1.7359682209482141,0.055390724251593824,False,VERY_LOW,POINT_BELOW_LIMIT
C09390,L5,FPGA,126.09,1.105,11.0739,12.3137,12.9618,13.519,1.1547,1.2668,1.3947,1.4178,Normal,50.0,batch_5,1.2398000000000007,19.847279926686493,1.4620777488726269,38.23248210450036,36.77040435562773,False,False,False,-6.328279926686493,6.328279926686493,0.3415082580532739,False,LOW,POINT_BELOW_LIMIT
C09391,L5,FPGA,125.39,1.092,11.7212,13.0354,19.35,55.7701,1.2557,1.3505,2.1416,7.7684,Absolute_Failure,50.0,batch_5,1.3141999999999996,22.851581906818197,4.466379729004331,41.23678408463206,36.77040435562773,False,False,True,32.9185180931818,32.9185180931818,0.22057423077438548,False,LOW,POINT_BELOW_LIMIT
C09392,L5,ASIC,126.05,1.213,11.9428,12.1436,12.31,12.7642,1.231,1.2409,1.2991,1.345,High_Stable,50.0,batch_5,0.2007999999999992,14.035876428544366,-4.3493257492695,32.421078606358236,36.77040435562773,False,False,False,-1.2716764285443656,1.2716764285443656,0.08149308118781802,False,VERY_LOW,POINT_BELOW_LIMIT
C09393,L5,FPGA,124.8,1.094,11.8278,13.1609,13.5065,14.653,1.2828,1.377,1.5005,1.5704,Normal,50.0,batch_5,1.3331,27.598492965674605,9.213290787860739,45.983695143488475,36.77040435562773,False,False,False,-12.945492965674605,12.945492965674605,0.3841076792776178,False,LOW,POINT_BELOW_LIMIT
C09394,L5,FPGA,125.35,1.078,11.3015,12.2575,13.1241,13.4297,1.1628,1.2891,1.3884,1.4235,Normal,50.0,batch_5,0.9559999999999995,17.90586868077618,-0.47933349703768613,36.29107085859005,36.77040435562773,False,False,False,-4.47616868077618,4.47616868077618,0.2718351756090784,False,LOW,POINT_BELOW_LIMIT
C09395,L5,FPGA,125.45,1.087,11.2872,13.6438,23.2475,51.1453,1.1567,1.4327,2.6321,6.9615,Absolute_Failure,50.0,batch_5,2.3566000000000003,52.524577933035644,34.13937575522178,70.90978011084951,36.77040435562773,True,True,True,-1.3792779330356453,1.3792779330356453,0.9782435459964871,True,HIGH,POINT_ABOVE_LIMIT
C09396,L5,DAC,125.67,1.843,12.7084,13.471,14.187,15.2179,1.3418,1.4212,1.5013,1.6394,Normal,50.0,batch_5,0.7626000000000008,19.217073923364033,0.831871745550167,37.6022761011779,36.77040435562773,False,False,False,-3.999173923364033,3.999173923364033,0.13932777728807133,False,VERY_LOW,POINT_BELOW_LIMIT
C09397,L5,ADC,123.38,1.795,12.1376,12.323,12.5501,12.8864,1.2469,1.2967,1.3236,1.3482,High_Stable,50.0,batch_5,0.18539999999999957,14.928241513095237,-3.456960664718629,33.313443690909104,36.77040435562773,False,False,False,-2.041841513095237,2.041841513095237,0.013898679339983688,False,VERY_LOW,POINT_BELOW_LIMIT
C09398,L5,FPGA,126.02,1.088,11.7985,12.409,13.4947,13.9038,1.2285,1.3217,1.4077,1.4898,Normal,50.0,batch_5,0.6105,17.814086704971565,-0.5711154728423011,36.19928888278543,36.77040435562773,False,False,False,-3.910286704971565,3.910286704971565,0.19201343014159666,False,LOW,POINT_BELOW_LIMIT
C09399,L5,FPGA,124.07,1.089,11.1559,12.0572,12.4606,13.1135,1.1967,1.2473,1.3298,1.4245,Normal,50.0,batch_5,0.9012999999999991,16.769752832462686,-1.6154493453511805,35.15495501027655,36.77040435562773,False,False,False,-3.6562528324626857,3.6562528324626857,0.0992712993636021,False,VERY_LOW,POINT_BELOW_LIMIT
C09400,L5,ADC,124.12,1.799,12.4343,12.6476,12.8901,12.9527,1.3056,1.3087,1.363,1.3579,High_Stable,50.0,batch_5,0.21330000000000027,13.422632037996031,-4.962570139817835,31.807834215809898,36.77040435562773,False,False,False,-0.4699320379960312,0.4699320379960312,0.006137662337662337,False,VERY_LOW,POINT_BELOW_LIMIT
C09401,L5,FPGA,125.35,1.073,11.1213,12.0823,12.7652,13.4884,1.2033,1.2488,1.2989,1.4386,Normal,50.0,batch_5,0.9610000000000003,18.907627146577024,0.5224249687631577,37.292829324390894,36.77040435562773,False,False,False,-5.419227146577024,5.419227146577024,0.27665775954421357,False,LOW,POINT_BELOW_LIMIT
C09402,L5,FPGA,123.48,1.076,11.4072,12.5557,13.0709,14.2263,1.1701,1.3431,1.4268,1.5355,Normal,50.0,batch_5,1.1485000000000003,22.902093859027786,4.51689168121392,41.28729603684165,36.77040435562773,False,False,False,-8.675793859027786,8.675793859027786,0.31888724742525393,False,LOW,POINT_BELOW_LIMIT
C09403,L5,FPGA,124.46,1.079,11.5208,12.7841,17.0999,53.6267,1.226,1.3126,1.8266,7.3593,Absolute_Failure,50.0,batch_5,1.263300000000001,22.969716302281757,4.584514124467891,41.35491848009562,36.77040435562773,False,False,True,30.656983697718243,30.656983697718243,0.20202966167819109,False,LOW,POINT_BELOW_LIMIT
C09404,L5,ADC,123.89,1.803,11.8481,13.1985,13.4636,13.4732,1.2041,1.4064,1.3938,1.4351,Normal,50.0,batch_5,1.3503999999999987,30.650055030357116,12.26485285254325,49.03525720817098,36.77040435562773,False,False,False,-17.176855030357117,17.176855030357117,0.4556190116522622,False,MEDIUM,POINT_BELOW_LIMIT
C09405,L5,FPGA,125.47,1.101,11.3872,12.5639,15.1143,41.3615,1.2096,1.2875,1.5933,5.3141,Sudden_Anomaly,50.0,batch_5,1.1767000000000003,19.005956010615087,0.6207538328012205,37.39115818842895,36.77040435562773,False,False,False,22.355543989384913,22.355543989384913,0.09666222413637272,False,VERY_LOW,POINT_BELOW_LIMIT
C09406,L5,ASIC,124.87,1.22,11.4886,12.8687,16.8998,21.5976,1.2019,1.3369,1.8306,2.4118,Latent_Defect,50.0,batch_5,1.3801000000000005,35.04446750468072,16.65926532686685,53.429669682494584,36.77040435562773,False,True,False,-13.446867504680718,13.446867504680718,0.6765889052556148,True,MEDIUM,POINT_BELOW_LIMIT
C09407,L5,ASIC,125.7,1.188,12.0186,12.8234,13.4704,14.8059,1.2998,1.3836,1.4174,1.5862,Normal,50.0,batch_5,0.8048000000000002,18.062020127876984,-0.32318204993688227,36.44722230569085,36.77040435562773,False,False,False,-3.2561201278769847,3.2561201278769847,0.058294436248306214,False,VERY_LOW,POINT_BELOW_LIMIT
C09408,L5,FPGA,124.29,1.112,11.8242,12.6699,12.7661,13.2488,1.2305,1.2851,1.3302,1.4198,Normal,50.0,batch_5,0.8457000000000008,19.511396209424632,1.1261940316107655,37.8965983872385,36.77040435562773,False,False,False,-6.262596209424633,6.262596209424633,0.2256951674658331,False,LOW,POINT_BELOW_LIMIT
C09409,L5,ADC,124.37,1.794,11.535,12.3965,13.3722,14.2752,1.2527,1.2894,1.4448,1.5195,Normal,50.0,batch_5,0.8614999999999995,18.179343453075372,-0.2058587247384942,36.56454563088924,36.77040435562773,False,False,False,-3.9041434530753722,3.9041434530753722,0.09782258706206075,False,VERY_LOW,POINT_BELOW_LIMIT
C09410,L5,ASIC,125.18,1.179,11.6637,12.4035,12.7598,13.5186,1.2128,1.2942,1.3351,1.4357,Normal,50.0,batch_5,0.7397999999999989,17.037187963636363,-1.3480142141775033,35.42239014145023,36.77040435562773,False,False,False,-3.5185879636363637,3.5185879636363637,0.062128915528915536,False,VERY_LOW,POINT_BELOW_LIMIT
C09411,L5,ADC,125.86,1.811,11.6405,11.905,12.4691,14.0252,1.2103,1.2722,1.3055,1.5142,Normal,50.0,batch_5,0.26449999999999996,15.767893856150797,-2.617308321663069,34.153096033964665,36.77040435562773,False,False,False,-1.7426938561507974,1.7426938561507974,0.1037106514830199,False,VERY_LOW,POINT_BELOW_LIMIT
C09412,L5,DAC,125.97,1.81,12.0102,12.6997,13.274,14.0317,1.2823,1.3368,1.3591,1.4925,Normal,50.0,batch_5,0.6895000000000007,19.24400038958334,0.858798211769475,37.62920256739721,36.77040435562773,False,False,False,-5.212300389583341,5.212300389583341,0.0627141575744517,False,VERY_LOW,POINT_BELOW_LIMIT
C09413,L5,ADC,124.55,1.8,12.1543,12.9313,13.8635,14.8672,1.2967,1.3542,1.4504,1.5814,Normal,50.0,batch_5,0.777000000000001,16.593369417361117,-1.791832760452749,34.978571595174984,36.77040435562773,False,False,False,-1.7261694173611168,1.7261694173611168,0.017949328449328446,False,VERY_LOW,POINT_BELOW_LIMIT
C09414,L5,FPGA,126.02,1.091,11.7314,11.9991,12.2866,12.6478,1.2167,1.2562,1.2933,1.282,High_Stable,50.0,batch_5,0.2676999999999996,14.394898703619317,-3.9903034741945493,32.780100881433185,36.77040435562773,False,False,False,-1.7470987036193169,1.7470987036193169,0.07240318488700842,False,VERY_LOW,POINT_BELOW_LIMIT
C09415,L5,DAC,125.21,1.812,11.9469,12.8918,13.1868,14.7209,1.2518,1.3246,1.3817,1.5471,Normal,50.0,batch_5,0.9449000000000005,15.6842451764881,-2.700957001325767,34.069447354301964,36.77040435562773,False,False,False,-0.9633451764880991,0.9633451764880991,0.06253011184721712,False,VERY_LOW,POINT_BELOW_LIMIT
C09416,L5,FPGA,126.19,1.072,11.494,12.0133,12.4827,13.5844,1.2639,1.2737,1.3262,1.4631,Normal,50.0,batch_5,0.5192999999999994,16.52260088006978,-1.8626012977440851,34.90780305788365,36.77040435562773,False,False,False,-2.9382008800697808,2.9382008800697808,0.09070833398627512,False,VERY_LOW,POINT_BELOW_LIMIT
C09417,L5,ASIC,124.63,1.182,12.2879,13.3175,13.9523,14.4837,1.2694,1.3784,1.4459,1.5812,Normal,50.0,batch_5,1.0296000000000003,18.13947646313131,-0.24572571468255688,36.524678640945176,36.77040435562773,False,False,False,-3.6557764631313088,3.6557764631313088,0.08914985350906403,False,VERY_LOW,POINT_BELOW_LIMIT
C09418,L5,FPGA,126.13,1.103,11.4951,11.7994,12.6335,13.7786,1.1865,1.2304,1.3581,1.4785,Normal,50.0,batch_5,0.30429999999999957,15.066743208348992,-3.3184589694648743,33.45194538616286,36.77040435562773,False,False,False,-1.2881432083489912,1.2881432083489912,0.06099638891380378,False,VERY_LOW,POINT_BELOW_LIMIT
C09419,L5,FPGA,124.26,1.083,11.2222,12.398,14.2474,40.5822,1.1642,1.3262,1.534,5.1663,Sudden_Anomaly,50.0,batch_5,1.1757999999999988,20.61337842748016,2.2281762496662942,38.99858060529402,36.77040435562773,False,False,False,19.96882157251984,19.96882157251984,0.29664192819729485,False,LOW,POINT_BELOW_LIMIT
C09420,L5,DAC,124.13,1.792,11.5344,12.1316,12.5689,13.8689,1.2371,1.278,1.3418,1.4938,Normal,50.0,batch_5,0.5972000000000008,15.22416118194443,-3.1610409958694365,33.6093633597583,36.77040435562773,False,False,False,-1.3552611819444298,1.3552611819444298,0.04201118048618049,False,VERY_LOW,POINT_BELOW_LIMIT
C09421,L5,ASIC,124.53,1.213,11.1863,11.3164,12.1428,13.2846,1.1488,1.1611,1.2652,1.4369,Normal,50.0,batch_5,0.13010000000000055,15.989877529258981,-2.395324648554885,34.37507970707285,36.77040435562773,False,False,False,-2.705277529258982,2.705277529258982,0.07395998116090993,False,VERY_LOW,POINT_BELOW_LIMIT
C09422,L5,FPGA,125.22,1.108,11.5138,13.8477,19.9173,59.6491,1.1666,1.4975,2.2203,8.5533,Absolute_Failure,50.0,batch_5,2.3339,53.02031620168649,34.635114023872625,71.40551837950036,36.77040435562774,True,True,True,6.628783798313506,6.628783798313506,0.9767823405532745,True,HIGH,POINT_ABOVE_LIMIT
C09423,L5,ASIC,123.48,1.182,11.3993,12.4511,12.5828,13.1567,1.2099,1.32,1.3049,1.3694,Normal,50.0,batch_5,1.0518,19.420026201347135,1.0348240235332682,37.805228379161,36.77040435562773,False,False,False,-6.263326201347134,6.263326201347134,0.19992452454793072,False,LOW,POINT_BELOW_LIMIT
C09424,L5,ASIC,125.13,1.224,11.8666,12.0272,12.1566,11.9355,1.215,1.2478,1.2556,1.2304,High_Stable,50.0,batch_5,0.16060000000000052,12.945108242361114,-5.440093935452753,31.330310420174982,36.77040435562773,False,False,False,-1.0096082423611143,1.0096082423611143,0.028863550459202636,False,VERY_LOW,POINT_BELOW_LIMIT
C09425,L5,DAC,125.35,1.818,12.7695,12.9028,12.8416,12.9538,1.3057,1.4195,1.3287,1.3813,High_Stable,50.0,batch_5,0.13329999999999842,14.78558658901515,-3.5996155887987165,33.17078876682902,36.77040435562773,False,False,False,-1.8317865890151506,1.8317865890151506,0.10883978080742784,False,VERY_LOW,POINT_BELOW_LIMIT
C09426,L5,ASIC,125.47,1.193,12.1288,12.4715,13.1669,13.7013,1.2703,1.2892,1.3888,1.4294,Normal,50.0,batch_5,0.34270000000000067,14.622025055600657,-3.763177122213209,33.007227233414525,36.77040435562773,False,False,False,-0.9207250556006574,0.9207250556006574,0.06568226250873309,False,VERY_LOW,POINT_BELOW_LIMIT
C09427,L5,DAC,124.05,1.791,11.7288,12.832,15.7573,22.0825,1.2651,1.3383,1.6236,2.5278,Latent_Defect,50.0,batch_5,1.103200000000001,21.29039778421299,2.905195606399122,39.67559996202685,36.77040435562773,False,False,False,0.7921022157870112,0.7921022157870112,0.21259475294825275,False,LOW,POINT_BELOW_LIMIT
C09428,L5,ASIC,124.41,1.183,11.2182,11.3366,11.2773,11.6187,1.113,1.1638,1.1926,1.2061,High_Stable,50.0,batch_5,0.11840000000000117,17.33034381077742,-1.054858367036445,35.71554598859129,36.77040435562773,False,False,False,-5.711643810777421,5.711643810777421,0.08087531154775736,False,VERY_LOW,POINT_BELOW_LIMIT
C09429,L5,ASIC,125.26,1.182,10.9344,11.3736,12.4473,12.5622,1.1698,1.1784,1.3423,1.3469,Normal,50.0,batch_5,0.4391999999999996,14.94333668078771,-3.441865497026157,33.328538858601576,36.77040435562773,False,False,False,-2.3811366807877086,2.3811366807877086,0.07905293718149757,False,VERY_LOW,POINT_BELOW_LIMIT
C09430,L5,DAC,125.1,1.799,11.9815,12.6365,15.345,40.9017,1.2622,1.3124,1.6199,5.2153,Sudden_Anomaly,50.0,batch_5,0.6549999999999994,18.11884646388889,-0.2663557139249768,36.50404864170275,36.77040435562773,False,False,False,22.78285353611111,22.78285353611111,0.16921725787112765,False,LOW,POINT_BELOW_LIMIT
C09431,L5,ADC,125.65,1.769,12.1062,11.994,11.9136,11.8448,1.2841,1.2477,1.2231,1.1983,High_Stable,50.0,batch_5,-0.11219999999999963,12.586535451289695,-5.798666726524171,30.97173762910356,36.77040435562773,False,False,False,-0.7417354512896956,0.7417354512896956,0.0054285714285714284,False,VERY_LOW,POINT_BELOW_LIMIT
C09432,L5,FPGA,124.87,1.07,11.4367,11.5229,11.5131,11.2798,1.2113,1.2146,1.1866,1.1625,High_Stable,50.0,batch_5,0.08619999999999983,13.29037083343255,-5.094831344381316,31.675573011246417,36.77040435562773,False,False,False,-2.010570833432551,2.010570833432551,0.07486777901664897,False,VERY_LOW,POINT_BELOW_LIMIT
C09433,L5,ADC,123.93,1.782,11.3443,12.9658,22.8954,54.5237,1.1491,1.3145,2.6148,7.5555,Absolute_Failure,50.0,batch_5,1.6214999999999993,38.654947033035725,20.26974485522186,57.04014921084959,36.77040435562773,False,True,True,15.868752966964273,15.868752966964273,0.6598351126801286,True,MEDIUM,POINT_BELOW_LIMIT
C09434,L5,FPGA,125.58,1.102,12.3877,13.5391,14.2759,41.4636,1.3021,1.4295,1.533,5.3059,Sudden_Anomaly,50.0,batch_5,1.1513999999999989,20.145000416870914,1.759798239057048,38.53020259468478,36.77040435562773,False,False,False,21.318599583129085,21.318599583129085,0.1441338814924425,False,VERY_LOW,POINT_BELOW_LIMIT
C09435,L5,DAC,124.28,1.795,12.0947,12.9943,13.6929,14.2918,1.3024,1.3772,1.4371,1.542,Normal,50.0,batch_5,0.8996000000000013,17.282753697123017,-1.1024484806908497,35.66795587493688,36.77040435562773,False,False,False,-2.9909536971230164,2.9909536971230164,0.07347792444913186,False,VERY_LOW,POINT_BELOW_LIMIT
C09436,L5,FPGA,125.94,1.066,11.6112,12.7333,13.306,14.0723,1.2206,1.3878,1.4052,1.492,Normal,50.0,batch_5,1.1220999999999997,25.405608127777782,7.020405949963916,43.79081030559165,36.77040435562773,False,False,False,-11.333308127777782,11.333308127777782,0.20096245404655244,False,LOW,POINT_BELOW_LIMIT
C09437,L5,FPGA,124.45,1.101,11.4086,11.7285,12.9843,34.1377,1.2015,1.2064,1.4032,4.1736,Sudden_Anomaly,50.0,batch_5,0.3199000000000005,14.491263360606052,-3.8939388172078147,32.87646553841992,36.77040435562773,False,False,False,19.64643663939395,19.64643663939395,0.07309676140852614,False,VERY_LOW,POINT_BELOW_LIMIT
C09438,L5,ASIC,125.45,1.226,11.5359,12.514,12.7149,13.2524,1.1849,1.3331,1.3581,1.3681,Normal,50.0,batch_5,0.9780999999999995,18.48318716269842,0.09798498488455465,36.86838934051229,36.77040435562773,False,False,False,-5.230787162698421,5.230787162698421,0.1477009118722993,False,VERY_LOW,POINT_BELOW_LIMIT
C09439,L5,ADC,124.3,1.804,12.511,13.4056,14.1752,15.0769,1.3016,1.4282,1.5147,1.6442,Normal,50.0,batch_5,0.8946000000000005,18.518485537885148,0.13328336007128172,36.903687715699014,36.77040435562773,False,False,False,-3.441585537885148,3.441585537885148,0.06774628427128429,False,VERY_LOW,POINT_BELOW_LIMIT
C09440,L5,FPGA,124.81,1.097,11.6369,13.1994,20.0458,50.208,1.2726,1.4196,2.2202,6.7791,Absolute_Failure,50.0,batch_5,1.5625,36.108402297123014,17.723200119309148,54.49360447493688,36.77040435562773,False,True,True,14.099597702876984,14.099597702876984,0.6974278224771491,True,MEDIUM,POINT_BELOW_LIMIT
C09441,L5,FPGA,125.61,1.099,11.6517,13.496,16.8344,21.4061,1.2468,1.4396,1.8436,2.3833,Latent_Defect,50.0,batch_5,1.8443000000000005,36.93558046180555,18.550378283991684,55.320782639619416,36.77040435562773,False,True,False,-15.529480461805552,15.529480461805552,0.7882673050487147,True,HIGH,POINT_BELOW_LIMIT
C09442,L5,FPGA,125.54,1.104,11.6339,12.2021,13.4278,14.0399,1.2053,1.2716,1.4208,1.4467,Normal,50.0,batch_5,0.5681999999999992,16.285879351002514,-2.0993228268113526,34.67108152881638,36.77040435562773,False,False,False,-2.2459793510025143,2.2459793510025143,0.1461034109337514,False,VERY_LOW,POINT_BELOW_LIMIT
C09443,L5,DAC,125.87,1.777,12.5586,13.5306,14.2592,14.8142,1.2939,1.4368,1.5574,1.5408,Normal,50.0,batch_5,0.9719999999999995,19.35527433190449,0.970072154090623,37.740476509718356,36.77040435562773,False,False,False,-4.54107433190449,4.54107433190449,0.20048205618606116,False,LOW,POINT_BELOW_LIMIT
C09444,L5,ASIC,124.06,1.216,12.0659,12.4457,12.8156,13.3247,1.2488,1.3156,1.4007,1.4404,High_Stable,50.0,batch_5,0.37980000000000125,15.93520609945886,-2.4499960783550065,34.320408277272726,36.77040435562773,False,False,False,-2.61050609945886,2.61050609945886,0.012150000000000001,False,VERY_LOW,POINT_BELOW_LIMIT
C09445,L5,DAC,125.46,1.778,12.3165,12.6109,13.4434,13.7142,1.3526,1.3189,1.4268,1.4903,Normal,50.0,batch_5,0.2944000000000013,15.615673187500013,-2.7695289903138534,34.00087536531388,36.77040435562773,False,False,False,-1.901473187500013,1.901473187500013,0.04260552503052504,False,VERY_LOW,POINT_BELOW_LIMIT
C09446,L5,ADC,124.45,1.797,11.6871,12.2546,13.2651,13.54,1.2467,1.2863,1.4419,1.4391,Normal,50.0,batch_5,0.5675000000000008,15.551176804464296,-2.8340253733495704,33.936378982278164,36.77040435562773,False,False,False,-2.011176804464297,2.011176804464297,0.022163912231559287,False,VERY_LOW,POINT_BELOW_LIMIT
C09447,L5,FPGA,126.19,1.098,11.8742,12.0626,12.1098,12.343,1.218,1.2941,1.2513,1.3083,High_Stable,50.0,batch_5,0.18839999999999968,13.474324754166672,-4.910877423647195,31.85952693198054,36.77040435562773,False,False,False,-1.1313247541666716,1.1313247541666716,0.07804201550083902,False,VERY_LOW,POINT_BELOW_LIMIT
C09448,L5,ASIC,124.7,1.197,11.063,12.0362,15.0593,19.77,1.1325,1.3014,1.6606,2.2164,Latent_Defect,50.0,batch_5,0.9731999999999985,20.402067611255394,2.0168654334415272,38.787269789069256,36.77040435562773,False,False,False,-0.632067611255394,0.632067611255394,0.2511107125426656,False,LOW,POINT_BELOW_LIMIT
C09449,L5,ADC,124.07,1.783,11.8716,12.5852,13.5341,13.8314,1.2795,1.3288,1.4403,1.435,Normal,50.0,batch_5,0.7135999999999996,16.28381380615079,-2.1013883716630772,34.669015983964655,36.77040435562773,False,False,False,-2.4524138061507887,2.4524138061507887,0.06026825377237144,False,VERY_LOW,POINT_BELOW_LIMIT
C09450,L5,FPGA,126.94,1.111,11.3415,11.6013,12.3178,13.0213,1.1376,1.2263,1.2654,1.3993,Normal,50.0,batch_5,0.25980000000000025,14.56463677886905,-3.820565398944817,32.94983895668292,36.77040435562773,False,False,False,-1.5433367788690493,1.5433367788690493,0.061945022624434395,False,VERY_LOW,POINT_BELOW_LIMIT
C09451,L5,ADC,123.7,1.779,11.3088,12.068,13.4355,14.1989,1.1898,1.2758,1.4031,1.4981,Normal,50.0,batch_5,0.7591999999999999,17.140463681944443,-1.2447384958694236,35.525665859758305,36.77040435562773,False,False,False,-2.9415636819444426,2.9415636819444426,0.05141486291486292,False,VERY_LOW,POINT_BELOW_LIMIT
C09452,L5,ASIC,126.2,1.176,10.7624,11.4746,12.5667,13.5899,1.1227,1.1789,1.3557,1.4391,Normal,50.0,batch_5,0.712200000000001,15.11473179246032,-3.270470385353546,33.499933970274185,36.77040435562773,False,False,False,-1.5248317924603203,1.5248317924603203,0.056157466825113876,False,VERY_LOW,POINT_BELOW_LIMIT
C09453,L5,ADC,122.98,1.793,11.4068,13.2376,15.8419,27.3715,1.2158,1.3859,1.7014,3.1649,Sudden_Anomaly,50.0,batch_5,1.8308,40.750520445238095,22.36531826742423,59.13572262305196,36.77040435562773,False,True,False,-13.379020445238094,13.379020445238094,0.6907605557844588,True,MEDIUM,POINT_BELOW_LIMIT
C09454,L5,FPGA,126.26,1.112,11.7339,12.2682,13.1636,13.2554,1.2326,1.2504,1.4108,1.3681,Normal,50.0,batch_5,0.5343,15.639337389135175,-2.7458647886786913,34.024539566949045,36.77040435562773,False,False,False,-2.383937389135175,2.383937389135175,0.029324029041134302,False,VERY_LOW,POINT_BELOW_LIMIT
C09455,L5,ADC,124.96,1.787,12.2593,12.7643,12.9215,13.1151,1.3322,1.3245,1.318,1.3512,Normal,50.0,batch_5,0.5050000000000008,16.46815901676587,-1.9170431610479959,34.85336119457973,36.77040435562773,False,False,False,-3.3530590167658705,3.3530590167658705,0.028055677655677656,False,VERY_LOW,POINT_BELOW_LIMIT
C09456,L5,DAC,122.51,1.811,11.9964,13.0503,13.7792,14.9449,1.2274,1.3443,1.4737,1.6282,Normal,50.0,batch_5,1.0539000000000005,25.567812990277798,7.182610812463931,43.95301516809167,36.77040435562773,False,False,False,-10.622912990277797,10.622912990277797,0.340035070220457,False,LOW,POINT_BELOW_LIMIT
C09457,L5,DAC,125.1,1.804,11.6689,13.1491,18.1574,50.8297,1.2302,1.3939,1.9844,6.933,Absolute_Failure,50.0,batch_5,1.4802,31.647215220138868,13.262013042325002,50.032417397952734,36.77040435562773,False,True,True,19.182484779861134,19.182484779861134,0.5659584527770132,True,MEDIUM,POINT_BELOW_LIMIT
C09458,L5,DAC,125.72,1.816,11.898,13.4571,16.7414,21.4049,1.268,1.3967,1.796,2.3589,Latent_Defect,50.0,batch_5,1.5591000000000008,38.785810147321435,20.40060796950757,57.1710123251353,36.77040435562773,False,True,False,-17.380910147321433,17.380910147321433,0.6530408792333884,True,MEDIUM,POINT_BELOW_LIMIT
C09459,L5,ASIC,125.48,1.193,10.9823,11.7479,14.6153,39.9832,1.1612,1.2552,1.5573,5.0779,Sudden_Anomaly,50.0,batch_5,0.7655999999999992,16.63094621580989,-1.7542559620039775,35.01614839362375,36.77040435562773,False,False,False,23.352253784190108,23.352253784190108,0.16860200962559088,False,LOW,POINT_BELOW_LIMIT
C09460,L5,ADC,124.47,1.816,11.9301,12.3549,13.5157,14.4614,1.2326,1.3032,1.4382,1.5781,Normal,50.0,batch_5,0.4248000000000012,15.812451155654758,-2.5727510221591086,34.19765333346862,36.77040435562773,False,False,False,-1.3510511556547584,1.3510511556547584,0.036729574347221405,False,VERY_LOW,POINT_BELOW_LIMIT
C09461,L5,FPGA,125.4,1.101,12.5997,13.0651,13.3766,14.5849,1.3262,1.3919,1.4332,1.5735,Normal,50.0,batch_5,0.4653999999999989,16.09823993473389,-2.2869622430799765,34.483442112547756,36.77040435562773,False,False,False,-1.5133399347338905,1.5133399347338905,0.025822152357446476,False,VERY_LOW,POINT_BELOW_LIMIT
C09462,L5,DAC,125.05,1.796,12.077,12.5074,12.7828,14.4183,1.2817,1.3345,1.3566,1.5344,Normal,50.0,batch_5,0.43040000000000056,16.01065991666668,-2.3745422611471874,34.39586209448055,36.77040435562773,False,False,False,-1.5923599166666786,1.5923599166666786,0.005277777777777778,False,VERY_LOW,POINT_BELOW_LIMIT
C09463,L5,FPGA,125.11,1.127,12.0383,11.9683,12.3889,12.2407,1.2526,1.2599,1.2984,1.2557,High_Stable,50.0,batch_5,-0.07000000000000028,12.447928342757931,-5.937273835055935,30.8331305205718,36.77040435562773,False,False,False,-0.20722834275793112,0.20722834275793112,0.006142857142857143,False,VERY_LOW,POINT_BELOW_LIMIT
C09464,L5,ASIC,124.47,1.182,11.5701,11.6918,12.317,13.7068,1.1711,1.2002,1.3281,1.4697,Normal,50.0,batch_5,0.12170000000000059,13.674254183531755,-4.710947994282112,32.059456361345624,36.77040435562773,False,False,False,0.03254581646824484,0.03254581646824484,0.03648461208554087,False,VERY_LOW,POINT_BELOW_LIMIT
C09465,L5,ASIC,125.07,1.197,11.1764,11.7612,11.7082,13.1143,1.1363,1.251,1.196,1.421,Normal,50.0,batch_5,0.5848000000000013,14.762233741369032,-3.6229684364448342,33.1474359191829,36.77040435562773,False,False,False,-1.647933741369032,1.647933741369032,0.0304975246975247,False,VERY_LOW,POINT_BELOW_LIMIT
C09466,L5,ADC,126.01,1.799,11.9662,12.6878,13.5221,15.2597,1.2425,1.3798,1.3901,1.6273,Normal,50.0,batch_5,0.7215999999999987,20.261963352489172,1.8767611746753055,38.64716553030304,36.77040435562773,False,False,False,-5.002263352489171,5.002263352489171,0.12866510107539517,False,VERY_LOW,POINT_BELOW_LIMIT
C09467,L5,ASIC,123.49,1.213,11.5879,12.0685,12.6804,13.3184,1.2281,1.2077,1.4035,1.3908,Normal,50.0,batch_5,0.4806000000000008,17.528197424648262,-0.8570047531656044,35.91339960246213,36.77040435562773,False,False,False,-4.2097974246482615,4.2097974246482615,0.17435825992322201,False,LOW,POINT_BELOW_LIMIT
C09468,L5,ASIC,124.99,1.187,11.7289,11.9316,11.8824,12.1175,1.2017,1.2505,1.2199,1.2745,High_Stable,50.0,batch_5,0.2027000000000001,13.251158293632749,-5.134043884181118,31.636360471446615,36.77040435562773,False,False,False,-1.1336582936327488,1.1336582936327488,0.011654700854700854,False,VERY_LOW,POINT_BELOW_LIMIT
C09469,L5,DAC,126.82,1.8,12.5503,13.3365,13.7961,15.2636,1.2799,1.4113,1.4638,1.6072,Normal,50.0,batch_5,0.7861999999999991,18.307969520640356,-0.07723265717351069,36.69317169845422,36.77040435562773,False,False,False,-3.0443695206403554,3.0443695206403554,0.08102520169041906,False,VERY_LOW,POINT_BELOW_LIMIT
C09470,L5,ASIC,125.0,1.218,11.6213,12.5019,13.5567,13.8179,1.1869,1.2776,1.4441,1.4461,Normal,50.0,batch_5,0.8805999999999994,18.762814759428398,0.3776125816145317,37.14801693724226,36.77040435562773,False,False,False,-4.944914759428398,4.944914759428398,0.17404128261659216,False,LOW,POINT_BELOW_LIMIT
C09471,L5,ASIC,124.25,1.19,11.3896,12.2825,13.2751,14.4175,1.156,1.3196,1.4004,1.5376,Normal,50.0,batch_5,0.8929000000000009,19.991809151984118,1.6066069741702513,38.37701132979798,36.77040435562773,False,False,False,-5.574309151984117,5.574309151984117,0.23414425254992074,False,LOW,POINT_BELOW_LIMIT
C09472,L5,DAC,125.17,1.777,12.0444,12.8843,13.792,14.458,1.238,1.3608,1.4103,1.5317,Normal,50.0,batch_5,0.8399000000000001,16.339061148809517,-2.0461410290043496,34.72426332662339,36.77040435562773,False,False,False,-1.8810611488095166,1.8810611488095166,0.046390759240759236,False,VERY_LOW,POINT_BELOW_LIMIT
C09473,L5,FPGA,125.81,1.12,11.629,12.9596,19.7958,60.8406,1.1976,1.3513,2.1581,8.7219,Absolute_Failure,50.0,batch_5,1.3306000000000004,30.264511124912463,11.879308947098597,48.649713302726326,36.77040435562773,False,False,True,30.57608887508754,30.57608887508754,0.455788730916897,False,MEDIUM,POINT_BELOW_LIMIT
C09474,L5,ASIC,125.85,1.203,11.6138,11.6885,12.0132,12.1479,1.1955,1.1538,1.2144,1.2806,High_Stable,50.0,batch_5,0.07469999999999999,12.242038227281753,-6.143163950532113,30.62724040509562,36.77040435562773,False,False,False,-0.09413822728175347,0.09413822728175347,0.005787878787878787,False,VERY_LOW,POINT_BELOW_LIMIT
C09475,L5,ASIC,124.17,1.204,11.2629,12.0633,13.0428,13.4036,1.2228,1.2423,1.3871,1.3697,Normal,50.0,batch_5,0.8003999999999998,17.10532534285713,-1.2798768349567347,35.490527520670994,36.77040435562773,False,False,False,-3.701725342857131,3.701725342857131,0.07402599669590518,False,VERY_LOW,POINT_BELOW_LIMIT
C09476,L5,ASIC,125.42,1.187,11.3861,12.3059,13.2658,13.4202,1.2367,1.2994,1.3729,1.4618,Normal,50.0,batch_5,0.9197999999999986,18.733751761694688,0.34854958388082125,37.11895393950856,36.77040435562773,False,False,False,-5.313551761694688,5.313551761694688,0.11638341858519877,False,VERY_LOW,POINT_BELOW_LIMIT
C09477,L5,ASIC,124.97,1.195,11.3383,12.9756,16.9162,22.8554,1.1256,1.3737,1.8241,2.643,Latent_Defect,50.0,batch_5,1.6372999999999998,45.55813196480877,27.172929786994906,63.94333414262264,36.77040435562773,False,True,False,-22.702731964808773,22.702731964808773,0.8660685830869195,True,HIGH,POINT_BELOW_LIMIT
C09478,L5,ASIC,126.01,1.174,10.83,11.7569,12.3483,12.8931,1.0984,1.261,1.2911,1.3941,Normal,50.0,batch_5,0.9268999999999998,16.777966494563497,-1.6072356832503694,35.16316867237737,36.77040435562773,False,False,False,-3.8848664945634965,3.8848664945634965,0.22768773338460638,False,LOW,POINT_BELOW_LIMIT
C09479,L5,ASIC,124.68,1.207,11.4786,11.8117,11.9921,12.6323,1.2432,1.187,1.2206,1.3283,Normal,50.0,batch_5,0.33309999999999995,15.693603044444428,-2.6915991333694382,34.078805222258296,36.77040435562773,False,False,False,-3.0613030444444274,3.0613030444444274,0.0803913358313513,False,VERY_LOW,POINT_BELOW_LIMIT
C09480,L5,FPGA,124.2,1.116,12.0302,12.8221,13.1611,14.6878,1.2473,1.3483,1.3166,1.5599,Normal,50.0,batch_5,0.7919,18.11229803739177,-0.27290414042209576,36.49750021520563,36.77040435562773,False,False,False,-3.4244980373917713,3.4244980373917713,0.04148191037548623,False,VERY_LOW,POINT_BELOW_LIMIT
C09481,L5,ASIC,125.07,1.208,11.1544,11.9439,16.87,20.3214,1.2012,1.2011,1.8766,2.257,Latent_Defect,50.0,batch_5,0.7894999999999985,17.50821370648147,-0.8769884713323961,35.89341588429534,36.77040435562773,False,False,False,2.8131862935185303,2.8131862935185303,0.059722435402126475,False,VERY_LOW,POINT_BELOW_LIMIT
C09482,L5,FPGA,125.04,1.121,11.999,12.0549,12.0305,12.3374,1.2729,1.2564,1.2512,1.3053,High_Stable,50.0,batch_5,0.055899999999999395,12.664809066071426,-5.720393111742441,31.050011243885294,36.77040435562773,False,False,False,-0.32740906607142506,0.32740906607142506,0.009371139971139971,False,VERY_LOW,POINT_BELOW_LIMIT
C09483,L5,ADC,124.07,1.769,11.55,12.4746,13.2115,14.121,1.1573,1.3068,1.3767,1.5472,Normal,50.0,batch_5,0.9245999999999999,19.885186905555553,1.499984727741687,38.27038908336942,36.77040435562773,False,False,False,-5.764186905555553,5.764186905555553,0.20657575132596867,False,LOW,POINT_BELOW_LIMIT
C09484,L5,ASIC,124.44,1.191,11.7485,12.5062,12.7566,13.9463,1.2658,1.3456,1.3139,1.498,Normal,50.0,batch_5,0.7576999999999998,18.10027256197345,-0.2849296158404151,36.48547473978732,36.77040435562773,False,False,False,-4.15397256197345,4.15397256197345,0.10195863774168729,False,VERY_LOW,POINT_BELOW_LIMIT
C09485,L5,ASIC,125.82,1.191,11.6234,11.6772,11.8776,12.1264,1.2302,1.2417,1.2633,1.2961,High_Stable,50.0,batch_5,0.05379999999999896,12.18071584335318,-6.204486334460686,30.565918021167047,36.77040435562773,False,False,False,-0.05431584335318007,0.05431584335318007,0.016994444444444444,False,VERY_LOW,POINT_BELOW_LIMIT
C09486,L5,DAC,124.91,1.774,11.7165,11.6055,11.8838,12.3259,1.1833,1.2384,1.2237,1.2647,High_Stable,50.0,batch_5,-0.11100000000000065,12.850911165476191,-5.534291012337675,31.236113343290057,36.77040435562773,False,False,False,-0.5250111654761902,0.5250111654761902,0.013697911445279865,False,VERY_LOW,POINT_BELOW_LIMIT
C09487,L5,DAC,125.0,1.821,12.1761,12.7409,14.2229,15.328,1.251,1.3369,1.54,1.6325,Normal,50.0,batch_5,0.5648,17.623066067812044,-0.7621361100018227,36.00826824562591,36.77040435562773,False,False,False,-2.2950660678120443,2.2950660678120443,0.10567879881556354,False,VERY_LOW,POINT_BELOW_LIMIT
C09488,L5,ASIC,124.73,1.198,11.81,11.9608,12.013,12.2726,1.2777,1.2437,1.2414,1.2513,High_Stable,50.0,batch_5,0.15080000000000027,12.670049239285715,-5.715152938528151,31.055251417099583,36.77040435562773,False,False,False,-0.39744923928571474,0.39744923928571474,0.005566666666666667,False,VERY_LOW,POINT_BELOW_LIMIT
C09489,L5,DAC,124.7,1.797,11.529,12.7044,18.2431,52.6167,1.2274,1.3644,1.9947,7.2201,Absolute_Failure,50.0,batch_5,1.1753999999999998,22.09378716882631,3.7085849910124438,40.47898934664018,36.77040435562773,False,False,True,30.52291283117369,30.52291283117369,0.2648766802658612,False,LOW,POINT_BELOW_LIMIT
C09490,L5,ADC,124.94,1.815,11.8454,12.2254,12.9941,13.4635,1.2008,1.3268,1.41,1.442,Normal,50.0,batch_5,0.3800000000000008,17.596797877182535,-0.7884043006313313,35.982000054996405,36.77040435562773,False,False,False,-4.133297877182535,4.133297877182535,0.10522425651403981,False,VERY_LOW,POINT_BELOW_LIMIT
C09491,L5,FPGA,125.16,1.098,11.2084,11.5203,12.4192,12.8118,1.2025,1.1835,1.305,1.3601,Normal,50.0,batch_5,0.3119000000000014,15.679064310515882,-2.7061378672979846,34.06426648832975,36.77040435562773,False,False,False,-2.867264310515882,2.867264310515882,0.05358675768675769,False,VERY_LOW,POINT_BELOW_LIMIT
C09492,L5,ASIC,125.96,1.216,11.2138,11.936,12.2589,13.7004,1.1026,1.3035,1.3096,1.4301,Normal,50.0,batch_5,0.7221999999999991,21.524937039186508,3.1397348613726415,39.91013921700038,36.77040435562773,False,False,False,-7.824537039186508,7.824537039186508,0.2846879464867401,False,LOW,POINT_BELOW_LIMIT
C09493,L5,ASIC,125.08,1.2,11.3365,12.5655,13.542,14.7701,1.1761,1.3172,1.4169,1.5917,Normal,50.0,batch_5,1.229000000000001,19.47285769196428,1.0876555141504127,37.858059869778145,36.77040435562773,False,False,False,-4.70275769196428,4.70275769196428,0.11710956666312698,False,VERY_LOW,POINT_BELOW_LIMIT
C09494,L5,FPGA,124.29,1.115,11.7031,12.9393,13.579,14.1954,1.196,1.3524,1.3924,1.5441,Normal,50.0,batch_5,1.2362000000000002,19.53734335892857,1.152141181114704,37.92254553674243,36.77040435562773,False,False,False,-5.341943358928571,5.341943358928571,0.15522527085655344,False,LOW,POINT_BELOW_LIMIT
C09495,L5,FPGA,124.84,1.102,10.7951,11.613,12.0561,12.7139,1.1345,1.2177,1.2282,1.3356,Normal,50.0,batch_5,0.8178999999999998,15.550640434602133,-2.834561743211733,33.935842612415996,36.77040435562773,False,False,False,-2.8367404346021328,2.8367404346021328,0.13413526532806713,False,VERY_LOW,POINT_BELOW_LIMIT
C09496,L5,ADC,124.96,1.776,11.497,11.8462,12.7593,13.5421,1.1976,1.1926,1.3672,1.424,Normal,50.0,batch_5,0.34919999999999973,14.259627414896622,-4.125574762917244,32.64482959271049,36.77040435562773,False,False,False,-0.7175274148966224,0.7175274148966224,0.0778710789210789,False,VERY_LOW,POINT_BELOW_LIMIT
C09497,L5,ADC,123.69,1.797,12.0044,12.4177,12.911,13.3151,1.2949,1.2994,1.4193,1.4138,Normal,50.0,batch_5,0.41329999999999956,18.802056177083344,0.4168539992694775,37.18725835489721,36.77040435562773,False,False,False,-5.486956177083345,5.486956177083345,0.05959155566655567,False,VERY_LOW,POINT_BELOW_LIMIT
C09498,L5,ASIC,125.82,1.222,11.9931,12.0559,12.0565,11.9875,1.2856,1.2533,1.3146,1.2468,High_Stable,50.0,batch_5,0.0627999999999993,12.75922580976731,-5.625976368046556,31.144427987581174,36.77040435562773,False,False,False,-0.7717258097673092,0.7717258097673092,0.019784126984126984,False,VERY_LOW,POINT_BELOW_LIMIT
C09499,L5,DAC,126.42,1.812,12.3823,13.5011,13.9834,14.7164,1.348,1.4289,1.4633,1.5842,Normal,50.0,batch_5,1.1187999999999985,20.51463163303572,2.129429455221853,38.899833810849586,36.77040435562773,False,False,False,-5.798231633035719,5.798231633035719,0.16728837723941312,False,LOW,POINT_BELOW_LIMIT
C09500,L5,ASIC,125.48,1.197,11.4354,11.9939,13.0859,13.4977,1.1697,1.2565,1.3791,1.4157,Normal,50.0,batch_5,0.5585000000000004,16.942968373448785,-1.442233804365081,35.32817055126265,36.77040435562773,False,False,False,-3.4452683734487852,3.4452683734487852,0.12225710698829889,False,VERY_LOW,POINT_BELOW_LIMIT
C09501,L5,FPGA,124.58,1.109,11.852,12.7752,13.8539,14.5101,1.239,1.3145,1.4525,1.5544,Normal,50.0,batch_5,0.9231999999999996,16.659396748335695,-1.7258054294781715,35.04459892614956,36.77040435562773,False,False,False,-2.1492967483356953,2.1492967483356953,0.10680821570586273,False,VERY_LOW,POINT_BELOW_LIMIT
C09502,L5,DAC,124.45,1.813,12.1101,12.3205,12.9812,13.7372,1.2287,1.29,1.3101,1.4516,Normal,50.0,batch_5,0.21039999999999992,16.88048933988094,-1.504712837932928,35.265691517694805,36.77040435562773,False,False,False,-3.1432893398809387,3.1432893398809387,0.01880042735042735,False,VERY_LOW,POINT_BELOW_LIMIT
C09503,L5,ASIC,125.18,1.208,11.6219,12.7928,13.9893,14.7848,1.2417,1.2987,1.4421,1.5999,Normal,50.0,batch_5,1.1708999999999996,20.424390564889958,2.0391883870760914,38.80959274270383,36.77040435562773,False,False,False,-5.639590564889957,5.639590564889957,0.2672853244423375,False,LOW,POINT_BELOW_LIMIT
C09504,L5,ADC,123.81,1.782,10.8555,11.4713,14.0689,57.9718,1.1225,1.1861,1.5157,8.2145,Absolute_Failure,50.0,batch_5,0.6158000000000001,15.147634192025315,-3.2375679857885515,33.53283636983918,36.77040435562773,False,False,True,42.82416580797469,42.82416580797469,0.036288383838383835,False,VERY_LOW,POINT_BELOW_LIMIT
C09505,L5,ASIC,124.77,1.193,11.7668,12.2242,13.0403,13.8992,1.2158,1.3111,1.4021,1.4809,Normal,50.0,batch_5,0.4573999999999998,16.08129668947892,-2.303905488334948,34.466498867292785,36.77040435562773,False,False,False,-2.182096689478918,2.182096689478918,0.16346271315075087,False,LOW,POINT_BELOW_LIMIT
C09506,L5,DAC,125.51,1.804,12.2036,14.4742,19.7138,51.857,1.2815,1.5316,2.1447,7.0363,Absolute_Failure,50.0,batch_5,2.2706,52.83893803474501,34.45373585693115,71.22414021255888,36.77040435562773,True,True,True,-0.9819380347450135,0.9819380347450135,0.9781518175373014,True,HIGH,POINT_ABOVE_LIMIT
C09507,L5,DAC,125.57,1.789,11.7139,12.6335,12.9753,13.68,1.2485,1.3442,1.3153,1.47,Normal,50.0,batch_5,0.9195999999999991,17.380517339484133,-1.0046848383297338,35.765719517297995,36.77040435562773,False,False,False,-3.700517339484133,3.700517339484133,0.016561050353155613,False,VERY_LOW,POINT_BELOW_LIMIT
C09508,L5,ASIC,125.34,1.21,11.9307,12.9506,13.5336,13.772,1.2721,1.3702,1.3819,1.4509,Normal,50.0,batch_5,1.0198999999999998,17.494598716098487,-0.8906034617153793,35.87980089391235,36.77040435562773,False,False,False,-3.722598716098487,3.722598716098487,0.14915306962731112,False,VERY_LOW,POINT_BELOW_LIMIT
C09509,L5,FPGA,125.34,1.086,11.4305,11.6437,11.955,11.9429,1.1775,1.2534,1.2665,1.2443,High_Stable,50.0,batch_5,0.2132000000000005,14.952028434523802,-3.433173743290064,33.33723061233767,36.77040435562773,False,False,False,-3.0091284345238023,3.0091284345238023,0.04665000555000555,False,VERY_LOW,POINT_BELOW_LIMIT
C09510,L5,FPGA,126.7,1.096,11.6501,12.719,13.8392,14.4512,1.2224,1.3589,1.4498,1.5427,Normal,50.0,batch_5,1.0688999999999993,20.89241529841269,2.5072131205988235,39.27761747622655,36.77040435562773,False,False,False,-6.44121529841269,6.44121529841269,0.08421212457693815,False,VERY_LOW,POINT_BELOW_LIMIT
C09511,L5,FPGA,124.39,1.112,11.7127,12.7002,13.8563,28.5579,1.2172,1.3281,1.4623,3.3194,Sudden_Anomaly,50.0,batch_5,0.9875000000000007,16.67026226123252,-1.714939916581347,35.05546443904639,36.77040435562773,False,False,False,11.88763773876748,11.88763773876748,0.07192776977924037,False,VERY_LOW,POINT_BELOW_LIMIT
C09512,L5,DAC,125.71,1.79,11.5001,12.2982,13.2738,13.7225,1.1923,1.2507,1.3797,1.4825,Normal,50.0,batch_5,0.7980999999999998,16.415909107539697,-1.969293070274169,34.801111285353564,36.77040435562773,False,False,False,-2.693409107539697,2.693409107539697,0.06525754274964803,False,VERY_LOW,POINT_BELOW_LIMIT
C09513,L5,ASIC,125.91,1.194,11.238,11.9317,12.5301,13.2369,1.1847,1.2503,1.2891,1.3857,Normal,50.0,batch_5,0.6936999999999998,16.67968592921175,-1.705516248602116,35.06488810702562,36.77040435562773,False,False,False,-3.44278592921175,3.44278592921175,0.060942264476149935,False,VERY_LOW,POINT_BELOW_LIMIT
C09514,L5,FPGA,124.24,1.095,11.5642,12.3226,12.988,13.4747,1.215,1.3614,1.3636,1.4266,Normal,50.0,batch_5,0.7584,16.587370484226184,-1.797831693587682,34.97257266204005,36.77040435562773,False,False,False,-3.112670484226184,3.112670484226184,0.09230397612854492,False,VERY_LOW,POINT_BELOW_LIMIT
C09515,L5,FPGA,125.02,1.077,11.2976,12.3211,14.0651,35.8321,1.1721,1.2233,1.5202,4.4422,Sudden_Anomaly,50.0,batch_5,1.0235000000000003,21.545604689903143,3.160402512089277,39.93080686771701,36.77040435562773,False,False,False,14.286495310096853,14.286495310096853,0.3204755627671261,False,LOW,POINT_BELOW_LIMIT
C09516,L5,ADC,125.63,1.797,11.801,12.1263,13.1449,13.9191,1.2405,1.274,1.4096,1.4876,Normal,50.0,batch_5,0.32530000000000037,14.503986082539672,-3.881216095274194,32.889188260353535,36.77040435562773,False,False,False,-0.584886082539672,0.584886082539672,0.02893667721167721,False,VERY_LOW,POINT_BELOW_LIMIT
C09517,L5,DAC,125.42,1.81,11.8711,12.8961,13.1165,14.0625,1.2094,1.3349,1.3335,1.4773,Normal,50.0,batch_5,1.0250000000000004,16.937816077876978,-1.4473860999368888,35.32301825569084,36.77040435562773,False,False,False,-2.8753160778769775,2.8753160778769775,0.061567842254065155,False,VERY_LOW,POINT_BELOW_LIMIT
C09518,L5,ASIC,124.81,1.212,11.2794,11.889,12.6246,13.3196,1.1877,1.2528,1.3247,1.3967,Normal,50.0,batch_5,0.6095999999999986,15.728979790025253,-2.6562223877886133,34.114181967839116,36.77040435562773,False,False,False,-2.4093797900252536,2.4093797900252536,0.018776406926406926,False,VERY_LOW,POINT_BELOW_LIMIT
C09519,L5,FPGA,125.27,1.136,11.4248,11.6589,12.5857,13.7432,1.1865,1.2061,1.3299,1.4124,Normal,50.0,batch_5,0.23409999999999975,13.349988910714279,-5.0352132670995875,31.735191088528147,36.77040435562773,False,False,False,0.393211089285721,0.393211089285721,0.06738063276592687,False,VERY_LOW,POINT_BELOW_LIMIT
C09520,L5,ADC,124.09,1.794,12.0298,12.6427,13.4084,14.3987,1.258,1.3412,1.3999,1.4998,Normal,50.0,batch_5,0.6128999999999998,18.733145704677955,0.34794352686408914,37.11834788249182,36.77040435562773,False,False,False,-4.334445704677956,4.334445704677956,0.08291532111679169,False,VERY_LOW,POINT_BELOW_LIMIT
C09521,L5,FPGA,126.57,1.093,11.8414,12.1729,12.9911,13.5304,1.2362,1.2862,1.3558,1.4267,Normal,50.0,batch_5,0.33150000000000013,14.808409966516159,-3.5767922112977075,33.193612144330025,36.77040435562773,False,False,False,-1.2780099665161586,1.2780099665161586,0.08020553144003813,False,VERY_LOW,POINT_BELOW_LIMIT
C09522,L5,ASIC,125.2,1.191,11.4022,12.4092,17.4722,21.1487,1.1706,1.299,1.9226,2.3639,Latent_Defect,50.0,batch_5,1.0069999999999997,20.91133941050824,2.5261372326943743,39.29654158832211,36.77040435562773,False,False,False,0.23736058949176098,0.23736058949176098,0.2023583898612448,False,LOW,POINT_BELOW_LIMIT
C09523,L5,FPGA,125.67,1.1,12.0683,13.9989,19.0774,51.0609,1.2042,1.5009,2.1425,6.9081,Absolute_Failure,50.0,batch_5,1.9306,40.51754018958334,22.132338011769477,58.90274236739721,36.77040435562773,False,True,True,10.543359810416653,10.543359810416653,0.8426260899779223,True,HIGH,POINT_BELOW_LIMIT
C09524,L5,FPGA,124.62,1.088,10.9163,12.4525,13.2968,37.7559,1.1343,1.3332,1.3904,4.7283,Sudden_Anomaly,50.0,batch_5,1.536200000000001,29.146751857341272,10.761549679527405,47.53195403515514,36.77040435562773,False,False,False,8.609148142658725,8.609148142658725,0.47268879310253414,False,MEDIUM,POINT_BELOW_LIMIT
C09525,L5,FPGA,124.64,1.116,12.1626,12.8282,13.3972,14.7725,1.3062,1.3698,1.3915,1.6073,Normal,50.0,batch_5,0.6656000000000013,16.501422669246026,-1.8837795085678408,34.88662484705989,36.77040435562773,False,False,False,-1.7289226692460247,1.7289226692460247,0.041523875805996556,False,VERY_LOW,POINT_BELOW_LIMIT
C09526,L5,FPGA,125.84,1.121,10.9779,11.5806,12.4355,13.9435,1.1441,1.2682,1.2766,1.499,Normal,50.0,batch_5,0.6027000000000005,18.366739335416653,-0.018462842397212853,36.75194151323052,36.77040435562773,False,False,False,-4.423239335416653,4.423239335416653,0.03860462519936205,False,VERY_LOW,POINT_BELOW_LIMIT
C09527,L5,ASIC,124.86,1.207,10.9087,11.8623,12.7122,14.1041,1.1009,1.2433,1.3146,1.5241,Normal,50.0,batch_5,0.9535999999999998,16.881487519624827,-1.5037146581890397,35.26668969743869,36.77040435562773,False,False,False,-2.777387519624826,2.777387519624826,0.21976874637230667,False,LOW,POINT_BELOW_LIMIT
C09528,L5,ASIC,124.38,1.194,11.3132,11.6982,12.791,13.4839,1.1967,1.1994,1.3283,1.4344,Normal,50.0,batch_5,0.3849999999999998,15.728079417171733,-2.6571227606421335,34.1132815949856,36.77040435562773,False,False,False,-2.2441794171717326,2.2441794171717326,0.05559403283634002,False,VERY_LOW,POINT_BELOW_LIMIT
C09529,L5,ADC,124.79,1.789,11.4647,12.5331,14.2006,40.5678,1.1789,1.2811,1.481,5.1501,Sudden_Anomaly,50.0,batch_5,1.0683999999999987,18.281026656188946,-0.10417552162492072,36.66622883400281,36.77040435562773,False,False,False,22.286773343811053,22.286773343811053,0.12928985777223628,False,VERY_LOW,POINT_BELOW_LIMIT
C09530,L5,DAC,126.71,1.797,12.4738,14.1832,17.1669,22.0776,1.3067,1.5294,1.8509,2.5272,Latent_Defect,50.0,batch_5,1.7093999999999987,37.18158337096791,18.79638119315404,55.56678554878177,36.77040435562773,False,True,False,-15.103983370967907,15.103983370967907,0.7576192113356194,True,HIGH,POINT_BELOW_LIMIT
C09531,L5,ADC,123.68,1.784,11.8133,13.0486,17.7152,61.5177,1.2532,1.3992,1.8955,8.8685,Absolute_Failure,50.0,batch_5,1.2353000000000005,22.428519369237023,4.0433171914231565,40.81372154705089,36.77040435562773,False,False,True,39.089180630762975,39.089180630762975,0.2709956940319169,False,LOW,POINT_BELOW_LIMIT
C09532,L5,ASIC,124.76,1.194,11.794,12.9217,13.464,13.8643,1.2589,1.3576,1.4691,1.4572,Normal,50.0,batch_5,1.127699999999999,19.72636071547619,1.3411585376623236,38.111562893290056,36.77040435562773,False,False,False,-5.86206071547619,5.86206071547619,0.20254502234951144,False,LOW,POINT_BELOW_LIMIT
C09533,L5,ASIC,124.24,1.21,11.6484,14.2312,20.877,56.787,1.2306,1.4928,2.3541,7.9757,Absolute_Failure,50.0,batch_5,2.582799999999999,53.36937673047438,34.98417455266051,71.75457890828824,36.770404355627726,True,True,True,3.4176232695256203,3.4176232695256203,0.9894235542235542,True,HIGH,POINT_ABOVE_LIMIT
C09534,L5,DAC,125.32,1.834,11.6808,14.2666,20.0451,59.1636,1.2105,1.5127,2.2067,8.4092,Absolute_Failure,50.0,batch_5,2.5858000000000008,54.35560134398448,35.970399166170616,72.74080352179834,36.770404355627726,True,True,True,4.807998656015521,4.807998656015521,0.9865942209836948,True,HIGH,POINT_ABOVE_LIMIT
C09535,L5,ADC,125.54,1.778,11.701,12.3495,13.9148,14.8472,1.2468,1.2889,1.4566,1.606,Normal,50.0,batch_5,0.6485000000000003,15.333334561706346,-3.05186761610752,33.71853673952021,36.77040435562773,False,False,False,-0.4861345617063453,0.4861345617063453,0.07167793300266985,False,VERY_LOW,POINT_BELOW_LIMIT
C09536,L5,FPGA,124.4,1.078,10.4167,10.9506,11.7298,12.8833,1.1281,1.1616,1.2342,1.4101,Normal,50.0,batch_5,0.5338999999999992,15.610419065476199,-2.7747831123376674,33.99562124329007,36.77040435562773,False,False,False,-2.7271190654761988,2.7271190654761988,0.12281077281969777,False,VERY_LOW,POINT_BELOW_LIMIT
C09537,L5,FPGA,125.54,1.11,11.6708,11.9371,12.2764,12.8529,1.2558,1.2731,1.3058,1.3819,Normal,50.0,batch_5,0.2662999999999993,14.272606254265884,-4.112595923547982,32.65780843207975,36.77040435562773,False,False,False,-1.4197062542658845,1.4197062542658845,0.0402917082917083,False,VERY_LOW,POINT_BELOW_LIMIT
C09538,L5,FPGA,124.73,1.104,12.2283,12.5075,12.7306,13.212,1.2577,1.3645,1.3593,1.3895,High_Stable,50.0,batch_5,0.27919999999999945,15.045977886083366,-3.339224291730501,33.43118006389723,36.77040435562773,False,False,False,-1.8339778860833658,1.8339778860833658,0.012698139115786176,False,VERY_LOW,POINT_BELOW_LIMIT
C09539,L5,DAC,124.85,1.788,12.0414,12.6448,13.3435,14.7635,1.2529,1.3478,1.4047,1.6136,Normal,50.0,batch_5,0.6034000000000006,17.333306299801585,-1.0518958780122816,35.71850847761545,36.77040435562773,False,False,False,-2.5698062998015843,2.5698062998015843,0.033095389990126824,False,VERY_LOW,POINT_BELOW_LIMIT
C09540,L5,ASIC,125.38,1.221,11.7732,11.9486,11.9424,11.5798,1.2491,1.2687,1.2763,1.1963,High_Stable,50.0,batch_5,0.17540000000000155,13.002040961435796,-5.38316121637807,31.387243139249662,36.77040435562773,False,False,False,-1.4222409614357954,1.4222409614357954,0.009277472527472528,False,VERY_LOW,POINT_BELOW_LIMIT
C09541,L5,FPGA,126.06,1.091,11.6428,13.0226,13.2177,14.2071,1.252,1.3751,1.4035,1.527,Normal,50.0,batch_5,1.3798000000000012,26.216708293722927,7.831506115909061,44.6019104715368,36.77040435562773,False,False,False,-12.009608293722927,12.009608293722927,0.3602859917257773,False,LOW,POINT_BELOW_LIMIT
C09542,L5,ADC,125.91,1.808,11.7044,12.2256,12.9165,14.2942,1.2368,1.2785,1.3805,1.5194,Normal,50.0,batch_5,0.5212000000000003,16.733447341134557,-1.6517548366793093,35.11864951894842,36.77040435562773,False,False,False,-2.439247341134557,2.439247341134557,0.0953325309651935,False,VERY_LOW,POINT_BELOW_LIMIT
C09543,L5,ADC,123.47,1.794,11.9889,12.4953,13.0375,13.8299,1.2549,1.2929,1.3438,1.4567,Normal,50.0,batch_5,0.5064000000000011,15.347478241071435,-3.037723936742431,33.7326804188853,36.77040435562773,False,False,False,-1.5175782410714351,1.5175782410714351,0.011059457450761798,False,VERY_LOW,POINT_BELOW_LIMIT
C09544,L5,DAC,125.53,1.807,12.3239,12.9228,13.7532,15.2407,1.3179,1.334,1.4434,1.6334,Normal,50.0,batch_5,0.5989000000000004,15.46497431081349,-2.920227867000376,33.850176488627355,36.77040435562773,False,False,False,-0.22427431081348992,0.22427431081348992,0.04134502164502165,False,VERY_LOW,POINT_BELOW_LIMIT
C09545,L5,ADC,124.42,1.807,11.9198,13.3153,18.3735,23.3441,1.2464,1.4089,1.9666,2.6458,Latent_Defect,50.0,batch_5,1.3955000000000002,30.05117452113094,11.665972343317073,48.436376698944805,36.77040435562773,False,False,False,-6.707074521130938,6.707074521130938,0.4434540746559942,False,MEDIUM,POINT_BELOW_LIMIT
C09546,L5,ASIC,123.85,1.216,11.9744,12.8863,13.7749,15.1463,1.3032,1.3543,1.4372,1.6162,Normal,50.0,batch_5,0.911900000000001,19.421178150992056,1.0359759731781892,37.80638032880592,36.77040435562773,False,False,False,-4.2748781509920555,4.2748781509920555,0.06412211040593392,False,VERY_LOW,POINT_BELOW_LIMIT
C09547,L5,ASIC,126.4,1.19,11.5361,12.5663,13.547,14.946,1.2455,1.3067,1.4488,1.6173,Normal,50.0,batch_5,1.0302000000000007,19.386081787003974,1.0008796091901075,37.77128396481784,36.77040435562773,False,False,False,-4.440081787003974,4.440081787003974,0.12069006241137753,False,VERY_LOW,POINT_BELOW_LIMIT
C09548,L5,FPGA,126.0,1.119,12.1732,12.8219,14.7848,41.7001,1.2471,1.3724,1.5527,5.3422,Sudden_Anomaly,50.0,batch_5,0.6486999999999998,17.72464041696427,-0.6605617608495962,36.10984259477814,36.77040435562773,False,False,False,23.97545958303573,23.97545958303573,0.058887187004601875,False,VERY_LOW,POINT_BELOW_LIMIT
C09549,L5,FPGA,123.58,1.111,11.1088,11.805,12.6792,13.7959,1.1372,1.2315,1.3516,1.4594,Normal,50.0,batch_5,0.6961999999999993,16.556317744041795,-1.828884433772071,34.94151992185566,36.77040435562773,False,False,False,-2.7604177440417956,2.7604177440417956,0.11201704586263406,False,VERY_LOW,POINT_BELOW_LIMIT
C09550,L5,FPGA,125.44,1.094,11.4551,11.4595,11.4474,11.8623,1.1695,1.1803,1.2044,1.2436,High_Stable,50.0,batch_5,0.004400000000000404,12.970025743551599,-5.415176434262268,31.355227921365465,36.77040435562773,False,False,False,-1.1077257435515993,1.1077257435515993,0.042657206886720075,False,VERY_LOW,POINT_BELOW_LIMIT
C09551,L5,ASIC,124.26,1.19,11.6348,14.1029,19.9478,53.2406,1.2355,1.4795,2.2586,7.3369,Absolute_Failure,50.0,batch_5,2.4680999999999997,53.00261808245851,34.617415904644645,71.38782026027238,36.77040435562773,True,True,True,0.23798191754148945,0.23798191754148945,0.9910269232831151,True,HIGH,POINT_ABOVE_LIMIT
C09552,L5,DAC,125.05,1.798,12.5405,13.2621,13.5488,14.1948,1.3044,1.416,1.4441,1.4957,Normal,50.0,batch_5,0.7216000000000005,16.219192214599367,-2.166009963214499,34.604394392413234,36.77040435562773,False,False,False,-2.0243922145993665,2.0243922145993665,0.03383223443223443,False,VERY_LOW,POINT_BELOW_LIMIT
C09553,L5,ADC,126.03,1.797,11.9123,12.0311,11.8047,11.7589,1.2076,1.2452,1.2407,1.2052,High_Stable,50.0,batch_5,0.11880000000000024,13.411857691485594,-4.973344486328273,31.79705986929946,36.77040435562773,False,False,False,-1.652957691485593,1.652957691485593,0.0621349365894123,False,VERY_LOW,POINT_BELOW_LIMIT
C09554,L5,DAC,124.57,1.804,11.8438,14.0631,18.5986,52.0736,1.2308,1.4951,2.0258,7.1321,Absolute_Failure,50.0,batch_5,2.2193000000000005,52.61026609240193,34.22506391458806,70.9954682702158,36.77040435562773,True,True,True,-0.53666609240193,0.53666609240193,0.9839605608443844,True,HIGH,POINT_ABOVE_LIMIT
C09555,L5,ASIC,125.84,1.231,11.6698,12.5772,13.4011,14.066,1.1916,1.3426,1.4214,1.4376,Normal,50.0,batch_5,0.9073999999999991,19.47918044285713,1.093978265043262,37.864382620670995,36.77040435562773,False,False,False,-5.4131804428571275,5.4131804428571275,0.20043635544620203,False,LOW,POINT_BELOW_LIMIT
C09556,L5,DAC,123.5,1.792,12.0355,13.3591,13.87,14.1044,1.267,1.4465,1.4741,1.5097,Normal,50.0,batch_5,1.323599999999999,27.554573002380938,9.169370824567071,45.9397751801948,36.77040435562773,False,False,False,-13.450173002380938,13.450173002380938,0.31290506161365295,False,LOW,POINT_BELOW_LIMIT
C09557,L5,ADC,125.89,1.774,11.4492,13.449,18.4507,25.2927,1.2079,1.3798,2.059,2.9175,Latent_Defect,50.0,batch_5,1.9998000000000005,42.169363462689404,23.784161284875537,60.55456564050327,36.77040435562773,False,True,False,-16.876663462689404,16.876663462689404,0.8166885547130615,True,HIGH,POINT_BELOW_LIMIT
C09558,L5,ASIC,126.0,1.203,11.8121,12.8097,13.845,15.3291,1.2241,1.3317,1.4866,1.6753,Normal,50.0,batch_5,0.9976000000000003,17.59387902281748,-0.7913231549963875,35.97908120063134,36.77040435562773,False,False,False,-2.2647790228174784,2.2647790228174784,0.13271983558249878,False,VERY_LOW,POINT_BELOW_LIMIT
C09559,L5,ASIC,124.81,1.201,12.2458,12.4493,12.5653,12.522,1.2698,1.286,1.3177,1.3367,High_Stable,50.0,batch_5,0.20350000000000001,13.250587541468253,-5.1346146363456135,31.63578971928212,36.77040435562773,False,False,False,-0.7285875414682526,0.7285875414682526,0.018924603466708732,False,VERY_LOW,POINT_BELOW_LIMIT
C09560,L5,FPGA,125.42,1.134,11.6291,12.2347,12.8841,13.1271,1.1762,1.2744,1.3594,1.3906,Normal,50.0,batch_5,0.6056000000000008,15.487013463393875,-2.898188714419991,33.872215641207745,36.77040435562773,False,False,False,-2.359913463393875,2.359913463393875,0.07662800206329617,False,VERY_LOW,POINT_BELOW_LIMIT
C09561,L5,FPGA,123.7,1.096,11.4861,12.0063,12.2553,13.5214,1.2134,1.2251,1.2923,1.4366,Normal,50.0,batch_5,0.5201999999999991,16.123867689488556,-2.2613344883253106,34.50906986730242,36.77040435562773,False,False,False,-2.602467689488556,2.602467689488556,0.07181407563884344,False,VERY_LOW,POINT_BELOW_LIMIT
C09562,L5,ADC,124.91,1.816,11.8619,12.7451,13.5959,15.1108,1.273,1.3511,1.414,1.5951,Normal,50.0,batch_5,0.8832000000000004,17.147829822519846,-1.2373723552940206,35.53303200033371,36.77040435562773,False,False,False,-2.0370298225198464,2.0370298225198464,0.0648521573485667,False,VERY_LOW,POINT_BELOW_LIMIT
C09563,L5,ADC,124.29,1.799,11.2689,11.8498,12.3711,13.9187,1.1705,1.1853,1.3311,1.4921,Normal,50.0,batch_5,0.5808999999999997,14.528519688492075,-3.8566824893217913,32.91372186630594,36.77040435562773,False,False,False,-0.6098196884920757,0.6098196884920757,0.0752232892640182,False,VERY_LOW,POINT_BELOW_LIMIT
C09564,L5,DAC,126.99,1.793,12.0909,12.9714,13.6083,13.9664,1.2197,1.3867,1.4639,1.5108,Normal,50.0,batch_5,0.8804999999999996,22.57690001309524,4.191697835281374,40.96210219090911,36.77040435562773,False,False,False,-8.61050001309524,8.61050001309524,0.2063514255214281,False,LOW,POINT_BELOW_LIMIT
C09565,L5,FPGA,124.14,1.084,11.3099,12.6018,13.9299,32.6946,1.174,1.3218,1.4921,3.9688,Sudden_Anomaly,50.0,batch_5,1.2919,25.512106636408706,7.12690445859484,43.89730881422257,36.77040435562773,False,False,False,7.182493363591295,7.182493363591295,0.3149360012622398,False,LOW,POINT_BELOW_LIMIT
C09566,L5,DAC,124.07,1.785,11.5933,12.4652,12.7469,12.8853,1.2171,1.3176,1.3744,1.3636,Normal,50.0,batch_5,0.8719000000000001,19.49292155803572,1.1077193802218552,37.878123735849584,36.77040435562773,False,False,False,-6.607621558035721,6.607621558035721,0.20094451592611035,False,LOW,POINT_BELOW_LIMIT
C09567,L5,ASIC,125.08,1.208,11.4015,13.101,16.1919,24.0681,1.186,1.4214,1.7508,2.7709,Latent_Defect,50.0,batch_5,1.6995000000000005,34.25291526805556,15.867713090241693,52.638117445869426,36.77040435562773,False,True,False,-10.184815268055559,10.184815268055559,0.6464428756030317,True,MEDIUM,POINT_BELOW_LIMIT
C09568,L5,ADC,125.35,1.785,12.287,13.4799,14.0082,14.2478,1.2737,1.4026,1.4534,1.5139,Normal,50.0,batch_5,1.1928999999999998,20.607471129103537,2.2222689512896707,38.9926733069174,36.77040435562773,False,False,False,-6.359671129103537,6.359671129103537,0.12227339449049973,False,VERY_LOW,POINT_BELOW_LIMIT
C09569,L5,DAC,123.9,1.802,11.7614,12.8735,13.5324,14.6471,1.1925,1.3542,1.4808,1.6191,Normal,50.0,batch_5,1.1120999999999999,21.9358573188492,3.5506551410353353,40.32105949666307,36.77040435562773,False,False,False,-7.288757318849202,7.288757318849202,0.3662225397296024,False,LOW,POINT_BELOW_LIMIT
C09570,L5,ADC,123.8,1.814,12.0078,13.4957,17.4644,24.7644,1.2321,1.4173,1.9085,2.8487,Latent_Defect,50.0,batch_5,1.4878999999999998,36.9272976923611,18.542095514547235,55.31249987017497,36.77040435562773,False,True,False,-12.162897692361103,12.162897692361103,0.5784370824075791,True,MEDIUM,POINT_BELOW_LIMIT
C09571,L5,ASIC,126.58,1.202,11.3878,12.5555,14.5338,21.1419,1.2145,1.3227,1.5604,2.3846,Latent_Defect,50.0,batch_5,1.1677,21.083682558928587,2.69848038111472,39.46888473674245,36.77040435562773,False,False,False,0.058217441071413134,0.058217441071413134,0.20984937488888208,False,LOW,POINT_BELOW_LIMIT
C09572,L5,DAC,126.68,1.774,11.9533,13.4563,15.6917,19.858,1.2283,1.4208,1.6561,2.2117,Latent_Defect,50.0,batch_5,1.5030000000000001,35.29508158422619,16.909879406412323,53.680283762040055,36.77040435562773,False,True,False,-15.437081584226188,15.437081584226188,0.5254324082865879,True,MEDIUM,POINT_BELOW_LIMIT
C09573,L5,ASIC,124.58,1.217,10.9997,13.324,18.7746,53.4122,1.1722,1.4124,2.0345,7.3207,Absolute_Failure,50.0,batch_5,2.324299999999999,51.091454112980735,32.70625193516687,69.47665629079461,36.77040435562774,True,True,True,2.320745887019264,2.320745887019264,0.9452955839735153,True,HIGH,POINT_ABOVE_LIMIT
C09574,L5,ASIC,124.81,1.196,11.6637,12.0381,12.7907,13.9978,1.2189,1.2926,1.3335,1.4737,Normal,50.0,batch_5,0.3743999999999996,16.292194775992055,-2.0930074018218114,34.677396953805925,36.77040435562773,False,False,False,-2.294394775992055,2.294394775992055,0.06889610412557981,False,VERY_LOW,POINT_BELOW_LIMIT
C09575,L5,ADC,125.63,1.788,11.3882,12.6163,13.4424,14.6118,1.1819,1.2884,1.4527,1.5561,Normal,50.0,batch_5,1.2281000000000013,24.057289299945896,5.67208712213203,42.44249147775976,36.77040435562773,False,False,False,-9.445489299945896,9.445489299945896,0.3035315878300665,False,LOW,POINT_BELOW_LIMIT
C09576,L5,DAC,125.19,1.809,12.4241,13.3486,14.1644,14.2482,1.2796,1.4463,1.5387,1.5179,Normal,50.0,batch_5,0.9245000000000001,19.24221336821346,0.857011190399593,37.62741554602732,36.77040435562773,False,False,False,-4.994013368213459,4.994013368213459,0.10490501945594824,False,VERY_LOW,POINT_BELOW_LIMIT
C09577,L5,FPGA,125.95,1.104,12.3302,12.3294,12.6869,12.6717,1.2874,1.2961,1.3305,1.3043,High_Stable,50.0,batch_5,-0.0007999999999999119,12.87296103045636,-5.512241147357507,31.258163208270226,36.77040435562773,False,False,False,-0.2012610304563598,0.2012610304563598,0.014601587301587301,False,VERY_LOW,POINT_BELOW_LIMIT
C09578,L5,ADC,125.97,1.806,12.0271,12.7483,13.0386,13.3906,1.2815,1.3473,1.3901,1.3955,Normal,50.0,batch_5,0.7211999999999996,19.789841202876982,1.4046390250631156,38.17504338069085,36.77040435562773,False,False,False,-6.399241202876983,6.399241202876983,0.08083940699823054,False,VERY_LOW,POINT_BELOW_LIMIT
C09579,L5,DAC,124.92,1.794,12.289,12.7212,12.866,13.9427,1.2412,1.3123,1.3953,1.4914,Normal,50.0,batch_5,0.4321999999999999,17.41167498462304,-0.9735271931908258,35.79687716243691,36.77040435562773,False,False,False,-3.46897498462304,3.46897498462304,0.16654376623548445,False,LOW,POINT_BELOW_LIMIT
C09580,L5,DAC,124.38,1.792,12.0999,12.6616,13.7932,14.7667,1.2294,1.3189,1.5042,1.5699,Normal,50.0,batch_5,0.5617000000000001,16.40945591597222,-1.9757462618416461,34.79465809378608,36.77040435562773,False,False,False,-1.64275591597222,1.64275591597222,0.13390497225550055,False,VERY_LOW,POINT_BELOW_LIMIT
C09581,L5,DAC,124.77,1.796,11.8711,12.2407,12.9787,13.1331,1.2597,1.2915,1.3364,1.4079,Normal,50.0,batch_5,0.36960000000000015,14.871010977777773,-3.514191200036093,33.25621315559164,36.77040435562773,False,False,False,-1.7379109777777728,1.7379109777777728,0.01737142857142857,False,VERY_LOW,POINT_BELOW_LIMIT
C09582,L5,ADC,124.0,1.796,11.7939,12.6434,13.1639,14.6505,1.2126,1.3584,1.3216,1.5595,Normal,50.0,batch_5,0.849499999999999,18.09094307342794,-0.29425910438592595,36.4761452512418,36.77040435562773,False,False,False,-3.440443073427941,3.440443073427941,0.24896786865467965,False,LOW,POINT_BELOW_LIMIT
C09583,L5,ASIC,125.66,1.207,11.853,14.0997,19.8577,58.1115,1.1951,1.57,2.2043,8.2566,Absolute_Failure,50.0,batch_5,2.2467000000000006,52.75273973331771,34.367537555503844,71.13794191113158,36.77040435562773,True,True,True,5.358760266682289,5.358760266682289,0.9735916638916637,True,HIGH,POINT_ABOVE_LIMIT
C09584,L5,ASIC,124.83,1.189,11.3939,12.4047,13.2231,13.8831,1.194,1.2879,1.3879,1.4534,Normal,50.0,batch_5,1.0107999999999997,18.94673552118839,0.5615333433745242,37.33193769900225,36.77040435562773,False,False,False,-5.06363552118839,5.06363552118839,0.2583365977387205,False,LOW,POINT_BELOW_LIMIT
C09585,L5,FPGA,125.83,1.122,12.1278,12.3231,12.4271,12.3161,1.3076,1.3593,1.3311,1.2686,High_Stable,50.0,batch_5,0.19529999999999959,13.750306314186508,-4.634895863627358,32.135508492000376,36.77040435562773,False,False,False,-1.4342063141865076,1.4342063141865076,0.01748160173160173,False,VERY_LOW,POINT_BELOW_LIMIT
C09586,L5,FPGA,125.81,1.089,11.2461,13.2638,22.8158,50.7816,1.1867,1.4145,2.5834,6.8796,Absolute_Failure,50.0,batch_5,2.0176999999999996,38.68325454813314,20.298052370319276,57.06845672594701,36.77040435562773,False,True,True,12.098345451866855,12.098345451866855,0.8080427034763336,True,HIGH,POINT_BELOW_LIMIT
C09587,L5,FPGA,125.95,1.086,11.3802,12.1568,12.7435,13.4987,1.162,1.234,1.3632,1.4182,Normal,50.0,batch_5,0.7766000000000002,19.122023119047626,0.7368209412337592,37.50722529686149,36.77040435562773,False,False,False,-5.623323119047626,5.623323119047626,0.31413431047826235,False,LOW,POINT_BELOW_LIMIT
C09588,L5,FPGA,125.4,1.091,11.4615,12.2429,13.3452,13.9313,1.2346,1.2592,1.3955,1.4405,Normal,50.0,batch_5,0.7814000000000014,19.6194105126984,1.234208334884535,38.00461269051227,36.77040435562773,False,False,False,-5.688110512698401,5.688110512698401,0.18937160379825385,False,LOW,POINT_BELOW_LIMIT
C09589,L5,FPGA,128.14,1.096,11.3649,11.994,12.9607,13.6214,1.1798,1.2453,1.3753,1.4501,Normal,50.0,batch_5,0.6290999999999993,19.572015991736425,1.1868138139225586,37.95721816955029,36.77040435562773,False,False,False,-5.950615991736425,5.950615991736425,0.1570034554927357,False,LOW,POINT_BELOW_LIMIT
C09590,L5,ASIC,125.76,1.201,11.3141,12.6995,15.8006,57.6477,1.1561,1.3458,1.6939,8.1474,Absolute_Failure,50.0,batch_5,1.3854000000000006,28.956387396825406,10.57118521901154,47.34158957463927,36.77040435562773,False,False,True,28.691312603174595,28.691312603174595,0.4840723058344117,False,MEDIUM,POINT_BELOW_LIMIT
C09591,L5,ADC,124.63,1.79,12.1792,13.2963,14.877,15.1142,1.2785,1.387,1.6216,1.6039,Normal,50.0,batch_5,1.1171000000000006,18.135142540909083,-0.2500596369047834,36.52034471872295,36.77040435562773,False,False,False,-3.0209425409090827,3.0209425409090827,0.06839808524808524,False,VERY_LOW,POINT_BELOW_LIMIT
C09592,L5,FPGA,125.6,1.093,12.2489,13.7207,20.5296,55.4508,1.266,1.4484,2.2871,7.7152,Absolute_Failure,50.0,batch_5,1.4718,31.028081761174278,12.642879583360411,49.413283938988144,36.77040435562773,False,False,True,24.422718238825723,24.422718238825723,0.5549132927368121,True,MEDIUM,POINT_BELOW_LIMIT
C09593,L5,ADC,124.98,1.792,11.5766,12.3809,12.4626,13.8886,1.2025,1.2946,1.2732,1.5017,Normal,50.0,batch_5,0.8043000000000013,16.23149290892858,-2.1537092688852866,34.616695086742446,36.77040435562773,False,False,False,-2.3428929089285795,2.3428929089285795,0.1051624062809209,False,VERY_LOW,POINT_BELOW_LIMIT
C09594,L5,DAC,124.87,1.795,12.4107,13.387,14.0934,14.8599,1.3259,1.419,1.4973,1.5991,Normal,50.0,batch_5,0.9763000000000002,17.125096395773486,-1.2601057820403803,35.51029857358735,36.77040435562773,False,False,False,-2.2651963957734864,2.2651963957734864,0.06317650467008053,False,VERY_LOW,POINT_BELOW_LIMIT
C09595,L5,ASIC,124.84,1.209,11.8054,11.8179,11.8705,11.8192,1.2238,1.2672,1.2717,1.282,High_Stable,50.0,batch_5,0.01249999999999929,12.860407096825393,-5.524795080988474,31.245609274639257,36.77040435562773,False,False,False,-1.0412070968253921,1.0412070968253921,0.00445,False,VERY_LOW,POINT_BELOW_LIMIT
C09596,L5,ASIC,124.87,1.174,12.0189,13.329,13.9232,15.1647,1.2888,1.3913,1.4894,1.6327,Normal,50.0,batch_5,1.3101000000000003,24.430331007043673,6.045128829229807,42.81553318485754,36.77040435562773,False,False,False,-9.265631007043673,9.265631007043673,0.2075042438529448,False,LOW,POINT_BELOW_LIMIT
C09597,L5,DAC,126.25,1.801,12.4092,13.3789,14.3882,15.4869,1.2852,1.4025,1.4873,1.6479,Normal,50.0,batch_5,0.9696999999999996,21.190105575690854,2.8049033978769877,39.57530775350472,36.77040435562773,False,False,False,-5.703205575690854,5.703205575690854,0.330831949651531,False,LOW,POINT_BELOW_LIMIT
C09598,L5,ADC,124.18,1.811,12.1926,12.5839,13.6859,31.2477,1.2925,1.3333,1.4606,3.796,Sudden_Anomaly,50.0,batch_5,0.3912999999999993,15.904214033327497,-2.4809881444863695,34.289416211141365,36.77040435562773,False,False,False,15.343485966672501,15.343485966672501,0.04877911048359965,False,VERY_LOW,POINT_BELOW_LIMIT
C09599,L5,ASIC,125.53,1.223,11.3836,12.4631,13.6856,14.3289,1.1686,1.2821,1.4553,1.5131,Normal,50.0,batch_5,1.0795000000000012,19.402576167857152,1.0173739900432857,37.787778345671015,36.77040435562773,False,False,False,-5.073676167857151,5.073676167857151,0.22986205284948527,False,LOW,POINT_BELOW_LIMIT
C09600,L5,DAC,126.71,1.819,12.402,13.813,21.6056,51.0493,1.2904,1.4595,2.4208,6.9093,Absolute_Failure,50.0,batch_5,1.4110000000000014,27.544050489486576,9.15884831167271,45.929252667300446,36.77040435562773,False,False,True,23.505249510513426,23.505249510513426,0.3894902311930661,False,LOW,POINT_BELOW_LIMIT
C09601,L5,FPGA,124.49,1.104,11.0701,12.3407,13.5557,14.7711,1.1025,1.3058,1.4714,1.55,Normal,50.0,batch_5,1.2706,23.141390919815954,4.756188742002088,41.52659309762982,36.77040435562773,False,False,False,-8.370290919815954,8.370290919815954,0.24725651344437855,False,LOW,POINT_BELOW_LIMIT
C09602,L5,ADC,124.05,1.783,11.8605,12.7004,13.7931,14.9211,1.2282,1.3549,1.5511,1.6002,Normal,50.0,batch_5,0.8399000000000001,17.420459522619044,-0.9647426551948222,35.80566170043291,36.77040435562773,False,False,False,-2.499359522619045,2.499359522619045,0.16163030867481326,False,LOW,POINT_BELOW_LIMIT
C09603,L5,FPGA,127.23,1.083,11.8618,12.3835,13.237,14.6141,1.2518,1.2553,1.4202,1.5661,Normal,50.0,batch_5,0.5216999999999992,16.052388104112556,-2.3328140737013108,34.43759028192642,36.77040435562773,False,False,False,-1.438288104112555,1.438288104112555,0.03406774891774892,False,VERY_LOW,POINT_BELOW_LIMIT
C09604,L5,ADC,126.76,1.785,11.7983,13.1949,14.1063,15.4082,1.2027,1.4209,1.4586,1.6044,Normal,50.0,batch_5,1.3966000000000012,31.57885881716269,13.193656639348823,49.964060994976556,36.77040435562773,False,False,False,-16.17065881716269,16.17065881716269,0.46900596719397436,False,MEDIUM,POINT_BELOW_LIMIT
C09605,L5,FPGA,124.53,1.104,11.6801,12.7118,14.4455,26.9415,1.2317,1.3135,1.4688,3.1092,Sudden_Anomaly,50.0,batch_5,1.0317000000000007,16.427133993871408,-1.9580681839424585,34.812336171685274,36.77040435562773,False,False,False,10.514366006128594,10.514366006128594,0.14069789429009236,False,VERY_LOW,POINT_BELOW_LIMIT
C09606,L5,ASIC,127.08,1.173,11.9866,12.9439,15.5153,54.7943,1.2928,1.3774,1.6777,7.5905,Absolute_Failure,50.0,batch_5,0.9573,18.406994888816733,0.021792711002866838,36.7921970666306,36.77040435562773,False,False,True,36.38730511118327,36.38730511118327,0.13627151644962926,False,VERY_LOW,POINT_BELOW_LIMIT
C09607,L5,ASIC,125.49,1.212,11.8015,12.8998,13.4354,14.7893,1.2447,1.3447,1.4017,1.5834,Normal,50.0,batch_5,1.0983,17.71627802261905,-0.6689241551948157,36.10148020043292,36.77040435562773,False,False,False,-2.92697802261905,2.92697802261905,0.11861108461840728,False,VERY_LOW,POINT_BELOW_LIMIT
C09608,L5,FPGA,124.68,1.11,11.1835,11.9864,12.6248,13.3628,1.1652,1.3018,1.3501,1.4212,Normal,50.0,batch_5,0.8028999999999993,16.319680664150436,-2.0655215136634304,34.704882841964306,36.77040435562773,False,False,False,-2.956880664150436,2.956880664150436,0.17012478017338695,False,LOW,POINT_BELOW_LIMIT
C09609,L5,ASIC,125.82,1.181,11.2747,12.0353,12.7416,14.3688,1.188,1.2482,1.3225,1.5503,Normal,50.0,batch_5,0.7606000000000002,18.196667684523824,-0.18853449329004235,36.58186986233769,36.77040435562773,False,False,False,-3.8278676845238238,3.8278676845238238,0.08837031877651069,False,VERY_LOW,POINT_BELOW_LIMIT
C09610,L5,ASIC,124.77,1.213,11.4238,12.1285,14.7319,22.4633,1.2168,1.3024,1.592,2.5578,Latent_Defect,50.0,batch_5,0.7047000000000008,17.065055279828826,-1.3201468979850404,35.45025745764269,36.77040435562773,False,False,False,5.398244720171174,5.398244720171174,0.09288885015950234,False,VERY_LOW,POINT_BELOW_LIMIT
C09611,L5,ASIC,125.58,1.22,11.7874,12.0065,12.0569,12.2902,1.2495,1.2432,1.239,1.307,High_Stable,50.0,batch_5,0.21910000000000096,14.133875900324686,-4.251326277489181,32.51907807813855,36.77040435562773,False,False,False,-1.8436759003246852,1.8436759003246852,0.02576421356421356,False,VERY_LOW,POINT_BELOW_LIMIT
C09612,L5,ADC,124.46,1.778,11.6218,11.8631,11.9975,12.703,1.2236,1.2604,1.2022,1.3264,Normal,50.0,batch_5,0.24129999999999896,15.132769063591265,-3.252433114222601,33.517971241405135,36.77040435562773,False,False,False,-2.429769063591266,2.429769063591266,0.025518270618270618,False,VERY_LOW,POINT_BELOW_LIMIT
C09613,L5,ADC,127.58,1.8,12.7645,12.7386,13.0119,13.0456,1.3193,1.3736,1.3564,1.3819,High_Stable,50.0,batch_5,-0.025900000000000034,15.19658061954366,-3.1886215582702064,33.581782797357526,36.77040435562773,False,False,False,-2.1509806195436596,2.1509806195436596,0.05725121496150909,False,VERY_LOW,POINT_BELOW_LIMIT
C09614,L5,ASIC,125.74,1.19,11.3143,11.7886,12.2449,14.0467,1.1968,1.1903,1.3057,1.5177,Normal,50.0,batch_5,0.4743000000000013,15.314444563591264,-3.070757614222602,33.69964674140513,36.77040435562773,False,False,False,-1.2677445635912648,1.2677445635912648,0.033081045184605556,False,VERY_LOW,POINT_BELOW_LIMIT
C09615,L5,ASIC,124.7,1.169,10.7194,11.9049,12.8235,14.1888,1.1385,1.199,1.3484,1.4827,Normal,50.0,batch_5,1.1854999999999993,23.4941224407051,5.108920262891235,41.879324618518964,36.77040435562773,False,False,False,-9.305322440705101,9.305322440705101,0.15220883058003798,False,LOW,POINT_BELOW_LIMIT
C09616,L5,ADC,125.27,1.788,11.9857,12.8523,13.7981,14.7078,1.2638,1.3371,1.4553,1.558,Normal,50.0,batch_5,0.8666,16.28368330456349,-2.1015188732503773,34.668885482377355,36.77040435562773,False,False,False,-1.5758833045634884,1.5758833045634884,0.06291643634143636,False,VERY_LOW,POINT_BELOW_LIMIT
C09617,L5,DAC,125.57,1.767,11.9824,12.6929,13.2517,13.9349,1.2951,1.3378,1.448,1.446,Normal,50.0,batch_5,0.7104999999999997,18.49243867172619,0.1072364939123247,36.87764084954006,36.77040435562773,False,False,False,-4.55753867172619,4.55753867172619,0.08776629812396065,False,VERY_LOW,POINT_BELOW_LIMIT
C09618,L5,ASIC,125.83,1.227,11.7571,12.1007,14.7517,54.4395,1.2278,1.2536,1.595,7.5414,Absolute_Failure,50.0,batch_5,0.34360000000000035,16.82323359910714,-1.5619685787067255,35.20843577692101,36.77040435562773,False,False,True,37.61626640089286,37.61626640089286,0.1112879575992276,False,VERY_LOW,POINT_BELOW_LIMIT
C09619,L5,DAC,125.56,1.784,12.3637,12.9399,14.1519,34.352,1.3219,1.3661,1.4741,4.2204,Sudden_Anomaly,50.0,batch_5,0.5762,15.216206082936502,-3.1689960948773646,33.60140826075037,36.77040435562773,False,False,False,19.135793917063495,19.135793917063495,0.010194383394383394,False,VERY_LOW,POINT_BELOW_LIMIT
C09620,L5,DAC,125.25,1.798,11.8622,12.126,12.8708,13.2742,1.2417,1.2326,1.3627,1.4243,Normal,50.0,batch_5,0.2637999999999998,13.508045534424612,-4.877156643389254,31.893247712238477,36.77040435562773,False,False,False,-0.23384553442461176,0.23384553442461176,0.025805555555555557,False,VERY_LOW,POINT_BELOW_LIMIT
C09621,L5,ASIC,124.47,1.204,11.5163,12.299,12.8507,13.1816,1.2595,1.3009,1.3467,1.3798,Normal,50.0,batch_5,0.7827000000000002,17.372453500682767,-1.0127486771310998,35.75765567849663,36.77040435562773,False,False,False,-4.190853500682767,4.190853500682767,0.07757284414931476,False,VERY_LOW,POINT_BELOW_LIMIT
C09622,L5,ADC,125.49,1.807,11.9449,12.3633,12.3389,13.7602,1.2425,1.2969,1.3087,1.4328,Normal,50.0,batch_5,0.4184000000000001,16.308861982280227,-2.076340195533639,34.69406416009409,36.77040435562773,False,False,False,-2.548661982280228,2.548661982280228,0.056665945165945156,False,VERY_LOW,POINT_BELOW_LIMIT
C09623,L5,ASIC,125.66,1.203,11.7329,12.2092,12.5179,12.9595,1.2258,1.2841,1.2945,1.3388,Normal,50.0,batch_5,0.4762999999999984,15.034220084523817,-3.3509820932900496,33.41942226233768,36.77040435562773,False,False,False,-2.0747200845238165,2.0747200845238165,0.0381690415793357,False,VERY_LOW,POINT_BELOW_LIMIT
C09624,L5,ASIC,125.05,1.208,11.4065,11.3949,11.4732,11.9496,1.1873,1.2007,1.1994,1.2559,High_Stable,50.0,batch_5,-0.01159999999999961,12.36760745049603,-6.017594727317837,30.752809628309898,36.77040435562773,False,False,False,-0.41800745049602916,0.41800745049602916,0.029489305139305137,False,VERY_LOW,POINT_BELOW_LIMIT
C09625,L5,ASIC,125.36,1.192,11.154,12.6558,14.7917,29.6503,1.1032,1.2635,1.5811,3.5014,Sudden_Anomaly,50.0,batch_5,1.5017999999999994,34.72826984335319,16.343067665539323,53.113472021167055,36.77040435562773,False,True,False,-5.077969843353188,5.077969843353188,0.577607699117562,True,MEDIUM,POINT_BELOW_LIMIT
C09626,L5,ASIC,125.49,1.194,11.8628,12.5688,13.452,14.9217,1.2565,1.3593,1.4631,1.6138,Normal,50.0,batch_5,0.7059999999999995,17.308829560714283,-1.076372617099583,35.69403173852815,36.77040435562773,False,False,False,-2.3871295607142837,2.3871295607142837,0.05721675122263358,False,VERY_LOW,POINT_BELOW_LIMIT
C09627,L5,DAC,125.14,1.812,12.4658,12.9672,13.9313,14.8972,1.2609,1.3659,1.5202,1.5801,Normal,50.0,batch_5,0.5014000000000003,18.467309231250002,0.08210705343613611,36.852511409063865,36.77040435562773,False,False,False,-3.5701092312500027,3.5701092312500027,0.046077175602175606,False,VERY_LOW,POINT_BELOW_LIMIT
C09628,L5,DAC,126.04,1.778,12.2496,13.2127,14.2468,15.5293,1.3079,1.3899,1.4775,1.6876,Normal,50.0,batch_5,0.9631000000000007,24.93110249943245,6.545900321618582,43.316304677246315,36.77040435562773,False,False,False,-9.40180249943245,9.40180249943245,0.4730039065991241,False,MEDIUM,POINT_BELOW_LIMIT
C09629,L5,ASIC,125.26,1.194,11.0876,12.079,12.8478,14.0667,1.1547,1.3011,1.3559,1.4981,Normal,50.0,batch_5,0.9914000000000005,19.162853795238096,0.7776516174242296,37.54805597305196,36.77040435562773,False,False,False,-5.096153795238095,5.096153795238095,0.16498844230867443,False,LOW,POINT_BELOW_LIMIT
C09630,L5,ASIC,124.79,1.17,11.5305,11.3529,11.6189,11.9898,1.2085,1.1991,1.1923,1.224,High_Stable,50.0,batch_5,-0.17759999999999998,12.245300129662699,-6.139902048151168,30.630502307476565,36.77040435562773,False,False,False,-0.255500129662698,0.255500129662698,0.019358008658008654,False,VERY_LOW,POINT_BELOW_LIMIT
C09631,L5,DAC,124.46,1.796,11.8807,12.2539,12.6575,13.4358,1.2286,1.2693,1.3172,1.415,Normal,50.0,batch_5,0.37320000000000064,14.648309143697775,-3.7368930341160915,33.03351132151164,36.77040435562773,False,False,False,-1.2125091436977744,1.2125091436977744,0.008361888111888111,False,VERY_LOW,POINT_BELOW_LIMIT
C09632,L5,ASIC,124.88,1.173,11.731,12.6791,16.8576,24.1919,1.251,1.3376,1.8133,2.7768,Latent_Defect,50.0,batch_5,0.9481000000000002,16.561292272916663,-1.823909904897203,34.946494450730526,36.77040435562773,False,False,False,7.630607727083337,7.630607727083337,0.044946428571428575,False,VERY_LOW,POINT_BELOW_LIMIT
C09633,L5,FPGA,125.38,1.087,11.7371,12.2875,13.0945,13.9486,1.2032,1.3184,1.336,1.4961,Normal,50.0,batch_5,0.5503999999999998,16.277160826060754,-2.108041351753112,34.66236300387462,36.77040435562773,False,False,False,-2.3285608260607535,2.3285608260607535,0.13881977703020526,False,VERY_LOW,POINT_BELOW_LIMIT
C09634,L5,DAC,125.9,1.78,12.3726,12.7343,13.2999,14.0862,1.2932,1.2966,1.3622,1.4816,Normal,50.0,batch_5,0.361699999999999,15.770622739384937,-2.6145794384289296,34.1558249171988,36.77040435562773,False,False,False,-1.684422739384937,1.684422739384937,0.043415878892349484,False,VERY_LOW,POINT_BELOW_LIMIT
C09635,L5,ASIC,125.06,1.165,11.2459,11.4743,11.2011,11.43,1.1399,1.2034,1.1915,1.172,High_Stable,50.0,batch_5,0.22839999999999883,15.250623523598613,-3.134578654215254,33.63582570141248,36.77040435562773,False,False,False,-3.820623523598613,3.820623523598613,0.18988408163903503,False,LOW,POINT_BELOW_LIMIT
C09636,L5,DAC,125.81,1.801,12.1463,13.298,13.8499,14.4578,1.2346,1.4177,1.4023,1.5031,Normal,50.0,batch_5,1.1517,22.510110261011896,4.124908083198029,40.89531243882576,36.77040435562773,False,False,False,-8.052310261011895,8.052310261011895,0.19557984289036714,False,LOW,POINT_BELOW_LIMIT
C09637,L5,FPGA,125.8,1.116,11.8608,11.9313,11.8521,12.0928,1.2255,1.2434,1.203,1.2756,High_Stable,50.0,batch_5,0.0705000000000009,12.367496337202386,-6.01770584061148,30.752698515016252,36.77040435562773,False,False,False,-0.2746963372023856,0.2746963372023856,0.004969696969696969,False,VERY_LOW,POINT_BELOW_LIMIT
C09638,L5,ASIC,125.89,1.181,11.731,13.3521,17.4117,25.1066,1.2136,1.4304,1.8534,2.9,Latent_Defect,50.0,batch_5,1.6211000000000002,32.60696427777778,14.221762099963911,50.992166455591644,36.77040435562773,False,True,False,-7.500364277777777,7.500364277777777,0.505540757627878,True,MEDIUM,POINT_BELOW_LIMIT
C09639,L5,FPGA,125.57,1.139,11.5926,11.9578,12.591,13.3489,1.2304,1.2321,1.3119,1.4318,Normal,50.0,batch_5,0.3652000000000015,14.221199286471865,-4.164002891342001,32.60640146428573,36.77040435562773,False,False,False,-0.8722992864718648,0.8722992864718648,0.03138565416065416,False,VERY_LOW,POINT_BELOW_LIMIT
C09640,L5,FPGA,125.88,1.112,12.4231,13.4214,13.8084,15.0993,1.251,1.4064,1.4812,1.644,Normal,50.0,batch_5,0.9983000000000004,18.730613884123397,0.34541170630953033,37.11581606193727,36.77040435562773,False,False,False,-3.631313884123397,3.631313884123397,0.13265541406191556,False,VERY_LOW,POINT_BELOW_LIMIT
C09641,L5,ASIC,125.74,1.201,11.3175,11.7932,12.5108,13.8608,1.1956,1.2362,1.3354,1.4941,Normal,50.0,batch_5,0.4756999999999998,15.479828809316384,-2.9053733684974823,33.865030987130254,36.77040435562773,False,False,False,-1.6190288093163847,1.6190288093163847,0.05328286362760047,False,VERY_LOW,POINT_BELOW_LIMIT
C09642,L5,FPGA,124.65,1.092,11.0832,12.2062,12.9022,13.8497,1.1196,1.2999,1.3663,1.4471,Normal,50.0,batch_5,1.123000000000001,20.267626884769044,1.8824247069551774,38.65282906258291,36.77040435562773,False,False,False,-6.417926884769043,6.417926884769043,0.16905516232208584,False,LOW,POINT_BELOW_LIMIT
C09643,L5,FPGA,126.12,1.097,11.3505,12.1944,12.7752,13.7926,1.1839,1.2705,1.3284,1.4722,Normal,50.0,batch_5,0.8438999999999997,16.360249429939905,-2.024952747873961,34.74545160775377,36.77040435562773,False,False,False,-2.5676494299399053,2.5676494299399053,0.09772035888947657,False,VERY_LOW,POINT_BELOW_LIMIT
C09644,L5,DAC,124.4,1.8,12.2631,12.527,12.4131,12.8472,1.2586,1.2886,1.2862,1.3772,High_Stable,50.0,batch_5,0.2638999999999996,14.356308654040399,-4.028893523773467,32.741510831854264,36.77040435562773,False,False,False,-1.5091086540403982,1.5091086540403982,0.011476190476190478,False,VERY_LOW,POINT_BELOW_LIMIT
C09645,L5,ASIC,124.75,1.194,11.3594,12.3078,14.7483,36.8186,1.1798,1.3139,1.5792,4.5855,Sudden_Anomaly,50.0,batch_5,0.9483999999999995,18.23527772242063,-0.1499244553932364,36.6204799002345,36.77040435562773,False,False,False,18.583322277579374,18.583322277579374,0.07254308119755488,False,VERY_LOW,POINT_BELOW_LIMIT
C09646,L5,DAC,124.68,1.818,11.8145,13.4098,15.8559,57.3244,1.3016,1.4328,1.7511,8.0881,Absolute_Failure,50.0,batch_5,1.5953,37.03983622182538,18.654634044011516,55.42503839963925,36.77040435562773,False,True,True,20.284563778174615,20.284563778174615,0.6349174903072132,True,MEDIUM,POINT_BELOW_LIMIT
C09647,L5,ADC,123.81,1.798,11.7179,12.428,13.1389,14.1514,1.2466,1.3063,1.3464,1.5307,Normal,50.0,batch_5,0.7101000000000006,16.880237663392858,-1.5049645144210082,35.26543984120673,36.77040435562773,False,False,False,-2.7288376633928575,2.7288376633928575,0.10651124843508744,False,VERY_LOW,POINT_BELOW_LIMIT
C09648,L5,FPGA,125.91,1.092,11.5834,12.6355,15.2789,41.9423,1.1766,1.3946,1.6551,5.4294,Sudden_Anomaly,50.0,batch_5,1.0521000000000011,22.10466566309523,3.719463485281363,40.4898678409091,36.77040435562773,False,False,False,19.837634336904774,19.837634336904774,0.16231341791462603,False,LOW,POINT_BELOW_LIMIT
C09649,L5,ASIC,124.92,1.201,12.0708,13.1261,15.5842,31.1376,1.292,1.3731,1.6585,3.7546,Sudden_Anomaly,50.0,batch_5,1.055299999999999,19.061996103273795,0.6767939254599291,37.447198281087665,36.77040435562773,False,False,False,12.075603896726204,12.075603896726204,0.054669123566492,False,VERY_LOW,POINT_BELOW_LIMIT
C09650,L5,DAC,124.76,1.805,12.4019,12.3213,12.387,12.187,1.2681,1.2956,1.3115,1.3037,High_Stable,50.0,batch_5,-0.08059999999999867,12.831406092766949,-5.553796085046917,31.216608270580814,36.77040435562773,False,False,False,-0.6444060927669497,0.6444060927669497,0.0032285714285714287,False,VERY_LOW,POINT_BELOW_LIMIT
C09651,L5,DAC,124.3,1.803,11.6555,12.5043,13.9547,38.5523,1.1636,1.2965,1.4908,4.833,Sudden_Anomaly,50.0,batch_5,0.8488000000000007,20.44514773214288,2.059945554329012,38.830349909956745,36.77040435562773,False,False,False,18.107152267857124,18.107152267857124,0.1369897005385395,False,VERY_LOW,POINT_BELOW_LIMIT
C09652,L5,ASIC,123.21,1.21,11.5623,12.9605,14.987,19.0338,1.1927,1.3556,1.5742,2.0744,Latent_Defect,50.0,batch_5,1.3981999999999992,30.8889587654762,12.503756587662334,49.27416094329007,36.77040435562773,False,False,False,-11.855158765476201,11.855158765476201,0.544591888628514,True,MEDIUM,POINT_BELOW_LIMIT
C09653,L5,ASIC,126.32,1.192,11.8986,12.0397,12.317,12.4546,1.2597,1.2297,1.2608,1.3274,High_Stable,50.0,batch_5,0.14109999999999978,13.484959692279254,-4.900242485534612,31.87016187009312,36.77040435562773,False,False,False,-1.030359692279255,1.030359692279255,0.06193875764758119,False,VERY_LOW,POINT_BELOW_LIMIT
C09654,L5,DAC,124.79,1.805,12.3529,13.5231,13.427,13.3618,1.2476,1.4365,1.411,1.4536,Normal,50.0,batch_5,1.1701999999999995,23.170112371446614,4.784910193632747,41.55531454926048,36.77040435562773,False,False,False,-9.808312371446613,9.808312371446613,0.11215783212462485,False,VERY_LOW,POINT_BELOW_LIMIT
C09655,L5,ASIC,123.83,1.196,11.3448,11.5205,12.1641,13.3188,1.1727,1.203,1.275,1.3982,Normal,50.0,batch_5,0.17570000000000086,14.90032714632937,-3.4848750314844956,33.28552932414324,36.77040435562773,False,False,False,-1.5815271463293712,1.5815271463293712,0.051319552669552675,False,VERY_LOW,POINT_BELOW_LIMIT
C09656,L5,ASIC,123.23,1.178,11.6312,12.2006,12.9666,13.8296,1.2131,1.3189,1.3826,1.4019,Normal,50.0,batch_5,0.5693999999999999,18.263446134821436,-0.12175604299243048,36.6486483126353,36.77040435562773,False,False,False,-4.433846134821437,4.433846134821437,0.19391784246329882,False,LOW,POINT_BELOW_LIMIT
C09657,L5,FPGA,125.76,1.116,11.9097,12.1461,12.0975,12.7416,1.2378,1.2844,1.2847,1.3624,High_Stable,50.0,batch_5,0.23639999999999972,13.396110182189837,-4.98909199562403,31.781312360003703,36.77040435562773,False,False,False,-0.6545101821898367,0.6545101821898367,0.023474242424242425,False,VERY_LOW,POINT_BELOW_LIMIT
C09658,L5,ASIC,125.14,1.237,11.098,12.8724,18.1114,52.3655,1.1684,1.3797,1.9874,7.1679,Absolute_Failure,50.0,batch_5,1.7744,35.96043891153497,17.575236733721106,54.34564108934884,36.77040435562773,False,True,True,16.405061088465025,16.405061088465025,0.7999428706114375,True,HIGH,POINT_BELOW_LIMIT
C09659,L5,DAC,125.96,1.817,11.5762,12.683,15.4277,31.4846,1.2233,1.317,1.6264,3.7832,Sudden_Anomaly,50.0,batch_5,1.1067999999999998,19.892422501961246,1.5072203241473794,38.277624679775116,36.77040435562773,False,False,False,11.592177498038755,11.592177498038755,0.1887421424494651,False,LOW,POINT_BELOW_LIMIT
C09660,L5,FPGA,124.33,1.122,12.3712,12.7242,13.5283,13.9551,1.294,1.3247,1.446,1.4877,Normal,50.0,batch_5,0.35299999999999976,14.427177690079366,-3.9580244877345,32.812379867893235,36.77040435562773,False,False,False,-0.4720776900793666,0.4720776900793666,0.01353974358974359,False,VERY_LOW,POINT_BELOW_LIMIT
C09661,L5,FPGA,125.56,1.107,10.9176,11.6625,12.2618,13.4824,1.1397,1.2575,1.2745,1.4599,Normal,50.0,batch_5,0.7448999999999995,18.607544496762248,0.22234231894838175,36.99274667457611,36.77040435562773,False,False,False,-5.125144496762248,5.125144496762248,0.08706424412099469,False,VERY_LOW,POINT_BELOW_LIMIT
C09662,L5,ASIC,125.77,1.204,11.7264,12.8006,15.1739,18.9716,1.2147,1.3364,1.617,2.0721,Latent_Defect,50.0,batch_5,1.0741999999999994,16.048692364880957,-2.33650981293291,34.43389454269482,36.77040435562773,False,False,False,2.922907635119042,2.922907635119042,0.07140783281905572,False,VERY_LOW,POINT_BELOW_LIMIT
C09663,L5,ADC,125.2,1.769,11.7411,12.7367,16.7124,53.2805,1.1871,1.3475,1.8192,7.2892,Absolute_Failure,50.0,batch_5,0.9956000000000014,17.281410824702377,-1.1037913531114896,35.66661300251624,36.77040435562773,False,False,True,35.99908917529763,35.99908917529763,0.09962305925928215,False,VERY_LOW,POINT_BELOW_LIMIT
C09664,L5,DAC,124.2,1.826,12.4992,13.2554,14.285,15.6188,1.2722,1.394,1.5211,1.6467,Normal,50.0,batch_5,0.7561999999999998,18.624352224900786,0.23915004708691967,37.009554402714656,36.77040435562773,False,False,False,-3.0055522249007858,3.0055522249007858,0.11769558137940489,False,VERY_LOW,POINT_BELOW_LIMIT
C09665,L5,DAC,124.4,1.779,11.5567,12.8775,13.3336,14.1474,1.2141,1.3387,1.4373,1.5031,Normal,50.0,batch_5,1.3208000000000002,34.92428211597223,16.539079938158366,53.3094842937861,36.77040435562773,False,True,False,-20.776882115972235,20.776882115972235,0.7552438548646424,True,HIGH,POINT_BELOW_LIMIT
C09666,L5,DAC,123.92,1.788,12.4284,12.6503,13.814,14.8929,1.2723,1.3167,1.4685,1.601,Normal,50.0,batch_5,0.22189999999999976,13.898901403273815,-4.486300774540052,32.28410358108768,36.77040435562773,False,False,False,0.9939985967261844,0.9939985967261844,0.014087263613579402,False,VERY_LOW,POINT_BELOW_LIMIT
C09667,L5,FPGA,124.44,1.108,12.3277,12.3462,12.2549,11.9681,1.2908,1.2795,1.3148,1.2201,High_Stable,50.0,batch_5,0.018499999999999517,12.743568539880956,-5.641633637932911,31.12877071769482,36.77040435562773,False,False,False,-0.775468539880956,0.775468539880956,0.007742712842712843,False,VERY_LOW,POINT_BELOW_LIMIT
C09668,L5,DAC,125.57,1.8,12.0914,12.7982,13.4787,13.5553,1.2567,1.3619,1.4198,1.3813,Normal,50.0,batch_5,0.7067999999999994,18.227612828571438,-0.1575893492424285,36.612815006385304,36.77040435562773,False,False,False,-4.672312828571437,4.672312828571437,0.02347340437340437,False,VERY_LOW,POINT_BELOW_LIMIT
C09669,L5,ADC,124.59,1.786,12.0349,13.0362,13.7392,14.3882,1.2444,1.3691,1.4463,1.5382,Normal,50.0,batch_5,1.0012999999999987,17.230316771428562,-1.1548854063853042,35.61551894924243,36.77040435562773,False,False,False,-2.8421167714285627,2.8421167714285627,0.09730166956959152,False,VERY_LOW,POINT_BELOW_LIMIT
C09670,L5,FPGA,126.11,1.129,11.7532,12.0295,13.155,27.6279,1.1966,1.2494,1.4421,3.1985,Sudden_Anomaly,50.0,batch_5,0.2763000000000009,14.601790891017322,-3.783411286796545,32.98699306883119,36.77040435562773,False,False,False,13.026109108982679,13.026109108982679,0.10270193035976455,False,VERY_LOW,POINT_BELOW_LIMIT
C09671,L5,ASIC,125.26,1.206,11.5779,12.8248,13.1432,14.2678,1.2263,1.3751,1.3876,1.4739,Normal,50.0,batch_5,1.2469000000000001,23.792596393650808,5.407394215836941,42.17779857146468,36.77040435562773,False,False,False,-9.524796393650808,9.524796393650808,0.47462648937507806,False,MEDIUM,POINT_BELOW_LIMIT
C09672,L5,ASIC,124.48,1.203,11.3577,12.9611,17.2151,23.3426,1.1621,1.3786,1.8472,2.666,Latent_Defect,50.0,batch_5,1.6034000000000006,38.59319723216992,20.207995054356054,56.97839940998379,36.77040435562773,False,True,False,-15.25059723216992,15.25059723216992,0.7673530703991873,True,HIGH,POINT_BELOW_LIMIT
C09673,L5,DAC,123.48,1.81,12.0674,12.4194,14.7093,38.0283,1.3007,1.2965,1.5644,4.804,Sudden_Anomaly,50.0,batch_5,0.3520000000000003,17.925019952191548,-0.4601822256223187,36.310222130005414,36.77040435562773,False,False,False,20.103280047808454,20.103280047808454,0.06568540022069434,False,VERY_LOW,POINT_BELOW_LIMIT
C09674,L5,ADC,125.53,1.786,11.7419,11.9256,13.1946,26.211,1.2504,1.2143,1.3798,3.0677,Sudden_Anomaly,50.0,batch_5,0.18369999999999997,13.13889142757937,-5.246310750234496,31.524093605393237,36.77040435562773,False,False,False,13.072108572420628,13.072108572420628,0.011514718614718615,False,VERY_LOW,POINT_BELOW_LIMIT
C09675,L5,FPGA,125.41,1.107,11.1255,12.0586,12.7811,14.2004,1.1825,1.2611,1.3231,1.5947,Normal,50.0,batch_5,0.9330999999999996,16.703911965823078,-1.6812902119907882,35.08911414363695,36.77040435562773,False,False,False,-2.503511965823078,2.503511965823078,0.07710443803435689,False,VERY_LOW,POINT_BELOW_LIMIT
C09676,L5,ASIC,124.44,1.196,11.1858,12.1661,12.947,14.4909,1.1402,1.2433,1.3693,1.5225,Normal,50.0,batch_5,0.9802999999999997,17.513031721279752,-0.8721704565341142,35.89823389909362,36.77040435562773,False,False,False,-3.0221317212797523,3.0221317212797523,0.26352115064170567,False,LOW,POINT_BELOW_LIMIT
C09677,L5,ASIC,126.01,1.203,12.1619,14.4339,19.9877,55.4521,1.307,1.5764,2.2233,7.7837,Absolute_Failure,50.0,batch_5,2.2720000000000002,52.256437028266134,33.87123485045227,70.64163920608,36.77040435562773,True,True,True,3.195662971733867,3.195662971733867,0.9471647061003737,True,HIGH,POINT_ABOVE_LIMIT
C09678,L5,ASIC,124.72,1.18,11.1931,12.4156,15.8293,20.0312,1.191,1.3562,1.7427,2.2063,Latent_Defect,50.0,batch_5,1.2225000000000001,20.938305369970994,2.5531031921571277,39.32350754778486,36.77040435562773,False,False,False,-0.9071053699709957,0.9071053699709957,0.27924367577589665,False,LOW,POINT_BELOW_LIMIT
C09679,L5,DAC,124.8,1.792,11.6369,12.1628,13.1961,14.2979,1.2097,1.2264,1.3736,1.5264,Normal,50.0,batch_5,0.5259,15.17819009990081,-3.207012077913056,33.56339227771468,36.77040435562773,False,False,False,-0.8802900999008099,0.8802900999008099,0.0583423765776707,False,VERY_LOW,POINT_BELOW_LIMIT
C09680,L5,ASIC,125.88,1.202,11.4859,12.7047,13.0738,14.1195,1.1956,1.3141,1.364,1.5077,Normal,50.0,batch_5,1.2187999999999999,21.304078489502174,2.918876311688308,39.68928066731604,36.77040435562773,False,False,False,-7.184578489502174,7.184578489502174,0.19643782676899674,False,LOW,POINT_BELOW_LIMIT
C09681,L5,DAC,124.68,1.811,12.1735,12.8857,13.6616,14.5806,1.3073,1.3497,1.4786,1.5861,Normal,50.0,batch_5,0.7121999999999993,16.577126396031755,-1.8080757817821116,34.962328573845625,36.77040435562773,False,False,False,-1.9965263960317543,1.9965263960317543,0.05063972343446028,False,VERY_LOW,POINT_BELOW_LIMIT
C09682,L5,ADC,122.81,1.804,11.8715,12.9848,13.3929,14.5927,1.1828,1.3877,1.3832,1.5929,Normal,50.0,batch_5,1.1133000000000006,23.871928898944788,5.486726721130921,42.257131076758654,36.77040435562773,False,False,False,-9.279228898944787,9.279228898944787,0.35828967986541,False,LOW,POINT_BELOW_LIMIT
C09683,L5,ADC,124.63,1.77,11.7994,12.7641,13.2012,14.2899,1.2502,1.3363,1.3876,1.5159,Normal,50.0,batch_5,0.9646999999999988,15.977222865972221,-2.407979311841645,34.36242504378609,36.77040435562773,False,False,False,-1.687322865972222,1.687322865972222,0.03181108613608613,False,VERY_LOW,POINT_BELOW_LIMIT
C09684,L5,ASIC,125.65,1.202,11.7397,12.9519,14.2708,15.0675,1.2267,1.3679,1.5143,1.6166,Normal,50.0,batch_5,1.212200000000001,24.208950547519844,5.823748369705978,42.594152725333714,36.77040435562773,False,False,False,-9.141450547519844,9.141450547519844,0.32800430469930225,False,LOW,POINT_BELOW_LIMIT
C09685,L5,DAC,124.83,1.817,11.8489,12.6303,13.1686,14.2453,1.2351,1.3198,1.4414,1.5214,Normal,50.0,batch_5,0.7813999999999997,16.17126600476191,-2.2139361730519553,34.55646818257578,36.77040435562773,False,False,False,-1.9259660047619107,1.9259660047619107,0.11025650819208163,False,VERY_LOW,POINT_BELOW_LIMIT
C09686,L5,ADC,125.08,1.807,11.7025,12.4404,13.5364,13.8127,1.2528,1.2761,1.4378,1.4595,Normal,50.0,batch_5,0.7378999999999998,16.205841595716084,-2.1793605820977824,34.59104377352995,36.77040435562773,False,False,False,-2.3931415957160844,2.3931415957160844,0.07534164940703841,False,VERY_LOW,POINT_BELOW_LIMIT
C09687,L5,ADC,124.57,1.783,11.6285,12.417,13.0254,14.1362,1.191,1.2961,1.3589,1.5235,Normal,50.0,batch_5,0.7884999999999991,16.19631193829364,-2.1888902395202265,34.581514116107506,36.77040435562773,False,False,False,-2.0601119382936393,2.0601119382936393,0.05203970310735017,False,VERY_LOW,POINT_BELOW_LIMIT
C09688,L5,ASIC,124.19,1.201,11.0421,11.7376,12.5912,13.3407,1.135,1.2396,1.3532,1.422,Normal,50.0,batch_5,0.6955000000000009,14.602911015034277,-3.7822911627795897,32.98811319284815,36.77040435562773,False,False,False,-1.2622110150342767,1.2622110150342767,0.07408811517127374,False,VERY_LOW,POINT_BELOW_LIMIT
C09689,L5,ASIC,125.24,1.205,11.2916,12.1917,12.8849,36.2059,1.1337,1.3311,1.3339,4.471,Sudden_Anomaly,50.0,batch_5,0.9001000000000001,18.16961370908189,-0.21558846873197623,36.55481588689575,36.77040435562773,False,False,False,18.03628629091811,18.03628629091811,0.1918523657801965,False,LOW,POINT_BELOW_LIMIT
C09690,L5,ASIC,124.22,1.193,12.0949,12.2088,12.3518,12.8204,1.2446,1.2396,1.3169,1.3146,High_Stable,50.0,batch_5,0.11389999999999922,13.169732357394691,-5.215469820419175,31.55493453520856,36.77040435562773,False,False,False,-0.34933235739469204,0.34933235739469204,0.002025974025974026,False,VERY_LOW,POINT_BELOW_LIMIT
C09691,L5,FPGA,126.05,1.093,10.7979,11.6198,12.3501,12.8036,1.1151,1.1961,1.2759,1.3757,Normal,50.0,batch_5,0.8218999999999994,14.700003559226673,-3.6851986185871937,33.08520573704054,36.77040435562773,False,False,False,-1.8964035592266733,1.8964035592266733,0.06816710889847967,False,VERY_LOW,POINT_BELOW_LIMIT
C09692,L5,DAC,124.02,1.795,11.8177,12.5544,13.6346,14.6819,1.2434,1.3315,1.4323,1.5568,Normal,50.0,batch_5,0.736699999999999,16.19028112876984,-2.1949210490440265,34.575483306583706,36.77040435562773,False,False,False,-1.5083811287698392,1.5083811287698392,0.050734948384948395,False,VERY_LOW,POINT_BELOW_LIMIT
C09693,L5,ASIC,125.33,1.219,11.0694,13.5912,19.4609,55.3891,1.1429,1.4358,2.1619,7.7068,Absolute_Failure,50.0,batch_5,2.5218000000000007,54.395576885401425,36.01037470758756,72.78077906321529,36.77040435562773,True,True,True,0.9935231145985739,0.9935231145985739,0.9910454353266271,True,HIGH,POINT_ABOVE_LIMIT
C09694,L5,FPGA,125.23,1.091,11.062,11.4726,12.6679,12.8854,1.1449,1.1772,1.3506,1.3658,Normal,50.0,batch_5,0.4106000000000005,18.878238505158723,0.49303632734485703,37.263440682972586,36.77040435562773,False,False,False,-5.992838505158723,5.992838505158723,0.16413824994652537,False,LOW,POINT_BELOW_LIMIT
C09695,L5,ASIC,124.98,1.214,11.1982,12.0448,14.6332,33.8853,1.153,1.263,1.5052,4.0768,Sudden_Anomaly,50.0,batch_5,0.8466000000000005,16.33220626312831,-2.0529959146855568,34.71740844094218,36.77040435562773,False,False,False,17.55309373687169,17.55309373687169,0.09930599348364055,False,VERY_LOW,POINT_BELOW_LIMIT
C09696,L5,ADC,125.48,1.783,11.8429,13.3184,15.2394,23.3511,1.2248,1.4178,1.6136,2.7023,Latent_Defect,50.0,batch_5,1.4755000000000003,31.988751270337307,13.60354909252344,50.37395344815117,36.77040435562773,False,True,False,-8.637651270337308,8.637651270337308,0.5685327852797355,True,MEDIUM,POINT_BELOW_LIMIT
C09697,L5,FPGA,125.5,1.113,12.3453,13.1596,15.3282,27.4161,1.2882,1.4124,1.63,3.182,Sudden_Anomaly,50.0,batch_5,0.8142999999999994,17.363963082761,-1.0212390950528665,35.74916526057487,36.77040435562773,False,False,False,10.052136917239,10.052136917239,0.015425813075813078,False,VERY_LOW,POINT_BELOW_LIMIT
C09698,L5,FPGA,124.73,1.071,11.6098,12.6452,13.5644,14.3257,1.1772,1.3584,1.4324,1.5405,Normal,50.0,batch_5,1.035400000000001,21.474289758256305,3.0890875804424383,39.85949193607017,36.77040435562773,False,False,False,-7.148589758256305,7.148589758256305,0.19656368026015344,False,LOW,POINT_BELOW_LIMIT
C09699,L5,ASIC,126.01,1.18,11.2412,13.5208,18.8915,54.1486,1.1412,1.4109,2.0828,7.4638,Absolute_Failure,50.0,batch_5,2.2796000000000003,52.669945375732595,34.28474319791873,71.05514755354646,36.77040435562773,True,True,True,1.4786546242674063,1.4786546242674063,0.9820598403448402,True,HIGH,POINT_ABOVE_LIMIT
C09700,L5,DAC,124.17,1.797,12.5483,12.5819,12.7318,12.8976,1.2929,1.3478,1.3597,1.3562,High_Stable,50.0,batch_5,0.03359999999999985,13.095156246780304,-5.290045931033562,31.480358424594172,36.77040435562773,False,False,False,-0.19755624678030337,0.19755624678030337,0.006798573975044564,False,VERY_LOW,POINT_BELOW_LIMIT
C09701,L5,FPGA,126.35,1.093,11.1485,12.2439,12.887,13.0835,1.1677,1.2937,1.3553,1.3958,Normal,50.0,batch_5,1.0953999999999997,19.33823383816738,0.9530316603535134,37.72343601598125,36.77040435562773,False,False,False,-6.254733838167379,6.254733838167379,0.40306655516716194,False,MEDIUM,POINT_BELOW_LIMIT
C09702,L5,DAC,124.63,1.804,12.1603,12.9492,13.5328,14.867,1.2638,1.3673,1.4306,1.6045,Normal,50.0,batch_5,0.7888999999999999,18.25774580158731,-0.12745637622655792,36.64294797940117,36.77040435562773,False,False,False,-3.3907458015873075,3.3907458015873075,0.12796186739829218,False,VERY_LOW,POINT_BELOW_LIMIT
C09703,L5,DAC,124.37,1.81,11.8048,12.6939,13.5805,13.1917,1.2561,1.3496,1.4344,1.4083,Normal,50.0,batch_5,0.8890999999999991,17.31313519742062,-1.0720669803932452,35.69833737523449,36.77040435562773,False,False,False,-4.12143519742062,4.12143519742062,0.08052526816149107,False,VERY_LOW,POINT_BELOW_LIMIT
C09704,L5,DAC,125.55,1.808,12.0087,13.4065,17.6934,57.789,1.2171,1.4415,1.9187,8.1885,Absolute_Failure,50.0,batch_5,1.3978000000000002,34.36357325664683,15.978371078832964,52.7487754344607,36.77040435562773,False,True,True,23.42542674335317,23.42542674335317,0.5571484477781218,True,MEDIUM,POINT_BELOW_LIMIT
C09705,L5,ADC,123.67,1.78,11.0916,12.5045,13.794,37.9327,1.1477,1.3267,1.4029,4.7446,Sudden_Anomaly,50.0,batch_5,1.4129000000000005,30.9659505816198,12.580748403805934,49.35115275943367,36.77040435562773,False,False,False,6.966749418380196,6.966749418380196,0.4614158951873401,False,MEDIUM,POINT_BELOW_LIMIT
C09706,L5,ADC,124.32,1.794,11.6695,12.4413,13.3676,13.5083,1.2773,1.3119,1.4199,1.4652,Normal,50.0,batch_5,0.7718000000000007,18.57564086160714,0.19043868379327478,36.96084303942101,36.77040435562773,False,False,False,-5.067340861607141,5.067340861607141,0.14039733900929338,False,VERY_LOW,POINT_BELOW_LIMIT
C09707,L5,ASIC,124.28,1.173,11.041,12.0318,12.496,13.4237,1.158,1.2225,1.3149,1.4388,Normal,50.0,batch_5,0.9908000000000001,19.557449439980157,1.172247262166291,37.94265161779403,36.77040435562773,False,False,False,-6.133749439980157,6.133749439980157,0.23702368305736918,False,LOW,POINT_BELOW_LIMIT
C09708,L5,FPGA,127.65,1.079,11.5527,12.7561,13.6929,14.9038,1.1706,1.3236,1.427,1.5564,Normal,50.0,batch_5,1.2034000000000002,27.23685643154761,8.851654253733745,45.622058609361474,36.77040435562773,False,False,False,-12.333056431547611,12.333056431547611,0.2831055073604796,False,LOW,POINT_BELOW_LIMIT
C09709,L5,FPGA,126.52,1.133,12.0325,13.2064,13.1967,14.4581,1.2389,1.3877,1.4277,1.4897,Normal,50.0,batch_5,1.1738999999999997,23.780649666666662,5.3954474888527955,42.16585184448053,36.77040435562773,False,False,False,-9.322549666666662,9.322549666666662,0.18715758338743255,False,LOW,POINT_BELOW_LIMIT
C09710,L5,FPGA,124.94,1.116,12.1699,13.7448,16.0198,51.9595,1.2534,1.497,1.6881,7.0657,Absolute_Failure,50.0,batch_5,1.5748999999999995,32.484052786309505,14.098850608495638,50.86925496412337,36.77040435562773,False,True,True,19.475447213690494,19.475447213690494,0.5800880737274202,True,MEDIUM,POINT_BELOW_LIMIT
C09711,L5,ASIC,125.45,1.196,11.9814,12.1057,12.361,12.7514,1.2344,1.2741,1.2705,1.3337,High_Stable,50.0,batch_5,0.12429999999999986,13.687030081204227,-4.698172096609639,32.072232259018094,36.77040435562773,False,False,False,-0.9356300812042271,0.9356300812042271,0.03890292207792208,False,VERY_LOW,POINT_BELOW_LIMIT
C09712,L5,ADC,125.25,1.804,11.965,12.0607,12.1477,12.0804,1.2203,1.2825,1.2505,1.2502,High_Stable,50.0,batch_5,0.09570000000000078,13.24687443368507,-5.138327744128796,31.63207661149894,36.77040435562773,False,False,False,-1.166474433685071,1.166474433685071,0.044040251447148,False,VERY_LOW,POINT_BELOW_LIMIT
C09713,L5,ASIC,124.91,1.204,11.5749,11.9505,12.388,13.9921,1.1875,1.2114,1.2986,1.4968,Normal,50.0,batch_5,0.3756000000000004,15.059844673214297,-3.3253575045995696,33.44504685102817,36.77040435562773,False,False,False,-1.0677446732142961,1.0677446732142961,0.09118476510885763,False,VERY_LOW,POINT_BELOW_LIMIT
C09714,L5,FPGA,125.17,1.101,11.7036,12.6833,13.0114,13.9963,1.2086,1.401,1.3186,1.55,Normal,50.0,batch_5,0.9796999999999993,19.778096611034083,1.392894433220217,38.16329878884795,36.77040435562773,False,False,False,-5.781796611034084,5.781796611034084,0.16263982182547257,False,LOW,POINT_BELOW_LIMIT
C09715,L5,ASIC,124.34,1.219,12.0545,12.6011,12.8748,14.1363,1.259,1.3227,1.3986,1.5207,Normal,50.0,batch_5,0.5465999999999998,16.825203872050864,-1.5599983057630027,35.21040604986473,36.77040435562773,False,False,False,-2.6889038720508633,2.6889038720508633,0.01031043956043956,False,VERY_LOW,POINT_BELOW_LIMIT
C09716,L5,ASIC,124.85,1.184,11.6469,12.7033,12.7969,13.2867,1.2499,1.3199,1.3653,1.3798,Normal,50.0,batch_5,1.0564,17.87896087857143,-0.5062412992424363,36.2641630563853,36.77040435562773,False,False,False,-4.59226087857143,4.59226087857143,0.15644737812067522,False,LOW,POINT_BELOW_LIMIT
C09717,L5,FPGA,127.47,1.078,11.1284,11.4353,11.9672,12.9922,1.1512,1.226,1.2564,1.3602,Normal,50.0,batch_5,0.3069000000000006,16.350520634484134,-2.0346815433297323,34.735722812298,36.77040435562773,False,False,False,-3.3583206344841336,3.3583206344841336,0.09305310369025538,False,VERY_LOW,POINT_BELOW_LIMIT
C09718,L5,FPGA,125.92,1.102,12.236,13.4413,16.0822,23.8778,1.2519,1.4353,1.7269,2.7267,Latent_Defect,50.0,batch_5,1.2052999999999994,22.872522535813495,4.487320357999629,41.25772471362736,36.77040435562773,False,False,False,1.0052774641865057,1.0052774641865057,0.11618402155578622,False,VERY_LOW,POINT_BELOW_LIMIT
C09719,L5,DAC,126.23,1.784,12.3986,12.7386,14.2511,27.1154,1.2739,1.3528,1.5063,3.1782,Sudden_Anomaly,50.0,batch_5,0.33999999999999986,16.771818076289684,-1.6133841015241828,35.15702025410355,36.77040435562773,False,False,False,10.343581923710317,10.343581923710317,0.03294184625443206,False,VERY_LOW,POINT_BELOW_LIMIT
C09720,L5,ASIC,123.35,1.195,11.3496,11.4595,11.7711,12.5803,1.1604,1.21,1.2226,1.286,Normal,50.0,batch_5,0.10989999999999966,15.732124872023817,-2.653077305790049,34.117327049837684,36.77040435562773,False,False,False,-3.151824872023818,3.151824872023818,0.11865886809269159,False,VERY_LOW,POINT_BELOW_LIMIT
C09721,L5,FPGA,123.72,1.099,11.4689,11.782,12.8148,13.5003,1.1653,1.2233,1.3483,1.4524,Normal,50.0,batch_5,0.3131000000000004,15.91964387172618,-2.4655583060876864,34.304846049540046,36.77040435562773,False,False,False,-2.4193438717261806,2.4193438717261806,0.11547463253121147,False,VERY_LOW,POINT_BELOW_LIMIT
C09722,L5,ADC,124.95,1.785,11.3996,11.9249,13.0062,14.7286,1.205,1.2641,1.3914,1.5638,Normal,50.0,batch_5,0.5252999999999997,16.349193444976564,-2.0360087328373027,34.73439562279043,36.77040435562773,False,False,False,-1.6205934449765635,1.6205934449765635,0.08854367124103966,False,VERY_LOW,POINT_BELOW_LIMIT
C09723,L5,DAC,124.95,1.776,12.0243,12.3405,12.619,14.0821,1.2543,1.3047,1.3518,1.483,Normal,50.0,batch_5,0.31620000000000026,14.525041522123006,-3.8601606556908603,32.91024369993687,36.77040435562773,False,False,False,-0.4429415221230055,0.4429415221230055,0.02129047619047619,False,VERY_LOW,POINT_BELOW_LIMIT
C09724,L5,ASIC,124.97,1.214,11.5274,12.62,13.6855,14.5608,1.2078,1.3082,1.426,1.5087,Normal,50.0,batch_5,1.0925999999999991,22.246520448489036,3.86131827067517,40.6317226263029,36.77040435562773,False,False,False,-7.685720448489036,7.685720448489036,0.2454019596865894,False,LOW,POINT_BELOW_LIMIT
C09725,L5,DAC,124.85,1.792,11.9705,13.1653,18.1344,26.2849,1.2626,1.3496,2.026,3.0533,Latent_Defect,50.0,batch_5,1.1948000000000008,20.86176447321428,2.476562295400413,39.246966651028146,36.77040435562773,False,False,False,5.423135526785721,5.423135526785721,0.049077977577977584,False,VERY_LOW,POINT_BELOW_LIMIT
C09726,L5,FPGA,126.56,1.104,10.8731,11.8302,12.6042,13.8335,1.1673,1.232,1.2876,1.4573,Normal,50.0,batch_5,0.9570999999999987,17.123182875396814,-1.2620193024170518,35.50838505321068,36.77040435562773,False,False,False,-3.2896828753968137,3.2896828753968137,0.208039913090006,False,LOW,POINT_BELOW_LIMIT
C09727,L5,ADC,125.22,1.767,12.3066,13.0919,13.6184,14.4654,1.2808,1.3396,1.4389,1.5312,Normal,50.0,batch_5,0.7853000000000012,21.079127764641694,2.6939255868278273,39.464329942455564,36.77040435562773,False,False,False,-6.613727764641693,6.613727764641693,0.07743886668886667,False,VERY_LOW,POINT_BELOW_LIMIT
C09728,L5,FPGA,124.78,1.097,11.9866,13.3363,18.7785,54.8301,1.2884,1.3957,2.0892,7.5899,Absolute_Failure,50.0,batch_5,1.3497000000000003,32.00360282316921,13.618400645355344,50.388805000983076,36.77040435562773,False,True,True,22.82649717683079,22.82649717683079,0.5220270184985691,True,MEDIUM,POINT_BELOW_LIMIT
C09729,L5,FPGA,124.81,1.099,11.0104,12.701,15.2273,20.7065,1.1251,1.3237,1.6448,2.3011,Latent_Defect,50.0,batch_5,1.6905999999999999,31.984348966666648,13.599146788852781,50.36955114448051,36.77040435562773,False,True,False,-11.27784896666665,11.27784896666665,0.6766846287427674,True,MEDIUM,POINT_BELOW_LIMIT
C09730,L5,ADC,124.37,1.815,12.0089,13.9407,18.1018,58.904,1.2564,1.4289,1.9708,8.368,Absolute_Failure,50.0,batch_5,1.931799999999999,41.42433854265871,23.039136364844843,59.809540720472576,36.77040435562773,False,True,True,17.479661457341294,17.479661457341294,0.773663327235574,True,HIGH,POINT_BELOW_LIMIT
C09731,L5,FPGA,124.55,1.098,11.615,12.6701,12.7727,13.4929,1.2351,1.3347,1.3586,1.4664,Normal,50.0,batch_5,1.0550999999999995,16.564692463613476,-1.8205097142003908,34.94989464142734,36.77040435562773,False,False,False,-3.071792463613475,3.071792463613475,0.08686804302164979,False,VERY_LOW,POINT_BELOW_LIMIT
C09732,L5,FPGA,126.48,1.095,11.6235,12.5128,13.8525,38.9011,1.2198,1.3235,1.4489,4.8889,Sudden_Anomaly,50.0,batch_5,0.8893000000000004,22.335019680158734,3.9498175023448674,40.720221857972604,36.77040435562773,False,False,False,16.566080319841266,16.566080319841266,0.2816365411856156,False,LOW,POINT_BELOW_LIMIT
C09733,L5,ADC,125.14,1.817,11.5666,12.1196,13.1971,14.652,1.2243,1.2915,1.386,1.5381,Normal,50.0,batch_5,0.5530000000000008,16.34710824920635,-2.038093928607516,34.73231042702022,36.77040435562773,False,False,False,-1.695108249206351,1.695108249206351,0.09916593281757498,False,VERY_LOW,POINT_BELOW_LIMIT
C09734,L5,FPGA,125.61,1.093,11.5714,12.1861,13.5021,14.3104,1.1949,1.2439,1.441,1.4737,Normal,50.0,batch_5,0.6146999999999991,16.599155545535716,-1.7860466322781505,34.98435772334958,36.77040435562773,False,False,False,-2.2887555455357163,2.2887555455357163,0.09530585862104576,False,VERY_LOW,POINT_BELOW_LIMIT
C09735,L5,DAC,123.33,1.799,11.8206,12.3171,12.7298,13.2215,1.2311,1.3147,1.3018,1.4058,Normal,50.0,batch_5,0.4964999999999993,15.531675654114457,-2.8535265236994096,33.916877831928325,36.77040435562773,False,False,False,-2.310175654114456,2.310175654114456,0.08280973940135337,False,VERY_LOW,POINT_BELOW_LIMIT
C09736,L5,FPGA,124.83,1.103,12.8249,12.7601,12.7139,12.8174,1.3521,1.2831,1.3546,1.3383,High_Stable,50.0,batch_5,-0.06479999999999997,13.541986222420627,-4.843215955393239,31.927188400234492,36.77040435562773,False,False,False,-0.7245862224206281,0.7245862224206281,0.03995479797979798,False,VERY_LOW,POINT_BELOW_LIMIT
C09737,L5,ADC,124.52,1.786,12.1761,14.301,23.2775,53.0068,1.3093,1.5215,2.6254,7.2964,Absolute_Failure,50.0,batch_5,2.1249000000000002,47.61734079930557,29.232138621491707,66.00254297711945,36.77040435562774,False,True,True,5.389459200694425,5.389459200694425,0.9329599260139446,True,HIGH,POINT_BELOW_LIMIT
C09738,L5,ADC,124.77,1.786,12.1002,12.5638,13.7246,13.9012,1.2345,1.3307,1.4413,1.4684,Normal,50.0,batch_5,0.46360000000000134,16.83033772748015,-1.5548644503337172,35.215539905294015,36.77040435562773,False,False,False,-2.9291377274801498,2.9291377274801498,0.044339340484077325,False,VERY_LOW,POINT_BELOW_LIMIT
C09739,L5,DAC,124.62,1.804,12.3383,12.4292,12.842,13.2868,1.2897,1.3433,1.348,1.4142,High_Stable,50.0,batch_5,0.09089999999999954,13.42780761617064,-4.957394561643227,31.813009793984506,36.77040435562773,False,False,False,-0.14100761617063995,0.14100761617063995,0.01735396825396825,False,VERY_LOW,POINT_BELOW_LIMIT
C09740,L5,FPGA,124.85,1.098,11.3008,11.9003,12.8117,13.7326,1.1972,1.2187,1.3707,1.4192,Normal,50.0,batch_5,0.599499999999999,15.139601667120793,-3.245600510693073,33.52480384493466,36.77040435562773,False,False,False,-1.4070016671207934,1.4070016671207934,0.095499020716126,False,VERY_LOW,POINT_BELOW_LIMIT
C09741,L5,FPGA,125.29,1.103,11.796,13.5959,18.9662,55.6822,1.2293,1.462,2.0766,7.7584,Absolute_Failure,50.0,batch_5,1.799900000000001,36.01933469339987,17.634132515586003,54.404536871213736,36.77040435562773,False,True,True,19.662865306600132,19.662865306600132,0.7710936684631725,True,HIGH,POINT_BELOW_LIMIT
C09742,L5,FPGA,125.27,1.1,11.812,12.6962,13.1559,14.4159,1.2161,1.357,1.3833,1.4972,Normal,50.0,batch_5,0.8841999999999999,19.680956587202374,1.2957544093885076,38.06615876501624,36.77040435562773,False,False,False,-5.265056587202373,5.265056587202373,0.1914680413263908,False,LOW,POINT_BELOW_LIMIT
C09743,L5,DAC,124.89,1.792,12.0901,12.8603,13.9186,14.3506,1.2894,1.3785,1.5554,1.5376,Normal,50.0,batch_5,0.7702000000000009,16.013685783802316,-2.3715163940115502,34.39888796161618,36.77040435562773,False,False,False,-1.663085783802316,1.663085783802316,0.03732740037740038,False,VERY_LOW,POINT_BELOW_LIMIT
C09744,L5,ASIC,125.13,1.194,11.2571,12.5002,13.5867,15.2849,1.1825,1.2812,1.4519,1.6411,Normal,50.0,batch_5,1.2431,20.14191047242064,1.7567082946067742,38.52711265023451,36.77040435562773,False,False,False,-4.85701047242064,4.85701047242064,0.21358063110241843,False,LOW,POINT_BELOW_LIMIT
C09745,L5,DAC,125.22,1.799,12.9126,13.3419,13.9515,15.3181,1.3519,1.4186,1.4646,1.6448,Normal,50.0,batch_5,0.42930000000000135,17.516334647084403,-0.8688675307294638,35.90153682489827,36.77040435562773,False,False,False,-2.198234647084403,2.198234647084403,0.09611680541680544,False,VERY_LOW,POINT_BELOW_LIMIT
C09746,L5,DAC,125.98,1.792,12.4802,12.6676,12.8382,13.2421,1.3114,1.2951,1.3947,1.4078,High_Stable,50.0,batch_5,0.18740000000000023,13.36006479077382,-5.025137387040047,31.745266968587686,36.77040435562773,False,False,False,-0.1179647907738186,0.1179647907738186,0.0208004329004329,False,VERY_LOW,POINT_BELOW_LIMIT
C09747,L5,FPGA,124.56,1.097,10.4183,11.4802,12.2501,12.9265,1.0908,1.2018,1.3143,1.3426,Normal,50.0,batch_5,1.0618999999999996,17.358171931966655,-1.027030245847211,35.74337410978052,36.77040435562773,False,False,False,-4.431671931966655,4.431671931966655,0.19418473296986605,False,LOW,POINT_BELOW_LIMIT
C09748,L5,ADC,126.36,1.795,12.077,12.5617,13.5661,14.0661,1.2633,1.3217,1.4145,1.5251,Normal,50.0,batch_5,0.48470000000000013,17.6020412452381,-0.7831609325757647,35.987243423051964,36.77040435562773,False,False,False,-3.535941245238101,3.535941245238101,0.02998877920325289,False,VERY_LOW,POINT_BELOW_LIMIT
C09749,L5,ASIC,124.74,1.225,11.1163,12.0148,12.217,12.5808,1.1554,1.2473,1.2757,1.2872,Normal,50.0,batch_5,0.8984999999999985,18.379160862442895,-0.006041315370971745,36.76436304025676,36.77040435562773,False,False,False,-5.798360862442895,5.798360862442895,0.3748728482671039,False,LOW,POINT_BELOW_LIMIT
C09750,L5,ASIC,125.48,1.214,11.5527,12.2443,13.2577,14.2975,1.2135,1.2568,1.3884,1.5457,Normal,50.0,batch_5,0.6916000000000011,16.80332612053571,-1.581876057278155,35.18852829834958,36.77040435562773,False,False,False,-2.505826120535712,2.505826120535712,0.12915615399990144,False,VERY_LOW,POINT_BELOW_LIMIT
C09751,L5,DAC,124.4,1.821,11.8825,12.917,14.7072,29.044,1.2546,1.3961,1.5507,3.4237,Sudden_Anomaly,50.0,batch_5,1.0344999999999995,18.604901078373015,0.2196989005591483,36.990103256186885,36.77040435562773,False,False,False,10.439098921626986,10.439098921626986,0.2449494023364946,False,LOW,POINT_BELOW_LIMIT
C09752,L5,ASIC,124.71,1.198,11.7504,11.6508,11.538,11.6087,1.1953,1.2531,1.202,1.1931,High_Stable,50.0,batch_5,-0.09960000000000058,13.076057269146826,-5.30914490866704,31.461259446960693,36.77040435562773,False,False,False,-1.4673572691468255,1.4673572691468255,0.019583937553674394,False,VERY_LOW,POINT_BELOW_LIMIT
C09753,L5,ASIC,125.66,1.216,11.5047,12.5649,13.8608,15.1452,1.191,1.2826,1.4752,1.6253,Normal,50.0,batch_5,1.0602,21.584013766865063,3.1988115890511963,39.96921594467893,36.77040435562773,False,False,False,-6.438813766865062,6.438813766865062,0.22628859730167783,False,LOW,POINT_BELOW_LIMIT
C09754,L5,DAC,125.34,1.793,12.4148,13.4557,14.0742,15.3049,1.3073,1.4002,1.5106,1.6955,Normal,50.0,batch_5,1.0409000000000006,17.335007673131095,-1.0501945046827714,35.72020985094496,36.77040435562773,False,False,False,-2.030107673131095,2.030107673131095,0.09518843951350346,False,VERY_LOW,POINT_BELOW_LIMIT
C09755,L5,FPGA,126.31,1.108,10.8507,12.0748,13.1413,14.888,1.1253,1.2579,1.3698,1.5941,Normal,50.0,batch_5,1.2241,24.26546368653221,5.880261508718345,42.65066586434608,36.77040435562773,False,False,False,-9.377463686532211,9.377463686532211,0.5536173828646636,True,MEDIUM,POINT_BELOW_LIMIT
C09756,L5,DAC,126.04,1.788,12.1722,12.811,13.1786,14.1761,1.2943,1.3531,1.4276,1.4902,Normal,50.0,batch_5,0.6387999999999998,17.09603933492065,-1.2891628428932158,35.48124151273451,36.77040435562773,False,False,False,-2.9199393349206506,2.9199393349206506,0.025436909581646426,False,VERY_LOW,POINT_BELOW_LIMIT
C09757,L5,ASIC,125.3,1.229,11.1358,12.8422,17.5613,24.9609,1.1918,1.4017,1.9371,2.8572,Latent_Defect,50.0,batch_5,1.7064000000000004,35.89846884990079,17.51326667208692,54.283671027714654,36.77040435562773,False,True,False,-10.937568849900789,10.937568849900789,0.6559550923851426,True,MEDIUM,POINT_BELOW_LIMIT
C09758,L5,ADC,125.25,1.795,11.694,11.9372,12.0818,12.0144,1.2322,1.2961,1.2642,1.249,High_Stable,50.0,batch_5,0.24319999999999986,14.426968254960329,-3.9582339228535375,32.812170432774195,36.77040435562773,False,False,False,-2.4125682549603287,2.4125682549603287,0.02988136308136308,False,VERY_LOW,POINT_BELOW_LIMIT
C09759,L5,DAC,124.58,1.796,11.798,12.9295,14.0055,15.1265,1.2539,1.3647,1.4827,1.6238,Normal,50.0,batch_5,1.1315000000000008,18.563590939903833,0.17838876208996624,36.9487931177177,36.77040435562773,False,False,False,-3.4370909399038325,3.4370909399038325,0.11852312674082024,False,VERY_LOW,POINT_BELOW_LIMIT
C09760,L5,FPGA,125.56,1.119,11.473,12.1457,12.8873,13.1815,1.1897,1.2555,1.3576,1.37,Normal,50.0,batch_5,0.672699999999999,16.006445400099217,-2.378756777714649,34.39164757791308,36.77040435562773,False,False,False,-2.8249454000992174,2.8249454000992174,0.0918742057392212,False,VERY_LOW,POINT_BELOW_LIMIT
C09761,L5,FPGA,125.6,1.06,11.7489,12.7584,12.7124,13.7907,1.2012,1.357,1.3069,1.4531,Normal,50.0,batch_5,1.0094999999999992,21.6796194045635,3.2944172267496334,40.06482158237736,36.77040435562773,False,False,False,-7.8889194045635005,7.8889194045635005,0.2130171667676634,False,LOW,POINT_BELOW_LIMIT
C09762,L5,DAC,125.29,1.786,12.0609,12.7135,13.2301,13.9116,1.2746,1.3583,1.3853,1.5023,Normal,50.0,batch_5,0.6525999999999996,19.119939101488093,0.7347369236742267,37.50514127930196,36.77040435562773,False,False,False,-5.208339101488093,5.208339101488093,0.039073771816418884,False,VERY_LOW,POINT_BELOW_LIMIT
C09763,L5,FPGA,125.88,1.095,12.1226,14.5048,21.419,52.9807,1.2627,1.5615,2.4328,7.2614,Absolute_Failure,50.0,batch_5,2.382199999999999,53.15531174196433,34.77010956415047,71.54051391977819,36.770404355627726,True,True,True,-0.17461174196433404,0.17461174196433404,0.9763145672295829,True,HIGH,POINT_ABOVE_LIMIT
C09764,L5,DAC,125.1,1.806,12.4621,13.6185,17.4227,21.4029,1.277,1.4522,1.9286,2.3897,Latent_Defect,50.0,batch_5,1.1563999999999997,23.155697781697448,4.770495603883582,41.540899959511314,36.77040435562773,False,False,False,-1.7527977816974492,1.7527977816974492,0.23385197967103666,False,LOW,POINT_BELOW_LIMIT
C09765,L5,ADC,125.36,1.79,11.7861,12.7243,12.8022,13.3901,1.2931,1.3352,1.343,1.3866,Normal,50.0,batch_5,0.9382000000000001,20.71681024970237,2.3316080718885033,39.102012427516236,36.77040435562773,False,False,False,-7.326710249702369,7.326710249702369,0.15291203913046014,False,LOW,POINT_BELOW_LIMIT
C09766,L5,ASIC,124.0,1.176,11.1841,11.1282,11.1429,11.3118,1.1733,1.1196,1.1589,1.2057,High_Stable,50.0,batch_5,-0.05590000000000117,14.58074782743507,-3.804454350378796,32.965950005248935,36.77040435562773,False,False,False,-3.2689478274350705,3.2689478274350705,0.09395076896787424,False,VERY_LOW,POINT_BELOW_LIMIT
C09767,L5,FPGA,124.84,1.116,11.5531,12.0898,13.1505,14.6537,1.2313,1.2118,1.39,1.5825,Normal,50.0,batch_5,0.5366999999999997,16.586672516974556,-1.7985296608393107,34.971874694788426,36.77040435562773,False,False,False,-1.932972516974555,1.932972516974555,0.17499551935555818,False,LOW,POINT_BELOW_LIMIT
C09768,L5,DAC,126.29,1.782,12.159,13.7853,19.4264,53.0259,1.2265,1.4633,2.1618,7.3123,Absolute_Failure,50.0,batch_5,1.6262999999999987,38.67826367162696,20.29306149381309,57.063465849440824,36.77040435562773,False,True,True,14.347636328373042,14.347636328373042,0.7058479941386445,True,MEDIUM,POINT_BELOW_LIMIT
C09769,L5,ASIC,125.42,1.207,11.824,12.0299,12.1493,12.1407,1.2382,1.265,1.3085,1.2526,High_Stable,50.0,batch_5,0.20589999999999975,13.039951689511179,-5.345250488302687,31.425153867325044,36.77040435562773,False,False,False,-0.8992516895111784,0.8992516895111784,0.012579870129870128,False,VERY_LOW,POINT_BELOW_LIMIT
C09770,L5,FPGA,126.99,1.087,11.1343,12.2307,12.6223,13.1582,1.2073,1.261,1.2979,1.386,Normal,50.0,batch_5,1.096400000000001,20.67633371604437,2.291131538230502,39.061535893858235,36.77040435562773,False,False,False,-7.5181337160443675,7.5181337160443675,0.2895453650047298,False,LOW,POINT_BELOW_LIMIT
C09771,L5,FPGA,125.93,1.092,11.5198,12.5459,13.2104,14.3348,1.1799,1.2936,1.371,1.578,Normal,50.0,batch_5,1.0260999999999996,17.681995396031738,-0.7032067817821286,36.067197573845604,36.77040435562773,False,False,False,-3.347195396031738,3.347195396031738,0.1320439736733854,False,VERY_LOW,POINT_BELOW_LIMIT
C09772,L5,ASIC,125.93,1.218,11.619,12.7505,13.9877,28.0289,1.1961,1.3208,1.4759,3.2542,Sudden_Anomaly,50.0,batch_5,1.1315000000000008,20.169867979761896,1.7846658019480302,38.55507015757576,36.77040435562773,False,False,False,7.859032020238104,7.859032020238104,0.29985678011085193,False,LOW,POINT_BELOW_LIMIT
C09773,L5,DAC,125.32,1.798,11.7469,13.1315,21.0378,60.7542,1.2168,1.4022,2.3416,8.7057,Absolute_Failure,50.0,batch_5,1.3846000000000007,29.833311157738045,11.448108979924179,48.21851333555191,36.77040435562773,False,False,True,30.920888842261952,30.920888842261952,0.49944303657597827,False,MEDIUM,POINT_BELOW_LIMIT
C09774,L5,FPGA,124.91,1.099,10.686,11.2905,11.5066,12.7206,1.0944,1.1275,1.183,1.3087,Normal,50.0,batch_5,0.6044999999999998,13.765800151268794,-4.619402026545073,32.15100232908266,36.77040435562773,False,False,False,-1.0452001512687943,1.0452001512687943,0.0573761853483456,False,VERY_LOW,POINT_BELOW_LIMIT
C09775,L5,FPGA,126.39,1.105,11.2129,12.1129,12.5738,13.3904,1.1568,1.241,1.3298,1.4132,Normal,50.0,batch_5,0.9000000000000004,19.04762242708334,0.6624202492694735,37.432824604897206,36.77040435562773,False,False,False,-5.65722242708334,5.65722242708334,0.32411805184590187,False,LOW,POINT_BELOW_LIMIT
C09776,L5,ADC,124.96,1.816,12.7815,13.6862,14.0822,14.0587,1.3275,1.4303,1.4763,1.5612,Normal,50.0,batch_5,0.9047000000000001,20.426804054064817,2.041601876250951,38.812006231878684,36.77040435562773,False,False,False,-6.368104054064817,6.368104054064817,0.09381470032086196,False,VERY_LOW,POINT_BELOW_LIMIT
C09777,L5,ADC,125.31,1.785,11.6405,11.8509,12.1493,12.251,1.2217,1.2073,1.3039,1.2878,High_Stable,50.0,batch_5,0.21039999999999992,13.526539225496043,-4.8586629523178235,31.91174140330991,36.77040435562773,False,False,False,-1.2755392254960434,1.2755392254960434,0.016344285453108984,False,VERY_LOW,POINT_BELOW_LIMIT
C09778,L5,DAC,124.32,1.783,12.162,12.9915,13.9971,13.9173,1.2525,1.3796,1.526,1.4779,Normal,50.0,batch_5,0.8294999999999995,17.199976912996032,-1.1852252648178343,35.5851790908099,36.77040435562773,False,False,False,-3.282676912996033,3.282676912996033,0.12319969255890309,False,VERY_LOW,POINT_BELOW_LIMIT
C09779,L5,FPGA,125.95,1.09,11.7562,12.1816,12.4335,13.1079,1.2307,1.276,1.3235,1.3661,Normal,50.0,batch_5,0.4253999999999998,15.307203100643141,-3.077999077170725,33.69240527845701,36.77040435562773,False,False,False,-2.1993031006431405,2.1993031006431405,0.038313100896924426,False,VERY_LOW,POINT_BELOW_LIMIT
C09780,L5,ASIC,124.91,1.211,11.4816,12.8542,13.9702,36.1511,1.1672,1.3479,1.4715,4.4587,Sudden_Anomaly,50.0,batch_5,1.3726000000000003,32.78509361230159,14.39989143448772,51.17029579011545,36.77040435562773,False,True,False,3.3660063876984125,3.3660063876984125,0.5987153217699077,True,MEDIUM,POINT_BELOW_LIMIT
C09781,L5,FPGA,125.06,1.114,11.7055,12.3787,13.2327,14.1721,1.2305,1.2844,1.4179,1.5534,Normal,50.0,batch_5,0.6731999999999996,16.877616318650777,-1.5075858591630897,35.26281849646465,36.77040435562773,False,False,False,-2.7055163186507762,2.7055163186507762,0.08512583499232107,False,VERY_LOW,POINT_BELOW_LIMIT
C09782,L5,ASIC,126.21,1.202,11.4606,12.5929,16.8415,21.7222,1.1933,1.3235,1.8541,2.3998,Latent_Defect,50.0,batch_5,1.1323000000000008,21.06043740510462,2.6752352272907522,39.44563958291849,36.77040435562773,False,False,False,0.6617625948953823,0.6617625948953823,0.2264310907092189,False,LOW,POINT_BELOW_LIMIT
C09783,L5,ADC,124.48,1.817,11.9914,13.231,16.2439,20.8147,1.2387,1.3949,1.7512,2.33,Latent_Defect,50.0,batch_5,1.2395999999999994,19.51163956626985,1.126437388455983,37.896841744083716,36.77040435562773,False,False,False,1.303060433730149,1.303060433730149,0.12801226295204624,False,VERY_LOW,POINT_BELOW_LIMIT
C09784,L5,ASIC,126.51,1.193,11.0687,11.4675,12.2576,13.4268,1.1681,1.1617,1.2246,1.3908,Normal,50.0,batch_5,0.3987999999999996,16.13620142962662,-2.249000748187246,34.52140360744049,36.77040435562773,False,False,False,-2.7094014296266202,2.7094014296266202,0.055069477418006836,False,VERY_LOW,POINT_BELOW_LIMIT
C09785,L5,ASIC,123.15,1.183,12.1748,14.1181,20.8286,57.0019,1.341,1.484,2.3234,8.0036,Absolute_Failure,50.0,batch_5,1.9433000000000007,41.38055566329369,22.995353485479825,59.76575784110756,36.77040435562773,False,True,True,15.621344336706308,15.621344336706308,0.8051654270189835,True,HIGH,POINT_BELOW_LIMIT
C09786,L5,ASIC,124.63,1.211,11.517,12.9281,17.1254,22.5688,1.1961,1.3757,1.8712,2.5917,Latent_Defect,50.0,batch_5,1.4111000000000011,36.17486481114513,17.78966263333126,54.560066988958994,36.77040435562773,False,True,False,-13.606064811145128,13.606064811145128,0.6554808893916881,True,MEDIUM,POINT_BELOW_LIMIT
C09787,L5,FPGA,125.35,1.106,11.3858,12.3078,13.2563,13.7773,1.2115,1.287,1.3619,1.477,Normal,50.0,batch_5,0.9220000000000006,16.137949481470617,-2.2472526963432493,34.52315165928448,36.77040435562773,False,False,False,-2.3606494814706167,2.3606494814706167,0.082501797033376,False,VERY_LOW,POINT_BELOW_LIMIT
C09788,L5,ADC,125.36,1.814,11.991,13.07,14.2477,15.0263,1.2351,1.4113,1.5343,1.5402,Normal,50.0,batch_5,1.0790000000000006,18.054560644940477,-0.3306415328733898,36.439762822754346,36.77040435562773,False,False,False,-3.0282606449404756,3.0282606449404756,0.18830513976048022,False,LOW,POINT_BELOW_LIMIT
C09789,L5,FPGA,125.19,1.104,11.8032,12.9611,15.3131,22.8258,1.2994,1.3949,1.6295,2.551,Latent_Defect,50.0,batch_5,1.1578999999999997,20.763794419742066,2.3785922419281995,39.148996597555936,36.77040435562773,False,False,False,2.062005580257935,2.062005580257935,0.3442709874600153,False,LOW,POINT_BELOW_LIMIT
C09790,L5,FPGA,126.43,1.081,12.0043,13.0296,13.8317,13.913,1.2697,1.3679,1.477,1.4494,Normal,50.0,batch_5,1.0252999999999997,23.280844932142863,4.895642754328996,41.66604710995673,36.77040435562773,False,False,False,-9.367844932142862,9.367844932142862,0.3145367945036371,False,LOW,POINT_BELOW_LIMIT
C09791,L5,ADC,124.29,1.799,11.313,12.2949,13.4661,14.3279,1.2069,1.29,1.4246,1.4967,Normal,50.0,batch_5,0.9818999999999996,17.534871601701767,-0.8503305761120998,35.92007377951563,36.77040435562773,False,False,False,-3.206971601701767,3.206971601701767,0.1575814660489448,False,LOW,POINT_BELOW_LIMIT
C09792,L5,ASIC,124.59,1.188,11.9715,12.7419,13.683,14.2379,1.2073,1.3437,1.4619,1.522,Normal,50.0,batch_5,0.7703999999999986,21.009890578968246,2.62468840115438,39.39509275678211,36.77040435562773,False,False,False,-6.771990578968246,6.771990578968246,0.3254263267660184,False,LOW,POINT_BELOW_LIMIT
C09793,L5,DAC,126.46,1.823,12.1423,13.5381,15.1917,37.8346,1.2744,1.4193,1.6161,4.7388,Sudden_Anomaly,50.0,batch_5,1.3957999999999995,29.50211716140875,11.116914983594885,47.887319339222614,36.77040435562773,False,False,False,8.33248283859125,8.33248283859125,0.43432045205961856,False,MEDIUM,POINT_BELOW_LIMIT
C09794,L5,ASIC,124.22,1.205,11.7855,12.166,12.2911,12.5933,1.2007,1.2871,1.2698,1.3235,High_Stable,50.0,batch_5,0.3804999999999996,14.920226705059529,-3.464975472754338,33.30542888287339,36.77040435562773,False,False,False,-2.3269267050595293,2.3269267050595293,0.057903359438247884,False,VERY_LOW,POINT_BELOW_LIMIT
C09795,L5,FPGA,124.78,1.089,11.1888,12.2695,12.4974,13.7722,1.1868,1.2623,1.3688,1.5049,Normal,50.0,batch_5,1.0807000000000002,17.510867009942825,-0.8743351678710418,35.896069187756694,36.77040435562773,False,False,False,-3.7386670099428247,3.7386670099428247,0.053409366777013835,False,VERY_LOW,POINT_BELOW_LIMIT
C09796,L5,ASIC,125.38,1.205,11.6683,12.6648,13.569,14.7077,1.1891,1.3243,1.431,1.5975,Normal,50.0,batch_5,0.9964999999999993,16.65336562351191,-1.7318365543019567,35.038567801325776,36.77040435562773,False,False,False,-1.9456656235119087,1.9456656235119087,0.13487805759485327,False,VERY_LOW,POINT_BELOW_LIMIT
C09797,L5,DAC,125.92,1.779,12.3267,13.0176,13.1619,14.3124,1.284,1.365,1.3774,1.5708,Normal,50.0,batch_5,0.6908999999999992,16.354768220292208,-2.030433957521659,34.739970398106074,36.77040435562773,False,False,False,-2.0423682202922073,2.0423682202922073,0.05314894929631773,False,VERY_LOW,POINT_BELOW_LIMIT
C09798,L5,ASIC,124.11,1.207,11.0686,12.4587,12.9747,13.6836,1.1642,1.2981,1.3656,1.446,Normal,50.0,batch_5,1.3901000000000003,23.622561243722952,5.237359065909086,42.00776342153682,36.77040435562773,False,False,False,-9.938961243722952,9.938961243722952,0.24421767650993656,False,LOW,POINT_BELOW_LIMIT
C09799,L5,ADC,125.33,1.832,12.2879,13.2643,13.9405,14.5793,1.2804,1.4032,1.4885,1.5822,Normal,50.0,batch_5,0.9763999999999999,22.887308217739914,4.502106039926048,41.27251039555378,36.77040435562773,False,False,False,-8.308008217739914,8.308008217739914,0.2933286833815941,False,LOW,POINT_BELOW_LIMIT
C09800,L5,DAC,125.25,1.798,12.3039,12.7898,12.8987,13.6953,1.2966,1.3338,1.3466,1.4628,Normal,50.0,batch_5,0.4858999999999991,16.004602283333345,-2.380599894480522,34.38980446114721,36.77040435562773,False,False,False,-2.309302283333345,2.309302283333345,0.07854312687955169,False,VERY_LOW,POINT_BELOW_LIMIT
C09801,L5,FPGA,125.62,1.116,11.8927,12.632,13.6812,14.6984,1.2025,1.3024,1.4157,1.5338,Normal,50.0,batch_5,0.7393000000000001,17.87195418035713,-0.5132479974567374,36.257156358170995,36.77040435562773,False,False,False,-3.1735541803571294,3.1735541803571294,0.11806591309447342,False,VERY_LOW,POINT_BELOW_LIMIT
C09802,L5,FPGA,125.85,1.09,11.1119,11.7528,12.6272,13.9102,1.1411,1.2246,1.308,1.4441,Normal,50.0,batch_5,0.6409000000000002,15.776760010807653,-2.6084421670062135,34.161962188621516,36.77040435562773,False,False,False,-1.8665600108076532,1.8665600108076532,0.12630037933342886,False,VERY_LOW,POINT_BELOW_LIMIT
C09803,L5,DAC,125.18,1.826,12.235,14.149,19.0323,60.2759,1.2783,1.5016,2.1027,8.6604,Absolute_Failure,50.0,batch_5,1.9139999999999997,41.97781869831348,23.59261652049961,60.363020876127344,36.77040435562773,False,True,True,18.298081301686523,18.298081301686523,0.845906555432257,True,HIGH,POINT_BELOW_LIMIT
C09804,L5,DAC,125.2,1.786,12.1886,13.5544,14.2658,15.5886,1.2732,1.4037,1.5458,1.6744,Normal,50.0,batch_5,1.3658000000000001,35.077351037996046,16.69214886018218,53.46255321580991,36.77040435562773,False,True,False,-19.488751037996046,19.488751037996046,0.6611174297007887,True,MEDIUM,POINT_BELOW_LIMIT
C09805,L5,FPGA,123.98,1.108,11.8362,11.9369,12.3247,13.3039,1.2501,1.2738,1.301,1.4163,Normal,50.0,batch_5,0.10069999999999979,12.901089265674607,-5.48411291213926,31.286291443488473,36.77040435562773,False,False,False,0.40281073432539394,0.40281073432539394,0.016565725210462054,False,VERY_LOW,POINT_BELOW_LIMIT
C09806,L5,DAC,124.47,1.796,12.1552,14.2164,18.569,51.1162,1.2355,1.4994,2.0479,6.9667,Absolute_Failure,50.0,batch_5,2.0611999999999995,46.396381272618946,28.01117909480508,64.7815834504328,36.770404355627726,False,True,True,4.719818727381053,4.719818727381053,0.9268258821415942,True,HIGH,POINT_BELOW_LIMIT
C09807,L5,FPGA,126.06,1.067,10.9593,11.9457,12.0649,13.4932,1.1581,1.2482,1.2214,1.381,Normal,50.0,batch_5,0.9863999999999997,22.300575983432537,3.915373805618671,40.685778161246404,36.77040435562773,False,False,False,-8.807375983432538,8.807375983432538,0.38719676324801694,False,LOW,POINT_BELOW_LIMIT
C09808,L5,FPGA,125.02,1.14,11.4313,11.8155,12.0104,13.1475,1.2029,1.257,1.2472,1.354,Normal,50.0,batch_5,0.3841999999999999,18.84918659732144,0.4639844195075753,37.23438877513531,36.77040435562773,False,False,False,-5.701686597321441,5.701686597321441,0.14400005860152917,False,VERY_LOW,POINT_BELOW_LIMIT
C09809,L5,ASIC,125.06,1.191,11.5605,12.6351,15.8404,22.918,1.1907,1.3118,1.7473,2.6245,Latent_Defect,50.0,batch_5,1.0746000000000002,21.153735853869048,2.7685336760551813,39.53893803168292,36.77040435562773,False,False,False,1.7642641461309516,1.7642641461309516,0.3064230349710226,False,LOW,POINT_BELOW_LIMIT
C09810,L5,FPGA,126.53,1.117,11.0013,12.1972,13.032,14.5002,1.1524,1.2741,1.3594,1.5562,Normal,50.0,batch_5,1.1959,22.313743816071415,3.928541638257549,40.69894599388528,36.77040435562773,False,False,False,-7.813543816071416,7.813543816071416,0.47810411612074644,False,MEDIUM,POINT_BELOW_LIMIT
C09811,L5,ASIC,125.23,1.175,11.4406,12.4674,13.0367,14.1431,1.1552,1.3051,1.353,1.5198,Normal,50.0,batch_5,1.0267999999999997,19.17335710316698,0.7881549253531119,37.558559280980845,36.77040435562773,False,False,False,-5.030257103166978,5.030257103166978,0.24053621677166695,False,LOW,POINT_BELOW_LIMIT
C09812,L5,ASIC,125.16,1.205,11.6117,13.332,18.9048,54.467,1.1836,1.4337,2.0547,7.5419,Absolute_Failure,50.0,batch_5,1.7203,34.50635247996031,16.121150302146447,52.89155465777418,36.77040435562773,False,True,True,19.960647520039686,19.960647520039686,0.7026581447893808,True,MEDIUM,POINT_BELOW_LIMIT
C09813,L5,DAC,126.15,1.779,11.6683,12.6561,13.5737,13.7211,1.213,1.3167,1.4607,1.4804,Normal,50.0,batch_5,0.9878,17.28023756091269,-1.104964616901178,35.665439738726555,36.77040435562773,False,False,False,-3.5591375609126885,3.5591375609126885,0.11702178234562131,False,VERY_LOW,POINT_BELOW_LIMIT
C09814,L5,FPGA,125.27,1.089,11.9191,12.498,13.5786,15.3178,1.2203,1.3405,1.4068,1.6632,Normal,50.0,batch_5,0.5788999999999991,17.702289488957565,-0.6829126888563017,36.08749166677143,36.77040435562773,False,False,False,-2.3844894889575645,2.3844894889575645,0.1861293356712086,False,LOW,POINT_BELOW_LIMIT
C09815,L5,ASIC,125.02,1.198,11.2809,12.0843,14.5969,26.7468,1.1395,1.2451,1.5545,3.1055,Sudden_Anomaly,50.0,batch_5,0.8033999999999999,14.993173608005193,-3.392028569808673,33.37837578581906,36.77040435562773,False,False,False,11.753626391994807,11.753626391994807,0.11022082026459804,False,VERY_LOW,POINT_BELOW_LIMIT
C09816,L5,FPGA,124.74,1.086,11.977,12.6827,15.5329,56.9207,1.2749,1.275,1.5992,8.0097,Absolute_Failure,50.0,batch_5,0.7057000000000002,22.22720236299601,3.842000185182144,40.61240454080988,36.77040435562773,False,False,True,34.693497637003986,34.693497637003986,0.16750642960709586,False,LOW,POINT_BELOW_LIMIT
C09817,L5,ADC,125.22,1.787,11.5923,12.4845,13.4508,14.2082,1.1944,1.3153,1.434,1.4787,Normal,50.0,batch_5,0.8922000000000008,17.33619552916667,-1.0490066486471967,35.72139770698054,36.77040435562773,False,False,False,-3.12799552916667,3.12799552916667,0.1225934099959507,False,VERY_LOW,POINT_BELOW_LIMIT
C09818,L5,ASIC,126.49,1.188,11.3229,12.1655,12.4832,12.6661,1.2013,1.2501,1.3182,1.3559,Normal,50.0,batch_5,0.8425999999999991,18.01796528799602,-0.3672368898178462,36.40316746580989,36.77040435562773,False,False,False,-5.35186528799602,5.35186528799602,0.1673340581932687,False,LOW,POINT_BELOW_LIMIT
C09819,L5,FPGA,124.86,1.097,11.2312,11.9666,12.6102,13.7735,1.1752,1.2599,1.3682,1.5119,Normal,50.0,batch_5,0.7354000000000003,16.351369571428574,-2.0338326063852925,34.736571749242444,36.77040435562773,False,False,False,-2.5778695714285735,2.5778695714285735,0.05663575897786423,False,VERY_LOW,POINT_BELOW_LIMIT
C09820,L5,FPGA,125.82,1.092,11.1441,12.2947,12.7797,13.9829,1.164,1.2943,1.366,1.5372,Normal,50.0,batch_5,1.1506000000000007,19.040259300964998,0.6550571231511313,37.425461478778864,36.77040435562773,False,False,False,-5.057359300964997,5.057359300964997,0.16564059507743725,False,LOW,POINT_BELOW_LIMIT
C09821,L5,ASIC,125.3,1.204,11.1574,12.2197,19.6469,52.987,1.181,1.2844,2.1974,7.2362,Absolute_Failure,50.0,batch_5,1.0622999999999987,15.856325444940474,-2.5288767328733925,34.24152762275434,36.77040435562773,False,False,True,37.13067455505953,37.13067455505953,0.06377674094910937,False,VERY_LOW,POINT_BELOW_LIMIT
C09822,L5,FPGA,125.35,1.107,11.3391,11.7741,11.8829,11.9966,1.1599,1.2244,1.2582,1.2671,Normal,50.0,batch_5,0.4350000000000005,15.813194244321897,-2.572007933491969,34.198396422135765,36.77040435562773,False,False,False,-3.8165942443218963,3.8165942443218963,0.18919517557262128,False,LOW,POINT_BELOW_LIMIT
C09823,L5,FPGA,126.18,1.111,12.47,13.182,13.4993,13.7228,1.3759,1.3724,1.4487,1.457,Normal,50.0,batch_5,0.7119999999999997,17.6384603563492,-0.746741821464667,36.023662534163066,36.77040435562773,False,False,False,-3.9156603563492,3.9156603563492,0.07180513016395372,False,VERY_LOW,POINT_BELOW_LIMIT
C09824,L5,ASIC,125.26,1.202,11.4851,12.6257,15.0022,19.2612,1.1523,1.2847,1.646,2.1299,Latent_Defect,50.0,batch_5,1.140600000000001,22.980490688988127,4.59528851117426,41.36569286680199,36.77040435562773,False,False,False,-3.719290688988128,3.719290688988128,0.23263050828338877,False,LOW,POINT_BELOW_LIMIT
C09825,L5,DAC,125.77,1.814,12.0341,12.4283,13.564,15.0916,1.21,1.2885,1.4356,1.5754,Normal,50.0,batch_5,0.39419999999999966,17.89023814623017,-0.4949640315836952,36.27544032404404,36.77040435562773,False,False,False,-2.7986381462301715,2.7986381462301715,0.06425381416828786,False,VERY_LOW,POINT_BELOW_LIMIT
C09826,L5,FPGA,124.58,1.073,11.6315,12.155,13.5968,14.9848,1.2327,1.3101,1.498,1.6232,Normal,50.0,batch_5,0.5234999999999985,16.318894902380954,-2.066307275432912,34.70409708019482,36.77040435562773,False,False,False,-1.3340949023809543,1.3340949023809543,0.12452184967433315,False,VERY_LOW,POINT_BELOW_LIMIT
C09827,L5,ASIC,124.78,1.192,11.1643,12.4236,13.4058,13.5521,1.1291,1.3193,1.4539,1.398,Normal,50.0,batch_5,1.2592999999999996,22.414798536904772,4.029596359090906,40.800000714718635,36.77040435562773,False,False,False,-8.862698536904773,8.862698536904773,0.3399926898397106,False,LOW,POINT_BELOW_LIMIT
C09828,L5,FPGA,125.74,1.121,11.8364,12.794,13.1775,13.4022,1.2263,1.3706,1.3686,1.4152,Normal,50.0,batch_5,0.9576000000000011,20.000150326587292,1.6149481487734256,38.385352504401155,36.77040435562773,False,False,False,-6.597950326587291,6.597950326587291,0.22764789649291195,False,LOW,POINT_BELOW_LIMIT
C09829,L5,ASIC,124.82,1.22,11.0414,12.0865,12.4031,12.8132,1.1277,1.2845,1.3441,1.3387,Normal,50.0,batch_5,1.0450999999999997,18.258630891162085,-0.12657128665178163,36.64383306897595,36.77040435562773,False,False,False,-5.445430891162085,5.445430891162085,0.21479741198499497,False,LOW,POINT_BELOW_LIMIT
C09830,L5,ASIC,125.23,1.201,11.7216,12.6502,13.2996,14.1654,1.2598,1.362,1.4333,1.5417,Normal,50.0,batch_5,0.9285999999999994,18.55736587142856,0.1721636936146922,36.942568049242425,36.77040435562773,False,False,False,-4.3919658714285585,4.3919658714285585,0.08851105055934776,False,VERY_LOW,POINT_BELOW_LIMIT
C09831,L5,DAC,124.41,1.808,11.569,12.5473,13.2305,13.6317,1.2029,1.3039,1.3988,1.4844,Normal,50.0,batch_5,0.9782999999999991,18.53572444097221,0.1505222631583436,36.920926618786076,36.77040435562773,False,False,False,-4.90402444097221,4.90402444097221,0.1303841905062527,False,VERY_LOW,POINT_BELOW_LIMIT
C09832,L5,ASIC,125.15,1.201,11.285,12.1178,12.5552,14.4313,1.1317,1.2713,1.2766,1.5758,Normal,50.0,batch_5,0.8328000000000007,14.97355962430556,-3.4116425535083064,33.358761802119425,36.77040435562773,False,False,False,-0.5422596243055597,0.5422596243055597,0.03865767195767195,False,VERY_LOW,POINT_BELOW_LIMIT
C09833,L5,ASIC,125.73,1.214,11.3927,12.5978,15.1965,19.6898,1.155,1.3306,1.6208,2.1582,Latent_Defect,50.0,batch_5,1.2050999999999998,22.05119397579366,3.6659917979797925,40.436396153607525,36.77040435562773,False,False,False,-2.361393975793657,2.361393975793657,0.2260377620508071,False,LOW,POINT_BELOW_LIMIT
C09834,L5,DAC,124.53,1.773,11.8238,13.5437,16.2853,21.0593,1.269,1.4279,1.7778,2.3706,Latent_Defect,50.0,batch_5,1.719899999999999,39.1767167470148,20.791514569200935,57.56191892482867,36.77040435562773,False,True,False,-18.1174167470148,18.1174167470148,0.7780142079060067,True,HIGH,POINT_BELOW_LIMIT
C09835,L5,ADC,124.91,1.804,11.7875,12.5892,12.8869,13.2772,1.2689,1.2755,1.3824,1.4343,Normal,50.0,batch_5,0.8017000000000003,19.102203678075384,0.7170015002615173,37.48740585588925,36.77040435562773,False,False,False,-5.825003678075383,5.825003678075383,0.15613581245907932,False,LOW,POINT_BELOW_LIMIT
C09836,L5,ASIC,125.49,1.194,11.8701,13.5574,20.5085,52.312,1.2567,1.3989,2.3067,7.1623,Absolute_Failure,50.0,batch_5,1.6872999999999987,37.30138943601192,18.91618725819805,55.68659161382578,36.77040435562773,False,True,True,15.010610563988081,15.010610563988081,0.7112327797306772,True,MEDIUM,POINT_BELOW_LIMIT
C09837,L5,DAC,125.71,1.824,12.3321,12.4769,13.971,26.2641,1.2859,1.2829,1.527,3.0281,Sudden_Anomaly,50.0,batch_5,0.14480000000000004,14.738633090286797,-3.6465690875270695,33.12383526810066,36.77040435562773,False,False,False,11.525466909713202,11.525466909713202,0.07858171550671551,False,VERY_LOW,POINT_BELOW_LIMIT
C09838,L5,ADC,124.59,1.8,11.7403,12.4875,13.144,13.6741,1.2239,1.2868,1.3743,1.4536,Normal,50.0,batch_5,0.7472000000000012,18.216382658829364,-0.16881951898450254,36.60158483664323,36.77040435562773,False,False,False,-4.5422826588293646,4.5422826588293646,0.06979273314576721,False,VERY_LOW,POINT_BELOW_LIMIT
C09839,L5,FPGA,126.44,1.099,11.1594,11.9387,12.7488,13.6443,1.1358,1.2434,1.3339,1.4522,Normal,50.0,batch_5,0.779300000000001,18.132299392261906,-0.2529027855519601,36.51750157007577,36.77040435562773,False,False,False,-4.487999392261907,4.487999392261907,0.17670616717939033,False,LOW,POINT_BELOW_LIMIT
C09840,L5,ASIC,124.72,1.2,11.4241,11.8685,12.0545,13.2912,1.2183,1.2451,1.2772,1.4066,Normal,50.0,batch_5,0.4443999999999999,15.779973206250006,-2.605228971563861,34.16517538406387,36.77040435562773,False,False,False,-2.4887732062500056,2.4887732062500056,0.09973907722002351,False,VERY_LOW,POINT_BELOW_LIMIT
C09841,L5,ADC,124.99,1.779,11.6957,13.829,21.3481,53.1639,1.2228,1.5147,2.3824,7.3403,Absolute_Failure,50.0,batch_5,2.1333,42.95538518511903,24.57018300730516,61.340587362932894,36.77040435562773,False,True,True,10.20851481488097,10.20851481488097,0.9072543111039189,True,HIGH,POINT_BELOW_LIMIT
C09842,L5,ADC,124.76,1.815,12.0304,12.7886,13.7908,15.1116,1.232,1.3183,1.4677,1.6327,Normal,50.0,batch_5,0.7582000000000004,17.009566730753967,-1.3756354470598993,35.39476890856783,36.77040435562773,False,False,False,-1.8979667307539678,1.8979667307539678,0.11760147972942087,False,VERY_LOW,POINT_BELOW_LIMIT
C09843,L5,ASIC,125.33,1.19,11.2175,12.0969,16.4694,20.5366,1.1326,1.2481,1.7665,2.3012,Latent_Defect,50.0,batch_5,0.8794000000000004,16.482680522123005,-1.9025216556908617,34.86788269993687,36.77040435562773,False,False,False,4.053919477876995,4.053919477876995,0.2316237327561341,False,LOW,POINT_BELOW_LIMIT
C09844,L5,FPGA,125.46,1.074,11.3464,11.6305,12.7419,12.7846,1.2198,1.1657,1.3597,1.3415,Normal,50.0,batch_5,0.28410000000000046,15.145547999900785,-3.2396541779130814,33.53075017771465,36.77040435562773,False,False,False,-2.3609479999007856,2.3609479999007856,0.16606584489118809,False,LOW,POINT_BELOW_LIMIT
C09845,L5,DAC,123.83,1.817,11.9227,13.7619,18.7471,51.3531,1.2311,1.4499,2.055,6.9864,Absolute_Failure,50.0,batch_5,1.8392,44.68849049474207,26.303288316928203,63.073692672555936,36.77040435562773,False,True,True,6.664609505257928,6.664609505257928,0.8787369151357862,True,HIGH,POINT_BELOW_LIMIT
C09846,L5,FPGA,125.4,1.111,10.8673,11.403,12.3892,13.1517,1.1179,1.1511,1.2925,1.3919,Normal,50.0,batch_5,0.5357000000000003,13.522204966744996,-4.862997211068871,31.90740714455886,36.77040435562773,False,False,False,-0.37050496674499556,0.37050496674499556,0.00933230684123179,False,VERY_LOW,POINT_BELOW_LIMIT
C09847,L5,ASIC,123.28,1.21,11.3717,12.4131,13.0508,14.1127,1.1839,1.3052,1.3746,1.4661,Normal,50.0,batch_5,1.0413999999999994,20.304064419146826,1.9188622413329597,38.68926659696069,36.77040435562773,False,False,False,-6.191364419146826,6.191364419146826,0.21185690257865755,False,LOW,POINT_BELOW_LIMIT
C09848,L5,FPGA,125.9,1.1,11.8881,12.4877,13.845,15.3545,1.2738,1.3117,1.4966,1.6387,Normal,50.0,batch_5,0.5996000000000006,18.562148883402006,0.17694670558813996,36.94735106121587,36.77040435562773,False,False,False,-3.2076488834020065,3.2076488834020065,0.16895079076410346,False,LOW,POINT_BELOW_LIMIT
C09849,L5,ADC,123.61,1.785,11.5366,11.8753,14.4201,41.6802,1.1851,1.2393,1.5315,5.3159,Sudden_Anomaly,50.0,batch_5,0.33869999999999933,15.709256691483924,-2.675945486329942,34.09445886929779,36.77040435562773,False,False,False,25.970943308516077,25.970943308516077,0.020405655455655456,False,VERY_LOW,POINT_BELOW_LIMIT
C09850,L5,ASIC,124.43,1.201,11.1103,11.8774,12.2471,13.0106,1.1425,1.221,1.2919,1.3735,Normal,50.0,batch_5,0.7670999999999992,15.772705048466808,-2.6124971293470587,34.15790722628067,36.77040435562773,False,False,False,-2.7621050484668075,2.7621050484668075,0.07831094198498291,False,VERY_LOW,POINT_BELOW_LIMIT
C09851,L5,ASIC,125.4,1.197,11.0113,11.8293,12.7829,13.4846,1.1466,1.2445,1.3456,1.4261,Normal,50.0,batch_5,0.8179999999999996,15.484013434262256,-2.901188743551611,33.86921561207612,36.77040435562773,False,False,False,-1.9994134342622552,1.9994134342622552,0.0655956258653627,False,VERY_LOW,POINT_BELOW_LIMIT
C09852,L5,ASIC,125.34,1.212,11.7748,12.475,12.8618,14.6077,1.2338,1.2836,1.337,1.5782,Normal,50.0,batch_5,0.7001999999999988,15.926196690277777,-2.459005487536089,34.31139886809164,36.77040435562773,False,False,False,-1.3184966902777777,1.3184966902777777,0.1056451538829248,False,VERY_LOW,POINT_BELOW_LIMIT
C09853,L5,ADC,123.48,1.821,12.007,12.5065,17.3799,54.5144,1.1991,1.3156,1.8395,7.5671,Absolute_Failure,50.0,batch_5,0.49950000000000117,18.029189881250016,-0.3560122965638506,36.414392059063886,36.77040435562773,False,False,True,36.48521011874999,36.48521011874999,0.13281207432992664,False,VERY_LOW,POINT_BELOW_LIMIT
C09854,L5,ADC,125.7,1.806,11.8187,12.0278,12.5347,13.5359,1.2281,1.2723,1.3507,1.4484,Normal,50.0,batch_5,0.2090999999999994,13.673753806944454,-4.711448370869412,32.05895598475832,36.77040435562773,False,False,False,-0.13785380694445415,0.13785380694445415,0.028327231222883397,False,VERY_LOW,POINT_BELOW_LIMIT
C09855,L5,FPGA,125.59,1.088,10.8474,11.6246,12.234,13.0356,1.1364,1.1934,1.3016,1.3811,Normal,50.0,batch_5,0.7771999999999988,15.094082310655258,-3.291119867158608,33.479284488469126,36.77040435562773,False,False,False,-2.0584823106552577,2.0584823106552577,0.08592246228262562,False,VERY_LOW,POINT_BELOW_LIMIT
C09856,L5,FPGA,125.66,1.101,11.6231,12.8145,14.7557,21.1597,1.2137,1.3519,1.5997,2.3676,Latent_Defect,50.0,batch_5,1.1913999999999998,21.885483588834763,3.5002814110208966,40.270685766648626,36.77040435562773,False,False,False,-0.7257835888347621,0.7257835888347621,0.12919865053635882,False,VERY_LOW,POINT_BELOW_LIMIT
C09857,L5,ADC,124.91,1.808,11.6499,13.0082,16.1957,22.8184,1.2591,1.3948,1.7489,2.6133,Latent_Defect,50.0,batch_5,1.3582999999999998,28.465557191567445,10.080355013753579,46.85075936938131,36.77040435562773,False,False,False,-5.647157191567445,5.647157191567445,0.5198607699952235,True,MEDIUM,POINT_BELOW_LIMIT
C09858,L5,ASIC,124.13,1.225,11.0628,11.7928,12.3622,12.4313,1.1923,1.2155,1.266,1.3428,Normal,50.0,batch_5,0.7300000000000004,15.343424206382274,-3.0417779714315927,33.72862638419614,36.77040435562773,False,False,False,-2.9121242063822734,2.9121242063822734,0.02594920634920635,False,VERY_LOW,POINT_BELOW_LIMIT
C09859,L5,FPGA,125.71,1.09,11.367,12.2495,13.0145,13.8472,1.2286,1.289,1.3702,1.4569,Normal,50.0,batch_5,0.8824999999999985,17.795353912400795,-0.589848265413071,36.180556090214665,36.77040435562773,False,False,False,-3.9481539124007945,3.9481539124007945,0.1836718195370833,False,LOW,POINT_BELOW_LIMIT
C09860,L5,FPGA,125.76,1.108,11.8365,12.6811,13.401,14.1873,1.2141,1.3319,1.3821,1.4898,Normal,50.0,batch_5,0.8446000000000016,16.58568846894842,-1.7995137088654474,34.970890646762285,36.77040435562773,False,False,False,-2.3983884689484185,2.3983884689484185,0.10925116452175276,False,VERY_LOW,POINT_BELOW_LIMIT
C09861,L5,FPGA,124.61,1.107,11.8606,11.7679,11.7359,11.4885,1.2344,1.2405,1.2092,1.1879,High_Stable,50.0,batch_5,-0.09270000000000067,12.385912909821423,-5.999289267992443,30.771115087635287,36.77040435562773,False,False,False,-0.8974129098214227,0.8974129098214227,0.008825641025641026,False,VERY_LOW,POINT_BELOW_LIMIT
C09862,L5,FPGA,124.98,1.109,11.6935,12.842,15.2802,21.7093,1.2545,1.3158,1.6414,2.422,Latent_Defect,50.0,batch_5,1.1485000000000003,17.311682761309516,-1.0735194165043502,35.69688493912338,36.77040435562773,False,False,False,4.397617238690483,4.397617238690483,0.12047669216404512,False,VERY_LOW,POINT_BELOW_LIMIT
C09863,L5,ADC,124.64,1.818,11.6906,12.8683,14.1915,14.6909,1.1671,1.3465,1.5403,1.5821,Normal,50.0,batch_5,1.1776999999999997,21.468821784523808,3.0836196067099415,39.85402396233768,36.77040435562773,False,False,False,-6.777921784523809,6.777921784523809,0.2446797003451969,False,LOW,POINT_BELOW_LIMIT
C09864,L5,ASIC,124.17,1.206,11.0594,12.0548,12.6571,12.7196,1.1407,1.2631,1.3338,1.3651,Normal,50.0,batch_5,0.9954000000000001,17.357428268046547,-1.027773909767319,35.742630445860414,36.77040435562773,False,False,False,-4.6378282680465475,4.6378282680465475,0.18604589550518408,False,LOW,POINT_BELOW_LIMIT
C09865,L5,ADC,123.98,1.809,11.4418,12.1813,13.4254,14.5602,1.2179,1.2989,1.4303,1.5149,Normal,50.0,batch_5,0.7394999999999996,19.769091521825395,1.3838893440115285,38.15429369963926,36.77040435562773,False,False,False,-5.208891521825395,5.208891521825395,0.04459084249084249,False,VERY_LOW,POINT_BELOW_LIMIT
C09866,L5,ASIC,125.46,1.193,11.325,11.986,12.3706,13.7661,1.2006,1.2647,1.3208,1.4066,Normal,50.0,batch_5,0.6610000000000014,17.41568733690476,-0.9695148409091061,35.80088951471863,36.77040435562773,False,False,False,-3.6495873369047604,3.6495873369047604,0.05584874044084571,False,VERY_LOW,POINT_BELOW_LIMIT
C09867,L5,ASIC,125.31,1.221,10.8415,11.812,11.8818,12.5451,1.12,1.1977,1.2055,1.307,Normal,50.0,batch_5,0.9704999999999995,18.099766253842002,-0.285435923971864,36.48496843165587,36.77040435562773,False,False,False,-5.554666253842003,5.554666253842003,0.23345598879015145,False,LOW,POINT_BELOW_LIMIT
C09868,L5,DAC,124.2,1.802,11.5796,12.0571,12.6079,13.6263,1.1799,1.3099,1.3261,1.4198,Normal,50.0,batch_5,0.4775000000000009,16.954549316269837,-1.4306528615440293,35.3397514940837,36.77040435562773,False,False,False,-3.3282493162698366,3.3282493162698366,0.15458601726790572,False,LOW,POINT_BELOW_LIMIT
C09869,L5,FPGA,123.99,1.104,10.7203,11.1134,11.9433,12.2993,1.1111,1.1563,1.2691,1.3137,Normal,50.0,batch_5,0.39310000000000045,13.887630527182534,-4.497571650631333,32.272832704996404,36.77040435562773,False,False,False,-1.5883305271825332,1.5883305271825332,0.040671817657213206,False,VERY_LOW,POINT_BELOW_LIMIT
C09870,L5,ASIC,125.21,1.218,11.2753,12.0356,12.8878,14.3336,1.1988,1.2945,1.3776,1.5347,Normal,50.0,batch_5,0.7603000000000009,17.05760477402931,-1.327597403784555,35.44280695184318,36.77040435562773,False,False,False,-2.7240047740293107,2.7240047740293107,0.05858941200175217,False,VERY_LOW,POINT_BELOW_LIMIT
C09871,L5,FPGA,124.72,1.103,10.9304,11.9399,12.3559,13.5691,1.146,1.2344,1.333,1.4312,Normal,50.0,batch_5,1.0094999999999992,17.479775306893035,-0.9054268709208309,35.8649774847069,36.77040435562773,False,False,False,-3.910675306893035,3.910675306893035,0.18605689112827012,False,LOW,POINT_BELOW_LIMIT
C09872,L5,DAC,125.47,1.788,11.7529,12.5106,13.0722,14.3503,1.2075,1.3467,1.343,1.5036,Normal,50.0,batch_5,0.7576999999999998,17.74684343829366,-0.638358739520207,36.132045616107526,36.77040435562773,False,False,False,-3.3965434382936586,3.3965434382936586,0.11670452671339668,False,VERY_LOW,POINT_BELOW_LIMIT
C09873,L5,FPGA,124.73,1.093,11.8315,13.5809,17.1674,24.7885,1.1983,1.4763,1.8984,2.9039,Latent_Defect,50.0,batch_5,1.7493999999999996,36.292211395905504,17.907009218091638,54.67741357371937,36.77040435562773,False,True,False,-11.503711395905505,11.503711395905505,0.7090382559104698,True,MEDIUM,POINT_BELOW_LIMIT
C09874,L5,DAC,125.46,1.793,12.1395,13.2634,14.0661,14.6741,1.2526,1.4498,1.502,1.5813,Normal,50.0,batch_5,1.1239000000000008,23.095405884424636,4.71020370661077,41.4806080622385,36.77040435562773,False,False,False,-8.421305884424637,8.421305884424637,0.21835372568493297,False,LOW,POINT_BELOW_LIMIT
C09875,L5,ASIC,125.81,1.211,10.8561,12.8919,16.7567,23.4284,1.1394,1.3644,1.8243,2.6852,Latent_Defect,50.0,batch_5,2.0358,42.46112288001444,24.075920702200577,60.84632505782831,36.77040435562773,False,True,False,-19.032722880014443,19.032722880014443,0.8642387892253378,True,HIGH,POINT_BELOW_LIMIT
C09876,L5,DAC,125.18,1.815,12.0233,12.8431,13.8045,14.5363,1.2419,1.3605,1.4793,1.5928,Normal,50.0,batch_5,0.819799999999999,17.195872736904764,-1.189329440909102,35.58107491471863,36.77040435562773,False,False,False,-2.6595727369047637,2.6595727369047637,0.10408391177965477,False,VERY_LOW,POINT_BELOW_LIMIT
C09877,L5,ASIC,125.83,1.202,10.765,12.4314,17.7702,23.1842,1.0746,1.2613,1.968,2.6467,Latent_Defect,50.0,batch_5,1.6663999999999994,36.05529464345239,17.670092465638525,54.44049682126626,36.77040435562773,False,True,False,-12.871094643452391,12.871094643452391,0.6050559609173082,True,MEDIUM,POINT_BELOW_LIMIT
C09878,L5,FPGA,126.09,1.096,12.1177,13.4706,17.9264,22.7144,1.2766,1.4422,1.9946,2.5731,Latent_Defect,50.0,batch_5,1.3529,30.70869914168153,12.323496963867665,49.0939013194954,36.77040435562773,False,False,False,-7.99429914168153,7.99429914168153,0.5075384215776494,True,MEDIUM,POINT_BELOW_LIMIT
C09879,L5,ASIC,126.96,1.205,11.7088,12.9163,17.9854,24.2301,1.2405,1.38,2.0052,2.7538,Latent_Defect,50.0,batch_5,1.2074999999999996,24.183046846103892,5.7978446682900255,42.56824902391776,36.77040435562773,False,False,False,0.04705315389610831,0.04705315389610831,0.34513536349856816,False,LOW,POINT_BELOW_LIMIT
C09880,L5,ADC,125.12,1.801,11.8731,12.9875,15.1987,30.1379,1.2543,1.4155,1.6542,3.6228,Sudden_Anomaly,50.0,batch_5,1.1143999999999998,20.240452017586577,1.8552498397727106,38.62565419540044,36.77040435562773,False,False,False,9.897447982413421,9.897447982413421,0.3588810081673111,False,LOW,POINT_BELOW_LIMIT
C09881,L5,DAC,126.88,1.808,11.4967,11.9946,12.5893,13.7002,1.1708,1.2475,1.3356,1.4214,Normal,50.0,batch_5,0.49789999999999957,16.73352358125001,-1.6516785965638547,35.11872575906388,36.77040435562773,False,False,False,-3.033323581250011,3.033323581250011,0.08234876985759339,False,VERY_LOW,POINT_BELOW_LIMIT
C09882,L5,DAC,125.56,1.806,12.0467,13.2588,13.932,14.6476,1.2393,1.4016,1.4743,1.5796,Normal,50.0,batch_5,1.2121000000000013,24.828356019444442,6.443153841630576,43.21355819725831,36.77040435562773,False,False,False,-10.180756019444441,10.180756019444441,0.1181235517385652,False,VERY_LOW,POINT_BELOW_LIMIT
C09883,L5,DAC,125.4,1.791,11.9529,12.9115,13.146,14.3187,1.2707,1.4005,1.4059,1.4893,Normal,50.0,batch_5,0.9586000000000006,15.822906033757224,-2.562296144056642,34.20810821157109,36.77040435562773,False,False,False,-1.5042060337572245,1.5042060337572245,0.10256569819069818,False,VERY_LOW,POINT_BELOW_LIMIT
C09884,L5,ADC,124.31,1.793,11.592,11.9363,13.0894,14.0493,1.215,1.2343,1.3858,1.4731,Normal,50.0,batch_5,0.3442999999999987,14.464229754083128,-3.9209724237307384,32.849431931896994,36.77040435562773,False,False,False,-0.4149297540831274,0.4149297540831274,0.03674424005945744,False,VERY_LOW,POINT_BELOW_LIMIT
C09885,L5,FPGA,125.4,1.119,11.1635,12.5672,13.4655,14.5817,1.1389,1.3476,1.3804,1.5298,Normal,50.0,batch_5,1.4036999999999988,37.00197951345597,18.616777335642105,55.38718169126984,36.77040435562773,False,True,False,-22.420279513455974,22.420279513455974,0.7352056380631853,True,MEDIUM,POINT_BELOW_LIMIT
C09886,L5,ASIC,123.75,1.186,11.0013,12.5762,15.9494,19.5859,1.1374,1.3396,1.7047,2.1076,Latent_Defect,50.0,batch_5,1.5748999999999995,30.23254005273269,11.847337874918825,48.617742230546554,36.77040435562773,False,False,False,-10.646640052732693,10.646640052732693,0.5050910707771442,True,MEDIUM,POINT_BELOW_LIMIT
C09887,L5,DAC,125.6,1.781,11.9753,13.9507,20.7732,51.1095,1.2598,1.4948,2.3243,6.9622,Absolute_Failure,50.0,batch_5,1.9753999999999987,39.540141058035736,21.15493888022187,57.9253432358496,36.77040435562773,False,True,True,11.56935894196426,11.56935894196426,0.790468938331576,True,HIGH,POINT_BELOW_LIMIT
C09888,L5,ASIC,125.27,1.227,11.0197,12.4055,13.565,35.7941,1.1058,1.2951,1.4274,4.4454,Sudden_Anomaly,50.0,batch_5,1.3857999999999997,31.316298630348133,12.931096452534266,49.701500808161995,36.77040435562773,False,False,False,4.477801369651868,4.477801369651868,0.5352267382311827,True,MEDIUM,POINT_BELOW_LIMIT
C09889,L5,ASIC,125.66,1.202,11.124,12.5606,16.3117,23.9813,1.1502,1.2721,1.782,2.7271,Latent_Defect,50.0,batch_5,1.4366000000000003,27.899770765936164,9.514568588122298,46.284972943750034,36.77040435562773,False,False,False,-3.9184707659361635,3.9184707659361635,0.36362281873269453,False,LOW,POINT_BELOW_LIMIT
C09890,L5,ADC,125.15,1.814,11.5816,13.0132,15.0322,21.2888,1.1573,1.4114,1.6086,2.4075,Latent_Defect,50.0,batch_5,1.4315999999999995,31.06248125208332,12.677279074269453,49.44768342989718,36.77040435562773,False,False,False,-9.773681252083321,9.773681252083321,0.6112983291766518,True,MEDIUM,POINT_BELOW_LIMIT
C09891,L5,FPGA,124.74,1.102,11.8424,11.9748,12.1041,11.9789,1.2477,1.2229,1.2441,1.2467,High_Stable,50.0,batch_5,0.13240000000000052,12.925273471924594,-5.459928705889272,31.31047564973846,36.77040435562773,False,False,False,-0.9463734719245949,0.9463734719245949,0.0031714285714285716,False,VERY_LOW,POINT_BELOW_LIMIT
C09892,L5,ADC,124.98,1.806,12.092,12.1496,13.24,13.4329,1.2458,1.2933,1.4191,1.4339,Normal,50.0,batch_5,0.057599999999998985,13.136190577092341,-5.249011600721525,31.52139275490621,36.77040435562773,False,False,False,0.296709422907659,0.296709422907659,0.009772005772005772,False,VERY_LOW,POINT_BELOW_LIMIT
C09893,L5,ASIC,124.45,1.195,11.0583,12.211,12.52,13.5619,1.1277,1.2569,1.3544,1.4486,Normal,50.0,batch_5,1.1527000000000012,21.686411818978954,3.3012096411650873,40.07161399679282,36.77040435562773,False,False,False,-8.124511818978954,8.124511818978954,0.1743207311580847,False,LOW,POINT_BELOW_LIMIT
C09894,L5,DAC,124.8,1.797,11.3968,13.0107,14.0016,29.3646,1.2002,1.3797,1.4665,3.4875,Sudden_Anomaly,50.0,batch_5,1.6138999999999992,37.61502490333484,19.229822725520975,56.00022708114871,36.77040435562773,False,True,False,-8.250424903334842,8.250424903334842,0.7308270239374096,True,MEDIUM,POINT_BELOW_LIMIT
C09895,L5,ASIC,126.44,1.194,11.1567,11.1942,11.462,11.7498,1.1482,1.1711,1.1865,1.1989,High_Stable,50.0,batch_5,0.037499999999999645,12.586001981042573,-5.799200196771293,30.971204158856438,36.77040435562773,False,False,False,-0.8362019810425725,0.8362019810425725,0.010378571428571428,False,VERY_LOW,POINT_BELOW_LIMIT
C09896,L5,ASIC,125.58,1.214,11.5737,13.8298,18.7987,56.9791,1.261,1.4452,2.0724,8.0382,Absolute_Failure,50.0,batch_5,2.2561,45.048988841964274,26.663786664150408,63.43419101977814,36.77040435562773,False,True,True,11.930111158035729,11.930111158035729,0.911855336771483,True,HIGH,POINT_BELOW_LIMIT
C09897,L5,ADC,125.03,1.772,12.113,12.3867,12.6049,12.3598,1.2767,1.3255,1.3267,1.309,High_Stable,50.0,batch_5,0.27369999999999983,13.465702547123009,-4.919499630690858,31.850904724936875,36.77040435562773,False,False,False,-1.1059025471230086,1.1059025471230086,0.0083982683982684,False,VERY_LOW,POINT_BELOW_LIMIT
C09898,L5,FPGA,124.45,1.098,11.3921,12.5444,14.5962,21.238,1.1677,1.3079,1.5558,2.3682,Latent_Defect,50.0,batch_5,1.1523000000000003,22.497944111706364,4.112741933892497,40.883146289520226,36.77040435562773,False,False,False,-1.2599441117063641,1.2599441117063641,0.2709055817169325,False,LOW,POINT_BELOW_LIMIT
C09899,L5,DAC,124.3,1.796,12.0123,12.2123,14.4358,31.2421,1.2693,1.2721,1.5352,3.7545,Sudden_Anomaly,50.0,batch_5,0.20000000000000107,13.703118429067453,-4.682083748746413,32.08832060688132,36.77040435562773,False,False,False,17.53898157093255,17.53898157093255,0.012199999999999999,False,VERY_LOW,POINT_BELOW_LIMIT
C09900,L5,ASIC,126.32,1.208,11.3697,12.5703,12.8698,13.3976,1.1633,1.3824,1.3661,1.4292,Normal,50.0,batch_5,1.2005999999999997,25.628693061904777,7.24349088409091,44.01389523971864,36.77040435562773,False,False,False,-12.231093061904776,12.231093061904776,0.3650927161043589,False,LOW,POINT_BELOW_LIMIT
C09901,L5,DAC,126.66,1.784,12.0699,12.7656,13.3173,14.4946,1.2942,1.3224,1.4349,1.5688,Normal,50.0,batch_5,0.6956999999999987,19.954149823214276,1.56894764540041,38.339352001028146,36.77040435562773,False,False,False,-5.459549823214276,5.459549823214276,0.09411443955380554,False,VERY_LOW,POINT_BELOW_LIMIT
C09902,L5,ADC,124.23,1.784,11.5446,13.4752,16.854,20.3907,1.1723,1.4574,1.8258,2.295,Latent_Defect,50.0,batch_5,1.9305999999999983,38.593480842857126,20.20827866504326,56.97868302067099,36.77040435562773,False,True,False,-18.202780842857127,18.202780842857127,0.7655631529340974,True,HIGH,POINT_BELOW_LIMIT
C09903,L5,ASIC,124.0,1.228,11.6803,12.223,12.8932,13.2535,1.1947,1.2543,1.3441,1.3891,Normal,50.0,batch_5,0.5427,17.98693934107142,-0.3982628367424468,36.372141518885286,36.77040435562773,False,False,False,-4.733439341071419,4.733439341071419,0.09972465651823237,False,VERY_LOW,POINT_BELOW_LIMIT
C09904,L5,FPGA,124.7,1.101,11.302,12.7329,17.5671,25.4385,1.1896,1.383,1.9677,2.9461,Latent_Defect,50.0,batch_5,1.4309000000000012,32.69471872331351,14.30951654549964,51.07992090112737,36.77040435562773,False,True,False,-7.256218723313506,7.256218723313506,0.4472991356968909,False,MEDIUM,POINT_BELOW_LIMIT
C09905,L5,FPGA,125.11,1.1,10.9372,11.1366,14.3355,54.4661,1.1064,1.2017,1.4796,7.5491,Absolute_Failure,50.0,batch_5,0.1993999999999989,14.905532813900555,-3.4796693639133114,33.29073499171442,36.77040435562773,False,False,True,39.56056718609944,39.56056718609944,0.025095762666452325,False,VERY_LOW,POINT_BELOW_LIMIT
C09906,L5,DAC,125.86,1.804,12.4014,13.3482,14.5189,14.5891,1.322,1.3631,1.5757,1.6164,Normal,50.0,batch_5,0.9467999999999996,19.636748448908726,1.2515462710948597,38.02195062672259,36.77040435562773,False,False,False,-5.047648448908726,5.047648448908726,0.2662352339091122,False,LOW,POINT_BELOW_LIMIT
C09907,L5,ASIC,125.21,1.225,11.4863,12.537,12.747,13.9542,1.2091,1.3074,1.356,1.48,Normal,50.0,batch_5,1.0507000000000009,18.810070879937417,0.42486870212355043,37.19527305775128,36.77040435562773,False,False,False,-4.855870879937417,4.855870879937417,0.12378068639307029,False,VERY_LOW,POINT_BELOW_LIMIT
C09908,L5,FPGA,125.71,1.122,11.6325,12.2303,12.3439,13.5207,1.2311,1.3068,1.2739,1.409,Normal,50.0,batch_5,0.5977999999999994,17.58095689841269,-0.8042452794011758,35.96615907622656,36.77040435562773,False,False,False,-4.060256898412691,4.060256898412691,0.17309691100392396,False,LOW,POINT_BELOW_LIMIT
C09909,L5,ASIC,124.75,1.199,11.2964,12.3332,14.0296,14.4509,1.1113,1.2983,1.5006,1.539,Normal,50.0,batch_5,1.0367999999999995,19.77008251316391,1.3848803353500436,38.15528469097778,36.77040435562773,False,False,False,-5.319182513163909,5.319182513163909,0.3270145469543942,False,LOW,POINT_BELOW_LIMIT
C09910,L5,DAC,125.07,1.785,11.8176,12.4331,12.495,14.3477,1.2231,1.2791,1.3188,1.5142,Normal,50.0,batch_5,0.615499999999999,15.04632026746031,-3.3388819103535567,33.431522445274176,36.77040435562773,False,False,False,-0.6986202674603099,0.6986202674603099,0.05144052541026226,False,VERY_LOW,POINT_BELOW_LIMIT
C09911,L5,FPGA,125.49,1.102,11.8622,11.9255,12.0362,12.0541,1.2624,1.2295,1.2445,1.2346,High_Stable,50.0,batch_5,0.06329999999999991,12.382048729563492,-6.003153448250375,30.76725090737736,36.77040435562773,False,False,False,-0.3279487295634915,0.3279487295634915,0.0074047619047619044,False,VERY_LOW,POINT_BELOW_LIMIT
C09912,L5,DAC,124.9,1.784,11.8543,13.1985,14.0333,14.7562,1.239,1.4088,1.5115,1.6167,Normal,50.0,batch_5,1.344199999999999,29.480089283974333,11.094887106160467,47.8652914617882,36.77040435562773,False,False,False,-14.723889283974334,14.723889283974334,0.40832396757480405,False,MEDIUM,POINT_BELOW_LIMIT
C09913,L5,FPGA,125.19,1.092,11.6673,12.5887,13.125,13.7367,1.1669,1.3409,1.3714,1.458,Normal,50.0,batch_5,0.9214000000000002,20.500662858851566,2.1154606810376997,38.885865036665436,36.77040435562773,False,False,False,-6.763962858851565,6.763962858851565,0.21713070336955767,False,LOW,POINT_BELOW_LIMIT
C09914,L5,ADC,125.26,1.833,11.5223,13.5877,17.5227,51.9112,1.2187,1.4447,1.8915,7.0878,Absolute_Failure,50.0,batch_5,2.0654000000000003,49.44987386020015,31.064671682386283,67.83507603801402,36.77040435562774,False,True,True,2.4613261397998514,2.4613261397998514,0.9349596959542006,True,HIGH,POINT_BELOW_LIMIT
C09915,L5,ASIC,124.79,1.205,11.7127,12.3148,13.093,13.3984,1.2321,1.2571,1.4159,1.4022,Normal,50.0,batch_5,0.6021000000000001,16.9759115064484,-1.409290671365465,35.361113684262264,36.77040435562773,False,False,False,-3.577511506448401,3.577511506448401,0.09361794154417995,False,VERY_LOW,POINT_BELOW_LIMIT
C09916,L5,ASIC,126.26,1.198,11.3536,11.6566,11.6912,11.4938,1.1751,1.265,1.2552,1.2297,High_Stable,50.0,batch_5,0.30299999999999905,15.753230368253957,-2.631971809559909,34.138432546067826,36.77040435562773,False,False,False,-4.259430368253957,4.259430368253957,0.062138765482883135,False,VERY_LOW,POINT_BELOW_LIMIT
C09917,L5,DAC,124.96,1.792,12.2561,13.9858,17.0165,24.0785,1.2912,1.488,1.8183,2.7613,Latent_Defect,50.0,batch_5,1.7296999999999993,38.46294988442455,20.077747706610687,56.84815206223842,36.77040435562773,False,True,False,-14.384449884424555,14.384449884424555,0.6596580909013943,True,MEDIUM,POINT_BELOW_LIMIT
C09918,L5,ASIC,124.78,1.208,11.5249,12.5713,13.4327,14.7334,1.2323,1.3328,1.4293,1.5771,Normal,50.0,batch_5,1.0464000000000002,17.55003869620726,-0.8351634816066067,35.935240874021126,36.77040435562773,False,False,False,-2.81663869620726,2.81663869620726,0.18669103686602198,False,LOW,POINT_BELOW_LIMIT
C09919,L5,FPGA,124.34,1.067,11.265,11.9088,12.7725,13.4691,1.1666,1.2312,1.3691,1.4737,Normal,50.0,batch_5,0.6437999999999988,22.774029731250003,4.388827553436137,41.15923190906387,36.77040435562773,False,False,False,-9.304929731250004,9.304929731250004,0.45380083776904157,False,MEDIUM,POINT_BELOW_LIMIT
C09920,L5,ASIC,124.35,1.188,11.6343,12.7692,14.0252,14.5524,1.2031,1.3386,1.4885,1.5772,Normal,50.0,batch_5,1.1349,18.657065689718607,0.27186351190474056,37.04226786753247,36.77040435562773,False,False,False,-4.1046656897186065,4.1046656897186065,0.2539658809318072,False,LOW,POINT_BELOW_LIMIT
C09921,L5,ASIC,126.13,1.204,11.7978,11.7412,12.0622,11.908,1.2465,1.2176,1.2727,1.2061,High_Stable,50.0,batch_5,-0.056600000000001316,12.65116737976191,-5.734034798051956,31.036369557575775,36.77040435562773,False,False,False,-0.7431673797619105,0.7431673797619105,0.02371032885243411,False,VERY_LOW,POINT_BELOW_LIMIT
C09922,L5,ADC,125.84,1.792,11.8613,12.1866,12.3351,13.1718,1.2235,1.2561,1.3657,1.4127,Normal,50.0,batch_5,0.32530000000000037,14.441025030357153,-3.9441771474567133,32.82622720817102,36.77040435562773,False,False,False,-1.2692250303571537,1.2692250303571537,0.0488058524808525,False,VERY_LOW,POINT_BELOW_LIMIT
C09923,L5,DAC,125.09,1.79,11.9084,12.3758,13.1476,14.5504,1.228,1.312,1.3881,1.5441,Normal,50.0,batch_5,0.4673999999999996,14.843398913935859,-3.5418032638780073,33.228601091749724,36.77040435562773,False,False,False,-0.2929989139358593,0.2929989139358593,0.041164718614718626,False,VERY_LOW,POINT_BELOW_LIMIT
C09924,L5,ADC,126.53,1.825,12.2389,12.9287,13.0865,13.388,1.2758,1.3466,1.3955,1.3729,Normal,50.0,batch_5,0.6898,19.122353868849203,0.7371516910353364,37.50755604666307,36.77040435562773,False,False,False,-5.734353868849203,5.734353868849203,0.13786487650636253,False,VERY_LOW,POINT_BELOW_LIMIT
C09925,L5,ASIC,124.48,1.223,11.3488,11.9297,13.5846,33.0893,1.1797,1.27,1.4264,4.0426,Sudden_Anomaly,50.0,batch_5,0.5808999999999997,14.713927052655295,-3.671275125158571,33.09912923046916,36.77040435562773,False,False,False,18.375372947344708,18.375372947344708,0.011952049910873442,False,VERY_LOW,POINT_BELOW_LIMIT
C09926,L5,DAC,124.88,1.812,12.4665,14.4396,22.0947,50.9804,1.3761,1.5199,2.5113,6.8981,Absolute_Failure,50.0,batch_5,1.9731000000000005,36.5360607008401,18.150858523026237,54.92126287865397,36.77040435562773,False,True,True,14.4443392991599,14.4443392991599,0.7950599081688867,True,HIGH,POINT_BELOW_LIMIT
C09927,L5,ADC,125.3,1.751,11.3954,12.3824,13.4539,14.7411,1.1414,1.2972,1.4255,1.5818,Normal,50.0,batch_5,0.9870000000000001,20.220233893764558,1.8350317159506915,38.605436071578424,36.77040435562773,False,False,False,-5.479133893764558,5.479133893764558,0.21777657749580548,False,LOW,POINT_BELOW_LIMIT
C09928,L5,DAC,125.39,1.814,11.5377,14.3885,22.697,54.7582,1.2317,1.5661,2.6032,7.6058,Absolute_Failure,50.0,batch_5,2.8508000000000013,55.173444457242084,36.78824227942822,73.55864663505595,36.77040435562773,True,True,True,-0.4152444572420819,0.4152444572420819,0.9904598299848301,True,HIGH,POINT_ABOVE_LIMIT
C09929,L5,ASIC,124.95,1.204,11.3459,11.7848,12.5665,13.1541,1.1602,1.2567,1.2836,1.3847,Normal,50.0,batch_5,0.4389000000000003,16.51974142708334,-1.8654607507305272,34.904943604897205,36.77040435562773,False,False,False,-3.3656414270833395,3.3656414270833395,0.10342574391839092,False,VERY_LOW,POINT_BELOW_LIMIT
C09930,L5,ASIC,124.65,1.191,11.1442,11.6431,12.0743,12.6503,1.1688,1.215,1.2548,1.3247,Normal,50.0,batch_5,0.4989000000000008,15.546445437202365,-2.838756740611501,33.93164761501623,36.77040435562773,False,False,False,-2.8961454372023656,2.8961454372023656,0.09637708598590951,False,VERY_LOW,POINT_BELOW_LIMIT
C09931,L5,FPGA,125.84,1.108,12.5256,12.7729,12.8736,13.0506,1.3471,1.3132,1.3465,1.4028,High_Stable,50.0,batch_5,0.2472999999999992,14.150732221130951,-4.234469956682915,32.53593439894482,36.77040435562773,False,False,False,-1.100132221130952,1.100132221130952,0.025149999999999995,False,VERY_LOW,POINT_BELOW_LIMIT
C09932,L5,ADC,125.01,1.792,11.7744,13.9422,18.6776,50.4662,1.2864,1.4514,2.0344,6.8248,Absolute_Failure,50.0,batch_5,2.1677999999999997,44.289705537635264,25.904503359821398,62.67490771544913,36.77040435562773,False,True,True,6.176494462364737,6.176494462364737,0.8800035777281155,True,HIGH,POINT_BELOW_LIMIT
C09933,L5,DAC,124.05,1.786,11.6155,12.7138,13.2702,14.4203,1.2441,1.3344,1.3998,1.5437,Normal,50.0,batch_5,1.0983,19.180744117162693,0.7955419393488263,37.565946294976555,36.77040435562773,False,False,False,-4.7604441171626934,4.7604441171626934,0.21027083198355911,False,LOW,POINT_BELOW_LIMIT
C09934,L5,ASIC,124.79,1.192,11.4972,12.2346,13.0425,13.9622,1.2152,1.2875,1.3983,1.4839,Normal,50.0,batch_5,0.7374000000000009,15.959705884994985,-2.425496292818881,34.344908062808855,36.77040435562773,False,False,False,-1.997505884994986,1.997505884994986,0.03843122093478131,False,VERY_LOW,POINT_BELOW_LIMIT
C09935,L5,DAC,124.26,1.774,12.0291,12.9032,13.8589,13.8697,1.2324,1.3821,1.4624,1.4719,Normal,50.0,batch_5,0.8741000000000003,18.100904842361103,-0.2842973354527629,36.48610702017497,36.77040435562773,False,False,False,-4.2312048423611035,4.2312048423611035,0.15693306963933906,False,LOW,POINT_BELOW_LIMIT
C09936,L5,ADC,124.31,1.794,12.2873,12.8092,13.0879,14.7331,1.2578,1.3091,1.3922,1.5593,Normal,50.0,batch_5,0.5219000000000005,18.38398690952382,-0.0012152682900463674,36.769189087337686,36.77040435562773,False,False,False,-3.6508869095238197,3.6508869095238197,0.1039216616716616,False,VERY_LOW,POINT_BELOW_LIMIT
C09937,L5,FPGA,124.33,1.093,11.9138,13.1105,13.7621,15.132,1.2488,1.424,1.4443,1.6237,Normal,50.0,batch_5,1.1966999999999999,22.568436644940483,4.183234467126617,40.95363882275435,36.77040435562773,False,False,False,-7.436436644940484,7.436436644940484,0.25127409716510535,False,LOW,POINT_BELOW_LIMIT
C09938,L5,FPGA,125.19,1.104,11.7908,12.4082,13.5868,14.2096,1.2441,1.2598,1.4363,1.5575,Normal,50.0,batch_5,0.6174,16.83696916323621,-1.548233014577658,35.22217134105007,36.77040435562773,False,False,False,-2.6273691632362084,2.6273691632362084,0.07712052065581479,False,VERY_LOW,POINT_BELOW_LIMIT
C09939,L5,DAC,123.61,1.803,12.2239,13.0722,13.7606,14.9256,1.3018,1.3535,1.5276,1.5684,Normal,50.0,batch_5,0.8483,20.52416477529763,2.138962597483765,38.9093669531115,36.77040435562773,False,False,False,-5.598564775297632,5.598564775297632,0.1556608133581817,False,LOW,POINT_BELOW_LIMIT
C09940,L5,ADC,123.18,1.829,11.864,12.8477,13.3526,14.1581,1.1977,1.3298,1.4379,1.5255,Normal,50.0,batch_5,0.9836999999999989,19.120760954464277,0.7355587766504108,37.50596313227814,36.77040435562773,False,False,False,-4.962660954464278,4.962660954464278,0.21199935363913675,False,LOW,POINT_BELOW_LIMIT
C09941,L5,ASIC,124.63,1.184,10.9224,11.4993,12.033,12.9713,1.1506,1.2044,1.24,1.3454,Normal,50.0,batch_5,0.5769000000000002,15.815498704761916,-2.56970347305195,34.20070088257578,36.77040435562773,False,False,False,-2.844198704761917,2.844198704761917,0.05299789932289934,False,VERY_LOW,POINT_BELOW_LIMIT
C09942,L5,ADC,124.2,1.784,12.2787,13.1229,16.6569,21.8751,1.313,1.3786,1.8275,2.4811,Latent_Defect,50.0,batch_5,0.844199999999999,18.94302606974206,0.5578238919281944,37.32822824755593,36.77040435562773,False,False,False,2.932073930257939,2.932073930257939,0.08333337659932084,False,VERY_LOW,POINT_BELOW_LIMIT
C09943,L5,ASIC,125.27,1.186,10.71,11.442,13.6277,33.4852,1.0836,1.1844,1.4041,4.0717,Sudden_Anomaly,50.0,batch_5,0.7319999999999993,15.91011139067461,-2.4750907871392567,34.295313568488474,36.77040435562773,False,False,False,17.57508860932539,17.57508860932539,0.07199422443454953,False,VERY_LOW,POINT_BELOW_LIMIT
C09944,L5,FPGA,124.29,1.11,10.8052,12.984,21.4481,55.6761,1.1042,1.3887,2.4221,7.7895,Absolute_Failure,50.0,batch_5,2.1788000000000007,47.04037398115075,28.655171803336884,65.42557615896462,36.77040435562773,False,True,True,8.635726018849248,8.635726018849248,0.8849471360906038,True,HIGH,POINT_BELOW_LIMIT
C09945,L5,DAC,124.96,1.802,11.9767,13.4142,17.754,24.1177,1.2338,1.4115,1.9603,2.7667,Latent_Defect,50.0,batch_5,1.4375,34.51766929920637,16.1324671213925,52.902871477020234,36.77040435562773,False,True,False,-10.399969299206369,10.399969299206369,0.6447138377291788,True,MEDIUM,POINT_BELOW_LIMIT
C09946,L5,ASIC,126.84,1.213,11.1733,11.8866,12.8203,14.1525,1.1616,1.2168,1.38,1.4816,Normal,50.0,batch_5,0.7133000000000003,19.68917754613095,1.303975368317083,38.074379723944816,36.77040435562773,False,False,False,-5.536677546130949,5.536677546130949,0.13804847932998088,False,VERY_LOW,POINT_BELOW_LIMIT
C09947,L5,FPGA,126.28,1.094,11.6617,12.0572,12.7518,13.5538,1.2231,1.2884,1.3793,1.4465,Normal,50.0,batch_5,0.3955000000000002,15.635075256318583,-2.7501269214952835,34.02027743413245,36.77040435562773,False,False,False,-2.081275256318582,2.081275256318582,0.07802963910911481,False,VERY_LOW,POINT_BELOW_LIMIT
C09948,L5,ASIC,125.13,1.191,11.5125,12.4887,13.7672,14.4783,1.1882,1.2896,1.4453,1.5972,Normal,50.0,batch_5,0.9762000000000004,17.239312251488073,-1.1458899263257933,35.62451442930194,36.77040435562773,False,False,False,-2.761012251488072,2.761012251488072,0.1397616323260602,False,VERY_LOW,POINT_BELOW_LIMIT
C09949,L5,ADC,126.05,1.804,12.3258,13.1153,15.2323,32.7824,1.2979,1.4082,1.619,3.9942,Sudden_Anomaly,50.0,batch_5,0.7895000000000003,18.753407657449493,0.3682054796356269,37.13860983526336,36.77040435562773,False,False,False,14.02899234255051,14.02899234255051,0.08270260140616177,False,VERY_LOW,POINT_BELOW_LIMIT
C09950,L5,ASIC,125.1,1.233,11.4594,11.703,11.8565,11.9713,1.2027,1.1907,1.2676,1.2453,High_Stable,50.0,batch_5,0.24359999999999893,13.639920425865805,-4.7452817519480615,32.02512260367967,36.77040435562773,False,False,False,-1.6686204258658055,1.6686204258658055,0.06081374736374735,False,VERY_LOW,POINT_BELOW_LIMIT
C09951,L5,ADC,125.78,1.794,12.2165,13.335,13.7613,14.6071,1.3096,1.4189,1.4789,1.5663,Normal,50.0,batch_5,1.118500000000001,25.27609631398808,6.890894136174214,43.661298491801944,36.77040435562773,False,False,False,-10.66899631398808,10.66899631398808,0.4099287249395285,False,MEDIUM,POINT_BELOW_LIMIT
C09952,L5,FPGA,123.67,1.112,11.492,11.8771,12.722,14.0751,1.1796,1.2426,1.358,1.4725,Normal,50.0,batch_5,0.38509999999999955,16.45582330833332,-1.9293788694805478,34.84102548614719,36.77040435562773,False,False,False,-2.3807233083333177,2.3807233083333177,0.07653365581786638,False,VERY_LOW,POINT_BELOW_LIMIT
C09953,L5,FPGA,125.04,1.102,11.45,14.4558,20.8787,54.3364,1.1985,1.5133,2.3018,7.5142,Absolute_Failure,50.0,batch_5,3.0058000000000007,54.529206474849055,36.14400429703519,72.91440865266293,36.77040435562774,True,True,True,-0.192806474849057,0.192806474849057,0.9989624342977285,True,HIGH,POINT_ABOVE_LIMIT
C09954,L5,DAC,124.74,1.8,12.5126,12.7241,13.0828,13.2783,1.3529,1.3162,1.3849,1.3662,High_Stable,50.0,batch_5,0.21149999999999913,14.708283703571427,-3.6769184742424397,33.09348588138529,36.77040435562773,False,False,False,-1.429983703571427,1.429983703571427,0.011516522366522368,False,VERY_LOW,POINT_BELOW_LIMIT
C09955,L5,ASIC,125.96,1.192,11.0633,12.2356,12.248,13.2566,1.1684,1.2863,1.2864,1.4163,Normal,50.0,batch_5,1.1723,21.438378179067442,3.0531760012535756,39.82358035688131,36.77040435562773,False,False,False,-8.181778179067441,8.181778179067441,0.22252129336682375,False,LOW,POINT_BELOW_LIMIT
C09956,L5,ADC,126.05,1.778,12.0046,12.4911,13.612,14.6158,1.2729,1.2976,1.3999,1.5561,Normal,50.0,batch_5,0.4864999999999995,15.874676521996768,-2.510525655817098,34.259878699810635,36.77040435562773,False,False,False,-1.2588765219967684,1.2588765219967684,0.0827647728489834,False,VERY_LOW,POINT_BELOW_LIMIT
C09957,L5,DAC,124.92,1.801,12.1906,13.4452,14.0449,14.6109,1.2872,1.4058,1.4644,1.5928,Normal,50.0,batch_5,1.2546,21.617421097357507,3.232218919543641,40.00262327517137,36.77040435562773,False,False,False,-7.006521097357506,7.006521097357506,0.10105144026665763,False,VERY_LOW,POINT_BELOW_LIMIT
C09958,L5,ASIC,124.83,1.194,10.7985,11.503,12.7196,14.1002,1.1354,1.2223,1.3358,1.5045,Normal,50.0,batch_5,0.7044999999999995,15.1307161670688,-3.254486010745067,33.515918344882664,36.77040435562773,False,False,False,-1.0305161670688001,1.0305161670688001,0.0994286619440644,False,VERY_LOW,POINT_BELOW_LIMIT
C09959,L5,ADC,126.65,1.828,11.8376,12.7829,13.775,14.5959,1.226,1.3254,1.4892,1.539,Normal,50.0,batch_5,0.9452999999999996,21.40594104910716,3.020738871293293,39.79114322692102,36.77040435562773,False,False,False,-6.810041049107159,6.810041049107159,0.20222892466277967,False,LOW,POINT_BELOW_LIMIT
C09960,L5,ASIC,125.73,1.165,11.5182,11.8884,12.6238,13.3748,1.2389,1.2398,1.3643,1.4283,Normal,50.0,batch_5,0.37020000000000053,16.458775023412706,-1.9264271544011606,34.84397720122657,36.77040435562773,False,False,False,-3.0839750234127052,3.0839750234127052,0.0645991928006634,False,VERY_LOW,POINT_BELOW_LIMIT
C09961,L5,FPGA,124.95,1.097,11.8518,12.9326,15.9054,19.5576,1.2068,1.3789,1.7089,2.1955,Latent_Defect,50.0,batch_5,1.0808,18.21192143266107,-0.17328074515279468,36.59712361047494,36.77040435562773,False,False,False,1.345678567338929,1.345678567338929,0.25778315393793894,False,LOW,POINT_BELOW_LIMIT
C09962,L5,FPGA,124.72,1.113,11.5774,12.6416,12.9104,13.2251,1.1979,1.325,1.3815,1.3592,Normal,50.0,batch_5,1.0641999999999996,17.10878855428807,-1.276413623525798,35.493990732101935,36.77040435562773,False,False,False,-3.883688554288069,3.883688554288069,0.07733022381254648,False,VERY_LOW,POINT_BELOW_LIMIT
C09963,L5,ADC,124.54,1.798,11.2416,12.4256,12.4547,12.842,1.1103,1.2748,1.3011,1.3353,Normal,50.0,batch_5,1.1839999999999993,27.745811134325386,9.36060895651152,46.13101331213925,36.77040435562773,False,False,False,-14.903811134325386,14.903811134325386,0.4016490349379564,False,MEDIUM,POINT_BELOW_LIMIT
C09964,L5,DAC,124.65,1.788,12.0175,12.4658,13.2148,14.0238,1.2137,1.376,1.4121,1.486,Normal,50.0,batch_5,0.4482999999999997,19.383971287896816,0.9987691100829501,37.76917346571068,36.77040435562773,False,False,False,-5.360171287896817,5.360171287896817,0.16174713232244187,False,LOW,POINT_BELOW_LIMIT
C09965,L5,ADC,124.62,1.783,12.298,13.2471,19.8338,55.0386,1.312,1.425,2.1631,7.6431,Absolute_Failure,50.0,batch_5,0.9490999999999996,22.10438704771825,3.7191848699043852,40.489589225532114,36.77040435562773,False,False,True,32.934212952281754,32.934212952281754,0.1322367370646782,False,VERY_LOW,POINT_BELOW_LIMIT
C09966,L5,DAC,126.18,1.8,12.0097,12.6932,13.201,14.134,1.2617,1.3251,1.3699,1.4989,Normal,50.0,batch_5,0.6834999999999987,19.666950785615075,1.2817486078012088,38.05215296342894,36.77040435562773,False,False,False,-5.532950785615075,5.532950785615075,0.09536615598920754,False,VERY_LOW,POINT_BELOW_LIMIT
C09967,L5,ASIC,123.64,1.175,11.355,12.3205,12.7623,13.7429,1.179,1.2528,1.3449,1.4287,Normal,50.0,batch_5,0.9654999999999987,17.84121745605159,-0.5439847217622749,36.22641963386546,36.77040435562773,False,False,False,-4.098317456051591,4.098317456051591,0.15951826168327704,False,LOW,POINT_BELOW_LIMIT
C09968,L5,DAC,124.52,1.795,11.7527,11.7101,12.807,13.5203,1.2188,1.2012,1.3313,1.3893,Normal,50.0,batch_5,-0.04260000000000019,12.408729683143928,-5.976472494669938,30.793931860957795,36.77040435562773,False,False,False,1.1115703168560724,1.1115703168560724,0.012541269841269841,False,VERY_LOW,POINT_BELOW_LIMIT
C09969,L5,ADC,124.48,1.827,12.0538,14.163,22.273,55.6891,1.2414,1.5148,2.4996,7.7601,Absolute_Failure,50.0,batch_5,2.1091999999999995,50.88177650506847,32.496574327254606,69.26697868288234,36.77040435562773,True,True,True,4.807323494931531,4.807323494931531,0.9775785847795139,True,HIGH,POINT_ABOVE_LIMIT
C09970,L5,DAC,125.2,1.803,12.3657,13.2789,13.9063,15.1007,1.3225,1.4112,1.4981,1.6421,Normal,50.0,batch_5,0.9131999999999998,18.29755496876242,-0.08764720905144685,36.682757146576286,36.77040435562773,False,False,False,-3.1968549687624197,3.1968549687624197,0.13754308983929725,False,VERY_LOW,POINT_BELOW_LIMIT
C09971,L5,ASIC,124.9,1.198,11.579,12.0129,12.8941,13.3491,1.2123,1.2322,1.34,1.4437,Normal,50.0,batch_5,0.4338999999999995,16.559827766729793,-1.8253744110840735,34.94502994454366,36.77040435562773,False,False,False,-3.210727766729793,3.210727766729793,0.17599619461674224,False,LOW,POINT_BELOW_LIMIT
C09972,L5,ADC,125.21,1.8,11.5711,12.9006,15.4251,27.9926,1.2252,1.3645,1.6358,3.296,Sudden_Anomaly,50.0,batch_5,1.3295000000000012,32.485102741666694,14.099900563852827,50.87030491948056,36.77040435562773,False,True,False,-4.492502741666694,4.492502741666694,0.6722619751051806,True,MEDIUM,POINT_BELOW_LIMIT
C09973,L5,FPGA,125.0,1.12,11.3284,11.743,12.8719,14.068,1.1661,1.2234,1.3622,1.5179,Normal,50.0,batch_5,0.4146000000000001,15.724035919720302,-2.661166258093564,34.10923809753417,36.77040435562773,False,False,False,-1.6560359197203027,1.6560359197203027,0.2564507795861974,False,LOW,POINT_BELOW_LIMIT
C09974,L5,ASIC,124.77,1.252,11.6478,12.9293,18.2568,54.934,1.1839,1.3114,1.9798,7.6342,Absolute_Failure,50.0,batch_5,1.2814999999999994,24.923506287256483,6.538304109442617,43.30870846507035,36.77040435562773,False,False,True,30.010493712743514,30.010493712743514,0.35326765754541284,False,LOW,POINT_BELOW_LIMIT
C09975,L5,FPGA,123.97,1.084,11.5448,12.3606,12.9328,14.2698,1.196,1.3203,1.3873,1.4769,Normal,50.0,batch_5,0.8157999999999994,16.496752304365078,-1.8884498734487885,34.88195448217894,36.77040435562773,False,False,False,-2.226952304365078,2.226952304365078,0.11124551534567302,False,VERY_LOW,POINT_BELOW_LIMIT
C09976,L5,ADC,125.53,1.811,11.6568,13.0666,17.1044,21.1758,1.2141,1.4233,1.8114,2.3285,Latent_Defect,50.0,batch_5,1.4097999999999988,31.661224602480146,13.27602242466628,50.04642678029401,36.77040435562773,False,True,False,-10.485424602480148,10.485424602480148,0.522047688696715,True,MEDIUM,POINT_BELOW_LIMIT
C09977,L5,FPGA,125.33,1.101,11.7405,13.0815,18.1653,22.7188,1.1872,1.4062,1.9553,2.6068,Latent_Defect,50.0,batch_5,1.3409999999999993,27.624253857524423,9.239051679710556,46.00945603533829,36.77040435562773,False,False,False,-4.905453857524421,4.905453857524421,0.45277600320171607,False,MEDIUM,POINT_BELOW_LIMIT
C09978,L5,DAC,125.67,1.809,12.2501,13.2842,15.3361,33.7404,1.2311,1.3881,1.623,4.1336,Sudden_Anomaly,50.0,batch_5,1.0341000000000005,22.254889846130965,3.8696876683170984,40.64009202394483,36.77040435562773,False,False,False,11.485510153869036,11.485510153869036,0.23443450556629902,False,LOW,POINT_BELOW_LIMIT
C09979,L5,DAC,126.07,1.818,11.6224,12.909,13.4483,13.4108,1.1957,1.3952,1.4153,1.442,Normal,50.0,batch_5,1.2866,22.01875288912613,3.633550711312264,40.40395506694,36.77040435562773,False,False,False,-8.60795288912613,8.60795288912613,0.263553443009855,False,LOW,POINT_BELOW_LIMIT
C09980,L5,FPGA,126.15,1.092,11.373,11.446,12.1401,12.5931,1.1663,1.2143,1.2767,1.2939,Normal,50.0,batch_5,0.0730000000000004,13.516547679265868,-4.868654498547999,31.901749857079736,36.77040435562773,False,False,False,-0.9234476792658679,0.9234476792658679,0.07639569946594153,False,VERY_LOW,POINT_BELOW_LIMIT
C09981,L5,DAC,126.07,1.815,12.0367,12.4928,13.798,30.0665,1.2553,1.3024,1.4496,3.595,Sudden_Anomaly,50.0,batch_5,0.45610000000000106,16.480441431547614,-1.904760746266252,34.865643609361484,36.77040435562773,False,False,False,13.586058568452387,13.586058568452387,0.08279014596514599,False,VERY_LOW,POINT_BELOW_LIMIT
C09982,L5,FPGA,124.95,1.099,11.4855,11.5579,11.3545,11.4024,1.1966,1.2082,1.1648,1.1854,High_Stable,50.0,batch_5,0.07240000000000002,12.057905216666676,-6.327296961147191,30.443107394480542,36.77040435562773,False,False,False,-0.6555052166666755,0.6555052166666755,0.018237379991869154,False,VERY_LOW,POINT_BELOW_LIMIT
C09983,L5,ADC,123.54,1.78,11.1404,11.616,11.7918,13.4263,1.147,1.1832,1.2982,1.4179,Normal,50.0,batch_5,0.4756,15.494269060218242,-2.8909331175956243,33.87947123803211,36.77040435562773,False,False,False,-2.0679690602182426,2.0679690602182426,0.07793657284744243,False,VERY_LOW,POINT_BELOW_LIMIT
C09984,L5,ADC,124.91,1.804,12.0757,13.4186,14.5629,33.0281,1.2039,1.437,1.5657,4.0245,Sudden_Anomaly,50.0,batch_5,1.3429000000000002,34.24147057271823,15.856268394904362,52.626672750532094,36.77040435562773,False,True,False,-1.213370572718226,1.213370572718226,0.5665138622797896,True,MEDIUM,POINT_BELOW_LIMIT
C09985,L5,ADC,124.46,1.824,11.1,11.7066,12.2294,12.516,1.163,1.2344,1.3366,1.321,Normal,50.0,batch_5,0.6066000000000003,16.664547260241136,-1.7206549175727304,35.049749438055,36.77040435562773,False,False,False,-4.148547260241136,4.148547260241136,0.17225701911047175,False,LOW,POINT_BELOW_LIMIT
C09986,L5,FPGA,124.94,1.07,11.5495,11.9829,12.4312,12.9147,1.2098,1.2557,1.3066,1.344,Normal,50.0,batch_5,0.4334000000000007,17.964473404276138,-0.42072877353772853,36.34967558209,36.77040435562773,False,False,False,-5.049773404276138,5.049773404276138,0.1379421754887699,False,VERY_LOW,POINT_BELOW_LIMIT
C09987,L5,DAC,126.01,1.786,12.1386,13.1439,13.7095,14.3908,1.2646,1.411,1.4945,1.5243,Normal,50.0,batch_5,1.0053,20.242888069642856,1.8576858918289894,38.628090247456726,36.77040435562773,False,False,False,-5.852088069642855,5.852088069642855,0.24893242415275035,False,LOW,POINT_BELOW_LIMIT
C09988,L5,DAC,124.74,1.786,11.4786,12.0794,12.8267,12.9116,1.2341,1.2615,1.3214,1.334,Normal,50.0,batch_5,0.6007999999999996,16.09770988152957,-2.287492296284295,34.482912059343434,36.77040435562773,False,False,False,-3.186109881529571,3.186109881529571,0.0726192938987696,False,VERY_LOW,POINT_BELOW_LIMIT
C09989,L5,FPGA,125.95,1.104,11.4269,11.8685,12.6164,13.5221,1.1775,1.2249,1.3447,1.4585,Normal,50.0,batch_5,0.4415999999999993,15.804153855273603,-2.581048322540264,34.18935603308747,36.77040435562773,False,False,False,-2.2820538552736025,2.2820538552736025,0.10194539268780757,False,VERY_LOW,POINT_BELOW_LIMIT
C09990,L5,FPGA,125.03,1.089,11.5139,13.055,18.5964,51.3467,1.2016,1.3836,2.0096,6.9949,Absolute_Failure,50.0,batch_5,1.5411000000000001,29.15131889444443,10.766116716630563,47.536521072258296,36.77040435562773,False,False,True,22.19538110555557,22.19538110555557,0.26974609523043,False,LOW,POINT_BELOW_LIMIT
C09991,L5,FPGA,125.32,1.077,11.6678,12.8641,13.2222,14.0772,1.229,1.3148,1.4271,1.5392,Normal,50.0,batch_5,1.1963000000000008,19.287249033531747,0.9020468557178809,37.67245121134562,36.77040435562773,False,False,False,-5.210049033531748,5.210049033531748,0.18022108837454096,False,LOW,POINT_BELOW_LIMIT
C09992,L5,ASIC,124.45,1.211,10.9913,11.9922,13.6174,39.1458,1.1705,1.2533,1.4713,4.9289,Sudden_Anomaly,50.0,batch_5,1.0008999999999997,22.13884703314393,3.7536448553300623,40.5240492109578,36.77040435562773,False,False,False,17.006952966856073,17.006952966856073,0.25354065624503497,False,LOW,POINT_BELOW_LIMIT
C09993,L5,DAC,126.11,1.829,11.6097,12.0578,13.1612,13.5653,1.2578,1.3038,1.4298,1.4286,Normal,50.0,batch_5,0.44810000000000016,20.703242014565305,2.3180398367514385,39.08844419237917,36.77040435562773,False,False,False,-7.137942014565304,7.137942014565304,0.1495541709868032,False,VERY_LOW,POINT_BELOW_LIMIT
C09994,L5,ADC,124.7,1.811,11.845,11.9897,12.1296,12.4033,1.2904,1.2892,1.2528,1.2809,High_Stable,50.0,batch_5,0.1446999999999985,13.674636712301583,-4.710565465512284,32.05983889011545,36.77040435562773,False,False,False,-1.2713367123015828,1.2713367123015828,0.026509920634920636,False,VERY_LOW,POINT_BELOW_LIMIT
C09995,L5,DAC,126.31,1.767,11.332,11.6953,12.6856,13.3,1.1943,1.2458,1.345,1.3762,Normal,50.0,batch_5,0.36329999999999885,15.05437376557539,-3.3308284122384766,33.43957594338926,36.77040435562773,False,False,False,-1.754373765575389,1.754373765575389,0.06934888310863543,False,VERY_LOW,POINT_BELOW_LIMIT
C09996,L5,FPGA,124.6,1.098,11.8035,12.5826,12.9342,13.9992,1.2376,1.3192,1.3165,1.5035,Normal,50.0,batch_5,0.7790999999999997,17.78355870287699,-0.6016434749368749,36.168760880690854,36.77040435562773,False,False,False,-3.7843587028769914,3.7843587028769914,0.14260779572165014,False,VERY_LOW,POINT_BELOW_LIMIT
C09997,L5,ASIC,123.34,1.21,11.2858,12.2204,13.8838,35.1584,1.1775,1.3067,1.4747,4.3148,Sudden_Anomaly,50.0,batch_5,0.9345999999999997,18.913650367032968,0.5284481892191017,37.29885254484684,36.77040435562773,False,False,False,16.244749632967032,16.244749632967032,0.15019570188738984,False,LOW,POINT_BELOW_LIMIT
C09998,L5,FPGA,125.28,1.096,11.6927,12.5542,13.1313,14.0073,1.2186,1.3156,1.3521,1.4891,Normal,50.0,batch_5,0.8614999999999995,16.568130331646827,-1.817071846167039,34.953332509460694,36.77040435562773,False,False,False,-2.5608303316468266,2.5608303316468266,0.10246195500406027,False,VERY_LOW,POINT_BELOW_LIMIT
C09999,L5,FPGA,125.05,1.103,10.9975,11.6488,16.517,56.5755,1.1221,1.2476,1.769,7.9287,Absolute_Failure,50.0,batch_5,0.6512999999999991,18.9681424507052,0.5829402728913351,37.35334462851907,36.77040435562773,False,False,True,37.6073575492948,37.6073575492948,0.08397289061700826,False,VERY_LOW,POINT_BELOW_LIMIT
C10000,L5,FPGA,124.77,1.123,10.9944,11.8722,12.5313,14.0348,1.1562,1.2576,1.2797,1.4876,Normal,50.0,batch_5,0.8777999999999988,18.248543806502525,-0.1366583713113414,36.63374598431639,36.77040435562773,False,False,False,-4.213743806502524,4.213743806502524,0.2790118680503686,False,LOW,POINT_BELOW_LIMIT
