component_id,lot_id,component_type,temperature_C,voltage_V,iddq_0h_uA,iddq_24h_uA,iddq_96h_uA,iddq_168h_uA,leakage_0h_uA,leakage_24h_uA,leakage_96h_uA,leakage_168h_uA,ground_truth,absolute_limit_uA,temperature_bin,voltage_bin,peer_group,iddq_peer_median,iddq_peer_mad,iddq_peer_iqr,iddq_peer_deviation,iddq_robust_z,peer_group_size,statistical_score,statistical_anomaly_flag,isolation_forest_score,isolation_forest_flag,current_limit_violation,combined_anomaly_score,anomaly_flag,evidence_count,severity,module_A_decision,module_A_stage,cumulative_component_count
C1,L1,TypeA,28.41,1.01,11.05,12.05,13.05,14.05,1.1,1.2,1.3,1.4,Normal,50,28.0,1.0,TypeA|T=28.0|V=1.0,11.8,0.75,1.7949999999999982,0.75,-0.6745,11,0.1927142857142857,False,0.2740851123780403,False,False,0.23339969904616298,False,0,LOW,PASS,1,2000
C2,L1,TypeB,25.66,1.01,11.05,12.05,13.05,14.05,1.11,1.21,1.31,1.41,Normal,50,26.0,1.0,TypeB|T=26.0|V=1.0,10.65,1.5600000000000005,3.1500000000000004,0.40000000000000036,0.17294871794871805,9,0.04941391941391944,False,0.39304543474133835,False,False,0.2212296770776289,False,0,LOW,PASS,1,2000
C3,L1,TypeA,29.83,1.16,8.41,9.41,10.41,11.41,0.84,0.94,1.04,1.14,Normal,50,30.0,1.1500000000000001,TypeA|T=30.0|V=1.15,10.78,2.3499999999999996,3.9499999999999993,2.369999999999999,-0.6802404255319148,7,0.1943544072948328,False,0.19443217628454731,False,False,0.19439329178969006,False,0,LOW,PASS,1,2000
C4,L1,TypeA,28.69,1.17,12.51,12.51,12.51,12.51,1.25,1.25,1.25,1.25,High_Stable,50,29.0,1.1500000000000001,TypeA|T=29.0|V=1.15,12.51,1.9399999999999995,3.5500000000000007,0.0,0.0,15,0.0,False,0.1157706045170188,False,False,0.0578853022585094,False,0,LOW,PASS,1,2000
C5,L1,TypeA,25.31,1.16,9.81,10.81,11.81,12.81,0.98,1.08,1.18,1.28,Normal,50,25.0,1.1500000000000001,TypeA|T=25.0|V=1.15,11.7,2.4400000000000013,4.615,1.8899999999999988,-0.5224610655737698,7,0.14927459016393424,False,0.2166275389570207,False,False,0.18295106456047747,False,0,LOW,PASS,1,2000
C6,L1,TypeB,27.56,1.08,13.85,15.85,18.85,23.85,1.39,1.59,1.89,2.39,Latent_Defect,50,28.0,1.1,TypeB|T=28.0|V=1.1,9.87,1.0099999999999998,4.949999999999999,3.9800000000000004,2.657930693069308,13,0.7594087694483738,False,0.7745630172140433,True,False,0.7669858933312086,True,1,MEDIUM,REVIEW,1,2000
C7,L1,TypeC,32.53,1.3,10.79,12.79,15.79,20.79,1.08,1.28,1.58,2.08,Latent_Defect,50,33.0,1.3,TypeC|T=33.0|V=1.3,10.79,1.2800000000000011,2.01,0.0,0.0,5,0.0,False,0.360908935025563,False,False,0.1804544675127815,False,0,LOW,PASS,1,2000
C8,L1,TypeB,25.96,1.02,10.65,11.65,12.65,60.0,1.07,1.17,1.27,6.0,Absolute_Failure,50,26.0,1.0,TypeB|T=26.0|V=1.0,10.65,1.5600000000000005,3.1500000000000004,0.0,0.0,9,0.0,False,0.36658569815179104,False,False,0.18329284907589552,False,0,LOW,PASS,1,2000
C9,L1,TypeB,28.17,1.25,12.03,13.03,32.03,34.03,1.2,1.3,3.2,3.4,Sudden_Anomaly,50,28.0,1.25,TypeB|T=28.0|V=1.25,11.78,0.9900000000000002,2.33,0.25,0.1703282828282828,13,0.048665223665223654,False,0.11636650236745262,False,False,0.08251586301633813,False,0,LOW,PASS,1,2000
C10,L1,TypeC,33.89,1.27,11.46,13.46,16.46,21.46,1.15,1.35,1.65,2.15,Latent_Defect,50,34.0,1.25,TypeC|T=34.0|V=1.25,11.46,0.7799999999999994,1.7000000000000028,0.0,0.0,11,0.0,False,0.296071224020416,False,False,0.148035612010208,False,0,LOW,PASS,1,2000
C11,L1,TypeA,30.79,1.14,14.66,15.66,16.66,60.0,1.47,1.57,1.67,6.0,Absolute_Failure,50,31.0,1.1500000000000001,TypeA|T=31.0|V=1.15,12.38,1.9699999999999989,3.880000000000001,2.2799999999999994,0.7806395939086297,13,0.2230398839738942,False,0.16435107011433678,False,False,0.1936954770441155,False,0,LOW,PASS,1,2000
C12,L1,TypeB,26.71,1.24,11.39,12.39,13.39,14.39,1.14,1.24,1.34,1.44,Normal,50,27.0,1.25,TypeB|T=27.0|V=1.25,11.08,1.9299999999999997,3.119999999999999,0.3100000000000005,0.10833937823834217,11,0.03095410806809776,False,0.10439155285712932,False,False,0.06767283046261355,False,0,LOW,PASS,1,2000
C13,L1,TypeB,28.66,1.02,12.4,13.4,32.4,34.4,1.24,1.34,3.24,3.44,Sudden_Anomaly,50,29.0,1.0,TypeB|T=29.0|V=1.0,10.57,0.8200000000000003,1.509999999999998,1.83,1.505286585365853,7,0.43008188153310084,False,0.37095847850557234,False,False,0.4005201800193366,False,0,LOW,PASS,1,2000
C14,L1,TypeA,34.22,1.07,14.99,15.99,16.99,17.99,1.5,1.6,1.7,1.8,Normal,50,34.0,1.05,TypeA|T=34.0|V=1.05,11.120000000000001,1.8400000000000007,3.5249999999999986,3.869999999999999,1.4186494565217382,12,0.40532841614906806,False,0.7844006283308188,True,False,0.5948645222399435,False,1,LOW,PASS,1,2000
C15,L1,TypeB,33.94,1.01,8.9,9.9,28.9,30.9,0.89,0.99,2.89,3.09,Sudden_Anomaly,50,34.0,1.0,TypeB|T=34.0|V=1.0,11.7,1.7850000000000001,2.7424999999999997,2.799999999999999,-1.058039215686274,6,0.3022969187675068,False,0.501149970211941,False,False,0.40172344448972386,False,0,LOW,PASS,1,2000
C16,L1,TypeC,28.72,1.29,13.67,15.67,18.67,23.67,1.37,1.57,1.87,2.37,Latent_Defect,50,29.0,1.3,TypeC|T=29.0|V=1.3,11.61,1.4900000000000002,2.8200000000000003,2.0600000000000005,0.9325302013422819,5,0.2664372003835091,False,0.37058029258203606,False,False,0.3185087464827726,False,0,LOW,PASS,1,2000
C17,L1,TypeC,26.03,1.1,9.64,10.64,29.64,31.64,0.96,1.06,2.96,3.16,Sudden_Anomaly,50,26.0,1.1,TypeC|T=26.0|V=1.1,10.88,1.4499999999999993,2.9299999999999997,1.2400000000000002,-0.5768137931034486,15,0.1648039408866996,False,0.16404082754431712,False,False,0.16442238421550837,False,0,LOW,PASS,1,2000
C18,L1,TypeC,32.96,1.3,12.07,13.07,14.07,15.07,1.21,1.31,1.41,1.51,Normal,50,33.0,1.3,TypeC|T=33.0|V=1.3,10.79,1.2800000000000011,2.01,1.2800000000000011,0.6745,5,0.1927142857142857,False,0.41052116129152044,False,False,0.30161772350290306,False,0,LOW,PASS,1,2000
C19,L1,TypeB,31.79,1.03,10.77,10.77,10.77,10.77,1.08,1.08,1.08,1.08,High_Stable,50,32.0,1.05,TypeB|T=32.0|V=1.05,10.77,1.299999999999999,3.1000000000000014,0.0,0.0,9,0.0,False,0.2148275220649771,False,False,0.10741376103248855,False,0,LOW,PASS,1,2000
C20,L1,TypeA,31.24,1.17,13.16,14.16,33.16,35.16,1.32,1.42,3.32,3.52,Sudden_Anomaly,50,31.0,1.1500000000000001,TypeA|T=31.0|V=1.15,12.38,1.9699999999999989,3.880000000000001,0.7799999999999994,0.26706091370558366,13,0.07630311820159533,False,0.05170240777983532,False,False,0.06400276299071532,False,0,LOW,PASS,1,2000
C21,L1,TypeC,30.62,1.02,11.24,13.24,16.24,21.24,1.12,1.32,1.62,2.12,Latent_Defect,50,31.0,1.0,TypeC|T=31.0|V=1.0,11.95,1.6600000000000001,2.369999999999999,0.7099999999999991,-0.2884909638554213,5,0.08242598967297751,False,0.15518122388049851,False,False,0.11880360677673801,False,0,LOW,PASS,1,2000
C22,L1,TypeA,26.69,1.29,14.7,15.7,34.7,36.7,1.47,1.57,3.47,3.67,Sudden_Anomaly,50,27.0,1.3,TypeA|T=27.0|V=1.3,12.045,0.8549999999999995,1.9624999999999986,2.6549999999999994,2.0945000000000005,6,0.5984285714285715,False,0.7761500888503514,True,False,0.6872893301394615,True,1,MEDIUM,REVIEW,1,2000
C23,L1,TypeC,31.54,1.09,12.09,13.09,14.09,60.0,1.21,1.31,1.41,6.0,Absolute_Failure,50,32.0,1.1,TypeC|T=32.0|V=1.1,12.09,0.5199999999999996,0.879999999999999,0.0,0.0,13,0.0,False,0.10757862485042659,False,False,0.053789312425213294,False,0,LOW,PASS,1,2000
C24,L1,TypeC,26.31,1.18,11.46,12.46,31.46,33.46,1.15,1.25,3.15,3.35,Sudden_Anomaly,50,26.0,1.2000000000000002,TypeC|T=26.0|V=1.2,10.945,1.1799999999999997,2.1525000000000016,0.5150000000000006,0.294379237288136,14,0.08410835351089599,False,0.06385659813568662,False,False,0.0739824758232913,False,0,LOW,PASS,1,2000
C25,L1,TypeB,27.24,1.13,11.53,12.53,31.53,33.53,1.15,1.25,3.15,3.35,Sudden_Anomaly,50,27.0,1.1500000000000001,TypeB|T=27.0|V=1.15,10.02,0.9800000000000004,1.9550000000000018,1.5099999999999998,1.0392806122448974,11,0.2969373177842564,False,0.161563342827617,False,False,0.22925033030593672,False,0,LOW,PASS,1,2000
C26,L1,TypeC,27.92,1.17,11.24,12.24,31.24,33.24,1.12,1.22,3.12,3.32,Sudden_Anomaly,50,28.0,1.1500000000000001,TypeC|T=28.0|V=1.15,11.025,1.1450000000000005,1.825000000000001,0.21499999999999986,0.12665283842794747,6,0.03618652526512785,False,0.04131951607289555,False,False,0.0387530206690117,False,0,LOW,PASS,1,2000
C27,L1,TypeA,31.17,1.03,9.5,10.5,29.5,31.5,0.95,1.05,2.95,3.15,Sudden_Anomaly,50,31.0,1.05,TypeA|T=31.0|V=1.05,11.53,2.0299999999999994,3.8049999999999997,2.0299999999999994,-0.6745,15,0.1927142857142857,False,0.1501352004200251,False,False,0.17142474306715538,False,0,LOW,PASS,1,2000
C28,L1,TypeA,34.19,1.16,11.68,12.68,31.68,33.68,1.17,1.27,3.17,3.37,Sudden_Anomaly,50,34.0,1.1500000000000001,TypeA|T=34.0|V=1.15,11.69,0.9600000000000009,1.8249999999999993,0.009999999999999787,-0.00702604166666651,10,0.0020074404761904314,False,0.20800909565223893,False,False,0.10500826806421468,False,0,LOW,PASS,1,2000
C29,L1,TypeA,28.28,1.25,13.3,15.3,18.3,23.3,1.33,1.53,1.83,2.33,Latent_Defect,50,28.0,1.25,TypeA|T=28.0|V=1.25,9.600000000000001,0.9050000000000002,2.1999999999999993,3.6999999999999993,2.7576243093922637,8,0.787892659826361,False,0.7777371795687051,True,False,0.7828149196975331,True,1,MEDIUM,REVIEW,1,2000
C30,L1,TypeC,31.98,1.24,13.6,14.6,15.6,60.0,1.36,1.46,1.56,6.0,Absolute_Failure,50,32.0,1.25,TypeC|T=32.0|V=1.25,11.69,2.1400000000000006,4.07,1.9100000000000001,0.6020070093457942,25,0.17200200267022692,False,0.10987709329139245,False,False,0.14093954798080968,False,0,LOW,PASS,1,2000
C31,L1,TypeA,31.45,1.04,11.85,12.85,13.85,60.0,1.18,1.28,1.38,6.0,Absolute_Failure,50,31.0,1.05,TypeA|T=31.0|V=1.05,11.53,2.0299999999999994,3.8049999999999997,0.3200000000000003,0.10632512315270949,15,0.030378606615059856,False,0.10227940432943786,False,False,0.06632900547224886,False,0,LOW,PASS,1,2000
C32,L1,TypeC,30.38,1.04,10.67,10.67,10.67,10.67,1.07,1.07,1.07,1.07,High_Stable,50,30.0,1.05,TypeC|T=30.0|V=1.05,11.99,1.3200000000000003,2.9849999999999994,1.3200000000000003,-0.6745,11,0.1927142857142857,False,0.1102831945674293,False,False,0.1514987401408575,False,0,LOW,PASS,1,2000
C33,L1,TypeB,33.41,1.21,11.38,13.38,16.38,21.38,1.14,1.34,1.64,2.14,Latent_Defect,50,33.0,1.2000000000000002,TypeB|T=33.0|V=1.2,11.825,1.3450000000000006,2.7375000000000007,0.4449999999999985,-0.22316171003717386,8,0.06376048858204968,False,0.10817461755817552,False,False,0.0859675530701126,False,0,LOW,PASS,1,2000
C34,L1,TypeB,26.25,1.1,14.72,15.72,34.72,36.72,1.47,1.57,3.47,3.67,Sudden_Anomaly,50,26.0,1.1,TypeB|T=26.0|V=1.1,12.795,1.5949999999999998,3.094999999999999,1.9250000000000007,0.8140517241379315,14,0.23258620689655185,False,0.3569806381291569,False,False,0.2947834225128544,False,0,LOW,PASS,1,2000
C35,L1,TypeA,32.95,1.02,11.78,12.78,31.78,33.78,1.18,1.28,3.18,3.38,Sudden_Anomaly,50,33.0,1.0,TypeA|T=33.0|V=1.0,11.78,2.25,4.48,0.0,0.0,9,0.0,False,0.3077495051412819,False,False,0.15387475257064095,False,0,LOW,PASS,1,2000
C36,L1,TypeC,26.73,1.26,12.41,13.41,14.41,60.0,1.24,1.34,1.44,6.0,Absolute_Failure,50,27.0,1.25,TypeC|T=27.0|V=1.25,13.05,1.3500000000000005,2.4875000000000007,0.6400000000000006,-0.31976296296296314,12,0.09136084656084661,False,0.22144088633920792,False,False,0.15640086645002726,False,0,LOW,PASS,1,2000
C37,L1,TypeC,33.41,1.07,9.23,9.23,9.23,9.23,0.92,0.92,0.92,0.92,High_Stable,50,33.0,1.05,TypeC|T=33.0|V=1.05,12.66,1.7599999999999998,3.5199999999999996,3.4299999999999997,-1.3145085227272728,15,0.37557386363636364,False,0.42932636860573387,False,False,0.40245011612104875,False,0,LOW,PASS,1,2000
C38,L1,TypeA,30.51,1.12,12.2,13.2,14.2,60.0,1.22,1.32,1.42,6.0,Absolute_Failure,50,31.0,1.1,TypeA|T=31.0|V=1.1,13.24,1.4299999999999997,4.84,1.040000000000001,-0.4905454545454551,17,0.1401558441558443,False,0.02223468570897606,False,False,0.08119526493241018,False,0,LOW,PASS,1,2000
C39,L1,TypeB,32.14,1.11,8.29,9.29,10.29,11.29,0.83,0.93,1.03,1.13,Normal,50,32.0,1.1,TypeB|T=32.0|V=1.1,11.14,1.9499999999999993,2.875,2.8500000000000014,-0.9858076923076932,15,0.2816593406593409,False,0.28182417164530327,False,False,0.2817417561523221,False,0,LOW,PASS,1,2000
C40,L1,TypeB,27.89,1.21,14.5,15.5,16.5,17.5,1.45,1.55,1.65,1.75,Normal,50,28.0,1.2000000000000002,TypeB|T=28.0|V=1.2,12.43,1.6600000000000001,2.9700000000000006,2.0700000000000003,0.841093373493976,17,0.24031239242685026,False,0.183413516119902,False,False,0.21186295427337615,False,0,LOW,PASS,1,2000
C41,L1,TypeC,29.69,1.06,11.99,12.99,13.99,14.99,1.2,1.3,1.4,1.5,Normal,50,30.0,1.05,TypeC|T=30.0|V=1.05,11.99,1.3200000000000003,2.9849999999999994,0.0,0.0,11,0.0,False,0.14560934169481815,False,False,0.07280467084740908,False,0,LOW,PASS,1,2000
C42,L1,TypeC,25.45,1.05,8.68,9.68,10.68,11.68,0.87,0.97,1.07,1.17,Normal,50,25.0,1.05,TypeC|T=25.0|V=1.05,10.465,1.7350000000000003,3.379999999999999,1.7850000000000001,-0.6939380403458213,6,0.19826801152737752,False,0.3829259495093979,False,False,0.2905969805183877,False,0,LOW,PASS,1,2000
C43,L1,TypeC,31.34,1.16,10.05,11.05,12.05,60.0,1.0,1.1,1.2,6.0,Absolute_Failure,50,31.0,1.1500000000000001,TypeC|T=31.0|V=1.15,10.88,1.6349999999999998,2.977499999999999,0.8300000000000001,-0.34240672782874626,10,0.09783049366535608,False,0.003190260922162063,False,False,0.050510377293759075,False,0,LOW,PASS,1,2000
C44,L1,TypeA,34.28,1.24,14.2,15.2,34.2,36.2,1.42,1.52,3.42,3.62,Sudden_Anomaly,50,34.0,1.25,TypeA|T=34.0|V=1.25,11.4,1.6100000000000012,2.880000000000001,2.799999999999999,1.173043478260868,11,0.33515527950310514,False,0.44360151334387604,False,False,0.3893783964234906,False,0,LOW,PASS,1,2000
C45,L1,TypeB,27.06,1.03,13.22,14.22,15.22,16.22,1.32,1.42,1.52,1.62,Normal,50,27.0,1.05,TypeB|T=27.0|V=1.05,11.395,1.8650000000000002,3.2424999999999997,1.825000000000001,0.6600335120643435,8,0.18858100344695528,False,0.19162743552442166,False,False,0.19010421948568845,False,0,LOW,PASS,1,2000
C46,L1,TypeA,34.9,1.17,8.45,9.45,28.45,30.45,0.84,0.94,2.84,3.04,Sudden_Anomaly,50,35.0,1.1500000000000001,TypeA|T=35.0|V=1.15,10.04,1.2799999999999994,1.540000000000001,1.5899999999999999,-0.8378554687500004,5,0.2393872767857144,False,0.5091278495201053,False,False,0.3742575631529098,False,0,LOW,PASS,1,2000
C47,L1,TypeB,29.75,1.15,10.98,11.98,12.98,13.98,1.1,1.2,1.3,1.4,Normal,50,30.0,1.1500000000000001,TypeB|T=30.0|V=1.15,10.945,1.7299999999999995,3.4999999999999982,0.03500000000000014,0.013645953757225493,12,0.003898843930635855,False,0.0613443408091774,False,False,0.03262159236990663,False,0,LOW,PASS,1,2000
C48,L1,TypeC,26.04,1.12,9.93,10.93,11.93,60.0,0.99,1.09,1.19,6.0,Absolute_Failure,50,26.0,1.1,TypeC|T=26.0|V=1.1,10.88,1.4499999999999993,2.9299999999999997,0.9500000000000011,-0.441913793103449,15,0.12626108374384257,False,0.13550184689305927,False,False,0.1308814653184509,False,0,LOW,PASS,1,2000
C49,L1,TypeC,31.51,1.3,14.81,15.81,34.81,36.81,1.48,1.58,3.48,3.68,Sudden_Anomaly,50,32.0,1.3,TypeC|T=32.0|V=1.3,14.489999999999998,0.1800000000000015,1.3650000000000002,0.32000000000000206,1.1991111111111088,4,0.34260317460317397,False,0.7042587597097952,True,False,0.5234309671564846,False,1,LOW,PASS,1,2000
C50,L1,TypeB,34.07,1.18,13.84,14.84,15.84,16.84,1.38,1.48,1.58,1.68,Normal,50,34.0,1.2000000000000002,TypeB|T=34.0|V=1.2,12.14,1.4100000000000001,2.795,1.6999999999999993,0.8132269503546095,16,0.23235055724417414,False,0.20306656224888128,False,False,0.2177085597465277,False,0,LOW,PASS,1,2000
C51,L1,TypeA,28.09,1.3,8.18,9.18,10.18,60.0,0.82,0.92,1.02,6.0,Absolute_Failure,50,28.0,1.3,TypeA|T=28.0|V=1.3,10.219999999999999,1.0899999999999999,1.2924999999999986,2.039999999999999,-1.2623669724770639,4,0.3606762778505897,False,0.5954378268339429,True,False,0.47805705234226625,False,1,LOW,PASS,1,2000
C52,L1,TypeC,29.16,1.02,8.47,9.47,10.47,11.47,0.85,0.95,1.05,1.15,Normal,50,29.0,1.0,TypeC|T=29.0|V=1.0,11.405000000000001,1.3900000000000006,2.4625000000000004,2.9350000000000005,-1.424214028776978,6,0.40691829393627943,False,0.4833997902932073,False,False,0.44515904211474333,False,0,LOW,PASS,1,2000
C53,L1,TypeA,26.9,1.17,13.95,14.95,15.95,16.95,1.4,1.5,1.6,1.7,Normal,50,27.0,1.1500000000000001,TypeA|T=27.0|V=1.15,12.55,0.8699999999999992,2.2300000000000004,1.3999999999999986,1.0854022988505745,11,0.31011494252873556,False,0.1922724273003846,False,False,0.25119368491456007,False,0,LOW,PASS,1,2000
C54,L1,TypeA,31.78,1.12,13.5,14.5,33.5,35.5,1.35,1.45,3.35,3.55,Sudden_Anomaly,50,32.0,1.1,TypeA|T=32.0|V=1.1,10.8,1.9300000000000015,3.5199999999999996,2.6999999999999993,0.943601036269429,13,0.2696002960769797,False,0.14219696518340827,False,False,0.20589863063019398,False,0,LOW,PASS,1,2000
C55,L1,TypeB,32.18,1.0,12.85,12.85,12.85,12.85,1.29,1.29,1.29,1.29,High_Stable,50,32.0,1.0,TypeB|T=32.0|V=1.0,11.6,1.040000000000001,1.83,1.25,0.8106971153846146,13,0.23162774725274704,False,0.334597640548824,False,False,0.28311269390078553,False,0,LOW,PASS,1,2000
C56,L1,TypeB,34.66,1.19,13.32,14.32,15.32,16.32,1.33,1.43,1.53,1.63,Normal,50,35.0,1.2000000000000002,TypeB|T=35.0|V=1.2,11.825,1.370000000000001,2.9475,1.495000000000001,0.7360419708029196,4,0.2102977059436913,False,0.2943420386009357,False,False,0.2523198722723135,False,0,LOW,PASS,1,2000
C57,L1,TypeA,33.26,1.02,13.64,15.64,18.64,23.64,1.36,1.56,1.86,2.36,Latent_Defect,50,33.0,1.0,TypeA|T=33.0|V=1.0,11.78,2.25,4.48,1.8600000000000012,0.557586666666667,9,0.15931047619047628,False,0.2951887161973135,False,False,0.2272495961938949,False,0,LOW,PASS,1,2000
C58,L1,TypeB,29.44,1.11,13.83,14.83,15.83,60.0,1.38,1.48,1.58,6.0,Absolute_Failure,50,29.0,1.1,TypeB|T=29.0|V=1.1,10.48,1.58,2.370000000000001,3.3499999999999996,1.4301107594936708,9,0.4086030741410488,False,0.3269616849798999,False,False,0.3677823795604743,False,0,LOW,PASS,1,2000
C59,L1,TypeB,29.97,1.08,14.95,15.95,34.95,36.95,1.5,1.6,3.5,3.7,Sudden_Anomaly,50,30.0,1.1,TypeB|T=30.0|V=1.1,11.165,2.039999999999999,3.7974999999999977,3.785,1.2514620098039222,16,0.35756057422969206,False,0.5662120323052241,False,False,0.46188630326745805,False,0,LOW,PASS,1,2000
C60,L1,TypeC,25.03,1.15,11.16,12.16,13.16,60.0,1.12,1.22,1.32,6.0,Absolute_Failure,50,25.0,1.1500000000000001,TypeC|T=25.0|V=1.15,11.58,1.1050000000000004,2.594999999999999,0.41999999999999993,-0.25637104072398176,6,0.0732488687782805,False,0.2986325082732248,False,False,0.18594068852575266,False,0,LOW,PASS,1,2000
C61,L1,TypeC,31.71,1.22,12.52,14.52,17.52,22.52,1.25,1.45,1.75,2.25,Latent_Defect,50,32.0,1.2000000000000002,TypeC|T=32.0|V=1.2,10.575,1.6099999999999994,2.887500000000001,1.9450000000000003,0.8148462732919258,10,0.23281322094055024,False,0.05591321327700143,False,False,0.14436321710877584,False,0,LOW,PASS,1,2000
C62,L1,TypeA,27.59,1.14,14.97,15.97,16.97,17.97,1.5,1.6,1.7,1.8,Normal,50,28.0,1.1500000000000001,TypeA|T=28.0|V=1.15,11.73,1.0999999999999996,2.1400000000000006,3.24,1.9867090909090919,9,0.5676311688311692,False,0.590688204738467,True,False,0.5791596867848181,False,1,LOW,PASS,1,2000
C63,L1,TypeC,29.77,1.27,14.25,15.25,16.25,17.25,1.43,1.53,1.63,1.73,Normal,50,30.0,1.25,TypeC|T=30.0|V=1.25,11.165,2.1099999999999994,4.5649999999999995,3.085000000000001,0.9861765402843607,10,0.28176472579553163,False,0.375093867569757,False,False,0.3284292966826443,False,0,LOW,PASS,1,2000
C64,L1,TypeC,32.73,1.29,13.37,14.37,15.37,60.0,1.34,1.44,1.54,6.0,Absolute_Failure,50,33.0,1.3,TypeC|T=33.0|V=1.3,10.79,1.2800000000000011,2.01,2.58,1.3595390624999988,5,0.3884397321428568,False,0.5005697986426644,False,False,0.4445047653927606,False,0,LOW,PASS,1,2000
C65,L1,TypeA,32.43,1.21,9.52,10.52,11.52,12.52,0.95,1.05,1.15,1.25,Normal,50,32.0,1.2000000000000002,TypeA|T=32.0|V=1.2,10.1,1.3899999999999988,2.1900000000000013,0.5800000000000001,-0.2814460431654679,13,0.08041315519013369,False,0.17588727641948415,False,False,0.12815021580480893,False,0,LOW,PASS,1,2000
C66,L1,TypeA,30.42,1.05,13.71,15.71,18.71,23.71,1.37,1.57,1.87,2.37,Latent_Defect,50,30.0,1.05,TypeA|T=30.0|V=1.05,12.185,2.344999999999999,4.959999999999999,1.5250000000000004,0.43864072494669537,12,0.12532592141334153,False,0.10792727986588929,False,False,0.11662660063961541,False,0,LOW,PASS,1,2000
C67,L1,TypeB,31.84,1.17,14.26,14.26,14.26,14.26,1.43,1.43,1.43,1.43,High_Stable,50,32.0,1.1500000000000001,TypeB|T=32.0|V=1.15,11.07,1.1400000000000006,2.25,3.1899999999999995,1.8874166666666652,7,0.5392619047619044,False,0.36768398587454,False,False,0.4534729453182222,False,0,LOW,PASS,1,2000
C68,L1,TypeC,25.57,1.23,9.68,10.68,11.68,12.68,0.97,1.07,1.17,1.27,Normal,50,26.0,1.25,TypeC|T=26.0|V=1.25,12.27,1.3600000000000012,2.630000000000001,2.59,-1.2845257352941164,9,0.3670073529411761,False,0.38973830082242344,False,False,0.37837282688179974,False,0,LOW,PASS,1,2000
C69,L1,TypeB,27.2,1.21,9.04,9.04,9.04,9.04,0.9,0.9,0.9,0.9,High_Stable,50,27.0,1.2000000000000002,TypeB|T=27.0|V=1.2,12.775,1.4649999999999999,3.5824999999999996,3.735000000000001,-1.719629692832765,12,0.49132276938079,False,0.498673356263766,False,False,0.494998062822278,False,0,LOW,PASS,1,2000
C70,L1,TypeC,27.56,1.27,14.66,14.66,14.66,14.66,1.47,1.47,1.47,1.47,High_Stable,50,28.0,1.25,TypeC|T=28.0|V=1.25,9.59,1.3699999999999992,4.27,5.07,2.4961423357664247,9,0.7131835245046928,False,1.0,True,False,0.8565917622523465,True,1,HIGH,REVIEW,1,2000
C71,L1,TypeB,31.92,1.18,10.46,10.46,10.46,10.46,1.05,1.05,1.05,1.05,High_Stable,50,32.0,1.2000000000000002,TypeB|T=32.0|V=1.2,10.46,1.8199999999999985,2.365,0.0,0.0,7,0.0,False,0.121622336118236,False,False,0.060811168059118,False,0,LOW,PASS,1,2000
C72,L1,TypeC,26.48,1.11,10.32,11.32,12.32,60.0,1.03,1.13,1.23,6.0,Absolute_Failure,50,26.0,1.1,TypeC|T=26.0|V=1.1,10.88,1.4499999999999993,2.9299999999999997,0.5600000000000005,-0.26049655172413827,15,0.07442758620689664,False,0.0702776695418382,False,False,0.07235262787436741,False,0,LOW,PASS,1,2000
C73,L1,TypeA,29.14,1.27,14.84,15.84,16.84,60.0,1.48,1.58,1.68,6.0,Absolute_Failure,50,29.0,1.25,TypeA|T=29.0|V=1.25,11.665,2.455,4.470000000000001,3.1750000000000007,0.8723167006109982,10,0.24923334303171377,False,0.5076946567546143,False,False,0.37846399989316404,False,0,LOW,PASS,1,2000
C74,L1,TypeB,26.08,1.03,13.9,13.9,13.9,13.9,1.39,1.39,1.39,1.39,High_Stable,50,26.0,1.05,TypeB|T=26.0|V=1.05,11.965,1.6600000000000001,3.2074999999999996,1.9350000000000005,0.7862394578313255,14,0.22463984509466445,False,0.3101163820303984,False,False,0.2673781135625314,False,0,LOW,PASS,1,2000
C75,L1,TypeC,27.44,1.26,14.99,15.99,16.99,17.99,1.5,1.6,1.7,1.8,Normal,50,27.0,1.25,TypeC|T=27.0|V=1.25,13.05,1.3500000000000005,2.4875000000000007,1.9399999999999995,0.969281481481481,12,0.276937566137566,False,0.45583544366962,False,False,0.366386504903593,False,0,LOW,PASS,1,2000
C76,L1,TypeA,25.09,1.17,11.7,12.7,13.7,60.0,1.17,1.27,1.37,6.0,Absolute_Failure,50,25.0,1.1500000000000001,TypeA|T=25.0|V=1.15,11.7,2.4400000000000013,4.615,0.0,0.0,7,0.0,False,0.35080029211525515,False,False,0.17540014605762758,False,0,LOW,PASS,1,2000
C77,L1,TypeB,26.49,1.03,12.24,13.24,14.24,15.24,1.22,1.32,1.42,1.52,Normal,50,26.0,1.05,TypeB|T=26.0|V=1.05,11.965,1.6600000000000001,3.2074999999999996,0.27500000000000036,0.11173945783132544,14,0.0319255593803787,False,0.2221084105965744,False,False,0.12701698498847655,False,0,LOW,PASS,1,2000
C78,L1,TypeC,28.27,1.18,11.38,13.38,16.38,21.38,1.14,1.34,1.64,2.14,Latent_Defect,50,28.0,1.2000000000000002,TypeC|T=28.0|V=1.2,10.935,1.6499999999999995,2.9349999999999987,0.4450000000000003,0.18191060606060624,10,0.05197445887445893,False,0.014794845307543991,False,False,0.03338465209100146,False,0,LOW,PASS,1,2000
C79,L1,TypeB,26.02,1.17,12.71,13.71,14.71,15.71,1.27,1.37,1.47,1.57,Normal,50,26.0,1.1500000000000001,TypeB|T=26.0|V=1.15,11.66,0.8799999999999999,1.8025000000000002,1.0500000000000007,0.8048011363636369,10,0.229943181818182,False,0.16266985607710324,False,False,0.19630651894764262,False,0,LOW,PASS,1,2000
C80,L1,TypeB,31.46,1.05,11.3,13.3,16.3,21.3,1.13,1.33,1.63,2.13,Latent_Defect,50,31.0,1.05,TypeB|T=31.0|V=1.05,11.385000000000002,1.1099999999999985,2.115,0.08500000000000085,-0.05165090090090149,16,0.014757400257400426,False,0.1695852242295713,False,False,0.09217131224348588,False,0,LOW,PASS,1,2000
C81,L1,TypeB,28.08,1.19,9.46,9.46,9.46,9.46,0.95,0.95,0.95,0.95,High_Stable,50,28.0,1.2000000000000002,TypeB|T=28.0|V=1.2,12.43,1.6600000000000001,2.9700000000000006,2.969999999999999,-1.2067861445783128,17,0.3447960413080894,False,0.21539452667861256,False,False,0.280095283993351,False,0,LOW,PASS,1,2000
C82,L1,TypeC,27.65,1.01,11.16,12.16,31.16,33.16,1.12,1.22,3.12,3.32,Sudden_Anomaly,50,28.0,1.0,TypeC|T=28.0|V=1.0,12.23,1.6199999999999992,2.6899999999999995,1.0700000000000003,-0.44550308641975345,5,0.12728659611992957,False,0.22089128765942243,False,False,0.174088941889676,False,0,LOW,PASS,1,2000
C83,L1,TypeC,30.12,1.17,12.41,13.41,14.41,15.41,1.24,1.34,1.44,1.54,Normal,50,30.0,1.1500000000000001,TypeC|T=30.0|V=1.15,12.41,1.4000000000000004,2.780000000000001,0.0,0.0,15,0.0,False,0.0966343108847223,False,False,0.04831715544236115,False,0,LOW,PASS,1,2000
C84,L1,TypeA,28.81,1.18,14.26,15.26,16.26,60.0,1.43,1.53,1.63,6.0,Absolute_Failure,50,29.0,1.2000000000000002,TypeA|T=29.0|V=1.2,10.82,2.33,3.9200000000000017,3.4399999999999995,0.9958283261802573,15,0.28452237890864496,False,0.3297647711651273,False,False,0.30714357503688616,False,0,LOW,PASS,1,2000
C85,L1,TypeA,33.82,1.14,12.12,13.12,14.12,15.12,1.21,1.31,1.41,1.51,Normal,50,34.0,1.1500000000000001,TypeA|T=34.0|V=1.15,11.69,0.9600000000000009,1.8249999999999993,0.4299999999999997,0.3021197916666662,10,0.08631994047619033,False,0.12454434514016398,False,False,0.10543214280817716,False,0,LOW,PASS,1,2000
C86,L1,TypeA,34.66,1.13,8.76,9.76,10.76,60.0,0.88,0.98,1.08,6.0,Absolute_Failure,50,35.0,1.1500000000000001,TypeA|T=35.0|V=1.15,10.04,1.2799999999999994,1.540000000000001,1.2799999999999994,-0.6745,5,0.1927142857142857,False,0.4006348102203247,False,False,0.2966745479673052,False,0,LOW,PASS,1,2000
C87,L1,TypeA,33.41,1.11,8.69,10.69,13.69,18.69,0.87,1.07,1.37,1.87,Latent_Defect,50,33.0,1.1,TypeA|T=33.0|V=1.1,12.51,0.9799999999999995,2.2375000000000007,3.8200000000000003,-2.6291734693877564,20,0.7511924198250732,False,0.7520350355068486,True,False,0.7516137276659609,True,1,MEDIUM,REVIEW,1,2000
C88,L1,TypeB,26.21,1.11,13.69,13.69,13.69,13.69,1.37,1.37,1.37,1.37,High_Stable,50,26.0,1.1,TypeB|T=26.0|V=1.1,12.795,1.5949999999999998,3.094999999999999,0.8949999999999996,0.37848119122257046,14,0.1081374832064487,False,0.18569022906336463,False,False,0.14691385613490665,False,0,LOW,PASS,1,2000
C89,L1,TypeB,26.7,1.08,9.92,10.92,29.92,31.92,0.99,1.09,2.99,3.19,Sudden_Anomaly,50,27.0,1.1,TypeB|T=27.0|V=1.1,11.52,1.450000000000001,2.8599999999999994,1.5999999999999996,-0.7442758620689648,13,0.2126502463054185,False,0.1348096619972539,False,False,0.17372995415133619,False,0,LOW,PASS,1,2000
C90,L1,TypeA,26.47,1.06,14.41,15.41,16.41,17.41,1.44,1.54,1.64,1.74,Normal,50,26.0,1.05,TypeA|T=26.0|V=1.05,12.61,1.0300000000000011,2.205,1.8000000000000007,1.178737864077669,11,0.33678224687933395,False,0.3452397464391753,False,False,0.3410109966592546,False,0,LOW,PASS,1,2000
C91,L1,TypeA,30.27,1.23,11.41,12.41,13.41,60.0,1.14,1.24,1.34,6.0,Absolute_Failure,50,30.0,1.25,TypeA|T=30.0|V=1.25,10.93,1.6049999999999995,2.717500000000001,0.4800000000000004,0.20171962616822453,8,0.05763417890520701,False,0.0,False,False,0.028817089452603504,False,0,LOW,PASS,1,2000
C92,L1,TypeB,25.48,1.24,10.06,11.06,30.06,32.06,1.01,1.11,3.01,3.21,Sudden_Anomaly,50,25.0,1.25,TypeB|T=25.0|V=1.25,10.955,1.2599999999999998,2.3374999999999986,0.8949999999999996,-0.4791091269841269,6,0.13688832199546483,False,0.26372897281835284,False,False,0.20030864740690885,False,0,LOW,PASS,1,2000
C93,L1,TypeC,30.8,1.29,13.03,13.03,13.03,13.03,1.3,1.3,1.3,1.3,High_Stable,50,31.0,1.3,TypeC|T=31.0|V=1.3,12.94,0.5300000000000011,1.0399999999999991,0.08999999999999986,0.11453773584905617,5,0.032725067385444624,False,0.3290668411194191,False,False,0.18089595425243185,False,0,LOW,PASS,1,2000
C94,L1,TypeB,31.84,1.21,8.4,9.4,28.4,30.4,0.84,0.94,2.84,3.04,Sudden_Anomaly,50,32.0,1.2000000000000002,TypeB|T=32.0|V=1.2,10.46,1.8199999999999985,2.365,2.0600000000000005,-0.7634450549450557,7,0.2181271585557302,False,0.24446400266755303,False,False,0.23129558061164163,False,0,LOW,PASS,1,2000
C95,L1,TypeA,32.84,1.24,9.5,11.5,14.5,19.5,0.95,1.15,1.45,1.95,Latent_Defect,50,33.0,1.25,TypeA|T=33.0|V=1.25,11.515,2.0300000000000002,4.050000000000001,2.0150000000000006,-0.6695160098522168,16,0.1912902885292048,False,0.17805085141955765,False,False,0.18467056997438122,False,0,LOW,PASS,1,2000
C96,L1,TypeC,33.32,1.16,11.21,11.21,11.21,11.21,1.12,1.12,1.12,1.12,High_Stable,50,33.0,1.1500000000000001,TypeC|T=33.0|V=1.15,11.879999999999999,0.9549999999999992,1.6524999999999999,0.6699999999999982,-0.4732094240837687,12,0.1352026925953625,False,0.06886058626266227,False,False,0.10203163942901239,False,0,LOW,PASS,1,2000
C97,L1,TypeB,32.17,1.1,8.51,9.51,10.51,60.0,0.85,0.95,1.05,6.0,Absolute_Failure,50,32.0,1.1,TypeB|T=32.0|V=1.1,11.14,1.9499999999999993,2.875,2.630000000000001,-0.9097102564102569,15,0.25991721611721624,False,0.23950070394323347,False,False,0.24970896003022486,False,0,LOW,PASS,1,2000
C98,L1,TypeA,25.38,1.09,11.16,12.16,13.16,60.0,1.12,1.22,1.32,6.0,Absolute_Failure,50,25.0,1.1,TypeA|T=25.0|V=1.1,9.65,0.8100000000000005,1.834999999999999,1.5099999999999998,1.2574012345679004,6,0.3592574955908287,False,0.43157184285935046,False,False,0.3954146692250896,False,0,LOW,PASS,1,2000
C99,L1,TypeC,25.89,1.29,12.12,12.12,12.12,12.12,1.21,1.21,1.21,1.21,High_Stable,50,26.0,1.3,TypeC|T=26.0|V=1.3,10.66,1.2200000000000006,1.6799999999999997,1.459999999999999,0.807188524590163,9,0.23062529274004656,False,0.43385884818567605,False,False,0.3322420704628613,False,0,LOW,PASS,1,2000
C100,L1,TypeC,27.97,1.21,14.19,15.19,34.19,36.19,1.42,1.52,3.42,3.62,Sudden_Anomaly,50,28.0,1.2000000000000002,TypeC|T=28.0|V=1.2,10.935,1.6499999999999995,2.9349999999999987,3.254999999999999,1.3306045454545454,10,0.3801727272727273,False,0.3218933264284451,False,False,0.3510330268505862,False,0,LOW,PASS,1,2000
C101,L1,TypeB,32.09,1.29,13.75,14.75,33.75,35.75,1.37,1.47,3.37,3.57,Sudden_Anomaly,50,32.0,1.3,TypeB|T=32.0|V=1.3,11.8,1.0899999999999999,2.0299999999999994,1.9499999999999993,1.2066743119266052,9,0.3447640891218872,False,0.3823179020300751,False,False,0.3635409955759812,False,0,LOW,PASS,1,2000
C102,L1,TypeA,34.6,1.1,8.85,9.85,10.85,60.0,0.89,0.99,1.09,6.0,Absolute_Failure,50,35.0,1.1,TypeA|T=35.0|V=1.1,11.055,2.175,4.34,2.205,-0.6838034482758621,10,0.19537241379310347,False,0.3650972451928169,False,False,0.2802348294929602,False,0,LOW,PASS,1,2000
C103,L1,TypeA,26.89,1.24,13.75,14.75,15.75,60.0,1.37,1.47,1.57,6.0,Absolute_Failure,50,27.0,1.25,TypeA|T=27.0|V=1.25,12.809999999999999,1.6050000000000013,3.8375000000000004,0.9400000000000013,0.3950342679127728,6,0.11286693368936365,False,0.24392331445815713,False,False,0.1783951240737604,False,0,LOW,PASS,1,2000
C104,L1,TypeA,33.32,1.11,12.83,13.83,32.83,34.83,1.28,1.38,3.28,3.48,Sudden_Anomaly,50,33.0,1.1,TypeA|T=33.0|V=1.1,12.51,0.9799999999999995,2.2375000000000007,0.3200000000000003,0.22024489795918398,20,0.062927113702624,False,0.12535417717994451,False,False,0.09414064544128425,False,0,LOW,PASS,1,2000
C105,L1,TypeC,26.77,1.22,11.17,11.17,11.17,11.17,1.12,1.12,1.12,1.12,High_Stable,50,27.0,1.2000000000000002,TypeC|T=27.0|V=1.2,11.76,0.9649999999999999,1.790000000000001,0.5899999999999999,-0.4123886010362694,10,0.11782531458179125,False,0.10193025555892103,False,False,0.10987778507035614,False,0,LOW,PASS,1,2000
C106,L1,TypeA,32.3,1.29,13.37,14.37,15.37,16.37,1.34,1.44,1.54,1.64,Normal,50,32.0,1.3,TypeA|T=32.0|V=1.3,12.28,0.6499999999999986,0.8699999999999992,1.0899999999999999,1.1310846153846177,3,0.32316703296703364,False,0.39617742333577105,False,False,0.3596722281514023,False,0,LOW,PASS,1,2000
C107,L1,TypeB,29.94,1.1,10.05,12.05,15.05,20.05,1.01,1.21,1.51,2.01,Latent_Defect,50,30.0,1.1,TypeB|T=30.0|V=1.1,11.165,2.039999999999999,3.7974999999999977,1.1149999999999984,-0.36866053921568587,16,0.1053315826330531,False,0.026346741245590197,False,False,0.06583916193932166,False,0,LOW,PASS,1,2000
C108,L1,TypeA,32.76,1.28,11.9,12.9,31.9,33.9,1.19,1.29,3.19,3.39,Sudden_Anomaly,50,33.0,1.3,TypeA|T=33.0|V=1.3,12.84,1.08,1.9299999999999997,0.9399999999999995,-0.5870648148148144,7,0.16773280423280412,False,0.25860299334939046,False,False,0.2131678987910973,False,0,LOW,PASS,1,2000
C109,L1,TypeB,26.27,1.08,14.25,16.25,19.25,24.25,1.43,1.63,1.93,2.43,Latent_Defect,50,26.0,1.1,TypeB|T=26.0|V=1.1,12.795,1.5949999999999998,3.094999999999999,1.455,0.6152962382445142,14,0.17579892521271834,False,0.24447101128111373,False,False,0.21013496824691602,False,0,LOW,PASS,1,2000
C110,L1,TypeB,25.07,1.22,13.32,15.32,18.32,23.32,1.33,1.53,1.83,2.33,Latent_Defect,50,25.0,1.2000000000000002,TypeB|T=25.0|V=1.2,10.72,1.6300000000000008,2.9000000000000004,2.5999999999999996,1.0758895705521465,5,0.30739702015775616,False,0.4562746197182668,False,False,0.3818358199380115,False,0,LOW,PASS,1,2000
C111,L1,TypeA,29.98,1.22,12.77,13.77,32.77,34.77,1.28,1.38,3.28,3.48,Sudden_Anomaly,50,30.0,1.2000000000000002,TypeA|T=30.0|V=1.2,10.23,1.5199999999999996,2.7125000000000004,2.539999999999999,1.127125,14,0.32203571428571426,False,0.16446867353851738,False,False,0.24325219391211583,False,0,LOW,PASS,1,2000
C112,L1,TypeB,35.0,1.08,14.59,14.59,14.59,14.59,1.46,1.46,1.46,1.46,High_Stable,50,35.0,1.1,TypeB|T=35.0|V=1.1,12.945,1.125,2.370000000000001,1.6449999999999996,0.9862688888888886,4,0.28179111111111105,False,0.5485735241493676,False,False,0.4151823176302393,False,0,LOW,PASS,1,2000
C113,L1,TypeA,33.03,1.13,10.29,11.29,12.29,13.29,1.03,1.13,1.23,1.33,Normal,50,33.0,1.1500000000000001,TypeA|T=33.0|V=1.15,11.57,1.2800000000000011,2.365000000000002,1.2800000000000011,-0.6745,15,0.1927142857142857,False,0.08395697589756806,False,False,0.13833563080592687,False,0,LOW,PASS,1,2000
C114,L1,TypeB,29.13,1.01,10.55,12.55,15.55,20.55,1.05,1.25,1.55,2.05,Latent_Defect,50,29.0,1.0,TypeB|T=29.0|V=1.0,10.57,0.8200000000000003,1.509999999999998,0.019999999999999574,-0.016451219512194765,7,0.004700348432055647,False,0.3119287433291902,False,False,0.1583145458806229,False,0,LOW,PASS,1,2000
C115,L1,TypeC,29.18,1.03,14.48,15.48,16.48,60.0,1.45,1.55,1.65,6.0,Absolute_Failure,50,29.0,1.05,TypeC|T=29.0|V=1.05,10.205,0.9550000000000001,1.2725000000000009,4.275,3.0193586387434554,8,0.8626738967838444,False,1.0,True,False,0.9313369483919223,True,1,CRITICAL,REVIEW,1,2000
C116,L1,TypeB,34.39,1.0,11.57,12.57,31.57,33.57,1.16,1.26,3.16,3.36,Sudden_Anomaly,50,34.0,1.0,TypeB|T=34.0|V=1.0,11.7,1.7850000000000001,2.7424999999999997,0.129999999999999,-0.04912324929971951,6,0.014035214085634145,False,0.5059123128813335,False,False,0.25997376348348383,False,0,LOW,PASS,1,2000
C117,L1,TypeC,25.02,1.23,8.82,9.82,10.82,60.0,0.88,0.98,1.08,6.0,Absolute_Failure,50,25.0,1.25,TypeC|T=25.0|V=1.25,8.82,0.0,0.0,0.0,0.0,1,0.0,False,0.6209628251090887,True,False,0.31048141255454437,False,1,LOW,PASS,1,2000
C118,L1,TypeB,33.61,1.21,8.17,9.17,10.17,11.17,0.82,0.92,1.02,1.12,Normal,50,34.0,1.2000000000000002,TypeB|T=34.0|V=1.2,12.14,1.4100000000000001,2.795,3.9700000000000006,-1.8991241134751773,16,0.5426068895643363,False,0.7518579220714688,True,False,0.6472324058179026,True,1,MEDIUM,REVIEW,1,2000
C119,L1,TypeC,27.42,1.18,13.51,13.51,13.51,13.51,1.35,1.35,1.35,1.35,High_Stable,50,27.0,1.2000000000000002,TypeC|T=27.0|V=1.2,11.76,0.9649999999999999,1.790000000000001,1.75,1.2231865284974095,10,0.34948186528497416,False,0.1595539150097492,False,False,0.2545178901473617,False,0,LOW,PASS,1,2000
C120,L1,TypeA,33.74,1.14,10.01,11.01,12.01,60.0,1.0,1.1,1.2,6.0,Absolute_Failure,50,34.0,1.1500000000000001,TypeA|T=34.0|V=1.15,11.69,0.9600000000000009,1.8249999999999993,1.6799999999999997,-1.1803749999999986,10,0.3372499999999996,False,0.2270259129765926,False,False,0.2821379564882961,False,0,LOW,PASS,1,2000
C121,L1,TypeA,27.32,1.11,14.37,16.37,19.37,24.37,1.44,1.64,1.94,2.44,Latent_Defect,50,27.0,1.1,TypeA|T=27.0|V=1.1,9.72,1.0250000000000004,2.232499999999998,4.649999999999999,3.059926829268291,14,0.8742648083623689,False,0.9491828904457259,True,False,0.9117238494040474,True,1,CRITICAL,REVIEW,1,2000
C122,L1,TypeA,28.02,1.15,14.53,15.53,34.53,36.53,1.45,1.55,3.45,3.65,Sudden_Anomaly,50,28.0,1.1500000000000001,TypeA|T=28.0|V=1.15,11.73,1.0999999999999996,2.1400000000000006,2.799999999999999,1.7169090909090907,9,0.4905454545454545,False,0.35757200675704026,False,False,0.4240587306512474,False,0,LOW,PASS,1,2000
C123,L1,TypeA,32.75,1.26,14.93,16.93,19.93,24.93,1.49,1.69,1.99,2.49,Latent_Defect,50,33.0,1.25,TypeA|T=33.0|V=1.25,11.515,2.0300000000000002,4.050000000000001,3.414999999999999,1.1346884236453196,16,0.3241966924700913,False,0.5963143142757129,True,False,0.4602555033729021,False,1,LOW,PASS,1,2000
C124,L1,TypeA,29.64,1.25,10.43,11.43,30.43,32.43,1.04,1.14,3.04,3.24,Sudden_Anomaly,50,30.0,1.25,TypeA|T=30.0|V=1.25,10.93,1.6049999999999995,2.717500000000001,0.5,-0.21012461059190038,8,0.06003560302625725,False,0.05005276997758405,False,False,0.05504418650192065,False,0,LOW,PASS,1,2000
C125,L1,TypeC,26.52,1.16,12.65,12.65,12.65,12.65,1.26,1.26,1.26,1.26,High_Stable,50,27.0,1.1500000000000001,TypeC|T=27.0|V=1.15,12.01,1.0149999999999997,1.7874999999999996,0.6400000000000006,0.42530049261083797,16,0.12151442646023942,False,0.06375902894439989,False,False,0.09263672770231965,False,0,LOW,PASS,1,2000
C126,L1,TypeC,31.18,1.02,14.13,15.13,16.13,17.13,1.41,1.51,1.61,1.71,Normal,50,31.0,1.0,TypeC|T=31.0|V=1.0,11.95,1.6600000000000001,2.369999999999999,2.1800000000000015,0.8857891566265065,5,0.25308261617900185,False,0.2632918016440142,False,False,0.25818720891150804,False,0,LOW,PASS,1,2000
C127,L1,TypeC,33.26,1.09,13.19,15.19,18.19,23.19,1.32,1.52,1.82,2.32,Latent_Defect,50,33.0,1.1,TypeC|T=33.0|V=1.1,12.98,0.5099999999999998,1.5,0.20999999999999908,0.27773529411764597,13,0.07935294117647028,False,0.23955649311754496,False,False,0.15945471714700762,False,0,LOW,PASS,1,2000
C128,L1,TypeB,34.44,1.26,10.63,10.63,10.63,10.63,1.06,1.06,1.06,1.06,High_Stable,50,34.0,1.25,TypeB|T=34.0|V=1.25,9.45,0.8499999999999996,1.727500000000001,1.1800000000000015,0.9363647058823545,14,0.26753277310924417,False,0.45888516173166777,False,False,0.36320896742045594,False,0,LOW,PASS,1,2000
C129,L1,TypeA,31.44,1.26,14.32,15.32,34.32,36.32,1.43,1.53,3.43,3.63,Sudden_Anomaly,50,31.0,1.25,TypeA|T=31.0|V=1.25,12.5,1.3499999999999996,2.549999999999999,1.8200000000000003,0.9093259259259263,9,0.25980740740740754,False,0.19186944322642746,False,False,0.2258384253169175,False,0,LOW,PASS,1,2000
C130,L1,TypeC,28.17,1.21,8.66,10.66,13.66,18.66,0.87,1.07,1.37,1.87,Latent_Defect,50,28.0,1.2000000000000002,TypeC|T=28.0|V=1.2,10.935,1.6499999999999995,2.9349999999999987,2.2750000000000004,-0.9299924242424247,10,0.26571212121212134,False,0.20671866716113244,False,False,0.2362153941866269,False,0,LOW,PASS,1,2000
C131,L1,TypeC,34.59,1.05,9.76,10.76,11.76,60.0,0.98,1.08,1.18,6.0,Absolute_Failure,50,35.0,1.05,TypeC|T=35.0|V=1.05,10.34,1.5199999999999996,3.0900000000000016,0.5800000000000001,-0.25737500000000013,9,0.07353571428571433,False,0.3731242360024921,False,False,0.22332997514410322,False,0,LOW,PASS,1,2000
C132,L1,TypeA,29.63,1.07,14.62,15.62,16.62,60.0,1.46,1.56,1.66,6.0,Absolute_Failure,50,30.0,1.05,TypeA|T=30.0|V=1.05,12.185,2.344999999999999,4.959999999999999,2.4349999999999987,0.7003869936034115,12,0.2001105696009747,False,0.2632319562408971,False,False,0.23167126292093593,False,0,LOW,PASS,1,2000
C133,L1,TypeA,33.25,1.11,12.95,13.95,32.95,34.95,1.29,1.39,3.29,3.49,Sudden_Anomaly,50,33.0,1.1,TypeA|T=33.0|V=1.1,12.51,0.9799999999999995,2.2375000000000007,0.4399999999999995,0.30283673469387734,20,0.08652478134110782,False,0.11490377705180839,False,False,0.1007142791964581,False,0,LOW,PASS,1,2000
C134,L1,TypeC,34.76,1.14,9.4,10.4,11.4,60.0,0.94,1.04,1.14,6.0,Absolute_Failure,50,35.0,1.1500000000000001,TypeC|T=35.0|V=1.15,11.875,1.1550000000000002,1.9474999999999998,2.4749999999999996,-1.4453571428571423,10,0.41295918367346923,False,0.44818825051369854,False,False,0.4305737170935839,False,0,LOW,PASS,1,2000
C135,L1,TypeB,31.78,1.22,12.28,12.28,12.28,12.28,1.23,1.23,1.23,1.23,High_Stable,50,32.0,1.2000000000000002,TypeB|T=32.0|V=1.2,10.46,1.8199999999999985,2.365,1.8199999999999985,0.6745,7,0.1927142857142857,False,0.08067530676850646,False,False,0.13669479624139608,False,0,LOW,PASS,1,2000
C136,L1,TypeC,28.27,1.18,12.37,13.37,14.37,60.0,1.24,1.34,1.44,6.0,Absolute_Failure,50,28.0,1.2000000000000002,TypeC|T=28.0|V=1.2,10.935,1.6499999999999995,2.9349999999999987,1.4349999999999987,0.5866106060606058,10,0.16760303030303023,False,0.03723579355479963,False,False,0.10241941192891493,False,0,LOW,PASS,1,2000
C137,L1,TypeC,29.57,1.28,10.32,11.32,12.32,13.32,1.03,1.13,1.23,1.33,Normal,50,30.0,1.3,TypeC|T=30.0|V=1.3,11.73,1.08,1.6849999999999987,1.4100000000000001,-0.8805972222222221,6,0.25159920634920635,False,0.21456021009491436,False,False,0.23307970822206037,False,0,LOW,PASS,1,2000
C138,L1,TypeB,34.45,1.12,10.82,11.82,30.82,32.82,1.08,1.18,3.08,3.28,Sudden_Anomaly,50,34.0,1.1,TypeB|T=34.0|V=1.1,12.71,0.6099999999999994,1.2100000000000009,1.8900000000000006,-2.0898442622950846,9,0.5970983606557384,False,0.5549955630470239,False,False,0.5760469618513812,False,0,LOW,PASS,1,2000
C139,L1,TypeC,30.49,1.14,8.22,9.22,10.22,60.0,0.82,0.92,1.02,6.0,Absolute_Failure,50,30.0,1.1500000000000001,TypeC|T=30.0|V=1.15,12.41,1.4000000000000004,2.780000000000001,4.1899999999999995,-2.018682142857142,15,0.5767663265306121,False,0.6803608097740789,True,False,0.6285635681523455,True,1,MEDIUM,REVIEW,1,2000
C140,L1,TypeC,29.75,1.11,13.19,15.19,18.19,23.19,1.32,1.52,1.82,2.32,Latent_Defect,50,30.0,1.1,TypeC|T=30.0|V=1.1,11.04,1.7799999999999994,2.115,2.1500000000000004,0.8147050561797757,11,0.23277287319422163,False,0.04953120518660004,False,False,0.14115203919041083,False,0,LOW,PASS,1,2000
C141,L1,TypeB,32.99,1.03,8.64,8.64,8.64,8.64,0.86,0.86,0.86,0.86,High_Stable,50,33.0,1.05,TypeB|T=33.0|V=1.05,11.035,2.4299999999999997,4.657500000000001,2.3949999999999996,-0.6647849794238683,12,0.18993856554967664,False,0.33047602658647324,False,False,0.2602072960680749,False,0,LOW,PASS,1,2000
C142,L1,TypeA,33.75,1.01,12.63,14.63,17.63,22.63,1.26,1.46,1.76,2.26,Latent_Defect,50,34.0,1.0,TypeA|T=34.0|V=1.0,12.485,0.8300000000000001,1.3175000000000008,0.14500000000000135,0.11783433734939867,6,0.03366695352839962,False,0.40407782952642696,False,False,0.21887239152741328,False,0,LOW,PASS,1,2000
C143,L1,TypeC,25.93,1.22,11.82,13.82,16.82,21.82,1.18,1.38,1.68,2.18,Latent_Defect,50,26.0,1.2000000000000002,TypeC|T=26.0|V=1.2,10.945,1.1799999999999997,2.1525000000000016,0.875,0.5001588983050849,14,0.14290254237288139,False,0.17711056421922836,False,False,0.16000655329605487,False,0,LOW,PASS,1,2000
C144,L1,TypeA,26.74,1.11,14.87,15.87,34.87,36.87,1.49,1.59,3.49,3.69,Sudden_Anomaly,50,27.0,1.1,TypeA|T=27.0|V=1.1,9.72,1.0250000000000004,2.232499999999998,5.149999999999999,3.3889512195121934,14,0.9682717770034838,False,1.0,True,False,0.9841358885017419,True,1,CRITICAL,REVIEW,1,2000
C145,L1,TypeA,28.53,1.14,8.95,9.95,28.95,30.95,0.89,0.99,2.89,3.09,Sudden_Anomaly,50,29.0,1.1500000000000001,TypeA|T=29.0|V=1.15,12.51,1.9399999999999995,3.5500000000000007,3.5600000000000005,-1.2377422680412375,15,0.35364064801178213,False,0.31147191183578243,False,False,0.3325562799237823,False,0,LOW,PASS,1,2000
C146,L1,TypeC,31.5,1.15,9.18,11.18,14.18,19.18,0.92,1.12,1.42,1.92,Latent_Defect,50,32.0,1.1500000000000001,TypeC|T=32.0|V=1.15,10.04,0.9299999999999997,1.7025000000000006,0.8599999999999994,-0.6237311827956987,10,0.17820890937019965,False,0.1845424435764716,False,False,0.18137567647333563,False,0,LOW,PASS,1,2000
C147,L1,TypeB,33.1,1.02,11.27,12.27,13.27,60.0,1.13,1.23,1.33,6.0,Absolute_Failure,50,33.0,1.0,TypeB|T=33.0|V=1.0,10.84,0.4950000000000001,0.8975000000000009,0.4299999999999997,0.5859292929292924,6,0.16740836940836926,False,0.3508249519842505,False,False,0.2591166606963099,False,0,LOW,PASS,1,2000
C148,L1,TypeC,34.32,1.15,13.92,15.92,18.92,23.92,1.39,1.59,1.89,2.39,Latent_Defect,50,34.0,1.1500000000000001,TypeC|T=34.0|V=1.15,11.96,1.6599999999999993,2.977499999999999,1.959999999999999,0.7963975903614458,10,0.22754216867469879,False,0.2517761303821636,False,False,0.2396591495284312,False,0,LOW,PASS,1,2000
C149,L1,TypeC,29.05,1.21,12.82,13.82,32.82,34.82,1.28,1.38,3.28,3.48,Sudden_Anomaly,50,29.0,1.2000000000000002,TypeC|T=29.0|V=1.2,12.82,1.5600000000000005,3.710000000000001,0.0,0.0,9,0.0,False,0.15334722837362363,False,False,0.07667361418681182,False,0,LOW,PASS,1,2000
C150,L1,TypeC,28.48,1.08,9.67,10.67,11.67,12.67,0.97,1.07,1.17,1.27,Normal,50,28.0,1.1,TypeC|T=28.0|V=1.1,10.455,1.5649999999999995,2.9124999999999996,0.7850000000000001,-0.3383274760383388,18,0.09666499315381108,False,0.13074566875765012,False,False,0.1137053309557306,False,0,LOW,PASS,1,2000
C151,L1,TypeC,31.28,1.13,8.66,9.66,10.66,11.66,0.87,0.97,1.07,1.17,Normal,50,31.0,1.1500000000000001,TypeC|T=31.0|V=1.15,10.88,1.6349999999999998,2.977499999999999,2.2200000000000006,-0.9158348623853215,10,0.2616671035386633,False,0.12941053702995461,False,False,0.19553882028430897,False,0,LOW,PASS,1,2000
C152,L1,TypeB,33.58,1.3,13.43,13.43,13.43,13.43,1.34,1.34,1.34,1.34,High_Stable,50,34.0,1.3,TypeB|T=34.0|V=1.3,12.55,0.9050000000000002,1.6849999999999987,0.879999999999999,0.6558674033149162,8,0.18739068666140463,False,0.43268083719950284,False,False,0.31003576193045373,False,0,LOW,PASS,1,2000
C153,L1,TypeC,26.38,1.23,12.27,13.27,14.27,60.0,1.23,1.33,1.43,6.0,Absolute_Failure,50,26.0,1.25,TypeC|T=26.0|V=1.25,12.27,1.3600000000000012,2.630000000000001,0.0,0.0,9,0.0,False,0.21034608079688244,False,False,0.10517304039844122,False,0,LOW,PASS,1,2000
C154,L1,TypeA,32.86,1.1,13.79,14.79,15.79,60.0,1.38,1.48,1.58,6.0,Absolute_Failure,50,33.0,1.1,TypeA|T=33.0|V=1.1,12.51,0.9799999999999995,2.2375000000000007,1.2799999999999994,0.8809795918367347,20,0.25170845481049564,False,0.18467348890887866,False,False,0.21819097185968717,False,0,LOW,PASS,1,2000
C155,L1,TypeC,27.76,1.23,9.59,10.59,29.59,31.59,0.96,1.06,2.96,3.16,Sudden_Anomaly,50,28.0,1.25,TypeC|T=28.0|V=1.25,9.59,1.3699999999999992,4.27,0.0,0.0,9,0.0,False,0.23348595997965996,False,False,0.11674297998982998,False,0,LOW,PASS,1,2000
C156,L1,TypeB,29.55,1.07,10.37,11.37,12.37,60.0,1.04,1.14,1.24,6.0,Absolute_Failure,50,30.0,1.05,TypeB|T=30.0|V=1.05,11.37,1.5,2.799999999999999,1.0,-0.44966666666666666,11,0.12847619047619047,False,0.047309395158861046,False,False,0.08789279281752575,False,0,LOW,PASS,1,2000
C157,L1,TypeC,33.09,1.17,10.67,12.67,15.67,20.67,1.07,1.27,1.57,2.07,Latent_Defect,50,33.0,1.1500000000000001,TypeC|T=33.0|V=1.15,11.879999999999999,0.9549999999999992,1.6524999999999999,1.209999999999999,-0.8546020942408378,12,0.24417202692595366,False,0.13505292337802724,False,False,0.18961247515199045,False,0,LOW,PASS,1,2000
C158,L1,TypeC,27.72,1.02,13.85,14.85,33.85,35.85,1.38,1.48,3.38,3.58,Sudden_Anomaly,50,28.0,1.0,TypeC|T=28.0|V=1.0,12.23,1.6199999999999992,2.6899999999999995,1.6199999999999992,0.6745,5,0.1927142857142857,False,0.23313622365617456,False,False,0.21292525468523013,False,0,LOW,PASS,1,2000
C159,L1,TypeC,33.22,1.14,10.27,11.27,12.27,60.0,1.03,1.13,1.23,6.0,Absolute_Failure,50,33.0,1.1500000000000001,TypeC|T=33.0|V=1.15,11.879999999999999,0.9549999999999992,1.6524999999999999,1.6099999999999994,-1.1371151832460737,12,0.3248900523560211,False,0.18052786595446327,False,False,0.25270895915524216,False,0,LOW,PASS,1,2000
C160,L1,TypeA,31.41,1.07,14.24,14.24,14.24,14.24,1.42,1.42,1.42,1.42,High_Stable,50,31.0,1.05,TypeA|T=31.0|V=1.05,11.53,2.0299999999999994,3.8049999999999997,2.710000000000001,0.900440886699508,15,0.257268824771288,False,0.18757689886368348,False,False,0.22242286181748572,False,0,LOW,PASS,1,2000
C161,L1,TypeC,29.91,1.2,9.66,10.66,11.66,12.66,0.97,1.07,1.17,1.27,Normal,50,30.0,1.2000000000000002,TypeC|T=30.0|V=1.2,10.635,1.0650000000000004,2.9975000000000005,0.9749999999999996,-0.6174999999999996,12,0.17642857142857132,False,0.08149300860055018,False,False,0.12896079001456076,False,0,LOW,PASS,1,2000
C162,L1,TypeB,28.9,1.29,14.45,14.45,14.45,14.45,1.45,1.45,1.45,1.45,High_Stable,50,29.0,1.3,TypeB|T=29.0|V=1.3,13.559999999999999,0.8899999999999997,0.8899999999999988,0.8900000000000006,0.6745000000000008,2,0.19271428571428592,False,0.4709856985661862,False,False,0.3318499921402361,False,0,LOW,PASS,1,2000
C163,L1,TypeC,34.61,1.03,8.95,9.95,28.95,30.95,0.9,1.0,2.9,3.1,Sudden_Anomaly,50,35.0,1.05,TypeC|T=35.0|V=1.05,10.34,1.5199999999999996,3.0900000000000016,1.3900000000000006,-0.6168125000000004,9,0.17623214285714298,False,0.4372110520385015,False,False,0.30672159744782224,False,0,LOW,PASS,1,2000
C164,L1,TypeC,32.61,1.23,12.02,13.02,14.02,15.02,1.2,1.3,1.4,1.5,Normal,50,33.0,1.25,TypeC|T=33.0|V=1.25,12.78,0.870000000000001,1.6999999999999993,0.7599999999999998,-0.5892183908045968,9,0.16834811165845623,False,0.1594401947778227,False,False,0.16389415321813947,False,0,LOW,PASS,1,2000
C165,L1,TypeA,32.18,1.03,11.41,13.41,16.41,21.41,1.14,1.34,1.64,2.14,Latent_Defect,50,32.0,1.05,TypeA|T=32.0|V=1.05,10.56,0.8499999999999996,1.42,0.8499999999999996,0.6745,13,0.1927142857142857,False,0.22319372318776695,False,False,0.20795400445102633,False,0,LOW,PASS,1,2000
C166,L1,TypeB,33.04,1.17,14.51,16.51,19.51,24.51,1.45,1.65,1.95,2.45,Latent_Defect,50,33.0,1.1500000000000001,TypeB|T=33.0|V=1.15,12.43,1.67,3.0150000000000006,2.08,0.8400958083832336,12,0.24002737382378103,False,0.23689197120113598,False,False,0.2384596725124585,False,0,LOW,PASS,1,2000
C167,L1,TypeA,25.46,1.06,8.23,8.23,8.23,8.23,0.82,0.82,0.82,0.82,High_Stable,50,25.0,1.05,TypeA|T=25.0|V=1.05,8.855,0.6050000000000004,0.9299999999999997,0.625,-0.6967975206611565,6,0.1990850059031876,False,0.5860643000033747,True,False,0.39257465295328114,False,1,LOW,PASS,1,2000
C168,L1,TypeB,29.68,1.16,8.82,9.82,10.82,11.82,0.88,0.98,1.08,1.18,Normal,50,30.0,1.1500000000000001,TypeB|T=30.0|V=1.15,10.945,1.7299999999999995,3.4999999999999982,2.125,-0.8285043352601158,12,0.2367155243600331,False,0.11449631009275323,False,False,0.17560591722639315,False,0,LOW,PASS,1,2000
C169,L1,TypeA,26.64,1.05,8.74,9.74,10.74,11.74,0.87,0.97,1.07,1.17,Normal,50,27.0,1.05,TypeA|T=27.0|V=1.05,10.25,1.915,3.6549999999999994,1.5099999999999998,-0.5318511749347258,12,0.1519574785527788,False,0.24028212438645208,False,False,0.19611980146961544,False,0,LOW,PASS,1,2000
C170,L1,TypeA,32.82,1.22,14.23,16.23,19.23,24.23,1.42,1.62,1.92,2.42,Latent_Defect,50,33.0,1.2000000000000002,TypeA|T=33.0|V=1.2,11.66,1.0100000000000007,1.722500000000002,2.5700000000000003,1.7163019801980188,10,0.4903719943422911,False,0.3962248523922864,False,False,0.44329842336728875,False,0,LOW,PASS,1,2000
C171,L1,TypeC,25.09,1.09,8.53,9.53,10.53,11.53,0.85,0.95,1.05,1.15,Normal,50,25.0,1.1,TypeC|T=25.0|V=1.1,9.615,1.2850000000000001,4.365,1.0850000000000009,-0.5695194552529187,10,0.16271984435797676,False,0.4847784950113641,False,False,0.32374916968467043,False,0,LOW,PASS,1,2000
C172,L1,TypeA,28.16,1.2,12.71,13.71,14.71,60.0,1.27,1.37,1.47,6.0,Absolute_Failure,50,28.0,1.2000000000000002,TypeA|T=28.0|V=1.2,12.24,1.0999999999999996,1.5700000000000003,0.47000000000000064,0.28819545454545503,9,0.08234155844155858,False,0.07487037894589482,False,False,0.0786059686937267,False,0,LOW,PASS,1,2000
C173,L1,TypeB,28.54,1.12,8.25,9.25,10.25,60.0,0.82,0.92,1.02,6.0,Absolute_Failure,50,29.0,1.1,TypeB|T=29.0|V=1.1,10.48,1.58,2.370000000000001,2.2300000000000004,-0.95198417721519,9,0.27199547920434003,False,0.27101229570886914,False,False,0.2715038874566046,False,0,LOW,PASS,1,2000
C174,L1,TypeC,25.25,1.14,12.0,12.0,12.0,12.0,1.2,1.2,1.2,1.2,High_Stable,50,25.0,1.1500000000000001,TypeC|T=25.0|V=1.15,11.58,1.1050000000000004,2.594999999999999,0.41999999999999993,0.25637104072398176,6,0.0732488687782805,False,0.22532861891428851,False,False,0.14928874384628452,False,0,LOW,PASS,1,2000
C175,L1,TypeC,25.71,1.29,11.12,12.12,31.12,33.12,1.11,1.21,3.11,3.31,Sudden_Anomaly,50,26.0,1.3,TypeC|T=26.0|V=1.3,10.66,1.2200000000000006,1.6799999999999997,0.4599999999999991,0.2543196721311469,9,0.07266276346604197,False,0.39990406346055335,False,False,0.23628341346329768,False,0,LOW,PASS,1,2000
C176,L1,TypeC,27.72,1.03,12.19,13.19,32.19,34.19,1.22,1.32,3.22,3.42,Sudden_Anomaly,50,28.0,1.05,TypeC|T=28.0|V=1.05,12.19,0.4800000000000004,0.8900000000000006,0.0,0.0,9,0.0,False,0.21281409344109642,False,False,0.10640704672054821,False,0,LOW,PASS,1,2000
C177,L1,TypeB,34.28,1.1,14.44,15.44,34.44,36.44,1.44,1.54,3.44,3.64,Sudden_Anomaly,50,34.0,1.1,TypeB|T=34.0|V=1.1,12.71,0.6099999999999994,1.2100000000000009,1.7299999999999986,1.912926229508197,9,0.5465503512880563,False,0.5714080176342616,False,False,0.5589791844611589,False,0,LOW,PASS,1,2000
C178,L1,TypeB,34.01,1.19,11.53,12.53,31.53,33.53,1.15,1.25,3.15,3.35,Sudden_Anomaly,50,34.0,1.2000000000000002,TypeB|T=34.0|V=1.2,12.14,1.4100000000000001,2.795,0.6100000000000012,-0.2918049645390076,16,0.08337284701114503,False,0.16612971381323632,False,False,0.12475128041219068,False,0,LOW,PASS,1,2000
C179,L1,TypeB,27.98,1.1,8.86,8.86,8.86,8.86,0.89,0.89,0.89,0.89,High_Stable,50,28.0,1.1,TypeB|T=28.0|V=1.1,9.87,1.0099999999999998,4.949999999999999,1.0099999999999998,-0.6745,13,0.1927142857142857,False,0.16717971838105303,False,False,0.17994700204766936,False,0,LOW,PASS,1,2000
C180,L1,TypeB,33.89,1.26,8.7,9.7,10.7,60.0,0.87,0.97,1.07,6.0,Absolute_Failure,50,34.0,1.25,TypeB|T=34.0|V=1.25,9.45,0.8499999999999996,1.727500000000001,0.75,-0.5951470588235296,14,0.17004201680672273,False,0.49029092978322014,False,False,0.33016647329497145,False,0,LOW,PASS,1,2000
C181,L1,TypeB,29.73,1.11,9.21,10.21,11.21,60.0,0.92,1.02,1.12,6.0,Absolute_Failure,50,30.0,1.1,TypeB|T=30.0|V=1.1,11.165,2.039999999999999,3.7974999999999977,1.9549999999999983,-0.6463958333333331,16,0.18468452380952374,False,0.07726008925977151,False,False,0.13097230653464764,False,0,LOW,PASS,1,2000
C182,L1,TypeC,30.81,1.11,13.03,14.03,15.03,16.03,1.3,1.4,1.5,1.6,Normal,50,31.0,1.1,TypeC|T=31.0|V=1.1,10.86,1.1399999999999997,2.6799999999999997,2.17,1.283916666666667,6,0.36683333333333346,False,0.10551362787099118,False,False,0.2361734806021623,False,0,LOW,PASS,1,2000
C183,L1,TypeB,28.34,1.19,12.17,12.17,12.17,12.17,1.22,1.22,1.22,1.22,High_Stable,50,28.0,1.2000000000000002,TypeB|T=28.0|V=1.2,12.43,1.6600000000000001,2.9700000000000006,0.2599999999999998,-0.10564457831325291,17,0.030184165232357976,False,0.05605843610468812,False,False,0.04312130066852305,False,0,LOW,PASS,1,2000
C184,L1,TypeB,27.11,1.14,10.61,11.61,12.61,13.61,1.06,1.16,1.26,1.36,Normal,50,27.0,1.1500000000000001,TypeB|T=27.0|V=1.15,10.02,0.9800000000000004,1.9550000000000018,0.5899999999999999,0.40607653061224463,11,0.11602186588921275,False,0.09009630611810807,False,False,0.1030590860036604,False,0,LOW,PASS,1,2000
C185,L1,TypeA,28.43,1.06,14.36,16.36,19.36,24.36,1.44,1.64,1.94,2.44,Latent_Defect,50,28.0,1.05,TypeA|T=28.0|V=1.05,12.85,1.5099999999999998,3.4399999999999977,1.5099999999999998,0.6745000000000001,11,0.19271428571428575,False,0.1890103662022696,False,False,0.19086232595827768,False,0,LOW,PASS,1,2000
C186,L1,TypeA,27.51,1.01,12.36,14.36,17.36,22.36,1.24,1.44,1.74,2.24,Latent_Defect,50,28.0,1.0,TypeA|T=28.0|V=1.0,11.8,0.75,1.7949999999999982,0.5599999999999987,0.5036266666666654,11,0.14389333333333298,False,0.26205848451641833,False,False,0.20297590892487566,False,0,LOW,PASS,1,2000
C187,L1,TypeC,27.47,1.07,9.83,10.83,29.83,31.83,0.98,1.08,2.98,3.18,Sudden_Anomaly,50,27.0,1.05,TypeC|T=27.0|V=1.05,10.53,2.4499999999999993,5.0600000000000005,0.6999999999999993,-0.19271428571428556,13,0.055061224489795876,False,0.1292256193437482,False,False,0.09214342191677205,False,0,LOW,PASS,1,2000
C188,L1,TypeC,33.99,1.02,13.52,14.52,15.52,60.0,1.35,1.45,1.55,6.0,Absolute_Failure,50,34.0,1.0,TypeC|T=34.0|V=1.0,12.25,2.6999999999999993,4.765000000000001,1.2699999999999996,0.3172648148148148,7,0.09064708994708993,False,0.36841834989641403,False,False,0.22953271992175198,False,0,LOW,PASS,1,2000
C189,L1,TypeB,31.07,1.01,12.99,12.99,12.99,12.99,1.3,1.3,1.3,1.3,High_Stable,50,31.0,1.0,TypeB|T=31.0|V=1.0,12.99,0.4800000000000004,0.8200000000000003,0.0,0.0,5,0.0,False,0.3492283337496794,False,False,0.1746141668748397,False,0,LOW,PASS,1,2000
C190,L1,TypeC,27.53,1.28,9.45,9.45,9.45,9.45,0.95,0.95,0.95,0.95,High_Stable,50,28.0,1.3,TypeC|T=28.0|V=1.3,12.07,2.08,4.0,2.620000000000001,-0.8496105769230773,5,0.24274587912087922,False,0.33968290981120214,False,False,0.2912143944660407,False,0,LOW,PASS,1,2000
C191,L1,TypeA,26.54,1.27,14.48,14.48,14.48,14.48,1.45,1.45,1.45,1.45,High_Stable,50,27.0,1.25,TypeA|T=27.0|V=1.25,12.809999999999999,1.6050000000000013,3.8375000000000004,1.6700000000000017,0.7018161993769472,6,0.2005189141076992,False,0.3832219317111416,False,False,0.2918704229094204,False,0,LOW,PASS,1,2000
C192,L1,TypeA,29.04,1.1,13.61,14.61,33.61,35.61,1.36,1.46,3.36,3.56,Sudden_Anomaly,50,29.0,1.1,TypeA|T=29.0|V=1.1,12.21,1.3999999999999986,3.4250000000000007,1.3999999999999986,0.6745,11,0.1927142857142857,False,0.07073873001922201,False,False,0.13172650786675386,False,0,LOW,PASS,1,2000
C193,L1,TypeA,28.6,1.12,9.28,11.28,14.28,19.28,0.93,1.13,1.43,1.93,Latent_Defect,50,29.0,1.1,TypeA|T=29.0|V=1.1,12.21,1.3999999999999986,3.4250000000000007,2.9300000000000015,-1.411632142857145,11,0.4033234693877557,False,0.22183911204988788,False,False,0.3125812907188218,False,0,LOW,PASS,1,2000
C194,L1,TypeA,30.31,1.14,8.89,9.89,10.89,11.89,0.89,0.99,1.09,1.19,Normal,50,30.0,1.1500000000000001,TypeA|T=30.0|V=1.15,10.78,2.3499999999999996,3.9499999999999993,1.8899999999999988,-0.5424702127659571,7,0.154991489361702,False,0.11176235830232516,False,False,0.13337692383201358,False,0,LOW,PASS,1,2000
C195,L1,TypeB,28.75,1.02,13.57,14.57,15.57,16.57,1.36,1.46,1.56,1.66,Normal,50,29.0,1.0,TypeB|T=29.0|V=1.0,10.57,0.8200000000000003,1.509999999999998,3.0,2.467682926829267,7,0.705052264808362,False,0.6923876569498205,True,False,0.6987199608790913,True,1,MEDIUM,REVIEW,1,2000
C196,L1,TypeB,32.35,1.3,12.89,13.89,32.89,34.89,1.29,1.39,3.29,3.49,Sudden_Anomaly,50,32.0,1.3,TypeB|T=32.0|V=1.3,11.8,1.0899999999999999,2.0299999999999994,1.0899999999999999,0.6745,9,0.1927142857142857,False,0.3264773866592178,False,False,0.25959583618675175,False,0,LOW,PASS,1,2000
C197,L1,TypeB,25.83,1.16,14.09,16.09,19.09,24.09,1.41,1.61,1.91,2.41,Latent_Defect,50,26.0,1.1500000000000001,TypeB|T=26.0|V=1.15,11.66,0.8799999999999999,1.8025000000000002,2.4299999999999997,1.8625397727272728,10,0.5321542207792208,False,0.4695870129194385,False,False,0.5008706168493297,False,0,LOW,PASS,1,2000
C198,L1,TypeC,33.05,1.16,11.72,11.72,11.72,11.72,1.17,1.17,1.17,1.17,High_Stable,50,33.0,1.1500000000000001,TypeC|T=33.0|V=1.15,11.879999999999999,0.9549999999999992,1.6524999999999999,0.15999999999999837,-0.11300523560209318,12,0.03228721017202662,False,0.09110863414640422,False,False,0.06169792215921542,False,0,LOW,PASS,1,2000
C199,L1,TypeA,29.84,1.18,11.85,12.85,13.85,14.85,1.18,1.28,1.38,1.48,Normal,50,30.0,1.2000000000000002,TypeA|T=30.0|V=1.2,10.23,1.5199999999999996,2.7125000000000004,1.6199999999999992,0.7188749999999998,14,0.2053928571428571,False,0.07198752231671006,False,False,0.1386901897297836,False,0,LOW,PASS,1,2000
C200,L1,TypeC,33.13,1.16,12.39,14.39,17.39,22.39,1.24,1.44,1.74,2.24,Latent_Defect,50,33.0,1.1500000000000001,TypeC|T=33.0|V=1.15,11.879999999999999,0.9549999999999992,1.6524999999999999,0.5100000000000016,0.3602041884816768,12,0.10291548242333623,False,0.07847342684491551,False,False,0.09069445463412587,False,0,LOW,PASS,1,2000
C201,L1,TypeA,33.93,1.18,12.51,14.51,17.51,22.51,1.25,1.45,1.75,2.25,Latent_Defect,50,34.0,1.2000000000000002,TypeA|T=34.0|V=1.2,12.43,1.0600000000000005,1.8825000000000003,0.08000000000000007,0.05090566037735851,10,0.014544474393531003,False,0.20493590578700713,False,False,0.10974019009026907,False,0,LOW,PASS,1,2000
C202,L1,TypeA,29.97,1.16,13.13,15.13,18.13,23.13,1.31,1.51,1.81,2.31,Latent_Defect,50,30.0,1.1500000000000001,TypeA|T=30.0|V=1.15,10.78,2.3499999999999996,3.9499999999999993,2.3500000000000014,0.6745000000000004,7,0.19271428571428584,False,0.04072813365985889,False,False,0.11672120968707236,False,0,LOW,PASS,1,2000
C203,L1,TypeA,26.69,1.22,11.24,12.24,13.24,14.24,1.12,1.22,1.32,1.42,Normal,50,27.0,1.2000000000000002,TypeA|T=27.0|V=1.2,11.24,1.0600000000000005,1.7400000000000002,0.0,0.0,5,0.0,False,0.1491697828196254,False,False,0.0745848914098127,False,0,LOW,PASS,1,2000
C204,L1,TypeC,29.99,1.03,12.74,13.74,14.74,15.74,1.27,1.37,1.47,1.57,Normal,50,30.0,1.05,TypeC|T=30.0|V=1.05,11.99,1.3200000000000003,2.9849999999999994,0.75,0.38323863636363625,11,0.10949675324675322,False,0.14286640207025902,False,False,0.12618157765850613,False,0,LOW,PASS,1,2000
C205,L1,TypeC,26.83,1.3,11.32,12.32,13.32,14.32,1.13,1.23,1.33,1.43,Normal,50,27.0,1.3,TypeC|T=27.0|V=1.3,13.22,1.4100000000000001,1.6550000000000011,1.9000000000000004,-0.9089007092198582,3,0.2596859169199595,False,0.4770128279391865,False,False,0.368349372429573,False,0,LOW,PASS,1,2000
C206,L1,TypeC,29.73,1.14,14.89,15.89,34.89,36.89,1.49,1.59,3.49,3.69,Sudden_Anomaly,50,30.0,1.1500000000000001,TypeC|T=30.0|V=1.15,12.41,1.4000000000000004,2.780000000000001,2.4800000000000004,1.1948285714285714,15,0.34137959183673466,False,0.30560076222182697,False,False,0.32349017702928085,False,0,LOW,PASS,1,2000
C207,L1,TypeC,25.47,1.11,12.79,12.79,12.79,12.79,1.28,1.28,1.28,1.28,High_Stable,50,25.0,1.1,TypeC|T=25.0|V=1.1,9.615,1.2850000000000001,4.365,3.174999999999999,1.6665661478599214,10,0.47616175653140613,False,0.6051667607258773,True,False,0.5406642586286416,False,1,LOW,PASS,1,2000
C208,L1,TypeB,34.55,1.01,10.97,11.97,12.97,60.0,1.1,1.2,1.3,6.0,Absolute_Failure,50,35.0,1.0,TypeB|T=35.0|V=1.0,10.65,0.375,0.9199999999999999,0.3200000000000003,0.5755733333333338,4,0.16444952380952396,False,0.5170561952920486,False,False,0.34075285955078627,False,0,LOW,PASS,1,2000
C209,L1,TypeC,31.14,1.13,10.96,10.96,10.96,10.96,1.1,1.1,1.1,1.1,High_Stable,50,31.0,1.1500000000000001,TypeC|T=31.0|V=1.15,10.88,1.6349999999999998,2.977499999999999,0.08000000000000007,0.03300305810397557,10,0.009429445172564449,False,0.012067875951102397,False,False,0.010748660561833424,False,0,LOW,PASS,1,2000
C210,L1,TypeC,29.3,1.24,10.54,12.54,15.54,20.54,1.05,1.25,1.55,2.05,Latent_Defect,50,29.0,1.25,TypeC|T=29.0|V=1.25,11.025,1.005,1.852500000000001,0.4850000000000012,-0.325504975124379,10,0.09300142146410828,False,0.05230589924258448,False,False,0.07265366035334639,False,0,LOW,PASS,1,2000
C211,L1,TypeC,33.61,1.2,8.3,10.3,13.3,18.3,0.83,1.03,1.33,1.83,Latent_Defect,50,34.0,1.2000000000000002,TypeC|T=34.0|V=1.2,12.12,1.25,2.1899999999999995,3.8199999999999985,-2.0612719999999993,9,0.588934857142857,False,0.7048844827718662,True,False,0.6469096699573615,True,1,MEDIUM,REVIEW,1,2000
C212,L1,TypeB,25.97,1.11,11.44,11.44,11.44,11.44,1.14,1.14,1.14,1.14,High_Stable,50,26.0,1.1,TypeB|T=26.0|V=1.1,12.795,1.5949999999999998,3.094999999999999,1.3550000000000004,-0.5730078369905959,14,0.16371652485445595,False,0.1802471828847195,False,False,0.17198185386958773,False,0,LOW,PASS,1,2000
C213,L1,TypeC,29.41,1.26,12.06,14.06,17.06,22.06,1.21,1.41,1.71,2.21,Latent_Defect,50,29.0,1.25,TypeC|T=29.0|V=1.25,11.025,1.005,1.852500000000001,1.0350000000000001,0.6946343283582092,10,0.19846695095948833,False,0.13701344974156265,False,False,0.1677402003505255,False,0,LOW,PASS,1,2000
C214,L1,TypeC,29.58,1.04,9.03,10.03,29.03,31.03,0.9,1.0,2.9,3.1,Sudden_Anomaly,50,30.0,1.05,TypeC|T=30.0|V=1.05,11.99,1.3200000000000003,2.9849999999999994,2.960000000000001,-1.5125151515151516,11,0.43214718614718617,False,0.35953984009323026,False,False,0.3958435131202082,False,0,LOW,PASS,1,2000
C215,L1,TypeA,29.3,1.11,10.2,11.2,30.2,32.2,1.02,1.12,3.02,3.22,Sudden_Anomaly,50,29.0,1.1,TypeA|T=29.0|V=1.1,12.21,1.3999999999999986,3.4250000000000007,2.0100000000000016,-0.9683892857142875,11,0.276682653061225,False,0.0891786390750038,False,False,0.1829306460681144,False,0,LOW,PASS,1,2000
C216,L1,TypeB,30.22,1.06,13.22,15.22,18.22,23.22,1.32,1.52,1.82,2.32,Latent_Defect,50,30.0,1.05,TypeB|T=30.0|V=1.05,11.37,1.5,2.799999999999999,1.8500000000000014,0.8318833333333339,11,0.23768095238095252,False,0.06891914693196302,False,False,0.15330004965645777,False,0,LOW,PASS,1,2000
C217,L1,TypeA,32.92,1.23,8.99,10.99,13.99,18.99,0.9,1.1,1.4,1.9,Latent_Defect,50,33.0,1.25,TypeA|T=33.0|V=1.25,11.515,2.0300000000000002,4.050000000000001,2.5250000000000004,-0.8389716748768473,16,0.23970619282195638,False,0.2550321084058254,False,False,0.2473691506138909,False,0,LOW,PASS,1,2000
C218,L1,TypeC,28.19,1.09,12.81,13.81,14.81,15.81,1.28,1.38,1.48,1.58,Normal,50,28.0,1.1,TypeC|T=28.0|V=1.1,10.455,1.5649999999999995,2.9124999999999996,2.3550000000000004,1.0149824281150164,18,0.28999497946143327,False,0.12525392665357155,False,False,0.2076244530575024,False,0,LOW,PASS,1,2000
C219,L1,TypeA,30.24,1.3,12.04,12.04,12.04,12.04,1.2,1.2,1.2,1.2,High_Stable,50,30.0,1.3,TypeA|T=30.0|V=1.3,12.04,1.379999999999999,1.9000000000000004,0.0,0.0,5,0.0,False,0.3031841064313255,False,False,0.15159205321566274,False,0,LOW,PASS,1,2000
C220,L1,TypeB,26.57,1.19,13.07,13.07,13.07,13.07,1.31,1.31,1.31,1.31,High_Stable,50,27.0,1.2000000000000002,TypeB|T=27.0|V=1.2,12.775,1.4649999999999999,3.5824999999999996,0.29499999999999993,0.13582081911262797,12,0.038805948317893704,False,0.1578399030450836,False,False,0.09832292568148865,False,0,LOW,PASS,1,2000
C221,L1,TypeA,33.59,1.26,8.47,9.47,10.47,11.47,0.85,0.95,1.05,1.15,Normal,50,34.0,1.25,TypeA|T=34.0|V=1.25,11.4,1.6100000000000012,2.880000000000001,2.9299999999999997,-1.2275062111801232,11,0.35071606033717806,False,0.5072310433250934,False,False,0.4289735518311357,False,0,LOW,PASS,1,2000
C222,L1,TypeA,30.24,1.25,14.87,16.87,19.87,24.87,1.49,1.69,1.99,2.49,Latent_Defect,50,30.0,1.25,TypeA|T=30.0|V=1.25,10.93,1.6049999999999995,2.717500000000001,3.9399999999999995,1.6557819314641746,8,0.47308055184690706,False,0.6729562623706199,True,False,0.5730184071087635,False,1,LOW,PASS,1,2000
C223,L1,TypeB,32.85,1.03,8.01,9.01,10.01,60.0,0.8,0.9,1.0,6.0,Absolute_Failure,50,33.0,1.05,TypeB|T=33.0|V=1.05,11.035,2.4299999999999997,4.657500000000001,3.0250000000000004,-0.8396553497942388,12,0.23990152851263966,False,0.5909252925064759,True,False,0.41541341050955777,False,1,LOW,PASS,1,2000
C224,L1,TypeC,27.26,1.12,8.1,9.1,28.1,30.1,0.81,0.91,2.81,3.01,Sudden_Anomaly,50,27.0,1.1,TypeC|T=27.0|V=1.1,12.08,1.6999999999999993,4.15,3.9800000000000004,-1.5791235294117656,9,0.4511781512605045,False,0.6662156837361414,True,False,0.558696917498323,False,1,LOW,PASS,1,2000
C225,L1,TypeC,25.69,1.03,9.28,11.28,14.28,19.28,0.93,1.13,1.43,1.93,Latent_Defect,50,26.0,1.05,TypeC|T=26.0|V=1.05,10.399999999999999,1.4600000000000009,2.5600000000000005,1.1199999999999992,-0.5174246575342459,10,0.147835616438356,False,0.33067474710223754,False,False,0.23925518177029675,False,0,LOW,PASS,1,2000
C226,L1,TypeA,34.48,1.18,8.21,9.21,10.21,60.0,0.82,0.92,1.02,6.0,Absolute_Failure,50,34.0,1.2000000000000002,TypeA|T=34.0|V=1.2,12.43,1.0600000000000005,1.8825000000000003,4.219999999999999,-2.685273584905658,10,0.7672210242587595,False,0.9999206368258069,True,False,0.8835708305422831,True,1,HIGH,REVIEW,1,2000
C227,L1,TypeC,25.49,1.02,12.55,13.55,14.55,15.55,1.26,1.36,1.46,1.56,Normal,50,25.0,1.0,TypeC|T=25.0|V=1.0,12.55,1.75,2.33,0.0,0.0,3,0.0,False,0.4660311005167854,False,False,0.2330155502583927,False,0,LOW,PASS,1,2000
C228,L1,TypeC,25.77,1.28,8.96,9.96,10.96,60.0,0.9,1.0,1.1,6.0,Absolute_Failure,50,26.0,1.3,TypeC|T=26.0|V=1.3,10.66,1.2200000000000006,1.6799999999999997,1.6999999999999993,-0.939877049180327,9,0.26853629976580773,False,0.4423254197216256,False,False,0.3554308597437167,False,0,LOW,PASS,1,2000
C229,L1,TypeA,32.58,1.11,13.18,14.18,15.18,16.18,1.32,1.42,1.52,1.62,Normal,50,33.0,1.1,TypeA|T=33.0|V=1.1,12.51,0.9799999999999995,2.2375000000000007,0.6699999999999999,0.46113775510204097,20,0.13175364431486886,False,0.0955203661262907,False,False,0.11363700522057978,False,0,LOW,PASS,1,2000
C230,L1,TypeB,27.67,1.12,8.54,9.54,10.54,11.54,0.85,0.95,1.05,1.15,Normal,50,28.0,1.1,TypeB|T=28.0|V=1.1,9.87,1.0099999999999998,4.949999999999999,1.33,-0.8882029702970299,13,0.25377227722772283,False,0.21384890490796868,False,False,0.23381059106784574,False,0,LOW,PASS,1,2000
C231,L1,TypeC,32.77,1.02,11.57,12.57,31.57,33.57,1.16,1.26,3.16,3.36,Sudden_Anomaly,50,33.0,1.0,TypeC|T=33.0|V=1.0,10.690000000000001,1.745,3.057500000000001,0.879999999999999,0.34014899713467006,6,0.09718542775276287,False,0.1966309905628644,False,False,0.14690820915781364,False,0,LOW,PASS,1,2000
C232,L1,TypeC,32.24,1.22,13.9,14.9,15.9,16.9,1.39,1.49,1.59,1.69,Normal,50,32.0,1.2000000000000002,TypeC|T=32.0|V=1.2,10.575,1.6099999999999994,2.887500000000001,3.325000000000001,1.3929891304347835,10,0.39799689440993813,False,0.3626566110472898,False,False,0.38032675272861394,False,0,LOW,PASS,1,2000
C233,L1,TypeB,30.61,1.22,14.82,15.82,16.82,17.82,1.48,1.58,1.68,1.78,Normal,50,31.0,1.2000000000000002,TypeB|T=31.0|V=1.2,12.745000000000001,1.1800000000000006,1.652499999999998,2.0749999999999993,1.1860911016949143,8,0.3388831719128326,False,0.27795434343790126,False,False,0.308418757675367,False,0,LOW,PASS,1,2000
C234,L1,TypeC,25.29,1.2,11.3,12.3,31.3,33.3,1.13,1.23,3.13,3.33,Sudden_Anomaly,50,25.0,1.2000000000000002,TypeC|T=25.0|V=1.2,12.09,1.8250000000000002,2.795,0.7899999999999991,-0.2919753424657531,4,0.0834215264187866,False,0.23215737613800172,False,False,0.15778945127839417,False,0,LOW,PASS,1,2000
C235,L1,TypeC,31.81,1.02,13.03,14.03,33.03,35.03,1.3,1.4,3.3,3.5,Sudden_Anomaly,50,32.0,1.0,TypeC|T=32.0|V=1.0,12.88,1.200000000000001,2.215,0.14999999999999858,0.08431249999999912,7,0.024089285714285463,False,0.29306530124721086,False,False,0.15857729348074817,False,0,LOW,PASS,1,2000
C236,L1,TypeB,27.05,1.06,12.35,12.35,12.35,12.35,1.23,1.23,1.23,1.23,High_Stable,50,27.0,1.05,TypeB|T=27.0|V=1.05,11.395,1.8650000000000002,3.2424999999999997,0.9550000000000001,0.3453873994638069,8,0.09868211413251626,False,0.09047949324973036,False,False,0.09458080369112332,False,0,LOW,PASS,1,2000
C237,L1,TypeC,27.99,1.13,8.45,10.45,13.45,18.45,0.84,1.04,1.34,1.84,Latent_Defect,50,28.0,1.1500000000000001,TypeC|T=28.0|V=1.15,11.025,1.1450000000000005,1.825000000000001,2.575000000000001,-1.5168886462882096,6,0.4333967560823456,False,0.32659159431857,False,False,0.3799941752004578,False,0,LOW,PASS,1,2000
C238,L1,TypeC,28.92,1.0,10.11,11.11,12.11,60.0,1.01,1.11,1.21,6.0,Absolute_Failure,50,29.0,1.0,TypeC|T=29.0|V=1.0,11.405000000000001,1.3900000000000006,2.4625000000000004,1.2950000000000017,-0.6284010791366912,6,0.17954316546762605,False,0.33046610491111755,False,False,0.2550046351893718,False,0,LOW,PASS,1,2000
C239,L1,TypeC,32.03,1.26,14.93,16.93,19.93,24.93,1.49,1.69,1.99,2.49,Latent_Defect,50,32.0,1.25,TypeC|T=32.0|V=1.25,11.69,2.1400000000000006,4.07,3.24,1.0212056074766354,25,0.2917730307076101,False,0.512988388720432,False,False,0.40238070971402107,False,0,LOW,PASS,1,2000
C240,L1,TypeB,31.39,1.05,11.47,13.47,16.47,21.47,1.15,1.35,1.65,2.15,Latent_Defect,50,31.0,1.05,TypeB|T=31.0|V=1.05,11.385000000000002,1.1099999999999985,2.115,0.08499999999999908,0.05165090090090041,16,0.014757400257400117,False,0.1326392822467398,False,False,0.07369834125206995,False,0,LOW,PASS,1,2000
C241,L1,TypeA,33.19,1.25,13.73,14.73,15.73,16.73,1.37,1.47,1.57,1.67,Normal,50,33.0,1.25,TypeA|T=33.0|V=1.25,11.515,2.0300000000000002,4.050000000000001,2.215,0.73596921182266,16,0.21027691766361714,False,0.21799026007330202,False,False,0.21413358886845957,False,0,LOW,PASS,1,2000
C242,L1,TypeC,31.38,1.0,11.95,11.95,11.95,11.95,1.2,1.2,1.2,1.2,High_Stable,50,31.0,1.0,TypeC|T=31.0|V=1.0,11.95,1.6600000000000001,2.369999999999999,0.0,0.0,5,0.0,False,0.336447885496991,False,False,0.1682239427484955,False,0,LOW,PASS,1,2000
C243,L1,TypeB,29.29,1.15,9.23,9.23,9.23,9.23,0.92,0.92,0.92,0.92,High_Stable,50,29.0,1.1500000000000001,TypeB|T=29.0|V=1.15,10.075,1.245,2.1799999999999997,0.8449999999999989,-0.45779317269076236,12,0.13079804934021783,False,0.14584091314114603,False,False,0.13831948124068194,False,0,LOW,PASS,1,2000
C244,L1,TypeB,34.83,1.18,13.07,14.07,15.07,16.07,1.31,1.41,1.51,1.61,Normal,50,35.0,1.2000000000000002,TypeB|T=35.0|V=1.2,11.825,1.370000000000001,2.9475,1.245000000000001,0.6129580291970803,4,0.17513086548488008,False,0.2712526933663125,False,False,0.22319177942559632,False,0,LOW,PASS,1,2000
C245,L1,TypeB,33.33,1.26,12.02,14.02,17.02,22.02,1.2,1.4,1.7,2.2,Latent_Defect,50,33.0,1.25,TypeB|T=33.0|V=1.25,11.885,0.7799999999999994,1.9175000000000004,0.1349999999999998,0.11674038461538454,8,0.033354395604395584,False,0.21108287628097835,False,False,0.12221863594268698,False,0,LOW,PASS,1,2000
C246,L1,TypeA,27.5,1.04,14.63,15.63,16.63,17.63,1.46,1.56,1.66,1.76,Normal,50,28.0,1.05,TypeA|T=28.0|V=1.05,12.85,1.5099999999999998,3.4399999999999977,1.7800000000000011,0.7951059602649013,11,0.22717313150425752,False,0.3128046246792549,False,False,0.2699888780917562,False,0,LOW,PASS,1,2000
C247,L1,TypeC,25.01,1.04,12.02,13.02,14.02,15.02,1.2,1.3,1.4,1.5,Normal,50,25.0,1.05,TypeC|T=25.0|V=1.05,10.465,1.7350000000000003,3.379999999999999,1.5549999999999997,0.604523054755043,6,0.17272087278715514,False,0.3924764255572693,False,False,0.2825986491722122,False,0,LOW,PASS,1,2000
C248,L1,TypeB,31.65,1.1,11.14,11.14,11.14,11.14,1.11,1.11,1.11,1.11,High_Stable,50,32.0,1.1,TypeB|T=32.0|V=1.1,11.14,1.9499999999999993,2.875,0.0,0.0,15,0.0,False,0.08469298916633519,False,False,0.042346494583167596,False,0,LOW,PASS,1,2000
C249,L1,TypeB,33.65,1.26,9.31,11.31,14.31,19.31,0.93,1.13,1.43,1.93,Latent_Defect,50,34.0,1.25,TypeB|T=34.0|V=1.25,9.45,0.8499999999999996,1.727500000000001,0.1399999999999988,-0.11109411764705791,14,0.031741176470587974,False,0.4767605640795087,False,False,0.25425087027504834,False,0,LOW,PASS,1,2000
C250,L1,TypeA,27.26,1.09,11.26,12.26,13.26,60.0,1.13,1.23,1.33,6.0,Absolute_Failure,50,27.0,1.1,TypeA|T=27.0|V=1.1,9.72,1.0250000000000004,2.232499999999998,1.5399999999999991,1.0133951219512187,14,0.28954146341463394,False,0.1928801996271244,False,False,0.2412108315208792,False,0,LOW,PASS,1,2000
C251,L1,TypeB,27.63,1.18,14.6,15.6,34.6,36.6,1.46,1.56,3.46,3.66,Sudden_Anomaly,50,28.0,1.2000000000000002,TypeB|T=28.0|V=1.2,12.43,1.6600000000000001,2.9700000000000006,2.17,0.8817259036144578,17,0.25192168674698795,False,0.2143251588016243,False,False,0.23312342277430614,False,0,LOW,PASS,1,2000
C252,L1,TypeB,25.29,1.05,11.09,12.09,13.09,60.0,1.11,1.21,1.31,6.0,Absolute_Failure,50,25.0,1.05,TypeB|T=25.0|V=1.05,11.84,0.9699999999999998,2.094999999999999,0.75,-0.5215206185567012,4,0.14900589101620035,False,0.31943072200786976,False,False,0.23421830651203507,False,0,LOW,PASS,1,2000
C253,L1,TypeB,30.15,1.19,13.24,14.24,15.24,60.0,1.32,1.42,1.52,6.0,Absolute_Failure,50,30.0,1.2000000000000002,TypeB|T=30.0|V=1.2,11.59,1.6500000000000004,1.7200000000000006,1.6500000000000004,0.6745,5,0.1927142857142857,False,0.03783606250929083,False,False,0.11527517411178827,False,0,LOW,PASS,1,2000
C254,L1,TypeA,32.74,1.18,8.23,10.23,13.23,18.23,0.82,1.02,1.32,1.82,Latent_Defect,50,33.0,1.2000000000000002,TypeA|T=33.0|V=1.2,11.66,1.0100000000000007,1.722500000000002,3.4299999999999997,-2.2906287128712854,10,0.6544653465346529,False,0.6275203619009692,True,False,0.640992854217811,True,1,MEDIUM,REVIEW,1,2000
C255,L1,TypeC,32.89,1.2,14.89,15.89,16.89,60.0,1.49,1.59,1.69,6.0,Absolute_Failure,50,33.0,1.2000000000000002,TypeC|T=33.0|V=1.2,11.42,1.709999999999999,3.8500000000000014,3.4700000000000006,1.368722222222223,9,0.3910634920634923,False,0.5614083017101665,False,False,0.47623589688682944,False,0,LOW,PASS,1,2000
C256,L1,TypeA,27.34,1.13,10.52,11.52,12.52,13.52,1.05,1.15,1.25,1.35,Normal,50,27.0,1.1500000000000001,TypeA|T=27.0|V=1.15,12.55,0.8699999999999992,2.2300000000000004,2.030000000000001,-1.5738333333333354,11,0.44966666666666727,False,0.2757437232198644,False,False,0.3627051949432658,False,0,LOW,PASS,1,2000
C257,L1,TypeC,31.71,1.25,10.01,12.01,15.01,20.01,1.0,1.2,1.5,2.0,Latent_Defect,50,32.0,1.25,TypeC|T=32.0|V=1.25,11.69,2.1400000000000006,4.07,1.6799999999999997,-0.5295140186915885,25,0.15128971962616816,False,0.08870426617680298,False,False,0.11999699290148558,False,0,LOW,PASS,1,2000
C258,L1,TypeB,34.99,1.04,14.25,15.25,16.25,17.25,1.42,1.52,1.62,1.72,Normal,50,35.0,1.05,TypeB|T=35.0|V=1.05,13.24,1.629999999999999,2.695000000000002,1.0099999999999998,0.4179417177914112,7,0.11941191936897463,False,0.48031434948051566,False,False,0.29986313442474516,False,0,LOW,PASS,1,2000
C259,L1,TypeA,29.78,1.0,10.17,12.17,15.17,20.17,1.02,1.22,1.52,2.02,Latent_Defect,50,30.0,1.0,TypeA|T=30.0|V=1.0,11.24,1.0700000000000003,1.7799999999999994,1.0700000000000003,-0.6745,5,0.1927142857142857,False,0.33716982007203516,False,False,0.2649420528931604,False,0,LOW,PASS,1,2000
C260,L1,TypeB,27.3,1.06,8.23,9.23,10.23,11.23,0.82,0.92,1.02,1.12,Normal,50,27.0,1.05,TypeB|T=27.0|V=1.05,11.395,1.8650000000000002,3.2424999999999997,3.164999999999999,-1.1446608579088466,8,0.3270459594025276,False,0.451505171137476,False,False,0.38927556527000184,False,0,LOW,PASS,1,2000
C261,L1,TypeC,30.66,1.3,13.47,14.47,15.47,60.0,1.35,1.45,1.55,6.0,Absolute_Failure,50,31.0,1.3,TypeC|T=31.0|V=1.3,12.94,0.5300000000000011,1.0399999999999991,0.5300000000000011,0.6745,5,0.1927142857142857,False,0.4185807368928168,False,False,0.3056475113035512,False,0,LOW,PASS,1,2000
C262,L1,TypeC,34.62,1.02,10.9,11.9,12.9,60.0,1.09,1.19,1.29,6.0,Absolute_Failure,50,35.0,1.0,TypeC|T=35.0|V=1.0,13.01,1.5999999999999996,1.8549999999999986,2.1099999999999994,-0.889496875,3,0.2541419642857143,False,0.4601075248815426,False,False,0.3571247445836284,False,0,LOW,PASS,1,2000
C263,L1,TypeC,25.14,1.1,8.4,10.4,13.4,18.4,0.84,1.04,1.34,1.84,Latent_Defect,50,25.0,1.1,TypeC|T=25.0|V=1.1,9.615,1.2850000000000001,4.365,1.2149999999999999,-0.6377568093385213,10,0.1822162312395775,False,0.48255750329958275,False,False,0.3323868672695801,False,0,LOW,PASS,1,2000
C264,L1,TypeA,33.28,1.01,9.53,10.53,11.53,12.53,0.95,1.05,1.15,1.25,Normal,50,33.0,1.0,TypeA|T=33.0|V=1.0,11.78,2.25,4.48,2.25,-0.6745,9,0.1927142857142857,False,0.32574917011498095,False,False,0.25923172791463334,False,0,LOW,PASS,1,2000
C265,L1,TypeB,32.24,1.24,12.96,13.96,32.96,34.96,1.3,1.4,3.3,3.5,Sudden_Anomaly,50,32.0,1.25,TypeB|T=32.0|V=1.25,11.31,1.7350000000000003,3.01,1.6500000000000004,0.6414553314121038,10,0.18327295183202966,False,0.07282736803343232,False,False,0.128050159932731,False,0,LOW,PASS,1,2000
C266,L1,TypeB,31.69,1.22,13.09,15.09,18.09,23.09,1.31,1.51,1.81,2.31,Latent_Defect,50,32.0,1.2000000000000002,TypeB|T=32.0|V=1.2,10.46,1.8199999999999985,2.365,2.629999999999999,0.9746895604395609,7,0.27848273155416026,False,0.15281563029906117,False,False,0.21564918092661073,False,0,LOW,PASS,1,2000
C267,L1,TypeA,32.49,1.14,10.45,11.45,30.45,32.45,1.05,1.15,3.05,3.25,Sudden_Anomaly,50,32.0,1.1500000000000001,TypeA|T=32.0|V=1.15,11.555,1.4750000000000005,3.092500000000001,1.1050000000000004,-0.5053033898305085,8,0.144372397094431,False,0.009830120434914163,False,False,0.07710125876467258,False,0,LOW,PASS,1,2000
C268,L1,TypeB,34.11,1.12,12.45,12.45,12.45,12.45,1.24,1.24,1.24,1.24,High_Stable,50,34.0,1.1,TypeB|T=34.0|V=1.1,12.71,0.6099999999999994,1.2100000000000009,0.26000000000000156,-0.2874918032786905,9,0.082140515222483,False,0.25860341063917447,False,False,0.17037196293082874,False,0,LOW,PASS,1,2000
C269,L1,TypeB,27.96,1.1,9.87,11.87,14.87,19.87,0.99,1.19,1.49,1.99,Latent_Defect,50,28.0,1.1,TypeB|T=28.0|V=1.1,9.87,1.0099999999999998,4.949999999999999,0.0,0.0,13,0.0,False,0.1872894730252267,False,False,0.09364473651261335,False,0,LOW,PASS,1,2000
C270,L1,TypeB,33.91,1.17,14.78,15.78,34.78,36.78,1.48,1.58,3.48,3.68,Sudden_Anomaly,50,34.0,1.1500000000000001,TypeB|T=34.0|V=1.15,12.24,1.9000000000000004,2.8599999999999994,2.539999999999999,0.9016999999999995,13,0.25762857142857126,False,0.36400810105980946,False,False,0.31081833624419036,False,0,LOW,PASS,1,2000
C271,L1,TypeB,25.5,1.01,12.74,13.74,14.74,15.74,1.27,1.37,1.47,1.57,Normal,50,26.0,1.0,TypeB|T=26.0|V=1.0,10.65,1.5600000000000005,3.1500000000000004,2.09,0.903657051282051,9,0.25818772893772884,False,0.4724304664247887,False,False,0.36530909768125874,False,0,LOW,PASS,1,2000
C272,L1,TypeC,34.34,1.03,11.07,12.07,13.07,14.07,1.11,1.21,1.31,1.41,Normal,50,34.0,1.05,TypeC|T=34.0|V=1.05,11.515,2.05,3.3249999999999993,0.4450000000000003,-0.1464158536585367,16,0.0418331010452962,False,0.3215651775140364,False,False,0.1816991392796663,False,0,LOW,PASS,1,2000
C273,L1,TypeA,28.8,1.06,11.4,12.4,13.4,60.0,1.14,1.24,1.34,6.0,Absolute_Failure,50,29.0,1.05,TypeA|T=29.0|V=1.05,11.59,0.7400000000000002,0.9299999999999997,0.1899999999999995,-0.17318243243243192,5,0.049480694980694837,False,0.1513317379803307,False,False,0.10040621648051276,False,0,LOW,PASS,1,2000
C274,L1,TypeB,30.84,1.21,13.1,14.1,15.1,60.0,1.31,1.41,1.51,6.0,Absolute_Failure,50,31.0,1.2000000000000002,TypeB|T=31.0|V=1.2,12.745000000000001,1.1800000000000006,1.652499999999998,0.35499999999999865,0.20292161016949065,8,0.057977602905568755,False,0.08685415787236832,False,False,0.07241588038896854,False,0,LOW,PASS,1,2000
C275,L1,TypeC,33.04,1.03,8.52,8.52,8.52,8.52,0.85,0.85,0.85,0.85,High_Stable,50,33.0,1.05,TypeC|T=33.0|V=1.05,12.66,1.7599999999999998,3.5199999999999996,4.140000000000001,-1.586607954545455,15,0.45331655844155855,False,0.7620981591959208,True,False,0.6077073588187397,True,1,MEDIUM,REVIEW,1,2000
C276,L1,TypeC,29.64,1.15,13.09,14.09,15.09,16.09,1.31,1.41,1.51,1.61,Normal,50,30.0,1.1500000000000001,TypeC|T=30.0|V=1.15,12.41,1.4000000000000004,2.780000000000001,0.6799999999999997,0.32761428571428547,15,0.09360408163265299,False,0.022220177511940928,False,False,0.05791212957229696,False,0,LOW,PASS,1,2000
C277,L1,TypeC,32.37,1.24,9.53,11.53,14.53,19.53,0.95,1.15,1.45,1.95,Latent_Defect,50,32.0,1.25,TypeC|T=32.0|V=1.25,11.69,2.1400000000000006,4.07,2.16,-0.6808037383177569,25,0.1945153538050734,False,0.14007465940741662,False,False,0.16729500660624502,False,0,LOW,PASS,1,2000
C278,L1,TypeC,25.18,1.05,12.15,14.15,17.15,22.15,1.21,1.41,1.71,2.21,Latent_Defect,50,25.0,1.05,TypeC|T=25.0|V=1.05,10.465,1.7350000000000003,3.379999999999999,1.6850000000000005,0.6550619596541788,6,0.18716055990119393,False,0.3429719754750785,False,False,0.26506626768813624,False,0,LOW,PASS,1,2000
C279,L1,TypeB,33.57,1.26,9.37,10.37,11.37,60.0,0.94,1.04,1.14,6.0,Absolute_Failure,50,34.0,1.25,TypeB|T=34.0|V=1.25,9.45,0.8499999999999996,1.727500000000001,0.08000000000000007,-0.06348235294117656,14,0.018137815126050446,False,0.45360017051464424,False,False,0.23586899282034735,False,0,LOW,PASS,1,2000
C280,L1,TypeB,28.73,1.2,8.51,10.51,13.51,18.51,0.85,1.05,1.35,1.85,Latent_Defect,50,29.0,1.2000000000000002,TypeB|T=29.0|V=1.2,10.33,1.4100000000000001,2.3149999999999995,1.8200000000000003,-0.870631205673759,10,0.2487517730496454,False,0.20510414708553626,False,False,0.22692796006759083,False,0,LOW,PASS,1,2000
C281,L1,TypeC,27.1,1.03,14.89,15.89,16.89,17.89,1.49,1.59,1.69,1.79,Normal,50,27.0,1.05,TypeC|T=27.0|V=1.05,10.53,2.4499999999999993,5.0600000000000005,4.360000000000001,1.2003346938775517,13,0.3429527696793005,False,0.8195266451079185,True,False,0.5812397073936095,False,1,LOW,PASS,1,2000
C282,L1,TypeA,34.41,1.09,14.75,15.75,16.75,17.75,1.47,1.57,1.67,1.77,Normal,50,34.0,1.1,TypeA|T=34.0|V=1.1,12.004999999999999,1.8649999999999993,3.4400000000000013,2.745000000000001,0.9927627345844512,12,0.2836464955955575,False,0.4688564937945833,False,False,0.37625149469507035,False,0,LOW,PASS,1,2000
C283,L1,TypeA,33.33,1.15,13.44,15.44,18.44,23.44,1.34,1.54,1.84,2.34,Latent_Defect,50,33.0,1.1500000000000001,TypeA|T=33.0|V=1.15,11.57,1.2800000000000011,2.365000000000002,1.8699999999999992,0.9854023437499988,15,0.2815435267857139,False,0.17380370860580102,False,False,0.22767361769575747,False,0,LOW,PASS,1,2000
C284,L1,TypeB,31.07,1.17,10.15,11.15,30.15,32.15,1.01,1.11,3.01,3.21,Sudden_Anomaly,50,31.0,1.1500000000000001,TypeB|T=31.0|V=1.15,11.82,2.21,4.27,1.67,-0.5096900452488687,16,0.1456257272139625,False,0.0,False,False,0.07281286360698125,False,0,LOW,PASS,1,2000
C285,L1,TypeB,27.8,1.21,14.38,15.38,16.38,17.38,1.44,1.54,1.64,1.74,Normal,50,28.0,1.2000000000000002,TypeB|T=28.0|V=1.2,12.43,1.6600000000000001,2.9700000000000006,1.950000000000001,0.792334337349398,17,0.22638123924268513,False,0.16016548497900726,False,False,0.1932733621108462,False,0,LOW,PASS,1,2000
C286,L1,TypeB,26.11,1.28,8.88,9.88,10.88,60.0,0.89,0.99,1.09,6.0,Absolute_Failure,50,26.0,1.3,TypeB|T=26.0|V=1.3,9.735,0.8549999999999995,0.8549999999999986,0.8549999999999986,-0.6744999999999993,2,0.19271428571428553,False,0.4381632379044717,False,False,0.31543876180937863,False,0,LOW,PASS,1,2000
C287,L1,TypeA,26.96,1.01,11.87,12.87,31.87,33.87,1.19,1.29,3.19,3.39,Sudden_Anomaly,50,27.0,1.0,TypeA|T=27.0|V=1.0,11.87,1.1599999999999984,2.719999999999999,0.0,0.0,5,0.0,False,0.2849996879929839,False,False,0.14249984399649196,False,0,LOW,PASS,1,2000
C288,L1,TypeB,32.08,1.01,11.19,13.19,16.19,21.19,1.12,1.32,1.62,2.12,Latent_Defect,50,32.0,1.0,TypeB|T=32.0|V=1.0,11.6,1.040000000000001,1.83,0.41000000000000014,-0.2659086538461537,13,0.07597390109890105,False,0.2542631813580713,False,False,0.16511854122848618,False,0,LOW,PASS,1,2000
C289,L1,TypeA,31.28,1.08,14.55,15.55,16.55,17.55,1.46,1.56,1.66,1.76,Normal,50,31.0,1.1,TypeA|T=31.0|V=1.1,13.24,1.4299999999999997,4.84,1.3100000000000005,0.6178986013986018,17,0.17654245754245765,False,0.21609867443569836,False,False,0.196320565989078,False,0,LOW,PASS,1,2000
C290,L1,TypeC,25.91,1.26,12.2,14.2,17.2,22.2,1.22,1.42,1.72,2.22,Latent_Defect,50,26.0,1.25,TypeC|T=26.0|V=1.25,12.27,1.3600000000000012,2.630000000000001,0.07000000000000028,-0.034716911764705996,9,0.009919117647058856,False,0.3216794747130457,False,False,0.1657992961800523,False,0,LOW,PASS,1,2000
C291,L1,TypeC,33.9,1.27,11.99,12.99,13.99,60.0,1.2,1.3,1.4,6.0,Absolute_Failure,50,34.0,1.25,TypeC|T=34.0|V=1.25,11.46,0.7799999999999994,1.7000000000000028,0.5299999999999994,0.4583141025641024,11,0.1309468864468864,False,0.2654487111859924,False,False,0.1981977988164394,False,0,LOW,PASS,1,2000
C292,L1,TypeB,31.03,1.13,11.89,12.89,31.89,33.89,1.19,1.29,3.19,3.39,Sudden_Anomaly,50,31.0,1.1500000000000001,TypeB|T=31.0|V=1.15,11.82,2.21,4.27,0.07000000000000028,0.021364253393665246,16,0.006104072398190071,False,0.010747394191626465,False,False,0.008425733294908267,False,0,LOW,PASS,1,2000
C293,L1,TypeB,33.38,1.3,11.01,12.01,31.01,33.01,1.1,1.2,3.1,3.3,Sudden_Anomaly,50,33.0,1.3,TypeB|T=33.0|V=1.3,11.475,2.09,3.3674999999999997,0.46499999999999986,-0.15006818181818177,6,0.04287662337662336,False,0.350214623569627,False,False,0.19654562347312518,False,0,LOW,PASS,1,2000
C294,L1,TypeA,28.67,1.12,11.58,11.58,11.58,11.58,1.16,1.16,1.16,1.16,High_Stable,50,29.0,1.1,TypeA|T=29.0|V=1.1,12.21,1.3999999999999986,3.4250000000000007,0.6300000000000008,-0.30352500000000066,11,0.08672142857142875,False,0.011955884929029409,False,False,0.04933865675022908,False,0,LOW,PASS,1,2000
C295,L1,TypeC,28.23,1.29,8.3,8.3,8.3,8.3,0.83,0.83,0.83,0.83,High_Stable,50,28.0,1.3,TypeC|T=28.0|V=1.3,12.07,2.08,4.0,3.7699999999999996,-1.2225312499999996,5,0.34929464285714273,False,0.7033141069119847,True,False,0.5263043748845637,False,1,LOW,PASS,1,2000
C296,L1,TypeA,33.07,1.16,12.23,13.23,14.23,60.0,1.22,1.32,1.42,6.0,Absolute_Failure,50,33.0,1.1500000000000001,TypeA|T=33.0|V=1.15,11.57,1.2800000000000011,2.365000000000002,0.6600000000000001,0.34778906249999975,15,0.09936830357142849,False,0.06273137789302206,False,False,0.08104984073222528,False,0,LOW,PASS,1,2000
C297,L1,TypeA,31.67,1.2,8.71,9.71,28.71,30.71,0.87,0.97,2.87,3.07,Sudden_Anomaly,50,32.0,1.2000000000000002,TypeA|T=32.0|V=1.2,10.1,1.3899999999999988,2.1900000000000013,1.3899999999999988,-0.6745,13,0.1927142857142857,False,0.18167774110558932,False,False,0.18719601340993752,False,0,LOW,PASS,1,2000
C298,L1,TypeA,33.38,1.03,14.11,15.11,16.11,17.11,1.41,1.51,1.61,1.71,Normal,50,33.0,1.05,TypeA|T=33.0|V=1.05,11.55,2.41,4.789999999999999,2.5599999999999987,0.7164813278008295,9,0.20470895080023702,False,0.36147355059398106,False,False,0.28309125069710905,False,0,LOW,PASS,1,2000
C299,L1,TypeC,33.86,1.27,10.87,11.87,12.87,60.0,1.09,1.19,1.29,6.0,Absolute_Failure,50,34.0,1.25,TypeC|T=34.0|V=1.25,11.46,0.7799999999999994,1.7000000000000028,0.5900000000000016,-0.5101987179487198,11,0.14577106227106282,False,0.295439091618271,False,False,0.2206050769446669,False,0,LOW,PASS,1,2000
C300,L1,TypeC,25.73,1.01,10.4,10.4,10.4,10.4,1.04,1.04,1.04,1.04,High_Stable,50,26.0,1.0,TypeC|T=26.0|V=1.0,11.524999999999999,1.2949999999999982,3.1874999999999982,1.1249999999999982,-0.5859555984555983,6,0.1674158852730281,False,0.3567485628251453,False,False,0.26208222404908665,False,0,LOW,PASS,1,2000
C301,L1,TypeB,33.14,1.26,11.7,11.7,11.7,11.7,1.17,1.17,1.17,1.17,High_Stable,50,33.0,1.25,TypeB|T=33.0|V=1.25,11.885,0.7799999999999994,1.9175000000000004,0.1850000000000005,-0.15997756410256467,8,0.04570787545787562,False,0.18947685946554807,False,False,0.11759236746171184,False,0,LOW,PASS,1,2000
C302,L1,TypeB,34.31,1.03,11.96,13.96,16.96,21.96,1.2,1.4,1.7,2.2,Latent_Defect,50,34.0,1.05,TypeB|T=34.0|V=1.05,11.07,1.3000000000000007,2.58,0.8900000000000006,0.461773076923077,17,0.13193516483516485,False,0.3035466289955358,False,False,0.2177408969153503,False,0,LOW,PASS,1,2000
C303,L1,TypeC,33.92,1.04,8.26,9.26,28.26,30.26,0.83,0.93,2.83,3.03,Sudden_Anomaly,50,34.0,1.05,TypeC|T=34.0|V=1.05,11.515,2.05,3.3249999999999993,3.255000000000001,-1.0709743902439028,16,0.3059926829268294,False,0.5470605923442973,False,False,0.4265266376355633,False,0,LOW,PASS,1,2000
C304,L1,TypeC,28.42,1.25,8.19,9.19,28.19,30.19,0.82,0.92,2.82,3.02,Sudden_Anomaly,50,28.0,1.25,TypeC|T=28.0|V=1.25,9.59,1.3699999999999992,4.27,1.4000000000000004,-0.6892700729927013,9,0.19693430656934321,False,0.3792506679705863,False,False,0.2880924872699648,False,0,LOW,PASS,1,2000
C305,L1,TypeA,26.77,1.29,11.0,12.0,31.0,33.0,1.1,1.2,3.1,3.3,Sudden_Anomaly,50,27.0,1.3,TypeA|T=27.0|V=1.3,12.045,0.8549999999999995,1.9624999999999986,1.045,-0.8243888888888893,6,0.23553968253968266,False,0.344888433656807,False,False,0.29021405809824485,False,0,LOW,PASS,1,2000
C306,L1,TypeC,27.26,1.03,8.4,9.4,10.4,11.4,0.84,0.94,1.04,1.14,Normal,50,27.0,1.05,TypeC|T=27.0|V=1.05,10.53,2.4499999999999993,5.0600000000000005,2.129999999999999,-0.5864020408163264,13,0.1675434402332361,False,0.3901024852100091,False,False,0.2788229627216226,False,0,LOW,PASS,1,2000
C307,L1,TypeA,26.05,1.06,11.74,12.74,13.74,14.74,1.17,1.27,1.37,1.47,Normal,50,26.0,1.05,TypeA|T=26.0|V=1.05,12.61,1.0300000000000011,2.205,0.8699999999999992,-0.5697233009708726,11,0.1627780859916779,False,0.20164966778233487,False,False,0.18221387688700638,False,0,LOW,PASS,1,2000
C308,L1,TypeB,33.98,1.06,9.0,10.0,11.0,12.0,0.9,1.0,1.1,1.2,Normal,50,34.0,1.05,TypeB|T=34.0|V=1.05,11.07,1.3000000000000007,2.58,2.0700000000000003,-1.074011538461538,17,0.30686043956043946,False,0.3324820431782323,False,False,0.3196712413693359,False,0,LOW,PASS,1,2000
C309,L1,TypeA,34.54,1.27,13.05,14.05,15.05,16.05,1.3,1.4,1.5,1.6,Normal,50,35.0,1.25,TypeA|T=35.0|V=1.25,11.36,1.6900000000000013,1.9800000000000004,1.6900000000000013,0.6745,5,0.1927142857142857,False,0.35337410272881753,False,False,0.27304419422155163,False,0,LOW,PASS,1,2000
C310,L1,TypeB,28.65,1.12,12.05,13.05,14.05,60.0,1.21,1.31,1.41,6.0,Absolute_Failure,50,29.0,1.1,TypeB|T=29.0|V=1.1,10.48,1.58,2.370000000000001,1.5700000000000003,0.6702310126582279,9,0.19149457504520798,False,0.04618648214389688,False,False,0.11884052859455244,False,0,LOW,PASS,1,2000
C311,L1,TypeA,25.89,1.1,9.13,11.13,14.13,19.13,0.91,1.11,1.41,1.91,Latent_Defect,50,26.0,1.1,TypeA|T=26.0|V=1.1,12.184999999999999,1.6349999999999998,3.125,3.054999999999998,-1.2603042813455652,6,0.3600869375273043,False,0.3734997409986431,False,False,0.3667933392629737,False,0,LOW,PASS,1,2000
C312,L1,TypeC,31.89,1.04,11.36,13.36,16.36,21.36,1.14,1.34,1.64,2.14,Latent_Defect,50,32.0,1.05,TypeC|T=32.0|V=1.05,10.51,0.75,1.2400000000000002,0.8499999999999996,0.764433333333333,9,0.2184095238095237,False,0.1974253333872588,False,False,0.20791742859839124,False,0,LOW,PASS,1,2000
C313,L1,TypeB,32.26,1.17,10.83,11.83,12.83,60.0,1.08,1.18,1.28,6.0,Absolute_Failure,50,32.0,1.1500000000000001,TypeB|T=32.0|V=1.15,11.07,1.1400000000000006,2.25,0.2400000000000002,-0.14200000000000004,7,0.040571428571428585,False,0.04004208395451848,False,False,0.04030675626297353,False,0,LOW,PASS,1,2000
C314,L1,TypeA,30.49,1.25,13.57,14.57,15.57,16.57,1.36,1.46,1.56,1.66,Normal,50,30.0,1.25,TypeA|T=30.0|V=1.25,10.93,1.6049999999999995,2.717500000000001,2.6400000000000006,1.1094579439252341,8,0.3169879839786383,False,0.20169175952424132,False,False,0.2593398717514398,False,0,LOW,PASS,1,2000
C315,L1,TypeA,31.7,1.02,14.1,14.1,14.1,14.1,1.41,1.41,1.41,1.41,High_Stable,50,32.0,1.0,TypeA|T=32.0|V=1.0,10.79,0.7699999999999996,1.4649999999999999,3.3100000000000005,2.899474025974028,7,0.8284211502782937,False,0.7668934654847045,True,False,0.797657307881499,True,1,MEDIUM,REVIEW,1,2000
C316,L1,TypeC,33.7,1.03,8.46,8.46,8.46,8.46,0.85,0.85,0.85,0.85,High_Stable,50,34.0,1.05,TypeC|T=34.0|V=1.05,11.515,2.05,3.3249999999999993,3.0549999999999997,-1.0051695121951219,16,0.28719128919860626,False,0.47457284525646193,False,False,0.3808820672275341,False,0,LOW,PASS,1,2000
C317,L1,TypeC,28.56,1.17,9.18,9.18,9.18,9.18,0.92,0.92,0.92,0.92,High_Stable,50,29.0,1.1500000000000001,TypeC|T=29.0|V=1.15,12.29,2.540000000000001,4.075000000000001,3.1099999999999994,-0.8258641732283459,7,0.23596119235095597,False,0.1991973138081544,False,False,0.21757925307955517,False,0,LOW,PASS,1,2000
C318,L1,TypeB,25.86,1.14,10.86,11.86,30.86,32.86,1.09,1.19,3.09,3.29,Sudden_Anomaly,50,26.0,1.1500000000000001,TypeB|T=26.0|V=1.15,11.66,0.8799999999999999,1.8025000000000002,0.8000000000000007,-0.6131818181818188,10,0.17519480519480538,False,0.14383304546880168,False,False,0.15951392533180353,False,0,LOW,PASS,1,2000
C319,L1,TypeB,34.21,1.06,10.35,11.35,12.35,13.35,1.03,1.13,1.23,1.33,Normal,50,34.0,1.05,TypeB|T=34.0|V=1.05,11.07,1.3000000000000007,2.58,0.7200000000000006,-0.3735692307692309,17,0.10673406593406597,False,0.24478771151977388,False,False,0.17576088872691992,False,0,LOW,PASS,1,2000
C320,L1,TypeA,31.0,1.06,8.61,9.61,10.61,11.61,0.86,0.96,1.06,1.16,Normal,50,31.0,1.05,TypeA|T=31.0|V=1.05,11.53,2.0299999999999994,3.8049999999999997,2.92,-0.9702167487684732,15,0.27720478536242094,False,0.23664968489948676,False,False,0.25692723513095383,False,0,LOW,PASS,1,2000
C321,L1,TypeC,26.1,1.01,12.62,13.62,14.62,60.0,1.26,1.36,1.46,6.0,Absolute_Failure,50,26.0,1.0,TypeC|T=26.0|V=1.0,11.524999999999999,1.2949999999999982,3.1874999999999982,1.0950000000000006,0.570330115830117,6,0.1629514616657477,False,0.3269145911924268,False,False,0.24493302642908724,False,0,LOW,PASS,1,2000
C322,L1,TypeA,31.39,1.01,10.79,11.79,12.79,60.0,1.08,1.18,1.28,6.0,Absolute_Failure,50,31.0,1.0,TypeA|T=31.0|V=1.0,12.95,1.0,1.58,2.16,-1.45692,3,0.41626285714285716,False,0.45078165442065454,False,False,0.43352225578175585,False,0,LOW,PASS,1,2000
C323,L1,TypeA,31.67,1.01,8.01,9.01,28.01,30.01,0.8,0.9,2.8,3.0,Sudden_Anomaly,50,32.0,1.0,TypeA|T=32.0|V=1.0,10.79,0.7699999999999996,1.4649999999999999,2.7799999999999994,-2.4352077922077933,7,0.6957736549165123,False,0.8263305187385324,True,False,0.7610520868275223,True,1,MEDIUM,REVIEW,1,2000
C324,L1,TypeC,28.73,1.29,10.03,12.03,15.03,20.03,1.0,1.2,1.5,2.0,Latent_Defect,50,29.0,1.3,TypeC|T=29.0|V=1.3,11.61,1.4900000000000002,2.8200000000000003,1.58,-0.7152416107382549,5,0.2043547459252157,False,0.27767639163234026,False,False,0.24101556877877797,False,0,LOW,PASS,1,2000
C325,L1,TypeB,28.03,1.23,8.13,10.13,13.13,18.13,0.81,1.01,1.31,1.81,Latent_Defect,50,28.0,1.25,TypeB|T=28.0|V=1.25,11.78,0.9900000000000002,2.33,3.6499999999999986,-2.486792929292928,13,0.7105122655122651,False,0.8018900071441234,True,False,0.7562011363281942,True,1,MEDIUM,REVIEW,1,2000
C326,L1,TypeB,30.25,1.16,13.81,14.81,15.81,60.0,1.38,1.48,1.58,6.0,Absolute_Failure,50,30.0,1.1500000000000001,TypeB|T=30.0|V=1.15,10.945,1.7299999999999995,3.4999999999999982,2.865,1.1170187861271679,12,0.31914822460776227,False,0.14297584041920264,False,False,0.23106203251348245,False,0,LOW,PASS,1,2000
C327,L1,TypeC,34.75,1.13,12.42,13.42,32.42,34.42,1.24,1.34,3.24,3.44,Sudden_Anomaly,50,35.0,1.1500000000000001,TypeC|T=35.0|V=1.15,11.875,1.1550000000000002,1.9474999999999998,0.5449999999999999,0.31827056277056265,10,0.09093444650587504,False,0.22452500864131372,False,False,0.15772972757359438,False,0,LOW,PASS,1,2000
C328,L1,TypeB,31.36,1.16,13.74,14.74,33.74,35.74,1.37,1.47,3.37,3.57,Sudden_Anomaly,50,31.0,1.1500000000000001,TypeB|T=31.0|V=1.15,11.82,2.21,4.27,1.92,0.5859909502262444,16,0.16742598577892695,False,0.025432059147670164,False,False,0.09642902246329856,False,0,LOW,PASS,1,2000
C329,L1,TypeB,34.06,1.04,11.02,11.02,11.02,11.02,1.1,1.1,1.1,1.1,High_Stable,50,34.0,1.05,TypeB|T=34.0|V=1.05,11.07,1.3000000000000007,2.58,0.05000000000000071,-0.025942307692308045,17,0.007412087912088013,False,0.3313956280615969,False,False,0.16940385798684246,False,0,LOW,PASS,1,2000
C330,L1,TypeB,27.98,1.22,13.64,15.64,18.64,23.64,1.36,1.56,1.86,2.36,Latent_Defect,50,28.0,1.2000000000000002,TypeB|T=28.0|V=1.2,12.43,1.6600000000000001,2.9700000000000006,1.2100000000000009,0.4916536144578316,17,0.14047246127366617,False,0.15511360173518432,False,False,0.14779303150442524,False,0,LOW,PASS,1,2000
C331,L1,TypeA,27.82,1.23,8.57,8.57,8.57,8.57,0.86,0.86,0.86,0.86,High_Stable,50,28.0,1.25,TypeA|T=28.0|V=1.25,9.600000000000001,0.9050000000000002,2.1999999999999993,1.0300000000000011,-0.7676629834254151,8,0.21933228097869,False,0.2878610991420919,False,False,0.253596690060391,False,0,LOW,PASS,1,2000
C332,L1,TypeC,32.04,1.05,10.51,11.51,12.51,13.51,1.05,1.15,1.25,1.35,Normal,50,32.0,1.05,TypeC|T=32.0|V=1.05,10.51,0.75,1.2400000000000002,0.0,0.0,9,0.0,False,0.19806463121098616,False,False,0.09903231560549308,False,0,LOW,PASS,1,2000
C333,L1,TypeC,25.06,1.29,13.77,13.77,13.77,13.77,1.38,1.38,1.38,1.38,High_Stable,50,25.0,1.3,TypeC|T=25.0|V=1.3,10.27,1.88,3.790000000000001,3.5,1.255718085106383,4,0.35877659574468085,False,0.8313550872082303,True,False,0.5950658414764556,False,1,LOW,PASS,1,2000
C334,L1,TypeC,32.12,1.09,13.3,13.3,13.3,13.3,1.33,1.33,1.33,1.33,High_Stable,50,32.0,1.1,TypeC|T=32.0|V=1.1,12.09,0.5199999999999996,0.879999999999999,1.2100000000000009,1.5695096153846178,13,0.44843131868131936,False,0.2802353256850759,False,False,0.36433332218319764,False,0,LOW,PASS,1,2000
C335,L1,TypeA,32.28,1.11,14.45,15.45,16.45,60.0,1.44,1.54,1.64,6.0,Absolute_Failure,50,32.0,1.1,TypeA|T=32.0|V=1.1,10.8,1.9300000000000015,3.5199999999999996,3.6499999999999986,1.275608808290154,13,0.3644596595114726,False,0.4186802933852243,False,False,0.39156997644834846,False,0,LOW,PASS,1,2000
C336,L1,TypeC,26.62,1.24,13.3,13.3,13.3,13.3,1.33,1.33,1.33,1.33,High_Stable,50,27.0,1.25,TypeC|T=27.0|V=1.25,13.05,1.3500000000000005,2.4875000000000007,0.25,0.12490740740740736,12,0.03568783068783067,False,0.2646952842627323,False,False,0.15019155747528148,False,0,LOW,PASS,1,2000
C337,L1,TypeB,29.55,1.27,9.86,10.86,29.86,31.86,0.99,1.09,2.99,3.19,Sudden_Anomaly,50,30.0,1.25,TypeB|T=30.0|V=1.25,10.535,0.6950000000000003,1.3175000000000008,0.6750000000000007,-0.6550899280575544,10,0.18716855087358697,False,0.19522413163764998,False,False,0.19119634125561846,False,0,LOW,PASS,1,2000
C338,L1,TypeB,31.26,1.04,13.55,13.55,13.55,13.55,1.35,1.35,1.35,1.35,High_Stable,50,31.0,1.05,TypeB|T=31.0|V=1.05,11.385000000000002,1.1099999999999985,2.115,2.164999999999999,1.31557882882883,16,0.3758796653796657,False,0.21468817611619193,False,False,0.2952839207479288,False,0,LOW,PASS,1,2000
C339,L1,TypeB,28.67,1.06,10.82,12.82,15.82,20.82,1.08,1.28,1.58,2.08,Latent_Defect,50,29.0,1.05,TypeB|T=29.0|V=1.05,10.82,1.4699999999999989,3.4450000000000003,0.0,0.0,7,0.0,False,0.16270566901020478,False,False,0.08135283450510239,False,0,LOW,PASS,1,2000
C340,L1,TypeB,29.58,1.23,10.16,11.16,30.16,32.16,1.02,1.12,3.02,3.22,Sudden_Anomaly,50,30.0,1.25,TypeB|T=30.0|V=1.25,10.535,0.6950000000000003,1.3175000000000008,0.375,-0.36393884892086314,10,0.10398252826310375,False,0.08122080692669875,False,False,0.09260166759490125,False,0,LOW,PASS,1,2000
C341,L1,TypeB,26.58,1.29,13.07,14.07,15.07,16.07,1.31,1.41,1.51,1.61,Normal,50,27.0,1.3,TypeB|T=27.0|V=1.3,13.07,1.5600000000000005,3.92,0.0,0.0,5,0.0,False,0.4083543048668214,False,False,0.2041771524334107,False,0,LOW,PASS,1,2000
C342,L1,TypeB,29.09,1.26,10.68,12.68,15.68,20.68,1.07,1.27,1.57,2.07,Latent_Defect,50,29.0,1.25,TypeB|T=29.0|V=1.25,12.09,1.4100000000000001,2.5200000000000014,1.4100000000000001,-0.6745,11,0.1927142857142857,False,0.11038535798847128,False,False,0.1515498218513785,False,0,LOW,PASS,1,2000
C343,L1,TypeB,32.08,1.25,11.48,12.48,13.48,60.0,1.15,1.25,1.35,6.0,Absolute_Failure,50,32.0,1.25,TypeB|T=32.0|V=1.25,11.31,1.7350000000000003,3.01,0.16999999999999993,0.06608933717579246,10,0.018882667764512133,False,0.09398557577516435,False,False,0.05643412176983824,False,0,LOW,PASS,1,2000
C344,L1,TypeA,25.05,1.26,12.58,13.58,14.58,60.0,1.26,1.36,1.46,6.0,Absolute_Failure,50,25.0,1.25,TypeA|T=25.0|V=1.25,12.1,1.0900000000000007,3.120000000000001,0.4800000000000004,0.2970275229357799,6,0.08486500655307996,False,0.4351894069474406,False,False,0.2600272067502603,False,0,LOW,PASS,1,2000
C345,L1,TypeC,33.81,1.12,8.77,10.77,13.77,18.77,0.88,1.08,1.38,1.88,Latent_Defect,50,34.0,1.1,TypeC|T=34.0|V=1.1,13.06,0.9100000000000001,1.4100000000000001,4.290000000000001,-3.1797857142857144,5,0.9085102040816327,False,0.9358831249645401,True,False,0.9221966645230864,True,1,CRITICAL,REVIEW,1,2000
C346,L1,TypeA,29.87,1.12,12.18,12.18,12.18,12.18,1.22,1.22,1.22,1.22,High_Stable,50,30.0,1.1,TypeA|T=30.0|V=1.1,12.18,1.0999999999999996,1.9399999999999995,0.0,0.0,9,0.0,False,0.08075206447359388,False,False,0.04037603223679694,False,0,LOW,PASS,1,2000
C347,L1,TypeA,28.66,1.25,14.54,14.54,14.54,14.54,1.45,1.45,1.45,1.45,High_Stable,50,29.0,1.25,TypeA|T=29.0|V=1.25,11.665,2.455,4.470000000000001,2.875,0.7898930753564155,10,0.22568373581611872,False,0.2937639918851317,False,False,0.2597238638506252,False,0,LOW,PASS,1,2000
C348,L1,TypeC,25.2,1.05,8.06,9.06,10.06,11.06,0.81,0.91,1.01,1.11,Normal,50,25.0,1.05,TypeC|T=25.0|V=1.05,10.465,1.7350000000000003,3.379999999999999,2.4049999999999994,-0.9349697406340054,6,0.26713421160971584,False,0.5942762142908518,True,False,0.4307052129502838,False,1,LOW,PASS,1,2000
C349,L1,TypeC,33.38,1.3,10.06,11.06,12.06,60.0,1.01,1.11,1.21,6.0,Absolute_Failure,50,33.0,1.3,TypeC|T=33.0|V=1.3,10.79,1.2800000000000011,2.01,0.7299999999999986,-0.38467578124999896,5,0.10990736607142827,False,0.4096439630178497,False,False,0.259775664544639,False,0,LOW,PASS,1,2000
C350,L1,TypeA,25.78,1.08,13.85,14.85,15.85,60.0,1.39,1.49,1.59,6.0,Absolute_Failure,50,26.0,1.1,TypeA|T=26.0|V=1.1,12.184999999999999,1.6349999999999998,3.125,1.665000000000001,0.6868761467889913,6,0.19625032765399752,False,0.2507489179259191,False,False,0.2234996227899583,False,0,LOW,PASS,1,2000
C351,L1,TypeA,32.89,1.07,14.25,15.25,16.25,17.25,1.43,1.53,1.63,1.73,Normal,50,33.0,1.05,TypeA|T=33.0|V=1.05,11.55,2.41,4.789999999999999,2.6999999999999993,0.7556639004149375,9,0.21590397154712498,False,0.2545310766202276,False,False,0.2352175240836763,False,0,LOW,PASS,1,2000
C352,L1,TypeB,27.88,1.24,12.1,12.1,12.1,12.1,1.21,1.21,1.21,1.21,High_Stable,50,28.0,1.25,TypeB|T=28.0|V=1.25,11.78,0.9900000000000002,2.33,0.3200000000000003,0.21802020202020217,13,0.062291486291486335,False,0.07669781318641984,False,False,0.06949464973895308,False,0,LOW,PASS,1,2000
C353,L1,TypeC,25.45,1.28,8.09,9.09,28.09,30.09,0.81,0.91,2.81,3.01,Sudden_Anomaly,50,25.0,1.3,TypeC|T=25.0|V=1.3,10.27,1.88,3.790000000000001,2.1799999999999997,-0.7821329787234041,4,0.22346656534954404,False,0.6586130263697247,True,False,0.4410397958596344,False,1,LOW,PASS,1,2000
C354,L1,TypeB,29.76,1.08,9.65,11.65,14.65,19.65,0.96,1.16,1.46,1.96,Latent_Defect,50,30.0,1.1,TypeB|T=30.0|V=1.1,11.165,2.039999999999999,3.7974999999999977,1.5149999999999988,-0.5009154411764705,16,0.14311869747899156,False,0.09136355860973161,False,False,0.11724112804436158,False,0,LOW,PASS,1,2000
C355,L1,TypeC,34.83,1.23,12.71,13.71,14.71,15.71,1.27,1.37,1.47,1.57,Normal,50,35.0,1.25,TypeC|T=35.0|V=1.25,11.105,1.085,1.9725000000000001,1.6050000000000004,0.9977626728110601,14,0.2850750493745886,False,0.36836137418917486,False,False,0.32671821178188176,False,0,LOW,PASS,1,2000
C356,L1,TypeA,26.77,1.11,8.67,8.67,8.67,8.67,0.87,0.87,0.87,0.87,High_Stable,50,27.0,1.1,TypeA|T=27.0|V=1.1,9.72,1.0250000000000004,2.232499999999998,1.0500000000000007,-0.6909512195121953,14,0.1974146341463415,False,0.21637494527810408,False,False,0.2068947897122228,False,0,LOW,PASS,1,2000
C357,L1,TypeB,34.78,1.02,10.33,11.33,12.33,60.0,1.03,1.13,1.23,6.0,Absolute_Failure,50,35.0,1.0,TypeB|T=35.0|V=1.0,10.65,0.375,0.9199999999999999,0.3200000000000003,-0.5755733333333338,4,0.16444952380952396,False,0.4733058788567212,False,False,0.3188777013331226,False,0,LOW,PASS,1,2000
C358,L1,TypeB,32.84,1.07,12.49,13.49,32.49,34.49,1.25,1.35,3.25,3.45,Sudden_Anomaly,50,33.0,1.05,TypeB|T=33.0|V=1.05,11.035,2.4299999999999997,4.657500000000001,1.455,0.40386728395061733,12,0.11539065255731924,False,0.1037387158546269,False,False,0.10956468420597307,False,0,LOW,PASS,1,2000
C359,L1,TypeB,34.77,1.13,13.94,14.94,15.94,16.94,1.39,1.49,1.59,1.69,Normal,50,35.0,1.1500000000000001,TypeB|T=35.0|V=1.15,12.0,1.1550000000000002,1.8774999999999995,1.9399999999999995,1.1329264069264064,6,0.3236932591218304,False,0.3744887663536308,False,False,0.3490910127377306,False,0,LOW,PASS,1,2000
C360,L1,TypeA,25.21,1.11,11.76,13.76,16.76,21.76,1.18,1.38,1.68,2.18,Latent_Defect,50,25.0,1.1,TypeA|T=25.0|V=1.1,9.65,0.8100000000000005,1.834999999999999,2.1099999999999994,1.7570308641975292,6,0.5020088183421512,False,0.5853102585891533,True,False,0.5436595384656522,False,1,LOW,PASS,1,2000
C361,L1,TypeA,32.02,1.15,10.46,11.46,12.46,13.46,1.05,1.15,1.25,1.35,Normal,50,32.0,1.1500000000000001,TypeA|T=32.0|V=1.15,11.555,1.4750000000000005,3.092500000000001,1.0949999999999989,-0.5007305084745756,8,0.14306585956416445,False,0.0,False,False,0.07153292978208223,False,0,LOW,PASS,1,2000
C362,L1,TypeC,33.48,1.12,10.04,11.04,30.04,32.04,1.0,1.1,3.0,3.2,Sudden_Anomaly,50,33.0,1.1,TypeC|T=33.0|V=1.1,12.98,0.5099999999999998,1.5,2.9400000000000013,-3.888294117647062,13,1.0,True,0.7383232055358989,True,False,0.8691616027679494,True,2,HIGH,REVIEW,1,2000
C363,L1,TypeA,30.55,1.28,13.31,14.31,15.31,60.0,1.33,1.43,1.53,6.0,Absolute_Failure,50,31.0,1.3,TypeA|T=31.0|V=1.3,9.53,0.1899999999999995,3.780000000000001,3.780000000000001,13.41900000000004,5,1.0,True,1.0,True,False,1.0,True,2,CRITICAL,REVIEW,1,2000
C364,L1,TypeB,30.59,1.25,12.14,13.14,14.14,60.0,1.21,1.31,1.41,6.0,Absolute_Failure,50,31.0,1.25,TypeB|T=31.0|V=1.25,11.530000000000001,1.9850000000000012,3.7025000000000006,0.6099999999999994,0.207277078085642,10,0.05922202231018343,False,0.03699184036129472,False,False,0.048106931335739074,False,0,LOW,PASS,1,2000
C365,L1,TypeA,28.74,1.12,12.92,12.92,12.92,12.92,1.29,1.29,1.29,1.29,High_Stable,50,29.0,1.1,TypeA|T=29.0|V=1.1,12.21,1.3999999999999986,3.4250000000000007,0.7099999999999991,0.34206785714285703,11,0.09773367346938773,False,0.028701327739296123,False,False,0.06321750060434192,False,0,LOW,PASS,1,2000
C366,L1,TypeA,28.57,1.18,12.3,13.3,14.3,60.0,1.23,1.33,1.43,6.0,Absolute_Failure,50,29.0,1.2000000000000002,TypeA|T=29.0|V=1.2,10.82,2.33,3.9200000000000017,1.4800000000000004,0.42843776824034346,15,0.12241079092581242,False,0.013076005847206073,False,False,0.06774339838650925,False,0,LOW,PASS,1,2000
C367,L1,TypeB,28.54,1.27,10.55,10.55,10.55,10.55,1.06,1.06,1.06,1.06,High_Stable,50,29.0,1.25,TypeB|T=29.0|V=1.25,12.09,1.4100000000000001,2.5200000000000014,1.5399999999999991,-0.7366879432624109,11,0.21048226950354598,False,0.18579262618972872,False,False,0.19813744784663734,False,0,LOW,PASS,1,2000
C368,L1,TypeB,32.22,1.01,10.82,10.82,10.82,10.82,1.08,1.08,1.08,1.08,High_Stable,50,32.0,1.0,TypeB|T=32.0|V=1.0,11.6,1.040000000000001,1.83,0.7799999999999994,-0.5058749999999991,13,0.14453571428571402,False,0.21314713606521563,False,False,0.1788414251754648,False,0,LOW,PASS,1,2000
C369,L1,TypeB,26.75,1.27,8.4,9.4,28.4,30.4,0.84,0.94,2.84,3.04,Sudden_Anomaly,50,27.0,1.25,TypeB|T=27.0|V=1.25,11.08,1.9299999999999997,3.119999999999999,2.6799999999999997,-0.9366113989637306,11,0.26760325684678016,False,0.46762047430381065,False,False,0.3676118655752954,False,0,LOW,PASS,1,2000
C370,L1,TypeB,29.07,1.11,9.99,11.99,14.99,19.99,1.0,1.2,1.5,2.0,Latent_Defect,50,29.0,1.1,TypeB|T=29.0|V=1.1,10.48,1.58,2.370000000000001,0.4900000000000002,-0.20918037974683554,9,0.05976582278481015,False,0.053989814671990544,False,False,0.05687781872840035,False,0,LOW,PASS,1,2000
C371,L1,TypeC,30.52,1.17,9.51,11.51,14.51,19.51,0.95,1.15,1.45,1.95,Latent_Defect,50,31.0,1.1500000000000001,TypeC|T=31.0|V=1.15,10.88,1.6349999999999998,2.977499999999999,1.370000000000001,-0.5651773700305815,10,0.16147924858016616,False,0.04080639900689086,False,False,0.10114282379352851,False,0,LOW,PASS,1,2000
C372,L1,TypeB,30.6,1.12,9.19,10.19,11.19,12.19,0.92,1.02,1.12,1.22,Normal,50,31.0,1.1,TypeB|T=31.0|V=1.1,11.055,1.7149999999999999,3.197499999999998,1.8650000000000002,-0.7334941690962101,10,0.2095697625989172,False,0.09094542978619764,False,False,0.1502575961925574,False,0,LOW,PASS,1,2000
C373,L1,TypeB,34.2,1.19,14.59,15.59,34.59,36.59,1.46,1.56,3.46,3.66,Sudden_Anomaly,50,34.0,1.2000000000000002,TypeB|T=34.0|V=1.2,12.14,1.4100000000000001,2.795,2.4499999999999993,1.1720035460992904,16,0.33485815602836866,False,0.428542181571764,False,False,0.3817001688000663,False,0,LOW,PASS,1,2000
C374,L1,TypeA,25.0,1.17,9.13,10.13,29.13,31.13,0.91,1.01,2.91,3.11,Sudden_Anomaly,50,25.0,1.1500000000000001,TypeA|T=25.0|V=1.15,11.7,2.4400000000000013,4.615,2.5699999999999985,-0.7104364754098352,7,0.20298185011709577,False,0.36632078492856945,False,False,0.2846513175228326,False,0,LOW,PASS,1,2000
C375,L1,TypeA,33.06,1.21,12.31,13.31,14.31,60.0,1.23,1.33,1.43,6.0,Absolute_Failure,50,33.0,1.2000000000000002,TypeA|T=33.0|V=1.2,11.66,1.0100000000000007,1.722500000000002,0.6500000000000004,0.4340841584158415,10,0.124024045261669,False,0.08727276691601092,False,False,0.10564840608883996,False,0,LOW,PASS,1,2000
C376,L1,TypeA,27.44,1.06,10.36,12.36,15.36,20.36,1.04,1.24,1.54,2.04,Latent_Defect,50,27.0,1.05,TypeA|T=27.0|V=1.05,10.25,1.915,3.6549999999999994,0.10999999999999943,0.03874412532637055,12,0.01106975009324873,False,0.17755590517804112,False,False,0.09431282763564493,False,0,LOW,PASS,1,2000
C377,L1,TypeA,26.78,1.15,12.63,14.63,17.63,22.63,1.26,1.46,1.76,2.26,Latent_Defect,50,27.0,1.1500000000000001,TypeA|T=27.0|V=1.15,12.55,0.8699999999999992,2.2300000000000004,0.08000000000000007,0.06202298850574724,11,0.017720853858784923,False,0.15341094969276842,False,False,0.08556590177577666,False,0,LOW,PASS,1,2000
C378,L1,TypeC,29.71,1.28,13.48,13.48,13.48,13.48,1.35,1.35,1.35,1.35,High_Stable,50,30.0,1.3,TypeC|T=30.0|V=1.3,11.73,1.08,1.6849999999999987,1.75,1.0929398148148146,6,0.31226851851851845,False,0.29318735448419236,False,False,0.30272793650135543,False,0,LOW,PASS,1,2000
C379,L1,TypeB,33.38,1.21,9.79,11.79,14.79,19.79,0.98,1.18,1.48,1.98,Latent_Defect,50,33.0,1.2000000000000002,TypeB|T=33.0|V=1.2,11.825,1.3450000000000006,2.7375000000000007,2.035,-1.0205260223048322,8,0.29157886351566636,False,0.1966623494944777,False,False,0.24412060650507203,False,0,LOW,PASS,1,2000
C380,L1,TypeB,26.47,1.07,8.85,9.85,10.85,60.0,0.88,0.98,1.08,6.0,Absolute_Failure,50,26.0,1.05,TypeB|T=26.0|V=1.05,11.965,1.6600000000000001,3.2074999999999996,3.115,-1.265703313253012,14,0.36162951807228916,False,0.3707996434374502,False,False,0.3662145807548697,False,0,LOW,PASS,1,2000
C381,L1,TypeA,33.69,1.17,11.12,11.12,11.12,11.12,1.11,1.11,1.11,1.11,High_Stable,50,34.0,1.1500000000000001,TypeA|T=34.0|V=1.15,11.69,0.9600000000000009,1.8249999999999993,0.5700000000000003,-0.40048437499999984,10,0.1144241071428571,False,0.09843685809379324,False,False,0.10643048261832516,False,0,LOW,PASS,1,2000
C382,L1,TypeA,29.05,1.19,13.15,14.15,15.15,16.15,1.31,1.41,1.51,1.61,Normal,50,29.0,1.2000000000000002,TypeA|T=29.0|V=1.2,10.82,2.33,3.9200000000000017,2.33,0.6745,15,0.1927142857142857,False,0.10494187736229009,False,False,0.1488280815382879,False,0,LOW,PASS,1,2000
C383,L1,TypeB,28.33,1.1,8.1,10.1,13.1,18.1,0.81,1.01,1.31,1.81,Latent_Defect,50,28.0,1.1,TypeB|T=28.0|V=1.1,9.87,1.0099999999999998,4.949999999999999,1.7699999999999996,-1.1820445544554454,13,0.3377270155586987,False,0.3999458398190255,False,False,0.3688364276888621,False,0,LOW,PASS,1,2000
C384,L1,TypeA,25.93,1.23,13.24,14.24,33.24,35.24,1.32,1.42,3.32,3.52,Sudden_Anomaly,50,26.0,1.25,TypeA|T=26.0|V=1.25,12.76,1.1600000000000001,3.0700000000000003,0.4800000000000004,0.27910344827586225,15,0.07974384236453207,False,0.2644771959512463,False,False,0.1721105191578892,False,0,LOW,PASS,1,2000
C385,L1,TypeB,27.37,1.19,14.26,15.26,16.26,60.0,1.43,1.53,1.63,6.0,Absolute_Failure,50,27.0,1.2000000000000002,TypeB|T=27.0|V=1.2,12.775,1.4649999999999999,3.5824999999999996,1.4849999999999994,0.6837081911262797,12,0.19534519746465134,False,0.152165185376323,False,False,0.17375519142048718,False,0,LOW,PASS,1,2000
C386,L1,TypeA,27.66,1.21,13.94,14.94,15.94,60.0,1.39,1.49,1.59,6.0,Absolute_Failure,50,28.0,1.2000000000000002,TypeA|T=28.0|V=1.2,12.24,1.0999999999999996,1.5700000000000003,1.6999999999999993,1.0424090909090908,9,0.29783116883116884,False,0.14753188646033785,False,False,0.22268152764575333,False,0,LOW,PASS,1,2000
C387,L1,TypeB,33.03,1.04,13.62,14.62,33.62,35.62,1.36,1.46,3.36,3.56,Sudden_Anomaly,50,33.0,1.05,TypeB|T=33.0|V=1.05,11.035,2.4299999999999997,4.657500000000001,2.584999999999999,0.7175236625514402,12,0.2050067607289829,False,0.26101379887726334,False,False,0.2330102798031231,False,0,LOW,PASS,1,2000
C388,L1,TypeC,34.95,1.24,9.05,10.05,29.05,31.05,0.9,1.0,2.9,3.1,Sudden_Anomaly,50,35.0,1.25,TypeC|T=35.0|V=1.25,11.105,1.085,1.9725000000000001,2.0549999999999997,-1.2775092165898616,14,0.36500263331138905,False,0.5181208252415597,False,False,0.44156172927647436,False,0,LOW,PASS,1,2000
C389,L1,TypeB,32.53,1.11,10.93,11.93,12.93,60.0,1.09,1.19,1.29,6.0,Absolute_Failure,50,33.0,1.1,TypeB|T=33.0|V=1.1,11.27,1.08,1.6925000000000008,0.33999999999999986,-0.21234259259259247,4,0.06066931216931214,False,0.06974373100668278,False,False,0.06520652158799746,False,0,LOW,PASS,1,2000
C390,L1,TypeA,33.1,1.26,8.85,10.85,13.85,18.85,0.89,1.09,1.39,1.89,Latent_Defect,50,33.0,1.25,TypeA|T=33.0|V=1.25,11.515,2.0300000000000002,4.050000000000001,2.665000000000001,-0.8854889162561578,16,0.2529968332160451,False,0.3720862898619351,False,False,0.3125415615389901,False,0,LOW,PASS,1,2000
C391,L1,TypeB,32.21,1.02,11.6,11.6,11.6,11.6,1.16,1.16,1.16,1.16,High_Stable,50,32.0,1.0,TypeB|T=32.0|V=1.0,11.6,1.040000000000001,1.83,0.0,0.0,13,0.0,False,0.2302792492617773,False,False,0.11513962463088866,False,0,LOW,PASS,1,2000
C392,L1,TypeB,25.79,1.19,10.58,10.58,10.58,10.58,1.06,1.06,1.06,1.06,High_Stable,50,26.0,1.2000000000000002,TypeB|T=26.0|V=1.2,12.85,1.9000000000000004,4.229999999999999,2.2699999999999996,-0.8058499999999997,17,0.23024285714285705,False,0.25972993112627263,False,False,0.24498639413456486,False,0,LOW,PASS,1,2000
C393,L1,TypeB,34.28,1.2,10.86,12.86,15.86,20.86,1.09,1.29,1.59,2.09,Latent_Defect,50,34.0,1.2000000000000002,TypeB|T=34.0|V=1.2,12.14,1.4100000000000001,2.795,1.2800000000000011,-0.6123120567375891,16,0.17494630192502547,False,0.18971899682485105,False,False,0.18233264937493826,False,0,LOW,PASS,1,2000
C394,L1,TypeB,32.68,1.27,11.75,11.75,11.75,11.75,1.18,1.18,1.18,1.18,High_Stable,50,33.0,1.25,TypeB|T=33.0|V=1.25,11.885,0.7799999999999994,1.9175000000000004,0.1349999999999998,-0.11674038461538454,8,0.033354395604395584,False,0.18682383888320309,False,False,0.11008911724379933,False,0,LOW,PASS,1,2000
C395,L1,TypeB,27.68,1.13,8.25,9.25,28.25,30.25,0.83,0.93,2.83,3.03,Sudden_Anomaly,50,28.0,1.1500000000000001,TypeB|T=28.0|V=1.15,11.055,0.6099999999999994,0.9824999999999982,2.8049999999999997,-3.1015942622950847,6,0.886169789227167,False,0.6994587313576843,True,False,0.7928142602924257,True,1,MEDIUM,REVIEW,1,2000
C396,L1,TypeA,26.1,1.28,10.71,11.71,30.71,32.71,1.07,1.17,3.07,3.27,Sudden_Anomaly,50,26.0,1.3,TypeA|T=26.0|V=1.3,9.9,0.7699999999999996,1.5399999999999991,0.8100000000000005,0.7095389610389619,5,0.20272541743970338,False,0.40221435339707357,False,False,0.3024698854183885,False,0,LOW,PASS,1,2000
C397,L1,TypeB,30.54,1.14,13.43,15.43,18.43,23.43,1.34,1.54,1.84,2.34,Latent_Defect,50,31.0,1.1500000000000001,TypeB|T=31.0|V=1.15,11.82,2.21,4.27,1.6099999999999994,0.4913778280542984,16,0.14039366515837098,False,0.026063649727554122,False,False,0.08322865744296255,False,0,LOW,PASS,1,2000
C398,L1,TypeB,33.71,1.05,11.11,13.11,16.11,21.11,1.11,1.31,1.61,2.11,Latent_Defect,50,34.0,1.05,TypeB|T=34.0|V=1.05,11.07,1.3000000000000007,2.58,0.03999999999999915,0.0207538461538457,17,0.0059296703296702,False,0.3008046296602372,False,False,0.15336714999495368,False,0,LOW,PASS,1,2000
C399,L1,TypeC,29.45,1.01,12.89,13.89,32.89,34.89,1.29,1.39,3.29,3.49,Sudden_Anomaly,50,29.0,1.0,TypeC|T=29.0|V=1.0,11.405000000000001,1.3900000000000006,2.4625000000000004,1.4849999999999994,0.7205989208633088,6,0.20588540596094537,False,0.2073369885899384,False,False,0.2066111972754419,False,0,LOW,PASS,1,2000
C400,L1,TypeA,34.18,1.14,12.72,13.72,14.72,60.0,1.27,1.37,1.47,6.0,Absolute_Failure,50,34.0,1.1500000000000001,TypeA|T=34.0|V=1.15,11.69,0.9600000000000009,1.8249999999999993,1.0300000000000011,0.7236822916666669,10,0.2067663690476191,False,0.16155221771630804,False,False,0.18415929338196357,False,0,LOW,PASS,1,2000
C401,L1,TypeA,30.52,1.02,13.95,15.95,18.95,23.95,1.39,1.59,1.89,2.39,Latent_Defect,50,31.0,1.0,TypeA|T=31.0|V=1.0,12.95,1.0,1.58,1.0,0.6745,3,0.1927142857142857,False,0.28179303482782736,False,False,0.23725366027105654,False,0,LOW,PASS,1,2000
C402,L1,TypeB,32.12,1.08,10.74,12.74,15.74,20.74,1.07,1.27,1.57,2.07,Latent_Defect,50,32.0,1.1,TypeB|T=32.0|V=1.1,11.14,1.9499999999999993,2.875,0.40000000000000036,-0.13835897435897454,15,0.03953113553113558,False,0.08719643815866622,False,False,0.0633637868449009,False,0,LOW,PASS,1,2000
C403,L1,TypeC,27.45,1.14,10.77,11.77,30.77,32.77,1.08,1.18,3.08,3.28,Sudden_Anomaly,50,27.0,1.1500000000000001,TypeC|T=27.0|V=1.15,12.01,1.0149999999999997,1.7874999999999996,1.2400000000000002,-0.8240197044334979,16,0.2354342012667137,False,0.10574281007444078,False,False,0.17058850567057723,False,0,LOW,PASS,1,2000
C404,L1,TypeA,31.71,1.25,13.89,14.89,15.89,16.89,1.39,1.49,1.59,1.69,Normal,50,32.0,1.25,TypeA|T=32.0|V=1.25,11.01,1.1799999999999997,3.67,2.880000000000001,1.646237288135594,13,0.470353510895884,False,0.3601100477714882,False,False,0.4152317793336861,False,0,LOW,PASS,1,2000
C405,L1,TypeB,33.58,1.07,13.36,14.36,15.36,60.0,1.34,1.44,1.54,6.0,Absolute_Failure,50,34.0,1.05,TypeB|T=34.0|V=1.05,11.07,1.3000000000000007,2.58,2.289999999999999,1.188157692307691,17,0.33947362637362605,False,0.27633024591203603,False,False,0.307901936142831,False,0,LOW,PASS,1,2000
C406,L1,TypeC,34.81,1.11,8.56,9.56,10.56,11.56,0.86,0.96,1.06,1.16,Normal,50,35.0,1.1,TypeC|T=35.0|V=1.1,9.165,0.5249999999999995,2.16,0.6049999999999986,-0.7772809523809514,4,0.22208027210884326,False,0.53617012782477,False,False,0.37912519996680666,False,0,LOW,PASS,1,2000
C407,L1,TypeC,28.85,1.18,12.94,13.94,14.94,60.0,1.29,1.39,1.49,6.0,Absolute_Failure,50,29.0,1.2000000000000002,TypeC|T=29.0|V=1.2,12.82,1.5600000000000005,3.710000000000001,0.11999999999999922,0.05188461538461503,9,0.014824175824175723,False,0.11484317054415533,False,False,0.06483367318416552,False,0,LOW,PASS,1,2000
C408,L1,TypeA,30.86,1.03,11.53,11.53,11.53,11.53,1.15,1.15,1.15,1.15,High_Stable,50,31.0,1.05,TypeA|T=31.0|V=1.05,11.53,2.0299999999999994,3.8049999999999997,0.0,0.0,15,0.0,False,0.18694599539239934,False,False,0.09347299769619967,False,0,LOW,PASS,1,2000
C409,L1,TypeC,30.07,1.13,12.1,13.1,32.1,34.1,1.21,1.31,3.21,3.41,Sudden_Anomaly,50,30.0,1.1500000000000001,TypeC|T=30.0|V=1.15,12.41,1.4000000000000004,2.780000000000001,0.3100000000000005,-0.14935357142857164,15,0.042672448979591895,False,0.004575744978597979,False,False,0.023624096979094938,False,0,LOW,PASS,1,2000
C410,L1,TypeA,27.55,1.17,11.73,13.73,16.73,21.73,1.17,1.37,1.67,2.17,Latent_Defect,50,28.0,1.1500000000000001,TypeA|T=28.0|V=1.15,11.73,1.0999999999999996,2.1400000000000006,0.0,0.0,9,0.0,False,0.06984660912326504,False,False,0.03492330456163252,False,0,LOW,PASS,1,2000
C411,L1,TypeC,30.39,1.02,13.52,14.52,15.52,16.52,1.35,1.45,1.55,1.65,Normal,50,30.0,1.0,TypeC|T=30.0|V=1.0,12.955,1.125,2.0124999999999993,0.5649999999999995,0.3387488888888886,4,0.09678539682539675,False,0.2804238994586267,False,False,0.18860464814201172,False,0,LOW,PASS,1,2000
C412,L1,TypeA,29.06,1.09,12.51,13.51,14.51,15.51,1.25,1.35,1.45,1.55,Normal,50,29.0,1.1,TypeA|T=29.0|V=1.1,12.21,1.3999999999999986,3.4250000000000007,0.29999999999999893,0.1445357142857139,11,0.04129591836734683,False,0.08209882878843598,False,False,0.0616973735778914,False,0,LOW,PASS,1,2000
C413,L1,TypeB,34.2,1.12,12.71,13.71,14.71,15.71,1.27,1.37,1.47,1.57,Normal,50,34.0,1.1,TypeB|T=34.0|V=1.1,12.71,0.6099999999999994,1.2100000000000009,0.0,0.0,9,0.0,False,0.2646845142609816,False,False,0.1323422571304908,False,0,LOW,PASS,1,2000
C414,L1,TypeA,34.75,1.07,12.63,12.63,12.63,12.63,1.26,1.26,1.26,1.26,High_Stable,50,35.0,1.05,TypeA|T=35.0|V=1.05,13.92,0.33999999999999986,0.8149999999999995,1.2899999999999991,-2.559132352941176,3,0.7311806722689074,False,0.693444723082066,True,False,0.7123126976754867,True,1,MEDIUM,REVIEW,1,2000
C415,L1,TypeA,26.37,1.01,12.8,13.8,14.8,60.0,1.28,1.38,1.48,6.0,Absolute_Failure,50,26.0,1.0,TypeA|T=26.0|V=1.0,11.925,1.1349999999999998,2.139999999999999,0.875,0.5199889867841411,6,0.14856828193832602,False,0.32013559714110174,False,False,0.2343519395397139,False,0,LOW,PASS,1,2000
C416,L1,TypeA,31.76,1.25,10.22,12.22,15.22,20.22,1.02,1.22,1.52,2.02,Latent_Defect,50,32.0,1.25,TypeA|T=32.0|V=1.25,11.01,1.1799999999999997,3.67,0.7899999999999991,-0.4515720338983047,13,0.12902058111380135,False,0.08828703570100782,False,False,0.10865380840740459,False,0,LOW,PASS,1,2000
C417,L1,TypeC,32.41,1.2,9.51,10.51,29.51,31.51,0.95,1.05,2.95,3.15,Sudden_Anomaly,50,32.0,1.2000000000000002,TypeC|T=32.0|V=1.2,10.575,1.6099999999999994,2.887500000000001,1.0649999999999995,-0.44617546583850926,10,0.12747870452528837,False,0.12439913532525569,False,False,0.12593891992527204,False,0,LOW,PASS,1,2000
C418,L1,TypeA,28.93,1.29,10.07,11.07,12.07,13.07,1.01,1.11,1.21,1.31,Normal,50,29.0,1.3,TypeA|T=29.0|V=1.3,10.07,0.23000000000000043,0.9550000000000001,0.0,0.0,3,0.0,False,0.3352768795065258,False,False,0.1676384397532629,False,0,LOW,PASS,1,2000
C419,L1,TypeA,30.79,1.23,12.5,13.5,32.5,34.5,1.25,1.35,3.25,3.45,Sudden_Anomaly,50,31.0,1.25,TypeA|T=31.0|V=1.25,12.5,1.3499999999999996,2.549999999999999,0.0,0.0,9,0.0,False,0.10719893019520908,False,False,0.05359946509760454,False,0,LOW,PASS,1,2000
C420,L1,TypeB,27.88,1.29,10.99,10.99,10.99,10.99,1.1,1.1,1.1,1.1,High_Stable,50,28.0,1.3,TypeB|T=28.0|V=1.3,11.11,1.9100000000000001,2.9250000000000007,0.11999999999999922,-0.04237696335078506,6,0.012107703814510016,False,0.265610162551069,False,False,0.13885893318278952,False,0,LOW,PASS,1,2000
C421,L1,TypeC,31.26,1.04,10.2,11.2,30.2,32.2,1.02,1.12,3.02,3.22,Sudden_Anomaly,50,31.0,1.05,TypeC|T=31.0|V=1.05,11.184999999999999,2.46,4.84,0.9849999999999994,-0.2700741869918698,16,0.07716405342624852,False,0.08556588337696992,False,False,0.08136496840160923,False,0,LOW,PASS,1,2000
C422,L1,TypeC,30.55,1.14,12.15,13.15,14.15,15.15,1.22,1.32,1.42,1.52,Normal,50,31.0,1.1500000000000001,TypeC|T=31.0|V=1.15,10.88,1.6349999999999998,2.977499999999999,1.2699999999999996,0.5239235474006115,10,0.14969244211446045,False,0.0,False,False,0.07484622105723023,False,0,LOW,PASS,1,2000
C423,L1,TypeC,34.79,1.16,12.85,13.85,14.85,15.85,1.28,1.38,1.48,1.58,Normal,50,35.0,1.1500000000000001,TypeC|T=35.0|V=1.15,11.875,1.1550000000000002,1.9474999999999998,0.9749999999999996,0.5693831168831166,10,0.1626808905380333,False,0.2625452685893721,False,False,0.2126130795637027,False,0,LOW,PASS,1,2000
C424,L1,TypeC,25.29,1.01,14.3,15.3,16.3,60.0,1.43,1.53,1.63,6.0,Absolute_Failure,50,25.0,1.0,TypeC|T=25.0|V=1.0,12.55,1.75,2.33,1.75,0.6745,3,0.1927142857142857,False,0.5399041327410853,False,False,0.3663092092276855,False,0,LOW,PASS,1,2000
C425,L1,TypeB,25.79,1.08,14.89,16.89,19.89,24.89,1.49,1.69,1.99,2.49,Latent_Defect,50,26.0,1.1,TypeB|T=26.0|V=1.1,12.795,1.5949999999999998,3.094999999999999,2.0950000000000006,0.8859420062695929,14,0.25312628750559796,False,0.4720257349621036,False,False,0.36257601123385075,False,0,LOW,PASS,1,2000
C426,L1,TypeA,28.95,1.11,13.81,14.81,15.81,16.81,1.38,1.48,1.58,1.68,Normal,50,29.0,1.1,TypeA|T=29.0|V=1.1,12.21,1.3999999999999986,3.4250000000000007,1.5999999999999996,0.7708571428571435,11,0.22024489795918384,False,0.09550349299518245,False,False,0.15787419547718315,False,0,LOW,PASS,1,2000
C427,L1,TypeA,33.56,1.09,8.21,9.21,10.21,11.21,0.82,0.92,1.02,1.12,Normal,50,34.0,1.1,TypeA|T=34.0|V=1.1,12.004999999999999,1.8649999999999993,3.4400000000000013,3.794999999999998,-1.3725080428954421,12,0.3921451551129835,False,0.611762807711844,True,False,0.5019539814124138,False,1,LOW,PASS,1,2000
C428,L1,TypeB,26.17,1.2,12.85,13.85,14.85,15.85,1.29,1.39,1.49,1.59,Normal,50,26.0,1.2000000000000002,TypeB|T=26.0|V=1.2,12.85,1.9000000000000004,4.229999999999999,0.0,0.0,17,0.0,False,0.2700877712489901,False,False,0.13504388562449504,False,0,LOW,PASS,1,2000
C429,L1,TypeB,27.8,1.07,12.92,13.92,14.92,15.92,1.29,1.39,1.49,1.59,Normal,50,28.0,1.05,TypeB|T=28.0|V=1.05,10.05,0.5450000000000008,1.3650000000000002,2.869999999999999,3.5519541284403604,8,1.0,True,0.6604550190991378,True,False,0.8302275095495689,True,2,HIGH,REVIEW,1,2000
C430,L1,TypeB,31.86,1.0,13.1,14.1,15.1,60.0,1.31,1.41,1.51,6.0,Absolute_Failure,50,32.0,1.0,TypeB|T=32.0|V=1.0,11.6,1.040000000000001,1.83,1.5,0.9728365384615375,13,0.27795329670329644,False,0.3732499047692522,False,False,0.3256016007362743,False,0,LOW,PASS,1,2000
C431,L1,TypeC,33.28,1.1,12.8,13.8,14.8,60.0,1.28,1.38,1.48,6.0,Absolute_Failure,50,33.0,1.1,TypeC|T=33.0|V=1.1,12.98,0.5099999999999998,1.5,0.17999999999999972,-0.2380588235294115,13,0.06801680672268899,False,0.21526630027670554,False,False,0.14164155349969726,False,0,LOW,PASS,1,2000
C432,L1,TypeC,32.5,1.01,12.88,13.88,14.88,15.88,1.29,1.39,1.49,1.59,Normal,50,32.0,1.0,TypeC|T=32.0|V=1.0,12.88,1.200000000000001,2.215,0.0,0.0,7,0.0,False,0.3680772832589007,False,False,0.18403864162945036,False,0,LOW,PASS,1,2000
C433,L1,TypeC,34.61,1.23,9.52,9.52,9.52,9.52,0.95,0.95,0.95,0.95,High_Stable,50,35.0,1.25,TypeC|T=35.0|V=1.25,11.105,1.085,1.9725000000000001,1.5850000000000009,-0.9853294930875582,14,0.28152271231073095,False,0.3701350965199568,False,False,0.32582890441534385,False,0,LOW,PASS,1,2000
C434,L1,TypeA,31.1,1.07,8.69,8.69,8.69,8.69,0.87,0.87,0.87,0.87,High_Stable,50,31.0,1.05,TypeA|T=31.0|V=1.05,11.53,2.0299999999999994,3.8049999999999997,2.84,-0.9436354679802957,15,0.26961013370865594,False,0.21030731824890125,False,False,0.2399587259787786,False,0,LOW,PASS,1,2000
C435,L1,TypeC,32.15,1.25,10.51,11.51,12.51,13.51,1.05,1.15,1.25,1.35,Normal,50,32.0,1.25,TypeC|T=32.0|V=1.25,11.69,2.1400000000000006,4.07,1.1799999999999997,-0.37192056074766333,25,0.10626301735647524,False,0.10832055147492124,False,False,0.10729178441569824,False,0,LOW,PASS,1,2000
C436,L1,TypeC,29.04,1.18,14.38,16.38,19.38,24.38,1.44,1.64,1.94,2.44,Latent_Defect,50,29.0,1.2000000000000002,TypeC|T=29.0|V=1.2,12.82,1.5600000000000005,3.710000000000001,1.5600000000000005,0.6745,9,0.1927142857142857,False,0.11903233788860308,False,False,0.1558733118014444,False,0,LOW,PASS,1,2000
C437,L1,TypeC,27.42,1.18,12.81,13.81,14.81,15.81,1.28,1.38,1.48,1.58,Normal,50,27.0,1.2000000000000002,TypeC|T=27.0|V=1.2,11.76,0.9649999999999999,1.790000000000001,1.0500000000000007,0.7339119170984462,10,0.20968911917098462,False,0.07686072230819369,False,False,0.14327492073958914,False,0,LOW,PASS,1,2000
C438,L1,TypeA,32.17,1.23,12.19,13.19,32.19,34.19,1.22,1.32,3.22,3.42,Sudden_Anomaly,50,32.0,1.25,TypeA|T=32.0|V=1.25,11.01,1.1799999999999997,3.67,1.1799999999999997,0.6745,13,0.1927142857142857,False,0.09357656769559679,False,False,0.14314542670494124,False,0,LOW,PASS,1,2000
C439,L1,TypeC,29.56,1.26,8.91,9.91,28.91,30.91,0.89,0.99,2.89,3.09,Sudden_Anomaly,50,30.0,1.25,TypeC|T=30.0|V=1.25,11.165,2.1099999999999994,4.5649999999999995,2.254999999999999,-0.7208518957345971,10,0.20595768449559917,False,0.24833554146387155,False,False,0.22714661297973537,False,0,LOW,PASS,1,2000
C440,L1,TypeC,30.12,1.13,9.47,10.47,29.47,31.47,0.95,1.05,2.95,3.15,Sudden_Anomaly,50,30.0,1.1500000000000001,TypeC|T=30.0|V=1.15,12.41,1.4000000000000004,2.780000000000001,2.9399999999999995,-1.4164499999999993,15,0.4046999999999998,False,0.21751758634806648,False,False,0.3111087931740331,False,0,LOW,PASS,1,2000
C441,L1,TypeA,25.98,1.22,13.18,14.18,15.18,16.18,1.32,1.42,1.52,1.62,Normal,50,26.0,1.2000000000000002,TypeA|T=26.0|V=1.2,10.51,1.4100000000000001,2.49,2.67,1.2772446808510636,7,0.36492705167173245,False,0.3716758592086431,False,False,0.3683014554401878,False,0,LOW,PASS,1,2000
C442,L1,TypeB,30.6,1.19,14.37,15.37,16.37,60.0,1.44,1.54,1.64,6.0,Absolute_Failure,50,31.0,1.2000000000000002,TypeB|T=31.0|V=1.2,12.745000000000001,1.1800000000000006,1.652499999999998,1.6249999999999982,0.9288665254237274,8,0.26539043583535066,False,0.14460656947660516,False,False,0.2049985026559779,False,0,LOW,PASS,1,2000
C443,L1,TypeC,34.63,1.13,12.39,13.39,14.39,15.39,1.24,1.34,1.44,1.54,Normal,50,35.0,1.1500000000000001,TypeC|T=35.0|V=1.15,11.875,1.1550000000000002,1.9474999999999998,0.5150000000000006,0.30075108225108255,10,0.08592888064316644,False,0.2172274554662428,False,False,0.15157816805470462,False,0,LOW,PASS,1,2000
C444,L1,TypeC,30.38,1.08,11.25,12.25,13.25,60.0,1.12,1.22,1.32,6.0,Absolute_Failure,50,30.0,1.1,TypeC|T=30.0|V=1.1,11.04,1.7799999999999994,2.115,0.21000000000000085,0.07957584269662957,11,0.022735955056179875,False,0.06396476321179503,False,False,0.04335035913398745,False,0,LOW,PASS,1,2000
C445,L1,TypeB,26.18,1.14,10.78,11.78,12.78,60.0,1.08,1.18,1.28,6.0,Absolute_Failure,50,26.0,1.1500000000000001,TypeB|T=26.0|V=1.15,11.66,0.8799999999999999,1.8025000000000002,0.8800000000000008,-0.6745000000000007,10,0.1927142857142859,False,0.10640607722978067,False,False,0.1495601814720333,False,0,LOW,PASS,1,2000
C446,L1,TypeB,25.81,1.27,12.48,12.48,12.48,12.48,1.25,1.25,1.25,1.25,High_Stable,50,26.0,1.25,TypeB|T=26.0|V=1.25,12.375,1.1099999999999994,2.1149999999999984,0.10500000000000043,0.06380405405405434,6,0.01822972972972981,False,0.376108329182746,False,False,0.1971690294562379,False,0,LOW,PASS,1,2000
C447,L1,TypeA,25.76,1.25,13.13,14.13,15.13,60.0,1.31,1.41,1.51,6.0,Absolute_Failure,50,26.0,1.25,TypeA|T=26.0|V=1.25,12.76,1.1600000000000001,3.0700000000000003,0.370000000000001,0.2151422413793109,15,0.061469211822660255,False,0.3164864842148519,False,False,0.18897784801875608,False,0,LOW,PASS,1,2000
C448,L1,TypeB,26.34,1.26,8.64,8.64,8.64,8.64,0.86,0.86,0.86,0.86,High_Stable,50,26.0,1.25,TypeB|T=26.0|V=1.25,12.375,1.1099999999999994,2.1149999999999984,3.7349999999999994,-2.269601351351352,6,0.6484575289575292,False,0.7762205922340272,True,False,0.7123390605957782,True,1,MEDIUM,REVIEW,1,2000
C449,L1,TypeB,32.19,1.01,11.72,11.72,11.72,11.72,1.17,1.17,1.17,1.17,High_Stable,50,32.0,1.0,TypeB|T=32.0|V=1.0,11.6,1.040000000000001,1.83,0.120000000000001,0.07782692307692364,13,0.022236263736263896,False,0.25064010819045046,False,False,0.1364381859633572,False,0,LOW,PASS,1,2000
C450,L1,TypeC,31.38,1.05,10.94,11.94,12.94,13.94,1.09,1.19,1.29,1.39,Normal,50,31.0,1.05,TypeC|T=31.0|V=1.05,11.184999999999999,2.46,4.84,0.24499999999999922,-0.06717581300812987,16,0.01919308943089425,False,0.08752062869971104,False,False,0.053356859065302645,False,0,LOW,PASS,1,2000
C451,L1,TypeA,32.69,1.1,8.6,9.6,10.6,60.0,0.86,0.96,1.06,6.0,Absolute_Failure,50,33.0,1.1,TypeA|T=33.0|V=1.1,12.51,0.9799999999999995,2.2375000000000007,3.91,-2.6911173469387766,20,0.7688906705539361,False,0.7591945416672936,True,False,0.7640426061106149,True,1,MEDIUM,REVIEW,1,2000
C452,L1,TypeC,27.24,1.05,13.46,15.46,18.46,23.46,1.35,1.55,1.85,2.35,Latent_Defect,50,27.0,1.05,TypeC|T=27.0|V=1.05,10.53,2.4499999999999993,5.0600000000000005,2.9300000000000015,0.8066469387755109,13,0.23047055393586025,False,0.27207002089735044,False,False,0.25127028741660534,False,0,LOW,PASS,1,2000
C453,L1,TypeC,29.48,1.1,13.2,15.2,18.2,23.2,1.32,1.52,1.82,2.32,Latent_Defect,50,29.0,1.1,TypeC|T=29.0|V=1.1,11.565,1.4100000000000001,2.615000000000002,1.6349999999999998,0.7821329787234041,10,0.22346656534954404,False,0.05465582872942415,False,False,0.1390611970394841,False,0,LOW,PASS,1,2000
C454,L1,TypeB,28.78,1.16,9.58,11.58,14.58,19.58,0.96,1.16,1.46,1.96,Latent_Defect,50,29.0,1.1500000000000001,TypeB|T=29.0|V=1.15,10.075,1.245,2.1799999999999997,0.4949999999999992,-0.2681746987951803,12,0.07662134251290866,False,0.11571113203356224,False,False,0.09616623727323545,False,0,LOW,PASS,1,2000
C455,L1,TypeC,31.62,1.0,10.12,11.12,30.12,32.12,1.01,1.11,3.01,3.21,Sudden_Anomaly,50,32.0,1.0,TypeC|T=32.0|V=1.0,12.88,1.200000000000001,2.215,2.7600000000000016,-1.5513499999999993,7,0.44324285714285694,False,0.5767861623010203,False,False,0.5100145097219386,False,0,LOW,PASS,1,2000
C456,L1,TypeC,29.34,1.19,9.43,11.43,14.43,19.43,0.94,1.14,1.44,1.94,Latent_Defect,50,29.0,1.2000000000000002,TypeC|T=29.0|V=1.2,12.82,1.5600000000000005,3.710000000000001,3.3900000000000006,-1.4657403846153845,9,0.41878296703296697,False,0.3096877146283606,False,False,0.3642353408306638,False,0,LOW,PASS,1,2000
C457,L1,TypeB,31.39,1.06,11.5,12.5,13.5,14.5,1.15,1.25,1.35,1.45,Normal,50,31.0,1.05,TypeB|T=31.0|V=1.05,11.385000000000002,1.1099999999999985,2.115,0.11499999999999844,0.06988063063062977,16,0.01996589446589422,False,0.09757480983186709,False,False,0.058770352148880656,False,0,LOW,PASS,1,2000
C458,L1,TypeA,25.54,1.29,8.9,9.9,28.9,30.9,0.89,0.99,2.89,3.09,Sudden_Anomaly,50,26.0,1.3,TypeA|T=26.0|V=1.3,9.9,0.7699999999999996,1.5399999999999991,1.0,-0.8759740259740264,5,0.2502782931354361,False,0.5672178497303825,False,False,0.40874807143290925,False,0,LOW,PASS,1,2000
C459,L1,TypeC,25.97,1.13,12.2,12.2,12.2,12.2,1.22,1.22,1.22,1.22,High_Stable,50,26.0,1.1500000000000001,TypeC|T=26.0|V=1.15,12.2,1.8000000000000007,2.4700000000000006,0.0,0.0,5,0.0,False,0.20442894680320345,False,False,0.10221447340160172,False,0,LOW,PASS,1,2000
C460,L1,TypeC,28.34,1.3,13.45,14.45,15.45,16.45,1.34,1.44,1.54,1.64,Normal,50,28.0,1.3,TypeC|T=28.0|V=1.3,12.07,2.08,4.0,1.379999999999999,0.4475048076923074,5,0.1278585164835164,False,0.3808612780533207,False,False,0.25435989726841857,False,0,LOW,PASS,1,2000
C461,L1,TypeA,28.01,1.18,12.24,13.24,32.24,34.24,1.22,1.32,3.22,3.42,Sudden_Anomaly,50,28.0,1.2000000000000002,TypeA|T=28.0|V=1.2,12.24,1.0999999999999996,1.5700000000000003,0.0,0.0,9,0.0,False,0.11812871102024428,False,False,0.05906435551012214,False,0,LOW,PASS,1,2000
C462,L1,TypeC,31.08,1.13,12.78,12.78,12.78,12.78,1.28,1.28,1.28,1.28,High_Stable,50,31.0,1.1500000000000001,TypeC|T=31.0|V=1.15,10.88,1.6349999999999998,2.977499999999999,1.8999999999999986,0.7838226299694185,10,0.2239493228484053,False,0.0,False,False,0.11197466142420265,False,0,LOW,PASS,1,2000
C463,L1,TypeB,25.16,1.08,14.05,15.05,16.05,60.0,1.41,1.51,1.61,6.0,Absolute_Failure,50,25.0,1.1,TypeB|T=25.0|V=1.1,12.985,1.4700000000000006,2.365,1.0650000000000013,0.48866836734693914,6,0.1396195335276969,False,0.38976434159139367,False,False,0.2646919375595453,False,0,LOW,PASS,1,2000
C464,L1,TypeB,29.04,1.1,14.08,14.08,14.08,14.08,1.41,1.41,1.41,1.41,High_Stable,50,29.0,1.1,TypeB|T=29.0|V=1.1,10.48,1.58,2.370000000000001,3.5999999999999996,1.5368354430379745,9,0.4390958408679927,False,0.43745730743990113,False,False,0.43827657415394694,False,0,LOW,PASS,1,2000
C465,L1,TypeB,28.41,1.2,12.73,14.73,17.73,22.73,1.27,1.47,1.77,2.27,Latent_Defect,50,28.0,1.2000000000000002,TypeB|T=28.0|V=1.2,12.43,1.6600000000000001,2.9700000000000006,0.3000000000000007,0.12189759036144605,17,0.034827882960413156,False,0.07594417352728937,False,False,0.05538602824385126,False,0,LOW,PASS,1,2000
C466,L1,TypeA,26.69,1.17,14.86,14.86,14.86,14.86,1.49,1.49,1.49,1.49,High_Stable,50,27.0,1.1500000000000001,TypeA|T=27.0|V=1.15,12.55,0.8699999999999992,2.2300000000000004,2.3099999999999987,1.790913793103449,11,0.5116896551724139,False,0.49890743604561255,False,False,0.5052985456090132,False,0,LOW,PASS,1,2000
C467,L1,TypeB,25.66,1.12,10.96,11.96,12.96,13.96,1.1,1.2,1.3,1.4,Normal,50,26.0,1.1,TypeB|T=26.0|V=1.1,12.795,1.5949999999999998,3.094999999999999,1.834999999999999,-0.7759921630094041,14,0.22171204657411545,False,0.2574321884577923,False,False,0.23957211751595386,False,0,LOW,PASS,1,2000
C468,L1,TypeC,27.52,1.12,11.86,12.86,31.86,33.86,1.19,1.29,3.19,3.39,Sudden_Anomaly,50,28.0,1.1,TypeC|T=28.0|V=1.1,10.455,1.5649999999999995,2.9124999999999996,1.4049999999999994,0.6055415335463258,18,0.17301186672752164,False,0.05295987329808888,False,False,0.11298587001280526,False,0,LOW,PASS,1,2000
C469,L1,TypeB,31.16,1.19,12.39,13.39,14.39,15.39,1.24,1.34,1.44,1.54,Normal,50,31.0,1.2000000000000002,TypeB|T=31.0|V=1.2,12.745000000000001,1.1800000000000006,1.652499999999998,0.3550000000000004,-0.20292161016949167,8,0.057977602905569046,False,0.08374556274005975,False,False,0.07086158282281439,False,0,LOW,PASS,1,2000
C470,L1,TypeB,31.41,1.04,9.95,10.95,11.95,12.95,0.99,1.09,1.19,1.29,Normal,50,31.0,1.05,TypeB|T=31.0|V=1.05,11.385000000000002,1.1099999999999985,2.115,1.4350000000000023,-0.8719887387387412,16,0.24913963963964034,False,0.14072462615922762,False,False,0.19493213289943398,False,0,LOW,PASS,1,2000
C471,L1,TypeA,26.78,1.1,9.07,10.07,29.07,31.07,0.91,1.01,2.91,3.11,Sudden_Anomaly,50,27.0,1.1,TypeA|T=27.0|V=1.1,9.72,1.0250000000000004,2.232499999999998,0.6500000000000004,-0.4277317073170733,14,0.1222090592334495,False,0.19909416103889102,False,False,0.16065161013617027,False,0,LOW,PASS,1,2000
C472,L1,TypeB,30.2,1.29,9.01,10.01,11.01,60.0,0.9,1.0,1.1,6.0,Absolute_Failure,50,30.0,1.3,TypeB|T=30.0|V=1.3,10.865,1.0899999999999999,1.6524999999999999,1.8550000000000004,-1.1478876146788994,6,0.327967889908257,False,0.4168457293113757,False,False,0.3724068096098163,False,0,LOW,PASS,1,2000
C473,L1,TypeC,25.6,1.2,9.41,9.41,9.41,9.41,0.94,0.94,0.94,0.94,High_Stable,50,26.0,1.2000000000000002,TypeC|T=26.0|V=1.2,10.945,1.1799999999999997,2.1525000000000016,1.5350000000000001,-0.8774216101694918,14,0.2506918886198548,False,0.25807944685468837,False,False,0.25438566773727156,False,0,LOW,PASS,1,2000
C474,L1,TypeC,29.83,1.23,14.17,15.17,16.17,17.17,1.42,1.52,1.62,1.72,Normal,50,30.0,1.25,TypeC|T=30.0|V=1.25,11.165,2.1099999999999994,4.5649999999999995,3.005000000000001,0.9606030805687209,10,0.27445802301963457,False,0.23682485366193745,False,False,0.255641438340786,False,0,LOW,PASS,1,2000
C475,L1,TypeB,25.24,1.24,11.85,12.85,13.85,14.85,1.19,1.29,1.39,1.49,Normal,50,25.0,1.25,TypeB|T=25.0|V=1.25,10.955,1.2599999999999998,2.3374999999999986,0.8949999999999996,0.4791091269841269,6,0.13688832199546483,False,0.3097018692436157,False,False,0.22329509561954025,False,0,LOW,PASS,1,2000
C476,L1,TypeB,29.43,1.02,11.39,12.39,31.39,33.39,1.14,1.24,3.14,3.34,Sudden_Anomaly,50,29.0,1.0,TypeB|T=29.0|V=1.0,10.57,0.8200000000000003,1.509999999999998,0.8200000000000003,0.6745,7,0.1927142857142857,False,0.23027788032963248,False,False,0.2114960830219591,False,0,LOW,PASS,1,2000
C477,L1,TypeB,25.23,1.09,9.58,11.58,14.58,19.58,0.96,1.16,1.46,1.96,Latent_Defect,50,25.0,1.1,TypeB|T=25.0|V=1.1,12.985,1.4700000000000006,2.365,3.4049999999999994,-1.5623622448979584,6,0.4463892128279881,False,0.591193478749612,True,False,0.5187913457888,False,1,LOW,PASS,1,2000
C478,L1,TypeC,29.62,1.28,11.6,12.6,31.6,33.6,1.16,1.26,3.16,3.36,Sudden_Anomaly,50,30.0,1.3,TypeC|T=30.0|V=1.3,11.73,1.08,1.6849999999999987,0.13000000000000078,-0.0811898148148153,6,0.023197089947090084,False,0.1739488886627245,False,False,0.0985729893049073,False,0,LOW,PASS,1,2000
C479,L1,TypeB,31.77,1.23,13.26,14.26,15.26,60.0,1.33,1.43,1.53,6.0,Absolute_Failure,50,32.0,1.25,TypeB|T=32.0|V=1.25,11.31,1.7350000000000003,3.01,1.9499999999999993,0.7580835734870313,10,0.21659530671058036,False,0.06274711579336477,False,False,0.13967121125197257,False,0,LOW,PASS,1,2000
C480,L1,TypeA,29.96,1.05,14.44,15.44,34.44,36.44,1.44,1.54,3.44,3.64,Sudden_Anomaly,50,30.0,1.05,TypeA|T=30.0|V=1.05,12.185,2.344999999999999,4.959999999999999,2.254999999999999,0.6486130063965885,12,0.1853180018275967,False,0.22310289211511905,False,False,0.20421044697135787,False,0,LOW,PASS,1,2000
C481,L1,TypeB,33.21,1.23,10.73,11.73,12.73,13.73,1.07,1.17,1.27,1.37,Normal,50,33.0,1.25,TypeB|T=33.0|V=1.25,11.885,0.7799999999999994,1.9175000000000004,1.1549999999999994,-0.9987788461538464,8,0.2853653846153847,False,0.20965855719027024,False,False,0.24751197090282745,False,0,LOW,PASS,1,2000
C482,L1,TypeC,33.73,1.26,14.59,15.59,34.59,36.59,1.46,1.56,3.46,3.66,Sudden_Anomaly,50,34.0,1.25,TypeC|T=34.0|V=1.25,11.46,0.7799999999999994,1.7000000000000028,3.129999999999999,2.7066474358974375,11,0.7733278388278393,False,0.8015768178695363,True,False,0.7874523283486878,True,1,MEDIUM,REVIEW,1,2000
C483,L1,TypeA,31.74,1.1,10.82,11.82,30.82,32.82,1.08,1.18,3.08,3.28,Sudden_Anomaly,50,32.0,1.1,TypeA|T=32.0|V=1.1,10.8,1.9300000000000015,3.5199999999999996,0.019999999999999574,0.006989637305699328,13,0.001997039230199808,False,0.08370216591344912,False,False,0.04284960257182446,False,0,LOW,PASS,1,2000
C484,L1,TypeB,27.92,1.3,13.02,14.02,15.02,16.02,1.3,1.4,1.5,1.6,Normal,50,28.0,1.3,TypeB|T=28.0|V=1.3,11.11,1.9100000000000001,2.9250000000000007,1.9100000000000001,0.6745,6,0.1927142857142857,False,0.35220091986013763,False,False,0.27245760278721165,False,0,LOW,PASS,1,2000
C485,L1,TypeB,29.99,1.28,10.9,11.9,12.9,13.9,1.09,1.19,1.29,1.39,Normal,50,30.0,1.3,TypeB|T=30.0|V=1.3,10.865,1.0899999999999999,1.6524999999999999,0.03500000000000014,0.02165825688073404,6,0.0061880733944954395,False,0.2137530139885323,False,False,0.10997054369151388,False,0,LOW,PASS,1,2000
C486,L1,TypeA,30.16,1.24,12.69,13.69,32.69,34.69,1.27,1.37,3.27,3.47,Sudden_Anomaly,50,30.0,1.25,TypeA|T=30.0|V=1.25,10.93,1.6049999999999995,2.717500000000001,1.7599999999999998,0.7396386292834891,8,0.21132532265242546,False,0.06544046812378292,False,False,0.1383828953881042,False,0,LOW,PASS,1,2000
C487,L1,TypeC,28.09,1.0,9.99,11.99,14.99,19.99,1.0,1.2,1.5,2.0,Latent_Defect,50,28.0,1.0,TypeC|T=28.0|V=1.0,12.23,1.6199999999999992,2.6899999999999995,2.24,-0.9326419753086426,5,0.2664691358024693,False,0.4743109720515142,False,False,0.37039005392699176,False,0,LOW,PASS,1,2000
C488,L1,TypeA,29.06,1.12,8.12,9.12,28.12,30.12,0.81,0.91,2.81,3.01,Sudden_Anomaly,50,29.0,1.1,TypeA|T=29.0|V=1.1,12.21,1.3999999999999986,3.4250000000000007,4.090000000000002,-1.9705035714285741,11,0.563001020408164,False,0.7024898599455384,True,False,0.6327454401768512,True,1,MEDIUM,REVIEW,1,2000
C489,L1,TypeC,31.72,1.24,12.96,14.96,17.96,22.96,1.3,1.5,1.8,2.3,Latent_Defect,50,32.0,1.25,TypeC|T=32.0|V=1.25,11.69,2.1400000000000006,4.07,1.2700000000000014,0.4002873831775704,25,0.11436782376502011,False,0.06078372032975702,False,False,0.08757577204738856,False,0,LOW,PASS,1,2000
C490,L1,TypeA,32.72,1.13,12.36,14.36,17.36,22.36,1.24,1.44,1.74,2.24,Latent_Defect,50,33.0,1.1500000000000001,TypeA|T=33.0|V=1.15,11.57,1.2800000000000011,2.365000000000002,0.7899999999999991,0.41629296874999916,15,0.11894084821428548,False,0.03397312269073503,False,False,0.07645698545251026,False,0,LOW,PASS,1,2000
C491,L1,TypeB,29.37,1.27,12.55,13.55,14.55,60.0,1.25,1.35,1.45,6.0,Absolute_Failure,50,29.0,1.25,TypeB|T=29.0|V=1.25,12.09,1.4100000000000001,2.5200000000000014,0.46000000000000085,0.2200496453900713,11,0.06287132725430608,False,0.17509306385478793,False,False,0.118982195554547,False,0,LOW,PASS,1,2000
C492,L1,TypeB,26.66,1.29,14.63,14.63,14.63,14.63,1.46,1.46,1.46,1.46,High_Stable,50,27.0,1.3,TypeB|T=27.0|V=1.3,13.07,1.5600000000000005,3.92,1.5600000000000005,0.6745,5,0.1927142857142857,False,0.5122175481399263,False,False,0.352465916927106,False,0,LOW,PASS,1,2000
C493,L1,TypeC,31.69,1.28,9.59,9.59,9.59,9.59,0.96,0.96,0.96,0.96,High_Stable,50,32.0,1.3,TypeC|T=32.0|V=1.3,14.489999999999998,0.1800000000000015,1.3650000000000002,4.899999999999999,-18.361388888888733,4,1.0,True,1.0,True,False,1.0,True,2,CRITICAL,REVIEW,1,2000
C494,L1,TypeA,31.43,1.18,10.3,11.3,30.3,32.3,1.03,1.13,3.03,3.23,Sudden_Anomaly,50,31.0,1.2000000000000002,TypeA|T=31.0|V=1.2,10.585,2.1850000000000014,4.275,0.28500000000000014,-0.0879782608695652,6,0.025136645962732913,False,0.03901390642730058,False,False,0.032075276195016746,False,0,LOW,PASS,1,2000
C495,L1,TypeC,26.83,1.28,14.63,16.63,19.63,24.63,1.46,1.66,1.96,2.46,Latent_Defect,50,27.0,1.3,TypeC|T=27.0|V=1.3,13.22,1.4100000000000001,1.6550000000000011,1.4100000000000001,0.6745,3,0.1927142857142857,False,0.4416735144410699,False,False,0.3171939000776778,False,0,LOW,PASS,1,2000
C496,L1,TypeC,27.63,1.1,10.34,11.34,30.34,32.34,1.03,1.13,3.03,3.23,Sudden_Anomaly,50,28.0,1.1,TypeC|T=28.0|V=1.1,10.455,1.5649999999999995,2.9124999999999996,0.11500000000000021,-0.04956389776357838,18,0.01416111364673668,False,0.12321887724748601,False,False,0.06868999544711134,False,0,LOW,PASS,1,2000
C497,L1,TypeA,31.45,1.14,9.0,10.0,29.0,31.0,0.9,1.0,2.9,3.1,Sudden_Anomaly,50,31.0,1.1500000000000001,TypeA|T=31.0|V=1.15,12.38,1.9699999999999989,3.880000000000001,3.380000000000001,-1.1572639593908638,13,0.3306468455402468,False,0.26300388137261155,False,False,0.2968253634564292,False,0,LOW,PASS,1,2000
C498,L1,TypeA,27.37,1.13,8.46,9.46,28.46,30.46,0.85,0.95,2.85,3.05,Sudden_Anomaly,50,27.0,1.1500000000000001,TypeA|T=27.0|V=1.15,12.55,0.8699999999999992,2.2300000000000004,4.09,-3.1709252873563245,11,0.9059786535303784,False,0.8718339377186411,True,False,0.8889062956245097,True,1,HIGH,REVIEW,1,2000
C499,L1,TypeB,25.1,1.15,10.53,12.53,15.53,20.53,1.05,1.25,1.55,2.05,Latent_Defect,50,25.0,1.1500000000000001,TypeB|T=25.0|V=1.15,10.165,0.3649999999999993,0.3650000000000002,0.3650000000000002,0.6745000000000017,2,0.1927142857142862,False,0.4418853981835632,False,False,0.3172998419489247,False,0,LOW,PASS,1,2000
C500,L1,TypeC,34.08,1.26,12.24,12.24,12.24,12.24,1.22,1.22,1.22,1.22,High_Stable,50,34.0,1.25,TypeC|T=34.0|V=1.25,11.46,0.7799999999999994,1.7000000000000028,0.7799999999999994,0.6745,11,0.1927142857142857,False,0.2691359115209053,False,False,0.23092509861759553,False,0,LOW,PASS,1,2000
C501,L1,TypeC,33.67,1.21,14.3,16.3,19.3,24.3,1.43,1.63,1.93,2.43,Latent_Defect,50,34.0,1.2000000000000002,TypeC|T=34.0|V=1.2,12.12,1.25,2.1899999999999995,2.1800000000000015,1.1763280000000007,9,0.3360937142857145,False,0.2719024570847405,False,False,0.30399808568522746,False,0,LOW,PASS,1,2000
C502,L1,TypeB,34.92,1.1,12.34,13.34,14.34,15.34,1.23,1.33,1.43,1.53,Normal,50,35.0,1.1,TypeB|T=35.0|V=1.1,12.945,1.125,2.370000000000001,0.6050000000000004,-0.36273111111111134,4,0.10363746031746038,False,0.3294940164006587,False,False,0.2165657383590595,False,0,LOW,PASS,1,2000
C503,L1,TypeC,28.33,1.25,10.39,11.39,30.39,32.39,1.04,1.14,3.04,3.24,Sudden_Anomaly,50,28.0,1.25,TypeC|T=28.0|V=1.25,9.59,1.3699999999999992,4.27,0.8000000000000007,0.39386861313868676,9,0.11253388946819622,False,0.15565167116775439,False,False,0.1340927803179753,False,0,LOW,PASS,1,2000
C504,L1,TypeA,28.24,1.25,9.03,10.03,11.03,12.03,0.9,1.0,1.1,1.2,Normal,50,28.0,1.25,TypeA|T=28.0|V=1.25,9.600000000000001,0.9050000000000002,2.1999999999999993,0.5700000000000021,-0.4248232044198909,8,0.12137805840568312,False,0.2705514881725427,False,False,0.1959647732891129,False,0,LOW,PASS,1,2000
C505,L1,TypeA,33.43,1.08,12.07,13.07,14.07,15.07,1.21,1.31,1.41,1.51,Normal,50,33.0,1.1,TypeA|T=33.0|V=1.1,12.51,0.9799999999999995,2.2375000000000007,0.4399999999999995,-0.30283673469387734,20,0.08652478134110782,False,0.20642352842295394,False,False,0.1464741548820309,False,0,LOW,PASS,1,2000
C506,L1,TypeA,29.31,1.02,13.46,15.46,18.46,23.46,1.35,1.55,1.85,2.35,Latent_Defect,50,29.0,1.0,TypeA|T=29.0|V=1.0,12.665,0.830000000000001,1.9975000000000005,0.7950000000000017,0.6460572289156633,4,0.18458777969018952,False,0.26994386831190326,False,False,0.2272658240010464,False,0,LOW,PASS,1,2000
C507,L1,TypeA,33.46,1.18,10.79,10.79,10.79,10.79,1.08,1.08,1.08,1.08,High_Stable,50,33.0,1.2000000000000002,TypeA|T=33.0|V=1.2,11.66,1.0100000000000007,1.722500000000002,0.870000000000001,-0.5810049504950497,10,0.16600141442715707,False,0.09763960457546578,False,False,0.1318205095013114,False,0,LOW,PASS,1,2000
C508,L1,TypeB,32.11,1.13,8.39,9.39,10.39,11.39,0.84,0.94,1.04,1.14,Normal,50,32.0,1.1500000000000001,TypeB|T=32.0|V=1.15,11.07,1.1400000000000006,2.25,2.6799999999999997,-1.5856666666666657,7,0.45304761904761875,False,0.3525291643078095,False,False,0.40278839167771413,False,0,LOW,PASS,1,2000
C509,L1,TypeA,31.63,1.1,13.93,14.93,15.93,60.0,1.39,1.49,1.59,6.0,Absolute_Failure,50,32.0,1.1,TypeA|T=32.0|V=1.1,10.8,1.9300000000000015,3.5199999999999996,3.129999999999999,1.0938782383419678,13,0.3125366395262765,False,0.2289195276279378,False,False,0.27072808357710715,False,0,LOW,PASS,1,2000
C510,L1,TypeA,33.15,1.04,9.32,9.32,9.32,9.32,0.93,0.93,0.93,0.93,High_Stable,50,33.0,1.05,TypeA|T=33.0|V=1.05,11.55,2.41,4.789999999999999,2.2300000000000004,-0.6241224066390042,9,0.17832068761114406,False,0.24065199419556838,False,False,0.20948634090335622,False,0,LOW,PASS,1,2000
C511,L1,TypeA,28.83,1.13,13.47,14.47,33.47,35.47,1.35,1.45,3.35,3.55,Sudden_Anomaly,50,29.0,1.1500000000000001,TypeA|T=29.0|V=1.15,12.51,1.9399999999999995,3.5500000000000007,0.9600000000000009,0.333773195876289,15,0.09536377025036828,False,0.0981522434176051,False,False,0.09675800683398669,False,0,LOW,PASS,1,2000
C512,L1,TypeC,26.39,1.28,10.03,10.03,10.03,10.03,1.0,1.0,1.0,1.0,High_Stable,50,26.0,1.3,TypeC|T=26.0|V=1.3,10.66,1.2200000000000006,1.6799999999999997,0.6300000000000008,-0.3483073770491806,9,0.09951639344262302,False,0.2902554194467434,False,False,0.1948859064446832,False,0,LOW,PASS,1,2000
C513,L1,TypeC,32.75,1.26,11.85,12.85,13.85,60.0,1.18,1.28,1.38,6.0,Absolute_Failure,50,33.0,1.25,TypeC|T=33.0|V=1.25,12.78,0.870000000000001,1.6999999999999993,0.9299999999999997,-0.7210172413793092,9,0.20600492610837406,False,0.2365324101911736,False,False,0.22126866814977383,False,0,LOW,PASS,1,2000
C514,L1,TypeB,28.89,1.25,13.47,13.47,13.47,13.47,1.35,1.35,1.35,1.35,High_Stable,50,29.0,1.25,TypeB|T=29.0|V=1.25,12.09,1.4100000000000001,2.5200000000000014,1.3800000000000008,0.6601489361702131,11,0.18861398176291802,False,0.1301995570295917,False,False,0.15940676939625487,False,0,LOW,PASS,1,2000
C515,L1,TypeC,27.09,1.13,8.67,9.67,10.67,11.67,0.87,0.97,1.07,1.17,Normal,50,27.0,1.1500000000000001,TypeC|T=27.0|V=1.15,12.01,1.0149999999999997,1.7874999999999996,3.34,-2.2195369458128087,16,0.6341534130893739,False,0.5089241363776613,False,False,0.5715387747335177,False,0,LOW,PASS,1,2000
C516,L1,TypeA,28.74,1.29,9.84,10.84,29.84,31.84,0.98,1.08,2.98,3.18,Sudden_Anomaly,50,29.0,1.3,TypeA|T=29.0|V=1.3,10.07,0.23000000000000043,0.9550000000000001,0.23000000000000043,-0.6745,3,0.1927142857142857,False,0.3815695075643092,False,False,0.28714189663929746,False,0,LOW,PASS,1,2000
C517,L1,TypeA,29.48,1.17,14.16,15.16,34.16,36.16,1.42,1.52,3.42,3.62,Sudden_Anomaly,50,29.0,1.1500000000000001,TypeA|T=29.0|V=1.15,12.51,1.9399999999999995,3.5500000000000007,1.6500000000000004,0.5736726804123714,15,0.1639064801178204,False,0.09059969946571868,False,False,0.12725308979176955,False,0,LOW,PASS,1,2000
C518,L1,TypeB,31.98,1.13,11.78,11.78,11.78,11.78,1.18,1.18,1.18,1.18,High_Stable,50,32.0,1.1500000000000001,TypeB|T=32.0|V=1.15,11.07,1.1400000000000006,2.25,0.7099999999999991,0.42008333333333253,7,0.1200238095238093,False,0.0,False,False,0.06001190476190465,False,0,LOW,PASS,1,2000
C519,L1,TypeB,33.11,1.02,10.28,11.28,30.28,32.28,1.03,1.13,3.03,3.23,Sudden_Anomaly,50,33.0,1.0,TypeB|T=33.0|V=1.0,10.84,0.4950000000000001,0.8975000000000009,0.5600000000000005,-0.7630707070707076,6,0.21802020202020217,False,0.3161181891245857,False,False,0.26706919557239395,False,0,LOW,PASS,1,2000
C520,L1,TypeB,27.63,1.08,9.73,10.73,11.73,12.73,0.97,1.07,1.17,1.27,Normal,50,28.0,1.1,TypeB|T=28.0|V=1.1,9.87,1.0099999999999998,4.949999999999999,0.1399999999999988,-0.0934950495049497,13,0.026712871287128487,False,0.2085173564626546,False,False,0.11761511387489154,False,0,LOW,PASS,1,2000
C521,L1,TypeB,31.83,1.21,11.24,11.24,11.24,11.24,1.12,1.12,1.12,1.12,High_Stable,50,32.0,1.2000000000000002,TypeB|T=32.0|V=1.2,10.46,1.8199999999999985,2.365,0.7799999999999994,0.28907142857142853,7,0.08259183673469386,False,0.00449027258137864,False,False,0.04354105465803625,False,0,LOW,PASS,1,2000
C522,L1,TypeA,31.26,1.06,14.86,16.86,19.86,24.86,1.49,1.69,1.99,2.49,Latent_Defect,50,31.0,1.05,TypeA|T=31.0|V=1.05,11.53,2.0299999999999994,3.8049999999999997,3.33,1.106445812807882,15,0.3161273750879663,False,0.4480448122611475,False,False,0.3820860936745569,False,0,LOW,PASS,1,2000
C523,L1,TypeB,31.52,1.17,13.48,14.48,15.48,16.48,1.35,1.45,1.55,1.65,Normal,50,32.0,1.1500000000000001,TypeB|T=32.0|V=1.15,11.07,1.1400000000000006,2.25,2.41,1.425916666666666,7,0.4074047619047617,False,0.15474744504497354,False,False,0.2810761034748676,False,0,LOW,PASS,1,2000
C524,L1,TypeC,25.0,1.22,8.51,9.51,10.51,11.51,0.85,0.95,1.05,1.15,Normal,50,25.0,1.2000000000000002,TypeC|T=25.0|V=1.2,12.09,1.8250000000000002,2.795,3.58,-1.3231287671232874,4,0.37803679060665357,False,0.6775247493378372,True,False,0.5277807699722454,False,1,LOW,PASS,1,2000
C525,L1,TypeC,31.35,1.27,9.89,11.89,14.89,19.89,0.99,1.19,1.49,1.99,Latent_Defect,50,31.0,1.25,TypeC|T=31.0|V=1.25,10.88,1.8099999999999987,2.9599999999999973,0.9900000000000002,-0.3689254143646412,15,0.10540726124704035,False,0.1797283557155889,False,False,0.14256780848131462,False,0,LOW,PASS,1,2000
C526,L1,TypeB,27.66,1.1,9.63,11.63,14.63,19.63,0.96,1.16,1.46,1.96,Latent_Defect,50,28.0,1.1,TypeB|T=28.0|V=1.1,9.87,1.0099999999999998,4.949999999999999,0.23999999999999844,-0.16027722772277125,13,0.0457934936350775,False,0.16703959064515078,False,False,0.10641654214011415,False,0,LOW,PASS,1,2000
C527,L1,TypeA,34.08,1.23,13.9,14.9,15.9,16.9,1.39,1.49,1.59,1.69,Normal,50,34.0,1.25,TypeA|T=34.0|V=1.25,11.4,1.6100000000000012,2.880000000000001,2.5,1.0473602484472042,11,0.2992457852706298,False,0.33574448040259885,False,False,0.31749513283661435,False,0,LOW,PASS,1,2000
C528,L1,TypeC,26.5,1.1,9.11,11.11,14.11,19.11,0.91,1.11,1.41,1.91,Latent_Defect,50,26.0,1.1,TypeC|T=26.0|V=1.1,10.88,1.4499999999999993,2.9299999999999997,1.7700000000000014,-0.8233551724137941,15,0.23524433497536973,False,0.1594875139906105,False,False,0.19736592448299012,False,0,LOW,PASS,1,2000
C529,L1,TypeB,30.97,1.2,11.98,12.98,13.98,60.0,1.2,1.3,1.4,6.0,Absolute_Failure,50,31.0,1.2000000000000002,TypeB|T=31.0|V=1.2,12.745000000000001,1.1800000000000006,1.652499999999998,0.7650000000000006,-0.43728177966101706,8,0.12493765133171916,False,0.049477214769431385,False,False,0.08720743305057527,False,0,LOW,PASS,1,2000
C530,L1,TypeB,26.79,1.02,11.85,12.85,13.85,60.0,1.19,1.29,1.39,6.0,Absolute_Failure,50,27.0,1.0,TypeB|T=27.0|V=1.0,11.3,1.1999999999999993,1.9849999999999994,0.5499999999999989,0.3091458333333329,7,0.08832738095238082,False,0.18042237143547057,False,False,0.13437487619392569,False,0,LOW,PASS,1,2000
C531,L1,TypeB,34.82,1.01,9.32,10.32,11.32,12.32,0.93,1.03,1.13,1.23,Normal,50,35.0,1.0,TypeB|T=35.0|V=1.0,10.65,0.375,0.9199999999999999,1.33,-2.3922266666666667,4,0.6834933333333334,False,0.7635136332144803,True,False,0.7235034832739069,True,1,MEDIUM,REVIEW,1,2000
C532,L1,TypeA,27.38,1.05,8.03,10.03,13.03,18.03,0.8,1.0,1.3,1.8,Latent_Defect,50,27.0,1.05,TypeA|T=27.0|V=1.05,10.25,1.915,3.6549999999999994,2.2200000000000006,-0.7819268929503919,12,0.22340768370011196,False,0.44436274088857647,False,False,0.3338852122943442,False,0,LOW,PASS,1,2000
C533,L1,TypeA,32.08,1.2,10.0,11.0,12.0,13.0,1.0,1.1,1.2,1.3,Normal,50,32.0,1.2000000000000002,TypeA|T=32.0|V=1.2,10.1,1.3899999999999988,2.1900000000000013,0.09999999999999964,-0.04852517985611498,13,0.013864337101747138,False,0.15117007888104364,False,False,0.08251720799139539,False,0,LOW,PASS,1,2000
C534,L1,TypeC,29.79,1.13,13.35,15.35,18.35,23.35,1.34,1.54,1.84,2.34,Latent_Defect,50,30.0,1.1500000000000001,TypeC|T=30.0|V=1.15,12.41,1.4000000000000004,2.780000000000001,0.9399999999999995,0.4528785714285711,15,0.1293938775510203,False,0.06545768703404566,False,False,0.09742578229253299,False,0,LOW,PASS,1,2000
C535,L1,TypeC,27.45,1.24,11.69,13.69,16.69,21.69,1.17,1.37,1.67,2.17,Latent_Defect,50,27.0,1.25,TypeC|T=27.0|V=1.25,13.05,1.3500000000000005,2.4875000000000007,1.3600000000000012,-0.6794962962962966,12,0.19414179894179903,False,0.15969775072748013,False,False,0.17691977483463958,False,0,LOW,PASS,1,2000
C536,L1,TypeA,33.67,1.09,14.02,15.02,16.02,60.0,1.4,1.5,1.6,6.0,Absolute_Failure,50,34.0,1.1,TypeA|T=34.0|V=1.1,12.004999999999999,1.8649999999999993,3.4400000000000013,2.0150000000000006,0.7287493297587136,12,0.20821409421677534,False,0.2074783925187468,False,False,0.20784624336776109,False,0,LOW,PASS,1,2000
C537,L1,TypeB,26.52,1.02,10.41,11.41,30.41,32.41,1.04,1.14,3.04,3.24,Sudden_Anomaly,50,27.0,1.0,TypeB|T=27.0|V=1.0,11.3,1.1999999999999993,1.9849999999999994,0.8900000000000006,-0.5002541666666673,7,0.1429297619047621,False,0.22409678077505996,False,False,0.18351327133991102,False,0,LOW,PASS,1,2000
C538,L1,TypeB,25.89,1.22,10.59,12.59,15.59,20.59,1.06,1.26,1.56,2.06,Latent_Defect,50,26.0,1.2000000000000002,TypeB|T=26.0|V=1.2,12.85,1.9000000000000004,4.229999999999999,2.26,-0.8022999999999997,17,0.22922857142857134,False,0.27526236649761177,False,False,0.2522454689630915,False,0,LOW,PASS,1,2000
C539,L1,TypeA,34.98,1.2,10.78,11.78,12.78,60.0,1.08,1.18,1.28,6.0,Absolute_Failure,50,35.0,1.2000000000000002,TypeA|T=35.0|V=1.2,10.995000000000001,1.1300000000000008,1.8025000000000002,0.21500000000000163,-0.12833407079646106,6,0.03666687737041745,False,0.33446171093077,False,False,0.18556429415059372,False,0,LOW,PASS,1,2000
C540,L1,TypeC,32.76,1.02,8.97,9.97,10.97,11.97,0.9,1.0,1.1,1.2,Normal,50,33.0,1.0,TypeC|T=33.0|V=1.0,10.690000000000001,1.745,3.057500000000001,1.7200000000000006,-0.6648366762177652,6,0.18995333606221862,False,0.2809332076289984,False,False,0.23544327184560854,False,0,LOW,PASS,1,2000
C541,L1,TypeC,29.76,1.22,12.22,12.22,12.22,12.22,1.22,1.22,1.22,1.22,High_Stable,50,30.0,1.2000000000000002,TypeC|T=30.0|V=1.2,10.635,1.0650000000000004,2.9975000000000005,1.5850000000000009,1.0038333333333336,12,0.2868095238095239,False,0.13178721618635655,False,False,0.20929836999794021,False,0,LOW,PASS,1,2000
C542,L1,TypeC,25.48,1.28,8.69,9.69,10.69,60.0,0.87,0.97,1.07,6.0,Absolute_Failure,50,25.0,1.3,TypeC|T=25.0|V=1.3,10.27,1.88,3.790000000000001,1.58,-0.5668670212765957,4,0.16196200607902736,False,0.5226219561895995,False,False,0.3422919811343134,False,0,LOW,PASS,1,2000
C543,L1,TypeC,30.46,1.28,8.28,8.28,8.28,8.28,0.83,0.83,0.83,0.83,High_Stable,50,30.0,1.3,TypeC|T=30.0|V=1.3,11.73,1.08,1.6849999999999987,3.450000000000001,-2.154652777777778,6,0.6156150793650795,False,0.7540127725980931,True,False,0.6848139259815863,True,1,MEDIUM,REVIEW,1,2000
C544,L1,TypeA,32.68,1.24,13.11,13.11,13.11,13.11,1.31,1.31,1.31,1.31,High_Stable,50,33.0,1.25,TypeA|T=33.0|V=1.25,11.515,2.0300000000000002,4.050000000000001,1.5949999999999989,0.5299642857142853,16,0.15141836734693867,False,0.09939548759412721,False,False,0.12540692747053295,False,0,LOW,PASS,1,2000
C545,L1,TypeA,26.42,1.04,12.56,13.56,14.56,15.56,1.26,1.36,1.46,1.56,Normal,50,26.0,1.05,TypeA|T=26.0|V=1.05,12.61,1.0300000000000011,2.205,0.049999999999998934,-0.03274271844660121,11,0.009355062413314632,False,0.2758732214024344,False,False,0.14261414190787453,False,0,LOW,PASS,1,2000
C546,L1,TypeC,33.8,1.03,8.7,8.7,8.7,8.7,0.87,0.87,0.87,0.87,High_Stable,50,34.0,1.05,TypeC|T=34.0|V=1.05,11.515,2.05,3.3249999999999993,2.8150000000000013,-0.9262036585365858,16,0.2646296167247388,False,0.41346503887344976,False,False,0.3390473277990943,False,0,LOW,PASS,1,2000
C547,L1,TypeB,33.7,1.17,12.24,13.24,14.24,60.0,1.22,1.32,1.42,6.0,Absolute_Failure,50,34.0,1.1500000000000001,TypeB|T=34.0|V=1.15,12.24,1.9000000000000004,2.8599999999999994,0.0,0.0,13,0.0,False,0.17999947753140094,False,False,0.08999973876570047,False,0,LOW,PASS,1,2000
C548,L1,TypeB,34.35,1.06,14.18,15.18,16.18,60.0,1.42,1.52,1.62,6.0,Absolute_Failure,50,34.0,1.05,TypeB|T=34.0|V=1.05,11.07,1.3000000000000007,2.58,3.1099999999999994,1.613611538461537,17,0.46103186813186775,False,0.5526406700219791,False,False,0.5068362690769235,False,0,LOW,PASS,1,2000
C549,L1,TypeB,31.34,1.12,12.38,13.38,32.38,34.38,1.24,1.34,3.24,3.44,Sudden_Anomaly,50,31.0,1.1,TypeB|T=31.0|V=1.1,11.055,1.7149999999999999,3.197499999999998,1.325000000000001,0.5211151603498547,10,0.1488900458142442,False,0.0,False,False,0.0744450229071221,False,0,LOW,PASS,1,2000
C550,L1,TypeA,34.32,1.27,9.13,10.13,11.13,12.13,0.91,1.01,1.11,1.21,Normal,50,34.0,1.25,TypeA|T=34.0|V=1.25,11.4,1.6100000000000012,2.880000000000001,2.2699999999999996,-0.9510031055900613,11,0.2717151730257318,False,0.4739008431396208,False,False,0.3728080080826763,False,0,LOW,PASS,1,2000
C551,L1,TypeC,34.6,1.11,9.61,11.61,14.61,19.61,0.96,1.16,1.46,1.96,Latent_Defect,50,35.0,1.1,TypeC|T=35.0|V=1.1,9.165,0.5249999999999995,2.16,0.4450000000000003,0.5717190476190486,4,0.16334829931972816,False,0.508358882096004,False,False,0.3358535907078661,False,0,LOW,PASS,1,2000
C552,L1,TypeB,27.22,1.17,14.81,15.81,34.81,36.81,1.48,1.58,3.48,3.68,Sudden_Anomaly,50,27.0,1.1500000000000001,TypeB|T=27.0|V=1.15,10.02,0.9800000000000004,1.9550000000000018,4.790000000000001,3.2967908163265296,11,0.9419402332361513,False,1.0,True,False,0.9709701166180756,True,1,CRITICAL,REVIEW,1,2000
C553,L1,TypeB,30.79,1.15,9.32,10.32,29.32,31.32,0.93,1.03,2.93,3.13,Sudden_Anomaly,50,31.0,1.1500000000000001,TypeB|T=31.0|V=1.15,11.82,2.21,4.27,2.5,-0.7630090497737557,16,0.2180025856496445,False,0.08666390828010369,False,False,0.1523332469648741,False,0,LOW,PASS,1,2000
C554,L1,TypeA,34.65,1.24,11.55,12.55,13.55,60.0,1.16,1.26,1.36,6.0,Absolute_Failure,50,35.0,1.25,TypeA|T=35.0|V=1.25,11.36,1.6900000000000013,1.9800000000000004,0.19000000000000128,0.07583136094674602,5,0.02166610312764172,False,0.2729263885832069,False,False,0.1472962458554243,False,0,LOW,PASS,1,2000
C555,L1,TypeB,31.68,1.03,9.47,10.47,11.47,60.0,0.95,1.05,1.15,6.0,Absolute_Failure,50,32.0,1.05,TypeB|T=32.0|V=1.05,10.77,1.299999999999999,3.1000000000000014,1.299999999999999,-0.6745,9,0.1927142857142857,False,0.18711717207965176,False,False,0.18991572889696873,False,0,LOW,PASS,1,2000
C556,L1,TypeC,32.35,1.09,12.12,14.12,17.12,22.12,1.21,1.41,1.71,2.21,Latent_Defect,50,32.0,1.1,TypeC|T=32.0|V=1.1,12.09,0.5199999999999996,0.879999999999999,0.02999999999999936,0.038913461538460745,13,0.011118131868131641,False,0.13833100226732703,False,False,0.07472456706772934,False,0,LOW,PASS,1,2000
C557,L1,TypeA,33.45,1.17,13.74,14.74,33.74,35.74,1.37,1.47,3.37,3.57,Sudden_Anomaly,50,33.0,1.1500000000000001,TypeA|T=33.0|V=1.15,11.57,1.2800000000000011,2.365000000000002,2.17,1.143488281249999,15,0.3267109374999997,False,0.20257165406186572,False,False,0.2646412957809327,False,0,LOW,PASS,1,2000
C558,L1,TypeC,31.44,1.04,8.89,8.89,8.89,8.89,0.89,0.89,0.89,0.89,High_Stable,50,31.0,1.05,TypeC|T=31.0|V=1.05,11.184999999999999,2.46,4.84,2.294999999999998,-0.6292591463414628,16,0.17978832752613225,False,0.18466122710687385,False,False,0.18222477731650305,False,0,LOW,PASS,1,2000
C559,L1,TypeB,31.13,1.25,13.72,15.72,18.72,23.72,1.37,1.57,1.87,2.37,Latent_Defect,50,31.0,1.25,TypeB|T=31.0|V=1.25,11.530000000000001,1.9850000000000012,3.7025000000000006,2.1899999999999995,0.7441586901763217,10,0.2126167686218062,False,0.10855430408406251,False,False,0.16058553635293435,False,0,LOW,PASS,1,2000
C560,L1,TypeC,34.64,1.26,12.01,13.01,14.01,15.01,1.2,1.3,1.4,1.5,Normal,50,35.0,1.25,TypeC|T=35.0|V=1.25,11.105,1.085,1.9725000000000001,0.9049999999999994,0.5626013824884789,14,0.1607432521395654,False,0.3287194655161805,False,False,0.24473135882787295,False,0,LOW,PASS,1,2000
C561,L1,TypeC,30.76,1.23,13.73,13.73,13.73,13.73,1.37,1.37,1.37,1.37,High_Stable,50,31.0,1.25,TypeC|T=31.0|V=1.25,10.88,1.8099999999999987,2.9599999999999973,2.8499999999999996,1.0620580110497242,15,0.3034451460142069,False,0.18549673453310309,False,False,0.244470940273655,False,0,LOW,PASS,1,2000
C562,L1,TypeC,32.76,1.04,9.03,10.03,11.03,12.03,0.9,1.0,1.1,1.2,Normal,50,33.0,1.05,TypeC|T=33.0|V=1.05,12.66,1.7599999999999998,3.5199999999999996,3.630000000000001,-1.3911562500000003,15,0.39747321428571436,False,0.5159498076059705,False,False,0.45671151094584245,False,0,LOW,PASS,1,2000
C563,L1,TypeA,33.19,1.08,14.04,15.04,16.04,60.0,1.4,1.5,1.6,6.0,Absolute_Failure,50,33.0,1.1,TypeA|T=33.0|V=1.1,12.51,0.9799999999999995,2.2375000000000007,1.5299999999999994,1.0530459183673468,20,0.30087026239067055,False,0.24784488134897,False,False,0.2743575718698203,False,0,LOW,PASS,1,2000
C564,L1,TypeA,30.6,1.05,9.13,11.13,14.13,19.13,0.91,1.11,1.41,1.91,Latent_Defect,50,31.0,1.05,TypeA|T=31.0|V=1.05,11.53,2.0299999999999994,3.8049999999999997,2.3999999999999986,-0.7974384236453199,15,0.22783954961294856,False,0.16094945728677906,False,False,0.1943945034498638,False,0,LOW,PASS,1,2000
C565,L1,TypeC,27.91,1.25,12.54,12.54,12.54,12.54,1.25,1.25,1.25,1.25,High_Stable,50,28.0,1.25,TypeC|T=28.0|V=1.25,9.59,1.3699999999999992,4.27,2.9499999999999993,1.4523905109489055,9,0.414968717413973,False,0.35125814536940225,False,False,0.38311343139168763,False,0,LOW,PASS,1,2000
C566,L1,TypeB,27.1,1.23,11.08,12.08,31.08,33.08,1.11,1.21,3.11,3.31,Sudden_Anomaly,50,27.0,1.25,TypeB|T=27.0|V=1.25,11.08,1.9299999999999997,3.119999999999999,0.0,0.0,11,0.0,False,0.12917979421940462,False,False,0.06458989710970231,False,0,LOW,PASS,1,2000
C567,L1,TypeA,27.86,1.02,10.15,10.15,10.15,10.15,1.02,1.02,1.02,1.02,High_Stable,50,28.0,1.0,TypeA|T=28.0|V=1.0,11.8,0.75,1.7949999999999982,1.6500000000000004,-1.4839000000000002,11,0.4239714285714286,False,0.40276976740605436,False,False,0.4133705979887415,False,0,LOW,PASS,1,2000
C568,L1,TypeA,26.46,1.27,14.58,15.58,16.58,17.58,1.46,1.56,1.66,1.76,Normal,50,26.0,1.25,TypeA|T=26.0|V=1.25,12.76,1.1600000000000001,3.0700000000000003,1.8200000000000003,1.0582672413793104,15,0.30236206896551726,False,0.4598940933043472,False,False,0.38112808113493224,False,0,LOW,PASS,1,2000
C569,L1,TypeB,30.35,1.07,12.87,13.87,14.87,60.0,1.29,1.39,1.49,6.0,Absolute_Failure,50,30.0,1.05,TypeB|T=30.0|V=1.05,11.37,1.5,2.799999999999999,1.5,0.6745,11,0.1927142857142857,False,0.010091013629733659,False,False,0.10140264967200968,False,0,LOW,PASS,1,2000
C570,L1,TypeA,32.15,1.18,10.5,12.5,15.5,20.5,1.05,1.25,1.55,2.05,Latent_Defect,50,32.0,1.2000000000000002,TypeA|T=32.0|V=1.2,10.1,1.3899999999999988,2.1900000000000013,0.40000000000000036,0.19410071942446078,13,0.05545734840698879,False,0.05103144257526598,False,False,0.05324439549112739,False,0,LOW,PASS,1,2000
C571,L1,TypeB,28.48,1.01,8.9,9.9,28.9,30.9,0.89,0.99,2.89,3.09,Sudden_Anomaly,50,28.0,1.0,TypeB|T=28.0|V=1.0,11.29,1.9299999999999997,2.355000000000002,2.389999999999999,-0.8352616580310878,7,0.2386461880088822,False,0.3530111032771714,False,False,0.2958286456430268,False,0,LOW,PASS,1,2000
C572,L1,TypeC,25.18,1.11,14.51,15.51,16.51,60.0,1.45,1.55,1.65,6.0,Absolute_Failure,50,25.0,1.1,TypeC|T=25.0|V=1.1,9.615,1.2850000000000001,4.365,4.895,2.5693988326848243,10,0.7341139521956641,False,1.0,True,False,0.867056976097832,True,1,HIGH,REVIEW,1,2000
C573,L1,TypeA,31.2,1.19,10.87,11.87,12.87,13.87,1.09,1.19,1.29,1.39,Normal,50,31.0,1.2000000000000002,TypeA|T=31.0|V=1.2,10.585,2.1850000000000014,4.275,0.28499999999999837,0.08797826086956466,6,0.02513664596273276,False,0.024168353223553565,False,False,0.02465249959314316,False,0,LOW,PASS,1,2000
C574,L1,TypeA,32.76,1.28,14.16,14.16,14.16,14.16,1.42,1.42,1.42,1.42,High_Stable,50,33.0,1.3,TypeA|T=33.0|V=1.3,12.84,1.08,1.9299999999999997,1.3200000000000003,0.824388888888889,7,0.23553968253968255,False,0.3156854868730972,False,False,0.2756125847063899,False,0,LOW,PASS,1,2000
C575,L1,TypeA,33.07,1.09,9.74,10.74,11.74,60.0,0.97,1.07,1.17,6.0,Absolute_Failure,50,33.0,1.1,TypeA|T=33.0|V=1.1,12.51,0.9799999999999995,2.2375000000000007,2.7699999999999996,-1.9064948979591843,20,0.5447128279883383,False,0.43886890366726566,False,False,0.49179086582780196,False,0,LOW,PASS,1,2000
C576,L1,TypeC,30.44,1.19,10.44,11.44,12.44,60.0,1.04,1.14,1.24,6.0,Absolute_Failure,50,30.0,1.2000000000000002,TypeC|T=30.0|V=1.2,10.635,1.0650000000000004,2.9975000000000005,0.19500000000000028,-0.12350000000000012,12,0.03528571428571432,False,0.03964551201399115,False,False,0.037465613149852736,False,0,LOW,PASS,1,2000
C577,L1,TypeC,25.39,1.15,10.04,11.04,30.04,32.04,1.0,1.1,3.0,3.2,Sudden_Anomaly,50,25.0,1.1500000000000001,TypeC|T=25.0|V=1.15,11.58,1.1050000000000004,2.594999999999999,1.540000000000001,-0.9400271493212672,6,0.26857918552036203,False,0.2475981035032462,False,False,0.25808864451180413,False,0,LOW,PASS,1,2000
C578,L1,TypeC,32.61,1.11,13.13,13.13,13.13,13.13,1.31,1.31,1.31,1.31,High_Stable,50,33.0,1.1,TypeC|T=33.0|V=1.1,12.98,0.5099999999999998,1.5,0.15000000000000036,0.198382352941177,13,0.05668067226890772,False,0.16687994474311138,False,False,0.11178030850600955,False,0,LOW,PASS,1,2000
C579,L1,TypeA,29.79,1.06,10.24,11.24,12.24,13.24,1.02,1.12,1.22,1.32,Normal,50,30.0,1.05,TypeA|T=30.0|V=1.05,12.185,2.344999999999999,4.959999999999999,1.9450000000000003,-0.5594466950959491,12,0.1598419128845569,False,0.08245226768557716,False,False,0.12114709028506704,False,0,LOW,PASS,1,2000
C580,L1,TypeC,30.09,1.16,11.01,12.01,31.01,33.01,1.1,1.2,3.1,3.3,Sudden_Anomaly,50,30.0,1.1500000000000001,TypeC|T=30.0|V=1.15,12.41,1.4000000000000004,2.780000000000001,1.4000000000000004,-0.6745,15,0.1927142857142857,False,0.0193113198388826,False,False,0.10601280277658415,False,0,LOW,PASS,1,2000
C581,L1,TypeC,26.9,1.21,12.19,13.19,14.19,15.19,1.22,1.32,1.42,1.52,Normal,50,27.0,1.2000000000000002,TypeC|T=27.0|V=1.2,11.76,0.9649999999999999,1.790000000000001,0.4299999999999997,0.30055440414507756,10,0.08587268689859359,False,0.08728149635675853,False,False,0.08657709162767606,False,0,LOW,PASS,1,2000
C582,L1,TypeC,29.5,1.21,11.55,13.55,16.55,21.55,1.15,1.35,1.65,2.15,Latent_Defect,50,30.0,1.2000000000000002,TypeC|T=30.0|V=1.2,10.635,1.0650000000000004,2.9975000000000005,0.9150000000000009,0.5795000000000003,12,0.16557142857142867,False,0.07879302726585455,False,False,0.12218222791864161,False,0,LOW,PASS,1,2000
C583,L1,TypeA,26.19,1.17,13.41,13.41,13.41,13.41,1.34,1.34,1.34,1.34,High_Stable,50,26.0,1.1500000000000001,TypeA|T=26.0|V=1.15,13.635,0.5950000000000006,2.6400000000000006,0.22499999999999964,-0.25506302521008334,6,0.0728751500600238,False,0.33035758156909106,False,False,0.20161636581455744,False,0,LOW,PASS,1,2000
C584,L1,TypeC,29.42,1.07,12.49,13.49,32.49,34.49,1.25,1.35,3.25,3.45,Sudden_Anomaly,50,29.0,1.05,TypeC|T=29.0|V=1.05,10.205,0.9550000000000001,1.2725000000000009,2.285,1.6138560209424082,8,0.4611017202692595,False,0.3049099368530392,False,False,0.38300582856114934,False,0,LOW,PASS,1,2000
C585,L1,TypeA,28.5,1.13,11.6,12.6,13.6,60.0,1.16,1.26,1.36,6.0,Absolute_Failure,50,28.0,1.1500000000000001,TypeA|T=28.0|V=1.15,11.73,1.0999999999999996,2.1400000000000006,0.13000000000000078,-0.07971363636363686,9,0.022775324675324816,False,0.04832721263922886,False,False,0.03555126865727684,False,0,LOW,PASS,1,2000
C586,L1,TypeA,31.94,1.19,8.21,9.21,28.21,30.21,0.82,0.92,2.82,3.02,Sudden_Anomaly,50,32.0,1.2000000000000002,TypeA|T=32.0|V=1.2,10.1,1.3899999999999988,2.1900000000000013,1.8899999999999988,-0.9171258992805756,13,0.26203597122302164,False,0.30118916751434005,False,False,0.28161256936868084,False,0,LOW,PASS,1,2000
C587,L1,TypeA,30.14,1.14,10.78,11.78,12.78,60.0,1.08,1.18,1.28,6.0,Absolute_Failure,50,30.0,1.1500000000000001,TypeA|T=30.0|V=1.15,10.78,2.3499999999999996,3.9499999999999993,0.0,0.0,7,0.0,False,0.07096711184887516,False,False,0.03548355592443758,False,0,LOW,PASS,1,2000
C588,L1,TypeC,33.93,1.07,13.85,14.85,15.85,60.0,1.38,1.48,1.58,6.0,Absolute_Failure,50,34.0,1.05,TypeC|T=34.0|V=1.05,11.515,2.05,3.3249999999999993,2.334999999999999,0.768271951219512,16,0.2195062717770034,False,0.25208193138308055,False,False,0.235794101580042,False,0,LOW,PASS,1,2000
C589,L1,TypeA,28.93,1.27,9.23,9.23,9.23,9.23,0.92,0.92,0.92,0.92,High_Stable,50,29.0,1.25,TypeA|T=29.0|V=1.25,11.665,2.455,4.470000000000001,2.4349999999999987,-0.6690050916496941,10,0.1911443118999126,False,0.2601800221139747,False,False,0.22566216700694364,False,0,LOW,PASS,1,2000
C590,L1,TypeA,32.97,1.1,11.04,12.04,13.04,14.04,1.1,1.2,1.3,1.4,Normal,50,33.0,1.1,TypeA|T=33.0|V=1.1,12.51,0.9799999999999995,2.2375000000000007,1.4700000000000006,-1.0117500000000008,20,0.2890714285714288,False,0.21391048760935133,False,False,0.25149095809039007,False,0,LOW,PASS,1,2000
C591,L1,TypeA,32.53,1.29,12.84,13.84,14.84,60.0,1.28,1.38,1.48,6.0,Absolute_Failure,50,33.0,1.3,TypeA|T=33.0|V=1.3,12.84,1.08,1.9299999999999997,0.0,0.0,7,0.0,False,0.3462813325501395,False,False,0.17314066627506974,False,0,LOW,PASS,1,2000
C592,L1,TypeA,32.15,1.22,13.25,15.25,18.25,23.25,1.32,1.52,1.82,2.32,Latent_Defect,50,32.0,1.2000000000000002,TypeA|T=32.0|V=1.2,10.1,1.3899999999999988,2.1900000000000013,3.1500000000000004,1.5285431654676274,13,0.4367266187050364,False,0.3406182262184763,False,False,0.3886724224617564,False,0,LOW,PASS,1,2000
C593,L1,TypeB,31.03,1.29,11.14,11.14,11.14,11.14,1.11,1.11,1.11,1.11,High_Stable,50,31.0,1.3,TypeB|T=31.0|V=1.3,11.39,0.6899999999999995,0.9399999999999995,0.25,-0.24438405797101467,5,0.06982401656314705,False,0.25730524122841564,False,False,0.16356462889578133,False,0,LOW,PASS,1,2000
C594,L1,TypeA,28.93,1.19,10.82,11.82,12.82,60.0,1.08,1.18,1.28,6.0,Absolute_Failure,50,29.0,1.2000000000000002,TypeA|T=29.0|V=1.2,10.82,2.33,3.9200000000000017,0.0,0.0,15,0.0,False,0.0866003118587834,False,False,0.0433001559293917,False,0,LOW,PASS,1,2000
C595,L1,TypeA,34.17,1.07,12.0,14.0,17.0,22.0,1.2,1.4,1.7,2.2,Latent_Defect,50,34.0,1.05,TypeA|T=34.0|V=1.05,11.120000000000001,1.8400000000000007,3.5249999999999986,0.879999999999999,0.32258695652173863,12,0.09216770186335389,False,0.20396698900323706,False,False,0.14806734543329547,False,0,LOW,PASS,1,2000
C596,L1,TypeC,32.34,1.05,12.66,13.66,14.66,15.66,1.27,1.37,1.47,1.57,Normal,50,32.0,1.05,TypeC|T=32.0|V=1.05,10.51,0.75,1.2400000000000002,2.1500000000000004,1.9335666666666669,9,0.5524476190476191,False,0.3941970448187235,False,False,0.4733223319331713,False,0,LOW,PASS,1,2000
C597,L1,TypeC,28.5,1.11,10.57,10.57,10.57,10.57,1.06,1.06,1.06,1.06,High_Stable,50,28.0,1.1,TypeC|T=28.0|V=1.1,10.455,1.5649999999999995,2.9124999999999996,0.11500000000000021,0.04956389776357838,18,0.01416111364673668,False,0.0805710594051251,False,False,0.04736608652593089,False,0,LOW,PASS,1,2000
C598,L1,TypeC,27.07,1.14,14.95,15.95,34.95,36.95,1.5,1.6,3.5,3.7,Sudden_Anomaly,50,27.0,1.1500000000000001,TypeC|T=27.0|V=1.15,12.01,1.0149999999999997,1.7874999999999996,2.9399999999999995,1.9537241379310348,16,0.5582068965517243,False,0.5810946102757596,False,False,0.5696507534137419,False,0,LOW,PASS,1,2000
C599,L1,TypeA,29.41,1.13,14.38,16.38,19.38,24.38,1.44,1.64,1.94,2.44,Latent_Defect,50,29.0,1.1500000000000001,TypeA|T=29.0|V=1.15,12.51,1.9399999999999995,3.5500000000000007,1.870000000000001,0.6501623711340211,15,0.18576067746686317,False,0.11442401432667394,False,False,0.15009234589676856,False,0,LOW,PASS,1,2000
C600,L1,TypeA,29.02,1.18,13.35,14.35,15.35,16.35,1.33,1.43,1.53,1.63,Normal,50,29.0,1.2000000000000002,TypeA|T=29.0|V=1.2,10.82,2.33,3.9200000000000017,2.5299999999999994,0.7323969957081543,15,0.2092562844880441,False,0.11853566351619411,False,False,0.1638959740021191,False,0,LOW,PASS,1,2000
C601,L1,TypeB,32.01,1.1,13.91,14.91,15.91,16.91,1.39,1.49,1.59,1.69,Normal,50,32.0,1.1,TypeB|T=32.0|V=1.1,11.14,1.9499999999999993,2.875,2.7699999999999996,0.9581358974358976,15,0.2737531135531136,False,0.18664107806828797,False,False,0.2301970958107008,False,0,LOW,PASS,1,2000
C602,L1,TypeC,34.52,1.24,10.63,11.63,12.63,13.63,1.06,1.16,1.26,1.36,Normal,50,35.0,1.25,TypeC|T=35.0|V=1.25,11.105,1.085,1.9725000000000001,0.47499999999999964,-0.29528801843317953,14,0.08436800526662272,False,0.2840516466891258,False,False,0.18420982597787428,False,0,LOW,PASS,1,2000
C603,L1,TypeB,34.72,1.19,9.0,10.0,29.0,31.0,0.9,1.0,2.9,3.1,Sudden_Anomaly,50,35.0,1.2000000000000002,TypeB|T=35.0|V=1.2,11.825,1.370000000000001,2.9475,2.8249999999999993,-1.390848540145984,4,0.3973852971845669,False,0.48758010024370857,False,False,0.4424826987141377,False,0,LOW,PASS,1,2000
C604,L1,TypeB,27.91,1.02,10.69,11.69,30.69,32.69,1.07,1.17,3.07,3.27,Sudden_Anomaly,50,28.0,1.0,TypeB|T=28.0|V=1.0,11.29,1.9299999999999997,2.355000000000002,0.5999999999999996,-0.20968911917098434,7,0.059911176905995525,False,0.1854023261213599,False,False,0.12265675151367772,False,0,LOW,PASS,1,2000
C605,L1,TypeB,29.64,1.3,11.94,12.94,31.94,33.94,1.19,1.29,3.19,3.39,Sudden_Anomaly,50,30.0,1.3,TypeB|T=30.0|V=1.3,10.865,1.0899999999999999,1.6524999999999999,1.0749999999999993,0.6652178899082566,6,0.19006225425950188,False,0.34711551420078046,False,False,0.26858888423014116,False,0,LOW,PASS,1,2000
C606,L1,TypeC,32.53,1.03,14.28,15.28,16.28,60.0,1.43,1.53,1.63,6.0,Absolute_Failure,50,33.0,1.05,TypeC|T=33.0|V=1.05,12.66,1.7599999999999998,3.5199999999999996,1.6199999999999992,0.6208465909090907,15,0.1773847402597402,False,0.2687151295631762,False,False,0.2230499349114582,False,0,LOW,PASS,1,2000
C607,L1,TypeA,29.37,1.0,13.53,14.53,15.53,60.0,1.35,1.45,1.55,6.0,Absolute_Failure,50,29.0,1.0,TypeA|T=29.0|V=1.0,12.665,0.830000000000001,1.9975000000000005,0.8650000000000002,0.7029427710843367,4,0.2008407917383819,False,0.4195432374397593,False,False,0.3101920145890706,False,0,LOW,PASS,1,2000
C608,L1,TypeC,32.68,1.13,14.33,15.33,16.33,60.0,1.43,1.53,1.63,6.0,Absolute_Failure,50,33.0,1.1500000000000001,TypeC|T=33.0|V=1.15,11.879999999999999,0.9549999999999992,1.6524999999999999,2.450000000000001,1.7303926701570702,12,0.4943979057591629,False,0.33124631662559206,False,False,0.4128221111923775,False,0,LOW,PASS,1,2000
C609,L1,TypeB,32.6,1.13,12.25,13.25,14.25,60.0,1.23,1.33,1.43,6.0,Absolute_Failure,50,33.0,1.1500000000000001,TypeB|T=33.0|V=1.15,12.43,1.67,3.0150000000000006,0.17999999999999972,-0.0727005988023951,12,0.020771599657827173,False,0.06489520317102944,False,False,0.042833401414428304,False,0,LOW,PASS,1,2000
C610,L1,TypeB,26.34,1.01,9.06,10.06,11.06,60.0,0.91,1.01,1.11,6.0,Absolute_Failure,50,26.0,1.0,TypeB|T=26.0|V=1.0,10.65,1.5600000000000005,3.1500000000000004,1.5899999999999999,-0.6874711538461535,9,0.19642032967032957,False,0.3549087478097514,False,False,0.2756645387400405,False,0,LOW,PASS,1,2000
C611,L1,TypeB,26.64,1.1,8.63,10.63,13.63,18.63,0.86,1.06,1.36,1.86,Latent_Defect,50,27.0,1.1,TypeB|T=27.0|V=1.1,11.52,1.450000000000001,2.8599999999999994,2.889999999999999,-1.3443482758620675,13,0.38409950738916215,False,0.33415478636431606,False,False,0.3591271468767391,False,0,LOW,PASS,1,2000
C612,L1,TypeC,33.77,1.26,11.07,12.07,13.07,14.07,1.11,1.21,1.31,1.41,Normal,50,34.0,1.25,TypeC|T=34.0|V=1.25,11.46,0.7799999999999994,1.7000000000000028,0.39000000000000057,-0.33725000000000077,11,0.09635714285714307,False,0.26025314622941814,False,False,0.1783051445432806,False,0,LOW,PASS,1,2000
C613,L1,TypeC,33.68,1.25,10.86,11.86,12.86,60.0,1.09,1.19,1.29,6.0,Absolute_Failure,50,34.0,1.25,TypeC|T=34.0|V=1.25,11.46,0.7799999999999994,1.7000000000000028,0.6000000000000014,-0.5188461538461555,11,0.14824175824175873,False,0.23339542586187992,False,False,0.19081859205181934,False,0,LOW,PASS,1,2000
C614,L1,TypeA,32.91,1.24,12.62,14.62,17.62,22.62,1.26,1.46,1.76,2.26,Latent_Defect,50,33.0,1.25,TypeA|T=33.0|V=1.25,11.515,2.0300000000000002,4.050000000000001,1.1049999999999986,0.367153940886699,16,0.10490112596762828,False,0.08246231596479867,False,False,0.09368172096621347,False,0,LOW,PASS,1,2000
C615,L1,TypeB,34.27,1.3,11.62,12.62,31.62,33.62,1.16,1.26,3.16,3.36,Sudden_Anomaly,50,34.0,1.3,TypeB|T=34.0|V=1.3,12.55,0.9050000000000002,1.6849999999999987,0.9300000000000015,-0.6931325966850838,8,0.1980378847671668,False,0.49030968987232587,False,False,0.34417378731974635,False,0,LOW,PASS,1,2000
C616,L1,TypeA,31.02,1.3,9.53,9.53,9.53,9.53,0.95,0.95,0.95,0.95,High_Stable,50,31.0,1.3,TypeA|T=31.0|V=1.3,9.53,0.1899999999999995,3.780000000000001,0.0,0.0,5,0.0,False,0.48529435858979836,False,False,0.24264717929489918,False,0,LOW,PASS,1,2000
C617,L1,TypeA,27.64,1.23,8.58,8.58,8.58,8.58,0.86,0.86,0.86,0.86,High_Stable,50,28.0,1.25,TypeA|T=28.0|V=1.25,9.600000000000001,0.9050000000000002,2.1999999999999993,1.0200000000000014,-0.7602099447513819,8,0.2172028413575377,False,0.30141588596662017,False,False,0.2593093636620789,False,0,LOW,PASS,1,2000
C618,L1,TypeA,26.18,1.19,8.49,8.49,8.49,8.49,0.85,0.85,0.85,0.85,High_Stable,50,26.0,1.2000000000000002,TypeA|T=26.0|V=1.2,10.51,1.4100000000000001,2.49,2.0199999999999996,-0.9663049645390068,7,0.2760871327254305,False,0.29500408135113315,False,False,0.2855456070382818,False,0,LOW,PASS,1,2000
C619,L1,TypeB,29.37,1.21,8.79,9.79,10.79,11.79,0.88,0.98,1.08,1.18,Normal,50,29.0,1.2000000000000002,TypeB|T=29.0|V=1.2,10.33,1.4100000000000001,2.3149999999999995,1.540000000000001,-0.7366879432624117,10,0.2104822695035462,False,0.17368019794066084,False,False,0.1920812337221035,False,0,LOW,PASS,1,2000
C620,L1,TypeB,26.1,1.12,13.28,14.28,15.28,16.28,1.33,1.43,1.53,1.63,Normal,50,26.0,1.1,TypeB|T=26.0|V=1.1,12.795,1.5949999999999998,3.094999999999999,0.48499999999999943,0.2050987460815045,14,0.05859964173757271,False,0.18154519707243277,False,False,0.12007241940500274,False,0,LOW,PASS,1,2000
C621,L1,TypeC,28.45,1.09,10.61,11.61,30.61,32.61,1.06,1.16,3.06,3.26,Sudden_Anomaly,50,28.0,1.1,TypeC|T=28.0|V=1.1,10.455,1.5649999999999995,2.9124999999999996,0.15499999999999936,0.06680351437699655,18,0.019086718393427588,False,0.09232158752534887,False,False,0.05570415295938823,False,0,LOW,PASS,1,2000
C622,L1,TypeB,27.6,1.01,11.38,12.38,13.38,60.0,1.14,1.24,1.34,6.0,Absolute_Failure,50,28.0,1.0,TypeB|T=28.0|V=1.0,11.29,1.9299999999999997,2.355000000000002,0.09000000000000163,0.031453367875648244,7,0.008986676535899499,False,0.27070473892059443,False,False,0.13984570772824698,False,0,LOW,PASS,1,2000
C623,L1,TypeC,30.96,1.03,14.16,16.16,19.16,24.16,1.42,1.62,1.92,2.42,Latent_Defect,50,31.0,1.05,TypeC|T=31.0|V=1.05,11.184999999999999,2.46,4.84,2.9750000000000014,0.8157063008130085,16,0.233058943089431,False,0.34070872296400484,False,False,0.28688383302671794,False,0,LOW,PASS,1,2000
C624,L1,TypeA,33.43,1.13,8.17,9.17,10.17,11.17,0.82,0.92,1.02,1.12,Normal,50,33.0,1.1500000000000001,TypeA|T=33.0|V=1.15,11.57,1.2800000000000011,2.365000000000002,3.4000000000000004,-1.7916406249999988,15,0.511897321428571,False,0.5611366465046647,False,False,0.5365169839666178,False,0,LOW,PASS,1,2000
C625,L1,TypeC,32.78,1.19,10.72,11.72,12.72,13.72,1.07,1.17,1.27,1.37,Normal,50,33.0,1.2000000000000002,TypeC|T=33.0|V=1.2,11.42,1.709999999999999,3.8500000000000014,0.6999999999999993,-0.276111111111111,9,0.07888888888888886,False,0.05550957512590233,False,False,0.0671992320073956,False,0,LOW,PASS,1,2000
C626,L1,TypeA,32.57,1.25,12.55,13.55,14.55,15.55,1.26,1.36,1.46,1.56,Normal,50,33.0,1.25,TypeA|T=33.0|V=1.25,11.515,2.0300000000000002,4.050000000000001,1.0350000000000001,0.34389532019704433,16,0.0982558057705841,False,0.08149874315314738,False,False,0.08987727446186575,False,0,LOW,PASS,1,2000
C627,L1,TypeC,30.12,1.1,11.04,12.04,13.04,60.0,1.1,1.2,1.3,6.0,Absolute_Failure,50,30.0,1.1,TypeC|T=30.0|V=1.1,11.04,1.7799999999999994,2.115,0.0,0.0,11,0.0,False,0.07682999897546627,False,False,0.03841499948773314,False,0,LOW,PASS,1,2000
C628,L1,TypeC,34.8,1.16,10.44,11.44,12.44,13.44,1.04,1.14,1.24,1.34,Normal,50,35.0,1.1500000000000001,TypeC|T=35.0|V=1.15,11.875,1.1550000000000002,1.9474999999999998,1.4350000000000005,-0.8380151515151516,10,0.23943290043290047,False,0.2915718347920487,False,False,0.2655023676124746,False,0,LOW,PASS,1,2000
C629,L1,TypeC,32.79,1.02,8.34,9.34,28.34,30.34,0.83,0.93,2.83,3.03,Sudden_Anomaly,50,33.0,1.0,TypeC|T=33.0|V=1.0,10.690000000000001,1.745,3.057500000000001,2.3500000000000014,-0.9083524355300864,6,0.2595292672943104,False,0.40073230538729304,False,False,0.33013078634080173,False,0,LOW,PASS,1,2000
C630,L1,TypeB,33.14,1.0,11.15,13.15,16.15,21.15,1.11,1.31,1.61,2.11,Latent_Defect,50,33.0,1.0,TypeB|T=33.0|V=1.0,10.84,0.4950000000000001,0.8975000000000009,0.3100000000000005,0.422414141414142,6,0.12068975468975486,False,0.4584733286835554,False,False,0.2895815416866551,False,0,LOW,PASS,1,2000
C631,L1,TypeC,28.8,1.27,14.16,15.16,34.16,36.16,1.42,1.52,3.42,3.62,Sudden_Anomaly,50,29.0,1.25,TypeC|T=29.0|V=1.25,11.025,1.005,1.852500000000001,3.135,2.1040373134328356,10,0.6011535181236674,False,0.574048025924976,False,False,0.5876007720243217,False,0,LOW,PASS,1,2000
C632,L1,TypeC,29.13,1.24,14.49,16.49,19.49,24.49,1.45,1.65,1.95,2.45,Latent_Defect,50,29.0,1.25,TypeC|T=29.0|V=1.25,11.025,1.005,1.852500000000001,3.465,2.325514925373134,10,0.6644328358208955,False,0.6352755092486102,True,False,0.6498541725347529,True,1,MEDIUM,REVIEW,1,2000
C633,L1,TypeA,30.64,1.03,12.82,14.82,17.82,22.82,1.28,1.48,1.78,2.28,Latent_Defect,50,31.0,1.05,TypeA|T=31.0|V=1.05,11.53,2.0299999999999994,3.8049999999999997,1.290000000000001,0.42862315270936,15,0.12246375791696,False,0.10197031704198065,False,False,0.11221703747947032,False,0,LOW,PASS,1,2000
C634,L1,TypeB,28.58,1.04,13.58,14.58,15.58,16.58,1.36,1.46,1.56,1.66,Normal,50,29.0,1.05,TypeB|T=29.0|V=1.05,10.82,1.4699999999999989,3.4450000000000003,2.76,1.266408163265307,7,0.3618309037900877,False,0.3019000627137997,False,False,0.3318654832519437,False,0,LOW,PASS,1,2000
C635,L1,TypeC,25.38,1.18,12.88,14.88,17.88,22.88,1.29,1.49,1.79,2.29,Latent_Defect,50,25.0,1.2000000000000002,TypeC|T=25.0|V=1.2,12.09,1.8250000000000002,2.795,0.7900000000000009,0.29197534246575374,4,0.08342152641878678,False,0.259707798615135,False,False,0.1715646625169609,False,0,LOW,PASS,1,2000
C636,L1,TypeA,33.41,1.01,8.74,9.74,28.74,30.74,0.87,0.97,2.87,3.07,Sudden_Anomaly,50,33.0,1.0,TypeA|T=33.0|V=1.0,11.78,2.25,4.48,3.039999999999999,-0.9113244444444442,9,0.2603784126984126,False,0.4872630402552666,False,False,0.3738207264768396,False,0,LOW,PASS,1,2000
C637,L1,TypeB,25.51,1.2,9.97,10.97,29.97,31.97,1.0,1.1,3.0,3.2,Sudden_Anomaly,50,26.0,1.2000000000000002,TypeB|T=26.0|V=1.2,12.85,1.9000000000000004,4.229999999999999,2.879999999999999,-1.0223999999999995,17,0.2921142857142856,False,0.39969447198554214,False,False,0.3459043788499139,False,0,LOW,PASS,1,2000
C638,L1,TypeA,31.51,1.15,9.27,11.27,14.27,19.27,0.93,1.13,1.43,1.93,Latent_Defect,50,32.0,1.1500000000000001,TypeA|T=32.0|V=1.15,11.555,1.4750000000000005,3.092500000000001,2.285,-1.044903389830508,8,0.2985438256658594,False,0.12649776776242122,False,False,0.21252079671414031,False,0,LOW,PASS,1,2000
C639,L1,TypeB,30.9,1.21,11.15,12.15,13.15,60.0,1.11,1.21,1.31,6.0,Absolute_Failure,50,31.0,1.2000000000000002,TypeB|T=31.0|V=1.2,12.745000000000001,1.1800000000000006,1.652499999999998,1.5950000000000006,-0.9117182203389829,8,0.26049092009685226,False,0.12008437447885192,False,False,0.19028764728785208,False,0,LOW,PASS,1,2000
C640,L1,TypeB,34.72,1.07,10.85,10.85,10.85,10.85,1.08,1.08,1.08,1.08,High_Stable,50,35.0,1.05,TypeB|T=35.0|V=1.05,13.24,1.629999999999999,2.695000000000002,2.3900000000000006,-0.9889907975460132,7,0.2825687992988609,False,0.42073323277597086,False,False,0.3516510160374159,False,0,LOW,PASS,1,2000
C641,L1,TypeB,32.92,1.16,13.69,14.69,15.69,16.69,1.37,1.47,1.57,1.67,Normal,50,33.0,1.1500000000000001,TypeB|T=33.0|V=1.15,12.43,1.67,3.0150000000000006,1.2599999999999998,0.5089041916167664,12,0.1454011976047904,False,0.12505642097560082,False,False,0.1352288092901956,False,0,LOW,PASS,1,2000
C642,L1,TypeC,29.55,1.09,8.22,9.22,10.22,60.0,0.82,0.92,1.02,6.0,Absolute_Failure,50,30.0,1.1,TypeC|T=30.0|V=1.1,11.04,1.7799999999999994,2.115,2.8199999999999985,-1.0685898876404492,11,0.30531139646869976,False,0.3312425356771885,False,False,0.3182769660729441,False,0,LOW,PASS,1,2000
C643,L1,TypeC,32.1,1.15,12.34,14.34,17.34,22.34,1.23,1.43,1.73,2.23,Latent_Defect,50,32.0,1.1500000000000001,TypeC|T=32.0|V=1.15,10.04,0.9299999999999997,1.7025000000000006,2.3000000000000007,1.6681182795698934,10,0.47660522273425526,False,0.304478883669479,False,False,0.39054205320186713,False,0,LOW,PASS,1,2000
C644,L1,TypeB,32.32,1.04,13.74,14.74,15.74,60.0,1.37,1.47,1.57,6.0,Absolute_Failure,50,32.0,1.05,TypeB|T=32.0|V=1.05,10.77,1.299999999999999,3.1000000000000014,2.9700000000000006,1.5409730769230785,9,0.4402780219780224,False,0.39241611424281175,False,False,0.4163470681104171,False,0,LOW,PASS,1,2000
C645,L1,TypeA,33.51,1.02,13.46,14.46,15.46,60.0,1.35,1.45,1.55,6.0,Absolute_Failure,50,34.0,1.0,TypeA|T=34.0|V=1.0,12.485,0.8300000000000001,1.3175000000000008,0.9750000000000014,0.7923343373493987,6,0.22638123924268536,False,0.3545092945321237,False,False,0.2904452668874045,False,0,LOW,PASS,1,2000
C646,L1,TypeB,26.13,1.07,11.64,11.64,11.64,11.64,1.16,1.16,1.16,1.16,High_Stable,50,26.0,1.05,TypeB|T=26.0|V=1.05,11.965,1.6600000000000001,3.2074999999999996,0.3249999999999993,-0.13205572289156595,14,0.03773020654044741,False,0.17474801500053486,False,False,0.10623911077049114,False,0,LOW,PASS,1,2000
C647,L1,TypeA,31.51,1.03,12.01,13.01,14.01,60.0,1.2,1.3,1.4,6.0,Absolute_Failure,50,32.0,1.05,TypeA|T=32.0|V=1.05,10.56,0.8499999999999996,1.42,1.4499999999999993,1.1506176470588234,13,0.32874789915966385,False,0.23501696135622502,False,False,0.28188243025794446,False,0,LOW,PASS,1,2000
C648,L1,TypeC,29.45,1.17,12.29,12.29,12.29,12.29,1.23,1.23,1.23,1.23,High_Stable,50,29.0,1.1500000000000001,TypeC|T=29.0|V=1.15,12.29,2.540000000000001,4.075000000000001,0.0,0.0,7,0.0,False,0.09214051006611457,False,False,0.046070255033057284,False,0,LOW,PASS,1,2000
C649,L1,TypeA,30.39,1.29,10.66,11.66,12.66,60.0,1.07,1.17,1.27,6.0,Absolute_Failure,50,30.0,1.3,TypeA|T=30.0|V=1.3,12.04,1.379999999999999,1.9000000000000004,1.379999999999999,-0.6745,5,0.1927142857142857,False,0.2469785982553528,False,False,0.21984644198481923,False,0,LOW,PASS,1,2000
C650,L1,TypeC,32.37,1.2,12.71,13.71,14.71,15.71,1.27,1.37,1.47,1.57,Normal,50,32.0,1.2000000000000002,TypeC|T=32.0|V=1.2,10.575,1.6099999999999994,2.887500000000001,2.1350000000000016,0.894445652173914,10,0.25555590062111827,False,0.08883407123990711,False,False,0.1721949859305127,False,0,LOW,PASS,1,2000
C651,L1,TypeB,34.2,1.04,8.23,8.23,8.23,8.23,0.82,0.82,0.82,0.82,High_Stable,50,34.0,1.05,TypeB|T=34.0|V=1.05,11.07,1.3000000000000007,2.58,2.84,-1.473523076923076,17,0.42100659340659313,False,0.6011473419288581,True,False,0.5110769676677256,False,1,LOW,PASS,1,2000
C652,L1,TypeC,34.31,1.18,8.94,9.94,10.94,11.94,0.89,0.99,1.09,1.19,Normal,50,34.0,1.2000000000000002,TypeC|T=34.0|V=1.2,12.12,1.25,2.1899999999999995,3.1799999999999997,-1.715928,9,0.49026514285714284,False,0.49056967036486515,False,False,0.49041740661100397,False,0,LOW,PASS,1,2000
C653,L1,TypeB,32.04,1.11,9.92,11.92,14.92,19.92,0.99,1.19,1.49,1.99,Latent_Defect,50,32.0,1.1,TypeB|T=32.0|V=1.1,11.14,1.9499999999999993,2.875,1.2200000000000006,-0.42199487179487216,15,0.12056996336996348,False,0.060065219952138,False,False,0.09031759166105074,False,0,LOW,PASS,1,2000
C654,L1,TypeB,32.48,1.01,9.23,9.23,9.23,9.23,0.92,0.92,0.92,0.92,High_Stable,50,32.0,1.0,TypeB|T=32.0|V=1.0,11.6,1.040000000000001,1.83,2.369999999999999,-1.5370817307692288,13,0.4391662087912082,False,0.46749201784808286,False,False,0.45332911331964554,False,0,LOW,PASS,1,2000
C655,L1,TypeC,31.91,1.21,9.84,10.84,29.84,31.84,0.98,1.08,2.98,3.18,Sudden_Anomaly,50,32.0,1.2000000000000002,TypeC|T=32.0|V=1.2,10.575,1.6099999999999994,2.887500000000001,0.7349999999999994,-0.30792391304347816,10,0.08797826086956519,False,0.08444580906932245,False,False,0.08621203496944382,False,0,LOW,PASS,1,2000
C656,L1,TypeB,30.95,1.23,8.23,10.23,13.23,18.23,0.82,1.02,1.32,1.82,Latent_Defect,50,31.0,1.25,TypeB|T=31.0|V=1.25,11.530000000000001,1.9850000000000012,3.7025000000000006,3.3000000000000007,-1.121335012594458,10,0.3203814321698451,False,0.3873752130574145,False,False,0.35387832261362984,False,0,LOW,PASS,1,2000
C657,L1,TypeC,32.74,1.06,10.55,12.55,15.55,20.55,1.06,1.26,1.56,2.06,Latent_Defect,50,33.0,1.05,TypeC|T=33.0|V=1.05,12.66,1.7599999999999998,3.5199999999999996,2.1099999999999994,-0.8086335227272725,15,0.23103814935064929,False,0.22266552447604251,False,False,0.2268518369133459,False,0,LOW,PASS,1,2000
C658,L1,TypeB,28.74,1.14,9.78,9.78,9.78,9.78,0.98,0.98,0.98,0.98,High_Stable,50,29.0,1.1500000000000001,TypeB|T=29.0|V=1.15,10.075,1.245,2.1799999999999997,0.29499999999999993,-0.15982128514056218,12,0.045663224325874906,False,0.10850481841696541,False,False,0.07708402137142016,False,0,LOW,PASS,1,2000
C659,L1,TypeA,29.89,1.28,14.36,15.36,16.36,17.36,1.44,1.54,1.64,1.74,Normal,50,30.0,1.3,TypeA|T=30.0|V=1.3,12.04,1.379999999999999,1.9000000000000004,2.3200000000000003,1.1339420289855082,5,0.32398343685300235,False,0.34780181223513157,False,False,0.335892624544067,False,0,LOW,PASS,1,2000
C660,L1,TypeC,31.38,1.25,10.23,11.23,30.23,32.23,1.02,1.12,3.02,3.22,Sudden_Anomaly,50,31.0,1.25,TypeC|T=31.0|V=1.25,10.88,1.8099999999999987,2.9599999999999973,0.6500000000000004,-0.24222375690607764,15,0.06920678768745075,False,0.06945377519489475,False,False,0.06933028144117276,False,0,LOW,PASS,1,2000
C661,L1,TypeA,30.84,1.05,10.07,12.07,15.07,20.07,1.01,1.21,1.51,2.01,Latent_Defect,50,31.0,1.05,TypeA|T=31.0|V=1.05,11.53,2.0299999999999994,3.8049999999999997,1.459999999999999,-0.4851083743842363,15,0.13860239268121038,False,0.06033127965263303,False,False,0.0994668361669217,False,0,LOW,PASS,1,2000
C662,L1,TypeA,31.1,1.13,8.1,9.1,10.1,11.1,0.81,0.91,1.01,1.11,Normal,50,31.0,1.1500000000000001,TypeA|T=31.0|V=1.15,12.38,1.9699999999999989,3.880000000000001,4.280000000000001,-1.4654111675126917,13,0.4186889050036262,False,0.6546517350929947,True,False,0.5366703200483105,False,1,LOW,PASS,1,2000
C663,L1,TypeB,35.0,1.05,11.04,12.04,31.04,33.04,1.1,1.2,3.1,3.3,Sudden_Anomaly,50,35.0,1.05,TypeB|T=35.0|V=1.05,13.24,1.629999999999999,2.695000000000002,2.200000000000001,-0.9103680981595101,7,0.2601051709027172,False,0.46687355180531664,False,False,0.3634893613540169,False,0,LOW,PASS,1,2000
C664,L1,TypeB,25.85,1.29,10.59,10.59,10.59,10.59,1.06,1.06,1.06,1.06,High_Stable,50,26.0,1.3,TypeB|T=26.0|V=1.3,9.735,0.8549999999999995,0.8549999999999986,0.8550000000000004,0.6745000000000008,2,0.19271428571428592,False,0.48642462866980435,False,False,0.3395694571920451,False,0,LOW,PASS,1,2000
C665,L1,TypeC,25.16,1.29,11.85,13.85,16.85,21.85,1.19,1.39,1.69,2.19,Latent_Defect,50,25.0,1.3,TypeC|T=25.0|V=1.3,10.27,1.88,3.790000000000001,1.58,0.5668670212765957,4,0.16196200607902736,False,0.5610461509315263,False,False,0.3615040785052768,False,0,LOW,PASS,1,2000
C666,L1,TypeA,29.72,1.01,12.87,14.87,17.87,22.87,1.29,1.49,1.79,2.29,Latent_Defect,50,30.0,1.0,TypeA|T=30.0|V=1.0,11.24,1.0700000000000003,1.7799999999999994,1.629999999999999,1.0275093457943916,5,0.2935740987983976,False,0.27100154085015093,False,False,0.28228781982427426,False,0,LOW,PASS,1,2000
C667,L1,TypeB,29.46,1.28,12.67,13.67,14.67,15.67,1.27,1.37,1.47,1.57,Normal,50,29.0,1.3,TypeB|T=29.0|V=1.3,13.559999999999999,0.8899999999999997,0.8899999999999988,0.8899999999999988,-0.6744999999999993,2,0.19271428571428553,False,0.2814928306583761,False,False,0.23710355818633083,False,0,LOW,PASS,1,2000
C668,L1,TypeA,27.11,1.23,9.86,10.86,29.86,31.86,0.99,1.09,2.99,3.19,Sudden_Anomaly,50,27.0,1.25,TypeA|T=27.0|V=1.25,12.809999999999999,1.6050000000000013,3.8375000000000004,2.9499999999999993,-1.2397352024922104,6,0.35421005785491727,False,0.313306165241361,False,False,0.33375811154813917,False,0,LOW,PASS,1,2000
C669,L1,TypeC,28.06,1.11,12.25,13.25,14.25,60.0,1.23,1.33,1.43,6.0,Absolute_Failure,50,28.0,1.1,TypeC|T=28.0|V=1.1,10.455,1.5649999999999995,2.9124999999999996,1.795,0.7736277955271568,18,0.2210365130077591,False,0.05908075654736583,False,False,0.14005863477756247,False,0,LOW,PASS,1,2000
C670,L1,TypeB,31.5,1.03,11.8,12.8,31.8,33.8,1.18,1.28,3.18,3.38,Sudden_Anomaly,50,32.0,1.05,TypeB|T=32.0|V=1.05,10.77,1.299999999999999,3.1000000000000014,1.0300000000000011,0.5344115384615394,9,0.15268901098901128,False,0.12551891964164494,False,False,0.1391039653153281,False,0,LOW,PASS,1,2000
C671,L1,TypeA,30.71,1.12,14.67,15.67,16.67,17.67,1.47,1.57,1.67,1.77,Normal,50,31.0,1.1,TypeA|T=31.0|V=1.1,13.24,1.4299999999999997,4.84,1.4299999999999997,0.6745,17,0.1927142857142857,False,0.16622479547976202,False,False,0.17946954059702386,False,0,LOW,PASS,1,2000
C672,L1,TypeC,31.72,1.08,12.45,14.45,17.45,22.45,1.24,1.44,1.74,2.24,Latent_Defect,50,32.0,1.1,TypeC|T=32.0|V=1.1,12.09,0.5199999999999996,0.879999999999999,0.35999999999999943,0.4669615384615381,13,0.1334175824175823,False,0.10872435985247589,False,False,0.1210709711350291,False,0,LOW,PASS,1,2000
C673,L1,TypeC,32.36,1.28,14.53,14.53,14.53,14.53,1.45,1.45,1.45,1.45,High_Stable,50,32.0,1.3,TypeC|T=32.0|V=1.3,14.489999999999998,0.1800000000000015,1.3650000000000002,0.040000000000000924,0.1498888888888911,4,0.04282539682539745,False,0.5682703837008021,False,False,0.30554789026309975,False,0,LOW,PASS,1,2000
C674,L1,TypeB,30.64,1.02,13.47,14.47,33.47,35.47,1.35,1.45,3.35,3.55,Sudden_Anomaly,50,31.0,1.0,TypeB|T=31.0|V=1.0,12.99,0.4800000000000004,0.8200000000000003,0.4800000000000004,0.6745,5,0.1927142857142857,False,0.3001983595751507,False,False,0.24645632264471817,False,0,LOW,PASS,1,2000
C675,L1,TypeA,26.46,1.01,8.46,9.46,28.46,30.46,0.85,0.95,2.85,3.05,Sudden_Anomaly,50,26.0,1.0,TypeA|T=26.0|V=1.0,11.925,1.1349999999999998,2.139999999999999,3.465,-2.0591563876651984,6,0.588330396475771,False,0.8466004638044003,True,False,0.7174654301400857,True,1,MEDIUM,REVIEW,1,2000
C676,L1,TypeC,30.88,1.21,13.17,14.17,33.17,35.17,1.32,1.42,3.32,3.52,Sudden_Anomaly,50,31.0,1.2000000000000002,TypeC|T=31.0|V=1.2,12.16,1.0600000000000005,2.16,1.0099999999999998,0.6426839622641505,11,0.1836239892183287,False,0.06046491329786414,False,False,0.12204445125809642,False,0,LOW,PASS,1,2000
C677,L1,TypeC,26.16,1.05,8.62,9.62,10.62,60.0,0.86,0.96,1.06,6.0,Absolute_Failure,50,26.0,1.05,TypeC|T=26.0|V=1.05,10.399999999999999,1.4600000000000009,2.5600000000000005,1.7799999999999994,-0.8223356164383554,10,0.23495303326810155,False,0.3210943635345907,False,False,0.2780236984013461,False,0,LOW,PASS,1,2000
C678,L1,TypeB,31.2,1.14,11.22,13.22,16.22,21.22,1.12,1.32,1.62,2.12,Latent_Defect,50,31.0,1.1500000000000001,TypeB|T=31.0|V=1.15,11.82,2.21,4.27,0.5999999999999996,-0.18312217194570124,16,0.05232062055591464,False,0.0,False,False,0.02616031027795732,False,0,LOW,PASS,1,2000
C679,L1,TypeA,26.66,1.29,12.58,13.58,32.58,34.58,1.26,1.36,3.26,3.46,Sudden_Anomaly,50,27.0,1.3,TypeA|T=27.0|V=1.3,12.045,0.8549999999999995,1.9624999999999986,0.5350000000000001,0.4220555555555559,6,0.12058730158730169,False,0.31616590065659583,False,False,0.21837660112194876,False,0,LOW,PASS,1,2000
C680,L1,TypeA,34.81,1.01,9.24,10.24,11.24,12.24,0.92,1.02,1.12,1.22,Normal,50,35.0,1.0,TypeA|T=35.0|V=1.0,10.735,1.495,1.4949999999999992,1.4949999999999992,-0.6744999999999997,2,0.19271428571428562,False,0.48243836723487676,False,False,0.3375763264745812,False,0,LOW,PASS,1,2000
C681,L1,TypeA,25.08,1.26,12.73,13.73,14.73,15.73,1.27,1.37,1.47,1.57,Normal,50,25.0,1.25,TypeA|T=25.0|V=1.25,12.1,1.0900000000000007,3.120000000000001,0.6300000000000008,0.38984862385321123,6,0.11138532110091749,False,0.41740673522453126,False,False,0.2643960281627244,False,0,LOW,PASS,1,2000
C682,L1,TypeA,26.92,1.3,11.38,12.38,31.38,33.38,1.14,1.24,3.14,3.34,Sudden_Anomaly,50,27.0,1.3,TypeA|T=27.0|V=1.3,12.045,0.8549999999999995,1.9624999999999986,0.6649999999999991,-0.5246111111111107,6,0.14988888888888877,False,0.34429109391543533,False,False,0.24708999140216203,False,0,LOW,PASS,1,2000
C683,L1,TypeC,25.99,1.24,13.37,13.37,13.37,13.37,1.34,1.34,1.34,1.34,High_Stable,50,26.0,1.25,TypeC|T=26.0|V=1.25,12.27,1.3600000000000012,2.630000000000001,1.0999999999999996,0.5455514705882346,9,0.1558718487394956,False,0.23828258421242618,False,False,0.19707721647596088,False,0,LOW,PASS,1,2000
C684,L1,TypeA,27.36,1.06,12.74,13.74,32.74,34.74,1.27,1.37,3.27,3.47,Sudden_Anomaly,50,27.0,1.05,TypeA|T=27.0|V=1.05,10.25,1.915,3.6549999999999994,2.49,0.8770261096605744,12,0.2505788884744498,False,0.175411136273092,False,False,0.2129950123737709,False,0,LOW,PASS,1,2000
C685,L1,TypeA,27.37,1.06,12.6,12.6,12.6,12.6,1.26,1.26,1.26,1.26,High_Stable,50,27.0,1.05,TypeA|T=27.0|V=1.05,10.25,1.915,3.6549999999999994,2.3499999999999996,0.8277154046997388,12,0.2364901156284968,False,0.14173895313382362,False,False,0.18911453438116022,False,0,LOW,PASS,1,2000
C686,L1,TypeC,26.04,1.08,13.85,14.85,15.85,60.0,1.38,1.48,1.58,6.0,Absolute_Failure,50,26.0,1.1,TypeC|T=26.0|V=1.1,10.88,1.4499999999999993,2.9299999999999997,2.969999999999999,1.3815620689655175,15,0.39473201970443356,False,0.4392166172925802,False,False,0.41697431849850686,False,0,LOW,PASS,1,2000
C687,L1,TypeB,32.77,1.28,13.8,13.8,13.8,13.8,1.38,1.38,1.38,1.38,High_Stable,50,33.0,1.3,TypeB|T=33.0|V=1.3,11.475,2.09,3.3674999999999997,2.325000000000001,0.7503409090909094,6,0.21438311688311698,False,0.3228220636091502,False,False,0.2686025902461336,False,0,LOW,PASS,1,2000
C688,L1,TypeC,33.76,1.02,12.25,13.25,14.25,15.25,1.22,1.32,1.42,1.52,Normal,50,34.0,1.0,TypeC|T=34.0|V=1.0,12.25,2.6999999999999993,4.765000000000001,0.0,0.0,7,0.0,False,0.37349741994349683,False,False,0.18674870997174842,False,0,LOW,PASS,1,2000
C689,L1,TypeB,34.13,1.07,13.52,14.52,15.52,60.0,1.35,1.45,1.55,6.0,Absolute_Failure,50,34.0,1.05,TypeB|T=34.0|V=1.05,11.07,1.3000000000000007,2.58,2.4499999999999993,1.2711730769230758,17,0.36319230769230737,False,0.35741312149144633,False,False,0.36030271459187685,False,0,LOW,PASS,1,2000
C690,L1,TypeB,30.3,1.06,12.57,13.57,14.57,15.57,1.26,1.36,1.46,1.56,Normal,50,30.0,1.05,TypeB|T=30.0|V=1.05,11.37,1.5,2.799999999999999,1.200000000000001,0.5396000000000004,11,0.15417142857142868,False,0.05193334773234735,False,False,0.10305238815188801,False,0,LOW,PASS,1,2000
C691,L1,TypeC,33.72,1.17,10.8,12.8,15.8,20.8,1.08,1.28,1.58,2.08,Latent_Defect,50,34.0,1.1500000000000001,TypeC|T=34.0|V=1.15,11.96,1.6599999999999993,2.977499999999999,1.1600000000000001,-0.47133734939759064,10,0.13466781411359732,False,0.10953813547408423,False,False,0.12210297479384077,False,0,LOW,PASS,1,2000
C692,L1,TypeA,30.49,1.06,8.29,9.29,28.29,30.29,0.83,0.93,2.83,3.03,Sudden_Anomaly,50,30.0,1.05,TypeA|T=30.0|V=1.05,12.185,2.344999999999999,4.959999999999999,3.8950000000000014,-1.1203315565031993,12,0.3200947304294855,False,0.5070300047814176,False,False,0.4135623676054515,False,0,LOW,PASS,1,2000
C693,L1,TypeB,34.34,1.1,13.32,14.32,15.32,60.0,1.33,1.43,1.53,6.0,Absolute_Failure,50,34.0,1.1,TypeB|T=34.0|V=1.1,12.71,0.6099999999999994,1.2100000000000009,0.6099999999999994,0.6745,9,0.1927142857142857,False,0.30629075801327593,False,False,0.2495025218637808,False,0,LOW,PASS,1,2000
C694,L1,TypeC,28.06,1.15,10.81,10.81,10.81,10.81,1.08,1.08,1.08,1.08,High_Stable,50,28.0,1.1500000000000001,TypeC|T=28.0|V=1.15,11.025,1.1450000000000005,1.825000000000001,0.21499999999999986,-0.12665283842794747,6,0.03618652526512785,False,0.03738488022252177,False,False,0.03678570274382481,False,0,LOW,PASS,1,2000
C695,L1,TypeB,29.28,1.17,13.8,14.8,15.8,60.0,1.38,1.48,1.58,6.0,Absolute_Failure,50,29.0,1.1500000000000001,TypeB|T=29.0|V=1.15,10.075,1.245,2.1799999999999997,3.7250000000000014,2.0180823293172696,12,0.5765949512335056,False,0.5179974033743732,False,False,0.5472961773039393,False,0,LOW,PASS,1,2000
C696,L1,TypeC,34.58,1.26,12.35,13.35,14.35,15.35,1.23,1.33,1.43,1.53,Normal,50,35.0,1.25,TypeC|T=35.0|V=1.25,11.105,1.085,1.9725000000000001,1.2449999999999992,0.773965437788018,14,0.221132982225148,False,0.3254673124222973,False,False,0.27330014732372265,False,0,LOW,PASS,1,2000
C697,L1,TypeA,27.42,1.03,12.24,13.24,14.24,15.24,1.22,1.32,1.42,1.52,Normal,50,27.0,1.05,TypeA|T=27.0|V=1.05,10.25,1.915,3.6549999999999994,1.9900000000000002,0.700916449086162,12,0.2002618425960463,False,0.1734622074690692,False,False,0.18686202503255775,False,0,LOW,PASS,1,2000
C698,L1,TypeB,27.33,1.01,11.3,12.3,31.3,33.3,1.13,1.23,3.13,3.33,Sudden_Anomaly,50,27.0,1.0,TypeB|T=27.0|V=1.0,11.3,1.1999999999999993,1.9849999999999994,0.0,0.0,7,0.0,False,0.28793573405050926,False,False,0.14396786702525463,False,0,LOW,PASS,1,2000
C699,L1,TypeA,28.63,1.26,10.5,12.5,15.5,20.5,1.05,1.25,1.55,2.05,Latent_Defect,50,29.0,1.25,TypeA|T=29.0|V=1.25,11.665,2.455,4.470000000000001,1.1649999999999991,-0.3200784114052951,10,0.09145097468722717,False,0.10307474281475325,False,False,0.09726285875099021,False,0,LOW,PASS,1,2000
C700,L1,TypeB,33.46,1.14,12.57,14.57,17.57,22.57,1.26,1.46,1.76,2.26,Latent_Defect,50,33.0,1.1500000000000001,TypeB|T=33.0|V=1.15,12.43,1.67,3.0150000000000006,0.14000000000000057,0.05654491017964095,12,0.016155688622754558,False,0.13245457433496818,False,False,0.07430513147886136,False,0,LOW,PASS,1,2000
C701,L1,TypeC,32.48,1.1,14.14,15.14,16.14,17.14,1.41,1.51,1.61,1.71,Normal,50,32.0,1.1,TypeC|T=32.0|V=1.1,12.09,0.5199999999999996,0.879999999999999,2.0500000000000007,2.6590865384615414,13,0.7597390109890119,False,0.47084559889110944,False,False,0.6152923049400607,True,0,MEDIUM,REVIEW,1,2000
C702,L1,TypeA,34.38,1.15,9.56,11.56,14.56,19.56,0.96,1.16,1.46,1.96,Latent_Defect,50,34.0,1.1500000000000001,TypeA|T=34.0|V=1.15,11.69,0.9600000000000009,1.8249999999999993,2.129999999999999,-1.496546874999998,10,0.42758482142857085,False,0.3803813827754609,False,False,0.4039831021020159,False,0,LOW,PASS,1,2000
C703,L1,TypeB,29.12,1.07,12.24,13.24,14.24,60.0,1.22,1.32,1.42,6.0,Absolute_Failure,50,29.0,1.05,TypeB|T=29.0|V=1.05,10.82,1.4699999999999989,3.4450000000000003,1.42,0.6515578231292521,7,0.1861593780369292,False,0.05040870303085747,False,False,0.11828404053389333,False,0,LOW,PASS,1,2000
C704,L1,TypeC,28.29,1.16,12.24,13.24,14.24,15.24,1.22,1.32,1.42,1.52,Normal,50,28.0,1.1500000000000001,TypeC|T=28.0|V=1.15,11.025,1.1450000000000005,1.825000000000001,1.2149999999999999,0.7157358078602616,6,0.20449594510293187,False,0.04263921192501792,False,False,0.1235675785139749,False,0,LOW,PASS,1,2000
C705,L1,TypeA,29.19,1.25,14.14,14.14,14.14,14.14,1.41,1.41,1.41,1.41,High_Stable,50,29.0,1.25,TypeA|T=29.0|V=1.25,11.665,2.455,4.470000000000001,2.4750000000000014,0.6799949083503058,10,0.19428425952865883,False,0.19387136998307541,False,False,0.1940778147558671,False,0,LOW,PASS,1,2000
C706,L1,TypeB,30.54,1.01,10.74,11.74,12.74,13.74,1.07,1.17,1.27,1.37,Normal,50,31.0,1.0,TypeB|T=31.0|V=1.0,12.99,0.4800000000000004,0.8200000000000003,2.25,-3.1617187499999972,5,0.9033482142857135,False,0.6886040641504632,True,False,0.7959761392180884,True,1,MEDIUM,REVIEW,1,2000
C707,L1,TypeB,27.74,1.06,9.98,10.98,11.98,60.0,1.0,1.1,1.2,6.0,Absolute_Failure,50,28.0,1.05,TypeB|T=28.0|V=1.05,10.05,0.5450000000000008,1.3650000000000002,0.07000000000000028,-0.086633027522936,8,0.024752293577981716,False,0.2312050353347437,False,False,0.12797866445636272,False,0,LOW,PASS,1,2000
C708,L1,TypeC,30.97,1.21,8.27,9.27,28.27,30.27,0.83,0.93,2.83,3.03,Sudden_Anomaly,50,31.0,1.2000000000000002,TypeC|T=31.0|V=1.2,12.16,1.0600000000000005,2.16,3.8900000000000006,-2.4752877358490557,11,0.7072250673854444,False,0.715643903289663,True,False,0.7114344853375537,True,1,MEDIUM,REVIEW,1,2000
C709,L1,TypeC,28.67,1.08,10.37,10.37,10.37,10.37,1.04,1.04,1.04,1.04,High_Stable,50,29.0,1.1,TypeC|T=29.0|V=1.1,11.565,1.4100000000000001,2.615000000000002,1.1950000000000003,-0.5716507092198583,10,0.16332877406281665,False,0.061483690371073325,False,False,0.11240623221694498,False,0,LOW,PASS,1,2000
C710,L1,TypeC,26.41,1.24,13.63,13.63,13.63,13.63,1.36,1.36,1.36,1.36,High_Stable,50,26.0,1.25,TypeC|T=26.0|V=1.25,12.27,1.3600000000000012,2.630000000000001,1.3600000000000012,0.6745,9,0.1927142857142857,False,0.2118408227740556,False,False,0.20227755424417065,False,0,LOW,PASS,1,2000
C711,L1,TypeC,32.25,1.23,8.55,9.55,28.55,30.55,0.85,0.95,2.85,3.05,Sudden_Anomaly,50,32.0,1.25,TypeC|T=32.0|V=1.25,11.69,2.1400000000000006,4.07,3.139999999999999,-0.9896869158878497,25,0.2827676902536714,False,0.30724063657176626,False,False,0.29500416341271885,False,0,LOW,PASS,1,2000
C712,L1,TypeB,26.88,1.02,13.09,14.09,33.09,35.09,1.31,1.41,3.31,3.51,Sudden_Anomaly,50,27.0,1.0,TypeB|T=27.0|V=1.0,11.3,1.1999999999999993,1.9849999999999994,1.7899999999999991,1.006129166666667,7,0.2874654761904763,False,0.29197882867680525,False,False,0.28972215243364074,False,0,LOW,PASS,1,2000
C713,L1,TypeA,34.61,1.27,9.09,11.09,14.09,19.09,0.91,1.11,1.41,1.91,Latent_Defect,50,35.0,1.25,TypeA|T=35.0|V=1.25,11.36,1.6900000000000013,1.9800000000000004,2.2699999999999996,-0.9059852071005909,5,0.25885291631445456,False,0.5315665211351739,False,False,0.39520971872481425,False,0,LOW,PASS,1,2000
C714,L1,TypeA,26.0,1.14,8.65,8.65,8.65,8.65,0.87,0.87,0.87,0.87,High_Stable,50,26.0,1.1500000000000001,TypeA|T=26.0|V=1.15,13.635,0.5950000000000006,2.6400000000000006,4.984999999999999,-5.651063025210077,6,1.0,True,1.0,True,False,1.0,True,2,CRITICAL,REVIEW,1,2000
C715,L1,TypeA,33.27,1.3,13.92,14.92,15.92,16.92,1.39,1.49,1.59,1.69,Normal,50,33.0,1.3,TypeA|T=33.0|V=1.3,12.84,1.08,1.9299999999999997,1.08,0.6745,7,0.1927142857142857,False,0.4529799536711935,False,False,0.3228471196927396,False,0,LOW,PASS,1,2000
C716,L1,TypeC,28.49,1.21,10.49,11.49,30.49,32.49,1.05,1.15,3.05,3.25,Sudden_Anomaly,50,28.0,1.2000000000000002,TypeC|T=28.0|V=1.2,10.935,1.6499999999999995,2.9349999999999987,0.4450000000000003,-0.18191060606060624,10,0.05197445887445893,False,0.02530461492134741,False,False,0.03863953689790317,False,0,LOW,PASS,1,2000
C717,L1,TypeB,32.18,1.07,10.31,11.31,12.31,60.0,1.03,1.13,1.23,6.0,Absolute_Failure,50,32.0,1.05,TypeB|T=32.0|V=1.05,10.77,1.299999999999999,3.1000000000000014,0.4599999999999991,-0.2386692307692305,9,0.06819120879120871,False,0.09884298532207503,False,False,0.08351709705664187,False,0,LOW,PASS,1,2000
C718,L1,TypeC,26.63,1.04,8.22,9.22,10.22,60.0,0.82,0.92,1.02,6.0,Absolute_Failure,50,27.0,1.05,TypeC|T=27.0|V=1.05,10.53,2.4499999999999993,5.0600000000000005,2.3099999999999987,-0.6359571428571427,13,0.1817020408163265,False,0.42968945399256275,False,False,0.3056957474044446,False,0,LOW,PASS,1,2000
C719,L1,TypeC,27.61,1.03,11.99,12.99,13.99,60.0,1.2,1.3,1.4,6.0,Absolute_Failure,50,28.0,1.05,TypeC|T=28.0|V=1.05,12.19,0.4800000000000004,0.8900000000000006,0.1999999999999993,-0.2810416666666654,9,0.08029761904761869,False,0.2441951089121894,False,False,0.16224636397990405,False,0,LOW,PASS,1,2000
C720,L1,TypeB,31.06,1.27,12.98,13.98,14.98,15.98,1.3,1.4,1.5,1.6,Normal,50,31.0,1.25,TypeB|T=31.0|V=1.25,11.530000000000001,1.9850000000000012,3.7025000000000006,1.4499999999999993,0.4927078085642312,10,0.14077365958978033,False,0.11963925302050255,False,False,0.13020645630514144,False,0,LOW,PASS,1,2000
C721,L1,TypeB,33.62,1.08,13.22,14.22,15.22,60.0,1.32,1.42,1.52,6.0,Absolute_Failure,50,34.0,1.1,TypeB|T=34.0|V=1.1,12.71,0.6099999999999994,1.2100000000000009,0.5099999999999998,0.5639262295081969,9,0.16112177985948484,False,0.2547403194014846,False,False,0.20793104963048473,False,0,LOW,PASS,1,2000
C722,L1,TypeB,25.91,1.18,14.68,15.68,34.68,36.68,1.47,1.57,3.47,3.67,Sudden_Anomaly,50,26.0,1.2000000000000002,TypeB|T=26.0|V=1.2,12.85,1.9000000000000004,4.229999999999999,1.83,0.6496499999999998,17,0.18561428571428568,False,0.3407267002030827,False,False,0.2631704929586842,False,0,LOW,PASS,1,2000
C723,L1,TypeC,28.04,1.11,10.12,11.12,12.12,13.12,1.01,1.11,1.21,1.31,Normal,50,28.0,1.1,TypeC|T=28.0|V=1.1,10.455,1.5649999999999995,2.9124999999999996,0.33500000000000085,-0.1443817891373806,18,0.04125193975353731,False,0.08859670088471241,False,False,0.06492432031912486,False,0,LOW,PASS,1,2000
C724,L1,TypeC,29.39,1.09,14.68,15.68,16.68,60.0,1.47,1.57,1.67,6.0,Absolute_Failure,50,29.0,1.1,TypeC|T=29.0|V=1.1,11.565,1.4100000000000001,2.615000000000002,3.115,1.490118794326241,10,0.4257482269503546,False,0.3758680521747711,False,False,0.40080813956256284,False,0,LOW,PASS,1,2000
C725,L1,TypeC,29.41,1.24,8.62,8.62,8.62,8.62,0.86,0.86,0.86,0.86,High_Stable,50,29.0,1.25,TypeC|T=29.0|V=1.25,11.025,1.005,1.852500000000001,2.405000000000001,-1.6141019900497522,10,0.4611719971570721,False,0.3607193686166144,False,False,0.41094568288684324,False,0,LOW,PASS,1,2000
C726,L1,TypeA,26.81,1.24,11.87,13.87,16.87,21.87,1.19,1.39,1.69,2.19,Latent_Defect,50,27.0,1.25,TypeA|T=27.0|V=1.25,12.809999999999999,1.6050000000000013,3.8375000000000004,0.9399999999999995,-0.395034267912772,6,0.11286693368936343,False,0.14018235512092933,False,False,0.12652464440514638,False,0,LOW,PASS,1,2000
C727,L1,TypeC,31.69,1.27,13.25,14.25,15.25,60.0,1.33,1.43,1.53,6.0,Absolute_Failure,50,32.0,1.25,TypeC|T=32.0|V=1.25,11.69,2.1400000000000006,4.07,1.5600000000000005,0.49169158878504676,25,0.14048331108144194,False,0.1392758377325101,False,False,0.13987957440697601,False,0,LOW,PASS,1,2000
C728,L1,TypeB,33.39,1.17,9.92,10.92,11.92,60.0,0.99,1.09,1.19,6.0,Absolute_Failure,50,33.0,1.1500000000000001,TypeB|T=33.0|V=1.15,12.43,1.67,3.0150000000000006,2.51,-1.0137694610778443,12,0.28964841745081266,False,0.2114191826528264,False,False,0.2505338000518195,False,0,LOW,PASS,1,2000
C729,L1,TypeA,32.2,1.12,10.39,11.39,12.39,60.0,1.04,1.14,1.24,6.0,Absolute_Failure,50,32.0,1.1,TypeA|T=32.0|V=1.1,10.8,1.9300000000000015,3.5199999999999996,0.41000000000000014,-0.14328756476683932,13,0.04093930421909695,False,0.030420353228715693,False,False,0.03567982872390632,False,0,LOW,PASS,1,2000
C730,L1,TypeA,32.62,1.26,10.7,10.7,10.7,10.7,1.07,1.07,1.07,1.07,High_Stable,50,33.0,1.25,TypeA|T=33.0|V=1.25,11.515,2.0300000000000002,4.050000000000001,0.8150000000000013,-0.27079679802955703,16,0.07737051372273059,False,0.1243030753767675,False,False,0.10083679454974905,False,0,LOW,PASS,1,2000
C731,L1,TypeC,29.19,1.18,9.21,10.21,11.21,60.0,0.92,1.02,1.12,6.0,Absolute_Failure,50,29.0,1.2000000000000002,TypeC|T=29.0|V=1.2,12.82,1.5600000000000005,3.710000000000001,3.6099999999999994,-1.5608621794871786,9,0.4459606227106225,False,0.36431800612809656,False,False,0.4051393144193595,False,0,LOW,PASS,1,2000
C732,L1,TypeB,27.74,1.2,11.38,13.38,16.38,21.38,1.14,1.34,1.64,2.14,Latent_Defect,50,28.0,1.2000000000000002,TypeB|T=28.0|V=1.2,12.43,1.6600000000000001,2.9700000000000006,1.049999999999999,-0.4266415662650597,17,0.12189759036144564,False,0.042875922556803864,False,False,0.08238675645912474,False,0,LOW,PASS,1,2000
C733,L1,TypeC,30.94,1.05,13.12,14.12,15.12,16.12,1.31,1.41,1.51,1.61,Normal,50,31.0,1.05,TypeC|T=31.0|V=1.05,11.184999999999999,2.46,4.84,1.9350000000000005,0.5305518292682928,16,0.15158623693379794,False,0.05409003723600511,False,False,0.10283813708490153,False,0,LOW,PASS,1,2000
C734,L1,TypeA,26.22,1.2,10.51,11.51,30.51,32.51,1.05,1.15,3.05,3.25,Sudden_Anomaly,50,26.0,1.2000000000000002,TypeA|T=26.0|V=1.2,10.51,1.4100000000000001,2.49,0.0,0.0,7,0.0,False,0.1996607612480132,False,False,0.0998303806240066,False,0,LOW,PASS,1,2000
C735,L1,TypeB,25.11,1.22,10.72,11.72,30.72,32.72,1.07,1.17,3.07,3.27,Sudden_Anomaly,50,25.0,1.2000000000000002,TypeB|T=25.0|V=1.2,10.72,1.6300000000000008,2.9000000000000004,0.0,0.0,5,0.0,False,0.3691585151495236,False,False,0.1845792575747618,False,0,LOW,PASS,1,2000
C736,L1,TypeA,32.56,1.12,13.12,13.12,13.12,13.12,1.31,1.31,1.31,1.31,High_Stable,50,33.0,1.1,TypeA|T=33.0|V=1.1,12.51,0.9799999999999995,2.2375000000000007,0.6099999999999994,0.41984183673469366,20,0.11995481049562676,False,0.08954169686242565,False,False,0.10474825367902621,False,0,LOW,PASS,1,2000
C737,L1,TypeB,28.28,1.05,10.31,11.31,30.31,32.31,1.03,1.13,3.03,3.23,Sudden_Anomaly,50,28.0,1.05,TypeB|T=28.0|V=1.05,10.05,0.5450000000000008,1.3650000000000002,0.2599999999999998,0.32177981651376075,8,0.09193709043250307,False,0.2534107075482836,False,False,0.17267389899039334,False,0,LOW,PASS,1,2000
C738,L1,TypeB,34.43,1.12,12.11,13.11,14.11,15.11,1.21,1.31,1.41,1.51,Normal,50,34.0,1.1,TypeB|T=34.0|V=1.1,12.71,0.6099999999999994,1.2100000000000009,0.6000000000000014,-0.6634426229508218,9,0.18955503512880623,False,0.274726071513579,False,False,0.2321405533211926,False,0,LOW,PASS,1,2000
C739,L1,TypeB,33.85,1.17,8.95,9.95,10.95,11.95,0.89,0.99,1.09,1.19,Normal,50,34.0,1.1500000000000001,TypeB|T=34.0|V=1.15,12.24,1.9000000000000004,2.8599999999999994,3.290000000000001,-1.1679500000000003,13,0.33370000000000005,False,0.36845092395377865,False,False,0.3510754619768893,False,0,LOW,PASS,1,2000
C740,L1,TypeA,29.09,1.2,8.21,8.21,8.21,8.21,0.82,0.82,0.82,0.82,High_Stable,50,29.0,1.2000000000000002,TypeA|T=29.0|V=1.2,10.82,2.33,3.9200000000000017,2.6099999999999994,-0.7555557939914161,15,0.21587308399754748,False,0.32569615882639746,False,False,0.27078462141197246,False,0,LOW,PASS,1,2000
C741,L1,TypeB,25.1,1.23,8.53,9.53,10.53,11.53,0.85,0.95,1.05,1.15,Normal,50,25.0,1.25,TypeB|T=25.0|V=1.25,10.955,1.2599999999999998,2.3374999999999986,2.4250000000000007,-1.2981448412698418,6,0.37089852607709767,False,0.5111866080831954,False,False,0.44104256708014655,False,0,LOW,PASS,1,2000
C742,L1,TypeA,26.45,1.02,13.26,15.26,18.26,23.26,1.33,1.53,1.83,2.33,Latent_Defect,50,26.0,1.0,TypeA|T=26.0|V=1.0,11.925,1.1349999999999998,2.139999999999999,1.334999999999999,0.7933546255506604,6,0.22667275015733154,False,0.28808608693209115,False,False,0.25737941854471136,False,0,LOW,PASS,1,2000
C743,L1,TypeC,30.09,1.11,9.15,10.15,11.15,60.0,0.92,1.02,1.12,6.0,Absolute_Failure,50,30.0,1.1,TypeC|T=30.0|V=1.1,11.04,1.7799999999999994,2.115,1.8899999999999988,-0.7161825842696626,11,0.2046235955056179,False,0.0859078554591253,False,False,0.1452657254823716,False,0,LOW,PASS,1,2000
C744,L1,TypeC,26.03,1.12,12.97,13.97,32.97,34.97,1.3,1.4,3.3,3.5,Sudden_Anomaly,50,26.0,1.1,TypeC|T=26.0|V=1.1,10.88,1.4499999999999993,2.9299999999999997,2.09,0.9722103448275867,15,0.27777438423645334,False,0.19647753055286934,False,False,0.23712595739466136,False,0,LOW,PASS,1,2000
C745,L1,TypeA,25.46,1.18,9.78,9.78,9.78,9.78,0.98,0.98,0.98,0.98,High_Stable,50,25.0,1.2000000000000002,TypeA|T=25.0|V=1.2,10.25,0.47000000000000064,1.879999999999999,0.47000000000000064,-0.6745,3,0.1927142857142857,False,0.2887471983896499,False,False,0.24073074205196782,False,0,LOW,PASS,1,2000
C746,L1,TypeB,26.18,1.18,13.0,14.0,15.0,16.0,1.3,1.4,1.5,1.6,Normal,50,26.0,1.2000000000000002,TypeB|T=26.0|V=1.2,12.85,1.9000000000000004,4.229999999999999,0.15000000000000036,0.05325000000000012,17,0.015214285714285748,False,0.20813368986380382,False,False,0.11167398778904478,False,0,LOW,PASS,1,2000
C747,L1,TypeB,31.83,1.23,8.38,9.38,28.38,30.38,0.84,0.94,2.84,3.04,Sudden_Anomaly,50,32.0,1.25,TypeB|T=32.0|V=1.25,11.31,1.7350000000000003,3.01,2.9299999999999997,-1.1390691642651294,10,0.3254483326471798,False,0.32176102253325584,False,False,0.3236046775902178,False,0,LOW,PASS,1,2000
C748,L1,TypeC,30.39,1.04,9.41,10.41,29.41,31.41,0.94,1.04,2.94,3.14,Sudden_Anomaly,50,30.0,1.05,TypeC|T=30.0|V=1.05,11.99,1.3200000000000003,2.9849999999999994,2.58,-1.3183409090909088,11,0.3766688311688311,False,0.29766819076383444,False,False,0.33716851096633277,False,0,LOW,PASS,1,2000
C749,L1,TypeB,29.09,1.09,9.95,11.95,14.95,19.95,1.0,1.2,1.5,2.0,Latent_Defect,50,29.0,1.1,TypeB|T=29.0|V=1.1,10.48,1.58,2.370000000000001,0.5300000000000011,-0.22625632911392454,9,0.0646446654611213,False,0.08216226042497718,False,False,0.07340346294304924,False,0,LOW,PASS,1,2000
C750,L1,TypeC,33.59,1.02,8.42,9.42,28.42,30.42,0.84,0.94,2.84,3.04,Sudden_Anomaly,50,34.0,1.0,TypeC|T=34.0|V=1.0,12.25,2.6999999999999993,4.765000000000001,3.83,-0.956790740740741,7,0.27336878306878315,False,0.6821908663830015,True,False,0.4777798247258923,False,1,LOW,PASS,1,2000
C751,L1,TypeC,32.16,1.25,14.16,15.16,16.16,17.16,1.42,1.52,1.62,1.72,Normal,50,32.0,1.25,TypeC|T=32.0|V=1.25,11.69,2.1400000000000006,4.07,2.4700000000000006,0.7785116822429907,25,0.22243190921228306,False,0.19775278634376872,False,False,0.21009234777802588,False,0,LOW,PASS,1,2000
C752,L1,TypeB,32.55,1.27,13.19,14.19,33.19,35.19,1.32,1.42,3.32,3.52,Sudden_Anomaly,50,33.0,1.25,TypeB|T=33.0|V=1.25,11.885,0.7799999999999994,1.9175000000000004,1.3049999999999997,1.1284903846153853,8,0.3224258241758244,False,0.2658105543375375,False,False,0.29411818925668093,False,0,LOW,PASS,1,2000
C753,L1,TypeB,33.56,1.19,12.71,13.71,14.71,15.71,1.27,1.37,1.47,1.57,Normal,50,34.0,1.2000000000000002,TypeB|T=34.0|V=1.2,12.14,1.4100000000000001,2.795,0.5700000000000003,0.27267021276595754,16,0.07790577507598787,False,0.11205810379458372,False,False,0.0949819394352858,False,0,LOW,PASS,1,2000
C754,L1,TypeA,28.55,1.05,11.59,13.59,16.59,21.59,1.16,1.36,1.66,2.16,Latent_Defect,50,29.0,1.05,TypeA|T=29.0|V=1.05,11.59,0.7400000000000002,0.9299999999999997,0.0,0.0,5,0.0,False,0.17272638402083604,False,False,0.08636319201041802,False,0,LOW,PASS,1,2000
C755,L1,TypeB,26.7,1.17,9.44,10.44,11.44,12.44,0.94,1.04,1.14,1.24,Normal,50,27.0,1.1500000000000001,TypeB|T=27.0|V=1.15,10.02,0.9800000000000004,1.9550000000000018,0.5800000000000001,-0.3991938775510203,11,0.1140553935860058,False,0.1562251793083605,False,False,0.13514028644718315,False,0,LOW,PASS,1,2000
C756,L1,TypeC,29.72,1.28,12.48,13.48,14.48,15.48,1.25,1.35,1.45,1.55,Normal,50,30.0,1.3,TypeC|T=30.0|V=1.3,11.73,1.08,1.6849999999999987,0.75,0.4684027777777777,6,0.13382936507936508,False,0.17158917556882577,False,False,0.15270927032409543,False,0,LOW,PASS,1,2000
C757,L1,TypeB,27.02,1.28,10.15,10.15,10.15,10.15,1.01,1.01,1.01,1.01,High_Stable,50,27.0,1.3,TypeB|T=27.0|V=1.3,13.07,1.5600000000000005,3.92,2.92,-1.2625256410256405,5,0.36072161172161155,False,0.4745966510416635,False,False,0.4176591313816375,False,0,LOW,PASS,1,2000
C758,L1,TypeC,26.15,1.18,12.82,13.82,14.82,60.0,1.28,1.38,1.48,6.0,Absolute_Failure,50,26.0,1.2000000000000002,TypeC|T=26.0|V=1.2,10.945,1.1799999999999997,2.1525000000000016,1.875,1.0717690677966103,14,0.3062197336561744,False,0.2088565309689705,False,False,0.25753813231257244,False,0,LOW,PASS,1,2000
C759,L1,TypeC,31.09,1.15,13.79,14.79,33.79,35.79,1.38,1.48,3.38,3.58,Sudden_Anomaly,50,31.0,1.1500000000000001,TypeC|T=31.0|V=1.15,10.88,1.6349999999999998,2.977499999999999,2.9099999999999984,1.2004862385321096,10,0.3429960681520313,False,0.15171706541395127,False,False,0.24735656678299128,False,0,LOW,PASS,1,2000
C760,L1,TypeC,31.59,1.08,14.56,15.56,34.56,36.56,1.46,1.56,3.46,3.66,Sudden_Anomaly,50,32.0,1.1,TypeC|T=32.0|V=1.1,12.09,0.5199999999999996,0.879999999999999,2.4700000000000006,3.2038750000000036,13,0.9153928571428581,False,0.605367932472735,True,False,0.7603803948077965,True,1,MEDIUM,REVIEW,1,2000
C761,L1,TypeC,27.15,1.23,8.72,9.72,10.72,11.72,0.87,0.97,1.07,1.17,Normal,50,27.0,1.25,TypeC|T=27.0|V=1.25,13.05,1.3500000000000005,2.4875000000000007,4.33,-2.1633962962962956,12,0.6181132275132273,False,0.7790027131610661,True,False,0.6985579703371467,True,1,MEDIUM,REVIEW,1,2000
C762,L1,TypeC,34.6,1.3,10.79,11.79,12.79,13.79,1.08,1.18,1.28,1.38,Normal,50,35.0,1.3,TypeC|T=35.0|V=1.3,10.79,2.7399999999999984,3.4049999999999994,0.0,0.0,3,0.0,False,0.5343143586841267,False,False,0.26715717934206334,False,0,LOW,PASS,1,2000
C763,L1,TypeB,28.85,1.17,10.37,10.37,10.37,10.37,1.04,1.04,1.04,1.04,High_Stable,50,29.0,1.1500000000000001,TypeB|T=29.0|V=1.15,10.075,1.245,2.1799999999999997,0.29499999999999993,0.15982128514056218,12,0.045663224325874906,False,0.05725908611557909,False,False,0.051461155220727,False,0,LOW,PASS,1,2000
C764,L1,TypeB,25.55,1.07,14.63,16.63,19.63,24.63,1.46,1.66,1.96,2.46,Latent_Defect,50,26.0,1.05,TypeB|T=26.0|V=1.05,11.965,1.6600000000000001,3.2074999999999996,2.665000000000001,1.0828569277108435,14,0.30938769363166957,False,0.5310012476963384,False,False,0.42019447066400395,False,0,LOW,PASS,1,2000
C765,L1,TypeB,31.07,1.13,13.54,14.54,15.54,16.54,1.35,1.45,1.55,1.65,Normal,50,31.0,1.1500000000000001,TypeB|T=31.0|V=1.15,11.82,2.21,4.27,1.7199999999999989,0.5249502262443436,16,0.14998577892695533,False,0.01683038352884387,False,False,0.0834080812278996,False,0,LOW,PASS,1,2000
C766,L1,TypeC,25.51,1.02,14.26,16.26,19.26,24.26,1.43,1.63,1.93,2.43,Latent_Defect,50,26.0,1.0,TypeC|T=26.0|V=1.0,11.524999999999999,1.2949999999999982,3.1874999999999982,2.735000000000001,1.4245231660231685,6,0.40700661886376244,False,0.6417055254251511,True,False,0.5243560721444568,False,1,LOW,PASS,1,2000
C767,L1,TypeB,25.99,1.09,14.45,15.45,16.45,60.0,1.45,1.55,1.65,6.0,Absolute_Failure,50,26.0,1.1,TypeB|T=26.0|V=1.1,12.795,1.5949999999999998,3.094999999999999,1.6549999999999994,0.6998730407523509,14,0.1999637259292431,False,0.3002158084464551,False,False,0.25008976718784914,False,0,LOW,PASS,1,2000
C768,L1,TypeB,29.68,1.08,11.94,13.94,16.94,21.94,1.19,1.39,1.69,2.19,Latent_Defect,50,30.0,1.1,TypeB|T=30.0|V=1.1,11.165,2.039999999999999,3.7974999999999977,0.7750000000000004,0.2562438725490198,16,0.07321253501400567,False,0.019443720893183518,False,False,0.04632812795359459,False,0,LOW,PASS,1,2000
C769,L1,TypeB,29.61,1.12,8.2,9.2,28.2,30.2,0.82,0.92,2.82,3.02,Sudden_Anomaly,50,30.0,1.1,TypeB|T=30.0|V=1.1,11.165,2.039999999999999,3.7974999999999977,2.965,-0.9803394607843141,16,0.2800969887955183,False,0.31528944395621333,False,False,0.2976932163758658,False,0,LOW,PASS,1,2000
C770,L1,TypeC,32.23,1.15,10.52,10.52,10.52,10.52,1.05,1.05,1.05,1.05,High_Stable,50,32.0,1.1500000000000001,TypeC|T=32.0|V=1.15,10.04,0.9299999999999997,1.7025000000000006,0.4800000000000004,0.3481290322580649,10,0.09946543778801854,False,0.09087643614277233,False,False,0.09517093696539544,False,0,LOW,PASS,1,2000
C771,L1,TypeA,28.71,1.18,11.12,11.12,11.12,11.12,1.11,1.11,1.11,1.11,High_Stable,50,29.0,1.2000000000000002,TypeA|T=29.0|V=1.2,10.82,2.33,3.9200000000000017,0.29999999999999893,0.08684549356223145,15,0.024812998160637558,False,0.019475255415426336,False,False,0.022144126788031945,False,0,LOW,PASS,1,2000
C772,L1,TypeC,34.12,1.14,13.62,15.62,18.62,23.62,1.36,1.56,1.86,2.36,Latent_Defect,50,34.0,1.1500000000000001,TypeC|T=34.0|V=1.15,11.96,1.6599999999999993,2.977499999999999,1.6599999999999984,0.6744999999999997,10,0.19271428571428562,False,0.19010399508835624,False,False,0.19140914040132093,False,0,LOW,PASS,1,2000
C773,L1,TypeA,25.97,1.24,8.59,9.59,10.59,60.0,0.86,0.96,1.06,6.0,Absolute_Failure,50,26.0,1.25,TypeA|T=26.0|V=1.25,12.76,1.1600000000000001,3.0700000000000003,4.17,-2.4247112068965513,15,0.6927746305418718,False,0.8803122439214884,True,False,0.7865434372316802,True,1,MEDIUM,REVIEW,1,2000
C774,L1,TypeB,32.68,1.01,14.05,15.05,16.05,17.05,1.4,1.5,1.6,1.7,Normal,50,33.0,1.0,TypeB|T=33.0|V=1.0,10.84,0.4950000000000001,0.8975000000000009,3.210000000000001,4.3740303030303025,6,1.0,True,0.8916437265684843,True,False,0.9458218632842421,True,2,CRITICAL,REVIEW,1,2000
C775,L1,TypeC,33.15,1.0,13.6,15.6,18.6,23.6,1.36,1.56,1.86,2.36,Latent_Defect,50,33.0,1.0,TypeC|T=33.0|V=1.0,10.690000000000001,1.745,3.057500000000001,2.9099999999999984,1.1248108882521484,6,0.32137453950061384,False,0.5600163376443085,False,False,0.4406954385724612,False,0,LOW,PASS,1,2000
C776,L1,TypeA,33.38,1.0,14.45,16.45,19.45,24.45,1.44,1.64,1.94,2.44,Latent_Defect,50,33.0,1.0,TypeA|T=33.0|V=1.0,11.78,2.25,4.48,2.67,0.8004066666666666,9,0.22868761904761903,False,0.549030316445952,False,False,0.3888589677467855,False,0,LOW,PASS,1,2000
C777,L1,TypeC,34.43,1.07,10.4,11.4,12.4,13.4,1.04,1.14,1.24,1.34,Normal,50,34.0,1.05,TypeC|T=34.0|V=1.05,11.515,2.05,3.3249999999999993,1.1150000000000002,-0.3668621951219513,16,0.10481777003484323,False,0.2493223869301084,False,False,0.1770700784824758,False,0,LOW,PASS,1,2000
C778,L1,TypeC,32.0,1.23,13.83,14.83,15.83,60.0,1.38,1.48,1.58,6.0,Absolute_Failure,50,32.0,1.25,TypeC|T=32.0|V=1.25,11.69,2.1400000000000006,4.07,2.1400000000000006,0.6745,25,0.1927142857142857,False,0.11905966348788571,False,False,0.1558869746010857,False,0,LOW,PASS,1,2000
C779,L1,TypeA,25.15,1.23,11.62,12.62,13.62,14.62,1.16,1.26,1.36,1.46,Normal,50,25.0,1.25,TypeA|T=25.0|V=1.25,12.1,1.0900000000000007,3.120000000000001,0.4800000000000004,-0.2970275229357799,6,0.08486500655307996,False,0.31113894119479063,False,False,0.1980019738739353,False,0,LOW,PASS,1,2000
C780,L1,TypeB,27.57,1.03,9.69,11.69,14.69,19.69,0.97,1.17,1.47,1.97,Latent_Defect,50,28.0,1.05,TypeB|T=28.0|V=1.05,10.05,0.5450000000000008,1.3650000000000002,0.3600000000000012,-0.4455412844036705,8,0.12729750982962015,False,0.2672202254710828,False,False,0.1972588676503515,False,0,LOW,PASS,1,2000
C781,L1,TypeC,25.47,1.08,9.21,10.21,11.21,60.0,0.92,1.02,1.12,6.0,Absolute_Failure,50,25.0,1.1,TypeC|T=25.0|V=1.1,9.615,1.2850000000000001,4.365,0.40499999999999936,-0.21258560311284008,10,0.060738743746525735,False,0.3946892657102016,False,False,0.22771400472836364,False,0,LOW,PASS,1,2000
C782,L1,TypeA,29.29,1.27,13.38,13.38,13.38,13.38,1.34,1.34,1.34,1.34,High_Stable,50,29.0,1.25,TypeA|T=29.0|V=1.25,11.665,2.455,4.470000000000001,1.7150000000000016,0.471188391038697,10,0.13462525458248484,False,0.20282025062313264,False,False,0.16872275260280872,False,0,LOW,PASS,1,2000
C783,L1,TypeA,32.62,1.22,12.81,14.81,17.81,22.81,1.28,1.48,1.78,2.28,Latent_Defect,50,33.0,1.2000000000000002,TypeA|T=33.0|V=1.2,11.66,1.0100000000000007,1.722500000000002,1.1500000000000004,0.7679950495049502,10,0.21942715700141435,False,0.11939044173071488,False,False,0.16940879936606462,False,0,LOW,PASS,1,2000
C784,L1,TypeA,29.74,1.03,9.33,10.33,11.33,12.33,0.93,1.03,1.13,1.23,Normal,50,30.0,1.05,TypeA|T=30.0|V=1.05,12.185,2.344999999999999,4.959999999999999,2.8550000000000004,-0.8211929637526658,12,0.23462656107219024,False,0.30147561460625816,False,False,0.2680510878392242,False,0,LOW,PASS,1,2000
C785,L1,TypeC,25.02,1.09,13.12,14.12,15.12,16.12,1.31,1.41,1.51,1.61,Normal,50,25.0,1.1,TypeC|T=25.0|V=1.1,9.615,1.2850000000000001,4.365,3.504999999999999,1.8397840466926063,10,0.5256525847693161,False,0.7761464341073858,True,False,0.650899509438351,True,1,MEDIUM,REVIEW,1,2000
C786,L1,TypeC,31.7,1.21,10.02,11.02,30.02,32.02,1.0,1.1,3.0,3.2,Sudden_Anomaly,50,32.0,1.2000000000000002,TypeC|T=32.0|V=1.2,10.575,1.6099999999999994,2.887500000000001,0.5549999999999997,-0.23251397515527944,10,0.06643256433007984,False,0.042223827497261904,False,False,0.05432819591367087,False,0,LOW,PASS,1,2000
C787,L1,TypeA,29.49,1.13,8.96,9.96,28.96,30.96,0.9,1.0,2.9,3.1,Sudden_Anomaly,50,29.0,1.1500000000000001,TypeA|T=29.0|V=1.15,12.51,1.9399999999999995,3.5500000000000007,3.549999999999999,-1.2342654639175257,15,0.35264727540500734,False,0.28077970450700873,False,False,0.316713489956008,False,0,LOW,PASS,1,2000
C788,L1,TypeA,34.31,1.22,11.73,11.73,11.73,11.73,1.17,1.17,1.17,1.17,High_Stable,50,34.0,1.2000000000000002,TypeA|T=34.0|V=1.2,12.43,1.0600000000000005,1.8825000000000003,0.6999999999999993,-0.4454245283018861,10,0.12726415094339602,False,0.21404424064220076,False,False,0.1706541957927984,False,0,LOW,PASS,1,2000
C789,L1,TypeB,32.55,1.11,11.61,13.61,16.61,21.61,1.16,1.36,1.66,2.16,Latent_Defect,50,33.0,1.1,TypeB|T=33.0|V=1.1,11.27,1.08,1.6925000000000008,0.33999999999999986,0.21234259259259247,4,0.06066931216931214,False,0.06764065294300593,False,False,0.06415498255615903,False,0,LOW,PASS,1,2000
C790,L1,TypeA,33.97,1.01,14.0,15.0,16.0,17.0,1.4,1.5,1.6,1.7,Normal,50,34.0,1.0,TypeA|T=34.0|V=1.0,12.485,0.8300000000000001,1.3175000000000008,1.5150000000000006,1.2311656626506027,6,0.3517616179001722,False,0.481017245702341,False,False,0.4163894318012566,False,0,LOW,PASS,1,2000
C791,L1,TypeC,27.81,1.24,8.72,9.72,10.72,11.72,0.87,0.97,1.07,1.17,Normal,50,28.0,1.25,TypeC|T=28.0|V=1.25,9.59,1.3699999999999992,4.27,0.8699999999999992,-0.428332116788321,9,0.12238060479666314,False,0.2847615407137688,False,False,0.20357107275521596,False,0,LOW,PASS,1,2000
C792,L1,TypeA,33.49,1.08,11.58,12.58,31.58,33.58,1.16,1.26,3.16,3.36,Sudden_Anomaly,50,33.0,1.1,TypeA|T=33.0|V=1.1,12.51,0.9799999999999995,2.2375000000000007,0.9299999999999997,-0.6400867346938776,20,0.18288192419825072,False,0.23766512253486435,False,False,0.21027352336655752,False,0,LOW,PASS,1,2000
C793,L1,TypeA,33.9,1.15,10.48,11.48,12.48,13.48,1.05,1.15,1.25,1.35,Normal,50,34.0,1.1500000000000001,TypeA|T=34.0|V=1.15,11.69,0.9600000000000009,1.8249999999999993,1.209999999999999,-0.8501510416666652,10,0.24290029761904722,False,0.1650320970585665,False,False,0.20396619733880686,False,0,LOW,PASS,1,2000
C794,L1,TypeA,30.47,1.11,12.58,13.58,14.58,60.0,1.26,1.36,1.46,6.0,Absolute_Failure,50,30.0,1.1,TypeA|T=30.0|V=1.1,12.18,1.0999999999999996,1.9399999999999995,0.40000000000000036,0.2452727272727276,9,0.07007792207792217,False,0.00997176016118909,False,False,0.04002484111955563,False,0,LOW,PASS,1,2000
C795,L1,TypeB,27.36,1.15,9.04,10.04,11.04,60.0,0.9,1.0,1.1,6.0,Absolute_Failure,50,27.0,1.1500000000000001,TypeB|T=27.0|V=1.15,10.02,0.9800000000000004,1.9550000000000018,0.9800000000000004,-0.6745,11,0.1927142857142857,False,0.14830212526416886,False,False,0.1705082054892273,False,0,LOW,PASS,1,2000
C796,L1,TypeC,30.52,1.08,11.33,13.33,16.33,21.33,1.13,1.33,1.63,2.13,Latent_Defect,50,31.0,1.1,TypeC|T=31.0|V=1.1,10.86,1.1399999999999997,2.6799999999999997,0.47000000000000064,0.2780833333333338,6,0.07945238095238108,False,0.05436548490115825,False,False,0.06690893292676967,False,0,LOW,PASS,1,2000
C797,L1,TypeC,28.57,1.28,10.12,12.12,15.12,20.12,1.01,1.21,1.51,2.01,Latent_Defect,50,29.0,1.3,TypeC|T=29.0|V=1.3,11.61,1.4900000000000002,2.8200000000000003,1.4900000000000002,-0.6745,5,0.1927142857142857,False,0.1828832756848257,False,False,0.1877987806995557,False,0,LOW,PASS,1,2000
C798,L1,TypeA,26.08,1.23,13.92,14.92,15.92,60.0,1.39,1.49,1.59,6.0,Absolute_Failure,50,26.0,1.25,TypeA|T=26.0|V=1.25,12.76,1.1600000000000001,3.0700000000000003,1.1600000000000001,0.6745,15,0.1927142857142857,False,0.27549929571930687,False,False,0.2341067907167963,False,0,LOW,PASS,1,2000
C799,L1,TypeB,27.38,1.09,12.06,12.06,12.06,12.06,1.21,1.21,1.21,1.21,High_Stable,50,27.0,1.1,TypeB|T=27.0|V=1.1,11.52,1.450000000000001,2.8599999999999994,0.5400000000000009,0.2511931034482761,13,0.07176945812807889,False,0.05219833645443639,False,False,0.06198389729125764,False,0,LOW,PASS,1,2000
C800,L1,TypeA,25.97,1.2,11.92,12.92,31.92,33.92,1.19,1.29,3.19,3.39,Sudden_Anomaly,50,26.0,1.2000000000000002,TypeA|T=26.0|V=1.2,10.51,1.4100000000000001,2.49,1.4100000000000001,0.6745,7,0.1927142857142857,False,0.1824155917325562,False,False,0.18756493872342095,False,0,LOW,PASS,1,2000
C801,L1,TypeB,31.48,1.14,8.51,9.51,10.51,60.0,0.85,0.95,1.05,6.0,Absolute_Failure,50,31.0,1.1500000000000001,TypeB|T=31.0|V=1.15,11.82,2.21,4.27,3.3100000000000005,-1.0102239819004526,16,0.2886354234001293,False,0.2854016686340323,False,False,0.2870185460170808,False,0,LOW,PASS,1,2000
C802,L1,TypeC,25.38,1.08,10.02,10.02,10.02,10.02,1.0,1.0,1.0,1.0,High_Stable,50,25.0,1.1,TypeC|T=25.0|V=1.1,9.615,1.2850000000000001,4.365,0.40499999999999936,0.21258560311284008,10,0.060738743746525735,False,0.33526759010409063,False,False,0.19800316692530817,False,0,LOW,PASS,1,2000
C803,L1,TypeC,31.74,1.1,11.96,12.96,13.96,14.96,1.2,1.3,1.4,1.5,Normal,50,32.0,1.1,TypeC|T=32.0|V=1.1,12.09,0.5199999999999996,0.879999999999999,0.129999999999999,-0.16862499999999886,13,0.048178571428571106,False,0.10741500188987169,False,False,0.07779678665922139,False,0,LOW,PASS,1,2000
C804,L1,TypeB,30.46,1.21,11.52,12.52,13.52,14.52,1.15,1.25,1.35,1.45,Normal,50,30.0,1.2000000000000002,TypeB|T=30.0|V=1.2,11.59,1.6500000000000004,1.7200000000000006,0.07000000000000028,-0.028615151515151628,5,0.008175757575757609,False,0.03482813127804838,False,False,0.021501944426902994,False,0,LOW,PASS,1,2000
C805,L1,TypeA,25.87,1.1,10.84,10.84,10.84,10.84,1.08,1.08,1.08,1.08,High_Stable,50,26.0,1.1,TypeA|T=26.0|V=1.1,12.184999999999999,1.6349999999999998,3.125,1.3449999999999989,-0.5548639143730882,6,0.1585325469637395,False,0.1605905557767632,False,False,0.15956155137025135,False,0,LOW,PASS,1,2000
C806,L1,TypeB,26.77,1.1,13.45,13.45,13.45,13.45,1.34,1.34,1.34,1.34,High_Stable,50,27.0,1.1,TypeB|T=27.0|V=1.1,11.52,1.450000000000001,2.8599999999999994,1.9299999999999997,0.8977827586206888,13,0.2565093596059111,False,0.16318323626992812,False,False,0.2098462979379196,False,0,LOW,PASS,1,2000
C807,L1,TypeC,34.37,1.2,12.12,12.12,12.12,12.12,1.21,1.21,1.21,1.21,High_Stable,50,34.0,1.2000000000000002,TypeC|T=34.0|V=1.2,12.12,1.25,2.1899999999999995,0.0,0.0,9,0.0,False,0.24590620923979178,False,False,0.12295310461989589,False,0,LOW,PASS,1,2000
C808,L1,TypeC,29.03,1.1,12.36,13.36,14.36,15.36,1.24,1.34,1.44,1.54,Normal,50,29.0,1.1,TypeC|T=29.0|V=1.1,11.565,1.4100000000000001,2.615000000000002,0.7949999999999999,0.38030319148936165,10,0.10865805471124619,False,0.022328390334087865,False,False,0.06549322252266702,False,0,LOW,PASS,1,2000
C809,L1,TypeC,31.29,1.24,9.99,10.99,11.99,12.99,1.0,1.1,1.2,1.3,Normal,50,31.0,1.25,TypeC|T=31.0|V=1.25,10.88,1.8099999999999987,2.9599999999999973,0.8900000000000006,-0.3316602209944756,15,0.09476006314127874,False,0.06505316806932601,False,False,0.07990661560530238,False,0,LOW,PASS,1,2000
C810,L1,TypeA,25.44,1.3,13.42,15.42,18.42,23.42,1.34,1.54,1.84,2.34,Latent_Defect,50,25.0,1.3,TypeA|T=25.0|V=1.3,12.67,0.75,1.3100000000000005,0.75,0.6745,3,0.1927142857142857,False,0.5844487646267597,True,False,0.3885815251705227,False,1,LOW,PASS,1,2000
C811,L1,TypeB,29.3,1.21,13.55,15.55,18.55,23.55,1.36,1.56,1.86,2.36,Latent_Defect,50,29.0,1.2000000000000002,TypeB|T=29.0|V=1.2,10.33,1.4100000000000001,2.3149999999999995,3.2200000000000006,1.5403475177304966,10,0.44009929078014187,False,0.3467663601652749,False,False,0.3934328254727084,False,0,LOW,PASS,1,2000
C812,L1,TypeA,31.76,1.18,10.1,10.1,10.1,10.1,1.01,1.01,1.01,1.01,High_Stable,50,32.0,1.2000000000000002,TypeA|T=32.0|V=1.2,10.1,1.3899999999999988,2.1900000000000013,0.0,0.0,13,0.0,False,0.1522569372853546,False,False,0.0761284686426773,False,0,LOW,PASS,1,2000
C813,L1,TypeC,29.84,1.15,11.88,13.88,16.88,21.88,1.19,1.39,1.69,2.19,Latent_Defect,50,30.0,1.1500000000000001,TypeC|T=30.0|V=1.15,12.41,1.4000000000000004,2.780000000000001,0.5299999999999994,-0.2553464285714282,15,0.07295612244897949,False,0.0,False,False,0.036478061224489745,False,0,LOW,PASS,1,2000
C814,L1,TypeA,33.5,1.12,8.16,10.16,13.16,18.16,0.82,1.02,1.32,1.82,Latent_Defect,50,34.0,1.1,TypeA|T=34.0|V=1.1,12.004999999999999,1.8649999999999993,3.4400000000000013,3.844999999999999,-1.3905911528150134,12,0.3973117579471467,False,0.6153673433243506,True,False,0.5063395506357486,False,1,LOW,PASS,1,2000
C815,L1,TypeB,31.37,1.14,11.75,11.75,11.75,11.75,1.18,1.18,1.18,1.18,High_Stable,50,31.0,1.1500000000000001,TypeB|T=31.0|V=1.15,11.82,2.21,4.27,0.07000000000000028,-0.021364253393665246,16,0.006104072398190071,False,0.008075517063394893,False,False,0.007089794730792482,False,0,LOW,PASS,1,2000
C816,L1,TypeC,32.72,1.28,9.3,10.3,11.3,12.3,0.93,1.03,1.13,1.23,Normal,50,33.0,1.3,TypeC|T=33.0|V=1.3,10.79,1.2800000000000011,2.01,1.4899999999999984,-0.7851601562499986,5,0.22433147321428532,False,0.3503059335389653,False,False,0.2873187033766253,False,0,LOW,PASS,1,2000
C817,L1,TypeB,27.3,1.08,14.75,15.75,16.75,60.0,1.47,1.57,1.67,6.0,Absolute_Failure,50,27.0,1.1,TypeB|T=27.0|V=1.1,11.52,1.450000000000001,2.8599999999999994,3.2300000000000004,1.5025068965517232,13,0.42928768472906376,False,0.46106222926322,False,False,0.44517495699614185,False,0,LOW,PASS,1,2000
C818,L1,TypeC,33.29,1.27,14.11,16.11,19.11,24.11,1.41,1.61,1.91,2.41,Latent_Defect,50,33.0,1.25,TypeC|T=33.0|V=1.25,12.78,0.870000000000001,1.6999999999999993,1.33,1.0311321839080447,9,0.2946091954022985,False,0.3430112225996866,False,False,0.31881020900099255,False,0,LOW,PASS,1,2000
C819,L1,TypeB,30.43,1.03,8.62,9.62,10.62,60.0,0.86,0.96,1.06,6.0,Absolute_Failure,50,30.0,1.05,TypeB|T=30.0|V=1.05,11.37,1.5,2.799999999999999,2.75,-1.2365833333333334,11,0.3533095238095238,False,0.3546205964966458,False,False,0.3539650601530848,False,0,LOW,PASS,1,2000
C820,L1,TypeA,32.6,1.04,9.14,11.14,14.14,19.14,0.91,1.11,1.41,1.91,Latent_Defect,50,33.0,1.05,TypeA|T=33.0|V=1.05,11.55,2.41,4.789999999999999,2.41,-0.6745,9,0.1927142857142857,False,0.21061392867400244,False,False,0.20166410719414407,False,0,LOW,PASS,1,2000
C821,L1,TypeA,25.66,1.14,14.3,15.3,16.3,17.3,1.43,1.53,1.63,1.73,Normal,50,26.0,1.1500000000000001,TypeA|T=26.0|V=1.15,13.635,0.5950000000000006,2.6400000000000006,0.6650000000000009,0.7538529411764708,6,0.2153865546218488,False,0.3802259216309327,False,False,0.29780623812639073,False,0,LOW,PASS,1,2000
C822,L1,TypeB,26.69,1.18,14.22,15.22,16.22,17.22,1.42,1.52,1.62,1.72,Normal,50,27.0,1.2000000000000002,TypeB|T=27.0|V=1.2,12.775,1.4649999999999999,3.5824999999999996,1.4450000000000003,0.6652918088737203,12,0.19008337396392008,False,0.16939854227365972,False,False,0.1797409581187899,False,0,LOW,PASS,1,2000
C823,L1,TypeC,30.71,1.13,10.8,12.8,15.8,20.8,1.08,1.28,1.58,2.08,Latent_Defect,50,31.0,1.1500000000000001,TypeC|T=31.0|V=1.15,10.88,1.6349999999999998,2.977499999999999,0.08000000000000007,-0.03300305810397557,10,0.009429445172564449,False,0.052022262090540776,False,False,0.030725853631552613,False,0,LOW,PASS,1,2000
C824,L1,TypeC,33.37,1.17,8.19,9.19,10.19,60.0,0.82,0.92,1.02,6.0,Absolute_Failure,50,33.0,1.1500000000000001,TypeC|T=33.0|V=1.15,11.879999999999999,0.9549999999999992,1.6524999999999999,3.6899999999999995,-2.6061832460733,12,0.7446237845923714,False,0.7860588039987852,True,False,0.7653412942955784,True,1,MEDIUM,REVIEW,1,2000
C825,L1,TypeC,25.12,1.09,9.1,10.1,11.1,12.1,0.91,1.01,1.11,1.21,Normal,50,25.0,1.1,TypeC|T=25.0|V=1.1,9.615,1.2850000000000001,4.365,0.5150000000000006,-0.27032490272373566,10,0.0772356864924959,False,0.4228560626617503,False,False,0.25004587457712313,False,0,LOW,PASS,1,2000
C826,L1,TypeB,33.44,1.17,11.2,11.2,11.2,11.2,1.12,1.12,1.12,1.12,High_Stable,50,33.0,1.1500000000000001,TypeB|T=33.0|V=1.15,12.43,1.67,3.0150000000000006,1.2300000000000004,-0.49678742514970076,12,0.14193926432848594,False,0.08057362933709655,False,False,0.11125644683279125,False,0,LOW,PASS,1,2000
C827,L1,TypeC,32.7,1.26,12.78,13.78,32.78,34.78,1.28,1.38,3.28,3.48,Sudden_Anomaly,50,33.0,1.25,TypeC|T=33.0|V=1.25,12.78,0.870000000000001,1.6999999999999993,0.0,0.0,9,0.0,False,0.23286246392919557,False,False,0.11643123196459779,False,0,LOW,PASS,1,2000
C828,L1,TypeC,28.32,1.11,12.54,13.54,14.54,15.54,1.25,1.35,1.45,1.55,Normal,50,28.0,1.1,TypeC|T=28.0|V=1.1,10.455,1.5649999999999995,2.9124999999999996,2.084999999999999,0.8986150159744407,18,0.25674714742126875,False,0.05716763628605601,False,False,0.1569573918536624,False,0,LOW,PASS,1,2000
C829,L1,TypeC,31.65,1.16,9.29,10.29,29.29,31.29,0.93,1.03,2.93,3.13,Sudden_Anomaly,50,32.0,1.1500000000000001,TypeC|T=32.0|V=1.15,10.04,0.9299999999999997,1.7025000000000006,0.75,-0.5439516129032259,10,0.15541474654377882,False,0.15243782411404663,False,False,0.15392628532891273,False,0,LOW,PASS,1,2000
C830,L1,TypeB,28.35,1.1,9.94,10.94,11.94,60.0,0.99,1.09,1.19,6.0,Absolute_Failure,50,28.0,1.1,TypeB|T=28.0|V=1.1,9.87,1.0099999999999998,4.949999999999999,0.07000000000000028,0.04674752475247545,13,0.013356435643564413,False,0.18624389611982833,False,False,0.09980016588169638,False,0,LOW,PASS,1,2000
C831,L1,TypeC,31.65,1.26,8.47,10.47,13.47,18.47,0.85,1.05,1.35,1.85,Latent_Defect,50,32.0,1.25,TypeC|T=32.0|V=1.25,11.69,2.1400000000000006,4.07,3.219999999999999,-1.0149018691588778,25,0.28997196261682223,False,0.4039873904179785,False,False,0.34697967651740036,False,0,LOW,PASS,1,2000
C832,L1,TypeA,34.9,1.2,12.68,14.68,17.68,22.68,1.27,1.47,1.77,2.27,Latent_Defect,50,35.0,1.2000000000000002,TypeA|T=35.0|V=1.2,10.995000000000001,1.1300000000000008,1.8025000000000002,1.6849999999999987,1.0057809734513259,6,0.28736599241466454,False,0.36019129685285,False,False,0.3237786446337573,False,0,LOW,PASS,1,2000
C833,L1,TypeC,34.55,1.05,12.21,13.21,14.21,15.21,1.22,1.32,1.42,1.52,Normal,50,35.0,1.05,TypeC|T=35.0|V=1.05,10.34,1.5199999999999996,3.0900000000000016,1.870000000000001,0.8298125000000006,9,0.2370892857142859,False,0.3083161494781753,False,False,0.2727027175962306,False,0,LOW,PASS,1,2000
C834,L1,TypeA,30.01,1.0,11.95,13.95,16.95,21.95,1.2,1.4,1.7,2.2,Latent_Defect,50,30.0,1.0,TypeA|T=30.0|V=1.0,11.24,1.0700000000000003,1.7799999999999994,0.7099999999999991,0.44756542056074694,5,0.1278758344459277,False,0.27841878024329825,False,False,0.20314730734461298,False,0,LOW,PASS,1,2000
C835,L1,TypeA,25.25,1.1,10.17,11.17,12.17,60.0,1.02,1.12,1.22,6.0,Absolute_Failure,50,25.0,1.1,TypeA|T=25.0|V=1.1,9.65,0.8100000000000005,1.834999999999999,0.5199999999999996,0.43301234567901176,6,0.12371781305114622,False,0.3402336106799269,False,False,0.23197571186553656,False,0,LOW,PASS,1,2000
C836,L1,TypeC,29.61,1.12,14.75,16.75,19.75,24.75,1.48,1.68,1.98,2.48,Latent_Defect,50,30.0,1.1,TypeC|T=30.0|V=1.1,11.04,1.7799999999999994,2.115,3.710000000000001,1.40583988764045,11,0.4016685393258429,False,0.4670547328902601,False,False,0.4343616361080515,False,0,LOW,PASS,1,2000
C837,L1,TypeA,31.95,1.07,10.27,11.27,30.27,32.27,1.03,1.13,3.03,3.23,Sudden_Anomaly,50,32.0,1.05,TypeA|T=32.0|V=1.05,10.56,0.8499999999999996,1.42,0.2900000000000009,-0.23012352941176553,13,0.06574957983193301,False,0.12279289303750601,False,False,0.09427123643471952,False,0,LOW,PASS,1,2000
C838,L1,TypeC,33.23,1.24,12.41,13.41,14.41,60.0,1.24,1.34,1.44,6.0,Absolute_Failure,50,33.0,1.25,TypeC|T=33.0|V=1.25,12.78,0.870000000000001,1.6999999999999993,0.3699999999999992,-0.28685632183907955,9,0.08195894909687987,False,0.1889314665667913,False,False,0.13544520783183558,False,0,LOW,PASS,1,2000
C839,L1,TypeB,28.18,1.25,12.35,14.35,17.35,22.35,1.24,1.44,1.74,2.24,Latent_Defect,50,28.0,1.25,TypeB|T=28.0|V=1.25,11.78,0.9900000000000002,2.33,0.5700000000000003,0.38834848484848494,13,0.11095670995670999,False,0.10868126337593108,False,False,0.10981898666632053,False,0,LOW,PASS,1,2000
C840,L1,TypeC,34.92,1.24,11.3,12.3,13.3,14.3,1.13,1.23,1.33,1.43,Normal,50,35.0,1.25,TypeC|T=35.0|V=1.25,11.105,1.085,1.9725000000000001,0.19500000000000028,0.12122350230414763,14,0.03463528637261361,False,0.32341976702912323,False,False,0.1790275267008684,False,0,LOW,PASS,1,2000
C841,L1,TypeB,27.73,1.17,10.92,11.92,12.92,60.0,1.09,1.19,1.29,6.0,Absolute_Failure,50,28.0,1.1500000000000001,TypeB|T=28.0|V=1.15,11.055,0.6099999999999994,0.9824999999999982,0.1349999999999998,-0.14927459016393435,6,0.042649882903981244,False,0.057254747887442586,False,False,0.04995231539571192,False,0,LOW,PASS,1,2000
C842,L1,TypeA,27.95,1.23,10.39,11.39,12.39,13.39,1.04,1.14,1.24,1.34,Normal,50,28.0,1.25,TypeA|T=28.0|V=1.25,9.600000000000001,0.9050000000000002,2.1999999999999993,0.7899999999999991,0.5887900552486179,8,0.1682257300710337,False,0.20899828103224263,False,False,0.18861200555163815,False,0,LOW,PASS,1,2000
C843,L1,TypeA,33.25,1.1,10.63,10.63,10.63,10.63,1.06,1.06,1.06,1.06,High_Stable,50,33.0,1.1,TypeA|T=33.0|V=1.1,12.51,0.9799999999999995,2.2375000000000007,1.879999999999999,-1.293938775510204,20,0.36969679300291547,False,0.279294828470392,False,False,0.32449581073665373,False,0,LOW,PASS,1,2000
C844,L1,TypeA,28.09,1.14,10.29,10.29,10.29,10.29,1.03,1.03,1.03,1.03,High_Stable,50,28.0,1.1500000000000001,TypeA|T=28.0|V=1.15,11.73,1.0999999999999996,2.1400000000000006,1.4400000000000013,-0.8829818181818192,9,0.25228051948051977,False,0.04585469912308396,False,False,0.14906760930180185,False,0,LOW,PASS,1,2000
C845,L1,TypeA,34.7,1.08,10.09,11.09,12.09,60.0,1.01,1.11,1.21,6.0,Absolute_Failure,50,35.0,1.1,TypeA|T=35.0|V=1.1,11.055,2.175,4.34,0.9649999999999999,-0.2992609195402299,10,0.08550311986863711,False,0.3079556648504575,False,False,0.1967293923595473,False,0,LOW,PASS,1,2000
C846,L1,TypeA,30.04,1.06,10.71,11.71,12.71,60.0,1.07,1.17,1.27,6.0,Absolute_Failure,50,30.0,1.05,TypeA|T=30.0|V=1.05,12.185,2.344999999999999,4.959999999999999,1.4749999999999996,-0.4242590618336888,12,0.12121687480962537,False,0.051516728677640865,False,False,0.08636680174363312,False,0,LOW,PASS,1,2000
C847,L1,TypeA,28.64,1.17,10.24,12.24,15.24,20.24,1.02,1.22,1.52,2.02,Latent_Defect,50,29.0,1.1500000000000001,TypeA|T=29.0|V=1.15,12.51,1.9399999999999995,3.5500000000000007,2.2699999999999996,-0.7892345360824743,15,0.2254955817378498,False,0.06839082517571025,False,False,0.14694320345678002,False,0,LOW,PASS,1,2000
C848,L1,TypeB,33.98,1.23,8.82,9.82,10.82,60.0,0.88,0.98,1.08,6.0,Absolute_Failure,50,34.0,1.25,TypeB|T=34.0|V=1.25,9.45,0.8499999999999996,1.727500000000001,0.629999999999999,-0.49992352941176416,14,0.1428352941176469,False,0.39789074607279806,False,False,0.2703630200952225,False,0,LOW,PASS,1,2000
C849,L1,TypeA,33.78,1.08,11.17,13.17,16.17,21.17,1.12,1.32,1.62,2.12,Latent_Defect,50,34.0,1.1,TypeA|T=34.0|V=1.1,12.004999999999999,1.8649999999999993,3.4400000000000013,0.8349999999999991,-0.30198793565683624,12,0.08628226733052465,False,0.18361060770077278,False,False,0.13494643751564872,False,0,LOW,PASS,1,2000
C850,L1,TypeA,32.08,1.2,11.71,11.71,11.71,11.71,1.17,1.17,1.17,1.17,High_Stable,50,32.0,1.2000000000000002,TypeA|T=32.0|V=1.2,10.1,1.3899999999999988,2.1900000000000013,1.6100000000000012,0.7812553956834545,13,0.22321582733812986,False,0.13423434153033342,False,False,0.17872508443423163,False,0,LOW,PASS,1,2000
C851,L1,TypeA,33.39,1.15,11.02,12.02,13.02,14.02,1.1,1.2,1.3,1.4,Normal,50,33.0,1.1500000000000001,TypeA|T=33.0|V=1.15,11.57,1.2800000000000011,2.365000000000002,0.5500000000000007,-0.28982421875000014,15,0.08280691964285718,False,0.07606788636317888,False,False,0.07943740300301802,False,0,LOW,PASS,1,2000
C852,L1,TypeA,25.26,1.03,8.26,10.26,13.26,18.26,0.83,1.03,1.33,1.83,Latent_Defect,50,25.0,1.05,TypeA|T=25.0|V=1.05,8.855,0.6050000000000004,0.9299999999999997,0.5950000000000006,-0.6633512396694218,6,0.18952892561983478,False,0.6759471675059963,True,False,0.43273804656291553,False,1,LOW,PASS,1,2000
C853,L1,TypeC,31.49,1.26,12.32,13.32,32.32,34.32,1.23,1.33,3.23,3.43,Sudden_Anomaly,50,31.0,1.25,TypeC|T=31.0|V=1.25,10.88,1.8099999999999987,2.9599999999999973,1.4399999999999995,0.5366187845303869,15,0.1533196527229677,False,0.08061264131516899,False,False,0.11696614701906834,False,0,LOW,PASS,1,2000
C854,L1,TypeC,27.32,1.13,14.51,15.51,34.51,36.51,1.45,1.55,3.45,3.65,Sudden_Anomaly,50,27.0,1.1500000000000001,TypeC|T=27.0|V=1.15,12.01,1.0149999999999997,1.7874999999999996,2.5,1.6613300492610843,16,0.4746657283603098,False,0.3929539478958918,False,False,0.4338098381281008,False,0,LOW,PASS,1,2000
C855,L1,TypeB,31.4,1.04,14.32,16.32,19.32,24.32,1.43,1.63,1.93,2.43,Latent_Defect,50,31.0,1.05,TypeB|T=31.0|V=1.05,11.385000000000002,1.1099999999999985,2.115,2.9349999999999987,1.7834752252252268,16,0.5095643500643505,False,0.43171771354021937,False,False,0.47064103180228495,False,0,LOW,PASS,1,2000
C856,L1,TypeB,32.76,1.17,8.75,9.75,10.75,60.0,0.87,0.97,1.07,6.0,Absolute_Failure,50,33.0,1.1500000000000001,TypeB|T=33.0|V=1.15,12.43,1.67,3.0150000000000006,3.6799999999999997,-1.4863233532934133,12,0.4246638152266895,False,0.4405568016504576,False,False,0.4326103084385735,False,0,LOW,PASS,1,2000
C857,L1,TypeB,34.01,1.1,13.52,15.52,18.52,23.52,1.35,1.55,1.85,2.35,Latent_Defect,50,34.0,1.1,TypeB|T=34.0|V=1.1,12.71,0.6099999999999994,1.2100000000000009,0.8099999999999987,0.8956475409836059,9,0.2558992974238874,False,0.31536169167715333,False,False,0.28563049455052036,False,0,LOW,PASS,1,2000
C858,L1,TypeA,30.07,1.18,8.81,9.81,10.81,60.0,0.88,0.98,1.08,6.0,Absolute_Failure,50,30.0,1.2000000000000002,TypeA|T=30.0|V=1.2,10.23,1.5199999999999996,2.7125000000000004,1.42,-0.6301250000000002,14,0.18003571428571433,False,0.13746419616364222,False,False,0.15874995522467827,False,0,LOW,PASS,1,2000
C859,L1,TypeA,26.59,1.05,10.14,11.14,30.14,32.14,1.01,1.11,3.01,3.21,Sudden_Anomaly,50,27.0,1.05,TypeA|T=27.0|V=1.05,10.25,1.915,3.6549999999999994,0.10999999999999943,-0.03874412532637055,12,0.01106975009324873,False,0.2683932461041314,False,False,0.13973149809869007,False,0,LOW,PASS,1,2000
C860,L1,TypeA,31.2,1.15,8.49,10.49,13.49,18.49,0.85,1.05,1.35,1.85,Latent_Defect,50,31.0,1.1500000000000001,TypeA|T=31.0|V=1.15,12.38,1.9699999999999989,3.880000000000001,3.8900000000000006,-1.3318807106598995,13,0.38053734590282845,False,0.4121298717775365,False,False,0.3963336088401825,False,0,LOW,PASS,1,2000
C861,L1,TypeB,34.84,1.29,8.67,9.67,10.67,11.67,0.87,0.97,1.07,1.17,Normal,50,35.0,1.3,TypeB|T=35.0|V=1.3,10.46,1.79,1.790000000000001,1.790000000000001,-0.6745000000000003,2,0.1927142857142858,False,0.6417453288929673,True,False,0.4172298073036266,False,1,LOW,PASS,1,2000
C862,L1,TypeC,26.23,1.03,11.93,11.93,11.93,11.93,1.19,1.19,1.19,1.19,High_Stable,50,26.0,1.05,TypeC|T=26.0|V=1.05,10.399999999999999,1.4600000000000009,2.5600000000000005,1.5300000000000011,0.7068390410958906,10,0.201954011741683,False,0.24221857824827567,False,False,0.22208629499497934,False,0,LOW,PASS,1,2000
C863,L1,TypeA,32.15,1.1,8.87,9.87,10.87,60.0,0.89,0.99,1.09,6.0,Absolute_Failure,50,32.0,1.1,TypeA|T=32.0|V=1.1,10.8,1.9300000000000015,3.5199999999999996,1.9300000000000015,-0.6745,13,0.1927142857142857,False,0.14495370085945672,False,False,0.1688339932868712,False,0,LOW,PASS,1,2000
C864,L1,TypeB,28.49,1.3,9.05,10.05,11.05,60.0,0.91,1.01,1.11,6.0,Absolute_Failure,50,28.0,1.3,TypeB|T=28.0|V=1.3,11.11,1.9100000000000001,2.9250000000000007,2.0599999999999987,-0.7274712041884811,6,0.20784891548242318,False,0.4162176386996656,False,False,0.3120332770910444,False,0,LOW,PASS,1,2000
C865,L1,TypeB,34.31,1.02,11.83,12.83,13.83,60.0,1.18,1.28,1.38,6.0,Absolute_Failure,50,34.0,1.0,TypeB|T=34.0|V=1.0,11.7,1.7850000000000001,2.7424999999999997,0.13000000000000078,0.04912324929972018,6,0.014035214085634337,False,0.3528168476821134,False,False,0.18342603088387388,False,0,LOW,PASS,1,2000
C866,L1,TypeC,27.05,1.01,10.12,11.12,12.12,60.0,1.01,1.11,1.21,6.0,Absolute_Failure,50,27.0,1.0,TypeC|T=27.0|V=1.0,11.07,0.9500000000000011,1.7200000000000006,0.9500000000000011,-0.6745,5,0.1927142857142857,False,0.27563957151635177,False,False,0.23417692861531875,False,0,LOW,PASS,1,2000
C867,L1,TypeA,26.76,1.08,8.17,10.17,13.17,18.17,0.82,1.02,1.32,1.82,Latent_Defect,50,27.0,1.1,TypeA|T=27.0|V=1.1,9.72,1.0250000000000004,2.232499999999998,1.5500000000000007,-1.0199756097560975,14,0.29142160278745644,False,0.40377898983659344,False,False,0.34760029631202494,False,0,LOW,PASS,1,2000
C868,L1,TypeA,26.04,1.01,10.99,10.99,10.99,10.99,1.1,1.1,1.1,1.1,High_Stable,50,26.0,1.0,TypeA|T=26.0|V=1.0,11.925,1.1349999999999998,2.139999999999999,0.9350000000000005,-0.5556453744493396,6,0.15875582127123988,False,0.3229262846313521,False,False,0.240841052951296,False,0,LOW,PASS,1,2000
C869,L1,TypeC,32.13,1.15,9.86,10.86,29.86,31.86,0.99,1.09,2.99,3.19,Sudden_Anomaly,50,32.0,1.1500000000000001,TypeC|T=32.0|V=1.15,10.04,0.9299999999999997,1.7025000000000006,0.17999999999999972,-0.13054838709677402,10,0.037299539170506865,False,0.11695757238862751,False,False,0.07712855577956719,False,0,LOW,PASS,1,2000
C870,L1,TypeC,34.3,1.11,14.99,15.99,16.99,60.0,1.5,1.6,1.7,6.0,Absolute_Failure,50,34.0,1.1,TypeC|T=34.0|V=1.1,13.06,0.9100000000000001,1.4100000000000001,1.9299999999999997,1.4305329670329665,5,0.40872370486656184,False,0.5189967838010903,False,False,0.46386024433382606,False,0,LOW,PASS,1,2000
C871,L1,TypeA,29.61,1.26,9.48,10.48,11.48,60.0,0.95,1.05,1.15,6.0,Absolute_Failure,50,30.0,1.25,TypeA|T=30.0|V=1.25,10.93,1.6049999999999995,2.717500000000001,1.4499999999999993,-0.6093613707165108,8,0.17410324877614594,False,0.15622934142333084,False,False,0.1651662950997384,False,0,LOW,PASS,1,2000
C872,L1,TypeA,25.45,1.19,10.25,11.25,30.25,32.25,1.02,1.12,3.02,3.22,Sudden_Anomaly,50,25.0,1.2000000000000002,TypeA|T=25.0|V=1.2,10.25,0.47000000000000064,1.879999999999999,0.0,0.0,3,0.0,False,0.3462623297298348,False,False,0.1731311648649174,False,0,LOW,PASS,1,2000
C873,L1,TypeA,28.95,1.19,14.91,14.91,14.91,14.91,1.49,1.49,1.49,1.49,High_Stable,50,29.0,1.2000000000000002,TypeA|T=29.0|V=1.2,10.82,2.33,3.9200000000000017,4.09,1.1839935622317597,15,0.33828387492335993,False,0.6143951706534752,True,False,0.4763395227884175,False,1,LOW,PASS,1,2000
C874,L1,TypeA,34.66,1.16,10.04,10.04,10.04,10.04,1.0,1.0,1.0,1.0,High_Stable,50,35.0,1.1500000000000001,TypeA|T=35.0|V=1.15,10.04,1.2799999999999994,1.540000000000001,0.0,0.0,5,0.0,False,0.38457688856290934,False,False,0.19228844428145467,False,0,LOW,PASS,1,2000
C875,L1,TypeC,26.81,1.16,12.59,13.59,32.59,34.59,1.26,1.36,3.26,3.46,Sudden_Anomaly,50,27.0,1.1500000000000001,TypeC|T=27.0|V=1.15,12.01,1.0149999999999997,1.7874999999999996,0.5800000000000001,0.3854285714285716,16,0.11012244897959189,False,0.05424798016276209,False,False,0.08218521457117699,False,0,LOW,PASS,1,2000
C876,L1,TypeC,28.03,1.01,14.3,15.3,34.3,36.3,1.43,1.53,3.43,3.63,Sudden_Anomaly,50,28.0,1.0,TypeC|T=28.0|V=1.0,12.23,1.6199999999999992,2.6899999999999995,2.0700000000000003,0.8618611111111116,5,0.2462460317460319,False,0.36781351565719456,False,False,0.3070297737016132,False,0,LOW,PASS,1,2000
C877,L1,TypeC,28.72,1.3,11.61,12.61,31.61,33.61,1.16,1.26,3.16,3.36,Sudden_Anomaly,50,29.0,1.3,TypeC|T=29.0|V=1.3,11.61,1.4900000000000002,2.8200000000000003,0.0,0.0,5,0.0,False,0.3220239296650717,False,False,0.16101196483253585,False,0,LOW,PASS,1,2000
C878,L1,TypeC,31.3,1.06,13.75,14.75,15.75,60.0,1.38,1.48,1.58,6.0,Absolute_Failure,50,31.0,1.05,TypeC|T=31.0|V=1.05,11.184999999999999,2.46,4.84,2.5650000000000013,0.7032896341463418,16,0.20093989547038338,False,0.12975786200334882,False,False,0.1653488787368661,False,0,LOW,PASS,1,2000
C879,L1,TypeB,34.13,1.0,14.88,14.88,14.88,14.88,1.49,1.49,1.49,1.49,High_Stable,50,34.0,1.0,TypeB|T=34.0|V=1.0,11.7,1.7850000000000001,2.7424999999999997,3.1800000000000015,1.2016302521008406,6,0.34332292917166873,False,0.8068471080574726,True,False,0.5750850186145706,False,1,LOW,PASS,1,2000
C880,L1,TypeA,27.9,1.02,10.26,11.26,30.26,32.26,1.03,1.13,3.03,3.23,Sudden_Anomaly,50,28.0,1.0,TypeA|T=28.0|V=1.0,11.8,0.75,1.7949999999999982,1.540000000000001,-1.384973333333334,11,0.3957066666666669,False,0.3718236086558504,False,False,0.38376513766125864,False,0,LOW,PASS,1,2000
C881,L1,TypeC,26.07,1.04,11.79,12.79,31.79,33.79,1.18,1.28,3.18,3.38,Sudden_Anomaly,50,26.0,1.05,TypeC|T=26.0|V=1.05,10.399999999999999,1.4600000000000009,2.5600000000000005,1.3900000000000006,0.6421609589041095,10,0.18347455968688844,False,0.21010695497324142,False,False,0.19679075733006493,False,0,LOW,PASS,1,2000
C882,L1,TypeA,25.54,1.13,14.16,16.16,19.16,24.16,1.42,1.62,1.92,2.42,Latent_Defect,50,26.0,1.1500000000000001,TypeA|T=26.0|V=1.15,13.635,0.5950000000000006,2.6400000000000006,0.5250000000000004,0.5951470588235291,6,0.17004201680672262,False,0.3880867625730969,False,False,0.27906438968990976,False,0,LOW,PASS,1,2000
C883,L1,TypeB,33.42,1.24,14.68,15.68,34.68,36.68,1.47,1.57,3.47,3.67,Sudden_Anomaly,50,33.0,1.25,TypeB|T=33.0|V=1.25,11.885,0.7799999999999994,1.9175000000000004,2.795,2.4169583333333353,8,0.6905595238095243,False,0.6493915891077929,True,False,0.6699755564586587,True,1,MEDIUM,REVIEW,1,2000
C884,L1,TypeC,32.6,1.0,12.46,13.46,14.46,15.46,1.25,1.35,1.45,1.55,Normal,50,33.0,1.0,TypeC|T=33.0|V=1.0,10.690000000000001,1.745,3.057500000000001,1.7699999999999996,0.6841633237822348,6,0.19547523536635278,False,0.3450250759409468,False,False,0.2702501556536498,False,0,LOW,PASS,1,2000
C885,L1,TypeB,31.05,1.24,9.67,11.67,14.67,19.67,0.97,1.17,1.47,1.97,Latent_Defect,50,31.0,1.25,TypeB|T=31.0|V=1.25,11.530000000000001,1.9850000000000012,3.7025000000000006,1.8600000000000012,-0.6320251889168766,10,0.1805786254048219,False,0.09460397751659337,False,False,0.13759130146070764,False,0,LOW,PASS,1,2000
C886,L1,TypeB,34.43,1.05,9.97,11.97,14.97,19.97,1.0,1.2,1.5,2.0,Latent_Defect,50,34.0,1.05,TypeB|T=34.0|V=1.05,11.07,1.3000000000000007,2.58,1.0999999999999996,-0.5707307692307687,17,0.16306593406593392,False,0.2842113297200209,False,False,0.2236386318929774,False,0,LOW,PASS,1,2000
C887,L1,TypeA,31.95,1.24,10.64,11.64,12.64,60.0,1.06,1.16,1.26,6.0,Absolute_Failure,50,32.0,1.25,TypeA|T=32.0|V=1.25,11.01,1.1799999999999997,3.67,0.3699999999999992,-0.21149576271186402,13,0.06042736077481829,False,0.06303064476759442,False,False,0.061729002771206354,False,0,LOW,PASS,1,2000
C888,L1,TypeA,30.18,1.28,12.56,14.56,17.56,22.56,1.26,1.46,1.76,2.26,Latent_Defect,50,30.0,1.3,TypeA|T=30.0|V=1.3,12.04,1.379999999999999,1.9000000000000004,0.5200000000000014,0.2541594202898559,5,0.0726169772256731,False,0.16705279900125408,False,False,0.1198348881134636,False,0,LOW,PASS,1,2000
C889,L1,TypeC,33.02,1.1,13.49,14.49,33.49,35.49,1.35,1.45,3.35,3.55,Sudden_Anomaly,50,33.0,1.1,TypeC|T=33.0|V=1.1,12.98,0.5099999999999998,1.5,0.5099999999999998,0.6745,13,0.1927142857142857,False,0.24982879773606473,False,False,0.2212715417251752,False,0,LOW,PASS,1,2000
C890,L1,TypeC,32.5,1.12,12.13,13.13,32.13,34.13,1.21,1.31,3.21,3.41,Sudden_Anomaly,50,32.0,1.1,TypeC|T=32.0|V=1.1,12.09,0.5199999999999996,0.879999999999999,0.040000000000000924,0.051884615384616625,13,0.014824175824176179,False,0.11271339787346052,False,False,0.06376878684881834,False,0,LOW,PASS,1,2000
C891,L1,TypeB,25.07,1.29,9.81,11.81,14.81,19.81,0.98,1.18,1.48,1.98,Latent_Defect,50,25.0,1.3,TypeB|T=25.0|V=1.3,9.81,0.5700000000000003,2.700000000000001,0.0,0.0,3,0.0,False,0.6040863762066041,True,False,0.30204318810330205,False,1,LOW,PASS,1,2000
C892,L1,TypeB,26.17,1.08,11.26,11.26,11.26,11.26,1.13,1.13,1.13,1.13,High_Stable,50,26.0,1.1,TypeB|T=26.0|V=1.1,12.795,1.5949999999999998,3.094999999999999,1.5350000000000001,-0.6491269592476491,14,0.18546484549932832,False,0.20086827045411554,False,False,0.19316655797672194,False,0,LOW,PASS,1,2000
C893,L1,TypeB,25.26,1.1,12.74,12.74,12.74,12.74,1.27,1.27,1.27,1.27,High_Stable,50,25.0,1.1,TypeB|T=25.0|V=1.1,12.985,1.4700000000000006,2.365,0.24499999999999922,-0.11241666666666626,6,0.032119047619047505,False,0.34873506570395546,False,False,0.19042705666150148,False,0,LOW,PASS,1,2000
C894,L1,TypeA,29.19,1.15,13.34,13.34,13.34,13.34,1.33,1.33,1.33,1.33,High_Stable,50,29.0,1.1500000000000001,TypeA|T=29.0|V=1.15,12.51,1.9399999999999995,3.5500000000000007,0.8300000000000001,0.28857474226804136,15,0.08244992636229753,False,0.08546669330557584,False,False,0.08395830983393668,False,0,LOW,PASS,1,2000
C895,L1,TypeA,26.44,1.04,10.58,12.58,15.58,20.58,1.06,1.26,1.56,2.06,Latent_Defect,50,26.0,1.05,TypeA|T=26.0|V=1.05,12.61,1.0300000000000011,2.205,2.0299999999999994,-1.3293543689320368,11,0.37981553398058193,False,0.35897347312164596,False,False,0.3693945035511139,False,0,LOW,PASS,1,2000
C896,L1,TypeC,34.01,1.13,12.75,13.75,14.75,15.75,1.28,1.38,1.48,1.58,Normal,50,34.0,1.1500000000000001,TypeC|T=34.0|V=1.15,11.96,1.6599999999999993,2.977499999999999,0.7899999999999991,0.32099698795180703,10,0.09171342512908773,False,0.11864638330468935,False,False,0.10517990421688854,False,0,LOW,PASS,1,2000
C897,L1,TypeC,29.27,1.26,10.05,11.05,12.05,13.05,1.0,1.1,1.2,1.3,Normal,50,29.0,1.25,TypeC|T=29.0|V=1.25,11.025,1.005,1.852500000000001,0.9749999999999996,-0.6543656716417908,10,0.1869616204690831,False,0.1221123841498627,False,False,0.1545370023094729,False,0,LOW,PASS,1,2000
C898,L1,TypeA,34.69,1.1,13.2,14.2,33.2,35.2,1.32,1.42,3.32,3.52,Sudden_Anomaly,50,35.0,1.1,TypeA|T=35.0|V=1.1,11.055,2.175,4.34,2.1449999999999996,0.6651965517241378,10,0.19005615763546796,False,0.3199283530842693,False,False,0.25499225535986864,False,0,LOW,PASS,1,2000
C899,L1,TypeB,27.62,1.26,14.18,15.18,16.18,60.0,1.42,1.52,1.62,6.0,Absolute_Failure,50,28.0,1.25,TypeB|T=28.0|V=1.25,11.78,0.9900000000000002,2.33,2.4000000000000004,1.635151515151515,13,0.46718614718614715,False,0.4294828709327701,False,False,0.4483345090594586,False,0,LOW,PASS,1,2000
C900,L1,TypeC,32.03,1.26,11.46,12.46,13.46,60.0,1.15,1.25,1.35,6.0,Absolute_Failure,50,32.0,1.25,TypeC|T=32.0|V=1.25,11.69,2.1400000000000006,4.07,0.22999999999999865,-0.07249299065420516,25,0.020712283044058616,False,0.12503708413694328,False,False,0.07287468359050095,False,0,LOW,PASS,1,2000
C901,L1,TypeB,27.25,1.02,12.5,13.5,14.5,15.5,1.25,1.35,1.45,1.55,Normal,50,27.0,1.0,TypeB|T=27.0|V=1.0,11.3,1.1999999999999993,1.9849999999999994,1.1999999999999993,0.6745,7,0.1927142857142857,False,0.19792921788251108,False,False,0.1953217517983984,False,0,LOW,PASS,1,2000
C902,L1,TypeB,28.5,1.16,10.57,11.57,12.57,13.57,1.06,1.16,1.26,1.36,Normal,50,28.0,1.1500000000000001,TypeB|T=28.0|V=1.15,11.055,0.6099999999999994,0.9824999999999982,0.48499999999999943,-0.5362827868852458,6,0.1532236533957845,False,0.027686518081425793,False,False,0.09045508573860515,False,0,LOW,PASS,1,2000
C903,L1,TypeC,33.1,1.18,9.62,10.62,29.62,31.62,0.96,1.06,2.96,3.16,Sudden_Anomaly,50,33.0,1.2000000000000002,TypeC|T=33.0|V=1.2,11.42,1.709999999999999,3.8500000000000014,1.8000000000000007,-0.7100000000000006,9,0.20285714285714304,False,0.13164805790863093,False,False,0.16725260038288697,False,0,LOW,PASS,1,2000
C904,L1,TypeA,27.72,1.26,9.89,11.89,14.89,19.89,0.99,1.19,1.49,1.99,Latent_Defect,50,28.0,1.25,TypeA|T=28.0|V=1.25,9.600000000000001,0.9050000000000002,2.1999999999999993,0.28999999999999915,0.21613812154696063,8,0.061753749013417326,False,0.28339589856773567,False,False,0.1725748237905765,False,0,LOW,PASS,1,2000
C905,L1,TypeB,33.99,1.05,8.64,9.64,28.64,30.64,0.86,0.96,2.86,3.06,Sudden_Anomaly,50,34.0,1.05,TypeB|T=34.0|V=1.05,11.07,1.3000000000000007,2.58,2.4299999999999997,-1.260796153846153,17,0.3602274725274723,False,0.42217084986111564,False,False,0.391199161194294,False,0,LOW,PASS,1,2000
C906,L1,TypeB,30.14,1.04,9.47,10.47,11.47,60.0,0.95,1.05,1.15,6.0,Absolute_Failure,50,30.0,1.05,TypeB|T=30.0|V=1.05,11.37,1.5,2.799999999999999,1.8999999999999986,-0.854366666666666,11,0.24410476190476174,False,0.16585612413307074,False,False,0.20498044301891624,False,0,LOW,PASS,1,2000
C907,L1,TypeA,31.31,1.14,13.13,13.13,13.13,13.13,1.31,1.31,1.31,1.31,High_Stable,50,31.0,1.1500000000000001,TypeA|T=31.0|V=1.15,12.38,1.9699999999999989,3.880000000000001,0.75,0.256789340101523,13,0.07336838288614943,False,0.02432159613725273,False,False,0.048844989511701076,False,0,LOW,PASS,1,2000
C908,L1,TypeB,28.66,1.15,8.72,10.72,13.72,18.72,0.87,1.07,1.37,1.87,Latent_Defect,50,29.0,1.1500000000000001,TypeB|T=29.0|V=1.15,10.075,1.245,2.1799999999999997,1.3549999999999986,-0.7340943775100394,12,0.2097412507171541,False,0.16628580599235554,False,False,0.18801352835475482,False,0,LOW,PASS,1,2000
C909,L1,TypeC,29.89,1.14,14.1,16.1,19.1,24.1,1.41,1.61,1.91,2.41,Latent_Defect,50,30.0,1.1500000000000001,TypeC|T=30.0|V=1.15,12.41,1.4000000000000004,2.780000000000001,1.6899999999999995,0.8142178571428568,15,0.23263367346938765,False,0.08247774273131395,False,False,0.1575557081003508,False,0,LOW,PASS,1,2000
C910,L1,TypeC,25.43,1.12,13.87,13.87,13.87,13.87,1.39,1.39,1.39,1.39,High_Stable,50,25.0,1.1,TypeC|T=25.0|V=1.1,9.615,1.2850000000000001,4.365,4.254999999999999,2.2334610894941624,10,0.638131739855475,False,0.892162430801826,True,False,0.7651470853286505,True,1,MEDIUM,REVIEW,1,2000
C911,L1,TypeB,30.83,1.06,14.96,16.96,19.96,24.96,1.5,1.7,2.0,2.5,Latent_Defect,50,31.0,1.05,TypeB|T=31.0|V=1.05,11.385000000000002,1.1099999999999985,2.115,3.5749999999999993,2.1723761261261285,16,0.6206788931788939,False,0.7343847960339434,True,False,0.6775318446064187,True,1,MEDIUM,REVIEW,1,2000
C912,L1,TypeC,31.59,1.22,11.13,12.13,31.13,33.13,1.11,1.21,3.11,3.31,Sudden_Anomaly,50,32.0,1.2000000000000002,TypeC|T=32.0|V=1.2,10.575,1.6099999999999994,2.887500000000001,0.5550000000000015,0.23251397515528022,10,0.06643256433008006,False,0.0,False,False,0.03321628216504003,False,0,LOW,PASS,1,2000
C913,L1,TypeC,33.73,1.01,9.49,10.49,29.49,31.49,0.95,1.05,2.95,3.15,Sudden_Anomaly,50,34.0,1.0,TypeC|T=34.0|V=1.0,12.25,2.6999999999999993,4.765000000000001,2.76,-0.689488888888889,7,0.19699682539682545,False,0.4236220692096299,False,False,0.3103094473032277,False,0,LOW,PASS,1,2000
C914,L1,TypeA,33.79,1.22,13.31,14.31,15.31,16.31,1.33,1.43,1.53,1.63,Normal,50,34.0,1.2000000000000002,TypeA|T=34.0|V=1.2,12.43,1.0600000000000005,1.8825000000000003,0.8800000000000008,0.5599622641509436,10,0.15998921832884103,False,0.2138184369814022,False,False,0.18690382765512162,False,0,LOW,PASS,1,2000
C915,L1,TypeC,31.31,1.01,9.22,10.22,29.22,31.22,0.92,1.02,2.92,3.12,Sudden_Anomaly,50,31.0,1.0,TypeC|T=31.0|V=1.0,11.95,1.6600000000000001,2.369999999999999,2.7299999999999986,-1.1092680722891561,5,0.3169337349397589,False,0.3720872149931034,False,False,0.34451047496643117,False,0,LOW,PASS,1,2000
C916,L1,TypeC,28.31,1.09,8.53,9.53,10.53,11.53,0.85,0.95,1.05,1.15,Normal,50,28.0,1.1,TypeC|T=28.0|V=1.1,10.455,1.5649999999999995,2.9124999999999996,1.9250000000000007,-0.8296565495207673,18,0.23704472843450494,False,0.20950624392656053,False,False,0.22327548618053272,False,0,LOW,PASS,1,2000
C917,L1,TypeB,25.9,1.18,13.97,14.97,15.97,60.0,1.4,1.5,1.6,6.0,Absolute_Failure,50,26.0,1.2000000000000002,TypeB|T=26.0|V=1.2,12.85,1.9000000000000004,4.229999999999999,1.120000000000001,0.3976000000000003,17,0.11360000000000008,False,0.2702479458462644,False,False,0.19192397292313224,False,0,LOW,PASS,1,2000
C918,L1,TypeA,31.8,1.03,9.99,10.99,29.99,31.99,1.0,1.1,3.0,3.2,Sudden_Anomaly,50,32.0,1.05,TypeA|T=32.0|V=1.05,10.56,0.8499999999999996,1.42,0.5700000000000003,-0.45231176470588275,13,0.12923193277310935,False,0.17319819579556428,False,False,0.15121506428433681,False,0,LOW,PASS,1,2000
C919,L1,TypeA,31.33,1.03,8.5,10.5,13.5,18.5,0.85,1.05,1.35,1.85,Latent_Defect,50,31.0,1.05,TypeA|T=31.0|V=1.05,11.53,2.0299999999999994,3.8049999999999997,3.0299999999999994,-1.0067660098522169,15,0.2876474313863477,False,0.37142133270341376,False,False,0.3295343820448807,False,0,LOW,PASS,1,2000
C920,L1,TypeA,32.57,1.23,8.42,8.42,8.42,8.42,0.84,0.84,0.84,0.84,High_Stable,50,33.0,1.25,TypeA|T=33.0|V=1.25,11.515,2.0300000000000002,4.050000000000001,3.0950000000000006,-1.028363300492611,16,0.2938180858550317,False,0.33578252177201606,False,False,0.31480030381352386,False,0,LOW,PASS,1,2000
C921,L1,TypeB,34.71,1.08,13.55,13.55,13.55,13.55,1.35,1.35,1.35,1.35,High_Stable,50,35.0,1.1,TypeB|T=35.0|V=1.1,12.945,1.125,2.370000000000001,0.6050000000000004,0.36273111111111134,4,0.10363746031746038,False,0.38107045381534127,False,False,0.24235395706640084,False,0,LOW,PASS,1,2000
C922,L1,TypeC,27.39,1.13,12.16,13.16,14.16,60.0,1.22,1.32,1.42,6.0,Absolute_Failure,50,27.0,1.1500000000000001,TypeC|T=27.0|V=1.15,12.01,1.0149999999999997,1.7874999999999996,0.15000000000000036,0.0996798029556653,16,0.028479943701618656,False,0.061132515666674506,False,False,0.04480622968414658,False,0,LOW,PASS,1,2000
C923,L1,TypeA,25.04,1.17,14.49,15.49,16.49,17.49,1.45,1.55,1.65,1.75,Normal,50,25.0,1.1500000000000001,TypeA|T=25.0|V=1.15,11.7,2.4400000000000013,4.615,2.790000000000001,0.7712520491803276,7,0.22035772833723646,False,0.49252574443430236,False,False,0.3564417363857694,False,0,LOW,PASS,1,2000
C924,L1,TypeB,28.05,1.01,11.29,11.29,11.29,11.29,1.13,1.13,1.13,1.13,High_Stable,50,28.0,1.0,TypeB|T=28.0|V=1.0,11.29,1.9299999999999997,2.355000000000002,0.0,0.0,7,0.0,False,0.29060285545986037,False,False,0.14530142772993018,False,0,LOW,PASS,1,2000
C925,L1,TypeB,28.78,1.01,10.22,11.22,12.22,60.0,1.02,1.12,1.22,6.0,Absolute_Failure,50,29.0,1.0,TypeB|T=29.0|V=1.0,10.57,0.8200000000000003,1.509999999999998,0.34999999999999964,-0.28789634146341425,7,0.0822560975609755,False,0.2988679445745244,False,False,0.19056202106774997,False,0,LOW,PASS,1,2000
C926,L1,TypeA,31.44,1.09,14.62,16.62,19.62,24.62,1.46,1.66,1.96,2.46,Latent_Defect,50,31.0,1.1,TypeA|T=31.0|V=1.1,13.24,1.4299999999999997,4.84,1.379999999999999,0.6509160839160836,17,0.1859760239760239,False,0.19844834315793822,False,False,0.19221218356698105,False,0,LOW,PASS,1,2000
C927,L1,TypeA,30.54,1.18,8.7,8.7,8.7,8.7,0.87,0.87,0.87,0.87,High_Stable,50,31.0,1.2000000000000002,TypeA|T=31.0|V=1.2,10.585,2.1850000000000014,4.275,1.8850000000000016,-0.5818913043478262,6,0.1662546583850932,False,0.13878317803871584,False,False,0.15251891821190453,False,0,LOW,PASS,1,2000
C928,L1,TypeC,30.39,1.24,8.25,9.25,10.25,11.25,0.83,0.93,1.03,1.13,Normal,50,30.0,1.25,TypeC|T=30.0|V=1.25,11.165,2.1099999999999994,4.5649999999999995,2.914999999999999,-0.9318329383886256,10,0.2662379823967502,False,0.36548278481024693,False,False,0.31586038360349855,False,0,LOW,PASS,1,2000
C929,L1,TypeA,33.72,1.18,14.2,15.2,34.2,36.2,1.42,1.52,3.42,3.62,Sudden_Anomaly,50,34.0,1.2000000000000002,TypeA|T=34.0|V=1.2,12.43,1.0600000000000005,1.8825000000000003,1.7699999999999996,1.1262877358490557,10,0.32179649595687304,False,0.23756815455552946,False,False,0.27968232525620124,False,0,LOW,PASS,1,2000
C930,L1,TypeA,30.53,1.01,12.95,12.95,12.95,12.95,1.29,1.29,1.29,1.29,High_Stable,50,31.0,1.0,TypeA|T=31.0|V=1.0,12.95,1.0,1.58,0.0,0.0,3,0.0,False,0.33886263761578866,False,False,0.16943131880789433,False,0,LOW,PASS,1,2000
C931,L1,TypeA,26.09,1.24,13.78,14.78,15.78,60.0,1.38,1.48,1.58,6.0,Absolute_Failure,50,26.0,1.25,TypeA|T=26.0|V=1.25,12.76,1.1600000000000001,3.0700000000000003,1.0199999999999996,0.5930948275862066,15,0.16945566502463044,False,0.29133551323398543,False,False,0.23039558912930794,False,0,LOW,PASS,1,2000
C932,L1,TypeB,27.06,1.1,11.52,12.52,13.52,60.0,1.15,1.25,1.35,6.0,Absolute_Failure,50,27.0,1.1,TypeB|T=27.0|V=1.1,11.52,1.450000000000001,2.8599999999999994,0.0,0.0,13,0.0,False,0.14244570057001124,False,False,0.07122285028500562,False,0,LOW,PASS,1,2000
C933,L1,TypeC,34.48,1.03,12.1,13.1,32.1,34.1,1.21,1.31,3.21,3.41,Sudden_Anomaly,50,34.0,1.05,TypeC|T=34.0|V=1.05,11.515,2.05,3.3249999999999993,0.5849999999999991,0.19247926829268264,16,0.05499407665505218,False,0.30231589652097834,False,False,0.17865498658801526,False,0,LOW,PASS,1,2000
C934,L1,TypeB,33.78,1.28,14.71,15.71,34.71,36.71,1.47,1.57,3.47,3.67,Sudden_Anomaly,50,34.0,1.3,TypeB|T=34.0|V=1.3,12.55,0.9050000000000002,1.6849999999999987,2.16,1.6098563535911599,8,0.4599589581689028,False,0.6485676180096059,True,False,0.5542632880892544,False,1,LOW,PASS,1,2000
C935,L1,TypeA,33.29,1.15,8.5,9.5,10.5,11.5,0.85,0.95,1.05,1.15,Normal,50,33.0,1.1500000000000001,TypeA|T=33.0|V=1.15,11.57,1.2800000000000011,2.365000000000002,3.0700000000000003,-1.6177460937499988,15,0.4622131696428568,False,0.41001621161567403,False,False,0.43611469062926544,False,0,LOW,PASS,1,2000
C936,L1,TypeA,30.19,1.24,10.45,12.45,15.45,20.45,1.04,1.24,1.54,2.04,Latent_Defect,50,30.0,1.25,TypeA|T=30.0|V=1.25,10.93,1.6049999999999995,2.717500000000001,0.4800000000000004,-0.20171962616822453,8,0.05763417890520701,False,0.03563843782284757,False,False,0.04663630836402729,False,0,LOW,PASS,1,2000
C937,L1,TypeA,30.21,1.03,14.12,15.12,34.12,36.12,1.41,1.51,3.41,3.61,Sudden_Anomaly,50,30.0,1.05,TypeA|T=30.0|V=1.05,12.185,2.344999999999999,4.959999999999999,1.9349999999999987,0.5565703624733475,12,0.15902010356381355,False,0.1980312771646532,False,False,0.17852569036423338,False,0,LOW,PASS,1,2000
C938,L1,TypeB,25.11,1.25,9.65,10.65,11.65,12.65,0.97,1.07,1.17,1.27,Normal,50,25.0,1.25,TypeB|T=25.0|V=1.25,10.955,1.2599999999999998,2.3374999999999986,1.3049999999999997,-0.6985892857142857,6,0.19959693877551019,False,0.3620345686576928,False,False,0.2808157537166015,False,0,LOW,PASS,1,2000
C939,L1,TypeB,33.99,1.15,10.47,11.47,30.47,32.47,1.05,1.15,3.05,3.25,Sudden_Anomaly,50,34.0,1.1500000000000001,TypeB|T=34.0|V=1.15,12.24,1.9000000000000004,2.8599999999999994,1.7699999999999996,-0.6283499999999997,13,0.17952857142857134,False,0.1469008383531313,False,False,0.16321470489085133,False,0,LOW,PASS,1,2000
C940,L1,TypeC,26.99,1.23,13.33,14.33,15.33,60.0,1.33,1.43,1.53,6.0,Absolute_Failure,50,27.0,1.25,TypeC|T=27.0|V=1.25,13.05,1.3500000000000005,2.4875000000000007,0.27999999999999936,0.1398962962962959,12,0.03997037037037026,False,0.23438502731149696,False,False,0.13717769884093362,False,0,LOW,PASS,1,2000
C941,L1,TypeA,27.8,1.16,9.27,11.27,14.27,19.27,0.93,1.13,1.43,1.93,Latent_Defect,50,28.0,1.1500000000000001,TypeA|T=28.0|V=1.15,11.73,1.0999999999999996,2.1400000000000006,2.460000000000001,-1.5084272727272736,9,0.430979220779221,False,0.22366082266203274,False,False,0.3273200217206269,False,0,LOW,PASS,1,2000
C942,L1,TypeB,33.5,1.25,8.97,9.97,10.97,11.97,0.9,1.0,1.1,1.2,Normal,50,34.0,1.25,TypeB|T=34.0|V=1.25,9.45,0.8499999999999996,1.727500000000001,0.47999999999999865,-0.38089411764705794,14,0.10882689075630227,False,0.40279413896452654,False,False,0.2558105148604144,False,0,LOW,PASS,1,2000
C943,L1,TypeA,32.61,1.17,8.65,9.65,10.65,60.0,0.86,0.96,1.06,6.0,Absolute_Failure,50,33.0,1.1500000000000001,TypeA|T=33.0|V=1.15,11.57,1.2800000000000011,2.365000000000002,2.92,-1.5387031249999985,15,0.43962946428571387,False,0.325457661731283,False,False,0.38254356300849846,False,0,LOW,PASS,1,2000
C944,L1,TypeB,30.75,1.06,10.52,11.52,30.52,32.52,1.05,1.15,3.05,3.25,Sudden_Anomaly,50,31.0,1.05,TypeB|T=31.0|V=1.05,11.385000000000002,1.1099999999999985,2.115,0.865000000000002,-0.5256238738738758,16,0.15017824967825022,False,0.0577182960787994,False,False,0.10394827287852482,False,0,LOW,PASS,1,2000
C945,L1,TypeA,29.42,1.15,14.45,15.45,16.45,60.0,1.45,1.55,1.65,6.0,Absolute_Failure,50,29.0,1.1500000000000001,TypeA|T=29.0|V=1.15,12.51,1.9399999999999995,3.5500000000000007,1.9399999999999995,0.6745,15,0.1927142857142857,False,0.12017577179967967,False,False,0.15644502875698268,False,0,LOW,PASS,1,2000
C946,L1,TypeA,27.28,1.05,13.27,15.27,18.27,23.27,1.33,1.53,1.83,2.33,Latent_Defect,50,27.0,1.05,TypeA|T=27.0|V=1.05,10.25,1.915,3.6549999999999994,3.0199999999999996,1.0637023498694516,12,0.3039149571055576,False,0.30095446959387306,False,False,0.30243471334971533,False,0,LOW,PASS,1,2000
C947,L1,TypeB,33.37,1.22,12.93,12.93,12.93,12.93,1.29,1.29,1.29,1.29,High_Stable,50,33.0,1.2000000000000002,TypeB|T=33.0|V=1.2,11.825,1.3450000000000006,2.7375000000000007,1.1050000000000004,0.5541431226765798,8,0.1583266064790228,False,0.11708720118744972,False,False,0.13770690383323625,False,0,LOW,PASS,1,2000
C948,L1,TypeB,29.4,1.27,10.33,11.33,12.33,13.33,1.03,1.13,1.23,1.33,Normal,50,29.0,1.25,TypeB|T=29.0|V=1.25,12.09,1.4100000000000001,2.5200000000000014,1.7599999999999998,-0.8419290780141842,11,0.24055116514690975,False,0.18255851623173203,False,False,0.2115548406893209,False,0,LOW,PASS,1,2000
C949,L1,TypeA,27.13,1.27,14.35,15.35,16.35,60.0,1.44,1.54,1.64,6.0,Absolute_Failure,50,27.0,1.25,TypeA|T=27.0|V=1.25,12.809999999999999,1.6050000000000013,3.8375000000000004,1.540000000000001,0.6471838006230528,6,0.18490965732087222,False,0.32204182480189975,False,False,0.253475741061386,False,0,LOW,PASS,1,2000
C950,L1,TypeB,28.96,1.25,13.72,14.72,15.72,16.72,1.37,1.47,1.57,1.67,Normal,50,29.0,1.25,TypeB|T=29.0|V=1.25,12.09,1.4100000000000001,2.5200000000000014,1.6300000000000008,0.7797411347517734,11,0.22278318135764955,False,0.13705854863820707,False,False,0.1799208649979283,False,0,LOW,PASS,1,2000
C951,L1,TypeB,34.71,1.03,11.45,11.45,11.45,11.45,1.15,1.15,1.15,1.15,High_Stable,50,35.0,1.05,TypeB|T=35.0|V=1.05,13.24,1.629999999999999,2.695000000000002,1.790000000000001,-0.740708588957056,7,0.21163102541630172,False,0.4176051991941406,False,False,0.31461811230522113,False,0,LOW,PASS,1,2000
C952,L1,TypeA,26.53,1.12,10.88,11.88,12.88,60.0,1.09,1.19,1.29,6.0,Absolute_Failure,50,27.0,1.1,TypeA|T=27.0|V=1.1,9.72,1.0250000000000004,2.232499999999998,1.1600000000000001,0.7633365853658535,14,0.2180961672473867,False,0.15773160889318866,False,False,0.1879138880702877,False,0,LOW,PASS,1,2000
C953,L1,TypeB,27.46,1.16,8.01,9.01,28.01,30.01,0.8,0.9,2.8,3.0,Sudden_Anomaly,50,27.0,1.1500000000000001,TypeB|T=27.0|V=1.15,10.02,0.9800000000000004,1.9550000000000018,2.01,-1.3834132653061215,11,0.3952609329446061,False,0.46266735574432766,False,False,0.4289641443444669,False,0,LOW,PASS,1,2000
C954,L1,TypeB,30.94,1.05,12.19,13.19,14.19,60.0,1.22,1.32,1.42,6.0,Absolute_Failure,50,31.0,1.05,TypeB|T=31.0|V=1.05,11.385000000000002,1.1099999999999985,2.115,0.8049999999999979,0.48916441441441383,16,0.1397612612612611,False,0.06630663315424427,False,False,0.10303394720775269,False,0,LOW,PASS,1,2000
C955,L1,TypeB,27.73,1.3,14.57,15.57,16.57,60.0,1.46,1.56,1.66,6.0,Absolute_Failure,50,28.0,1.3,TypeB|T=28.0|V=1.3,11.11,1.9100000000000001,2.9250000000000007,3.460000000000001,1.221869109947644,6,0.3491054599850411,False,0.6937843268566024,True,False,0.5214448934208218,False,1,LOW,PASS,1,2000
C956,L1,TypeA,25.11,1.3,10.8,10.8,10.8,10.8,1.08,1.08,1.08,1.08,High_Stable,50,25.0,1.3,TypeA|T=25.0|V=1.3,12.67,0.75,1.3100000000000005,1.8699999999999992,-1.6817533333333328,3,0.4805009523809522,False,0.7664098929286288,True,False,0.6234554226547905,True,1,MEDIUM,REVIEW,1,2000
C957,L1,TypeB,31.27,1.03,8.08,9.08,10.08,60.0,0.81,0.91,1.01,6.0,Absolute_Failure,50,31.0,1.05,TypeB|T=31.0|V=1.05,11.385000000000002,1.1099999999999985,2.115,3.3050000000000015,-2.008308558558562,16,0.5738024453024463,False,0.7193217392684952,True,False,0.6465620922854707,True,1,MEDIUM,REVIEW,1,2000
C958,L1,TypeC,30.08,1.18,9.52,10.52,29.52,31.52,0.95,1.05,2.95,3.15,Sudden_Anomaly,50,30.0,1.2000000000000002,TypeC|T=30.0|V=1.2,10.635,1.0650000000000004,2.9975000000000005,1.1150000000000002,-0.7061666666666665,12,0.20176190476190473,False,0.09353561970182796,False,False,0.14764876223186635,False,0,LOW,PASS,1,2000
C959,L1,TypeC,30.47,1.26,9.41,10.41,11.41,12.41,0.94,1.04,1.14,1.24,Normal,50,30.0,1.25,TypeC|T=30.0|V=1.25,11.165,2.1099999999999994,4.5649999999999995,1.754999999999999,-0.5610177725118481,10,0.16029079214624234,False,0.19889888205432696,False,False,0.17959483710028465,False,0,LOW,PASS,1,2000
C960,L1,TypeB,32.25,1.01,9.14,9.14,9.14,9.14,0.91,0.91,0.91,0.91,High_Stable,50,32.0,1.0,TypeB|T=32.0|V=1.0,11.6,1.040000000000001,1.83,2.459999999999999,-1.595451923076921,13,0.455843406593406,False,0.4655750124733542,False,False,0.4607092095333801,False,0,LOW,PASS,1,2000
C961,L1,TypeB,32.62,1.16,8.79,10.79,13.79,18.79,0.88,1.08,1.38,1.88,Latent_Defect,50,33.0,1.1500000000000001,TypeB|T=33.0|V=1.15,12.43,1.67,3.0150000000000006,3.6400000000000006,-1.470167664670659,12,0.42004790419161686,False,0.40818595357850834,False,False,0.4141169288850626,False,0,LOW,PASS,1,2000
C962,L1,TypeB,33.61,1.16,10.15,11.15,12.15,60.0,1.01,1.11,1.21,6.0,Absolute_Failure,50,34.0,1.1500000000000001,TypeB|T=34.0|V=1.15,12.24,1.9000000000000004,2.8599999999999994,2.09,-0.7419499999999999,13,0.21198571428571425,False,0.14906260481911643,False,False,0.18052415955241535,False,0,LOW,PASS,1,2000
C963,L1,TypeA,33.82,1.25,12.42,13.42,32.42,34.42,1.24,1.34,3.24,3.44,Sudden_Anomaly,50,34.0,1.25,TypeA|T=34.0|V=1.25,11.4,1.6100000000000012,2.880000000000001,1.0199999999999996,0.4273229813664591,11,0.12209228039041688,False,0.16221908236201177,False,False,0.14215568137621432,False,0,LOW,PASS,1,2000
C964,L1,TypeB,29.83,1.24,11.25,12.25,13.25,60.0,1.13,1.23,1.33,6.0,Absolute_Failure,50,30.0,1.25,TypeB|T=30.0|V=1.25,10.535,0.6950000000000003,1.3175000000000008,0.7149999999999999,0.6939100719424456,10,0.19826002055498446,False,0.14691605895609272,False,False,0.1725880397555386,False,0,LOW,PASS,1,2000
C965,L1,TypeA,26.63,1.29,13.64,14.64,15.64,16.64,1.36,1.46,1.56,1.66,Normal,50,27.0,1.3,TypeA|T=27.0|V=1.3,12.045,0.8549999999999995,1.9624999999999986,1.5950000000000006,1.258277777777779,6,0.35950793650793683,False,0.4800389112072771,False,False,0.41977342385760696,False,0,LOW,PASS,1,2000
C966,L1,TypeC,31.15,1.1,14.45,15.45,16.45,17.45,1.45,1.55,1.65,1.75,Normal,50,31.0,1.1,TypeC|T=31.0|V=1.1,10.86,1.1399999999999997,2.6799999999999997,3.59,2.124083333333334,6,0.6068809523809525,False,0.535612090014157,False,False,0.5712465211975548,False,0,LOW,PASS,1,2000
C967,L1,TypeA,29.46,1.14,10.29,11.29,12.29,13.29,1.03,1.13,1.23,1.33,Normal,50,29.0,1.1500000000000001,TypeA|T=29.0|V=1.15,12.51,1.9399999999999995,3.5500000000000007,2.2200000000000006,-0.7718505154639179,15,0.22052871870397656,False,0.037544375775214286,False,False,0.12903654723959543,False,0,LOW,PASS,1,2000
C968,L1,TypeB,31.38,1.15,12.18,12.18,12.18,12.18,1.22,1.22,1.22,1.22,High_Stable,50,31.0,1.1500000000000001,TypeB|T=31.0|V=1.15,11.82,2.21,4.27,0.35999999999999943,0.10987330316742064,16,0.03139237233354875,False,0.0,False,False,0.015696186166774376,False,0,LOW,PASS,1,2000
C969,L1,TypeA,28.24,1.07,9.03,11.03,14.03,19.03,0.9,1.1,1.4,1.9,Latent_Defect,50,28.0,1.05,TypeA|T=28.0|V=1.05,12.85,1.5099999999999998,3.4399999999999977,3.8200000000000003,-1.7063509933774836,11,0.4875288552507096,False,0.517271022516737,False,False,0.5023999388837233,False,0,LOW,PASS,1,2000
C970,L1,TypeA,34.53,1.12,10.22,11.22,30.22,32.22,1.02,1.12,3.02,3.22,Sudden_Anomaly,50,35.0,1.1,TypeA|T=35.0|V=1.1,11.055,2.175,4.34,0.8349999999999991,-0.258945977011494,10,0.07398456486042686,False,0.2370647676169726,False,False,0.15552466623869973,False,0,LOW,PASS,1,2000
C971,L1,TypeA,29.21,1.24,8.58,9.58,10.58,60.0,0.86,0.96,1.06,6.0,Absolute_Failure,50,29.0,1.25,TypeA|T=29.0|V=1.25,11.665,2.455,4.470000000000001,3.084999999999999,-0.8475896130346229,10,0.2421684608670351,False,0.29118025097130884,False,False,0.266674355919172,False,0,LOW,PASS,1,2000
C972,L1,TypeB,26.18,1.25,10.43,11.43,30.43,32.43,1.04,1.14,3.04,3.24,Sudden_Anomaly,50,26.0,1.25,TypeB|T=26.0|V=1.25,12.375,1.1099999999999994,2.1149999999999984,1.9450000000000003,-1.1818941441441448,6,0.3376840411840414,False,0.3309559573112526,False,False,0.334319999247647,False,0,LOW,PASS,1,2000
C973,L1,TypeA,34.23,1.12,12.84,13.84,14.84,60.0,1.28,1.38,1.48,6.0,Absolute_Failure,50,34.0,1.1,TypeA|T=34.0|V=1.1,12.004999999999999,1.8649999999999993,3.4400000000000013,0.8350000000000009,0.30198793565683685,12,0.08628226733052481,False,0.1595453275506211,False,False,0.12291379744057296,False,0,LOW,PASS,1,2000
C974,L1,TypeA,33.26,1.02,14.01,14.01,14.01,14.01,1.4,1.4,1.4,1.4,High_Stable,50,33.0,1.0,TypeA|T=33.0|V=1.0,11.78,2.25,4.48,2.2300000000000004,0.6685044444444446,9,0.1910012698412699,False,0.3410829736899472,False,False,0.26604212176560854,False,0,LOW,PASS,1,2000
C975,L1,TypeB,30.59,1.07,8.36,8.36,8.36,8.36,0.84,0.84,0.84,0.84,High_Stable,50,31.0,1.05,TypeB|T=31.0|V=1.05,11.385000000000002,1.1099999999999985,2.115,3.025000000000002,-1.838164414414418,16,0.5251898326898338,False,0.4234171099379299,False,False,0.47430347131388184,False,0,LOW,PASS,1,2000
C976,L1,TypeC,27.65,1.08,9.18,9.18,9.18,9.18,0.92,0.92,0.92,0.92,High_Stable,50,28.0,1.1,TypeC|T=28.0|V=1.1,10.455,1.5649999999999995,2.9124999999999996,1.2750000000000004,-0.5495127795527159,18,0.15700365130077598,False,0.16334674445403619,False,False,0.16017519787740608,False,0,LOW,PASS,1,2000
C977,L1,TypeA,34.43,1.23,11.3,12.3,13.3,60.0,1.13,1.23,1.33,6.0,Absolute_Failure,50,34.0,1.25,TypeA|T=34.0|V=1.25,11.4,1.6100000000000012,2.880000000000001,0.09999999999999964,-0.04189440993788802,11,0.011969831410825148,False,0.24735924876879162,False,False,0.12966454008980838,False,0,LOW,PASS,1,2000
C978,L1,TypeA,31.53,1.28,11.63,12.63,13.63,60.0,1.16,1.26,1.36,6.0,Absolute_Failure,50,32.0,1.3,TypeA|T=32.0|V=1.3,12.28,0.6499999999999986,0.8699999999999992,0.6499999999999986,-0.6745,3,0.1927142857142857,False,0.23308108251428605,False,False,0.2128976841142859,False,0,LOW,PASS,1,2000
C979,L1,TypeB,26.1,1.02,9.59,10.59,11.59,60.0,0.96,1.06,1.16,6.0,Absolute_Failure,50,26.0,1.0,TypeB|T=26.0|V=1.0,10.65,1.5600000000000005,3.1500000000000004,1.0600000000000005,-0.45831410256410265,9,0.13094688644688648,False,0.31416649761610105,False,False,0.22255669203149375,False,0,LOW,PASS,1,2000
C980,L1,TypeC,27.1,1.09,13.07,14.07,15.07,60.0,1.31,1.41,1.51,6.0,Absolute_Failure,50,27.0,1.1,TypeC|T=27.0|V=1.1,12.08,1.6999999999999993,4.15,0.9900000000000002,0.3927970588235296,9,0.11222773109243703,False,0.0953455601447217,False,False,0.10378664561857937,False,0,LOW,PASS,1,2000
C981,L1,TypeA,30.77,1.15,13.11,14.11,33.11,35.11,1.31,1.41,3.31,3.51,Sudden_Anomaly,50,31.0,1.1500000000000001,TypeA|T=31.0|V=1.15,12.38,1.9699999999999989,3.880000000000001,0.7299999999999986,0.2499416243654819,13,0.07141189267585198,False,0.017986901692542797,False,False,0.04469939718419739,False,0,LOW,PASS,1,2000
C982,L1,TypeC,26.65,1.21,14.44,15.44,16.44,60.0,1.44,1.54,1.64,6.0,Absolute_Failure,50,27.0,1.2000000000000002,TypeC|T=27.0|V=1.2,11.76,0.9649999999999999,1.790000000000001,2.6799999999999997,1.8732227979274612,10,0.5352065136935603,False,0.4852317201050801,False,False,0.5102191168993202,False,0,LOW,PASS,1,2000
C983,L1,TypeC,28.72,1.15,9.73,10.73,11.73,12.73,0.97,1.07,1.17,1.27,Normal,50,29.0,1.1500000000000001,TypeC|T=29.0|V=1.15,12.29,2.540000000000001,4.075000000000001,2.5599999999999987,-0.6798110236220467,7,0.1942317210348705,False,0.09485153228756307,False,False,0.14454162666121678,False,0,LOW,PASS,1,2000
C984,L1,TypeC,31.69,1.01,10.49,10.49,10.49,10.49,1.05,1.05,1.05,1.05,High_Stable,50,32.0,1.0,TypeC|T=32.0|V=1.0,12.88,1.200000000000001,2.215,2.3900000000000006,-1.343379166666666,7,0.38382261904761883,False,0.40955848774725023,False,False,0.39669055339743453,False,0,LOW,PASS,1,2000
C985,L1,TypeC,32.02,1.04,11.67,13.67,16.67,21.67,1.17,1.37,1.67,2.17,Latent_Defect,50,32.0,1.05,TypeC|T=32.0|V=1.05,10.51,0.75,1.2400000000000002,1.1600000000000001,1.0432266666666667,9,0.29806476190476194,False,0.22590490127180818,False,False,0.26198483158828506,False,0,LOW,PASS,1,2000
C986,L1,TypeB,33.1,1.16,14.93,15.93,16.93,17.93,1.49,1.59,1.69,1.79,Normal,50,33.0,1.1500000000000001,TypeB|T=33.0|V=1.15,12.43,1.67,3.0150000000000006,2.5,1.0097305389221558,12,0.2884944396920445,False,0.4028394253112179,False,False,0.3456669325016312,False,0,LOW,PASS,1,2000
C987,L1,TypeC,31.18,1.13,13.0,14.0,15.0,60.0,1.3,1.4,1.5,6.0,Absolute_Failure,50,31.0,1.1500000000000001,TypeC|T=31.0|V=1.15,10.88,1.6349999999999998,2.977499999999999,2.119999999999999,0.8745810397553515,10,0.24988029707295759,False,0.0,False,False,0.12494014853647879,False,0,LOW,PASS,1,2000
C988,L1,TypeC,28.68,1.04,10.28,12.28,15.28,20.28,1.03,1.23,1.53,2.03,Latent_Defect,50,29.0,1.05,TypeC|T=29.0|V=1.05,10.205,0.9550000000000001,1.2725000000000009,0.07499999999999929,0.05297120418848117,8,0.015134629768137477,False,0.2273788785617231,False,False,0.12125675416493029,False,0,LOW,PASS,1,2000
C989,L1,TypeC,34.75,1.26,12.85,14.85,17.85,22.85,1.28,1.48,1.78,2.28,Latent_Defect,50,35.0,1.25,TypeC|T=35.0|V=1.25,11.105,1.085,1.9725000000000001,1.7449999999999992,1.0847949308755755,14,0.309941408821593,False,0.4300076497335166,False,False,0.3699745292775548,False,0,LOW,PASS,1,2000
C990,L1,TypeA,25.21,1.03,8.81,9.81,10.81,60.0,0.88,0.98,1.08,6.0,Absolute_Failure,50,25.0,1.05,TypeA|T=25.0|V=1.05,8.855,0.6050000000000004,0.9299999999999997,0.04499999999999993,-0.05016942148760319,6,0.014334120425029484,False,0.6489027554376359,True,False,0.33161843793133267,False,1,LOW,PASS,1,2000
C991,L1,TypeC,27.85,1.04,11.78,12.78,13.78,60.0,1.18,1.28,1.38,6.0,Absolute_Failure,50,28.0,1.05,TypeC|T=28.0|V=1.05,12.19,0.4800000000000004,0.8900000000000006,0.41000000000000014,-0.5761354166666663,9,0.16461011904761896,False,0.21541900336202002,False,False,0.1900145612048195,False,0,LOW,PASS,1,2000
C992,L1,TypeA,26.35,1.3,9.13,10.13,29.13,31.13,0.91,1.01,2.91,3.11,Sudden_Anomaly,50,26.0,1.3,TypeA|T=26.0|V=1.3,9.9,0.7699999999999996,1.5399999999999991,0.7699999999999996,-0.6745,5,0.1927142857142857,False,0.5038028282334603,False,False,0.34825855697387303,False,0,LOW,PASS,1,2000
C993,L1,TypeB,29.12,1.19,10.36,12.36,15.36,20.36,1.04,1.24,1.54,2.04,Latent_Defect,50,29.0,1.2000000000000002,TypeB|T=29.0|V=1.2,10.33,1.4100000000000001,2.3149999999999995,0.02999999999999936,0.014351063829786927,10,0.004100303951367693,False,0.12416665027965013,False,False,0.06413347711550892,False,0,LOW,PASS,1,2000
C994,L1,TypeA,34.16,1.27,11.4,12.4,31.4,33.4,1.14,1.24,3.14,3.34,Sudden_Anomaly,50,34.0,1.25,TypeA|T=34.0|V=1.25,11.4,1.6100000000000012,2.880000000000001,0.0,0.0,11,0.0,False,0.3141066836352324,False,False,0.1570533418176162,False,0,LOW,PASS,1,2000
C995,L1,TypeA,25.23,1.12,8.62,9.62,28.62,30.62,0.86,0.96,2.86,3.06,Sudden_Anomaly,50,25.0,1.1,TypeA|T=25.0|V=1.1,9.65,0.8100000000000005,1.834999999999999,1.0300000000000011,-0.857697530864198,6,0.24505643738977084,False,0.4363664276447579,False,False,0.3407114325172644,False,0,LOW,PASS,1,2000
C996,L1,TypeC,31.5,1.24,11.69,11.69,11.69,11.69,1.17,1.17,1.17,1.17,High_Stable,50,32.0,1.25,TypeC|T=32.0|V=1.25,11.69,2.1400000000000006,4.07,0.0,0.0,25,0.0,False,0.05103542040157693,False,False,0.025517710200788465,False,0,LOW,PASS,1,2000
C997,L1,TypeB,34.33,1.15,12.3,13.3,14.3,15.3,1.23,1.33,1.43,1.53,Normal,50,34.0,1.1500000000000001,TypeB|T=34.0|V=1.15,12.24,1.9000000000000004,2.8599999999999994,0.0600000000000005,0.02130000000000017,13,0.006085714285714334,False,0.22673669979865482,False,False,0.11641120704218458,False,0,LOW,PASS,1,2000
C998,L1,TypeB,28.44,1.04,14.54,15.54,34.54,36.54,1.45,1.55,3.45,3.65,Sudden_Anomaly,50,28.0,1.05,TypeB|T=28.0|V=1.05,10.05,0.5450000000000008,1.3650000000000002,4.489999999999998,5.556889908256871,8,1.0,True,1.0,True,False,1.0,True,2,CRITICAL,REVIEW,1,2000
C999,L1,TypeC,27.86,1.07,8.7,10.7,13.7,18.7,0.87,1.07,1.37,1.87,Latent_Defect,50,28.0,1.05,TypeC|T=28.0|V=1.05,12.19,0.4800000000000004,0.8900000000000006,3.49,-4.9041770833333285,9,1.0,True,0.9180604802064225,True,False,0.9590302401032113,True,2,CRITICAL,REVIEW,1,2000
C1000,L1,TypeC,32.39,1.21,9.14,9.14,9.14,9.14,0.91,0.91,0.91,0.91,High_Stable,50,32.0,1.2000000000000002,TypeC|T=32.0|V=1.2,10.575,1.6099999999999994,2.887500000000001,1.4349999999999987,-0.6011847826086953,10,0.17176708074534153,False,0.16328004621647604,False,False,0.1675235634809088,False,0,LOW,PASS,1,2000
C1001,L1,TypeA,25.97,1.24,9.53,10.53,29.53,31.53,0.95,1.05,2.95,3.15,Sudden_Anomaly,50,26.0,1.25,TypeA|T=26.0|V=1.25,12.76,1.1600000000000001,3.0700000000000003,3.2300000000000004,-1.8781336206896553,15,0.5366096059113301,False,0.5590801583728978,False,False,0.547844882142114,False,0,LOW,PASS,1,2000
C1002,L1,TypeB,34.1,1.29,12.43,13.43,14.43,15.43,1.24,1.34,1.44,1.54,Normal,50,34.0,1.3,TypeB|T=34.0|V=1.3,12.55,0.9050000000000002,1.6849999999999987,0.120000000000001,-0.0894364640883985,8,0.025553275453828145,False,0.3998990614169941,False,False,0.21272616843541112,False,0,LOW,PASS,1,2000
C1003,L1,TypeA,29.53,1.14,12.09,13.09,14.09,60.0,1.21,1.31,1.41,6.0,Absolute_Failure,50,30.0,1.1500000000000001,TypeA|T=30.0|V=1.15,10.78,2.3499999999999996,3.9499999999999993,1.3100000000000005,0.37599787234042575,7,0.10742796352583593,False,0.0,False,False,0.053713981762917966,False,0,LOW,PASS,1,2000
C1004,L1,TypeC,29.66,1.15,13.64,14.64,33.64,35.64,1.36,1.46,3.36,3.56,Sudden_Anomaly,50,30.0,1.1500000000000001,TypeC|T=30.0|V=1.15,12.41,1.4000000000000004,2.780000000000001,1.2300000000000004,0.5925964285714286,15,0.16931326530612245,False,0.06984141710713973,False,False,0.11957734120663109,False,0,LOW,PASS,1,2000
C1005,L1,TypeB,28.2,1.28,11.23,11.23,11.23,11.23,1.12,1.12,1.12,1.12,High_Stable,50,28.0,1.3,TypeB|T=28.0|V=1.3,11.11,1.9100000000000001,2.9250000000000007,0.120000000000001,0.04237696335078568,6,0.012107703814510195,False,0.20994205319227455,False,False,0.11102487850339238,False,0,LOW,PASS,1,2000
C1006,L1,TypeA,25.41,1.0,8.53,9.53,10.53,11.53,0.85,0.95,1.05,1.15,Normal,50,25.0,1.0,TypeA|T=25.0|V=1.0,8.53,0.0,0.0,0.0,0.0,1,0.0,False,0.7787283561209878,True,False,0.3893641780604939,False,1,LOW,PASS,1,2000
C1007,L1,TypeC,33.25,1.06,10.9,10.9,10.9,10.9,1.09,1.09,1.09,1.09,High_Stable,50,33.0,1.05,TypeC|T=33.0|V=1.05,12.66,1.7599999999999998,3.5199999999999996,1.7599999999999998,-0.6744999999999999,15,0.19271428571428567,False,0.198938849669146,False,False,0.19582656769171583,False,0,LOW,PASS,1,2000
C1008,L1,TypeA,31.81,1.19,10.78,11.78,30.78,32.78,1.08,1.18,3.08,3.28,Sudden_Anomaly,50,32.0,1.2000000000000002,TypeA|T=32.0|V=1.2,10.1,1.3899999999999988,2.1900000000000013,0.6799999999999997,0.3299712230215829,13,0.09427749229188083,False,0.0538479386429989,False,False,0.07406271546743987,False,0,LOW,PASS,1,2000
C1009,L1,TypeB,34.57,1.23,13.23,14.23,33.23,35.23,1.32,1.42,3.32,3.52,Sudden_Anomaly,50,35.0,1.25,TypeB|T=35.0|V=1.25,11.780000000000001,1.58,3.2349999999999994,1.4499999999999993,0.6190031645569617,4,0.17685804701627478,False,0.25361348026383507,False,False,0.21523576364005492,False,0,LOW,PASS,1,2000
C1010,L1,TypeA,28.91,1.18,14.65,15.65,16.65,17.65,1.47,1.57,1.67,1.77,Normal,50,29.0,1.2000000000000002,TypeA|T=29.0|V=1.2,10.82,2.33,3.9200000000000017,3.83,1.1087274678111587,15,0.3167792765174739,False,0.4820647621657766,False,False,0.39942201934162525,False,0,LOW,PASS,1,2000
C1011,L1,TypeC,27.55,1.17,9.95,11.95,14.95,19.95,0.99,1.19,1.49,1.99,Latent_Defect,50,28.0,1.1500000000000001,TypeC|T=28.0|V=1.15,11.025,1.1450000000000005,1.825000000000001,1.075000000000001,-0.6332641921397383,6,0.1809326263256395,False,0.04889713728412506,False,False,0.11491488180488228,False,0,LOW,PASS,1,2000
C1012,L1,TypeB,29.37,1.21,9.66,10.66,11.66,12.66,0.97,1.07,1.17,1.27,Normal,50,29.0,1.2000000000000002,TypeB|T=29.0|V=1.2,10.33,1.4100000000000001,2.3149999999999995,0.6699999999999999,-0.3205070921985815,10,0.09157345491388043,False,0.10691594983716705,False,False,0.09924470237552374,False,0,LOW,PASS,1,2000
C1013,L1,TypeA,31.75,1.02,10.79,11.79,12.79,60.0,1.08,1.18,1.28,6.0,Absolute_Failure,50,32.0,1.0,TypeA|T=32.0|V=1.0,10.79,0.7699999999999996,1.4649999999999999,0.0,0.0,7,0.0,False,0.23244556778706252,False,False,0.11622278389353126,False,0,LOW,PASS,1,2000
C1014,L1,TypeA,29.39,1.22,8.19,9.19,28.19,30.19,0.82,0.92,2.82,3.02,Sudden_Anomaly,50,29.0,1.2000000000000002,TypeA|T=29.0|V=1.2,10.82,2.33,3.9200000000000017,2.630000000000001,-0.7613454935622319,15,0.2175272838749234,False,0.3512709189806833,False,False,0.28439910142780334,False,0,LOW,PASS,1,2000
C1015,L1,TypeB,32.23,1.1,10.66,11.66,12.66,13.66,1.07,1.17,1.27,1.37,Normal,50,32.0,1.1,TypeB|T=32.0|V=1.1,11.14,1.9499999999999993,2.875,0.4800000000000004,-0.16603076923076943,15,0.047437362637362694,False,0.048326493311793214,False,False,0.04788192797457795,False,0,LOW,PASS,1,2000
C1016,L1,TypeB,33.07,1.01,8.95,9.95,10.95,60.0,0.89,0.99,1.09,6.0,Absolute_Failure,50,33.0,1.0,TypeB|T=33.0|V=1.0,10.84,0.4950000000000001,0.8975000000000009,1.8900000000000006,-2.5753636363636367,6,0.7358181818181819,False,0.681637224199921,True,False,0.7087277030090515,True,1,MEDIUM,REVIEW,1,2000
C1017,L1,TypeB,31.91,1.25,10.49,10.49,10.49,10.49,1.05,1.05,1.05,1.05,High_Stable,50,32.0,1.25,TypeB|T=32.0|V=1.25,11.31,1.7350000000000003,3.01,0.8200000000000003,-0.31878386167146977,10,0.09108110333470565,False,0.08602985784753081,False,False,0.08855548059111823,False,0,LOW,PASS,1,2000
C1018,L1,TypeB,29.65,1.26,8.7,9.7,28.7,30.7,0.87,0.97,2.87,3.07,Sudden_Anomaly,50,30.0,1.25,TypeB|T=30.0|V=1.25,10.535,0.6950000000000003,1.3175000000000008,1.8350000000000009,-1.7808741007194246,10,0.5088211716341213,False,0.49969931045218124,False,False,0.5042602410431513,False,0,LOW,PASS,1,2000
C1019,L1,TypeC,30.37,1.13,11.17,13.17,16.17,21.17,1.12,1.32,1.62,2.12,Latent_Defect,50,30.0,1.1500000000000001,TypeC|T=30.0|V=1.15,12.41,1.4000000000000004,2.780000000000001,1.2400000000000002,-0.5974142857142857,15,0.17068979591836733,False,0.018123364476128948,False,False,0.09440658019724814,False,0,LOW,PASS,1,2000
C1020,L1,TypeC,33.28,1.12,9.45,10.45,11.45,60.0,0.94,1.04,1.14,6.0,Absolute_Failure,50,33.0,1.1,TypeC|T=33.0|V=1.1,12.98,0.5099999999999998,1.5,3.530000000000001,-4.66859803921569,13,1.0,True,0.9284606959239611,True,False,0.9642303479619805,True,2,CRITICAL,REVIEW,1,2000
C1021,L1,TypeB,29.59,1.12,11.31,12.31,31.31,33.31,1.13,1.23,3.13,3.33,Sudden_Anomaly,50,30.0,1.1,TypeB|T=30.0|V=1.1,11.165,2.039999999999999,3.7974999999999977,0.14500000000000135,0.047942401960784774,16,0.013697829131652793,False,0.025760568704971103,False,False,0.019729198918311947,False,0,LOW,PASS,1,2000
C1022,L1,TypeA,28.37,1.09,13.14,14.14,33.14,35.14,1.31,1.41,3.31,3.51,Sudden_Anomaly,50,28.0,1.1,TypeA|T=28.0|V=1.1,11.68,1.629999999999999,3.785,1.4600000000000009,0.6041533742331295,11,0.17261524978089415,False,0.060577173982830246,False,False,0.1165962118818622,False,0,LOW,PASS,1,2000
C1023,L1,TypeB,30.3,1.12,8.95,10.95,13.95,18.95,0.89,1.09,1.39,1.89,Latent_Defect,50,30.0,1.1,TypeB|T=30.0|V=1.1,11.165,2.039999999999999,3.7974999999999977,2.215,-0.7323615196078433,16,0.2092461484593838,False,0.09824818419414758,False,False,0.1537471663267657,False,0,LOW,PASS,1,2000
C1024,L1,TypeC,31.98,1.27,8.49,8.49,8.49,8.49,0.85,0.85,0.85,0.85,High_Stable,50,32.0,1.25,TypeC|T=32.0|V=1.25,11.69,2.1400000000000006,4.07,3.1999999999999993,-1.008598130841121,25,0.28817089452603456,False,0.4472938745537371,False,False,0.3677323845398858,False,0,LOW,PASS,1,2000
C1025,L1,TypeB,34.33,1.19,8.6,9.6,10.6,60.0,0.86,0.96,1.06,6.0,Absolute_Failure,50,34.0,1.2000000000000002,TypeB|T=34.0|V=1.2,12.14,1.4100000000000001,2.795,3.540000000000001,-1.693425531914894,16,0.4838358662613983,False,0.607627242868219,True,False,0.5457315545648087,False,1,LOW,PASS,1,2000
C1026,L1,TypeB,30.26,1.01,11.31,12.31,13.31,60.0,1.13,1.23,1.33,6.0,Absolute_Failure,50,30.0,1.0,TypeB|T=30.0|V=1.0,11.31,0.10999999999999943,1.5549999999999997,0.0,0.0,3,0.0,False,0.25909073124847243,False,False,0.12954536562423621,False,0,LOW,PASS,1,2000
C1027,L1,TypeA,32.77,1.01,8.32,10.32,13.32,18.32,0.83,1.03,1.33,1.83,Latent_Defect,50,33.0,1.0,TypeA|T=33.0|V=1.0,11.78,2.25,4.48,3.459999999999999,-1.0372311111111108,9,0.2963517460317459,False,0.6121586958078934,True,False,0.4542552209198196,False,1,LOW,PASS,1,2000
C1028,L1,TypeC,30.71,1.27,12.69,13.69,14.69,15.69,1.27,1.37,1.47,1.57,Normal,50,31.0,1.25,TypeC|T=31.0|V=1.25,10.88,1.8099999999999987,2.9599999999999973,1.8099999999999987,0.6745,15,0.1927142857142857,False,0.14836196994905904,False,False,0.17053812783167238,False,0,LOW,PASS,1,2000
C1029,L1,TypeC,29.61,1.0,12.39,13.39,14.39,60.0,1.24,1.34,1.44,6.0,Absolute_Failure,50,30.0,1.0,TypeC|T=30.0|V=1.0,12.955,1.125,2.0124999999999993,0.5649999999999995,-0.3387488888888886,4,0.09678539682539675,False,0.3744485953724537,False,False,0.23561699609892522,False,0,LOW,PASS,1,2000
C1030,L1,TypeA,27.19,1.11,10.3,12.3,15.3,20.3,1.03,1.23,1.53,2.03,Latent_Defect,50,27.0,1.1,TypeA|T=27.0|V=1.1,9.72,1.0250000000000004,2.232499999999998,0.5800000000000001,0.38166829268292674,14,0.10904808362369335,False,0.11523646518061931,False,False,0.11214227440215632,False,0,LOW,PASS,1,2000
C1031,L1,TypeC,34.91,1.02,14.61,15.61,34.61,36.61,1.46,1.56,3.46,3.66,Sudden_Anomaly,50,35.0,1.0,TypeC|T=35.0|V=1.0,13.01,1.5999999999999996,1.8549999999999986,1.5999999999999996,0.6745,3,0.1927142857142857,False,0.5650633158093991,False,False,0.3788888007618424,False,0,LOW,PASS,1,2000
C1032,L1,TypeC,28.58,1.01,12.16,14.16,17.16,22.16,1.22,1.42,1.72,2.22,Latent_Defect,50,29.0,1.0,TypeC|T=29.0|V=1.0,11.405000000000001,1.3900000000000006,2.4625000000000004,0.754999999999999,0.3663651079136684,6,0.10467574511819097,False,0.19944048702894027,False,False,0.15205811607356562,False,0,LOW,PASS,1,2000
C1033,L1,TypeC,31.48,1.27,13.11,13.11,13.11,13.11,1.31,1.31,1.31,1.31,High_Stable,50,31.0,1.25,TypeC|T=31.0|V=1.25,10.88,1.8099999999999987,2.9599999999999973,2.2299999999999986,0.8310138121546963,15,0.23743251775848465,False,0.1802383817494689,False,False,0.20883544975397678,False,0,LOW,PASS,1,2000
C1034,L1,TypeC,29.29,1.03,10.14,11.14,12.14,60.0,1.01,1.11,1.21,6.0,Absolute_Failure,50,29.0,1.05,TypeC|T=29.0|V=1.05,10.205,0.9550000000000001,1.2725000000000009,0.0649999999999995,-0.045908376963350435,8,0.01311667913238584,False,0.27899382028723374,False,False,0.1460552497098098,False,0,LOW,PASS,1,2000
C1035,L1,TypeA,32.26,1.15,11.71,13.71,16.71,21.71,1.17,1.37,1.67,2.17,Latent_Defect,50,32.0,1.1500000000000001,TypeA|T=32.0|V=1.15,11.555,1.4750000000000005,3.092500000000001,0.15500000000000114,0.07087966101694965,8,0.02025133171912847,False,0.014111908884759035,False,False,0.017181620301943753,False,0,LOW,PASS,1,2000
C1036,L1,TypeB,25.15,1.21,10.42,11.42,12.42,13.42,1.04,1.14,1.24,1.34,Normal,50,25.0,1.2000000000000002,TypeB|T=25.0|V=1.2,10.72,1.6300000000000008,2.9000000000000004,0.3000000000000007,-0.12414110429447876,5,0.03546888694127965,False,0.28799843629808514,False,False,0.1617336616196824,False,0,LOW,PASS,1,2000
C1037,L1,TypeB,32.09,1.15,11.07,12.07,13.07,60.0,1.11,1.21,1.31,6.0,Absolute_Failure,50,32.0,1.1500000000000001,TypeB|T=32.0|V=1.15,11.07,1.1400000000000006,2.25,0.0,0.0,7,0.0,False,0.07384620377736045,False,False,0.036923101888680226,False,0,LOW,PASS,1,2000
C1038,L1,TypeC,30.11,1.11,8.95,9.95,10.95,60.0,0.89,0.99,1.09,6.0,Absolute_Failure,50,30.0,1.1,TypeC|T=30.0|V=1.1,11.04,1.7799999999999994,2.115,2.09,-0.7919691011235958,11,0.22627688603531307,False,0.09971158775739888,False,False,0.16299423689635598,False,0,LOW,PASS,1,2000
C1039,L1,TypeB,32.74,1.18,13.76,15.76,18.76,23.76,1.38,1.58,1.88,2.38,Latent_Defect,50,33.0,1.2000000000000002,TypeB|T=33.0|V=1.2,11.825,1.3450000000000006,2.7375000000000007,1.9350000000000005,0.9703773234200742,8,0.2772506638343069,False,0.132046028035587,False,False,0.20464834593494696,False,0,LOW,PASS,1,2000
C1040,L1,TypeC,28.04,1.05,12.39,12.39,12.39,12.39,1.24,1.24,1.24,1.24,High_Stable,50,28.0,1.05,TypeC|T=28.0|V=1.05,12.19,0.4800000000000004,0.8900000000000006,0.20000000000000107,0.2810416666666679,9,0.08029761904761941,False,0.18170986904632655,False,False,0.131003744046973,False,0,LOW,PASS,1,2000
C1041,L1,TypeC,30.09,1.22,10.83,11.83,12.83,60.0,1.08,1.18,1.28,6.0,Absolute_Failure,50,30.0,1.2000000000000002,TypeC|T=30.0|V=1.2,10.635,1.0650000000000004,2.9975000000000005,0.19500000000000028,0.12350000000000012,12,0.03528571428571432,False,0.05117883373286347,False,False,0.0432322740092889,False,0,LOW,PASS,1,2000
C1042,L1,TypeB,29.58,1.05,13.47,14.47,15.47,16.47,1.35,1.45,1.55,1.65,Normal,50,30.0,1.05,TypeB|T=30.0|V=1.05,11.37,1.5,2.799999999999999,2.1000000000000014,0.9443000000000006,11,0.26980000000000015,False,0.1368606892133493,False,False,0.2033303446066747,False,0,LOW,PASS,1,2000
C1043,L1,TypeB,33.41,1.22,13.06,15.06,18.06,23.06,1.31,1.51,1.81,2.31,Latent_Defect,50,33.0,1.2000000000000002,TypeB|T=33.0|V=1.2,11.825,1.3450000000000006,2.7375000000000007,1.2350000000000012,0.6193364312267661,8,0.1769532660647903,False,0.11906714755286767,False,False,0.14801020680882898,False,0,LOW,PASS,1,2000
C1044,L1,TypeC,30.7,1.15,8.44,10.44,13.44,18.44,0.84,1.04,1.34,1.84,Latent_Defect,50,31.0,1.1500000000000001,TypeC|T=31.0|V=1.15,10.88,1.6349999999999998,2.977499999999999,2.4400000000000013,-1.0065932721712545,10,0.28759807776321555,False,0.17349214158203144,False,False,0.23054510967262348,False,0,LOW,PASS,1,2000
C1045,L1,TypeB,25.03,1.07,10.65,11.65,30.65,32.65,1.06,1.16,3.06,3.26,Sudden_Anomaly,50,25.0,1.05,TypeB|T=25.0|V=1.05,11.84,0.9699999999999998,2.094999999999999,1.1899999999999995,-0.8274793814432988,4,0.23642268041237108,False,0.38536841175278064,False,False,0.31089554608257586,False,0,LOW,PASS,1,2000
C1046,L1,TypeB,29.3,1.18,8.45,8.45,8.45,8.45,0.85,0.85,0.85,0.85,High_Stable,50,29.0,1.2000000000000002,TypeB|T=29.0|V=1.2,10.33,1.4100000000000001,2.3149999999999995,1.8800000000000008,-0.8993333333333335,10,0.256952380952381,False,0.19074822921856094,False,False,0.22385030508547096,False,0,LOW,PASS,1,2000
C1047,L1,TypeA,31.7,1.25,11.01,12.01,31.01,33.01,1.1,1.2,3.1,3.3,Sudden_Anomaly,50,32.0,1.25,TypeA|T=32.0|V=1.25,11.01,1.1799999999999997,3.67,0.0,0.0,13,0.0,False,0.10642823633988578,False,False,0.05321411816994289,False,0,LOW,PASS,1,2000
C1048,L1,TypeB,28.71,1.25,11.63,13.63,16.63,21.63,1.16,1.36,1.66,2.16,Latent_Defect,50,29.0,1.25,TypeB|T=29.0|V=1.25,12.09,1.4100000000000001,2.5200000000000014,0.4599999999999991,-0.22004964539007046,11,0.06287132725430584,False,0.08658497569499551,False,False,0.07472815147465067,False,0,LOW,PASS,1,2000
C1049,L1,TypeC,26.75,1.25,9.57,11.57,14.57,19.57,0.96,1.16,1.46,1.96,Latent_Defect,50,27.0,1.25,TypeC|T=27.0|V=1.25,13.05,1.3500000000000005,2.4875000000000007,3.4800000000000004,-1.7387111111111107,12,0.49677460317460304,False,0.5599437992806918,False,False,0.5283592012276475,False,0,LOW,PASS,1,2000
C1050,L1,TypeA,28.01,1.2,11.15,12.15,13.15,14.15,1.12,1.22,1.32,1.42,Normal,50,28.0,1.2000000000000002,TypeA|T=28.0|V=1.2,12.24,1.0999999999999996,1.5700000000000003,1.0899999999999999,-0.6683681818181819,9,0.1909623376623377,False,0.07060416177726107,False,False,0.13078324971979938,False,0,LOW,PASS,1,2000
C1051,L1,TypeA,25.32,1.25,8.89,9.89,28.89,30.89,0.89,0.99,2.89,3.09,Sudden_Anomaly,50,25.0,1.25,TypeA|T=25.0|V=1.25,12.1,1.0900000000000007,3.120000000000001,3.209999999999999,-1.9863715596330256,6,0.5675347313237216,False,0.6630371845316065,True,False,0.615285957927664,True,1,MEDIUM,REVIEW,1,2000
C1052,L1,TypeB,26.5,1.1,10.43,11.43,12.43,13.43,1.04,1.14,1.24,1.34,Normal,50,26.0,1.1,TypeB|T=26.0|V=1.1,12.795,1.5949999999999998,3.094999999999999,2.365,-1.0001206896551726,14,0.2857487684729065,False,0.23300690138038763,False,False,0.25937783492664707,False,0,LOW,PASS,1,2000
C1053,L1,TypeB,34.62,1.13,12.29,13.29,14.29,15.29,1.23,1.33,1.43,1.53,Normal,50,35.0,1.1500000000000001,TypeB|T=35.0|V=1.15,12.0,1.1550000000000002,1.8774999999999995,0.28999999999999915,0.16935497835497781,6,0.04838713667285081,False,0.22742709334913552,False,False,0.13790711501099318,False,0,LOW,PASS,1,2000
C1054,L1,TypeA,31.25,1.26,13.91,14.91,15.91,16.91,1.39,1.49,1.59,1.69,Normal,50,31.0,1.25,TypeA|T=31.0|V=1.25,12.5,1.3499999999999996,2.549999999999999,1.4100000000000001,0.704477777777778,9,0.20127936507936514,False,0.13633033509846254,False,False,0.16880485008891383,False,0,LOW,PASS,1,2000
C1055,L1,TypeA,29.49,1.07,9.33,10.33,11.33,60.0,0.93,1.03,1.13,6.0,Absolute_Failure,50,29.0,1.05,TypeA|T=29.0|V=1.05,11.59,0.7400000000000002,0.9299999999999997,2.26,-2.0599594594594586,5,0.5885598455598453,False,0.36744575443138,False,False,0.4780027999956127,False,0,LOW,PASS,1,2000
C1056,L1,TypeB,34.05,1.16,14.14,16.14,19.14,24.14,1.41,1.61,1.91,2.41,Latent_Defect,50,34.0,1.1500000000000001,TypeB|T=34.0|V=1.15,12.24,1.9000000000000004,2.8599999999999994,1.9000000000000004,0.6745,13,0.1927142857142857,False,0.21978120606765844,False,False,0.20624774589097206,False,0,LOW,PASS,1,2000
C1057,L1,TypeB,30.14,1.1,13.29,15.29,18.29,23.29,1.33,1.53,1.83,2.33,Latent_Defect,50,30.0,1.1,TypeB|T=30.0|V=1.1,11.165,2.039999999999999,3.7974999999999977,2.125,0.7026041666666669,16,0.20074404761904768,False,0.04851469581348867,False,False,0.12462937171626817,False,0,LOW,PASS,1,2000
C1058,L1,TypeA,25.7,1.02,11.05,13.05,16.05,21.05,1.1,1.3,1.6,2.1,Latent_Defect,50,26.0,1.0,TypeA|T=26.0|V=1.0,11.925,1.1349999999999998,2.139999999999999,0.875,-0.5199889867841411,6,0.14856828193832602,False,0.31426130914686123,False,False,0.23141479554259364,False,0,LOW,PASS,1,2000
C1059,L1,TypeC,26.33,1.21,11.61,12.61,31.61,33.61,1.16,1.26,3.16,3.36,Sudden_Anomaly,50,26.0,1.2000000000000002,TypeC|T=26.0|V=1.2,10.945,1.1799999999999997,2.1525000000000016,0.6649999999999991,0.380120762711864,14,0.10860593220338972,False,0.102757076492412,False,False,0.10568150434790086,False,0,LOW,PASS,1,2000
C1060,L1,TypeA,29.39,1.1,13.41,14.41,15.41,60.0,1.34,1.44,1.54,6.0,Absolute_Failure,50,29.0,1.1,TypeA|T=29.0|V=1.1,12.21,1.3999999999999986,3.4250000000000007,1.1999999999999993,0.5781428571428573,11,0.1651836734693878,False,0.08384386727225056,False,False,0.12451377037081918,False,0,LOW,PASS,1,2000
C1061,L1,TypeA,29.72,1.2,11.33,12.33,31.33,33.33,1.13,1.23,3.13,3.33,Sudden_Anomaly,50,30.0,1.2000000000000002,TypeA|T=30.0|V=1.2,10.23,1.5199999999999996,2.7125000000000004,1.0999999999999996,0.488125,14,0.1394642857142857,False,0.03376433867969404,False,False,0.08661431219698987,False,0,LOW,PASS,1,2000
C1062,L1,TypeC,33.76,1.25,8.86,8.86,8.86,8.86,0.89,0.89,0.89,0.89,High_Stable,50,34.0,1.25,TypeC|T=34.0|V=1.25,11.46,0.7799999999999994,1.7000000000000028,2.6000000000000014,-2.248333333333336,11,0.6423809523809532,False,0.6120449785835204,True,False,0.6272129654822367,True,1,MEDIUM,REVIEW,1,2000
C1063,L1,TypeA,28.66,1.14,12.7,13.7,32.7,34.7,1.27,1.37,3.27,3.47,Sudden_Anomaly,50,29.0,1.1500000000000001,TypeA|T=29.0|V=1.15,12.51,1.9399999999999995,3.5500000000000007,0.1899999999999995,0.06605927835051531,15,0.01887407952871866,False,0.06145208797130578,False,False,0.04016308375001222,False,0,LOW,PASS,1,2000
C1064,L1,TypeB,30.9,1.3,13.06,15.06,18.06,23.06,1.31,1.51,1.81,2.31,Latent_Defect,50,31.0,1.3,TypeB|T=31.0|V=1.3,11.39,0.6899999999999995,0.9399999999999995,1.67,1.632485507246378,5,0.46642443064182226,False,0.5678884306485038,False,False,0.517156430645163,False,0,LOW,PASS,1,2000
C1065,L1,TypeB,34.96,1.04,14.87,15.87,16.87,17.87,1.49,1.59,1.69,1.79,Normal,50,35.0,1.05,TypeB|T=35.0|V=1.05,13.24,1.629999999999999,2.695000000000002,1.629999999999999,0.6745,7,0.1927142857142857,False,0.5696224961708976,False,False,0.38116839094259164,False,0,LOW,PASS,1,2000
C1066,L1,TypeB,26.0,1.02,9.09,9.09,9.09,9.09,0.91,0.91,0.91,0.91,High_Stable,50,26.0,1.0,TypeB|T=26.0|V=1.0,10.65,1.5600000000000005,3.1500000000000004,1.5600000000000005,-0.6745,9,0.1927142857142857,False,0.34307419554226337,False,False,0.26789424062827455,False,0,LOW,PASS,1,2000
C1067,L1,TypeB,27.99,1.25,10.55,11.55,12.55,13.55,1.06,1.16,1.26,1.36,Normal,50,28.0,1.25,TypeB|T=28.0|V=1.25,11.78,0.9900000000000002,2.33,1.2299999999999986,-0.8380151515151505,13,0.23943290043290014,False,0.17237497460294204,False,False,0.20590393751792108,False,0,LOW,PASS,1,2000
C1068,L1,TypeB,27.72,1.2,11.12,12.12,13.12,14.12,1.11,1.21,1.31,1.41,Normal,50,28.0,1.2000000000000002,TypeB|T=28.0|V=1.2,12.43,1.6600000000000001,2.9700000000000006,1.3100000000000005,-0.5322861445783135,17,0.15208175559380385,False,0.0644240781900097,False,False,0.10825291689190678,False,0,LOW,PASS,1,2000
C1069,L1,TypeB,27.15,1.24,12.91,13.91,32.91,34.91,1.29,1.39,3.29,3.49,Sudden_Anomaly,50,27.0,1.25,TypeB|T=27.0|V=1.25,11.08,1.9299999999999997,3.119999999999999,1.83,0.6395518134715027,11,0.18272908956328648,False,0.14132893279106962,False,False,0.16202901117717805,False,0,LOW,PASS,1,2000
C1070,L1,TypeC,33.27,1.12,14.1,15.1,16.1,17.1,1.41,1.51,1.61,1.71,Normal,50,33.0,1.1,TypeC|T=33.0|V=1.1,12.98,0.5099999999999998,1.5,1.1199999999999992,1.481254901960784,13,0.4232156862745097,False,0.3265840237530499,False,False,0.37489985501377976,False,0,LOW,PASS,1,2000
C1071,L1,TypeB,31.35,1.1,14.9,15.9,34.9,36.9,1.49,1.59,3.49,3.69,Sudden_Anomaly,50,31.0,1.1,TypeB|T=31.0|V=1.1,11.055,1.7149999999999999,3.197499999999998,3.8450000000000006,1.5122172011661812,10,0.43206205747605175,False,0.5705208562533579,False,False,0.5012914568647049,False,0,LOW,PASS,1,2000
C1072,L1,TypeA,26.13,1.05,14.05,15.05,16.05,17.05,1.4,1.5,1.6,1.7,Normal,50,26.0,1.05,TypeA|T=26.0|V=1.05,12.61,1.0300000000000011,2.205,1.4400000000000013,0.9429902912621356,11,0.26942579750346735,False,0.27157449426155045,False,False,0.2705001458825089,False,0,LOW,PASS,1,2000
C1073,L1,TypeC,31.54,1.11,11.57,11.57,11.57,11.57,1.16,1.16,1.16,1.16,High_Stable,50,32.0,1.1,TypeC|T=32.0|V=1.1,12.09,0.5199999999999996,0.879999999999999,0.5199999999999996,-0.6745,13,0.1927142857142857,False,0.09858265135498609,False,False,0.1456484685346359,False,0,LOW,PASS,1,2000
C1074,L1,TypeC,32.71,1.16,13.6,14.6,15.6,60.0,1.36,1.46,1.56,6.0,Absolute_Failure,50,33.0,1.1500000000000001,TypeC|T=33.0|V=1.15,11.879999999999999,0.9549999999999992,1.6524999999999999,1.7200000000000006,1.2148062827225146,12,0.3470875093492899,False,0.13980910342138073,False,False,0.24344830638533532,False,0,LOW,PASS,1,2000
C1075,L1,TypeB,25.49,1.11,11.06,11.06,11.06,11.06,1.11,1.11,1.11,1.11,High_Stable,50,25.0,1.1,TypeB|T=25.0|V=1.1,12.985,1.4700000000000006,2.365,1.924999999999999,-0.8832738095238086,6,0.25236394557823105,False,0.31489931106042307,False,False,0.2836316283193271,False,0,LOW,PASS,1,2000
C1076,L1,TypeA,34.88,1.02,12.23,12.23,12.23,12.23,1.22,1.22,1.22,1.22,High_Stable,50,35.0,1.0,TypeA|T=35.0|V=1.0,10.735,1.495,1.4949999999999992,1.495000000000001,0.6745000000000003,2,0.1927142857142858,False,0.40601067008607467,False,False,0.2993624779001802,False,0,LOW,PASS,1,2000
C1077,L1,TypeC,28.84,1.03,10.27,11.27,30.27,32.27,1.03,1.13,3.03,3.23,Sudden_Anomaly,50,29.0,1.05,TypeC|T=29.0|V=1.05,10.205,0.9550000000000001,1.2725000000000009,0.0649999999999995,0.045908376963350435,8,0.01311667913238584,False,0.2724422552966846,False,False,0.14277946721453522,False,0,LOW,PASS,1,2000
C1078,L1,TypeA,33.98,1.0,12.34,12.34,12.34,12.34,1.23,1.23,1.23,1.23,High_Stable,50,34.0,1.0,TypeA|T=34.0|V=1.0,12.485,0.8300000000000001,1.3175000000000008,0.14499999999999957,-0.11783433734939723,6,0.033666953528399206,False,0.49372617061443586,False,False,0.2636965620714175,False,0,LOW,PASS,1,2000
C1079,L1,TypeA,32.17,1.05,8.1,9.1,10.1,60.0,0.81,0.91,1.01,6.0,Absolute_Failure,50,32.0,1.05,TypeA|T=32.0|V=1.05,10.56,0.8499999999999996,1.42,2.460000000000001,-1.952082352941178,13,0.5577378151260508,False,0.5968666855178875,True,False,0.5773022503219691,False,1,LOW,PASS,1,2000
C1080,L1,TypeA,31.61,1.05,9.01,9.01,9.01,9.01,0.9,0.9,0.9,0.9,High_Stable,50,32.0,1.05,TypeA|T=32.0|V=1.05,10.56,0.8499999999999996,1.42,1.5500000000000007,-1.2299705882352951,13,0.3514201680672272,False,0.25644464432849473,False,False,0.303932406197861,False,0,LOW,PASS,1,2000
C1081,L1,TypeA,31.42,1.11,9.19,10.19,11.19,12.19,0.92,1.02,1.12,1.22,Normal,50,31.0,1.1,TypeA|T=31.0|V=1.1,13.24,1.4299999999999997,4.84,4.050000000000001,-1.9102972027972034,17,0.545799200799201,False,0.5616603952324128,False,False,0.5537297980158069,False,0,LOW,PASS,1,2000
C1082,L1,TypeA,33.11,1.07,9.59,10.59,11.59,12.59,0.96,1.06,1.16,1.26,Normal,50,33.0,1.05,TypeA|T=33.0|V=1.05,11.55,2.41,4.789999999999999,1.9600000000000009,-0.5485560165975106,9,0.1567302904564316,False,0.18369971502056254,False,False,0.17021500273849707,False,0,LOW,PASS,1,2000
C1083,L1,TypeB,31.67,1.11,13.36,14.36,15.36,16.36,1.34,1.44,1.54,1.64,Normal,50,32.0,1.1,TypeB|T=32.0|V=1.1,11.14,1.9499999999999993,2.875,2.219999999999999,0.7678923076923075,15,0.21939780219780217,False,0.06821887974898555,False,False,0.14380834097339384,False,0,LOW,PASS,1,2000
C1084,L1,TypeB,27.92,1.2,10.33,10.33,10.33,10.33,1.03,1.03,1.03,1.03,High_Stable,50,28.0,1.2000000000000002,TypeB|T=28.0|V=1.2,12.43,1.6600000000000001,2.9700000000000006,2.0999999999999996,-0.8532831325301202,17,0.2437951807228915,False,0.08792377001614399,False,False,0.16585947536951773,False,0,LOW,PASS,1,2000
C1085,L1,TypeB,29.76,1.0,11.42,13.42,16.42,21.42,1.14,1.34,1.64,2.14,Latent_Defect,50,30.0,1.0,TypeB|T=30.0|V=1.0,11.31,0.10999999999999943,1.5549999999999997,0.10999999999999943,0.6744999999999999,3,0.19271428571428567,False,0.46689797598343336,False,False,0.3298061308488595,False,0,LOW,PASS,1,2000
C1086,L1,TypeC,30.45,1.19,9.62,9.62,9.62,9.62,0.96,0.96,0.96,0.96,High_Stable,50,30.0,1.2000000000000002,TypeC|T=30.0|V=1.2,10.635,1.0650000000000004,2.9975000000000005,1.0150000000000006,-0.6428333333333334,12,0.18366666666666667,False,0.09079665958430216,False,False,0.1372316631254844,False,0,LOW,PASS,1,2000
C1087,L1,TypeA,26.22,1.27,14.16,15.16,16.16,60.0,1.42,1.52,1.62,6.0,Absolute_Failure,50,26.0,1.25,TypeA|T=26.0|V=1.25,12.76,1.1600000000000001,3.0700000000000003,1.4000000000000004,0.8140517241379311,15,0.23258620689655177,False,0.3791237130802647,False,False,0.3058549599884082,False,0,LOW,PASS,1,2000
C1088,L1,TypeB,30.16,1.24,14.52,15.52,16.52,60.0,1.45,1.55,1.65,6.0,Absolute_Failure,50,30.0,1.25,TypeB|T=30.0|V=1.25,10.535,0.6950000000000003,1.3175000000000008,3.9849999999999994,3.8674568345323723,10,1.0,True,0.8802696400462967,True,False,0.9401348200231483,True,2,CRITICAL,REVIEW,1,2000
C1089,L1,TypeC,26.41,1.08,10.67,11.67,12.67,60.0,1.07,1.17,1.27,6.0,Absolute_Failure,50,26.0,1.1,TypeC|T=26.0|V=1.1,10.88,1.4499999999999993,2.9299999999999997,0.21000000000000085,-0.09768620689655216,15,0.027910344827586333,False,0.16542638878190472,False,False,0.09666836680474553,False,0,LOW,PASS,1,2000
C1090,L1,TypeB,25.24,1.03,12.59,14.59,17.59,22.59,1.26,1.46,1.76,2.26,Latent_Defect,50,25.0,1.05,TypeB|T=25.0|V=1.05,11.84,0.9699999999999998,2.094999999999999,0.75,0.5215206185567012,4,0.14900589101620035,False,0.3760014653927681,False,False,0.2625036782044842,False,0,LOW,PASS,1,2000
C1091,L1,TypeA,33.6,1.2,12.9,14.9,17.9,22.9,1.29,1.49,1.79,2.29,Latent_Defect,50,34.0,1.2000000000000002,TypeA|T=34.0|V=1.2,12.43,1.0600000000000005,1.8825000000000003,0.47000000000000064,0.2990707547169814,10,0.08544878706199469,False,0.1514891580576937,False,False,0.11846897255984419,False,0,LOW,PASS,1,2000
C1092,L1,TypeA,30.73,1.09,14.37,16.37,19.37,24.37,1.44,1.64,1.94,2.44,Latent_Defect,50,31.0,1.1,TypeA|T=31.0|V=1.1,13.24,1.4299999999999997,4.84,1.129999999999999,0.5329965034965032,17,0.15228471528471518,False,0.17263998644923523,False,False,0.1624623508669752,False,0,LOW,PASS,1,2000
C1093,L1,TypeB,25.11,1.08,13.23,13.23,13.23,13.23,1.32,1.32,1.32,1.32,High_Stable,50,25.0,1.1,TypeB|T=25.0|V=1.1,12.985,1.4700000000000006,2.365,0.245000000000001,0.11241666666666707,6,0.032119047619047734,False,0.441944373744097,False,False,0.23703171068157236,False,0,LOW,PASS,1,2000
C1094,L1,TypeB,31.42,1.24,9.42,10.42,11.42,60.0,0.94,1.04,1.14,6.0,Absolute_Failure,50,31.0,1.25,TypeB|T=31.0|V=1.25,11.530000000000001,1.9850000000000012,3.7025000000000006,2.110000000000001,-0.7169748110831234,10,0.20484994602374956,False,0.10410892654680229,False,False,0.15447943628527594,False,0,LOW,PASS,1,2000
C1095,L1,TypeA,26.54,1.17,13.29,15.29,18.29,23.29,1.33,1.53,1.83,2.33,Latent_Defect,50,27.0,1.1500000000000001,TypeA|T=27.0|V=1.15,12.55,0.8699999999999992,2.2300000000000004,0.7399999999999984,0.5737126436781602,11,0.16391789819376007,False,0.14874081090568822,False,False,0.15632935454972413,False,0,LOW,PASS,1,2000
C1096,L1,TypeA,34.14,1.29,10.02,10.02,10.02,10.02,1.0,1.0,1.0,1.0,High_Stable,50,34.0,1.3,TypeA|T=34.0|V=1.3,12.54,0.8200000000000003,1.67,2.5199999999999996,-2.072853658536584,3,0.592243902439024,False,0.7327556243568667,True,False,0.6624997633979454,True,1,MEDIUM,REVIEW,1,2000
C1097,L1,TypeA,25.07,1.15,9.56,9.56,9.56,9.56,0.96,0.96,0.96,0.96,High_Stable,50,25.0,1.1500000000000001,TypeA|T=25.0|V=1.15,11.7,2.4400000000000013,4.615,2.139999999999999,-0.5915696721311469,7,0.1690199063231848,False,0.2822785990465046,False,False,0.2256492526848447,False,0,LOW,PASS,1,2000
C1098,L1,TypeC,25.49,1.0,9.64,10.64,29.64,31.64,0.96,1.06,2.96,3.16,Sudden_Anomaly,50,25.0,1.0,TypeC|T=25.0|V=1.0,12.55,1.75,2.33,2.91,-1.121597142857143,3,0.3204563265306123,False,0.7055180260440254,True,False,0.5129871762873188,False,1,LOW,PASS,1,2000
C1099,L1,TypeA,25.34,1.19,13.54,15.54,18.54,23.54,1.35,1.55,1.85,2.35,Latent_Defect,50,25.0,1.2000000000000002,TypeA|T=25.0|V=1.2,10.25,0.47000000000000064,1.879999999999999,3.289999999999999,4.721499999999993,3,1.0,True,0.9034013417979939,True,False,0.951700670898997,True,2,CRITICAL,REVIEW,1,2000
C1100,L1,TypeB,34.33,1.16,9.89,9.89,9.89,9.89,0.99,0.99,0.99,0.99,High_Stable,50,34.0,1.1500000000000001,TypeB|T=34.0|V=1.15,12.24,1.9000000000000004,2.8599999999999994,2.3499999999999996,-0.8342499999999997,13,0.23835714285714277,False,0.26410281491486665,False,False,0.25122997888600473,False,0,LOW,PASS,1,2000
C1101,L1,TypeA,33.28,1.09,11.9,11.9,11.9,11.9,1.19,1.19,1.19,1.19,High_Stable,50,33.0,1.1,TypeA|T=33.0|V=1.1,12.51,0.9799999999999995,2.2375000000000007,0.6099999999999994,-0.41984183673469366,20,0.11995481049562676,False,0.16866095340587173,False,False,0.14430788195074923,False,0,LOW,PASS,1,2000
C1102,L1,TypeB,30.53,1.21,10.02,12.02,15.02,20.02,1.0,1.2,1.5,2.0,Latent_Defect,50,31.0,1.2000000000000002,TypeB|T=31.0|V=1.2,12.745000000000001,1.1800000000000006,1.652499999999998,2.7250000000000014,-1.5576377118644067,8,0.44503934624697333,False,0.31480510298974207,False,False,0.3799222246183577,False,0,LOW,PASS,1,2000
C1103,L1,TypeB,26.22,1.2,9.67,10.67,11.67,12.67,0.97,1.07,1.17,1.27,Normal,50,26.0,1.2000000000000002,TypeB|T=26.0|V=1.2,12.85,1.9000000000000004,4.229999999999999,3.1799999999999997,-1.1288999999999998,17,0.3225428571428571,False,0.327142545010242,False,False,0.32484270107654956,False,0,LOW,PASS,1,2000
C1104,L1,TypeA,29.86,1.17,14.89,15.89,16.89,60.0,1.49,1.59,1.69,6.0,Absolute_Failure,50,30.0,1.1500000000000001,TypeA|T=30.0|V=1.15,10.78,2.3499999999999996,3.9499999999999993,4.110000000000001,1.1796574468085113,7,0.3370449848024318,False,0.5825941727579236,True,False,0.45981957878017765,False,1,LOW,PASS,1,2000
C1105,L1,TypeA,27.84,1.19,14.14,15.14,34.14,36.14,1.41,1.51,3.41,3.61,Sudden_Anomaly,50,28.0,1.2000000000000002,TypeA|T=28.0|V=1.2,12.24,1.0999999999999996,1.5700000000000003,1.9000000000000004,1.1650454545454552,9,0.33287012987013004,False,0.15298247660572178,False,False,0.2429263032379259,False,0,LOW,PASS,1,2000
C1106,L1,TypeC,32.18,1.05,8.74,10.74,13.74,18.74,0.87,1.07,1.37,1.87,Latent_Defect,50,32.0,1.05,TypeC|T=32.0|V=1.05,10.51,0.75,1.2400000000000002,1.7699999999999996,-1.5918199999999996,9,0.45480571428571415,False,0.37596896707943495,False,False,0.41538734068257455,False,0,LOW,PASS,1,2000
C1107,L1,TypeA,34.72,1.23,9.57,11.57,14.57,19.57,0.96,1.16,1.46,1.96,Latent_Defect,50,35.0,1.25,TypeA|T=35.0|V=1.25,11.36,1.6900000000000013,1.9800000000000004,1.7899999999999991,-0.7144112426035495,5,0.20411749788672842,False,0.3579164267202011,False,False,0.28101696230346473,False,0,LOW,PASS,1,2000
C1108,L1,TypeA,34.54,1.23,11.36,12.36,13.36,60.0,1.14,1.24,1.34,6.0,Absolute_Failure,50,35.0,1.25,TypeA|T=35.0|V=1.25,11.36,1.6900000000000013,1.9800000000000004,0.0,0.0,5,0.0,False,0.2861672368483785,False,False,0.14308361842418926,False,0,LOW,PASS,1,2000
C1109,L1,TypeB,29.71,1.16,12.68,14.68,17.68,22.68,1.27,1.47,1.77,2.27,Latent_Defect,50,30.0,1.1500000000000001,TypeB|T=30.0|V=1.15,10.945,1.7299999999999995,3.4999999999999982,1.7349999999999994,0.6764494219653178,12,0.19327126341866221,False,0.0050808561080018634,False,False,0.09917605976333203,False,0,LOW,PASS,1,2000
C1110,L1,TypeC,31.29,1.06,8.76,8.76,8.76,8.76,0.88,0.88,0.88,0.88,High_Stable,50,31.0,1.05,TypeC|T=31.0|V=1.05,11.184999999999999,2.46,4.84,2.424999999999999,-0.6649034552845526,16,0.18997241579558646,False,0.1771597234269024,False,False,0.18356606961124444,False,0,LOW,PASS,1,2000
C1111,L1,TypeC,27.13,1.1,12.64,13.64,14.64,60.0,1.26,1.36,1.46,6.0,Absolute_Failure,50,27.0,1.1,TypeC|T=27.0|V=1.1,12.08,1.6999999999999993,4.15,0.5600000000000005,0.22218823529411794,9,0.06348235294117656,False,0.060980181400684515,False,False,0.06223126717093054,False,0,LOW,PASS,1,2000
C1112,L1,TypeB,30.83,1.0,14.41,15.41,16.41,17.41,1.44,1.54,1.64,1.74,Normal,50,31.0,1.0,TypeB|T=31.0|V=1.0,12.99,0.4800000000000004,0.8200000000000003,1.42,1.9953958333333315,5,0.5701130952380947,False,0.6522817592292289,True,False,0.6111974272336618,True,1,MEDIUM,REVIEW,1,2000
C1113,L1,TypeC,32.75,1.11,13.33,14.33,33.33,35.33,1.33,1.43,3.33,3.53,Sudden_Anomaly,50,33.0,1.1,TypeC|T=33.0|V=1.1,12.98,0.5099999999999998,1.5,0.34999999999999964,0.4628921568627448,13,0.13225490196078424,False,0.1802242026930501,False,False,0.15623955232691716,False,0,LOW,PASS,1,2000
C1114,L1,TypeA,25.57,1.22,9.31,9.31,9.31,9.31,0.93,0.93,0.93,0.93,High_Stable,50,26.0,1.2000000000000002,TypeA|T=26.0|V=1.2,10.51,1.4100000000000001,2.49,1.1999999999999993,-0.5740425531914889,7,0.16401215805471112,False,0.28996188539338097,False,False,0.22698702172404606,False,0,LOW,PASS,1,2000
C1115,L1,TypeC,34.9,1.22,10.37,11.37,30.37,32.37,1.04,1.14,3.04,3.24,Sudden_Anomaly,50,35.0,1.2000000000000002,TypeC|T=35.0|V=1.2,12.385,2.0150000000000006,2.0150000000000006,2.0150000000000006,-0.6745,2,0.1927142857142857,False,0.3376400191465494,False,False,0.26517715243041756,False,0,LOW,PASS,1,2000
C1116,L1,TypeA,26.58,1.13,12.13,12.13,12.13,12.13,1.21,1.21,1.21,1.21,High_Stable,50,27.0,1.1500000000000001,TypeA|T=27.0|V=1.15,12.55,0.8699999999999992,2.2300000000000004,0.41999999999999993,-0.3256206896551726,11,0.09303448275862074,False,0.09969129473319065,False,False,0.09636288874590569,False,0,LOW,PASS,1,2000
C1117,L1,TypeC,31.48,1.28,9.5,10.5,11.5,60.0,0.95,1.05,1.15,6.0,Absolute_Failure,50,31.0,1.3,TypeC|T=31.0|V=1.3,12.94,0.5300000000000011,1.0399999999999991,3.4399999999999995,-4.37788679245282,5,1.0,True,0.9667770337972218,True,False,0.983388516898611,True,2,CRITICAL,REVIEW,1,2000
C1118,L1,TypeA,34.48,1.03,9.32,10.32,11.32,60.0,0.93,1.03,1.13,6.0,Absolute_Failure,50,34.0,1.05,TypeA|T=34.0|V=1.05,11.120000000000001,1.8400000000000007,3.5249999999999986,1.8000000000000007,-0.6598369565217391,12,0.18852484472049688,False,0.3442577668404362,False,False,0.26639130578046655,False,0,LOW,PASS,1,2000
C1119,L1,TypeA,26.53,1.13,12.55,14.55,17.55,22.55,1.26,1.46,1.76,2.26,Latent_Defect,50,27.0,1.1500000000000001,TypeA|T=27.0|V=1.15,12.55,0.8699999999999992,2.2300000000000004,0.0,0.0,11,0.0,False,0.16740135473429324,False,False,0.08370067736714662,False,0,LOW,PASS,1,2000
C1120,L1,TypeB,33.67,1.0,14.44,14.44,14.44,14.44,1.44,1.44,1.44,1.44,High_Stable,50,34.0,1.0,TypeB|T=34.0|V=1.0,11.7,1.7850000000000001,2.7424999999999997,2.74,1.0353669467787114,6,0.2958191276510604,False,0.5916000773017888,True,False,0.44370960247642455,False,1,LOW,PASS,1,2000
C1121,L1,TypeA,25.07,1.27,8.68,9.68,28.68,30.68,0.87,0.97,2.87,3.07,Sudden_Anomaly,50,25.0,1.25,TypeA|T=25.0|V=1.25,12.1,1.0900000000000007,3.120000000000001,3.42,-2.1163211009174296,6,0.6046631716906942,False,0.8355052002373572,True,False,0.7200841859640257,True,1,MEDIUM,REVIEW,1,2000
C1122,L1,TypeC,34.28,1.09,13.06,14.06,33.06,35.06,1.31,1.41,3.31,3.51,Sudden_Anomaly,50,34.0,1.1,TypeC|T=34.0|V=1.1,13.06,0.9100000000000001,1.4100000000000001,0.0,0.0,5,0.0,False,0.3492217510446713,False,False,0.17461087552233565,False,0,LOW,PASS,1,2000
C1123,L1,TypeC,25.92,1.17,9.05,10.05,29.05,31.05,0.91,1.01,2.91,3.11,Sudden_Anomaly,50,26.0,1.1500000000000001,TypeC|T=26.0|V=1.15,12.2,1.8000000000000007,2.4700000000000006,3.1499999999999986,-1.180374999999999,5,0.3372499999999997,False,0.35991730701982105,False,False,0.3485836535099104,False,0,LOW,PASS,1,2000
C1124,L1,TypeB,30.04,1.29,9.76,10.76,29.76,31.76,0.98,1.08,2.98,3.18,Sudden_Anomaly,50,30.0,1.3,TypeB|T=30.0|V=1.3,10.865,1.0899999999999999,1.6524999999999999,1.1050000000000004,-0.6837821100917434,6,0.19536631716906955,False,0.2796398845764689,False,False,0.2375031008727692,False,0,LOW,PASS,1,2000
C1125,L1,TypeB,31.84,1.08,11.11,12.11,31.11,33.11,1.11,1.21,3.11,3.31,Sudden_Anomaly,50,32.0,1.1,TypeB|T=32.0|V=1.1,11.14,1.9499999999999993,2.875,0.030000000000001137,-0.010376923076923474,15,0.0029648351648352785,False,0.11952774675944149,False,False,0.061246290962138385,False,0,LOW,PASS,1,2000
C1126,L1,TypeC,32.71,1.03,14.16,15.16,16.16,60.0,1.42,1.52,1.62,6.0,Absolute_Failure,50,33.0,1.05,TypeC|T=33.0|V=1.05,12.66,1.7599999999999998,3.5199999999999996,1.5,0.5748579545454545,15,0.16424512987012987,False,0.25702676187423495,False,False,0.21063594587218243,False,0,LOW,PASS,1,2000
C1127,L1,TypeA,26.44,1.2,12.1,13.1,14.1,15.1,1.21,1.31,1.41,1.51,Normal,50,26.0,1.2000000000000002,TypeA|T=26.0|V=1.2,10.51,1.4100000000000001,2.49,1.5899999999999999,0.7606063829787233,7,0.21731610942249238,False,0.13823483222868285,False,False,0.17777547082558762,False,0,LOW,PASS,1,2000
C1128,L1,TypeB,30.09,1.12,12.12,14.12,17.12,22.12,1.21,1.41,1.71,2.21,Latent_Defect,50,30.0,1.1,TypeB|T=30.0|V=1.1,11.165,2.039999999999999,3.7974999999999977,0.9550000000000001,0.31575857843137267,16,0.0902167366946779,False,0.0,False,False,0.04510836834733895,False,0,LOW,PASS,1,2000
C1129,L1,TypeB,34.59,1.27,10.33,12.33,15.33,20.33,1.03,1.23,1.53,2.03,Latent_Defect,50,35.0,1.25,TypeB|T=35.0|V=1.25,11.780000000000001,1.58,3.2349999999999994,1.450000000000001,-0.6190031645569625,4,0.176858047016275,False,0.35694812030164685,False,False,0.2669030836589609,False,0,LOW,PASS,1,2000
C1130,L1,TypeA,30.94,1.23,13.26,13.26,13.26,13.26,1.33,1.33,1.33,1.33,High_Stable,50,31.0,1.25,TypeA|T=31.0|V=1.25,12.5,1.3499999999999996,2.549999999999999,0.7599999999999998,0.3797185185185185,9,0.10849100529100529,False,0.07190799582552158,False,False,0.09019950055826344,False,0,LOW,PASS,1,2000
C1131,L1,TypeA,31.5,1.24,8.65,9.65,28.65,30.65,0.86,0.96,2.86,3.06,Sudden_Anomaly,50,32.0,1.25,TypeA|T=32.0|V=1.25,11.01,1.1799999999999997,3.67,2.3599999999999994,-1.349,13,0.3854285714285714,False,0.29837303697581613,False,False,0.34190080420219376,False,0,LOW,PASS,1,2000
C1132,L1,TypeA,27.54,1.02,12.54,13.54,32.54,34.54,1.25,1.35,3.25,3.45,Sudden_Anomaly,50,28.0,1.0,TypeA|T=28.0|V=1.0,11.8,0.75,1.7949999999999982,0.7399999999999984,0.6655066666666652,11,0.1901447619047615,False,0.2108940234111639,False,False,0.2005193926579627,False,0,LOW,PASS,1,2000
C1133,L1,TypeA,34.7,1.07,14.26,15.26,16.26,60.0,1.43,1.53,1.63,6.0,Absolute_Failure,50,35.0,1.05,TypeA|T=35.0|V=1.05,13.92,0.33999999999999986,0.8149999999999995,0.33999999999999986,0.6745,3,0.1927142857142857,False,0.4999633432028181,False,False,0.3463388144585519,False,0,LOW,PASS,1,2000
C1134,L1,TypeA,31.06,1.08,8.23,9.23,28.23,30.23,0.82,0.92,2.82,3.02,Sudden_Anomaly,50,31.0,1.1,TypeA|T=31.0|V=1.1,13.24,1.4299999999999997,4.84,5.01,-2.363108391608392,17,0.6751738261738263,False,0.9224188437173535,True,False,0.7987963349455899,True,1,MEDIUM,REVIEW,1,2000
C1135,L1,TypeB,33.09,1.22,8.29,10.29,13.29,18.29,0.83,1.03,1.33,1.83,Latent_Defect,50,33.0,1.2000000000000002,TypeB|T=33.0|V=1.2,11.825,1.3450000000000006,2.7375000000000007,3.535,-1.7727565055762073,8,0.5065018587360592,False,0.565418221851158,False,False,0.5359600402936087,False,0,LOW,PASS,1,2000
C1136,L1,TypeA,28.49,1.29,10.08,10.08,10.08,10.08,1.01,1.01,1.01,1.01,High_Stable,50,28.0,1.3,TypeA|T=28.0|V=1.3,10.219999999999999,1.0899999999999999,1.2924999999999986,0.1399999999999988,-0.08663302752293504,4,0.024752293577981442,False,0.31767768621276365,False,False,0.17121498989537254,False,0,LOW,PASS,1,2000
C1137,L1,TypeC,26.46,1.09,11.89,12.89,13.89,14.89,1.19,1.29,1.39,1.49,Normal,50,26.0,1.1,TypeC|T=26.0|V=1.1,10.88,1.4499999999999993,2.9299999999999997,1.0099999999999998,0.4698241379310346,15,0.1342354679802956,False,0.0750231446731984,False,False,0.104629306326747,False,0,LOW,PASS,1,2000
C1138,L1,TypeB,26.55,1.21,12.48,12.48,12.48,12.48,1.25,1.25,1.25,1.25,High_Stable,50,27.0,1.2000000000000002,TypeB|T=27.0|V=1.2,12.775,1.4649999999999999,3.5824999999999996,0.29499999999999993,-0.13582081911262797,12,0.038805948317893704,False,0.13739757778730702,False,False,0.08810176305260037,False,0,LOW,PASS,1,2000
C1139,L1,TypeA,28.2,1.1,14.71,16.71,19.71,24.71,1.47,1.67,1.97,2.47,Latent_Defect,50,28.0,1.1,TypeA|T=28.0|V=1.1,11.68,1.629999999999999,3.785,3.030000000000001,1.2538251533742344,11,0.3582357581069241,False,0.3464608538696035,False,False,0.35234830598826383,False,0,LOW,PASS,1,2000
C1140,L1,TypeB,30.66,1.28,12.08,13.08,32.08,34.08,1.21,1.31,3.21,3.41,Sudden_Anomaly,50,31.0,1.3,TypeB|T=31.0|V=1.3,11.39,0.6899999999999995,0.9399999999999995,0.6899999999999995,0.6745,5,0.1927142857142857,False,0.20357145438338015,False,False,0.1981428700488329,False,0,LOW,PASS,1,2000
C1141,L1,TypeC,28.02,1.28,14.15,16.15,19.15,24.15,1.42,1.62,1.92,2.42,Latent_Defect,50,28.0,1.3,TypeC|T=28.0|V=1.3,12.07,2.08,4.0,2.08,0.6745,5,0.1927142857142857,False,0.3051356843696662,False,False,0.24892498504197597,False,0,LOW,PASS,1,2000
C1142,L1,TypeB,28.05,1.26,11.93,12.93,13.93,60.0,1.19,1.29,1.39,6.0,Absolute_Failure,50,28.0,1.25,TypeB|T=28.0|V=1.25,11.78,0.9900000000000002,2.33,0.15000000000000036,0.10219696969696991,13,0.02919913419913426,False,0.1603513671599842,False,False,0.09477525067955922,False,0,LOW,PASS,1,2000
C1143,L1,TypeB,25.16,1.13,9.8,10.8,11.8,60.0,0.98,1.08,1.18,6.0,Absolute_Failure,50,25.0,1.1500000000000001,TypeB|T=25.0|V=1.15,10.165,0.3649999999999993,0.3650000000000002,0.36499999999999844,-0.6744999999999984,2,0.19271428571428526,False,0.32570286854665326,False,False,0.25920857713046924,False,0,LOW,PASS,1,2000
C1144,L1,TypeC,30.34,1.14,8.23,10.23,13.23,18.23,0.82,1.02,1.32,1.82,Latent_Defect,50,30.0,1.1500000000000001,TypeC|T=30.0|V=1.15,12.41,1.4000000000000004,2.780000000000001,4.18,-2.013864285714285,15,0.5753897959183671,False,0.6798612914356674,True,False,0.6276255436770173,True,1,MEDIUM,REVIEW,1,2000
C1145,L1,TypeA,34.17,1.17,14.77,15.77,16.77,60.0,1.48,1.58,1.68,6.0,Absolute_Failure,50,34.0,1.1500000000000001,TypeA|T=34.0|V=1.15,11.69,0.9600000000000009,1.8249999999999993,3.08,2.164020833333331,10,0.618291666666666,False,0.6699724302206022,True,False,0.6441320484436341,True,1,MEDIUM,REVIEW,1,2000
C1146,L1,TypeB,31.66,1.24,12.12,13.12,14.12,15.12,1.21,1.31,1.41,1.51,Normal,50,32.0,1.25,TypeB|T=32.0|V=1.25,11.31,1.7350000000000003,3.01,0.8099999999999987,0.3148962536023049,10,0.08997035817208711,False,0.008831195814454632,False,False,0.04940077699327087,False,0,LOW,PASS,1,2000
C1147,L1,TypeA,28.92,1.2,10.07,11.07,12.07,13.07,1.01,1.11,1.21,1.31,Normal,50,29.0,1.2000000000000002,TypeA|T=29.0|V=1.2,10.82,2.33,3.9200000000000017,0.75,-0.21711373390557936,15,0.062032495401594105,False,0.03872831427768013,False,False,0.05038040483963711,False,0,LOW,PASS,1,2000
C1148,L1,TypeA,26.6,1.02,10.71,11.71,12.71,13.71,1.07,1.17,1.27,1.37,Normal,50,27.0,1.0,TypeA|T=27.0|V=1.0,11.87,1.1599999999999984,2.719999999999999,1.1599999999999984,-0.6745,5,0.1927142857142857,False,0.2178751192181266,False,False,0.20529470246620615,False,0,LOW,PASS,1,2000
C1149,L1,TypeC,34.92,1.27,11.61,11.61,11.61,11.61,1.16,1.16,1.16,1.16,High_Stable,50,35.0,1.25,TypeC|T=35.0|V=1.25,11.105,1.085,1.9725000000000001,0.504999999999999,0.3139377880184326,14,0.0896965108624093,False,0.36596180200959316,False,False,0.22782915643600124,False,0,LOW,PASS,1,2000
C1150,L1,TypeB,31.3,1.0,12.65,13.65,32.65,34.65,1.26,1.36,3.26,3.46,Sudden_Anomaly,50,31.0,1.0,TypeB|T=31.0|V=1.0,12.99,0.4800000000000004,0.8200000000000003,0.33999999999999986,-0.4777708333333327,5,0.1365059523809522,False,0.4477291003717224,False,False,0.2921175263763373,False,0,LOW,PASS,1,2000
C1151,L1,TypeC,29.42,1.16,8.16,9.16,10.16,60.0,0.82,0.92,1.02,6.0,Absolute_Failure,50,29.0,1.1500000000000001,TypeC|T=29.0|V=1.15,12.29,2.540000000000001,4.075000000000001,4.129999999999999,-1.0967263779527552,7,0.3133503937007872,False,0.574865346356192,False,False,0.4441078700284896,False,0,LOW,PASS,1,2000
C1152,L1,TypeA,26.61,1.13,11.73,12.73,13.73,60.0,1.17,1.27,1.37,6.0,Absolute_Failure,50,27.0,1.1500000000000001,TypeA|T=27.0|V=1.15,12.55,0.8699999999999992,2.2300000000000004,0.8200000000000003,-0.6357356321839088,11,0.18163875205254537,False,0.1043411930510792,False,False,0.14298997255181228,False,0,LOW,PASS,1,2000
C1153,L1,TypeC,34.78,1.27,10.91,10.91,10.91,10.91,1.09,1.09,1.09,1.09,High_Stable,50,35.0,1.25,TypeC|T=35.0|V=1.25,11.105,1.085,1.9725000000000001,0.19500000000000028,-0.12122350230414763,14,0.03463528637261361,False,0.3905158355522498,False,False,0.2125755609624317,False,0,LOW,PASS,1,2000
C1154,L1,TypeA,28.83,1.2,8.87,8.87,8.87,8.87,0.89,0.89,0.89,0.89,High_Stable,50,29.0,1.2000000000000002,TypeA|T=29.0|V=1.2,10.82,2.33,3.9200000000000017,1.950000000000001,-0.5644957081545067,15,0.16128448804414477,False,0.14448436862891284,False,False,0.15288442833652882,False,0,LOW,PASS,1,2000
C1155,L1,TypeC,32.94,1.21,11.42,12.42,31.42,33.42,1.14,1.24,3.14,3.34,Sudden_Anomaly,50,33.0,1.2000000000000002,TypeC|T=33.0|V=1.2,11.42,1.709999999999999,3.8500000000000014,0.0,0.0,9,0.0,False,0.14427236386112885,False,False,0.07213618193056442,False,0,LOW,PASS,1,2000
C1156,L1,TypeC,34.6,1.13,13.29,13.29,13.29,13.29,1.33,1.33,1.33,1.33,High_Stable,50,35.0,1.1500000000000001,TypeC|T=35.0|V=1.15,11.875,1.1550000000000002,1.9474999999999998,1.4149999999999991,0.8263354978354971,10,0.23609585652442774,False,0.2727141531123306,False,False,0.2544050048183792,False,0,LOW,PASS,1,2000
C1157,L1,TypeC,31.21,1.04,14.52,15.52,16.52,17.52,1.45,1.55,1.65,1.75,Normal,50,31.0,1.05,TypeC|T=31.0|V=1.05,11.184999999999999,2.46,4.84,3.335000000000001,0.9144136178861791,16,0.26126103368176545,False,0.3939693705282237,False,False,0.32761520210499456,False,0,LOW,PASS,1,2000
C1158,L1,TypeA,28.58,1.01,11.87,11.87,11.87,11.87,1.19,1.19,1.19,1.19,High_Stable,50,29.0,1.0,TypeA|T=29.0|V=1.0,12.665,0.830000000000001,1.9975000000000005,0.7949999999999999,-0.6460572289156619,4,0.1845877796901891,False,0.28750317616761817,False,False,0.23604547792890362,False,0,LOW,PASS,1,2000
C1159,L1,TypeA,33.24,1.03,8.89,9.89,10.89,11.89,0.89,0.99,1.09,1.19,Normal,50,33.0,1.05,TypeA|T=33.0|V=1.05,11.55,2.41,4.789999999999999,2.66,-0.7444688796680498,9,0.21270539419087137,False,0.3356786180645289,False,False,0.2741920061277001,False,0,LOW,PASS,1,2000
C1160,L1,TypeC,29.81,1.04,10.49,12.49,15.49,20.49,1.05,1.25,1.55,2.05,Latent_Defect,50,30.0,1.05,TypeC|T=30.0|V=1.05,11.99,1.3200000000000003,2.9849999999999994,1.5,-0.7664772727272725,11,0.21899350649350643,False,0.12376802706362011,False,False,0.1713807667785633,False,0,LOW,PASS,1,2000
C1161,L1,TypeA,32.33,1.21,12.77,14.77,17.77,22.77,1.28,1.48,1.78,2.28,Latent_Defect,50,32.0,1.2000000000000002,TypeA|T=32.0|V=1.2,10.1,1.3899999999999988,2.1900000000000013,2.67,1.2956223021582745,13,0.37017780061664984,False,0.23073135747234513,False,False,0.30045457904449746,False,0,LOW,PASS,1,2000
C1162,L1,TypeC,28.03,1.19,11.49,12.49,31.49,33.49,1.15,1.25,3.15,3.35,Sudden_Anomaly,50,28.0,1.2000000000000002,TypeC|T=28.0|V=1.2,10.935,1.6499999999999995,2.9349999999999987,0.5549999999999997,0.22687727272727268,10,0.0648220779220779,False,0.012221067626790535,False,False,0.03852157277443422,False,0,LOW,PASS,1,2000
C1163,L1,TypeC,29.26,1.07,8.21,10.21,13.21,18.21,0.82,1.02,1.32,1.82,Latent_Defect,50,29.0,1.05,TypeC|T=29.0|V=1.05,10.205,0.9550000000000001,1.2725000000000009,1.9949999999999992,-1.409034031413612,8,0.40258115183246057,False,0.39051958173340945,False,False,0.396550366782935,False,0,LOW,PASS,1,2000
C1164,L1,TypeB,26.91,1.2,14.83,14.83,14.83,14.83,1.48,1.48,1.48,1.48,High_Stable,50,27.0,1.2000000000000002,TypeB|T=27.0|V=1.2,12.775,1.4649999999999999,3.5824999999999996,2.0549999999999997,0.9461416382252559,12,0.2703261823500731,False,0.31544620948756424,False,False,0.2928861959188187,False,0,LOW,PASS,1,2000
C1165,L1,TypeB,25.73,1.13,9.86,9.86,9.86,9.86,0.99,0.99,0.99,0.99,High_Stable,50,26.0,1.1500000000000001,TypeB|T=26.0|V=1.15,11.66,0.8799999999999999,1.8025000000000002,1.8000000000000007,-1.3796590909090916,10,0.39418831168831187,False,0.31187674784877806,False,False,0.35303252976854493,False,0,LOW,PASS,1,2000
C1166,L1,TypeC,26.78,1.23,11.25,12.25,31.25,33.25,1.13,1.23,3.13,3.33,Sudden_Anomaly,50,27.0,1.25,TypeC|T=27.0|V=1.25,13.05,1.3500000000000005,2.4875000000000007,1.8000000000000007,-0.8993333333333333,12,0.25695238095238093,False,0.2408511358702698,False,False,0.24890175841132536,False,0,LOW,PASS,1,2000
C1167,L1,TypeC,30.74,1.22,13.89,14.89,15.89,16.89,1.39,1.49,1.59,1.69,Normal,50,31.0,1.2000000000000002,TypeC|T=31.0|V=1.2,12.16,1.0600000000000005,2.16,1.7300000000000004,1.100834905660377,11,0.3145242587601077,False,0.13695839444507918,False,False,0.22574132660259344,False,0,LOW,PASS,1,2000
C1168,L1,TypeC,34.67,1.03,8.82,10.82,13.82,18.82,0.88,1.08,1.38,1.88,Latent_Defect,50,35.0,1.05,TypeC|T=35.0|V=1.05,10.34,1.5199999999999996,3.0900000000000016,1.5199999999999996,-0.6745,9,0.1927142857142857,False,0.4487101228004443,False,False,0.320712204257365,False,0,LOW,PASS,1,2000
C1169,L1,TypeA,28.03,1.18,10.69,11.69,12.69,60.0,1.07,1.17,1.27,6.0,Absolute_Failure,50,28.0,1.2000000000000002,TypeA|T=28.0|V=1.2,12.24,1.0999999999999996,1.5700000000000003,1.5500000000000007,-0.9504318181818189,9,0.27155194805194827,False,0.09881250043981528,False,False,0.18518222424588177,False,0,LOW,PASS,1,2000
C1170,L1,TypeB,33.67,1.02,10.87,10.87,10.87,10.87,1.09,1.09,1.09,1.09,High_Stable,50,34.0,1.0,TypeB|T=34.0|V=1.0,11.7,1.7850000000000001,2.7424999999999997,0.8300000000000001,-0.31363305322128854,6,0.08960944377751101,False,0.29060757899820205,False,False,0.19010851138785653,False,0,LOW,PASS,1,2000
C1171,L1,TypeB,26.25,1.02,13.75,13.75,13.75,13.75,1.38,1.38,1.38,1.38,High_Stable,50,26.0,1.0,TypeB|T=26.0|V=1.0,10.65,1.5600000000000005,3.1500000000000004,3.0999999999999996,1.3403525641025635,9,0.3829578754578753,False,0.5766508336800314,False,False,0.4798043545689534,False,0,LOW,PASS,1,2000
C1172,L1,TypeB,33.07,1.15,13.5,13.5,13.5,13.5,1.35,1.35,1.35,1.35,High_Stable,50,33.0,1.1500000000000001,TypeB|T=33.0|V=1.15,12.43,1.67,3.0150000000000006,1.0700000000000003,0.4321646706586828,12,0.12347562018819509,False,0.12083686728142487,False,False,0.12215624373480999,False,0,LOW,PASS,1,2000
C1173,L1,TypeB,32.15,1.11,13.66,14.66,15.66,16.66,1.37,1.47,1.57,1.67,Normal,50,32.0,1.1,TypeB|T=32.0|V=1.1,11.14,1.9499999999999993,2.875,2.5199999999999996,0.8716615384615386,15,0.2490461538461539,False,0.14575910552718555,False,False,0.19740262968666972,False,0,LOW,PASS,1,2000
C1174,L1,TypeC,34.3,1.23,12.89,12.89,12.89,12.89,1.29,1.29,1.29,1.29,High_Stable,50,34.0,1.25,TypeC|T=34.0|V=1.25,11.46,0.7799999999999994,1.7000000000000028,1.4299999999999997,1.236583333333334,11,0.353309523809524,False,0.3386019284299808,False,False,0.34595572611975245,False,0,LOW,PASS,1,2000
C1175,L1,TypeA,31.81,1.15,11.4,13.4,16.4,21.4,1.14,1.34,1.64,2.14,Latent_Defect,50,32.0,1.1500000000000001,TypeA|T=32.0|V=1.15,11.555,1.4750000000000005,3.092500000000001,0.15499999999999936,-0.07087966101694884,8,0.02025133171912824,False,0.026497301295993068,False,False,0.023374316507560652,False,0,LOW,PASS,1,2000
C1176,L1,TypeC,34.8,1.24,14.12,15.12,16.12,60.0,1.41,1.51,1.61,6.0,Absolute_Failure,50,35.0,1.25,TypeC|T=35.0|V=1.25,11.105,1.085,1.9725000000000001,3.014999999999999,1.8743018433179717,14,0.5355148123765633,False,0.7239126957670269,True,False,0.6297137540717951,True,1,MEDIUM,REVIEW,1,2000
C1177,L1,TypeB,28.37,1.22,13.61,14.61,15.61,16.61,1.36,1.46,1.56,1.66,Normal,50,28.0,1.2000000000000002,TypeB|T=28.0|V=1.2,12.43,1.6600000000000001,2.9700000000000006,1.1799999999999997,0.47946385542168657,17,0.13698967297762474,False,0.16324026293926427,False,False,0.1501149679584445,False,0,LOW,PASS,1,2000
C1178,L1,TypeC,31.93,1.06,10.39,11.39,12.39,60.0,1.04,1.14,1.24,6.0,Absolute_Failure,50,32.0,1.05,TypeC|T=32.0|V=1.05,10.51,0.75,1.2400000000000002,0.11999999999999922,-0.1079199999999993,9,0.030834285714285512,False,0.1534101276832582,False,False,0.09212220669877186,False,0,LOW,PASS,1,2000
C1179,L1,TypeB,30.36,1.15,9.67,9.67,9.67,9.67,0.97,0.97,0.97,0.97,High_Stable,50,30.0,1.1500000000000001,TypeB|T=30.0|V=1.15,10.945,1.7299999999999995,3.4999999999999982,1.2750000000000004,-0.49710260115606963,12,0.1420293146160199,False,0.06133858213190461,False,False,0.10168394837396225,False,0,LOW,PASS,1,2000
C1180,L1,TypeA,28.82,1.17,9.91,10.91,11.91,12.91,0.99,1.09,1.19,1.29,Normal,50,29.0,1.1500000000000001,TypeA|T=29.0|V=1.15,12.51,1.9399999999999995,3.5500000000000007,2.5999999999999996,-0.9039690721649486,15,0.2582768777614139,False,0.13545801179537661,False,False,0.19686744477839524,False,0,LOW,PASS,1,2000
C1181,L1,TypeB,33.43,1.2,12.27,12.27,12.27,12.27,1.23,1.23,1.23,1.23,High_Stable,50,33.0,1.2000000000000002,TypeB|T=33.0|V=1.2,11.825,1.3450000000000006,2.7375000000000007,0.4450000000000003,0.22316171003717478,8,0.06376048858204994,False,0.11442939772348312,False,False,0.08909494315276653,False,0,LOW,PASS,1,2000
C1182,L1,TypeA,31.57,1.06,10.56,11.56,12.56,13.56,1.06,1.16,1.26,1.36,Normal,50,32.0,1.05,TypeA|T=32.0|V=1.05,10.56,0.8499999999999996,1.42,0.0,0.0,13,0.0,False,0.14621607916492083,False,False,0.07310803958246041,False,0,LOW,PASS,1,2000
C1183,L1,TypeA,34.12,1.08,13.24,13.24,13.24,13.24,1.32,1.32,1.32,1.32,High_Stable,50,34.0,1.1,TypeA|T=34.0|V=1.1,12.004999999999999,1.8649999999999993,3.4400000000000013,1.2350000000000012,0.4466528150134054,12,0.12761509000383012,False,0.20501772376904542,False,False,0.16631640688643778,False,0,LOW,PASS,1,2000
C1184,L1,TypeB,33.43,1.06,8.49,9.49,10.49,60.0,0.85,0.95,1.05,6.0,Absolute_Failure,50,33.0,1.05,TypeB|T=33.0|V=1.05,11.035,2.4299999999999997,4.657500000000001,2.545,-0.7064207818930042,12,0.2018345091122869,False,0.3445865077046941,False,False,0.2732105084084905,False,0,LOW,PASS,1,2000
C1185,L1,TypeB,29.53,1.28,10.83,11.83,30.83,32.83,1.08,1.18,3.08,3.28,Sudden_Anomaly,50,30.0,1.3,TypeB|T=30.0|V=1.3,10.865,1.0899999999999999,1.6524999999999999,0.03500000000000014,-0.02165825688073404,6,0.0061880733944954395,False,0.21844627371540282,False,False,0.11231717355494913,False,0,LOW,PASS,1,2000
C1186,L1,TypeA,27.98,1.08,14.89,16.89,19.89,24.89,1.49,1.69,1.99,2.49,Latent_Defect,50,28.0,1.1,TypeA|T=28.0|V=1.1,11.68,1.629999999999999,3.785,3.210000000000001,1.3283098159509212,11,0.3795170902716918,False,0.4571810020544266,False,False,0.4183490461630592,False,0,LOW,PASS,1,2000
C1187,L1,TypeA,30.89,1.11,14.08,15.08,34.08,36.08,1.41,1.51,3.41,3.61,Sudden_Anomaly,50,31.0,1.1,TypeA|T=31.0|V=1.1,13.24,1.4299999999999997,4.84,0.8399999999999999,0.3962097902097902,17,0.1132027972027972,False,0.12309257899563739,False,False,0.1181476880992173,False,0,LOW,PASS,1,2000
C1188,L1,TypeC,32.97,1.26,13.65,14.65,15.65,16.65,1.37,1.47,1.57,1.67,Normal,50,33.0,1.25,TypeC|T=33.0|V=1.25,12.78,0.870000000000001,1.6999999999999993,0.870000000000001,0.6745,9,0.1927142857142857,False,0.24327608866234796,False,False,0.21799518718831684,False,0,LOW,PASS,1,2000
C1189,L1,TypeA,27.09,1.17,8.74,9.74,10.74,60.0,0.87,0.97,1.07,6.0,Absolute_Failure,50,27.0,1.1500000000000001,TypeA|T=27.0|V=1.15,12.55,0.8699999999999992,2.2300000000000004,3.8100000000000005,-2.95384482758621,11,0.8439556650246314,False,0.7745975587069865,True,False,0.809276611865809,True,1,HIGH,REVIEW,1,2000
C1190,L1,TypeB,28.58,1.13,12.65,12.65,12.65,12.65,1.26,1.26,1.26,1.26,High_Stable,50,29.0,1.1500000000000001,TypeB|T=29.0|V=1.15,10.075,1.245,2.1799999999999997,2.575000000000001,1.3950502008032133,12,0.3985857716580609,False,0.2171642000145402,False,False,0.3078749858363006,False,0,LOW,PASS,1,2000
C1191,L1,TypeA,25.97,1.26,12.76,14.76,17.76,22.76,1.28,1.48,1.78,2.28,Latent_Defect,50,26.0,1.25,TypeA|T=26.0|V=1.25,12.76,1.1600000000000001,3.0700000000000003,0.0,0.0,15,0.0,False,0.3579034883039752,False,False,0.1789517441519876,False,0,LOW,PASS,1,2000
C1192,L1,TypeC,33.33,1.09,13.25,14.25,15.25,60.0,1.33,1.43,1.53,6.0,Absolute_Failure,50,33.0,1.1,TypeC|T=33.0|V=1.1,12.98,0.5099999999999998,1.5,0.2699999999999996,0.35708823529411726,13,0.10202521008403351,False,0.2438476337729149,False,False,0.1729364219284742,False,0,LOW,PASS,1,2000
C1193,L1,TypeC,27.87,1.12,8.17,8.17,8.17,8.17,0.82,0.82,0.82,0.82,High_Stable,50,28.0,1.1,TypeC|T=28.0|V=1.1,10.455,1.5649999999999995,2.9124999999999996,2.285,-0.9848130990415339,18,0.281375171154724,False,0.31611021947558426,False,False,0.2987426953151541,False,0,LOW,PASS,1,2000
C1194,L1,TypeB,31.38,1.07,9.13,11.13,14.13,19.13,0.91,1.11,1.41,1.91,Latent_Defect,50,31.0,1.05,TypeB|T=31.0|V=1.05,11.385000000000002,1.1099999999999985,2.115,2.255000000000001,-1.3702680180180202,16,0.39150514800514863,False,0.22557748765602875,False,False,0.3085413178305887,False,0,LOW,PASS,1,2000
C1195,L1,TypeB,29.51,1.05,11.37,12.37,31.37,33.37,1.14,1.24,3.14,3.34,Sudden_Anomaly,50,30.0,1.05,TypeB|T=30.0|V=1.05,11.37,1.5,2.799999999999999,0.0,0.0,11,0.0,False,0.16392783885937712,False,False,0.08196391942968856,False,0,LOW,PASS,1,2000
C1196,L1,TypeA,31.71,1.09,8.03,10.03,13.03,18.03,0.8,1.0,1.3,1.8,Latent_Defect,50,32.0,1.1,TypeA|T=32.0|V=1.1,10.8,1.9300000000000015,3.5199999999999996,2.7700000000000014,-0.968064766839378,13,0.27658993338267945,False,0.3832561314381058,False,False,0.3299230324103926,False,0,LOW,PASS,1,2000
C1197,L1,TypeB,29.89,1.03,12.14,13.14,14.14,15.14,1.21,1.31,1.41,1.51,Normal,50,30.0,1.05,TypeB|T=30.0|V=1.05,11.37,1.5,2.799999999999999,0.7700000000000014,0.3462433333333339,11,0.09892666666666683,False,0.11392588962497002,False,False,0.10642627814581843,False,0,LOW,PASS,1,2000
C1198,L1,TypeB,34.46,1.18,12.15,12.15,12.15,12.15,1.21,1.21,1.21,1.21,High_Stable,50,34.0,1.2000000000000002,TypeB|T=34.0|V=1.2,12.14,1.4100000000000001,2.795,0.009999999999999787,0.0047836879432623085,16,0.001366767983789231,False,0.2523270837832298,False,False,0.12684692588350951,False,0,LOW,PASS,1,2000
C1199,L1,TypeA,34.06,1.05,12.43,12.43,12.43,12.43,1.24,1.24,1.24,1.24,High_Stable,50,34.0,1.05,TypeA|T=34.0|V=1.05,11.120000000000001,1.8400000000000007,3.5249999999999986,1.3099999999999987,0.4802146739130428,12,0.13720419254658364,False,0.1893934307707895,False,False,0.16329881165868657,False,0,LOW,PASS,1,2000
C1200,L1,TypeB,34.99,1.15,11.01,12.01,31.01,33.01,1.1,1.2,3.1,3.3,Sudden_Anomaly,50,35.0,1.1500000000000001,TypeB|T=35.0|V=1.15,12.0,1.1550000000000002,1.8774999999999995,0.9900000000000002,-0.5781428571428571,6,0.16518367346938773,False,0.2755156736072536,False,False,0.22034967353832066,False,0,LOW,PASS,1,2000
C1201,L1,TypeA,25.42,1.06,11.21,12.21,31.21,33.21,1.12,1.22,3.12,3.32,Sudden_Anomaly,50,25.0,1.05,TypeA|T=25.0|V=1.05,8.855,0.6050000000000004,0.9299999999999997,2.3550000000000004,2.6255330578512384,6,0.7501523022432109,False,0.7508890293989912,True,False,0.750520665821101,True,1,MEDIUM,REVIEW,1,2000
C1202,L1,TypeC,28.48,1.24,8.27,9.27,28.27,30.27,0.83,0.93,2.83,3.03,Sudden_Anomaly,50,28.0,1.25,TypeC|T=28.0|V=1.25,9.59,1.3699999999999992,4.27,1.3200000000000003,-0.6498832116788326,9,0.1856809176225236,False,0.34149713453182423,False,False,0.26358902607717394,False,0,LOW,PASS,1,2000
C1203,L1,TypeC,34.64,1.07,9.12,10.12,29.12,31.12,0.91,1.01,2.91,3.11,Sudden_Anomaly,50,35.0,1.05,TypeC|T=35.0|V=1.05,10.34,1.5199999999999996,3.0900000000000016,1.2200000000000006,-0.5413750000000005,9,0.15467857142857158,False,0.38080530476298374,False,False,0.2677419380957777,False,0,LOW,PASS,1,2000
C1204,L1,TypeA,32.88,1.01,14.78,14.78,14.78,14.78,1.48,1.48,1.48,1.48,High_Stable,50,33.0,1.0,TypeA|T=33.0|V=1.0,11.78,2.25,4.48,3.0,0.8993333333333333,9,0.25695238095238093,False,0.5917802347587462,True,False,0.42436630785556356,False,1,LOW,PASS,1,2000
C1205,L1,TypeB,28.33,1.18,12.43,12.43,12.43,12.43,1.24,1.24,1.24,1.24,High_Stable,50,28.0,1.2000000000000002,TypeB|T=28.0|V=1.2,12.43,1.6600000000000001,2.9700000000000006,0.0,0.0,17,0.0,False,0.12121899723058176,False,False,0.06060949861529088,False,0,LOW,PASS,1,2000
C1206,L1,TypeC,28.96,1.16,13.33,13.33,13.33,13.33,1.33,1.33,1.33,1.33,High_Stable,50,29.0,1.1500000000000001,TypeC|T=29.0|V=1.15,12.29,2.540000000000001,4.075000000000001,1.040000000000001,0.27617322834645686,7,0.07890663667041624,False,0.08798989743693153,False,False,0.08344826705367389,False,0,LOW,PASS,1,2000
C1207,L1,TypeA,33.97,1.05,14.91,16.91,19.91,24.91,1.49,1.69,1.99,2.49,Latent_Defect,50,34.0,1.05,TypeA|T=34.0|V=1.05,11.120000000000001,1.8400000000000007,3.5249999999999986,3.789999999999999,1.3893233695652165,12,0.3969495341614904,False,0.7493812659478094,True,False,0.5731654000546499,False,1,LOW,PASS,1,2000
C1208,L1,TypeA,25.07,1.12,9.06,10.06,11.06,60.0,0.91,1.01,1.11,6.0,Absolute_Failure,50,25.0,1.1,TypeA|T=25.0|V=1.1,9.65,0.8100000000000005,1.834999999999999,0.5899999999999999,-0.49130246913580206,6,0.14037213403880058,False,0.39395494996625413,False,False,0.26716354200252734,False,0,LOW,PASS,1,2000
C1209,L1,TypeC,28.61,1.01,14.65,15.65,34.65,36.65,1.47,1.57,3.47,3.67,Sudden_Anomaly,50,29.0,1.0,TypeC|T=29.0|V=1.0,11.405000000000001,1.3900000000000006,2.4625000000000004,3.244999999999999,1.5746420863309343,6,0.4498977389516955,False,0.6936585230403656,True,False,0.5717781309960306,False,1,LOW,PASS,1,2000
C1210,L1,TypeA,30.74,1.25,8.65,9.65,10.65,60.0,0.86,0.96,1.06,6.0,Absolute_Failure,50,31.0,1.25,TypeA|T=31.0|V=1.25,12.5,1.3499999999999996,2.549999999999999,3.8499999999999996,-1.923574074074074,9,0.5495925925925926,False,0.6300874685296527,True,False,0.5898400305611227,False,1,LOW,PASS,1,2000
C1211,L1,TypeB,30.36,1.08,14.26,15.26,16.26,17.26,1.43,1.53,1.63,1.73,Normal,50,30.0,1.1,TypeB|T=30.0|V=1.1,11.165,2.039999999999999,3.7974999999999977,3.0950000000000006,1.0233223039215693,16,0.29237780112044837,False,0.23992860328595328,False,False,0.2661532022032008,False,0,LOW,PASS,1,2000
C1212,L1,TypeB,26.87,1.0,9.97,10.97,11.97,12.97,1.0,1.1,1.2,1.3,Normal,50,27.0,1.0,TypeB|T=27.0|V=1.0,11.3,1.1999999999999993,1.9849999999999994,1.33,-0.7475708333333337,7,0.2135916666666668,False,0.4001664995936983,False,False,0.30687908313018253,False,0,LOW,PASS,1,2000
C1213,L1,TypeA,34.94,1.1,11.89,13.89,16.89,21.89,1.19,1.39,1.69,2.19,Latent_Defect,50,35.0,1.1,TypeA|T=35.0|V=1.1,11.055,2.175,4.34,0.8350000000000009,0.2589459770114945,10,0.07398456486042701,False,0.2900166482673414,False,False,0.18200060656388423,False,0,LOW,PASS,1,2000
C1214,L1,TypeC,31.91,1.0,11.68,12.68,13.68,14.68,1.17,1.27,1.37,1.47,Normal,50,32.0,1.0,TypeC|T=32.0|V=1.0,12.88,1.200000000000001,2.215,1.200000000000001,-0.6745,7,0.1927142857142857,False,0.3580837123161568,False,False,0.27539899901522125,False,0,LOW,PASS,1,2000
C1215,L1,TypeB,33.71,1.06,8.26,8.26,8.26,8.26,0.83,0.83,0.83,0.83,High_Stable,50,34.0,1.05,TypeB|T=34.0|V=1.05,11.07,1.3000000000000007,2.58,2.8100000000000005,-1.4579576923076918,17,0.4165593406593405,False,0.48048231674222247,False,False,0.44852082870078147,False,0,LOW,PASS,1,2000
C1216,L1,TypeB,28.81,1.12,10.48,11.48,12.48,60.0,1.05,1.15,1.25,6.0,Absolute_Failure,50,29.0,1.1,TypeB|T=29.0|V=1.1,10.48,1.58,2.370000000000001,0.0,0.0,9,0.0,False,0.11736797983866243,False,False,0.058683989919331214,False,0,LOW,PASS,1,2000
C1217,L1,TypeA,27.07,1.0,14.18,16.18,19.18,24.18,1.42,1.62,1.92,2.42,Latent_Defect,50,27.0,1.0,TypeA|T=27.0|V=1.0,11.87,1.1599999999999984,2.719999999999999,2.3100000000000005,1.3431853448275883,5,0.38376724137931095,False,0.5651513732989089,False,False,0.4744593073391099,False,0,LOW,PASS,1,2000
C1218,L1,TypeC,29.35,1.23,11.33,12.33,13.33,14.33,1.13,1.23,1.33,1.43,Normal,50,29.0,1.25,TypeC|T=29.0|V=1.25,11.025,1.005,1.852500000000001,0.3049999999999997,0.20469900497512422,10,0.058485429992892635,False,0.028228909410283706,False,False,0.04335716970158817,False,0,LOW,PASS,1,2000
C1219,L1,TypeC,30.96,1.02,13.61,13.61,13.61,13.61,1.36,1.36,1.36,1.36,High_Stable,50,31.0,1.0,TypeC|T=31.0|V=1.0,11.95,1.6600000000000001,2.369999999999999,1.6600000000000001,0.6745,5,0.1927142857142857,False,0.19562823133301616,False,False,0.1941712585236509,False,0,LOW,PASS,1,2000
C1220,L1,TypeC,30.34,1.11,11.39,12.39,31.39,33.39,1.14,1.24,3.14,3.34,Sudden_Anomaly,50,30.0,1.1,TypeC|T=30.0|V=1.1,11.04,1.7799999999999994,2.115,0.3500000000000014,0.1326264044943826,11,0.037893258426966454,False,0.008992796955898004,False,False,0.02344302769143223,False,0,LOW,PASS,1,2000
C1221,L1,TypeB,31.31,1.15,14.57,15.57,16.57,17.57,1.46,1.56,1.66,1.76,Normal,50,31.0,1.1500000000000001,TypeB|T=31.0|V=1.15,11.82,2.21,4.27,2.75,0.8393099547511312,16,0.23980284421460893,False,0.17907561413719045,False,False,0.2094392291758997,False,0,LOW,PASS,1,2000
C1222,L1,TypeB,34.78,1.22,10.58,12.58,15.58,20.58,1.06,1.26,1.56,2.06,Latent_Defect,50,35.0,1.2000000000000002,TypeB|T=35.0|V=1.2,11.825,1.370000000000001,2.9475,1.2449999999999992,-0.6129580291970794,4,0.17513086548487983,False,0.3167879678754352,False,False,0.2459594166801575,False,0,LOW,PASS,1,2000
C1223,L1,TypeC,25.28,1.05,13.92,15.92,18.92,23.92,1.39,1.59,1.89,2.39,Latent_Defect,50,25.0,1.05,TypeC|T=25.0|V=1.05,10.465,1.7350000000000003,3.379999999999999,3.455,1.3431685878962534,6,0.38376245368464384,False,0.6619632016944087,True,False,0.5228628276895263,False,1,LOW,PASS,1,2000
C1224,L1,TypeB,25.73,1.08,12.09,14.09,17.09,22.09,1.21,1.41,1.71,2.21,Latent_Defect,50,26.0,1.1,TypeB|T=26.0|V=1.1,12.795,1.5949999999999998,3.094999999999999,0.7050000000000001,-0.29813322884012544,14,0.08518092252575013,False,0.20463312635414607,False,False,0.1449070244399481,False,0,LOW,PASS,1,2000
C1225,L1,TypeC,30.45,1.21,9.27,10.27,29.27,31.27,0.93,1.03,2.93,3.13,Sudden_Anomaly,50,30.0,1.2000000000000002,TypeC|T=30.0|V=1.2,10.635,1.0650000000000004,2.9975000000000005,1.3650000000000002,-0.8644999999999998,12,0.24699999999999994,False,0.1370704749394989,False,False,0.19203523746974943,False,0,LOW,PASS,1,2000
C1226,L1,TypeC,31.74,1.15,8.52,9.52,10.52,60.0,0.85,0.95,1.05,6.0,Absolute_Failure,50,32.0,1.1500000000000001,TypeC|T=32.0|V=1.15,10.04,0.9299999999999997,1.7025000000000006,1.5199999999999996,-1.1024086021505377,10,0.3149738863287251,False,0.2479970822344621,False,False,0.2814854842815936,False,0,LOW,PASS,1,2000
C1227,L1,TypeB,26.18,1.27,12.27,12.27,12.27,12.27,1.23,1.23,1.23,1.23,High_Stable,50,26.0,1.25,TypeB|T=26.0|V=1.25,12.375,1.1099999999999994,2.1149999999999984,0.10500000000000043,-0.06380405405405434,6,0.01822972972972981,False,0.3152606602323561,False,False,0.16674519498104295,False,0,LOW,PASS,1,2000
C1228,L1,TypeC,29.5,1.05,13.39,14.39,15.39,16.39,1.34,1.44,1.54,1.64,Normal,50,30.0,1.05,TypeC|T=30.0|V=1.05,11.99,1.3200000000000003,2.9849999999999994,1.4000000000000004,0.715378787878788,11,0.2043939393939394,False,0.10429403607237586,False,False,0.15434398773315763,False,0,LOW,PASS,1,2000
C1229,L1,TypeB,31.9,1.12,13.09,14.09,15.09,60.0,1.31,1.41,1.51,6.0,Absolute_Failure,50,32.0,1.1,TypeB|T=32.0|V=1.1,11.14,1.9499999999999993,2.875,1.9499999999999993,0.6745,15,0.1927142857142857,False,0.03569345923352711,False,False,0.1142038724739064,False,0,LOW,PASS,1,2000
C1230,L1,TypeA,27.5,1.11,14.86,14.86,14.86,14.86,1.49,1.49,1.49,1.49,High_Stable,50,28.0,1.1,TypeA|T=28.0|V=1.1,11.68,1.629999999999999,3.785,3.1799999999999997,1.315895705521473,11,0.3759702015775637,False,0.4231593593601742,False,False,0.39956478046886895,False,0,LOW,PASS,1,2000
C1231,L1,TypeC,27.88,1.12,8.45,9.45,28.45,30.45,0.85,0.95,2.85,3.05,Sudden_Anomaly,50,28.0,1.1,TypeC|T=28.0|V=1.1,10.455,1.5649999999999995,2.9124999999999996,2.005000000000001,-0.8641357827476044,18,0.24689593792788697,False,0.19972506612734656,False,False,0.22331050202761676,False,0,LOW,PASS,1,2000
C1232,L1,TypeC,33.45,1.07,14.15,15.15,34.15,36.15,1.42,1.52,3.42,3.62,Sudden_Anomaly,50,33.0,1.05,TypeC|T=33.0|V=1.05,12.66,1.7599999999999998,3.5199999999999996,1.4900000000000002,0.5710255681818184,15,0.16315016233766239,False,0.23094179281328006,False,False,0.1970459775754712,False,0,LOW,PASS,1,2000
C1233,L1,TypeB,33.3,1.17,12.29,12.29,12.29,12.29,1.23,1.23,1.23,1.23,High_Stable,50,33.0,1.1500000000000001,TypeB|T=33.0|V=1.15,12.43,1.67,3.0150000000000006,0.14000000000000057,-0.05654491017964095,12,0.016155688622754558,False,0.11475528329070986,False,False,0.0654554859567322,False,0,LOW,PASS,1,2000
C1234,L1,TypeA,30.11,1.12,10.96,10.96,10.96,10.96,1.1,1.1,1.1,1.1,High_Stable,50,30.0,1.1,TypeA|T=30.0|V=1.1,12.18,1.0999999999999996,1.9399999999999995,1.2199999999999989,-0.7480818181818177,9,0.2137376623376622,False,0.03684973133855016,False,False,0.12529369683810618,False,0,LOW,PASS,1,2000
C1235,L1,TypeC,26.85,1.01,12.93,13.93,14.93,60.0,1.29,1.39,1.49,6.0,Absolute_Failure,50,27.0,1.0,TypeC|T=27.0|V=1.0,11.07,0.9500000000000011,1.7200000000000006,1.8599999999999994,1.320599999999998,5,0.37731428571428516,False,0.45145131874340666,False,False,0.41438280222884594,False,0,LOW,PASS,1,2000
C1236,L1,TypeB,25.08,1.2,14.99,14.99,14.99,14.99,1.5,1.5,1.5,1.5,High_Stable,50,25.0,1.2000000000000002,TypeB|T=25.0|V=1.2,10.72,1.6300000000000008,2.9000000000000004,4.27,1.76694171779141,5,0.5048404907975457,False,0.9852691995750336,True,False,0.7450548451862896,True,1,MEDIUM,REVIEW,1,2000
C1237,L1,TypeA,26.41,1.26,13.83,14.83,33.83,35.83,1.38,1.48,3.38,3.58,Sudden_Anomaly,50,26.0,1.25,TypeA|T=26.0|V=1.25,12.76,1.1600000000000001,3.0700000000000003,1.0700000000000003,0.622168103448276,15,0.177762315270936,False,0.30131017808340416,False,False,0.23953624667717008,False,0,LOW,PASS,1,2000
C1238,L1,TypeB,34.26,1.03,11.07,12.07,13.07,60.0,1.11,1.21,1.31,6.0,Absolute_Failure,50,34.0,1.05,TypeB|T=34.0|V=1.05,11.07,1.3000000000000007,2.58,0.0,0.0,17,0.0,False,0.36543564459055,False,False,0.182717822295275,False,0,LOW,PASS,1,2000
C1239,L1,TypeB,26.26,1.16,10.88,11.88,12.88,13.88,1.09,1.19,1.29,1.39,Normal,50,26.0,1.1500000000000001,TypeB|T=26.0|V=1.15,11.66,0.8799999999999999,1.8025000000000002,0.7799999999999994,-0.5978522727272723,10,0.17081493506493492,False,0.09620676636599561,False,False,0.13351085071546526,False,0,LOW,PASS,1,2000
C1240,L1,TypeA,27.92,1.18,9.02,10.02,11.02,12.02,0.9,1.0,1.1,1.2,Normal,50,28.0,1.2000000000000002,TypeA|T=28.0|V=1.2,12.24,1.0999999999999996,1.5700000000000003,3.2200000000000006,-1.9744454545454555,9,0.564127272727273,False,0.41913793007897726,False,False,0.49163260140312515,False,0,LOW,PASS,1,2000
C1241,L1,TypeC,34.69,1.13,11.8,12.8,13.8,14.8,1.18,1.28,1.38,1.48,Normal,50,35.0,1.1500000000000001,TypeC|T=35.0|V=1.15,11.875,1.1550000000000002,1.9474999999999998,0.07499999999999929,-0.04379870129870087,10,0.012513914656771678,False,0.2673947228226678,False,False,0.13995431873971972,False,0,LOW,PASS,1,2000
C1242,L1,TypeB,25.8,1.15,14.88,16.88,19.88,24.88,1.49,1.69,1.99,2.49,Latent_Defect,50,26.0,1.1500000000000001,TypeB|T=26.0|V=1.15,11.66,0.8799999999999999,1.8025000000000002,3.2200000000000006,2.468056818181819,10,0.7051590909090911,False,0.7830012296805661,True,False,0.7440801602948286,True,1,MEDIUM,REVIEW,1,2000
C1243,L1,TypeA,31.52,1.27,14.61,15.61,16.61,17.61,1.46,1.56,1.66,1.76,Normal,50,32.0,1.25,TypeA|T=32.0|V=1.25,11.01,1.1799999999999997,3.67,3.5999999999999996,2.057796610169492,13,0.5879418886198549,False,0.6800951978325538,True,False,0.6340185432262043,True,1,MEDIUM,REVIEW,1,2000
C1244,L1,TypeB,28.11,1.04,9.32,10.32,29.32,31.32,0.93,1.03,2.93,3.13,Sudden_Anomaly,50,28.0,1.05,TypeB|T=28.0|V=1.05,10.05,0.5450000000000008,1.3650000000000002,0.7300000000000004,-0.9034587155963295,8,0.2581310615989513,False,0.2908576331950528,False,False,0.27449434739700207,False,0,LOW,PASS,1,2000
C1245,L1,TypeB,25.04,1.3,14.64,15.64,16.64,60.0,1.46,1.56,1.66,6.0,Absolute_Failure,50,25.0,1.3,TypeB|T=25.0|V=1.3,9.81,0.5700000000000003,2.700000000000001,4.83,5.715499999999997,3,1.0,True,1.0,True,False,1.0,True,2,CRITICAL,REVIEW,1,2000
C1246,L1,TypeA,31.86,1.12,8.12,9.12,28.12,30.12,0.81,0.91,2.81,3.01,Sudden_Anomaly,50,32.0,1.1,TypeA|T=32.0|V=1.1,10.8,1.9300000000000015,3.5199999999999996,2.6800000000000015,-0.9366113989637304,13,0.2676032568467801,False,0.3288796044790026,False,False,0.2982414306628913,False,0,LOW,PASS,1,2000
C1247,L1,TypeB,31.45,1.07,10.8,11.8,12.8,13.8,1.08,1.18,1.28,1.38,Normal,50,31.0,1.05,TypeB|T=31.0|V=1.05,11.385000000000002,1.1099999999999985,2.115,0.5850000000000009,-0.3554797297297307,16,0.10156563706563734,False,0.05020264396183161,False,False,0.07588414051373447,False,0,LOW,PASS,1,2000
C1248,L1,TypeC,31.22,1.24,12.1,12.1,12.1,12.1,1.21,1.21,1.21,1.21,High_Stable,50,31.0,1.25,TypeC|T=31.0|V=1.25,10.88,1.8099999999999987,2.9599999999999973,1.2199999999999989,0.454635359116022,15,0.129895816890292,False,0.033723815439430205,False,False,0.0818098161648611,False,0,LOW,PASS,1,2000
C1249,L1,TypeB,28.76,1.27,12.09,13.09,14.09,15.09,1.21,1.31,1.41,1.51,Normal,50,29.0,1.25,TypeB|T=29.0|V=1.25,12.09,1.4100000000000001,2.5200000000000014,0.0,0.0,11,0.0,False,0.19834439555124134,False,False,0.09917219777562067,False,0,LOW,PASS,1,2000
C1250,L1,TypeB,27.94,1.08,14.07,14.07,14.07,14.07,1.41,1.41,1.41,1.41,High_Stable,50,28.0,1.1,TypeB|T=28.0|V=1.1,9.87,1.0099999999999998,4.949999999999999,4.200000000000001,2.8048514851485162,13,0.8013861386138618,False,0.8229872356752282,True,False,0.812186687144545,True,1,HIGH,REVIEW,1,2000
C1251,L1,TypeC,31.81,1.19,8.19,9.19,28.19,30.19,0.82,0.92,2.82,3.02,Sudden_Anomaly,50,32.0,1.2000000000000002,TypeC|T=32.0|V=1.2,10.575,1.6099999999999994,2.887500000000001,2.385,-0.9991816770186338,10,0.2854804791481811,False,0.27995230442721486,False,False,0.282716391787698,False,0,LOW,PASS,1,2000
C1252,L1,TypeC,31.43,1.26,14.48,14.48,14.48,14.48,1.45,1.45,1.45,1.45,High_Stable,50,31.0,1.25,TypeC|T=31.0|V=1.25,10.88,1.8099999999999987,2.9599999999999973,3.5999999999999996,1.3415469613259678,15,0.38329913180741937,False,0.5058055617687228,False,False,0.4445523467880711,False,0,LOW,PASS,1,2000
C1253,L1,TypeB,26.58,1.17,9.19,9.19,9.19,9.19,0.92,0.92,0.92,0.92,High_Stable,50,27.0,1.1500000000000001,TypeB|T=27.0|V=1.15,10.02,0.9800000000000004,1.9550000000000018,0.8300000000000001,-0.5712602040816325,11,0.16321720116618071,False,0.19691353471197984,False,False,0.1800653679390803,False,0,LOW,PASS,1,2000
C1254,L1,TypeB,26.11,1.22,12.03,13.03,14.03,15.03,1.2,1.3,1.4,1.5,Normal,50,26.0,1.2000000000000002,TypeB|T=26.0|V=1.2,12.85,1.9000000000000004,4.229999999999999,0.8200000000000003,-0.2911,17,0.08317142857142858,False,0.15074572710835138,False,False,0.11695857783988997,False,0,LOW,PASS,1,2000
C1255,L1,TypeA,30.0,1.1,14.59,16.59,19.59,24.59,1.46,1.66,1.96,2.46,Latent_Defect,50,30.0,1.1,TypeA|T=30.0|V=1.1,12.18,1.0999999999999996,1.9399999999999995,2.41,1.4777681818181823,9,0.42221948051948066,False,0.28775458000071086,False,False,0.35498703026009576,False,0,LOW,PASS,1,2000
C1256,L1,TypeC,27.96,1.24,13.01,13.01,13.01,13.01,1.3,1.3,1.3,1.3,High_Stable,50,28.0,1.25,TypeC|T=28.0|V=1.25,9.59,1.3699999999999992,4.27,3.42,1.6837883211678841,9,0.4810823774765383,False,0.5287711872207537,False,False,0.504926782348646,False,0,LOW,PASS,1,2000
C1257,L1,TypeB,32.3,1.02,12.64,13.64,14.64,15.64,1.26,1.36,1.46,1.56,Normal,50,32.0,1.0,TypeB|T=32.0|V=1.0,11.6,1.040000000000001,1.83,1.040000000000001,0.6745,13,0.1927142857142857,False,0.1906743986068487,False,False,0.1916943421605672,False,0,LOW,PASS,1,2000
C1258,L1,TypeA,30.93,1.12,8.22,10.22,13.22,18.22,0.82,1.02,1.32,1.82,Latent_Defect,50,31.0,1.1,TypeA|T=31.0|V=1.1,13.24,1.4299999999999997,4.84,5.02,-2.367825174825175,17,0.6765214785214786,False,0.9035466706309047,True,False,0.7900340745761916,True,1,MEDIUM,REVIEW,1,2000
C1259,L1,TypeC,27.43,1.23,13.96,14.96,15.96,16.96,1.4,1.5,1.6,1.7,Normal,50,27.0,1.25,TypeC|T=27.0|V=1.25,13.05,1.3500000000000005,2.4875000000000007,0.9100000000000001,0.4546629629629628,12,0.12990370370370366,False,0.2197481011086857,False,False,0.17482590240619467,False,0,LOW,PASS,1,2000
C1260,L1,TypeB,26.93,1.23,11.01,12.01,13.01,60.0,1.1,1.2,1.3,6.0,Absolute_Failure,50,27.0,1.25,TypeB|T=27.0|V=1.25,11.08,1.9299999999999997,3.119999999999999,0.07000000000000028,-0.02446373056994829,11,0.006989637305699512,False,0.14481383129930417,False,False,0.07590173430250184,False,0,LOW,PASS,1,2000
C1261,L1,TypeC,29.85,1.06,13.01,14.01,15.01,16.01,1.3,1.4,1.5,1.6,Normal,50,30.0,1.05,TypeC|T=30.0|V=1.05,11.99,1.3200000000000003,2.9849999999999994,1.0199999999999996,0.5212045454545451,11,0.1489155844155843,False,0.0632549242198697,False,False,0.106085254317727,False,0,LOW,PASS,1,2000
C1262,L1,TypeB,27.97,1.27,9.7,11.7,14.7,19.7,0.97,1.17,1.47,1.97,Latent_Defect,50,28.0,1.25,TypeB|T=28.0|V=1.25,11.78,0.9900000000000002,2.33,2.08,-1.4171313131313128,13,0.4048946608946608,False,0.3634399268237573,False,False,0.38416729385920906,False,0,LOW,PASS,1,2000
C1263,L1,TypeA,27.47,1.01,13.93,14.93,33.93,35.93,1.39,1.49,3.39,3.59,Sudden_Anomaly,50,27.0,1.0,TypeA|T=27.0|V=1.0,11.87,1.1599999999999984,2.719999999999999,2.0600000000000005,1.1978189655172433,5,0.34223399014778383,False,0.37852293934243436,False,False,0.3603784647451091,False,0,LOW,PASS,1,2000
C1264,L1,TypeC,27.26,1.24,14.39,14.39,14.39,14.39,1.44,1.44,1.44,1.44,High_Stable,50,27.0,1.25,TypeC|T=27.0|V=1.25,13.05,1.3500000000000005,2.4875000000000007,1.3399999999999999,0.6695037037037034,12,0.1912867724867724,False,0.2530604106207652,False,False,0.22217359155376878,False,0,LOW,PASS,1,2000
C1265,L1,TypeB,28.58,1.17,11.5,12.5,31.5,33.5,1.15,1.25,3.15,3.35,Sudden_Anomaly,50,29.0,1.1500000000000001,TypeB|T=29.0|V=1.15,10.075,1.245,2.1799999999999997,1.4250000000000007,0.772018072289157,12,0.2205765920826163,False,0.07492271167815952,False,False,0.1477496518803879,False,0,LOW,PASS,1,2000
C1266,L1,TypeC,33.58,1.07,13.63,14.63,33.63,35.63,1.36,1.46,3.36,3.56,Sudden_Anomaly,50,34.0,1.05,TypeC|T=34.0|V=1.05,11.515,2.05,3.3249999999999993,2.115,0.6958865853658538,16,0.19882473867595823,False,0.19869562616603903,False,False,0.19876018242099863,False,0,LOW,PASS,1,2000
C1267,L1,TypeA,31.65,1.16,13.4,15.4,18.4,23.4,1.34,1.54,1.84,2.34,Latent_Defect,50,32.0,1.1500000000000001,TypeA|T=32.0|V=1.15,11.555,1.4750000000000005,3.092500000000001,1.8450000000000006,0.8436966101694915,8,0.24105617433414042,False,0.029778734424796102,False,False,0.13541745437946826,False,0,LOW,PASS,1,2000
C1268,L1,TypeA,32.58,1.11,13.76,14.76,15.76,16.76,1.38,1.48,1.58,1.68,Normal,50,33.0,1.1,TypeA|T=33.0|V=1.1,12.51,0.9799999999999995,2.2375000000000007,1.25,0.8603316326530617,20,0.24580903790087477,False,0.1511846905267822,False,False,0.1984968642138285,False,0,LOW,PASS,1,2000
C1269,L1,TypeA,27.86,1.02,13.29,14.29,33.29,35.29,1.33,1.43,3.33,3.53,Sudden_Anomaly,50,28.0,1.0,TypeA|T=28.0|V=1.0,11.8,0.75,1.7949999999999982,1.4899999999999984,1.3400066666666655,11,0.38285904761904727,False,0.33093546782196603,False,False,0.3568972577205066,False,0,LOW,PASS,1,2000
C1270,L1,TypeC,26.88,1.01,11.84,13.84,16.84,21.84,1.18,1.38,1.68,2.18,Latent_Defect,50,27.0,1.0,TypeC|T=27.0|V=1.0,11.07,0.9500000000000011,1.7200000000000006,0.7699999999999996,0.5466999999999991,5,0.15619999999999973,False,0.2640618251122839,False,False,0.2101309125561418,False,0,LOW,PASS,1,2000
C1271,L1,TypeA,25.83,1.14,10.79,11.79,12.79,60.0,1.08,1.18,1.28,6.0,Absolute_Failure,50,26.0,1.1500000000000001,TypeA|T=26.0|V=1.15,13.635,0.5950000000000006,2.6400000000000006,2.8450000000000006,-3.2251302521008376,6,0.921465786314525,False,0.7633425836282209,True,False,0.842404184971373,True,1,HIGH,REVIEW,1,2000
C1272,L1,TypeA,26.31,1.06,10.72,11.72,12.72,60.0,1.07,1.17,1.27,6.0,Absolute_Failure,50,26.0,1.05,TypeA|T=26.0|V=1.05,12.61,1.0300000000000011,2.205,1.8899999999999988,-1.2376747572815512,11,0.35362135922330035,False,0.31406598715873957,False,False,0.33384367319101993,False,0,LOW,PASS,1,2000
C1273,L1,TypeA,29.37,1.06,12.38,13.38,32.38,34.38,1.24,1.34,3.24,3.44,Sudden_Anomaly,50,29.0,1.05,TypeA|T=29.0|V=1.05,11.59,0.7400000000000002,0.9299999999999997,0.7900000000000009,0.7200743243243249,5,0.2057355212355214,False,0.09207462280074122,False,False,0.1489050720181313,False,0,LOW,PASS,1,2000
C1274,L1,TypeA,34.01,1.23,9.79,11.79,14.79,19.79,0.98,1.18,1.48,1.98,Latent_Defect,50,34.0,1.25,TypeA|T=34.0|V=1.25,11.4,1.6100000000000012,2.880000000000001,1.6100000000000012,-0.6745,11,0.1927142857142857,False,0.21550060214846284,False,False,0.20410744393137426,False,0,LOW,PASS,1,2000
C1275,L1,TypeC,31.88,1.23,11.7,11.7,11.7,11.7,1.17,1.17,1.17,1.17,High_Stable,50,32.0,1.25,TypeC|T=32.0|V=1.25,11.69,2.1400000000000006,4.07,0.009999999999999787,0.0031518691588784367,25,0.0009005340453938391,False,0.0756087677215869,False,False,0.038254650883490365,False,0,LOW,PASS,1,2000
C1276,L1,TypeB,29.45,1.17,11.21,12.21,13.21,14.21,1.12,1.22,1.32,1.42,Normal,50,29.0,1.1500000000000001,TypeB|T=29.0|V=1.15,10.075,1.245,2.1799999999999997,1.1350000000000016,0.6149056224899606,12,0.17568732071141732,False,0.05330847631558073,False,False,0.11449789851349902,False,0,LOW,PASS,1,2000
C1277,L1,TypeB,29.66,1.12,10.77,11.77,12.77,13.77,1.08,1.18,1.28,1.38,Normal,50,30.0,1.1,TypeB|T=30.0|V=1.1,11.165,2.039999999999999,3.7974999999999977,0.3949999999999996,-0.13060171568627443,16,0.037314775910364126,False,0.000535386404812539,False,False,0.01892508115758833,False,0,LOW,PASS,1,2000
C1278,L1,TypeA,30.54,1.04,13.42,14.42,15.42,16.42,1.34,1.44,1.54,1.64,Normal,50,31.0,1.05,TypeA|T=31.0|V=1.05,11.53,2.0299999999999994,3.8049999999999997,1.8900000000000006,0.6279827586206901,15,0.17942364532019717,False,0.09462191874027194,False,False,0.13702278203023455,False,0,LOW,PASS,1,2000
C1279,L1,TypeC,28.7,1.0,10.65,10.65,10.65,10.65,1.06,1.06,1.06,1.06,High_Stable,50,29.0,1.0,TypeC|T=29.0|V=1.0,11.405000000000001,1.3900000000000006,2.4625000000000004,0.7550000000000008,-0.3663651079136693,6,0.10467574511819122,False,0.32052284915881435,False,False,0.21259929713850279,False,0,LOW,PASS,1,2000
C1280,L1,TypeC,32.85,1.14,12.04,14.04,17.04,22.04,1.2,1.4,1.7,2.2,Latent_Defect,50,33.0,1.1500000000000001,TypeC|T=33.0|V=1.15,11.879999999999999,0.9549999999999992,1.6524999999999999,0.16000000000000014,0.11300523560209444,12,0.03228721017202698,False,0.07875061163996513,False,False,0.05551891090599606,False,0,LOW,PASS,1,2000
C1281,L1,TypeB,26.98,1.1,9.72,11.72,14.72,19.72,0.97,1.17,1.47,1.97,Latent_Defect,50,27.0,1.1,TypeB|T=27.0|V=1.1,11.52,1.450000000000001,2.8599999999999994,1.799999999999999,-0.8373103448275852,13,0.23923152709359577,False,0.13783466899833713,False,False,0.18853309804596646,False,0,LOW,PASS,1,2000
C1282,L1,TypeC,30.84,1.27,8.35,9.35,28.35,30.35,0.84,0.94,2.84,3.04,Sudden_Anomaly,50,31.0,1.25,TypeC|T=31.0|V=1.25,10.88,1.8099999999999987,2.9599999999999973,2.530000000000001,-0.9428093922651944,15,0.26937411207576983,False,0.3817482246407353,False,False,0.32556116835825255,False,0,LOW,PASS,1,2000
C1283,L1,TypeB,27.15,1.09,10.19,12.19,15.19,20.19,1.02,1.22,1.52,2.02,Latent_Defect,50,27.0,1.1,TypeB|T=27.0|V=1.1,11.52,1.450000000000001,2.8599999999999994,1.33,-0.6186793103448271,13,0.17676551724137918,False,0.0655440143406801,False,False,0.12115476579102964,False,0,LOW,PASS,1,2000
C1284,L1,TypeA,27.41,1.22,10.04,11.04,30.04,32.04,1.0,1.1,3.0,3.2,Sudden_Anomaly,50,27.0,1.2000000000000002,TypeA|T=27.0|V=1.2,11.24,1.0600000000000005,1.7400000000000002,1.200000000000001,-0.7635849056603776,5,0.21816711590296503,False,0.1076839299850357,False,False,0.16292552294400037,False,0,LOW,PASS,1,2000
C1285,L1,TypeB,26.98,1.22,13.34,13.34,13.34,13.34,1.33,1.33,1.33,1.33,High_Stable,50,27.0,1.2000000000000002,TypeB|T=27.0|V=1.2,12.775,1.4649999999999999,3.5824999999999996,0.5649999999999995,0.2601313993174059,12,0.07432325694783026,False,0.20855446121022947,False,False,0.14143885907902987,False,0,LOW,PASS,1,2000
C1286,L1,TypeB,32.26,1.09,13.74,13.74,13.74,13.74,1.37,1.37,1.37,1.37,High_Stable,50,32.0,1.1,TypeB|T=32.0|V=1.1,11.14,1.9499999999999993,2.875,2.5999999999999996,0.8993333333333335,15,0.256952380952381,False,0.17313975137378704,False,False,0.21504606616308403,False,0,LOW,PASS,1,2000
C1287,L1,TypeC,25.87,1.08,10.88,11.88,12.88,60.0,1.09,1.19,1.29,6.0,Absolute_Failure,50,26.0,1.1,TypeC|T=26.0|V=1.1,10.88,1.4499999999999993,2.9299999999999997,0.0,0.0,15,0.0,False,0.26798906416457724,False,False,0.13399453208228862,False,0,LOW,PASS,1,2000
C1288,L1,TypeC,27.58,1.09,12.11,13.11,14.11,15.11,1.21,1.31,1.41,1.51,Normal,50,28.0,1.1,TypeC|T=28.0|V=1.1,10.455,1.5649999999999995,2.9124999999999996,1.6549999999999994,0.7132891373801916,18,0.20379689639434045,False,0.10290159031868777,False,False,0.15334924335651412,False,0,LOW,PASS,1,2000
C1289,L1,TypeB,34.52,1.29,12.25,12.25,12.25,12.25,1.23,1.23,1.23,1.23,High_Stable,50,35.0,1.3,TypeB|T=35.0|V=1.3,10.46,1.79,1.790000000000001,1.7899999999999991,0.6744999999999998,2,0.19271428571428564,False,0.46892689078332456,False,False,0.3308205882488051,False,0,LOW,PASS,1,2000
C1290,L1,TypeB,33.07,1.24,11.48,12.48,31.48,33.48,1.15,1.25,3.15,3.35,Sudden_Anomaly,50,33.0,1.25,TypeB|T=33.0|V=1.25,11.885,0.7799999999999994,1.9175000000000004,0.40499999999999936,-0.35022115384615354,8,0.10006318681318672,False,0.13918170515979553,False,False,0.11962244598649113,False,0,LOW,PASS,1,2000
C1291,L1,TypeA,34.44,1.23,13.34,14.34,15.34,60.0,1.33,1.43,1.53,6.0,Absolute_Failure,50,34.0,1.25,TypeA|T=34.0|V=1.25,11.4,1.6100000000000012,2.880000000000001,1.9399999999999995,0.8127515527950303,11,0.23221472937000867,False,0.26400381994243644,False,False,0.24810927465622257,False,0,LOW,PASS,1,2000
C1292,L1,TypeA,27.31,1.11,9.03,11.03,14.03,19.03,0.9,1.1,1.4,1.9,Latent_Defect,50,27.0,1.1,TypeA|T=27.0|V=1.1,9.72,1.0250000000000004,2.232499999999998,0.6900000000000013,-0.454053658536586,14,0.12972961672473887,False,0.1755949133425307,False,False,0.15266226503363478,False,0,LOW,PASS,1,2000
C1293,L1,TypeA,34.28,1.15,12.58,13.58,32.58,34.58,1.26,1.36,3.26,3.46,Sudden_Anomaly,50,34.0,1.1500000000000001,TypeA|T=34.0|V=1.15,11.69,0.9600000000000009,1.8249999999999993,0.8900000000000006,0.6253177083333332,10,0.17866220238095235,False,0.18371166244536308,False,False,0.1811869324131577,False,0,LOW,PASS,1,2000
C1294,L1,TypeB,26.62,1.17,9.03,10.03,29.03,31.03,0.9,1.0,2.9,3.1,Sudden_Anomaly,50,27.0,1.1500000000000001,TypeB|T=27.0|V=1.15,10.02,0.9800000000000004,1.9550000000000018,0.9900000000000002,-0.6813826530612243,11,0.19468075801749266,False,0.1861214233097895,False,False,0.19040109066364108,False,0,LOW,PASS,1,2000
C1295,L1,TypeC,26.91,1.16,11.86,12.86,13.86,60.0,1.19,1.29,1.39,6.0,Absolute_Failure,50,27.0,1.1500000000000001,TypeC|T=27.0|V=1.15,12.01,1.0149999999999997,1.7874999999999996,0.15000000000000036,-0.0996798029556653,16,0.028479943701618656,False,0.06458020882530181,False,False,0.046530076263460236,False,0,LOW,PASS,1,2000
C1296,L1,TypeC,28.61,1.22,13.14,15.14,18.14,23.14,1.31,1.51,1.81,2.31,Latent_Defect,50,29.0,1.2000000000000002,TypeC|T=29.0|V=1.2,12.82,1.5600000000000005,3.710000000000001,0.3200000000000003,0.13835897435897443,9,0.039531135531135554,False,0.124083291781177,False,False,0.08180721365615627,False,0,LOW,PASS,1,2000
C1297,L1,TypeA,27.14,1.3,11.51,13.51,16.51,21.51,1.15,1.35,1.65,2.15,Latent_Defect,50,27.0,1.3,TypeA|T=27.0|V=1.3,12.045,0.8549999999999995,1.9624999999999986,0.5350000000000001,-0.4220555555555559,6,0.12058730158730169,False,0.3510842067579346,False,False,0.23583575417261815,False,0,LOW,PASS,1,2000
C1298,L1,TypeA,28.78,1.02,10.31,11.31,30.31,32.31,1.03,1.13,3.03,3.23,Sudden_Anomaly,50,29.0,1.0,TypeA|T=29.0|V=1.0,12.665,0.830000000000001,1.9975000000000005,2.3549999999999986,-1.9137921686746955,4,0.5467977624784844,False,0.48027403116178025,False,False,0.5135358968201323,False,0,LOW,PASS,1,2000
C1299,L1,TypeA,31.24,1.05,14.8,16.8,19.8,24.8,1.48,1.68,1.98,2.48,Latent_Defect,50,31.0,1.05,TypeA|T=31.0|V=1.05,11.53,2.0299999999999994,3.8049999999999997,3.2700000000000014,1.0865098522167496,15,0.3104313863476427,False,0.43559314574987446,False,False,0.3730122660487586,False,0,LOW,PASS,1,2000
C1300,L1,TypeA,27.87,1.21,12.6,13.6,14.6,15.6,1.26,1.36,1.46,1.56,Normal,50,28.0,1.2000000000000002,TypeA|T=28.0|V=1.2,12.24,1.0999999999999996,1.5700000000000003,0.35999999999999943,0.22074545454545427,9,0.06307012987012979,False,0.07132059586734797,False,False,0.06719536286873888,False,0,LOW,PASS,1,2000
C1301,L1,TypeB,27.19,1.11,8.63,10.63,13.63,18.63,0.86,1.06,1.36,1.86,Latent_Defect,50,27.0,1.1,TypeB|T=27.0|V=1.1,11.52,1.450000000000001,2.8599999999999994,2.889999999999999,-1.3443482758620675,13,0.38409950738916215,False,0.2668495751937017,False,False,0.32547454129143194,False,0,LOW,PASS,1,2000
C1302,L1,TypeC,34.12,1.16,14.34,15.34,16.34,17.34,1.43,1.53,1.63,1.73,Normal,50,34.0,1.1500000000000001,TypeC|T=34.0|V=1.15,11.96,1.6599999999999993,2.977499999999999,2.379999999999999,0.96705421686747,10,0.2763012048192771,False,0.2857883176212937,False,False,0.28104476122028543,False,0,LOW,PASS,1,2000
C1303,L1,TypeB,26.65,1.14,11.9,11.9,11.9,11.9,1.19,1.19,1.19,1.19,High_Stable,50,27.0,1.1500000000000001,TypeB|T=27.0|V=1.15,10.02,0.9800000000000004,1.9550000000000018,1.8800000000000008,1.2939387755102039,11,0.3696967930029154,False,0.26515846077513666,False,False,0.31742762688902604,False,0,LOW,PASS,1,2000
C1304,L1,TypeC,33.68,1.16,10.3,10.3,10.3,10.3,1.03,1.03,1.03,1.03,High_Stable,50,34.0,1.1500000000000001,TypeC|T=34.0|V=1.15,11.96,1.6599999999999993,2.977499999999999,1.6600000000000001,-0.6745000000000004,10,0.19271428571428584,False,0.11387321680266191,False,False,0.1532937512584739,False,0,LOW,PASS,1,2000
C1305,L1,TypeA,31.3,1.16,9.28,10.28,29.28,31.28,0.93,1.03,2.93,3.13,Sudden_Anomaly,50,31.0,1.1500000000000001,TypeA|T=31.0|V=1.15,12.38,1.9699999999999989,3.880000000000001,3.1000000000000014,-1.0613959390862955,13,0.30325598259608444,False,0.19087558119176104,False,False,0.24706578189392275,False,0,LOW,PASS,1,2000
C1306,L1,TypeA,32.91,1.17,13.96,14.96,15.96,60.0,1.4,1.5,1.6,6.0,Absolute_Failure,50,33.0,1.1500000000000001,TypeA|T=33.0|V=1.15,11.57,1.2800000000000011,2.365000000000002,2.3900000000000006,1.2594179687499993,15,0.35983370535714265,False,0.23262264984690972,False,False,0.2962281776020262,False,0,LOW,PASS,1,2000
C1307,L1,TypeA,33.9,1.17,11.7,12.7,13.7,60.0,1.17,1.27,1.37,6.0,Absolute_Failure,50,34.0,1.1500000000000001,TypeA|T=34.0|V=1.15,11.69,0.9600000000000009,1.8249999999999993,0.009999999999999787,0.00702604166666651,10,0.0020074404761904314,False,0.16631395786583403,False,False,0.08416069917101222,False,0,LOW,PASS,1,2000
C1308,L1,TypeA,28.12,1.28,12.51,14.51,17.51,22.51,1.25,1.45,1.75,2.25,Latent_Defect,50,28.0,1.3,TypeA|T=28.0|V=1.3,10.219999999999999,1.0899999999999999,1.2924999999999986,2.290000000000001,1.4170688073394504,4,0.40487680209698584,False,0.40654274718586686,False,False,0.4057097746414263,False,0,LOW,PASS,1,2000
C1309,L1,TypeA,32.57,1.09,12.54,13.54,14.54,60.0,1.25,1.35,1.45,6.0,Absolute_Failure,50,33.0,1.1,TypeA|T=33.0|V=1.1,12.51,0.9799999999999995,2.2375000000000007,0.02999999999999936,0.02064795918367304,20,0.005899416909620868,False,0.19881353820037218,False,False,0.10235647755499652,False,0,LOW,PASS,1,2000
C1310,L1,TypeB,29.98,1.08,11.02,12.02,13.02,14.02,1.1,1.2,1.3,1.4,Normal,50,30.0,1.1,TypeB|T=30.0|V=1.1,11.165,2.039999999999999,3.7974999999999977,0.14499999999999957,-0.04794240196078419,16,0.013697829131652626,False,0.06857317317924437,False,False,0.0411355011554485,False,0,LOW,PASS,1,2000
C1311,L1,TypeC,25.79,1.0,10.06,11.06,30.06,32.06,1.01,1.11,3.01,3.21,Sudden_Anomaly,50,26.0,1.0,TypeC|T=26.0|V=1.0,11.524999999999999,1.2949999999999982,3.1874999999999982,1.464999999999998,-0.7630444015444017,6,0.21801268615554334,False,0.48055435152685155,False,False,0.34928351884119746,False,0,LOW,PASS,1,2000
C1312,L1,TypeC,25.62,1.28,10.95,11.95,12.95,13.95,1.1,1.2,1.3,1.4,Normal,50,26.0,1.3,TypeC|T=26.0|V=1.3,10.66,1.2200000000000006,1.6799999999999997,0.28999999999999915,0.16033196721311418,9,0.045809133489461196,False,0.3713670376598097,False,False,0.20858808557463546,False,0,LOW,PASS,1,2000
C1313,L1,TypeB,28.44,1.26,11.78,12.78,13.78,14.78,1.18,1.28,1.38,1.48,Normal,50,28.0,1.25,TypeB|T=28.0|V=1.25,11.78,0.9900000000000002,2.33,0.0,0.0,13,0.0,False,0.16372161902257235,False,False,0.08186080951128617,False,0,LOW,PASS,1,2000
C1314,L1,TypeB,32.25,1.28,12.42,13.42,14.42,15.42,1.24,1.34,1.44,1.54,Normal,50,32.0,1.3,TypeB|T=32.0|V=1.3,11.8,1.0899999999999999,2.0299999999999994,0.6199999999999992,0.38366055045871517,9,0.10961730013106148,False,0.16341406740610812,False,False,0.1365156837685848,False,0,LOW,PASS,1,2000
C1315,L1,TypeC,25.58,1.18,9.54,11.54,14.54,19.54,0.95,1.15,1.45,1.95,Latent_Defect,50,26.0,1.2000000000000002,TypeC|T=26.0|V=1.2,10.945,1.1799999999999997,2.1525000000000016,1.4050000000000011,-0.8031122881355941,14,0.22946065375302688,False,0.2393372652754329,False,False,0.2343989595142299,False,0,LOW,PASS,1,2000
C1316,L1,TypeA,27.59,1.16,12.7,12.7,12.7,12.7,1.27,1.27,1.27,1.27,High_Stable,50,28.0,1.1500000000000001,TypeA|T=28.0|V=1.15,11.73,1.0999999999999996,2.1400000000000006,0.9699999999999989,0.5947863636363631,9,0.16993896103896086,False,0.06170774599299872,False,False,0.11582335351597979,False,0,LOW,PASS,1,2000
C1317,L1,TypeA,32.64,1.29,12.32,13.32,32.32,34.32,1.23,1.33,3.23,3.43,Sudden_Anomaly,50,33.0,1.3,TypeA|T=33.0|V=1.3,12.84,1.08,1.9299999999999997,0.5199999999999996,-0.32475925925925897,7,0.09278835978835971,False,0.3208781350414631,False,False,0.2068332474149114,False,0,LOW,PASS,1,2000
C1318,L1,TypeC,26.72,1.23,12.8,13.8,14.8,15.8,1.28,1.38,1.48,1.58,Normal,50,27.0,1.25,TypeC|T=27.0|V=1.25,13.05,1.3500000000000005,2.4875000000000007,0.25,-0.12490740740740736,12,0.03568783068783067,False,0.16221155777766144,False,False,0.09894969423274605,False,0,LOW,PASS,1,2000
C1319,L1,TypeB,28.09,1.1,10.28,12.28,15.28,20.28,1.03,1.23,1.53,2.03,Latent_Defect,50,28.0,1.1,TypeB|T=28.0|V=1.1,9.87,1.0099999999999998,4.949999999999999,0.41000000000000014,0.27380693069306944,13,0.07823055162659127,False,0.13384995110795983,False,False,0.10604025136727555,False,0,LOW,PASS,1,2000
C1320,L1,TypeB,33.73,1.28,12.67,13.67,32.67,34.67,1.27,1.37,3.27,3.47,Sudden_Anomaly,50,34.0,1.3,TypeB|T=34.0|V=1.3,12.55,0.9050000000000002,1.6849999999999987,0.11999999999999922,0.08943646408839719,8,0.025553275453827767,False,0.3327111974110966,False,False,0.17913223643246218,False,0,LOW,PASS,1,2000
C1321,L1,TypeB,30.97,1.13,14.89,15.89,34.89,36.89,1.49,1.59,3.49,3.69,Sudden_Anomaly,50,31.0,1.1500000000000001,TypeB|T=31.0|V=1.15,11.82,2.21,4.27,3.0700000000000003,0.9369751131221721,16,0.26770717517776343,False,0.29777607996202166,False,False,0.2827416275698925,False,0,LOW,PASS,1,2000
C1322,L1,TypeA,31.01,1.29,9.34,9.34,9.34,9.34,0.93,0.93,0.93,0.93,High_Stable,50,31.0,1.3,TypeA|T=31.0|V=1.3,9.53,0.1899999999999995,3.780000000000001,0.1899999999999995,-0.6745,5,0.1927142857142857,False,0.4845111875088195,False,False,0.3386127366115526,False,0,LOW,PASS,1,2000
C1323,L1,TypeC,27.31,1.11,13.8,15.8,18.8,23.8,1.38,1.58,1.88,2.38,Latent_Defect,50,27.0,1.1,TypeC|T=27.0|V=1.1,12.08,1.6999999999999993,4.15,1.7200000000000006,0.6824352941176476,9,0.19498151260504218,False,0.10215273650267705,False,False,0.14856712455385962,False,0,LOW,PASS,1,2000
C1324,L1,TypeB,34.75,1.05,13.24,13.24,13.24,13.24,1.32,1.32,1.32,1.32,High_Stable,50,35.0,1.05,TypeB|T=35.0|V=1.05,13.24,1.629999999999999,2.695000000000002,0.0,0.0,7,0.0,False,0.48933538344390837,False,False,0.24466769172195418,False,0,LOW,PASS,1,2000
C1325,L1,TypeB,31.22,1.23,13.66,13.66,13.66,13.66,1.37,1.37,1.37,1.37,High_Stable,50,31.0,1.25,TypeB|T=31.0|V=1.25,11.530000000000001,1.9850000000000012,3.7025000000000006,2.129999999999999,0.7237707808564224,10,0.20679165167326355,False,0.06380327584978193,False,False,0.13529746376152274,False,0,LOW,PASS,1,2000
C1326,L1,TypeB,25.74,1.21,14.2,15.2,16.2,60.0,1.42,1.52,1.62,6.0,Absolute_Failure,50,26.0,1.2000000000000002,TypeB|T=26.0|V=1.2,12.85,1.9000000000000004,4.229999999999999,1.3499999999999996,0.47924999999999973,17,0.13692857142857134,False,0.3478523574913563,False,False,0.24239046445996382,False,0,LOW,PASS,1,2000
C1327,L1,TypeC,34.82,1.12,14.53,15.53,16.53,17.53,1.45,1.55,1.65,1.75,Normal,50,35.0,1.1,TypeC|T=35.0|V=1.1,9.165,0.5249999999999995,2.16,5.365,6.892747619047626,4,1.0,True,1.0,True,False,1.0,True,2,CRITICAL,REVIEW,1,2000
C1328,L1,TypeC,25.16,1.12,8.26,10.26,13.26,18.26,0.83,1.03,1.33,1.83,Latent_Defect,50,25.0,1.1,TypeC|T=25.0|V=1.1,9.615,1.2850000000000001,4.365,1.3550000000000004,-0.7112431906614787,10,0.2032123401889939,False,0.48498042582217094,False,False,0.34409638300558243,False,0,LOW,PASS,1,2000
C1329,L1,TypeC,31.58,1.08,11.14,12.14,13.14,14.14,1.11,1.21,1.31,1.41,Normal,50,32.0,1.1,TypeC|T=32.0|V=1.1,12.09,0.5199999999999996,0.879999999999999,0.9499999999999993,-1.2322596153846155,13,0.35207417582417583,False,0.25730939593791613,False,False,0.30469178588104595,False,0,LOW,PASS,1,2000
C1330,L1,TypeC,33.81,1.12,13.56,15.56,18.56,23.56,1.36,1.56,1.86,2.36,Latent_Defect,50,34.0,1.1,TypeC|T=34.0|V=1.1,13.06,0.9100000000000001,1.4100000000000001,0.5,0.37060439560439556,5,0.10588697017268445,False,0.2666733894150558,False,False,0.18628017979387013,False,0,LOW,PASS,1,2000
C1331,L1,TypeB,31.98,1.28,8.7,9.7,10.7,60.0,0.87,0.97,1.07,6.0,Absolute_Failure,50,32.0,1.3,TypeB|T=32.0|V=1.3,11.8,1.0899999999999999,2.0299999999999994,3.1000000000000014,-1.918302752293579,9,0.5480865006553083,False,0.6395417502525941,True,False,0.5938141254539512,False,1,LOW,PASS,1,2000
C1332,L1,TypeA,26.3,1.3,9.9,11.9,14.9,19.9,0.99,1.19,1.49,1.99,Latent_Defect,50,26.0,1.3,TypeA|T=26.0|V=1.3,9.9,0.7699999999999996,1.5399999999999991,0.0,0.0,5,0.0,False,0.4889647059188694,False,False,0.2444823529594347,False,0,LOW,PASS,1,2000
C1333,L1,TypeB,25.28,1.02,8.45,9.45,10.45,60.0,0.85,0.95,1.05,6.0,Absolute_Failure,50,25.0,1.0,TypeB|T=25.0|V=1.0,8.855,0.40500000000000025,0.40499999999999936,0.40500000000000114,-0.6745000000000014,2,0.19271428571428612,False,0.6572814295265988,True,False,0.4249978576204425,False,1,LOW,PASS,1,2000
C1334,L1,TypeB,32.02,1.25,8.22,10.22,13.22,18.22,0.82,1.02,1.32,1.82,Latent_Defect,50,32.0,1.25,TypeB|T=32.0|V=1.25,11.31,1.7350000000000003,3.01,3.09,-1.2012708933717575,10,0.34322025524907357,False,0.4318580917034325,False,False,0.387539173476253,False,0,LOW,PASS,1,2000
C1335,L1,TypeB,33.86,1.2,9.73,11.73,14.73,19.73,0.97,1.17,1.47,1.97,Latent_Defect,50,34.0,1.2000000000000002,TypeB|T=34.0|V=1.2,12.14,1.4100000000000001,2.795,2.41,-1.152868794326241,16,0.3293910840932117,False,0.29418000866764293,False,False,0.3117855463804273,False,0,LOW,PASS,1,2000
C1336,L1,TypeB,27.05,1.1,10.76,11.76,12.76,60.0,1.08,1.18,1.28,6.0,Absolute_Failure,50,27.0,1.1,TypeB|T=27.0|V=1.1,11.52,1.450000000000001,2.8599999999999994,0.7599999999999998,-0.35353103448275824,13,0.10100886699507379,False,0.04037699703978462,False,False,0.07069293201742921,False,0,LOW,PASS,1,2000
C1337,L1,TypeB,28.89,1.2,10.3,11.3,30.3,32.3,1.03,1.13,3.03,3.23,Sudden_Anomaly,50,29.0,1.2000000000000002,TypeB|T=29.0|V=1.2,10.33,1.4100000000000001,2.3149999999999995,0.02999999999999936,-0.014351063829786927,10,0.004100303951367693,False,0.11751736955928195,False,False,0.06080883675532482,False,0,LOW,PASS,1,2000
C1338,L1,TypeA,33.89,1.1,13.28,14.28,15.28,60.0,1.33,1.43,1.53,6.0,Absolute_Failure,50,34.0,1.1,TypeA|T=34.0|V=1.1,12.004999999999999,1.8649999999999993,3.4400000000000013,1.2750000000000004,0.46111930294906195,12,0.13174837227116057,False,0.18830152297022082,False,False,0.1600249476206907,False,0,LOW,PASS,1,2000
C1339,L1,TypeC,25.12,1.05,8.91,9.91,10.91,11.91,0.89,0.99,1.09,1.19,Normal,50,25.0,1.05,TypeC|T=25.0|V=1.05,10.465,1.7350000000000003,3.379999999999999,1.5549999999999997,-0.604523054755043,6,0.17272087278715514,False,0.3960950487623308,False,False,0.28440796077474295,False,0,LOW,PASS,1,2000
C1340,L1,TypeB,28.4,1.2,14.09,15.09,16.09,17.09,1.41,1.51,1.61,1.71,Normal,50,28.0,1.2000000000000002,TypeB|T=28.0|V=1.2,12.43,1.6600000000000001,2.9700000000000006,1.6600000000000001,0.6745,17,0.1927142857142857,False,0.11076607671340903,False,False,0.15174018121384736,False,0,LOW,PASS,1,2000
C1341,L1,TypeB,32.76,1.13,14.64,16.64,19.64,24.64,1.46,1.66,1.96,2.46,Latent_Defect,50,33.0,1.1500000000000001,TypeB|T=33.0|V=1.15,12.43,1.67,3.0150000000000006,2.210000000000001,0.892601796407186,12,0.2550290846877674,False,0.24417163885006304,False,False,0.24960036176891523,False,0,LOW,PASS,1,2000
C1342,L1,TypeB,27.63,1.24,8.88,10.88,13.88,18.88,0.89,1.09,1.39,1.89,Latent_Defect,50,28.0,1.25,TypeB|T=28.0|V=1.25,11.78,0.9900000000000002,2.33,2.8999999999999986,-1.9758080808080793,13,0.5645165945165941,False,0.4535478978004597,False,False,0.5090322461585268,False,0,LOW,PASS,1,2000
C1343,L1,TypeA,34.13,1.11,10.18,10.18,10.18,10.18,1.02,1.02,1.02,1.02,High_Stable,50,34.0,1.1,TypeA|T=34.0|V=1.1,12.004999999999999,1.8649999999999993,3.4400000000000013,1.8249999999999993,-0.6600335120643431,12,0.1885810034469552,False,0.19697640539961458,False,False,0.19277870442328487,False,0,LOW,PASS,1,2000
C1344,L1,TypeA,25.93,1.05,13.17,14.17,15.17,16.17,1.32,1.42,1.52,1.62,Normal,50,26.0,1.05,TypeA|T=26.0|V=1.05,12.61,1.0300000000000011,2.205,0.5600000000000005,0.36671844660194164,11,0.10477669902912619,False,0.2700608378744236,False,False,0.18741876845177488,False,0,LOW,PASS,1,2000
C1345,L1,TypeC,29.42,1.23,9.86,11.86,14.86,19.86,0.99,1.19,1.49,1.99,Latent_Defect,50,29.0,1.25,TypeC|T=29.0|V=1.25,11.025,1.005,1.852500000000001,1.165000000000001,-0.7818830845771151,10,0.22339516702203288,False,0.07664285432113914,False,False,0.15001901067158602,False,0,LOW,PASS,1,2000
C1346,L1,TypeC,27.65,1.29,12.07,13.07,14.07,60.0,1.21,1.31,1.41,6.0,Absolute_Failure,50,28.0,1.3,TypeC|T=28.0|V=1.3,12.07,2.08,4.0,0.0,0.0,5,0.0,False,0.29568596988761014,False,False,0.14784298494380507,False,0,LOW,PASS,1,2000
C1347,L1,TypeB,26.64,1.2,9.03,9.03,9.03,9.03,0.9,0.9,0.9,0.9,High_Stable,50,27.0,1.2000000000000002,TypeB|T=27.0|V=1.2,12.775,1.4649999999999999,3.5824999999999996,3.745000000000001,-1.724233788395905,12,0.49263822525597284,False,0.5259850440600827,False,False,0.5093116346580278,False,0,LOW,PASS,1,2000
C1348,L1,TypeB,33.96,1.19,14.25,15.25,34.25,36.25,1.43,1.53,3.43,3.63,Sudden_Anomaly,50,34.0,1.2000000000000002,TypeB|T=34.0|V=1.2,12.14,1.4100000000000001,2.795,2.1099999999999994,1.0093581560283684,16,0.2883880445795338,False,0.2555801583929987,False,False,0.2719841014862663,False,0,LOW,PASS,1,2000
C1349,L1,TypeB,32.96,1.08,9.45,10.45,11.45,12.45,0.95,1.05,1.15,1.25,Normal,50,33.0,1.1,TypeB|T=33.0|V=1.1,11.27,1.08,1.6925000000000008,1.8200000000000003,-1.1366574074074074,4,0.32475925925925925,False,0.2756115081330117,False,False,0.30018538369613545,False,0,LOW,PASS,1,2000
C1350,L1,TypeB,30.34,1.09,8.07,10.07,13.07,18.07,0.81,1.01,1.31,1.81,Latent_Defect,50,30.0,1.1,TypeB|T=30.0|V=1.1,11.165,2.039999999999999,3.7974999999999977,3.094999999999999,-1.0233223039215686,16,0.2923778011204482,False,0.4072703546801767,False,False,0.34982407790031245,False,0,LOW,PASS,1,2000
C1351,L1,TypeB,31.71,1.0,12.65,13.65,14.65,60.0,1.27,1.37,1.47,6.0,Absolute_Failure,50,32.0,1.0,TypeB|T=32.0|V=1.0,11.6,1.040000000000001,1.83,1.0500000000000007,0.6809855769230767,13,0.19456730769230762,False,0.31184579737618556,False,False,0.2532065525342466,False,0,LOW,PASS,1,2000
C1352,L1,TypeA,28.28,1.07,10.09,11.09,12.09,60.0,1.01,1.11,1.21,6.0,Absolute_Failure,50,28.0,1.05,TypeA|T=28.0|V=1.05,12.85,1.5099999999999998,3.4399999999999977,2.76,-1.2328609271523179,11,0.3522459791863765,False,0.2885596852321178,False,False,0.32040283220924715,False,0,LOW,PASS,1,2000
C1353,L1,TypeB,27.5,1.1,14.13,15.13,16.13,60.0,1.41,1.51,1.61,6.0,Absolute_Failure,50,28.0,1.1,TypeB|T=28.0|V=1.1,9.87,1.0099999999999998,4.949999999999999,4.260000000000002,2.8449207920792094,13,0.8128345120226312,False,0.8282985853869533,True,False,0.8205665487047923,True,1,HIGH,REVIEW,1,2000
C1354,L1,TypeC,28.87,1.12,9.18,10.18,11.18,12.18,0.92,1.02,1.12,1.22,Normal,50,29.0,1.1,TypeC|T=29.0|V=1.1,11.565,1.4100000000000001,2.615000000000002,2.385,-1.1409095744680848,10,0.32597416413373853,False,0.15784880129042445,False,False,0.2419114827120815,False,0,LOW,PASS,1,2000
C1355,L1,TypeC,30.18,1.02,9.98,10.98,11.98,60.0,1.0,1.1,1.2,6.0,Absolute_Failure,50,30.0,1.0,TypeC|T=30.0|V=1.0,12.955,1.125,2.0124999999999993,2.9749999999999996,-1.7836777777777775,4,0.5096222222222221,False,0.5192042439343606,False,False,0.5144132330782913,False,0,LOW,PASS,1,2000
C1356,L1,TypeC,28.05,1.09,8.98,9.98,28.98,30.98,0.9,1.0,2.9,3.1,Sudden_Anomaly,50,28.0,1.1,TypeC|T=28.0|V=1.1,10.455,1.5649999999999995,2.9124999999999996,1.4749999999999996,-0.6357108626198084,18,0.18163167503423097,False,0.11205285209774879,False,False,0.1468422635659899,False,0,LOW,PASS,1,2000
C1357,L1,TypeA,29.13,1.21,8.29,10.29,13.29,18.29,0.83,1.03,1.33,1.83,Latent_Defect,50,29.0,1.2000000000000002,TypeA|T=29.0|V=1.2,10.82,2.33,3.9200000000000017,2.530000000000001,-0.7323969957081548,15,0.2092562844880442,False,0.29585668027002465,False,False,0.25255648237903444,False,0,LOW,PASS,1,2000
C1358,L1,TypeB,31.17,1.05,10.93,11.93,12.93,13.93,1.09,1.19,1.29,1.39,Normal,50,31.0,1.05,TypeB|T=31.0|V=1.05,11.385000000000002,1.1099999999999985,2.115,0.45500000000000185,-0.27648423423423574,16,0.07899549549549592,False,0.08293375284674759,False,False,0.08096462417112175,False,0,LOW,PASS,1,2000
C1359,L1,TypeA,25.1,1.06,8.9,10.9,13.9,18.9,0.89,1.09,1.39,1.89,Latent_Defect,50,25.0,1.05,TypeA|T=25.0|V=1.05,8.855,0.6050000000000004,0.9299999999999997,0.04499999999999993,0.05016942148760319,6,0.014334120425029484,False,0.6059247719564513,True,False,0.3101294461907404,False,1,LOW,PASS,1,2000
C1360,L1,TypeB,26.74,1.29,10.48,12.48,15.48,20.48,1.05,1.25,1.55,2.05,Latent_Defect,50,27.0,1.3,TypeB|T=27.0|V=1.3,13.07,1.5600000000000005,3.92,2.59,-1.1198429487179482,5,0.31995512820512806,False,0.4725760614411318,False,False,0.39626559482312995,False,0,LOW,PASS,1,2000
C1361,L1,TypeB,27.43,1.24,9.15,11.15,14.15,19.15,0.92,1.12,1.42,1.92,Latent_Defect,50,27.0,1.25,TypeB|T=27.0|V=1.25,11.08,1.9299999999999997,3.119999999999999,1.9299999999999997,-0.6745,11,0.1927142857142857,False,0.16040561761100142,False,False,0.17655995166264354,False,0,LOW,PASS,1,2000
C1362,L1,TypeA,30.15,1.0,9.55,10.55,11.55,12.55,0.95,1.05,1.15,1.25,Normal,50,30.0,1.0,TypeA|T=30.0|V=1.0,11.24,1.0700000000000003,1.7799999999999994,1.6899999999999995,-1.065331775700934,5,0.304380507343124,False,0.4241884295829988,False,False,0.3642844684630614,False,0,LOW,PASS,1,2000
C1363,L1,TypeA,29.07,1.03,12.33,13.33,14.33,60.0,1.23,1.33,1.43,6.0,Absolute_Failure,50,29.0,1.05,TypeA|T=29.0|V=1.05,11.59,0.7400000000000002,0.9299999999999997,0.7400000000000002,0.6745,5,0.1927142857142857,False,0.16824077942788354,False,False,0.18047753257108462,False,0,LOW,PASS,1,2000
C1364,L1,TypeA,28.48,1.07,12.85,14.85,17.85,22.85,1.28,1.48,1.78,2.28,Latent_Defect,50,28.0,1.05,TypeA|T=28.0|V=1.05,12.85,1.5099999999999998,3.4399999999999977,0.0,0.0,11,0.0,False,0.20122142270376886,False,False,0.10061071135188443,False,0,LOW,PASS,1,2000
C1365,L1,TypeA,33.81,1.04,9.2,11.2,14.2,19.2,0.92,1.12,1.42,1.92,Latent_Defect,50,34.0,1.05,TypeA|T=34.0|V=1.05,11.120000000000001,1.8400000000000007,3.5249999999999986,1.9200000000000017,-0.703826086956522,12,0.20109316770186345,False,0.27901563820316383,False,False,0.24005440295251362,False,0,LOW,PASS,1,2000
C1366,L1,TypeB,30.15,1.22,14.51,15.51,16.51,60.0,1.45,1.55,1.65,6.0,Absolute_Failure,50,30.0,1.2000000000000002,TypeB|T=30.0|V=1.2,11.59,1.6500000000000004,1.7200000000000006,2.92,1.1936606060606056,5,0.3410458874458873,False,0.2690758130613818,False,False,0.30506085025363455,False,0,LOW,PASS,1,2000
C1367,L1,TypeA,25.17,1.28,12.67,12.67,12.67,12.67,1.27,1.27,1.27,1.27,High_Stable,50,25.0,1.3,TypeA|T=25.0|V=1.3,12.67,0.75,1.3100000000000005,0.0,0.0,3,0.0,False,0.5230964006081628,False,False,0.2615482003040814,False,0,LOW,PASS,1,2000
C1368,L1,TypeC,30.42,1.1,9.26,9.26,9.26,9.26,0.93,0.93,0.93,0.93,High_Stable,50,30.0,1.1,TypeC|T=30.0|V=1.1,11.04,1.7799999999999994,2.115,1.7799999999999994,-0.6745,11,0.1927142857142857,False,0.0800549176584773,False,False,0.1363846016863815,False,0,LOW,PASS,1,2000
C1369,L1,TypeC,25.03,1.2,14.95,14.95,14.95,14.95,1.49,1.49,1.49,1.49,High_Stable,50,25.0,1.2000000000000002,TypeC|T=25.0|V=1.2,12.09,1.8250000000000002,2.795,2.8599999999999994,1.0570246575342463,4,0.30200704500978465,False,0.6028606365608605,True,False,0.45243384078532256,False,1,LOW,PASS,1,2000
C1370,L1,TypeC,28.14,1.18,14.44,16.44,19.44,24.44,1.44,1.64,1.94,2.44,Latent_Defect,50,28.0,1.2000000000000002,TypeC|T=28.0|V=1.2,10.935,1.6499999999999995,2.9349999999999987,3.504999999999999,1.4328015151515152,10,0.4093718614718615,False,0.4115602598740684,False,False,0.410466060672965,False,0,LOW,PASS,1,2000
C1371,L1,TypeC,26.38,1.3,9.44,10.44,11.44,60.0,0.94,1.04,1.14,6.0,Absolute_Failure,50,26.0,1.3,TypeC|T=26.0|V=1.3,10.66,1.2200000000000006,1.6799999999999997,1.2200000000000006,-0.6745,9,0.1927142857142857,False,0.4211000129022971,False,False,0.3069071493082914,False,0,LOW,PASS,1,2000
C1372,L1,TypeB,28.44,1.25,8.18,9.18,10.18,11.18,0.82,0.92,1.02,1.12,Normal,50,28.0,1.25,TypeB|T=28.0|V=1.25,11.78,0.9900000000000002,2.33,3.5999999999999996,-2.452727272727272,13,0.7007792207792206,False,0.791696227591993,True,False,0.7462377241856069,True,1,MEDIUM,REVIEW,1,2000
C1373,L1,TypeC,30.53,1.1,10.39,12.39,15.39,20.39,1.04,1.24,1.54,2.04,Latent_Defect,50,31.0,1.1,TypeC|T=31.0|V=1.1,10.86,1.1399999999999997,2.6799999999999997,0.46999999999999886,-0.27808333333333274,6,0.07945238095238079,False,0.037147652985829165,False,False,0.05830001696910497,False,0,LOW,PASS,1,2000
C1374,L1,TypeA,30.62,1.3,9.53,10.53,29.53,31.53,0.95,1.05,2.95,3.15,Sudden_Anomaly,50,31.0,1.3,TypeA|T=31.0|V=1.3,9.53,0.1899999999999995,3.780000000000001,0.0,0.0,5,0.0,False,0.4693260836346345,False,False,0.23466304181731726,False,0,LOW,PASS,1,2000
C1375,L1,TypeC,29.18,1.04,8.63,9.63,10.63,11.63,0.86,0.96,1.06,1.16,Normal,50,29.0,1.05,TypeC|T=29.0|V=1.05,10.205,0.9550000000000001,1.2725000000000009,1.5749999999999993,-1.1123952879581145,8,0.31782722513088985,False,0.3103384727405654,False,False,0.31408284893572763,False,0,LOW,PASS,1,2000
C1376,L1,TypeB,33.4,1.3,9.55,9.55,9.55,9.55,0.96,0.96,0.96,0.96,High_Stable,50,33.0,1.3,TypeB|T=33.0|V=1.3,11.475,2.09,3.3674999999999997,1.924999999999999,-0.6212499999999997,6,0.17749999999999994,False,0.42606347513945225,False,False,0.3017817375697261,False,0,LOW,PASS,1,2000
C1377,L1,TypeC,30.12,1.27,9.2,9.2,9.2,9.2,0.92,0.92,0.92,0.92,High_Stable,50,30.0,1.25,TypeC|T=30.0|V=1.25,11.165,2.1099999999999994,4.5649999999999995,1.9649999999999999,-0.628148104265403,10,0.17947088693297228,False,0.2582465611120435,False,False,0.2188587240225079,False,0,LOW,PASS,1,2000
C1378,L1,TypeC,34.54,1.15,11.95,12.95,13.95,14.95,1.2,1.3,1.4,1.5,Normal,50,35.0,1.1500000000000001,TypeC|T=35.0|V=1.15,11.875,1.1550000000000002,1.9474999999999998,0.07499999999999929,0.04379870129870087,10,0.012513914656771678,False,0.23838412976215737,False,False,0.12544902220946452,False,0,LOW,PASS,1,2000
C1379,L1,TypeB,34.12,1.13,13.01,14.01,33.01,35.01,1.3,1.4,3.3,3.5,Sudden_Anomaly,50,34.0,1.1500000000000001,TypeB|T=34.0|V=1.15,12.24,1.9000000000000004,2.8599999999999994,0.7699999999999996,0.2733499999999998,13,0.07809999999999995,False,0.14028322969054324,False,False,0.1091916148452716,False,0,LOW,PASS,1,2000
C1380,L1,TypeA,30.34,1.0,11.24,13.24,16.24,21.24,1.12,1.32,1.62,2.12,Latent_Defect,50,30.0,1.0,TypeA|T=30.0|V=1.0,11.24,1.0700000000000003,1.7799999999999994,0.0,0.0,5,0.0,False,0.33887165948381964,False,False,0.16943582974190982,False,0,LOW,PASS,1,2000
C1381,L1,TypeA,32.69,1.19,14.16,16.16,19.16,24.16,1.42,1.62,1.92,2.42,Latent_Defect,50,33.0,1.2000000000000002,TypeA|T=33.0|V=1.2,11.66,1.0100000000000007,1.722500000000002,2.5,1.6695544554455435,10,0.4770155586987267,False,0.3539178694708461,False,False,0.4154667140847864,False,0,LOW,PASS,1,2000
C1382,L1,TypeB,27.45,1.24,11.16,12.16,31.16,33.16,1.12,1.22,3.12,3.32,Sudden_Anomaly,50,27.0,1.25,TypeB|T=27.0|V=1.25,11.08,1.9299999999999997,3.119999999999999,0.08000000000000007,0.027958549222797956,11,0.007988156920799416,False,0.11180090604589957,False,False,0.05989453148334949,False,0,LOW,PASS,1,2000
C1383,L1,TypeB,29.18,1.1,8.9,8.9,8.9,8.9,0.89,0.89,0.89,0.89,High_Stable,50,29.0,1.1,TypeB|T=29.0|V=1.1,10.48,1.58,2.370000000000001,1.58,-0.6744999999999999,9,0.19271428571428567,False,0.10552413942919833,False,False,0.149119212571742,False,0,LOW,PASS,1,2000
C1384,L1,TypeA,29.15,1.19,9.79,9.79,9.79,9.79,0.98,0.98,0.98,0.98,High_Stable,50,29.0,1.2000000000000002,TypeA|T=29.0|V=1.2,10.82,2.33,3.9200000000000017,1.0300000000000011,-0.298169527896996,15,0.085191293684856,False,0.04716385754088344,False,False,0.06617757561286972,False,0,LOW,PASS,1,2000
C1385,L1,TypeC,26.6,1.19,10.98,11.98,12.98,60.0,1.1,1.2,1.3,6.0,Absolute_Failure,50,27.0,1.2000000000000002,TypeC|T=27.0|V=1.2,11.76,0.9649999999999999,1.790000000000001,0.7799999999999994,-0.5451917098445592,10,0.15576905995558835,False,0.07841375369014617,False,False,0.11709140682286726,False,0,LOW,PASS,1,2000
C1386,L1,TypeC,26.9,1.13,13.23,14.23,33.23,35.23,1.32,1.42,3.32,3.52,Sudden_Anomaly,50,27.0,1.1500000000000001,TypeC|T=27.0|V=1.15,12.01,1.0149999999999997,1.7874999999999996,1.2200000000000006,0.8107290640394096,16,0.2316368754398313,False,0.09478210197456677,False,False,0.16320948870719904,False,0,LOW,PASS,1,2000
C1387,L1,TypeA,33.12,1.23,9.69,9.69,9.69,9.69,0.97,0.97,0.97,0.97,High_Stable,50,33.0,1.25,TypeA|T=33.0|V=1.25,11.515,2.0300000000000002,4.050000000000001,1.825000000000001,-0.6063854679802958,16,0.17325299085151308,False,0.1615575447934138,False,False,0.16740526782246345,False,0,LOW,PASS,1,2000
C1388,L1,TypeC,30.54,1.21,13.96,14.96,15.96,16.96,1.4,1.5,1.6,1.7,Normal,50,31.0,1.2000000000000002,TypeC|T=31.0|V=1.2,12.16,1.0600000000000005,2.16,1.8000000000000007,1.145377358490566,11,0.32725067385444745,False,0.1348454759206683,False,False,0.23104807488755788,False,0,LOW,PASS,1,2000
C1389,L1,TypeA,28.73,1.12,12.21,13.21,32.21,34.21,1.22,1.32,3.22,3.42,Sudden_Anomaly,50,29.0,1.1,TypeA|T=29.0|V=1.1,12.21,1.3999999999999986,3.4250000000000007,0.0,0.0,11,0.0,False,0.10808926764968904,False,False,0.05404463382484452,False,0,LOW,PASS,1,2000
C1390,L1,TypeA,31.52,1.24,8.94,9.94,28.94,30.94,0.89,0.99,2.89,3.09,Sudden_Anomaly,50,32.0,1.25,TypeA|T=32.0|V=1.25,11.01,1.1799999999999997,3.67,2.0700000000000003,-1.183233050847458,13,0.3380665859564166,False,0.21934801795325526,False,False,0.27870730195483595,False,0,LOW,PASS,1,2000
C1391,L1,TypeC,27.44,1.11,13.78,13.78,13.78,13.78,1.38,1.38,1.38,1.38,High_Stable,50,27.0,1.1,TypeC|T=27.0|V=1.1,12.08,1.6999999999999993,4.15,1.6999999999999993,0.6745,9,0.1927142857142857,False,0.09337038135706192,False,False,0.1430423335356738,False,0,LOW,PASS,1,2000
C1392,L1,TypeC,26.88,1.15,10.97,11.97,12.97,60.0,1.1,1.2,1.3,6.0,Absolute_Failure,50,27.0,1.1500000000000001,TypeC|T=27.0|V=1.15,12.01,1.0149999999999997,1.7874999999999996,1.0399999999999991,-0.6911133004926105,16,0.19746094299788872,False,0.0702832997012678,False,False,0.13387212134957827,False,0,LOW,PASS,1,2000
C1393,L1,TypeC,29.98,1.19,14.44,16.44,19.44,24.44,1.44,1.64,1.94,2.44,Latent_Defect,50,30.0,1.2000000000000002,TypeC|T=30.0|V=1.2,10.635,1.0650000000000004,2.9975000000000005,3.8049999999999997,2.4098333333333324,12,0.6885238095238092,False,0.6520866427727091,True,False,0.6703052261482592,True,1,MEDIUM,REVIEW,1,2000
C1394,L1,TypeA,33.41,1.28,14.18,16.18,19.18,24.18,1.42,1.62,1.92,2.42,Latent_Defect,50,33.0,1.3,TypeA|T=33.0|V=1.3,12.84,1.08,1.9299999999999997,1.3399999999999999,0.8368796296296295,7,0.23910846560846558,False,0.36013215484669003,False,False,0.2996203102275778,False,0,LOW,PASS,1,2000
C1395,L1,TypeC,27.22,1.12,8.01,8.01,8.01,8.01,0.8,0.8,0.8,0.8,High_Stable,50,27.0,1.1,TypeC|T=27.0|V=1.1,12.08,1.6999999999999993,4.15,4.07,-1.6148323529411772,9,0.4613806722689078,False,0.7277849611093531,True,False,0.5945828166891305,False,1,LOW,PASS,1,2000
C1396,L1,TypeB,31.16,1.17,9.19,10.19,29.19,31.19,0.92,1.02,2.92,3.12,Sudden_Anomaly,50,31.0,1.1500000000000001,TypeB|T=31.0|V=1.15,11.82,2.21,4.27,2.630000000000001,-0.8026855203619911,16,0.22933872010342604,False,0.12048901396633062,False,False,0.17491386703487832,False,0,LOW,PASS,1,2000
C1397,L1,TypeC,27.9,1.05,12.67,13.67,14.67,60.0,1.27,1.37,1.47,6.0,Absolute_Failure,50,28.0,1.05,TypeC|T=28.0|V=1.05,12.19,0.4800000000000004,0.8900000000000006,0.4800000000000004,0.6745,9,0.1927142857142857,False,0.16665955749912525,False,False,0.17968692160670546,False,0,LOW,PASS,1,2000
C1398,L1,TypeA,30.55,1.08,14.67,16.67,19.67,24.67,1.47,1.67,1.97,2.47,Latent_Defect,50,31.0,1.1,TypeA|T=31.0|V=1.1,13.24,1.4299999999999997,4.84,1.4299999999999997,0.6745,17,0.1927142857142857,False,0.21051023497324522,False,False,0.20161226034376545,False,0,LOW,PASS,1,2000
C1399,L1,TypeA,26.04,1.03,12.61,14.61,17.61,22.61,1.26,1.46,1.76,2.26,Latent_Defect,50,26.0,1.05,TypeA|T=26.0|V=1.05,12.61,1.0300000000000011,2.205,0.0,0.0,11,0.0,False,0.33693176738165803,False,False,0.16846588369082902,False,0,LOW,PASS,1,2000
C1400,L1,TypeB,31.34,1.27,10.92,11.92,12.92,13.92,1.09,1.19,1.29,1.39,Normal,50,31.0,1.25,TypeB|T=31.0|V=1.25,11.530000000000001,1.9850000000000012,3.7025000000000006,0.6100000000000012,-0.20727707808564258,10,0.05922202231018359,False,0.11804203235927127,False,False,0.08863202733472743,False,0,LOW,PASS,1,2000
C1401,L1,TypeA,31.9,1.07,13.21,14.21,15.21,60.0,1.32,1.42,1.52,6.0,Absolute_Failure,50,32.0,1.05,TypeA|T=32.0|V=1.05,10.56,0.8499999999999996,1.42,2.6500000000000004,2.102852941176472,13,0.6008151260504205,False,0.42005179166320894,False,False,0.5104334588568147,False,0,LOW,PASS,1,2000
C1402,L1,TypeA,33.48,1.23,8.57,10.57,13.57,18.57,0.86,1.06,1.36,1.86,Latent_Defect,50,33.0,1.25,TypeA|T=33.0|V=1.25,11.515,2.0300000000000002,4.050000000000001,2.9450000000000003,-0.9785233990147783,16,0.27957811400422233,False,0.3715962312745661,False,False,0.3255871726393942,False,0,LOW,PASS,1,2000
C1403,L1,TypeB,30.65,1.12,8.61,9.61,28.61,30.61,0.86,0.96,2.86,3.06,Sudden_Anomaly,50,31.0,1.1,TypeB|T=31.0|V=1.1,11.055,1.7149999999999999,3.197499999999998,2.4450000000000003,-0.9616049562682218,10,0.27474427321949196,False,0.1479702804271209,False,False,0.21135727682330643,False,0,LOW,PASS,1,2000
C1404,L1,TypeA,30.6,1.16,10.96,11.96,12.96,13.96,1.1,1.2,1.3,1.4,Normal,50,31.0,1.1500000000000001,TypeA|T=31.0|V=1.15,12.38,1.9699999999999989,3.880000000000001,1.42,-0.4861878172588835,13,0.13891080493110958,False,0.0,False,False,0.06945540246555479,False,0,LOW,PASS,1,2000
C1405,L1,TypeB,31.76,1.25,9.49,10.49,11.49,12.49,0.95,1.05,1.15,1.25,Normal,50,32.0,1.25,TypeB|T=32.0|V=1.25,11.31,1.7350000000000003,3.01,1.8200000000000003,-0.7075446685878962,10,0.20215561959654177,False,0.13951681237254993,False,False,0.17083621598454585,False,0,LOW,PASS,1,2000
C1406,L1,TypeA,33.38,1.05,12.22,13.22,32.22,34.22,1.22,1.32,3.22,3.42,Sudden_Anomaly,50,33.0,1.05,TypeA|T=33.0|V=1.05,11.55,2.41,4.789999999999999,0.6699999999999999,0.18751659751037342,9,0.05357617071724955,False,0.15954871279487443,False,False,0.10656244175606198,False,0,LOW,PASS,1,2000
C1407,L1,TypeC,29.2,1.24,11.92,12.92,13.92,14.92,1.19,1.29,1.39,1.49,Normal,50,29.0,1.25,TypeC|T=29.0|V=1.25,11.025,1.005,1.852500000000001,0.8949999999999996,0.6006741293532336,10,0.1716211798152096,False,0.09987799795855078,False,False,0.13574958888688018,False,0,LOW,PASS,1,2000
C1408,L1,TypeC,28.48,1.26,8.22,8.22,8.22,8.22,0.82,0.82,0.82,0.82,High_Stable,50,28.0,1.25,TypeC|T=28.0|V=1.25,9.59,1.3699999999999992,4.27,1.3699999999999992,-0.6745,9,0.1927142857142857,False,0.3974976170076603,False,False,0.295105951360973,False,0,LOW,PASS,1,2000
C1409,L1,TypeB,26.86,1.05,8.83,9.83,10.83,60.0,0.88,0.98,1.08,6.0,Absolute_Failure,50,27.0,1.05,TypeB|T=27.0|V=1.05,11.395,1.8650000000000002,3.2424999999999997,2.5649999999999995,-0.9276635388739943,8,0.2650467253925698,False,0.28641590083999086,False,False,0.2757313131162803,False,0,LOW,PASS,1,2000
C1410,L1,TypeA,26.18,1.19,9.73,10.73,29.73,31.73,0.97,1.07,2.97,3.17,Sudden_Anomaly,50,26.0,1.2000000000000002,TypeA|T=26.0|V=1.2,10.51,1.4100000000000001,2.49,0.7799999999999994,-0.3731276595744677,7,0.1066079027355622,False,0.14260261089249157,False,False,0.12460525681402689,False,0,LOW,PASS,1,2000
C1411,L1,TypeA,34.92,1.11,14.56,14.56,14.56,14.56,1.46,1.46,1.46,1.46,High_Stable,50,35.0,1.1,TypeA|T=35.0|V=1.1,11.055,2.175,4.34,3.505000000000001,1.0869528735632188,10,0.31055796387520535,False,0.6653305739609516,True,False,0.4879442689180785,False,1,LOW,PASS,1,2000
C1412,L1,TypeB,26.2,1.13,12.54,13.54,14.54,60.0,1.25,1.35,1.45,6.0,Absolute_Failure,50,26.0,1.1500000000000001,TypeB|T=26.0|V=1.15,11.66,0.8799999999999999,1.8025000000000002,0.879999999999999,0.6744999999999993,10,0.19271428571428553,False,0.11548403330385393,False,False,0.15409915950906972,False,0,LOW,PASS,1,2000
C1413,L1,TypeC,27.15,1.13,11.57,12.57,31.57,33.57,1.16,1.26,3.16,3.36,Sudden_Anomaly,50,27.0,1.1500000000000001,TypeC|T=27.0|V=1.15,12.01,1.0149999999999997,1.7874999999999996,0.4399999999999995,-0.2923940886699505,16,0.08354116819141442,False,0.04640345677868588,False,False,0.06497231248505016,False,0,LOW,PASS,1,2000
C1414,L1,TypeB,34.55,1.14,11.71,12.71,13.71,60.0,1.17,1.27,1.37,6.0,Absolute_Failure,50,35.0,1.1500000000000001,TypeB|T=35.0|V=1.15,12.0,1.1550000000000002,1.8774999999999995,0.28999999999999915,-0.16935497835497781,6,0.04838713667285081,False,0.23201605003228506,False,False,0.14020159335256793,False,0,LOW,PASS,1,2000
C1415,L1,TypeA,25.71,1.27,12.59,13.59,14.59,15.59,1.26,1.36,1.46,1.56,Normal,50,26.0,1.25,TypeA|T=26.0|V=1.25,12.76,1.1600000000000001,3.0700000000000003,0.16999999999999993,-0.09884913793103442,15,0.028242610837438405,False,0.4023407562310975,False,False,0.21529168353426795,False,0,LOW,PASS,1,2000
C1416,L1,TypeB,33.51,1.12,8.0,8.0,8.0,8.0,0.8,0.8,0.8,0.8,High_Stable,50,34.0,1.1,TypeB|T=34.0|V=1.1,12.71,0.6099999999999994,1.2100000000000009,4.710000000000001,-5.20802459016394,9,1.0,True,1.0,True,False,1.0,True,2,CRITICAL,REVIEW,1,2000
C1417,L1,TypeA,30.3,1.18,12.28,14.28,17.28,22.28,1.23,1.43,1.73,2.23,Latent_Defect,50,30.0,1.2000000000000002,TypeA|T=30.0|V=1.2,10.23,1.5199999999999996,2.7125000000000004,2.049999999999999,0.9096874999999998,14,0.2599107142857142,False,0.05780967857706817,False,False,0.15886019643139118,False,0,LOW,PASS,1,2000
C1418,L1,TypeC,25.6,1.16,10.18,11.18,12.18,60.0,1.02,1.12,1.22,6.0,Absolute_Failure,50,26.0,1.1500000000000001,TypeC|T=26.0|V=1.15,12.2,1.8000000000000007,2.4700000000000006,2.0199999999999996,-0.7569388888888885,5,0.21626825396825386,False,0.22086891057157831,False,False,0.2185685822699161,False,0,LOW,PASS,1,2000
C1419,L1,TypeB,27.76,1.1,14.96,15.96,34.96,36.96,1.5,1.6,3.5,3.7,Sudden_Anomaly,50,28.0,1.1,TypeB|T=28.0|V=1.1,9.87,1.0099999999999998,4.949999999999999,5.090000000000002,3.3992128712871303,13,0.9712036775106087,False,1.0,True,False,0.9856018387553043,True,1,CRITICAL,REVIEW,1,2000
C1420,L1,TypeB,29.9,1.09,14.47,15.47,34.47,36.47,1.45,1.55,3.45,3.65,Sudden_Anomaly,50,30.0,1.1,TypeB|T=30.0|V=1.1,11.165,2.039999999999999,3.7974999999999977,3.3050000000000015,1.0927561274509814,16,0.31221603641456613,False,0.3363722099260695,False,False,0.3242941231703178,False,0,LOW,PASS,1,2000
C1421,L1,TypeB,28.26,1.04,10.12,12.12,15.12,20.12,1.01,1.21,1.51,2.01,Latent_Defect,50,28.0,1.05,TypeB|T=28.0|V=1.05,10.05,0.5450000000000008,1.3650000000000002,0.06999999999999851,0.08663302752293381,8,0.024752293577981088,False,0.2920834265698401,False,False,0.1584178600739106,False,0,LOW,PASS,1,2000
C1422,L1,TypeA,25.52,1.03,13.23,13.23,13.23,13.23,1.32,1.32,1.32,1.32,High_Stable,50,26.0,1.05,TypeA|T=26.0|V=1.05,12.61,1.0300000000000011,2.205,0.620000000000001,0.4060097087378643,11,0.11600277392510408,False,0.36813700451241393,False,False,0.242069889218759,False,0,LOW,PASS,1,2000
C1423,L1,TypeA,26.93,1.04,12.09,12.09,12.09,12.09,1.21,1.21,1.21,1.21,High_Stable,50,27.0,1.05,TypeA|T=27.0|V=1.05,10.25,1.915,3.6549999999999994,1.8399999999999999,0.6480835509138381,12,0.18516672883252516,False,0.17952600109138442,False,False,0.18234636496195478,False,0,LOW,PASS,1,2000
C1424,L1,TypeB,26.14,1.23,13.79,14.79,15.79,60.0,1.38,1.48,1.58,6.0,Absolute_Failure,50,26.0,1.25,TypeB|T=26.0|V=1.25,12.375,1.1099999999999994,2.1149999999999984,1.4149999999999991,0.8598355855855855,6,0.24566731016731014,False,0.24753292153391537,False,False,0.24660011585061276,False,0,LOW,PASS,1,2000
C1425,L1,TypeC,26.35,1.06,8.0,9.0,10.0,11.0,0.8,0.9,1.0,1.1,Normal,50,26.0,1.05,TypeC|T=26.0|V=1.05,10.399999999999999,1.4600000000000009,2.5600000000000005,2.3999999999999986,-1.10876712328767,10,0.31679060665361997,False,0.5242439783064305,False,False,0.42051729248002523,False,0,LOW,PASS,1,2000
C1426,L1,TypeC,28.57,1.28,12.94,13.94,14.94,60.0,1.29,1.39,1.49,6.0,Absolute_Failure,50,29.0,1.3,TypeC|T=29.0|V=1.3,11.61,1.4900000000000002,2.8200000000000003,1.33,0.6020704697986576,5,0.1720201342281879,False,0.1890738740484976,False,False,0.18054700413834274,False,0,LOW,PASS,1,2000
C1427,L1,TypeB,32.18,1.09,12.1,14.1,17.1,22.1,1.21,1.41,1.71,2.21,Latent_Defect,50,32.0,1.1,TypeB|T=32.0|V=1.1,11.14,1.9499999999999993,2.875,0.9599999999999991,0.33206153846153824,15,0.09487472527472521,False,0.041254525440085316,False,False,0.06806462535740526,False,0,LOW,PASS,1,2000
C1428,L1,TypeA,34.14,1.04,10.24,11.24,12.24,13.24,1.02,1.12,1.22,1.32,Normal,50,34.0,1.05,TypeA|T=34.0|V=1.05,11.120000000000001,1.8400000000000007,3.5249999999999986,0.8800000000000008,-0.3225869565217393,12,0.09216770186335409,False,0.272083282841756,False,False,0.18212549235255504,False,0,LOW,PASS,1,2000
C1429,L1,TypeA,32.92,1.15,10.97,10.97,10.97,10.97,1.1,1.1,1.1,1.1,High_Stable,50,33.0,1.1500000000000001,TypeA|T=33.0|V=1.15,11.57,1.2800000000000011,2.365000000000002,0.5999999999999996,-0.3161718749999995,15,0.09033482142857129,False,0.061271130990696705,False,False,0.075802976209634,False,0,LOW,PASS,1,2000
C1430,L1,TypeC,30.54,1.1,9.77,10.77,11.77,60.0,0.98,1.08,1.18,6.0,Absolute_Failure,50,31.0,1.1,TypeC|T=31.0|V=1.1,10.86,1.1399999999999997,2.6799999999999997,1.0899999999999999,-0.6449166666666667,6,0.18426190476190477,False,0.05454421522984431,False,False,0.11940305999587454,False,0,LOW,PASS,1,2000
C1431,L1,TypeB,32.98,1.06,14.73,15.73,16.73,60.0,1.47,1.57,1.67,6.0,Absolute_Failure,50,33.0,1.05,TypeB|T=33.0|V=1.05,11.035,2.4299999999999997,4.657500000000001,3.6950000000000003,1.0256286008230455,12,0.2930367430922987,False,0.5762794635321413,False,False,0.43465810331222,False,0,LOW,PASS,1,2000
C1432,L1,TypeC,31.63,1.24,13.33,14.33,33.33,35.33,1.33,1.43,3.33,3.53,Sudden_Anomaly,50,32.0,1.25,TypeC|T=32.0|V=1.25,11.69,2.1400000000000006,4.07,1.6400000000000006,0.5169065420560748,25,0.1476875834445928,False,0.07058734264439684,False,False,0.10913746304449481,False,0,LOW,PASS,1,2000
C1433,L1,TypeC,31.55,1.09,11.9,11.9,11.9,11.9,1.19,1.19,1.19,1.19,High_Stable,50,32.0,1.1,TypeC|T=32.0|V=1.1,12.09,0.5199999999999996,0.879999999999999,0.1899999999999995,-0.24645192307692262,13,0.07041483516483503,False,0.10805854762031619,False,False,0.08923669139257562,False,0,LOW,PASS,1,2000
C1434,L1,TypeC,33.57,1.18,12.58,14.58,17.58,22.58,1.26,1.46,1.76,2.26,Latent_Defect,50,34.0,1.2000000000000002,TypeC|T=34.0|V=1.2,12.12,1.25,2.1899999999999995,0.46000000000000085,0.24821600000000044,9,0.07091885714285727,False,0.09652685946364961,False,False,0.08372285830325343,False,0,LOW,PASS,1,2000
C1435,L1,TypeC,33.02,1.21,9.71,9.71,9.71,9.71,0.97,0.97,0.97,0.97,High_Stable,50,33.0,1.2000000000000002,TypeC|T=33.0|V=1.2,11.42,1.709999999999999,3.8500000000000014,1.709999999999999,-0.6745,9,0.1927142857142857,False,0.1349625299137675,False,False,0.1638384078140266,False,0,LOW,PASS,1,2000
C1436,L1,TypeA,33.46,1.15,11.57,12.57,13.57,14.57,1.16,1.26,1.36,1.46,Normal,50,33.0,1.1500000000000001,TypeA|T=33.0|V=1.15,11.57,1.2800000000000011,2.365000000000002,0.0,0.0,15,0.0,False,0.15629092302425576,False,False,0.07814546151212788,False,0,LOW,PASS,1,2000
C1437,L1,TypeB,32.82,1.01,10.53,11.53,30.53,32.53,1.05,1.15,3.05,3.25,Sudden_Anomaly,50,33.0,1.0,TypeB|T=33.0|V=1.0,10.84,0.4950000000000001,0.8975000000000009,0.3100000000000005,-0.422414141414142,6,0.12068975468975486,False,0.3231026646157713,False,False,0.22189620965276308,False,0,LOW,PASS,1,2000
C1438,L1,TypeA,33.35,1.1,12.48,14.48,17.48,22.48,1.25,1.45,1.75,2.25,Latent_Defect,50,33.0,1.1,TypeA|T=33.0|V=1.1,12.51,0.9799999999999995,2.2375000000000007,0.02999999999999936,-0.02064795918367304,20,0.005899416909620868,False,0.22309435927043716,False,False,0.11449688809002902,False,0,LOW,PASS,1,2000
C1439,L1,TypeA,33.98,1.26,12.93,12.93,12.93,12.93,1.29,1.29,1.29,1.29,High_Stable,50,34.0,1.25,TypeA|T=34.0|V=1.25,11.4,1.6100000000000012,2.880000000000001,1.5299999999999994,0.6409844720496887,11,0.18313842058562532,False,0.2264953684647357,False,False,0.2048168945251805,False,0,LOW,PASS,1,2000
C1440,L1,TypeA,30.0,1.2,11.41,12.41,13.41,14.41,1.14,1.24,1.34,1.44,Normal,50,30.0,1.2000000000000002,TypeA|T=30.0|V=1.2,10.23,1.5199999999999996,2.7125000000000004,1.1799999999999997,0.523625,14,0.14960714285714286,False,0.057402787536187404,False,False,0.10350496519666513,False,0,LOW,PASS,1,2000
C1441,L1,TypeC,31.9,1.1,10.9,11.9,12.9,13.9,1.09,1.19,1.29,1.39,Normal,50,32.0,1.1,TypeC|T=32.0|V=1.1,12.09,0.5199999999999996,0.879999999999999,1.1899999999999995,-1.5435673076923084,13,0.441019230769231,False,0.27785524271139955,False,False,0.35943723674031525,False,0,LOW,PASS,1,2000
C1442,L1,TypeA,34.66,1.11,13.8,15.8,18.8,23.8,1.38,1.58,1.88,2.38,Latent_Defect,50,35.0,1.1,TypeA|T=35.0|V=1.1,11.055,2.175,4.34,2.745000000000001,0.8512655172413797,10,0.24321871921182275,False,0.40120629536102764,False,False,0.3222125072864252,False,0,LOW,PASS,1,2000
C1443,L1,TypeA,33.89,1.3,12.54,13.54,32.54,34.54,1.25,1.35,3.25,3.45,Sudden_Anomaly,50,34.0,1.3,TypeA|T=34.0|V=1.3,12.54,0.8200000000000003,1.67,0.0,0.0,3,0.0,False,0.4530409252938907,False,False,0.22652046264694534,False,0,LOW,PASS,1,2000
C1444,L1,TypeB,31.87,1.25,11.14,13.14,16.14,21.14,1.11,1.31,1.61,2.11,Latent_Defect,50,32.0,1.25,TypeB|T=32.0|V=1.25,11.31,1.7350000000000003,3.01,0.16999999999999993,-0.06608933717579246,10,0.018882667764512133,False,0.09971368139801018,False,False,0.05929817458126116,False,0,LOW,PASS,1,2000
C1445,L1,TypeC,32.46,1.14,8.54,9.54,10.54,60.0,0.85,0.95,1.05,6.0,Absolute_Failure,50,32.0,1.1500000000000001,TypeC|T=32.0|V=1.15,10.04,0.9299999999999997,1.7025000000000006,1.5,-1.0879032258064518,10,0.31082949308755764,False,0.27624230197589283,False,False,0.29353589753172526,False,0,LOW,PASS,1,2000
C1446,L1,TypeA,29.62,1.05,8.74,8.74,8.74,8.74,0.87,0.87,0.87,0.87,High_Stable,50,30.0,1.05,TypeA|T=30.0|V=1.05,12.185,2.344999999999999,4.959999999999999,3.4450000000000003,-0.9908965884861413,12,0.28311331099604037,False,0.39407033298690386,False,False,0.3385918219914721,False,0,LOW,PASS,1,2000
C1447,L1,TypeC,30.27,1.01,14.64,16.64,19.64,24.64,1.46,1.66,1.96,2.46,Latent_Defect,50,30.0,1.0,TypeC|T=30.0|V=1.0,12.955,1.125,2.0124999999999993,1.6850000000000005,1.0102511111111114,4,0.2886431746031747,False,0.4347192983295149,False,False,0.36168123646634476,False,0,LOW,PASS,1,2000
C1448,L1,TypeB,28.26,1.05,8.01,10.01,13.01,18.01,0.8,1.0,1.3,1.8,Latent_Defect,50,28.0,1.05,TypeB|T=28.0|V=1.05,10.05,0.5450000000000008,1.3650000000000002,2.040000000000001,-2.524733944954126,8,0.7213525557011788,False,0.7719604541413857,True,False,0.7466565049212823,True,1,MEDIUM,REVIEW,1,2000
C1449,L1,TypeC,25.7,1.22,10.36,10.36,10.36,10.36,1.04,1.04,1.04,1.04,High_Stable,50,26.0,1.2000000000000002,TypeC|T=26.0|V=1.2,10.945,1.1799999999999997,2.1525000000000016,0.5850000000000009,-0.33439194915254294,14,0.09554055690072656,False,0.20774917886954086,False,False,0.1516448678851337,False,0,LOW,PASS,1,2000
C1450,L1,TypeB,34.4,1.24,8.43,9.43,28.43,30.43,0.84,0.94,2.84,3.04,Sudden_Anomaly,50,34.0,1.25,TypeB|T=34.0|V=1.25,9.45,0.8499999999999996,1.727500000000001,1.0199999999999996,-0.8093999999999999,14,0.23125714285714283,False,0.5105691838979083,False,False,0.37091316337752556,False,0,LOW,PASS,1,2000
C1451,L1,TypeB,33.09,1.03,8.95,10.95,13.95,18.95,0.89,1.09,1.39,1.89,Latent_Defect,50,33.0,1.05,TypeB|T=33.0|V=1.05,11.035,2.4299999999999997,4.657500000000001,2.085000000000001,-0.578737654320988,12,0.1653536155202823,False,0.2829065916731002,False,False,0.22413010359669128,False,0,LOW,PASS,1,2000
C1452,L1,TypeB,28.23,1.17,13.5,13.5,13.5,13.5,1.35,1.35,1.35,1.35,High_Stable,50,28.0,1.1500000000000001,TypeB|T=28.0|V=1.15,11.055,0.6099999999999994,0.9824999999999982,2.4450000000000003,2.7035286885245933,6,0.7724367681498838,False,0.46252036796209994,False,False,0.6174785680559919,True,0,MEDIUM,REVIEW,1,2000
C1453,L1,TypeC,25.72,1.22,13.73,13.73,13.73,13.73,1.37,1.37,1.37,1.37,High_Stable,50,26.0,1.2000000000000002,TypeC|T=26.0|V=1.2,10.945,1.1799999999999997,2.1525000000000016,2.785,1.5919343220338988,14,0.4548383777239711,False,0.4899222768470808,False,False,0.4723803272855259,False,0,LOW,PASS,1,2000
C1454,L1,TypeC,32.1,1.23,8.8,9.8,28.8,30.8,0.88,0.98,2.88,3.08,Sudden_Anomaly,50,32.0,1.25,TypeC|T=32.0|V=1.25,11.69,2.1400000000000006,4.07,2.889999999999999,-0.9108901869158872,25,0.2602543391188249,False,0.2519543978025698,False,False,0.25610436846069734,False,0,LOW,PASS,1,2000
C1455,L1,TypeC,27.26,1.2,10.88,11.88,12.88,13.88,1.09,1.19,1.29,1.39,Normal,50,27.0,1.2000000000000002,TypeC|T=27.0|V=1.2,11.76,0.9649999999999999,1.790000000000001,0.879999999999999,-0.6150880829015538,10,0.1757394522575868,False,0.0661223695116548,False,False,0.1209309108846208,False,0,LOW,PASS,1,2000
C1456,L1,TypeB,29.99,1.15,10.91,12.91,15.91,20.91,1.09,1.29,1.59,2.09,Latent_Defect,50,30.0,1.1500000000000001,TypeB|T=30.0|V=1.15,10.945,1.7299999999999995,3.4999999999999982,0.03500000000000014,-0.013645953757225493,12,0.003898843930635855,False,0.060421697376050874,False,False,0.03216027065334336,False,0,LOW,PASS,1,2000
C1457,L1,TypeB,30.18,1.14,12.61,13.61,14.61,60.0,1.26,1.36,1.46,6.0,Absolute_Failure,50,30.0,1.1500000000000001,TypeB|T=30.0|V=1.15,10.945,1.7299999999999995,3.4999999999999982,1.6649999999999991,0.6491575144508669,12,0.18547357555739055,False,0.0,False,False,0.09273678777869528,False,0,LOW,PASS,1,2000
C1458,L1,TypeB,27.06,1.27,14.94,15.94,16.94,60.0,1.49,1.59,1.69,6.0,Absolute_Failure,50,27.0,1.25,TypeB|T=27.0|V=1.25,11.08,1.9299999999999997,3.119999999999999,3.8599999999999994,1.349,11,0.3854285714285714,False,0.7639704069747378,True,False,0.5746994892016546,False,1,LOW,PASS,1,2000
C1459,L1,TypeC,26.49,1.25,11.0,11.0,11.0,11.0,1.1,1.1,1.1,1.1,High_Stable,50,26.0,1.25,TypeC|T=26.0|V=1.25,12.27,1.3600000000000012,2.630000000000001,1.2699999999999996,-0.6298639705882345,9,0.17996113445378129,False,0.20369624109687215,False,False,0.19182868777532672,False,0,LOW,PASS,1,2000
C1460,L1,TypeC,32.46,1.01,13.57,14.57,15.57,16.57,1.36,1.46,1.56,1.66,Normal,50,32.0,1.0,TypeC|T=32.0|V=1.0,12.88,1.200000000000001,2.215,0.6899999999999995,0.3878374999999994,7,0.11081071428571411,False,0.33251899257966777,False,False,0.22166485343269093,False,0,LOW,PASS,1,2000
C1461,L1,TypeA,31.45,1.17,14.35,14.35,14.35,14.35,1.44,1.44,1.44,1.44,High_Stable,50,31.0,1.1500000000000001,TypeA|T=31.0|V=1.15,12.38,1.9699999999999989,3.880000000000001,1.9699999999999989,0.6745,13,0.1927142857142857,False,0.06345210761106149,False,False,0.1280831966626736,False,0,LOW,PASS,1,2000
C1462,L1,TypeC,28.98,1.08,10.74,12.74,15.74,20.74,1.07,1.27,1.57,2.07,Latent_Defect,50,29.0,1.1,TypeC|T=29.0|V=1.1,11.565,1.4100000000000001,2.615000000000002,0.8249999999999993,-0.39465425531914855,10,0.11275835866261387,False,0.040743152882780534,False,False,0.0767507557726972,False,0,LOW,PASS,1,2000
C1463,L1,TypeA,30.88,1.1,10.09,11.09,12.09,60.0,1.01,1.11,1.21,6.0,Absolute_Failure,50,31.0,1.1,TypeA|T=31.0|V=1.1,13.24,1.4299999999999997,4.84,3.1500000000000004,-1.4857867132867137,17,0.42451048951048964,False,0.30022206809288843,False,False,0.36236627880168903,False,0,LOW,PASS,1,2000
C1464,L1,TypeC,29.75,1.2,14.99,15.99,16.99,17.99,1.5,1.6,1.7,1.8,Normal,50,30.0,1.2000000000000002,TypeC|T=30.0|V=1.2,10.635,1.0650000000000004,2.9975000000000005,4.355,2.758166666666666,12,0.7880476190476189,False,0.9337371676995168,True,False,0.8608923933735678,True,1,HIGH,REVIEW,1,2000
C1465,L1,TypeC,26.96,1.15,11.02,12.02,13.02,60.0,1.1,1.2,1.3,6.0,Absolute_Failure,50,27.0,1.1500000000000001,TypeC|T=27.0|V=1.15,12.01,1.0149999999999997,1.7874999999999996,0.9900000000000002,-0.6578866995073894,16,0.18796762843068268,False,0.05405715022130243,False,False,0.12101238932599256,False,0,LOW,PASS,1,2000
C1466,L1,TypeC,31.99,1.24,14.64,14.64,14.64,14.64,1.46,1.46,1.46,1.46,High_Stable,50,32.0,1.25,TypeC|T=32.0|V=1.25,11.69,2.1400000000000006,4.07,2.950000000000001,0.9298014018691589,25,0.26565754339118824,False,0.33061562781087167,False,False,0.29813658560102996,False,0,LOW,PASS,1,2000
C1467,L1,TypeA,33.87,1.06,13.23,15.23,18.23,23.23,1.32,1.52,1.82,2.32,Latent_Defect,50,34.0,1.05,TypeA|T=34.0|V=1.05,11.120000000000001,1.8400000000000007,3.5249999999999986,2.1099999999999994,0.7734755434782603,12,0.22099301242236008,False,0.22273316609044702,False,False,0.22186308925640355,False,0,LOW,PASS,1,2000
C1468,L1,TypeC,26.32,1.28,10.66,11.66,12.66,13.66,1.07,1.17,1.27,1.37,Normal,50,26.0,1.3,TypeC|T=26.0|V=1.3,10.66,1.2200000000000006,1.6799999999999997,0.0,0.0,9,0.0,False,0.33133930680491447,False,False,0.16566965340245723,False,0,LOW,PASS,1,2000
C1469,L1,TypeA,30.44,1.09,11.94,12.94,31.94,33.94,1.19,1.29,3.19,3.39,Sudden_Anomaly,50,30.0,1.1,TypeA|T=30.0|V=1.1,12.18,1.0999999999999996,1.9399999999999995,0.2400000000000002,-0.14716363636363652,9,0.04204675324675329,False,0.054537823417305856,False,False,0.04829228833202957,False,0,LOW,PASS,1,2000
C1470,L1,TypeC,25.93,1.22,10.86,12.86,15.86,20.86,1.09,1.29,1.59,2.09,Latent_Defect,50,26.0,1.2000000000000002,TypeC|T=26.0|V=1.2,10.945,1.1799999999999997,2.1525000000000016,0.08500000000000085,-0.048586864406780166,14,0.013881961259080047,False,0.2155769485331596,False,False,0.11472945489611983,False,0,LOW,PASS,1,2000
C1471,L1,TypeB,33.13,1.06,13.5,14.5,15.5,60.0,1.35,1.45,1.55,6.0,Absolute_Failure,50,33.0,1.05,TypeB|T=33.0|V=1.05,11.035,2.4299999999999997,4.657500000000001,2.465,0.6842150205761317,12,0.19549000587889478,False,0.22919537728899278,False,False,0.21234269158394378,False,0,LOW,PASS,1,2000
C1472,L1,TypeB,34.96,1.16,13.32,14.32,15.32,60.0,1.33,1.43,1.53,6.0,Absolute_Failure,50,35.0,1.1500000000000001,TypeB|T=35.0|V=1.15,12.0,1.1550000000000002,1.8774999999999995,1.3200000000000003,0.7708571428571428,6,0.22024489795918364,False,0.3386430507891937,False,False,0.27944397437418866,False,0,LOW,PASS,1,2000
C1473,L1,TypeA,27.8,1.18,11.14,12.14,31.14,33.14,1.11,1.21,3.11,3.31,Sudden_Anomaly,50,28.0,1.2000000000000002,TypeA|T=28.0|V=1.2,12.24,1.0999999999999996,1.5700000000000003,1.0999999999999996,-0.6745,9,0.1927142857142857,False,0.057902022478181533,False,False,0.1253081540962336,False,0,LOW,PASS,1,2000
C1474,L1,TypeC,26.85,1.03,10.53,11.53,12.53,13.53,1.05,1.15,1.25,1.35,Normal,50,27.0,1.05,TypeC|T=27.0|V=1.05,10.53,2.4499999999999993,5.0600000000000005,0.0,0.0,13,0.0,False,0.253476763443963,False,False,0.1267383817219815,False,0,LOW,PASS,1,2000
C1475,L1,TypeB,32.87,1.04,9.17,9.17,9.17,9.17,0.92,0.92,0.92,0.92,High_Stable,50,33.0,1.05,TypeB|T=33.0|V=1.05,11.035,2.4299999999999997,4.657500000000001,1.8650000000000002,-0.5176718106995886,12,0.14790623162845387,False,0.2266197078535068,False,False,0.18726296974098033,False,0,LOW,PASS,1,2000
C1476,L1,TypeA,32.72,1.29,9.81,9.81,9.81,9.81,0.98,0.98,0.98,0.98,High_Stable,50,33.0,1.3,TypeA|T=33.0|V=1.3,12.84,1.08,1.9299999999999997,3.0299999999999994,-1.8923472222222215,7,0.5406706349206347,False,0.700404377987327,True,False,0.6205375064539809,True,1,MEDIUM,REVIEW,1,2000
C1477,L1,TypeA,33.45,1.18,11.48,12.48,13.48,14.48,1.15,1.25,1.35,1.45,Normal,50,33.0,1.2000000000000002,TypeA|T=33.0|V=1.2,11.66,1.0100000000000007,1.722500000000002,0.17999999999999972,-0.12020792079207894,10,0.03434512022630827,False,0.09907681106990318,False,False,0.06671096564810572,False,0,LOW,PASS,1,2000
C1478,L1,TypeC,30.38,1.23,11.51,13.51,16.51,21.51,1.15,1.35,1.65,2.15,Latent_Defect,50,30.0,1.25,TypeC|T=30.0|V=1.25,11.165,2.1099999999999994,4.5649999999999995,0.34500000000000064,0.11028554502369692,10,0.03151015572105626,False,0.0,False,False,0.01575507786052813,False,0,LOW,PASS,1,2000
C1479,L1,TypeC,31.74,1.17,11.04,11.04,11.04,11.04,1.1,1.1,1.1,1.1,High_Stable,50,32.0,1.1500000000000001,TypeC|T=32.0|V=1.15,10.04,0.9299999999999997,1.7025000000000006,1.0,0.7252688172043013,10,0.20721966205837178,False,0.09911763741385227,False,False,0.15316864973611202,False,0,LOW,PASS,1,2000
C1480,L1,TypeA,29.14,1.27,10.23,11.23,30.23,32.23,1.02,1.12,3.02,3.22,Sudden_Anomaly,50,29.0,1.25,TypeA|T=29.0|V=1.25,11.665,2.455,4.470000000000001,1.4349999999999987,-0.3942596741344192,10,0.11264562118126263,False,0.13749205654071892,False,False,0.12506883886099077,False,0,LOW,PASS,1,2000
C1481,L1,TypeC,25.01,1.15,10.91,11.91,12.91,13.91,1.09,1.19,1.29,1.39,Normal,50,25.0,1.1500000000000001,TypeC|T=25.0|V=1.15,11.58,1.1050000000000004,2.594999999999999,0.6699999999999999,-0.40897285067873285,6,0.11684938590820938,False,0.2573796570143267,False,False,0.18711452146126803,False,0,LOW,PASS,1,2000
C1482,L1,TypeB,33.56,1.3,8.01,10.01,13.01,18.01,0.8,1.0,1.3,1.8,Latent_Defect,50,34.0,1.3,TypeB|T=34.0|V=1.3,12.55,0.9050000000000002,1.6849999999999987,4.540000000000001,-3.3836795580110492,8,0.9667655880031569,False,1.0,True,False,0.9833827940015785,True,1,CRITICAL,REVIEW,1,2000
C1483,L1,TypeB,29.3,1.02,9.18,10.18,11.18,12.18,0.92,1.02,1.12,1.22,Normal,50,29.0,1.0,TypeB|T=29.0|V=1.0,10.57,0.8200000000000003,1.509999999999998,1.3900000000000006,-1.143359756097561,7,0.32667421602787455,False,0.30796673733791813,False,False,0.3173204766828963,False,0,LOW,PASS,1,2000
C1484,L1,TypeA,29.26,1.29,11.75,12.75,13.75,14.75,1.18,1.28,1.38,1.48,Normal,50,29.0,1.3,TypeA|T=29.0|V=1.3,10.07,0.23000000000000043,0.9550000000000001,1.6799999999999997,4.926782608695642,3,1.0,True,0.8356798714906779,True,False,0.917839935745339,True,2,CRITICAL,REVIEW,1,2000
C1485,L1,TypeB,27.79,1.27,11.79,12.79,31.79,33.79,1.18,1.28,3.18,3.38,Sudden_Anomaly,50,28.0,1.25,TypeB|T=28.0|V=1.25,11.78,0.9900000000000002,2.33,0.009999999999999787,0.006813131313131166,13,0.0019466089466089046,False,0.20735888147489365,False,False,0.10465274521075127,False,0,LOW,PASS,1,2000
C1486,L1,TypeC,26.47,1.06,14.68,15.68,34.68,36.68,1.47,1.57,3.47,3.67,Sudden_Anomaly,50,26.0,1.05,TypeC|T=26.0|V=1.05,10.399999999999999,1.4600000000000009,2.5600000000000005,4.280000000000001,1.977301369863013,10,0.5649432485322895,False,0.8513531773641585,True,False,0.7081482129482239,True,1,MEDIUM,REVIEW,1,2000
C1487,L1,TypeC,30.86,1.18,14.04,15.04,16.04,17.04,1.4,1.5,1.6,1.7,Normal,50,31.0,1.2000000000000002,TypeC|T=31.0|V=1.2,12.16,1.0600000000000005,2.16,1.879999999999999,1.1962830188679232,11,0.3417951482479781,False,0.09603561970789029,False,False,0.2189153839779342,False,0,LOW,PASS,1,2000
C1488,L1,TypeA,33.62,1.2,12.35,13.35,32.35,34.35,1.23,1.33,3.23,3.43,Sudden_Anomaly,50,34.0,1.2000000000000002,TypeA|T=34.0|V=1.2,12.43,1.0600000000000005,1.8825000000000003,0.08000000000000007,-0.05090566037735851,10,0.014544474393531003,False,0.19086704561144385,False,False,0.10270576000248743,False,0,LOW,PASS,1,2000
C1489,L1,TypeA,31.25,1.03,12.32,12.32,12.32,12.32,1.23,1.23,1.23,1.23,High_Stable,50,31.0,1.05,TypeA|T=31.0|V=1.05,11.53,2.0299999999999994,3.8049999999999997,0.7900000000000009,0.26249014778325164,15,0.07499718508092904,False,0.12333026058721441,False,False,0.09916372283407172,False,0,LOW,PASS,1,2000
C1490,L1,TypeA,32.95,1.11,13.54,13.54,13.54,13.54,1.35,1.35,1.35,1.35,High_Stable,50,33.0,1.1,TypeA|T=33.0|V=1.1,12.51,0.9799999999999995,2.2375000000000007,1.0299999999999994,0.7089132653061223,20,0.20254664723032065,False,0.14389707448188396,False,False,0.1732218608561023,False,0,LOW,PASS,1,2000
C1491,L1,TypeA,27.73,1.25,9.31,10.31,11.31,12.31,0.93,1.03,1.13,1.23,Normal,50,28.0,1.25,TypeA|T=28.0|V=1.25,9.600000000000001,0.9050000000000002,2.1999999999999993,0.2900000000000009,-0.21613812154696194,8,0.061753749013417694,False,0.28513128388087494,False,False,0.1734425164471463,False,0,LOW,PASS,1,2000
C1492,L1,TypeA,34.57,1.15,10.3,10.3,10.3,10.3,1.03,1.03,1.03,1.03,High_Stable,50,35.0,1.1500000000000001,TypeA|T=35.0|V=1.15,10.04,1.2799999999999994,1.540000000000001,0.26000000000000156,0.13700781250000088,5,0.039145089285714536,False,0.2958999687561331,False,False,0.16752252902092382,False,0,LOW,PASS,1,2000
C1493,L1,TypeB,31.35,1.14,8.68,9.68,10.68,60.0,0.87,0.97,1.07,6.0,Absolute_Failure,50,31.0,1.1500000000000001,TypeB|T=31.0|V=1.15,11.82,2.21,4.27,3.1400000000000006,-0.9583393665158373,16,0.2738112475759535,False,0.19221680354444054,False,False,0.233014025560197,False,0,LOW,PASS,1,2000
C1494,L1,TypeC,34.94,1.25,10.18,11.18,12.18,60.0,1.02,1.12,1.22,6.0,Absolute_Failure,50,35.0,1.25,TypeC|T=35.0|V=1.25,11.105,1.085,1.9725000000000001,0.9250000000000007,-0.575034562211982,14,0.16429558920342344,False,0.3628584147427863,False,False,0.26357700197310485,False,0,LOW,PASS,1,2000
C1495,L1,TypeB,26.66,1.26,8.05,9.05,10.05,11.05,0.8,0.9,1.0,1.1,Normal,50,27.0,1.25,TypeB|T=27.0|V=1.25,11.08,1.9299999999999997,3.119999999999999,3.0299999999999994,-1.0589300518134714,11,0.30255144337527756,False,0.631510656944488,True,False,0.4670310501598828,False,1,LOW,PASS,1,2000
C1496,L1,TypeA,26.13,1.07,13.64,14.64,15.64,16.64,1.36,1.46,1.56,1.66,Normal,50,26.0,1.05,TypeA|T=26.0|V=1.05,12.61,1.0300000000000011,2.205,1.0300000000000011,0.6745,11,0.1927142857142857,False,0.21307543017362257,False,False,0.20289485794395412,False,0,LOW,PASS,1,2000
C1497,L1,TypeB,33.22,1.28,8.18,9.18,28.18,30.18,0.82,0.92,2.82,3.02,Sudden_Anomaly,50,33.0,1.3,TypeB|T=33.0|V=1.3,11.475,2.09,3.3674999999999997,3.295,-1.0633863636363639,6,0.3038246753246754,False,0.6595678797166873,True,False,0.48169627752068134,False,1,LOW,PASS,1,2000
C1498,L1,TypeC,26.33,1.21,8.91,9.91,10.91,60.0,0.89,0.99,1.09,6.0,Absolute_Failure,50,26.0,1.2000000000000002,TypeC|T=26.0|V=1.2,10.945,1.1799999999999997,2.1525000000000016,2.035,-1.1632266949152545,14,0.3323504842615013,False,0.2531424688792243,False,False,0.2927464765703628,False,0,LOW,PASS,1,2000
C1499,L1,TypeC,33.85,1.22,11.98,12.98,13.98,14.98,1.2,1.3,1.4,1.5,Normal,50,34.0,1.2000000000000002,TypeC|T=34.0|V=1.2,12.12,1.25,2.1899999999999995,0.1399999999999988,-0.07554399999999935,9,0.021583999999999815,False,0.18651373898273155,False,False,0.10404886949136569,False,0,LOW,PASS,1,2000
C1500,L1,TypeA,25.45,1.1,9.13,9.13,9.13,9.13,0.91,0.91,0.91,0.91,High_Stable,50,25.0,1.1,TypeA|T=25.0|V=1.1,9.65,0.8100000000000005,1.834999999999999,0.5199999999999996,-0.43301234567901176,6,0.12371781305114622,False,0.3282374759663054,False,False,0.22597764450872582,False,0,LOW,PASS,1,2000
C1501,L1,TypeB,32.39,1.28,10.41,11.41,12.41,13.41,1.04,1.14,1.24,1.34,Normal,50,32.0,1.3,TypeB|T=32.0|V=1.3,11.8,1.0899999999999999,2.0299999999999994,1.3900000000000006,-0.8601422018348628,9,0.24575491480996078,False,0.25172738406634276,False,False,0.2487411494381518,False,0,LOW,PASS,1,2000
C1502,L1,TypeA,26.26,1.13,13.86,14.86,15.86,60.0,1.39,1.49,1.59,6.0,Absolute_Failure,50,26.0,1.1500000000000001,TypeA|T=26.0|V=1.15,13.635,0.5950000000000006,2.6400000000000006,0.22499999999999964,0.25506302521008334,6,0.0728751500600238,False,0.3119926411874674,False,False,0.1924338956237456,False,0,LOW,PASS,1,2000
C1503,L1,TypeB,34.81,1.15,9.06,9.06,9.06,9.06,0.91,0.91,0.91,0.91,High_Stable,50,35.0,1.1500000000000001,TypeB|T=35.0|V=1.15,12.0,1.1550000000000002,1.8774999999999995,2.9399999999999995,-1.7169090909090903,6,0.49054545454545434,False,0.5124009221176367,False,False,0.5014731883315455,False,0,LOW,PASS,1,2000
C1504,L1,TypeA,34.14,1.01,11.8,12.8,31.8,33.8,1.18,1.28,3.18,3.38,Sudden_Anomaly,50,34.0,1.0,TypeA|T=34.0|V=1.0,12.485,0.8300000000000001,1.3175000000000008,0.6849999999999987,-0.5566656626506014,6,0.1590473321858861,False,0.39573407347778705,False,False,0.2773907028318366,False,0,LOW,PASS,1,2000
C1505,L1,TypeB,26.24,1.18,14.59,16.59,19.59,24.59,1.46,1.66,1.96,2.46,Latent_Defect,50,26.0,1.2000000000000002,TypeB|T=26.0|V=1.2,12.85,1.9000000000000004,4.229999999999999,1.7400000000000002,0.6177,17,0.1764857142857143,False,0.2884978637762861,False,False,0.2324917890310002,False,0,LOW,PASS,1,2000
C1506,L1,TypeA,31.61,1.23,13.92,13.92,13.92,13.92,1.39,1.39,1.39,1.39,High_Stable,50,32.0,1.25,TypeA|T=32.0|V=1.25,11.01,1.1799999999999997,3.67,2.91,1.6633855932203394,13,0.4752530266343827,False,0.34529036376303107,False,False,0.4102716951987069,False,0,LOW,PASS,1,2000
C1507,L1,TypeA,25.25,1.07,9.47,10.47,29.47,31.47,0.95,1.05,2.95,3.15,Sudden_Anomaly,50,25.0,1.05,TypeA|T=25.0|V=1.05,8.855,0.6050000000000004,0.9299999999999997,0.6150000000000002,0.6856487603305782,6,0.19589964580873662,False,0.4926364847327273,False,False,0.34426806527073195,False,0,LOW,PASS,1,2000
C1508,L1,TypeA,31.96,1.01,12.1,12.1,12.1,12.1,1.21,1.21,1.21,1.21,High_Stable,50,32.0,1.0,TypeA|T=32.0|V=1.0,10.79,0.7699999999999996,1.4649999999999999,1.3100000000000005,1.1475259740259751,7,0.3278645640074215,False,0.31478934913318085,False,False,0.3213269565703012,False,0,LOW,PASS,1,2000
C1509,L1,TypeA,27.19,1.11,8.72,9.72,28.72,30.72,0.87,0.97,2.87,3.07,Sudden_Anomaly,50,27.0,1.1,TypeA|T=27.0|V=1.1,9.72,1.0250000000000004,2.232499999999998,1.0,-0.6580487804878047,14,0.1880139372822299,False,0.20230580474501117,False,False,0.19515987101362053,False,0,LOW,PASS,1,2000
C1510,L1,TypeC,34.62,1.06,10.34,11.34,30.34,32.34,1.03,1.13,3.03,3.23,Sudden_Anomaly,50,35.0,1.05,TypeC|T=35.0|V=1.05,10.34,1.5199999999999996,3.0900000000000016,0.0,0.0,9,0.0,False,0.413665204042879,False,False,0.2068326020214395,False,0,LOW,PASS,1,2000
C1511,L1,TypeB,34.19,1.26,11.05,12.05,13.05,14.05,1.11,1.21,1.31,1.41,Normal,50,34.0,1.25,TypeB|T=34.0|V=1.25,9.45,0.8499999999999996,1.727500000000001,1.6000000000000014,1.2696470588235311,14,0.3627563025210089,False,0.47699717052142687,False,False,0.4198767365212179,False,0,LOW,PASS,1,2000
C1512,L1,TypeB,31.15,1.2,13.11,15.11,18.11,23.11,1.31,1.51,1.81,2.31,Latent_Defect,50,31.0,1.2000000000000002,TypeB|T=31.0|V=1.2,12.745000000000001,1.1800000000000006,1.652499999999998,0.36499999999999844,0.20863771186440577,8,0.05961077481840165,False,0.08701602017245408,False,False,0.07331339749542787,False,0,LOW,PASS,1,2000
C1513,L1,TypeB,26.13,1.21,12.89,12.89,12.89,12.89,1.29,1.29,1.29,1.29,High_Stable,50,26.0,1.2000000000000002,TypeB|T=26.0|V=1.2,12.85,1.9000000000000004,4.229999999999999,0.040000000000000924,0.014200000000000325,17,0.00405714285714295,False,0.28337852145932496,False,False,0.14371783215823394,False,0,LOW,PASS,1,2000
C1514,L1,TypeA,29.99,1.22,8.29,9.29,10.29,60.0,0.83,0.93,1.03,6.0,Absolute_Failure,50,30.0,1.2000000000000002,TypeA|T=30.0|V=1.2,10.23,1.5199999999999996,2.7125000000000004,1.9400000000000013,-0.8608750000000008,14,0.24596428571428594,False,0.2679184689100191,False,False,0.2569413773121525,False,0,LOW,PASS,1,2000
C1515,L1,TypeB,28.94,1.17,8.27,9.27,28.27,30.27,0.83,0.93,2.83,3.03,Sudden_Anomaly,50,29.0,1.1500000000000001,TypeB|T=29.0|V=1.15,10.075,1.245,2.1799999999999997,1.8049999999999997,-0.9778895582329314,12,0.2793970166379804,False,0.27293445323674886,False,False,0.2761657349373646,False,0,LOW,PASS,1,2000
C1516,L1,TypeC,34.29,1.02,14.95,15.95,34.95,36.95,1.5,1.6,3.5,3.7,Sudden_Anomaly,50,34.0,1.0,TypeC|T=34.0|V=1.0,12.25,2.6999999999999993,4.765000000000001,2.6999999999999993,0.6745,7,0.1927142857142857,False,0.6454230529633725,True,False,0.41906866933882914,False,1,LOW,PASS,1,2000
C1517,L1,TypeC,33.75,1.28,13.87,14.87,15.87,16.87,1.39,1.49,1.59,1.69,Normal,50,34.0,1.3,TypeC|T=34.0|V=1.3,12.14,1.7299999999999986,2.59,1.7299999999999986,0.6745,3,0.1927142857142857,False,0.3516658797823002,False,False,0.2721900827482929,False,0,LOW,PASS,1,2000
C1518,L1,TypeB,34.11,1.13,14.17,15.17,16.17,60.0,1.42,1.52,1.62,6.0,Absolute_Failure,50,34.0,1.1500000000000001,TypeB|T=34.0|V=1.15,12.24,1.9000000000000004,2.8599999999999994,1.9299999999999997,0.6851499999999997,13,0.19575714285714277,False,0.22833196519282054,False,False,0.21204455402498165,False,0,LOW,PASS,1,2000
C1519,L1,TypeB,32.38,1.22,8.41,8.41,8.41,8.41,0.84,0.84,0.84,0.84,High_Stable,50,32.0,1.2000000000000002,TypeB|T=32.0|V=1.2,10.46,1.8199999999999985,2.365,2.0500000000000007,-0.7597390109890119,7,0.2170682888540034,False,0.27196630624817697,False,False,0.2445172975510902,False,0,LOW,PASS,1,2000
C1520,L1,TypeC,33.71,1.15,12.47,13.47,32.47,34.47,1.25,1.35,3.25,3.45,Sudden_Anomaly,50,34.0,1.1500000000000001,TypeC|T=34.0|V=1.15,11.96,1.6599999999999993,2.977499999999999,0.5099999999999998,0.20722590361445783,10,0.05920740103270224,False,0.08451502247138183,False,False,0.07186121175204203,False,0,LOW,PASS,1,2000
C1521,L1,TypeA,31.68,1.26,11.45,12.45,13.45,60.0,1.14,1.24,1.34,6.0,Absolute_Failure,50,32.0,1.25,TypeA|T=32.0|V=1.25,11.01,1.1799999999999997,3.67,0.4399999999999995,0.25150847457627096,13,0.07185956416464885,False,0.07244222383390965,False,False,0.07215089399927925,False,0,LOW,PASS,1,2000
C1522,L1,TypeC,25.58,1.01,10.43,11.43,12.43,13.43,1.04,1.14,1.24,1.34,Normal,50,26.0,1.0,TypeC|T=26.0|V=1.0,11.524999999999999,1.2949999999999982,3.1874999999999982,1.0949999999999989,-0.5703301158301161,6,0.16295146166574745,False,0.3788151125540475,False,False,0.27088328710989745,False,0,LOW,PASS,1,2000
C1523,L1,TypeC,27.69,1.22,9.07,10.07,11.07,60.0,0.91,1.01,1.11,6.0,Absolute_Failure,50,28.0,1.2000000000000002,TypeC|T=28.0|V=1.2,10.935,1.6499999999999995,2.9349999999999987,1.8650000000000002,-0.7623893939393943,10,0.21782554112554123,False,0.14465506998343658,False,False,0.1812403055544889,False,0,LOW,PASS,1,2000
C1524,L1,TypeB,29.7,1.15,8.15,9.15,28.15,30.15,0.81,0.91,2.81,3.01,Sudden_Anomaly,50,30.0,1.1500000000000001,TypeB|T=30.0|V=1.15,10.945,1.7299999999999995,3.4999999999999982,2.795,-1.089726878612717,12,0.31135053674649055,False,0.3224859246796103,False,False,0.3169182307130504,False,0,LOW,PASS,1,2000
C1525,L1,TypeB,32.48,1.06,12.96,12.96,12.96,12.96,1.3,1.3,1.3,1.3,High_Stable,50,32.0,1.05,TypeB|T=32.0|V=1.05,10.77,1.299999999999999,3.1000000000000014,2.1900000000000013,1.1362730769230784,9,0.324649450549451,False,0.18511233963455878,False,False,0.2548808950920049,False,0,LOW,PASS,1,2000
C1526,L1,TypeB,30.76,1.07,12.49,13.49,14.49,60.0,1.25,1.35,1.45,6.0,Absolute_Failure,50,31.0,1.05,TypeB|T=31.0|V=1.05,11.385000000000002,1.1099999999999985,2.115,1.1049999999999986,0.6714617117117118,16,0.19184620334620336,False,0.029532014949202226,False,False,0.1106891091477028,False,0,LOW,PASS,1,2000
C1527,L1,TypeC,31.69,1.14,14.58,15.58,16.58,17.58,1.46,1.56,1.66,1.76,Normal,50,32.0,1.1500000000000001,TypeC|T=32.0|V=1.15,10.04,0.9299999999999997,1.7025000000000006,4.540000000000001,3.2927204301075284,10,0.9407772657450081,False,0.9034127326830117,True,False,0.92209499921401,True,1,CRITICAL,REVIEW,1,2000
C1528,L1,TypeC,34.36,1.06,9.93,10.93,11.93,12.93,0.99,1.09,1.19,1.29,Normal,50,34.0,1.05,TypeC|T=34.0|V=1.05,11.515,2.05,3.3249999999999993,1.5850000000000009,-0.5215036585365858,16,0.14900104529616737,False,0.2640219360196488,False,False,0.20651149065790808,False,0,LOW,PASS,1,2000
C1529,L1,TypeA,28.46,1.01,13.86,15.86,18.86,23.86,1.39,1.59,1.89,2.39,Latent_Defect,50,28.0,1.0,TypeA|T=28.0|V=1.0,11.8,0.75,1.7949999999999982,2.0599999999999987,1.8526266666666655,11,0.5293219047619044,False,0.5129801392935853,False,False,0.5211510220277449,False,0,LOW,PASS,1,2000
C1530,L1,TypeB,33.52,1.3,10.14,12.14,15.14,20.14,1.01,1.21,1.51,2.01,Latent_Defect,50,34.0,1.3,TypeB|T=34.0|V=1.3,12.55,0.9050000000000002,1.6849999999999987,2.41,-1.7961823204419884,8,0.513194948697711,False,0.6813640259916862,True,False,0.5972794873446986,False,1,LOW,PASS,1,2000
C1531,L1,TypeA,31.21,1.26,13.85,13.85,13.85,13.85,1.38,1.38,1.38,1.38,High_Stable,50,31.0,1.25,TypeA|T=31.0|V=1.25,12.5,1.3499999999999996,2.549999999999999,1.3499999999999996,0.6745,9,0.1927142857142857,False,0.1442724581931866,False,False,0.16849337195373615,False,0,LOW,PASS,1,2000
C1532,L1,TypeA,29.31,1.27,8.27,9.27,10.27,11.27,0.83,0.93,1.03,1.13,Normal,50,29.0,1.25,TypeA|T=29.0|V=1.25,11.665,2.455,4.470000000000001,3.3949999999999996,-0.9327606924643583,10,0.2665030549898167,False,0.5353681482430491,False,False,0.40093560161643294,False,0,LOW,PASS,1,2000
C1533,L1,TypeB,28.03,1.25,10.79,10.79,10.79,10.79,1.08,1.08,1.08,1.08,High_Stable,50,28.0,1.25,TypeB|T=28.0|V=1.25,11.78,0.9900000000000002,2.33,0.9900000000000002,-0.6745,13,0.1927142857142857,False,0.12752663459966437,False,False,0.16012046015697504,False,0,LOW,PASS,1,2000
C1534,L1,TypeC,30.0,1.03,12.93,12.93,12.93,12.93,1.29,1.29,1.29,1.29,High_Stable,50,30.0,1.05,TypeC|T=30.0|V=1.05,11.99,1.3200000000000003,2.9849999999999994,0.9399999999999995,0.4803257575757572,11,0.13723593073593063,False,0.15445539901726635,False,False,0.1458456648765985,False,0,LOW,PASS,1,2000
C1535,L1,TypeB,34.81,1.08,8.74,8.74,8.74,8.74,0.87,0.87,0.87,0.87,High_Stable,50,35.0,1.1,TypeB|T=35.0|V=1.1,12.945,1.125,2.370000000000001,4.205,-2.5211311111111114,4,0.7203231746031747,False,0.9502026618091806,True,False,0.8352629182061777,True,1,HIGH,REVIEW,1,2000
C1536,L1,TypeA,31.51,1.27,10.78,10.78,10.78,10.78,1.08,1.08,1.08,1.08,High_Stable,50,32.0,1.25,TypeA|T=32.0|V=1.25,11.01,1.1799999999999997,3.67,0.23000000000000043,-0.1314703389830511,13,0.03756295399515746,False,0.14754489026841802,False,False,0.09255392213178774,False,0,LOW,PASS,1,2000
C1537,L1,TypeB,34.31,1.21,14.13,15.13,34.13,36.13,1.41,1.51,3.41,3.61,Sudden_Anomaly,50,34.0,1.2000000000000002,TypeB|T=34.0|V=1.2,12.14,1.4100000000000001,2.795,1.9900000000000002,0.9519539007092199,16,0.2719868287740628,False,0.3084831016167591,False,False,0.290234965195411,False,0,LOW,PASS,1,2000
C1538,L1,TypeC,31.83,1.25,9.79,10.79,11.79,60.0,0.98,1.08,1.18,6.0,Absolute_Failure,50,32.0,1.25,TypeC|T=32.0|V=1.25,11.69,2.1400000000000006,4.07,1.9000000000000004,-0.5988551401869158,25,0.17110146862483308,False,0.12334646663649489,False,False,0.14722396763066398,False,0,LOW,PASS,1,2000
C1539,L1,TypeC,33.15,1.07,10.65,11.65,12.65,60.0,1.07,1.17,1.27,6.0,Absolute_Failure,50,33.0,1.05,TypeC|T=33.0|V=1.05,12.66,1.7599999999999998,3.5199999999999996,2.01,-0.7703096590909091,15,0.22008847402597403,False,0.21466011065301274,False,False,0.2173742923394934,False,0,LOW,PASS,1,2000
C1540,L1,TypeC,26.31,1.04,11.27,12.27,31.27,33.27,1.13,1.23,3.13,3.33,Sudden_Anomaly,50,26.0,1.05,TypeC|T=26.0|V=1.05,10.399999999999999,1.4600000000000009,2.5600000000000005,0.870000000000001,0.401928082191781,10,0.11483659491193743,False,0.17750932673858202,False,False,0.1461729608252597,False,0,LOW,PASS,1,2000
C1541,L1,TypeB,25.5,1.2,8.12,9.12,28.12,30.12,0.81,0.91,2.81,3.01,Sudden_Anomaly,50,26.0,1.2000000000000002,TypeB|T=26.0|V=1.2,12.85,1.9000000000000004,4.229999999999999,4.73,-1.6791499999999997,17,0.47975714285714277,False,0.9745185804097573,True,False,0.7271378616334501,True,1,MEDIUM,REVIEW,1,2000
C1542,L1,TypeC,27.84,1.09,10.24,12.24,15.24,20.24,1.02,1.22,1.52,2.02,Latent_Defect,50,28.0,1.1,TypeC|T=28.0|V=1.1,10.455,1.5649999999999995,2.9124999999999996,0.21499999999999986,-0.09266293929712457,18,0.026475125513464166,False,0.114772072431322,False,False,0.07062359897239308,False,0,LOW,PASS,1,2000
C1543,L1,TypeA,32.45,1.02,10.17,12.17,15.17,20.17,1.02,1.22,1.52,2.02,Latent_Defect,50,32.0,1.0,TypeA|T=32.0|V=1.0,10.79,0.7699999999999996,1.4649999999999999,0.6199999999999992,-0.5431038961038956,7,0.1551725417439702,False,0.21463470336910084,False,False,0.18490362255653553,False,0,LOW,PASS,1,2000
C1544,L1,TypeC,29.12,1.15,14.83,15.83,16.83,60.0,1.48,1.58,1.68,6.0,Absolute_Failure,50,29.0,1.1500000000000001,TypeC|T=29.0|V=1.15,12.29,2.540000000000001,4.075000000000001,2.540000000000001,0.6745,7,0.1927142857142857,False,0.2756046914207055,False,False,0.23415948856749558,False,0,LOW,PASS,1,2000
C1545,L1,TypeC,34.7,1.16,9.21,9.21,9.21,9.21,0.92,0.92,0.92,0.92,High_Stable,50,35.0,1.1500000000000001,TypeC|T=35.0|V=1.15,11.875,1.1550000000000002,1.9474999999999998,2.664999999999999,-1.556313852813852,10,0.4446611008039577,False,0.49007579954819164,False,False,0.46736845017607465,False,0,LOW,PASS,1,2000
C1546,L1,TypeA,29.11,1.1,8.67,10.67,13.67,18.67,0.87,1.07,1.37,1.87,Latent_Defect,50,29.0,1.1,TypeA|T=29.0|V=1.1,12.21,1.3999999999999986,3.4250000000000007,3.540000000000001,-1.7055214285714309,11,0.4872918367346945,False,0.41402799597965284,False,False,0.4506599163571737,False,0,LOW,PASS,1,2000
C1547,L1,TypeA,30.45,1.03,8.97,9.97,10.97,11.97,0.9,1.0,1.1,1.2,Normal,50,30.0,1.05,TypeA|T=30.0|V=1.05,12.185,2.344999999999999,4.959999999999999,3.215,-0.9247409381663116,12,0.26421169661894617,False,0.3673934666211846,False,False,0.31580258162006536,False,0,LOW,PASS,1,2000
C1548,L1,TypeB,27.36,1.2,8.8,10.8,13.8,18.8,0.88,1.08,1.38,1.88,Latent_Defect,50,27.0,1.2000000000000002,TypeB|T=27.0|V=1.2,12.775,1.4649999999999999,3.5824999999999996,3.9749999999999996,-1.8301279863481228,12,0.522893710385178,False,0.6124136218917474,True,False,0.5676536661384627,False,1,LOW,PASS,1,2000
C1549,L1,TypeC,33.38,1.05,13.62,15.62,18.62,23.62,1.36,1.56,1.86,2.36,Latent_Defect,50,33.0,1.05,TypeC|T=33.0|V=1.05,12.66,1.7599999999999998,3.5199999999999996,0.9599999999999991,0.3679090909090906,15,0.10511688311688303,False,0.230792340618514,False,False,0.1679546118676985,False,0,LOW,PASS,1,2000
C1550,L1,TypeC,27.7,1.07,11.59,11.59,11.59,11.59,1.16,1.16,1.16,1.16,High_Stable,50,28.0,1.05,TypeC|T=28.0|V=1.05,12.19,0.4800000000000004,0.8900000000000006,0.5999999999999996,-0.8431249999999987,9,0.24089285714285677,False,0.22198334006405948,False,False,0.23143809860345813,False,0,LOW,PASS,1,2000
C1551,L1,TypeC,26.25,1.06,9.5,10.5,29.5,31.5,0.95,1.05,2.95,3.15,Sudden_Anomaly,50,26.0,1.05,TypeC|T=26.0|V=1.05,10.399999999999999,1.4600000000000009,2.5600000000000005,0.8999999999999986,-0.41578767123287574,10,0.11879647749510736,False,0.19714593874739525,False,False,0.15797120812125132,False,0,LOW,PASS,1,2000
C1552,L1,TypeC,32.02,1.2,12.36,13.36,32.36,34.36,1.24,1.34,3.24,3.44,Sudden_Anomaly,50,32.0,1.2000000000000002,TypeC|T=32.0|V=1.2,10.575,1.6099999999999994,2.887500000000001,1.7850000000000001,0.7478152173913047,10,0.21366149068322993,False,0.08809722133340192,False,False,0.15087935600831592,False,0,LOW,PASS,1,2000
C1553,L1,TypeB,33.97,1.06,12.31,12.31,12.31,12.31,1.23,1.23,1.23,1.23,High_Stable,50,34.0,1.05,TypeB|T=34.0|V=1.05,11.07,1.3000000000000007,2.58,1.2400000000000002,0.6433692307692305,17,0.18381978021978013,False,0.19509203347583964,False,False,0.18945590684780989,False,0,LOW,PASS,1,2000
C1554,L1,TypeB,25.99,1.07,11.69,11.69,11.69,11.69,1.17,1.17,1.17,1.17,High_Stable,50,26.0,1.05,TypeB|T=26.0|V=1.05,11.965,1.6600000000000001,3.2074999999999996,0.27500000000000036,-0.11173945783132544,14,0.0319255593803787,False,0.19997273175216662,False,False,0.11594914556627266,False,0,LOW,PASS,1,2000
C1555,L1,TypeB,33.88,1.25,12.82,13.82,32.82,34.82,1.28,1.38,3.28,3.48,Sudden_Anomaly,50,34.0,1.25,TypeB|T=34.0|V=1.25,9.45,0.8499999999999996,1.727500000000001,3.370000000000001,2.674194117647061,14,0.7640554621848745,False,0.8012731264505942,True,False,0.7826642943177344,True,1,MEDIUM,REVIEW,1,2000
C1556,L1,TypeC,33.76,1.29,12.14,14.14,17.14,22.14,1.21,1.41,1.71,2.21,Latent_Defect,50,34.0,1.3,TypeC|T=34.0|V=1.3,12.14,1.7299999999999986,2.59,0.0,0.0,3,0.0,False,0.3798109768199107,False,False,0.18990548840995536,False,0,LOW,PASS,1,2000
C1557,L1,TypeB,34.81,1.01,11.08,12.08,13.08,14.08,1.11,1.21,1.31,1.41,Normal,50,35.0,1.0,TypeB|T=35.0|V=1.0,10.65,0.375,0.9199999999999999,0.4299999999999997,0.7734266666666662,4,0.22097904761904746,False,0.5765321250966265,False,False,0.39875558635783703,False,0,LOW,PASS,1,2000
C1558,L1,TypeC,34.39,1.28,8.69,9.69,10.69,11.69,0.87,0.97,1.07,1.17,Normal,50,34.0,1.3,TypeC|T=34.0|V=1.3,12.14,1.7299999999999986,2.59,3.450000000000001,-1.3451011560693658,3,0.3843146160198188,False,0.7708918653733778,True,False,0.5776032406965983,False,1,LOW,PASS,1,2000
C1559,L1,TypeC,33.21,1.06,14.78,15.78,16.78,60.0,1.48,1.58,1.68,6.0,Absolute_Failure,50,33.0,1.05,TypeC|T=33.0|V=1.05,12.66,1.7599999999999998,3.5199999999999996,2.119999999999999,0.8124659090909089,15,0.23213311688311683,False,0.34037690801050724,False,False,0.28625501244681206,False,0,LOW,PASS,1,2000
C1560,L1,TypeA,34.18,1.07,8.09,9.09,10.09,60.0,0.81,0.91,1.01,6.0,Absolute_Failure,50,34.0,1.05,TypeA|T=34.0|V=1.05,11.120000000000001,1.8400000000000007,3.5249999999999986,3.030000000000001,-1.1107255434782608,12,0.3173501552795031,False,0.5758974507578429,False,False,0.446623803018673,False,0,LOW,PASS,1,2000
C1561,L1,TypeC,25.57,1.18,11.03,12.03,31.03,33.03,1.1,1.2,3.1,3.3,Sudden_Anomaly,50,26.0,1.2000000000000002,TypeC|T=26.0|V=1.2,10.945,1.1799999999999997,2.1525000000000016,0.08499999999999908,0.048586864406779146,14,0.013881961259079756,False,0.25253725256797327,False,False,0.1332096069135265,False,0,LOW,PASS,1,2000
C1562,L1,TypeC,32.82,1.03,12.67,13.67,14.67,15.67,1.27,1.37,1.47,1.57,Normal,50,33.0,1.05,TypeC|T=33.0|V=1.05,12.66,1.7599999999999998,3.5199999999999996,0.009999999999999787,0.0038323863636362822,15,0.0010949675324675092,False,0.2983309036191086,False,False,0.14971293557578805,False,0,LOW,PASS,1,2000
C1563,L1,TypeC,32.81,1.23,14.18,16.18,19.18,24.18,1.42,1.62,1.92,2.42,Latent_Defect,50,33.0,1.25,TypeC|T=33.0|V=1.25,12.78,0.870000000000001,1.6999999999999993,1.4000000000000004,1.0854022988505738,9,0.3101149425287354,False,0.22832682859382966,False,False,0.26922088556128254,False,0,LOW,PASS,1,2000
C1564,L1,TypeA,29.83,1.12,10.56,11.56,12.56,13.56,1.06,1.16,1.26,1.36,Normal,50,30.0,1.1,TypeA|T=30.0|V=1.1,12.18,1.0999999999999996,1.9399999999999995,1.6199999999999992,-0.9933545454545453,9,0.28381558441558435,False,0.10521914180084077,False,False,0.19451736310821255,False,0,LOW,PASS,1,2000
C1565,L1,TypeB,31.0,1.1,9.9,11.9,14.9,19.9,0.99,1.19,1.49,1.99,Latent_Defect,50,31.0,1.1,TypeB|T=31.0|V=1.1,11.055,1.7149999999999999,3.197499999999998,1.1549999999999994,-0.4542551020408161,10,0.12978717201166173,False,0.04628839704953204,False,False,0.08803778453059688,False,0,LOW,PASS,1,2000
C1566,L1,TypeB,27.46,1.23,14.18,15.18,16.18,60.0,1.42,1.52,1.62,6.0,Absolute_Failure,50,27.0,1.25,TypeB|T=27.0|V=1.25,11.08,1.9299999999999997,3.119999999999999,3.0999999999999996,1.0833937823834199,11,0.30954108068097713,False,0.3210976459600495,False,False,0.31531936332051336,False,0,LOW,PASS,1,2000
C1567,L1,TypeB,26.69,1.09,12.97,13.97,32.97,34.97,1.3,1.4,3.3,3.5,Sudden_Anomaly,50,27.0,1.1,TypeB|T=27.0|V=1.1,11.52,1.450000000000001,2.8599999999999994,1.450000000000001,0.6745,13,0.1927142857142857,False,0.08448812384311827,False,False,0.13860120477870197,False,0,LOW,PASS,1,2000
C1568,L1,TypeB,27.46,1.07,10.9,11.9,12.9,13.9,1.09,1.19,1.29,1.39,Normal,50,27.0,1.05,TypeB|T=27.0|V=1.05,11.395,1.8650000000000002,3.2424999999999997,0.4949999999999992,-0.17902278820375306,8,0.05114936805821516,False,0.07891524494960889,False,False,0.06503230650391202,False,0,LOW,PASS,1,2000
C1569,L1,TypeC,33.09,1.18,9.79,11.79,14.79,19.79,0.98,1.18,1.48,1.98,Latent_Defect,50,33.0,1.2000000000000002,TypeC|T=33.0|V=1.2,11.42,1.709999999999999,3.8500000000000014,1.6300000000000008,-0.6429444444444451,9,0.1836984126984129,False,0.09960640059798988,False,False,0.1416524066482014,False,0,LOW,PASS,1,2000
C1570,L1,TypeC,31.95,1.01,14.43,15.43,16.43,17.43,1.44,1.54,1.64,1.74,Normal,50,32.0,1.0,TypeC|T=32.0|V=1.0,12.88,1.200000000000001,2.215,1.549999999999999,0.8712291666666653,7,0.24892261904761864,False,0.38015017136263196,False,False,0.31453639520512533,False,0,LOW,PASS,1,2000
C1571,L1,TypeA,32.2,1.19,9.57,11.57,14.57,19.57,0.96,1.16,1.46,1.96,Latent_Defect,50,32.0,1.2000000000000002,TypeA|T=32.0|V=1.2,10.1,1.3899999999999988,2.1900000000000013,0.5299999999999994,-0.25718345323741,13,0.07348098663925999,False,0.16097613901597646,False,False,0.11722856282761823,False,0,LOW,PASS,1,2000
C1572,L1,TypeB,25.56,1.23,13.18,14.18,15.18,60.0,1.32,1.42,1.52,6.0,Absolute_Failure,50,26.0,1.25,TypeB|T=26.0|V=1.25,12.375,1.1099999999999994,2.1149999999999984,0.8049999999999997,0.48916441441441444,6,0.13976126126126126,False,0.31105701474740677,False,False,0.22540913800433401,False,0,LOW,PASS,1,2000
C1573,L1,TypeA,34.82,1.11,9.05,9.05,9.05,9.05,0.9,0.9,0.9,0.9,High_Stable,50,35.0,1.1,TypeA|T=35.0|V=1.1,11.055,2.175,4.34,2.004999999999999,-0.6217804597701146,10,0.17765155993431847,False,0.36689054245390496,False,False,0.2722710511941117,False,0,LOW,PASS,1,2000
C1574,L1,TypeB,27.66,1.22,9.41,10.41,11.41,12.41,0.94,1.04,1.14,1.24,Normal,50,28.0,1.2000000000000002,TypeB|T=28.0|V=1.2,12.43,1.6600000000000001,2.9700000000000006,3.0199999999999996,-1.227102409638554,17,0.35060068846815834,False,0.2777439747826545,False,False,0.3141723316254064,False,0,LOW,PASS,1,2000
C1575,L1,TypeB,32.59,1.03,9.88,11.88,14.88,19.88,0.99,1.19,1.49,1.99,Latent_Defect,50,33.0,1.05,TypeB|T=33.0|V=1.05,11.035,2.4299999999999997,4.657500000000001,1.1549999999999994,-0.32059567901234554,12,0.09159876543209873,False,0.2208442587733301,False,False,0.15622151210271443,False,0,LOW,PASS,1,2000
C1576,L1,TypeB,29.86,1.2,8.04,9.04,10.04,60.0,0.8,0.9,1.0,6.0,Absolute_Failure,50,30.0,1.2000000000000002,TypeB|T=30.0|V=1.2,11.59,1.6500000000000004,1.7200000000000006,3.5500000000000007,-1.4511969696969695,5,0.41462770562770557,False,0.539185904234962,False,False,0.4769068049313338,False,0,LOW,PASS,1,2000
C1577,L1,TypeA,33.6,1.06,9.24,11.24,14.24,19.24,0.92,1.12,1.42,1.92,Latent_Defect,50,34.0,1.05,TypeA|T=34.0|V=1.05,11.120000000000001,1.8400000000000007,3.5249999999999986,1.8800000000000008,-0.6891630434782609,12,0.19690372670807452,False,0.21679086100201966,False,False,0.20684729385504708,False,0,LOW,PASS,1,2000
C1578,L1,TypeB,29.81,1.24,13.74,14.74,15.74,60.0,1.37,1.47,1.57,6.0,Absolute_Failure,50,30.0,1.25,TypeB|T=30.0|V=1.25,10.535,0.6950000000000003,1.3175000000000008,3.205,3.110464028776977,10,0.8887040082219935,False,0.6491998254209163,True,False,0.7689519168214549,True,1,MEDIUM,REVIEW,1,2000
C1579,L1,TypeC,25.96,1.12,9.53,10.53,11.53,12.53,0.95,1.05,1.15,1.25,Normal,50,26.0,1.1,TypeC|T=26.0|V=1.1,10.88,1.4499999999999993,2.9299999999999997,1.3500000000000014,-0.6279827586206906,15,0.17942364532019733,False,0.15355873668236888,False,False,0.16649119100128312,False,0,LOW,PASS,1,2000
C1580,L1,TypeC,32.19,1.26,9.43,11.43,14.43,19.43,0.94,1.14,1.44,1.94,Latent_Defect,50,32.0,1.25,TypeC|T=32.0|V=1.25,11.69,2.1400000000000006,4.07,2.26,-0.7123224299065417,25,0.20352069425901193,False,0.22375703059457575,False,False,0.21363886242679384,False,0,LOW,PASS,1,2000
C1581,L1,TypeA,31.06,1.16,12.38,13.38,14.38,60.0,1.24,1.34,1.44,6.0,Absolute_Failure,50,31.0,1.1500000000000001,TypeA|T=31.0|V=1.15,12.38,1.9699999999999989,3.880000000000001,0.0,0.0,13,0.0,False,0.08831145941441959,False,False,0.044155729707209795,False,0,LOW,PASS,1,2000
C1582,L1,TypeB,25.94,1.1,14.84,15.84,16.84,17.84,1.48,1.58,1.68,1.78,Normal,50,26.0,1.1,TypeB|T=26.0|V=1.1,12.795,1.5949999999999998,3.094999999999999,2.045,0.8647978056426333,14,0.24708508732646667,False,0.42359193386492633,False,False,0.3353385105956965,False,0,LOW,PASS,1,2000
C1583,L1,TypeB,26.29,1.05,13.35,14.35,33.35,35.35,1.33,1.43,3.33,3.53,Sudden_Anomaly,50,26.0,1.05,TypeB|T=26.0|V=1.05,11.965,1.6600000000000001,3.2074999999999996,1.3849999999999998,0.5627605421686745,14,0.160788726333907,False,0.18570090018316837,False,False,0.1732448132585377,False,0,LOW,PASS,1,2000
C1584,L1,TypeA,28.4,1.06,13.43,14.43,33.43,35.43,1.34,1.44,3.34,3.54,Sudden_Anomaly,50,28.0,1.05,TypeA|T=28.0|V=1.05,12.85,1.5099999999999998,3.4399999999999977,0.5800000000000001,0.25907947019867555,11,0.07402270577105016,False,0.18667078483400873,False,False,0.13034674530252943,False,0,LOW,PASS,1,2000
C1585,L1,TypeA,25.55,1.26,9.15,10.15,29.15,31.15,0.92,1.02,2.92,3.12,Sudden_Anomaly,50,26.0,1.25,TypeA|T=26.0|V=1.25,12.76,1.1600000000000001,3.0700000000000003,3.6099999999999994,-2.0990905172413785,15,0.599740147783251,False,0.8052971699189652,True,False,0.7025186588511081,True,1,MEDIUM,REVIEW,1,2000
C1586,L1,TypeA,27.65,1.03,11.65,13.65,16.65,21.65,1.16,1.36,1.66,2.16,Latent_Defect,50,28.0,1.05,TypeA|T=28.0|V=1.05,12.85,1.5099999999999998,3.4399999999999977,1.1999999999999993,-0.5360264900662248,11,0.15315042573320709,False,0.1583397924980333,False,False,0.15574510911562017,False,0,LOW,PASS,1,2000
C1587,L1,TypeB,34.48,1.22,10.73,10.73,10.73,10.73,1.07,1.07,1.07,1.07,High_Stable,50,34.0,1.2000000000000002,TypeB|T=34.0|V=1.2,12.14,1.4100000000000001,2.795,1.4100000000000001,-0.6745,16,0.1927142857142857,False,0.24881643568419345,False,False,0.22076536069923958,False,0,LOW,PASS,1,2000
C1588,L1,TypeA,31.66,1.29,12.28,14.28,17.28,22.28,1.23,1.43,1.73,2.23,Latent_Defect,50,32.0,1.3,TypeA|T=32.0|V=1.3,12.28,0.6499999999999986,0.8699999999999992,0.0,0.0,3,0.0,False,0.2865495154089431,False,False,0.14327475770447154,False,0,LOW,PASS,1,2000
C1589,L1,TypeA,30.55,1.17,13.99,14.99,15.99,60.0,1.4,1.5,1.6,6.0,Absolute_Failure,50,31.0,1.1500000000000001,TypeA|T=31.0|V=1.15,12.38,1.9699999999999989,3.880000000000001,1.6099999999999994,0.5512411167512691,13,0.15749746192893402,False,0.05911117462011304,False,False,0.10830431827452353,False,0,LOW,PASS,1,2000
C1590,L1,TypeA,31.91,1.11,11.24,12.24,31.24,33.24,1.12,1.22,3.12,3.32,Sudden_Anomaly,50,32.0,1.1,TypeA|T=32.0|V=1.1,10.8,1.9300000000000015,3.5199999999999996,0.4399999999999995,0.15377202072538831,13,0.04393486306439666,False,2.308314018023455e-05,False,False,0.021978973102288447,False,0,LOW,PASS,1,2000
C1591,L1,TypeA,26.55,1.22,12.3,13.3,14.3,15.3,1.23,1.33,1.43,1.53,Normal,50,27.0,1.2000000000000002,TypeA|T=27.0|V=1.2,11.24,1.0600000000000005,1.7400000000000002,1.0600000000000005,0.6745,5,0.1927142857142857,False,0.13774395154462926,False,False,0.1652291186294575,False,0,LOW,PASS,1,2000
C1592,L1,TypeA,34.89,1.21,12.55,13.55,14.55,60.0,1.26,1.36,1.46,6.0,Absolute_Failure,50,35.0,1.2000000000000002,TypeA|T=35.0|V=1.2,10.995000000000001,1.1300000000000008,1.8025000000000002,1.5549999999999997,0.9281836283185831,6,0.26519532237673804,False,0.35932516413889815,False,False,0.3122602432578181,False,0,LOW,PASS,1,2000
C1593,L1,TypeC,34.93,1.05,13.56,14.56,33.56,35.56,1.36,1.46,3.36,3.56,Sudden_Anomaly,50,35.0,1.05,TypeC|T=35.0|V=1.05,10.34,1.5199999999999996,3.0900000000000016,3.2200000000000006,1.4288750000000006,9,0.40825000000000017,False,0.635266724338,True,False,0.5217583621690001,False,1,LOW,PASS,1,2000
C1594,L1,TypeC,34.53,1.15,10.54,12.54,15.54,20.54,1.05,1.25,1.55,2.05,Latent_Defect,50,35.0,1.1500000000000001,TypeC|T=35.0|V=1.15,11.875,1.1550000000000002,1.9474999999999998,1.3350000000000009,-0.7796168831168835,10,0.22274768089053815,False,0.22906711744117475,False,False,0.22590739916585645,False,0,LOW,PASS,1,2000
C1595,L1,TypeA,26.73,1.25,9.21,10.21,11.21,60.0,0.92,1.02,1.12,6.0,Absolute_Failure,50,27.0,1.25,TypeA|T=27.0|V=1.25,12.809999999999999,1.6050000000000013,3.8375000000000004,3.599999999999998,-1.5128971962616802,6,0.4322563417890515,False,0.5502863320058838,False,False,0.49127133689746766,False,0,LOW,PASS,1,2000
C1596,L1,TypeA,32.66,1.17,12.55,13.55,32.55,34.55,1.26,1.36,3.26,3.46,Sudden_Anomaly,50,33.0,1.1500000000000001,TypeA|T=33.0|V=1.15,11.57,1.2800000000000011,2.365000000000002,0.9800000000000004,0.5164140624999998,15,0.14754687499999994,False,0.050204559362104925,False,False,0.09887571718105242,False,0,LOW,PASS,1,2000
C1597,L1,TypeA,33.26,1.19,10.19,11.19,30.19,32.19,1.02,1.12,3.02,3.22,Sudden_Anomaly,50,33.0,1.2000000000000002,TypeA|T=33.0|V=1.2,11.66,1.0100000000000007,1.722500000000002,1.4700000000000006,-0.9816980198019799,10,0.2804851485148514,False,0.15368803514746746,False,False,0.21708659183115941,False,0,LOW,PASS,1,2000
C1598,L1,TypeC,26.94,1.27,14.54,15.54,34.54,36.54,1.45,1.55,3.45,3.65,Sudden_Anomaly,50,27.0,1.25,TypeC|T=27.0|V=1.25,13.05,1.3500000000000005,2.4875000000000007,1.4899999999999984,0.7444481481481472,12,0.21269947089947064,False,0.3914091148212289,False,False,0.3020542928603498,False,0,LOW,PASS,1,2000
C1599,L1,TypeB,28.8,1.23,12.8,13.8,14.8,15.8,1.28,1.38,1.48,1.58,Normal,50,29.0,1.25,TypeB|T=29.0|V=1.25,12.09,1.4100000000000001,2.5200000000000014,0.7100000000000009,0.33964184397163155,11,0.09704052684903759,False,0.06036748572652771,False,False,0.07870400628778265,False,0,LOW,PASS,1,2000
C1600,L1,TypeC,31.11,1.06,8.3,10.3,13.3,18.3,0.83,1.03,1.33,1.83,Latent_Defect,50,31.0,1.05,TypeC|T=31.0|V=1.05,11.184999999999999,2.46,4.84,2.884999999999998,-0.7910294715447149,16,0.2260084204413471,False,0.29587242226287513,False,False,0.26094042135211115,False,0,LOW,PASS,1,2000
C1601,L1,TypeB,31.67,1.07,13.13,14.13,15.13,60.0,1.31,1.41,1.51,6.0,Absolute_Failure,50,32.0,1.05,TypeB|T=32.0|V=1.05,10.77,1.299999999999999,3.1000000000000014,2.360000000000001,1.2244769230769246,9,0.3498505494505499,False,0.14841375303010004,False,False,0.24913215124032495,False,0,LOW,PASS,1,2000
C1602,L1,TypeB,30.85,1.29,11.39,11.39,11.39,11.39,1.14,1.14,1.14,1.14,High_Stable,50,31.0,1.3,TypeB|T=31.0|V=1.3,11.39,0.6899999999999995,0.9399999999999995,0.0,0.0,5,0.0,False,0.2606791736502131,False,False,0.13033958682510655,False,0,LOW,PASS,1,2000
C1603,L1,TypeB,33.64,1.06,9.77,10.77,29.77,31.77,0.98,1.08,2.98,3.18,Sudden_Anomaly,50,34.0,1.05,TypeB|T=34.0|V=1.05,11.07,1.3000000000000007,2.58,1.3000000000000007,-0.6745,17,0.1927142857142857,False,0.21648791184321742,False,False,0.20460109877875154,False,0,LOW,PASS,1,2000
C1604,L1,TypeC,33.47,1.2,14.02,15.02,34.02,36.02,1.4,1.5,3.4,3.6,Sudden_Anomaly,50,33.0,1.2000000000000002,TypeC|T=33.0|V=1.2,11.42,1.709999999999999,3.8500000000000014,2.5999999999999996,1.025555555555556,9,0.2930158730158731,False,0.28369958459204386,False,False,0.2883577288039585,False,0,LOW,PASS,1,2000
C1605,L1,TypeA,33.96,1.11,10.1,12.1,15.1,20.1,1.01,1.21,1.51,2.01,Latent_Defect,50,34.0,1.1,TypeA|T=34.0|V=1.1,12.004999999999999,1.8649999999999993,3.4400000000000013,1.9049999999999994,-0.6889664879356568,12,0.19684756798161623,False,0.18997431186813582,False,False,0.193410939924876,False,0,LOW,PASS,1,2000
C1606,L1,TypeC,27.64,1.03,14.59,14.59,14.59,14.59,1.46,1.46,1.46,1.46,High_Stable,50,28.0,1.05,TypeC|T=28.0|V=1.05,12.19,0.4800000000000004,0.8900000000000006,2.4000000000000004,3.3724999999999974,9,0.9635714285714279,False,0.7911363392571348,True,False,0.8773538839142814,True,1,HIGH,REVIEW,1,2000
C1607,L1,TypeA,31.39,1.13,10.04,11.04,12.04,13.04,1.0,1.1,1.2,1.3,Normal,50,31.0,1.1500000000000001,TypeA|T=31.0|V=1.15,12.38,1.9699999999999989,3.880000000000001,2.3400000000000016,-0.8011827411167523,13,0.22890935460478637,False,0.0563476501975793,False,False,0.14262850240118283,False,0,LOW,PASS,1,2000
C1608,L1,TypeB,27.08,1.14,10.26,10.26,10.26,10.26,1.03,1.03,1.03,1.03,High_Stable,50,27.0,1.1500000000000001,TypeB|T=27.0|V=1.15,10.02,0.9800000000000004,1.9550000000000018,0.2400000000000002,0.1651836734693878,11,0.04719533527696795,False,0.1329938937877993,False,False,0.09009461453238363,False,0,LOW,PASS,1,2000
C1609,L1,TypeC,33.43,1.21,13.01,14.01,33.01,35.01,1.3,1.4,3.3,3.5,Sudden_Anomaly,50,33.0,1.2000000000000002,TypeC|T=33.0|V=1.2,11.42,1.709999999999999,3.8500000000000014,1.5899999999999999,0.627166666666667,9,0.1791904761904763,False,0.127557866514895,False,False,0.15337417135268566,False,0,LOW,PASS,1,2000
C1610,L1,TypeC,28.24,1.11,13.48,14.48,15.48,60.0,1.35,1.45,1.55,6.0,Absolute_Failure,50,28.0,1.1,TypeC|T=28.0|V=1.1,10.455,1.5649999999999995,2.9124999999999996,3.0250000000000004,1.3037460063897768,18,0.37249885896850765,False,0.24222408286173133,False,False,0.3073614709151195,False,0,LOW,PASS,1,2000
C1611,L1,TypeA,31.91,1.22,8.3,9.3,10.3,60.0,0.83,0.93,1.03,6.0,Absolute_Failure,50,32.0,1.2000000000000002,TypeA|T=32.0|V=1.2,10.1,1.3899999999999988,2.1900000000000013,1.799999999999999,-0.8734532374100722,13,0.2495580678314492,False,0.2816837851520705,False,False,0.26562092649175983,False,0,LOW,PASS,1,2000
C1612,L1,TypeB,27.43,1.07,14.5,16.5,19.5,24.5,1.45,1.65,1.95,2.45,Latent_Defect,50,27.0,1.05,TypeB|T=27.0|V=1.05,11.395,1.8650000000000002,3.2424999999999997,3.1050000000000004,1.1229611260053618,8,0.32084603600153194,False,0.34443674712082306,False,False,0.3326413915611775,False,0,LOW,PASS,1,2000
C1613,L1,TypeB,30.43,1.06,10.67,11.67,30.67,32.67,1.07,1.17,3.07,3.27,Sudden_Anomaly,50,30.0,1.05,TypeB|T=30.0|V=1.05,11.37,1.5,2.799999999999999,0.6999999999999993,-0.31476666666666636,11,0.08993333333333324,False,0.0524321190989608,False,False,0.07118272621614702,False,0,LOW,PASS,1,2000
C1614,L1,TypeC,27.42,1.06,14.37,16.37,19.37,24.37,1.44,1.64,1.94,2.44,Latent_Defect,50,27.0,1.05,TypeC|T=27.0|V=1.05,10.53,2.4499999999999993,5.0600000000000005,3.84,1.0571755102040818,13,0.3020501457725948,False,0.5178071448794798,False,False,0.4099286453260373,False,0,LOW,PASS,1,2000
C1615,L1,TypeA,34.68,1.21,8.98,9.98,10.98,60.0,0.9,1.0,1.1,6.0,Absolute_Failure,50,35.0,1.2000000000000002,TypeA|T=35.0|V=1.2,10.995000000000001,1.1300000000000008,1.8025000000000002,2.0150000000000006,-1.2027588495575217,6,0.34364538558786334,False,0.43389081463871315,False,False,0.3887681001132882,False,0,LOW,PASS,1,2000
C1616,L1,TypeC,33.84,1.13,11.45,13.45,16.45,21.45,1.14,1.34,1.64,2.14,Latent_Defect,50,34.0,1.1500000000000001,TypeC|T=34.0|V=1.15,11.96,1.6599999999999993,2.977499999999999,0.5100000000000016,-0.20722590361445856,10,0.059207401032702445,False,0.127725024600755,False,False,0.09346621281672872,False,0,LOW,PASS,1,2000
C1617,L1,TypeA,33.21,1.27,8.45,9.45,10.45,60.0,0.84,0.94,1.04,6.0,Absolute_Failure,50,33.0,1.25,TypeA|T=33.0|V=1.25,11.515,2.0300000000000002,4.050000000000001,3.0650000000000013,-1.0183953201970446,16,0.2909700914848699,False,0.5051132375742566,False,False,0.39804166452956324,False,0,LOW,PASS,1,2000
C1618,L1,TypeA,30.13,1.3,9.19,10.19,11.19,60.0,0.92,1.02,1.12,6.0,Absolute_Failure,50,30.0,1.3,TypeA|T=30.0|V=1.3,12.04,1.379999999999999,1.9000000000000004,2.8499999999999996,-1.3929891304347832,5,0.3979968944099381,False,0.5527317809504871,False,False,0.4753643376802126,False,0,LOW,PASS,1,2000
C1619,L1,TypeA,28.37,1.02,8.89,8.89,8.89,8.89,0.89,0.89,0.89,0.89,High_Stable,50,28.0,1.0,TypeA|T=28.0|V=1.0,11.8,0.75,1.7949999999999982,2.91,-2.61706,11,0.7477314285714286,False,0.6911301570864116,True,False,0.7194307928289201,True,1,MEDIUM,REVIEW,1,2000
C1620,L1,TypeA,29.79,1.09,13.28,15.28,18.28,23.28,1.33,1.53,1.83,2.33,Latent_Defect,50,30.0,1.1,TypeA|T=30.0|V=1.1,12.18,1.0999999999999996,1.9399999999999995,1.0999999999999996,0.6745,9,0.1927142857142857,False,0.07510465665458103,False,False,0.13390947118443336,False,0,LOW,PASS,1,2000
C1621,L1,TypeC,26.82,1.07,9.57,9.57,9.57,9.57,0.96,0.96,0.96,0.96,High_Stable,50,27.0,1.05,TypeC|T=27.0|V=1.05,10.53,2.4499999999999993,5.0600000000000005,0.9599999999999991,-0.2642938775510202,13,0.07551253644314862,False,0.16028875480832105,False,False,0.11790064562573484,False,0,LOW,PASS,1,2000
C1622,L1,TypeA,33.37,1.22,11.81,13.81,16.81,21.81,1.18,1.38,1.68,2.18,Latent_Defect,50,33.0,1.2000000000000002,TypeA|T=33.0|V=1.2,11.66,1.0100000000000007,1.722500000000002,0.15000000000000036,0.10017326732673285,10,0.02862093352192367,False,0.12116618904225687,False,False,0.07489356128209027,False,0,LOW,PASS,1,2000
C1623,L1,TypeA,28.08,1.1,10.23,11.23,12.23,13.23,1.02,1.12,1.22,1.32,Normal,50,28.0,1.1,TypeA|T=28.0|V=1.1,11.68,1.629999999999999,3.785,1.4499999999999993,-0.6000153374233129,11,0.17143295354951799,False,0.013323096054269795,False,False,0.09237802480189389,False,0,LOW,PASS,1,2000
C1624,L1,TypeC,31.29,1.27,14.56,15.56,34.56,36.56,1.46,1.56,3.46,3.66,Sudden_Anomaly,50,31.0,1.25,TypeC|T=31.0|V=1.25,10.88,1.8099999999999987,2.9599999999999973,3.6799999999999997,1.3713591160221004,15,0.39181689029202865,False,0.5633743239626999,False,False,0.47759560712736426,False,0,LOW,PASS,1,2000
C1625,L1,TypeC,33.52,1.09,12.15,13.15,32.15,34.15,1.22,1.32,3.22,3.42,Sudden_Anomaly,50,34.0,1.1,TypeC|T=34.0|V=1.1,13.06,0.9100000000000001,1.4100000000000001,0.9100000000000001,-0.6745,5,0.1927142857142857,False,0.2435967029106379,False,False,0.21815549431246178,False,0,LOW,PASS,1,2000
C1626,L1,TypeB,28.51,1.16,10.47,12.47,15.47,20.47,1.05,1.25,1.55,2.05,Latent_Defect,50,29.0,1.1500000000000001,TypeB|T=29.0|V=1.15,10.075,1.245,2.1799999999999997,0.39500000000000135,0.21399799196787223,12,0.06114228341939206,False,0.056274603186272976,False,False,0.05870844330283252,False,0,LOW,PASS,1,2000
C1627,L1,TypeA,34.53,1.21,10.29,11.29,30.29,32.29,1.03,1.13,3.03,3.23,Sudden_Anomaly,50,35.0,1.2000000000000002,TypeA|T=35.0|V=1.2,10.995000000000001,1.1300000000000008,1.8025000000000002,0.7050000000000018,-0.4208163716814167,6,0.12023324905183334,False,0.24847636596427813,False,False,0.18435480750805575,False,0,LOW,PASS,1,2000
C1628,L1,TypeB,28.58,1.22,11.61,11.61,11.61,11.61,1.16,1.16,1.16,1.16,High_Stable,50,29.0,1.2000000000000002,TypeB|T=29.0|V=1.2,10.33,1.4100000000000001,2.3149999999999995,1.2799999999999994,0.6123120567375883,10,0.17494630192502522,False,0.09523265754373203,False,False,0.13508947973437863,False,0,LOW,PASS,1,2000
C1629,L1,TypeB,26.38,1.03,13.01,14.01,15.01,16.01,1.3,1.4,1.5,1.6,Normal,50,26.0,1.05,TypeB|T=26.0|V=1.05,11.965,1.6600000000000001,3.2074999999999996,1.045,0.4246099397590361,14,0.12131712564543888,False,0.20040316481654785,False,False,0.16086014523099337,False,0,LOW,PASS,1,2000
C1630,L1,TypeC,33.77,1.2,13.97,15.97,18.97,23.97,1.4,1.6,1.9,2.4,Latent_Defect,50,34.0,1.2000000000000002,TypeC|T=34.0|V=1.2,12.12,1.25,2.1899999999999995,1.8500000000000014,0.9982600000000007,9,0.28521714285714306,False,0.23409161754474014,False,False,0.2596543802009416,False,0,LOW,PASS,1,2000
C1631,L1,TypeB,26.95,1.1,12.78,14.78,17.78,22.78,1.28,1.48,1.78,2.28,Latent_Defect,50,27.0,1.1,TypeB|T=27.0|V=1.1,11.52,1.450000000000001,2.8599999999999994,1.2599999999999998,0.5861172413793098,13,0.16746206896551707,False,0.0783687823856472,False,False,0.12291542567558214,False,0,LOW,PASS,1,2000
C1632,L1,TypeB,32.83,1.03,12.19,13.19,14.19,60.0,1.22,1.32,1.42,6.0,Absolute_Failure,50,33.0,1.05,TypeB|T=33.0|V=1.05,11.035,2.4299999999999997,4.657500000000001,1.1549999999999994,0.32059567901234554,12,0.09159876543209873,False,0.18648493144736103,False,False,0.1390418484397299,False,0,LOW,PASS,1,2000
C1633,L1,TypeC,27.2,1.08,8.92,9.92,10.92,60.0,0.89,0.99,1.09,6.0,Absolute_Failure,50,27.0,1.1,TypeC|T=27.0|V=1.1,12.08,1.6999999999999993,4.15,3.16,-1.2537764705882357,9,0.3582218487394959,False,0.3039905560647129,False,False,0.3311062024021044,False,0,LOW,PASS,1,2000
C1634,L1,TypeC,26.61,1.14,11.03,12.03,13.03,60.0,1.1,1.2,1.3,6.0,Absolute_Failure,50,27.0,1.1500000000000001,TypeC|T=27.0|V=1.15,12.01,1.0149999999999997,1.7874999999999996,0.9800000000000004,-0.6512413793103453,16,0.18606896551724153,False,0.07272312773344819,False,False,0.12939604662534487,False,0,LOW,PASS,1,2000
C1635,L1,TypeB,26.78,1.14,10.02,11.02,30.02,32.02,1.0,1.1,3.0,3.2,Sudden_Anomaly,50,27.0,1.1500000000000001,TypeB|T=27.0|V=1.15,10.02,0.9800000000000004,1.9550000000000018,0.0,0.0,11,0.0,False,0.20355400020775424,False,False,0.10177700010387712,False,0,LOW,PASS,1,2000
C1636,L1,TypeA,34.59,1.04,13.92,14.92,33.92,35.92,1.39,1.49,3.39,3.59,Sudden_Anomaly,50,35.0,1.05,TypeA|T=35.0|V=1.05,13.92,0.33999999999999986,0.8149999999999995,0.0,0.0,3,0.0,False,0.5717452405669005,False,False,0.28587262028345023,False,0,LOW,PASS,1,2000
C1637,L1,TypeC,27.85,1.12,13.14,14.14,15.14,60.0,1.31,1.41,1.51,6.0,Absolute_Failure,50,28.0,1.1,TypeC|T=28.0|V=1.1,10.455,1.5649999999999995,2.9124999999999996,2.6850000000000005,1.1572092651757193,18,0.3306312186216341,False,0.1713431849814912,False,False,0.25098720180156264,False,0,LOW,PASS,1,2000
C1638,L1,TypeC,29.63,1.16,14.99,15.99,16.99,17.99,1.5,1.6,1.7,1.8,Normal,50,30.0,1.1500000000000001,TypeC|T=30.0|V=1.15,12.41,1.4000000000000004,2.780000000000001,2.58,1.2430071428571425,15,0.3551448979591836,False,0.3474412061660339,False,False,0.35129305206260875,False,0,LOW,PASS,1,2000
C1639,L1,TypeC,25.97,1.06,9.53,11.53,14.53,19.53,0.95,1.15,1.45,1.95,Latent_Defect,50,26.0,1.05,TypeC|T=26.0|V=1.05,10.399999999999999,1.4600000000000009,2.5600000000000005,0.8699999999999992,-0.40192808219178017,10,0.11483659491193719,False,0.24148120835938042,False,False,0.1781589016356588,False,0,LOW,PASS,1,2000
C1640,L1,TypeC,31.53,1.09,9.82,10.82,11.82,12.82,0.98,1.08,1.18,1.28,Normal,50,32.0,1.1,TypeC|T=32.0|V=1.1,12.09,0.5199999999999996,0.879999999999999,2.2699999999999996,-2.944451923076925,13,0.8412719780219786,False,0.5069138428698318,False,False,0.6740929104459052,True,0,MEDIUM,REVIEW,1,2000
C1641,L1,TypeB,34.15,1.26,10.45,11.45,12.45,60.0,1.05,1.15,1.25,6.0,Absolute_Failure,50,34.0,1.25,TypeB|T=34.0|V=1.25,9.45,0.8499999999999996,1.727500000000001,1.0,0.7935294117647061,14,0.22672268907563034,False,0.39840401264939446,False,False,0.3125633508625124,False,0,LOW,PASS,1,2000
C1642,L1,TypeB,27.12,1.06,9.49,10.49,29.49,31.49,0.95,1.05,2.95,3.15,Sudden_Anomaly,50,27.0,1.05,TypeB|T=27.0|V=1.05,11.395,1.8650000000000002,3.2424999999999997,1.9049999999999994,-0.6889664879356565,8,0.19684756798161615,False,0.16383814002391875,False,False,0.18034285400276745,False,0,LOW,PASS,1,2000
C1643,L1,TypeC,30.77,1.19,12.42,14.42,17.42,22.42,1.24,1.44,1.74,2.24,Latent_Defect,50,31.0,1.2000000000000002,TypeC|T=31.0|V=1.2,12.16,1.0600000000000005,2.16,0.2599999999999998,0.16544339622641488,11,0.04726954177897568,False,0.036512456979544514,False,False,0.041890999379260094,False,0,LOW,PASS,1,2000
C1644,L1,TypeA,26.82,1.1,8.9,9.9,10.9,60.0,0.89,0.99,1.09,6.0,Absolute_Failure,50,27.0,1.1,TypeA|T=27.0|V=1.1,9.72,1.0250000000000004,2.232499999999998,0.8200000000000003,-0.5396,14,0.15417142857142857,False,0.21223534809751726,False,False,0.18320338833447292,False,0,LOW,PASS,1,2000
C1645,L1,TypeA,30.01,1.24,8.65,9.65,28.65,30.65,0.86,0.96,2.86,3.06,Sudden_Anomaly,50,30.0,1.25,TypeA|T=30.0|V=1.25,10.93,1.6049999999999995,2.717500000000001,2.2799999999999994,-0.9581682242990655,8,0.27376234979973296,False,0.22088500646493156,False,False,0.24732367813233225,False,0,LOW,PASS,1,2000
C1646,L1,TypeC,27.82,1.0,12.23,14.23,17.23,22.23,1.22,1.42,1.72,2.22,Latent_Defect,50,28.0,1.0,TypeC|T=28.0|V=1.0,12.23,1.6199999999999992,2.6899999999999995,0.0,0.0,5,0.0,False,0.3787559698530093,False,False,0.18937798492650465,False,0,LOW,PASS,1,2000
C1647,L1,TypeB,34.17,1.26,9.53,11.53,14.53,19.53,0.95,1.15,1.45,1.95,Latent_Defect,50,34.0,1.25,TypeB|T=34.0|V=1.25,9.45,0.8499999999999996,1.727500000000001,0.08000000000000007,0.06348235294117656,14,0.018137815126050446,False,0.47578634109580353,False,False,0.246962078110927,False,0,LOW,PASS,1,2000
C1648,L1,TypeA,33.34,1.26,12.33,13.33,32.33,34.33,1.23,1.33,3.23,3.43,Sudden_Anomaly,50,33.0,1.25,TypeA|T=33.0|V=1.25,11.515,2.0300000000000002,4.050000000000001,0.8149999999999995,0.2707967980295564,16,0.0773705137227304,False,0.14024647531331538,False,False,0.1088084945180229,False,0,LOW,PASS,1,2000
C1649,L1,TypeB,25.29,1.28,9.24,9.24,9.24,9.24,0.92,0.92,0.92,0.92,High_Stable,50,25.0,1.3,TypeB|T=25.0|V=1.3,9.81,0.5700000000000003,2.700000000000001,0.5700000000000003,-0.6745,3,0.1927142857142857,False,0.516261263529465,False,False,0.35448777462187536,False,0,LOW,PASS,1,2000
C1650,L1,TypeC,25.88,1.24,14.52,15.52,16.52,17.52,1.45,1.55,1.65,1.75,Normal,50,26.0,1.25,TypeC|T=26.0|V=1.25,12.27,1.3600000000000012,2.630000000000001,2.25,1.1159007352941166,9,0.31882878151260474,False,0.4284113322862113,False,False,0.373620056899408,False,0,LOW,PASS,1,2000
C1651,L1,TypeC,32.06,1.05,11.26,12.26,13.26,60.0,1.13,1.23,1.33,6.0,Absolute_Failure,50,32.0,1.05,TypeC|T=32.0|V=1.05,10.51,0.75,1.2400000000000002,0.75,0.6745,9,0.1927142857142857,False,0.18080839433603066,False,False,0.18676134002515818,False,0,LOW,PASS,1,2000
C1652,L1,TypeA,26.05,1.12,10.57,11.57,30.57,32.57,1.06,1.16,3.06,3.26,Sudden_Anomaly,50,26.0,1.1,TypeA|T=26.0|V=1.1,12.184999999999999,1.6349999999999998,3.125,1.6149999999999984,-0.6662492354740055,6,0.19035692442114444,False,0.1366285321352712,False,False,0.16349272827820782,False,0,LOW,PASS,1,2000
C1653,L1,TypeA,34.34,1.28,13.36,14.36,15.36,16.36,1.34,1.44,1.54,1.64,Normal,50,34.0,1.3,TypeA|T=34.0|V=1.3,12.54,0.8200000000000003,1.67,0.8200000000000003,0.6745,3,0.1927142857142857,False,0.4189868895594779,False,False,0.3058505876368818,False,0,LOW,PASS,1,2000
C1654,L1,TypeC,30.0,1.25,12.94,13.94,14.94,60.0,1.29,1.39,1.49,6.0,Absolute_Failure,50,30.0,1.25,TypeC|T=30.0|V=1.25,11.165,2.1099999999999994,4.5649999999999995,1.7750000000000004,0.5674111374407586,10,0.16211746784021672,False,0.07363162686439195,False,False,0.11787454735230433,False,0,LOW,PASS,1,2000
C1655,L1,TypeB,32.23,1.28,12.44,12.44,12.44,12.44,1.24,1.24,1.24,1.24,High_Stable,50,32.0,1.3,TypeB|T=32.0|V=1.3,11.8,1.0899999999999999,2.0299999999999994,0.6399999999999988,0.39603669724770574,9,0.11315334207077307,False,0.14724911473215135,False,False,0.1302012284014622,False,0,LOW,PASS,1,2000
C1656,L1,TypeB,33.38,1.29,13.73,14.73,15.73,16.73,1.37,1.47,1.57,1.67,Normal,50,33.0,1.3,TypeB|T=33.0|V=1.3,11.475,2.09,3.3674999999999997,2.255000000000001,0.7277500000000002,6,0.2079285714285715,False,0.4291157506290758,False,False,0.31852216102882364,False,0,LOW,PASS,1,2000
C1657,L1,TypeC,31.14,1.22,11.75,12.75,31.75,33.75,1.17,1.27,3.17,3.37,Sudden_Anomaly,50,31.0,1.2000000000000002,TypeC|T=31.0|V=1.2,12.16,1.0600000000000005,2.16,0.41000000000000014,-0.2608915094339622,11,0.07454043126684635,False,0.04603381533071628,False,False,0.06028712329878132,False,0,LOW,PASS,1,2000
C1658,L1,TypeC,32.42,1.27,14.51,15.51,34.51,36.51,1.45,1.55,3.45,3.65,Sudden_Anomaly,50,32.0,1.25,TypeC|T=32.0|V=1.25,11.69,2.1400000000000006,4.07,2.8200000000000003,0.8888271028037381,25,0.253950600801068,False,0.3675676113956645,False,False,0.31075910609836627,False,0,LOW,PASS,1,2000
C1659,L1,TypeA,25.73,1.24,10.65,10.65,10.65,10.65,1.07,1.07,1.07,1.07,High_Stable,50,26.0,1.25,TypeA|T=26.0|V=1.25,12.76,1.1600000000000001,3.0700000000000003,2.1099999999999994,-1.2268922413793097,15,0.3505406403940885,False,0.3673150457532336,False,False,0.35892784307366105,False,0,LOW,PASS,1,2000
C1660,L1,TypeC,26.69,1.01,9.9,10.9,29.9,31.9,0.99,1.09,2.99,3.19,Sudden_Anomaly,50,27.0,1.0,TypeC|T=27.0|V=1.0,11.07,0.9500000000000011,1.7200000000000006,1.17,-0.830699999999999,5,0.23734285714285686,False,0.33730627251961953,False,False,0.2873245648312382,False,0,LOW,PASS,1,2000
C1661,L1,TypeC,31.45,1.24,10.85,11.85,30.85,32.85,1.08,1.18,3.08,3.28,Sudden_Anomaly,50,31.0,1.25,TypeC|T=31.0|V=1.25,10.88,1.8099999999999987,2.9599999999999973,0.030000000000001137,-0.011179558011050155,15,0.0031941594317286158,False,0.0770464707591398,False,False,0.040120315095434206,False,0,LOW,PASS,1,2000
C1662,L1,TypeA,31.0,1.12,9.71,10.71,11.71,12.71,0.97,1.07,1.17,1.27,Normal,50,31.0,1.1,TypeA|T=31.0|V=1.1,13.24,1.4299999999999997,4.84,3.5299999999999994,-1.6650244755244754,17,0.4757212787212787,False,0.37866009652133964,False,False,0.4271906876213092,False,0,LOW,PASS,1,2000
C1663,L1,TypeA,27.1,1.05,9.32,10.32,11.32,60.0,0.93,1.03,1.13,6.0,Absolute_Failure,50,27.0,1.05,TypeA|T=27.0|V=1.05,10.25,1.915,3.6549999999999994,0.9299999999999997,-0.3275639686684072,12,0.09358970533383063,False,0.22610747148512442,False,False,0.15984858840947752,False,0,LOW,PASS,1,2000
C1664,L1,TypeC,29.03,1.22,12.48,13.48,14.48,60.0,1.25,1.35,1.45,6.0,Absolute_Failure,50,29.0,1.2000000000000002,TypeC|T=29.0|V=1.2,12.82,1.5600000000000005,3.710000000000001,0.33999999999999986,-0.14700641025641015,9,0.04200183150183147,False,0.0822070123392493,False,False,0.06210442192054039,False,0,LOW,PASS,1,2000
C1665,L1,TypeC,26.1,1.02,13.92,15.92,18.92,23.92,1.39,1.59,1.89,2.39,Latent_Defect,50,26.0,1.0,TypeC|T=26.0|V=1.0,11.524999999999999,1.2949999999999982,3.1874999999999982,2.3950000000000014,1.2474343629343654,6,0.35640981798124727,False,0.45428122902848916,False,False,0.4053455235048682,False,0,LOW,PASS,1,2000
C1666,L1,TypeA,25.89,1.02,13.7,14.7,15.7,60.0,1.37,1.47,1.57,6.0,Absolute_Failure,50,26.0,1.0,TypeA|T=26.0|V=1.0,11.925,1.1349999999999998,2.139999999999999,1.7749999999999986,1.0548348017621139,6,0.3013813719320325,False,0.4192213499239499,False,False,0.3603013609279912,False,0,LOW,PASS,1,2000
C1667,L1,TypeC,32.56,1.03,12.66,12.66,12.66,12.66,1.27,1.27,1.27,1.27,High_Stable,50,33.0,1.05,TypeC|T=33.0|V=1.05,12.66,1.7599999999999998,3.5199999999999996,0.0,0.0,15,0.0,False,0.2892474623091835,False,False,0.14462373115459176,False,0,LOW,PASS,1,2000
C1668,L1,TypeA,31.56,1.04,10.37,11.37,12.37,13.37,1.04,1.14,1.24,1.34,Normal,50,32.0,1.05,TypeA|T=32.0|V=1.05,10.56,0.8499999999999996,1.42,0.19000000000000128,-0.15077058823529518,13,0.04307731092437005,False,0.14971694027081733,False,False,0.0963971255975937,False,0,LOW,PASS,1,2000
C1669,L1,TypeA,34.73,1.11,14.94,15.94,16.94,60.0,1.49,1.59,1.69,6.0,Absolute_Failure,50,35.0,1.1,TypeA|T=35.0|V=1.1,11.055,2.175,4.34,3.885,1.204796551724138,10,0.34422758620689653,False,0.779002969339155,True,False,0.5616152777730258,False,1,LOW,PASS,1,2000
C1670,L1,TypeA,27.28,1.12,9.14,9.14,9.14,9.14,0.91,0.91,0.91,0.91,High_Stable,50,27.0,1.1,TypeA|T=27.0|V=1.1,9.72,1.0250000000000004,2.232499999999998,0.5800000000000001,-0.38166829268292674,14,0.10904808362369335,False,0.18374963489550286,False,False,0.1463988592595981,False,0,LOW,PASS,1,2000
C1671,L1,TypeC,34.77,1.23,10.91,11.91,30.91,32.91,1.09,1.19,3.09,3.29,Sudden_Anomaly,50,35.0,1.25,TypeC|T=35.0|V=1.25,11.105,1.085,1.9725000000000001,0.19500000000000028,-0.12122350230414763,14,0.03463528637261361,False,0.29495706657909115,False,False,0.16479617647585237,False,0,LOW,PASS,1,2000
C1672,L1,TypeA,31.02,1.18,14.41,15.41,16.41,60.0,1.44,1.54,1.64,6.0,Absolute_Failure,50,31.0,1.2000000000000002,TypeA|T=31.0|V=1.2,10.585,2.1850000000000014,4.275,3.8249999999999993,1.1807608695652163,6,0.33736024844720464,False,0.4113747095375449,False,False,0.37436747899237477,False,0,LOW,PASS,1,2000
C1673,L1,TypeC,32.99,1.1,8.17,9.17,10.17,60.0,0.82,0.92,1.02,6.0,Absolute_Failure,50,33.0,1.1,TypeC|T=33.0|V=1.1,12.98,0.5099999999999998,1.5,4.8100000000000005,-6.361460784313729,13,1.0,True,1.0,True,False,1.0,True,2,CRITICAL,REVIEW,1,2000
C1674,L1,TypeB,33.79,1.14,8.92,9.92,28.92,30.92,0.89,0.99,2.89,3.09,Sudden_Anomaly,50,34.0,1.1500000000000001,TypeB|T=34.0|V=1.15,12.24,1.9000000000000004,2.8599999999999994,3.3200000000000003,-1.1785999999999999,13,0.3367428571428571,False,0.37020562910049365,False,False,0.3534742431216754,False,0,LOW,PASS,1,2000
C1675,L1,TypeA,29.11,1.13,13.07,15.07,18.07,23.07,1.31,1.51,1.81,2.31,Latent_Defect,50,29.0,1.1500000000000001,TypeA|T=29.0|V=1.15,12.51,1.9399999999999995,3.5500000000000007,0.5600000000000005,0.19470103092783528,15,0.055628865979381506,False,0.05602640642817983,False,False,0.05582763620378067,False,0,LOW,PASS,1,2000
C1676,L1,TypeC,32.83,1.1,12.98,14.98,17.98,22.98,1.3,1.5,1.8,2.3,Latent_Defect,50,33.0,1.1,TypeC|T=33.0|V=1.1,12.98,0.5099999999999998,1.5,0.0,0.0,13,0.0,False,0.23825093690581556,False,False,0.11912546845290778,False,0,LOW,PASS,1,2000
C1677,L1,TypeB,25.23,1.02,9.26,11.26,14.26,19.26,0.93,1.13,1.43,1.93,Latent_Defect,50,25.0,1.0,TypeB|T=25.0|V=1.0,8.855,0.40500000000000025,0.40499999999999936,0.40499999999999936,0.6744999999999984,2,0.19271428571428526,False,0.6660103867071413,True,False,0.4293623362107133,False,1,LOW,PASS,1,2000
C1678,L1,TypeB,30.37,1.26,11.21,12.21,13.21,60.0,1.12,1.22,1.32,6.0,Absolute_Failure,50,30.0,1.25,TypeB|T=30.0|V=1.25,10.535,0.6950000000000003,1.3175000000000008,0.6750000000000007,0.6550899280575544,10,0.18716855087358697,False,0.16288167673493617,False,False,0.17502511380426156,False,0,LOW,PASS,1,2000
C1679,L1,TypeC,30.75,1.29,11.99,11.99,11.99,11.99,1.2,1.2,1.2,1.2,High_Stable,50,31.0,1.3,TypeC|T=31.0|V=1.3,12.94,0.5300000000000011,1.0399999999999991,0.9499999999999993,-1.2090094339622608,5,0.3454312668463602,False,0.4110090839550748,False,False,0.3782201754007175,False,0,LOW,PASS,1,2000
C1680,L1,TypeB,33.22,1.21,10.37,10.37,10.37,10.37,1.04,1.04,1.04,1.04,High_Stable,50,33.0,1.2000000000000002,TypeB|T=33.0|V=1.2,11.825,1.3450000000000006,2.7375000000000007,1.455,-0.7296635687732339,8,0.20847530536378112,False,0.11792634851065435,False,False,0.16320082693721774,False,0,LOW,PASS,1,2000
C1681,L1,TypeB,29.41,1.1,12.32,13.32,14.32,15.32,1.23,1.33,1.43,1.53,Normal,50,29.0,1.1,TypeB|T=29.0|V=1.1,10.48,1.58,2.370000000000001,1.8399999999999999,0.7854936708860759,9,0.2244267631103074,False,0.06623254720785858,False,False,0.145329655159083,False,0,LOW,PASS,1,2000
C1682,L1,TypeA,31.98,1.16,14.97,16.97,19.97,24.97,1.5,1.7,2.0,2.5,Latent_Defect,50,32.0,1.1500000000000001,TypeA|T=32.0|V=1.15,11.555,1.4750000000000005,3.092500000000001,3.415000000000001,1.5616389830508473,8,0.44618256658595634,False,0.5394495886886823,False,False,0.4928160776373193,False,0,LOW,PASS,1,2000
C1683,L1,TypeC,26.76,1.01,11.07,11.07,11.07,11.07,1.11,1.11,1.11,1.11,High_Stable,50,27.0,1.0,TypeC|T=27.0|V=1.0,11.07,0.9500000000000011,1.7200000000000006,0.0,0.0,5,0.0,False,0.3048128740413309,False,False,0.15240643702066545,False,0,LOW,PASS,1,2000
C1684,L1,TypeB,34.12,1.25,12.78,12.78,12.78,12.78,1.28,1.28,1.28,1.28,High_Stable,50,34.0,1.25,TypeB|T=34.0|V=1.25,9.45,0.8499999999999996,1.727500000000001,3.33,2.6424529411764714,14,0.7549865546218489,False,0.7974048037012771,True,False,0.776195679161563,True,1,MEDIUM,REVIEW,1,2000
C1685,L1,TypeA,32.37,1.12,9.97,9.97,9.97,9.97,1.0,1.0,1.0,1.0,High_Stable,50,32.0,1.1,TypeA|T=32.0|V=1.1,10.8,1.9300000000000015,3.5199999999999996,0.8300000000000001,-0.2900699481865283,13,0.08287712805329381,False,0.06909180534986627,False,False,0.07598446670158004,False,0,LOW,PASS,1,2000
C1686,L1,TypeC,27.42,1.05,13.16,14.16,15.16,60.0,1.32,1.42,1.52,6.0,Absolute_Failure,50,27.0,1.05,TypeC|T=27.0|V=1.05,10.53,2.4499999999999993,5.0600000000000005,2.630000000000001,0.7240551020408167,13,0.20687288629737619,False,0.20970780985836338,False,False,0.20829034807786978,False,0,LOW,PASS,1,2000
C1687,L1,TypeB,28.91,1.23,14.47,15.47,16.47,60.0,1.45,1.55,1.65,6.0,Absolute_Failure,50,29.0,1.25,TypeB|T=29.0|V=1.25,12.09,1.4100000000000001,2.5200000000000014,2.380000000000001,1.1385177304964542,11,0.32529078014184404,False,0.23263304409506622,False,False,0.2789619121184551,False,0,LOW,PASS,1,2000
C1688,L1,TypeA,32.45,1.11,10.8,11.8,30.8,32.8,1.08,1.18,3.08,3.28,Sudden_Anomaly,50,32.0,1.1,TypeA|T=32.0|V=1.1,10.8,1.9300000000000015,3.5199999999999996,0.0,0.0,13,0.0,False,0.12383541567536599,False,False,0.061917707837682995,False,0,LOW,PASS,1,2000
C1689,L1,TypeC,33.93,1.03,13.5,14.5,15.5,16.5,1.35,1.45,1.55,1.65,Normal,50,34.0,1.05,TypeC|T=34.0|V=1.05,11.515,2.05,3.3249999999999993,1.9849999999999994,0.6531134146341462,16,0.1866038327526132,False,0.2994397415266954,False,False,0.24302178713965428,False,0,LOW,PASS,1,2000
C1690,L1,TypeC,25.5,1.06,13.87,14.87,15.87,16.87,1.39,1.49,1.59,1.69,Normal,50,26.0,1.05,TypeC|T=26.0|V=1.05,10.399999999999999,1.4600000000000009,2.5600000000000005,3.4700000000000006,1.603092465753424,10,0.4580264187866926,False,0.6721231154215409,True,False,0.5650747671041167,False,1,LOW,PASS,1,2000
C1691,L1,TypeC,31.21,1.03,8.13,9.13,10.13,60.0,0.81,0.91,1.01,6.0,Absolute_Failure,50,31.0,1.05,TypeC|T=31.0|V=1.05,11.184999999999999,2.46,4.84,3.054999999999998,-0.8376412601626011,16,0.23932607433217173,False,0.48173349371531315,False,False,0.36052978402374247,False,0,LOW,PASS,1,2000
C1692,L1,TypeA,25.91,1.1,13.53,14.53,33.53,35.53,1.35,1.45,3.35,3.55,Sudden_Anomaly,50,26.0,1.1,TypeA|T=26.0|V=1.1,12.184999999999999,1.6349999999999998,3.125,1.3450000000000006,0.554863914373089,6,0.15853254696373972,False,0.1966097458086977,False,False,0.1775711463862187,False,0,LOW,PASS,1,2000
C1693,L1,TypeB,31.91,1.1,14.24,14.24,14.24,14.24,1.42,1.42,1.42,1.42,High_Stable,50,32.0,1.1,TypeB|T=32.0|V=1.1,11.14,1.9499999999999993,2.875,3.0999999999999996,1.0722820512820517,15,0.30636630036630047,False,0.23553042103279886,False,False,0.27094836069954964,False,0,LOW,PASS,1,2000
C1694,L1,TypeB,27.75,1.01,9.36,9.36,9.36,9.36,0.94,0.94,0.94,0.94,High_Stable,50,28.0,1.0,TypeB|T=28.0|V=1.0,11.29,1.9299999999999997,2.355000000000002,1.9299999999999997,-0.6745,7,0.1927142857142857,False,0.28505580596257185,False,False,0.2388850458384288,False,0,LOW,PASS,1,2000
C1695,L1,TypeB,33.34,1.27,14.71,15.71,16.71,60.0,1.47,1.57,1.67,6.0,Absolute_Failure,50,33.0,1.25,TypeB|T=33.0|V=1.25,11.885,0.7799999999999994,1.9175000000000004,2.825000000000001,2.442900641025644,8,0.6979716117216126,False,0.7385772665417882,True,False,0.7182744391317004,True,1,MEDIUM,REVIEW,1,2000
C1696,L1,TypeC,27.19,1.22,11.33,12.33,31.33,33.33,1.13,1.23,3.13,3.33,Sudden_Anomaly,50,27.0,1.2000000000000002,TypeC|T=27.0|V=1.2,11.76,0.9649999999999999,1.790000000000001,0.4299999999999997,-0.30055440414507756,10,0.08587268689859359,False,0.09233101572200428,False,False,0.08910185131029894,False,0,LOW,PASS,1,2000
C1697,L1,TypeC,31.83,1.24,11.69,12.69,13.69,14.69,1.17,1.27,1.37,1.47,Normal,50,32.0,1.25,TypeC|T=32.0|V=1.25,11.69,2.1400000000000006,4.07,0.0,0.0,25,0.0,False,0.0721821870827177,False,False,0.03609109354135885,False,0,LOW,PASS,1,2000
C1698,L1,TypeA,33.25,1.23,13.56,14.56,15.56,16.56,1.36,1.46,1.56,1.66,Normal,50,33.0,1.25,TypeA|T=33.0|V=1.25,11.515,2.0300000000000002,4.050000000000001,2.045,0.6794839901477832,16,0.1941382828993666,False,0.1744982264370335,False,False,0.18431825466820007,False,0,LOW,PASS,1,2000
C1699,L1,TypeB,25.98,1.21,14.82,16.82,19.82,24.82,1.48,1.68,1.98,2.48,Latent_Defect,50,26.0,1.2000000000000002,TypeB|T=26.0|V=1.2,12.85,1.9000000000000004,4.229999999999999,1.9700000000000006,0.6993500000000001,17,0.19981428571428575,False,0.3763332671859696,False,False,0.28807377645012766,False,0,LOW,PASS,1,2000
C1700,L1,TypeB,28.53,1.2,10.46,11.46,12.46,60.0,1.05,1.15,1.25,6.0,Absolute_Failure,50,29.0,1.2000000000000002,TypeB|T=29.0|V=1.2,10.33,1.4100000000000001,2.3149999999999995,0.13000000000000078,0.06218794326241171,10,0.017767983789260488,False,0.07966416453751181,False,False,0.04871607416338615,False,0,LOW,PASS,1,2000
C1701,L1,TypeA,28.08,1.05,9.81,11.81,14.81,19.81,0.98,1.18,1.48,1.98,Latent_Defect,50,28.0,1.05,TypeA|T=28.0|V=1.05,12.85,1.5099999999999998,3.4399999999999977,3.039999999999999,-1.357933774834437,11,0.38798107852412483,False,0.39156504763200595,False,False,0.38977306307806536,False,0,LOW,PASS,1,2000
C1702,L1,TypeA,27.49,1.02,11.21,12.21,13.21,14.21,1.12,1.22,1.32,1.42,Normal,50,27.0,1.0,TypeA|T=27.0|V=1.0,11.87,1.1599999999999984,2.719999999999999,0.6599999999999984,-0.38376724137930995,5,0.10964778325123141,False,0.19235812370003907,False,False,0.15100295347563525,False,0,LOW,PASS,1,2000
C1703,L1,TypeA,32.8,1.2,11.51,12.51,31.51,33.51,1.15,1.25,3.15,3.35,Sudden_Anomaly,50,33.0,1.2000000000000002,TypeA|T=33.0|V=1.2,11.66,1.0100000000000007,1.722500000000002,0.15000000000000036,-0.10017326732673285,10,0.02862093352192367,False,0.07856797502947589,False,False,0.05359445427569978,False,0,LOW,PASS,1,2000
C1704,L1,TypeC,28.14,1.18,9.65,10.65,11.65,60.0,0.96,1.06,1.16,6.0,Absolute_Failure,50,28.0,1.2000000000000002,TypeC|T=28.0|V=1.2,10.935,1.6499999999999995,2.9349999999999987,1.2850000000000001,-0.5252924242424245,10,0.15008354978354985,False,0.046884116241457316,False,False,0.09848383301250357,False,0,LOW,PASS,1,2000
C1705,L1,TypeC,32.89,1.17,11.18,12.18,31.18,33.18,1.12,1.22,3.12,3.32,Sudden_Anomaly,50,33.0,1.1500000000000001,TypeC|T=33.0|V=1.15,11.879999999999999,0.9549999999999992,1.6524999999999999,0.6999999999999993,-0.4943979057591622,12,0.14125654450261776,False,0.06426284287507382,False,False,0.1027596936888458,False,0,LOW,PASS,1,2000
C1706,L1,TypeB,28.55,1.03,12.29,13.29,14.29,60.0,1.23,1.33,1.43,6.0,Absolute_Failure,50,29.0,1.05,TypeB|T=29.0|V=1.05,10.82,1.4699999999999989,3.4450000000000003,1.4699999999999989,0.6745,7,0.1927142857142857,False,0.129511303803487,False,False,0.16111279475888635,False,0,LOW,PASS,1,2000
C1707,L1,TypeC,30.68,1.05,8.48,9.48,28.48,30.48,0.85,0.95,2.85,3.05,Sudden_Anomaly,50,31.0,1.05,TypeC|T=31.0|V=1.05,11.184999999999999,2.46,4.84,2.7049999999999983,-0.7416758130081296,16,0.21190737514517988,False,0.2632357503286353,False,False,0.23757156273690758,False,0,LOW,PASS,1,2000
C1708,L1,TypeC,29.88,1.23,10.82,12.82,15.82,20.82,1.08,1.28,1.58,2.08,Latent_Defect,50,30.0,1.25,TypeC|T=30.0|V=1.25,11.165,2.1099999999999994,4.5649999999999995,0.34499999999999886,-0.11028554502369635,10,0.0315101557210561,False,0.011027310828035375,False,False,0.02126873327454574,False,0,LOW,PASS,1,2000
C1709,L1,TypeB,29.21,1.04,8.05,9.05,10.05,11.05,0.81,0.91,1.01,1.11,Normal,50,29.0,1.05,TypeB|T=29.0|V=1.05,10.82,1.4699999999999989,3.4450000000000003,2.7699999999999996,-1.2709965986394565,7,0.36314188532555897,False,0.5168807642714036,False,False,0.44001132479848126,False,0,LOW,PASS,1,2000
C1710,L1,TypeB,34.45,1.19,12.13,13.13,14.13,60.0,1.21,1.31,1.41,6.0,Absolute_Failure,50,34.0,1.2000000000000002,TypeB|T=34.0|V=1.2,12.14,1.4100000000000001,2.795,0.009999999999999787,-0.0047836879432623085,16,0.001366767983789231,False,0.26564542362157073,False,False,0.13350609580267997,False,0,LOW,PASS,1,2000
C1711,L1,TypeC,26.82,1.04,12.87,14.87,17.87,22.87,1.29,1.49,1.79,2.29,Latent_Defect,50,27.0,1.05,TypeC|T=27.0|V=1.05,10.53,2.4499999999999993,5.0600000000000005,2.34,0.6442163265306123,13,0.18406180758017496,False,0.21641995368259964,False,False,0.20024088063138729,False,0,LOW,PASS,1,2000
C1712,L1,TypeA,30.37,1.2,10.0,10.0,10.0,10.0,1.0,1.0,1.0,1.0,High_Stable,50,30.0,1.2000000000000002,TypeA|T=30.0|V=1.2,10.23,1.5199999999999996,2.7125000000000004,0.23000000000000043,-0.10206250000000021,14,0.029160714285714345,False,0.0856323409337754,False,False,0.057396527609744875,False,0,LOW,PASS,1,2000
C1713,L1,TypeA,34.55,1.29,9.69,10.69,11.69,12.69,0.97,1.07,1.17,1.27,Normal,50,35.0,1.3,TypeA|T=35.0|V=1.3,9.51,0.17999999999999972,0.4900000000000002,0.17999999999999972,0.6745,3,0.1927142857142857,False,0.74077023989525,True,False,0.4667422628047679,False,1,LOW,PASS,1,2000
C1714,L1,TypeA,25.41,1.24,13.65,14.65,15.65,60.0,1.36,1.46,1.56,6.0,Absolute_Failure,50,25.0,1.25,TypeA|T=25.0|V=1.25,12.1,1.0900000000000007,3.120000000000001,1.5500000000000007,0.9591513761467887,6,0.2740432503276539,False,0.368446005737089,False,False,0.32124462803237147,False,0,LOW,PASS,1,2000
C1715,L1,TypeB,34.21,1.23,9.6,10.6,11.6,12.6,0.96,1.06,1.16,1.26,Normal,50,34.0,1.25,TypeB|T=34.0|V=1.25,9.45,0.8499999999999996,1.727500000000001,0.15000000000000036,0.11902941176470622,14,0.034008403361344634,False,0.393082342362812,False,False,0.2135453728620783,False,0,LOW,PASS,1,2000
C1716,L1,TypeB,27.77,1.11,8.9,10.9,13.9,18.9,0.89,1.09,1.39,1.89,Latent_Defect,50,28.0,1.1,TypeB|T=28.0|V=1.1,9.87,1.0099999999999998,4.949999999999999,0.9699999999999989,-0.6477871287128706,13,0.18508203677510587,False,0.1662443761229428,False,False,0.17566320644902433,False,0,LOW,PASS,1,2000
C1717,L1,TypeC,34.91,1.2,14.4,15.4,34.4,36.4,1.44,1.54,3.44,3.64,Sudden_Anomaly,50,35.0,1.2000000000000002,TypeC|T=35.0|V=1.2,12.385,2.0150000000000006,2.0150000000000006,2.0150000000000006,0.6745,2,0.1927142857142857,False,0.4076473351732193,False,False,0.3001808104437525,False,0,LOW,PASS,1,2000
C1718,L1,TypeA,25.74,1.3,10.67,12.67,15.67,20.67,1.07,1.27,1.57,2.07,Latent_Defect,50,26.0,1.3,TypeA|T=26.0|V=1.3,9.9,0.7699999999999996,1.5399999999999991,0.7699999999999996,0.6745,5,0.1927142857142857,False,0.5532084126506549,False,False,0.3729613491824703,False,0,LOW,PASS,1,2000
C1719,L1,TypeA,31.27,1.12,11.73,12.73,13.73,60.0,1.17,1.27,1.37,6.0,Absolute_Failure,50,31.0,1.1,TypeA|T=31.0|V=1.1,13.24,1.4299999999999997,4.84,1.5099999999999998,-0.7122342657342658,17,0.20349550449550452,False,0.08496387225526103,False,False,0.14422968837538278,False,0,LOW,PASS,1,2000
C1720,L1,TypeC,32.15,1.24,14.28,14.28,14.28,14.28,1.43,1.43,1.43,1.43,High_Stable,50,32.0,1.25,TypeC|T=32.0|V=1.25,11.69,2.1400000000000006,4.07,2.59,0.8163341121495324,25,0.23323831775700926,False,0.19717702069133794,False,False,0.21520766922417361,False,0,LOW,PASS,1,2000
C1721,L1,TypeA,31.65,1.22,13.41,15.41,18.41,23.41,1.34,1.54,1.84,2.34,Latent_Defect,50,32.0,1.2000000000000002,TypeA|T=32.0|V=1.2,10.1,1.3899999999999988,2.1900000000000013,3.3100000000000005,1.6061834532374117,13,0.4589095580678319,False,0.4047060941292604,False,False,0.4318078260985462,False,0,LOW,PASS,1,2000
C1722,L1,TypeA,31.15,1.23,8.25,9.25,28.25,30.25,0.82,0.92,2.82,3.02,Sudden_Anomaly,50,31.0,1.25,TypeA|T=31.0|V=1.25,12.5,1.3499999999999996,2.549999999999999,4.25,-2.1234259259259263,9,0.6066931216931218,False,0.7611507867886289,True,False,0.6839219542408754,True,1,MEDIUM,REVIEW,1,2000
C1723,L1,TypeA,32.0,1.07,9.55,10.55,11.55,12.55,0.96,1.06,1.16,1.26,Normal,50,32.0,1.05,TypeA|T=32.0|V=1.05,10.56,0.8499999999999996,1.42,1.0099999999999998,-0.8014647058823531,13,0.2289899159663866,False,0.1885424477445351,False,False,0.20876618185546086,False,0,LOW,PASS,1,2000
C1724,L1,TypeB,34.47,1.2,12.46,13.46,14.46,60.0,1.25,1.35,1.45,6.0,Absolute_Failure,50,34.0,1.2000000000000002,TypeB|T=34.0|V=1.2,12.14,1.4100000000000001,2.795,0.3200000000000003,0.1530780141843973,16,0.04373657548125637,False,0.20990144837202454,False,False,0.12681901192664047,False,0,LOW,PASS,1,2000
C1725,L1,TypeB,25.93,1.01,9.77,11.77,14.77,19.77,0.98,1.18,1.48,1.98,Latent_Defect,50,26.0,1.0,TypeB|T=26.0|V=1.0,10.65,1.5600000000000005,3.1500000000000004,0.8800000000000008,-0.3804871794871797,9,0.10871062271062278,False,0.3851051973673081,False,False,0.24690791003896542,False,0,LOW,PASS,1,2000
C1726,L1,TypeB,25.86,1.14,12.3,13.3,32.3,34.3,1.23,1.33,3.23,3.43,Sudden_Anomaly,50,26.0,1.1500000000000001,TypeB|T=26.0|V=1.15,11.66,0.8799999999999999,1.8025000000000002,0.6400000000000006,0.49054545454545506,10,0.1401558441558443,False,0.16450343060176703,False,False,0.15232963737880567,False,0,LOW,PASS,1,2000
C1727,L1,TypeB,29.69,1.17,9.22,10.22,29.22,31.22,0.92,1.02,2.92,3.12,Sudden_Anomaly,50,30.0,1.1500000000000001,TypeB|T=30.0|V=1.15,10.945,1.7299999999999995,3.4999999999999982,1.7249999999999996,-0.6725505780346821,12,0.19215730800990918,False,0.06303919269929475,False,False,0.12759825035460198,False,0,LOW,PASS,1,2000
C1728,L1,TypeB,33.83,1.07,14.57,16.57,19.57,24.57,1.46,1.66,1.96,2.46,Latent_Defect,50,34.0,1.05,TypeB|T=34.0|V=1.05,11.07,1.3000000000000007,2.58,3.5,1.8159615384615373,17,0.5188461538461535,False,0.6734168286293127,True,False,0.5961314912377331,False,1,LOW,PASS,1,2000
C1729,L1,TypeC,25.76,1.12,14.09,16.09,19.09,24.09,1.41,1.61,1.91,2.41,Latent_Defect,50,26.0,1.1,TypeC|T=26.0|V=1.1,10.88,1.4499999999999993,2.9299999999999997,3.209999999999999,1.4932034482758625,15,0.42662955665024643,False,0.48817684751132656,False,False,0.4574032020807865,False,0,LOW,PASS,1,2000
C1730,L1,TypeA,31.81,1.04,11.18,13.18,16.18,21.18,1.12,1.32,1.62,2.12,Latent_Defect,50,32.0,1.05,TypeA|T=32.0|V=1.05,10.56,0.8499999999999996,1.42,0.6199999999999992,0.4919882352941172,13,0.14056806722689064,False,0.14519023357670902,False,False,0.14287915040179983,False,0,LOW,PASS,1,2000
C1731,L1,TypeC,25.93,1.23,9.67,10.67,11.67,12.67,0.97,1.07,1.17,1.27,Normal,50,26.0,1.25,TypeC|T=26.0|V=1.25,12.27,1.3600000000000012,2.630000000000001,2.5999999999999996,-1.2894852941176458,9,0.36842436974789877,False,0.35382748168090844,False,False,0.3611259257144036,False,0,LOW,PASS,1,2000
C1732,L1,TypeA,25.3,1.13,14.14,15.14,34.14,36.14,1.41,1.51,3.41,3.61,Sudden_Anomaly,50,25.0,1.1500000000000001,TypeA|T=25.0|V=1.15,11.7,2.4400000000000013,4.615,2.4400000000000013,0.6745,7,0.1927142857142857,False,0.3813950130542224,False,False,0.28705464938425407,False,0,LOW,PASS,1,2000
C1733,L1,TypeB,27.33,1.08,12.37,13.37,32.37,34.37,1.24,1.34,3.24,3.44,Sudden_Anomaly,50,27.0,1.1,TypeB|T=27.0|V=1.1,11.52,1.450000000000001,2.8599999999999994,0.8499999999999996,0.39539655172413746,13,0.11297044334975356,False,0.07486979281808952,False,False,0.09392011808392153,False,0,LOW,PASS,1,2000
C1734,L1,TypeB,26.38,1.21,8.63,8.63,8.63,8.63,0.86,0.86,0.86,0.86,High_Stable,50,26.0,1.2000000000000002,TypeB|T=26.0|V=1.2,12.85,1.9000000000000004,4.229999999999999,4.219999999999999,-1.4980999999999993,17,0.42802857142857126,False,0.6713575650225808,True,False,0.5496930682255761,False,1,LOW,PASS,1,2000
C1735,L1,TypeC,34.33,1.03,11.96,11.96,11.96,11.96,1.2,1.2,1.2,1.2,High_Stable,50,34.0,1.05,TypeC|T=34.0|V=1.05,11.515,2.05,3.3249999999999993,0.4450000000000003,0.1464158536585367,16,0.0418331010452962,False,0.29815505203541093,False,False,0.16999407654035356,False,0,LOW,PASS,1,2000
C1736,L1,TypeB,25.89,1.07,14.81,15.81,34.81,36.81,1.48,1.58,3.48,3.68,Sudden_Anomaly,50,26.0,1.05,TypeB|T=26.0|V=1.05,11.965,1.6600000000000001,3.2074999999999996,2.8450000000000006,1.155995481927711,14,0.3302844234079174,False,0.5386915915464469,False,False,0.43448800747718214,False,0,LOW,PASS,1,2000
C1737,L1,TypeA,25.89,1.23,10.82,11.82,30.82,32.82,1.08,1.18,3.08,3.28,Sudden_Anomaly,50,26.0,1.25,TypeA|T=26.0|V=1.25,12.76,1.1600000000000001,3.0700000000000003,1.9399999999999995,-1.1280431034482754,15,0.3222980295566501,False,0.33974012954834004,False,False,0.3310190795524951,False,0,LOW,PASS,1,2000
C1738,L1,TypeB,30.7,1.04,12.5,13.5,32.5,34.5,1.25,1.35,3.25,3.45,Sudden_Anomaly,50,31.0,1.05,TypeB|T=31.0|V=1.05,11.385000000000002,1.1099999999999985,2.115,1.1149999999999984,0.6775382882882882,16,0.19358236808236806,False,0.07462199714924478,False,False,0.13410218261580642,False,0,LOW,PASS,1,2000
C1739,L1,TypeA,33.95,1.07,9.79,11.79,14.79,19.79,0.98,1.18,1.48,1.98,Latent_Defect,50,34.0,1.05,TypeA|T=34.0|V=1.05,11.120000000000001,1.8400000000000007,3.5249999999999986,1.3300000000000018,-0.4875461956521744,12,0.13929891304347838,False,0.228784490500737,False,False,0.18404170177210769,False,0,LOW,PASS,1,2000
C1740,L1,TypeA,34.59,1.2,11.21,13.21,16.21,21.21,1.12,1.32,1.62,2.12,Latent_Defect,50,35.0,1.2000000000000002,TypeA|T=35.0|V=1.2,10.995000000000001,1.1300000000000008,1.8025000000000002,0.21499999999999986,0.12833407079646,6,0.03666687737041714,False,0.24922934815513262,False,False,0.1429481127627749,False,0,LOW,PASS,1,2000
C1741,L1,TypeC,31.08,1.27,8.53,9.53,28.53,30.53,0.85,0.95,2.85,3.05,Sudden_Anomaly,50,31.0,1.25,TypeC|T=31.0|V=1.25,10.88,1.8099999999999987,2.9599999999999973,2.3500000000000014,-0.8757320441988962,15,0.2502091554853989,False,0.3370594258647166,False,False,0.29363429067505775,False,0,LOW,PASS,1,2000
C1742,L1,TypeB,31.83,1.0,11.41,12.41,13.41,14.41,1.14,1.24,1.34,1.44,Normal,50,32.0,1.0,TypeB|T=32.0|V=1.0,11.6,1.040000000000001,1.83,0.1899999999999995,-0.1232259615384611,13,0.03520741758241746,False,0.3534714082637947,False,False,0.19433941292310608,False,0,LOW,PASS,1,2000
C1743,L1,TypeC,28.99,1.1,13.07,14.07,33.07,35.07,1.31,1.41,3.31,3.51,Sudden_Anomaly,50,29.0,1.1,TypeC|T=29.0|V=1.1,11.565,1.4100000000000001,2.615000000000002,1.5050000000000008,0.7199450354609933,10,0.2056985815602838,False,0.03459640431303521,False,False,0.12014749293665951,False,0,LOW,PASS,1,2000
C1744,L1,TypeA,26.26,1.11,13.84,14.84,15.84,16.84,1.38,1.48,1.58,1.68,Normal,50,26.0,1.1,TypeA|T=26.0|V=1.1,12.184999999999999,1.6349999999999998,3.125,1.6550000000000011,0.6827507645259945,6,0.195071647007427,False,0.17031118708946724,False,False,0.1826914170484471,False,0,LOW,PASS,1,2000
C1745,L1,TypeA,34.39,1.21,14.87,15.87,34.87,36.87,1.49,1.59,3.49,3.69,Sudden_Anomaly,50,34.0,1.2000000000000002,TypeA|T=34.0|V=1.2,12.43,1.0600000000000005,1.8825000000000003,2.4399999999999995,1.5526226415094329,10,0.4436064690026951,False,0.6040048432381024,True,False,0.5238056561203988,False,1,LOW,PASS,1,2000
C1746,L1,TypeA,28.45,1.08,11.42,11.42,11.42,11.42,1.14,1.14,1.14,1.14,High_Stable,50,28.0,1.1,TypeA|T=28.0|V=1.1,11.68,1.629999999999999,3.785,0.2599999999999998,-0.1075889570552147,11,0.03073970201577563,False,0.10307245492933129,False,False,0.06690607847255346,False,0,LOW,PASS,1,2000
C1747,L1,TypeB,31.96,1.23,13.36,14.36,15.36,16.36,1.34,1.44,1.54,1.64,Normal,50,32.0,1.25,TypeB|T=32.0|V=1.25,11.31,1.7350000000000003,3.01,2.049999999999999,0.7969596541786738,10,0.22770275833676393,False,0.08791193464831597,False,False,0.15780734649253994,False,0,LOW,PASS,1,2000
C1748,L1,TypeA,31.64,1.07,10.7,11.7,30.7,32.7,1.07,1.17,3.07,3.27,Sudden_Anomaly,50,32.0,1.05,TypeA|T=32.0|V=1.05,10.56,0.8499999999999996,1.42,0.1399999999999988,0.11109411764705791,13,0.031741176470587974,False,0.1242097246525366,False,False,0.07797545056156228,False,0,LOW,PASS,1,2000
C1749,L1,TypeC,33.97,1.02,13.98,14.98,15.98,16.98,1.4,1.5,1.6,1.7,Normal,50,34.0,1.0,TypeC|T=34.0|V=1.0,12.25,2.6999999999999993,4.765000000000001,1.7300000000000004,0.4321796296296298,7,0.12347989417989423,False,0.3710087136027744,False,False,0.2472443038913343,False,0,LOW,PASS,1,2000
C1750,L1,TypeB,32.19,1.28,10.82,11.82,30.82,32.82,1.08,1.18,3.08,3.28,Sudden_Anomaly,50,32.0,1.3,TypeB|T=32.0|V=1.3,11.8,1.0899999999999999,2.0299999999999994,0.9800000000000004,-0.6064311926605508,9,0.17326605504587164,False,0.20635997493411132,False,False,0.18981301498999148,False,0,LOW,PASS,1,2000
C1751,L1,TypeB,30.48,1.23,10.91,11.91,12.91,60.0,1.09,1.19,1.29,6.0,Absolute_Failure,50,30.0,1.25,TypeB|T=30.0|V=1.25,10.535,0.6950000000000003,1.3175000000000008,0.375,0.36393884892086314,10,0.10398252826310375,False,0.04205772194581587,False,False,0.07302012510445981,False,0,LOW,PASS,1,2000
C1752,L1,TypeA,32.93,1.1,13.18,14.18,33.18,35.18,1.32,1.42,3.32,3.52,Sudden_Anomaly,50,33.0,1.1,TypeA|T=33.0|V=1.1,12.51,0.9799999999999995,2.2375000000000007,0.6699999999999999,0.46113775510204097,20,0.13175364431486886,False,0.13151562088683988,False,False,0.13163463260085437,False,0,LOW,PASS,1,2000
C1753,L1,TypeB,25.28,1.26,14.03,14.03,14.03,14.03,1.4,1.4,1.4,1.4,High_Stable,50,25.0,1.25,TypeB|T=25.0|V=1.25,10.955,1.2599999999999998,2.3374999999999986,3.0749999999999993,1.6461011904761904,6,0.4703146258503401,False,0.6607176966535139,True,False,0.565516161251927,False,1,LOW,PASS,1,2000
C1754,L1,TypeB,25.33,1.26,12.17,13.17,14.17,60.0,1.22,1.32,1.42,6.0,Absolute_Failure,50,25.0,1.25,TypeB|T=25.0|V=1.25,10.955,1.2599999999999998,2.3374999999999986,1.2149999999999999,0.6504107142857143,6,0.1858316326530612,False,0.3763351284368227,False,False,0.281083380544942,False,0,LOW,PASS,1,2000
C1755,L1,TypeA,27.66,1.1,13.1,14.1,15.1,60.0,1.31,1.41,1.51,6.0,Absolute_Failure,50,28.0,1.1,TypeA|T=28.0|V=1.1,11.68,1.629999999999999,3.785,1.42,0.5876012269938653,11,0.1678860648553901,False,0.04513174610527492,False,False,0.10650890548033251,False,0,LOW,PASS,1,2000
C1756,L1,TypeA,33.35,1.01,11.6,12.6,13.6,60.0,1.16,1.26,1.36,6.0,Absolute_Failure,50,33.0,1.0,TypeA|T=33.0|V=1.0,11.78,2.25,4.48,0.17999999999999972,-0.05395999999999992,9,0.015417142857142834,False,0.3293384675625368,False,False,0.17237780520983984,False,0,LOW,PASS,1,2000
C1757,L1,TypeA,26.79,1.18,10.56,10.56,10.56,10.56,1.06,1.06,1.06,1.06,High_Stable,50,27.0,1.2000000000000002,TypeA|T=27.0|V=1.2,11.24,1.0600000000000005,1.7400000000000002,0.6799999999999997,-0.43269811320754675,5,0.12362803234501336,False,0.0511934951837522,False,False,0.08741076376438278,False,0,LOW,PASS,1,2000
C1758,L1,TypeB,28.82,1.01,10.57,10.57,10.57,10.57,1.06,1.06,1.06,1.06,High_Stable,50,29.0,1.0,TypeB|T=29.0|V=1.0,10.57,0.8200000000000003,1.509999999999998,0.0,0.0,7,0.0,False,0.29834756008205904,False,False,0.14917378004102952,False,0,LOW,PASS,1,2000
C1759,L1,TypeA,31.32,1.28,13.75,13.75,13.75,13.75,1.37,1.37,1.37,1.37,High_Stable,50,31.0,1.3,TypeA|T=31.0|V=1.3,9.53,0.1899999999999995,3.780000000000001,4.220000000000001,14.98100000000004,5,1.0,True,1.0,True,False,1.0,True,2,CRITICAL,REVIEW,1,2000
C1760,L1,TypeC,31.19,1.28,12.94,14.94,17.94,22.94,1.29,1.49,1.79,2.29,Latent_Defect,50,31.0,1.3,TypeC|T=31.0|V=1.3,12.94,0.5300000000000011,1.0399999999999991,0.0,0.0,5,0.0,False,0.25974817027129843,False,False,0.12987408513564921,False,0,LOW,PASS,1,2000
C1761,L1,TypeA,33.67,1.08,12.89,14.89,17.89,22.89,1.29,1.49,1.79,2.29,Latent_Defect,50,34.0,1.1,TypeA|T=34.0|V=1.1,12.004999999999999,1.8649999999999993,3.4400000000000013,0.8850000000000016,0.3200710455764082,12,0.09144887016468806,False,0.15305357062541686,False,False,0.12225122039505246,False,0,LOW,PASS,1,2000
C1762,L1,TypeC,25.56,1.14,14.0,14.0,14.0,14.0,1.4,1.4,1.4,1.4,High_Stable,50,26.0,1.1500000000000001,TypeC|T=26.0|V=1.15,12.2,1.8000000000000007,2.4700000000000006,1.8000000000000007,0.6745,5,0.1927142857142857,False,0.2774472198923955,False,False,0.23508075280334062,False,0,LOW,PASS,1,2000
C1763,L1,TypeC,32.65,1.11,12.47,13.47,14.47,15.47,1.25,1.35,1.45,1.55,Normal,50,33.0,1.1,TypeC|T=33.0|V=1.1,12.98,0.5099999999999998,1.5,0.5099999999999998,-0.6745,13,0.1927142857142857,False,0.21091562142409664,False,False,0.20181495356919116,False,0,LOW,PASS,1,2000
C1764,L1,TypeB,26.83,1.3,14.4,14.4,14.4,14.4,1.44,1.44,1.44,1.44,High_Stable,50,27.0,1.3,TypeB|T=27.0|V=1.3,13.07,1.5600000000000005,3.92,1.33,0.575054487179487,5,0.164301282051282,False,0.5322345503338919,False,False,0.34826791619258696,False,0,LOW,PASS,1,2000
C1765,L1,TypeB,34.34,1.24,8.5,8.5,8.5,8.5,0.85,0.85,0.85,0.85,High_Stable,50,34.0,1.25,TypeB|T=34.0|V=1.25,9.45,0.8499999999999996,1.727500000000001,0.9499999999999993,-0.7538529411764704,14,0.2153865546218487,False,0.5063753249512145,False,False,0.3608809397865316,False,0,LOW,PASS,1,2000
C1766,L1,TypeA,28.62,1.24,12.83,13.83,14.83,15.83,1.28,1.38,1.48,1.58,Normal,50,29.0,1.25,TypeA|T=29.0|V=1.25,11.665,2.455,4.470000000000001,1.165000000000001,0.3200784114052955,10,0.0914509746872273,False,0.07698274495126634,False,False,0.08421685981924681,False,0,LOW,PASS,1,2000
C1767,L1,TypeA,30.0,1.17,8.43,9.43,10.43,60.0,0.84,0.94,1.04,6.0,Absolute_Failure,50,30.0,1.1500000000000001,TypeA|T=30.0|V=1.15,10.78,2.3499999999999996,3.9499999999999993,2.3499999999999996,-0.6745,7,0.1927142857142857,False,0.19628225948759292,False,False,0.19449827260093933,False,0,LOW,PASS,1,2000
C1768,L1,TypeC,29.98,1.1,9.82,10.82,11.82,12.82,0.98,1.08,1.18,1.28,Normal,50,30.0,1.1,TypeC|T=30.0|V=1.1,11.04,1.7799999999999994,2.115,1.2199999999999989,-0.4622977528089885,11,0.13208507223113958,False,0.03726655068668926,False,False,0.08467581145891442,False,0,LOW,PASS,1,2000
C1769,L1,TypeC,33.45,1.09,11.75,13.75,16.75,21.75,1.18,1.38,1.68,2.18,Latent_Defect,50,33.0,1.1,TypeC|T=33.0|V=1.1,12.98,0.5099999999999998,1.5,1.2300000000000004,-1.6267352941176483,13,0.46478151260504236,False,0.4392906669989985,False,False,0.4520360898020204,False,0,LOW,PASS,1,2000
C1770,L1,TypeA,31.59,1.26,14.21,15.21,34.21,36.21,1.42,1.52,3.42,3.62,Sudden_Anomaly,50,32.0,1.25,TypeA|T=32.0|V=1.25,11.01,1.1799999999999997,3.67,3.200000000000001,1.8291525423728825,13,0.5226150121065378,False,0.46887662636862737,False,False,0.4957458192375826,False,0,LOW,PASS,1,2000
C1771,L1,TypeA,26.57,1.12,10.6,10.6,10.6,10.6,1.06,1.06,1.06,1.06,High_Stable,50,27.0,1.1,TypeA|T=27.0|V=1.1,9.72,1.0250000000000004,2.232499999999998,0.879999999999999,0.5790829268292674,14,0.16545226480836212,False,0.14018024991848183,False,False,0.15281625736342197,False,0,LOW,PASS,1,2000
C1772,L1,TypeC,32.71,1.01,9.81,10.81,11.81,60.0,0.98,1.08,1.18,6.0,Absolute_Failure,50,33.0,1.0,TypeC|T=33.0|V=1.0,10.690000000000001,1.745,3.057500000000001,0.8800000000000008,-0.3401489971346708,6,0.09718542775276308,False,0.27179635267677,False,False,0.18449089021476653,False,0,LOW,PASS,1,2000
C1773,L1,TypeC,26.64,1.16,12.64,13.64,14.64,60.0,1.26,1.36,1.46,6.0,Absolute_Failure,50,27.0,1.1500000000000001,TypeC|T=27.0|V=1.15,12.01,1.0149999999999997,1.7874999999999996,0.6300000000000008,0.41865517241379374,16,0.11961576354679822,False,0.057707190828533775,False,False,0.088661477187666,False,0,LOW,PASS,1,2000
C1774,L1,TypeA,26.58,1.06,8.09,8.09,8.09,8.09,0.81,0.81,0.81,0.81,High_Stable,50,27.0,1.05,TypeA|T=27.0|V=1.05,10.25,1.915,3.6549999999999994,2.16,-0.7607937336814621,12,0.21736963819470345,False,0.4311907256942054,False,False,0.3242801819444544,False,0,LOW,PASS,1,2000
C1775,L1,TypeA,30.98,1.23,11.3,13.3,16.3,21.3,1.13,1.33,1.63,2.13,Latent_Defect,50,31.0,1.25,TypeA|T=31.0|V=1.25,12.5,1.3499999999999996,2.549999999999999,1.1999999999999993,-0.5995555555555553,9,0.17130158730158723,False,0.05736345083349972,False,False,0.11433251906754348,False,0,LOW,PASS,1,2000
C1776,L1,TypeB,27.63,1.01,13.38,14.38,15.38,60.0,1.34,1.44,1.54,6.0,Absolute_Failure,50,28.0,1.0,TypeB|T=28.0|V=1.0,11.29,1.9299999999999997,2.355000000000002,2.0900000000000016,0.7304170984455965,7,0.20869059955588473,False,0.30580212793262,False,False,0.25724636374425236,False,0,LOW,PASS,1,2000
C1777,L1,TypeA,27.8,1.08,11.68,12.68,13.68,14.68,1.17,1.27,1.37,1.47,Normal,50,28.0,1.1,TypeA|T=28.0|V=1.1,11.68,1.629999999999999,3.785,0.0,0.0,11,0.0,False,0.12232204757945654,False,False,0.06116102378972827,False,0,LOW,PASS,1,2000
C1778,L1,TypeB,32.49,1.05,9.86,10.86,29.86,31.86,0.99,1.09,2.99,3.19,Sudden_Anomaly,50,32.0,1.05,TypeB|T=32.0|V=1.05,10.77,1.299999999999999,3.1000000000000014,0.9100000000000001,-0.47215000000000046,9,0.13490000000000013,False,0.15854359859881098,False,False,0.14672179929940554,False,0,LOW,PASS,1,2000
C1779,L1,TypeC,33.37,1.24,14.46,15.46,16.46,60.0,1.45,1.55,1.65,6.0,Absolute_Failure,50,33.0,1.25,TypeC|T=33.0|V=1.25,12.78,0.870000000000001,1.6999999999999993,1.6800000000000015,1.3024827586206893,9,0.37213793103448267,False,0.36104166652093106,False,False,0.36658979877770687,False,0,LOW,PASS,1,2000
C1780,L1,TypeC,34.38,1.14,8.7,9.7,10.7,11.7,0.87,0.97,1.07,1.17,Normal,50,34.0,1.1500000000000001,TypeC|T=34.0|V=1.15,11.96,1.6599999999999993,2.977499999999999,3.2600000000000016,-1.324620481927712,10,0.37846299483648915,False,0.47931966879728366,False,False,0.42889133181688643,False,0,LOW,PASS,1,2000
C1781,L1,TypeC,25.92,1.27,13.98,13.98,13.98,13.98,1.4,1.4,1.4,1.4,High_Stable,50,26.0,1.25,TypeC|T=26.0|V=1.25,12.27,1.3600000000000012,2.630000000000001,1.7100000000000009,0.8480845588235291,9,0.24230987394957973,False,0.3767038354822504,False,False,0.30950685471591505,False,0,LOW,PASS,1,2000
C1782,L1,TypeA,31.94,1.1,10.15,12.15,15.15,20.15,1.02,1.22,1.52,2.02,Latent_Defect,50,32.0,1.1,TypeA|T=32.0|V=1.1,10.8,1.9300000000000015,3.5199999999999996,0.6500000000000004,-0.2271632124352331,13,0.06490377498149517,False,0.03514488601940386,False,False,0.05002433050044952,False,0,LOW,PASS,1,2000
C1783,L1,TypeA,31.48,1.12,9.37,10.37,11.37,60.0,0.94,1.04,1.14,6.0,Absolute_Failure,50,31.0,1.1,TypeA|T=31.0|V=1.1,13.24,1.4299999999999997,4.84,3.870000000000001,-1.8253951048951058,17,0.5215414585414588,False,0.47582443963993293,False,False,0.4986829490906959,False,0,LOW,PASS,1,2000
C1784,L1,TypeA,34.8,1.28,9.51,10.51,11.51,60.0,0.95,1.05,1.15,6.0,Absolute_Failure,50,35.0,1.3,TypeA|T=35.0|V=1.3,9.51,0.17999999999999972,0.4900000000000002,0.0,0.0,3,0.0,False,0.6142139685882344,True,False,0.3071069842941172,False,1,LOW,PASS,1,2000
C1785,L1,TypeB,26.36,1.18,8.74,10.74,13.74,18.74,0.87,1.07,1.37,1.87,Latent_Defect,50,26.0,1.2000000000000002,TypeB|T=26.0|V=1.2,12.85,1.9000000000000004,4.229999999999999,4.109999999999999,-1.4590499999999995,17,0.41687142857142845,False,0.6007156177188702,True,False,0.5087935231451493,False,1,LOW,PASS,1,2000
C1786,L1,TypeC,33.66,1.01,8.48,9.48,10.48,11.48,0.85,0.95,1.05,1.15,Normal,50,34.0,1.0,TypeC|T=34.0|V=1.0,12.25,2.6999999999999993,4.765000000000001,3.7699999999999996,-0.941801851851852,7,0.26908624338624343,False,0.7161257058899717,True,False,0.49260597463810757,False,1,LOW,PASS,1,2000
C1787,L1,TypeC,32.19,1.25,8.36,9.36,10.36,11.36,0.84,0.94,1.04,1.14,Normal,50,32.0,1.25,TypeC|T=32.0|V=1.25,11.69,2.1400000000000006,4.07,3.33,-1.0495724299065416,25,0.29987783711615473,False,0.4087018200972603,False,False,0.35428982860670755,False,0,LOW,PASS,1,2000
C1788,L1,TypeA,30.64,1.1,14.98,16.98,19.98,24.98,1.5,1.7,2.0,2.5,Latent_Defect,50,31.0,1.1,TypeA|T=31.0|V=1.1,13.24,1.4299999999999997,4.84,1.7400000000000002,0.82072027972028,17,0.2344915084915086,False,0.3076664921675658,False,False,0.2710790003295372,False,0,LOW,PASS,1,2000
C1789,L1,TypeC,30.6,1.06,13.68,14.68,15.68,16.68,1.37,1.47,1.57,1.67,Normal,50,31.0,1.05,TypeC|T=31.0|V=1.05,11.184999999999999,2.46,4.84,2.495000000000001,0.6840965447154475,16,0.195456155632985,False,0.1321624148017061,False,False,0.16380928521734556,False,0,LOW,PASS,1,2000
C1790,L1,TypeB,25.88,1.0,13.81,14.81,15.81,60.0,1.38,1.48,1.58,6.0,Absolute_Failure,50,26.0,1.0,TypeB|T=26.0|V=1.0,10.65,1.5600000000000005,3.1500000000000004,3.16,1.3662948717948713,9,0.3903699633699632,False,0.7520677777419996,True,False,0.5712188705559814,False,1,LOW,PASS,1,2000
C1791,L1,TypeA,33.39,1.25,12.97,13.97,14.97,15.97,1.3,1.4,1.5,1.6,Normal,50,33.0,1.25,TypeA|T=33.0|V=1.25,11.515,2.0300000000000002,4.050000000000001,1.455,0.4834470443349753,16,0.13812772695285008,False,0.1481571022986582,False,False,0.14314241462575414,False,0,LOW,PASS,1,2000
C1792,L1,TypeB,31.79,1.14,9.93,11.93,14.93,19.93,0.99,1.19,1.49,1.99,Latent_Defect,50,32.0,1.1500000000000001,TypeB|T=32.0|V=1.15,11.07,1.1400000000000006,2.25,1.1400000000000006,-0.6745,7,0.1927142857142857,False,0.03337375922519081,False,False,0.11304402246973826,False,0,LOW,PASS,1,2000
C1793,L1,TypeB,33.58,1.29,12.77,12.77,12.77,12.77,1.28,1.28,1.28,1.28,High_Stable,50,34.0,1.3,TypeB|T=34.0|V=1.3,12.55,0.9050000000000002,1.6849999999999987,0.21999999999999886,0.16396685082872836,8,0.04684767166535096,False,0.36668679782503166,False,False,0.20676723474519132,False,0,LOW,PASS,1,2000
C1794,L1,TypeB,33.14,1.09,14.18,15.18,16.18,17.18,1.42,1.52,1.62,1.72,Normal,50,33.0,1.1,TypeB|T=33.0|V=1.1,11.27,1.08,1.6925000000000008,2.91,1.8174027777777777,4,0.5192579365079365,False,0.42668976625155136,False,False,0.4729738513797439,False,0,LOW,PASS,1,2000
C1795,L1,TypeB,25.64,1.04,8.06,9.06,10.06,60.0,0.81,0.91,1.01,6.0,Absolute_Failure,50,26.0,1.05,TypeB|T=26.0|V=1.05,11.965,1.6600000000000001,3.2074999999999996,3.9049999999999994,-1.5867003012048189,14,0.4533429432013768,False,0.8618705814834124,True,False,0.6576067623423947,True,1,MEDIUM,REVIEW,1,2000
C1796,L1,TypeB,26.02,1.04,8.66,8.66,8.66,8.66,0.87,0.87,0.87,0.87,High_Stable,50,26.0,1.05,TypeB|T=26.0|V=1.05,11.965,1.6600000000000001,3.2074999999999996,3.3049999999999997,-1.3429051204819273,14,0.3836871772805507,False,0.5656140635709068,False,False,0.47465062042572875,False,0,LOW,PASS,1,2000
C1797,L1,TypeC,33.64,1.18,13.37,13.37,13.37,13.37,1.34,1.34,1.34,1.34,High_Stable,50,34.0,1.2000000000000002,TypeC|T=34.0|V=1.2,12.12,1.25,2.1899999999999995,1.25,0.6745,9,0.1927142857142857,False,0.1376642874550673,False,False,0.16518928658467652,False,0,LOW,PASS,1,2000
C1798,L1,TypeC,31.4,1.27,8.09,9.09,28.09,30.09,0.81,0.91,2.81,3.01,Sudden_Anomaly,50,31.0,1.25,TypeC|T=31.0|V=1.25,10.88,1.8099999999999987,2.9599999999999973,2.790000000000001,-1.0396988950276254,15,0.2970568271507501,False,0.49809193984601924,False,False,0.3975743834983847,False,0,LOW,PASS,1,2000
C1799,L1,TypeB,28.74,1.07,8.27,9.27,10.27,11.27,0.83,0.93,1.03,1.13,Normal,50,29.0,1.05,TypeB|T=29.0|V=1.05,10.82,1.4699999999999989,3.4450000000000003,2.5500000000000007,-1.1700510204081644,7,0.33430029154518986,False,0.3311458446329107,False,False,0.3327230680890503,False,0,LOW,PASS,1,2000
C1800,L1,TypeC,25.45,1.13,14.09,15.09,16.09,60.0,1.41,1.51,1.61,6.0,Absolute_Failure,50,25.0,1.1500000000000001,TypeC|T=25.0|V=1.15,11.58,1.1050000000000004,2.594999999999999,2.51,1.5321221719457006,6,0.43774919198448586,False,0.46453835663845644,False,False,0.4511437743114711,False,0,LOW,PASS,1,2000
C1801,L1,TypeB,25.08,1.07,14.53,15.53,16.53,60.0,1.45,1.55,1.65,6.0,Absolute_Failure,50,25.0,1.05,TypeB|T=25.0|V=1.05,11.84,0.9699999999999998,2.094999999999999,2.6899999999999995,1.8705206185567012,4,0.5344344624447718,False,0.6961448732146459,True,False,0.6152896678297088,True,1,MEDIUM,REVIEW,1,2000
C1802,L1,TypeC,30.71,1.07,11.43,12.43,31.43,33.43,1.14,1.24,3.14,3.34,Sudden_Anomaly,50,31.0,1.05,TypeC|T=31.0|V=1.05,11.184999999999999,2.46,4.84,0.245000000000001,0.06717581300813036,16,0.01919308943089439,False,0.06672196166239039,False,False,0.04295752554664239,False,0,LOW,PASS,1,2000
C1803,L1,TypeC,25.91,1.22,9.84,9.84,9.84,9.84,0.98,0.98,0.98,0.98,High_Stable,50,26.0,1.2000000000000002,TypeC|T=26.0|V=1.2,10.945,1.1799999999999997,2.1525000000000016,1.1050000000000004,-0.6316292372881359,14,0.18046549636803882,False,0.1970201232962964,False,False,0.18874280983216762,False,0,LOW,PASS,1,2000
C1804,L1,TypeB,27.89,1.22,12.26,13.26,14.26,15.26,1.23,1.33,1.43,1.53,Normal,50,28.0,1.2000000000000002,TypeB|T=28.0|V=1.2,12.43,1.6600000000000001,2.9700000000000006,0.16999999999999993,-0.06907530120481924,17,0.019735800344234066,False,0.10664641042194728,False,False,0.06319110538309067,False,0,LOW,PASS,1,2000
C1805,L1,TypeB,29.79,1.15,8.85,9.85,10.85,11.85,0.89,0.99,1.09,1.19,Normal,50,30.0,1.1500000000000001,TypeB|T=30.0|V=1.15,10.945,1.7299999999999995,3.4999999999999982,2.0950000000000006,-0.8168078034682086,12,0.2333736581337739,False,0.09848173015572266,False,False,0.16592769414474828,False,0,LOW,PASS,1,2000
C1806,L1,TypeC,29.26,1.24,10.72,10.72,10.72,10.72,1.07,1.07,1.07,1.07,High_Stable,50,29.0,1.25,TypeC|T=29.0|V=1.25,11.025,1.005,1.852500000000001,0.3049999999999997,-0.20469900497512422,10,0.058485429992892635,False,0.040875475344137456,False,False,0.04968045266851505,False,0,LOW,PASS,1,2000
C1807,L1,TypeC,26.51,1.04,14.8,15.8,16.8,17.8,1.48,1.58,1.68,1.78,Normal,50,27.0,1.05,TypeC|T=27.0|V=1.05,10.53,2.4499999999999993,5.0600000000000005,4.270000000000001,1.1755571428571436,13,0.3358734693877553,False,0.7897278877044356,True,False,0.5628006785460955,False,1,LOW,PASS,1,2000
C1808,L1,TypeC,28.79,1.09,13.08,14.08,33.08,35.08,1.31,1.41,3.31,3.51,Sudden_Anomaly,50,29.0,1.1,TypeC|T=29.0|V=1.1,11.565,1.4100000000000001,2.615000000000002,1.5150000000000006,0.7247287234042555,10,0.20706534954407302,False,0.04743162980727039,False,False,0.1272484896756717,False,0,LOW,PASS,1,2000
C1809,L1,TypeB,28.0,1.15,11.19,12.19,31.19,33.19,1.12,1.22,3.12,3.32,Sudden_Anomaly,50,28.0,1.1500000000000001,TypeB|T=28.0|V=1.15,11.055,0.6099999999999994,0.9824999999999982,0.1349999999999998,0.14927459016393435,6,0.042649882903981244,False,0.0730111603758523,False,False,0.05783052163991677,False,0,LOW,PASS,1,2000
C1810,L1,TypeC,26.11,1.11,12.33,13.33,14.33,15.33,1.23,1.33,1.43,1.53,Normal,50,26.0,1.1,TypeC|T=26.0|V=1.1,10.88,1.4499999999999993,2.9299999999999997,1.4499999999999993,0.6745,15,0.1927142857142857,False,0.12574127854741302,False,False,0.15922778213084937,False,0,LOW,PASS,1,2000
C1811,L1,TypeB,27.4,1.2,10.73,11.73,12.73,13.73,1.07,1.17,1.27,1.37,Normal,50,27.0,1.2000000000000002,TypeB|T=27.0|V=1.2,12.775,1.4649999999999999,3.5824999999999996,2.045,-0.9415375426621161,12,0.2690107264748903,False,0.1490672104933217,False,False,0.20903896848410602,False,0,LOW,PASS,1,2000
C1812,L1,TypeA,32.33,1.14,14.0,15.0,16.0,17.0,1.4,1.5,1.6,1.7,Normal,50,32.0,1.1500000000000001,TypeA|T=32.0|V=1.15,11.555,1.4750000000000005,3.092500000000001,2.4450000000000003,1.1180694915254235,8,0.319448426150121,False,0.15105905563513353,False,False,0.23525374089262724,False,0,LOW,PASS,1,2000
C1813,L1,TypeB,29.39,1.16,8.09,9.09,28.09,30.09,0.81,0.91,2.81,3.01,Sudden_Anomaly,50,29.0,1.1500000000000001,TypeB|T=29.0|V=1.15,10.075,1.245,2.1799999999999997,1.9849999999999994,-1.0754076305220879,12,0.3072593230063108,False,0.35925896256738116,False,False,0.333259142786846,False,0,LOW,PASS,1,2000
C1814,L1,TypeC,32.24,1.15,10.22,11.22,12.22,60.0,1.02,1.12,1.22,6.0,Absolute_Failure,50,32.0,1.1500000000000001,TypeC|T=32.0|V=1.15,10.04,0.9299999999999997,1.7025000000000006,0.1800000000000015,0.13054838709677533,10,0.03729953917050723,False,0.10909588369714027,False,False,0.07319771143382375,False,0,LOW,PASS,1,2000
C1815,L1,TypeB,26.31,1.12,10.27,12.27,15.27,20.27,1.03,1.23,1.53,2.03,Latent_Defect,50,26.0,1.1,TypeB|T=26.0|V=1.1,12.795,1.5949999999999998,3.094999999999999,2.5250000000000004,-1.0677821316614424,14,0.3050806090461264,False,0.25475826192045803,False,False,0.27991943548329223,False,0,LOW,PASS,1,2000
C1816,L1,TypeB,28.22,1.21,14.83,14.83,14.83,14.83,1.48,1.48,1.48,1.48,High_Stable,50,28.0,1.2000000000000002,TypeB|T=28.0|V=1.2,12.43,1.6600000000000001,2.9700000000000006,2.4000000000000004,0.9751807228915663,17,0.27862306368330464,False,0.27733811445255063,False,False,0.27798058906792766,False,0,LOW,PASS,1,2000
C1817,L1,TypeC,34.92,1.26,9.5,11.5,14.5,19.5,0.95,1.15,1.45,1.95,Latent_Defect,50,35.0,1.25,TypeC|T=35.0|V=1.25,11.105,1.085,1.9725000000000001,1.6050000000000004,-0.9977626728110601,14,0.2850750493745886,False,0.47018593000929004,False,False,0.37763048969193935,False,0,LOW,PASS,1,2000
C1818,L1,TypeC,32.43,1.26,13.19,14.19,15.19,60.0,1.32,1.42,1.52,6.0,Absolute_Failure,50,32.0,1.25,TypeC|T=32.0|V=1.25,11.69,2.1400000000000006,4.07,1.5,0.47278037383177557,25,0.13508010680907873,False,0.120540873120651,False,False,0.12781048996486485,False,0,LOW,PASS,1,2000
C1819,L1,TypeC,30.5,1.07,8.51,8.51,8.51,8.51,0.85,0.85,0.85,0.85,High_Stable,50,30.0,1.05,TypeC|T=30.0|V=1.05,11.99,1.3200000000000003,2.9849999999999994,3.4800000000000004,-1.7782272727272725,11,0.508064935064935,False,0.46826063737050283,False,False,0.4881627862177189,False,0,LOW,PASS,1,2000
C1820,L1,TypeA,28.33,1.01,11.98,12.98,13.98,60.0,1.2,1.3,1.4,6.0,Absolute_Failure,50,28.0,1.0,TypeA|T=28.0|V=1.0,11.8,0.75,1.7949999999999982,0.17999999999999972,0.16187999999999975,11,0.0462514285714285,False,0.28286558800829753,False,False,0.16455850828986301,False,0,LOW,PASS,1,2000
C1821,L1,TypeC,32.85,1.17,12.43,13.43,14.43,15.43,1.24,1.34,1.44,1.54,Normal,50,33.0,1.1500000000000001,TypeC|T=33.0|V=1.15,11.879999999999999,0.9549999999999992,1.6524999999999999,0.5500000000000007,0.3884554973821998,12,0.1109872849663428,False,0.06669490060034824,False,False,0.08884109278334552,False,0,LOW,PASS,1,2000
C1822,L1,TypeC,34.52,1.29,8.05,10.05,13.05,18.05,0.81,1.01,1.31,1.81,Latent_Defect,50,35.0,1.3,TypeC|T=35.0|V=1.3,10.79,2.7399999999999984,3.4049999999999994,2.7399999999999984,-0.6745,3,0.1927142857142857,False,0.8190196747698509,True,False,0.5058669802420683,False,1,LOW,PASS,1,2000
C1823,L1,TypeB,28.24,1.21,8.64,9.64,10.64,11.64,0.86,0.96,1.06,1.16,Normal,50,28.0,1.2000000000000002,TypeB|T=28.0|V=1.2,12.43,1.6600000000000001,2.9700000000000006,3.789999999999999,-1.5399728915662647,17,0.4399922547332185,False,0.4754164838103157,False,False,0.4577043692717671,False,0,LOW,PASS,1,2000
C1824,L1,TypeC,26.58,1.03,8.03,9.03,10.03,60.0,0.8,0.9,1.0,6.0,Absolute_Failure,50,27.0,1.05,TypeC|T=27.0|V=1.05,10.53,2.4499999999999993,5.0600000000000005,2.5,-0.6882653061224492,13,0.19664723032069978,False,0.5623460665617196,False,False,0.37949664844120967,False,0,LOW,PASS,1,2000
C1825,L1,TypeC,28.74,1.08,10.25,12.25,15.25,20.25,1.02,1.22,1.52,2.02,Latent_Defect,50,29.0,1.1,TypeC|T=29.0|V=1.1,11.565,1.4100000000000001,2.615000000000002,1.3149999999999995,-0.6290549645390068,10,0.17972998986828764,False,0.04624054140227806,False,False,0.11298526563528286,False,0,LOW,PASS,1,2000
C1826,L1,TypeB,28.14,1.01,14.66,15.66,34.66,36.66,1.47,1.57,3.47,3.67,Sudden_Anomaly,50,28.0,1.0,TypeB|T=28.0|V=1.0,11.29,1.9299999999999997,2.355000000000002,3.370000000000001,1.1777538860103633,7,0.33650111028867524,False,0.6410509713838168,True,False,0.48877604083624604,False,1,LOW,PASS,1,2000
C1827,L1,TypeC,31.35,1.19,11.1,11.1,11.1,11.1,1.11,1.11,1.11,1.11,High_Stable,50,31.0,1.2000000000000002,TypeC|T=31.0|V=1.2,12.16,1.0600000000000005,2.16,1.0600000000000005,-0.6745,11,0.1927142857142857,False,0.04676016954784655,False,False,0.11973722763106612,False,0,LOW,PASS,1,2000
C1828,L1,TypeB,34.53,1.25,9.25,10.25,11.25,60.0,0.93,1.03,1.13,6.0,Absolute_Failure,50,35.0,1.25,TypeB|T=35.0|V=1.25,11.780000000000001,1.58,3.2349999999999994,2.530000000000001,-1.0800537974683548,4,0.3085867992766728,False,0.46136535720903604,False,False,0.3849760782428544,False,0,LOW,PASS,1,2000
C1829,L1,TypeB,30.93,1.12,12.21,13.21,32.21,34.21,1.22,1.32,3.22,3.42,Sudden_Anomaly,50,31.0,1.1,TypeB|T=31.0|V=1.1,11.055,1.7149999999999999,3.197499999999998,1.1550000000000011,0.4542551020408168,10,0.12978717201166196,False,0.0,False,False,0.06489358600583098,False,0,LOW,PASS,1,2000
C1830,L1,TypeC,32.78,1.05,10.77,11.77,12.77,60.0,1.08,1.18,1.28,6.0,Absolute_Failure,50,33.0,1.05,TypeC|T=33.0|V=1.05,12.66,1.7599999999999998,3.5199999999999996,1.8900000000000006,-0.7243210227272731,15,0.20694886363636372,False,0.20558908810531853,False,False,0.20626897587084114,False,0,LOW,PASS,1,2000
C1831,L1,TypeC,33.97,1.04,14.21,16.21,19.21,24.21,1.42,1.62,1.92,2.42,Latent_Defect,50,34.0,1.05,TypeC|T=34.0|V=1.05,11.515,2.05,3.3249999999999993,2.6950000000000003,0.8867207317073172,16,0.2533487804878049,False,0.36948164198515626,False,False,0.3114152112364806,False,0,LOW,PASS,1,2000
C1832,L1,TypeC,29.35,1.05,9.87,10.87,29.87,31.87,0.99,1.09,2.99,3.19,Sudden_Anomaly,50,29.0,1.05,TypeC|T=29.0|V=1.05,10.205,0.9550000000000001,1.2725000000000009,0.33500000000000085,-0.23660471204188538,8,0.06760134629768154,False,0.1841079355220444,False,False,0.12585464090986298,False,0,LOW,PASS,1,2000
C1833,L1,TypeA,28.02,1.26,13.34,14.34,15.34,16.34,1.33,1.43,1.53,1.63,Normal,50,28.0,1.25,TypeA|T=28.0|V=1.25,9.600000000000001,0.9050000000000002,2.1999999999999993,3.7399999999999984,2.787436464088396,8,0.7964104183109704,False,0.8244459951334974,True,False,0.8104282067222339,True,1,HIGH,REVIEW,1,2000
C1834,L1,TypeA,31.37,1.12,13.24,14.24,15.24,60.0,1.32,1.42,1.52,6.0,Absolute_Failure,50,31.0,1.1,TypeA|T=31.0|V=1.1,13.24,1.4299999999999997,4.84,0.0,0.0,17,0.0,False,0.20290494515393187,False,False,0.10145247257696594,False,0,LOW,PASS,1,2000
C1835,L1,TypeB,29.94,1.03,9.43,9.43,9.43,9.43,0.94,0.94,0.94,0.94,High_Stable,50,30.0,1.05,TypeB|T=30.0|V=1.05,11.37,1.5,2.799999999999999,1.9399999999999995,-0.8723533333333332,11,0.24924380952380948,False,0.2122408168934734,False,False,0.23074231320864144,False,0,LOW,PASS,1,2000
C1836,L1,TypeB,26.51,1.04,11.89,12.89,13.89,14.89,1.19,1.29,1.39,1.49,Normal,50,27.0,1.05,TypeB|T=27.0|V=1.05,11.395,1.8650000000000002,3.2424999999999997,0.495000000000001,0.1790227882037537,8,0.05114936805821534,False,0.1234211357964281,False,False,0.08728525192732173,False,0,LOW,PASS,1,2000
C1837,L1,TypeC,32.68,1.16,13.53,14.53,15.53,60.0,1.35,1.45,1.55,6.0,Absolute_Failure,50,33.0,1.1500000000000001,TypeC|T=33.0|V=1.15,11.879999999999999,0.9549999999999992,1.6524999999999999,1.6500000000000004,1.165366492146598,12,0.332961854899028,False,0.1434906043573302,False,False,0.2382262296281791,False,0,LOW,PASS,1,2000
C1838,L1,TypeC,30.53,1.19,11.64,12.64,13.64,60.0,1.16,1.26,1.36,6.0,Absolute_Failure,50,31.0,1.2000000000000002,TypeC|T=31.0|V=1.2,12.16,1.0600000000000005,2.16,0.5199999999999996,-0.33088679245282976,11,0.09453908355795136,False,0.03758688170550771,False,False,0.06606298263172954,False,0,LOW,PASS,1,2000
C1839,L1,TypeA,27.95,1.04,11.68,12.68,13.68,60.0,1.17,1.27,1.37,6.0,Absolute_Failure,50,28.0,1.05,TypeA|T=28.0|V=1.05,12.85,1.5099999999999998,3.4399999999999977,1.17,-0.5226258278145696,11,0.14932166508987701,False,0.14562740226854326,False,False,0.14747453367921015,False,0,LOW,PASS,1,2000
C1840,L1,TypeA,34.85,1.09,8.44,9.44,10.44,11.44,0.84,0.94,1.04,1.14,Normal,50,35.0,1.1,TypeA|T=35.0|V=1.1,11.055,2.175,4.34,2.615,-0.8109505747126438,10,0.2317001642036125,False,0.53099210804453,False,False,0.38134613612407126,False,0,LOW,PASS,1,2000
C1841,L1,TypeC,31.91,1.05,10.12,11.12,30.12,32.12,1.01,1.11,3.01,3.21,Sudden_Anomaly,50,32.0,1.05,TypeC|T=32.0|V=1.05,10.51,0.75,1.2400000000000002,0.39000000000000057,-0.3507400000000005,9,0.10021142857142872,False,0.16034941337172512,False,False,0.1302804209715769,False,0,LOW,PASS,1,2000
C1842,L1,TypeA,27.48,1.04,8.48,9.48,10.48,60.0,0.85,0.95,1.05,6.0,Absolute_Failure,50,27.0,1.05,TypeA|T=27.0|V=1.05,10.25,1.915,3.6549999999999994,1.7699999999999996,-0.6234281984334202,12,0.17812234240954863,False,0.28874633319521037,False,False,0.2334343378023795,False,0,LOW,PASS,1,2000
C1843,L1,TypeB,31.32,1.3,9.5,10.5,11.5,12.5,0.95,1.05,1.15,1.25,Normal,50,31.0,1.3,TypeB|T=31.0|V=1.3,11.39,0.6899999999999995,0.9399999999999995,1.8900000000000006,-1.8475434782608715,5,0.5278695652173918,False,0.6088063954046806,True,False,0.5683379803110362,False,1,LOW,PASS,1,2000
C1844,L1,TypeC,34.68,1.3,14.86,15.86,34.86,36.86,1.49,1.59,3.49,3.69,Sudden_Anomaly,50,35.0,1.3,TypeC|T=35.0|V=1.3,10.79,2.7399999999999984,3.4049999999999994,4.07,1.0019032846715334,3,0.28625808133472386,False,1.0,True,False,0.643129040667362,True,1,MEDIUM,REVIEW,1,2000
C1845,L1,TypeB,27.28,1.18,11.54,11.54,11.54,11.54,1.15,1.15,1.15,1.15,High_Stable,50,27.0,1.2000000000000002,TypeB|T=27.0|V=1.2,12.775,1.4649999999999999,3.5824999999999996,1.2350000000000012,-0.5686058020477822,12,0.16245880058508064,False,0.0705201845534951,False,False,0.11648949256928787,False,0,LOW,PASS,1,2000
C1846,L1,TypeB,34.13,1.18,11.1,12.1,13.1,60.0,1.11,1.21,1.31,6.0,Absolute_Failure,50,34.0,1.2000000000000002,TypeB|T=34.0|V=1.2,12.14,1.4100000000000001,2.795,1.040000000000001,-0.4975035460992912,16,0.1421438703140832,False,0.12849074542698344,False,False,0.1353173078705333,False,0,LOW,PASS,1,2000
C1847,L1,TypeA,31.23,1.24,11.88,12.88,31.88,33.88,1.19,1.29,3.19,3.39,Sudden_Anomaly,50,31.0,1.25,TypeA|T=31.0|V=1.25,12.5,1.3499999999999996,2.549999999999999,0.6199999999999992,-0.30977037037037003,9,0.08850582010582,False,0.05059049061471934,False,False,0.06954815536026968,False,0,LOW,PASS,1,2000
C1848,L1,TypeC,33.84,1.26,9.65,10.65,11.65,60.0,0.96,1.06,1.16,6.0,Absolute_Failure,50,34.0,1.25,TypeC|T=34.0|V=1.25,11.46,0.7799999999999994,1.7000000000000028,1.8100000000000005,-1.5651858974358992,11,0.4471959706959712,False,0.4725727161440855,False,False,0.4598843434200284,False,0,LOW,PASS,1,2000
C1849,L1,TypeC,27.21,1.19,9.37,9.37,9.37,9.37,0.94,0.94,0.94,0.94,High_Stable,50,27.0,1.2000000000000002,TypeC|T=27.0|V=1.2,11.76,0.9649999999999999,1.790000000000001,2.3900000000000006,-1.6705233160621769,10,0.4772923760177648,False,0.32211022824294644,False,False,0.3997013021303556,False,0,LOW,PASS,1,2000
C1850,L1,TypeB,29.55,1.01,8.31,8.31,8.31,8.31,0.83,0.83,0.83,0.83,High_Stable,50,30.0,1.0,TypeB|T=30.0|V=1.0,11.31,0.10999999999999943,1.5549999999999997,3.0,-18.39545454545464,3,1.0,True,1.0,True,False,1.0,True,2,CRITICAL,REVIEW,1,2000
C1851,L1,TypeA,27.57,1.1,9.07,11.07,14.07,19.07,0.91,1.11,1.41,1.91,Latent_Defect,50,28.0,1.1,TypeA|T=28.0|V=1.1,11.68,1.629999999999999,3.785,2.6099999999999994,-1.0800276073619637,11,0.3085793163891325,False,0.19844149321949128,False,False,0.25351040480431186,False,0,LOW,PASS,1,2000
C1852,L1,TypeB,30.97,1.14,9.32,10.32,11.32,60.0,0.93,1.03,1.13,6.0,Absolute_Failure,50,31.0,1.1500000000000001,TypeB|T=31.0|V=1.15,11.82,2.21,4.27,2.5,-0.7630090497737557,16,0.2180025856496445,False,0.08800158452448544,False,False,0.15300208508706498,False,0,LOW,PASS,1,2000
C1853,L1,TypeC,29.57,1.29,11.86,12.86,13.86,14.86,1.19,1.29,1.39,1.49,Normal,50,30.0,1.3,TypeC|T=30.0|V=1.3,11.73,1.08,1.6849999999999987,0.129999999999999,0.08118981481481419,6,0.02319708994708977,False,0.2332942356963211,False,False,0.12824566282170544,False,0,LOW,PASS,1,2000
C1854,L1,TypeC,31.68,1.29,14.45,15.45,34.45,36.45,1.44,1.54,3.44,3.64,Sudden_Anomaly,50,32.0,1.3,TypeC|T=32.0|V=1.3,14.489999999999998,0.1800000000000015,1.3650000000000002,0.03999999999999915,-0.14988888888888444,4,0.04282539682539555,False,0.5942160289510197,True,False,0.3185207128882076,False,1,LOW,PASS,1,2000
C1855,L1,TypeB,30.7,1.08,14.5,15.5,16.5,60.0,1.45,1.55,1.65,6.0,Absolute_Failure,50,31.0,1.1,TypeB|T=31.0|V=1.1,11.055,1.7149999999999999,3.197499999999998,3.4450000000000003,1.3548994169096211,10,0.3871141191170346,False,0.3954563607057239,False,False,0.3912852399113792,False,0,LOW,PASS,1,2000
C1856,L1,TypeB,31.88,1.03,8.12,9.12,10.12,11.12,0.81,0.91,1.01,1.11,Normal,50,32.0,1.05,TypeB|T=32.0|V=1.05,10.77,1.299999999999999,3.1000000000000014,2.6500000000000004,-1.374942307692309,9,0.39284065934065976,False,0.5347515001137079,False,False,0.46379607972718384,False,0,LOW,PASS,1,2000
C1857,L1,TypeB,30.9,1.24,10.14,11.14,12.14,13.14,1.01,1.11,1.21,1.31,Normal,50,31.0,1.25,TypeB|T=31.0|V=1.25,11.530000000000001,1.9850000000000012,3.7025000000000006,1.3900000000000006,-0.4723198992443324,10,0.13494854264123782,False,0.03480038820634629,False,False,0.08487446542379205,False,0,LOW,PASS,1,2000
C1858,L1,TypeC,32.97,1.03,14.09,16.09,19.09,24.09,1.41,1.61,1.91,2.41,Latent_Defect,50,33.0,1.05,TypeC|T=33.0|V=1.05,12.66,1.7599999999999998,3.5199999999999996,1.4299999999999997,0.54803125,15,0.15658035714285715,False,0.26465711095089145,False,False,0.2106187340468743,False,0,LOW,PASS,1,2000
C1859,L1,TypeC,34.26,1.04,12.09,13.09,14.09,60.0,1.21,1.31,1.41,6.0,Absolute_Failure,50,34.0,1.05,TypeC|T=34.0|V=1.05,11.515,2.05,3.3249999999999993,0.5749999999999993,0.18918902439024368,16,0.05405400696864105,False,0.2470532881934156,False,False,0.15055364758102832,False,0,LOW,PASS,1,2000
C1860,L1,TypeC,30.93,1.06,9.45,10.45,29.45,31.45,0.94,1.04,2.94,3.14,Sudden_Anomaly,50,31.0,1.05,TypeC|T=31.0|V=1.05,11.184999999999999,2.46,4.84,1.7349999999999994,-0.47571443089430876,16,0.13591840882694536,False,0.11689362626775174,False,False,0.12640601754734854,False,0,LOW,PASS,1,2000
C1861,L1,TypeA,30.78,1.22,14.21,15.21,16.21,17.21,1.42,1.52,1.62,1.72,Normal,50,31.0,1.2000000000000002,TypeA|T=31.0|V=1.2,10.585,2.1850000000000014,4.275,3.625,1.1190217391304342,6,0.3197204968944098,False,0.37729278617736073,False,False,0.3485066415358853,False,0,LOW,PASS,1,2000
C1862,L1,TypeC,26.31,1.13,12.65,13.65,14.65,15.65,1.26,1.36,1.46,1.56,Normal,50,26.0,1.1500000000000001,TypeC|T=26.0|V=1.15,12.2,1.8000000000000007,2.4700000000000006,0.45000000000000107,0.16862500000000033,5,0.04817857142857152,False,0.07914837226957161,False,False,0.06366347184907156,False,0,LOW,PASS,1,2000
C1863,L1,TypeC,30.89,1.07,12.54,13.54,14.54,15.54,1.25,1.35,1.45,1.55,Normal,50,31.0,1.05,TypeC|T=31.0|V=1.05,11.184999999999999,2.46,4.84,1.3550000000000004,0.37152337398373997,16,0.1061495354239257,False,0.011667688767374536,False,False,0.05890861209565012,False,0,LOW,PASS,1,2000
C1864,L1,TypeB,30.8,1.08,9.88,11.88,14.88,19.88,0.99,1.19,1.49,1.99,Latent_Defect,50,31.0,1.1,TypeB|T=31.0|V=1.1,11.055,1.7149999999999999,3.197499999999998,1.174999999999999,-0.4621209912536439,10,0.13203456892961254,False,0.08015274511773922,False,False,0.10609365702367587,False,0,LOW,PASS,1,2000
C1865,L1,TypeB,29.77,1.27,10.11,12.11,15.11,20.11,1.01,1.21,1.51,2.01,Latent_Defect,50,30.0,1.25,TypeB|T=30.0|V=1.25,10.535,0.6950000000000003,1.3175000000000008,0.4250000000000007,-0.41246402877697896,10,0.11784686536485113,False,0.20658575216199035,False,False,0.16221630876342075,False,0,LOW,PASS,1,2000
C1866,L1,TypeB,32.89,1.29,11.94,13.94,16.94,21.94,1.19,1.39,1.69,2.19,Latent_Defect,50,33.0,1.3,TypeB|T=33.0|V=1.3,11.475,2.09,3.3674999999999997,0.46499999999999986,0.15006818181818177,6,0.04287662337662336,False,0.27949077995103916,False,False,0.16118370166383125,False,0,LOW,PASS,1,2000
C1867,L1,TypeA,28.18,1.16,12.83,13.83,14.83,15.83,1.28,1.38,1.48,1.58,Normal,50,28.0,1.1500000000000001,TypeA|T=28.0|V=1.15,11.73,1.0999999999999996,2.1400000000000006,1.0999999999999996,0.6745,9,0.1927142857142857,False,0.05000916782926932,False,False,0.1213617267717775,False,0,LOW,PASS,1,2000
C1868,L1,TypeC,27.42,1.03,8.08,8.08,8.08,8.08,0.81,0.81,0.81,0.81,High_Stable,50,27.0,1.05,TypeC|T=27.0|V=1.05,10.53,2.4499999999999993,5.0600000000000005,2.4499999999999993,-0.6745,13,0.1927142857142857,False,0.5231550031659532,False,False,0.35793464444011946,False,0,LOW,PASS,1,2000
C1869,L1,TypeA,28.86,1.2,10.55,11.55,30.55,32.55,1.06,1.16,3.06,3.26,Sudden_Anomaly,50,29.0,1.2000000000000002,TypeA|T=29.0|V=1.2,10.82,2.33,3.9200000000000017,0.2699999999999996,-0.07816094420600846,15,0.022331698344573846,False,0.03466528766131219,False,False,0.028498493002943017,False,0,LOW,PASS,1,2000
C1870,L1,TypeB,30.68,1.27,14.42,16.42,19.42,24.42,1.44,1.64,1.94,2.44,Latent_Defect,50,31.0,1.25,TypeB|T=31.0|V=1.25,11.530000000000001,1.9850000000000012,3.7025000000000006,2.889999999999999,0.9820176322418126,10,0.2805764663548036,False,0.34422876945334224,False,False,0.3124026179040729,False,0,LOW,PASS,1,2000
C1871,L1,TypeB,25.34,1.21,9.09,10.09,11.09,60.0,0.91,1.01,1.11,6.0,Absolute_Failure,50,25.0,1.2000000000000002,TypeB|T=25.0|V=1.2,10.72,1.6300000000000008,2.9000000000000004,1.6300000000000008,-0.6745000000000001,5,0.19271428571428575,False,0.3110844472059161,False,False,0.2518993664601009,False,0,LOW,PASS,1,2000
C1872,L1,TypeC,27.48,1.09,11.5,12.5,31.5,33.5,1.15,1.25,3.15,3.35,Sudden_Anomaly,50,27.0,1.1,TypeC|T=27.0|V=1.1,12.08,1.6999999999999993,4.15,0.5800000000000001,-0.23012352941176484,9,0.06574957983193282,False,0.054765937612499246,False,False,0.06025775872221603,False,0,LOW,PASS,1,2000
C1873,L1,TypeC,30.62,1.08,9.67,10.67,11.67,60.0,0.97,1.07,1.17,6.0,Absolute_Failure,50,31.0,1.1,TypeC|T=31.0|V=1.1,10.86,1.1399999999999997,2.6799999999999997,1.1899999999999995,-0.7040833333333333,6,0.20116666666666666,False,0.11706744183972588,False,False,0.15911705425319628,False,0,LOW,PASS,1,2000
C1874,L1,TypeB,34.68,1.25,13.49,14.49,15.49,16.49,1.35,1.45,1.55,1.65,Normal,50,35.0,1.25,TypeB|T=35.0|V=1.25,11.780000000000001,1.58,3.2349999999999994,1.709999999999999,0.7299968354430375,4,0.20857052441229643,False,0.32455360428582714,False,False,0.26656206434906177,False,0,LOW,PASS,1,2000
C1875,L1,TypeB,29.08,1.27,10.52,11.52,30.52,32.52,1.05,1.15,3.05,3.25,Sudden_Anomaly,50,29.0,1.25,TypeB|T=29.0|V=1.25,12.09,1.4100000000000001,2.5200000000000014,1.5700000000000003,-0.7510390070921986,11,0.21458257345491388,False,0.1662005866951775,False,False,0.1903915800750457,False,0,LOW,PASS,1,2000
C1876,L1,TypeC,25.94,1.1,13.06,13.06,13.06,13.06,1.31,1.31,1.31,1.31,High_Stable,50,26.0,1.1,TypeC|T=26.0|V=1.1,10.88,1.4499999999999993,2.9299999999999997,2.1799999999999997,1.0140758620689658,15,0.2897359605911331,False,0.2505310839757817,False,False,0.27013352228345744,False,0,LOW,PASS,1,2000
C1877,L1,TypeC,30.43,1.15,14.46,14.46,14.46,14.46,1.45,1.45,1.45,1.45,High_Stable,50,30.0,1.1500000000000001,TypeC|T=30.0|V=1.15,12.41,1.4000000000000004,2.780000000000001,2.0500000000000007,0.9876607142857143,15,0.2821887755102041,False,0.118741096603024,False,False,0.20046493605661406,False,0,LOW,PASS,1,2000
C1878,L1,TypeA,30.24,1.22,9.97,11.97,14.97,19.97,1.0,1.2,1.5,2.0,Latent_Defect,50,30.0,1.2000000000000002,TypeA|T=30.0|V=1.2,10.23,1.5199999999999996,2.7125000000000004,0.2599999999999998,-0.11537499999999994,14,0.032964285714285696,False,0.10075652264087091,False,False,0.0668604041775783,False,0,LOW,PASS,1,2000
C1879,L1,TypeA,31.76,1.01,11.02,12.02,13.02,14.02,1.1,1.2,1.3,1.4,Normal,50,32.0,1.0,TypeA|T=32.0|V=1.0,10.79,0.7699999999999996,1.4649999999999999,0.23000000000000043,0.20147402597402644,7,0.057564007421150414,False,0.26047174178117233,False,False,0.15901787460116137,False,0,LOW,PASS,1,2000
C1880,L1,TypeA,34.6,1.29,8.71,8.71,8.71,8.71,0.87,0.87,0.87,0.87,High_Stable,50,35.0,1.3,TypeA|T=35.0|V=1.3,9.51,0.17999999999999972,0.4900000000000002,0.7999999999999989,-2.9977777777777788,3,0.8565079365079368,False,0.996412825954114,True,False,0.9264603812310254,True,1,CRITICAL,REVIEW,1,2000
C1881,L1,TypeB,29.06,1.05,9.37,10.37,11.37,60.0,0.94,1.04,1.14,6.0,Absolute_Failure,50,29.0,1.05,TypeB|T=29.0|V=1.05,10.82,1.4699999999999989,3.4450000000000003,1.450000000000001,-0.6653231292517017,7,0.19009232264334333,False,0.12000289719789961,False,False,0.15504760992062147,False,0,LOW,PASS,1,2000
C1882,L1,TypeB,32.1,1.11,10.61,10.61,10.61,10.61,1.06,1.06,1.06,1.06,High_Stable,50,32.0,1.1,TypeB|T=32.0|V=1.1,11.14,1.9499999999999993,2.875,0.5300000000000011,-0.1833256410256415,15,0.05237875457875472,False,0.016314985211277007,False,False,0.03434686989501586,False,0,LOW,PASS,1,2000
C1883,L1,TypeA,26.82,1.13,13.42,13.42,13.42,13.42,1.34,1.34,1.34,1.34,High_Stable,50,27.0,1.1500000000000001,TypeA|T=27.0|V=1.15,12.55,0.8699999999999992,2.2300000000000004,0.8699999999999992,0.6745,11,0.1927142857142857,False,0.11651142353035503,False,False,0.15461285462232036,False,0,LOW,PASS,1,2000
C1884,L1,TypeB,29.77,1.19,11.59,13.59,16.59,21.59,1.16,1.36,1.66,2.16,Latent_Defect,50,30.0,1.2000000000000002,TypeB|T=30.0|V=1.2,11.59,1.6500000000000004,1.7200000000000006,0.0,0.0,5,0.0,False,0.06922331573460858,False,False,0.03461165786730429,False,0,LOW,PASS,1,2000
C1885,L1,TypeA,32.53,1.17,13.7,14.7,15.7,60.0,1.37,1.47,1.57,6.0,Absolute_Failure,50,33.0,1.1500000000000001,TypeA|T=33.0|V=1.15,11.57,1.2800000000000011,2.365000000000002,2.129999999999999,1.1224101562499984,15,0.3206886160714281,False,0.12182090342683627,False,False,0.2212547597491322,False,0,LOW,PASS,1,2000
C1886,L1,TypeC,29.47,1.18,8.09,9.09,28.09,30.09,0.81,0.91,2.81,3.01,Sudden_Anomaly,50,29.0,1.2000000000000002,TypeC|T=29.0|V=1.2,12.82,1.5600000000000005,3.710000000000001,4.73,-2.045118589743589,9,0.5843195970695969,False,0.913228465689832,True,False,0.7487740313797144,True,1,MEDIUM,REVIEW,1,2000
C1887,L1,TypeA,29.69,1.21,8.53,9.53,28.53,30.53,0.85,0.95,2.85,3.05,Sudden_Anomaly,50,30.0,1.2000000000000002,TypeA|T=30.0|V=1.2,10.23,1.5199999999999996,2.7125000000000004,1.700000000000001,-0.7543750000000006,14,0.21553571428571444,False,0.22202866536766902,False,False,0.21878218982669173,False,0,LOW,PASS,1,2000
C1888,L1,TypeC,34.86,1.01,13.01,14.01,15.01,60.0,1.3,1.4,1.5,6.0,Absolute_Failure,50,35.0,1.0,TypeC|T=35.0|V=1.0,13.01,1.5999999999999996,1.8549999999999986,0.0,0.0,3,0.0,False,0.5843866282069672,True,False,0.2921933141034836,False,1,LOW,PASS,1,2000
C1889,L1,TypeC,34.24,1.21,11.18,12.18,31.18,33.18,1.12,1.22,3.12,3.32,Sudden_Anomaly,50,34.0,1.2000000000000002,TypeC|T=34.0|V=1.2,12.12,1.25,2.1899999999999995,0.9399999999999995,-0.5072239999999997,9,0.14492114285714278,False,0.19347396989553925,False,False,0.169197556376341,False,0,LOW,PASS,1,2000
C1890,L1,TypeC,26.34,1.29,14.7,16.7,19.7,24.7,1.47,1.67,1.97,2.47,Latent_Defect,50,26.0,1.3,TypeC|T=26.0|V=1.3,10.66,1.2200000000000006,1.6799999999999997,4.039999999999999,2.2335901639344247,9,0.6381686182669785,False,1.0,True,False,0.8190843091334892,True,1,HIGH,REVIEW,1,2000
C1891,L1,TypeA,28.23,1.1,9.92,10.92,11.92,60.0,0.99,1.09,1.19,6.0,Absolute_Failure,50,28.0,1.1,TypeA|T=28.0|V=1.1,11.68,1.629999999999999,3.785,1.7599999999999998,-0.7282944785276076,11,0.2080841367221736,False,0.05900629778501534,False,False,0.13354521725359447,False,0,LOW,PASS,1,2000
C1892,L1,TypeC,26.69,1.15,9.82,11.82,14.82,19.82,0.98,1.18,1.48,1.98,Latent_Defect,50,27.0,1.1500000000000001,TypeC|T=27.0|V=1.15,12.01,1.0149999999999997,1.7874999999999996,2.1899999999999995,-1.4553251231527093,16,0.41580717804363126,False,0.25747646753001185,False,False,0.33664182278682153,False,0,LOW,PASS,1,2000
C1893,L1,TypeA,31.26,1.1,14.08,15.08,16.08,60.0,1.41,1.51,1.61,6.0,Absolute_Failure,50,31.0,1.1,TypeA|T=31.0|V=1.1,13.24,1.4299999999999997,4.84,0.8399999999999999,0.3962097902097902,17,0.1132027972027972,False,0.14550931010238133,False,False,0.12935605365258926,False,0,LOW,PASS,1,2000
C1894,L1,TypeA,26.55,1.09,14.91,15.91,16.91,60.0,1.49,1.59,1.69,6.0,Absolute_Failure,50,27.0,1.1,TypeA|T=27.0|V=1.1,9.72,1.0250000000000004,2.232499999999998,5.1899999999999995,3.4152731707317057,14,0.9757923344947731,False,1.0,True,False,0.9878961672473865,True,1,CRITICAL,REVIEW,1,2000
C1895,L1,TypeC,29.32,1.19,14.95,16.95,19.95,24.95,1.5,1.7,2.0,2.5,Latent_Defect,50,29.0,1.2000000000000002,TypeC|T=29.0|V=1.2,12.82,1.5600000000000005,3.710000000000001,2.129999999999999,0.9209519230769223,9,0.26312912087912066,False,0.295976151369727,False,False,0.2795526361244238,False,0,LOW,PASS,1,2000
C1896,L1,TypeC,33.8,1.24,13.47,15.47,18.47,23.47,1.35,1.55,1.85,2.35,Latent_Defect,50,34.0,1.25,TypeC|T=34.0|V=1.25,11.46,0.7799999999999994,1.7000000000000028,2.01,1.7381346153846164,11,0.49660989010989043,False,0.4611527953820175,False,False,0.47888134274595395,False,0,LOW,PASS,1,2000
C1897,L1,TypeA,30.85,1.22,8.1,9.1,10.1,60.0,0.81,0.91,1.01,6.0,Absolute_Failure,50,31.0,1.2000000000000002,TypeA|T=31.0|V=1.2,10.585,2.1850000000000014,4.275,2.485000000000001,-0.7671086956521738,6,0.21917391304347822,False,0.3676057798377572,False,False,0.2933898464406177,False,0,LOW,PASS,1,2000
C1898,L1,TypeC,25.79,1.09,8.2,8.2,8.2,8.2,0.82,0.82,0.82,0.82,High_Stable,50,26.0,1.1,TypeC|T=26.0|V=1.1,10.88,1.4499999999999993,2.9299999999999997,2.6800000000000015,-1.2466620689655186,15,0.35618916256157673,False,0.5032720661148953,False,False,0.429730614338236,False,0,LOW,PASS,1,2000
C1899,L1,TypeC,26.87,1.13,13.62,14.62,33.62,35.62,1.36,1.46,3.36,3.56,Sudden_Anomaly,50,27.0,1.1500000000000001,TypeC|T=27.0|V=1.15,12.01,1.0149999999999997,1.7874999999999996,1.6099999999999994,1.0698965517241377,16,0.3056847290640393,False,0.1571647146247626,False,False,0.23142472184440097,False,0,LOW,PASS,1,2000
C1900,L1,TypeA,30.47,1.12,12.9,13.9,14.9,15.9,1.29,1.39,1.49,1.59,Normal,50,30.0,1.1,TypeA|T=30.0|V=1.1,12.18,1.0999999999999996,1.9399999999999995,0.7200000000000006,0.4414909090909096,9,0.12614025974025989,False,0.0,False,False,0.06307012987012994,False,0,LOW,PASS,1,2000
C1901,L1,TypeC,30.09,1.09,11.13,11.13,11.13,11.13,1.11,1.11,1.11,1.11,High_Stable,50,30.0,1.1,TypeC|T=30.0|V=1.1,11.04,1.7799999999999994,2.115,0.09000000000000163,0.034103932584270295,11,0.009743980738362941,False,0.08378152178619926,False,False,0.0467627512622811,False,0,LOW,PASS,1,2000
C1902,L1,TypeC,25.97,1.18,12.2,13.2,14.2,15.2,1.22,1.32,1.42,1.52,Normal,50,26.0,1.2000000000000002,TypeC|T=26.0|V=1.2,10.945,1.1799999999999997,2.1525000000000016,1.254999999999999,0.7173707627118641,14,0.2049630750605326,False,0.16283365709171743,False,False,0.18389836607612503,False,0,LOW,PASS,1,2000
C1903,L1,TypeB,30.41,1.09,13.48,14.48,15.48,60.0,1.35,1.45,1.55,6.0,Absolute_Failure,50,30.0,1.1,TypeB|T=30.0|V=1.1,11.165,2.039999999999999,3.7974999999999977,2.3150000000000013,0.76542524509804,16,0.21869292717086858,False,0.08974106286445757,False,False,0.15421699501766306,False,0,LOW,PASS,1,2000
C1904,L1,TypeA,32.86,1.03,14.98,15.98,16.98,17.98,1.5,1.6,1.7,1.8,Normal,50,33.0,1.05,TypeA|T=33.0|V=1.05,11.55,2.41,4.789999999999999,3.4299999999999997,0.9599730290456431,9,0.27427800829875515,False,0.6648813005152616,True,False,0.4695796544070084,False,1,LOW,PASS,1,2000
C1905,L1,TypeC,30.22,1.24,14.11,15.11,16.11,60.0,1.41,1.51,1.61,6.0,Absolute_Failure,50,30.0,1.25,TypeC|T=30.0|V=1.25,11.165,2.1099999999999994,4.5649999999999995,2.9450000000000003,0.9414229857819908,10,0.26897799593771166,False,0.22902471770973154,False,False,0.2490013568237216,False,0,LOW,PASS,1,2000
C1906,L1,TypeA,25.62,1.04,9.79,11.79,14.79,19.79,0.98,1.18,1.48,1.98,Latent_Defect,50,26.0,1.05,TypeA|T=26.0|V=1.05,12.61,1.0300000000000011,2.205,2.8200000000000003,-1.8466893203883474,11,0.5276255201109564,False,0.6451670491364653,True,False,0.5863962846237109,False,1,LOW,PASS,1,2000
C1907,L1,TypeA,34.08,1.07,12.69,13.69,14.69,15.69,1.27,1.37,1.47,1.57,Normal,50,34.0,1.05,TypeA|T=34.0|V=1.05,11.120000000000001,1.8400000000000007,3.5249999999999986,1.5699999999999985,0.5755244565217383,12,0.16443555900621096,False,0.1721700038415818,False,False,0.16830278142389637,False,0,LOW,PASS,1,2000
C1908,L1,TypeC,27.45,1.09,12.08,13.08,14.08,60.0,1.21,1.31,1.41,6.0,Absolute_Failure,50,27.0,1.1,TypeC|T=27.0|V=1.1,12.08,1.6999999999999993,4.15,0.0,0.0,9,0.0,False,0.1283536584187469,False,False,0.06417682920937345,False,0,LOW,PASS,1,2000
C1909,L1,TypeC,30.4,1.18,13.93,15.93,18.93,23.93,1.39,1.59,1.89,2.39,Latent_Defect,50,30.0,1.2000000000000002,TypeC|T=30.0|V=1.2,10.635,1.0650000000000004,2.9975000000000005,3.295,2.086833333333333,12,0.5962380952380951,False,0.40329485537663123,False,False,0.4997664753073632,False,0,LOW,PASS,1,2000
C1910,L1,TypeA,27.94,1.3,10.36,11.36,30.36,32.36,1.04,1.14,3.04,3.24,Sudden_Anomaly,50,28.0,1.3,TypeA|T=28.0|V=1.3,10.219999999999999,1.0899999999999999,1.2924999999999986,0.14000000000000057,0.08663302752293615,4,0.024752293577981758,False,0.34536473605743,False,False,0.18505851481770588,False,0,LOW,PASS,1,2000
C1911,L1,TypeA,34.65,1.14,13.64,13.64,13.64,13.64,1.36,1.36,1.36,1.36,High_Stable,50,35.0,1.1500000000000001,TypeA|T=35.0|V=1.15,10.04,1.2799999999999994,1.540000000000001,3.6000000000000014,1.8970312500000015,5,0.542008928571429,False,0.7266336293549351,True,False,0.634321278963182,True,1,MEDIUM,REVIEW,1,2000
C1912,L1,TypeA,30.87,1.06,10.68,11.68,12.68,60.0,1.07,1.17,1.27,6.0,Absolute_Failure,50,31.0,1.05,TypeA|T=31.0|V=1.05,11.53,2.0299999999999994,3.8049999999999997,0.8499999999999996,-0.2824261083743842,15,0.08069317382125263,False,0.04467052673163043,False,False,0.06268185027644153,False,0,LOW,PASS,1,2000
C1913,L1,TypeC,30.37,1.03,12.94,12.94,12.94,12.94,1.29,1.29,1.29,1.29,High_Stable,50,30.0,1.05,TypeC|T=30.0|V=1.05,11.99,1.3200000000000003,2.9849999999999994,0.9499999999999993,0.4854356060606056,11,0.13869588744588732,False,0.1422201347735314,False,False,0.14045801110970935,False,0,LOW,PASS,1,2000
C1914,L1,TypeA,34.23,1.21,11.19,12.19,13.19,60.0,1.12,1.22,1.32,6.0,Absolute_Failure,50,34.0,1.2000000000000002,TypeA|T=34.0|V=1.2,12.43,1.0600000000000005,1.8825000000000003,1.2400000000000002,-0.7890377358490563,10,0.22543935309973037,False,0.2378940692256781,False,False,0.23166671116270424,False,0,LOW,PASS,1,2000
C1915,L1,TypeA,32.81,1.12,10.65,12.65,15.65,20.65,1.07,1.27,1.57,2.07,Latent_Defect,50,33.0,1.1,TypeA|T=33.0|V=1.1,12.51,0.9799999999999995,2.2375000000000007,1.8599999999999994,-1.2801734693877551,20,0.36576384839650145,False,0.24106895508150966,False,False,0.3034164017390055,False,0,LOW,PASS,1,2000
C1916,L1,TypeA,34.4,1.18,9.03,10.03,29.03,31.03,0.9,1.0,2.9,3.1,Sudden_Anomaly,50,34.0,1.2000000000000002,TypeA|T=34.0|V=1.2,12.43,1.0600000000000005,1.8825000000000003,3.4000000000000004,-2.1634905660377353,10,0.6181401617250672,False,0.6264495503624851,True,False,0.6222948560437762,True,1,MEDIUM,REVIEW,1,2000
C1917,L1,TypeA,33.79,1.02,9.11,9.11,9.11,9.11,0.91,0.91,0.91,0.91,High_Stable,50,34.0,1.0,TypeA|T=34.0|V=1.0,12.485,0.8300000000000001,1.3175000000000008,3.375,-2.74269578313253,6,0.7836273666092942,False,0.79391000655881,True,False,0.7887686865840522,True,1,MEDIUM,REVIEW,1,2000
C1918,L1,TypeB,27.68,1.29,9.2,10.2,11.2,60.0,0.92,1.02,1.12,6.0,Absolute_Failure,50,28.0,1.3,TypeB|T=28.0|V=1.3,11.11,1.9100000000000001,2.9250000000000007,1.9100000000000001,-0.6745,6,0.1927142857142857,False,0.3148355977820768,False,False,0.25377494174818127,False,0,LOW,PASS,1,2000
C1919,L1,TypeB,34.72,1.04,13.63,15.63,18.63,23.63,1.36,1.56,1.86,2.36,Latent_Defect,50,35.0,1.05,TypeB|T=35.0|V=1.05,13.24,1.629999999999999,2.695000000000002,0.39000000000000057,0.16138343558282242,7,0.04610955302366355,False,0.4492405468230939,False,False,0.24767504992337872,False,0,LOW,PASS,1,2000
C1920,L1,TypeA,34.3,1.23,10.72,12.72,15.72,20.72,1.07,1.27,1.57,2.07,Latent_Defect,50,34.0,1.25,TypeA|T=34.0|V=1.25,11.4,1.6100000000000012,2.880000000000001,0.6799999999999997,-0.2848819875776394,11,0.08139485359361125,False,0.21267401253748297,False,False,0.14703443306554712,False,0,LOW,PASS,1,2000
C1921,L1,TypeA,28.84,1.14,8.92,10.92,13.92,18.92,0.89,1.09,1.39,1.89,Latent_Defect,50,29.0,1.1500000000000001,TypeA|T=29.0|V=1.15,12.51,1.9399999999999995,3.5500000000000007,3.59,-1.2481726804123714,15,0.3566207658321061,False,0.32261656572003583,False,False,0.33961866577607097,False,0,LOW,PASS,1,2000
C1922,L1,TypeC,25.26,1.13,14.92,16.92,19.92,24.92,1.49,1.69,1.99,2.49,Latent_Defect,50,25.0,1.1500000000000001,TypeC|T=25.0|V=1.15,11.58,1.1050000000000004,2.594999999999999,3.34,2.038760180995474,6,0.5825029088558498,False,0.789431587840568,True,False,0.6859672483482089,True,1,MEDIUM,REVIEW,1,2000
C1923,L1,TypeB,26.32,1.22,14.75,15.75,16.75,60.0,1.47,1.57,1.67,6.0,Absolute_Failure,50,26.0,1.2000000000000002,TypeB|T=26.0|V=1.2,12.85,1.9000000000000004,4.229999999999999,1.9000000000000004,0.6745,17,0.1927142857142857,False,0.3514502515145802,False,False,0.27208226861443296,False,0,LOW,PASS,1,2000
C1924,L1,TypeA,30.08,1.04,13.66,14.66,15.66,60.0,1.37,1.47,1.57,6.0,Absolute_Failure,50,30.0,1.05,TypeA|T=30.0|V=1.05,12.185,2.344999999999999,4.959999999999999,1.4749999999999996,0.4242590618336888,12,0.12121687480962537,False,0.12897860405395023,False,False,0.1250977394317878,False,0,LOW,PASS,1,2000
C1925,L1,TypeC,33.01,1.24,12.46,13.46,14.46,15.46,1.25,1.35,1.45,1.55,Normal,50,33.0,1.25,TypeC|T=33.0|V=1.25,12.78,0.870000000000001,1.6999999999999993,0.3199999999999985,-0.24809195402298706,9,0.07088341543513917,False,0.17165026041539513,False,False,0.12126683792526716,False,0,LOW,PASS,1,2000
C1926,L1,TypeC,30.72,1.24,10.88,12.88,15.88,20.88,1.09,1.29,1.59,2.09,Latent_Defect,50,31.0,1.25,TypeC|T=31.0|V=1.25,10.88,1.8099999999999987,2.9599999999999973,0.0,0.0,15,0.0,False,0.0864476807445413,False,False,0.04322384037227065,False,0,LOW,PASS,1,2000
C1927,L1,TypeC,26.27,1.3,8.54,9.54,10.54,60.0,0.85,0.95,1.05,6.0,Absolute_Failure,50,26.0,1.3,TypeC|T=26.0|V=1.3,10.66,1.2200000000000006,1.6799999999999997,2.120000000000001,-1.1720819672131146,9,0.3348805620608899,False,0.5967719464691438,True,False,0.46582625426501684,False,1,LOW,PASS,1,2000
C1928,L1,TypeC,33.44,1.22,13.64,14.64,33.64,35.64,1.36,1.46,3.36,3.56,Sudden_Anomaly,50,33.0,1.2000000000000002,TypeC|T=33.0|V=1.2,11.42,1.709999999999999,3.8500000000000014,2.2200000000000006,0.8756666666666674,9,0.2501904761904764,False,0.20089559747916802,False,False,0.2255430368348222,False,0,LOW,PASS,1,2000
C1929,L1,TypeA,30.32,1.1,8.39,8.39,8.39,8.39,0.84,0.84,0.84,0.84,High_Stable,50,30.0,1.1,TypeA|T=30.0|V=1.1,12.18,1.0999999999999996,1.9399999999999995,3.789999999999999,-2.3239590909090913,9,0.6639883116883117,False,0.623172371786246,True,False,0.6435803417372788,True,1,MEDIUM,REVIEW,1,2000
C1930,L1,TypeA,29.93,1.2,9.68,10.68,11.68,60.0,0.97,1.07,1.17,6.0,Absolute_Failure,50,30.0,1.2000000000000002,TypeA|T=30.0|V=1.2,10.23,1.5199999999999996,2.7125000000000004,0.5500000000000007,-0.2440625000000004,14,0.06973214285714298,False,0.11523298983460342,False,False,0.09248256634587321,False,0,LOW,PASS,1,2000
C1931,L1,TypeB,26.54,1.2,13.78,14.78,33.78,35.78,1.38,1.48,3.38,3.58,Sudden_Anomaly,50,27.0,1.2000000000000002,TypeB|T=27.0|V=1.2,12.775,1.4649999999999999,3.5824999999999996,1.004999999999999,0.4627116040955627,12,0.13220331545587508,False,0.21681258258173278,False,False,0.17450794901880393,False,0,LOW,PASS,1,2000
C1932,L1,TypeC,26.13,1.11,12.46,13.46,14.46,60.0,1.25,1.35,1.45,6.0,Absolute_Failure,50,26.0,1.1,TypeC|T=26.0|V=1.1,10.88,1.4499999999999993,2.9299999999999997,1.58,0.7349724137931037,15,0.20999211822660108,False,0.13813419548321806,False,False,0.17406315685490958,False,0,LOW,PASS,1,2000
C1933,L1,TypeA,28.3,1.04,14.26,15.26,16.26,60.0,1.43,1.53,1.63,6.0,Absolute_Failure,50,28.0,1.05,TypeA|T=28.0|V=1.05,12.85,1.5099999999999998,3.4399999999999977,1.4100000000000001,0.6298311258278146,11,0.17995175023651847,False,0.21324829837372083,False,False,0.19660002430511964,False,0,LOW,PASS,1,2000
C1934,L1,TypeA,27.68,1.17,10.69,11.69,12.69,13.69,1.07,1.17,1.27,1.37,Normal,50,28.0,1.1500000000000001,TypeA|T=28.0|V=1.15,11.73,1.0999999999999996,2.1400000000000006,1.040000000000001,-0.6377090909090917,9,0.18220259740259762,False,0.035296908629871594,False,False,0.1087497530162346,False,0,LOW,PASS,1,2000
C1935,L1,TypeA,34.0,1.08,8.94,8.94,8.94,8.94,0.89,0.89,0.89,0.89,High_Stable,50,34.0,1.1,TypeA|T=34.0|V=1.1,12.004999999999999,1.8649999999999993,3.4400000000000013,3.0649999999999995,-1.1084946380697054,12,0.31671275373420155,False,0.3941250901965456,False,False,0.3554189219653736,False,0,LOW,PASS,1,2000
C1936,L1,TypeA,31.6,1.03,12.96,13.96,14.96,60.0,1.3,1.4,1.5,6.0,Absolute_Failure,50,32.0,1.05,TypeA|T=32.0|V=1.05,10.56,0.8499999999999996,1.42,2.4000000000000004,1.9044705882352952,13,0.5441344537815129,False,0.43200709605323706,False,False,0.488070774917375,False,0,LOW,PASS,1,2000
C1937,L1,TypeA,33.21,1.07,11.55,12.55,13.55,14.55,1.15,1.25,1.35,1.45,Normal,50,33.0,1.05,TypeA|T=33.0|V=1.05,11.55,2.41,4.789999999999999,0.0,0.0,9,0.0,False,0.2193397683872988,False,False,0.1096698841936494,False,0,LOW,PASS,1,2000
C1938,L1,TypeC,30.83,1.22,12.16,14.16,17.16,22.16,1.22,1.42,1.72,2.22,Latent_Defect,50,31.0,1.2000000000000002,TypeC|T=31.0|V=1.2,12.16,1.0600000000000005,2.16,0.0,0.0,11,0.0,False,0.09021923190715936,False,False,0.04510961595357968,False,0,LOW,PASS,1,2000
C1939,L1,TypeB,26.47,1.08,12.31,13.31,14.31,60.0,1.23,1.33,1.43,6.0,Absolute_Failure,50,26.0,1.1,TypeB|T=26.0|V=1.1,12.795,1.5949999999999998,3.094999999999999,0.48499999999999943,-0.2050987460815045,14,0.05859964173757271,False,0.13543303501900134,False,False,0.09701633837828702,False,0,LOW,PASS,1,2000
C1940,L1,TypeB,34.36,1.21,13.55,15.55,18.55,23.55,1.35,1.55,1.85,2.35,Latent_Defect,50,34.0,1.2000000000000002,TypeB|T=34.0|V=1.2,12.14,1.4100000000000001,2.795,1.4100000000000001,0.6745,16,0.1927142857142857,False,0.2597746002633165,False,False,0.2262444429888011,False,0,LOW,PASS,1,2000
C1941,L1,TypeC,31.5,1.04,9.88,10.88,11.88,12.88,0.99,1.09,1.19,1.29,Normal,50,32.0,1.05,TypeC|T=32.0|V=1.05,10.51,0.75,1.2400000000000002,0.629999999999999,-0.5665799999999991,9,0.16187999999999975,False,0.14346231517150493,False,False,0.15267115758575234,False,0,LOW,PASS,1,2000
C1942,L1,TypeC,34.65,1.1,8.72,9.72,28.72,30.72,0.87,0.97,2.87,3.07,Sudden_Anomaly,50,35.0,1.1,TypeC|T=35.0|V=1.1,9.165,0.5249999999999995,2.16,0.4449999999999985,-0.5717190476190462,4,0.1633482993197275,False,0.5161701378362631,False,False,0.3397592185779953,False,0,LOW,PASS,1,2000
C1943,L1,TypeB,31.63,1.28,11.8,11.8,11.8,11.8,1.18,1.18,1.18,1.18,High_Stable,50,32.0,1.3,TypeB|T=32.0|V=1.3,11.8,1.0899999999999999,2.0299999999999994,0.0,0.0,9,0.0,False,0.178167068409124,False,False,0.089083534204562,False,0,LOW,PASS,1,2000
C1944,L1,TypeC,27.78,1.17,14.36,15.36,16.36,60.0,1.44,1.54,1.64,6.0,Absolute_Failure,50,28.0,1.1500000000000001,TypeC|T=28.0|V=1.15,11.025,1.1450000000000005,1.825000000000001,3.334999999999999,1.964591703056767,6,0.5613119151590763,False,0.4485123230596701,False,False,0.5049121191093732,False,0,LOW,PASS,1,2000
C1945,L1,TypeB,31.39,1.09,12.62,13.62,32.62,34.62,1.26,1.36,3.26,3.46,Sudden_Anomaly,50,31.0,1.1,TypeB|T=31.0|V=1.1,11.055,1.7149999999999999,3.197499999999998,1.5649999999999995,0.61550583090379,10,0.17585880882965427,False,0.02438447000768982,False,False,0.10012163941867204,False,0,LOW,PASS,1,2000
C1946,L1,TypeA,28.37,1.06,14.68,15.68,34.68,36.68,1.47,1.57,3.47,3.67,Sudden_Anomaly,50,28.0,1.05,TypeA|T=28.0|V=1.05,12.85,1.5099999999999998,3.4399999999999977,1.83,0.8174403973509935,11,0.233554399243141,False,0.2727236499136432,False,False,0.2531390245783921,False,0,LOW,PASS,1,2000
C1947,L1,TypeC,33.8,1.04,12.18,13.18,32.18,34.18,1.22,1.32,3.22,3.42,Sudden_Anomaly,50,34.0,1.05,TypeC|T=34.0|V=1.05,11.515,2.05,3.3249999999999993,0.6649999999999991,0.21880121951219486,16,0.06251463414634138,False,0.20266677123583915,False,False,0.13259070269109027,False,0,LOW,PASS,1,2000
C1948,L1,TypeB,32.25,1.02,14.06,14.06,14.06,14.06,1.41,1.41,1.41,1.41,High_Stable,50,32.0,1.0,TypeB|T=32.0|V=1.0,11.6,1.040000000000001,1.83,2.460000000000001,1.5954519230769222,13,0.45584340659340633,False,0.4435707160500592,False,False,0.44970706132173277,False,0,LOW,PASS,1,2000
C1949,L1,TypeC,33.74,1.07,9.22,9.22,9.22,9.22,0.92,0.92,0.92,0.92,High_Stable,50,34.0,1.05,TypeC|T=34.0|V=1.05,11.515,2.05,3.3249999999999993,2.295,-0.7551109756097562,16,0.2157459930313589,False,0.2426343578778681,False,False,0.2291901754546135,False,0,LOW,PASS,1,2000
C1950,L1,TypeB,31.54,1.01,10.78,11.78,12.78,13.78,1.08,1.18,1.28,1.38,Normal,50,32.0,1.0,TypeB|T=32.0|V=1.0,11.6,1.040000000000001,1.83,0.8200000000000003,-0.5318173076923074,13,0.1519478021978021,False,0.19544477114272166,False,False,0.17369628667026188,False,0,LOW,PASS,1,2000
C1951,L1,TypeC,28.37,1.22,8.13,8.13,8.13,8.13,0.81,0.81,0.81,0.81,High_Stable,50,28.0,1.2000000000000002,TypeC|T=28.0|V=1.2,10.935,1.6499999999999995,2.9349999999999987,2.8049999999999997,-1.1466500000000002,10,0.32761428571428575,False,0.4189073361234914,False,False,0.3732608109188886,False,0,LOW,PASS,1,2000
C1952,L1,TypeA,32.46,1.02,10.02,11.02,30.02,32.02,1.0,1.1,3.0,3.2,Sudden_Anomaly,50,32.0,1.0,TypeA|T=32.0|V=1.0,10.79,0.7699999999999996,1.4649999999999999,0.7699999999999996,-0.6745,7,0.1927142857142857,False,0.22375843671263054,False,False,0.20823636121345812,False,0,LOW,PASS,1,2000
C1953,L1,TypeC,26.23,1.18,8.71,8.71,8.71,8.71,0.87,0.87,0.87,0.87,High_Stable,50,26.0,1.2000000000000002,TypeC|T=26.0|V=1.2,10.945,1.1799999999999997,2.1525000000000016,2.2349999999999994,-1.2775487288135592,14,0.3650139225181598,False,0.2887751256600727,False,False,0.32689452408911623,False,0,LOW,PASS,1,2000
C1954,L1,TypeC,29.17,1.11,10.77,11.77,12.77,13.77,1.08,1.18,1.28,1.38,Normal,50,29.0,1.1,TypeC|T=29.0|V=1.1,11.565,1.4100000000000001,2.615000000000002,0.7949999999999999,-0.38030319148936165,10,0.10865805471124619,False,0.00221056338141095,False,False,0.05543430904632857,False,0,LOW,PASS,1,2000
C1955,L1,TypeC,30.57,1.05,14.81,15.81,34.81,36.81,1.48,1.58,3.48,3.68,Sudden_Anomaly,50,31.0,1.05,TypeC|T=31.0|V=1.05,11.184999999999999,2.46,4.84,3.6250000000000018,0.9939278455284557,16,0.2839793844367016,False,0.520231878002772,False,False,0.40210563121973686,False,0,LOW,PASS,1,2000
C1956,L1,TypeB,30.26,1.29,14.7,15.7,16.7,17.7,1.47,1.57,1.67,1.77,Normal,50,30.0,1.3,TypeB|T=30.0|V=1.3,10.865,1.0899999999999999,1.6524999999999999,3.834999999999999,2.3731261467889904,6,0.6780360419397116,False,0.8715296961859859,True,False,0.7747828690628487,True,1,MEDIUM,REVIEW,1,2000
C1957,L1,TypeC,34.26,1.14,8.98,9.98,28.98,30.98,0.9,1.0,2.9,3.1,Sudden_Anomaly,50,34.0,1.1500000000000001,TypeC|T=34.0|V=1.15,11.96,1.6599999999999993,2.977499999999999,2.9800000000000004,-1.2108493975903623,10,0.3459569707401035,False,0.3742203714938733,False,False,0.3600886711169884,False,0,LOW,PASS,1,2000
C1958,L1,TypeB,28.27,1.17,11.79,13.79,16.79,21.79,1.18,1.38,1.68,2.18,Latent_Defect,50,28.0,1.1500000000000001,TypeB|T=28.0|V=1.15,11.055,0.6099999999999994,0.9824999999999982,0.7349999999999994,0.8127172131147542,6,0.23220491803278692,False,0.0992795640789783,False,False,0.16574224105588262,False,0,LOW,PASS,1,2000
C1959,L1,TypeA,27.72,1.1,10.05,11.05,30.05,32.05,1.01,1.11,3.01,3.21,Sudden_Anomaly,50,28.0,1.1,TypeA|T=28.0|V=1.1,11.68,1.629999999999999,3.785,1.629999999999999,-0.6745,11,0.1927142857142857,False,0.035341731620197867,False,False,0.11402800866724178,False,0,LOW,PASS,1,2000
C1960,L1,TypeC,30.08,1.22,10.06,11.06,30.06,32.06,1.01,1.11,3.01,3.21,Sudden_Anomaly,50,30.0,1.2000000000000002,TypeC|T=30.0|V=1.2,10.635,1.0650000000000004,2.9975000000000005,0.5749999999999993,-0.3641666666666661,12,0.10404761904761888,False,0.06207537287272012,False,False,0.0830614959601695,False,0,LOW,PASS,1,2000
C1961,L1,TypeB,32.07,1.28,8.4,9.4,10.4,60.0,0.84,0.94,1.04,6.0,Absolute_Failure,50,32.0,1.3,TypeB|T=32.0|V=1.3,11.8,1.0899999999999999,2.0299999999999994,3.4000000000000004,-2.103944954128441,9,0.6011271297509831,False,0.7253185127705098,True,False,0.6632228212607465,True,1,MEDIUM,REVIEW,1,2000
C1962,L1,TypeA,30.31,1.05,14.73,15.73,16.73,17.73,1.47,1.57,1.67,1.77,Normal,50,30.0,1.05,TypeA|T=30.0|V=1.05,12.185,2.344999999999999,4.959999999999999,2.545,0.7320266524520259,12,0.20915047212915025,False,0.2846634392584806,False,False,0.24690695569381543,False,0,LOW,PASS,1,2000
C1963,L1,TypeA,31.82,1.25,10.01,12.01,15.01,20.01,1.0,1.2,1.5,2.0,Latent_Defect,50,32.0,1.25,TypeA|T=32.0|V=1.25,11.01,1.1799999999999997,3.67,1.0,-0.5716101694915255,13,0.163317191283293,False,0.10677669555861144,False,False,0.13504694342095222,False,0,LOW,PASS,1,2000
C1964,L1,TypeA,25.63,1.23,12.16,13.16,14.16,60.0,1.22,1.32,1.42,6.0,Absolute_Failure,50,26.0,1.25,TypeA|T=26.0|V=1.25,12.76,1.1600000000000001,3.0700000000000003,0.5999999999999996,-0.34887931034482733,15,0.09967980295566495,False,0.2570305825934622,False,False,0.17835519277456358,False,0,LOW,PASS,1,2000
C1965,L1,TypeB,34.22,1.15,12.55,13.55,32.55,34.55,1.26,1.36,3.26,3.46,Sudden_Anomaly,50,34.0,1.1500000000000001,TypeB|T=34.0|V=1.15,12.24,1.9000000000000004,2.8599999999999994,0.3100000000000005,0.11005000000000016,13,0.03144285714285719,False,0.16564082428426624,False,False,0.09854184071356172,False,0,LOW,PASS,1,2000
C1966,L1,TypeB,34.18,1.16,11.01,13.01,16.01,21.01,1.1,1.3,1.6,2.1,Latent_Defect,50,34.0,1.1500000000000001,TypeB|T=34.0|V=1.15,12.24,1.9000000000000004,2.8599999999999994,1.2300000000000004,-0.43665000000000004,13,0.12475714285714287,False,0.14194180951280835,False,False,0.1333494761849756,False,0,LOW,PASS,1,2000
C1967,L1,TypeC,27.95,1.06,14.23,16.23,19.23,24.23,1.42,1.62,1.92,2.42,Latent_Defect,50,28.0,1.05,TypeC|T=28.0|V=1.05,12.19,0.4800000000000004,0.8900000000000006,2.040000000000001,2.8666249999999986,9,0.8190357142857139,False,0.6019407693170409,True,False,0.7104882418013774,True,1,MEDIUM,REVIEW,1,2000
C1968,L1,TypeB,30.36,1.16,13.64,13.64,13.64,13.64,1.36,1.36,1.36,1.36,High_Stable,50,30.0,1.1500000000000001,TypeB|T=30.0|V=1.15,10.945,1.7299999999999995,3.4999999999999982,2.6950000000000003,1.0507384393063588,12,0.3002109826589597,False,0.11049691918197026,False,False,0.20535395092046496,False,0,LOW,PASS,1,2000
C1969,L1,TypeA,27.16,1.2,14.74,16.74,19.74,24.74,1.47,1.67,1.97,2.47,Latent_Defect,50,27.0,1.2000000000000002,TypeA|T=27.0|V=1.2,11.24,1.0600000000000005,1.7400000000000002,3.5,2.2271226415094327,5,0.6363207547169808,False,0.703407640138217,True,False,0.669864197427599,True,1,MEDIUM,REVIEW,1,2000
C1970,L1,TypeB,29.26,1.22,13.97,14.97,33.97,35.97,1.4,1.5,3.4,3.6,Sudden_Anomaly,50,29.0,1.2000000000000002,TypeB|T=29.0|V=1.2,10.33,1.4100000000000001,2.3149999999999995,3.6400000000000006,1.741262411347518,10,0.4975035460992908,False,0.49508171478025237,False,False,0.49629263043977156,False,0,LOW,PASS,1,2000
C1971,L1,TypeB,33.56,1.05,12.35,13.35,14.35,15.35,1.23,1.33,1.43,1.53,Normal,50,34.0,1.05,TypeB|T=34.0|V=1.05,11.07,1.3000000000000007,2.58,1.2799999999999994,0.6641230769230763,17,0.18974945054945036,False,0.17429192440996452,False,False,0.18202068747970745,False,0,LOW,PASS,1,2000
C1972,L1,TypeB,31.74,1.22,10.38,11.38,12.38,13.38,1.04,1.14,1.24,1.34,Normal,50,32.0,1.2000000000000002,TypeB|T=32.0|V=1.2,10.46,1.8199999999999985,2.365,0.08000000000000007,-0.0296483516483517,7,0.008470957613814771,False,0.10616968707958507,False,False,0.057320322346699926,False,0,LOW,PASS,1,2000
C1973,L1,TypeA,29.61,1.19,10.46,12.46,15.46,20.46,1.05,1.25,1.55,2.05,Latent_Defect,50,30.0,1.2000000000000002,TypeA|T=30.0|V=1.2,10.23,1.5199999999999996,2.7125000000000004,0.23000000000000043,0.10206250000000021,14,0.029160714285714345,False,0.046250320540189044,False,False,0.037705517412951695,False,0,LOW,PASS,1,2000
C1974,L1,TypeA,29.96,1.2,12.47,14.47,17.47,22.47,1.25,1.45,1.75,2.25,Latent_Defect,50,30.0,1.2000000000000002,TypeA|T=30.0|V=1.2,10.23,1.5199999999999996,2.7125000000000004,2.24,0.9940000000000004,14,0.28400000000000014,False,0.10696433695168178,False,False,0.19548216847584096,False,0,LOW,PASS,1,2000
C1975,L1,TypeC,34.91,1.04,12.1,12.1,12.1,12.1,1.21,1.21,1.21,1.21,High_Stable,50,35.0,1.05,TypeC|T=35.0|V=1.05,10.34,1.5199999999999996,3.0900000000000016,1.7599999999999998,0.781,9,0.22314285714285714,False,0.3693200189906831,False,False,0.2962314380667701,False,0,LOW,PASS,1,2000
C1976,L1,TypeB,32.88,1.06,13.77,13.77,13.77,13.77,1.38,1.38,1.38,1.38,High_Stable,50,33.0,1.05,TypeB|T=33.0|V=1.05,11.035,2.4299999999999997,4.657500000000001,2.7349999999999994,0.7591594650205761,12,0.21690270429159317,False,0.24156138104526484,False,False,0.229232042668429,False,0,LOW,PASS,1,2000
C1977,L1,TypeB,26.47,1.04,9.87,10.87,11.87,12.87,0.99,1.09,1.19,1.29,Normal,50,26.0,1.05,TypeB|T=26.0|V=1.05,11.965,1.6600000000000001,3.2074999999999996,2.0950000000000006,-0.8512515060240966,14,0.24321471600688474,False,0.24980418015726683,False,False,0.24650944808207578,False,0,LOW,PASS,1,2000
C1978,L1,TypeA,32.72,1.14,11.39,13.39,16.39,21.39,1.14,1.34,1.64,2.14,Latent_Defect,50,33.0,1.1500000000000001,TypeA|T=33.0|V=1.15,11.57,1.2800000000000011,2.365000000000002,0.17999999999999972,-0.09485156249999976,15,0.027100446428571363,False,0.071806922498989,False,False,0.04945368446378018,False,0,LOW,PASS,1,2000
C1979,L1,TypeC,26.82,1.29,13.22,13.22,13.22,13.22,1.32,1.32,1.32,1.32,High_Stable,50,27.0,1.3,TypeC|T=27.0|V=1.3,13.22,1.4100000000000001,1.6550000000000011,0.0,0.0,3,0.0,False,0.44158853083002514,False,False,0.22079426541501257,False,0,LOW,PASS,1,2000
C1980,L1,TypeA,29.2,1.17,9.8,10.8,29.8,31.8,0.98,1.08,2.98,3.18,Sudden_Anomaly,50,29.0,1.1500000000000001,TypeA|T=29.0|V=1.15,12.51,1.9399999999999995,3.5500000000000007,2.709999999999999,-0.9422139175257731,15,0.2692039764359352,False,0.14228425272627807,False,False,0.20574411458110664,False,0,LOW,PASS,1,2000
C1981,L1,TypeB,30.2,1.26,8.55,9.55,10.55,11.55,0.85,0.95,1.05,1.15,Normal,50,30.0,1.25,TypeB|T=30.0|V=1.25,10.535,0.6950000000000003,1.3175000000000008,1.9849999999999994,-1.9264496402877682,10,0.5504141829393624,False,0.5420116128904424,False,False,0.5462128979149024,False,0,LOW,PASS,1,2000
C1982,L1,TypeC,29.21,1.17,13.73,14.73,15.73,16.73,1.37,1.47,1.57,1.67,Normal,50,29.0,1.1500000000000001,TypeC|T=29.0|V=1.15,12.29,2.540000000000001,4.075000000000001,1.4400000000000013,0.38239370078740176,7,0.10925534308211479,False,0.08651776656871898,False,False,0.09788655482541689,False,0,LOW,PASS,1,2000
C1983,L1,TypeA,28.15,1.02,11.8,11.8,11.8,11.8,1.18,1.18,1.18,1.18,High_Stable,50,28.0,1.0,TypeA|T=28.0|V=1.0,11.8,0.75,1.7949999999999982,0.0,0.0,11,0.0,False,0.2271031860390701,False,False,0.11355159301953505,False,0,LOW,PASS,1,2000
C1984,L1,TypeC,30.96,1.19,9.21,11.21,14.21,19.21,0.92,1.12,1.42,1.92,Latent_Defect,50,31.0,1.2000000000000002,TypeC|T=31.0|V=1.2,12.16,1.0600000000000005,2.16,2.9499999999999993,-1.8771462264150929,11,0.5363274932614551,False,0.3444123495349302,False,False,0.44036992139819264,False,0,LOW,PASS,1,2000
C1985,L1,TypeA,25.37,1.16,14.46,16.46,19.46,24.46,1.45,1.65,1.95,2.45,Latent_Defect,50,25.0,1.1500000000000001,TypeA|T=25.0|V=1.15,11.7,2.4400000000000013,4.615,2.7600000000000016,0.7629590163934427,7,0.21798829039812648,False,0.4424892254675213,False,False,0.33023875793282387,False,0,LOW,PASS,1,2000
C1986,L1,TypeC,34.8,1.07,14.5,15.5,16.5,60.0,1.45,1.55,1.65,6.0,Absolute_Failure,50,35.0,1.05,TypeC|T=35.0|V=1.05,10.34,1.5199999999999996,3.0900000000000016,4.16,1.8460000000000005,9,0.5274285714285716,False,0.8849875011924568,True,False,0.7062080363105142,True,1,MEDIUM,REVIEW,1,2000
C1987,L1,TypeB,25.99,1.17,11.02,12.02,13.02,60.0,1.1,1.2,1.3,6.0,Absolute_Failure,50,26.0,1.1500000000000001,TypeB|T=26.0|V=1.15,11.66,0.8799999999999999,1.8025000000000002,0.6400000000000006,-0.49054545454545506,10,0.1401558441558443,False,0.12577602171933058,False,False,0.13296593293758746,False,0,LOW,PASS,1,2000
C1988,L1,TypeB,25.84,1.04,13.32,15.32,18.32,23.32,1.33,1.53,1.83,2.33,Latent_Defect,50,26.0,1.05,TypeB|T=26.0|V=1.05,11.965,1.6600000000000001,3.2074999999999996,1.3550000000000004,0.5505707831325303,14,0.1573059380378658,False,0.24225962389424402,False,False,0.1997827809660549,False,0,LOW,PASS,1,2000
C1989,L1,TypeC,33.75,1.05,9.08,10.08,11.08,60.0,0.91,1.01,1.11,6.0,Absolute_Failure,50,34.0,1.05,TypeC|T=34.0|V=1.05,11.515,2.05,3.3249999999999993,2.4350000000000005,-0.8011743902439026,16,0.228906968641115,False,0.29693500849075116,False,False,0.2629209885659331,False,0,LOW,PASS,1,2000
C1990,L1,TypeB,26.91,1.23,8.91,8.91,8.91,8.91,0.89,0.89,0.89,0.89,High_Stable,50,27.0,1.25,TypeB|T=27.0|V=1.25,11.08,1.9299999999999997,3.119999999999999,2.17,-0.7583756476683939,11,0.21667875647668397,False,0.1934859511029255,False,False,0.20508235378980472,False,0,LOW,PASS,1,2000
C1991,L1,TypeB,27.31,1.02,9.25,11.25,14.25,19.25,0.93,1.13,1.43,1.93,Latent_Defect,50,27.0,1.0,TypeB|T=27.0|V=1.0,11.3,1.1999999999999993,1.9849999999999994,2.0500000000000007,-1.1522708333333345,7,0.3292202380952384,False,0.33764710842861184,False,False,0.33343367326192513,False,0,LOW,PASS,1,2000
C1992,L1,TypeA,30.1,1.19,8.14,10.14,13.14,18.14,0.81,1.01,1.31,1.81,Latent_Defect,50,30.0,1.2000000000000002,TypeA|T=30.0|V=1.2,10.23,1.5199999999999996,2.7125000000000004,2.09,-0.9274375000000002,14,0.26498214285714294,False,0.31203189724426006,False,False,0.2885070200507015,False,0,LOW,PASS,1,2000
C1993,L1,TypeB,31.2,1.14,14.65,16.65,19.65,24.65,1.47,1.67,1.97,2.47,Latent_Defect,50,31.0,1.1500000000000001,TypeB|T=31.0|V=1.15,11.82,2.21,4.27,2.83,0.8637262443438914,16,0.24677892695539755,False,0.1953920248763064,False,False,0.22108547591585198,False,0,LOW,PASS,1,2000
C1994,L1,TypeB,31.34,1.11,8.18,9.18,28.18,30.18,0.82,0.92,2.82,3.02,Sudden_Anomaly,50,31.0,1.1,TypeB|T=31.0|V=1.1,11.055,1.7149999999999999,3.197499999999998,2.875,-1.1307215743440235,10,0.3230633069554353,False,0.3159234911661936,False,False,0.3194933990608144,False,0,LOW,PASS,1,2000
C1995,L1,TypeB,25.54,1.03,10.93,10.93,10.93,10.93,1.09,1.09,1.09,1.09,High_Stable,50,26.0,1.05,TypeB|T=26.0|V=1.05,11.965,1.6600000000000001,3.2074999999999996,1.0350000000000001,-0.420546686746988,14,0.12015619621342513,False,0.2876595504852118,False,False,0.20390787334931848,False,0,LOW,PASS,1,2000
C1996,L1,TypeC,27.01,1.21,12.82,13.82,32.82,34.82,1.28,1.38,3.28,3.48,Sudden_Anomaly,50,27.0,1.2000000000000002,TypeC|T=27.0|V=1.2,11.76,0.9649999999999999,1.790000000000001,1.0600000000000005,0.7409015544041455,10,0.21168615840118443,False,0.13439138495872546,False,False,0.17303877167995496,False,0,LOW,PASS,1,2000
C1997,L1,TypeA,28.19,1.01,11.4,12.4,13.4,14.4,1.14,1.24,1.34,1.44,Normal,50,28.0,1.0,TypeA|T=28.0|V=1.0,11.8,0.75,1.7949999999999982,0.40000000000000036,-0.3597333333333337,11,0.10278095238095249,False,0.295863772698097,False,False,0.19932236253952473,False,0,LOW,PASS,1,2000
C1998,L1,TypeB,25.35,1.08,14.86,15.86,16.86,17.86,1.49,1.59,1.69,1.79,Normal,50,25.0,1.1,TypeB|T=25.0|V=1.1,12.985,1.4700000000000006,2.365,1.875,0.8603316326530608,6,0.24580903790087452,False,0.518612480307802,False,False,0.38221075910433827,False,0,LOW,PASS,1,2000
C1999,L1,TypeA,31.97,1.12,13.49,14.49,15.49,16.49,1.35,1.45,1.55,1.65,Normal,50,32.0,1.1,TypeA|T=32.0|V=1.1,10.8,1.9300000000000015,3.5199999999999996,2.6899999999999995,0.9401062176165794,13,0.2686017764618798,False,0.15974196358687284,False,False,0.21417187002437632,False,0,LOW,PASS,1,2000
C2000,L1,TypeB,29.82,1.17,11.35,12.35,13.35,60.0,1.14,1.24,1.34,6.0,Absolute_Failure,50,30.0,1.1500000000000001,TypeB|T=30.0|V=1.15,10.945,1.7299999999999995,3.4999999999999982,0.40499999999999936,0.15790317919075122,12,0.04511519405450035,False,0.0,False,False,0.022557597027250176,False,0,LOW,PASS,1,2000
