component_id,lot_id,component_type,temperature_C,voltage_V,iddq_0h_uA,iddq_24h_uA,iddq_96h_uA,iddq_168h_uA,leakage_0h_uA,leakage_24h_uA,leakage_96h_uA,leakage_168h_uA,ground_truth,absolute_limit_uA
C12001,L7,TypeB,31.51,1.16,9.85,10.85,11.85,12.85,0.98,1.08,1.18,1.28,Normal,50
C12002,L7,TypeB,27.88,1.07,8.32,10.32,13.32,18.32,0.83,1.03,1.33,1.83,Latent_Defect,50
C12003,L7,TypeC,27.26,1.26,13.16,15.16,18.16,23.16,1.32,1.52,1.82,2.32,Latent_Defect,50
C12004,L7,TypeA,28.84,1.07,12.53,13.53,32.53,34.53,1.25,1.35,3.25,3.45,Sudden_Anomaly,50
C12005,L7,TypeA,28.45,1.16,12.53,12.53,12.53,12.53,1.25,1.25,1.25,1.25,High_Stable,50
C12006,L7,TypeB,34.37,1.1,13.26,14.26,33.26,35.26,1.33,1.43,3.33,3.53,Sudden_Anomaly,50
C12007,L7,TypeB,28.82,1.08,8.04,10.04,13.04,18.04,0.8,1.0,1.3,1.8,Latent_Defect,50
C12008,L7,TypeB,33.26,1.28,10.49,10.49,10.49,10.49,1.05,1.05,1.05,1.05,High_Stable,50
C12009,L7,TypeC,33.4,1.3,8.24,9.24,10.24,60.0,0.82,0.92,1.02,6.0,Absolute_Failure,50
C12010,L7,TypeC,28.05,1.04,13.56,13.56,13.56,13.56,1.36,1.36,1.36,1.36,High_Stable,50
C12011,L7,TypeB,30.8,1.23,8.67,9.67,28.67,30.67,0.87,0.97,2.87,3.07,Sudden_Anomaly,50
C12012,L7,TypeB,26.08,1.0,13.49,14.49,15.49,16.49,1.35,1.45,1.55,1.65,Normal,50
C12013,L7,TypeC,25.66,1.09,12.77,13.77,14.77,60.0,1.28,1.38,1.48,6.0,Absolute_Failure,50
C12014,L7,TypeC,32.5,1.11,12.79,14.79,17.79,22.79,1.28,1.48,1.78,2.28,Latent_Defect,50
C12015,L7,TypeB,32.43,1.11,13.55,14.55,15.55,60.0,1.36,1.46,1.56,6.0,Absolute_Failure,50
C12016,L7,TypeA,25.65,1.02,12.01,13.01,14.01,60.0,1.2,1.3,1.4,6.0,Absolute_Failure,50
C12017,L7,TypeC,31.61,1.14,12.22,13.22,32.22,34.22,1.22,1.32,3.22,3.42,Sudden_Anomaly,50
C12018,L7,TypeB,28.54,1.14,11.36,12.36,13.36,60.0,1.14,1.24,1.34,6.0,Absolute_Failure,50
C12019,L7,TypeB,30.2,1.22,11.17,11.17,11.17,11.17,1.12,1.12,1.12,1.12,High_Stable,50
C12020,L7,TypeC,26.48,1.03,11.12,12.12,13.12,60.0,1.11,1.21,1.31,6.0,Absolute_Failure,50
C12021,L7,TypeC,34.29,1.06,12.32,14.32,17.32,22.32,1.23,1.43,1.73,2.23,Latent_Defect,50
C12022,L7,TypeB,34.19,1.23,14.6,14.6,14.6,14.6,1.46,1.46,1.46,1.46,High_Stable,50
C12023,L7,TypeC,28.96,1.24,11.05,12.05,31.05,33.05,1.11,1.21,3.11,3.31,Sudden_Anomaly,50
C12024,L7,TypeC,30.84,1.0,13.36,14.36,33.36,35.36,1.34,1.44,3.34,3.54,Sudden_Anomaly,50
C12025,L7,TypeA,28.07,1.19,11.87,13.87,16.87,21.87,1.19,1.39,1.69,2.19,Latent_Defect,50
C12026,L7,TypeB,33.86,1.09,13.0,14.0,15.0,16.0,1.3,1.4,1.5,1.6,Normal,50
C12027,L7,TypeB,26.72,1.24,10.49,11.49,12.49,13.49,1.05,1.15,1.25,1.35,Normal,50
C12028,L7,TypeC,28.74,1.17,9.9,10.9,11.9,12.9,0.99,1.09,1.19,1.29,Normal,50
C12029,L7,TypeC,29.81,1.19,12.9,14.9,17.9,22.9,1.29,1.49,1.79,2.29,Latent_Defect,50
C12030,L7,TypeC,26.47,1.05,14.22,16.22,19.22,24.22,1.42,1.62,1.92,2.42,Latent_Defect,50
C12031,L7,TypeB,29.82,1.13,8.38,9.38,10.38,11.38,0.84,0.94,1.04,1.14,Normal,50
C12032,L7,TypeB,34.03,1.05,8.25,9.25,10.25,11.25,0.83,0.93,1.03,1.13,Normal,50
C12033,L7,TypeC,28.36,1.12,10.56,10.56,10.56,10.56,1.06,1.06,1.06,1.06,High_Stable,50
C12034,L7,TypeC,28.79,1.1,12.58,13.58,14.58,60.0,1.26,1.36,1.46,6.0,Absolute_Failure,50
C12035,L7,TypeC,27.99,1.14,11.95,12.95,13.95,14.95,1.19,1.29,1.39,1.49,Normal,50
C12036,L7,TypeA,25.43,1.14,9.8,10.8,11.8,12.8,0.98,1.08,1.18,1.28,Normal,50
C12037,L7,TypeA,31.34,1.08,8.1,10.1,13.1,18.1,0.81,1.01,1.31,1.81,Latent_Defect,50
C12038,L7,TypeB,27.62,1.12,14.16,15.16,34.16,36.16,1.42,1.52,3.42,3.62,Sudden_Anomaly,50
C12039,L7,TypeC,26.46,1.08,13.06,15.06,18.06,23.06,1.31,1.51,1.81,2.31,Latent_Defect,50
C12040,L7,TypeB,27.11,1.1,11.28,12.28,13.28,60.0,1.13,1.23,1.33,6.0,Absolute_Failure,50
C12041,L7,TypeA,26.19,1.28,13.61,15.61,18.61,23.61,1.36,1.56,1.86,2.36,Latent_Defect,50
C12042,L7,TypeB,28.64,1.08,13.45,14.45,15.45,60.0,1.35,1.45,1.55,6.0,Absolute_Failure,50
C12043,L7,TypeC,30.69,1.2,12.49,13.49,14.49,60.0,1.25,1.35,1.45,6.0,Absolute_Failure,50
C12044,L7,TypeA,26.69,1.09,14.19,15.19,34.19,36.19,1.42,1.52,3.42,3.62,Sudden_Anomaly,50
C12045,L7,TypeC,27.4,1.22,10.96,11.96,30.96,32.96,1.1,1.2,3.1,3.3,Sudden_Anomaly,50
C12046,L7,TypeB,33.39,1.29,13.8,14.8,33.8,35.8,1.38,1.48,3.38,3.58,Sudden_Anomaly,50
C12047,L7,TypeB,31.94,1.14,11.57,13.57,16.57,21.57,1.16,1.36,1.66,2.16,Latent_Defect,50
C12048,L7,TypeB,31.0,1.05,12.93,13.93,14.93,60.0,1.29,1.39,1.49,6.0,Absolute_Failure,50
C12049,L7,TypeB,27.23,1.07,11.29,13.29,16.29,21.29,1.13,1.33,1.63,2.13,Latent_Defect,50
C12050,L7,TypeB,30.46,1.09,14.49,14.49,14.49,14.49,1.45,1.45,1.45,1.45,High_Stable,50
C12051,L7,TypeB,25.76,1.22,8.02,9.02,10.02,11.02,0.8,0.9,1.0,1.1,Normal,50
C12052,L7,TypeA,33.08,1.3,11.81,12.81,13.81,14.81,1.18,1.28,1.38,1.48,Normal,50
C12053,L7,TypeA,27.65,1.14,10.99,11.99,30.99,32.99,1.1,1.2,3.1,3.3,Sudden_Anomaly,50
C12054,L7,TypeA,27.17,1.13,10.23,11.23,12.23,13.23,1.02,1.12,1.22,1.32,Normal,50
C12055,L7,TypeB,34.41,1.25,8.57,8.57,8.57,8.57,0.86,0.86,0.86,0.86,High_Stable,50
C12056,L7,TypeA,27.16,1.1,10.43,12.43,15.43,20.43,1.04,1.24,1.54,2.04,Latent_Defect,50
C12057,L7,TypeA,32.06,1.17,9.59,11.59,14.59,19.59,0.96,1.16,1.46,1.96,Latent_Defect,50
C12058,L7,TypeA,33.1,1.12,13.79,14.79,15.79,16.79,1.38,1.48,1.58,1.68,Normal,50
C12059,L7,TypeA,34.76,1.19,12.92,14.92,17.92,22.92,1.29,1.49,1.79,2.29,Latent_Defect,50
C12060,L7,TypeC,29.67,1.12,8.73,10.73,13.73,18.73,0.87,1.07,1.37,1.87,Latent_Defect,50
C12061,L7,TypeA,30.67,1.25,11.66,13.66,16.66,21.66,1.17,1.37,1.67,2.17,Latent_Defect,50
C12062,L7,TypeC,33.62,1.25,9.22,10.22,11.22,60.0,0.92,1.02,1.12,6.0,Absolute_Failure,50
C12063,L7,TypeA,31.08,1.18,8.73,10.73,13.73,18.73,0.87,1.07,1.37,1.87,Latent_Defect,50
C12064,L7,TypeC,30.91,1.17,8.21,9.21,10.21,60.0,0.82,0.92,1.02,6.0,Absolute_Failure,50
C12065,L7,TypeB,31.85,1.04,8.32,9.32,28.32,30.32,0.83,0.93,2.83,3.03,Sudden_Anomaly,50
C12066,L7,TypeA,34.12,1.14,8.07,9.07,28.07,30.07,0.81,0.91,2.81,3.01,Sudden_Anomaly,50
C12067,L7,TypeC,33.9,1.13,14.15,15.15,16.15,60.0,1.41,1.51,1.61,6.0,Absolute_Failure,50
C12068,L7,TypeA,26.2,1.22,8.47,10.47,13.47,18.47,0.85,1.05,1.35,1.85,Latent_Defect,50
C12069,L7,TypeA,34.04,1.03,9.71,9.71,9.71,9.71,0.97,0.97,0.97,0.97,High_Stable,50
C12070,L7,TypeA,29.26,1.02,11.44,13.44,16.44,21.44,1.14,1.34,1.64,2.14,Latent_Defect,50
C12071,L7,TypeA,33.18,1.23,13.13,14.13,15.13,16.13,1.31,1.41,1.51,1.61,Normal,50
C12072,L7,TypeC,29.44,1.12,8.96,9.96,10.96,11.96,0.9,1.0,1.1,1.2,Normal,50
C12073,L7,TypeB,27.28,1.04,9.04,11.04,14.04,19.04,0.9,1.1,1.4,1.9,Latent_Defect,50
C12074,L7,TypeC,31.05,1.06,12.44,13.44,14.44,15.44,1.24,1.34,1.44,1.54,Normal,50
C12075,L7,TypeB,25.78,1.25,11.92,11.92,11.92,11.92,1.19,1.19,1.19,1.19,High_Stable,50
C12076,L7,TypeC,28.55,1.09,10.07,10.07,10.07,10.07,1.01,1.01,1.01,1.01,High_Stable,50
C12077,L7,TypeA,25.61,1.21,8.8,10.8,13.8,18.8,0.88,1.08,1.38,1.88,Latent_Defect,50
C12078,L7,TypeA,26.97,1.05,12.59,13.59,14.59,15.59,1.26,1.36,1.46,1.56,Normal,50
C12079,L7,TypeC,34.32,1.04,10.89,10.89,10.89,10.89,1.09,1.09,1.09,1.09,High_Stable,50
C12080,L7,TypeC,32.34,1.03,8.55,8.55,8.55,8.55,0.85,0.85,0.85,0.85,High_Stable,50
C12081,L7,TypeA,28.66,1.23,8.36,8.36,8.36,8.36,0.84,0.84,0.84,0.84,High_Stable,50
C12082,L7,TypeB,34.04,1.03,10.97,11.97,12.97,60.0,1.1,1.2,1.3,6.0,Absolute_Failure,50
C12083,L7,TypeC,30.75,1.21,13.21,14.21,15.21,16.21,1.32,1.42,1.52,1.62,Normal,50
C12084,L7,TypeC,28.47,1.24,8.39,10.39,13.39,18.39,0.84,1.04,1.34,1.84,Latent_Defect,50
C12085,L7,TypeC,30.07,1.14,8.37,10.37,13.37,18.37,0.84,1.04,1.34,1.84,Latent_Defect,50
C12086,L7,TypeB,32.7,1.09,10.52,11.52,12.52,13.52,1.05,1.15,1.25,1.35,Normal,50
C12087,L7,TypeB,31.46,1.18,12.92,13.92,14.92,15.92,1.29,1.39,1.49,1.59,Normal,50
C12088,L7,TypeA,30.77,1.15,10.85,10.85,10.85,10.85,1.08,1.08,1.08,1.08,High_Stable,50
C12089,L7,TypeA,27.99,1.05,9.6,9.6,9.6,9.6,0.96,0.96,0.96,0.96,High_Stable,50
C12090,L7,TypeC,30.24,1.11,10.98,11.98,12.98,13.98,1.1,1.2,1.3,1.4,Normal,50
C12091,L7,TypeA,28.1,1.28,9.85,10.85,11.85,12.85,0.99,1.09,1.19,1.29,Normal,50
C12092,L7,TypeB,25.11,1.18,13.58,13.58,13.58,13.58,1.36,1.36,1.36,1.36,High_Stable,50
C12093,L7,TypeA,32.66,1.09,13.33,15.33,18.33,23.33,1.33,1.53,1.83,2.33,Latent_Defect,50
C12094,L7,TypeB,32.93,1.23,14.84,14.84,14.84,14.84,1.48,1.48,1.48,1.48,High_Stable,50
C12095,L7,TypeA,34.22,1.23,13.83,14.83,15.83,16.83,1.38,1.48,1.58,1.68,Normal,50
C12096,L7,TypeA,29.88,1.08,13.52,14.52,15.52,60.0,1.35,1.45,1.55,6.0,Absolute_Failure,50
C12097,L7,TypeB,29.55,1.04,11.71,12.71,13.71,14.71,1.17,1.27,1.37,1.47,Normal,50
C12098,L7,TypeB,33.62,1.14,9.69,10.69,29.69,31.69,0.97,1.07,2.97,3.17,Sudden_Anomaly,50
C12099,L7,TypeB,33.17,1.11,10.49,11.49,12.49,13.49,1.05,1.15,1.25,1.35,Normal,50
C12100,L7,TypeC,28.83,1.28,13.12,13.12,13.12,13.12,1.31,1.31,1.31,1.31,High_Stable,50
C12101,L7,TypeC,31.13,1.22,9.88,10.88,29.88,31.88,0.99,1.09,2.99,3.19,Sudden_Anomaly,50
C12102,L7,TypeB,33.9,1.24,8.15,9.15,10.15,60.0,0.82,0.92,1.02,6.0,Absolute_Failure,50
C12103,L7,TypeB,32.1,1.27,9.07,9.07,9.07,9.07,0.91,0.91,0.91,0.91,High_Stable,50
C12104,L7,TypeB,33.96,1.06,12.13,13.13,32.13,34.13,1.21,1.31,3.21,3.41,Sudden_Anomaly,50
C12105,L7,TypeA,30.72,1.22,10.52,12.52,15.52,20.52,1.05,1.25,1.55,2.05,Latent_Defect,50
C12106,L7,TypeA,29.84,1.25,8.26,9.26,10.26,11.26,0.83,0.93,1.03,1.13,Normal,50
C12107,L7,TypeB,32.08,1.08,11.38,13.38,16.38,21.38,1.14,1.34,1.64,2.14,Latent_Defect,50
C12108,L7,TypeA,27.44,1.18,9.38,11.38,14.38,19.38,0.94,1.14,1.44,1.94,Latent_Defect,50
C12109,L7,TypeB,31.89,1.23,12.46,12.46,12.46,12.46,1.25,1.25,1.25,1.25,High_Stable,50
C12110,L7,TypeC,30.22,1.22,10.97,11.97,12.97,13.97,1.1,1.2,1.3,1.4,Normal,50
C12111,L7,TypeB,29.14,1.05,10.39,11.39,12.39,13.39,1.04,1.14,1.24,1.34,Normal,50
C12112,L7,TypeA,33.97,1.07,14.78,15.78,34.78,36.78,1.48,1.58,3.48,3.68,Sudden_Anomaly,50
C12113,L7,TypeC,31.67,1.11,13.02,14.02,33.02,35.02,1.3,1.4,3.3,3.5,Sudden_Anomaly,50
C12114,L7,TypeA,26.52,1.02,10.3,12.3,15.3,20.3,1.03,1.23,1.53,2.03,Latent_Defect,50
C12115,L7,TypeA,34.12,1.06,8.8,8.8,8.8,8.8,0.88,0.88,0.88,0.88,High_Stable,50
C12116,L7,TypeA,26.82,1.02,14.69,16.69,19.69,24.69,1.47,1.67,1.97,2.47,Latent_Defect,50
C12117,L7,TypeB,28.38,1.05,12.41,14.41,17.41,22.41,1.24,1.44,1.74,2.24,Latent_Defect,50
C12118,L7,TypeA,34.96,1.16,11.72,12.72,13.72,60.0,1.17,1.27,1.37,6.0,Absolute_Failure,50
C12119,L7,TypeA,33.46,1.27,10.1,11.1,12.1,60.0,1.01,1.11,1.21,6.0,Absolute_Failure,50
C12120,L7,TypeC,26.2,1.3,11.82,12.82,31.82,33.82,1.18,1.28,3.18,3.38,Sudden_Anomaly,50
C12121,L7,TypeC,33.18,1.04,14.24,16.24,19.24,24.24,1.42,1.62,1.92,2.42,Latent_Defect,50
C12122,L7,TypeB,30.16,1.01,10.78,11.78,12.78,13.78,1.08,1.18,1.28,1.38,Normal,50
C12123,L7,TypeA,29.85,1.15,14.23,15.23,16.23,60.0,1.42,1.52,1.62,6.0,Absolute_Failure,50
C12124,L7,TypeC,32.46,1.05,10.02,11.02,30.02,32.02,1.0,1.1,3.0,3.2,Sudden_Anomaly,50
C12125,L7,TypeB,34.34,1.15,14.02,15.02,16.02,17.02,1.4,1.5,1.6,1.7,Normal,50
C12126,L7,TypeB,25.49,1.15,12.16,12.16,12.16,12.16,1.22,1.22,1.22,1.22,High_Stable,50
C12127,L7,TypeA,32.99,1.2,8.87,8.87,8.87,8.87,0.89,0.89,0.89,0.89,High_Stable,50
C12128,L7,TypeB,28.34,1.19,12.79,13.79,32.79,34.79,1.28,1.38,3.28,3.48,Sudden_Anomaly,50
C12129,L7,TypeA,32.59,1.15,14.99,15.99,16.99,17.99,1.5,1.6,1.7,1.8,Normal,50
C12130,L7,TypeC,33.39,1.05,8.64,9.64,10.64,60.0,0.86,0.96,1.06,6.0,Absolute_Failure,50
C12131,L7,TypeC,29.71,1.02,10.93,11.93,30.93,32.93,1.09,1.19,3.09,3.29,Sudden_Anomaly,50
C12132,L7,TypeB,28.57,1.07,14.39,15.39,16.39,17.39,1.44,1.54,1.64,1.74,Normal,50
C12133,L7,TypeB,34.74,1.19,9.86,10.86,11.86,60.0,0.99,1.09,1.19,6.0,Absolute_Failure,50
C12134,L7,TypeC,32.13,1.17,10.67,11.67,12.67,60.0,1.07,1.17,1.27,6.0,Absolute_Failure,50
C12135,L7,TypeC,27.22,1.1,12.58,13.58,14.58,60.0,1.26,1.36,1.46,6.0,Absolute_Failure,50
C12136,L7,TypeC,34.98,1.19,12.54,12.54,12.54,12.54,1.25,1.25,1.25,1.25,High_Stable,50
C12137,L7,TypeA,30.12,1.19,14.95,15.95,16.95,60.0,1.49,1.59,1.69,6.0,Absolute_Failure,50
C12138,L7,TypeA,30.53,1.18,9.93,11.93,14.93,19.93,0.99,1.19,1.49,1.99,Latent_Defect,50
C12139,L7,TypeB,28.28,1.04,14.43,15.43,16.43,60.0,1.44,1.54,1.64,6.0,Absolute_Failure,50
C12140,L7,TypeB,29.22,1.21,14.27,16.27,19.27,24.27,1.43,1.63,1.93,2.43,Latent_Defect,50
C12141,L7,TypeC,27.14,1.05,12.49,13.49,14.49,15.49,1.25,1.35,1.45,1.55,Normal,50
C12142,L7,TypeA,30.48,1.21,12.95,12.95,12.95,12.95,1.29,1.29,1.29,1.29,High_Stable,50
C12143,L7,TypeB,26.72,1.23,10.84,11.84,30.84,32.84,1.08,1.18,3.08,3.28,Sudden_Anomaly,50
C12144,L7,TypeC,26.46,1.24,13.62,15.62,18.62,23.62,1.36,1.56,1.86,2.36,Latent_Defect,50
C12145,L7,TypeC,33.68,1.03,11.11,12.11,31.11,33.11,1.11,1.21,3.11,3.31,Sudden_Anomaly,50
C12146,L7,TypeC,32.17,1.24,9.08,10.08,11.08,12.08,0.91,1.01,1.11,1.21,Normal,50
C12147,L7,TypeB,28.69,1.18,14.4,14.4,14.4,14.4,1.44,1.44,1.44,1.44,High_Stable,50
C12148,L7,TypeA,27.86,1.17,9.33,9.33,9.33,9.33,0.93,0.93,0.93,0.93,High_Stable,50
C12149,L7,TypeC,30.67,1.21,8.91,8.91,8.91,8.91,0.89,0.89,0.89,0.89,High_Stable,50
C12150,L7,TypeC,26.77,1.29,11.36,13.36,16.36,21.36,1.14,1.34,1.64,2.14,Latent_Defect,50
C12151,L7,TypeC,28.16,1.07,9.04,10.04,29.04,31.04,0.9,1.0,2.9,3.1,Sudden_Anomaly,50
C12152,L7,TypeC,27.29,1.02,14.04,15.04,16.04,60.0,1.4,1.5,1.6,6.0,Absolute_Failure,50
C12153,L7,TypeA,31.36,1.05,12.65,12.65,12.65,12.65,1.27,1.27,1.27,1.27,High_Stable,50
C12154,L7,TypeA,30.57,1.26,12.12,13.12,14.12,60.0,1.21,1.31,1.41,6.0,Absolute_Failure,50
C12155,L7,TypeB,28.56,1.09,13.06,13.06,13.06,13.06,1.31,1.31,1.31,1.31,High_Stable,50
C12156,L7,TypeC,26.58,1.14,10.06,11.06,12.06,13.06,1.01,1.11,1.21,1.31,Normal,50
C12157,L7,TypeB,31.26,1.08,9.89,10.89,11.89,60.0,0.99,1.09,1.19,6.0,Absolute_Failure,50
C12158,L7,TypeB,31.41,1.1,13.64,15.64,18.64,23.64,1.36,1.56,1.86,2.36,Latent_Defect,50
C12159,L7,TypeB,29.98,1.15,8.21,9.21,28.21,30.21,0.82,0.92,2.82,3.02,Sudden_Anomaly,50
C12160,L7,TypeB,25.35,1.04,10.81,11.81,12.81,13.81,1.08,1.18,1.28,1.38,Normal,50
C12161,L7,TypeB,33.58,1.11,14.82,15.82,16.82,17.82,1.48,1.58,1.68,1.78,Normal,50
C12162,L7,TypeB,29.27,1.23,11.13,12.13,31.13,33.13,1.11,1.21,3.11,3.31,Sudden_Anomaly,50
C12163,L7,TypeC,29.16,1.2,13.22,15.22,18.22,23.22,1.32,1.52,1.82,2.32,Latent_Defect,50
C12164,L7,TypeB,26.66,1.02,10.17,12.17,15.17,20.17,1.02,1.22,1.52,2.02,Latent_Defect,50
C12165,L7,TypeC,28.18,1.14,9.29,9.29,9.29,9.29,0.93,0.93,0.93,0.93,High_Stable,50
C12166,L7,TypeB,32.59,1.15,12.36,13.36,14.36,60.0,1.24,1.34,1.44,6.0,Absolute_Failure,50
C12167,L7,TypeB,31.69,1.05,10.22,12.22,15.22,20.22,1.02,1.22,1.52,2.02,Latent_Defect,50
C12168,L7,TypeC,27.83,1.14,14.53,15.53,34.53,36.53,1.45,1.55,3.45,3.65,Sudden_Anomaly,50
C12169,L7,TypeA,25.71,1.13,11.09,12.09,13.09,60.0,1.11,1.21,1.31,6.0,Absolute_Failure,50
C12170,L7,TypeA,29.22,1.17,9.52,9.52,9.52,9.52,0.95,0.95,0.95,0.95,High_Stable,50
C12171,L7,TypeC,25.47,1.29,13.38,14.38,33.38,35.38,1.34,1.44,3.34,3.54,Sudden_Anomaly,50
C12172,L7,TypeB,27.06,1.15,11.59,12.59,13.59,14.59,1.16,1.26,1.36,1.46,Normal,50
C12173,L7,TypeA,34.53,1.01,8.96,8.96,8.96,8.96,0.9,0.9,0.9,0.9,High_Stable,50
C12174,L7,TypeA,33.71,1.17,12.21,13.21,32.21,34.21,1.22,1.32,3.22,3.42,Sudden_Anomaly,50
C12175,L7,TypeA,32.47,1.06,9.7,11.7,14.7,19.7,0.97,1.17,1.47,1.97,Latent_Defect,50
C12176,L7,TypeA,30.67,1.28,9.07,10.07,11.07,12.07,0.91,1.01,1.11,1.21,Normal,50
C12177,L7,TypeB,28.44,1.19,9.53,10.53,11.53,12.53,0.95,1.05,1.15,1.25,Normal,50
C12178,L7,TypeA,28.46,1.27,8.1,10.1,13.1,18.1,0.81,1.01,1.31,1.81,Latent_Defect,50
C12179,L7,TypeB,32.84,1.04,10.79,11.79,12.79,13.79,1.08,1.18,1.28,1.38,Normal,50
C12180,L7,TypeB,29.53,1.19,12.01,13.01,14.01,60.0,1.2,1.3,1.4,6.0,Absolute_Failure,50
C12181,L7,TypeC,25.82,1.0,12.54,13.54,14.54,15.54,1.25,1.35,1.45,1.55,Normal,50
C12182,L7,TypeA,33.65,1.04,9.51,10.51,11.51,12.51,0.95,1.05,1.15,1.25,Normal,50
C12183,L7,TypeB,28.29,1.2,10.98,10.98,10.98,10.98,1.1,1.1,1.1,1.1,High_Stable,50
C12184,L7,TypeA,25.86,1.08,9.81,10.81,11.81,60.0,0.98,1.08,1.18,6.0,Absolute_Failure,50
C12185,L7,TypeC,30.72,1.1,9.32,10.32,29.32,31.32,0.93,1.03,2.93,3.13,Sudden_Anomaly,50
C12186,L7,TypeC,26.13,1.09,10.41,12.41,15.41,20.41,1.04,1.24,1.54,2.04,Latent_Defect,50
C12187,L7,TypeA,30.41,1.0,13.6,13.6,13.6,13.6,1.36,1.36,1.36,1.36,High_Stable,50
C12188,L7,TypeB,29.21,1.0,10.25,11.25,30.25,32.25,1.02,1.12,3.02,3.22,Sudden_Anomaly,50
C12189,L7,TypeB,28.5,1.18,10.71,12.71,15.71,20.71,1.07,1.27,1.57,2.07,Latent_Defect,50
C12190,L7,TypeA,33.1,1.1,13.78,14.78,15.78,16.78,1.38,1.48,1.58,1.68,Normal,50
C12191,L7,TypeB,34.42,1.29,10.12,11.12,30.12,32.12,1.01,1.11,3.01,3.21,Sudden_Anomaly,50
C12192,L7,TypeC,28.2,1.28,12.79,13.79,14.79,60.0,1.28,1.38,1.48,6.0,Absolute_Failure,50
C12193,L7,TypeA,32.33,1.28,12.49,14.49,17.49,22.49,1.25,1.45,1.75,2.25,Latent_Defect,50
C12194,L7,TypeA,28.98,1.0,9.71,9.71,9.71,9.71,0.97,0.97,0.97,0.97,High_Stable,50
C12195,L7,TypeA,32.09,1.06,13.01,14.01,15.01,60.0,1.3,1.4,1.5,6.0,Absolute_Failure,50
C12196,L7,TypeA,26.5,1.26,11.15,12.15,13.15,60.0,1.11,1.21,1.31,6.0,Absolute_Failure,50
C12197,L7,TypeC,31.26,1.2,14.75,15.75,16.75,60.0,1.48,1.58,1.68,6.0,Absolute_Failure,50
C12198,L7,TypeA,32.09,1.2,8.37,9.37,10.37,60.0,0.84,0.94,1.04,6.0,Absolute_Failure,50
C12199,L7,TypeB,28.05,1.19,12.8,14.8,17.8,22.8,1.28,1.48,1.78,2.28,Latent_Defect,50
C12200,L7,TypeB,27.34,1.03,13.29,14.29,33.29,35.29,1.33,1.43,3.33,3.53,Sudden_Anomaly,50
C12201,L7,TypeB,29.07,1.27,10.52,11.52,12.52,13.52,1.05,1.15,1.25,1.35,Normal,50
C12202,L7,TypeC,31.93,1.18,8.22,9.22,28.22,30.22,0.82,0.92,2.82,3.02,Sudden_Anomaly,50
C12203,L7,TypeA,30.87,1.17,9.05,10.05,29.05,31.05,0.9,1.0,2.9,3.1,Sudden_Anomaly,50
C12204,L7,TypeA,32.39,1.28,12.97,12.97,12.97,12.97,1.3,1.3,1.3,1.3,High_Stable,50
C12205,L7,TypeB,27.3,1.19,13.35,15.35,18.35,23.35,1.34,1.54,1.84,2.34,Latent_Defect,50
C12206,L7,TypeA,26.2,1.01,8.37,9.37,10.37,60.0,0.84,0.94,1.04,6.0,Absolute_Failure,50
C12207,L7,TypeB,28.55,1.06,10.82,11.82,12.82,13.82,1.08,1.18,1.28,1.38,Normal,50
C12208,L7,TypeB,31.04,1.13,8.24,8.24,8.24,8.24,0.82,0.82,0.82,0.82,High_Stable,50
C12209,L7,TypeB,28.23,1.15,12.5,14.5,17.5,22.5,1.25,1.45,1.75,2.25,Latent_Defect,50
C12210,L7,TypeA,29.48,1.26,11.86,11.86,11.86,11.86,1.19,1.19,1.19,1.19,High_Stable,50
C12211,L7,TypeC,30.07,1.02,10.16,12.16,15.16,20.16,1.02,1.22,1.52,2.02,Latent_Defect,50
C12212,L7,TypeB,30.51,1.05,8.52,9.52,28.52,30.52,0.85,0.95,2.85,3.05,Sudden_Anomaly,50
C12213,L7,TypeC,27.75,1.18,9.42,10.42,11.42,60.0,0.94,1.04,1.14,6.0,Absolute_Failure,50
C12214,L7,TypeA,34.07,1.25,12.34,13.34,14.34,15.34,1.23,1.33,1.43,1.53,Normal,50
C12215,L7,TypeC,33.77,1.27,14.96,14.96,14.96,14.96,1.5,1.5,1.5,1.5,High_Stable,50
C12216,L7,TypeA,27.67,1.26,8.01,10.01,13.01,18.01,0.8,1.0,1.3,1.8,Latent_Defect,50
C12217,L7,TypeB,32.55,1.11,13.81,14.81,33.81,35.81,1.38,1.48,3.38,3.58,Sudden_Anomaly,50
C12218,L7,TypeB,26.04,1.04,12.14,13.14,14.14,15.14,1.21,1.31,1.41,1.51,Normal,50
C12219,L7,TypeB,25.93,1.04,12.61,13.61,14.61,15.61,1.26,1.36,1.46,1.56,Normal,50
C12220,L7,TypeC,26.31,1.25,11.98,12.98,13.98,14.98,1.2,1.3,1.4,1.5,Normal,50
C12221,L7,TypeA,32.76,1.12,10.19,11.19,12.19,60.0,1.02,1.12,1.22,6.0,Absolute_Failure,50
C12222,L7,TypeC,30.06,1.22,8.49,10.49,13.49,18.49,0.85,1.05,1.35,1.85,Latent_Defect,50
C12223,L7,TypeB,25.56,1.19,9.56,10.56,29.56,31.56,0.96,1.06,2.96,3.16,Sudden_Anomaly,50
C12224,L7,TypeA,28.24,1.3,14.72,14.72,14.72,14.72,1.47,1.47,1.47,1.47,High_Stable,50
C12225,L7,TypeB,32.65,1.03,9.64,9.64,9.64,9.64,0.96,0.96,0.96,0.96,High_Stable,50
C12226,L7,TypeC,26.68,1.19,10.51,12.51,15.51,20.51,1.05,1.25,1.55,2.05,Latent_Defect,50
C12227,L7,TypeC,33.4,1.18,14.91,15.91,16.91,60.0,1.49,1.59,1.69,6.0,Absolute_Failure,50
C12228,L7,TypeC,27.84,1.0,11.14,11.14,11.14,11.14,1.11,1.11,1.11,1.11,High_Stable,50
C12229,L7,TypeC,25.45,1.01,10.66,11.66,12.66,60.0,1.07,1.17,1.27,6.0,Absolute_Failure,50
C12230,L7,TypeC,29.2,1.0,11.17,11.17,11.17,11.17,1.12,1.12,1.12,1.12,High_Stable,50
C12231,L7,TypeB,30.07,1.2,12.65,13.65,32.65,34.65,1.27,1.37,3.27,3.47,Sudden_Anomaly,50
C12232,L7,TypeC,26.42,1.2,12.15,13.15,14.15,15.15,1.22,1.32,1.42,1.52,Normal,50
C12233,L7,TypeB,27.95,1.05,9.51,10.51,11.51,12.51,0.95,1.05,1.15,1.25,Normal,50
C12234,L7,TypeC,33.87,1.12,8.59,9.59,10.59,11.59,0.86,0.96,1.06,1.16,Normal,50
C12235,L7,TypeA,31.5,1.02,14.15,15.15,16.15,17.15,1.42,1.52,1.62,1.72,Normal,50
C12236,L7,TypeC,30.76,1.18,8.12,9.12,28.12,30.12,0.81,0.91,2.81,3.01,Sudden_Anomaly,50
C12237,L7,TypeB,33.87,1.15,9.04,9.04,9.04,9.04,0.9,0.9,0.9,0.9,High_Stable,50
C12238,L7,TypeA,30.21,1.18,11.61,11.61,11.61,11.61,1.16,1.16,1.16,1.16,High_Stable,50
C12239,L7,TypeA,26.21,1.23,8.71,9.71,28.71,30.71,0.87,0.97,2.87,3.07,Sudden_Anomaly,50
C12240,L7,TypeA,29.09,1.26,13.33,14.33,15.33,60.0,1.33,1.43,1.53,6.0,Absolute_Failure,50
C12241,L7,TypeB,29.65,1.26,10.32,10.32,10.32,10.32,1.03,1.03,1.03,1.03,High_Stable,50
C12242,L7,TypeC,26.72,1.13,11.9,11.9,11.9,11.9,1.19,1.19,1.19,1.19,High_Stable,50
C12243,L7,TypeA,26.36,1.14,11.03,12.03,31.03,33.03,1.1,1.2,3.1,3.3,Sudden_Anomaly,50
C12244,L7,TypeC,31.65,1.03,9.91,9.91,9.91,9.91,0.99,0.99,0.99,0.99,High_Stable,50
C12245,L7,TypeA,28.26,1.25,12.78,13.78,14.78,15.78,1.28,1.38,1.48,1.58,Normal,50
C12246,L7,TypeC,34.55,1.29,14.5,16.5,19.5,24.5,1.45,1.65,1.95,2.45,Latent_Defect,50
C12247,L7,TypeC,34.34,1.27,10.35,11.35,30.35,32.35,1.04,1.14,3.04,3.24,Sudden_Anomaly,50
C12248,L7,TypeC,28.11,1.0,9.98,9.98,9.98,9.98,1.0,1.0,1.0,1.0,High_Stable,50
C12249,L7,TypeC,30.12,1.02,10.77,10.77,10.77,10.77,1.08,1.08,1.08,1.08,High_Stable,50
C12250,L7,TypeC,29.1,1.12,11.64,12.64,31.64,33.64,1.16,1.26,3.16,3.36,Sudden_Anomaly,50
C12251,L7,TypeC,28.21,1.14,9.98,10.98,29.98,31.98,1.0,1.1,3.0,3.2,Sudden_Anomaly,50
C12252,L7,TypeA,32.14,1.1,8.55,9.55,28.55,30.55,0.86,0.96,2.86,3.06,Sudden_Anomaly,50
C12253,L7,TypeA,27.35,1.03,10.0,11.0,12.0,60.0,1.0,1.1,1.2,6.0,Absolute_Failure,50
C12254,L7,TypeB,31.48,1.12,8.24,10.24,13.24,18.24,0.82,1.02,1.32,1.82,Latent_Defect,50
C12255,L7,TypeA,34.53,1.13,14.46,16.46,19.46,24.46,1.45,1.65,1.95,2.45,Latent_Defect,50
C12256,L7,TypeC,33.94,1.05,13.56,14.56,15.56,60.0,1.36,1.46,1.56,6.0,Absolute_Failure,50
C12257,L7,TypeA,30.07,1.28,14.61,15.61,34.61,36.61,1.46,1.56,3.46,3.66,Sudden_Anomaly,50
C12258,L7,TypeB,27.48,1.15,8.48,9.48,10.48,11.48,0.85,0.95,1.05,1.15,Normal,50
C12259,L7,TypeB,29.98,1.08,8.87,9.87,10.87,11.87,0.89,0.99,1.09,1.19,Normal,50
C12260,L7,TypeC,27.88,1.03,14.68,15.68,34.68,36.68,1.47,1.57,3.47,3.67,Sudden_Anomaly,50
C12261,L7,TypeA,34.28,1.12,11.96,12.96,13.96,60.0,1.2,1.3,1.4,6.0,Absolute_Failure,50
C12262,L7,TypeB,31.88,1.09,11.93,12.93,13.93,60.0,1.19,1.29,1.39,6.0,Absolute_Failure,50
C12263,L7,TypeA,26.36,1.19,11.36,12.36,31.36,33.36,1.14,1.24,3.14,3.34,Sudden_Anomaly,50
C12264,L7,TypeA,26.12,1.03,12.89,14.89,17.89,22.89,1.29,1.49,1.79,2.29,Latent_Defect,50
C12265,L7,TypeC,25.38,1.12,14.9,15.9,16.9,60.0,1.49,1.59,1.69,6.0,Absolute_Failure,50
C12266,L7,TypeB,26.97,1.25,14.45,15.45,34.45,36.45,1.44,1.54,3.44,3.64,Sudden_Anomaly,50
C12267,L7,TypeB,25.15,1.02,8.6,8.6,8.6,8.6,0.86,0.86,0.86,0.86,High_Stable,50
C12268,L7,TypeA,31.66,1.25,9.71,10.71,29.71,31.71,0.97,1.07,2.97,3.17,Sudden_Anomaly,50
C12269,L7,TypeA,28.6,1.23,10.52,11.52,12.52,13.52,1.05,1.15,1.25,1.35,Normal,50
C12270,L7,TypeB,25.7,1.14,11.61,12.61,31.61,33.61,1.16,1.26,3.16,3.36,Sudden_Anomaly,50
C12271,L7,TypeC,29.56,1.11,8.85,9.85,10.85,11.85,0.88,0.98,1.08,1.18,Normal,50
C12272,L7,TypeB,27.58,1.25,9.29,10.29,11.29,60.0,0.93,1.03,1.13,6.0,Absolute_Failure,50
C12273,L7,TypeB,29.32,1.03,13.65,13.65,13.65,13.65,1.37,1.37,1.37,1.37,High_Stable,50
C12274,L7,TypeB,31.13,1.3,13.01,13.01,13.01,13.01,1.3,1.3,1.3,1.3,High_Stable,50
C12275,L7,TypeB,34.32,1.1,10.69,11.69,12.69,13.69,1.07,1.17,1.27,1.37,Normal,50
C12276,L7,TypeC,25.23,1.01,12.5,12.5,12.5,12.5,1.25,1.25,1.25,1.25,High_Stable,50
C12277,L7,TypeB,29.9,1.2,8.94,9.94,10.94,60.0,0.89,0.99,1.09,6.0,Absolute_Failure,50
C12278,L7,TypeC,29.0,1.29,12.67,12.67,12.67,12.67,1.27,1.27,1.27,1.27,High_Stable,50
C12279,L7,TypeA,33.85,1.12,9.85,10.85,11.85,12.85,0.98,1.08,1.18,1.28,Normal,50
C12280,L7,TypeA,30.38,1.18,13.15,15.15,18.15,23.15,1.32,1.52,1.82,2.32,Latent_Defect,50
C12281,L7,TypeB,28.06,1.25,11.99,12.99,13.99,14.99,1.2,1.3,1.4,1.5,Normal,50
C12282,L7,TypeC,34.1,1.19,13.01,14.01,15.01,16.01,1.3,1.4,1.5,1.6,Normal,50
C12283,L7,TypeA,26.69,1.07,10.32,12.32,15.32,20.32,1.03,1.23,1.53,2.03,Latent_Defect,50
C12284,L7,TypeB,32.91,1.17,9.68,9.68,9.68,9.68,0.97,0.97,0.97,0.97,High_Stable,50
C12285,L7,TypeC,30.87,1.18,12.71,13.71,14.71,15.71,1.27,1.37,1.47,1.57,Normal,50
C12286,L7,TypeB,28.47,1.2,11.4,12.4,13.4,14.4,1.14,1.24,1.34,1.44,Normal,50
C12287,L7,TypeA,33.82,1.29,11.36,12.36,13.36,60.0,1.14,1.24,1.34,6.0,Absolute_Failure,50
C12288,L7,TypeB,30.69,1.18,13.62,15.62,18.62,23.62,1.36,1.56,1.86,2.36,Latent_Defect,50
C12289,L7,TypeC,34.2,1.01,14.18,15.18,34.18,36.18,1.42,1.52,3.42,3.62,Sudden_Anomaly,50
C12290,L7,TypeC,34.83,1.25,9.93,10.93,29.93,31.93,0.99,1.09,2.99,3.19,Sudden_Anomaly,50
C12291,L7,TypeB,32.96,1.13,13.04,14.04,15.04,16.04,1.3,1.4,1.5,1.6,Normal,50
C12292,L7,TypeA,30.55,1.22,10.11,11.11,30.11,32.11,1.01,1.11,3.01,3.21,Sudden_Anomaly,50
C12293,L7,TypeC,26.26,1.25,9.04,10.04,29.04,31.04,0.9,1.0,2.9,3.1,Sudden_Anomaly,50
C12294,L7,TypeA,31.75,1.11,10.93,11.93,30.93,32.93,1.09,1.19,3.09,3.29,Sudden_Anomaly,50
C12295,L7,TypeC,32.72,1.19,8.86,10.86,13.86,18.86,0.89,1.09,1.39,1.89,Latent_Defect,50
C12296,L7,TypeA,31.01,1.07,13.72,14.72,33.72,35.72,1.37,1.47,3.37,3.57,Sudden_Anomaly,50
C12297,L7,TypeB,33.87,1.01,14.73,14.73,14.73,14.73,1.47,1.47,1.47,1.47,High_Stable,50
C12298,L7,TypeB,32.23,1.16,12.17,13.17,32.17,34.17,1.22,1.32,3.22,3.42,Sudden_Anomaly,50
C12299,L7,TypeB,31.51,1.2,14.72,15.72,34.72,36.72,1.47,1.57,3.47,3.67,Sudden_Anomaly,50
C12300,L7,TypeA,26.31,1.16,12.2,13.2,14.2,15.2,1.22,1.32,1.42,1.52,Normal,50
C12301,L7,TypeA,32.99,1.29,12.58,14.58,17.58,22.58,1.26,1.46,1.76,2.26,Latent_Defect,50
C12302,L7,TypeA,34.75,1.12,12.98,12.98,12.98,12.98,1.3,1.3,1.3,1.3,High_Stable,50
C12303,L7,TypeB,33.89,1.15,11.79,12.79,13.79,14.79,1.18,1.28,1.38,1.48,Normal,50
C12304,L7,TypeA,29.23,1.17,8.97,8.97,8.97,8.97,0.9,0.9,0.9,0.9,High_Stable,50
C12305,L7,TypeB,32.86,1.26,9.36,11.36,14.36,19.36,0.94,1.14,1.44,1.94,Latent_Defect,50
C12306,L7,TypeB,30.62,1.24,14.23,14.23,14.23,14.23,1.42,1.42,1.42,1.42,High_Stable,50
C12307,L7,TypeA,28.42,1.08,12.67,14.67,17.67,22.67,1.27,1.47,1.77,2.27,Latent_Defect,50
C12308,L7,TypeA,31.99,1.05,10.5,11.5,30.5,32.5,1.05,1.15,3.05,3.25,Sudden_Anomaly,50
C12309,L7,TypeC,31.5,1.11,9.51,10.51,11.51,12.51,0.95,1.05,1.15,1.25,Normal,50
C12310,L7,TypeB,27.74,1.07,14.84,15.84,16.84,17.84,1.48,1.58,1.68,1.78,Normal,50
C12311,L7,TypeC,27.88,1.12,8.98,9.98,10.98,11.98,0.9,1.0,1.1,1.2,Normal,50
C12312,L7,TypeB,30.85,1.06,14.6,15.6,16.6,17.6,1.46,1.56,1.66,1.76,Normal,50
C12313,L7,TypeB,34.84,1.16,12.18,13.18,14.18,15.18,1.22,1.32,1.42,1.52,Normal,50
C12314,L7,TypeA,30.19,1.13,9.27,10.27,29.27,31.27,0.93,1.03,2.93,3.13,Sudden_Anomaly,50
C12315,L7,TypeB,34.71,1.13,9.95,9.95,9.95,9.95,1.0,1.0,1.0,1.0,High_Stable,50
C12316,L7,TypeB,27.19,1.09,13.77,15.77,18.77,23.77,1.38,1.58,1.88,2.38,Latent_Defect,50
C12317,L7,TypeA,28.83,1.08,14.53,15.53,34.53,36.53,1.45,1.55,3.45,3.65,Sudden_Anomaly,50
C12318,L7,TypeC,26.67,1.08,10.93,11.93,12.93,13.93,1.09,1.19,1.29,1.39,Normal,50
C12319,L7,TypeA,31.0,1.02,11.06,12.06,13.06,14.06,1.11,1.21,1.31,1.41,Normal,50
C12320,L7,TypeA,32.85,1.02,13.04,14.04,15.04,60.0,1.3,1.4,1.5,6.0,Absolute_Failure,50
C12321,L7,TypeB,28.09,1.03,12.5,13.5,14.5,15.5,1.25,1.35,1.45,1.55,Normal,50
C12322,L7,TypeA,28.3,1.03,14.32,14.32,14.32,14.32,1.43,1.43,1.43,1.43,High_Stable,50
C12323,L7,TypeA,33.25,1.21,13.52,14.52,15.52,16.52,1.35,1.45,1.55,1.65,Normal,50
C12324,L7,TypeB,28.82,1.16,9.73,11.73,14.73,19.73,0.97,1.17,1.47,1.97,Latent_Defect,50
C12325,L7,TypeB,27.96,1.18,11.75,12.75,13.75,14.75,1.18,1.28,1.38,1.48,Normal,50
C12326,L7,TypeB,34.12,1.25,12.64,13.64,14.64,15.64,1.26,1.36,1.46,1.56,Normal,50
C12327,L7,TypeB,25.54,1.0,14.67,14.67,14.67,14.67,1.47,1.47,1.47,1.47,High_Stable,50
C12328,L7,TypeB,28.19,1.25,11.89,11.89,11.89,11.89,1.19,1.19,1.19,1.19,High_Stable,50
C12329,L7,TypeC,32.64,1.22,10.1,11.1,30.1,32.1,1.01,1.11,3.01,3.21,Sudden_Anomaly,50
C12330,L7,TypeA,29.09,1.13,11.51,12.51,13.51,60.0,1.15,1.25,1.35,6.0,Absolute_Failure,50
C12331,L7,TypeA,31.54,1.3,13.72,14.72,33.72,35.72,1.37,1.47,3.37,3.57,Sudden_Anomaly,50
C12332,L7,TypeB,31.28,1.0,10.03,10.03,10.03,10.03,1.0,1.0,1.0,1.0,High_Stable,50
C12333,L7,TypeB,30.12,1.01,9.65,10.65,29.65,31.65,0.96,1.06,2.96,3.16,Sudden_Anomaly,50
C12334,L7,TypeB,28.49,1.06,13.07,15.07,18.07,23.07,1.31,1.51,1.81,2.31,Latent_Defect,50
C12335,L7,TypeB,28.13,1.21,10.26,11.26,12.26,60.0,1.03,1.13,1.23,6.0,Absolute_Failure,50
C12336,L7,TypeC,25.97,1.02,12.68,13.68,14.68,60.0,1.27,1.37,1.47,6.0,Absolute_Failure,50
C12337,L7,TypeA,27.07,1.13,9.18,9.18,9.18,9.18,0.92,0.92,0.92,0.92,High_Stable,50
C12338,L7,TypeB,25.83,1.04,10.13,11.13,12.13,60.0,1.01,1.11,1.21,6.0,Absolute_Failure,50
C12339,L7,TypeB,30.89,1.22,11.5,13.5,16.5,21.5,1.15,1.35,1.65,2.15,Latent_Defect,50
C12340,L7,TypeB,26.16,1.16,10.53,10.53,10.53,10.53,1.05,1.05,1.05,1.05,High_Stable,50
C12341,L7,TypeC,29.64,1.13,10.17,12.17,15.17,20.17,1.02,1.22,1.52,2.02,Latent_Defect,50
C12342,L7,TypeA,27.23,1.21,11.8,11.8,11.8,11.8,1.18,1.18,1.18,1.18,High_Stable,50
C12343,L7,TypeA,26.13,1.26,8.81,9.81,10.81,60.0,0.88,0.98,1.08,6.0,Absolute_Failure,50
C12344,L7,TypeA,32.81,1.06,11.7,12.7,13.7,60.0,1.17,1.27,1.37,6.0,Absolute_Failure,50
C12345,L7,TypeB,31.84,1.28,13.65,13.65,13.65,13.65,1.36,1.36,1.36,1.36,High_Stable,50
C12346,L7,TypeC,27.38,1.08,13.23,15.23,18.23,23.23,1.32,1.52,1.82,2.32,Latent_Defect,50
C12347,L7,TypeC,34.75,1.3,11.06,11.06,11.06,11.06,1.11,1.11,1.11,1.11,High_Stable,50
C12348,L7,TypeC,29.66,1.21,11.46,12.46,13.46,60.0,1.15,1.25,1.35,6.0,Absolute_Failure,50
C12349,L7,TypeC,25.56,1.22,12.19,13.19,14.19,60.0,1.22,1.32,1.42,6.0,Absolute_Failure,50
C12350,L7,TypeC,30.16,1.02,10.04,10.04,10.04,10.04,1.0,1.0,1.0,1.0,High_Stable,50
C12351,L7,TypeB,27.6,1.12,9.24,9.24,9.24,9.24,0.92,0.92,0.92,0.92,High_Stable,50
C12352,L7,TypeB,26.07,1.08,12.34,13.34,14.34,60.0,1.23,1.33,1.43,6.0,Absolute_Failure,50
C12353,L7,TypeB,26.28,1.05,12.49,13.49,32.49,34.49,1.25,1.35,3.25,3.45,Sudden_Anomaly,50
C12354,L7,TypeB,29.4,1.1,9.45,10.45,29.45,31.45,0.95,1.05,2.95,3.15,Sudden_Anomaly,50
C12355,L7,TypeA,27.72,1.24,13.05,14.05,15.05,60.0,1.31,1.41,1.51,6.0,Absolute_Failure,50
C12356,L7,TypeC,26.24,1.14,8.51,9.51,28.51,30.51,0.85,0.95,2.85,3.05,Sudden_Anomaly,50
C12357,L7,TypeA,30.04,1.06,10.68,11.68,12.68,60.0,1.07,1.17,1.27,6.0,Absolute_Failure,50
C12358,L7,TypeA,28.79,1.2,8.64,8.64,8.64,8.64,0.86,0.86,0.86,0.86,High_Stable,50
C12359,L7,TypeA,29.85,1.17,8.25,8.25,8.25,8.25,0.83,0.83,0.83,0.83,High_Stable,50
C12360,L7,TypeB,27.57,1.15,14.79,16.79,19.79,24.79,1.48,1.68,1.98,2.48,Latent_Defect,50
C12361,L7,TypeC,27.54,1.13,13.49,14.49,15.49,60.0,1.35,1.45,1.55,6.0,Absolute_Failure,50
C12362,L7,TypeA,32.07,1.28,10.12,10.12,10.12,10.12,1.01,1.01,1.01,1.01,High_Stable,50
C12363,L7,TypeA,25.14,1.16,14.64,15.64,16.64,60.0,1.46,1.56,1.66,6.0,Absolute_Failure,50
C12364,L7,TypeA,26.47,1.19,10.47,10.47,10.47,10.47,1.05,1.05,1.05,1.05,High_Stable,50
C12365,L7,TypeC,33.36,1.01,13.12,13.12,13.12,13.12,1.31,1.31,1.31,1.31,High_Stable,50
C12366,L7,TypeB,26.21,1.01,11.83,12.83,31.83,33.83,1.18,1.28,3.18,3.38,Sudden_Anomaly,50
C12367,L7,TypeA,32.1,1.03,14.05,14.05,14.05,14.05,1.4,1.4,1.4,1.4,High_Stable,50
C12368,L7,TypeC,29.22,1.07,10.91,12.91,15.91,20.91,1.09,1.29,1.59,2.09,Latent_Defect,50
C12369,L7,TypeB,34.52,1.19,14.19,14.19,14.19,14.19,1.42,1.42,1.42,1.42,High_Stable,50
C12370,L7,TypeB,26.92,1.07,12.54,14.54,17.54,22.54,1.25,1.45,1.75,2.25,Latent_Defect,50
C12371,L7,TypeC,30.8,1.27,11.64,12.64,13.64,60.0,1.16,1.26,1.36,6.0,Absolute_Failure,50
C12372,L7,TypeA,32.11,1.29,13.66,14.66,15.66,60.0,1.37,1.47,1.57,6.0,Absolute_Failure,50
C12373,L7,TypeA,32.49,1.25,10.61,10.61,10.61,10.61,1.06,1.06,1.06,1.06,High_Stable,50
C12374,L7,TypeA,32.66,1.18,10.19,11.19,30.19,32.19,1.02,1.12,3.02,3.22,Sudden_Anomaly,50
C12375,L7,TypeC,30.2,1.25,10.89,11.89,12.89,13.89,1.09,1.19,1.29,1.39,Normal,50
C12376,L7,TypeA,32.06,1.29,14.64,15.64,34.64,36.64,1.46,1.56,3.46,3.66,Sudden_Anomaly,50
C12377,L7,TypeA,32.62,1.24,10.44,11.44,30.44,32.44,1.04,1.14,3.04,3.24,Sudden_Anomaly,50
C12378,L7,TypeA,30.52,1.13,9.17,11.17,14.17,19.17,0.92,1.12,1.42,1.92,Latent_Defect,50
C12379,L7,TypeB,30.63,1.2,14.96,15.96,16.96,17.96,1.5,1.6,1.7,1.8,Normal,50
C12380,L7,TypeC,32.31,1.26,10.32,11.32,12.32,60.0,1.03,1.13,1.23,6.0,Absolute_Failure,50
C12381,L7,TypeC,27.9,1.02,9.03,10.03,11.03,12.03,0.9,1.0,1.1,1.2,Normal,50
C12382,L7,TypeA,33.75,1.18,14.83,15.83,34.83,36.83,1.48,1.58,3.48,3.68,Sudden_Anomaly,50
C12383,L7,TypeA,26.71,1.03,12.88,14.88,17.88,22.88,1.29,1.49,1.79,2.29,Latent_Defect,50
C12384,L7,TypeA,25.46,1.09,11.66,12.66,13.66,60.0,1.17,1.27,1.37,6.0,Absolute_Failure,50
C12385,L7,TypeA,30.0,1.15,14.21,15.21,16.21,60.0,1.42,1.52,1.62,6.0,Absolute_Failure,50
C12386,L7,TypeA,25.75,1.25,9.57,10.57,11.57,12.57,0.96,1.06,1.16,1.26,Normal,50
C12387,L7,TypeC,28.24,1.11,8.88,10.88,13.88,18.88,0.89,1.09,1.39,1.89,Latent_Defect,50
C12388,L7,TypeC,30.25,1.27,11.18,11.18,11.18,11.18,1.12,1.12,1.12,1.12,High_Stable,50
C12389,L7,TypeC,34.66,1.0,13.59,14.59,15.59,16.59,1.36,1.46,1.56,1.66,Normal,50
C12390,L7,TypeC,28.3,1.1,14.44,15.44,34.44,36.44,1.44,1.54,3.44,3.64,Sudden_Anomaly,50
C12391,L7,TypeB,29.22,1.11,14.86,16.86,19.86,24.86,1.49,1.69,1.99,2.49,Latent_Defect,50
C12392,L7,TypeB,30.1,1.26,12.92,14.92,17.92,22.92,1.29,1.49,1.79,2.29,Latent_Defect,50
C12393,L7,TypeB,28.04,1.01,9.1,10.1,29.1,31.1,0.91,1.01,2.91,3.11,Sudden_Anomaly,50
C12394,L7,TypeB,34.51,1.02,12.82,13.82,14.82,60.0,1.28,1.38,1.48,6.0,Absolute_Failure,50
C12395,L7,TypeA,31.48,1.29,11.62,12.62,31.62,33.62,1.16,1.26,3.16,3.36,Sudden_Anomaly,50
C12396,L7,TypeC,30.74,1.01,10.81,11.81,12.81,13.81,1.08,1.18,1.28,1.38,Normal,50
C12397,L7,TypeB,34.1,1.11,13.48,13.48,13.48,13.48,1.35,1.35,1.35,1.35,High_Stable,50
C12398,L7,TypeC,30.76,1.26,13.75,14.75,15.75,16.75,1.38,1.48,1.58,1.68,Normal,50
C12399,L7,TypeC,25.84,1.2,14.63,15.63,16.63,17.63,1.46,1.56,1.66,1.76,Normal,50
C12400,L7,TypeB,31.83,1.04,8.02,8.02,8.02,8.02,0.8,0.8,0.8,0.8,High_Stable,50
C12401,L7,TypeB,32.13,1.25,13.31,14.31,15.31,16.31,1.33,1.43,1.53,1.63,Normal,50
C12402,L7,TypeB,33.6,1.13,8.36,10.36,13.36,18.36,0.84,1.04,1.34,1.84,Latent_Defect,50
C12403,L7,TypeB,33.92,1.16,11.82,11.82,11.82,11.82,1.18,1.18,1.18,1.18,High_Stable,50
C12404,L7,TypeA,32.57,1.01,8.76,9.76,28.76,30.76,0.88,0.98,2.88,3.08,Sudden_Anomaly,50
C12405,L7,TypeB,29.02,1.3,11.89,12.89,13.89,60.0,1.19,1.29,1.39,6.0,Absolute_Failure,50
C12406,L7,TypeB,32.63,1.24,13.23,15.23,18.23,23.23,1.32,1.52,1.82,2.32,Latent_Defect,50
C12407,L7,TypeB,31.55,1.08,8.11,8.11,8.11,8.11,0.81,0.81,0.81,0.81,High_Stable,50
C12408,L7,TypeB,25.56,1.22,14.37,15.37,34.37,36.37,1.44,1.54,3.44,3.64,Sudden_Anomaly,50
C12409,L7,TypeB,25.48,1.13,10.45,11.45,12.45,60.0,1.04,1.14,1.24,6.0,Absolute_Failure,50
C12410,L7,TypeB,25.12,1.11,14.57,15.57,34.57,36.57,1.46,1.56,3.46,3.66,Sudden_Anomaly,50
C12411,L7,TypeC,25.84,1.19,11.54,12.54,13.54,60.0,1.15,1.25,1.35,6.0,Absolute_Failure,50
C12412,L7,TypeA,34.82,1.26,10.13,11.13,30.13,32.13,1.01,1.11,3.01,3.21,Sudden_Anomaly,50
C12413,L7,TypeA,33.18,1.26,11.5,12.5,31.5,33.5,1.15,1.25,3.15,3.35,Sudden_Anomaly,50
C12414,L7,TypeC,26.93,1.03,11.31,13.31,16.31,21.31,1.13,1.33,1.63,2.13,Latent_Defect,50
C12415,L7,TypeA,29.58,1.13,11.63,12.63,31.63,33.63,1.16,1.26,3.16,3.36,Sudden_Anomaly,50
C12416,L7,TypeC,26.08,1.1,11.96,12.96,31.96,33.96,1.2,1.3,3.2,3.4,Sudden_Anomaly,50
C12417,L7,TypeB,26.54,1.28,9.88,10.88,29.88,31.88,0.99,1.09,2.99,3.19,Sudden_Anomaly,50
C12418,L7,TypeC,27.39,1.27,10.52,11.52,30.52,32.52,1.05,1.15,3.05,3.25,Sudden_Anomaly,50
C12419,L7,TypeB,32.28,1.17,11.25,12.25,31.25,33.25,1.13,1.23,3.13,3.33,Sudden_Anomaly,50
C12420,L7,TypeC,34.02,1.05,10.71,11.71,12.71,60.0,1.07,1.17,1.27,6.0,Absolute_Failure,50
C12421,L7,TypeB,27.47,1.19,12.73,13.73,32.73,34.73,1.27,1.37,3.27,3.47,Sudden_Anomaly,50
C12422,L7,TypeB,25.37,1.03,13.59,15.59,18.59,23.59,1.36,1.56,1.86,2.36,Latent_Defect,50
C12423,L7,TypeC,32.78,1.03,8.37,10.37,13.37,18.37,0.84,1.04,1.34,1.84,Latent_Defect,50
C12424,L7,TypeC,34.52,1.18,13.71,13.71,13.71,13.71,1.37,1.37,1.37,1.37,High_Stable,50
C12425,L7,TypeB,29.44,1.3,9.67,9.67,9.67,9.67,0.97,0.97,0.97,0.97,High_Stable,50
C12426,L7,TypeC,25.3,1.01,13.88,14.88,15.88,60.0,1.39,1.49,1.59,6.0,Absolute_Failure,50
C12427,L7,TypeC,27.67,1.04,14.52,15.52,16.52,60.0,1.45,1.55,1.65,6.0,Absolute_Failure,50
C12428,L7,TypeA,33.03,1.13,13.75,14.75,15.75,16.75,1.38,1.48,1.58,1.68,Normal,50
C12429,L7,TypeC,27.26,1.26,8.29,9.29,28.29,30.29,0.83,0.93,2.83,3.03,Sudden_Anomaly,50
C12430,L7,TypeB,33.84,1.02,10.99,12.99,15.99,20.99,1.1,1.3,1.6,2.1,Latent_Defect,50
C12431,L7,TypeB,31.64,1.2,12.25,13.25,32.25,34.25,1.22,1.32,3.22,3.42,Sudden_Anomaly,50
C12432,L7,TypeA,27.99,1.01,12.1,13.1,32.1,34.1,1.21,1.31,3.21,3.41,Sudden_Anomaly,50
C12433,L7,TypeA,29.35,1.18,9.04,10.04,29.04,31.04,0.9,1.0,2.9,3.1,Sudden_Anomaly,50
C12434,L7,TypeC,30.6,1.16,11.77,13.77,16.77,21.77,1.18,1.38,1.68,2.18,Latent_Defect,50
C12435,L7,TypeC,31.4,1.24,13.87,13.87,13.87,13.87,1.39,1.39,1.39,1.39,High_Stable,50
C12436,L7,TypeC,25.61,1.01,11.63,12.63,13.63,60.0,1.16,1.26,1.36,6.0,Absolute_Failure,50
C12437,L7,TypeA,26.17,1.08,10.13,12.13,15.13,20.13,1.01,1.21,1.51,2.01,Latent_Defect,50
C12438,L7,TypeC,28.62,1.21,9.09,10.09,11.09,12.09,0.91,1.01,1.11,1.21,Normal,50
C12439,L7,TypeC,31.69,1.09,12.55,13.55,32.55,34.55,1.25,1.35,3.25,3.45,Sudden_Anomaly,50
C12440,L7,TypeC,34.17,1.07,8.17,8.17,8.17,8.17,0.82,0.82,0.82,0.82,High_Stable,50
C12441,L7,TypeC,32.59,1.19,12.77,14.77,17.77,22.77,1.28,1.48,1.78,2.28,Latent_Defect,50
C12442,L7,TypeB,25.39,1.04,9.61,10.61,11.61,12.61,0.96,1.06,1.16,1.26,Normal,50
C12443,L7,TypeA,27.59,1.24,11.25,12.25,31.25,33.25,1.13,1.23,3.13,3.33,Sudden_Anomaly,50
C12444,L7,TypeA,27.56,1.16,10.25,11.25,30.25,32.25,1.02,1.12,3.02,3.22,Sudden_Anomaly,50
C12445,L7,TypeC,29.06,1.01,10.04,11.04,12.04,60.0,1.0,1.1,1.2,6.0,Absolute_Failure,50
C12446,L7,TypeC,27.61,1.15,12.76,13.76,32.76,34.76,1.28,1.38,3.28,3.48,Sudden_Anomaly,50
C12447,L7,TypeB,32.08,1.22,11.62,12.62,13.62,60.0,1.16,1.26,1.36,6.0,Absolute_Failure,50
C12448,L7,TypeA,32.94,1.11,9.81,10.81,29.81,31.81,0.98,1.08,2.98,3.18,Sudden_Anomaly,50
C12449,L7,TypeA,34.29,1.12,14.92,15.92,16.92,17.92,1.49,1.59,1.69,1.79,Normal,50
C12450,L7,TypeC,27.01,1.09,13.59,14.59,33.59,35.59,1.36,1.46,3.36,3.56,Sudden_Anomaly,50
C12451,L7,TypeA,34.28,1.28,8.52,9.52,10.52,11.52,0.85,0.95,1.05,1.15,Normal,50
C12452,L7,TypeA,28.1,1.07,14.91,16.91,19.91,24.91,1.49,1.69,1.99,2.49,Latent_Defect,50
C12453,L7,TypeC,28.6,1.04,9.27,10.27,29.27,31.27,0.93,1.03,2.93,3.13,Sudden_Anomaly,50
C12454,L7,TypeA,30.58,1.25,9.52,9.52,9.52,9.52,0.95,0.95,0.95,0.95,High_Stable,50
C12455,L7,TypeC,26.64,1.19,8.31,9.31,10.31,60.0,0.83,0.93,1.03,6.0,Absolute_Failure,50
C12456,L7,TypeB,31.45,1.09,10.91,11.91,12.91,60.0,1.09,1.19,1.29,6.0,Absolute_Failure,50
C12457,L7,TypeB,32.04,1.27,8.61,9.61,10.61,11.61,0.86,0.96,1.06,1.16,Normal,50
C12458,L7,TypeC,31.97,1.26,11.2,12.2,31.2,33.2,1.12,1.22,3.12,3.32,Sudden_Anomaly,50
C12459,L7,TypeC,27.59,1.08,14.61,14.61,14.61,14.61,1.46,1.46,1.46,1.46,High_Stable,50
C12460,L7,TypeB,33.73,1.11,12.06,14.06,17.06,22.06,1.21,1.41,1.71,2.21,Latent_Defect,50
C12461,L7,TypeA,25.87,1.07,12.36,13.36,14.36,60.0,1.24,1.34,1.44,6.0,Absolute_Failure,50
C12462,L7,TypeC,31.16,1.07,14.84,16.84,19.84,24.84,1.48,1.68,1.98,2.48,Latent_Defect,50
C12463,L7,TypeB,32.7,1.06,11.41,12.41,13.41,60.0,1.14,1.24,1.34,6.0,Absolute_Failure,50
C12464,L7,TypeA,32.77,1.24,14.86,15.86,34.86,36.86,1.49,1.59,3.49,3.69,Sudden_Anomaly,50
C12465,L7,TypeB,26.04,1.26,12.0,14.0,17.0,22.0,1.2,1.4,1.7,2.2,Latent_Defect,50
C12466,L7,TypeA,32.08,1.3,8.94,10.94,13.94,18.94,0.89,1.09,1.39,1.89,Latent_Defect,50
C12467,L7,TypeA,33.63,1.13,13.06,15.06,18.06,23.06,1.31,1.51,1.81,2.31,Latent_Defect,50
C12468,L7,TypeC,31.87,1.26,9.63,9.63,9.63,9.63,0.96,0.96,0.96,0.96,High_Stable,50
C12469,L7,TypeA,27.4,1.05,10.74,11.74,12.74,60.0,1.07,1.17,1.27,6.0,Absolute_Failure,50
C12470,L7,TypeC,33.77,1.19,9.29,9.29,9.29,9.29,0.93,0.93,0.93,0.93,High_Stable,50
C12471,L7,TypeB,30.92,1.16,13.86,14.86,33.86,35.86,1.39,1.49,3.39,3.59,Sudden_Anomaly,50
C12472,L7,TypeC,33.68,1.21,13.94,14.94,33.94,35.94,1.39,1.49,3.39,3.59,Sudden_Anomaly,50
C12473,L7,TypeC,25.13,1.11,9.16,10.16,29.16,31.16,0.92,1.02,2.92,3.12,Sudden_Anomaly,50
C12474,L7,TypeB,33.76,1.16,12.7,12.7,12.7,12.7,1.27,1.27,1.27,1.27,High_Stable,50
C12475,L7,TypeA,34.19,1.16,13.52,14.52,15.52,16.52,1.35,1.45,1.55,1.65,Normal,50
C12476,L7,TypeA,29.35,1.26,12.66,13.66,32.66,34.66,1.27,1.37,3.27,3.47,Sudden_Anomaly,50
C12477,L7,TypeA,27.62,1.17,10.02,11.02,30.02,32.02,1.0,1.1,3.0,3.2,Sudden_Anomaly,50
C12478,L7,TypeC,28.07,1.19,14.38,15.38,16.38,60.0,1.44,1.54,1.64,6.0,Absolute_Failure,50
C12479,L7,TypeA,33.78,1.0,10.3,11.3,12.3,13.3,1.03,1.13,1.23,1.33,Normal,50
C12480,L7,TypeB,29.79,1.05,10.4,11.4,12.4,13.4,1.04,1.14,1.24,1.34,Normal,50
C12481,L7,TypeC,28.23,1.11,13.5,13.5,13.5,13.5,1.35,1.35,1.35,1.35,High_Stable,50
C12482,L7,TypeB,33.4,1.2,14.45,15.45,16.45,17.45,1.44,1.54,1.64,1.74,Normal,50
C12483,L7,TypeA,34.27,1.1,13.05,15.05,18.05,23.05,1.31,1.51,1.81,2.31,Latent_Defect,50
C12484,L7,TypeB,26.78,1.11,14.06,15.06,34.06,36.06,1.41,1.51,3.41,3.61,Sudden_Anomaly,50
C12485,L7,TypeC,30.49,1.05,11.98,11.98,11.98,11.98,1.2,1.2,1.2,1.2,High_Stable,50
C12486,L7,TypeA,26.19,1.22,11.38,13.38,16.38,21.38,1.14,1.34,1.64,2.14,Latent_Defect,50
C12487,L7,TypeC,31.43,1.21,13.08,15.08,18.08,23.08,1.31,1.51,1.81,2.31,Latent_Defect,50
C12488,L7,TypeB,27.88,1.2,8.89,10.89,13.89,18.89,0.89,1.09,1.39,1.89,Latent_Defect,50
C12489,L7,TypeB,32.73,1.17,14.63,15.63,34.63,36.63,1.46,1.56,3.46,3.66,Sudden_Anomaly,50
C12490,L7,TypeC,32.77,1.05,10.46,11.46,30.46,32.46,1.05,1.15,3.05,3.25,Sudden_Anomaly,50
C12491,L7,TypeB,26.4,1.0,10.23,11.23,30.23,32.23,1.02,1.12,3.02,3.22,Sudden_Anomaly,50
C12492,L7,TypeC,27.57,1.03,10.77,10.77,10.77,10.77,1.08,1.08,1.08,1.08,High_Stable,50
C12493,L7,TypeB,26.84,1.01,14.49,15.49,16.49,60.0,1.45,1.55,1.65,6.0,Absolute_Failure,50
C12494,L7,TypeB,32.72,1.06,11.96,12.96,13.96,60.0,1.2,1.3,1.4,6.0,Absolute_Failure,50
C12495,L7,TypeB,28.96,1.06,9.61,10.61,11.61,60.0,0.96,1.06,1.16,6.0,Absolute_Failure,50
C12496,L7,TypeC,31.17,1.07,10.88,11.88,12.88,60.0,1.09,1.19,1.29,6.0,Absolute_Failure,50
C12497,L7,TypeC,25.85,1.03,12.44,14.44,17.44,22.44,1.24,1.44,1.74,2.24,Latent_Defect,50
C12498,L7,TypeA,33.9,1.22,12.07,14.07,17.07,22.07,1.21,1.41,1.71,2.21,Latent_Defect,50
C12499,L7,TypeC,27.7,1.27,12.82,13.82,32.82,34.82,1.28,1.38,3.28,3.48,Sudden_Anomaly,50
C12500,L7,TypeA,28.55,1.02,9.94,10.94,11.94,12.94,0.99,1.09,1.19,1.29,Normal,50
C12501,L7,TypeA,27.99,1.07,11.97,12.97,13.97,60.0,1.2,1.3,1.4,6.0,Absolute_Failure,50
C12502,L7,TypeA,28.83,1.15,11.57,11.57,11.57,11.57,1.16,1.16,1.16,1.16,High_Stable,50
C12503,L7,TypeA,29.76,1.16,12.6,13.6,32.6,34.6,1.26,1.36,3.26,3.46,Sudden_Anomaly,50
C12504,L7,TypeB,30.37,1.06,12.71,13.71,14.71,15.71,1.27,1.37,1.47,1.57,Normal,50
C12505,L7,TypeC,31.92,1.01,12.12,14.12,17.12,22.12,1.21,1.41,1.71,2.21,Latent_Defect,50
C12506,L7,TypeA,32.53,1.22,13.62,13.62,13.62,13.62,1.36,1.36,1.36,1.36,High_Stable,50
C12507,L7,TypeA,30.23,1.18,13.93,14.93,15.93,60.0,1.39,1.49,1.59,6.0,Absolute_Failure,50
C12508,L7,TypeB,27.99,1.06,14.9,15.9,16.9,60.0,1.49,1.59,1.69,6.0,Absolute_Failure,50
C12509,L7,TypeB,29.25,1.06,9.98,10.98,29.98,31.98,1.0,1.1,3.0,3.2,Sudden_Anomaly,50
C12510,L7,TypeA,25.45,1.0,8.75,10.75,13.75,18.75,0.87,1.07,1.37,1.87,Latent_Defect,50
C12511,L7,TypeB,30.01,1.12,10.07,11.07,12.07,13.07,1.01,1.11,1.21,1.31,Normal,50
C12512,L7,TypeC,29.86,1.14,9.26,10.26,11.26,12.26,0.93,1.03,1.13,1.23,Normal,50
C12513,L7,TypeC,25.46,1.24,12.01,13.01,14.01,60.0,1.2,1.3,1.4,6.0,Absolute_Failure,50
C12514,L7,TypeB,31.74,1.29,10.16,11.16,30.16,32.16,1.02,1.12,3.02,3.22,Sudden_Anomaly,50
C12515,L7,TypeA,34.69,1.04,10.1,10.1,10.1,10.1,1.01,1.01,1.01,1.01,High_Stable,50
C12516,L7,TypeC,25.2,1.23,8.71,10.71,13.71,18.71,0.87,1.07,1.37,1.87,Latent_Defect,50
C12517,L7,TypeC,29.06,1.21,13.08,15.08,18.08,23.08,1.31,1.51,1.81,2.31,Latent_Defect,50
C12518,L7,TypeC,26.02,1.3,9.64,10.64,11.64,12.64,0.96,1.06,1.16,1.26,Normal,50
C12519,L7,TypeA,27.68,1.08,10.63,10.63,10.63,10.63,1.06,1.06,1.06,1.06,High_Stable,50
C12520,L7,TypeC,27.05,1.14,12.11,13.11,32.11,34.11,1.21,1.31,3.21,3.41,Sudden_Anomaly,50
C12521,L7,TypeA,33.16,1.09,12.6,12.6,12.6,12.6,1.26,1.26,1.26,1.26,High_Stable,50
C12522,L7,TypeC,33.78,1.19,14.12,15.12,16.12,17.12,1.41,1.51,1.61,1.71,Normal,50
C12523,L7,TypeB,28.27,1.26,8.66,9.66,28.66,30.66,0.87,0.97,2.87,3.07,Sudden_Anomaly,50
C12524,L7,TypeB,33.86,1.16,13.71,15.71,18.71,23.71,1.37,1.57,1.87,2.37,Latent_Defect,50
C12525,L7,TypeC,32.09,1.02,14.58,16.58,19.58,24.58,1.46,1.66,1.96,2.46,Latent_Defect,50
C12526,L7,TypeA,29.31,1.15,9.8,10.8,11.8,12.8,0.98,1.08,1.18,1.28,Normal,50
C12527,L7,TypeC,32.88,1.28,9.89,11.89,14.89,19.89,0.99,1.19,1.49,1.99,Latent_Defect,50
C12528,L7,TypeC,33.24,1.25,14.18,15.18,16.18,17.18,1.42,1.52,1.62,1.72,Normal,50
C12529,L7,TypeB,30.31,1.24,13.72,14.72,15.72,60.0,1.37,1.47,1.57,6.0,Absolute_Failure,50
C12530,L7,TypeA,25.28,1.16,9.61,10.61,29.61,31.61,0.96,1.06,2.96,3.16,Sudden_Anomaly,50
C12531,L7,TypeA,29.47,1.05,10.23,12.23,15.23,20.23,1.02,1.22,1.52,2.02,Latent_Defect,50
C12532,L7,TypeC,27.69,1.04,8.97,9.97,10.97,11.97,0.9,1.0,1.1,1.2,Normal,50
C12533,L7,TypeA,27.45,1.26,12.37,12.37,12.37,12.37,1.24,1.24,1.24,1.24,High_Stable,50
C12534,L7,TypeB,28.74,1.02,9.21,10.21,11.21,12.21,0.92,1.02,1.12,1.22,Normal,50
C12535,L7,TypeA,34.84,1.06,9.82,10.82,29.82,31.82,0.98,1.08,2.98,3.18,Sudden_Anomaly,50
C12536,L7,TypeB,28.93,1.04,14.5,14.5,14.5,14.5,1.45,1.45,1.45,1.45,High_Stable,50
C12537,L7,TypeC,30.91,1.17,11.22,12.22,13.22,60.0,1.12,1.22,1.32,6.0,Absolute_Failure,50
C12538,L7,TypeC,27.96,1.28,11.13,12.13,13.13,14.13,1.11,1.21,1.31,1.41,Normal,50
C12539,L7,TypeA,27.8,1.05,10.99,12.99,15.99,20.99,1.1,1.3,1.6,2.1,Latent_Defect,50
C12540,L7,TypeB,27.34,1.23,12.91,13.91,14.91,15.91,1.29,1.39,1.49,1.59,Normal,50
C12541,L7,TypeA,29.41,1.25,8.73,9.73,28.73,30.73,0.87,0.97,2.87,3.07,Sudden_Anomaly,50
C12542,L7,TypeA,28.39,1.29,14.76,16.76,19.76,24.76,1.48,1.68,1.98,2.48,Latent_Defect,50
C12543,L7,TypeA,33.4,1.01,12.83,14.83,17.83,22.83,1.28,1.48,1.78,2.28,Latent_Defect,50
C12544,L7,TypeC,32.44,1.1,14.58,14.58,14.58,14.58,1.46,1.46,1.46,1.46,High_Stable,50
C12545,L7,TypeC,30.85,1.14,13.56,15.56,18.56,23.56,1.36,1.56,1.86,2.36,Latent_Defect,50
C12546,L7,TypeC,30.49,1.0,10.53,10.53,10.53,10.53,1.05,1.05,1.05,1.05,High_Stable,50
C12547,L7,TypeB,27.56,1.2,14.02,15.02,16.02,17.02,1.4,1.5,1.6,1.7,Normal,50
C12548,L7,TypeB,33.33,1.17,13.11,15.11,18.11,23.11,1.31,1.51,1.81,2.31,Latent_Defect,50
C12549,L7,TypeC,31.99,1.14,14.97,14.97,14.97,14.97,1.5,1.5,1.5,1.5,High_Stable,50
C12550,L7,TypeB,26.36,1.04,11.45,11.45,11.45,11.45,1.14,1.14,1.14,1.14,High_Stable,50
C12551,L7,TypeC,25.89,1.22,8.19,9.19,10.19,60.0,0.82,0.92,1.02,6.0,Absolute_Failure,50
C12552,L7,TypeC,25.94,1.14,10.24,12.24,15.24,20.24,1.02,1.22,1.52,2.02,Latent_Defect,50
C12553,L7,TypeC,31.84,1.12,14.98,15.98,34.98,36.98,1.5,1.6,3.5,3.7,Sudden_Anomaly,50
C12554,L7,TypeC,29.86,1.14,9.06,9.06,9.06,9.06,0.91,0.91,0.91,0.91,High_Stable,50
C12555,L7,TypeA,28.76,1.21,8.51,8.51,8.51,8.51,0.85,0.85,0.85,0.85,High_Stable,50
C12556,L7,TypeC,33.46,1.05,11.05,12.05,13.05,60.0,1.11,1.21,1.31,6.0,Absolute_Failure,50
C12557,L7,TypeC,34.63,1.29,8.16,9.16,10.16,60.0,0.82,0.92,1.02,6.0,Absolute_Failure,50
C12558,L7,TypeC,33.22,1.15,10.93,11.93,12.93,13.93,1.09,1.19,1.29,1.39,Normal,50
C12559,L7,TypeA,31.91,1.2,14.65,15.65,16.65,60.0,1.47,1.57,1.67,6.0,Absolute_Failure,50
C12560,L7,TypeB,32.72,1.04,13.29,15.29,18.29,23.29,1.33,1.53,1.83,2.33,Latent_Defect,50
C12561,L7,TypeB,33.8,1.26,9.63,10.63,11.63,12.63,0.96,1.06,1.16,1.26,Normal,50
C12562,L7,TypeB,26.24,1.09,9.25,11.25,14.25,19.25,0.93,1.13,1.43,1.93,Latent_Defect,50
C12563,L7,TypeB,29.5,1.2,12.08,12.08,12.08,12.08,1.21,1.21,1.21,1.21,High_Stable,50
C12564,L7,TypeA,27.81,1.16,12.06,14.06,17.06,22.06,1.21,1.41,1.71,2.21,Latent_Defect,50
C12565,L7,TypeC,31.76,1.25,8.63,9.63,10.63,11.63,0.86,0.96,1.06,1.16,Normal,50
C12566,L7,TypeA,34.36,1.14,10.14,12.14,15.14,20.14,1.01,1.21,1.51,2.01,Latent_Defect,50
C12567,L7,TypeC,31.19,1.08,9.35,11.35,14.35,19.35,0.93,1.13,1.43,1.93,Latent_Defect,50
C12568,L7,TypeA,28.62,1.26,12.4,13.4,14.4,60.0,1.24,1.34,1.44,6.0,Absolute_Failure,50
C12569,L7,TypeC,34.6,1.1,13.24,14.24,15.24,60.0,1.32,1.42,1.52,6.0,Absolute_Failure,50
C12570,L7,TypeC,32.5,1.01,9.81,10.81,11.81,12.81,0.98,1.08,1.18,1.28,Normal,50
C12571,L7,TypeA,34.76,1.08,9.8,10.8,29.8,31.8,0.98,1.08,2.98,3.18,Sudden_Anomaly,50
C12572,L7,TypeC,25.56,1.29,12.71,14.71,17.71,22.71,1.27,1.47,1.77,2.27,Latent_Defect,50
C12573,L7,TypeC,31.77,1.24,8.03,9.03,10.03,11.03,0.8,0.9,1.0,1.1,Normal,50
C12574,L7,TypeB,32.36,1.04,9.93,11.93,14.93,19.93,0.99,1.19,1.49,1.99,Latent_Defect,50
C12575,L7,TypeB,32.72,1.29,14.81,16.81,19.81,24.81,1.48,1.68,1.98,2.48,Latent_Defect,50
C12576,L7,TypeA,31.12,1.07,12.15,13.15,14.15,60.0,1.22,1.32,1.42,6.0,Absolute_Failure,50
C12577,L7,TypeA,27.27,1.12,14.29,16.29,19.29,24.29,1.43,1.63,1.93,2.43,Latent_Defect,50
C12578,L7,TypeB,27.25,1.1,13.09,14.09,33.09,35.09,1.31,1.41,3.31,3.51,Sudden_Anomaly,50
C12579,L7,TypeB,28.66,1.1,8.87,9.87,28.87,30.87,0.89,0.99,2.89,3.09,Sudden_Anomaly,50
C12580,L7,TypeA,34.55,1.22,10.75,11.75,12.75,13.75,1.07,1.17,1.27,1.37,Normal,50
C12581,L7,TypeC,34.9,1.01,10.76,10.76,10.76,10.76,1.08,1.08,1.08,1.08,High_Stable,50
C12582,L7,TypeA,31.39,1.19,10.16,11.16,12.16,60.0,1.02,1.12,1.22,6.0,Absolute_Failure,50
C12583,L7,TypeC,28.5,1.18,9.28,9.28,9.28,9.28,0.93,0.93,0.93,0.93,High_Stable,50
C12584,L7,TypeA,31.49,1.08,11.78,12.78,13.78,60.0,1.18,1.28,1.38,6.0,Absolute_Failure,50
C12585,L7,TypeC,26.35,1.09,10.35,11.35,12.35,13.35,1.04,1.14,1.24,1.34,Normal,50
C12586,L7,TypeC,32.79,1.22,9.57,10.57,11.57,12.57,0.96,1.06,1.16,1.26,Normal,50
C12587,L7,TypeB,31.84,1.04,11.38,12.38,13.38,60.0,1.14,1.24,1.34,6.0,Absolute_Failure,50
C12588,L7,TypeA,27.14,1.13,9.27,10.27,11.27,60.0,0.93,1.03,1.13,6.0,Absolute_Failure,50
C12589,L7,TypeA,28.51,1.26,13.66,14.66,15.66,60.0,1.37,1.47,1.57,6.0,Absolute_Failure,50
C12590,L7,TypeB,32.85,1.14,12.44,13.44,14.44,15.44,1.24,1.34,1.44,1.54,Normal,50
C12591,L7,TypeA,34.19,1.15,8.61,8.61,8.61,8.61,0.86,0.86,0.86,0.86,High_Stable,50
C12592,L7,TypeC,25.07,1.23,13.7,14.7,33.7,35.7,1.37,1.47,3.37,3.57,Sudden_Anomaly,50
C12593,L7,TypeB,28.25,1.21,8.17,9.17,10.17,11.17,0.82,0.92,1.02,1.12,Normal,50
C12594,L7,TypeB,25.85,1.1,8.95,9.95,10.95,11.95,0.89,0.99,1.09,1.19,Normal,50
C12595,L7,TypeA,31.29,1.28,11.81,13.81,16.81,21.81,1.18,1.38,1.68,2.18,Latent_Defect,50
C12596,L7,TypeC,26.23,1.14,8.13,9.13,10.13,60.0,0.81,0.91,1.01,6.0,Absolute_Failure,50
C12597,L7,TypeB,27.08,1.0,8.84,9.84,28.84,30.84,0.88,0.98,2.88,3.08,Sudden_Anomaly,50
C12598,L7,TypeC,28.21,1.12,11.77,11.77,11.77,11.77,1.18,1.18,1.18,1.18,High_Stable,50
C12599,L7,TypeB,28.54,1.25,8.17,10.17,13.17,18.17,0.82,1.02,1.32,1.82,Latent_Defect,50
C12600,L7,TypeC,26.37,1.22,14.75,15.75,34.75,36.75,1.47,1.57,3.47,3.67,Sudden_Anomaly,50
C12601,L7,TypeA,34.72,1.13,12.74,13.74,14.74,60.0,1.27,1.37,1.47,6.0,Absolute_Failure,50
C12602,L7,TypeC,34.03,1.11,13.53,14.53,15.53,60.0,1.35,1.45,1.55,6.0,Absolute_Failure,50
C12603,L7,TypeC,30.82,1.13,11.45,11.45,11.45,11.45,1.15,1.15,1.15,1.15,High_Stable,50
C12604,L7,TypeB,33.77,1.07,13.4,14.4,15.4,16.4,1.34,1.44,1.54,1.64,Normal,50
C12605,L7,TypeC,26.77,1.11,12.3,13.3,32.3,34.3,1.23,1.33,3.23,3.43,Sudden_Anomaly,50
C12606,L7,TypeA,28.26,1.26,9.99,9.99,9.99,9.99,1.0,1.0,1.0,1.0,High_Stable,50
C12607,L7,TypeC,26.79,1.02,14.43,16.43,19.43,24.43,1.44,1.64,1.94,2.44,Latent_Defect,50
C12608,L7,TypeC,32.61,1.27,8.33,8.33,8.33,8.33,0.83,0.83,0.83,0.83,High_Stable,50
C12609,L7,TypeA,33.73,1.03,13.92,14.92,15.92,16.92,1.39,1.49,1.59,1.69,Normal,50
C12610,L7,TypeB,31.5,1.26,12.34,13.34,14.34,15.34,1.23,1.33,1.43,1.53,Normal,50
C12611,L7,TypeA,34.79,1.0,8.1,9.1,10.1,60.0,0.81,0.91,1.01,6.0,Absolute_Failure,50
C12612,L7,TypeC,34.18,1.19,11.69,12.69,31.69,33.69,1.17,1.27,3.17,3.37,Sudden_Anomaly,50
C12613,L7,TypeC,33.83,1.25,11.26,12.26,13.26,14.26,1.13,1.23,1.33,1.43,Normal,50
C12614,L7,TypeA,28.6,1.25,13.01,14.01,15.01,16.01,1.3,1.4,1.5,1.6,Normal,50
C12615,L7,TypeA,30.29,1.19,13.44,14.44,15.44,60.0,1.34,1.44,1.54,6.0,Absolute_Failure,50
C12616,L7,TypeB,27.19,1.05,12.69,13.69,14.69,60.0,1.27,1.37,1.47,6.0,Absolute_Failure,50
C12617,L7,TypeB,34.38,1.28,10.3,10.3,10.3,10.3,1.03,1.03,1.03,1.03,High_Stable,50
C12618,L7,TypeA,26.32,1.14,12.88,13.88,14.88,15.88,1.29,1.39,1.49,1.59,Normal,50
C12619,L7,TypeC,30.51,1.05,14.87,14.87,14.87,14.87,1.49,1.49,1.49,1.49,High_Stable,50
C12620,L7,TypeC,33.03,1.05,12.46,14.46,17.46,22.46,1.25,1.45,1.75,2.25,Latent_Defect,50
C12621,L7,TypeC,31.68,1.16,13.75,14.75,33.75,35.75,1.38,1.48,3.38,3.58,Sudden_Anomaly,50
C12622,L7,TypeB,27.65,1.23,9.17,11.17,14.17,19.17,0.92,1.12,1.42,1.92,Latent_Defect,50
C12623,L7,TypeA,31.63,1.1,10.16,11.16,12.16,60.0,1.02,1.12,1.22,6.0,Absolute_Failure,50
C12624,L7,TypeC,30.97,1.15,11.78,11.78,11.78,11.78,1.18,1.18,1.18,1.18,High_Stable,50
C12625,L7,TypeC,27.18,1.09,14.46,15.46,16.46,60.0,1.45,1.55,1.65,6.0,Absolute_Failure,50
C12626,L7,TypeC,32.55,1.2,8.66,9.66,28.66,30.66,0.87,0.97,2.87,3.07,Sudden_Anomaly,50
C12627,L7,TypeB,29.53,1.02,13.07,14.07,33.07,35.07,1.31,1.41,3.31,3.51,Sudden_Anomaly,50
C12628,L7,TypeB,27.42,1.14,8.37,8.37,8.37,8.37,0.84,0.84,0.84,0.84,High_Stable,50
C12629,L7,TypeA,26.88,1.13,11.28,13.28,16.28,21.28,1.13,1.33,1.63,2.13,Latent_Defect,50
C12630,L7,TypeA,30.69,1.03,9.59,10.59,11.59,12.59,0.96,1.06,1.16,1.26,Normal,50
C12631,L7,TypeB,34.44,1.22,12.7,14.7,17.7,22.7,1.27,1.47,1.77,2.27,Latent_Defect,50
C12632,L7,TypeA,25.98,1.15,10.42,11.42,12.42,60.0,1.04,1.14,1.24,6.0,Absolute_Failure,50
C12633,L7,TypeC,27.52,1.26,8.01,8.01,8.01,8.01,0.8,0.8,0.8,0.8,High_Stable,50
C12634,L7,TypeB,33.83,1.09,12.56,13.56,32.56,34.56,1.26,1.36,3.26,3.46,Sudden_Anomaly,50
C12635,L7,TypeC,33.03,1.05,9.43,10.43,11.43,60.0,0.94,1.04,1.14,6.0,Absolute_Failure,50
C12636,L7,TypeC,25.28,1.0,12.1,12.1,12.1,12.1,1.21,1.21,1.21,1.21,High_Stable,50
C12637,L7,TypeA,26.28,1.07,13.79,14.79,15.79,16.79,1.38,1.48,1.58,1.68,Normal,50
C12638,L7,TypeC,33.4,1.2,11.64,13.64,16.64,21.64,1.16,1.36,1.66,2.16,Latent_Defect,50
C12639,L7,TypeB,27.1,1.05,10.2,11.2,12.2,13.2,1.02,1.12,1.22,1.32,Normal,50
C12640,L7,TypeC,30.16,1.28,13.69,13.69,13.69,13.69,1.37,1.37,1.37,1.37,High_Stable,50
C12641,L7,TypeC,29.4,1.23,13.8,14.8,15.8,60.0,1.38,1.48,1.58,6.0,Absolute_Failure,50
C12642,L7,TypeB,34.31,1.21,14.93,15.93,34.93,36.93,1.49,1.59,3.49,3.69,Sudden_Anomaly,50
C12643,L7,TypeA,25.84,1.11,10.53,11.53,30.53,32.53,1.05,1.15,3.05,3.25,Sudden_Anomaly,50
C12644,L7,TypeB,34.46,1.04,9.64,10.64,29.64,31.64,0.96,1.06,2.96,3.16,Sudden_Anomaly,50
C12645,L7,TypeC,33.46,1.07,11.45,12.45,31.45,33.45,1.15,1.25,3.15,3.35,Sudden_Anomaly,50
C12646,L7,TypeC,28.87,1.24,13.8,15.8,18.8,23.8,1.38,1.58,1.88,2.38,Latent_Defect,50
C12647,L7,TypeB,30.5,1.15,11.38,12.38,13.38,14.38,1.14,1.24,1.34,1.44,Normal,50
C12648,L7,TypeB,29.89,1.03,9.74,10.74,29.74,31.74,0.97,1.07,2.97,3.17,Sudden_Anomaly,50
C12649,L7,TypeC,28.86,1.04,9.03,10.03,29.03,31.03,0.9,1.0,2.9,3.1,Sudden_Anomaly,50
C12650,L7,TypeC,33.48,1.22,9.5,9.5,9.5,9.5,0.95,0.95,0.95,0.95,High_Stable,50
C12651,L7,TypeB,31.52,1.1,9.08,10.08,29.08,31.08,0.91,1.01,2.91,3.11,Sudden_Anomaly,50
C12652,L7,TypeB,28.7,1.29,11.82,12.82,31.82,33.82,1.18,1.28,3.18,3.38,Sudden_Anomaly,50
C12653,L7,TypeA,30.45,1.07,14.19,16.19,19.19,24.19,1.42,1.62,1.92,2.42,Latent_Defect,50
C12654,L7,TypeA,34.61,1.19,10.37,11.37,12.37,13.37,1.04,1.14,1.24,1.34,Normal,50
C12655,L7,TypeA,33.9,1.21,8.67,9.67,28.67,30.67,0.87,0.97,2.87,3.07,Sudden_Anomaly,50
C12656,L7,TypeC,29.52,1.13,11.7,12.7,31.7,33.7,1.17,1.27,3.17,3.37,Sudden_Anomaly,50
C12657,L7,TypeB,30.34,1.03,13.67,14.67,33.67,35.67,1.37,1.47,3.37,3.57,Sudden_Anomaly,50
C12658,L7,TypeC,27.45,1.04,9.35,10.35,11.35,12.35,0.93,1.03,1.13,1.23,Normal,50
C12659,L7,TypeB,33.85,1.2,12.71,13.71,32.71,34.71,1.27,1.37,3.27,3.47,Sudden_Anomaly,50
C12660,L7,TypeC,31.31,1.05,13.9,15.9,18.9,23.9,1.39,1.59,1.89,2.39,Latent_Defect,50
C12661,L7,TypeB,34.48,1.01,9.32,10.32,11.32,12.32,0.93,1.03,1.13,1.23,Normal,50
C12662,L7,TypeB,25.61,1.02,13.27,13.27,13.27,13.27,1.33,1.33,1.33,1.33,High_Stable,50
C12663,L7,TypeB,30.94,1.18,12.23,13.23,32.23,34.23,1.22,1.32,3.22,3.42,Sudden_Anomaly,50
C12664,L7,TypeA,32.42,1.21,13.27,14.27,33.27,35.27,1.33,1.43,3.33,3.53,Sudden_Anomaly,50
C12665,L7,TypeC,28.85,1.07,12.81,12.81,12.81,12.81,1.28,1.28,1.28,1.28,High_Stable,50
C12666,L7,TypeA,25.26,1.28,8.71,8.71,8.71,8.71,0.87,0.87,0.87,0.87,High_Stable,50
C12667,L7,TypeC,28.09,1.23,9.24,10.24,11.24,60.0,0.92,1.02,1.12,6.0,Absolute_Failure,50
C12668,L7,TypeA,25.84,1.11,9.98,10.98,11.98,60.0,1.0,1.1,1.2,6.0,Absolute_Failure,50
C12669,L7,TypeB,31.66,1.18,11.2,11.2,11.2,11.2,1.12,1.12,1.12,1.12,High_Stable,50
C12670,L7,TypeA,28.38,1.29,11.73,11.73,11.73,11.73,1.17,1.17,1.17,1.17,High_Stable,50
C12671,L7,TypeA,32.26,1.28,13.62,14.62,15.62,60.0,1.36,1.46,1.56,6.0,Absolute_Failure,50
C12672,L7,TypeC,34.48,1.21,9.25,10.25,11.25,12.25,0.92,1.02,1.12,1.22,Normal,50
C12673,L7,TypeC,30.67,1.13,12.35,13.35,32.35,34.35,1.23,1.33,3.23,3.43,Sudden_Anomaly,50
C12674,L7,TypeA,34.65,1.03,13.64,14.64,15.64,60.0,1.36,1.46,1.56,6.0,Absolute_Failure,50
C12675,L7,TypeB,31.9,1.11,8.72,9.72,10.72,11.72,0.87,0.97,1.07,1.17,Normal,50
C12676,L7,TypeA,29.12,1.09,8.15,9.15,10.15,60.0,0.82,0.92,1.02,6.0,Absolute_Failure,50
C12677,L7,TypeA,31.72,1.1,10.37,11.37,12.37,60.0,1.04,1.14,1.24,6.0,Absolute_Failure,50
C12678,L7,TypeA,27.68,1.23,12.52,13.52,32.52,34.52,1.25,1.35,3.25,3.45,Sudden_Anomaly,50
C12679,L7,TypeB,33.74,1.12,13.32,14.32,15.32,16.32,1.33,1.43,1.53,1.63,Normal,50
C12680,L7,TypeB,28.87,1.26,13.61,15.61,18.61,23.61,1.36,1.56,1.86,2.36,Latent_Defect,50
C12681,L7,TypeB,26.13,1.28,11.34,13.34,16.34,21.34,1.13,1.33,1.63,2.13,Latent_Defect,50
C12682,L7,TypeC,32.23,1.04,10.53,11.53,12.53,60.0,1.05,1.15,1.25,6.0,Absolute_Failure,50
C12683,L7,TypeB,26.31,1.29,10.58,11.58,12.58,13.58,1.06,1.16,1.26,1.36,Normal,50
C12684,L7,TypeB,34.44,1.2,12.68,13.68,14.68,60.0,1.27,1.37,1.47,6.0,Absolute_Failure,50
C12685,L7,TypeA,32.24,1.21,10.95,11.95,30.95,32.95,1.1,1.2,3.1,3.3,Sudden_Anomaly,50
C12686,L7,TypeA,31.94,1.29,12.84,13.84,32.84,34.84,1.28,1.38,3.28,3.48,Sudden_Anomaly,50
C12687,L7,TypeC,30.35,1.03,12.97,13.97,14.97,15.97,1.3,1.4,1.5,1.6,Normal,50
C12688,L7,TypeC,31.98,1.08,9.32,10.32,11.32,60.0,0.93,1.03,1.13,6.0,Absolute_Failure,50
C12689,L7,TypeB,29.21,1.09,12.3,13.3,14.3,60.0,1.23,1.33,1.43,6.0,Absolute_Failure,50
C12690,L7,TypeB,29.86,1.27,10.63,11.63,30.63,32.63,1.06,1.16,3.06,3.26,Sudden_Anomaly,50
C12691,L7,TypeB,29.4,1.23,13.41,14.41,15.41,60.0,1.34,1.44,1.54,6.0,Absolute_Failure,50
C12692,L7,TypeB,31.97,1.05,11.75,12.75,13.75,60.0,1.18,1.28,1.38,6.0,Absolute_Failure,50
C12693,L7,TypeA,26.79,1.2,14.38,15.38,16.38,60.0,1.44,1.54,1.64,6.0,Absolute_Failure,50
C12694,L7,TypeA,26.29,1.06,11.3,11.3,11.3,11.3,1.13,1.13,1.13,1.13,High_Stable,50
C12695,L7,TypeA,32.9,1.1,9.47,10.47,29.47,31.47,0.95,1.05,2.95,3.15,Sudden_Anomaly,50
C12696,L7,TypeC,33.01,1.17,14.52,14.52,14.52,14.52,1.45,1.45,1.45,1.45,High_Stable,50
C12697,L7,TypeA,32.28,1.1,9.23,10.23,29.23,31.23,0.92,1.02,2.92,3.12,Sudden_Anomaly,50
C12698,L7,TypeB,26.52,1.0,12.05,12.05,12.05,12.05,1.2,1.2,1.2,1.2,High_Stable,50
C12699,L7,TypeC,25.49,1.29,13.97,15.97,18.97,23.97,1.4,1.6,1.9,2.4,Latent_Defect,50
C12700,L7,TypeC,26.21,1.05,14.12,16.12,19.12,24.12,1.41,1.61,1.91,2.41,Latent_Defect,50
C12701,L7,TypeA,26.93,1.07,12.45,13.45,14.45,60.0,1.24,1.34,1.44,6.0,Absolute_Failure,50
C12702,L7,TypeB,27.15,1.17,12.68,14.68,17.68,22.68,1.27,1.47,1.77,2.27,Latent_Defect,50
C12703,L7,TypeC,30.16,1.19,12.66,13.66,32.66,34.66,1.27,1.37,3.27,3.47,Sudden_Anomaly,50
C12704,L7,TypeC,33.83,1.3,9.82,10.82,11.82,60.0,0.98,1.08,1.18,6.0,Absolute_Failure,50
C12705,L7,TypeA,29.45,1.09,10.16,10.16,10.16,10.16,1.02,1.02,1.02,1.02,High_Stable,50
C12706,L7,TypeC,30.97,1.19,13.06,14.06,15.06,16.06,1.31,1.41,1.51,1.61,Normal,50
C12707,L7,TypeA,25.38,1.08,11.4,12.4,31.4,33.4,1.14,1.24,3.14,3.34,Sudden_Anomaly,50
C12708,L7,TypeB,25.62,1.04,8.05,9.05,10.05,11.05,0.81,0.91,1.01,1.11,Normal,50
C12709,L7,TypeC,31.14,1.12,10.76,11.76,12.76,60.0,1.08,1.18,1.28,6.0,Absolute_Failure,50
C12710,L7,TypeC,28.92,1.08,13.84,13.84,13.84,13.84,1.38,1.38,1.38,1.38,High_Stable,50
C12711,L7,TypeB,29.15,1.12,14.17,16.17,19.17,24.17,1.42,1.62,1.92,2.42,Latent_Defect,50
C12712,L7,TypeA,27.4,1.12,10.15,11.15,12.15,60.0,1.01,1.11,1.21,6.0,Absolute_Failure,50
C12713,L7,TypeB,30.07,1.03,8.5,9.5,10.5,11.5,0.85,0.95,1.05,1.15,Normal,50
C12714,L7,TypeC,33.99,1.18,11.76,13.76,16.76,21.76,1.18,1.38,1.68,2.18,Latent_Defect,50
C12715,L7,TypeA,29.14,1.15,8.32,9.32,10.32,11.32,0.83,0.93,1.03,1.13,Normal,50
C12716,L7,TypeC,31.58,1.28,9.05,10.05,29.05,31.05,0.91,1.01,2.91,3.11,Sudden_Anomaly,50
C12717,L7,TypeA,31.51,1.12,11.12,12.12,31.12,33.12,1.11,1.21,3.11,3.31,Sudden_Anomaly,50
C12718,L7,TypeC,30.72,1.03,8.79,9.79,10.79,60.0,0.88,0.98,1.08,6.0,Absolute_Failure,50
C12719,L7,TypeA,31.0,1.06,12.56,13.56,14.56,60.0,1.26,1.36,1.46,6.0,Absolute_Failure,50
C12720,L7,TypeC,30.62,1.03,10.04,10.04,10.04,10.04,1.0,1.0,1.0,1.0,High_Stable,50
C12721,L7,TypeC,25.2,1.01,9.02,10.02,11.02,60.0,0.9,1.0,1.1,6.0,Absolute_Failure,50
C12722,L7,TypeA,26.97,1.26,14.71,15.71,16.71,17.71,1.47,1.57,1.67,1.77,Normal,50
C12723,L7,TypeC,32.58,1.24,10.56,10.56,10.56,10.56,1.06,1.06,1.06,1.06,High_Stable,50
C12724,L7,TypeB,31.43,1.22,8.83,9.83,10.83,60.0,0.88,0.98,1.08,6.0,Absolute_Failure,50
C12725,L7,TypeC,30.79,1.23,14.31,15.31,34.31,36.31,1.43,1.53,3.43,3.63,Sudden_Anomaly,50
C12726,L7,TypeA,30.2,1.0,11.06,12.06,13.06,60.0,1.11,1.21,1.31,6.0,Absolute_Failure,50
C12727,L7,TypeA,27.77,1.04,11.89,12.89,13.89,14.89,1.19,1.29,1.39,1.49,Normal,50
C12728,L7,TypeC,32.65,1.3,14.01,16.01,19.01,24.01,1.4,1.6,1.9,2.4,Latent_Defect,50
C12729,L7,TypeA,34.79,1.16,9.46,10.46,29.46,31.46,0.95,1.05,2.95,3.15,Sudden_Anomaly,50
C12730,L7,TypeA,27.04,1.11,12.54,14.54,17.54,22.54,1.25,1.45,1.75,2.25,Latent_Defect,50
C12731,L7,TypeA,34.74,1.03,9.72,9.72,9.72,9.72,0.97,0.97,0.97,0.97,High_Stable,50
C12732,L7,TypeA,26.66,1.01,13.75,14.75,15.75,16.75,1.37,1.47,1.57,1.67,Normal,50
C12733,L7,TypeB,29.82,1.22,10.64,11.64,30.64,32.64,1.06,1.16,3.06,3.26,Sudden_Anomaly,50
C12734,L7,TypeB,29.98,1.23,8.19,10.19,13.19,18.19,0.82,1.02,1.32,1.82,Latent_Defect,50
C12735,L7,TypeB,34.01,1.06,13.91,13.91,13.91,13.91,1.39,1.39,1.39,1.39,High_Stable,50
C12736,L7,TypeC,28.29,1.03,13.91,15.91,18.91,23.91,1.39,1.59,1.89,2.39,Latent_Defect,50
C12737,L7,TypeA,29.52,1.26,8.36,9.36,10.36,11.36,0.84,0.94,1.04,1.14,Normal,50
C12738,L7,TypeC,26.31,1.24,14.44,16.44,19.44,24.44,1.44,1.64,1.94,2.44,Latent_Defect,50
C12739,L7,TypeB,32.62,1.25,11.77,12.77,13.77,14.77,1.18,1.28,1.38,1.48,Normal,50
C12740,L7,TypeB,32.3,1.18,11.93,12.93,31.93,33.93,1.19,1.29,3.19,3.39,Sudden_Anomaly,50
C12741,L7,TypeB,26.17,1.04,9.28,11.28,14.28,19.28,0.93,1.13,1.43,1.93,Latent_Defect,50
C12742,L7,TypeA,33.29,1.01,10.81,11.81,12.81,13.81,1.08,1.18,1.28,1.38,Normal,50
C12743,L7,TypeB,26.61,1.11,10.97,12.97,15.97,20.97,1.1,1.3,1.6,2.1,Latent_Defect,50
C12744,L7,TypeC,27.55,1.22,8.29,9.29,10.29,11.29,0.83,0.93,1.03,1.13,Normal,50
C12745,L7,TypeB,31.02,1.28,9.16,10.16,11.16,60.0,0.92,1.02,1.12,6.0,Absolute_Failure,50
C12746,L7,TypeA,25.87,1.08,10.32,11.32,30.32,32.32,1.03,1.13,3.03,3.23,Sudden_Anomaly,50
C12747,L7,TypeC,30.65,1.28,11.48,13.48,16.48,21.48,1.15,1.35,1.65,2.15,Latent_Defect,50
C12748,L7,TypeB,32.53,1.18,12.76,13.76,14.76,15.76,1.28,1.38,1.48,1.58,Normal,50
C12749,L7,TypeA,26.61,1.28,8.69,9.69,28.69,30.69,0.87,0.97,2.87,3.07,Sudden_Anomaly,50
C12750,L7,TypeC,30.21,1.17,14.35,15.35,34.35,36.35,1.43,1.53,3.43,3.63,Sudden_Anomaly,50
C12751,L7,TypeB,32.26,1.15,10.75,11.75,30.75,32.75,1.08,1.18,3.08,3.28,Sudden_Anomaly,50
C12752,L7,TypeC,34.52,1.28,11.87,13.87,16.87,21.87,1.19,1.39,1.69,2.19,Latent_Defect,50
C12753,L7,TypeB,29.08,1.19,9.02,11.02,14.02,19.02,0.9,1.1,1.4,1.9,Latent_Defect,50
C12754,L7,TypeB,27.31,1.29,14.7,15.7,34.7,36.7,1.47,1.57,3.47,3.67,Sudden_Anomaly,50
C12755,L7,TypeB,27.06,1.22,11.21,11.21,11.21,11.21,1.12,1.12,1.12,1.12,High_Stable,50
C12756,L7,TypeB,34.74,1.16,14.69,16.69,19.69,24.69,1.47,1.67,1.97,2.47,Latent_Defect,50
C12757,L7,TypeB,33.34,1.13,9.77,10.77,11.77,12.77,0.98,1.08,1.18,1.28,Normal,50
C12758,L7,TypeC,30.26,1.29,13.81,14.81,15.81,16.81,1.38,1.48,1.58,1.68,Normal,50
C12759,L7,TypeC,33.7,1.27,11.54,12.54,13.54,60.0,1.15,1.25,1.35,6.0,Absolute_Failure,50
C12760,L7,TypeA,27.03,1.18,14.15,15.15,34.15,36.15,1.41,1.51,3.41,3.61,Sudden_Anomaly,50
C12761,L7,TypeC,27.43,1.14,14.96,15.96,16.96,60.0,1.5,1.6,1.7,6.0,Absolute_Failure,50
C12762,L7,TypeB,32.88,1.1,12.45,13.45,14.45,60.0,1.25,1.35,1.45,6.0,Absolute_Failure,50
C12763,L7,TypeB,28.13,1.22,9.68,10.68,29.68,31.68,0.97,1.07,2.97,3.17,Sudden_Anomaly,50
C12764,L7,TypeB,28.43,1.07,12.59,14.59,17.59,22.59,1.26,1.46,1.76,2.26,Latent_Defect,50
C12765,L7,TypeB,32.49,1.09,12.93,14.93,17.93,22.93,1.29,1.49,1.79,2.29,Latent_Defect,50
C12766,L7,TypeC,30.8,1.25,9.63,10.63,11.63,12.63,0.96,1.06,1.16,1.26,Normal,50
C12767,L7,TypeA,28.26,1.02,12.36,14.36,17.36,22.36,1.24,1.44,1.74,2.24,Latent_Defect,50
C12768,L7,TypeA,27.38,1.23,12.95,14.95,17.95,22.95,1.3,1.5,1.8,2.3,Latent_Defect,50
C12769,L7,TypeB,26.32,1.01,8.29,9.29,10.29,11.29,0.83,0.93,1.03,1.13,Normal,50
C12770,L7,TypeC,32.61,1.11,9.92,10.92,11.92,60.0,0.99,1.09,1.19,6.0,Absolute_Failure,50
C12771,L7,TypeA,27.67,1.12,14.54,15.54,16.54,17.54,1.45,1.55,1.65,1.75,Normal,50
C12772,L7,TypeB,28.68,1.14,10.8,10.8,10.8,10.8,1.08,1.08,1.08,1.08,High_Stable,50
C12773,L7,TypeC,31.44,1.11,9.88,9.88,9.88,9.88,0.99,0.99,0.99,0.99,High_Stable,50
C12774,L7,TypeA,32.1,1.05,8.98,10.98,13.98,18.98,0.9,1.1,1.4,1.9,Latent_Defect,50
C12775,L7,TypeA,31.17,1.29,13.65,14.65,15.65,16.65,1.37,1.47,1.57,1.67,Normal,50
C12776,L7,TypeC,28.31,1.2,10.19,11.19,30.19,32.19,1.02,1.12,3.02,3.22,Sudden_Anomaly,50
C12777,L7,TypeB,31.22,1.11,10.45,11.45,30.45,32.45,1.04,1.14,3.04,3.24,Sudden_Anomaly,50
C12778,L7,TypeA,27.6,1.24,10.75,10.75,10.75,10.75,1.07,1.07,1.07,1.07,High_Stable,50
C12779,L7,TypeB,28.45,1.14,9.77,10.77,11.77,60.0,0.98,1.08,1.18,6.0,Absolute_Failure,50
C12780,L7,TypeA,34.19,1.08,11.63,12.63,13.63,14.63,1.16,1.26,1.36,1.46,Normal,50
C12781,L7,TypeA,26.21,1.02,13.37,14.37,15.37,60.0,1.34,1.44,1.54,6.0,Absolute_Failure,50
C12782,L7,TypeA,28.69,1.12,14.7,15.7,16.7,17.7,1.47,1.57,1.67,1.77,Normal,50
C12783,L7,TypeA,31.19,1.27,11.72,12.72,13.72,14.72,1.17,1.27,1.37,1.47,Normal,50
C12784,L7,TypeC,25.91,1.01,14.76,14.76,14.76,14.76,1.48,1.48,1.48,1.48,High_Stable,50
C12785,L7,TypeA,28.13,1.01,11.71,13.71,16.71,21.71,1.17,1.37,1.67,2.17,Latent_Defect,50
C12786,L7,TypeA,32.1,1.13,14.38,16.38,19.38,24.38,1.44,1.64,1.94,2.44,Latent_Defect,50
C12787,L7,TypeC,26.91,1.29,11.25,12.25,13.25,60.0,1.13,1.23,1.33,6.0,Absolute_Failure,50
C12788,L7,TypeC,31.6,1.11,8.42,9.42,10.42,11.42,0.84,0.94,1.04,1.14,Normal,50
C12789,L7,TypeB,26.83,1.15,13.85,14.85,15.85,60.0,1.39,1.49,1.59,6.0,Absolute_Failure,50
C12790,L7,TypeB,26.36,1.23,12.26,13.26,14.26,15.26,1.23,1.33,1.43,1.53,Normal,50
C12791,L7,TypeA,32.31,1.22,10.25,11.25,12.25,60.0,1.02,1.12,1.22,6.0,Absolute_Failure,50
C12792,L7,TypeB,25.97,1.12,12.25,13.25,14.25,60.0,1.23,1.33,1.43,6.0,Absolute_Failure,50
C12793,L7,TypeC,32.55,1.05,11.25,13.25,16.25,21.25,1.12,1.32,1.62,2.12,Latent_Defect,50
C12794,L7,TypeC,25.3,1.2,9.33,10.33,11.33,12.33,0.93,1.03,1.13,1.23,Normal,50
C12795,L7,TypeA,32.16,1.16,9.84,10.84,11.84,60.0,0.98,1.08,1.18,6.0,Absolute_Failure,50
C12796,L7,TypeC,25.31,1.27,10.78,11.78,12.78,13.78,1.08,1.18,1.28,1.38,Normal,50
C12797,L7,TypeC,34.94,1.13,12.7,13.7,14.7,60.0,1.27,1.37,1.47,6.0,Absolute_Failure,50
C12798,L7,TypeA,34.38,1.28,10.07,11.07,30.07,32.07,1.01,1.11,3.01,3.21,Sudden_Anomaly,50
C12799,L7,TypeB,32.02,1.17,11.4,11.4,11.4,11.4,1.14,1.14,1.14,1.14,High_Stable,50
C12800,L7,TypeC,29.03,1.24,12.47,13.47,14.47,60.0,1.25,1.35,1.45,6.0,Absolute_Failure,50
C12801,L7,TypeB,25.21,1.01,8.56,9.56,10.56,60.0,0.86,0.96,1.06,6.0,Absolute_Failure,50
C12802,L7,TypeB,30.71,1.09,11.66,12.66,13.66,14.66,1.17,1.27,1.37,1.47,Normal,50
C12803,L7,TypeA,26.18,1.22,10.4,11.4,30.4,32.4,1.04,1.14,3.04,3.24,Sudden_Anomaly,50
C12804,L7,TypeA,32.44,1.09,12.42,12.42,12.42,12.42,1.24,1.24,1.24,1.24,High_Stable,50
C12805,L7,TypeC,33.93,1.26,8.59,10.59,13.59,18.59,0.86,1.06,1.36,1.86,Latent_Defect,50
C12806,L7,TypeC,30.5,1.04,10.47,11.47,12.47,13.47,1.05,1.15,1.25,1.35,Normal,50
C12807,L7,TypeA,29.08,1.05,14.7,15.7,16.7,17.7,1.47,1.57,1.67,1.77,Normal,50
C12808,L7,TypeC,26.84,1.19,11.18,13.18,16.18,21.18,1.12,1.32,1.62,2.12,Latent_Defect,50
C12809,L7,TypeC,34.09,1.19,13.74,13.74,13.74,13.74,1.37,1.37,1.37,1.37,High_Stable,50
C12810,L7,TypeA,29.56,1.21,13.65,14.65,15.65,60.0,1.37,1.47,1.57,6.0,Absolute_Failure,50
C12811,L7,TypeA,32.57,1.22,11.88,12.88,13.88,14.88,1.19,1.29,1.39,1.49,Normal,50
C12812,L7,TypeB,26.16,1.16,13.95,15.95,18.95,23.95,1.4,1.6,1.9,2.4,Latent_Defect,50
C12813,L7,TypeA,33.32,1.2,14.52,14.52,14.52,14.52,1.45,1.45,1.45,1.45,High_Stable,50
C12814,L7,TypeA,32.95,1.2,9.68,10.68,11.68,12.68,0.97,1.07,1.17,1.27,Normal,50
C12815,L7,TypeB,33.11,1.19,11.93,12.93,31.93,33.93,1.19,1.29,3.19,3.39,Sudden_Anomaly,50
C12816,L7,TypeB,31.14,1.26,12.29,13.29,14.29,60.0,1.23,1.33,1.43,6.0,Absolute_Failure,50
C12817,L7,TypeC,34.55,1.03,14.06,15.06,16.06,17.06,1.41,1.51,1.61,1.71,Normal,50
C12818,L7,TypeA,25.9,1.22,13.27,14.27,33.27,35.27,1.33,1.43,3.33,3.53,Sudden_Anomaly,50
C12819,L7,TypeA,34.51,1.28,13.17,14.17,15.17,16.17,1.32,1.42,1.52,1.62,Normal,50
C12820,L7,TypeB,29.51,1.06,13.57,14.57,15.57,60.0,1.36,1.46,1.56,6.0,Absolute_Failure,50
C12821,L7,TypeA,34.61,1.19,12.23,12.23,12.23,12.23,1.22,1.22,1.22,1.22,High_Stable,50
C12822,L7,TypeC,34.68,1.28,13.14,13.14,13.14,13.14,1.31,1.31,1.31,1.31,High_Stable,50
C12823,L7,TypeB,26.04,1.1,12.88,13.88,32.88,34.88,1.29,1.39,3.29,3.49,Sudden_Anomaly,50
C12824,L7,TypeC,30.9,1.13,8.76,9.76,28.76,30.76,0.88,0.98,2.88,3.08,Sudden_Anomaly,50
C12825,L7,TypeB,34.0,1.04,13.2,14.2,15.2,16.2,1.32,1.42,1.52,1.62,Normal,50
C12826,L7,TypeB,34.86,1.26,13.97,13.97,13.97,13.97,1.4,1.4,1.4,1.4,High_Stable,50
C12827,L7,TypeB,33.67,1.29,9.29,10.29,11.29,12.29,0.93,1.03,1.13,1.23,Normal,50
C12828,L7,TypeC,26.68,1.07,8.11,9.11,10.11,11.11,0.81,0.91,1.01,1.11,Normal,50
C12829,L7,TypeB,32.44,1.17,12.64,13.64,14.64,15.64,1.26,1.36,1.46,1.56,Normal,50
C12830,L7,TypeA,26.24,1.15,12.97,13.97,32.97,34.97,1.3,1.4,3.3,3.5,Sudden_Anomaly,50
C12831,L7,TypeB,25.23,1.21,14.87,16.87,19.87,24.87,1.49,1.69,1.99,2.49,Latent_Defect,50
C12832,L7,TypeB,26.29,1.24,8.75,9.75,10.75,11.75,0.87,0.97,1.07,1.17,Normal,50
C12833,L7,TypeB,26.34,1.24,10.05,12.05,15.05,20.05,1.01,1.21,1.51,2.01,Latent_Defect,50
C12834,L7,TypeB,28.2,1.28,11.47,11.47,11.47,11.47,1.15,1.15,1.15,1.15,High_Stable,50
C12835,L7,TypeB,32.03,1.2,12.31,14.31,17.31,22.31,1.23,1.43,1.73,2.23,Latent_Defect,50
C12836,L7,TypeC,31.34,1.13,9.59,10.59,11.59,60.0,0.96,1.06,1.16,6.0,Absolute_Failure,50
C12837,L7,TypeB,32.51,1.09,10.94,11.94,12.94,60.0,1.09,1.19,1.29,6.0,Absolute_Failure,50
C12838,L7,TypeB,31.31,1.18,14.13,14.13,14.13,14.13,1.41,1.41,1.41,1.41,High_Stable,50
C12839,L7,TypeC,33.73,1.26,8.88,9.88,28.88,30.88,0.89,0.99,2.89,3.09,Sudden_Anomaly,50
C12840,L7,TypeB,28.05,1.28,8.27,9.27,28.27,30.27,0.83,0.93,2.83,3.03,Sudden_Anomaly,50
C12841,L7,TypeB,25.81,1.12,12.96,12.96,12.96,12.96,1.3,1.3,1.3,1.3,High_Stable,50
C12842,L7,TypeA,29.19,1.01,13.85,13.85,13.85,13.85,1.39,1.39,1.39,1.39,High_Stable,50
C12843,L7,TypeC,33.51,1.06,9.93,11.93,14.93,19.93,0.99,1.19,1.49,1.99,Latent_Defect,50
C12844,L7,TypeB,31.02,1.15,14.95,15.95,34.95,36.95,1.49,1.59,3.49,3.69,Sudden_Anomaly,50
C12845,L7,TypeC,30.14,1.23,11.97,12.97,13.97,14.97,1.2,1.3,1.4,1.5,Normal,50
C12846,L7,TypeC,34.85,1.3,8.49,9.49,10.49,60.0,0.85,0.95,1.05,6.0,Absolute_Failure,50
C12847,L7,TypeC,29.68,1.01,13.29,14.29,33.29,35.29,1.33,1.43,3.33,3.53,Sudden_Anomaly,50
C12848,L7,TypeB,28.94,1.09,12.12,12.12,12.12,12.12,1.21,1.21,1.21,1.21,High_Stable,50
C12849,L7,TypeC,25.78,1.21,12.07,13.07,32.07,34.07,1.21,1.31,3.21,3.41,Sudden_Anomaly,50
C12850,L7,TypeB,31.71,1.08,8.15,10.15,13.15,18.15,0.82,1.02,1.32,1.82,Latent_Defect,50
C12851,L7,TypeC,31.43,1.1,9.64,9.64,9.64,9.64,0.96,0.96,0.96,0.96,High_Stable,50
C12852,L7,TypeC,26.5,1.09,8.45,9.45,10.45,11.45,0.84,0.94,1.04,1.14,Normal,50
C12853,L7,TypeB,29.77,1.12,9.47,10.47,11.47,60.0,0.95,1.05,1.15,6.0,Absolute_Failure,50
C12854,L7,TypeA,26.35,1.03,9.63,11.63,14.63,19.63,0.96,1.16,1.46,1.96,Latent_Defect,50
C12855,L7,TypeA,32.26,1.12,12.21,13.21,32.21,34.21,1.22,1.32,3.22,3.42,Sudden_Anomaly,50
C12856,L7,TypeC,28.53,1.06,13.25,15.25,18.25,23.25,1.33,1.53,1.83,2.33,Latent_Defect,50
C12857,L7,TypeA,31.97,1.26,12.74,14.74,17.74,22.74,1.27,1.47,1.77,2.27,Latent_Defect,50
C12858,L7,TypeC,26.8,1.27,12.76,13.76,14.76,60.0,1.28,1.38,1.48,6.0,Absolute_Failure,50
C12859,L7,TypeB,29.26,1.04,10.6,10.6,10.6,10.6,1.06,1.06,1.06,1.06,High_Stable,50
C12860,L7,TypeA,31.56,1.07,10.79,11.79,30.79,32.79,1.08,1.18,3.08,3.28,Sudden_Anomaly,50
C12861,L7,TypeB,30.31,1.09,14.09,15.09,34.09,36.09,1.41,1.51,3.41,3.61,Sudden_Anomaly,50
C12862,L7,TypeB,25.06,1.06,8.72,10.72,13.72,18.72,0.87,1.07,1.37,1.87,Latent_Defect,50
C12863,L7,TypeB,26.55,1.17,12.76,14.76,17.76,22.76,1.28,1.48,1.78,2.28,Latent_Defect,50
C12864,L7,TypeB,29.87,1.08,12.11,14.11,17.11,22.11,1.21,1.41,1.71,2.21,Latent_Defect,50
C12865,L7,TypeC,26.04,1.22,9.07,10.07,11.07,12.07,0.91,1.01,1.11,1.21,Normal,50
C12866,L7,TypeA,34.13,1.22,14.4,15.4,16.4,17.4,1.44,1.54,1.64,1.74,Normal,50
C12867,L7,TypeB,29.08,1.16,11.97,12.97,13.97,14.97,1.2,1.3,1.4,1.5,Normal,50
C12868,L7,TypeB,29.03,1.29,14.0,15.0,34.0,36.0,1.4,1.5,3.4,3.6,Sudden_Anomaly,50
C12869,L7,TypeB,26.65,1.25,9.83,10.83,11.83,12.83,0.98,1.08,1.18,1.28,Normal,50
C12870,L7,TypeA,31.52,1.29,10.35,11.35,12.35,13.35,1.04,1.14,1.24,1.34,Normal,50
C12871,L7,TypeB,32.36,1.27,8.35,10.35,13.35,18.35,0.83,1.03,1.33,1.83,Latent_Defect,50
C12872,L7,TypeB,30.46,1.11,12.79,13.79,14.79,15.79,1.28,1.38,1.48,1.58,Normal,50
C12873,L7,TypeC,33.08,1.09,9.51,11.51,14.51,19.51,0.95,1.15,1.45,1.95,Latent_Defect,50
C12874,L7,TypeB,29.04,1.24,11.46,12.46,13.46,14.46,1.15,1.25,1.35,1.45,Normal,50
C12875,L7,TypeC,29.14,1.04,9.86,10.86,11.86,12.86,0.99,1.09,1.19,1.29,Normal,50
C12876,L7,TypeC,27.45,1.07,8.73,8.73,8.73,8.73,0.87,0.87,0.87,0.87,High_Stable,50
C12877,L7,TypeA,33.11,1.29,11.22,11.22,11.22,11.22,1.12,1.12,1.12,1.12,High_Stable,50
C12878,L7,TypeB,33.87,1.15,8.46,10.46,13.46,18.46,0.85,1.05,1.35,1.85,Latent_Defect,50
C12879,L7,TypeB,34.55,1.03,13.17,14.17,15.17,60.0,1.32,1.42,1.52,6.0,Absolute_Failure,50
C12880,L7,TypeB,30.1,1.24,11.99,12.99,13.99,14.99,1.2,1.3,1.4,1.5,Normal,50
C12881,L7,TypeC,25.0,1.28,10.71,12.71,15.71,20.71,1.07,1.27,1.57,2.07,Latent_Defect,50
C12882,L7,TypeA,27.34,1.28,13.77,14.77,15.77,60.0,1.38,1.48,1.58,6.0,Absolute_Failure,50
C12883,L7,TypeB,26.74,1.03,14.25,15.25,16.25,60.0,1.43,1.53,1.63,6.0,Absolute_Failure,50
C12884,L7,TypeB,33.18,1.1,11.28,12.28,31.28,33.28,1.13,1.23,3.13,3.33,Sudden_Anomaly,50
C12885,L7,TypeC,31.84,1.24,9.51,10.51,29.51,31.51,0.95,1.05,2.95,3.15,Sudden_Anomaly,50
C12886,L7,TypeC,25.61,1.22,8.57,8.57,8.57,8.57,0.86,0.86,0.86,0.86,High_Stable,50
C12887,L7,TypeA,30.61,1.17,11.77,12.77,13.77,14.77,1.18,1.28,1.38,1.48,Normal,50
C12888,L7,TypeB,32.9,1.18,10.74,11.74,12.74,60.0,1.07,1.17,1.27,6.0,Absolute_Failure,50
C12889,L7,TypeB,30.54,1.2,11.56,12.56,31.56,33.56,1.16,1.26,3.16,3.36,Sudden_Anomaly,50
C12890,L7,TypeC,34.71,1.04,11.58,13.58,16.58,21.58,1.16,1.36,1.66,2.16,Latent_Defect,50
C12891,L7,TypeA,27.06,1.22,12.54,12.54,12.54,12.54,1.25,1.25,1.25,1.25,High_Stable,50
C12892,L7,TypeA,29.36,1.08,10.1,11.1,30.1,32.1,1.01,1.11,3.01,3.21,Sudden_Anomaly,50
C12893,L7,TypeB,33.31,1.05,10.64,12.64,15.64,20.64,1.06,1.26,1.56,2.06,Latent_Defect,50
C12894,L7,TypeC,33.82,1.02,12.59,13.59,32.59,34.59,1.26,1.36,3.26,3.46,Sudden_Anomaly,50
C12895,L7,TypeC,32.24,1.1,11.71,12.71,31.71,33.71,1.17,1.27,3.17,3.37,Sudden_Anomaly,50
C12896,L7,TypeC,34.88,1.24,12.29,13.29,14.29,60.0,1.23,1.33,1.43,6.0,Absolute_Failure,50
C12897,L7,TypeA,27.97,1.01,13.97,14.97,15.97,16.97,1.4,1.5,1.6,1.7,Normal,50
C12898,L7,TypeC,31.29,1.26,12.99,13.99,14.99,60.0,1.3,1.4,1.5,6.0,Absolute_Failure,50
C12899,L7,TypeB,27.54,1.04,11.75,11.75,11.75,11.75,1.17,1.17,1.17,1.17,High_Stable,50
C12900,L7,TypeA,29.0,1.05,9.36,10.36,29.36,31.36,0.94,1.04,2.94,3.14,Sudden_Anomaly,50
C12901,L7,TypeB,27.94,1.26,11.75,12.75,13.75,60.0,1.17,1.27,1.37,6.0,Absolute_Failure,50
C12902,L7,TypeA,33.77,1.08,12.74,13.74,14.74,60.0,1.27,1.37,1.47,6.0,Absolute_Failure,50
C12903,L7,TypeA,30.45,1.07,11.72,12.72,13.72,60.0,1.17,1.27,1.37,6.0,Absolute_Failure,50
C12904,L7,TypeC,25.36,1.08,13.33,14.33,15.33,16.33,1.33,1.43,1.53,1.63,Normal,50
C12905,L7,TypeB,31.84,1.11,9.36,11.36,14.36,19.36,0.94,1.14,1.44,1.94,Latent_Defect,50
C12906,L7,TypeC,26.95,1.25,12.21,13.21,14.21,15.21,1.22,1.32,1.42,1.52,Normal,50
C12907,L7,TypeC,29.45,1.27,12.39,13.39,32.39,34.39,1.24,1.34,3.24,3.44,Sudden_Anomaly,50
C12908,L7,TypeC,31.84,1.3,13.82,15.82,18.82,23.82,1.38,1.58,1.88,2.38,Latent_Defect,50
C12909,L7,TypeC,25.82,1.27,14.74,16.74,19.74,24.74,1.47,1.67,1.97,2.47,Latent_Defect,50
C12910,L7,TypeA,32.79,1.24,9.96,10.96,29.96,31.96,1.0,1.1,3.0,3.2,Sudden_Anomaly,50
C12911,L7,TypeA,25.48,1.22,14.48,16.48,19.48,24.48,1.45,1.65,1.95,2.45,Latent_Defect,50
C12912,L7,TypeC,33.81,1.2,12.66,13.66,32.66,34.66,1.27,1.37,3.27,3.47,Sudden_Anomaly,50
C12913,L7,TypeA,25.57,1.13,12.26,14.26,17.26,22.26,1.23,1.43,1.73,2.23,Latent_Defect,50
C12914,L7,TypeC,26.09,1.11,14.43,14.43,14.43,14.43,1.44,1.44,1.44,1.44,High_Stable,50
C12915,L7,TypeC,29.88,1.27,14.28,16.28,19.28,24.28,1.43,1.63,1.93,2.43,Latent_Defect,50
C12916,L7,TypeC,34.07,1.1,9.18,10.18,11.18,60.0,0.92,1.02,1.12,6.0,Absolute_Failure,50
C12917,L7,TypeA,34.48,1.1,12.53,13.53,14.53,15.53,1.25,1.35,1.45,1.55,Normal,50
C12918,L7,TypeA,32.13,1.23,8.48,10.48,13.48,18.48,0.85,1.05,1.35,1.85,Latent_Defect,50
C12919,L7,TypeB,29.97,1.04,9.5,10.5,11.5,12.5,0.95,1.05,1.15,1.25,Normal,50
C12920,L7,TypeC,32.34,1.26,9.5,10.5,11.5,60.0,0.95,1.05,1.15,6.0,Absolute_Failure,50
C12921,L7,TypeB,32.29,1.11,9.08,10.08,11.08,12.08,0.91,1.01,1.11,1.21,Normal,50
C12922,L7,TypeB,32.44,1.07,10.18,11.18,12.18,60.0,1.02,1.12,1.22,6.0,Absolute_Failure,50
C12923,L7,TypeC,26.76,1.05,12.69,13.69,14.69,15.69,1.27,1.37,1.47,1.57,Normal,50
C12924,L7,TypeB,33.19,1.15,8.36,9.36,28.36,30.36,0.84,0.94,2.84,3.04,Sudden_Anomaly,50
C12925,L7,TypeB,26.61,1.19,9.88,10.88,11.88,12.88,0.99,1.09,1.19,1.29,Normal,50
C12926,L7,TypeB,26.93,1.01,8.71,9.71,10.71,11.71,0.87,0.97,1.07,1.17,Normal,50
C12927,L7,TypeA,28.57,1.0,12.97,13.97,14.97,60.0,1.3,1.4,1.5,6.0,Absolute_Failure,50
C12928,L7,TypeB,34.78,1.29,9.71,11.71,14.71,19.71,0.97,1.17,1.47,1.97,Latent_Defect,50
C12929,L7,TypeB,31.36,1.09,10.78,11.78,12.78,60.0,1.08,1.18,1.28,6.0,Absolute_Failure,50
C12930,L7,TypeA,33.3,1.01,10.2,11.2,30.2,32.2,1.02,1.12,3.02,3.22,Sudden_Anomaly,50
C12931,L7,TypeB,29.26,1.24,9.94,10.94,11.94,12.94,0.99,1.09,1.19,1.29,Normal,50
C12932,L7,TypeC,29.2,1.06,14.98,15.98,16.98,17.98,1.5,1.6,1.7,1.8,Normal,50
C12933,L7,TypeB,32.18,1.04,13.07,15.07,18.07,23.07,1.31,1.51,1.81,2.31,Latent_Defect,50
C12934,L7,TypeC,28.03,1.05,13.15,14.15,15.15,60.0,1.31,1.41,1.51,6.0,Absolute_Failure,50
C12935,L7,TypeC,25.95,1.1,12.82,13.82,14.82,60.0,1.28,1.38,1.48,6.0,Absolute_Failure,50
C12936,L7,TypeB,34.87,1.13,13.55,14.55,33.55,35.55,1.36,1.46,3.36,3.56,Sudden_Anomaly,50
C12937,L7,TypeB,26.11,1.21,13.49,14.49,33.49,35.49,1.35,1.45,3.35,3.55,Sudden_Anomaly,50
C12938,L7,TypeA,34.16,1.23,10.41,11.41,30.41,32.41,1.04,1.14,3.04,3.24,Sudden_Anomaly,50
C12939,L7,TypeC,26.19,1.17,8.15,9.15,10.15,11.15,0.82,0.92,1.02,1.12,Normal,50
C12940,L7,TypeB,31.05,1.09,12.3,12.3,12.3,12.3,1.23,1.23,1.23,1.23,High_Stable,50
C12941,L7,TypeA,27.54,1.05,13.55,15.55,18.55,23.55,1.35,1.55,1.85,2.35,Latent_Defect,50
C12942,L7,TypeB,27.25,1.17,9.69,9.69,9.69,9.69,0.97,0.97,0.97,0.97,High_Stable,50
C12943,L7,TypeB,28.22,1.0,14.8,15.8,34.8,36.8,1.48,1.58,3.48,3.68,Sudden_Anomaly,50
C12944,L7,TypeB,34.96,1.28,13.06,14.06,15.06,16.06,1.31,1.41,1.51,1.61,Normal,50
C12945,L7,TypeA,29.14,1.11,8.78,9.78,10.78,11.78,0.88,0.98,1.08,1.18,Normal,50
C12946,L7,TypeC,28.4,1.03,8.32,9.32,10.32,11.32,0.83,0.93,1.03,1.13,Normal,50
C12947,L7,TypeC,26.69,1.25,14.24,14.24,14.24,14.24,1.42,1.42,1.42,1.42,High_Stable,50
C12948,L7,TypeC,31.74,1.24,13.94,13.94,13.94,13.94,1.39,1.39,1.39,1.39,High_Stable,50
C12949,L7,TypeB,32.04,1.25,9.41,10.41,11.41,60.0,0.94,1.04,1.14,6.0,Absolute_Failure,50
C12950,L7,TypeC,28.91,1.26,8.22,9.22,10.22,60.0,0.82,0.92,1.02,6.0,Absolute_Failure,50
C12951,L7,TypeA,33.6,1.1,9.53,10.53,11.53,12.53,0.95,1.05,1.15,1.25,Normal,50
C12952,L7,TypeB,31.01,1.01,12.51,14.51,17.51,22.51,1.25,1.45,1.75,2.25,Latent_Defect,50
C12953,L7,TypeB,27.51,1.02,8.93,9.93,28.93,30.93,0.89,0.99,2.89,3.09,Sudden_Anomaly,50
C12954,L7,TypeC,28.67,1.03,14.09,15.09,34.09,36.09,1.41,1.51,3.41,3.61,Sudden_Anomaly,50
C12955,L7,TypeA,28.45,1.05,10.86,10.86,10.86,10.86,1.09,1.09,1.09,1.09,High_Stable,50
C12956,L7,TypeC,28.0,1.12,13.85,14.85,15.85,16.85,1.39,1.49,1.59,1.69,Normal,50
C12957,L7,TypeB,25.64,1.19,12.56,14.56,17.56,22.56,1.26,1.46,1.76,2.26,Latent_Defect,50
C12958,L7,TypeA,29.09,1.06,14.89,15.89,34.89,36.89,1.49,1.59,3.49,3.69,Sudden_Anomaly,50
C12959,L7,TypeA,34.12,1.09,9.3,10.3,29.3,31.3,0.93,1.03,2.93,3.13,Sudden_Anomaly,50
C12960,L7,TypeA,26.62,1.26,9.06,10.06,29.06,31.06,0.91,1.01,2.91,3.11,Sudden_Anomaly,50
C12961,L7,TypeA,34.67,1.09,13.1,14.1,33.1,35.1,1.31,1.41,3.31,3.51,Sudden_Anomaly,50
C12962,L7,TypeB,27.22,1.09,13.33,13.33,13.33,13.33,1.33,1.33,1.33,1.33,High_Stable,50
C12963,L7,TypeA,26.64,1.17,8.77,9.77,28.77,30.77,0.88,0.98,2.88,3.08,Sudden_Anomaly,50
C12964,L7,TypeB,34.4,1.11,14.91,14.91,14.91,14.91,1.49,1.49,1.49,1.49,High_Stable,50
C12965,L7,TypeC,28.15,1.04,11.11,12.11,13.11,60.0,1.11,1.21,1.31,6.0,Absolute_Failure,50
C12966,L7,TypeC,27.88,1.16,9.51,10.51,29.51,31.51,0.95,1.05,2.95,3.15,Sudden_Anomaly,50
C12967,L7,TypeA,34.76,1.25,10.06,10.06,10.06,10.06,1.01,1.01,1.01,1.01,High_Stable,50
C12968,L7,TypeA,33.62,1.07,11.91,12.91,31.91,33.91,1.19,1.29,3.19,3.39,Sudden_Anomaly,50
C12969,L7,TypeC,28.06,1.12,8.38,10.38,13.38,18.38,0.84,1.04,1.34,1.84,Latent_Defect,50
C12970,L7,TypeB,30.1,1.03,10.82,12.82,15.82,20.82,1.08,1.28,1.58,2.08,Latent_Defect,50
C12971,L7,TypeA,34.41,1.03,10.85,11.85,12.85,60.0,1.08,1.18,1.28,6.0,Absolute_Failure,50
C12972,L7,TypeA,25.37,1.18,14.93,15.93,16.93,17.93,1.49,1.59,1.69,1.79,Normal,50
C12973,L7,TypeB,25.15,1.2,9.29,10.29,11.29,12.29,0.93,1.03,1.13,1.23,Normal,50
C12974,L7,TypeA,31.94,1.03,13.36,14.36,15.36,60.0,1.34,1.44,1.54,6.0,Absolute_Failure,50
C12975,L7,TypeA,34.29,1.18,8.63,8.63,8.63,8.63,0.86,0.86,0.86,0.86,High_Stable,50
C12976,L7,TypeB,31.16,1.2,12.75,13.75,14.75,15.75,1.27,1.37,1.47,1.57,Normal,50
C12977,L7,TypeC,31.51,1.04,10.99,11.99,12.99,60.0,1.1,1.2,1.3,6.0,Absolute_Failure,50
C12978,L7,TypeA,34.64,1.06,9.05,10.05,11.05,60.0,0.91,1.01,1.11,6.0,Absolute_Failure,50
C12979,L7,TypeA,32.69,1.22,14.17,15.17,34.17,36.17,1.42,1.52,3.42,3.62,Sudden_Anomaly,50
C12980,L7,TypeC,28.09,1.26,11.29,12.29,31.29,33.29,1.13,1.23,3.13,3.33,Sudden_Anomaly,50
C12981,L7,TypeC,30.88,1.14,10.04,11.04,12.04,13.04,1.0,1.1,1.2,1.3,Normal,50
C12982,L7,TypeB,29.92,1.09,8.1,9.1,10.1,60.0,0.81,0.91,1.01,6.0,Absolute_Failure,50
C12983,L7,TypeA,31.31,1.0,10.9,12.9,15.9,20.9,1.09,1.29,1.59,2.09,Latent_Defect,50
C12984,L7,TypeB,28.11,1.04,10.34,11.34,12.34,13.34,1.03,1.13,1.23,1.33,Normal,50
C12985,L7,TypeA,26.04,1.21,13.23,15.23,18.23,23.23,1.32,1.52,1.82,2.32,Latent_Defect,50
C12986,L7,TypeA,32.3,1.18,9.74,10.74,29.74,31.74,0.97,1.07,2.97,3.17,Sudden_Anomaly,50
C12987,L7,TypeA,33.44,1.1,8.98,8.98,8.98,8.98,0.9,0.9,0.9,0.9,High_Stable,50
C12988,L7,TypeB,34.67,1.22,14.55,14.55,14.55,14.55,1.45,1.45,1.45,1.45,High_Stable,50
C12989,L7,TypeB,31.11,1.15,9.16,10.16,11.16,60.0,0.92,1.02,1.12,6.0,Absolute_Failure,50
C12990,L7,TypeC,27.91,1.04,14.35,14.35,14.35,14.35,1.44,1.44,1.44,1.44,High_Stable,50
C12991,L7,TypeA,31.46,1.05,14.18,16.18,19.18,24.18,1.42,1.62,1.92,2.42,Latent_Defect,50
C12992,L7,TypeC,31.6,1.0,13.66,15.66,18.66,23.66,1.37,1.57,1.87,2.37,Latent_Defect,50
C12993,L7,TypeA,31.17,1.1,13.74,15.74,18.74,23.74,1.37,1.57,1.87,2.37,Latent_Defect,50
C12994,L7,TypeA,34.95,1.25,11.03,12.03,31.03,33.03,1.1,1.2,3.1,3.3,Sudden_Anomaly,50
C12995,L7,TypeB,27.71,1.08,8.12,9.12,10.12,60.0,0.81,0.91,1.01,6.0,Absolute_Failure,50
C12996,L7,TypeA,34.61,1.23,14.95,15.95,16.95,60.0,1.5,1.6,1.7,6.0,Absolute_Failure,50
C12997,L7,TypeA,32.07,1.17,12.18,13.18,14.18,60.0,1.22,1.32,1.42,6.0,Absolute_Failure,50
C12998,L7,TypeC,34.4,1.25,11.39,12.39,13.39,60.0,1.14,1.24,1.34,6.0,Absolute_Failure,50
C12999,L7,TypeB,34.47,1.06,8.79,9.79,28.79,30.79,0.88,0.98,2.88,3.08,Sudden_Anomaly,50
C13000,L7,TypeA,26.36,1.19,13.63,14.63,15.63,16.63,1.36,1.46,1.56,1.66,Normal,50
C13001,L7,TypeC,30.78,1.1,8.53,9.53,28.53,30.53,0.85,0.95,2.85,3.05,Sudden_Anomaly,50
C13002,L7,TypeA,28.1,1.1,12.83,14.83,17.83,22.83,1.28,1.48,1.78,2.28,Latent_Defect,50
C13003,L7,TypeB,31.89,1.19,8.18,8.18,8.18,8.18,0.82,0.82,0.82,0.82,High_Stable,50
C13004,L7,TypeC,26.76,1.23,11.99,11.99,11.99,11.99,1.2,1.2,1.2,1.2,High_Stable,50
C13005,L7,TypeC,28.71,1.06,11.08,13.08,16.08,21.08,1.11,1.31,1.61,2.11,Latent_Defect,50
C13006,L7,TypeB,32.67,1.14,14.16,15.16,34.16,36.16,1.42,1.52,3.42,3.62,Sudden_Anomaly,50
C13007,L7,TypeB,28.88,1.01,12.6,14.6,17.6,22.6,1.26,1.46,1.76,2.26,Latent_Defect,50
C13008,L7,TypeA,30.98,1.06,9.72,9.72,9.72,9.72,0.97,0.97,0.97,0.97,High_Stable,50
C13009,L7,TypeA,32.64,1.15,9.9,10.9,29.9,31.9,0.99,1.09,2.99,3.19,Sudden_Anomaly,50
C13010,L7,TypeC,33.34,1.04,14.05,14.05,14.05,14.05,1.41,1.41,1.41,1.41,High_Stable,50
C13011,L7,TypeC,27.03,1.18,12.42,13.42,14.42,60.0,1.24,1.34,1.44,6.0,Absolute_Failure,50
C13012,L7,TypeC,32.82,1.24,12.4,13.4,32.4,34.4,1.24,1.34,3.24,3.44,Sudden_Anomaly,50
C13013,L7,TypeB,28.52,1.25,11.04,12.04,13.04,60.0,1.1,1.2,1.3,6.0,Absolute_Failure,50
C13014,L7,TypeC,30.29,1.18,14.25,15.25,16.25,17.25,1.42,1.52,1.62,1.72,Normal,50
C13015,L7,TypeC,32.3,1.15,10.86,11.86,12.86,60.0,1.09,1.19,1.29,6.0,Absolute_Failure,50
C13016,L7,TypeC,28.22,1.04,13.85,14.85,33.85,35.85,1.38,1.48,3.38,3.58,Sudden_Anomaly,50
C13017,L7,TypeB,33.46,1.28,10.39,10.39,10.39,10.39,1.04,1.04,1.04,1.04,High_Stable,50
C13018,L7,TypeA,29.0,1.17,10.07,11.07,30.07,32.07,1.01,1.11,3.01,3.21,Sudden_Anomaly,50
C13019,L7,TypeA,29.27,1.16,10.92,11.92,12.92,60.0,1.09,1.19,1.29,6.0,Absolute_Failure,50
C13020,L7,TypeB,33.06,1.07,11.0,12.0,13.0,60.0,1.1,1.2,1.3,6.0,Absolute_Failure,50
C13021,L7,TypeC,33.35,1.09,9.64,10.64,11.64,60.0,0.96,1.06,1.16,6.0,Absolute_Failure,50
C13022,L7,TypeC,32.28,1.22,12.34,12.34,12.34,12.34,1.23,1.23,1.23,1.23,High_Stable,50
C13023,L7,TypeA,34.36,1.18,11.22,11.22,11.22,11.22,1.12,1.12,1.12,1.12,High_Stable,50
C13024,L7,TypeA,26.69,1.05,12.92,13.92,32.92,34.92,1.29,1.39,3.29,3.49,Sudden_Anomaly,50
C13025,L7,TypeC,27.33,1.23,8.69,8.69,8.69,8.69,0.87,0.87,0.87,0.87,High_Stable,50
C13026,L7,TypeB,25.47,1.09,9.34,11.34,14.34,19.34,0.93,1.13,1.43,1.93,Latent_Defect,50
C13027,L7,TypeB,32.88,1.23,11.23,13.23,16.23,21.23,1.12,1.32,1.62,2.12,Latent_Defect,50
C13028,L7,TypeB,29.01,1.24,8.09,10.09,13.09,18.09,0.81,1.01,1.31,1.81,Latent_Defect,50
C13029,L7,TypeC,32.09,1.15,14.65,15.65,16.65,60.0,1.47,1.57,1.67,6.0,Absolute_Failure,50
C13030,L7,TypeC,31.91,1.08,10.21,10.21,10.21,10.21,1.02,1.02,1.02,1.02,High_Stable,50
C13031,L7,TypeB,30.38,1.22,11.35,11.35,11.35,11.35,1.13,1.13,1.13,1.13,High_Stable,50
C13032,L7,TypeC,26.81,1.04,11.71,11.71,11.71,11.71,1.17,1.17,1.17,1.17,High_Stable,50
C13033,L7,TypeA,30.61,1.17,13.17,15.17,18.17,23.17,1.32,1.52,1.82,2.32,Latent_Defect,50
C13034,L7,TypeC,34.7,1.09,14.94,15.94,16.94,17.94,1.49,1.59,1.69,1.79,Normal,50
C13035,L7,TypeC,26.46,1.18,9.47,10.47,29.47,31.47,0.95,1.05,2.95,3.15,Sudden_Anomaly,50
C13036,L7,TypeA,33.51,1.11,14.4,16.4,19.4,24.4,1.44,1.64,1.94,2.44,Latent_Defect,50
C13037,L7,TypeC,27.11,1.05,8.03,10.03,13.03,18.03,0.8,1.0,1.3,1.8,Latent_Defect,50
C13038,L7,TypeA,31.85,1.17,14.46,15.46,16.46,17.46,1.45,1.55,1.65,1.75,Normal,50
C13039,L7,TypeA,29.28,1.17,13.43,15.43,18.43,23.43,1.34,1.54,1.84,2.34,Latent_Defect,50
C13040,L7,TypeA,29.53,1.2,10.93,11.93,12.93,60.0,1.09,1.19,1.29,6.0,Absolute_Failure,50
C13041,L7,TypeB,33.58,1.07,13.13,13.13,13.13,13.13,1.31,1.31,1.31,1.31,High_Stable,50
C13042,L7,TypeA,29.09,1.09,14.81,15.81,16.81,60.0,1.48,1.58,1.68,6.0,Absolute_Failure,50
C13043,L7,TypeB,27.47,1.03,9.22,9.22,9.22,9.22,0.92,0.92,0.92,0.92,High_Stable,50
C13044,L7,TypeA,25.42,1.05,14.79,16.79,19.79,24.79,1.48,1.68,1.98,2.48,Latent_Defect,50
C13045,L7,TypeB,26.01,1.27,9.34,11.34,14.34,19.34,0.93,1.13,1.43,1.93,Latent_Defect,50
C13046,L7,TypeC,27.34,1.29,14.81,15.81,16.81,17.81,1.48,1.58,1.68,1.78,Normal,50
C13047,L7,TypeB,29.35,1.12,12.64,13.64,14.64,60.0,1.26,1.36,1.46,6.0,Absolute_Failure,50
C13048,L7,TypeA,32.51,1.26,8.73,8.73,8.73,8.73,0.87,0.87,0.87,0.87,High_Stable,50
C13049,L7,TypeA,28.06,1.25,12.05,13.05,14.05,15.05,1.2,1.3,1.4,1.5,Normal,50
C13050,L7,TypeA,30.78,1.11,14.93,15.93,16.93,17.93,1.49,1.59,1.69,1.79,Normal,50
C13051,L7,TypeA,28.16,1.24,8.12,9.12,10.12,11.12,0.81,0.91,1.01,1.11,Normal,50
C13052,L7,TypeB,25.31,1.29,13.67,14.67,33.67,35.67,1.37,1.47,3.37,3.57,Sudden_Anomaly,50
C13053,L7,TypeC,34.24,1.06,14.5,15.5,16.5,60.0,1.45,1.55,1.65,6.0,Absolute_Failure,50
C13054,L7,TypeA,27.42,1.08,9.52,10.52,29.52,31.52,0.95,1.05,2.95,3.15,Sudden_Anomaly,50
C13055,L7,TypeC,33.29,1.0,11.19,11.19,11.19,11.19,1.12,1.12,1.12,1.12,High_Stable,50
C13056,L7,TypeC,26.78,1.06,8.38,9.38,10.38,11.38,0.84,0.94,1.04,1.14,Normal,50
C13057,L7,TypeB,30.47,1.04,8.1,8.1,8.1,8.1,0.81,0.81,0.81,0.81,High_Stable,50
C13058,L7,TypeB,31.73,1.16,14.99,15.99,16.99,17.99,1.5,1.6,1.7,1.8,Normal,50
C13059,L7,TypeC,31.67,1.17,14.18,16.18,19.18,24.18,1.42,1.62,1.92,2.42,Latent_Defect,50
C13060,L7,TypeA,25.83,1.24,8.87,10.87,13.87,18.87,0.89,1.09,1.39,1.89,Latent_Defect,50
C13061,L7,TypeA,25.82,1.26,10.48,11.48,12.48,60.0,1.05,1.15,1.25,6.0,Absolute_Failure,50
C13062,L7,TypeB,25.7,1.23,8.94,10.94,13.94,18.94,0.89,1.09,1.39,1.89,Latent_Defect,50
C13063,L7,TypeC,28.48,1.29,10.54,11.54,12.54,60.0,1.05,1.15,1.25,6.0,Absolute_Failure,50
C13064,L7,TypeC,28.32,1.12,10.83,11.83,30.83,32.83,1.08,1.18,3.08,3.28,Sudden_Anomaly,50
C13065,L7,TypeA,29.58,1.21,14.99,15.99,16.99,60.0,1.5,1.6,1.7,6.0,Absolute_Failure,50
C13066,L7,TypeB,31.49,1.04,11.22,13.22,16.22,21.22,1.12,1.32,1.62,2.12,Latent_Defect,50
C13067,L7,TypeC,25.43,1.18,8.78,9.78,10.78,60.0,0.88,0.98,1.08,6.0,Absolute_Failure,50
C13068,L7,TypeC,33.39,1.14,13.59,14.59,33.59,35.59,1.36,1.46,3.36,3.56,Sudden_Anomaly,50
C13069,L7,TypeA,32.14,1.0,8.34,9.34,28.34,30.34,0.83,0.93,2.83,3.03,Sudden_Anomaly,50
C13070,L7,TypeB,34.5,1.02,11.79,13.79,16.79,21.79,1.18,1.38,1.68,2.18,Latent_Defect,50
C13071,L7,TypeB,25.1,1.03,13.82,13.82,13.82,13.82,1.38,1.38,1.38,1.38,High_Stable,50
C13072,L7,TypeB,32.69,1.06,14.42,15.42,16.42,17.42,1.44,1.54,1.64,1.74,Normal,50
C13073,L7,TypeB,30.04,1.25,14.52,14.52,14.52,14.52,1.45,1.45,1.45,1.45,High_Stable,50
C13074,L7,TypeA,33.21,1.2,14.63,15.63,16.63,17.63,1.46,1.56,1.66,1.76,Normal,50
C13075,L7,TypeA,32.89,1.26,12.4,13.4,14.4,15.4,1.24,1.34,1.44,1.54,Normal,50
C13076,L7,TypeC,26.54,1.04,14.97,15.97,34.97,36.97,1.5,1.6,3.5,3.7,Sudden_Anomaly,50
C13077,L7,TypeB,31.47,1.09,8.95,9.95,10.95,11.95,0.89,0.99,1.09,1.19,Normal,50
C13078,L7,TypeB,28.99,1.09,11.41,12.41,13.41,14.41,1.14,1.24,1.34,1.44,Normal,50
C13079,L7,TypeB,33.01,1.23,13.55,14.55,15.55,16.55,1.36,1.46,1.56,1.66,Normal,50
C13080,L7,TypeC,31.24,1.14,10.11,10.11,10.11,10.11,1.01,1.01,1.01,1.01,High_Stable,50
C13081,L7,TypeC,31.7,1.19,14.8,15.8,34.8,36.8,1.48,1.58,3.48,3.68,Sudden_Anomaly,50
C13082,L7,TypeC,33.06,1.02,10.24,11.24,12.24,13.24,1.02,1.12,1.22,1.32,Normal,50
C13083,L7,TypeA,33.24,1.22,10.03,11.03,12.03,13.03,1.0,1.1,1.2,1.3,Normal,50
C13084,L7,TypeA,28.59,1.3,9.22,11.22,14.22,19.22,0.92,1.12,1.42,1.92,Latent_Defect,50
C13085,L7,TypeB,34.17,1.18,8.51,9.51,10.51,60.0,0.85,0.95,1.05,6.0,Absolute_Failure,50
C13086,L7,TypeC,25.27,1.26,12.46,12.46,12.46,12.46,1.25,1.25,1.25,1.25,High_Stable,50
C13087,L7,TypeA,29.43,1.23,9.15,10.15,29.15,31.15,0.92,1.02,2.92,3.12,Sudden_Anomaly,50
C13088,L7,TypeC,29.0,1.14,11.41,11.41,11.41,11.41,1.14,1.14,1.14,1.14,High_Stable,50
C13089,L7,TypeA,27.7,1.07,12.76,13.76,32.76,34.76,1.28,1.38,3.28,3.48,Sudden_Anomaly,50
C13090,L7,TypeC,29.18,1.22,8.05,9.05,28.05,30.05,0.8,0.9,2.8,3.0,Sudden_Anomaly,50
C13091,L7,TypeA,33.96,1.16,13.7,14.7,33.7,35.7,1.37,1.47,3.37,3.57,Sudden_Anomaly,50
C13092,L7,TypeA,30.81,1.24,14.17,15.17,34.17,36.17,1.42,1.52,3.42,3.62,Sudden_Anomaly,50
C13093,L7,TypeA,33.6,1.15,14.98,16.98,19.98,24.98,1.5,1.7,2.0,2.5,Latent_Defect,50
C13094,L7,TypeC,25.31,1.25,12.38,13.38,14.38,15.38,1.24,1.34,1.44,1.54,Normal,50
C13095,L7,TypeA,33.45,1.1,8.88,9.88,10.88,11.88,0.89,0.99,1.09,1.19,Normal,50
C13096,L7,TypeA,28.15,1.04,11.05,11.05,11.05,11.05,1.1,1.1,1.1,1.1,High_Stable,50
C13097,L7,TypeC,33.37,1.14,14.35,15.35,16.35,17.35,1.44,1.54,1.64,1.74,Normal,50
C13098,L7,TypeA,28.56,1.22,10.98,10.98,10.98,10.98,1.1,1.1,1.1,1.1,High_Stable,50
C13099,L7,TypeC,27.01,1.07,10.58,10.58,10.58,10.58,1.06,1.06,1.06,1.06,High_Stable,50
C13100,L7,TypeC,27.45,1.28,12.99,13.99,32.99,34.99,1.3,1.4,3.3,3.5,Sudden_Anomaly,50
C13101,L7,TypeC,30.95,1.0,8.92,9.92,28.92,30.92,0.89,0.99,2.89,3.09,Sudden_Anomaly,50
C13102,L7,TypeA,29.65,1.0,8.68,10.68,13.68,18.68,0.87,1.07,1.37,1.87,Latent_Defect,50
C13103,L7,TypeA,27.3,1.09,11.25,12.25,31.25,33.25,1.12,1.22,3.12,3.32,Sudden_Anomaly,50
C13104,L7,TypeB,27.51,1.03,13.13,14.13,15.13,60.0,1.31,1.41,1.51,6.0,Absolute_Failure,50
C13105,L7,TypeB,34.18,1.05,9.84,10.84,29.84,31.84,0.98,1.08,2.98,3.18,Sudden_Anomaly,50
C13106,L7,TypeA,34.45,1.12,11.21,11.21,11.21,11.21,1.12,1.12,1.12,1.12,High_Stable,50
C13107,L7,TypeC,29.78,1.28,14.85,15.85,34.85,36.85,1.48,1.58,3.48,3.68,Sudden_Anomaly,50
C13108,L7,TypeC,29.75,1.27,10.83,11.83,30.83,32.83,1.08,1.18,3.08,3.28,Sudden_Anomaly,50
C13109,L7,TypeC,33.0,1.21,13.65,14.65,33.65,35.65,1.36,1.46,3.36,3.56,Sudden_Anomaly,50
C13110,L7,TypeA,31.52,1.21,14.94,15.94,16.94,60.0,1.49,1.59,1.69,6.0,Absolute_Failure,50
C13111,L7,TypeC,26.57,1.2,14.38,16.38,19.38,24.38,1.44,1.64,1.94,2.44,Latent_Defect,50
C13112,L7,TypeA,34.76,1.08,13.06,15.06,18.06,23.06,1.31,1.51,1.81,2.31,Latent_Defect,50
C13113,L7,TypeA,27.11,1.05,14.21,15.21,34.21,36.21,1.42,1.52,3.42,3.62,Sudden_Anomaly,50
C13114,L7,TypeC,26.84,1.12,11.0,11.0,11.0,11.0,1.1,1.1,1.1,1.1,High_Stable,50
C13115,L7,TypeA,25.02,1.02,10.11,11.11,12.11,60.0,1.01,1.11,1.21,6.0,Absolute_Failure,50
C13116,L7,TypeA,28.84,1.27,8.11,9.11,10.11,11.11,0.81,0.91,1.01,1.11,Normal,50
C13117,L7,TypeC,33.93,1.11,9.76,11.76,14.76,19.76,0.98,1.18,1.48,1.98,Latent_Defect,50
C13118,L7,TypeB,32.44,1.06,11.25,12.25,13.25,14.25,1.13,1.23,1.33,1.43,Normal,50
C13119,L7,TypeB,32.44,1.18,10.17,11.17,12.17,13.17,1.02,1.12,1.22,1.32,Normal,50
C13120,L7,TypeC,33.69,1.13,10.14,11.14,12.14,13.14,1.01,1.11,1.21,1.31,Normal,50
C13121,L7,TypeA,33.08,1.01,9.12,10.12,11.12,12.12,0.91,1.01,1.11,1.21,Normal,50
C13122,L7,TypeA,28.07,1.06,14.58,16.58,19.58,24.58,1.46,1.66,1.96,2.46,Latent_Defect,50
C13123,L7,TypeC,27.33,1.1,9.58,11.58,14.58,19.58,0.96,1.16,1.46,1.96,Latent_Defect,50
C13124,L7,TypeC,32.6,1.09,12.75,13.75,14.75,60.0,1.28,1.38,1.48,6.0,Absolute_Failure,50
C13125,L7,TypeB,30.89,1.19,9.08,9.08,9.08,9.08,0.91,0.91,0.91,0.91,High_Stable,50
C13126,L7,TypeC,26.54,1.07,11.62,12.62,31.62,33.62,1.16,1.26,3.16,3.36,Sudden_Anomaly,50
C13127,L7,TypeC,30.0,1.05,14.3,15.3,34.3,36.3,1.43,1.53,3.43,3.63,Sudden_Anomaly,50
C13128,L7,TypeB,30.37,1.21,8.21,8.21,8.21,8.21,0.82,0.82,0.82,0.82,High_Stable,50
C13129,L7,TypeC,25.66,1.16,9.98,10.98,11.98,12.98,1.0,1.1,1.2,1.3,Normal,50
C13130,L7,TypeB,27.96,1.28,13.71,14.71,33.71,35.71,1.37,1.47,3.37,3.57,Sudden_Anomaly,50
C13131,L7,TypeC,32.13,1.23,9.7,11.7,14.7,19.7,0.97,1.17,1.47,1.97,Latent_Defect,50
C13132,L7,TypeA,26.36,1.26,10.25,11.25,30.25,32.25,1.02,1.12,3.02,3.22,Sudden_Anomaly,50
C13133,L7,TypeC,27.17,1.28,12.08,13.08,14.08,60.0,1.21,1.31,1.41,6.0,Absolute_Failure,50
C13134,L7,TypeC,28.96,1.27,10.52,11.52,30.52,32.52,1.05,1.15,3.05,3.25,Sudden_Anomaly,50
C13135,L7,TypeB,29.88,1.08,14.59,15.59,16.59,17.59,1.46,1.56,1.66,1.76,Normal,50
C13136,L7,TypeB,26.15,1.2,13.98,15.98,18.98,23.98,1.4,1.6,1.9,2.4,Latent_Defect,50
C13137,L7,TypeA,27.01,1.03,13.01,14.01,33.01,35.01,1.3,1.4,3.3,3.5,Sudden_Anomaly,50
C13138,L7,TypeC,34.45,1.04,11.27,13.27,16.27,21.27,1.13,1.33,1.63,2.13,Latent_Defect,50
C13139,L7,TypeB,27.87,1.18,13.86,13.86,13.86,13.86,1.39,1.39,1.39,1.39,High_Stable,50
C13140,L7,TypeB,33.54,1.23,10.81,12.81,15.81,20.81,1.08,1.28,1.58,2.08,Latent_Defect,50
C13141,L7,TypeA,28.44,1.04,9.76,10.76,11.76,12.76,0.98,1.08,1.18,1.28,Normal,50
C13142,L7,TypeC,33.19,1.1,11.37,12.37,31.37,33.37,1.14,1.24,3.14,3.34,Sudden_Anomaly,50
C13143,L7,TypeB,27.23,1.02,10.86,11.86,30.86,32.86,1.09,1.19,3.09,3.29,Sudden_Anomaly,50
C13144,L7,TypeC,29.19,1.23,14.0,15.0,16.0,17.0,1.4,1.5,1.6,1.7,Normal,50
C13145,L7,TypeA,30.21,1.21,11.27,12.27,13.27,60.0,1.13,1.23,1.33,6.0,Absolute_Failure,50
C13146,L7,TypeA,26.28,1.01,12.55,12.55,12.55,12.55,1.26,1.26,1.26,1.26,High_Stable,50
C13147,L7,TypeB,27.23,1.25,11.13,12.13,31.13,33.13,1.11,1.21,3.11,3.31,Sudden_Anomaly,50
C13148,L7,TypeC,34.32,1.28,8.24,9.24,10.24,11.24,0.82,0.92,1.02,1.12,Normal,50
C13149,L7,TypeA,29.76,1.05,8.2,9.2,10.2,11.2,0.82,0.92,1.02,1.12,Normal,50
C13150,L7,TypeA,34.34,1.17,8.83,9.83,10.83,60.0,0.88,0.98,1.08,6.0,Absolute_Failure,50
C13151,L7,TypeB,28.57,1.08,14.59,14.59,14.59,14.59,1.46,1.46,1.46,1.46,High_Stable,50
C13152,L7,TypeC,30.29,1.05,8.56,8.56,8.56,8.56,0.86,0.86,0.86,0.86,High_Stable,50
C13153,L7,TypeB,31.96,1.14,9.52,10.52,11.52,60.0,0.95,1.05,1.15,6.0,Absolute_Failure,50
C13154,L7,TypeA,25.26,1.02,14.08,15.08,34.08,36.08,1.41,1.51,3.41,3.61,Sudden_Anomaly,50
C13155,L7,TypeB,26.55,1.03,11.58,11.58,11.58,11.58,1.16,1.16,1.16,1.16,High_Stable,50
C13156,L7,TypeC,29.97,1.24,10.98,11.98,12.98,60.0,1.1,1.2,1.3,6.0,Absolute_Failure,50
C13157,L7,TypeA,27.93,1.25,10.1,11.1,30.1,32.1,1.01,1.11,3.01,3.21,Sudden_Anomaly,50
C13158,L7,TypeC,28.37,1.22,8.27,9.27,10.27,60.0,0.83,0.93,1.03,6.0,Absolute_Failure,50
C13159,L7,TypeB,34.32,1.07,11.64,12.64,13.64,60.0,1.16,1.26,1.36,6.0,Absolute_Failure,50
C13160,L7,TypeB,31.12,1.08,11.88,12.88,13.88,14.88,1.19,1.29,1.39,1.49,Normal,50
C13161,L7,TypeC,33.25,1.13,12.14,13.14,14.14,15.14,1.21,1.31,1.41,1.51,Normal,50
C13162,L7,TypeA,25.52,1.04,14.26,15.26,34.26,36.26,1.43,1.53,3.43,3.63,Sudden_Anomaly,50
C13163,L7,TypeC,31.15,1.28,10.32,11.32,30.32,32.32,1.03,1.13,3.03,3.23,Sudden_Anomaly,50
C13164,L7,TypeA,29.72,1.1,13.71,14.71,15.71,60.0,1.37,1.47,1.57,6.0,Absolute_Failure,50
C13165,L7,TypeA,25.76,1.29,9.67,10.67,11.67,12.67,0.97,1.07,1.17,1.27,Normal,50
C13166,L7,TypeA,28.38,1.17,12.95,13.95,32.95,34.95,1.3,1.4,3.3,3.5,Sudden_Anomaly,50
C13167,L7,TypeB,30.03,1.04,8.26,9.26,10.26,11.26,0.83,0.93,1.03,1.13,Normal,50
C13168,L7,TypeC,29.93,1.05,14.97,15.97,34.97,36.97,1.5,1.6,3.5,3.7,Sudden_Anomaly,50
C13169,L7,TypeB,31.33,1.2,14.47,15.47,16.47,17.47,1.45,1.55,1.65,1.75,Normal,50
C13170,L7,TypeB,30.01,1.19,14.74,16.74,19.74,24.74,1.47,1.67,1.97,2.47,Latent_Defect,50
C13171,L7,TypeC,30.33,1.06,10.72,12.72,15.72,20.72,1.07,1.27,1.57,2.07,Latent_Defect,50
C13172,L7,TypeB,25.06,1.15,11.21,12.21,31.21,33.21,1.12,1.22,3.12,3.32,Sudden_Anomaly,50
C13173,L7,TypeB,26.51,1.11,11.53,12.53,13.53,60.0,1.15,1.25,1.35,6.0,Absolute_Failure,50
C13174,L7,TypeC,30.48,1.15,13.72,13.72,13.72,13.72,1.37,1.37,1.37,1.37,High_Stable,50
C13175,L7,TypeB,26.37,1.26,13.58,13.58,13.58,13.58,1.36,1.36,1.36,1.36,High_Stable,50
C13176,L7,TypeA,25.15,1.11,13.02,13.02,13.02,13.02,1.3,1.3,1.3,1.3,High_Stable,50
C13177,L7,TypeB,33.35,1.09,10.51,11.51,30.51,32.51,1.05,1.15,3.05,3.25,Sudden_Anomaly,50
C13178,L7,TypeB,29.48,1.04,12.77,14.77,17.77,22.77,1.28,1.48,1.78,2.28,Latent_Defect,50
C13179,L7,TypeC,25.86,1.12,14.32,15.32,16.32,17.32,1.43,1.53,1.63,1.73,Normal,50
C13180,L7,TypeC,33.74,1.26,12.1,13.1,32.1,34.1,1.21,1.31,3.21,3.41,Sudden_Anomaly,50
C13181,L7,TypeC,32.62,1.22,11.83,12.83,13.83,60.0,1.18,1.28,1.38,6.0,Absolute_Failure,50
C13182,L7,TypeB,34.49,1.04,14.07,15.07,16.07,60.0,1.41,1.51,1.61,6.0,Absolute_Failure,50
C13183,L7,TypeA,32.17,1.11,8.61,9.61,10.61,60.0,0.86,0.96,1.06,6.0,Absolute_Failure,50
C13184,L7,TypeB,33.95,1.03,11.28,12.28,13.28,14.28,1.13,1.23,1.33,1.43,Normal,50
C13185,L7,TypeA,31.61,1.22,14.41,15.41,16.41,17.41,1.44,1.54,1.64,1.74,Normal,50
C13186,L7,TypeB,28.23,1.0,10.79,10.79,10.79,10.79,1.08,1.08,1.08,1.08,High_Stable,50
C13187,L7,TypeA,33.13,1.01,14.83,14.83,14.83,14.83,1.48,1.48,1.48,1.48,High_Stable,50
C13188,L7,TypeB,26.64,1.25,11.25,13.25,16.25,21.25,1.12,1.32,1.62,2.12,Latent_Defect,50
C13189,L7,TypeB,27.12,1.24,12.5,12.5,12.5,12.5,1.25,1.25,1.25,1.25,High_Stable,50
C13190,L7,TypeC,30.67,1.0,11.43,13.43,16.43,21.43,1.14,1.34,1.64,2.14,Latent_Defect,50
C13191,L7,TypeA,25.85,1.04,10.58,11.58,30.58,32.58,1.06,1.16,3.06,3.26,Sudden_Anomaly,50
C13192,L7,TypeB,31.98,1.06,8.57,9.57,28.57,30.57,0.86,0.96,2.86,3.06,Sudden_Anomaly,50
C13193,L7,TypeB,25.49,1.2,13.45,14.45,33.45,35.45,1.34,1.44,3.34,3.54,Sudden_Anomaly,50
C13194,L7,TypeA,30.93,1.21,14.43,15.43,16.43,17.43,1.44,1.54,1.64,1.74,Normal,50
C13195,L7,TypeA,33.91,1.2,14.08,15.08,16.08,17.08,1.41,1.51,1.61,1.71,Normal,50
C13196,L7,TypeA,26.3,1.05,10.15,12.15,15.15,20.15,1.01,1.21,1.51,2.01,Latent_Defect,50
C13197,L7,TypeB,28.4,1.23,10.59,12.59,15.59,20.59,1.06,1.26,1.56,2.06,Latent_Defect,50
C13198,L7,TypeB,32.09,1.08,12.34,13.34,32.34,34.34,1.23,1.33,3.23,3.43,Sudden_Anomaly,50
C13199,L7,TypeB,27.08,1.28,9.64,10.64,11.64,60.0,0.96,1.06,1.16,6.0,Absolute_Failure,50
C13200,L7,TypeA,30.08,1.15,11.11,12.11,13.11,14.11,1.11,1.21,1.31,1.41,Normal,50
C13201,L7,TypeA,30.97,1.06,12.79,12.79,12.79,12.79,1.28,1.28,1.28,1.28,High_Stable,50
C13202,L7,TypeB,27.34,1.23,11.92,12.92,13.92,14.92,1.19,1.29,1.39,1.49,Normal,50
C13203,L7,TypeB,28.48,1.15,8.33,10.33,13.33,18.33,0.83,1.03,1.33,1.83,Latent_Defect,50
C13204,L7,TypeB,30.06,1.25,11.74,12.74,13.74,14.74,1.17,1.27,1.37,1.47,Normal,50
C13205,L7,TypeB,28.2,1.26,8.38,9.38,28.38,30.38,0.84,0.94,2.84,3.04,Sudden_Anomaly,50
C13206,L7,TypeC,30.2,1.02,8.01,9.01,10.01,11.01,0.8,0.9,1.0,1.1,Normal,50
C13207,L7,TypeC,33.44,1.3,9.17,11.17,14.17,19.17,0.92,1.12,1.42,1.92,Latent_Defect,50
C13208,L7,TypeC,29.89,1.09,8.7,8.7,8.7,8.7,0.87,0.87,0.87,0.87,High_Stable,50
C13209,L7,TypeB,32.45,1.14,8.48,9.48,28.48,30.48,0.85,0.95,2.85,3.05,Sudden_Anomaly,50
C13210,L7,TypeA,34.49,1.04,8.05,10.05,13.05,18.05,0.8,1.0,1.3,1.8,Latent_Defect,50
C13211,L7,TypeA,27.77,1.23,13.44,13.44,13.44,13.44,1.34,1.34,1.34,1.34,High_Stable,50
C13212,L7,TypeA,34.05,1.09,14.69,15.69,16.69,17.69,1.47,1.57,1.67,1.77,Normal,50
C13213,L7,TypeA,34.79,1.11,8.14,10.14,13.14,18.14,0.81,1.01,1.31,1.81,Latent_Defect,50
C13214,L7,TypeB,29.38,1.25,10.36,10.36,10.36,10.36,1.04,1.04,1.04,1.04,High_Stable,50
C13215,L7,TypeA,28.17,1.05,8.3,9.3,10.3,11.3,0.83,0.93,1.03,1.13,Normal,50
C13216,L7,TypeA,25.34,1.2,11.35,12.35,13.35,14.35,1.13,1.23,1.33,1.43,Normal,50
C13217,L7,TypeA,32.6,1.06,11.44,12.44,13.44,60.0,1.14,1.24,1.34,6.0,Absolute_Failure,50
C13218,L7,TypeC,26.15,1.15,10.3,11.3,12.3,13.3,1.03,1.13,1.23,1.33,Normal,50
C13219,L7,TypeA,27.09,1.0,8.92,9.92,10.92,11.92,0.89,0.99,1.09,1.19,Normal,50
C13220,L7,TypeB,34.85,1.06,14.26,16.26,19.26,24.26,1.43,1.63,1.93,2.43,Latent_Defect,50
C13221,L7,TypeB,27.54,1.06,8.15,10.15,13.15,18.15,0.81,1.01,1.31,1.81,Latent_Defect,50
C13222,L7,TypeA,25.47,1.01,11.02,13.02,16.02,21.02,1.1,1.3,1.6,2.1,Latent_Defect,50
C13223,L7,TypeB,32.83,1.25,12.14,14.14,17.14,22.14,1.21,1.41,1.71,2.21,Latent_Defect,50
C13224,L7,TypeC,28.83,1.18,12.89,14.89,17.89,22.89,1.29,1.49,1.79,2.29,Latent_Defect,50
C13225,L7,TypeA,27.25,1.02,13.79,13.79,13.79,13.79,1.38,1.38,1.38,1.38,High_Stable,50
C13226,L7,TypeC,29.71,1.23,14.17,16.17,19.17,24.17,1.42,1.62,1.92,2.42,Latent_Defect,50
C13227,L7,TypeC,31.39,1.09,11.55,12.55,13.55,60.0,1.16,1.26,1.36,6.0,Absolute_Failure,50
C13228,L7,TypeB,27.1,1.21,11.74,11.74,11.74,11.74,1.17,1.17,1.17,1.17,High_Stable,50
C13229,L7,TypeB,31.52,1.01,12.51,14.51,17.51,22.51,1.25,1.45,1.75,2.25,Latent_Defect,50
C13230,L7,TypeB,31.8,1.27,10.26,11.26,30.26,32.26,1.03,1.13,3.03,3.23,Sudden_Anomaly,50
C13231,L7,TypeB,31.94,1.22,9.76,10.76,11.76,60.0,0.98,1.08,1.18,6.0,Absolute_Failure,50
C13232,L7,TypeA,32.81,1.03,11.96,13.96,16.96,21.96,1.2,1.4,1.7,2.2,Latent_Defect,50
C13233,L7,TypeA,28.7,1.26,13.63,13.63,13.63,13.63,1.36,1.36,1.36,1.36,High_Stable,50
C13234,L7,TypeA,28.41,1.26,8.52,8.52,8.52,8.52,0.85,0.85,0.85,0.85,High_Stable,50
C13235,L7,TypeB,29.63,1.14,10.62,11.62,30.62,32.62,1.06,1.16,3.06,3.26,Sudden_Anomaly,50
C13236,L7,TypeA,27.63,1.3,13.72,15.72,18.72,23.72,1.37,1.57,1.87,2.37,Latent_Defect,50
C13237,L7,TypeA,28.09,1.27,13.2,15.2,18.2,23.2,1.32,1.52,1.82,2.32,Latent_Defect,50
C13238,L7,TypeA,31.8,1.19,13.43,14.43,15.43,16.43,1.34,1.44,1.54,1.64,Normal,50
C13239,L7,TypeB,25.9,1.04,11.49,12.49,13.49,14.49,1.15,1.25,1.35,1.45,Normal,50
C13240,L7,TypeA,28.69,1.3,10.11,11.11,12.11,60.0,1.01,1.11,1.21,6.0,Absolute_Failure,50
C13241,L7,TypeA,28.9,1.21,10.77,11.77,12.77,60.0,1.08,1.18,1.28,6.0,Absolute_Failure,50
C13242,L7,TypeC,28.8,1.09,13.62,14.62,15.62,16.62,1.36,1.46,1.56,1.66,Normal,50
C13243,L7,TypeC,25.92,1.08,8.15,9.15,28.15,30.15,0.82,0.92,2.82,3.02,Sudden_Anomaly,50
C13244,L7,TypeB,28.92,1.2,10.38,11.38,30.38,32.38,1.04,1.14,3.04,3.24,Sudden_Anomaly,50
C13245,L7,TypeA,33.3,1.23,14.43,15.43,16.43,17.43,1.44,1.54,1.64,1.74,Normal,50
C13246,L7,TypeC,34.78,1.08,14.51,15.51,16.51,60.0,1.45,1.55,1.65,6.0,Absolute_Failure,50
C13247,L7,TypeA,31.81,1.1,9.79,10.79,11.79,60.0,0.98,1.08,1.18,6.0,Absolute_Failure,50
C13248,L7,TypeA,33.4,1.14,14.37,15.37,16.37,17.37,1.44,1.54,1.64,1.74,Normal,50
C13249,L7,TypeA,31.9,1.12,13.97,14.97,15.97,16.97,1.4,1.5,1.6,1.7,Normal,50
C13250,L7,TypeB,27.36,1.06,8.17,8.17,8.17,8.17,0.82,0.82,0.82,0.82,High_Stable,50
C13251,L7,TypeB,31.52,1.08,13.59,15.59,18.59,23.59,1.36,1.56,1.86,2.36,Latent_Defect,50
C13252,L7,TypeA,34.67,1.06,14.0,15.0,16.0,60.0,1.4,1.5,1.6,6.0,Absolute_Failure,50
C13253,L7,TypeA,31.84,1.02,8.62,9.62,10.62,11.62,0.86,0.96,1.06,1.16,Normal,50
C13254,L7,TypeA,26.55,1.03,10.23,11.23,30.23,32.23,1.02,1.12,3.02,3.22,Sudden_Anomaly,50
C13255,L7,TypeB,29.47,1.09,13.61,13.61,13.61,13.61,1.36,1.36,1.36,1.36,High_Stable,50
C13256,L7,TypeC,27.14,1.27,10.32,11.32,12.32,13.32,1.03,1.13,1.23,1.33,Normal,50
C13257,L7,TypeC,34.85,1.23,9.16,10.16,11.16,12.16,0.92,1.02,1.12,1.22,Normal,50
C13258,L7,TypeB,34.38,1.22,14.79,15.79,34.79,36.79,1.48,1.58,3.48,3.68,Sudden_Anomaly,50
C13259,L7,TypeC,34.62,1.29,13.76,14.76,15.76,16.76,1.38,1.48,1.58,1.68,Normal,50
C13260,L7,TypeC,31.33,1.02,9.05,10.05,11.05,60.0,0.91,1.01,1.11,6.0,Absolute_Failure,50
C13261,L7,TypeA,27.53,1.18,9.19,9.19,9.19,9.19,0.92,0.92,0.92,0.92,High_Stable,50
C13262,L7,TypeB,31.28,1.23,11.3,12.3,13.3,60.0,1.13,1.23,1.33,6.0,Absolute_Failure,50
C13263,L7,TypeC,29.6,1.07,12.19,13.19,14.19,60.0,1.22,1.32,1.42,6.0,Absolute_Failure,50
C13264,L7,TypeC,31.92,1.01,11.02,13.02,16.02,21.02,1.1,1.3,1.6,2.1,Latent_Defect,50
C13265,L7,TypeB,30.62,1.2,10.95,11.95,12.95,13.95,1.1,1.2,1.3,1.4,Normal,50
C13266,L7,TypeA,28.49,1.22,14.61,15.61,16.61,17.61,1.46,1.56,1.66,1.76,Normal,50
C13267,L7,TypeA,33.79,1.04,9.63,10.63,11.63,60.0,0.96,1.06,1.16,6.0,Absolute_Failure,50
C13268,L7,TypeA,30.06,1.28,12.77,13.77,32.77,34.77,1.28,1.38,3.28,3.48,Sudden_Anomaly,50
C13269,L7,TypeB,26.83,1.07,9.9,10.9,11.9,12.9,0.99,1.09,1.19,1.29,Normal,50
C13270,L7,TypeA,29.29,1.16,8.93,9.93,10.93,11.93,0.89,0.99,1.09,1.19,Normal,50
C13271,L7,TypeA,27.42,1.19,13.24,14.24,15.24,60.0,1.32,1.42,1.52,6.0,Absolute_Failure,50
C13272,L7,TypeA,29.45,1.16,10.89,12.89,15.89,20.89,1.09,1.29,1.59,2.09,Latent_Defect,50
C13273,L7,TypeA,32.2,1.26,8.84,9.84,10.84,11.84,0.88,0.98,1.08,1.18,Normal,50
C13274,L7,TypeB,26.26,1.08,10.93,11.93,12.93,60.0,1.09,1.19,1.29,6.0,Absolute_Failure,50
C13275,L7,TypeA,32.41,1.05,8.68,8.68,8.68,8.68,0.87,0.87,0.87,0.87,High_Stable,50
C13276,L7,TypeA,29.34,1.01,11.83,11.83,11.83,11.83,1.18,1.18,1.18,1.18,High_Stable,50
C13277,L7,TypeC,34.03,1.12,12.45,14.45,17.45,22.45,1.24,1.44,1.74,2.24,Latent_Defect,50
C13278,L7,TypeB,28.83,1.18,9.11,10.11,11.11,12.11,0.91,1.01,1.11,1.21,Normal,50
C13279,L7,TypeA,29.52,1.01,8.24,9.24,28.24,30.24,0.82,0.92,2.82,3.02,Sudden_Anomaly,50
C13280,L7,TypeC,32.27,1.07,11.01,12.01,31.01,33.01,1.1,1.2,3.1,3.3,Sudden_Anomaly,50
C13281,L7,TypeA,27.66,1.27,9.65,11.65,14.65,19.65,0.96,1.16,1.46,1.96,Latent_Defect,50
C13282,L7,TypeA,26.69,1.14,9.66,10.66,29.66,31.66,0.97,1.07,2.97,3.17,Sudden_Anomaly,50
C13283,L7,TypeB,33.62,1.29,9.42,10.42,29.42,31.42,0.94,1.04,2.94,3.14,Sudden_Anomaly,50
C13284,L7,TypeB,31.38,1.03,8.26,10.26,13.26,18.26,0.83,1.03,1.33,1.83,Latent_Defect,50
C13285,L7,TypeC,26.45,1.04,14.55,15.55,34.55,36.55,1.46,1.56,3.46,3.66,Sudden_Anomaly,50
C13286,L7,TypeA,32.84,1.23,8.56,9.56,10.56,11.56,0.86,0.96,1.06,1.16,Normal,50
C13287,L7,TypeC,31.45,1.25,9.31,10.31,11.31,12.31,0.93,1.03,1.13,1.23,Normal,50
C13288,L7,TypeC,34.15,1.06,9.29,11.29,14.29,19.29,0.93,1.13,1.43,1.93,Latent_Defect,50
C13289,L7,TypeA,32.95,1.03,9.17,10.17,29.17,31.17,0.92,1.02,2.92,3.12,Sudden_Anomaly,50
C13290,L7,TypeC,31.58,1.2,13.88,15.88,18.88,23.88,1.39,1.59,1.89,2.39,Latent_Defect,50
C13291,L7,TypeA,25.68,1.24,14.79,15.79,16.79,60.0,1.48,1.58,1.68,6.0,Absolute_Failure,50
C13292,L7,TypeB,31.4,1.1,14.64,16.64,19.64,24.64,1.46,1.66,1.96,2.46,Latent_Defect,50
C13293,L7,TypeB,31.85,1.04,9.45,10.45,11.45,60.0,0.94,1.04,1.14,6.0,Absolute_Failure,50
C13294,L7,TypeB,30.58,1.12,10.03,11.03,12.03,60.0,1.0,1.1,1.2,6.0,Absolute_Failure,50
C13295,L7,TypeA,26.44,1.05,11.7,11.7,11.7,11.7,1.17,1.17,1.17,1.17,High_Stable,50
C13296,L7,TypeA,30.01,1.17,8.17,8.17,8.17,8.17,0.82,0.82,0.82,0.82,High_Stable,50
C13297,L7,TypeA,29.83,1.06,9.71,10.71,29.71,31.71,0.97,1.07,2.97,3.17,Sudden_Anomaly,50
C13298,L7,TypeC,31.55,1.25,11.62,11.62,11.62,11.62,1.16,1.16,1.16,1.16,High_Stable,50
C13299,L7,TypeB,25.24,1.03,11.06,12.06,13.06,14.06,1.11,1.21,1.31,1.41,Normal,50
C13300,L7,TypeC,25.14,1.02,12.43,14.43,17.43,22.43,1.24,1.44,1.74,2.24,Latent_Defect,50
C13301,L7,TypeC,29.16,1.03,14.24,15.24,16.24,17.24,1.42,1.52,1.62,1.72,Normal,50
C13302,L7,TypeA,28.35,1.3,14.55,15.55,16.55,17.55,1.45,1.55,1.65,1.75,Normal,50
C13303,L7,TypeA,28.39,1.02,8.79,8.79,8.79,8.79,0.88,0.88,0.88,0.88,High_Stable,50
C13304,L7,TypeB,34.51,1.15,12.48,13.48,14.48,60.0,1.25,1.35,1.45,6.0,Absolute_Failure,50
C13305,L7,TypeB,31.98,1.05,14.42,15.42,34.42,36.42,1.44,1.54,3.44,3.64,Sudden_Anomaly,50
C13306,L7,TypeA,32.71,1.17,13.39,14.39,33.39,35.39,1.34,1.44,3.34,3.54,Sudden_Anomaly,50
C13307,L7,TypeB,32.4,1.14,11.81,12.81,13.81,60.0,1.18,1.28,1.38,6.0,Absolute_Failure,50
C13308,L7,TypeC,26.66,1.22,9.16,10.16,11.16,12.16,0.92,1.02,1.12,1.22,Normal,50
C13309,L7,TypeC,25.72,1.08,10.93,12.93,15.93,20.93,1.09,1.29,1.59,2.09,Latent_Defect,50
C13310,L7,TypeA,34.29,1.15,8.96,9.96,10.96,11.96,0.9,1.0,1.1,1.2,Normal,50
C13311,L7,TypeB,32.15,1.29,8.44,10.44,13.44,18.44,0.84,1.04,1.34,1.84,Latent_Defect,50
C13312,L7,TypeC,32.62,1.17,12.83,13.83,14.83,60.0,1.28,1.38,1.48,6.0,Absolute_Failure,50
C13313,L7,TypeA,26.79,1.19,11.63,11.63,11.63,11.63,1.16,1.16,1.16,1.16,High_Stable,50
C13314,L7,TypeC,34.31,1.16,12.11,13.11,14.11,60.0,1.21,1.31,1.41,6.0,Absolute_Failure,50
C13315,L7,TypeC,27.11,1.23,9.83,9.83,9.83,9.83,0.98,0.98,0.98,0.98,High_Stable,50
C13316,L7,TypeB,28.4,1.07,9.52,10.52,29.52,31.52,0.95,1.05,2.95,3.15,Sudden_Anomaly,50
C13317,L7,TypeC,29.68,1.17,14.11,16.11,19.11,24.11,1.41,1.61,1.91,2.41,Latent_Defect,50
C13318,L7,TypeB,34.1,1.16,13.19,15.19,18.19,23.19,1.32,1.52,1.82,2.32,Latent_Defect,50
C13319,L7,TypeA,25.61,1.16,10.77,11.77,12.77,13.77,1.08,1.18,1.28,1.38,Normal,50
C13320,L7,TypeA,34.32,1.0,11.35,13.35,16.35,21.35,1.13,1.33,1.63,2.13,Latent_Defect,50
C13321,L7,TypeC,31.89,1.07,12.6,13.6,14.6,60.0,1.26,1.36,1.46,6.0,Absolute_Failure,50
C13322,L7,TypeB,27.28,1.17,11.29,11.29,11.29,11.29,1.13,1.13,1.13,1.13,High_Stable,50
C13323,L7,TypeB,30.14,1.16,13.18,14.18,15.18,16.18,1.32,1.42,1.52,1.62,Normal,50
C13324,L7,TypeB,34.99,1.18,8.13,8.13,8.13,8.13,0.81,0.81,0.81,0.81,High_Stable,50
C13325,L7,TypeA,29.21,1.19,9.77,10.77,11.77,12.77,0.98,1.08,1.18,1.28,Normal,50
C13326,L7,TypeA,33.4,1.16,8.19,10.19,13.19,18.19,0.82,1.02,1.32,1.82,Latent_Defect,50
C13327,L7,TypeC,28.19,1.22,14.56,15.56,34.56,36.56,1.46,1.56,3.46,3.66,Sudden_Anomaly,50
C13328,L7,TypeB,29.55,1.15,11.33,12.33,13.33,60.0,1.13,1.23,1.33,6.0,Absolute_Failure,50
C13329,L7,TypeC,28.88,1.1,10.15,11.15,12.15,13.15,1.01,1.11,1.21,1.31,Normal,50
C13330,L7,TypeC,26.1,1.05,12.78,13.78,14.78,60.0,1.28,1.38,1.48,6.0,Absolute_Failure,50
C13331,L7,TypeA,30.3,1.04,13.7,15.7,18.7,23.7,1.37,1.57,1.87,2.37,Latent_Defect,50
C13332,L7,TypeB,34.03,1.19,8.93,9.93,10.93,60.0,0.89,0.99,1.09,6.0,Absolute_Failure,50
C13333,L7,TypeB,29.83,1.03,8.63,9.63,28.63,30.63,0.86,0.96,2.86,3.06,Sudden_Anomaly,50
C13334,L7,TypeA,34.59,1.26,13.64,14.64,15.64,60.0,1.36,1.46,1.56,6.0,Absolute_Failure,50
C13335,L7,TypeA,31.27,1.2,11.24,11.24,11.24,11.24,1.12,1.12,1.12,1.12,High_Stable,50
C13336,L7,TypeB,27.86,1.05,8.63,8.63,8.63,8.63,0.86,0.86,0.86,0.86,High_Stable,50
C13337,L7,TypeA,27.51,1.21,10.95,10.95,10.95,10.95,1.09,1.09,1.09,1.09,High_Stable,50
C13338,L7,TypeC,28.92,1.02,9.29,10.29,11.29,12.29,0.93,1.03,1.13,1.23,Normal,50
C13339,L7,TypeC,28.46,1.28,13.86,14.86,15.86,60.0,1.39,1.49,1.59,6.0,Absolute_Failure,50
C13340,L7,TypeC,29.73,1.05,9.27,10.27,11.27,12.27,0.93,1.03,1.13,1.23,Normal,50
C13341,L7,TypeC,32.54,1.28,12.9,13.9,32.9,34.9,1.29,1.39,3.29,3.49,Sudden_Anomaly,50
C13342,L7,TypeA,31.65,1.3,14.13,16.13,19.13,24.13,1.41,1.61,1.91,2.41,Latent_Defect,50
C13343,L7,TypeC,31.17,1.03,8.46,8.46,8.46,8.46,0.85,0.85,0.85,0.85,High_Stable,50
C13344,L7,TypeB,26.73,1.04,9.6,9.6,9.6,9.6,0.96,0.96,0.96,0.96,High_Stable,50
C13345,L7,TypeA,26.57,1.04,10.6,10.6,10.6,10.6,1.06,1.06,1.06,1.06,High_Stable,50
C13346,L7,TypeB,34.53,1.1,14.48,15.48,34.48,36.48,1.45,1.55,3.45,3.65,Sudden_Anomaly,50
C13347,L7,TypeA,29.9,1.19,13.98,14.98,15.98,16.98,1.4,1.5,1.6,1.7,Normal,50
C13348,L7,TypeC,30.68,1.02,12.43,14.43,17.43,22.43,1.24,1.44,1.74,2.24,Latent_Defect,50
C13349,L7,TypeA,32.91,1.19,9.89,10.89,29.89,31.89,0.99,1.09,2.99,3.19,Sudden_Anomaly,50
C13350,L7,TypeC,32.08,1.19,10.1,11.1,12.1,60.0,1.01,1.11,1.21,6.0,Absolute_Failure,50
C13351,L7,TypeA,26.1,1.23,13.96,14.96,33.96,35.96,1.4,1.5,3.4,3.6,Sudden_Anomaly,50
C13352,L7,TypeB,27.45,1.12,9.76,11.76,14.76,19.76,0.98,1.18,1.48,1.98,Latent_Defect,50
C13353,L7,TypeB,25.22,1.27,13.5,15.5,18.5,23.5,1.35,1.55,1.85,2.35,Latent_Defect,50
C13354,L7,TypeC,33.42,1.24,10.37,11.37,12.37,13.37,1.04,1.14,1.24,1.34,Normal,50
C13355,L7,TypeB,30.04,1.28,14.2,15.2,16.2,17.2,1.42,1.52,1.62,1.72,Normal,50
C13356,L7,TypeB,33.17,1.28,11.63,11.63,11.63,11.63,1.16,1.16,1.16,1.16,High_Stable,50
C13357,L7,TypeB,32.01,1.29,14.87,14.87,14.87,14.87,1.49,1.49,1.49,1.49,High_Stable,50
C13358,L7,TypeA,31.74,1.21,11.23,11.23,11.23,11.23,1.12,1.12,1.12,1.12,High_Stable,50
C13359,L7,TypeC,33.47,1.11,8.96,9.96,10.96,11.96,0.9,1.0,1.1,1.2,Normal,50
C13360,L7,TypeA,26.84,1.19,9.46,10.46,11.46,60.0,0.95,1.05,1.15,6.0,Absolute_Failure,50
C13361,L7,TypeB,27.94,1.02,11.63,11.63,11.63,11.63,1.16,1.16,1.16,1.16,High_Stable,50
C13362,L7,TypeB,33.25,1.29,14.74,15.74,16.74,60.0,1.47,1.57,1.67,6.0,Absolute_Failure,50
C13363,L7,TypeC,27.66,1.07,14.12,15.12,16.12,17.12,1.41,1.51,1.61,1.71,Normal,50
C13364,L7,TypeA,31.02,1.2,8.08,9.08,10.08,11.08,0.81,0.91,1.01,1.11,Normal,50
C13365,L7,TypeC,27.32,1.01,8.53,9.53,10.53,60.0,0.85,0.95,1.05,6.0,Absolute_Failure,50
C13366,L7,TypeB,31.12,1.08,12.5,13.5,32.5,34.5,1.25,1.35,3.25,3.45,Sudden_Anomaly,50
C13367,L7,TypeA,31.94,1.21,12.32,13.32,14.32,60.0,1.23,1.33,1.43,6.0,Absolute_Failure,50
C13368,L7,TypeA,31.43,1.01,8.25,9.25,10.25,11.25,0.82,0.92,1.02,1.12,Normal,50
C13369,L7,TypeC,34.05,1.26,11.54,11.54,11.54,11.54,1.15,1.15,1.15,1.15,High_Stable,50
C13370,L7,TypeC,32.33,1.26,8.2,8.2,8.2,8.2,0.82,0.82,0.82,0.82,High_Stable,50
C13371,L7,TypeC,27.95,1.06,11.35,13.35,16.35,21.35,1.13,1.33,1.63,2.13,Latent_Defect,50
C13372,L7,TypeA,25.31,1.04,14.76,15.76,34.76,36.76,1.48,1.58,3.48,3.68,Sudden_Anomaly,50
C13373,L7,TypeA,33.95,1.19,10.28,11.28,12.28,13.28,1.03,1.13,1.23,1.33,Normal,50
C13374,L7,TypeC,29.98,1.12,10.95,12.95,15.95,20.95,1.1,1.3,1.6,2.1,Latent_Defect,50
C13375,L7,TypeC,27.09,1.14,11.26,12.26,13.26,60.0,1.13,1.23,1.33,6.0,Absolute_Failure,50
C13376,L7,TypeC,30.6,1.13,12.5,14.5,17.5,22.5,1.25,1.45,1.75,2.25,Latent_Defect,50
C13377,L7,TypeB,27.82,1.07,13.64,14.64,15.64,60.0,1.36,1.46,1.56,6.0,Absolute_Failure,50
C13378,L7,TypeB,27.8,1.17,10.8,11.8,30.8,32.8,1.08,1.18,3.08,3.28,Sudden_Anomaly,50
C13379,L7,TypeB,25.41,1.18,11.22,13.22,16.22,21.22,1.12,1.32,1.62,2.12,Latent_Defect,50
C13380,L7,TypeC,26.37,1.16,9.49,10.49,11.49,60.0,0.95,1.05,1.15,6.0,Absolute_Failure,50
C13381,L7,TypeC,30.06,1.02,11.17,12.17,13.17,60.0,1.12,1.22,1.32,6.0,Absolute_Failure,50
C13382,L7,TypeC,31.28,1.11,8.02,8.02,8.02,8.02,0.8,0.8,0.8,0.8,High_Stable,50
C13383,L7,TypeA,27.19,1.29,13.86,15.86,18.86,23.86,1.39,1.59,1.89,2.39,Latent_Defect,50
C13384,L7,TypeA,25.83,1.24,14.43,16.43,19.43,24.43,1.44,1.64,1.94,2.44,Latent_Defect,50
C13385,L7,TypeA,26.79,1.08,9.12,10.12,29.12,31.12,0.91,1.01,2.91,3.11,Sudden_Anomaly,50
C13386,L7,TypeB,27.22,1.27,11.6,12.6,31.6,33.6,1.16,1.26,3.16,3.36,Sudden_Anomaly,50
C13387,L7,TypeB,32.59,1.08,12.53,14.53,17.53,22.53,1.25,1.45,1.75,2.25,Latent_Defect,50
C13388,L7,TypeC,28.59,1.29,8.36,9.36,10.36,11.36,0.84,0.94,1.04,1.14,Normal,50
C13389,L7,TypeA,31.61,1.06,13.45,15.45,18.45,23.45,1.34,1.54,1.84,2.34,Latent_Defect,50
C13390,L7,TypeA,26.44,1.19,13.54,15.54,18.54,23.54,1.35,1.55,1.85,2.35,Latent_Defect,50
C13391,L7,TypeB,32.23,1.1,11.65,12.65,31.65,33.65,1.16,1.26,3.16,3.36,Sudden_Anomaly,50
C13392,L7,TypeC,30.45,1.14,8.03,9.03,28.03,30.03,0.8,0.9,2.8,3.0,Sudden_Anomaly,50
C13393,L7,TypeC,26.31,1.27,8.46,9.46,10.46,11.46,0.85,0.95,1.05,1.15,Normal,50
C13394,L7,TypeA,34.4,1.19,8.7,10.7,13.7,18.7,0.87,1.07,1.37,1.87,Latent_Defect,50
C13395,L7,TypeC,28.93,1.13,14.68,15.68,16.68,60.0,1.47,1.57,1.67,6.0,Absolute_Failure,50
C13396,L7,TypeB,33.91,1.15,9.11,10.11,29.11,31.11,0.91,1.01,2.91,3.11,Sudden_Anomaly,50
C13397,L7,TypeC,34.56,1.0,12.64,13.64,14.64,15.64,1.26,1.36,1.46,1.56,Normal,50
C13398,L7,TypeA,25.69,1.15,13.28,13.28,13.28,13.28,1.33,1.33,1.33,1.33,High_Stable,50
C13399,L7,TypeB,27.4,1.1,8.61,9.61,28.61,30.61,0.86,0.96,2.86,3.06,Sudden_Anomaly,50
C13400,L7,TypeC,28.11,1.23,8.48,8.48,8.48,8.48,0.85,0.85,0.85,0.85,High_Stable,50
C13401,L7,TypeB,31.41,1.23,8.83,8.83,8.83,8.83,0.88,0.88,0.88,0.88,High_Stable,50
C13402,L7,TypeC,34.92,1.17,10.86,11.86,30.86,32.86,1.09,1.19,3.09,3.29,Sudden_Anomaly,50
C13403,L7,TypeC,34.09,1.13,11.23,13.23,16.23,21.23,1.12,1.32,1.62,2.12,Latent_Defect,50
C13404,L7,TypeC,30.16,1.01,9.66,10.66,29.66,31.66,0.97,1.07,2.97,3.17,Sudden_Anomaly,50
C13405,L7,TypeA,32.53,1.01,12.57,13.57,14.57,15.57,1.26,1.36,1.46,1.56,Normal,50
C13406,L7,TypeB,25.69,1.07,13.51,14.51,15.51,16.51,1.35,1.45,1.55,1.65,Normal,50
C13407,L7,TypeC,26.19,1.29,11.98,13.98,16.98,21.98,1.2,1.4,1.7,2.2,Latent_Defect,50
C13408,L7,TypeA,32.78,1.21,10.63,12.63,15.63,20.63,1.06,1.26,1.56,2.06,Latent_Defect,50
C13409,L7,TypeB,27.77,1.18,12.76,13.76,14.76,60.0,1.28,1.38,1.48,6.0,Absolute_Failure,50
C13410,L7,TypeA,34.01,1.17,14.34,14.34,14.34,14.34,1.43,1.43,1.43,1.43,High_Stable,50
C13411,L7,TypeC,25.56,1.18,14.6,14.6,14.6,14.6,1.46,1.46,1.46,1.46,High_Stable,50
C13412,L7,TypeB,34.66,1.24,11.81,13.81,16.81,21.81,1.18,1.38,1.68,2.18,Latent_Defect,50
C13413,L7,TypeA,33.31,1.25,13.71,14.71,33.71,35.71,1.37,1.47,3.37,3.57,Sudden_Anomaly,50
C13414,L7,TypeC,25.47,1.17,8.23,8.23,8.23,8.23,0.82,0.82,0.82,0.82,High_Stable,50
C13415,L7,TypeB,33.93,1.03,9.5,9.5,9.5,9.5,0.95,0.95,0.95,0.95,High_Stable,50
C13416,L7,TypeC,29.32,1.12,8.66,9.66,10.66,60.0,0.87,0.97,1.07,6.0,Absolute_Failure,50
C13417,L7,TypeB,29.22,1.25,10.18,12.18,15.18,20.18,1.02,1.22,1.52,2.02,Latent_Defect,50
C13418,L7,TypeA,34.06,1.22,12.69,13.69,32.69,34.69,1.27,1.37,3.27,3.47,Sudden_Anomaly,50
C13419,L7,TypeC,27.62,1.02,14.28,15.28,16.28,17.28,1.43,1.53,1.63,1.73,Normal,50
C13420,L7,TypeA,33.07,1.17,12.67,13.67,32.67,34.67,1.27,1.37,3.27,3.47,Sudden_Anomaly,50
C13421,L7,TypeA,25.45,1.04,14.19,15.19,16.19,60.0,1.42,1.52,1.62,6.0,Absolute_Failure,50
C13422,L7,TypeA,34.88,1.08,9.2,10.2,11.2,60.0,0.92,1.02,1.12,6.0,Absolute_Failure,50
C13423,L7,TypeC,32.41,1.28,11.6,12.6,13.6,14.6,1.16,1.26,1.36,1.46,Normal,50
C13424,L7,TypeA,29.18,1.03,11.34,11.34,11.34,11.34,1.13,1.13,1.13,1.13,High_Stable,50
C13425,L7,TypeC,31.66,1.09,13.32,14.32,15.32,16.32,1.33,1.43,1.53,1.63,Normal,50
C13426,L7,TypeB,29.83,1.22,9.46,9.46,9.46,9.46,0.95,0.95,0.95,0.95,High_Stable,50
C13427,L7,TypeB,29.34,1.02,11.37,13.37,16.37,21.37,1.14,1.34,1.64,2.14,Latent_Defect,50
C13428,L7,TypeB,30.41,1.01,8.48,9.48,10.48,60.0,0.85,0.95,1.05,6.0,Absolute_Failure,50
C13429,L7,TypeA,29.11,1.27,13.9,14.9,15.9,16.9,1.39,1.49,1.59,1.69,Normal,50
C13430,L7,TypeA,31.31,1.16,14.62,15.62,16.62,17.62,1.46,1.56,1.66,1.76,Normal,50
C13431,L7,TypeA,30.41,1.24,8.87,8.87,8.87,8.87,0.89,0.89,0.89,0.89,High_Stable,50
C13432,L7,TypeB,34.52,1.02,12.1,13.1,14.1,15.1,1.21,1.31,1.41,1.51,Normal,50
C13433,L7,TypeB,31.64,1.07,13.13,13.13,13.13,13.13,1.31,1.31,1.31,1.31,High_Stable,50
C13434,L7,TypeC,27.6,1.22,10.43,12.43,15.43,20.43,1.04,1.24,1.54,2.04,Latent_Defect,50
C13435,L7,TypeA,28.04,1.16,14.34,15.34,16.34,60.0,1.43,1.53,1.63,6.0,Absolute_Failure,50
C13436,L7,TypeA,31.89,1.17,14.8,15.8,34.8,36.8,1.48,1.58,3.48,3.68,Sudden_Anomaly,50
C13437,L7,TypeB,33.58,1.05,11.57,12.57,13.57,14.57,1.16,1.26,1.36,1.46,Normal,50
C13438,L7,TypeC,29.32,1.04,14.14,16.14,19.14,24.14,1.41,1.61,1.91,2.41,Latent_Defect,50
C13439,L7,TypeC,31.2,1.0,8.72,10.72,13.72,18.72,0.87,1.07,1.37,1.87,Latent_Defect,50
C13440,L7,TypeC,32.68,1.23,14.4,16.4,19.4,24.4,1.44,1.64,1.94,2.44,Latent_Defect,50
C13441,L7,TypeB,27.67,1.19,13.77,14.77,33.77,35.77,1.38,1.48,3.38,3.58,Sudden_Anomaly,50
C13442,L7,TypeA,33.96,1.13,14.73,15.73,16.73,17.73,1.47,1.57,1.67,1.77,Normal,50
C13443,L7,TypeC,29.26,1.02,12.16,13.16,32.16,34.16,1.22,1.32,3.22,3.42,Sudden_Anomaly,50
C13444,L7,TypeA,28.12,1.1,12.13,13.13,32.13,34.13,1.21,1.31,3.21,3.41,Sudden_Anomaly,50
C13445,L7,TypeC,29.56,1.26,13.09,13.09,13.09,13.09,1.31,1.31,1.31,1.31,High_Stable,50
C13446,L7,TypeC,33.92,1.05,8.39,9.39,28.39,30.39,0.84,0.94,2.84,3.04,Sudden_Anomaly,50
C13447,L7,TypeA,34.11,1.24,13.74,15.74,18.74,23.74,1.37,1.57,1.87,2.37,Latent_Defect,50
C13448,L7,TypeC,27.38,1.11,10.83,11.83,30.83,32.83,1.08,1.18,3.08,3.28,Sudden_Anomaly,50
C13449,L7,TypeA,30.98,1.03,11.48,12.48,13.48,14.48,1.15,1.25,1.35,1.45,Normal,50
C13450,L7,TypeC,28.63,1.02,12.02,12.02,12.02,12.02,1.2,1.2,1.2,1.2,High_Stable,50
C13451,L7,TypeC,32.83,1.16,10.92,11.92,30.92,32.92,1.09,1.19,3.09,3.29,Sudden_Anomaly,50
C13452,L7,TypeC,30.44,1.16,11.3,12.3,13.3,60.0,1.13,1.23,1.33,6.0,Absolute_Failure,50
C13453,L7,TypeC,34.7,1.13,12.73,13.73,32.73,34.73,1.27,1.37,3.27,3.47,Sudden_Anomaly,50
C13454,L7,TypeB,27.21,1.12,8.7,10.7,13.7,18.7,0.87,1.07,1.37,1.87,Latent_Defect,50
C13455,L7,TypeB,34.91,1.28,11.84,13.84,16.84,21.84,1.18,1.38,1.68,2.18,Latent_Defect,50
C13456,L7,TypeA,31.36,1.12,8.63,9.63,10.63,11.63,0.86,0.96,1.06,1.16,Normal,50
C13457,L7,TypeC,29.84,1.17,10.59,11.59,12.59,13.59,1.06,1.16,1.26,1.36,Normal,50
C13458,L7,TypeB,33.07,1.2,14.68,16.68,19.68,24.68,1.47,1.67,1.97,2.47,Latent_Defect,50
C13459,L7,TypeC,30.84,1.04,8.66,8.66,8.66,8.66,0.87,0.87,0.87,0.87,High_Stable,50
C13460,L7,TypeB,26.53,1.13,13.61,14.61,33.61,35.61,1.36,1.46,3.36,3.56,Sudden_Anomaly,50
C13461,L7,TypeC,32.6,1.0,10.41,11.41,12.41,60.0,1.04,1.14,1.24,6.0,Absolute_Failure,50
C13462,L7,TypeA,33.83,1.18,13.27,14.27,15.27,60.0,1.33,1.43,1.53,6.0,Absolute_Failure,50
C13463,L7,TypeA,26.48,1.12,13.02,14.02,15.02,60.0,1.3,1.4,1.5,6.0,Absolute_Failure,50
C13464,L7,TypeA,25.58,1.21,10.86,12.86,15.86,20.86,1.09,1.29,1.59,2.09,Latent_Defect,50
C13465,L7,TypeC,26.52,1.25,14.12,16.12,19.12,24.12,1.41,1.61,1.91,2.41,Latent_Defect,50
C13466,L7,TypeC,28.75,1.02,14.03,15.03,16.03,60.0,1.4,1.5,1.6,6.0,Absolute_Failure,50
C13467,L7,TypeB,29.1,1.19,14.82,16.82,19.82,24.82,1.48,1.68,1.98,2.48,Latent_Defect,50
C13468,L7,TypeB,30.98,1.09,13.68,15.68,18.68,23.68,1.37,1.57,1.87,2.37,Latent_Defect,50
C13469,L7,TypeA,32.29,1.02,11.34,12.34,13.34,14.34,1.13,1.23,1.33,1.43,Normal,50
C13470,L7,TypeB,31.82,1.23,11.17,12.17,13.17,60.0,1.12,1.22,1.32,6.0,Absolute_Failure,50
C13471,L7,TypeC,27.55,1.23,12.04,13.04,14.04,60.0,1.2,1.3,1.4,6.0,Absolute_Failure,50
C13472,L7,TypeB,32.14,1.19,8.44,8.44,8.44,8.44,0.84,0.84,0.84,0.84,High_Stable,50
C13473,L7,TypeB,34.61,1.24,9.02,9.02,9.02,9.02,0.9,0.9,0.9,0.9,High_Stable,50
C13474,L7,TypeB,30.27,1.11,11.77,13.77,16.77,21.77,1.18,1.38,1.68,2.18,Latent_Defect,50
C13475,L7,TypeB,30.89,1.26,11.78,11.78,11.78,11.78,1.18,1.18,1.18,1.18,High_Stable,50
C13476,L7,TypeC,30.5,1.27,9.91,9.91,9.91,9.91,0.99,0.99,0.99,0.99,High_Stable,50
C13477,L7,TypeC,27.3,1.25,12.26,13.26,32.26,34.26,1.23,1.33,3.23,3.43,Sudden_Anomaly,50
C13478,L7,TypeC,30.86,1.16,9.09,10.09,11.09,60.0,0.91,1.01,1.11,6.0,Absolute_Failure,50
C13479,L7,TypeC,27.98,1.11,13.77,14.77,15.77,16.77,1.38,1.48,1.58,1.68,Normal,50
C13480,L7,TypeB,27.09,1.1,10.63,11.63,12.63,13.63,1.06,1.16,1.26,1.36,Normal,50
C13481,L7,TypeC,28.95,1.17,10.73,10.73,10.73,10.73,1.07,1.07,1.07,1.07,High_Stable,50
C13482,L7,TypeB,29.21,1.14,12.94,13.94,14.94,15.94,1.29,1.39,1.49,1.59,Normal,50
C13483,L7,TypeC,27.26,1.12,10.8,10.8,10.8,10.8,1.08,1.08,1.08,1.08,High_Stable,50
C13484,L7,TypeC,29.72,1.09,14.71,15.71,16.71,17.71,1.47,1.57,1.67,1.77,Normal,50
C13485,L7,TypeC,34.24,1.24,12.12,13.12,32.12,34.12,1.21,1.31,3.21,3.41,Sudden_Anomaly,50
C13486,L7,TypeC,32.62,1.18,12.54,13.54,14.54,60.0,1.25,1.35,1.45,6.0,Absolute_Failure,50
C13487,L7,TypeC,28.53,1.13,8.05,9.05,10.05,60.0,0.81,0.91,1.01,6.0,Absolute_Failure,50
C13488,L7,TypeA,33.06,1.26,14.58,15.58,16.58,60.0,1.46,1.56,1.66,6.0,Absolute_Failure,50
C13489,L7,TypeB,32.18,1.2,12.14,14.14,17.14,22.14,1.21,1.41,1.71,2.21,Latent_Defect,50
C13490,L7,TypeC,27.19,1.07,14.56,16.56,19.56,24.56,1.46,1.66,1.96,2.46,Latent_Defect,50
C13491,L7,TypeA,33.31,1.11,14.56,15.56,16.56,17.56,1.46,1.56,1.66,1.76,Normal,50
C13492,L7,TypeB,30.81,1.16,12.64,13.64,14.64,15.64,1.26,1.36,1.46,1.56,Normal,50
C13493,L7,TypeA,30.7,1.18,13.95,14.95,33.95,35.95,1.39,1.49,3.39,3.59,Sudden_Anomaly,50
C13494,L7,TypeB,30.33,1.13,10.51,11.51,12.51,13.51,1.05,1.15,1.25,1.35,Normal,50
C13495,L7,TypeB,28.11,1.2,13.71,14.71,33.71,35.71,1.37,1.47,3.37,3.57,Sudden_Anomaly,50
C13496,L7,TypeB,26.89,1.07,11.36,12.36,31.36,33.36,1.14,1.24,3.14,3.34,Sudden_Anomaly,50
C13497,L7,TypeA,29.59,1.28,10.68,11.68,30.68,32.68,1.07,1.17,3.07,3.27,Sudden_Anomaly,50
C13498,L7,TypeA,25.82,1.25,8.91,9.91,28.91,30.91,0.89,0.99,2.89,3.09,Sudden_Anomaly,50
C13499,L7,TypeC,33.62,1.16,14.62,15.62,16.62,17.62,1.46,1.56,1.66,1.76,Normal,50
C13500,L7,TypeA,26.07,1.01,13.25,13.25,13.25,13.25,1.32,1.32,1.32,1.32,High_Stable,50
C13501,L7,TypeA,34.69,1.18,10.2,11.2,12.2,13.2,1.02,1.12,1.22,1.32,Normal,50
C13502,L7,TypeB,27.13,1.18,11.23,11.23,11.23,11.23,1.12,1.12,1.12,1.12,High_Stable,50
C13503,L7,TypeC,25.02,1.03,11.59,12.59,13.59,60.0,1.16,1.26,1.36,6.0,Absolute_Failure,50
C13504,L7,TypeB,27.54,1.26,12.45,13.45,14.45,60.0,1.25,1.35,1.45,6.0,Absolute_Failure,50
C13505,L7,TypeB,32.78,1.19,12.25,14.25,17.25,22.25,1.23,1.43,1.73,2.23,Latent_Defect,50
C13506,L7,TypeC,29.67,1.09,11.63,12.63,13.63,14.63,1.16,1.26,1.36,1.46,Normal,50
C13507,L7,TypeC,25.63,1.03,14.99,15.99,16.99,60.0,1.5,1.6,1.7,6.0,Absolute_Failure,50
C13508,L7,TypeA,26.43,1.29,9.58,9.58,9.58,9.58,0.96,0.96,0.96,0.96,High_Stable,50
C13509,L7,TypeA,33.21,1.03,8.93,10.93,13.93,18.93,0.89,1.09,1.39,1.89,Latent_Defect,50
C13510,L7,TypeB,33.02,1.25,13.1,14.1,15.1,60.0,1.31,1.41,1.51,6.0,Absolute_Failure,50
C13511,L7,TypeB,31.14,1.22,13.49,14.49,15.49,16.49,1.35,1.45,1.55,1.65,Normal,50
C13512,L7,TypeA,34.27,1.3,9.28,10.28,11.28,60.0,0.93,1.03,1.13,6.0,Absolute_Failure,50
C13513,L7,TypeA,30.35,1.0,12.82,14.82,17.82,22.82,1.28,1.48,1.78,2.28,Latent_Defect,50
C13514,L7,TypeB,29.41,1.23,12.94,14.94,17.94,22.94,1.29,1.49,1.79,2.29,Latent_Defect,50
C13515,L7,TypeC,32.08,1.28,8.61,9.61,10.61,11.61,0.86,0.96,1.06,1.16,Normal,50
C13516,L7,TypeA,30.31,1.21,12.28,14.28,17.28,22.28,1.23,1.43,1.73,2.23,Latent_Defect,50
C13517,L7,TypeA,31.13,1.01,13.31,14.31,33.31,35.31,1.33,1.43,3.33,3.53,Sudden_Anomaly,50
C13518,L7,TypeA,34.35,1.03,13.41,15.41,18.41,23.41,1.34,1.54,1.84,2.34,Latent_Defect,50
C13519,L7,TypeB,29.22,1.2,14.52,15.52,16.52,60.0,1.45,1.55,1.65,6.0,Absolute_Failure,50
C13520,L7,TypeB,30.19,1.28,10.1,12.1,15.1,20.1,1.01,1.21,1.51,2.01,Latent_Defect,50
C13521,L7,TypeC,28.55,1.2,10.67,11.67,12.67,60.0,1.07,1.17,1.27,6.0,Absolute_Failure,50
C13522,L7,TypeA,25.99,1.06,11.56,13.56,16.56,21.56,1.16,1.36,1.66,2.16,Latent_Defect,50
C13523,L7,TypeB,34.03,1.11,10.18,11.18,12.18,13.18,1.02,1.12,1.22,1.32,Normal,50
C13524,L7,TypeA,26.72,1.15,8.85,9.85,10.85,11.85,0.89,0.99,1.09,1.19,Normal,50
C13525,L7,TypeC,29.28,1.13,14.59,14.59,14.59,14.59,1.46,1.46,1.46,1.46,High_Stable,50
C13526,L7,TypeB,25.34,1.01,11.24,12.24,13.24,14.24,1.12,1.22,1.32,1.42,Normal,50
C13527,L7,TypeB,33.54,1.24,8.02,10.02,13.02,18.02,0.8,1.0,1.3,1.8,Latent_Defect,50
C13528,L7,TypeC,25.1,1.24,12.1,13.1,14.1,15.1,1.21,1.31,1.41,1.51,Normal,50
C13529,L7,TypeC,33.89,1.29,11.57,11.57,11.57,11.57,1.16,1.16,1.16,1.16,High_Stable,50
C13530,L7,TypeC,32.8,1.07,10.19,11.19,30.19,32.19,1.02,1.12,3.02,3.22,Sudden_Anomaly,50
C13531,L7,TypeC,33.93,1.15,11.37,13.37,16.37,21.37,1.14,1.34,1.64,2.14,Latent_Defect,50
C13532,L7,TypeB,31.81,1.09,11.62,12.62,13.62,60.0,1.16,1.26,1.36,6.0,Absolute_Failure,50
C13533,L7,TypeC,28.82,1.17,9.7,10.7,11.7,60.0,0.97,1.07,1.17,6.0,Absolute_Failure,50
C13534,L7,TypeC,29.4,1.21,10.66,11.66,30.66,32.66,1.07,1.17,3.07,3.27,Sudden_Anomaly,50
C13535,L7,TypeC,26.04,1.17,8.55,9.55,28.55,30.55,0.86,0.96,2.86,3.06,Sudden_Anomaly,50
C13536,L7,TypeA,25.89,1.27,11.19,12.19,13.19,14.19,1.12,1.22,1.32,1.42,Normal,50
C13537,L7,TypeC,33.44,1.29,14.72,15.72,16.72,17.72,1.47,1.57,1.67,1.77,Normal,50
C13538,L7,TypeB,35.0,1.02,11.92,12.92,31.92,33.92,1.19,1.29,3.19,3.39,Sudden_Anomaly,50
C13539,L7,TypeB,25.56,1.12,8.67,10.67,13.67,18.67,0.87,1.07,1.37,1.87,Latent_Defect,50
C13540,L7,TypeA,31.17,1.29,14.32,14.32,14.32,14.32,1.43,1.43,1.43,1.43,High_Stable,50
C13541,L7,TypeA,25.7,1.08,14.54,15.54,34.54,36.54,1.45,1.55,3.45,3.65,Sudden_Anomaly,50
C13542,L7,TypeC,30.68,1.16,10.15,11.15,12.15,60.0,1.02,1.12,1.22,6.0,Absolute_Failure,50
C13543,L7,TypeB,27.33,1.06,8.89,9.89,10.89,11.89,0.89,0.99,1.09,1.19,Normal,50
C13544,L7,TypeA,25.83,1.03,8.19,9.19,10.19,60.0,0.82,0.92,1.02,6.0,Absolute_Failure,50
C13545,L7,TypeB,28.03,1.05,14.04,15.04,16.04,60.0,1.4,1.5,1.6,6.0,Absolute_Failure,50
C13546,L7,TypeA,27.76,1.04,10.9,12.9,15.9,20.9,1.09,1.29,1.59,2.09,Latent_Defect,50
C13547,L7,TypeC,30.6,1.29,14.25,14.25,14.25,14.25,1.43,1.43,1.43,1.43,High_Stable,50
C13548,L7,TypeB,32.58,1.03,10.73,11.73,30.73,32.73,1.07,1.17,3.07,3.27,Sudden_Anomaly,50
C13549,L7,TypeA,34.64,1.19,9.84,10.84,11.84,60.0,0.98,1.08,1.18,6.0,Absolute_Failure,50
C13550,L7,TypeA,28.18,1.15,11.12,12.12,31.12,33.12,1.11,1.21,3.11,3.31,Sudden_Anomaly,50
C13551,L7,TypeB,33.09,1.15,12.41,13.41,14.41,60.0,1.24,1.34,1.44,6.0,Absolute_Failure,50
C13552,L7,TypeB,33.42,1.07,14.86,14.86,14.86,14.86,1.49,1.49,1.49,1.49,High_Stable,50
C13553,L7,TypeB,26.46,1.06,14.84,15.84,16.84,17.84,1.48,1.58,1.68,1.78,Normal,50
C13554,L7,TypeC,29.91,1.09,10.83,11.83,12.83,60.0,1.08,1.18,1.28,6.0,Absolute_Failure,50
C13555,L7,TypeA,33.53,1.3,9.29,10.29,29.29,31.29,0.93,1.03,2.93,3.13,Sudden_Anomaly,50
C13556,L7,TypeA,29.51,1.11,10.7,11.7,12.7,13.7,1.07,1.17,1.27,1.37,Normal,50
C13557,L7,TypeC,27.74,1.29,8.08,9.08,28.08,30.08,0.81,0.91,2.81,3.01,Sudden_Anomaly,50
C13558,L7,TypeC,27.42,1.06,9.22,10.22,11.22,12.22,0.92,1.02,1.12,1.22,Normal,50
C13559,L7,TypeA,32.53,1.29,8.07,9.07,28.07,30.07,0.81,0.91,2.81,3.01,Sudden_Anomaly,50
C13560,L7,TypeC,25.57,1.27,13.66,14.66,33.66,35.66,1.37,1.47,3.37,3.57,Sudden_Anomaly,50
C13561,L7,TypeA,28.14,1.08,11.67,12.67,13.67,14.67,1.17,1.27,1.37,1.47,Normal,50
C13562,L7,TypeC,30.89,1.24,10.11,11.11,12.11,60.0,1.01,1.11,1.21,6.0,Absolute_Failure,50
C13563,L7,TypeB,26.94,1.01,11.31,12.31,31.31,33.31,1.13,1.23,3.13,3.33,Sudden_Anomaly,50
C13564,L7,TypeA,34.4,1.21,14.17,15.17,16.17,60.0,1.42,1.52,1.62,6.0,Absolute_Failure,50
C13565,L7,TypeB,34.17,1.14,14.69,14.69,14.69,14.69,1.47,1.47,1.47,1.47,High_Stable,50
C13566,L7,TypeB,28.44,1.2,14.42,14.42,14.42,14.42,1.44,1.44,1.44,1.44,High_Stable,50
C13567,L7,TypeB,32.88,1.09,11.82,13.82,16.82,21.82,1.18,1.38,1.68,2.18,Latent_Defect,50
C13568,L7,TypeB,31.73,1.24,13.07,15.07,18.07,23.07,1.31,1.51,1.81,2.31,Latent_Defect,50
C13569,L7,TypeA,27.81,1.07,13.73,13.73,13.73,13.73,1.37,1.37,1.37,1.37,High_Stable,50
C13570,L7,TypeB,32.81,1.18,14.85,15.85,34.85,36.85,1.49,1.59,3.49,3.69,Sudden_Anomaly,50
C13571,L7,TypeC,30.11,1.03,13.37,14.37,33.37,35.37,1.34,1.44,3.34,3.54,Sudden_Anomaly,50
C13572,L7,TypeB,33.38,1.23,13.84,15.84,18.84,23.84,1.38,1.58,1.88,2.38,Latent_Defect,50
C13573,L7,TypeC,25.36,1.0,8.83,9.83,10.83,11.83,0.88,0.98,1.08,1.18,Normal,50
C13574,L7,TypeA,34.05,1.26,9.34,10.34,29.34,31.34,0.93,1.03,2.93,3.13,Sudden_Anomaly,50
C13575,L7,TypeC,30.38,1.25,8.99,9.99,28.99,30.99,0.9,1.0,2.9,3.1,Sudden_Anomaly,50
C13576,L7,TypeB,28.01,1.0,12.33,13.33,14.33,60.0,1.23,1.33,1.43,6.0,Absolute_Failure,50
C13577,L7,TypeB,25.31,1.09,10.96,11.96,12.96,60.0,1.1,1.2,1.3,6.0,Absolute_Failure,50
C13578,L7,TypeB,25.43,1.27,14.34,14.34,14.34,14.34,1.43,1.43,1.43,1.43,High_Stable,50
C13579,L7,TypeB,34.16,1.09,13.57,14.57,33.57,35.57,1.36,1.46,3.36,3.56,Sudden_Anomaly,50
C13580,L7,TypeA,33.63,1.18,9.13,10.13,29.13,31.13,0.91,1.01,2.91,3.11,Sudden_Anomaly,50
C13581,L7,TypeA,32.34,1.11,9.55,11.55,14.55,19.55,0.96,1.16,1.46,1.96,Latent_Defect,50
C13582,L7,TypeB,26.4,1.04,14.65,15.65,16.65,17.65,1.47,1.57,1.67,1.77,Normal,50
C13583,L7,TypeA,28.5,1.02,8.96,9.96,10.96,11.96,0.9,1.0,1.1,1.2,Normal,50
C13584,L7,TypeA,33.68,1.0,12.57,13.57,14.57,15.57,1.26,1.36,1.46,1.56,Normal,50
C13585,L7,TypeA,26.83,1.13,11.38,12.38,31.38,33.38,1.14,1.24,3.14,3.34,Sudden_Anomaly,50
C13586,L7,TypeB,32.42,1.12,13.08,14.08,15.08,60.0,1.31,1.41,1.51,6.0,Absolute_Failure,50
C13587,L7,TypeC,33.01,1.26,8.83,8.83,8.83,8.83,0.88,0.88,0.88,0.88,High_Stable,50
C13588,L7,TypeB,25.44,1.16,14.48,15.48,16.48,60.0,1.45,1.55,1.65,6.0,Absolute_Failure,50
C13589,L7,TypeB,25.33,1.25,12.55,13.55,14.55,60.0,1.25,1.35,1.45,6.0,Absolute_Failure,50
C13590,L7,TypeC,25.08,1.02,10.45,12.45,15.45,20.45,1.05,1.25,1.55,2.05,Latent_Defect,50
C13591,L7,TypeC,26.33,1.19,12.51,12.51,12.51,12.51,1.25,1.25,1.25,1.25,High_Stable,50
C13592,L7,TypeC,29.98,1.24,9.01,9.01,9.01,9.01,0.9,0.9,0.9,0.9,High_Stable,50
C13593,L7,TypeC,26.65,1.0,12.31,13.31,14.31,60.0,1.23,1.33,1.43,6.0,Absolute_Failure,50
C13594,L7,TypeA,27.54,1.24,11.5,12.5,13.5,14.5,1.15,1.25,1.35,1.45,Normal,50
C13595,L7,TypeB,28.98,1.19,8.14,9.14,10.14,11.14,0.81,0.91,1.01,1.11,Normal,50
C13596,L7,TypeA,29.96,1.07,14.45,14.45,14.45,14.45,1.45,1.45,1.45,1.45,High_Stable,50
C13597,L7,TypeC,25.64,1.16,11.69,12.69,31.69,33.69,1.17,1.27,3.17,3.37,Sudden_Anomaly,50
C13598,L7,TypeC,32.1,1.27,11.43,12.43,13.43,60.0,1.14,1.24,1.34,6.0,Absolute_Failure,50
C13599,L7,TypeB,27.22,1.18,12.77,13.77,14.77,60.0,1.28,1.38,1.48,6.0,Absolute_Failure,50
C13600,L7,TypeA,26.02,1.05,10.42,11.42,12.42,13.42,1.04,1.14,1.24,1.34,Normal,50
C13601,L7,TypeB,32.75,1.19,9.46,10.46,11.46,60.0,0.95,1.05,1.15,6.0,Absolute_Failure,50
C13602,L7,TypeC,33.7,1.25,11.3,13.3,16.3,21.3,1.13,1.33,1.63,2.13,Latent_Defect,50
C13603,L7,TypeC,25.68,1.05,9.1,10.1,29.1,31.1,0.91,1.01,2.91,3.11,Sudden_Anomaly,50
C13604,L7,TypeC,29.71,1.11,11.2,13.2,16.2,21.2,1.12,1.32,1.62,2.12,Latent_Defect,50
C13605,L7,TypeB,34.17,1.22,13.07,14.07,15.07,60.0,1.31,1.41,1.51,6.0,Absolute_Failure,50
C13606,L7,TypeB,33.63,1.2,12.58,13.58,32.58,34.58,1.26,1.36,3.26,3.46,Sudden_Anomaly,50
C13607,L7,TypeC,33.45,1.01,9.77,9.77,9.77,9.77,0.98,0.98,0.98,0.98,High_Stable,50
C13608,L7,TypeC,30.36,1.01,12.66,14.66,17.66,22.66,1.27,1.47,1.77,2.27,Latent_Defect,50
C13609,L7,TypeB,27.44,1.01,9.38,10.38,11.38,60.0,0.94,1.04,1.14,6.0,Absolute_Failure,50
C13610,L7,TypeA,33.0,1.27,8.95,9.95,28.95,30.95,0.9,1.0,2.9,3.1,Sudden_Anomaly,50
C13611,L7,TypeC,26.92,1.14,8.51,9.51,10.51,11.51,0.85,0.95,1.05,1.15,Normal,50
C13612,L7,TypeC,32.39,1.02,14.47,15.47,16.47,17.47,1.45,1.55,1.65,1.75,Normal,50
C13613,L7,TypeB,25.44,1.14,14.08,15.08,34.08,36.08,1.41,1.51,3.41,3.61,Sudden_Anomaly,50
C13614,L7,TypeB,27.64,1.22,9.46,10.46,11.46,12.46,0.95,1.05,1.15,1.25,Normal,50
C13615,L7,TypeA,28.96,1.19,10.03,10.03,10.03,10.03,1.0,1.0,1.0,1.0,High_Stable,50
C13616,L7,TypeC,25.73,1.25,8.44,9.44,10.44,60.0,0.84,0.94,1.04,6.0,Absolute_Failure,50
C13617,L7,TypeB,34.2,1.26,9.96,10.96,29.96,31.96,1.0,1.1,3.0,3.2,Sudden_Anomaly,50
C13618,L7,TypeB,29.41,1.08,13.93,13.93,13.93,13.93,1.39,1.39,1.39,1.39,High_Stable,50
C13619,L7,TypeC,34.49,1.07,11.49,13.49,16.49,21.49,1.15,1.35,1.65,2.15,Latent_Defect,50
C13620,L7,TypeB,27.97,1.13,8.65,10.65,13.65,18.65,0.86,1.06,1.36,1.86,Latent_Defect,50
C13621,L7,TypeC,25.6,1.07,9.89,9.89,9.89,9.89,0.99,0.99,0.99,0.99,High_Stable,50
C13622,L7,TypeB,29.34,1.13,12.99,14.99,17.99,22.99,1.3,1.5,1.8,2.3,Latent_Defect,50
C13623,L7,TypeA,31.7,1.04,10.2,11.2,30.2,32.2,1.02,1.12,3.02,3.22,Sudden_Anomaly,50
C13624,L7,TypeC,28.4,1.27,10.71,11.71,12.71,13.71,1.07,1.17,1.27,1.37,Normal,50
C13625,L7,TypeB,30.09,1.21,11.14,12.14,31.14,33.14,1.11,1.21,3.11,3.31,Sudden_Anomaly,50
C13626,L7,TypeB,29.1,1.24,12.25,14.25,17.25,22.25,1.23,1.43,1.73,2.23,Latent_Defect,50
C13627,L7,TypeB,31.62,1.28,8.89,10.89,13.89,18.89,0.89,1.09,1.39,1.89,Latent_Defect,50
C13628,L7,TypeA,33.71,1.25,8.99,8.99,8.99,8.99,0.9,0.9,0.9,0.9,High_Stable,50
C13629,L7,TypeC,31.56,1.29,11.94,12.94,13.94,60.0,1.19,1.29,1.39,6.0,Absolute_Failure,50
C13630,L7,TypeB,34.11,1.24,9.21,10.21,11.21,60.0,0.92,1.02,1.12,6.0,Absolute_Failure,50
C13631,L7,TypeC,29.0,1.12,13.95,13.95,13.95,13.95,1.4,1.4,1.4,1.4,High_Stable,50
C13632,L7,TypeA,28.5,1.08,13.33,14.33,33.33,35.33,1.33,1.43,3.33,3.53,Sudden_Anomaly,50
C13633,L7,TypeA,34.24,1.3,10.15,11.15,12.15,13.15,1.01,1.11,1.21,1.31,Normal,50
C13634,L7,TypeC,33.07,1.14,9.64,10.64,11.64,12.64,0.96,1.06,1.16,1.26,Normal,50
C13635,L7,TypeA,29.94,1.16,8.36,10.36,13.36,18.36,0.84,1.04,1.34,1.84,Latent_Defect,50
C13636,L7,TypeB,27.0,1.19,11.63,11.63,11.63,11.63,1.16,1.16,1.16,1.16,High_Stable,50
C13637,L7,TypeC,27.79,1.18,11.76,12.76,31.76,33.76,1.18,1.28,3.18,3.38,Sudden_Anomaly,50
C13638,L7,TypeB,34.72,1.05,9.87,9.87,9.87,9.87,0.99,0.99,0.99,0.99,High_Stable,50
C13639,L7,TypeA,34.81,1.17,9.53,10.53,29.53,31.53,0.95,1.05,2.95,3.15,Sudden_Anomaly,50
C13640,L7,TypeC,27.68,1.16,12.1,13.1,14.1,15.1,1.21,1.31,1.41,1.51,Normal,50
C13641,L7,TypeA,34.46,1.28,12.89,13.89,14.89,15.89,1.29,1.39,1.49,1.59,Normal,50
C13642,L7,TypeA,32.28,1.04,12.85,13.85,14.85,60.0,1.29,1.39,1.49,6.0,Absolute_Failure,50
C13643,L7,TypeB,30.87,1.27,9.01,9.01,9.01,9.01,0.9,0.9,0.9,0.9,High_Stable,50
C13644,L7,TypeB,30.81,1.2,13.72,14.72,15.72,60.0,1.37,1.47,1.57,6.0,Absolute_Failure,50
C13645,L7,TypeC,29.29,1.27,10.0,10.0,10.0,10.0,1.0,1.0,1.0,1.0,High_Stable,50
C13646,L7,TypeB,33.2,1.03,13.7,14.7,33.7,35.7,1.37,1.47,3.37,3.57,Sudden_Anomaly,50
C13647,L7,TypeA,34.34,1.06,12.45,13.45,14.45,15.45,1.24,1.34,1.44,1.54,Normal,50
C13648,L7,TypeB,32.94,1.04,9.84,10.84,11.84,12.84,0.98,1.08,1.18,1.28,Normal,50
C13649,L7,TypeA,26.62,1.02,9.99,11.99,14.99,19.99,1.0,1.2,1.5,2.0,Latent_Defect,50
C13650,L7,TypeA,30.85,1.17,9.07,11.07,14.07,19.07,0.91,1.11,1.41,1.91,Latent_Defect,50
C13651,L7,TypeC,30.0,1.19,10.18,10.18,10.18,10.18,1.02,1.02,1.02,1.02,High_Stable,50
C13652,L7,TypeC,27.94,1.22,14.65,15.65,16.65,60.0,1.47,1.57,1.67,6.0,Absolute_Failure,50
C13653,L7,TypeC,31.37,1.13,13.17,14.17,33.17,35.17,1.32,1.42,3.32,3.52,Sudden_Anomaly,50
C13654,L7,TypeB,31.88,1.06,11.25,12.25,13.25,14.25,1.13,1.23,1.33,1.43,Normal,50
C13655,L7,TypeB,34.75,1.07,11.82,12.82,13.82,60.0,1.18,1.28,1.38,6.0,Absolute_Failure,50
C13656,L7,TypeC,28.6,1.27,8.97,9.97,28.97,30.97,0.9,1.0,2.9,3.1,Sudden_Anomaly,50
C13657,L7,TypeC,31.62,1.11,9.69,10.69,11.69,60.0,0.97,1.07,1.17,6.0,Absolute_Failure,50
C13658,L7,TypeC,32.19,1.12,13.14,14.14,15.14,16.14,1.31,1.41,1.51,1.61,Normal,50
C13659,L7,TypeC,32.06,1.1,10.77,12.77,15.77,20.77,1.08,1.28,1.58,2.08,Latent_Defect,50
C13660,L7,TypeC,27.29,1.01,12.45,13.45,14.45,60.0,1.24,1.34,1.44,6.0,Absolute_Failure,50
C13661,L7,TypeB,31.82,1.16,10.69,10.69,10.69,10.69,1.07,1.07,1.07,1.07,High_Stable,50
C13662,L7,TypeC,32.84,1.19,9.48,10.48,11.48,12.48,0.95,1.05,1.15,1.25,Normal,50
C13663,L7,TypeB,26.66,1.12,12.26,14.26,17.26,22.26,1.23,1.43,1.73,2.23,Latent_Defect,50
C13664,L7,TypeB,28.4,1.03,14.15,15.15,16.15,17.15,1.41,1.51,1.61,1.71,Normal,50
C13665,L7,TypeB,32.9,1.14,9.65,11.65,14.65,19.65,0.97,1.17,1.47,1.97,Latent_Defect,50
C13666,L7,TypeA,32.34,1.12,8.75,10.75,13.75,18.75,0.87,1.07,1.37,1.87,Latent_Defect,50
C13667,L7,TypeA,29.45,1.18,10.72,12.72,15.72,20.72,1.07,1.27,1.57,2.07,Latent_Defect,50
C13668,L7,TypeA,30.95,1.3,10.7,11.7,12.7,13.7,1.07,1.17,1.27,1.37,Normal,50
C13669,L7,TypeB,34.0,1.0,8.6,9.6,10.6,11.6,0.86,0.96,1.06,1.16,Normal,50
C13670,L7,TypeA,31.91,1.21,14.98,15.98,34.98,36.98,1.5,1.6,3.5,3.7,Sudden_Anomaly,50
C13671,L7,TypeA,25.55,1.19,11.49,12.49,31.49,33.49,1.15,1.25,3.15,3.35,Sudden_Anomaly,50
C13672,L7,TypeA,34.76,1.02,14.92,16.92,19.92,24.92,1.49,1.69,1.99,2.49,Latent_Defect,50
C13673,L7,TypeA,27.33,1.2,13.18,15.18,18.18,23.18,1.32,1.52,1.82,2.32,Latent_Defect,50
C13674,L7,TypeB,33.56,1.03,8.81,9.81,28.81,30.81,0.88,0.98,2.88,3.08,Sudden_Anomaly,50
C13675,L7,TypeB,25.53,1.15,13.49,15.49,18.49,23.49,1.35,1.55,1.85,2.35,Latent_Defect,50
C13676,L7,TypeA,30.78,1.1,13.79,14.79,15.79,60.0,1.38,1.48,1.58,6.0,Absolute_Failure,50
C13677,L7,TypeA,26.27,1.26,12.12,13.12,14.12,15.12,1.21,1.31,1.41,1.51,Normal,50
C13678,L7,TypeA,25.0,1.07,11.44,12.44,13.44,14.44,1.14,1.24,1.34,1.44,Normal,50
C13679,L7,TypeB,25.0,1.15,9.6,9.6,9.6,9.6,0.96,0.96,0.96,0.96,High_Stable,50
C13680,L7,TypeC,25.12,1.29,10.52,11.52,12.52,13.52,1.05,1.15,1.25,1.35,Normal,50
C13681,L7,TypeB,29.53,1.29,13.41,14.41,15.41,60.0,1.34,1.44,1.54,6.0,Absolute_Failure,50
C13682,L7,TypeB,29.54,1.02,14.94,15.94,16.94,60.0,1.49,1.59,1.69,6.0,Absolute_Failure,50
C13683,L7,TypeA,33.77,1.21,12.44,13.44,32.44,34.44,1.24,1.34,3.24,3.44,Sudden_Anomaly,50
C13684,L7,TypeB,28.44,1.16,11.52,12.52,13.52,14.52,1.15,1.25,1.35,1.45,Normal,50
C13685,L7,TypeB,32.67,1.1,9.05,10.05,11.05,12.05,0.91,1.01,1.11,1.21,Normal,50
C13686,L7,TypeB,32.78,1.19,11.27,11.27,11.27,11.27,1.13,1.13,1.13,1.13,High_Stable,50
C13687,L7,TypeC,27.02,1.18,14.5,15.5,34.5,36.5,1.45,1.55,3.45,3.65,Sudden_Anomaly,50
C13688,L7,TypeB,33.49,1.08,12.55,13.55,32.55,34.55,1.25,1.35,3.25,3.45,Sudden_Anomaly,50
C13689,L7,TypeB,34.15,1.04,12.86,14.86,17.86,22.86,1.29,1.49,1.79,2.29,Latent_Defect,50
C13690,L7,TypeB,32.37,1.23,12.21,13.21,32.21,34.21,1.22,1.32,3.22,3.42,Sudden_Anomaly,50
C13691,L7,TypeA,33.07,1.1,12.58,13.58,32.58,34.58,1.26,1.36,3.26,3.46,Sudden_Anomaly,50
C13692,L7,TypeA,34.2,1.18,8.21,9.21,28.21,30.21,0.82,0.92,2.82,3.02,Sudden_Anomaly,50
C13693,L7,TypeA,31.35,1.16,13.68,14.68,15.68,16.68,1.37,1.47,1.57,1.67,Normal,50
C13694,L7,TypeA,25.27,1.09,14.79,16.79,19.79,24.79,1.48,1.68,1.98,2.48,Latent_Defect,50
C13695,L7,TypeC,30.4,1.09,9.39,10.39,29.39,31.39,0.94,1.04,2.94,3.14,Sudden_Anomaly,50
C13696,L7,TypeB,28.57,1.05,14.18,14.18,14.18,14.18,1.42,1.42,1.42,1.42,High_Stable,50
C13697,L7,TypeC,34.15,1.22,11.44,12.44,31.44,33.44,1.14,1.24,3.14,3.34,Sudden_Anomaly,50
C13698,L7,TypeC,27.24,1.1,13.5,14.5,15.5,60.0,1.35,1.45,1.55,6.0,Absolute_Failure,50
C13699,L7,TypeA,27.34,1.04,9.19,10.19,11.19,60.0,0.92,1.02,1.12,6.0,Absolute_Failure,50
C13700,L7,TypeA,29.17,1.26,10.26,11.26,12.26,60.0,1.03,1.13,1.23,6.0,Absolute_Failure,50
C13701,L7,TypeC,32.1,1.14,8.89,9.89,10.89,60.0,0.89,0.99,1.09,6.0,Absolute_Failure,50
C13702,L7,TypeA,30.75,1.13,11.78,13.78,16.78,21.78,1.18,1.38,1.68,2.18,Latent_Defect,50
C13703,L7,TypeA,27.21,1.28,11.04,12.04,31.04,33.04,1.1,1.2,3.1,3.3,Sudden_Anomaly,50
C13704,L7,TypeB,28.6,1.25,8.53,9.53,10.53,11.53,0.85,0.95,1.05,1.15,Normal,50
C13705,L7,TypeA,31.85,1.26,13.84,15.84,18.84,23.84,1.38,1.58,1.88,2.38,Latent_Defect,50
C13706,L7,TypeA,31.07,1.17,10.0,12.0,15.0,20.0,1.0,1.2,1.5,2.0,Latent_Defect,50
C13707,L7,TypeC,31.88,1.13,8.72,9.72,10.72,60.0,0.87,0.97,1.07,6.0,Absolute_Failure,50
C13708,L7,TypeA,30.42,1.13,12.31,13.31,14.31,15.31,1.23,1.33,1.43,1.53,Normal,50
C13709,L7,TypeC,32.42,1.14,11.15,12.15,31.15,33.15,1.12,1.22,3.12,3.32,Sudden_Anomaly,50
C13710,L7,TypeB,29.21,1.26,11.31,12.31,13.31,14.31,1.13,1.23,1.33,1.43,Normal,50
C13711,L7,TypeA,29.46,1.09,9.84,9.84,9.84,9.84,0.98,0.98,0.98,0.98,High_Stable,50
C13712,L7,TypeB,27.32,1.15,9.86,10.86,11.86,12.86,0.99,1.09,1.19,1.29,Normal,50
C13713,L7,TypeC,30.51,1.11,12.41,14.41,17.41,22.41,1.24,1.44,1.74,2.24,Latent_Defect,50
C13714,L7,TypeC,26.29,1.02,10.1,11.1,12.1,60.0,1.01,1.11,1.21,6.0,Absolute_Failure,50
C13715,L7,TypeB,33.49,1.05,8.66,9.66,28.66,30.66,0.87,0.97,2.87,3.07,Sudden_Anomaly,50
C13716,L7,TypeB,29.83,1.06,11.22,12.22,13.22,14.22,1.12,1.22,1.32,1.42,Normal,50
C13717,L7,TypeA,30.4,1.09,10.71,11.71,12.71,60.0,1.07,1.17,1.27,6.0,Absolute_Failure,50
C13718,L7,TypeA,27.29,1.1,10.97,11.97,12.97,13.97,1.1,1.2,1.3,1.4,Normal,50
C13719,L7,TypeA,25.57,1.06,9.39,9.39,9.39,9.39,0.94,0.94,0.94,0.94,High_Stable,50
C13720,L7,TypeA,31.49,1.08,11.6,11.6,11.6,11.6,1.16,1.16,1.16,1.16,High_Stable,50
C13721,L7,TypeB,32.83,1.11,8.62,10.62,13.62,18.62,0.86,1.06,1.36,1.86,Latent_Defect,50
C13722,L7,TypeB,33.04,1.12,10.23,11.23,30.23,32.23,1.02,1.12,3.02,3.22,Sudden_Anomaly,50
C13723,L7,TypeC,28.5,1.24,11.07,11.07,11.07,11.07,1.11,1.11,1.11,1.11,High_Stable,50
C13724,L7,TypeC,29.47,1.28,11.46,12.46,13.46,60.0,1.15,1.25,1.35,6.0,Absolute_Failure,50
C13725,L7,TypeA,34.9,1.24,12.46,14.46,17.46,22.46,1.25,1.45,1.75,2.25,Latent_Defect,50
C13726,L7,TypeA,34.14,1.05,12.07,13.07,14.07,60.0,1.21,1.31,1.41,6.0,Absolute_Failure,50
C13727,L7,TypeA,26.55,1.25,13.18,14.18,15.18,60.0,1.32,1.42,1.52,6.0,Absolute_Failure,50
C13728,L7,TypeB,26.7,1.27,9.41,10.41,11.41,60.0,0.94,1.04,1.14,6.0,Absolute_Failure,50
C13729,L7,TypeB,31.95,1.2,13.06,13.06,13.06,13.06,1.31,1.31,1.31,1.31,High_Stable,50
C13730,L7,TypeC,31.88,1.09,12.76,14.76,17.76,22.76,1.28,1.48,1.78,2.28,Latent_Defect,50
C13731,L7,TypeA,26.1,1.19,13.02,14.02,15.02,16.02,1.3,1.4,1.5,1.6,Normal,50
C13732,L7,TypeA,26.54,1.21,13.27,14.27,15.27,60.0,1.33,1.43,1.53,6.0,Absolute_Failure,50
C13733,L7,TypeB,26.8,1.15,12.73,14.73,17.73,22.73,1.27,1.47,1.77,2.27,Latent_Defect,50
C13734,L7,TypeB,31.19,1.03,11.61,11.61,11.61,11.61,1.16,1.16,1.16,1.16,High_Stable,50
C13735,L7,TypeC,33.96,1.02,14.76,14.76,14.76,14.76,1.48,1.48,1.48,1.48,High_Stable,50
C13736,L7,TypeC,31.53,1.24,10.02,11.02,30.02,32.02,1.0,1.1,3.0,3.2,Sudden_Anomaly,50
C13737,L7,TypeB,34.02,1.09,10.44,12.44,15.44,20.44,1.04,1.24,1.54,2.04,Latent_Defect,50
C13738,L7,TypeC,31.32,1.07,10.04,11.04,30.04,32.04,1.0,1.1,3.0,3.2,Sudden_Anomaly,50
C13739,L7,TypeA,26.68,1.01,14.24,15.24,16.24,60.0,1.42,1.52,1.62,6.0,Absolute_Failure,50
C13740,L7,TypeB,32.93,1.01,8.08,10.08,13.08,18.08,0.81,1.01,1.31,1.81,Latent_Defect,50
C13741,L7,TypeB,26.38,1.05,11.01,12.01,31.01,33.01,1.1,1.2,3.1,3.3,Sudden_Anomaly,50
C13742,L7,TypeA,33.45,1.19,12.05,12.05,12.05,12.05,1.21,1.21,1.21,1.21,High_Stable,50
C13743,L7,TypeA,25.03,1.16,13.02,13.02,13.02,13.02,1.3,1.3,1.3,1.3,High_Stable,50
C13744,L7,TypeA,34.32,1.09,9.94,10.94,11.94,12.94,0.99,1.09,1.19,1.29,Normal,50
C13745,L7,TypeB,25.04,1.19,11.7,11.7,11.7,11.7,1.17,1.17,1.17,1.17,High_Stable,50
C13746,L7,TypeA,26.29,1.2,10.29,11.29,30.29,32.29,1.03,1.13,3.03,3.23,Sudden_Anomaly,50
C13747,L7,TypeC,32.87,1.25,8.33,10.33,13.33,18.33,0.83,1.03,1.33,1.83,Latent_Defect,50
C13748,L7,TypeA,30.33,1.06,8.2,10.2,13.2,18.2,0.82,1.02,1.32,1.82,Latent_Defect,50
C13749,L7,TypeC,28.85,1.22,11.63,11.63,11.63,11.63,1.16,1.16,1.16,1.16,High_Stable,50
C13750,L7,TypeC,26.37,1.24,14.17,16.17,19.17,24.17,1.42,1.62,1.92,2.42,Latent_Defect,50
C13751,L7,TypeA,26.57,1.12,10.65,12.65,15.65,20.65,1.07,1.27,1.57,2.07,Latent_Defect,50
C13752,L7,TypeA,31.9,1.27,14.98,14.98,14.98,14.98,1.5,1.5,1.5,1.5,High_Stable,50
C13753,L7,TypeA,26.42,1.18,9.48,10.48,29.48,31.48,0.95,1.05,2.95,3.15,Sudden_Anomaly,50
C13754,L7,TypeA,33.56,1.03,12.63,13.63,32.63,34.63,1.26,1.36,3.26,3.46,Sudden_Anomaly,50
C13755,L7,TypeA,26.58,1.05,13.7,15.7,18.7,23.7,1.37,1.57,1.87,2.37,Latent_Defect,50
C13756,L7,TypeA,26.4,1.09,13.21,14.21,15.21,16.21,1.32,1.42,1.52,1.62,Normal,50
C13757,L7,TypeB,25.54,1.19,11.84,12.84,13.84,60.0,1.18,1.28,1.38,6.0,Absolute_Failure,50
C13758,L7,TypeB,29.05,1.03,12.11,12.11,12.11,12.11,1.21,1.21,1.21,1.21,High_Stable,50
C13759,L7,TypeC,25.56,1.23,10.89,12.89,15.89,20.89,1.09,1.29,1.59,2.09,Latent_Defect,50
C13760,L7,TypeC,25.33,1.22,12.9,13.9,14.9,60.0,1.29,1.39,1.49,6.0,Absolute_Failure,50
C13761,L7,TypeB,29.19,1.01,9.52,9.52,9.52,9.52,0.95,0.95,0.95,0.95,High_Stable,50
C13762,L7,TypeA,29.04,1.26,14.19,15.19,34.19,36.19,1.42,1.52,3.42,3.62,Sudden_Anomaly,50
C13763,L7,TypeA,28.74,1.18,11.43,12.43,13.43,14.43,1.14,1.24,1.34,1.44,Normal,50
C13764,L7,TypeA,29.77,1.15,12.62,14.62,17.62,22.62,1.26,1.46,1.76,2.26,Latent_Defect,50
C13765,L7,TypeA,28.81,1.27,12.51,13.51,32.51,34.51,1.25,1.35,3.25,3.45,Sudden_Anomaly,50
C13766,L7,TypeC,30.65,1.17,8.44,10.44,13.44,18.44,0.84,1.04,1.34,1.84,Latent_Defect,50
C13767,L7,TypeA,30.67,1.17,14.97,15.97,34.97,36.97,1.5,1.6,3.5,3.7,Sudden_Anomaly,50
C13768,L7,TypeB,26.66,1.25,13.24,13.24,13.24,13.24,1.32,1.32,1.32,1.32,High_Stable,50
C13769,L7,TypeC,27.44,1.27,14.2,15.2,16.2,17.2,1.42,1.52,1.62,1.72,Normal,50
C13770,L7,TypeC,34.58,1.15,10.33,11.33,12.33,13.33,1.03,1.13,1.23,1.33,Normal,50
C13771,L7,TypeB,32.2,1.21,12.92,13.92,14.92,60.0,1.29,1.39,1.49,6.0,Absolute_Failure,50
C13772,L7,TypeB,26.75,1.01,10.67,11.67,30.67,32.67,1.07,1.17,3.07,3.27,Sudden_Anomaly,50
C13773,L7,TypeB,28.82,1.09,9.58,10.58,11.58,60.0,0.96,1.06,1.16,6.0,Absolute_Failure,50
C13774,L7,TypeA,28.05,1.18,8.79,9.79,28.79,30.79,0.88,0.98,2.88,3.08,Sudden_Anomaly,50
C13775,L7,TypeC,32.23,1.02,14.22,15.22,16.22,17.22,1.42,1.52,1.62,1.72,Normal,50
C13776,L7,TypeC,32.77,1.12,9.68,9.68,9.68,9.68,0.97,0.97,0.97,0.97,High_Stable,50
C13777,L7,TypeB,25.58,1.28,12.5,12.5,12.5,12.5,1.25,1.25,1.25,1.25,High_Stable,50
C13778,L7,TypeB,27.89,1.07,13.67,13.67,13.67,13.67,1.37,1.37,1.37,1.37,High_Stable,50
C13779,L7,TypeB,25.27,1.04,9.03,11.03,14.03,19.03,0.9,1.1,1.4,1.9,Latent_Defect,50
C13780,L7,TypeC,26.3,1.14,12.09,14.09,17.09,22.09,1.21,1.41,1.71,2.21,Latent_Defect,50
C13781,L7,TypeA,34.83,1.07,12.8,12.8,12.8,12.8,1.28,1.28,1.28,1.28,High_Stable,50
C13782,L7,TypeC,27.26,1.05,13.11,14.11,15.11,60.0,1.31,1.41,1.51,6.0,Absolute_Failure,50
C13783,L7,TypeA,34.69,1.19,12.44,12.44,12.44,12.44,1.24,1.24,1.24,1.24,High_Stable,50
C13784,L7,TypeC,25.09,1.1,11.83,13.83,16.83,21.83,1.18,1.38,1.68,2.18,Latent_Defect,50
C13785,L7,TypeC,30.3,1.2,14.61,16.61,19.61,24.61,1.46,1.66,1.96,2.46,Latent_Defect,50
C13786,L7,TypeB,33.23,1.01,11.53,12.53,13.53,60.0,1.15,1.25,1.35,6.0,Absolute_Failure,50
C13787,L7,TypeC,33.19,1.14,14.66,15.66,34.66,36.66,1.47,1.57,3.47,3.67,Sudden_Anomaly,50
C13788,L7,TypeC,27.13,1.13,14.2,15.2,34.2,36.2,1.42,1.52,3.42,3.62,Sudden_Anomaly,50
C13789,L7,TypeA,29.18,1.03,11.03,13.03,16.03,21.03,1.1,1.3,1.6,2.1,Latent_Defect,50
C13790,L7,TypeB,31.54,1.05,10.56,11.56,30.56,32.56,1.06,1.16,3.06,3.26,Sudden_Anomaly,50
C13791,L7,TypeA,31.29,1.02,13.93,14.93,15.93,16.93,1.39,1.49,1.59,1.69,Normal,50
C13792,L7,TypeA,27.04,1.02,12.83,12.83,12.83,12.83,1.28,1.28,1.28,1.28,High_Stable,50
C13793,L7,TypeA,26.51,1.23,9.39,10.39,11.39,60.0,0.94,1.04,1.14,6.0,Absolute_Failure,50
C13794,L7,TypeA,33.54,1.04,10.54,11.54,30.54,32.54,1.05,1.15,3.05,3.25,Sudden_Anomaly,50
C13795,L7,TypeB,27.49,1.06,9.17,11.17,14.17,19.17,0.92,1.12,1.42,1.92,Latent_Defect,50
C13796,L7,TypeC,25.15,1.11,8.83,9.83,28.83,30.83,0.88,0.98,2.88,3.08,Sudden_Anomaly,50
C13797,L7,TypeA,27.83,1.29,9.69,11.69,14.69,19.69,0.97,1.17,1.47,1.97,Latent_Defect,50
C13798,L7,TypeA,32.91,1.11,9.36,10.36,11.36,60.0,0.94,1.04,1.14,6.0,Absolute_Failure,50
C13799,L7,TypeC,33.77,1.2,12.1,13.1,14.1,60.0,1.21,1.31,1.41,6.0,Absolute_Failure,50
C13800,L7,TypeC,28.82,1.24,11.82,12.82,13.82,14.82,1.18,1.28,1.38,1.48,Normal,50
C13801,L7,TypeB,34.64,1.28,12.95,13.95,14.95,60.0,1.29,1.39,1.49,6.0,Absolute_Failure,50
C13802,L7,TypeA,30.57,1.11,14.52,16.52,19.52,24.52,1.45,1.65,1.95,2.45,Latent_Defect,50
C13803,L7,TypeA,29.27,1.16,12.73,13.73,14.73,15.73,1.27,1.37,1.47,1.57,Normal,50
C13804,L7,TypeB,27.16,1.09,11.74,13.74,16.74,21.74,1.17,1.37,1.67,2.17,Latent_Defect,50
C13805,L7,TypeA,34.63,1.25,11.81,13.81,16.81,21.81,1.18,1.38,1.68,2.18,Latent_Defect,50
C13806,L7,TypeB,30.2,1.22,11.91,13.91,16.91,21.91,1.19,1.39,1.69,2.19,Latent_Defect,50
C13807,L7,TypeA,31.95,1.06,14.27,15.27,16.27,60.0,1.43,1.53,1.63,6.0,Absolute_Failure,50
C13808,L7,TypeB,27.13,1.25,9.72,9.72,9.72,9.72,0.97,0.97,0.97,0.97,High_Stable,50
C13809,L7,TypeC,30.86,1.19,11.55,12.55,31.55,33.55,1.16,1.26,3.16,3.36,Sudden_Anomaly,50
C13810,L7,TypeA,28.61,1.06,11.35,13.35,16.35,21.35,1.14,1.34,1.64,2.14,Latent_Defect,50
C13811,L7,TypeA,26.24,1.18,10.11,12.11,15.11,20.11,1.01,1.21,1.51,2.01,Latent_Defect,50
C13812,L7,TypeC,31.78,1.22,9.76,11.76,14.76,19.76,0.98,1.18,1.48,1.98,Latent_Defect,50
C13813,L7,TypeB,29.44,1.29,9.36,11.36,14.36,19.36,0.94,1.14,1.44,1.94,Latent_Defect,50
C13814,L7,TypeA,26.22,1.2,8.53,9.53,28.53,30.53,0.85,0.95,2.85,3.05,Sudden_Anomaly,50
C13815,L7,TypeB,34.9,1.26,10.53,11.53,30.53,32.53,1.05,1.15,3.05,3.25,Sudden_Anomaly,50
C13816,L7,TypeC,31.54,1.26,13.5,13.5,13.5,13.5,1.35,1.35,1.35,1.35,High_Stable,50
C13817,L7,TypeA,33.98,1.13,8.23,10.23,13.23,18.23,0.82,1.02,1.32,1.82,Latent_Defect,50
C13818,L7,TypeB,25.45,1.04,13.55,13.55,13.55,13.55,1.35,1.35,1.35,1.35,High_Stable,50
C13819,L7,TypeA,25.59,1.18,14.21,14.21,14.21,14.21,1.42,1.42,1.42,1.42,High_Stable,50
C13820,L7,TypeA,32.98,1.14,8.89,9.89,28.89,30.89,0.89,0.99,2.89,3.09,Sudden_Anomaly,50
C13821,L7,TypeC,31.58,1.29,10.23,12.23,15.23,20.23,1.02,1.22,1.52,2.02,Latent_Defect,50
C13822,L7,TypeB,34.77,1.19,10.68,11.68,12.68,60.0,1.07,1.17,1.27,6.0,Absolute_Failure,50
C13823,L7,TypeA,26.31,1.06,10.4,11.4,12.4,60.0,1.04,1.14,1.24,6.0,Absolute_Failure,50
C13824,L7,TypeB,28.18,1.27,10.45,11.45,30.45,32.45,1.05,1.15,3.05,3.25,Sudden_Anomaly,50
C13825,L7,TypeA,33.23,1.18,8.59,9.59,28.59,30.59,0.86,0.96,2.86,3.06,Sudden_Anomaly,50
C13826,L7,TypeB,34.03,1.18,9.19,11.19,14.19,19.19,0.92,1.12,1.42,1.92,Latent_Defect,50
C13827,L7,TypeA,30.7,1.21,12.15,13.15,14.15,15.15,1.21,1.31,1.41,1.51,Normal,50
C13828,L7,TypeA,31.1,1.18,13.66,14.66,33.66,35.66,1.37,1.47,3.37,3.57,Sudden_Anomaly,50
C13829,L7,TypeB,31.32,1.21,10.84,11.84,12.84,13.84,1.08,1.18,1.28,1.38,Normal,50
C13830,L7,TypeA,34.99,1.19,9.6,11.6,14.6,19.6,0.96,1.16,1.46,1.96,Latent_Defect,50
C13831,L7,TypeB,28.3,1.18,8.53,8.53,8.53,8.53,0.85,0.85,0.85,0.85,High_Stable,50
C13832,L7,TypeC,32.31,1.18,10.05,11.05,12.05,13.05,1.01,1.11,1.21,1.31,Normal,50
C13833,L7,TypeB,28.22,1.15,12.94,13.94,32.94,34.94,1.29,1.39,3.29,3.49,Sudden_Anomaly,50
C13834,L7,TypeC,29.79,1.22,10.66,11.66,12.66,13.66,1.07,1.17,1.27,1.37,Normal,50
C13835,L7,TypeA,32.34,1.07,14.7,15.7,16.7,17.7,1.47,1.57,1.67,1.77,Normal,50
C13836,L7,TypeA,34.38,1.13,9.42,10.42,11.42,60.0,0.94,1.04,1.14,6.0,Absolute_Failure,50
C13837,L7,TypeA,29.41,1.25,13.69,13.69,13.69,13.69,1.37,1.37,1.37,1.37,High_Stable,50
C13838,L7,TypeA,28.25,1.12,8.99,9.99,10.99,60.0,0.9,1.0,1.1,6.0,Absolute_Failure,50
C13839,L7,TypeC,33.42,1.11,10.47,12.47,15.47,20.47,1.05,1.25,1.55,2.05,Latent_Defect,50
C13840,L7,TypeC,26.89,1.04,8.61,9.61,28.61,30.61,0.86,0.96,2.86,3.06,Sudden_Anomaly,50
C13841,L7,TypeC,31.68,1.13,12.98,13.98,14.98,15.98,1.3,1.4,1.5,1.6,Normal,50
C13842,L7,TypeA,31.9,1.17,12.71,13.71,14.71,15.71,1.27,1.37,1.47,1.57,Normal,50
C13843,L7,TypeA,31.54,1.16,12.58,12.58,12.58,12.58,1.26,1.26,1.26,1.26,High_Stable,50
C13844,L7,TypeC,34.68,1.13,10.32,10.32,10.32,10.32,1.03,1.03,1.03,1.03,High_Stable,50
C13845,L7,TypeB,30.72,1.19,13.33,14.33,15.33,60.0,1.33,1.43,1.53,6.0,Absolute_Failure,50
C13846,L7,TypeB,34.42,1.07,12.4,13.4,14.4,60.0,1.24,1.34,1.44,6.0,Absolute_Failure,50
C13847,L7,TypeB,25.27,1.18,8.61,9.61,10.61,11.61,0.86,0.96,1.06,1.16,Normal,50
C13848,L7,TypeC,31.91,1.13,12.55,13.55,14.55,15.55,1.25,1.35,1.45,1.55,Normal,50
C13849,L7,TypeA,34.41,1.15,10.19,11.19,12.19,13.19,1.02,1.12,1.22,1.32,Normal,50
C13850,L7,TypeA,25.58,1.15,9.36,9.36,9.36,9.36,0.94,0.94,0.94,0.94,High_Stable,50
C13851,L7,TypeC,34.0,1.27,13.67,14.67,15.67,16.67,1.37,1.47,1.57,1.67,Normal,50
C13852,L7,TypeA,32.76,1.04,14.64,15.64,34.64,36.64,1.46,1.56,3.46,3.66,Sudden_Anomaly,50
C13853,L7,TypeC,31.76,1.25,8.68,9.68,28.68,30.68,0.87,0.97,2.87,3.07,Sudden_Anomaly,50
C13854,L7,TypeC,25.74,1.07,11.61,11.61,11.61,11.61,1.16,1.16,1.16,1.16,High_Stable,50
C13855,L7,TypeB,29.76,1.04,11.77,13.77,16.77,21.77,1.18,1.38,1.68,2.18,Latent_Defect,50
C13856,L7,TypeB,25.32,1.07,11.41,12.41,31.41,33.41,1.14,1.24,3.14,3.34,Sudden_Anomaly,50
C13857,L7,TypeC,31.98,1.14,9.84,10.84,29.84,31.84,0.98,1.08,2.98,3.18,Sudden_Anomaly,50
C13858,L7,TypeC,26.88,1.03,13.15,14.15,33.15,35.15,1.31,1.41,3.31,3.51,Sudden_Anomaly,50
C13859,L7,TypeC,25.83,1.21,8.81,9.81,10.81,60.0,0.88,0.98,1.08,6.0,Absolute_Failure,50
C13860,L7,TypeA,28.93,1.24,14.2,15.2,16.2,60.0,1.42,1.52,1.62,6.0,Absolute_Failure,50
C13861,L7,TypeC,33.75,1.26,11.93,13.93,16.93,21.93,1.19,1.39,1.69,2.19,Latent_Defect,50
C13862,L7,TypeC,28.79,1.02,10.53,10.53,10.53,10.53,1.05,1.05,1.05,1.05,High_Stable,50
C13863,L7,TypeA,34.56,1.18,14.35,15.35,16.35,60.0,1.43,1.53,1.63,6.0,Absolute_Failure,50
C13864,L7,TypeB,32.55,1.22,10.84,11.84,12.84,60.0,1.08,1.18,1.28,6.0,Absolute_Failure,50
C13865,L7,TypeC,25.79,1.25,13.04,13.04,13.04,13.04,1.3,1.3,1.3,1.3,High_Stable,50
C13866,L7,TypeB,29.0,1.27,10.97,11.97,30.97,32.97,1.1,1.2,3.1,3.3,Sudden_Anomaly,50
C13867,L7,TypeC,25.66,1.11,12.75,12.75,12.75,12.75,1.27,1.27,1.27,1.27,High_Stable,50
C13868,L7,TypeA,34.56,1.14,8.34,9.34,10.34,60.0,0.83,0.93,1.03,6.0,Absolute_Failure,50
C13869,L7,TypeA,27.31,1.13,8.42,9.42,10.42,11.42,0.84,0.94,1.04,1.14,Normal,50
C13870,L7,TypeA,28.42,1.25,11.31,12.31,13.31,60.0,1.13,1.23,1.33,6.0,Absolute_Failure,50
C13871,L7,TypeA,34.97,1.11,10.5,10.5,10.5,10.5,1.05,1.05,1.05,1.05,High_Stable,50
C13872,L7,TypeC,31.37,1.0,8.5,9.5,10.5,11.5,0.85,0.95,1.05,1.15,Normal,50
C13873,L7,TypeA,28.17,1.03,9.99,11.99,14.99,19.99,1.0,1.2,1.5,2.0,Latent_Defect,50
C13874,L7,TypeB,31.31,1.03,8.27,8.27,8.27,8.27,0.83,0.83,0.83,0.83,High_Stable,50
C13875,L7,TypeC,26.22,1.04,12.6,12.6,12.6,12.6,1.26,1.26,1.26,1.26,High_Stable,50
C13876,L7,TypeC,26.89,1.19,8.86,9.86,28.86,30.86,0.89,0.99,2.89,3.09,Sudden_Anomaly,50
C13877,L7,TypeB,34.58,1.07,10.15,10.15,10.15,10.15,1.01,1.01,1.01,1.01,High_Stable,50
C13878,L7,TypeA,31.21,1.25,12.91,13.91,14.91,15.91,1.29,1.39,1.49,1.59,Normal,50
C13879,L7,TypeA,25.95,1.06,10.32,11.32,12.32,60.0,1.03,1.13,1.23,6.0,Absolute_Failure,50
C13880,L7,TypeC,30.49,1.07,12.04,12.04,12.04,12.04,1.2,1.2,1.2,1.2,High_Stable,50
C13881,L7,TypeA,32.31,1.05,10.73,12.73,15.73,20.73,1.07,1.27,1.57,2.07,Latent_Defect,50
C13882,L7,TypeA,32.92,1.14,9.29,11.29,14.29,19.29,0.93,1.13,1.43,1.93,Latent_Defect,50
C13883,L7,TypeB,31.37,1.24,11.59,12.59,13.59,14.59,1.16,1.26,1.36,1.46,Normal,50
C13884,L7,TypeA,27.63,1.18,13.3,15.3,18.3,23.3,1.33,1.53,1.83,2.33,Latent_Defect,50
C13885,L7,TypeB,29.62,1.14,13.49,14.49,33.49,35.49,1.35,1.45,3.35,3.55,Sudden_Anomaly,50
C13886,L7,TypeA,33.93,1.18,13.54,15.54,18.54,23.54,1.35,1.55,1.85,2.35,Latent_Defect,50
C13887,L7,TypeC,31.39,1.29,8.14,10.14,13.14,18.14,0.81,1.01,1.31,1.81,Latent_Defect,50
C13888,L7,TypeC,32.41,1.19,12.65,14.65,17.65,22.65,1.26,1.46,1.76,2.26,Latent_Defect,50
C13889,L7,TypeC,26.7,1.1,12.92,13.92,14.92,15.92,1.29,1.39,1.49,1.59,Normal,50
C13890,L7,TypeB,28.88,1.25,9.1,10.1,11.1,12.1,0.91,1.01,1.11,1.21,Normal,50
C13891,L7,TypeC,33.29,1.01,12.82,13.82,14.82,15.82,1.28,1.38,1.48,1.58,Normal,50
C13892,L7,TypeA,25.04,1.26,8.62,9.62,10.62,11.62,0.86,0.96,1.06,1.16,Normal,50
C13893,L7,TypeB,28.88,1.11,12.72,12.72,12.72,12.72,1.27,1.27,1.27,1.27,High_Stable,50
C13894,L7,TypeA,33.63,1.28,13.11,14.11,15.11,16.11,1.31,1.41,1.51,1.61,Normal,50
C13895,L7,TypeA,25.58,1.28,8.67,9.67,10.67,60.0,0.87,0.97,1.07,6.0,Absolute_Failure,50
C13896,L7,TypeC,25.08,1.2,9.18,11.18,14.18,19.18,0.92,1.12,1.42,1.92,Latent_Defect,50
C13897,L7,TypeB,26.18,1.07,13.89,14.89,15.89,16.89,1.39,1.49,1.59,1.69,Normal,50
C13898,L7,TypeA,28.18,1.22,8.5,8.5,8.5,8.5,0.85,0.85,0.85,0.85,High_Stable,50
C13899,L7,TypeC,32.69,1.04,8.44,9.44,10.44,11.44,0.84,0.94,1.04,1.14,Normal,50
C13900,L7,TypeC,33.35,1.3,11.68,13.68,16.68,21.68,1.17,1.37,1.67,2.17,Latent_Defect,50
C13901,L7,TypeC,32.95,1.26,10.96,11.96,12.96,60.0,1.1,1.2,1.3,6.0,Absolute_Failure,50
C13902,L7,TypeA,25.84,1.14,14.68,14.68,14.68,14.68,1.47,1.47,1.47,1.47,High_Stable,50
C13903,L7,TypeB,34.9,1.06,8.95,10.95,13.95,18.95,0.9,1.1,1.4,1.9,Latent_Defect,50
C13904,L7,TypeB,32.32,1.17,9.34,10.34,11.34,60.0,0.93,1.03,1.13,6.0,Absolute_Failure,50
C13905,L7,TypeB,33.8,1.25,12.0,13.0,14.0,15.0,1.2,1.3,1.4,1.5,Normal,50
C13906,L7,TypeA,33.05,1.21,10.23,10.23,10.23,10.23,1.02,1.02,1.02,1.02,High_Stable,50
C13907,L7,TypeA,25.09,1.07,10.65,12.65,15.65,20.65,1.06,1.26,1.56,2.06,Latent_Defect,50
C13908,L7,TypeC,25.23,1.27,11.4,11.4,11.4,11.4,1.14,1.14,1.14,1.14,High_Stable,50
C13909,L7,TypeC,25.3,1.19,8.48,9.48,10.48,60.0,0.85,0.95,1.05,6.0,Absolute_Failure,50
C13910,L7,TypeC,25.84,1.26,14.01,15.01,16.01,17.01,1.4,1.5,1.6,1.7,Normal,50
C13911,L7,TypeC,32.47,1.27,13.6,14.6,15.6,60.0,1.36,1.46,1.56,6.0,Absolute_Failure,50
C13912,L7,TypeB,34.03,1.25,12.1,13.1,32.1,34.1,1.21,1.31,3.21,3.41,Sudden_Anomaly,50
C13913,L7,TypeB,25.76,1.07,12.58,13.58,14.58,15.58,1.26,1.36,1.46,1.56,Normal,50
C13914,L7,TypeA,27.26,1.23,13.68,13.68,13.68,13.68,1.37,1.37,1.37,1.37,High_Stable,50
C13915,L7,TypeB,31.75,1.02,11.14,12.14,13.14,60.0,1.11,1.21,1.31,6.0,Absolute_Failure,50
C13916,L7,TypeB,28.43,1.03,9.45,11.45,14.45,19.45,0.94,1.14,1.44,1.94,Latent_Defect,50
C13917,L7,TypeB,29.37,1.19,13.34,13.34,13.34,13.34,1.33,1.33,1.33,1.33,High_Stable,50
C13918,L7,TypeB,31.04,1.18,12.14,13.14,32.14,34.14,1.21,1.31,3.21,3.41,Sudden_Anomaly,50
C13919,L7,TypeA,28.93,1.25,14.62,16.62,19.62,24.62,1.46,1.66,1.96,2.46,Latent_Defect,50
C13920,L7,TypeB,27.83,1.3,13.15,15.15,18.15,23.15,1.31,1.51,1.81,2.31,Latent_Defect,50
C13921,L7,TypeB,29.87,1.15,14.02,14.02,14.02,14.02,1.4,1.4,1.4,1.4,High_Stable,50
C13922,L7,TypeA,32.8,1.27,13.2,14.2,33.2,35.2,1.32,1.42,3.32,3.52,Sudden_Anomaly,50
C13923,L7,TypeA,30.74,1.06,10.01,11.01,12.01,13.01,1.0,1.1,1.2,1.3,Normal,50
C13924,L7,TypeC,30.98,1.17,13.52,14.52,33.52,35.52,1.35,1.45,3.35,3.55,Sudden_Anomaly,50
C13925,L7,TypeC,30.03,1.26,9.3,11.3,14.3,19.3,0.93,1.13,1.43,1.93,Latent_Defect,50
C13926,L7,TypeA,34.35,1.2,10.77,11.77,12.77,13.77,1.08,1.18,1.28,1.38,Normal,50
C13927,L7,TypeC,33.96,1.19,8.08,10.08,13.08,18.08,0.81,1.01,1.31,1.81,Latent_Defect,50
C13928,L7,TypeB,29.77,1.21,14.12,15.12,16.12,17.12,1.41,1.51,1.61,1.71,Normal,50
C13929,L7,TypeA,27.34,1.06,11.38,12.38,31.38,33.38,1.14,1.24,3.14,3.34,Sudden_Anomaly,50
C13930,L7,TypeC,32.8,1.15,13.07,14.07,33.07,35.07,1.31,1.41,3.31,3.51,Sudden_Anomaly,50
C13931,L7,TypeC,29.22,1.2,9.96,10.96,11.96,60.0,1.0,1.1,1.2,6.0,Absolute_Failure,50
C13932,L7,TypeA,27.77,1.1,9.0,10.0,29.0,31.0,0.9,1.0,2.9,3.1,Sudden_Anomaly,50
C13933,L7,TypeC,31.74,1.04,11.55,12.55,13.55,14.55,1.15,1.25,1.35,1.45,Normal,50
C13934,L7,TypeA,32.27,1.11,8.16,8.16,8.16,8.16,0.82,0.82,0.82,0.82,High_Stable,50
C13935,L7,TypeC,28.66,1.01,13.47,14.47,15.47,16.47,1.35,1.45,1.55,1.65,Normal,50
C13936,L7,TypeB,31.71,1.23,9.22,10.22,11.22,60.0,0.92,1.02,1.12,6.0,Absolute_Failure,50
C13937,L7,TypeC,27.01,1.01,10.31,11.31,30.31,32.31,1.03,1.13,3.03,3.23,Sudden_Anomaly,50
C13938,L7,TypeC,25.22,1.07,14.8,15.8,16.8,60.0,1.48,1.58,1.68,6.0,Absolute_Failure,50
C13939,L7,TypeB,30.75,1.2,13.51,14.51,33.51,35.51,1.35,1.45,3.35,3.55,Sudden_Anomaly,50
C13940,L7,TypeB,32.85,1.03,13.21,14.21,33.21,35.21,1.32,1.42,3.32,3.52,Sudden_Anomaly,50
C13941,L7,TypeB,29.6,1.07,8.04,9.04,10.04,60.0,0.8,0.9,1.0,6.0,Absolute_Failure,50
C13942,L7,TypeB,31.66,1.16,14.12,15.12,34.12,36.12,1.41,1.51,3.41,3.61,Sudden_Anomaly,50
C13943,L7,TypeB,26.9,1.08,8.93,8.93,8.93,8.93,0.89,0.89,0.89,0.89,High_Stable,50
C13944,L7,TypeA,29.96,1.13,9.92,10.92,29.92,31.92,0.99,1.09,2.99,3.19,Sudden_Anomaly,50
C13945,L7,TypeA,25.93,1.1,11.53,12.53,13.53,60.0,1.15,1.25,1.35,6.0,Absolute_Failure,50
C13946,L7,TypeA,25.4,1.22,10.85,10.85,10.85,10.85,1.09,1.09,1.09,1.09,High_Stable,50
C13947,L7,TypeA,28.26,1.3,10.37,12.37,15.37,20.37,1.04,1.24,1.54,2.04,Latent_Defect,50
C13948,L7,TypeB,30.63,1.08,12.82,13.82,14.82,60.0,1.28,1.38,1.48,6.0,Absolute_Failure,50
C13949,L7,TypeA,27.1,1.29,13.4,15.4,18.4,23.4,1.34,1.54,1.84,2.34,Latent_Defect,50
C13950,L7,TypeB,28.61,1.26,11.27,11.27,11.27,11.27,1.13,1.13,1.13,1.13,High_Stable,50
C13951,L7,TypeB,31.77,1.16,12.34,13.34,14.34,15.34,1.23,1.33,1.43,1.53,Normal,50
C13952,L7,TypeC,34.06,1.15,10.91,11.91,12.91,60.0,1.09,1.19,1.29,6.0,Absolute_Failure,50
C13953,L7,TypeB,26.14,1.23,12.43,13.43,14.43,60.0,1.24,1.34,1.44,6.0,Absolute_Failure,50
C13954,L7,TypeA,26.89,1.25,13.23,13.23,13.23,13.23,1.32,1.32,1.32,1.32,High_Stable,50
C13955,L7,TypeC,25.56,1.08,11.86,12.86,31.86,33.86,1.19,1.29,3.19,3.39,Sudden_Anomaly,50
C13956,L7,TypeB,28.68,1.27,13.91,14.91,15.91,60.0,1.39,1.49,1.59,6.0,Absolute_Failure,50
C13957,L7,TypeC,28.77,1.22,11.22,12.22,13.22,60.0,1.12,1.22,1.32,6.0,Absolute_Failure,50
C13958,L7,TypeC,30.04,1.05,14.29,15.29,16.29,17.29,1.43,1.53,1.63,1.73,Normal,50
C13959,L7,TypeA,28.41,1.18,10.11,11.11,12.11,13.11,1.01,1.11,1.21,1.31,Normal,50
C13960,L7,TypeB,27.85,1.09,11.04,11.04,11.04,11.04,1.1,1.1,1.1,1.1,High_Stable,50
C13961,L7,TypeA,31.17,1.11,12.84,12.84,12.84,12.84,1.28,1.28,1.28,1.28,High_Stable,50
C13962,L7,TypeA,26.25,1.04,12.51,13.51,14.51,15.51,1.25,1.35,1.45,1.55,Normal,50
C13963,L7,TypeB,27.65,1.13,13.24,14.24,15.24,60.0,1.32,1.42,1.52,6.0,Absolute_Failure,50
C13964,L7,TypeA,33.43,1.14,14.98,14.98,14.98,14.98,1.5,1.5,1.5,1.5,High_Stable,50
C13965,L7,TypeA,33.71,1.09,11.69,11.69,11.69,11.69,1.17,1.17,1.17,1.17,High_Stable,50
C13966,L7,TypeA,32.51,1.11,10.19,11.19,12.19,13.19,1.02,1.12,1.22,1.32,Normal,50
C13967,L7,TypeA,33.5,1.09,13.24,14.24,15.24,16.24,1.32,1.42,1.52,1.62,Normal,50
C13968,L7,TypeB,31.62,1.01,13.47,14.47,15.47,60.0,1.35,1.45,1.55,6.0,Absolute_Failure,50
C13969,L7,TypeA,25.88,1.21,11.24,13.24,16.24,21.24,1.12,1.32,1.62,2.12,Latent_Defect,50
C13970,L7,TypeB,29.06,1.18,12.63,13.63,14.63,60.0,1.26,1.36,1.46,6.0,Absolute_Failure,50
C13971,L7,TypeC,34.15,1.13,13.08,15.08,18.08,23.08,1.31,1.51,1.81,2.31,Latent_Defect,50
C13972,L7,TypeC,25.57,1.07,14.8,15.8,34.8,36.8,1.48,1.58,3.48,3.68,Sudden_Anomaly,50
C13973,L7,TypeA,25.8,1.11,13.6,14.6,15.6,16.6,1.36,1.46,1.56,1.66,Normal,50
C13974,L7,TypeB,28.92,1.04,11.77,12.77,31.77,33.77,1.18,1.28,3.18,3.38,Sudden_Anomaly,50
C13975,L7,TypeA,29.67,1.0,14.55,15.55,34.55,36.55,1.45,1.55,3.45,3.65,Sudden_Anomaly,50
C13976,L7,TypeA,25.1,1.07,12.98,13.98,32.98,34.98,1.3,1.4,3.3,3.5,Sudden_Anomaly,50
C13977,L7,TypeB,32.08,1.23,14.22,14.22,14.22,14.22,1.42,1.42,1.42,1.42,High_Stable,50
C13978,L7,TypeA,34.73,1.14,13.17,14.17,33.17,35.17,1.32,1.42,3.32,3.52,Sudden_Anomaly,50
C13979,L7,TypeC,33.72,1.17,10.15,12.15,15.15,20.15,1.01,1.21,1.51,2.01,Latent_Defect,50
C13980,L7,TypeB,33.34,1.18,8.72,9.72,10.72,11.72,0.87,0.97,1.07,1.17,Normal,50
C13981,L7,TypeC,32.13,1.13,11.8,13.8,16.8,21.8,1.18,1.38,1.68,2.18,Latent_Defect,50
C13982,L7,TypeA,25.83,1.14,12.36,12.36,12.36,12.36,1.24,1.24,1.24,1.24,High_Stable,50
C13983,L7,TypeB,28.96,1.04,9.98,10.98,11.98,60.0,1.0,1.1,1.2,6.0,Absolute_Failure,50
C13984,L7,TypeC,27.03,1.26,10.5,11.5,12.5,60.0,1.05,1.15,1.25,6.0,Absolute_Failure,50
C13985,L7,TypeA,27.12,1.03,9.66,11.66,14.66,19.66,0.97,1.17,1.47,1.97,Latent_Defect,50
C13986,L7,TypeB,27.14,1.13,8.24,9.24,28.24,30.24,0.82,0.92,2.82,3.02,Sudden_Anomaly,50
C13987,L7,TypeB,34.59,1.28,13.14,15.14,18.14,23.14,1.31,1.51,1.81,2.31,Latent_Defect,50
C13988,L7,TypeA,29.02,1.19,12.93,13.93,14.93,60.0,1.29,1.39,1.49,6.0,Absolute_Failure,50
C13989,L7,TypeB,32.59,1.26,8.96,9.96,28.96,30.96,0.9,1.0,2.9,3.1,Sudden_Anomaly,50
C13990,L7,TypeB,31.81,1.01,12.43,12.43,12.43,12.43,1.24,1.24,1.24,1.24,High_Stable,50
C13991,L7,TypeB,32.26,1.3,12.32,13.32,14.32,15.32,1.23,1.33,1.43,1.53,Normal,50
C13992,L7,TypeB,34.91,1.01,8.11,8.11,8.11,8.11,0.81,0.81,0.81,0.81,High_Stable,50
C13993,L7,TypeC,27.66,1.19,9.12,10.12,11.12,60.0,0.91,1.01,1.11,6.0,Absolute_Failure,50
C13994,L7,TypeC,28.07,1.12,13.0,14.0,15.0,16.0,1.3,1.4,1.5,1.6,Normal,50
C13995,L7,TypeC,26.51,1.17,10.03,11.03,30.03,32.03,1.0,1.1,3.0,3.2,Sudden_Anomaly,50
C13996,L7,TypeA,27.83,1.16,8.99,9.99,28.99,30.99,0.9,1.0,2.9,3.1,Sudden_Anomaly,50
C13997,L7,TypeC,34.59,1.25,12.64,14.64,17.64,22.64,1.26,1.46,1.76,2.26,Latent_Defect,50
C13998,L7,TypeB,34.9,1.18,10.26,11.26,30.26,32.26,1.03,1.13,3.03,3.23,Sudden_Anomaly,50
C13999,L7,TypeB,31.23,1.16,8.87,9.87,10.87,60.0,0.89,0.99,1.09,6.0,Absolute_Failure,50
C14000,L7,TypeC,28.08,1.28,11.3,13.3,16.3,21.3,1.13,1.33,1.63,2.13,Latent_Defect,50
