component_id,lot_id,component_type,temperature_C,voltage_V,iddq_0h_uA,iddq_24h_uA,iddq_96h_uA,iddq_168h_uA,leakage_0h_uA,leakage_24h_uA,leakage_96h_uA,leakage_168h_uA,ground_truth,absolute_limit_uA
C06001,L4,ADC,125.51,1.793,11.8517,12.7167,13.3349,14.2049,1.1889,1.3565,1.4151,1.5078,Normal,50.0
C06002,L4,DAC,124.51,1.792,12.1038,13.1596,14.6299,15.3322,1.2888,1.3372,1.5587,1.6171,Normal,50.0
C06003,L4,ASIC,126.04,1.211,11.4729,11.7498,13.9781,39.0829,1.2095,1.2339,1.4589,4.9455,Sudden_Anomaly,50.0
C06004,L4,FPGA,124.73,1.081,11.3897,12.2474,13.8519,27.6963,1.1825,1.2905,1.4698,3.2899,Sudden_Anomaly,50.0
C06005,L4,DAC,126.18,1.806,11.1199,11.7918,12.6973,14.215,1.1702,1.2361,1.3545,1.4662,Normal,50.0
C06006,L4,DAC,123.87,1.805,11.6568,12.4369,13.7909,14.2272,1.2176,1.3013,1.4339,1.4626,Normal,50.0
C06007,L4,ASIC,124.49,1.193,11.3424,11.6125,11.7515,11.8565,1.1889,1.2165,1.176,1.2305,High_Stable,50.0
C06008,L4,ASIC,125.34,1.187,11.7711,11.7381,11.9191,12.3729,1.1953,1.2192,1.2238,1.3139,High_Stable,50.0
C06009,L4,FPGA,124.48,1.115,11.4157,12.5574,13.9396,14.6395,1.1459,1.3275,1.4578,1.543,Normal,50.0
C06010,L4,FPGA,125.86,1.103,11.4259,12.9172,15.5258,28.2191,1.2008,1.3677,1.6809,3.2868,Sudden_Anomaly,50.0
C06011,L4,ASIC,124.61,1.194,10.3881,10.9371,11.3239,12.4773,1.0645,1.1272,1.1511,1.3107,Normal,50.0
C06012,L4,ASIC,125.17,1.2,11.2777,12.5489,13.5192,14.3565,1.1993,1.3238,1.4199,1.5549,Normal,50.0
C06013,L4,ASIC,125.52,1.222,11.5713,12.1083,12.9305,14.1161,1.1665,1.253,1.3491,1.5068,Normal,50.0
C06014,L4,FPGA,125.01,1.063,11.0591,12.1137,13.296,14.0308,1.0817,1.2888,1.3491,1.4809,Normal,50.0
C06015,L4,ADC,123.97,1.796,11.2732,12.4293,16.0375,21.0173,1.1824,1.267,1.7572,2.3577,Latent_Defect,50.0
C06016,L4,ASIC,125.59,1.207,11.1102,12.5331,17.2328,21.6023,1.1344,1.3121,1.8603,2.4296,Latent_Defect,50.0
C06017,L4,ASIC,124.53,1.187,10.759,11.482,15.0672,23.499,1.1482,1.2189,1.6228,2.696,Latent_Defect,50.0
C06018,L4,DAC,126.37,1.801,11.8425,13.0451,15.7565,39.0948,1.2456,1.3552,1.662,4.9353,Sudden_Anomaly,50.0
C06019,L4,ASIC,125.62,1.195,11.3926,12.2538,12.9399,27.1354,1.1723,1.2716,1.3844,3.1393,Sudden_Anomaly,50.0
C06020,L4,DAC,125.54,1.799,11.8052,13.466,15.2531,34.2205,1.2283,1.4008,1.6179,4.1674,Sudden_Anomaly,50.0
C06021,L4,DAC,126.02,1.787,11.8581,11.9396,11.832,11.911,1.2798,1.2311,1.2385,1.2254,High_Stable,50.0
C06022,L4,DAC,125.76,1.781,11.6761,12.9035,14.0688,32.3489,1.2046,1.3696,1.4698,3.9375,Sudden_Anomaly,50.0
C06023,L4,ADC,125.24,1.812,11.8355,12.7905,13.3976,14.2838,1.2784,1.3417,1.4278,1.5896,Normal,50.0
C06024,L4,FPGA,125.87,1.077,11.7317,13.1238,15.5673,22.4009,1.1695,1.4406,1.645,2.5094,Latent_Defect,50.0
C06025,L4,ASIC,124.18,1.199,11.1532,11.3962,12.1724,12.9918,1.1377,1.1668,1.2819,1.3835,Normal,50.0
C06026,L4,DAC,125.63,1.806,11.3183,12.1523,12.3602,14.0276,1.1503,1.2568,1.3186,1.4903,Normal,50.0
C06027,L4,DAC,124.07,1.78,11.7719,12.9314,13.9678,14.991,1.2297,1.4115,1.4655,1.5623,Normal,50.0
C06028,L4,ASIC,124.67,1.184,11.529,12.2516,12.8856,13.4291,1.2073,1.2798,1.3688,1.4252,Normal,50.0
C06029,L4,ADC,125.31,1.77,11.8076,12.4142,13.2744,14.2526,1.2132,1.3195,1.4158,1.5261,Normal,50.0
C06030,L4,ADC,125.87,1.812,11.8046,12.453,13.1382,14.2041,1.2536,1.2993,1.3477,1.5254,Normal,50.0
C06031,L4,DAC,123.25,1.814,11.6013,12.3019,12.9716,13.5455,1.2116,1.293,1.3968,1.4389,Normal,50.0
C06032,L4,FPGA,127.14,1.102,11.5349,13.4178,16.0064,23.6874,1.1966,1.4012,1.6981,2.6868,Latent_Defect,50.0
C06033,L4,ADC,124.98,1.804,11.1631,12.1144,12.6522,13.1144,1.1509,1.3065,1.3141,1.3861,Normal,50.0
C06034,L4,ASIC,124.82,1.212,11.0058,11.1455,11.4625,11.8692,1.1014,1.1506,1.1838,1.2245,High_Stable,50.0
C06035,L4,FPGA,126.37,1.098,11.6674,12.0314,12.5891,13.2613,1.1921,1.2231,1.3349,1.407,Normal,50.0
C06036,L4,FPGA,125.35,1.1,11.6056,11.9362,11.8568,12.2643,1.2068,1.3063,1.2688,1.2803,High_Stable,50.0
C06037,L4,ASIC,124.15,1.192,11.2529,12.6009,15.3926,21.0655,1.1337,1.2818,1.6712,2.3822,Latent_Defect,50.0
C06038,L4,DAC,124.73,1.816,11.976,13.3287,20.2662,58.8821,1.2936,1.4122,2.2534,8.38,Absolute_Failure,50.0
C06039,L4,ASIC,126.07,1.196,11.2596,11.4501,11.6226,11.8727,1.1585,1.2242,1.1906,1.2525,Normal,50.0
C06040,L4,ASIC,124.37,1.22,11.0532,11.7101,12.2595,13.5081,1.1516,1.1949,1.2936,1.4555,Normal,50.0
C06041,L4,FPGA,125.87,1.084,11.7325,12.5158,14.8187,42.7686,1.212,1.3463,1.602,5.4966,Sudden_Anomaly,50.0
C06042,L4,ADC,124.37,1.803,11.4296,11.8751,12.2712,12.6714,1.215,1.2026,1.2947,1.3176,Normal,50.0
C06043,L4,DAC,125.08,1.782,11.8321,12.2549,12.9028,13.4993,1.2325,1.2444,1.3663,1.4198,Normal,50.0
C06044,L4,ASIC,124.06,1.174,11.3414,11.8838,12.4634,13.697,1.1764,1.1965,1.3408,1.4636,Normal,50.0
C06045,L4,ADC,123.63,1.821,12.8178,12.8398,13.0127,13.3258,1.3075,1.3749,1.4076,1.4188,High_Stable,50.0
C06046,L4,ASIC,125.31,1.201,11.3895,11.8266,12.5477,13.8834,1.1664,1.2592,1.316,1.4915,Normal,50.0
C06047,L4,FPGA,125.19,1.122,11.777,13.1116,14.0338,28.8523,1.2367,1.4461,1.4956,3.4122,Sudden_Anomaly,50.0
C06048,L4,ADC,124.89,1.817,12.1287,13.2618,14.0786,14.7026,1.2766,1.4105,1.4725,1.5386,Normal,50.0
C06049,L4,DAC,125.19,1.793,12.8205,12.9708,13.0419,13.2024,1.3995,1.3172,1.4121,1.3784,High_Stable,50.0
C06050,L4,ASIC,125.26,1.203,11.6753,12.0571,12.9705,14.7557,1.2196,1.2313,1.3645,1.5679,Normal,50.0
C06051,L4,ASIC,124.07,1.184,11.3962,12.081,12.3851,13.3643,1.1921,1.2614,1.2564,1.4138,Normal,50.0
C06052,L4,ASIC,124.47,1.187,11.4249,11.8783,13.0757,13.8899,1.1844,1.2195,1.3941,1.4672,Normal,50.0
C06053,L4,ASIC,125.5,1.188,11.5042,12.7039,13.5812,15.0352,1.2504,1.3477,1.4299,1.6398,Normal,50.0
C06054,L4,FPGA,126.22,1.121,11.2653,12.3951,12.7978,14.3095,1.149,1.2707,1.3252,1.5784,Normal,50.0
C06055,L4,FPGA,124.92,1.135,12.0366,12.2991,12.3723,12.558,1.2688,1.3372,1.3112,1.3138,High_Stable,50.0
C06056,L4,FPGA,125.19,1.105,11.4379,11.6644,11.7215,11.8806,1.1834,1.2248,1.1986,1.2603,High_Stable,50.0
C06057,L4,ADC,123.82,1.796,12.1175,13.1341,14.2574,15.4052,1.2481,1.3825,1.5203,1.6938,Normal,50.0
C06058,L4,ASIC,124.61,1.206,11.6781,12.8321,13.7927,14.2054,1.1917,1.3454,1.4545,1.4991,Normal,50.0
C06059,L4,ADC,123.94,1.792,11.8608,13.6784,20.0414,52.5499,1.2566,1.4725,2.2519,7.2103,Absolute_Failure,50.0
C06060,L4,FPGA,126.88,1.08,11.3712,12.2581,13.1141,14.1232,1.1779,1.2921,1.3806,1.4853,Normal,50.0
C06061,L4,DAC,124.89,1.788,12.4156,12.764,13.2342,14.3025,1.2942,1.3195,1.3762,1.5222,Normal,50.0
C06062,L4,ASIC,125.34,1.201,10.954,12.0967,12.7131,13.0068,1.158,1.2567,1.3273,1.3704,Normal,50.0
C06063,L4,FPGA,124.52,1.087,11.4088,12.8275,13.3144,14.4196,1.1856,1.3499,1.4065,1.5288,Normal,50.0
C06064,L4,FPGA,125.77,1.09,11.8912,12.7822,13.4618,14.8589,1.2335,1.3495,1.4602,1.5777,Normal,50.0
C06065,L4,DAC,125.37,1.798,12.4854,12.8204,14.0734,14.5773,1.2729,1.3801,1.469,1.538,Normal,50.0
C06066,L4,DAC,124.88,1.803,12.2539,12.9593,15.2418,37.3671,1.2829,1.3943,1.6522,4.6786,Sudden_Anomaly,50.0
C06067,L4,ASIC,124.85,1.225,11.4423,11.854,12.093,12.2526,1.1987,1.2718,1.1821,1.2887,Normal,50.0
C06068,L4,FPGA,126.48,1.091,11.1957,12.0623,13.1677,14.4184,1.1542,1.2359,1.4272,1.5293,Normal,50.0
C06069,L4,ADC,124.89,1.778,11.4049,12.2396,13.0418,13.0797,1.2024,1.3069,1.3912,1.383,Normal,50.0
C06070,L4,FPGA,124.8,1.088,11.3105,12.0492,13.2959,14.0013,1.1663,1.2423,1.3878,1.5207,Normal,50.0
C06071,L4,ASIC,124.66,1.191,10.7437,11.3822,12.5149,14.1806,1.1594,1.1662,1.3599,1.4852,Normal,50.0
C06072,L4,ASIC,123.64,1.193,11.8805,12.0338,12.2052,12.2746,1.2382,1.2481,1.3198,1.2866,High_Stable,50.0
C06073,L4,ASIC,124.8,1.207,11.2456,13.136,14.8282,18.7591,1.2422,1.3655,1.6322,2.0577,Latent_Defect,50.0
C06074,L4,ASIC,124.94,1.209,11.1953,11.9147,12.8941,13.5115,1.1937,1.2177,1.4089,1.4411,Normal,50.0
C06075,L4,DAC,125.22,1.789,11.9203,12.3217,13.3812,14.096,1.215,1.2502,1.3864,1.526,Normal,50.0
C06076,L4,ASIC,124.53,1.214,11.3463,11.7965,13.0752,13.062,1.1613,1.2243,1.3648,1.3789,Normal,50.0
C06077,L4,FPGA,124.32,1.109,12.1676,11.9715,12.2206,12.4412,1.3061,1.2794,1.2421,1.3221,High_Stable,50.0
C06078,L4,FPGA,125.06,1.081,11.6772,12.0621,12.8741,13.7907,1.1998,1.2793,1.3613,1.4482,Normal,50.0
C06079,L4,ASIC,124.99,1.196,11.1423,11.9518,12.4047,14.0263,1.1525,1.2236,1.3407,1.5352,Normal,50.0
C06080,L4,DAC,124.56,1.788,12.1597,13.2689,14.3416,15.1261,1.2963,1.3503,1.5736,1.633,Normal,50.0
C06081,L4,DAC,125.02,1.81,12.1692,12.507,12.7434,13.0379,1.2285,1.3031,1.3936,1.3829,High_Stable,50.0
C06082,L4,FPGA,125.13,1.082,11.3679,11.9543,13.0928,13.6165,1.2099,1.2664,1.3901,1.4431,Normal,50.0
C06083,L4,ASIC,125.69,1.203,11.1978,12.7439,15.0815,21.6057,1.1454,1.3723,1.6298,2.4219,Latent_Defect,50.0
C06084,L4,ASIC,124.21,1.187,11.3859,12.6056,13.5018,13.9192,1.1705,1.3043,1.3971,1.4809,Normal,50.0
C06085,L4,ADC,125.85,1.812,11.7048,12.874,19.1561,52.0405,1.2025,1.3688,2.1237,7.0813,Absolute_Failure,50.0
C06086,L4,ADC,124.71,1.781,11.3863,13.3961,15.9866,20.8784,1.1879,1.3935,1.7049,2.3121,Latent_Defect,50.0
C06087,L4,DAC,123.94,1.784,12.3372,12.9282,15.3188,38.6944,1.3118,1.3754,1.6669,4.8907,Sudden_Anomaly,50.0
C06088,L4,ASIC,125.51,1.189,11.517,11.8695,12.0966,12.5301,1.175,1.2298,1.2419,1.3406,High_Stable,50.0
C06089,L4,ASIC,124.96,1.232,11.3514,12.3884,13.2725,13.627,1.1781,1.324,1.4018,1.4146,Normal,50.0
C06090,L4,ASIC,124.8,1.2,11.5158,12.4207,13.1819,13.7425,1.2061,1.2919,1.3994,1.4631,Normal,50.0
C06091,L4,DAC,124.24,1.8,12.0444,13.4254,13.9981,14.6564,1.2563,1.4641,1.5025,1.5181,Normal,50.0
C06092,L4,ASIC,124.37,1.222,11.2942,11.9091,12.3289,13.1339,1.1411,1.2662,1.3187,1.4384,Normal,50.0
C06093,L4,FPGA,126.33,1.119,11.6242,11.9683,13.1089,14.2225,1.1629,1.2547,1.4031,1.5288,Normal,50.0
C06094,L4,ADC,124.32,1.806,11.921,12.815,13.3838,35.2616,1.2247,1.3304,1.4481,4.3416,Sudden_Anomaly,50.0
C06095,L4,DAC,124.94,1.803,12.419,12.3544,12.5166,12.5334,1.3173,1.335,1.2864,1.3102,High_Stable,50.0
C06096,L4,FPGA,125.11,1.128,11.3109,12.2343,12.9584,14.187,1.1757,1.2756,1.398,1.4723,Normal,50.0
C06097,L4,ASIC,125.18,1.182,12.3339,12.4493,12.5864,12.5487,1.2937,1.3741,1.2951,1.304,High_Stable,50.0
C06098,L4,FPGA,125.44,1.11,11.1621,12.7618,15.0947,21.3391,1.1589,1.3432,1.5944,2.3925,Latent_Defect,50.0
C06099,L4,DAC,124.39,1.81,11.8878,13.2435,13.4377,14.5243,1.2702,1.3803,1.4248,1.5137,Normal,50.0
C06100,L4,ASIC,126.12,1.181,11.4003,12.677,15.3993,32.1561,1.2177,1.3459,1.6764,3.8813,Sudden_Anomaly,50.0
C06101,L4,DAC,123.91,1.779,12.3908,13.1934,14.2746,15.0247,1.3341,1.3955,1.488,1.6519,Normal,50.0
C06102,L4,ASIC,124.35,1.207,11.7274,12.5305,12.949,14.2816,1.2187,1.3449,1.3651,1.555,Normal,50.0
C06103,L4,ADC,126.23,1.774,11.6155,14.4395,21.4169,54.1272,1.2257,1.5485,2.4442,7.4985,Absolute_Failure,50.0
C06104,L4,DAC,124.14,1.828,12.0112,12.7265,12.8886,14.1293,1.2454,1.3247,1.3752,1.5306,Normal,50.0
C06105,L4,DAC,125.36,1.787,11.8964,14.0766,20.5377,51.6388,1.2645,1.4543,2.3137,7.0548,Absolute_Failure,50.0
C06106,L4,ADC,124.77,1.813,12.0734,13.083,13.4832,14.2245,1.2671,1.3697,1.3933,1.504,Normal,50.0
C06107,L4,FPGA,125.12,1.076,11.6508,12.1663,13.0957,14.541,1.1945,1.2788,1.3858,1.5248,Normal,50.0
C06108,L4,FPGA,124.64,1.087,11.0285,12.0707,12.6477,13.3246,1.1197,1.2571,1.3231,1.4326,Normal,50.0
C06109,L4,DAC,124.87,1.834,12.218,12.4436,12.6012,13.057,1.2708,1.3324,1.3204,1.3963,High_Stable,50.0
C06110,L4,ASIC,124.29,1.18,11.1188,11.5754,12.5638,13.4036,1.127,1.2138,1.3017,1.4135,Normal,50.0
C06111,L4,FPGA,124.55,1.063,11.304,12.3825,13.0439,13.8282,1.194,1.3246,1.3828,1.4748,Normal,50.0
C06112,L4,ADC,123.74,1.768,11.9683,12.7311,13.2713,14.6856,1.2619,1.3951,1.3769,1.6024,Normal,50.0
C06113,L4,ASIC,124.94,1.209,11.032,11.9245,13.0769,14.1688,1.1551,1.2653,1.3885,1.5039,Normal,50.0
C06114,L4,FPGA,125.13,1.119,10.9289,11.9184,13.1627,29.9014,1.1188,1.2507,1.3785,3.5852,Sudden_Anomaly,50.0
C06115,L4,ASIC,125.45,1.187,11.0985,12.0052,13.2337,14.4393,1.1441,1.251,1.3819,1.5183,Normal,50.0
C06116,L4,ASIC,124.84,1.183,12.114,12.6578,13.2731,13.6372,1.2524,1.3301,1.4225,1.4446,Normal,50.0
C06117,L4,FPGA,126.02,1.121,11.7002,11.9802,14.0326,33.2459,1.247,1.2486,1.4605,4.0168,Sudden_Anomaly,50.0
C06118,L4,FPGA,124.47,1.082,10.9991,12.0377,12.7281,13.1711,1.0994,1.2621,1.3067,1.4222,Normal,50.0
C06119,L4,DAC,124.55,1.776,11.4942,11.3687,11.5582,11.5308,1.235,1.1838,1.21,1.2092,High_Stable,50.0
C06120,L4,DAC,124.92,1.797,11.7122,12.0796,16.1463,60.3748,1.2285,1.2623,1.7376,8.6339,Absolute_Failure,50.0
C06121,L4,FPGA,125.44,1.127,11.6425,12.8261,16.3696,23.1588,1.1787,1.412,1.7545,2.5934,Latent_Defect,50.0
C06122,L4,ASIC,125.2,1.212,10.7995,11.5751,13.0425,14.275,1.1482,1.1958,1.4184,1.5063,Normal,50.0
C06123,L4,FPGA,124.33,1.121,11.191,13.1511,20.4141,56.5827,1.2096,1.4163,2.276,7.9407,Absolute_Failure,50.0
C06124,L4,ASIC,124.9,1.2,11.3073,11.7467,12.5544,12.8602,1.1876,1.2352,1.2974,1.3183,Normal,50.0
C06125,L4,ASIC,124.27,1.212,11.2489,11.4425,11.537,11.8684,1.1809,1.186,1.2322,1.2268,High_Stable,50.0
C06126,L4,ASIC,123.99,1.218,11.394,14.3292,23.3915,59.84,1.2282,1.4885,2.6303,8.5478,Absolute_Failure,50.0
C06127,L4,FPGA,125.27,1.09,12.3637,12.2276,12.3251,12.7631,1.344,1.2723,1.2789,1.3434,High_Stable,50.0
C06128,L4,DAC,125.26,1.812,12.3926,13.0799,14.9307,39.2795,1.3142,1.3886,1.5588,4.9798,Sudden_Anomaly,50.0
C06129,L4,ASIC,124.19,1.217,11.5271,12.9089,17.7034,25.0231,1.2265,1.376,1.9008,2.8716,Latent_Defect,50.0
C06130,L4,ASIC,124.36,1.208,10.9963,12.5621,13.0837,13.6801,1.1553,1.3279,1.3943,1.504,Normal,50.0
C06131,L4,ADC,125.4,1.8,11.5546,12.5247,13.2205,13.6319,1.2351,1.3116,1.3788,1.4542,Normal,50.0
C06132,L4,ASIC,123.55,1.235,11.6794,12.5065,13.4318,39.8398,1.2269,1.3129,1.3694,5.0674,Sudden_Anomaly,50.0
C06133,L4,ASIC,124.51,1.188,11.3401,12.0139,12.805,13.3126,1.197,1.232,1.3229,1.4187,Normal,50.0
C06134,L4,ADC,125.1,1.79,12.045,12.4709,12.4418,12.9914,1.2819,1.2879,1.3507,1.3372,Normal,50.0
C06135,L4,DAC,124.53,1.808,11.5356,13.0905,17.2411,22.3542,1.1867,1.3543,1.9111,2.5006,Latent_Defect,50.0
C06136,L4,ADC,125.52,1.779,11.4281,12.0029,12.2946,13.1429,1.2267,1.2497,1.3087,1.384,Normal,50.0
C06137,L4,FPGA,124.24,1.108,11.9716,14.5738,21.9619,52.2148,1.2396,1.5443,2.4678,7.1476,Absolute_Failure,50.0
C06138,L4,ADC,124.5,1.776,11.4769,12.0802,12.382,13.3734,1.1753,1.2634,1.2892,1.3923,Normal,50.0
C06139,L4,FPGA,124.79,1.087,11.2768,11.9775,12.3268,13.3781,1.1567,1.26,1.3189,1.4115,Normal,50.0
C06140,L4,ASIC,124.78,1.188,11.2302,11.6023,12.5448,13.9488,1.1203,1.2003,1.3534,1.5215,Normal,50.0
C06141,L4,DAC,124.33,1.768,12.109,12.7555,13.2181,13.3667,1.2863,1.3516,1.402,1.4438,Normal,50.0
C06142,L4,FPGA,125.11,1.105,11.7833,12.7472,13.4398,14.467,1.2413,1.3246,1.4632,1.5505,Normal,50.0
C06143,L4,FPGA,124.46,1.089,11.2242,11.4113,11.4213,11.341,1.1912,1.204,1.1949,1.1502,High_Stable,50.0
C06144,L4,FPGA,126.05,1.126,11.3697,12.8159,13.2813,14.097,1.1865,1.3661,1.3887,1.5044,Normal,50.0
C06145,L4,ADC,125.66,1.832,11.667,12.9257,13.9921,15.5186,1.1916,1.3563,1.488,1.6661,Normal,50.0
C06146,L4,ASIC,124.98,1.183,11.1287,11.3309,11.7273,11.8099,1.1098,1.17,1.2169,1.1758,High_Stable,50.0
C06147,L4,ASIC,124.51,1.198,11.591,11.8883,11.7332,11.7429,1.2182,1.2119,1.2084,1.2372,High_Stable,50.0
C06148,L4,DAC,125.99,1.799,12.1779,12.4452,12.5895,13.3573,1.2584,1.3287,1.2973,1.4388,Normal,50.0
C06149,L4,ADC,125.32,1.793,11.6006,11.8244,11.8997,12.3599,1.1872,1.23,1.1804,1.3047,High_Stable,50.0
C06150,L4,FPGA,125.2,1.088,11.5369,11.7665,12.2633,13.1576,1.1572,1.2184,1.2588,1.4193,Normal,50.0
C06151,L4,ASIC,124.43,1.199,11.1213,12.9107,16.2952,23.2632,1.1978,1.3365,1.7771,2.6526,Latent_Defect,50.0
C06152,L4,ASIC,124.35,1.183,11.6132,12.352,13.2353,13.8312,1.2025,1.2728,1.427,1.4622,Normal,50.0
C06153,L4,ASIC,125.84,1.211,11.4589,12.3017,12.7191,14.3063,1.1773,1.2862,1.331,1.512,Normal,50.0
C06154,L4,DAC,125.83,1.8,11.8121,12.4169,13.0629,14.2346,1.2369,1.2821,1.4182,1.5112,Normal,50.0
C06155,L4,DAC,124.38,1.794,12.0972,12.6805,13.8899,14.9945,1.2712,1.3088,1.4393,1.5752,Normal,50.0
C06156,L4,DAC,126.43,1.792,12.1047,12.2155,12.4767,12.6518,1.3022,1.2819,1.3028,1.2929,High_Stable,50.0
C06157,L4,ADC,126.02,1.815,12.0933,12.4652,13.7115,14.7731,1.2554,1.3482,1.4401,1.6072,Normal,50.0
C06158,L4,ASIC,125.01,1.201,11.3302,12.6545,13.2541,27.1965,1.1388,1.3328,1.4022,3.2104,Sudden_Anomaly,50.0
C06159,L4,ASIC,124.59,1.201,10.7747,12.0053,16.1593,58.3631,1.1155,1.2614,1.7129,8.2509,Absolute_Failure,50.0
C06160,L4,ADC,122.94,1.797,11.8922,12.5681,13.4086,14.4628,1.2233,1.3532,1.432,1.559,Normal,50.0
C06161,L4,FPGA,124.41,1.111,11.7266,13.3914,17.7752,23.436,1.2361,1.3915,1.963,2.681,Latent_Defect,50.0
C06162,L4,FPGA,124.91,1.111,11.6655,12.7136,12.9743,14.1898,1.23,1.3202,1.3739,1.4937,Normal,50.0
C06163,L4,ADC,124.09,1.82,12.0593,14.6528,22.5853,52.3366,1.2592,1.5868,2.5344,7.1468,Absolute_Failure,50.0
C06164,L4,ASIC,124.11,1.205,11.0354,11.6701,12.1317,13.2057,1.1463,1.2042,1.2924,1.4081,Normal,50.0
C06165,L4,ASIC,125.31,1.207,11.5504,12.1841,12.8344,13.7776,1.2131,1.3224,1.4166,1.4375,Normal,50.0
C06166,L4,ADC,124.86,1.78,11.881,12.4897,13.1306,14.2696,1.2627,1.3008,1.3409,1.5171,Normal,50.0
C06167,L4,ADC,126.05,1.807,11.3911,12.3003,13.998,17.9812,1.1883,1.2902,1.4909,1.9719,Latent_Defect,50.0
C06168,L4,ADC,124.4,1.779,12.1374,12.2651,13.3113,14.3551,1.2342,1.3299,1.4598,1.5463,Normal,50.0
C06169,L4,ADC,124.42,1.79,11.6811,12.6238,13.3515,14.9081,1.2465,1.3014,1.4411,1.566,Normal,50.0
C06170,L4,FPGA,126.02,1.075,11.2006,13.9513,24.2021,52.4759,1.1867,1.4867,2.7904,7.209,Absolute_Failure,50.0
C06171,L4,ADC,124.88,1.799,11.5849,12.8806,16.8453,23.6088,1.2081,1.3581,1.8319,2.6411,Latent_Defect,50.0
C06172,L4,ASIC,126.85,1.201,11.4586,11.6229,11.4654,11.6104,1.2197,1.2053,1.2147,1.2051,High_Stable,50.0
C06173,L4,FPGA,123.78,1.092,12.2506,12.4986,13.3012,14.3237,1.2879,1.2678,1.4026,1.5209,Normal,50.0
C06174,L4,ASIC,125.36,1.194,11.3629,11.8206,12.9723,13.7824,1.1845,1.2576,1.4055,1.4305,Normal,50.0
C06175,L4,FPGA,125.11,1.102,11.1646,12.2173,12.9287,14.3515,1.1851,1.3071,1.393,1.5802,Normal,50.0
C06176,L4,ADC,125.53,1.803,11.9396,14.7284,20.3151,57.5878,1.2833,1.5974,2.2597,8.1992,Absolute_Failure,50.0
C06177,L4,ASIC,123.88,1.181,10.8097,11.5391,12.7184,13.4815,1.1094,1.2408,1.3248,1.4037,Normal,50.0
C06178,L4,FPGA,124.49,1.077,10.9249,11.5199,12.4445,12.6742,1.1101,1.1952,1.296,1.3339,Normal,50.0
C06179,L4,DAC,126.62,1.824,12.4713,13.5051,13.9705,14.4265,1.2892,1.4259,1.5214,1.5825,Normal,50.0
C06180,L4,ASIC,123.7,1.196,11.8653,12.7989,12.9446,13.5461,1.2581,1.308,1.3607,1.4392,Normal,50.0
C06181,L4,ASIC,124.65,1.223,11.6853,12.2392,12.9507,14.4173,1.2079,1.2799,1.3871,1.5396,Normal,50.0
C06182,L4,ADC,125.74,1.805,12.2983,12.3005,12.456,12.7857,1.2537,1.2745,1.2544,1.344,High_Stable,50.0
C06183,L4,FPGA,126.1,1.096,11.4084,12.0653,12.0842,12.5436,1.2027,1.3241,1.2765,1.313,Normal,50.0
C06184,L4,ASIC,126.1,1.189,11.531,13.3737,21.1743,50.2478,1.2512,1.4083,2.3597,6.823,Absolute_Failure,50.0
C06185,L4,ASIC,126.12,1.194,12.0504,13.1968,13.6414,14.2818,1.2327,1.4184,1.4429,1.5299,Normal,50.0
C06186,L4,ASIC,124.9,1.19,11.6276,13.1525,13.7436,34.0065,1.2302,1.3861,1.4608,4.1847,Sudden_Anomaly,50.0
C06187,L4,ASIC,126.03,1.189,11.3328,11.5344,11.4874,11.52,1.1537,1.1805,1.1556,1.1934,High_Stable,50.0
C06188,L4,FPGA,127.05,1.083,12.2409,12.4348,12.5764,12.9553,1.3114,1.3048,1.3323,1.3501,High_Stable,50.0
C06189,L4,DAC,125.66,1.794,12.5961,13.6105,14.7925,34.4595,1.32,1.4985,1.6233,4.2301,Sudden_Anomaly,50.0
C06190,L4,DAC,125.15,1.798,12.8646,14.9144,19.8972,50.0604,1.3507,1.5937,2.1879,6.7608,Absolute_Failure,50.0
C06191,L4,DAC,123.49,1.799,13.024,13.1878,13.4032,13.3931,1.3678,1.4154,1.41,1.4476,High_Stable,50.0
C06192,L4,DAC,125.94,1.824,12.3986,12.569,13.6354,13.713,1.3508,1.2913,1.4127,1.4552,Normal,50.0
C06193,L4,DAC,126.85,1.79,12.2386,12.3719,12.6838,12.8933,1.2525,1.2535,1.3796,1.3566,High_Stable,50.0
C06194,L4,FPGA,125.51,1.1,10.9637,11.5748,12.3155,13.2505,1.1657,1.204,1.2314,1.3905,Normal,50.0
C06195,L4,ADC,125.99,1.778,12.0384,13.0605,14.2188,15.247,1.2245,1.3864,1.5087,1.6463,Normal,50.0
C06196,L4,ASIC,126.21,1.172,11.223,11.4563,11.9025,12.2953,1.16,1.208,1.275,1.2558,Normal,50.0
C06197,L4,DAC,125.32,1.799,13.0642,13.1951,13.3072,13.3926,1.3953,1.3806,1.488,1.4084,High_Stable,50.0
C06198,L4,DAC,126.92,1.8,11.9702,12.9474,13.9334,15.0552,1.2108,1.3377,1.4403,1.603,Normal,50.0
C06199,L4,FPGA,123.81,1.082,11.7494,13.0156,14.3062,29.0265,1.2037,1.3879,1.5149,3.4304,Sudden_Anomaly,50.0
C06200,L4,FPGA,123.61,1.111,11.4687,12.4242,12.7579,13.3514,1.1583,1.3306,1.3319,1.4064,Normal,50.0
C06201,L4,ASIC,123.85,1.192,11.3294,12.1296,16.2808,58.951,1.204,1.2666,1.7433,8.4231,Absolute_Failure,50.0
C06202,L4,DAC,125.1,1.81,11.8828,12.2508,12.5991,12.6899,1.24,1.2785,1.271,1.3454,High_Stable,50.0
C06203,L4,ADC,125.61,1.816,12.0226,12.8866,14.0634,14.9316,1.2647,1.3558,1.4933,1.6006,Normal,50.0
C06204,L4,ASIC,125.52,1.23,11.2798,11.8005,12.1499,12.8777,1.1726,1.2198,1.2737,1.3395,Normal,50.0
C06205,L4,FPGA,126.89,1.082,11.0768,10.9044,11.4399,11.8611,1.1583,1.1742,1.1784,1.2491,Normal,50.0
C06206,L4,ASIC,125.66,1.205,11.8951,13.158,13.8052,14.8408,1.2442,1.3824,1.4478,1.5917,Normal,50.0
C06207,L4,FPGA,124.63,1.075,11.5488,11.9545,13.1358,13.6677,1.2062,1.2614,1.3983,1.498,Normal,50.0
C06208,L4,ASIC,125.7,1.214,12.3929,12.5829,12.8436,13.1783,1.3077,1.3164,1.357,1.4167,High_Stable,50.0
C06209,L4,ASIC,125.09,1.18,11.4803,12.5379,17.7669,57.0162,1.1704,1.3185,1.9595,8.023,Absolute_Failure,50.0
C06210,L4,ASIC,124.89,1.189,10.8511,11.3328,11.6632,12.9157,1.1686,1.2045,1.2401,1.3829,Normal,50.0
C06211,L4,ASIC,125.47,1.202,11.2196,12.9802,17.1008,24.4566,1.1408,1.362,1.8605,2.8186,Latent_Defect,50.0
C06212,L4,ASIC,124.97,1.209,10.8802,11.4208,12.3494,13.4871,1.0942,1.1908,1.325,1.4279,Normal,50.0
C06213,L4,DAC,123.02,1.803,12.2237,12.2924,12.172,12.5068,1.2633,1.2862,1.2868,1.3009,High_Stable,50.0
C06214,L4,ASIC,125.41,1.209,11.5263,12.617,12.7645,14.052,1.2084,1.3219,1.3194,1.4558,Normal,50.0
C06215,L4,ASIC,124.49,1.194,11.9829,12.5989,13.2899,14.2686,1.2757,1.3246,1.4086,1.5051,Normal,50.0
C06216,L4,FPGA,124.58,1.093,11.6388,12.2896,13.4524,15.2628,1.1908,1.2839,1.4686,1.6478,Normal,50.0
C06217,L4,DAC,124.8,1.794,13.1773,13.3021,13.5109,13.7779,1.3559,1.4146,1.4024,1.4622,High_Stable,50.0
C06218,L4,DAC,123.73,1.793,11.9992,12.7904,13.3589,13.2873,1.2284,1.3824,1.3811,1.3772,Normal,50.0
C06219,L4,FPGA,125.92,1.079,11.9536,12.7801,13.6807,14.041,1.2746,1.3365,1.455,1.4459,Normal,50.0
C06220,L4,DAC,126.15,1.782,11.5254,12.2485,15.0107,39.5173,1.199,1.2571,1.6331,4.9991,Sudden_Anomaly,50.0
C06221,L4,FPGA,126.06,1.092,11.7687,12.4147,13.1082,13.7836,1.1832,1.3482,1.4289,1.4316,Normal,50.0
C06222,L4,ADC,124.82,1.794,12.044,13.0693,13.9341,15.2197,1.27,1.4221,1.4779,1.662,Normal,50.0
C06223,L4,ADC,124.89,1.802,11.6533,12.6067,13.8096,14.9511,1.2283,1.3179,1.5026,1.6064,Normal,50.0
C06224,L4,DAC,124.28,1.789,12.1179,13.0185,13.3074,13.5614,1.275,1.3467,1.3994,1.4168,Normal,50.0
C06225,L4,ASIC,123.31,1.182,10.9092,11.6951,12.0479,12.9565,1.1283,1.2095,1.2741,1.3119,Normal,50.0
C06226,L4,ASIC,124.52,1.213,11.3104,12.7233,15.4358,19.8144,1.1575,1.3187,1.6283,2.2201,Latent_Defect,50.0
C06227,L4,FPGA,124.26,1.1,11.3749,12.541,13.2088,13.3537,1.1981,1.2937,1.3654,1.4133,Normal,50.0
C06228,L4,ASIC,125.62,1.226,11.201,11.4692,11.9392,12.4137,1.1721,1.2477,1.2297,1.3137,Normal,50.0
C06229,L4,ASIC,126.06,1.214,11.9901,13.0912,13.9255,14.3485,1.2337,1.3644,1.48,1.5166,Normal,50.0
C06230,L4,ASIC,124.63,1.196,11.7876,12.5519,12.6091,13.3995,1.2484,1.3093,1.3275,1.3895,Normal,50.0
C06231,L4,ADC,124.13,1.785,11.2543,12.1629,12.6506,13.3517,1.1562,1.3022,1.2862,1.4239,Normal,50.0
C06232,L4,ASIC,124.27,1.192,11.3206,12.17,13.3516,14.9443,1.19,1.2656,1.4202,1.5837,Normal,50.0
C06233,L4,FPGA,124.74,1.113,11.5224,12.7768,13.3715,14.083,1.2139,1.3014,1.3919,1.5197,Normal,50.0
C06234,L4,ASIC,123.78,1.237,11.0872,12.1997,16.3449,21.9726,1.169,1.2525,1.7904,2.4777,Latent_Defect,50.0
C06235,L4,FPGA,125.37,1.114,11.4779,12.6279,13.18,14.2672,1.1549,1.28,1.3784,1.5254,Normal,50.0
C06236,L4,ADC,123.69,1.78,11.5776,12.4061,13.5536,13.8522,1.2414,1.3188,1.451,1.4474,Normal,50.0
C06237,L4,FPGA,124.7,1.092,11.1872,11.4333,11.57,11.8424,1.1833,1.1843,1.179,1.2111,High_Stable,50.0
C06238,L4,FPGA,126.42,1.087,11.8361,13.4635,15.8536,31.7487,1.233,1.406,1.718,3.8395,Sudden_Anomaly,50.0
C06239,L4,ADC,124.43,1.81,10.9497,12.1538,14.3487,31.8779,1.1115,1.2461,1.5353,3.8502,Sudden_Anomaly,50.0
C06240,L4,ASIC,123.84,1.195,11.5564,12.0076,12.9563,13.9994,1.1945,1.2486,1.4121,1.4707,Normal,50.0
C06241,L4,ASIC,124.95,1.192,10.975,11.7902,13.6829,35.7624,1.1258,1.193,1.4532,4.4423,Sudden_Anomaly,50.0
C06242,L4,ADC,124.26,1.778,11.8699,12.9109,14.0436,14.9894,1.2053,1.3871,1.474,1.5423,Normal,50.0
C06243,L4,ADC,124.98,1.812,12.3778,12.4238,12.6109,12.7279,1.2791,1.2955,1.3175,1.3317,High_Stable,50.0
C06244,L4,ASIC,123.36,1.192,11.7913,13.0879,13.4957,13.7673,1.2337,1.3552,1.4637,1.4529,Normal,50.0
C06245,L4,ASIC,124.17,1.2,11.3609,12.0429,13.2749,14.2338,1.1813,1.2202,1.4179,1.4989,Normal,50.0
C06246,L4,ASIC,125.97,1.201,11.6961,12.0084,12.1489,12.0624,1.2172,1.2113,1.2628,1.2753,High_Stable,50.0
C06247,L4,FPGA,124.69,1.129,11.6571,12.194,13.182,14.6064,1.1875,1.2666,1.3916,1.5522,Normal,50.0
C06248,L4,FPGA,125.71,1.102,11.7904,12.3143,13.4128,15.0112,1.2338,1.2904,1.4156,1.6323,Normal,50.0
C06249,L4,DAC,125.11,1.822,11.8614,12.2449,12.4879,13.9797,1.2094,1.3123,1.324,1.4675,Normal,50.0
C06250,L4,ADC,124.77,1.813,11.2234,12.3935,13.2776,13.9798,1.1617,1.3481,1.3891,1.4381,Normal,50.0
C06251,L4,ADC,124.59,1.807,11.4831,12.3491,12.7032,14.4379,1.2286,1.297,1.3706,1.6037,Normal,50.0
C06252,L4,ADC,123.26,1.776,11.4018,11.8716,12.3826,12.9393,1.1945,1.2284,1.3173,1.358,Normal,50.0
C06253,L4,DAC,125.05,1.824,11.4662,12.0787,13.3243,14.8579,1.2111,1.2637,1.3986,1.5655,Normal,50.0
C06254,L4,ASIC,125.56,1.191,11.7246,12.6537,13.073,13.6833,1.248,1.3516,1.4098,1.4787,Normal,50.0
C06255,L4,ASIC,125.32,1.206,12.0514,12.2716,12.2796,12.0273,1.2597,1.2942,1.2834,1.2284,High_Stable,50.0
C06256,L4,ADC,125.07,1.827,11.5097,11.8589,12.1439,13.4603,1.1945,1.2336,1.2801,1.3535,Normal,50.0
C06257,L4,FPGA,125.4,1.099,11.5333,12.3488,12.2568,13.2688,1.2307,1.2925,1.2709,1.4227,Normal,50.0
C06258,L4,ASIC,125.61,1.201,11.0202,11.6287,12.3506,13.886,1.1546,1.2147,1.3205,1.4765,Normal,50.0
C06259,L4,DAC,124.51,1.823,12.2322,12.5729,12.7464,12.5419,1.2678,1.3738,1.3635,1.3294,High_Stable,50.0
C06260,L4,ADC,124.13,1.806,11.7183,12.1514,12.3634,13.0949,1.2148,1.2668,1.3248,1.3909,Normal,50.0
C06261,L4,DAC,123.9,1.814,12.1603,12.4828,12.7426,13.1431,1.2481,1.3237,1.3488,1.3548,High_Stable,50.0
C06262,L4,ADC,125.2,1.779,11.801,12.7441,13.4046,14.2028,1.2468,1.2685,1.4528,1.511,Normal,50.0
C06263,L4,ASIC,124.29,1.219,11.3501,12.4881,13.0068,13.9142,1.22,1.3093,1.3421,1.4678,Normal,50.0
C06264,L4,FPGA,126.56,1.101,11.4143,11.2777,11.3774,11.5839,1.1932,1.1344,1.1947,1.2189,High_Stable,50.0
C06265,L4,DAC,123.83,1.795,12.0125,12.354,14.0055,14.6248,1.2179,1.3337,1.5288,1.5811,Normal,50.0
C06266,L4,ASIC,126.87,1.204,11.9827,12.8243,15.3325,29.5262,1.2873,1.339,1.6516,3.5232,Sudden_Anomaly,50.0
C06267,L4,ADC,124.35,1.781,12.0017,13.6054,17.4729,23.3497,1.2783,1.413,1.9073,2.6862,Latent_Defect,50.0
C06268,L4,ASIC,126.27,1.184,10.6132,13.2899,21.0994,58.631,1.098,1.4097,2.374,8.2927,Absolute_Failure,50.0
C06269,L4,FPGA,125.42,1.134,11.61,12.3459,12.6928,13.5746,1.206,1.3303,1.3065,1.4134,Normal,50.0
C06270,L4,DAC,124.3,1.802,13.0972,14.022,14.2375,14.3931,1.3558,1.5352,1.4637,1.5592,Normal,50.0
C06271,L4,ASIC,125.32,1.218,11.7645,12.4023,12.7015,13.2167,1.2405,1.3049,1.362,1.4275,Normal,50.0
C06272,L4,FPGA,124.71,1.076,11.3021,12.169,13.4144,14.4889,1.1819,1.2261,1.4278,1.5455,Normal,50.0
C06273,L4,ADC,124.33,1.777,10.9861,12.3832,12.833,13.8561,1.1235,1.2871,1.3385,1.5023,Normal,50.0
C06274,L4,FPGA,125.63,1.075,11.3203,12.2081,13.4213,14.7635,1.1606,1.3005,1.4367,1.5319,Normal,50.0
C06275,L4,FPGA,124.86,1.097,11.3613,12.4771,13.6985,15.005,1.1821,1.3587,1.4218,1.6068,Normal,50.0
C06276,L4,ADC,126.01,1.778,12.1802,12.3934,17.4152,55.5784,1.2785,1.267,1.9038,7.7923,Absolute_Failure,50.0
C06277,L4,DAC,125.66,1.804,11.8262,12.3785,12.8528,13.4473,1.2548,1.3233,1.321,1.3886,Normal,50.0
C06278,L4,ASIC,125.44,1.207,11.5194,12.6657,15.4566,20.578,1.2387,1.3213,1.6579,2.3105,Latent_Defect,50.0
C06279,L4,FPGA,125.86,1.102,11.778,14.1388,20.7801,61.5748,1.217,1.5059,2.308,8.9272,Absolute_Failure,50.0
C06280,L4,ADC,124.41,1.778,11.75,13.1672,21.536,55.1308,1.2641,1.3999,2.4429,7.6638,Absolute_Failure,50.0
C06281,L4,DAC,125.96,1.811,11.9492,12.3399,13.4699,13.8751,1.2972,1.2939,1.4535,1.4109,Normal,50.0
C06282,L4,FPGA,126.18,1.097,11.4382,11.5685,11.9433,12.0189,1.189,1.1932,1.2984,1.2547,High_Stable,50.0
C06283,L4,ADC,123.91,1.792,12.1298,12.5819,13.355,14.2992,1.2562,1.329,1.4226,1.4669,Normal,50.0
C06284,L4,ASIC,124.53,1.182,11.4144,12.9924,14.927,20.2684,1.1682,1.3974,1.5913,2.2322,Latent_Defect,50.0
C06285,L4,FPGA,126.55,1.097,12.0734,12.586,13.2745,13.4126,1.2763,1.3881,1.388,1.4127,Normal,50.0
C06286,L4,ASIC,126.26,1.188,11.4338,12.6217,13.8183,14.8125,1.1573,1.295,1.4479,1.6121,Normal,50.0
C06287,L4,DAC,124.06,1.815,12.2015,12.8062,13.3774,14.0824,1.2766,1.342,1.4401,1.4727,Normal,50.0
C06288,L4,DAC,127.06,1.809,11.9106,11.871,12.0115,12.1243,1.2721,1.2465,1.2697,1.2952,High_Stable,50.0
C06289,L4,FPGA,126.0,1.095,11.1737,11.9101,12.7546,13.4773,1.1398,1.2706,1.3521,1.3941,Normal,50.0
C06290,L4,DAC,123.09,1.81,11.3605,12.2535,12.9419,13.4332,1.201,1.2839,1.3516,1.4091,Normal,50.0
C06291,L4,ADC,125.17,1.791,11.8699,12.8785,14.0142,14.4947,1.2055,1.3645,1.51,1.5343,Normal,50.0
C06292,L4,FPGA,126.24,1.116,11.5864,11.5041,11.4551,11.93,1.1964,1.278,1.2288,1.2797,High_Stable,50.0
C06293,L4,FPGA,125.2,1.069,11.4808,11.8812,12.6485,13.3728,1.2083,1.2634,1.3432,1.4227,Normal,50.0
C06294,L4,DAC,124.85,1.784,12.4433,12.5376,12.7021,12.239,1.3035,1.2994,1.3292,1.3016,High_Stable,50.0
C06295,L4,FPGA,124.68,1.105,11.9338,14.0928,18.1858,21.9579,1.2326,1.5286,2.0255,2.4652,Latent_Defect,50.0
C06296,L4,DAC,124.14,1.808,12.0228,13.1951,18.1515,58.0361,1.2759,1.4132,1.9758,8.2124,Absolute_Failure,50.0
C06297,L4,ADC,125.17,1.789,11.7389,12.4209,12.6401,13.8562,1.2412,1.32,1.3131,1.4945,Normal,50.0
C06298,L4,ASIC,124.26,1.202,12.2183,12.3629,12.6102,12.5755,1.2647,1.2583,1.3471,1.3477,High_Stable,50.0
C06299,L4,DAC,124.72,1.791,11.9623,12.8953,13.3835,14.2522,1.2321,1.3363,1.4258,1.4757,Normal,50.0
C06300,L4,ASIC,125.55,1.179,10.9194,11.8245,12.5537,13.3315,1.1571,1.2377,1.3688,1.3894,Normal,50.0
C06301,L4,DAC,125.42,1.806,11.517,13.2618,15.428,18.4525,1.1957,1.4162,1.623,2.0651,Latent_Defect,50.0
C06302,L4,ASIC,125.91,1.227,11.6156,12.7112,13.4369,13.9816,1.172,1.3198,1.4376,1.4778,Normal,50.0
C06303,L4,ADC,125.72,1.817,11.6172,12.1013,12.4447,13.5746,1.1968,1.255,1.3291,1.4598,Normal,50.0
C06304,L4,FPGA,126.31,1.111,11.5368,12.4308,13.1905,13.6719,1.2301,1.2743,1.3917,1.4771,Normal,50.0
C06305,L4,ASIC,125.26,1.207,11.2424,11.8542,12.4801,13.6549,1.23,1.2387,1.3112,1.4892,Normal,50.0
C06306,L4,ADC,124.69,1.805,11.5122,12.1668,13.8855,41.7442,1.1605,1.2827,1.411,5.3533,Sudden_Anomaly,50.0
C06307,L4,ADC,124.22,1.798,11.6923,12.1061,13.2942,14.5871,1.252,1.2934,1.3976,1.5602,Normal,50.0
C06308,L4,ASIC,125.77,1.202,11.1869,13.3365,21.0928,52.8331,1.2375,1.4721,2.3776,7.2285,Absolute_Failure,50.0
C06309,L4,DAC,125.34,1.765,12.2663,12.6824,13.5128,13.9762,1.3251,1.3317,1.4641,1.4923,Normal,50.0
C06310,L4,DAC,125.98,1.82,11.5735,12.2943,12.9919,13.5574,1.1923,1.3157,1.3698,1.4634,Normal,50.0
C06311,L4,DAC,123.62,1.813,11.9743,12.6942,13.8066,15.3791,1.2839,1.3367,1.5065,1.6183,Normal,50.0
C06312,L4,FPGA,125.34,1.098,11.7201,12.5393,13.4547,14.3021,1.1972,1.2968,1.4636,1.5506,Normal,50.0
C06313,L4,ADC,124.93,1.787,12.0638,12.1307,11.8963,11.5697,1.303,1.3149,1.2732,1.2192,High_Stable,50.0
C06314,L4,ASIC,126.04,1.2,11.532,13.3598,16.5254,21.9843,1.2275,1.4381,1.7463,2.4763,Latent_Defect,50.0
C06315,L4,ASIC,123.78,1.201,11.759,11.7035,11.6351,11.5637,1.2633,1.2259,1.1883,1.2267,High_Stable,50.0
C06316,L4,DAC,124.76,1.819,12.0619,12.2192,12.1252,12.1243,1.315,1.2725,1.279,1.2808,High_Stable,50.0
C06317,L4,ASIC,124.69,1.207,10.8024,12.0771,13.2545,13.7761,1.1172,1.2731,1.3763,1.4623,Normal,50.0
C06318,L4,FPGA,125.41,1.086,11.9766,12.4095,13.9926,35.4662,1.238,1.2714,1.5169,4.3684,Sudden_Anomaly,50.0
C06319,L4,ADC,125.39,1.777,11.7788,12.2445,12.5988,14.0569,1.2463,1.2914,1.3443,1.5226,Normal,50.0
C06320,L4,DAC,124.43,1.781,12.0225,12.9898,13.9037,14.8591,1.2829,1.3748,1.449,1.5832,Normal,50.0
C06321,L4,DAC,124.87,1.786,11.8461,12.6976,13.5786,14.2563,1.239,1.3369,1.429,1.5156,Normal,50.0
C06322,L4,FPGA,124.24,1.096,12.2046,12.5634,12.4556,12.8354,1.3088,1.3098,1.3312,1.3409,High_Stable,50.0
C06323,L4,ASIC,125.27,1.213,10.7937,11.1575,11.7333,13.3912,1.1401,1.1548,1.2078,1.4184,Normal,50.0
C06324,L4,FPGA,125.95,1.094,11.4641,12.3428,12.8705,12.9833,1.1952,1.2535,1.3366,1.3096,Normal,50.0
C06325,L4,ASIC,124.65,1.204,11.3803,12.3039,13.7693,14.5027,1.1771,1.314,1.443,1.5735,Normal,50.0
C06326,L4,ADC,125.2,1.803,12.3298,13.1228,13.8298,13.9604,1.3194,1.3921,1.4534,1.4998,Normal,50.0
C06327,L4,DAC,124.35,1.782,12.3022,12.8624,13.7406,15.3329,1.3126,1.3338,1.4498,1.6934,Normal,50.0
C06328,L4,FPGA,126.64,1.103,11.2313,12.1764,13.1496,14.6459,1.1469,1.282,1.4099,1.5552,Normal,50.0
C06329,L4,DAC,124.12,1.786,12.4461,13.5451,14.0654,14.6073,1.3524,1.4624,1.5049,1.5428,Normal,50.0
C06330,L4,DAC,125.64,1.823,12.2393,12.9265,13.4838,14.5561,1.2626,1.3824,1.4286,1.5549,Normal,50.0
C06331,L4,FPGA,125.32,1.106,11.4105,12.3931,12.9899,12.8641,1.1749,1.3103,1.3656,1.3367,Normal,50.0
C06332,L4,DAC,124.05,1.801,12.2252,14.1275,18.7915,24.0854,1.2795,1.4843,2.0735,2.7228,Latent_Defect,50.0
C06333,L4,DAC,125.09,1.766,12.5494,13.2325,14.47,15.8329,1.3707,1.3751,1.5104,1.7756,Normal,50.0
C06334,L4,FPGA,124.64,1.107,11.6091,13.9507,23.1967,51.4057,1.2327,1.4802,2.6495,6.974,Absolute_Failure,50.0
C06335,L4,ADC,124.78,1.788,12.6042,12.5321,12.6559,12.5185,1.2816,1.2952,1.3367,1.3244,High_Stable,50.0
C06336,L4,ADC,125.7,1.81,11.5953,12.3634,14.2315,26.8347,1.2233,1.3411,1.5623,3.1253,Sudden_Anomaly,50.0
C06337,L4,FPGA,124.82,1.128,11.3194,12.7174,17.1416,23.023,1.1641,1.3071,1.9002,2.6191,Latent_Defect,50.0
C06338,L4,ADC,125.36,1.771,11.9184,13.1746,13.9424,14.2985,1.2441,1.3717,1.4722,1.5214,Normal,50.0
C06339,L4,ADC,123.43,1.806,11.6113,12.0982,12.0388,12.9842,1.1782,1.2229,1.262,1.3402,Normal,50.0
C06340,L4,ASIC,125.37,1.2,11.676,13.4843,17.7712,24.6427,1.2248,1.414,1.9545,2.8542,Latent_Defect,50.0
C06341,L4,ADC,124.94,1.803,12.0677,13.1156,16.5013,24.267,1.3118,1.3851,1.7822,2.7625,Latent_Defect,50.0
C06342,L4,ASIC,126.24,1.188,11.5788,12.759,13.8036,14.412,1.1923,1.4052,1.5046,1.5498,Normal,50.0
C06343,L4,ADC,125.08,1.804,12.5247,12.6636,13.7745,14.7401,1.3259,1.3366,1.4439,1.5969,Normal,50.0
C06344,L4,DAC,125.17,1.801,12.0968,13.3897,16.2205,20.3829,1.2415,1.3755,1.7181,2.2754,Latent_Defect,50.0
C06345,L4,DAC,125.12,1.769,12.531,13.2289,18.0212,55.051,1.3062,1.4488,1.9773,7.6455,Absolute_Failure,50.0
C06346,L4,ASIC,125.63,1.206,11.1585,12.2996,13.2017,13.4114,1.1617,1.3206,1.3971,1.3632,Normal,50.0
C06347,L4,FPGA,124.04,1.093,11.4617,11.5845,11.5421,11.6318,1.1958,1.1971,1.193,1.2302,High_Stable,50.0
C06348,L4,ASIC,125.97,1.19,11.0874,13.3289,19.5583,55.289,1.0967,1.3922,2.2339,7.6991,Absolute_Failure,50.0
C06349,L4,ASIC,125.82,1.222,11.4447,12.453,12.7166,14.4488,1.2117,1.3158,1.3382,1.5589,Normal,50.0
C06350,L4,FPGA,124.04,1.081,11.9348,13.0119,13.3587,13.7186,1.2928,1.3276,1.4215,1.494,Normal,50.0
C06351,L4,ASIC,126.16,1.22,11.5767,12.2307,13.1556,14.5466,1.2081,1.291,1.3578,1.5479,Normal,50.0
C06352,L4,ASIC,124.8,1.206,11.4432,12.0745,14.5703,32.9368,1.1686,1.2453,1.5571,3.9454,Sudden_Anomaly,50.0
C06353,L4,DAC,124.73,1.809,11.8229,12.2569,12.1519,12.6158,1.2496,1.2455,1.2448,1.3181,Normal,50.0
C06354,L4,ADC,123.76,1.79,11.7886,13.0162,13.5144,14.0027,1.2479,1.3929,1.4198,1.4594,Normal,50.0
C06355,L4,ADC,124.45,1.766,12.0394,12.0888,12.8524,13.8758,1.2081,1.2853,1.3871,1.4709,Normal,50.0
C06356,L4,ASIC,125.11,1.167,11.8623,12.3946,12.4136,12.942,1.2152,1.3552,1.2942,1.3717,Normal,50.0
C06357,L4,FPGA,125.65,1.079,10.9061,12.2352,12.9967,13.4027,1.0857,1.2828,1.3635,1.3819,Normal,50.0
C06358,L4,DAC,125.03,1.794,12.3282,13.4611,15.8554,21.4633,1.2805,1.4339,1.6719,2.4332,Latent_Defect,50.0
C06359,L4,ASIC,125.31,1.207,11.5294,12.0664,12.3921,13.0227,1.2124,1.2239,1.3143,1.3667,Normal,50.0
C06360,L4,DAC,125.64,1.801,12.0204,13.2928,19.344,55.0699,1.2426,1.3791,2.1634,7.6621,Absolute_Failure,50.0
C06361,L4,ADC,125.19,1.802,11.3674,12.2604,16.5678,20.7382,1.1427,1.2957,1.8159,2.3394,Latent_Defect,50.0
C06362,L4,ASIC,124.42,1.205,11.3493,11.7101,12.2221,13.1753,1.1443,1.2042,1.2858,1.399,Normal,50.0
C06363,L4,ADC,124.01,1.798,12.238,13.0362,13.3459,14.5807,1.2981,1.406,1.4123,1.5537,Normal,50.0
C06364,L4,FPGA,124.07,1.105,11.6792,12.5966,13.5934,14.0827,1.2579,1.2697,1.484,1.4694,Normal,50.0
C06365,L4,ASIC,124.61,1.221,11.5969,12.7974,15.4529,37.958,1.1758,1.3695,1.6859,4.7755,Sudden_Anomaly,50.0
C06366,L4,ADC,124.99,1.793,11.5998,11.9674,13.3258,41.0229,1.222,1.2042,1.3891,5.2726,Sudden_Anomaly,50.0
C06367,L4,DAC,124.94,1.825,12.1105,12.255,13.0339,13.4798,1.2678,1.3202,1.3619,1.4198,Normal,50.0
C06368,L4,ASIC,124.75,1.197,11.7822,12.5694,15.1803,19.487,1.2248,1.3301,1.5889,2.1684,Latent_Defect,50.0
C06369,L4,ASIC,124.78,1.159,11.6736,12.9878,13.1294,14.4644,1.2096,1.3355,1.3676,1.5468,Normal,50.0
C06370,L4,FPGA,123.65,1.106,11.3933,11.5172,12.5166,13.312,1.1991,1.1791,1.3188,1.4326,Normal,50.0
C06371,L4,ASIC,124.57,1.203,11.442,13.5107,19.3478,59.2254,1.2025,1.4344,2.1395,8.4064,Absolute_Failure,50.0
C06372,L4,ASIC,125.34,1.201,11.9375,12.4297,13.5026,14.6631,1.2039,1.3163,1.4542,1.5382,Normal,50.0
C06373,L4,DAC,126.24,1.819,11.734,12.1464,13.4569,13.9638,1.2281,1.2681,1.4291,1.4922,Normal,50.0
C06374,L4,ASIC,124.04,1.189,11.6007,11.6534,11.9812,11.8693,1.2174,1.1902,1.263,1.2793,High_Stable,50.0
C06375,L4,ASIC,124.29,1.204,10.9245,11.1506,12.0388,13.0663,1.123,1.1402,1.2636,1.3266,Normal,50.0
C06376,L4,ADC,125.74,1.839,12.1991,13.4002,14.2809,14.8306,1.2974,1.4323,1.4915,1.5932,Normal,50.0
C06377,L4,DAC,124.49,1.808,11.9476,12.8277,13.5476,27.5547,1.2975,1.3796,1.4567,3.2662,Sudden_Anomaly,50.0
C06378,L4,FPGA,126.22,1.102,11.1187,11.86,13.1158,13.7124,1.1871,1.2279,1.3585,1.4983,Normal,50.0
C06379,L4,FPGA,125.42,1.091,11.5383,11.8326,12.9708,13.3341,1.2023,1.2446,1.3573,1.4001,Normal,50.0
C06380,L4,ADC,123.6,1.795,11.8063,12.5963,13.3703,14.0395,1.2445,1.3053,1.3565,1.513,Normal,50.0
C06381,L4,DAC,124.4,1.786,12.1062,12.4266,12.8386,13.5162,1.2794,1.3049,1.3535,1.401,Normal,50.0
C06382,L4,ASIC,125.36,1.204,11.2535,11.791,12.8266,13.5103,1.177,1.1593,1.3485,1.3893,Normal,50.0
C06383,L4,ADC,125.52,1.762,11.7256,12.4089,12.6116,12.7225,1.274,1.3269,1.3369,1.3142,Normal,50.0
C06384,L4,ASIC,124.65,1.233,11.126,12.7431,17.8601,59.4825,1.1698,1.388,1.9868,8.4936,Absolute_Failure,50.0
C06385,L4,ADC,124.77,1.808,12.1496,13.1505,14.4568,15.5565,1.2812,1.3378,1.5569,1.6438,Normal,50.0
C06386,L4,DAC,127.58,1.807,11.964,13.3363,16.2767,24.1837,1.2353,1.4232,1.7442,2.7244,Latent_Defect,50.0
C06387,L4,ADC,124.06,1.781,11.9679,12.0097,12.3495,12.546,1.2335,1.2618,1.3001,1.2983,High_Stable,50.0
C06388,L4,ADC,125.75,1.811,11.9871,12.8357,13.1198,14.0516,1.3374,1.3578,1.3411,1.4903,Normal,50.0
C06389,L4,ASIC,124.93,1.22,11.5721,12.7363,12.8121,14.1859,1.2191,1.3147,1.3215,1.4998,Normal,50.0
C06390,L4,ADC,125.14,1.816,12.058,13.3882,13.833,15.3027,1.3063,1.4285,1.479,1.6307,Normal,50.0
C06391,L4,FPGA,125.46,1.106,12.3811,12.8563,13.3955,13.7986,1.3234,1.3217,1.3815,1.4128,Normal,50.0
C06392,L4,ASIC,125.54,1.149,11.2642,11.6078,11.8214,11.9673,1.1947,1.2223,1.2594,1.2778,High_Stable,50.0
C06393,L4,FPGA,125.97,1.098,11.2828,12.0477,12.1523,12.5163,1.1375,1.2501,1.2333,1.3163,Normal,50.0
C06394,L4,DAC,125.85,1.775,12.8594,13.7562,14.5417,15.4524,1.3457,1.4216,1.5822,1.6147,Normal,50.0
C06395,L4,ADC,123.66,1.794,11.3196,11.85,13.3792,14.4518,1.1541,1.2128,1.398,1.5464,Normal,50.0
C06396,L4,ASIC,124.13,1.199,11.8922,12.3208,13.0476,13.5755,1.1915,1.2843,1.3506,1.4322,Normal,50.0
C06397,L4,ADC,124.84,1.804,12.035,12.9348,14.0821,14.7243,1.2802,1.3558,1.4892,1.6234,Normal,50.0
C06398,L4,ADC,124.43,1.813,11.5736,12.2669,12.6562,14.1357,1.1807,1.3245,1.3444,1.4779,Normal,50.0
C06399,L4,FPGA,125.75,1.091,11.4298,12.0235,12.6445,13.3588,1.2055,1.2836,1.3069,1.4389,Normal,50.0
C06400,L4,FPGA,126.3,1.077,11.8109,13.4674,16.0077,35.6192,1.1937,1.3804,1.7257,4.422,Sudden_Anomaly,50.0
C06401,L4,ASIC,124.89,1.22,11.0853,11.9826,14.8245,18.353,1.1573,1.2569,1.578,2.0322,Latent_Defect,50.0
C06402,L4,ASIC,124.42,1.212,11.1502,11.3983,12.0212,12.8063,1.1658,1.1533,1.2193,1.3656,Normal,50.0
C06403,L4,ASIC,126.01,1.167,11.2266,12.0876,14.2158,19.0495,1.1688,1.2496,1.4883,2.1122,Latent_Defect,50.0
C06404,L4,ADC,125.34,1.826,12.2954,12.2481,12.4942,12.5723,1.3155,1.2958,1.3592,1.2767,High_Stable,50.0
C06405,L4,ASIC,125.11,1.202,11.5187,12.4144,13.412,13.5035,1.1984,1.3096,1.4137,1.4448,Normal,50.0
C06406,L4,DAC,125.03,1.792,11.4971,12.2702,13.5938,34.1244,1.2245,1.2968,1.4427,4.208,Sudden_Anomaly,50.0
C06407,L4,FPGA,124.11,1.101,11.4792,11.8238,12.6797,13.4468,1.2057,1.2327,1.302,1.4191,Normal,50.0
C06408,L4,ASIC,124.09,1.22,11.9329,12.2761,12.1136,12.1439,1.2323,1.2671,1.2779,1.2906,High_Stable,50.0
C06409,L4,ASIC,124.1,1.197,11.9146,12.2271,13.2394,13.856,1.2377,1.2942,1.3899,1.4501,Normal,50.0
C06410,L4,ADC,125.54,1.786,11.6416,12.5219,12.6629,12.8469,1.242,1.3185,1.3587,1.3488,Normal,50.0
C06411,L4,ADC,126.09,1.806,11.636,12.5541,15.6906,39.5886,1.2126,1.3032,1.693,4.9947,Sudden_Anomaly,50.0
C06412,L4,DAC,125.39,1.808,11.966,12.9894,13.5555,14.2136,1.2285,1.3266,1.3738,1.5332,Normal,50.0
C06413,L4,ASIC,125.28,1.184,11.2243,11.5555,12.5839,14.3625,1.1823,1.1828,1.3208,1.5543,Normal,50.0
C06414,L4,ASIC,123.69,1.189,10.9602,11.3907,11.6734,12.3286,1.1406,1.2166,1.2267,1.2505,Normal,50.0
C06415,L4,FPGA,123.76,1.103,10.9174,11.3527,12.7516,30.9972,1.1256,1.1846,1.3062,3.74,Sudden_Anomaly,50.0
C06416,L4,ADC,125.27,1.817,12.1276,12.0912,12.3312,12.1231,1.2545,1.2488,1.3153,1.275,High_Stable,50.0
C06417,L4,FPGA,124.89,1.103,11.5718,12.1602,14.6214,33.0809,1.189,1.2576,1.5253,4.0123,Sudden_Anomaly,50.0
C06418,L4,ADC,125.86,1.803,11.424,12.4349,13.1453,13.9146,1.1874,1.2989,1.3697,1.4782,Normal,50.0
C06419,L4,ASIC,124.57,1.187,10.225,11.5233,12.457,26.8467,1.0813,1.1878,1.3134,3.0905,Sudden_Anomaly,50.0
C06420,L4,FPGA,125.04,1.094,11.5814,12.9055,13.7576,14.7741,1.2161,1.3547,1.4613,1.5688,Normal,50.0
C06421,L4,ASIC,123.71,1.204,10.7347,11.9736,13.1447,14.1839,1.1411,1.2463,1.3702,1.4836,Normal,50.0
C06422,L4,ADC,125.1,1.789,11.8998,12.1182,12.1917,12.1102,1.2914,1.2851,1.3003,1.2972,High_Stable,50.0
C06423,L4,ASIC,125.66,1.22,11.7602,13.2358,15.7411,21.3422,1.2175,1.3857,1.6882,2.3645,Latent_Defect,50.0
C06424,L4,ADC,124.62,1.795,11.4092,12.0128,14.9975,55.0945,1.2168,1.263,1.6315,7.6366,Absolute_Failure,50.0
C06425,L4,ASIC,125.55,1.199,10.8022,11.9604,12.6126,13.3387,1.1301,1.2071,1.3305,1.3671,Normal,50.0
C06426,L4,DAC,124.79,1.81,12.2367,12.7591,15.0021,41.2722,1.2899,1.434,1.6373,5.2793,Sudden_Anomaly,50.0
C06427,L4,FPGA,125.57,1.099,11.6697,11.7729,12.1284,12.0347,1.2385,1.2276,1.2638,1.2632,High_Stable,50.0
C06428,L4,ADC,124.55,1.799,11.8735,12.7009,12.7403,13.2891,1.2237,1.2973,1.3659,1.3623,Normal,50.0
C06429,L4,FPGA,123.9,1.098,11.0861,11.072,11.0771,11.1502,1.1408,1.1347,1.1175,1.1766,High_Stable,50.0
C06430,L4,DAC,123.64,1.809,12.0499,13.1652,15.3518,55.4913,1.2367,1.3785,1.6439,7.7668,Absolute_Failure,50.0
C06431,L4,ASIC,125.85,1.212,11.6751,12.1981,13.095,14.2898,1.2324,1.2735,1.381,1.536,Normal,50.0
C06432,L4,DAC,124.14,1.823,11.5825,12.2352,12.9969,14.2519,1.2308,1.2648,1.3429,1.5197,Normal,50.0
C06433,L4,DAC,124.95,1.8,12.3187,13.5452,17.6101,24.5293,1.2749,1.384,1.9244,2.781,Latent_Defect,50.0
C06434,L4,FPGA,123.49,1.082,12.5724,14.5075,19.942,51.355,1.3122,1.5844,2.1872,7.0078,Absolute_Failure,50.0
C06435,L4,ASIC,124.84,1.183,11.5806,12.0668,13.696,14.435,1.1402,1.248,1.4597,1.5499,Normal,50.0
C06436,L4,ADC,123.93,1.805,11.8396,12.1698,13.26,14.5737,1.259,1.2601,1.3718,1.5539,Normal,50.0
C06437,L4,FPGA,125.57,1.115,11.9038,12.4503,13.7405,13.6066,1.2164,1.2975,1.4784,1.4588,Normal,50.0
C06438,L4,ASIC,123.87,1.198,11.7643,11.9365,11.9381,12.1997,1.2351,1.2712,1.2607,1.2773,High_Stable,50.0
C06439,L4,FPGA,123.78,1.091,11.8469,12.5337,17.0751,23.6048,1.2309,1.3428,1.878,2.7075,Latent_Defect,50.0
C06440,L4,DAC,124.66,1.792,12.5968,13.7521,14.5619,15.3025,1.3664,1.4268,1.5315,1.6442,Normal,50.0
C06441,L4,FPGA,125.45,1.114,11.1457,11.8876,12.9413,14.0935,1.1406,1.2796,1.3795,1.4904,Normal,50.0
C06442,L4,DAC,124.88,1.784,12.0147,13.047,14.2985,15.7249,1.2656,1.3876,1.4663,1.7152,Normal,50.0
C06443,L4,FPGA,125.74,1.079,11.1603,12.3633,13.3072,14.5903,1.1721,1.2726,1.3619,1.591,Normal,50.0
C06444,L4,ASIC,124.08,1.193,10.822,11.5488,12.3541,13.8514,1.138,1.1669,1.2752,1.4656,Normal,50.0
C06445,L4,ASIC,124.96,1.196,10.7249,12.0372,16.1633,56.4343,1.0845,1.2535,1.7453,7.9251,Absolute_Failure,50.0
C06446,L4,ASIC,124.93,1.216,11.4688,11.8534,11.9759,12.5436,1.1983,1.2585,1.2692,1.3524,Normal,50.0
C06447,L4,DAC,124.06,1.799,11.3861,12.1542,13.0818,13.7984,1.2289,1.2975,1.3677,1.4369,Normal,50.0
C06448,L4,DAC,125.21,1.793,12.1869,13.0878,13.4221,14.2478,1.3011,1.3799,1.4,1.5161,Normal,50.0
C06449,L4,ADC,124.18,1.797,11.7987,11.9583,11.8978,12.8266,1.2396,1.2803,1.2454,1.329,Normal,50.0
C06450,L4,ASIC,123.05,1.2,11.0702,12.0863,12.0834,13.4942,1.1738,1.2619,1.2851,1.4311,Normal,50.0
C06451,L4,FPGA,125.69,1.097,11.4459,12.1682,12.7788,13.7554,1.1859,1.2413,1.3138,1.4419,Normal,50.0
C06452,L4,ASIC,123.75,1.203,11.2924,12.065,12.5858,13.6406,1.129,1.2679,1.3276,1.4595,Normal,50.0
C06453,L4,ASIC,126.41,1.212,10.9647,12.2854,12.513,13.5648,1.1441,1.2621,1.3076,1.4589,Normal,50.0
C06454,L4,DAC,125.95,1.78,11.9911,13.1108,14.1058,15.6465,1.267,1.3737,1.4896,1.6999,Normal,50.0
C06455,L4,FPGA,125.45,1.108,11.9632,11.8967,12.0721,12.03,1.2835,1.2354,1.2288,1.2549,High_Stable,50.0
C06456,L4,ASIC,124.3,1.191,11.8704,13.9569,24.0893,57.4103,1.2432,1.4884,2.7678,8.0613,Absolute_Failure,50.0
C06457,L4,ASIC,123.68,1.217,11.1784,12.1536,13.1529,14.5888,1.1951,1.2749,1.4219,1.5816,Normal,50.0
C06458,L4,DAC,125.08,1.796,11.6752,12.5248,15.1414,27.8647,1.2416,1.3218,1.659,3.3043,Sudden_Anomaly,50.0
C06459,L4,FPGA,126.45,1.091,11.1392,11.8093,12.6041,13.5688,1.1149,1.2463,1.3396,1.4102,Normal,50.0
C06460,L4,ADC,124.0,1.795,11.6186,12.6837,16.9924,56.3726,1.1983,1.3659,1.8048,7.887,Absolute_Failure,50.0
C06461,L4,ADC,125.58,1.821,11.8677,12.2846,13.0931,14.7914,1.2423,1.2783,1.4099,1.5692,Normal,50.0
C06462,L4,FPGA,125.61,1.114,11.7794,12.9374,16.4173,21.3036,1.2324,1.3489,1.7499,2.3493,Latent_Defect,50.0
C06463,L4,DAC,124.87,1.815,11.6473,12.0817,12.5766,12.9989,1.1885,1.2394,1.3499,1.4051,Normal,50.0
C06464,L4,FPGA,125.9,1.118,10.9881,12.1523,13.5431,14.5159,1.1315,1.2606,1.4189,1.5426,Normal,50.0
C06465,L4,ASIC,125.29,1.194,11.9685,13.9065,19.9605,60.0278,1.2165,1.4756,2.194,8.565,Absolute_Failure,50.0
C06466,L4,ADC,124.76,1.794,12.2505,12.6407,13.048,13.2728,1.3124,1.3213,1.3877,1.4047,High_Stable,50.0
C06467,L4,FPGA,124.81,1.088,10.8328,11.1386,11.6186,13.0188,1.0685,1.1556,1.2302,1.4016,Normal,50.0
C06468,L4,ADC,124.1,1.794,12.0524,13.8466,16.761,22.2091,1.2694,1.495,1.8081,2.5058,Latent_Defect,50.0
C06469,L4,FPGA,124.38,1.118,11.793,12.6579,12.5653,13.2097,1.261,1.3262,1.2681,1.3827,Normal,50.0
C06470,L4,ASIC,124.72,1.185,10.8573,11.3774,12.4089,13.2044,1.1357,1.1892,1.3266,1.3811,Normal,50.0
C06471,L4,FPGA,123.32,1.102,11.0369,11.7979,13.1304,14.7042,1.1169,1.2777,1.4036,1.55,Normal,50.0
C06472,L4,DAC,124.17,1.802,12.4846,13.9973,17.4295,58.6886,1.2558,1.4979,1.882,8.3214,Absolute_Failure,50.0
C06473,L4,FPGA,125.27,1.104,11.5892,12.1376,12.9918,13.6743,1.2321,1.257,1.3734,1.4276,Normal,50.0
C06474,L4,ADC,123.7,1.785,11.2591,12.0395,12.744,14.0729,1.2055,1.2512,1.3676,1.4914,Normal,50.0
C06475,L4,ADC,123.83,1.793,11.522,12.7227,13.2463,13.9174,1.1827,1.3209,1.3674,1.4524,Normal,50.0
C06476,L4,FPGA,127.4,1.103,10.7173,12.7378,16.0521,21.5818,1.1001,1.3614,1.7402,2.4175,Latent_Defect,50.0
C06477,L4,FPGA,125.04,1.119,11.4102,12.641,19.764,57.0614,1.1586,1.3119,2.1629,8.061,Absolute_Failure,50.0
C06478,L4,ASIC,124.75,1.204,11.2593,11.887,15.1781,55.496,1.1826,1.2195,1.6346,7.73,Absolute_Failure,50.0
C06479,L4,DAC,123.54,1.822,12.5884,13.1325,13.5894,14.5066,1.3338,1.3962,1.4762,1.5115,Normal,50.0
C06480,L4,ADC,123.61,1.818,12.3371,12.4405,12.6553,12.9877,1.295,1.304,1.3659,1.3732,High_Stable,50.0
C06481,L4,FPGA,124.03,1.1,12.0189,12.8923,14.0463,14.8405,1.3032,1.3612,1.5115,1.5759,Normal,50.0
C06482,L4,FPGA,125.22,1.11,11.4354,12.2307,16.9106,54.6926,1.1377,1.2688,1.8179,7.5674,Absolute_Failure,50.0
C06483,L4,ASIC,125.5,1.194,11.2964,11.4585,11.9769,11.9337,1.188,1.2202,1.2265,1.2294,Normal,50.0
C06484,L4,FPGA,125.05,1.088,12.3574,13.6354,14.5226,15.9619,1.3444,1.3971,1.5847,1.7237,Normal,50.0
C06485,L4,DAC,125.88,1.786,11.8574,12.3597,12.7477,13.0656,1.2555,1.2905,1.3193,1.3865,Normal,50.0
C06486,L4,DAC,124.04,1.784,12.0702,12.8297,13.755,14.1728,1.2407,1.3071,1.4351,1.5437,Normal,50.0
C06487,L4,ASIC,124.64,1.215,11.3308,12.4885,13.8165,14.8777,1.1782,1.3139,1.4374,1.6374,Normal,50.0
C06488,L4,ASIC,126.04,1.171,11.5348,12.3926,13.5948,15.0061,1.2053,1.3085,1.4561,1.5942,Normal,50.0
C06489,L4,ADC,123.86,1.776,12.8191,13.75,14.9696,15.4881,1.3766,1.4624,1.6077,1.6989,Normal,50.0
C06490,L4,DAC,125.37,1.801,12.2356,12.8473,13.2146,13.9496,1.2827,1.3392,1.3843,1.4784,Normal,50.0
C06491,L4,ADC,123.91,1.809,11.3841,12.2706,13.3858,14.5225,1.1788,1.2836,1.4066,1.5351,Normal,50.0
C06492,L4,FPGA,124.09,1.113,12.0454,12.637,13.2064,14.4627,1.2755,1.3485,1.3789,1.6018,Normal,50.0
C06493,L4,FPGA,126.25,1.074,12.2698,12.5291,12.6857,13.191,1.3153,1.3296,1.3142,1.3742,High_Stable,50.0
C06494,L4,ASIC,125.15,1.229,11.6251,11.9968,13.0712,13.911,1.2186,1.214,1.4051,1.5155,Normal,50.0
C06495,L4,ASIC,124.51,1.216,11.0299,11.577,12.7623,14.2189,1.1804,1.2347,1.3165,1.5053,Normal,50.0
C06496,L4,ADC,125.17,1.793,12.1029,14.0878,18.528,25.9092,1.2874,1.4638,2.0371,2.9987,Latent_Defect,50.0
C06497,L4,FPGA,123.9,1.118,11.564,12.1353,13.7154,14.3907,1.1814,1.2804,1.4698,1.5008,Normal,50.0
C06498,L4,ADC,126.02,1.829,11.8752,12.8323,17.6171,23.1683,1.2775,1.3461,1.9332,2.6064,Latent_Defect,50.0
C06499,L4,DAC,124.19,1.793,11.727,12.4625,13.4405,14.8638,1.1778,1.3283,1.4073,1.5775,Normal,50.0
C06500,L4,ADC,124.64,1.819,12.2064,13.6528,21.2344,53.6357,1.236,1.4246,2.3884,7.3417,Absolute_Failure,50.0
C06501,L4,ASIC,124.38,1.195,10.946,11.9181,14.5405,22.0354,1.1595,1.2139,1.582,2.532,Latent_Defect,50.0
C06502,L4,ADC,123.17,1.794,11.6021,11.7846,12.7394,13.8642,1.2107,1.2265,1.3053,1.4865,Normal,50.0
C06503,L4,FPGA,125.2,1.113,11.9087,12.0721,14.4557,56.1171,1.2696,1.2121,1.5602,7.8473,Absolute_Failure,50.0
C06504,L4,DAC,126.42,1.778,12.4217,13.5145,14.6968,30.0074,1.3205,1.3973,1.5851,3.5645,Sudden_Anomaly,50.0
C06505,L4,ADC,123.63,1.775,12.1221,12.8734,15.6373,22.264,1.2426,1.3361,1.6515,2.4904,Latent_Defect,50.0
C06506,L4,FPGA,124.66,1.091,11.8371,12.2989,13.2103,14.1707,1.2496,1.2856,1.4056,1.5244,Normal,50.0
C06507,L4,ADC,124.03,1.812,11.3412,13.0246,16.7079,22.4085,1.1697,1.425,1.7757,2.5114,Latent_Defect,50.0
C06508,L4,FPGA,125.08,1.085,12.04,12.6903,13.05,14.3174,1.2333,1.322,1.4204,1.529,Normal,50.0
C06509,L4,DAC,125.69,1.805,12.2823,12.6021,12.8292,12.7613,1.2738,1.3227,1.3568,1.3412,High_Stable,50.0
C06510,L4,FPGA,125.8,1.1,11.5752,12.8018,13.2499,13.9756,1.1943,1.3481,1.4109,1.4772,Normal,50.0
C06511,L4,ASIC,125.37,1.205,11.7546,12.6182,15.1212,35.7305,1.2211,1.3075,1.6291,4.4309,Sudden_Anomaly,50.0
C06512,L4,FPGA,125.52,1.107,11.2298,13.1345,20.362,50.54,1.1478,1.3685,2.2971,6.8465,Absolute_Failure,50.0
C06513,L4,ADC,124.12,1.792,11.767,12.1306,12.4835,13.0466,1.2975,1.2598,1.3149,1.3739,Normal,50.0
C06514,L4,ASIC,125.15,1.211,11.6473,11.9969,12.5863,14.0909,1.2303,1.2702,1.3212,1.5303,Normal,50.0
C06515,L4,ASIC,123.26,1.202,10.8573,11.942,12.7089,14.0434,1.1313,1.2666,1.3324,1.5302,Normal,50.0
C06516,L4,ADC,124.5,1.791,12.1098,12.9539,13.2234,13.9554,1.2552,1.3789,1.3893,1.4575,Normal,50.0
C06517,L4,ADC,125.7,1.821,11.7419,12.7367,13.0843,13.6525,1.2248,1.3505,1.352,1.429,Normal,50.0
C06518,L4,ADC,124.93,1.782,11.6525,12.9943,14.9811,39.7399,1.2031,1.3851,1.5604,5.0463,Sudden_Anomaly,50.0
C06519,L4,FPGA,124.31,1.087,11.8705,11.9789,11.9963,12.3041,1.2503,1.1963,1.2467,1.2685,High_Stable,50.0
C06520,L4,ASIC,125.53,1.197,11.8714,12.8947,13.2141,14.6715,1.2203,1.3743,1.4304,1.5088,Normal,50.0
C06521,L4,DAC,123.93,1.807,11.9422,11.9284,11.8555,12.0435,1.2925,1.251,1.2118,1.267,High_Stable,50.0
C06522,L4,ASIC,126.15,1.193,11.8124,12.7157,15.3982,22.3258,1.2418,1.3452,1.666,2.5449,Latent_Defect,50.0
C06523,L4,FPGA,125.18,1.111,11.0097,12.0731,13.1524,14.1581,1.1183,1.2842,1.4222,1.4854,Normal,50.0
C06524,L4,ADC,124.61,1.785,11.645,12.6882,13.4706,14.6666,1.2417,1.3014,1.3847,1.5689,Normal,50.0
C06525,L4,DAC,125.6,1.823,12.3483,12.6048,13.7336,40.5186,1.2911,1.3414,1.4751,5.155,Sudden_Anomaly,50.0
C06526,L4,ASIC,123.46,1.202,11.1098,12.1703,13.1568,14.3703,1.15,1.2531,1.3943,1.5434,Normal,50.0
C06527,L4,FPGA,125.5,1.101,11.7839,12.3771,13.8163,27.1916,1.2274,1.2612,1.4756,3.1639,Sudden_Anomaly,50.0
C06528,L4,FPGA,124.62,1.089,11.2041,13.1382,18.9896,52.6415,1.1701,1.3915,2.0765,7.1853,Absolute_Failure,50.0
C06529,L4,ASIC,125.27,1.2,12.2556,13.6837,16.1337,22.0286,1.2403,1.4756,1.7471,2.4726,Latent_Defect,50.0
C06530,L4,ADC,126.2,1.803,12.0982,13.6961,20.5567,55.7673,1.271,1.4311,2.2879,7.7795,Absolute_Failure,50.0
C06531,L4,FPGA,126.04,1.087,11.9728,13.8336,23.3006,50.0445,1.24,1.4713,2.6157,6.7435,Absolute_Failure,50.0
C06532,L4,ASIC,123.73,1.224,11.8155,12.6821,13.1511,13.734,1.2167,1.3393,1.3724,1.4016,Normal,50.0
C06533,L4,DAC,125.18,1.8,12.0079,12.4912,12.6202,12.9813,1.2676,1.3419,1.3122,1.3964,Normal,50.0
C06534,L4,ADC,126.15,1.777,11.7641,12.3586,12.3304,13.5327,1.3062,1.2714,1.2965,1.4493,Normal,50.0
C06535,L4,FPGA,124.78,1.121,11.6701,12.8449,15.3231,35.2977,1.232,1.355,1.6804,4.3097,Sudden_Anomaly,50.0
C06536,L4,ADC,126.11,1.811,11.7906,12.8581,13.8977,14.941,1.2471,1.3816,1.4939,1.5959,Normal,50.0
C06537,L4,ASIC,124.02,1.187,11.7113,12.3375,18.0724,61.436,1.243,1.2813,1.9762,8.863,Absolute_Failure,50.0
C06538,L4,FPGA,125.0,1.104,11.4718,12.7086,17.6046,58.2682,1.1931,1.3206,1.9087,8.2581,Absolute_Failure,50.0
C06539,L4,ADC,125.64,1.823,12.009,12.4719,12.7836,13.7689,1.2254,1.3524,1.3561,1.4343,Normal,50.0
C06540,L4,ADC,125.92,1.798,12.2067,12.5126,12.7336,12.913,1.2923,1.3121,1.331,1.365,High_Stable,50.0
C06541,L4,ASIC,124.59,1.185,10.6011,11.2395,11.6161,12.2378,1.0774,1.1854,1.2002,1.2526,Normal,50.0
C06542,L4,DAC,126.36,1.794,11.3152,12.1136,16.0299,51.6291,1.1555,1.302,1.7094,7.0654,Absolute_Failure,50.0
C06543,L4,FPGA,125.34,1.103,11.9149,12.8349,13.3919,14.1312,1.1817,1.3521,1.382,1.4955,Normal,50.0
C06544,L4,ADC,124.49,1.829,11.7732,12.5056,13.5516,14.8113,1.2324,1.2705,1.4191,1.6284,Normal,50.0
C06545,L4,ASIC,124.77,1.196,11.5126,12.2813,12.8591,13.9445,1.1604,1.2927,1.3602,1.4688,Normal,50.0
C06546,L4,ADC,123.8,1.818,11.4147,12.4398,13.0013,13.9534,1.1955,1.2941,1.3715,1.5047,Normal,50.0
C06547,L4,ADC,125.48,1.799,11.51,11.913,12.1508,12.0847,1.2413,1.2338,1.2731,1.2733,High_Stable,50.0
C06548,L4,FPGA,125.65,1.131,12.1107,13.3359,19.9812,56.0218,1.2674,1.416,2.1721,7.8244,Absolute_Failure,50.0
C06549,L4,DAC,126.38,1.797,12.3976,12.9209,13.3624,13.8524,1.2805,1.3095,1.3717,1.4398,Normal,50.0
C06550,L4,ASIC,126.31,1.195,11.3433,12.4248,14.8934,18.8903,1.2261,1.3432,1.6113,2.0907,Latent_Defect,50.0
C06551,L4,ASIC,123.93,1.193,11.9928,14.0026,16.5692,24.1625,1.2158,1.4521,1.8562,2.7511,Latent_Defect,50.0
C06552,L4,ASIC,124.72,1.228,11.1838,11.6249,15.5713,53.2001,1.1868,1.2105,1.682,7.302,Absolute_Failure,50.0
C06553,L4,ASIC,125.55,1.179,10.9981,11.4657,11.9309,12.243,1.1774,1.2306,1.2594,1.276,Normal,50.0
C06554,L4,DAC,126.19,1.793,11.9351,12.5429,13.3456,13.7626,1.252,1.2891,1.4254,1.4762,Normal,50.0
C06555,L4,ASIC,126.15,1.205,11.7537,13.2248,13.9921,14.8623,1.2295,1.4446,1.5089,1.5547,Normal,50.0
C06556,L4,DAC,125.73,1.819,12.5598,13.4361,14.2115,15.207,1.2854,1.4252,1.4741,1.6314,Normal,50.0
C06557,L4,ASIC,126.65,1.208,11.3985,12.1137,13.2718,14.352,1.2,1.3075,1.418,1.5111,Normal,50.0
C06558,L4,FPGA,124.29,1.098,11.5879,12.719,13.2382,14.2583,1.192,1.3443,1.3966,1.5209,Normal,50.0
C06559,L4,ASIC,124.43,1.222,11.8403,11.8321,11.7202,11.9006,1.2065,1.2567,1.2265,1.2334,High_Stable,50.0
C06560,L4,DAC,125.11,1.814,11.4676,12.5454,12.8781,13.3241,1.1995,1.3157,1.337,1.3969,Normal,50.0
C06561,L4,ASIC,124.02,1.204,11.3665,12.0788,13.1802,14.4697,1.1631,1.2862,1.4264,1.5136,Normal,50.0
C06562,L4,ADC,123.62,1.813,11.5645,11.7314,12.0216,13.0588,1.2034,1.2874,1.3073,1.3924,Normal,50.0
C06563,L4,DAC,125.68,1.816,11.6567,12.4636,13.5572,13.9137,1.1874,1.2757,1.4546,1.5058,Normal,50.0
C06564,L4,ADC,124.8,1.805,11.6568,12.9832,14.1408,14.5086,1.1972,1.3506,1.4672,1.5186,Normal,50.0
C06565,L4,FPGA,124.86,1.12,11.2107,13.0024,20.3871,53.767,1.2222,1.3725,2.246,7.3701,Absolute_Failure,50.0
C06566,L4,FPGA,125.13,1.086,11.634,11.673,11.7952,12.2035,1.1868,1.1827,1.2169,1.2339,High_Stable,50.0
C06567,L4,ADC,124.61,1.801,11.9473,12.3903,13.3432,14.0752,1.2762,1.2777,1.3803,1.4934,Normal,50.0
C06568,L4,ADC,125.8,1.808,11.3813,12.0944,12.6481,13.9704,1.204,1.2802,1.3145,1.4642,Normal,50.0
C06569,L4,FPGA,124.99,1.095,10.9939,11.9337,12.4848,13.3951,1.1491,1.3075,1.2965,1.4149,Normal,50.0
C06570,L4,FPGA,127.2,1.082,10.5892,11.0241,12.3583,13.6305,1.1112,1.1359,1.2814,1.4414,Normal,50.0
C06571,L4,DAC,125.26,1.802,11.6369,12.391,16.8914,24.748,1.2286,1.3142,1.8478,2.8502,Latent_Defect,50.0
C06572,L4,FPGA,126.07,1.126,11.6635,12.2242,12.9261,13.4067,1.2074,1.3122,1.3783,1.4021,Normal,50.0
C06573,L4,ADC,124.63,1.809,11.881,12.5264,13.1655,14.2678,1.2755,1.3293,1.3867,1.5095,Normal,50.0
C06574,L4,ASIC,124.72,1.195,12.2663,12.4071,12.4897,12.4379,1.2883,1.3097,1.3041,1.3556,High_Stable,50.0
C06575,L4,ADC,125.01,1.802,12.3469,12.503,12.6365,13.0343,1.2808,1.3152,1.3561,1.3801,High_Stable,50.0
C06576,L4,ASIC,124.17,1.212,11.3713,12.4205,13.3131,14.24,1.141,1.2729,1.3851,1.5184,Normal,50.0
C06577,L4,FPGA,125.61,1.087,11.5034,14.3558,21.1277,58.1047,1.2086,1.5484,2.3834,8.2044,Absolute_Failure,50.0
C06578,L4,DAC,123.3,1.802,11.8683,12.7214,12.9954,14.1124,1.1832,1.3191,1.3757,1.5079,Normal,50.0
C06579,L4,DAC,124.7,1.835,12.9925,13.8649,14.1229,14.8212,1.3665,1.4089,1.4729,1.5778,Normal,50.0
C06580,L4,ASIC,124.42,1.178,11.9022,12.8044,13.0915,13.5599,1.2839,1.3661,1.3403,1.4129,Normal,50.0
C06581,L4,DAC,124.24,1.795,11.8762,12.6014,13.0865,13.8673,1.1955,1.3146,1.4123,1.4649,Normal,50.0
C06582,L4,FPGA,125.74,1.091,11.7765,12.8021,13.1588,13.5722,1.213,1.4108,1.448,1.4745,Normal,50.0
C06583,L4,FPGA,124.64,1.081,11.7127,12.0663,12.5624,13.6148,1.217,1.2412,1.2844,1.4462,Normal,50.0
C06584,L4,ASIC,124.58,1.2,10.8532,11.2761,12.014,12.522,1.1045,1.213,1.266,1.3382,Normal,50.0
C06585,L4,ADC,123.78,1.789,11.5126,12.3319,13.2809,14.2125,1.2269,1.3295,1.3817,1.5249,Normal,50.0
C06586,L4,ASIC,124.18,1.194,11.5041,11.6459,12.2306,13.4929,1.2283,1.171,1.2765,1.464,Normal,50.0
C06587,L4,ASIC,123.99,1.202,11.8011,12.5279,13.161,33.0601,1.2144,1.3234,1.405,3.9824,Sudden_Anomaly,50.0
C06588,L4,ADC,126.0,1.819,11.7366,12.2531,12.6539,13.5448,1.2481,1.2734,1.304,1.4327,Normal,50.0
C06589,L4,FPGA,125.29,1.106,11.6649,12.4409,12.7454,13.148,1.2292,1.2589,1.3337,1.3828,Normal,50.0
C06590,L4,ADC,124.81,1.807,12.3491,13.1234,14.7701,37.869,1.2914,1.3489,1.6605,4.7377,Sudden_Anomaly,50.0
C06591,L4,ADC,124.18,1.778,11.7885,12.6715,12.9738,13.806,1.2031,1.3512,1.3335,1.4557,Normal,50.0
C06592,L4,FPGA,125.77,1.083,11.6845,12.2215,13.5672,13.6627,1.2295,1.2987,1.4435,1.4726,Normal,50.0
C06593,L4,ASIC,125.29,1.198,12.166,13.792,17.3549,57.4555,1.2433,1.5025,1.9315,8.1049,Absolute_Failure,50.0
C06594,L4,DAC,125.33,1.807,12.2799,12.7694,13.3014,13.7772,1.3063,1.34,1.3826,1.4595,Normal,50.0
C06595,L4,ADC,124.38,1.773,12.38,12.5703,12.7348,13.1123,1.2586,1.3402,1.3341,1.3713,High_Stable,50.0
C06596,L4,FPGA,124.03,1.092,11.8378,13.0311,20.4494,54.3551,1.2965,1.4187,2.2565,7.5673,Absolute_Failure,50.0
C06597,L4,ADC,124.26,1.8,11.9734,12.9107,13.307,14.1569,1.2362,1.3558,1.4084,1.4881,Normal,50.0
C06598,L4,FPGA,125.41,1.112,11.7926,13.2567,18.9615,51.2797,1.2251,1.3903,2.0991,6.9615,Absolute_Failure,50.0
C06599,L4,FPGA,125.17,1.117,11.2088,12.048,12.0708,12.8117,1.1909,1.237,1.2816,1.3699,Normal,50.0
C06600,L4,ASIC,125.85,1.193,11.0461,12.0041,12.6294,13.5604,1.1333,1.2715,1.2599,1.459,Normal,50.0
C06601,L4,ASIC,124.63,1.208,10.9151,11.3884,12.1768,13.2281,1.1205,1.1514,1.2479,1.3865,Normal,50.0
C06602,L4,FPGA,125.77,1.094,11.9783,12.2448,12.2735,12.1388,1.2912,1.2875,1.2894,1.235,High_Stable,50.0
C06603,L4,FPGA,124.67,1.098,11.5369,12.3412,13.4428,14.4185,1.1965,1.2729,1.397,1.5746,Normal,50.0
C06604,L4,DAC,124.67,1.851,12.36,12.7397,13.5709,13.763,1.2651,1.365,1.4406,1.4569,Normal,50.0
C06605,L4,FPGA,125.43,1.118,11.2679,11.7183,15.1913,41.0267,1.1567,1.2331,1.6766,5.2384,Sudden_Anomaly,50.0
C06606,L4,ADC,124.47,1.808,12.0584,12.8515,13.4282,14.2801,1.2203,1.3759,1.3942,1.5012,Normal,50.0
C06607,L4,FPGA,126.82,1.124,11.1511,11.9167,12.24,12.8267,1.1276,1.2664,1.2591,1.3665,Normal,50.0
C06608,L4,ADC,125.68,1.79,11.435,12.3317,13.3335,13.9413,1.1904,1.3107,1.41,1.4811,Normal,50.0
C06609,L4,ASIC,124.05,1.228,11.3678,11.7735,12.9622,13.9253,1.1184,1.2501,1.391,1.4481,Normal,50.0
C06610,L4,FPGA,124.36,1.09,11.5227,12.6017,19.1111,57.746,1.1971,1.2957,2.0732,8.1757,Absolute_Failure,50.0
C06611,L4,ASIC,125.34,1.181,11.6264,11.9829,12.1669,12.1798,1.2123,1.2329,1.2856,1.2902,Normal,50.0
C06612,L4,ASIC,123.71,1.184,11.6366,11.879,12.0855,12.2674,1.211,1.2475,1.2646,1.2774,High_Stable,50.0
C06613,L4,FPGA,123.88,1.107,11.5681,14.0072,22.6945,52.4632,1.2031,1.5224,2.5149,7.1998,Absolute_Failure,50.0
C06614,L4,ASIC,125.84,1.192,12.0773,13.3362,14.3266,16.0072,1.2558,1.4431,1.5385,1.6804,Normal,50.0
C06615,L4,DAC,125.57,1.796,11.6402,12.4868,16.4478,22.1562,1.2151,1.3175,1.7688,2.5095,Latent_Defect,50.0
C06616,L4,DAC,125.88,1.793,12.1489,14.1276,17.155,23.6918,1.2918,1.5281,1.8619,2.679,Latent_Defect,50.0
C06617,L4,DAC,125.38,1.792,12.1895,13.2774,16.2782,56.0639,1.2679,1.3801,1.7288,7.8485,Absolute_Failure,50.0
C06618,L4,ASIC,124.27,1.188,11.5163,13.1566,14.0425,30.8843,1.1942,1.3782,1.4963,3.6995,Sudden_Anomaly,50.0
C06619,L4,ASIC,124.39,1.21,11.6317,14.588,21.197,59.7035,1.2163,1.5552,2.3541,8.4815,Absolute_Failure,50.0
C06620,L4,FPGA,125.42,1.112,11.3639,11.7141,12.2937,12.7113,1.1885,1.2207,1.3387,1.3672,Normal,50.0
C06621,L4,DAC,125.84,1.81,11.6192,13.6708,19.1942,55.109,1.2074,1.4569,2.1442,7.6284,Absolute_Failure,50.0
C06622,L4,ASIC,124.88,1.177,11.6802,13.2654,15.1705,41.0903,1.1874,1.4444,1.5784,5.2539,Sudden_Anomaly,50.0
C06623,L4,ADC,124.41,1.804,11.9858,12.4049,13.0588,14.3775,1.2586,1.2864,1.3651,1.5035,Normal,50.0
C06624,L4,FPGA,124.58,1.105,12.062,13.7965,18.2768,57.4125,1.2549,1.4307,2.0283,8.0985,Absolute_Failure,50.0
C06625,L4,FPGA,125.82,1.075,11.258,11.771,12.2613,12.7122,1.1782,1.2235,1.2732,1.3683,Normal,50.0
C06626,L4,ASIC,126.52,1.201,11.4769,12.5045,13.3309,14.0217,1.1479,1.2943,1.4195,1.4941,Normal,50.0
C06627,L4,FPGA,125.46,1.097,11.6847,12.8501,13.12,14.7375,1.241,1.3422,1.3419,1.5931,Normal,50.0
C06628,L4,ASIC,124.57,1.189,11.8363,11.9833,12.129,11.8275,1.2501,1.2992,1.3132,1.2322,High_Stable,50.0
C06629,L4,FPGA,124.41,1.104,11.6855,12.4832,13.2427,14.1591,1.2211,1.2999,1.3674,1.529,Normal,50.0
C06630,L4,FPGA,126.99,1.097,12.1546,12.842,13.9961,14.9888,1.2369,1.3606,1.4612,1.6268,Normal,50.0
C06631,L4,ASIC,125.47,1.199,11.4209,12.1851,12.9765,13.7283,1.1563,1.2889,1.3699,1.4621,Normal,50.0
C06632,L4,FPGA,125.33,1.125,11.327,12.1288,12.4658,13.7437,1.2047,1.2756,1.3091,1.4404,Normal,50.0
C06633,L4,FPGA,125.11,1.109,11.6439,12.4331,12.7224,13.9234,1.2344,1.3543,1.4066,1.4753,Normal,50.0
C06634,L4,DAC,125.1,1.792,12.4239,12.4948,12.4857,12.5277,1.2903,1.3169,1.3129,1.3009,High_Stable,50.0
C06635,L4,ASIC,125.17,1.193,11.6375,11.8537,12.9698,13.9842,1.1898,1.2122,1.334,1.5199,Normal,50.0
C06636,L4,FPGA,124.19,1.124,12.5566,13.5441,16.1854,20.8137,1.3211,1.3794,1.7248,2.3727,Latent_Defect,50.0
C06637,L4,ASIC,123.08,1.2,11.3465,12.5098,13.4146,14.2089,1.1983,1.3226,1.3998,1.5514,Normal,50.0
C06638,L4,ASIC,124.31,1.171,11.1853,11.4049,11.8063,12.3845,1.172,1.2178,1.2462,1.3119,Normal,50.0
C06639,L4,DAC,124.31,1.788,11.1767,12.0816,15.7865,22.8571,1.1761,1.2674,1.6786,2.584,Latent_Defect,50.0
C06640,L4,FPGA,125.98,1.114,12.1751,12.5728,14.6503,32.736,1.2769,1.3421,1.5647,4.0014,Sudden_Anomaly,50.0
C06641,L4,ASIC,124.26,1.228,11.1467,11.4619,12.646,13.9751,1.1673,1.1953,1.2685,1.4539,Normal,50.0
C06642,L4,DAC,124.2,1.797,12.4167,13.2663,13.6705,14.4644,1.3504,1.4352,1.432,1.5118,Normal,50.0
C06643,L4,FPGA,125.21,1.129,11.314,12.0772,12.1717,12.5177,1.183,1.2488,1.2791,1.2979,Normal,50.0
C06644,L4,ASIC,125.23,1.202,11.5992,13.3861,16.2091,33.5794,1.1836,1.4107,1.7425,4.0836,Sudden_Anomaly,50.0
C06645,L4,FPGA,125.57,1.105,11.7249,11.6744,11.8692,11.9264,1.213,1.23,1.2664,1.2468,High_Stable,50.0
C06646,L4,ADC,125.12,1.801,12.3518,12.6073,12.8662,12.8957,1.2951,1.3174,1.3497,1.3273,High_Stable,50.0
C06647,L4,ASIC,124.88,1.176,10.8129,11.9807,12.6916,13.3502,1.1284,1.2608,1.3282,1.3644,Normal,50.0
C06648,L4,ADC,124.34,1.789,11.9614,12.7408,13.7266,15.2097,1.2504,1.3322,1.4237,1.6219,Normal,50.0
C06649,L4,DAC,124.59,1.788,12.0519,13.0558,17.1761,24.6132,1.3205,1.4129,1.8675,2.7995,Latent_Defect,50.0
C06650,L4,FPGA,125.46,1.094,11.779,11.5723,11.7211,11.9451,1.2335,1.2134,1.2288,1.2476,High_Stable,50.0
C06651,L4,FPGA,125.47,1.104,11.1297,11.4901,12.3674,12.9104,1.1739,1.2345,1.2953,1.3986,Normal,50.0
C06652,L4,FPGA,123.88,1.112,11.7913,12.7224,17.4424,23.3349,1.2904,1.395,1.9193,2.6563,Latent_Defect,50.0
C06653,L4,ASIC,125.84,1.204,11.0649,12.2322,13.553,14.4322,1.1255,1.269,1.4141,1.5802,Normal,50.0
C06654,L4,ADC,123.37,1.838,11.4617,11.8506,12.1775,13.4468,1.2161,1.2247,1.2937,1.4457,Normal,50.0
C06655,L4,ASIC,124.17,1.186,10.7331,11.6473,12.2122,12.8135,1.1791,1.1895,1.2524,1.3131,Normal,50.0
C06656,L4,ASIC,124.82,1.206,11.7157,12.7017,17.1647,21.2385,1.1777,1.3572,1.806,2.3376,Latent_Defect,50.0
C06657,L4,FPGA,125.62,1.097,11.3342,12.009,12.0373,12.8391,1.1686,1.2632,1.2939,1.3533,Normal,50.0
C06658,L4,DAC,125.91,1.796,12.2046,12.8915,13.5497,13.8199,1.2655,1.3619,1.4106,1.4537,Normal,50.0
C06659,L4,ASIC,125.45,1.214,11.3182,12.9354,15.3226,37.2319,1.1522,1.3682,1.6343,4.6426,Sudden_Anomaly,50.0
C06660,L4,ASIC,126.06,1.213,11.7261,12.9044,15.3334,22.3734,1.2,1.3477,1.6677,2.5574,Latent_Defect,50.0
C06661,L4,FPGA,124.81,1.093,12.1151,12.281,12.2607,12.2637,1.2812,1.3241,1.2947,1.2582,High_Stable,50.0
C06662,L4,FPGA,124.84,1.121,11.2356,11.7434,13.3468,14.6132,1.1699,1.1663,1.4263,1.5883,Normal,50.0
C06663,L4,ASIC,124.9,1.191,11.3599,12.2139,12.8822,14.3796,1.1817,1.2931,1.3137,1.5076,Normal,50.0
C06664,L4,ASIC,125.57,1.22,11.7911,12.6961,15.0343,34.0673,1.1662,1.3454,1.6231,4.2019,Sudden_Anomaly,50.0
C06665,L4,ASIC,124.11,1.202,11.3865,11.9614,12.6928,13.4914,1.1997,1.2984,1.3405,1.442,Normal,50.0
C06666,L4,DAC,125.54,1.784,12.4268,13.4862,14.1095,15.0197,1.2908,1.4274,1.4984,1.6293,Normal,50.0
C06667,L4,DAC,124.66,1.806,12.4913,13.1743,13.6964,14.5767,1.2705,1.4022,1.4592,1.5427,Normal,50.0
C06668,L4,ADC,124.15,1.821,12.4974,12.4733,12.6649,12.5534,1.2598,1.2977,1.3549,1.3531,High_Stable,50.0
C06669,L4,DAC,125.02,1.816,12.1848,12.7344,12.9417,13.5024,1.221,1.3592,1.3442,1.4458,Normal,50.0
C06670,L4,ASIC,124.63,1.19,11.5118,12.1736,12.6927,13.6701,1.2177,1.2928,1.2961,1.4431,Normal,50.0
C06671,L4,FPGA,126.36,1.133,11.4634,12.5858,15.6374,20.8786,1.1728,1.3193,1.6974,2.3518,Latent_Defect,50.0
C06672,L4,ASIC,125.32,1.212,11.7885,12.6759,13.9434,14.3129,1.2203,1.3249,1.4693,1.5211,Normal,50.0
C06673,L4,ASIC,125.42,1.211,11.6277,12.1404,13.1784,15.0341,1.1996,1.2956,1.3965,1.5691,Normal,50.0
C06674,L4,FPGA,123.84,1.101,11.5804,11.5195,11.5883,11.2287,1.2152,1.2346,1.2297,1.1628,High_Stable,50.0
C06675,L4,DAC,126.49,1.81,12.2752,12.9956,15.087,36.4323,1.2981,1.3065,1.5963,4.5006,Sudden_Anomaly,50.0
C06676,L4,FPGA,125.45,1.13,11.0266,12.6141,14.875,22.4773,1.1354,1.3261,1.5779,2.5408,Latent_Defect,50.0
C06677,L4,ASIC,126.17,1.196,10.7957,11.1146,12.167,13.7234,1.0976,1.1489,1.222,1.4782,Normal,50.0
C06678,L4,DAC,124.82,1.794,12.0542,13.9246,18.3768,24.6795,1.2274,1.464,2.0203,2.8474,Latent_Defect,50.0
C06679,L4,DAC,124.41,1.772,12.3759,13.6429,16.256,19.6852,1.2631,1.4487,1.7412,2.1845,Latent_Defect,50.0
C06680,L4,DAC,124.54,1.797,11.7055,11.7333,11.8784,12.0414,1.246,1.2211,1.2003,1.3108,High_Stable,50.0
C06681,L4,ASIC,125.12,1.198,10.9733,11.7987,12.0575,12.9075,1.1602,1.2412,1.2817,1.346,Normal,50.0
C06682,L4,ADC,125.4,1.788,11.9314,14.0036,23.3885,53.4143,1.2807,1.4867,2.6706,7.3442,Absolute_Failure,50.0
C06683,L4,ASIC,125.53,1.197,11.5909,12.2578,14.7699,19.3731,1.1963,1.2968,1.5545,2.1171,Latent_Defect,50.0
C06684,L4,ASIC,125.76,1.215,11.107,11.5258,12.0408,13.2134,1.151,1.2368,1.237,1.4288,Normal,50.0
C06685,L4,DAC,125.48,1.803,12.51,12.9218,13.3892,15.1972,1.3272,1.3746,1.3829,1.6147,Normal,50.0
C06686,L4,ADC,125.05,1.801,11.5447,12.5363,13.3619,14.3301,1.1873,1.3158,1.3837,1.5028,Normal,50.0
C06687,L4,DAC,125.47,1.814,12.2477,13.3264,17.0044,25.1004,1.2914,1.397,1.8307,2.8973,Latent_Defect,50.0
C06688,L4,DAC,126.03,1.804,12.0531,12.5159,13.4039,13.6701,1.2479,1.3107,1.3954,1.4665,Normal,50.0
C06689,L4,ADC,123.9,1.781,11.9695,12.3545,13.9215,26.3691,1.2853,1.3316,1.4689,3.0466,Sudden_Anomaly,50.0
C06690,L4,ASIC,124.35,1.193,11.3268,12.8047,13.283,14.6049,1.1871,1.3693,1.4149,1.5546,Normal,50.0
C06691,L4,FPGA,124.74,1.084,12.0435,14.8856,20.9814,51.6847,1.2644,1.6294,2.3755,7.0155,Absolute_Failure,50.0
C06692,L4,ADC,122.57,1.803,12.4158,12.7668,15.2284,27.5386,1.3308,1.2942,1.6248,3.1958,Sudden_Anomaly,50.0
C06693,L4,DAC,123.99,1.806,12.1461,12.8688,13.6493,15.0589,1.3088,1.3864,1.4032,1.6136,Normal,50.0
C06694,L4,DAC,124.12,1.799,12.0512,12.888,13.6679,14.0187,1.2453,1.316,1.475,1.4593,Normal,50.0
C06695,L4,FPGA,125.64,1.11,11.1656,11.8085,14.7877,20.7018,1.1802,1.2202,1.5974,2.3382,Latent_Defect,50.0
C06696,L4,ADC,124.99,1.789,11.3188,13.1416,17.6724,53.7906,1.2006,1.3775,1.9188,7.4645,Absolute_Failure,50.0
C06697,L4,FPGA,125.77,1.07,11.9168,13.1059,20.9964,58.4837,1.2719,1.4102,2.3177,8.2438,Absolute_Failure,50.0
C06698,L4,DAC,125.16,1.821,12.5584,12.9488,13.3054,13.9564,1.2985,1.3574,1.4046,1.4678,Normal,50.0
C06699,L4,ASIC,123.04,1.2,10.7274,12.1271,14.51,17.7287,1.0846,1.2455,1.582,1.9092,Latent_Defect,50.0
C06700,L4,ADC,125.74,1.784,12.543,13.0746,13.0658,13.4226,1.3379,1.4165,1.4152,1.422,Normal,50.0
C06701,L4,ASIC,123.6,1.202,11.877,12.3366,13.0709,14.1675,1.269,1.3136,1.3706,1.5057,Normal,50.0
C06702,L4,ADC,124.82,1.792,11.1593,13.221,20.9054,54.0373,1.1974,1.3797,2.3499,7.4641,Absolute_Failure,50.0
C06703,L4,ASIC,124.02,1.197,11.168,11.7573,12.9976,13.7698,1.1464,1.218,1.3782,1.4447,Normal,50.0
C06704,L4,ADC,125.79,1.783,11.9258,12.6937,13.6599,14.9901,1.2724,1.3288,1.4412,1.6128,Normal,50.0
C06705,L4,DAC,124.68,1.813,12.0948,12.7128,13.4748,13.8826,1.2685,1.3336,1.4066,1.479,Normal,50.0
C06706,L4,FPGA,124.05,1.064,11.0393,12.5293,17.335,23.0192,1.1218,1.3461,1.8737,2.6538,Latent_Defect,50.0
C06707,L4,ASIC,124.78,1.177,11.1269,11.6044,12.1951,12.6488,1.192,1.2105,1.2507,1.3072,Normal,50.0
C06708,L4,DAC,124.16,1.804,11.8916,12.2096,13.1538,13.7398,1.2224,1.2579,1.3491,1.4387,Normal,50.0
C06709,L4,ADC,124.18,1.803,11.3192,11.8382,15.6809,53.2873,1.1625,1.2239,1.7199,7.3431,Absolute_Failure,50.0
C06710,L4,DAC,123.74,1.796,12.6757,12.7054,12.9934,13.2105,1.3171,1.3097,1.3137,1.3684,High_Stable,50.0
C06711,L4,FPGA,124.91,1.075,11.4975,12.5638,13.531,14.6211,1.2012,1.2938,1.4261,1.5667,Normal,50.0
C06712,L4,ADC,124.74,1.81,12.3525,13.3584,13.8619,15.0931,1.2994,1.4128,1.4911,1.6411,Normal,50.0
C06713,L4,ASIC,124.7,1.184,11.2019,12.3809,13.4808,14.2692,1.1893,1.246,1.3867,1.5109,Normal,50.0
C06714,L4,ASIC,124.76,1.187,11.2899,11.6168,12.5845,13.9399,1.118,1.1681,1.297,1.5187,Normal,50.0
C06715,L4,ADC,125.54,1.811,11.4408,12.8018,15.1868,39.8475,1.2069,1.3645,1.6524,5.098,Sudden_Anomaly,50.0
C06716,L4,ASIC,125.9,1.203,11.4376,13.4201,20.5094,50.3766,1.1876,1.3663,2.2441,6.8224,Absolute_Failure,50.0
C06717,L4,FPGA,126.17,1.092,11.7275,12.3255,13.5658,14.9492,1.1985,1.2829,1.4373,1.63,Normal,50.0
C06718,L4,FPGA,125.41,1.109,11.0772,11.5283,12.2414,13.1271,1.2014,1.1944,1.289,1.3835,Normal,50.0
C06719,L4,DAC,125.08,1.786,12.412,13.5895,13.6715,14.821,1.3175,1.4567,1.5042,1.5858,Normal,50.0
C06720,L4,FPGA,124.43,1.09,11.5932,12.3128,13.4216,14.1386,1.2083,1.2903,1.4715,1.4784,Normal,50.0
C06721,L4,ASIC,125.63,1.217,11.5893,12.2035,13.4073,26.2686,1.1749,1.2728,1.4155,3.0827,Sudden_Anomaly,50.0
C06722,L4,ADC,124.28,1.789,11.0804,13.0143,19.2486,58.2289,1.143,1.3618,2.0907,8.2735,Absolute_Failure,50.0
C06723,L4,FPGA,125.15,1.097,11.2277,12.2543,13.5642,14.5741,1.1531,1.3242,1.446,1.5348,Normal,50.0
C06724,L4,DAC,125.4,1.795,12.0132,12.6257,12.9472,13.74,1.2556,1.2878,1.3659,1.4826,Normal,50.0
C06725,L4,FPGA,125.87,1.091,12.1373,12.8086,13.8225,14.785,1.2531,1.3759,1.4393,1.5676,Normal,50.0
C06726,L4,DAC,125.4,1.811,11.8116,12.1998,12.3549,13.7589,1.2259,1.3019,1.3215,1.4474,Normal,50.0
C06727,L4,ASIC,124.98,1.222,11.6441,12.5946,15.1385,19.5803,1.2206,1.3179,1.6442,2.2048,Latent_Defect,50.0
C06728,L4,ASIC,124.82,1.175,11.152,12.1194,12.8749,14.1529,1.156,1.2328,1.3364,1.5193,Normal,50.0
C06729,L4,FPGA,125.26,1.099,11.7411,11.9491,12.7727,12.8838,1.2323,1.2465,1.3593,1.3985,Normal,50.0
C06730,L4,ASIC,125.48,1.177,11.9941,12.0769,12.5583,12.7916,1.2501,1.2489,1.3097,1.3344,High_Stable,50.0
C06731,L4,FPGA,125.13,1.095,11.5007,11.8015,12.4147,12.9848,1.1827,1.2362,1.3093,1.3218,Normal,50.0
C06732,L4,FPGA,125.36,1.089,12.1064,12.8692,14.2158,14.8395,1.2706,1.3813,1.4901,1.5668,Normal,50.0
C06733,L4,ASIC,125.92,1.185,11.5988,12.9108,15.8424,20.3325,1.1674,1.3499,1.697,2.2772,Latent_Defect,50.0
C06734,L4,DAC,125.96,1.8,11.5133,12.1488,12.5809,12.3353,1.2407,1.2558,1.3069,1.295,Normal,50.0
C06735,L4,FPGA,124.24,1.078,11.3613,12.1639,14.2234,29.8867,1.1992,1.2942,1.5352,3.5445,Sudden_Anomaly,50.0
C06736,L4,FPGA,126.7,1.127,11.5974,11.9416,13.2086,13.8123,1.2181,1.2597,1.3952,1.5151,Normal,50.0
C06737,L4,DAC,126.5,1.815,11.5003,13.0945,15.9744,23.3999,1.2149,1.3289,1.7443,2.6821,Latent_Defect,50.0
C06738,L4,FPGA,124.87,1.12,11.8336,13.1086,19.9279,51.7372,1.2721,1.4011,2.211,7.1094,Absolute_Failure,50.0
C06739,L4,DAC,125.51,1.787,12.2323,13.0687,15.3616,30.2233,1.3362,1.3864,1.5979,3.6129,Sudden_Anomaly,50.0
C06740,L4,ASIC,124.19,1.207,11.0571,11.7634,13.1934,14.5234,1.1139,1.266,1.3822,1.5465,Normal,50.0
C06741,L4,FPGA,124.93,1.103,12.1275,12.4257,13.7319,14.5458,1.3096,1.2945,1.4476,1.5269,Normal,50.0
C06742,L4,DAC,126.04,1.813,11.9031,12.9084,16.1485,30.5497,1.2615,1.3343,1.7454,3.645,Sudden_Anomaly,50.0
C06743,L4,ADC,125.19,1.81,11.6727,13.3039,14.1148,36.1454,1.2321,1.3712,1.5075,4.4634,Sudden_Anomaly,50.0
C06744,L4,DAC,125.21,1.764,11.987,12.4766,13.0401,14.4245,1.2426,1.3043,1.4159,1.5471,Normal,50.0
C06745,L4,ASIC,125.1,1.177,11.5132,11.5581,11.5175,11.6146,1.1921,1.1989,1.1832,1.1876,High_Stable,50.0
C06746,L4,DAC,125.68,1.799,11.4963,12.2157,13.1959,13.7135,1.218,1.3007,1.4086,1.4534,Normal,50.0
C06747,L4,ADC,124.12,1.807,11.1882,12.4383,13.7339,25.9228,1.1866,1.3478,1.4508,2.9519,Sudden_Anomaly,50.0
C06748,L4,ADC,123.19,1.786,11.4664,12.1806,12.9108,14.1336,1.1953,1.2953,1.3234,1.5347,Normal,50.0
C06749,L4,ADC,124.21,1.793,11.8405,12.7156,19.4005,55.2089,1.2357,1.3476,2.1456,7.6676,Absolute_Failure,50.0
C06750,L4,ASIC,124.96,1.16,11.9621,12.198,13.0222,14.1032,1.2295,1.286,1.3797,1.4423,Normal,50.0
C06751,L4,DAC,124.91,1.791,12.1366,13.0447,13.341,14.793,1.2844,1.3306,1.4051,1.6437,Normal,50.0
C06752,L4,ASIC,124.12,1.193,11.4908,12.5923,13.6104,14.5114,1.1768,1.3221,1.4305,1.5543,Normal,50.0
C06753,L4,ADC,123.59,1.798,12.0739,13.9059,21.842,52.6168,1.3147,1.4851,2.4454,7.2006,Absolute_Failure,50.0
C06754,L4,ADC,125.22,1.781,11.8691,14.1771,20.4415,51.6906,1.2273,1.5139,2.2202,7.0563,Absolute_Failure,50.0
C06755,L4,ADC,123.33,1.79,11.9119,13.063,13.6048,13.9855,1.2369,1.3951,1.4477,1.5138,Normal,50.0
C06756,L4,FPGA,124.57,1.109,11.4233,13.3501,16.7888,24.8501,1.1907,1.3979,1.8331,2.8442,Latent_Defect,50.0
C06757,L4,FPGA,126.45,1.103,11.0321,12.6311,16.6545,23.088,1.1361,1.3187,1.7492,2.6419,Latent_Defect,50.0
C06758,L4,FPGA,125.92,1.093,10.951,11.9883,13.02,13.4563,1.1481,1.2415,1.402,1.4289,Normal,50.0
C06759,L4,ADC,123.35,1.799,12.2176,12.5995,13.022,13.7947,1.3119,1.3244,1.357,1.4427,Normal,50.0
C06760,L4,DAC,123.8,1.79,11.7983,12.0724,12.9248,13.5088,1.2428,1.3004,1.3435,1.4739,Normal,50.0
C06761,L4,DAC,124.52,1.791,12.4682,13.7694,14.5663,15.8559,1.3293,1.4532,1.5063,1.6734,Normal,50.0
C06762,L4,DAC,124.25,1.802,12.1843,11.9844,12.3836,12.2042,1.2361,1.2445,1.2846,1.262,High_Stable,50.0
C06763,L4,DAC,125.28,1.813,11.7204,12.5434,14.8856,53.4665,1.1777,1.315,1.6038,7.3804,Absolute_Failure,50.0
C06764,L4,FPGA,125.24,1.086,11.9228,12.3701,13.3583,14.5479,1.2793,1.2441,1.4437,1.5565,Normal,50.0
C06765,L4,DAC,124.68,1.826,11.7195,12.957,19.2384,51.024,1.2149,1.3612,2.1039,6.9396,Absolute_Failure,50.0
C06766,L4,DAC,124.76,1.807,12.4075,13.6375,14.8953,15.7691,1.3331,1.4288,1.5943,1.6673,Normal,50.0
C06767,L4,ADC,124.39,1.809,12.1805,12.6478,13.6961,14.8424,1.3057,1.304,1.4551,1.5651,Normal,50.0
C06768,L4,ADC,124.1,1.785,11.2966,12.201,12.584,13.791,1.1493,1.2775,1.3142,1.4867,Normal,50.0
C06769,L4,FPGA,124.74,1.095,11.6503,11.9471,12.5436,12.6856,1.1925,1.2926,1.3369,1.3028,Normal,50.0
C06770,L4,ASIC,125.44,1.188,11.2275,11.8707,12.9751,13.6171,1.1764,1.2476,1.3403,1.4218,Normal,50.0
C06771,L4,FPGA,126.72,1.1,12.3048,12.3811,12.7677,13.8543,1.2505,1.3112,1.3109,1.4541,Normal,50.0
C06772,L4,DAC,124.36,1.8,11.9871,12.8141,13.6134,14.6611,1.2784,1.3371,1.4642,1.5719,Normal,50.0
C06773,L4,ASIC,125.22,1.2,11.357,12.1114,12.5922,14.3068,1.1456,1.2784,1.2816,1.5451,Normal,50.0
C06774,L4,FPGA,126.1,1.082,11.7483,12.1089,13.2231,13.417,1.2636,1.2525,1.4082,1.3896,Normal,50.0
C06775,L4,FPGA,125.84,1.11,11.6743,13.2559,15.4153,31.0584,1.2306,1.4264,1.6522,3.7306,Sudden_Anomaly,50.0
C06776,L4,FPGA,125.76,1.081,12.3467,13.5562,14.4967,14.8094,1.2984,1.4229,1.5319,1.5474,Normal,50.0
C06777,L4,ASIC,124.22,1.194,11.8461,11.9234,11.7725,12.1192,1.2195,1.2123,1.2201,1.267,High_Stable,50.0
C06778,L4,ADC,124.44,1.8,12.1537,13.3825,14.2807,14.8474,1.241,1.4066,1.4574,1.5531,Normal,50.0
C06779,L4,DAC,126.83,1.798,12.3842,15.3232,21.9333,56.1244,1.2684,1.6239,2.4841,7.8462,Absolute_Failure,50.0
C06780,L4,DAC,125.37,1.817,11.9738,12.9201,14.1701,14.9746,1.2619,1.364,1.5563,1.6128,Normal,50.0
C06781,L4,ADC,126.3,1.803,11.059,12.1643,12.7435,14.2786,1.1043,1.3065,1.3764,1.4758,Normal,50.0
C06782,L4,FPGA,125.58,1.126,11.6921,12.3045,14.3575,26.4855,1.2209,1.2887,1.5296,3.104,Sudden_Anomaly,50.0
C06783,L4,ASIC,124.8,1.207,11.0241,11.9619,12.9136,14.3019,1.1668,1.2392,1.3722,1.5237,Normal,50.0
C06784,L4,FPGA,125.51,1.083,10.8013,12.8343,21.3351,51.0221,1.1253,1.3096,2.3951,6.9467,Absolute_Failure,50.0
C06785,L4,ASIC,124.81,1.178,10.9333,11.7457,15.5631,20.7225,1.1114,1.1725,1.7004,2.3127,Latent_Defect,50.0
C06786,L4,ASIC,125.04,1.188,11.4809,13.3671,19.3277,53.479,1.1846,1.4237,2.1231,7.38,Absolute_Failure,50.0
C06787,L4,ADC,126.0,1.805,11.6632,12.4395,16.6019,20.7796,1.2109,1.2494,1.7887,2.3165,Latent_Defect,50.0
C06788,L4,DAC,124.52,1.789,12.1128,12.3542,12.2771,12.7441,1.2495,1.2573,1.2761,1.3488,High_Stable,50.0
C06789,L4,FPGA,125.59,1.126,11.3667,12.1375,13.113,13.458,1.1592,1.28,1.3904,1.4414,Normal,50.0
C06790,L4,ADC,124.97,1.799,11.7769,12.9953,16.2267,22.6973,1.2581,1.3429,1.7282,2.5421,Latent_Defect,50.0
C06791,L4,DAC,127.13,1.805,12.2415,12.4899,12.5774,12.3774,1.2357,1.2768,1.3491,1.3378,High_Stable,50.0
C06792,L4,ADC,125.45,1.769,11.8957,12.7955,13.0791,14.4043,1.2481,1.3266,1.3778,1.5619,Normal,50.0
C06793,L4,DAC,124.18,1.783,12.3153,12.4147,12.3425,12.2471,1.2784,1.3234,1.2987,1.2974,High_Stable,50.0
C06794,L4,ADC,124.6,1.816,12.3745,13.2931,15.574,21.6787,1.2682,1.4293,1.6472,2.4473,Latent_Defect,50.0
C06795,L4,FPGA,125.52,1.097,11.5107,11.9641,12.15,13.5758,1.2155,1.2423,1.2364,1.4435,Normal,50.0
C06796,L4,ADC,124.3,1.804,11.6208,13.7399,21.0398,57.0214,1.1828,1.463,2.3266,8.0113,Absolute_Failure,50.0
C06797,L4,DAC,123.9,1.809,12.7939,13.4821,15.2023,26.8025,1.3303,1.4077,1.6186,3.1026,Sudden_Anomaly,50.0
C06798,L4,ASIC,124.13,1.189,11.0797,12.2151,15.0608,22.6634,1.1816,1.2918,1.6188,2.6093,Latent_Defect,50.0
C06799,L4,DAC,124.83,1.798,12.067,13.8424,17.0265,22.7621,1.2271,1.496,1.8401,2.5648,Latent_Defect,50.0
C06800,L4,FPGA,125.68,1.113,11.6672,12.6091,13.6046,15.1062,1.2323,1.3412,1.4297,1.5958,Normal,50.0
C06801,L4,ADC,124.92,1.8,11.5577,12.382,13.0487,13.768,1.2226,1.2767,1.3797,1.4704,Normal,50.0
C06802,L4,DAC,124.98,1.784,12.393,13.1845,14.1382,15.3607,1.2746,1.4256,1.4796,1.6509,Normal,50.0
C06803,L4,ASIC,125.3,1.214,11.6819,13.0124,17.6491,20.9795,1.1844,1.3693,1.8751,2.3413,Latent_Defect,50.0
C06804,L4,ASIC,125.12,1.206,11.2835,11.526,11.8651,12.9016,1.1619,1.2249,1.2385,1.3467,Normal,50.0
C06805,L4,FPGA,124.57,1.052,11.0534,11.7469,12.4594,13.563,1.17,1.2515,1.2761,1.456,Normal,50.0
C06806,L4,FPGA,126.7,1.107,11.0812,13.2913,19.231,52.5716,1.1196,1.4418,2.1176,7.2268,Absolute_Failure,50.0
C06807,L4,FPGA,124.6,1.097,12.3521,13.1785,14.1963,15.636,1.3285,1.4066,1.5336,1.676,Normal,50.0
C06808,L4,ASIC,125.25,1.23,11.1864,12.2212,16.9569,23.5648,1.1737,1.2794,1.819,2.7125,Latent_Defect,50.0
C06809,L4,DAC,123.41,1.787,11.7551,12.6223,13.7758,15.2024,1.197,1.3008,1.4498,1.6205,Normal,50.0
C06810,L4,FPGA,125.78,1.094,11.6776,12.7626,12.9937,13.6799,1.1773,1.3391,1.3481,1.4386,Normal,50.0
C06811,L4,FPGA,124.72,1.083,11.7392,11.8298,11.7973,11.8258,1.2297,1.2616,1.1735,1.2447,High_Stable,50.0
C06812,L4,DAC,124.67,1.797,11.7424,12.6901,13.3099,14.073,1.2279,1.3193,1.4155,1.4873,Normal,50.0
C06813,L4,ADC,124.06,1.827,12.2704,13.6291,19.2787,54.6384,1.3008,1.4313,2.1278,7.5828,Absolute_Failure,50.0
C06814,L4,FPGA,125.02,1.13,11.6929,12.3212,13.4247,14.2658,1.2506,1.2557,1.4217,1.5412,Normal,50.0
C06815,L4,DAC,124.91,1.824,11.7196,12.284,13.1027,13.9092,1.2217,1.2752,1.3739,1.5065,Normal,50.0
C06816,L4,FPGA,125.45,1.09,11.5528,12.0809,12.7919,13.9761,1.1577,1.2859,1.3579,1.4439,Normal,50.0
C06817,L4,FPGA,126.95,1.1,11.5137,12.4293,13.1558,14.2711,1.1985,1.3004,1.3789,1.5078,Normal,50.0
C06818,L4,ADC,124.57,1.807,12.2843,12.6306,13.1566,14.0227,1.2858,1.3564,1.4105,1.5189,Normal,50.0
C06819,L4,ADC,123.04,1.804,11.5024,13.8379,20.0698,54.0116,1.203,1.4702,2.2312,7.492,Absolute_Failure,50.0
C06820,L4,FPGA,124.68,1.101,11.7027,12.8982,13.2368,14.1456,1.2626,1.3507,1.3756,1.4963,Normal,50.0
C06821,L4,ADC,124.55,1.787,12.1514,12.3658,12.5503,14.0205,1.2285,1.3003,1.3146,1.5004,Normal,50.0
C06822,L4,FPGA,123.94,1.094,11.831,12.2817,13.6306,41.4365,1.2362,1.3086,1.4172,5.3112,Sudden_Anomaly,50.0
C06823,L4,DAC,125.3,1.789,12.3817,13.3462,13.9188,14.6918,1.2944,1.4073,1.474,1.5762,Normal,50.0
C06824,L4,ADC,125.73,1.815,11.6616,12.5182,15.2523,33.0477,1.2343,1.3695,1.6288,4.0669,Sudden_Anomaly,50.0
C06825,L4,FPGA,125.15,1.122,11.5613,12.7957,15.8615,20.3796,1.2366,1.3458,1.6978,2.289,Latent_Defect,50.0
C06826,L4,DAC,125.39,1.787,12.0734,12.3355,13.1003,14.4006,1.2915,1.2948,1.3791,1.5458,Normal,50.0
C06827,L4,ADC,124.98,1.799,11.5488,12.3419,12.883,13.8194,1.2539,1.3099,1.4054,1.4573,Normal,50.0
C06828,L4,DAC,125.0,1.812,11.795,12.3397,13.1797,14.174,1.2316,1.3191,1.4232,1.4907,Normal,50.0
C06829,L4,ASIC,125.35,1.174,10.746,11.1729,12.6044,14.0852,1.1215,1.1402,1.3094,1.4837,Normal,50.0
C06830,L4,FPGA,126.93,1.102,11.7791,13.0023,15.1585,33.2486,1.2299,1.3732,1.5736,4.0176,Sudden_Anomaly,50.0
C06831,L4,FPGA,125.9,1.076,12.7228,13.3848,13.8944,15.359,1.3668,1.4014,1.4903,1.63,Normal,50.0
C06832,L4,ASIC,126.29,1.186,10.9704,11.8122,12.3849,13.3608,1.1178,1.2107,1.2981,1.4455,Normal,50.0
C06833,L4,ADC,125.05,1.789,11.9797,14.7791,20.1749,56.8678,1.2367,1.5906,2.2217,7.9743,Absolute_Failure,50.0
C06834,L4,ASIC,124.97,1.21,12.6532,12.9963,13.1754,13.2549,1.3836,1.337,1.4147,1.3856,High_Stable,50.0
C06835,L4,ASIC,124.67,1.216,12.2865,13.4933,14.3019,16.0565,1.2383,1.4208,1.5066,1.7506,Normal,50.0
C06836,L4,DAC,126.7,1.787,12.0758,12.6632,15.2897,28.5176,1.2495,1.3803,1.6069,3.3225,Sudden_Anomaly,50.0
C06837,L4,DAC,124.18,1.776,11.5268,12.4714,13.692,14.0941,1.1842,1.3066,1.4607,1.4597,Normal,50.0
C06838,L4,DAC,125.12,1.812,12.5677,13.7986,16.4791,20.4503,1.3299,1.4191,1.788,2.2923,Latent_Defect,50.0
C06839,L4,FPGA,123.93,1.094,11.9845,12.2853,12.2956,12.423,1.2107,1.2627,1.31,1.2886,High_Stable,50.0
C06840,L4,ADC,124.36,1.81,11.5636,12.5786,12.6514,13.9422,1.2263,1.3061,1.3548,1.4962,Normal,50.0
C06841,L4,ADC,123.44,1.795,11.5351,12.3304,12.9549,14.3526,1.1903,1.267,1.3681,1.535,Normal,50.0
C06842,L4,ASIC,126.28,1.169,10.934,11.5258,12.7193,12.5358,1.1623,1.2152,1.341,1.32,Normal,50.0
C06843,L4,ASIC,124.61,1.189,11.4377,12.4736,12.7421,13.4284,1.2303,1.3068,1.3627,1.4186,Normal,50.0
C06844,L4,FPGA,126.33,1.112,12.4523,12.4368,12.4171,12.4096,1.2781,1.3144,1.2688,1.2645,High_Stable,50.0
C06845,L4,ASIC,123.78,1.203,11.5115,11.8588,12.3712,13.9981,1.2112,1.2465,1.2805,1.4964,Normal,50.0
C06846,L4,FPGA,124.91,1.088,11.0462,11.8678,12.0036,13.1087,1.1334,1.2708,1.2736,1.397,Normal,50.0
C06847,L4,ADC,124.31,1.815,10.997,11.6814,12.6442,13.8905,1.1373,1.2108,1.3904,1.4332,Normal,50.0
C06848,L4,DAC,125.4,1.809,12.0456,13.6422,21.0968,50.3657,1.2705,1.4518,2.3205,6.7789,Absolute_Failure,50.0
C06849,L4,FPGA,124.52,1.079,11.068,12.2512,13.2361,14.1388,1.1871,1.2642,1.4051,1.4765,Normal,50.0
C06850,L4,ASIC,126.15,1.226,11.275,11.9672,12.2535,12.6977,1.1487,1.2486,1.2718,1.3467,Normal,50.0
C06851,L4,ASIC,124.43,1.179,11.1335,12.2256,13.398,14.3689,1.1685,1.2794,1.3908,1.5185,Normal,50.0
C06852,L4,ADC,125.32,1.789,11.9963,12.8953,14.1766,30.229,1.2592,1.3983,1.55,3.6199,Sudden_Anomaly,50.0
C06853,L4,DAC,123.98,1.809,12.4176,13.0353,13.4765,14.0398,1.2913,1.3844,1.4403,1.4794,Normal,50.0
C06854,L4,ASIC,125.59,1.212,11.9487,12.4671,12.9551,13.5593,1.2495,1.2951,1.3949,1.4747,Normal,50.0
C06855,L4,ADC,125.28,1.85,11.8175,12.6262,12.8428,14.6002,1.2331,1.3227,1.3455,1.5762,Normal,50.0
C06856,L4,FPGA,126.39,1.098,11.7512,12.4368,14.7506,33.0422,1.2165,1.3147,1.6084,4.0259,Sudden_Anomaly,50.0
C06857,L4,ADC,124.84,1.813,11.7506,12.8232,13.5634,14.3359,1.201,1.3311,1.4278,1.5293,Normal,50.0
C06858,L4,ADC,124.8,1.771,11.8634,12.1784,12.4088,12.8576,1.2695,1.3216,1.3321,1.3504,Normal,50.0
C06859,L4,ASIC,126.18,1.201,11.1322,12.0976,16.5336,52.3281,1.1109,1.2718,1.7448,7.2138,Absolute_Failure,50.0
C06860,L4,DAC,124.35,1.793,11.8127,12.3464,13.7512,14.4487,1.2252,1.2984,1.4698,1.5462,Normal,50.0
C06861,L4,FPGA,125.05,1.094,11.0639,11.8056,12.5461,13.6103,1.1827,1.2395,1.3348,1.4353,Normal,50.0
C06862,L4,DAC,126.45,1.803,12.0618,12.8376,13.301,13.923,1.2702,1.3573,1.3497,1.4743,Normal,50.0
C06863,L4,ADC,125.91,1.791,12.0744,12.5823,12.7666,13.4231,1.2299,1.305,1.3334,1.4629,Normal,50.0
C06864,L4,DAC,123.98,1.795,11.8285,13.2394,16.0984,37.6797,1.2441,1.3527,1.7563,4.7365,Sudden_Anomaly,50.0
C06865,L4,ASIC,124.66,1.189,11.7005,11.9695,12.4209,12.6586,1.1764,1.2824,1.3554,1.3225,High_Stable,50.0
C06866,L4,FPGA,125.03,1.096,11.6962,12.5497,12.9022,14.0194,1.2485,1.337,1.3476,1.4901,Normal,50.0
C06867,L4,FPGA,126.95,1.11,11.4942,12.4782,13.8692,13.9824,1.202,1.318,1.4736,1.4471,Normal,50.0
C06868,L4,ASIC,124.85,1.212,11.211,11.3082,11.7165,12.9108,1.1412,1.1644,1.2081,1.3758,Normal,50.0
C06869,L4,FPGA,124.85,1.123,11.8997,12.5634,16.1114,56.2275,1.2493,1.2955,1.6675,7.8803,Absolute_Failure,50.0
C06870,L4,ADC,124.88,1.804,11.4817,12.2378,12.9871,14.6029,1.2078,1.2537,1.3792,1.5777,Normal,50.0
C06871,L4,FPGA,125.75,1.081,11.6385,12.6198,12.9137,13.55,1.1592,1.3496,1.3317,1.4272,Normal,50.0
C06872,L4,ADC,126.38,1.827,11.983,13.1607,13.657,14.8316,1.2624,1.362,1.4439,1.5717,Normal,50.0
C06873,L4,ADC,125.82,1.815,12.4578,13.0048,13.8704,14.6702,1.3272,1.3632,1.4694,1.6079,Normal,50.0
C06874,L4,FPGA,124.93,1.142,11.7288,14.15,24.0351,55.0331,1.1886,1.5034,2.7643,7.6186,Absolute_Failure,50.0
C06875,L4,ADC,125.09,1.799,12.1825,13.4134,17.1618,20.6135,1.3106,1.3853,1.8546,2.2712,Latent_Defect,50.0
C06876,L4,FPGA,123.51,1.1,11.3144,12.6041,17.8144,50.1355,1.1905,1.312,1.9466,6.802,Absolute_Failure,50.0
C06877,L4,ASIC,123.84,1.21,11.1949,13.8886,20.5117,51.5257,1.1563,1.449,2.3088,7.0214,Absolute_Failure,50.0
C06878,L4,FPGA,125.56,1.138,11.9093,12.6116,12.8706,13.98,1.251,1.3654,1.3155,1.4461,Normal,50.0
C06879,L4,DAC,124.33,1.778,12.0291,12.5913,15.6328,21.9604,1.2677,1.3249,1.6406,2.4612,Latent_Defect,50.0
C06880,L4,FPGA,125.79,1.097,11.8982,12.3955,13.3465,14.2712,1.2637,1.3058,1.426,1.5504,Normal,50.0
C06881,L4,DAC,126.27,1.81,11.6038,13.0033,14.9502,32.7352,1.2096,1.3684,1.6219,3.9695,Sudden_Anomaly,50.0
C06882,L4,ADC,125.17,1.796,11.8492,12.5914,13.2955,13.8429,1.2421,1.334,1.3916,1.4725,Normal,50.0
C06883,L4,FPGA,124.19,1.098,11.1481,12.747,14.6563,21.3414,1.1208,1.3367,1.5068,2.3673,Latent_Defect,50.0
C06884,L4,DAC,126.12,1.825,11.8636,13.453,18.8694,56.5524,1.2282,1.4103,2.0739,7.9583,Absolute_Failure,50.0
C06885,L4,ASIC,124.47,1.195,11.1729,11.5266,12.3297,13.5343,1.167,1.1832,1.3065,1.4358,Normal,50.0
C06886,L4,DAC,123.96,1.794,12.1863,12.8985,13.1905,14.1373,1.25,1.3306,1.3903,1.4906,Normal,50.0
C06887,L4,FPGA,125.14,1.121,11.7108,12.678,13.6103,13.7661,1.2268,1.3255,1.4763,1.4668,Normal,50.0
C06888,L4,FPGA,126.03,1.069,11.5498,12.3765,13.5917,14.0932,1.1828,1.3164,1.409,1.4915,Normal,50.0
C06889,L4,DAC,124.73,1.793,10.9013,11.798,12.9998,30.346,1.1744,1.2295,1.3537,3.6508,Sudden_Anomaly,50.0
C06890,L4,FPGA,124.79,1.112,11.8216,12.1802,13.2112,14.1192,1.2286,1.3026,1.3762,1.5069,Normal,50.0
C06891,L4,FPGA,123.99,1.095,11.6142,12.9864,13.2656,14.0421,1.2081,1.3894,1.4444,1.5304,Normal,50.0
C06892,L4,ASIC,125.45,1.218,11.7797,12.0492,12.7154,13.0281,1.253,1.2755,1.3847,1.3987,Normal,50.0
C06893,L4,ASIC,125.97,1.196,11.25,12.2499,15.5532,23.6582,1.1658,1.2843,1.6807,2.7079,Latent_Defect,50.0
C06894,L4,ASIC,124.91,1.193,11.3531,12.5259,13.3748,14.0557,1.1457,1.2995,1.4088,1.4819,Normal,50.0
C06895,L4,ASIC,126.14,1.172,11.6029,12.9451,17.38,50.7243,1.1877,1.4112,1.8649,6.8895,Absolute_Failure,50.0
C06896,L4,ADC,125.02,1.763,12.1578,12.5062,12.6657,12.8139,1.303,1.3357,1.3142,1.3537,High_Stable,50.0
C06897,L4,ASIC,126.31,1.191,11.0671,12.2296,13.2043,14.0309,1.1736,1.2806,1.4153,1.4781,Normal,50.0
C06898,L4,FPGA,125.6,1.084,11.6312,12.1504,12.3411,13.2848,1.2285,1.273,1.2518,1.3654,Normal,50.0
C06899,L4,ASIC,125.92,1.208,11.5714,12.3907,12.8011,14.2305,1.1799,1.3155,1.3361,1.5253,Normal,50.0
C06900,L4,ASIC,124.72,1.211,10.7254,11.0435,11.4811,12.597,1.1264,1.1309,1.1974,1.3248,Normal,50.0
C06901,L4,ADC,124.82,1.809,11.9703,13.0037,14.2801,15.1945,1.2333,1.3599,1.5233,1.6432,Normal,50.0
C06902,L4,ASIC,124.55,1.191,11.2343,11.4218,12.0326,13.0518,1.2015,1.1872,1.2638,1.4018,Normal,50.0
C06903,L4,ADC,125.1,1.806,12.5042,13.0059,13.7374,14.702,1.3667,1.4078,1.4469,1.6234,Normal,50.0
C06904,L4,DAC,125.29,1.807,12.0512,13.052,13.8934,15.847,1.2207,1.3312,1.4524,1.7059,Normal,50.0
C06905,L4,FPGA,124.17,1.129,11.406,11.956,12.565,13.6778,1.209,1.235,1.3357,1.4473,Normal,50.0
C06906,L4,DAC,125.35,1.796,12.0094,13.1767,16.6851,21.7695,1.2477,1.3668,1.824,2.4825,Latent_Defect,50.0
C06907,L4,DAC,124.76,1.786,12.1102,12.4981,12.7786,12.8079,1.3318,1.3239,1.3594,1.4044,Normal,50.0
C06908,L4,ASIC,124.32,1.184,11.6491,12.4725,13.1871,14.5729,1.1938,1.2773,1.4077,1.5814,Normal,50.0
C06909,L4,FPGA,127.45,1.077,11.4261,12.1969,16.2788,20.8832,1.1771,1.3061,1.7619,2.3564,Latent_Defect,50.0
C06910,L4,ASIC,124.26,1.2,11.6766,12.3616,13.3286,14.4615,1.235,1.3205,1.3825,1.5276,Normal,50.0
C06911,L4,ADC,124.59,1.786,11.3592,12.9175,16.9012,58.4154,1.1934,1.3722,1.8109,8.3064,Absolute_Failure,50.0
C06912,L4,ASIC,124.16,1.184,11.405,11.656,12.9687,14.3146,1.2114,1.2213,1.3669,1.5156,Normal,50.0
C06913,L4,DAC,125.3,1.792,12.1022,12.8585,13.8408,35.7963,1.2769,1.3869,1.4469,4.376,Sudden_Anomaly,50.0
C06914,L4,FPGA,125.79,1.142,11.4831,11.8809,13.0573,13.94,1.1797,1.2812,1.3943,1.4693,Normal,50.0
C06915,L4,ADC,126.46,1.797,11.8403,12.7534,13.6498,15.2292,1.2085,1.313,1.4276,1.6094,Normal,50.0
C06916,L4,ASIC,123.63,1.221,12.1817,13.3081,14.0662,14.6512,1.2972,1.4043,1.5192,1.5989,Normal,50.0
C06917,L4,DAC,124.5,1.781,11.7727,12.3028,12.6323,13.4562,1.2603,1.3001,1.3241,1.4075,Normal,50.0
C06918,L4,FPGA,125.11,1.072,11.7365,11.7307,11.974,11.846,1.2475,1.2228,1.2402,1.2057,High_Stable,50.0
C06919,L4,ADC,125.9,1.799,11.9094,13.1701,13.5553,15.1459,1.2338,1.3743,1.4712,1.5955,Normal,50.0
C06920,L4,FPGA,126.19,1.093,11.2307,12.1342,14.8012,38.4079,1.2035,1.2791,1.5829,4.8328,Sudden_Anomaly,50.0
C06921,L4,DAC,125.82,1.806,12.1491,13.1585,13.5124,14.878,1.2505,1.3769,1.4011,1.5861,Normal,50.0
C06922,L4,ASIC,125.1,1.215,11.4596,12.3239,13.1293,13.9059,1.184,1.2927,1.3868,1.4589,Normal,50.0
C06923,L4,FPGA,125.03,1.127,10.6945,11.8307,16.4094,57.4089,1.0586,1.2608,1.8078,8.0968,Absolute_Failure,50.0
C06924,L4,FPGA,125.83,1.112,11.4634,11.9926,12.8676,14.3681,1.1625,1.237,1.3852,1.5115,Normal,50.0
C06925,L4,ASIC,126.38,1.216,11.0487,11.8463,12.1416,13.4561,1.1357,1.2585,1.2717,1.4083,Normal,50.0
C06926,L4,ASIC,127.29,1.207,10.8813,12.2459,12.4064,13.2196,1.1462,1.2649,1.2578,1.4253,Normal,50.0
C06927,L4,FPGA,125.22,1.098,11.7301,12.7956,14.7667,41.9594,1.2447,1.3419,1.5687,5.3741,Sudden_Anomaly,50.0
C06928,L4,ADC,125.58,1.798,11.6949,12.5008,15.0168,42.3634,1.2845,1.315,1.6282,5.4398,Sudden_Anomaly,50.0
C06929,L4,FPGA,125.84,1.077,11.5503,12.1522,12.8413,14.1974,1.2252,1.2737,1.3244,1.5181,Normal,50.0
C06930,L4,ASIC,125.08,1.207,11.6365,11.9853,12.3214,14.0886,1.241,1.2218,1.3214,1.5292,Normal,50.0
C06931,L4,ADC,125.78,1.794,12.1308,12.9001,13.5712,14.3708,1.2686,1.3754,1.3958,1.5487,Normal,50.0
C06932,L4,FPGA,126.19,1.102,11.7555,12.8203,13.9504,15.6769,1.2428,1.3834,1.4722,1.6993,Normal,50.0
C06933,L4,ADC,124.31,1.786,11.7644,13.1373,14.8874,41.5435,1.2507,1.3852,1.6077,5.3354,Sudden_Anomaly,50.0
C06934,L4,DAC,124.53,1.802,11.5841,12.1801,15.0654,33.2841,1.1741,1.2595,1.6387,4.0199,Sudden_Anomaly,50.0
C06935,L4,ADC,124.79,1.797,12.1457,13.1733,13.7095,14.6306,1.2579,1.3747,1.4676,1.5375,Normal,50.0
C06936,L4,FPGA,125.34,1.109,11.2491,12.015,12.737,14.0777,1.125,1.2423,1.3411,1.4927,Normal,50.0
C06937,L4,FPGA,126.28,1.113,11.672,12.1615,13.0106,14.0406,1.1814,1.29,1.3633,1.5012,Normal,50.0
C06938,L4,FPGA,126.99,1.128,12.0286,13.4392,18.6518,50.7404,1.2383,1.4213,2.0496,6.8669,Absolute_Failure,50.0
C06939,L4,ADC,125.33,1.784,11.7552,11.8209,12.9364,13.3413,1.2206,1.2025,1.3435,1.4678,Normal,50.0
C06940,L4,ASIC,125.8,1.211,11.9361,13.0933,14.0672,14.7764,1.2919,1.3668,1.5116,1.582,Normal,50.0
C06941,L4,ASIC,125.35,1.159,11.9257,12.8549,13.436,14.3948,1.2766,1.3633,1.3709,1.5286,Normal,50.0
C06942,L4,DAC,125.84,1.797,12.3133,13.3671,17.4507,23.2222,1.2891,1.3717,1.9273,2.6582,Latent_Defect,50.0
C06943,L4,ASIC,124.81,1.209,10.8008,12.0928,13.3222,14.8363,1.0932,1.2407,1.391,1.6221,Normal,50.0
C06944,L4,DAC,124.95,1.821,12.0878,12.55,13.2145,13.8094,1.2798,1.3282,1.4378,1.4041,Normal,50.0
C06945,L4,DAC,126.91,1.781,12.0956,12.6706,13.3501,13.6079,1.2321,1.3853,1.4153,1.4156,Normal,50.0
C06946,L4,ASIC,123.13,1.181,11.3216,12.2929,13.2618,13.6869,1.2171,1.2624,1.3941,1.4259,Normal,50.0
C06947,L4,FPGA,124.14,1.081,11.3657,11.7511,11.8625,12.3657,1.227,1.2448,1.2473,1.3107,Normal,50.0
C06948,L4,FPGA,125.57,1.096,11.4762,12.7178,13.3778,14.5613,1.1719,1.3765,1.4239,1.5536,Normal,50.0
C06949,L4,FPGA,125.86,1.11,11.7992,12.1258,13.1697,13.5314,1.2014,1.2614,1.3496,1.4221,Normal,50.0
C06950,L4,ASIC,124.74,1.194,10.4691,11.3798,12.7231,13.2006,1.1067,1.1764,1.3742,1.3809,Normal,50.0
C06951,L4,FPGA,125.32,1.081,11.393,12.2175,12.9326,13.4127,1.1737,1.2213,1.3801,1.392,Normal,50.0
C06952,L4,ASIC,125.44,1.193,11.7032,12.2845,13.3539,14.8495,1.277,1.3245,1.4573,1.6061,Normal,50.0
C06953,L4,FPGA,125.11,1.132,12.1892,13.6624,15.5728,28.9632,1.2483,1.4866,1.6929,3.4446,Sudden_Anomaly,50.0
C06954,L4,DAC,125.53,1.817,11.471,13.228,18.2875,23.1015,1.1863,1.4616,2.0281,2.6192,Latent_Defect,50.0
C06955,L4,ASIC,125.77,1.196,11.3791,11.8587,12.6061,13.4574,1.1784,1.2603,1.3182,1.42,Normal,50.0
C06956,L4,ASIC,124.65,1.218,11.0777,12.7829,21.0972,57.2098,1.1648,1.3281,2.3445,8.0563,Absolute_Failure,50.0
C06957,L4,FPGA,125.02,1.09,11.4013,12.4761,13.869,14.5863,1.1646,1.2671,1.448,1.559,Normal,50.0
C06958,L4,FPGA,126.36,1.095,11.4131,12.0621,12.4932,13.1562,1.1905,1.2578,1.2576,1.3893,Normal,50.0
C06959,L4,FPGA,126.6,1.112,11.2649,12.0467,14.5587,55.6798,1.1611,1.3048,1.5413,7.8286,Absolute_Failure,50.0
C06960,L4,DAC,124.94,1.79,11.8171,12.7901,14.0901,14.9649,1.2237,1.315,1.5073,1.6013,Normal,50.0
C06961,L4,ADC,126.7,1.809,11.9294,12.5551,12.938,13.681,1.2368,1.3218,1.3443,1.4595,Normal,50.0
C06962,L4,ASIC,122.43,1.22,11.2899,11.7113,12.0902,12.4985,1.168,1.1808,1.276,1.2917,Normal,50.0
C06963,L4,FPGA,124.91,1.1,11.4664,11.6907,11.8047,12.2449,1.1845,1.1876,1.2384,1.2973,High_Stable,50.0
C06964,L4,FPGA,125.99,1.119,11.3576,12.413,12.7801,14.1042,1.2158,1.3028,1.3359,1.5295,Normal,50.0
C06965,L4,ADC,125.86,1.765,12.2251,12.7612,13.6423,14.321,1.3053,1.3264,1.4582,1.5268,Normal,50.0
C06966,L4,ADC,124.03,1.808,11.2719,12.2288,12.399,12.6001,1.1388,1.2858,1.3201,1.3655,Normal,50.0
C06967,L4,DAC,125.07,1.815,11.5112,12.3854,13.3574,13.4569,1.179,1.2816,1.409,1.4213,Normal,50.0
C06968,L4,ASIC,124.38,1.222,12.0379,12.1126,12.1828,12.0734,1.2798,1.2647,1.2431,1.2339,High_Stable,50.0
C06969,L4,FPGA,124.15,1.08,11.7476,12.5163,14.5494,38.539,1.2047,1.3077,1.5246,4.8549,Sudden_Anomaly,50.0
C06970,L4,FPGA,125.69,1.085,11.3057,12.1672,13.4732,14.762,1.1773,1.2681,1.4157,1.5783,Normal,50.0
C06971,L4,FPGA,124.65,1.094,12.1188,12.1707,12.0502,12.3101,1.2873,1.2691,1.2721,1.319,High_Stable,50.0
C06972,L4,FPGA,125.74,1.09,11.3014,12.7269,21.5378,58.244,1.1745,1.3279,2.4034,8.2828,Absolute_Failure,50.0
C06973,L4,FPGA,126.05,1.123,11.214,12.5173,13.4446,14.2205,1.2069,1.3129,1.4152,1.5057,Normal,50.0
C06974,L4,ADC,124.43,1.798,11.8172,12.1215,12.0935,12.2533,1.252,1.3143,1.2743,1.2657,High_Stable,50.0
C06975,L4,ADC,124.38,1.797,12.3282,12.6037,12.7194,12.7538,1.3227,1.3167,1.3291,1.3538,High_Stable,50.0
C06976,L4,DAC,124.97,1.819,11.6896,12.5172,13.0634,13.2145,1.1859,1.315,1.3869,1.4469,Normal,50.0
C06977,L4,ASIC,125.19,1.193,12.062,12.5829,12.9952,13.8142,1.259,1.3082,1.383,1.4513,Normal,50.0
C06978,L4,FPGA,125.34,1.105,11.6668,12.5424,13.0144,13.9159,1.204,1.2885,1.3755,1.4541,Normal,50.0
C06979,L4,ASIC,125.26,1.181,11.4297,12.5391,13.4756,13.7488,1.1996,1.2879,1.417,1.4325,Normal,50.0
C06980,L4,ASIC,126.03,1.217,11.1483,12.1587,13.0543,13.4205,1.1766,1.2719,1.3751,1.3936,Normal,50.0
C06981,L4,DAC,126.95,1.792,11.4416,12.4476,13.3107,15.1724,1.2,1.3115,1.3974,1.6037,Normal,50.0
C06982,L4,DAC,125.49,1.789,11.8675,12.3296,13.0146,13.2448,1.2373,1.2514,1.3907,1.41,Normal,50.0
C06983,L4,FPGA,125.11,1.117,11.0995,11.8034,12.9821,13.806,1.1512,1.2404,1.3895,1.503,Normal,50.0
C06984,L4,ADC,124.53,1.788,11.8477,12.4352,13.038,14.1703,1.1824,1.307,1.3637,1.4801,Normal,50.0
C06985,L4,FPGA,125.44,1.095,10.9296,11.2,11.9772,12.3806,1.1799,1.1587,1.2344,1.3027,Normal,50.0
C06986,L4,ASIC,125.03,1.199,11.8679,12.4965,12.4412,12.9424,1.2815,1.3184,1.3199,1.3661,Normal,50.0
C06987,L4,ASIC,125.55,1.188,11.6067,12.7007,13.4211,38.73,1.2269,1.3356,1.4216,4.876,Sudden_Anomaly,50.0
C06988,L4,ASIC,124.02,1.186,11.384,11.7423,12.818,13.6345,1.1592,1.1848,1.3507,1.4276,Normal,50.0
C06989,L4,DAC,125.65,1.797,11.764,12.4082,13.6545,14.6682,1.2322,1.2833,1.4281,1.571,Normal,50.0
C06990,L4,FPGA,125.93,1.111,10.8091,11.8027,12.455,13.6198,1.079,1.2373,1.3351,1.4099,Normal,50.0
C06991,L4,ASIC,124.09,1.205,11.8132,12.4362,12.6433,12.7701,1.2146,1.3279,1.3096,1.3605,Normal,50.0
C06992,L4,ASIC,126.26,1.19,10.9778,11.7362,12.3543,12.4906,1.1284,1.2288,1.274,1.2997,Normal,50.0
C06993,L4,FPGA,124.05,1.092,11.0838,11.2021,11.2507,12.887,1.1316,1.1857,1.1849,1.3979,Normal,50.0
C06994,L4,FPGA,124.77,1.11,11.843,13.2903,14.6845,35.1166,1.2169,1.388,1.6402,4.3255,Sudden_Anomaly,50.0
C06995,L4,DAC,124.63,1.793,12.4751,12.6516,13.4098,14.2765,1.2946,1.3346,1.4365,1.5318,Normal,50.0
C06996,L4,DAC,125.05,1.756,12.2405,13.4621,13.6921,14.7641,1.2857,1.4551,1.4638,1.5948,Normal,50.0
C06997,L4,ASIC,125.08,1.199,11.5066,12.0807,12.3861,12.9236,1.2194,1.2739,1.3486,1.3751,Normal,50.0
C06998,L4,FPGA,126.27,1.131,11.0631,12.2583,17.2801,60.1853,1.1663,1.2501,1.8784,8.6414,Absolute_Failure,50.0
C06999,L4,DAC,125.37,1.803,12.5964,13.0022,13.4893,14.9428,1.3491,1.318,1.4234,1.5908,Normal,50.0
C07000,L4,FPGA,125.92,1.122,11.2898,12.4403,12.9839,14.0466,1.1789,1.3345,1.4115,1.5058,Normal,50.0
C07001,L4,ASIC,124.24,1.211,11.7678,12.1096,13.8631,27.4086,1.2076,1.274,1.4668,3.1881,Sudden_Anomaly,50.0
C07002,L4,ADC,124.65,1.791,11.5062,13.3821,17.8807,22.8151,1.2009,1.4445,1.9307,2.6328,Latent_Defect,50.0
C07003,L4,ASIC,124.96,1.21,11.5066,12.4441,13.6342,14.1524,1.1981,1.2963,1.4689,1.5392,Normal,50.0
C07004,L4,DAC,126.14,1.807,12.265,12.8983,13.7819,14.3532,1.2817,1.3739,1.4504,1.4709,Normal,50.0
C07005,L4,FPGA,125.09,1.107,11.6832,12.1031,12.8833,13.5776,1.1848,1.2745,1.3221,1.4131,Normal,50.0
C07006,L4,ASIC,125.48,1.203,10.6516,11.837,12.233,12.6917,1.0792,1.2583,1.2946,1.3593,Normal,50.0
C07007,L4,ASIC,123.8,1.229,11.1822,11.753,12.1252,13.1782,1.1538,1.2497,1.2492,1.3807,Normal,50.0
C07008,L4,DAC,125.71,1.81,11.4199,12.2826,13.384,14.3075,1.1958,1.3144,1.3956,1.5303,Normal,50.0
C07009,L4,DAC,124.91,1.807,11.9279,13.0851,13.0841,14.4629,1.2482,1.3756,1.3782,1.5593,Normal,50.0
C07010,L4,ADC,125.27,1.822,11.8011,13.5658,20.9252,61.7331,1.2379,1.435,2.3214,8.9282,Absolute_Failure,50.0
C07011,L4,ADC,124.23,1.811,11.86,13.0894,17.0938,21.8875,1.2512,1.4059,1.8982,2.4759,Latent_Defect,50.0
C07012,L4,ASIC,125.23,1.22,12.0029,12.2692,12.8733,13.1914,1.3106,1.3089,1.369,1.402,Normal,50.0
C07013,L4,FPGA,125.47,1.078,10.9586,11.9756,13.3893,13.6296,1.1727,1.2551,1.4037,1.4499,Normal,50.0
C07014,L4,ASIC,125.93,1.197,10.9408,11.2812,13.1289,28.8174,1.1429,1.1693,1.3775,3.3944,Sudden_Anomaly,50.0
C07015,L4,ADC,125.76,1.781,12.3114,12.9618,13.23,13.866,1.319,1.3366,1.3691,1.449,Normal,50.0
C07016,L4,DAC,124.75,1.791,11.5821,12.5175,12.9592,13.2823,1.2097,1.3023,1.3508,1.4179,Normal,50.0
C07017,L4,FPGA,124.37,1.085,11.1164,11.9792,12.9252,13.9832,1.16,1.2549,1.4046,1.5002,Normal,50.0
C07018,L4,DAC,126.41,1.787,12.8987,13.2635,18.3345,56.8004,1.338,1.4089,2.0129,7.9435,Absolute_Failure,50.0
C07019,L4,ASIC,125.15,1.213,11.1726,12.2268,13.4287,14.1359,1.1523,1.3416,1.4084,1.5518,Normal,50.0
C07020,L4,ASIC,125.39,1.22,12.0352,12.3579,12.36,12.2289,1.2753,1.2906,1.3387,1.3045,High_Stable,50.0
C07021,L4,DAC,125.07,1.805,11.136,11.6502,12.6227,14.0311,1.1754,1.1889,1.3502,1.4712,Normal,50.0
C07022,L4,ASIC,125.6,1.233,12.0712,12.353,12.502,12.8552,1.2368,1.2958,1.3378,1.3735,High_Stable,50.0
C07023,L4,ASIC,124.99,1.194,10.8326,11.5193,11.9945,12.2627,1.1181,1.1776,1.2485,1.2625,Normal,50.0
C07024,L4,ASIC,124.34,1.231,11.1068,11.8861,14.0085,18.3738,1.141,1.2714,1.5517,2.0206,Latent_Defect,50.0
C07025,L4,ADC,123.87,1.824,11.1736,12.1013,13.4354,35.4528,1.1645,1.2878,1.4167,4.3565,Sudden_Anomaly,50.0
C07026,L4,DAC,126.03,1.785,12.323,12.5218,12.5973,12.7559,1.3066,1.3605,1.3579,1.36,High_Stable,50.0
C07027,L4,FPGA,124.66,1.117,11.2611,13.0234,16.7699,21.725,1.2187,1.3686,1.834,2.4033,Latent_Defect,50.0
C07028,L4,DAC,124.39,1.786,12.4653,13.169,13.8794,14.7446,1.3468,1.3882,1.5044,1.5685,Normal,50.0
C07029,L4,ASIC,125.48,1.181,11.2625,11.5644,12.5118,13.3082,1.1892,1.2022,1.3252,1.3987,Normal,50.0
C07030,L4,FPGA,125.99,1.089,11.3943,12.0862,12.8369,13.9565,1.2116,1.2914,1.328,1.4908,Normal,50.0
C07031,L4,DAC,124.42,1.783,11.6876,12.9943,15.7179,51.2636,1.1556,1.3575,1.6861,6.9507,Absolute_Failure,50.0
C07032,L4,ASIC,125.63,1.202,11.101,12.233,12.7616,13.6254,1.1205,1.2959,1.3332,1.4133,Normal,50.0
C07033,L4,DAC,125.41,1.803,12.108,13.0505,13.5813,13.748,1.273,1.3364,1.4558,1.4635,Normal,50.0
C07034,L4,ASIC,125.36,1.198,11.3597,12.1847,14.2719,33.0912,1.1942,1.2506,1.5275,4.0176,Sudden_Anomaly,50.0
C07035,L4,ASIC,126.15,1.201,11.3835,12.4029,12.9758,13.4111,1.1461,1.2678,1.3475,1.3931,Normal,50.0
C07036,L4,ADC,125.16,1.814,11.7443,12.8152,13.0395,14.2629,1.264,1.3832,1.4123,1.5123,Normal,50.0
C07037,L4,ASIC,124.11,1.204,11.382,12.5939,13.0643,13.7445,1.2163,1.2852,1.3834,1.4493,Normal,50.0
C07038,L4,DAC,125.66,1.797,12.6248,13.4887,14.5216,15.0348,1.3257,1.4294,1.5527,1.5556,Normal,50.0
C07039,L4,FPGA,125.13,1.095,12.159,12.8279,14.4112,15.3189,1.2812,1.3604,1.5461,1.6266,Normal,50.0
C07040,L4,FPGA,124.77,1.116,11.6379,11.953,13.0366,14.4391,1.1779,1.2469,1.3101,1.4963,Normal,50.0
C07041,L4,ASIC,123.86,1.222,11.4913,14.2829,18.7847,55.4879,1.2027,1.5369,2.0995,7.7159,Absolute_Failure,50.0
C07042,L4,DAC,123.84,1.806,11.7693,12.6703,13.0681,14.3728,1.2173,1.3345,1.3542,1.5145,Normal,50.0
C07043,L4,ASIC,125.0,1.215,11.3706,12.19,16.4465,21.5181,1.1634,1.2654,1.8022,2.4511,Latent_Defect,50.0
C07044,L4,FPGA,124.6,1.086,11.2783,11.297,11.37,11.6556,1.1639,1.1912,1.1799,1.231,High_Stable,50.0
C07045,L4,FPGA,125.12,1.126,11.6696,12.2099,13.2189,13.7606,1.1831,1.2993,1.3983,1.4319,Normal,50.0
C07046,L4,ASIC,124.34,1.205,11.3807,12.4733,12.763,13.4154,1.1871,1.3018,1.3153,1.4118,Normal,50.0
C07047,L4,DAC,124.4,1.798,11.4792,12.4208,14.4642,33.7131,1.2145,1.3172,1.481,4.1403,Sudden_Anomaly,50.0
C07048,L4,ASIC,124.28,1.198,11.4989,12.0101,13.1574,14.8623,1.19,1.252,1.4036,1.5873,Normal,50.0
C07049,L4,ASIC,124.73,1.185,11.7978,12.9769,13.9049,15.1762,1.2201,1.4042,1.4706,1.644,Normal,50.0
C07050,L4,ADC,125.96,1.794,11.9684,13.1334,14.0547,14.6875,1.3057,1.4192,1.5494,1.5544,Normal,50.0
C07051,L4,ADC,124.91,1.799,12.0567,12.6454,13.2901,13.8192,1.2794,1.3589,1.4179,1.4734,Normal,50.0
C07052,L4,FPGA,124.24,1.109,11.1213,11.8854,12.8474,13.4336,1.1825,1.254,1.364,1.4147,Normal,50.0
C07053,L4,FPGA,125.65,1.092,11.4916,12.1288,12.3068,13.4382,1.17,1.2169,1.2831,1.4264,Normal,50.0
C07054,L4,ASIC,124.21,1.21,11.6147,12.2371,12.6512,12.8177,1.1866,1.2896,1.3224,1.3345,Normal,50.0
C07055,L4,FPGA,124.86,1.096,11.7372,11.7826,11.8478,11.729,1.2543,1.2541,1.2262,1.2161,High_Stable,50.0
C07056,L4,ASIC,125.94,1.207,12.0197,12.0821,12.5631,12.274,1.2798,1.2527,1.2789,1.2358,High_Stable,50.0
C07057,L4,DAC,126.74,1.828,11.8395,12.5198,15.2879,54.8357,1.2179,1.2847,1.5981,7.6393,Absolute_Failure,50.0
C07058,L4,ASIC,124.32,1.181,11.349,12.4329,13.1481,14.3776,1.1701,1.2981,1.359,1.5142,Normal,50.0
C07059,L4,FPGA,126.44,1.105,10.8408,11.8607,12.9192,14.425,1.1157,1.2852,1.3615,1.5748,Normal,50.0
C07060,L4,FPGA,125.33,1.122,12.3751,13.2231,17.4618,60.9958,1.2911,1.3825,1.8868,8.7658,Absolute_Failure,50.0
C07061,L4,ASIC,124.63,1.185,11.6694,12.867,13.4357,14.0395,1.1911,1.3204,1.4684,1.5143,Normal,50.0
C07062,L4,ADC,125.32,1.811,11.4968,12.0859,13.3371,14.3663,1.2022,1.2301,1.4385,1.5233,Normal,50.0
C07063,L4,ADC,125.46,1.803,12.1166,12.3767,12.2183,12.3416,1.2743,1.3069,1.2226,1.2777,High_Stable,50.0
C07064,L4,DAC,125.56,1.801,12.2545,12.3904,12.529,12.5279,1.2753,1.3147,1.3644,1.3104,High_Stable,50.0
C07065,L4,DAC,124.67,1.816,12.4226,14.511,20.4063,52.7354,1.2979,1.5167,2.2642,7.2418,Absolute_Failure,50.0
C07066,L4,DAC,125.36,1.802,12.1941,12.8384,13.4582,14.4382,1.2473,1.3691,1.4102,1.5513,Normal,50.0
C07067,L4,DAC,125.29,1.8,11.3797,12.0677,12.8529,13.4929,1.1669,1.3043,1.3417,1.3776,Normal,50.0
C07068,L4,ADC,124.16,1.764,12.1662,15.1725,22.2963,51.9683,1.3,1.5917,2.5383,7.1373,Absolute_Failure,50.0
C07069,L4,FPGA,124.2,1.09,12.3565,13.0923,13.9815,14.6556,1.2652,1.401,1.5166,1.5307,Normal,50.0
C07070,L4,ADC,122.94,1.804,11.853,12.6728,13.3581,13.9026,1.2365,1.3402,1.4287,1.457,Normal,50.0
C07071,L4,FPGA,127.36,1.08,11.2818,12.397,14.4848,34.2057,1.2007,1.2844,1.5646,4.1561,Sudden_Anomaly,50.0
C07072,L4,ADC,124.94,1.802,11.8431,12.5379,13.4796,25.9441,1.2493,1.3529,1.435,2.9829,Sudden_Anomaly,50.0
C07073,L4,ASIC,125.93,1.183,11.4176,12.6218,13.7154,14.3353,1.1975,1.2807,1.4168,1.5052,Normal,50.0
C07074,L4,ADC,124.29,1.814,11.4354,12.0592,12.6982,14.4782,1.1911,1.2153,1.3003,1.4991,Normal,50.0
C07075,L4,FPGA,124.76,1.101,11.1246,11.6877,12.7661,13.9711,1.1723,1.2212,1.3513,1.5128,Normal,50.0
C07076,L4,ASIC,125.31,1.187,11.8589,12.6166,14.9836,22.2888,1.2225,1.3749,1.5963,2.538,Latent_Defect,50.0
C07077,L4,FPGA,125.2,1.113,11.6476,13.2044,15.6831,34.5172,1.222,1.3681,1.7,4.2174,Sudden_Anomaly,50.0
C07078,L4,ASIC,125.1,1.211,11.6216,12.4166,13.6156,14.0336,1.2321,1.2727,1.446,1.5026,Normal,50.0
C07079,L4,ASIC,125.32,1.171,11.8049,12.7045,13.5974,14.2276,1.252,1.3196,1.4375,1.4849,Normal,50.0
C07080,L4,FPGA,125.16,1.118,11.653,12.5281,13.4406,14.8338,1.2202,1.2909,1.4343,1.5454,Normal,50.0
C07081,L4,DAC,124.82,1.807,11.8049,11.9628,11.814,11.8492,1.2337,1.2496,1.2137,1.2596,High_Stable,50.0
C07082,L4,ASIC,122.32,1.209,11.6415,12.6847,15.4479,19.8667,1.2129,1.3573,1.637,2.2056,Latent_Defect,50.0
C07083,L4,FPGA,125.76,1.097,11.7353,12.2841,12.9028,14.0866,1.2224,1.288,1.35,1.4929,Normal,50.0
C07084,L4,ASIC,124.42,1.163,11.9004,12.5376,12.6751,13.475,1.2238,1.3447,1.2744,1.4118,Normal,50.0
C07085,L4,FPGA,124.25,1.08,11.0782,11.5236,12.4753,13.153,1.1269,1.218,1.3276,1.3707,Normal,50.0
C07086,L4,FPGA,124.03,1.098,11.5987,14.0836,23.8724,56.9562,1.235,1.4859,2.7294,8.0146,Absolute_Failure,50.0
C07087,L4,FPGA,126.04,1.079,11.6986,12.3923,13.2957,14.108,1.2444,1.3024,1.4061,1.5469,Normal,50.0
C07088,L4,ASIC,125.89,1.217,10.9332,11.9223,12.3864,13.1439,1.1109,1.221,1.3239,1.4183,Normal,50.0
C07089,L4,FPGA,125.46,1.108,11.2547,11.8131,12.7073,14.1305,1.1311,1.203,1.3189,1.504,Normal,50.0
C07090,L4,FPGA,125.58,1.104,11.9439,12.1595,12.6094,13.9565,1.2666,1.2633,1.3159,1.4554,Normal,50.0
C07091,L4,FPGA,126.67,1.084,11.7894,12.857,16.8934,56.4238,1.1971,1.3285,1.7963,7.889,Absolute_Failure,50.0
C07092,L4,FPGA,125.09,1.097,11.46,12.4373,13.4861,36.4281,1.1418,1.2816,1.3811,4.519,Sudden_Anomaly,50.0
C07093,L4,ADC,125.54,1.811,11.7218,12.8562,13.9374,14.3899,1.2491,1.336,1.4861,1.5279,Normal,50.0
C07094,L4,ADC,124.55,1.81,11.392,12.2199,12.8051,13.1992,1.1792,1.306,1.3633,1.3733,Normal,50.0
C07095,L4,FPGA,125.43,1.1,11.7679,12.2901,13.5594,14.0459,1.2282,1.2948,1.4357,1.4618,Normal,50.0
C07096,L4,FPGA,125.1,1.124,11.1416,12.2367,13.3249,14.9551,1.1295,1.272,1.418,1.5909,Normal,50.0
C07097,L4,DAC,124.18,1.779,12.5734,12.9585,13.8861,14.5974,1.3129,1.3336,1.4742,1.5372,Normal,50.0
C07098,L4,ADC,125.17,1.776,11.7613,12.4556,13.3143,14.0524,1.1846,1.2709,1.3722,1.4759,Normal,50.0
C07099,L4,DAC,126.57,1.761,11.8439,13.1025,17.4844,24.0438,1.2333,1.4417,1.9251,2.7157,Latent_Defect,50.0
C07100,L4,FPGA,125.55,1.093,11.9904,13.5668,18.5126,25.1946,1.2299,1.4833,2.0122,2.9079,Latent_Defect,50.0
C07101,L4,DAC,124.26,1.804,12.2104,12.7111,13.5232,14.9343,1.3009,1.3017,1.4004,1.5846,Normal,50.0
C07102,L4,FPGA,125.02,1.095,11.9613,12.7363,15.3352,26.9646,1.2508,1.3627,1.624,3.1278,Sudden_Anomaly,50.0
C07103,L4,ADC,124.42,1.809,11.8505,12.1268,13.3228,14.6119,1.2449,1.2477,1.4282,1.5539,Normal,50.0
C07104,L4,ASIC,123.7,1.22,11.248,11.6769,12.3261,13.6502,1.1787,1.1861,1.3376,1.454,Normal,50.0
C07105,L4,FPGA,124.59,1.102,10.8792,11.9393,12.9074,14.0284,1.1106,1.2336,1.3577,1.4672,Normal,50.0
C07106,L4,ADC,126.02,1.787,11.5026,11.8051,12.6114,12.95,1.156,1.2558,1.3272,1.3604,Normal,50.0
C07107,L4,FPGA,123.95,1.088,11.1347,11.7013,12.1881,13.4063,1.1341,1.1825,1.2921,1.4161,Normal,50.0
C07108,L4,ADC,125.04,1.787,11.8351,12.9971,13.8661,14.25,1.2804,1.3495,1.4587,1.5452,Normal,50.0
C07109,L4,FPGA,125.15,1.111,11.1192,12.3207,13.6626,14.3878,1.1696,1.285,1.4553,1.5464,Normal,50.0
C07110,L4,ADC,123.51,1.791,12.0398,12.2116,12.298,12.6574,1.1933,1.2727,1.2649,1.3086,High_Stable,50.0
C07111,L4,FPGA,123.8,1.119,11.868,13.2268,15.8343,38.8886,1.2442,1.4419,1.7338,4.9411,Sudden_Anomaly,50.0
C07112,L4,FPGA,124.42,1.093,11.7445,12.663,15.6632,23.465,1.2162,1.3019,1.7053,2.6666,Latent_Defect,50.0
C07113,L4,ASIC,125.52,1.195,11.0504,12.2,13.5224,28.2918,1.1498,1.295,1.4405,3.3103,Sudden_Anomaly,50.0
C07114,L4,FPGA,125.34,1.1,11.8169,11.9227,12.017,11.8791,1.2764,1.2455,1.2715,1.2649,High_Stable,50.0
C07115,L4,ADC,124.93,1.786,12.478,12.5684,12.9546,13.3098,1.2847,1.3121,1.3552,1.3624,High_Stable,50.0
C07116,L4,DAC,125.64,1.801,11.8599,12.9419,15.5783,19.2807,1.2863,1.4099,1.6731,2.1321,Latent_Defect,50.0
C07117,L4,ASIC,124.11,1.2,11.0961,11.4701,14.019,32.1343,1.1278,1.2105,1.4931,3.8231,Sudden_Anomaly,50.0
C07118,L4,ADC,124.25,1.788,11.1109,11.3753,12.4846,13.9104,1.1697,1.1686,1.3038,1.4378,Normal,50.0
C07119,L4,FPGA,126.35,1.085,11.1471,13.8771,20.587,55.4713,1.172,1.4512,2.2679,7.7615,Absolute_Failure,50.0
C07120,L4,ASIC,127.59,1.202,11.9116,12.156,12.306,12.4357,1.2697,1.3137,1.2724,1.3475,High_Stable,50.0
C07121,L4,DAC,125.14,1.777,11.8854,12.9063,16.0719,23.7011,1.2314,1.3432,1.7231,2.6973,Latent_Defect,50.0
C07122,L4,FPGA,126.12,1.118,11.4954,12.6511,15.8754,20.0131,1.1945,1.3337,1.6738,2.1977,Latent_Defect,50.0
C07123,L4,ASIC,125.22,1.172,11.9205,12.2748,12.7028,14.4063,1.2772,1.2725,1.3207,1.5462,Normal,50.0
C07124,L4,DAC,124.28,1.791,11.4998,12.3828,13.7346,15.1042,1.2359,1.279,1.5155,1.5881,Normal,50.0
C07125,L4,FPGA,123.33,1.093,11.5805,11.6636,11.5436,11.869,1.206,1.1589,1.2413,1.2148,High_Stable,50.0
C07126,L4,ADC,125.11,1.8,12.0873,12.5761,13.5017,14.5201,1.2937,1.3097,1.4505,1.5343,Normal,50.0
C07127,L4,FPGA,125.09,1.091,11.2373,12.9517,22.11,50.701,1.1807,1.3801,2.5143,6.8595,Absolute_Failure,50.0
C07128,L4,DAC,125.58,1.774,11.3888,12.3464,12.7279,14.0002,1.1952,1.3122,1.3109,1.5047,Normal,50.0
C07129,L4,DAC,125.75,1.778,11.9536,13.0341,14.1711,14.5666,1.262,1.354,1.4929,1.5827,Normal,50.0
C07130,L4,ASIC,124.89,1.225,11.0405,12.9102,17.0624,23.533,1.1746,1.3484,1.8648,2.696,Latent_Defect,50.0
C07131,L4,ADC,124.35,1.807,11.7247,12.3151,12.9376,13.7211,1.1991,1.3364,1.3327,1.4589,Normal,50.0
C07132,L4,FPGA,124.34,1.088,11.2661,12.7532,14.3672,34.4823,1.1662,1.3191,1.5504,4.1857,Sudden_Anomaly,50.0
C07133,L4,ASIC,125.55,1.179,10.8839,11.9979,12.8265,30.4283,1.117,1.2033,1.3322,3.6253,Sudden_Anomaly,50.0
C07134,L4,ASIC,123.86,1.193,11.6182,12.3856,13.5152,14.9881,1.2552,1.2561,1.4548,1.5713,Normal,50.0
C07135,L4,ASIC,125.78,1.187,12.0811,12.9902,13.4364,14.4344,1.271,1.3432,1.4194,1.5637,Normal,50.0
C07136,L4,ASIC,124.27,1.201,11.2561,11.8907,12.5982,13.1988,1.2212,1.1959,1.3344,1.4081,Normal,50.0
C07137,L4,ADC,124.21,1.783,10.9713,12.1802,14.3352,32.9229,1.1045,1.2474,1.5338,4.0018,Sudden_Anomaly,50.0
C07138,L4,DAC,126.55,1.804,11.7578,13.2628,16.5824,21.1901,1.2226,1.428,1.8273,2.4015,Latent_Defect,50.0
C07139,L4,FPGA,125.71,1.087,11.6201,12.0477,12.2872,13.069,1.1948,1.2335,1.2801,1.3778,Normal,50.0
C07140,L4,ASIC,123.54,1.202,11.215,11.9587,13.3657,14.1832,1.227,1.2521,1.3945,1.4982,Normal,50.0
C07141,L4,ASIC,124.76,1.211,10.8982,12.1727,12.6699,13.2297,1.0975,1.3078,1.3509,1.4393,Normal,50.0
C07142,L4,ADC,125.08,1.801,11.2087,12.5379,15.0516,19.8227,1.188,1.3213,1.6115,2.1742,Latent_Defect,50.0
C07143,L4,FPGA,125.2,1.118,11.4388,12.8471,14.4524,30.3172,1.2381,1.3684,1.4963,3.622,Sudden_Anomaly,50.0
C07144,L4,FPGA,124.64,1.098,11.6221,12.3421,13.0351,14.0414,1.1951,1.3102,1.3956,1.5107,Normal,50.0
C07145,L4,ADC,125.66,1.795,11.9278,12.8783,14.0612,14.8641,1.2117,1.3864,1.4961,1.5932,Normal,50.0
C07146,L4,ASIC,124.06,1.177,12.593,13.42,14.4422,14.5948,1.3554,1.4207,1.5447,1.5564,Normal,50.0
C07147,L4,FPGA,125.95,1.102,11.2517,12.5771,13.4203,14.683,1.1919,1.3254,1.4177,1.5675,Normal,50.0
C07148,L4,ASIC,123.98,1.21,11.1948,12.3104,15.1884,20.8193,1.1375,1.2862,1.6463,2.3345,Latent_Defect,50.0
C07149,L4,ADC,125.24,1.803,11.8247,13.0304,13.3889,14.1944,1.2519,1.4086,1.4384,1.5015,Normal,50.0
C07150,L4,DAC,125.5,1.815,12.5641,13.6744,20.7539,51.6383,1.313,1.4889,2.3208,7.0356,Absolute_Failure,50.0
C07151,L4,ADC,125.11,1.78,12.6765,12.6961,12.7674,12.8828,1.333,1.3402,1.3564,1.3535,High_Stable,50.0
C07152,L4,ADC,124.91,1.837,10.9307,11.6535,11.6918,12.9294,1.1387,1.2426,1.2041,1.3621,Normal,50.0
C07153,L4,DAC,124.15,1.839,12.0761,13.0992,14.0468,14.526,1.2503,1.3602,1.5218,1.5625,Normal,50.0
C07154,L4,FPGA,125.3,1.103,11.1625,11.7827,12.7235,13.6578,1.1645,1.2292,1.3545,1.4541,Normal,50.0
C07155,L4,ASIC,124.66,1.208,11.8182,12.811,15.1834,52.7893,1.1874,1.3376,1.5623,7.2429,Absolute_Failure,50.0
C07156,L4,ASIC,123.73,1.207,11.3187,12.4794,17.588,22.7901,1.2046,1.3107,1.9229,2.5707,Latent_Defect,50.0
C07157,L4,ADC,124.86,1.809,11.4531,12.4763,15.9627,21.5861,1.2037,1.3149,1.7119,2.3786,Latent_Defect,50.0
C07158,L4,DAC,126.51,1.805,11.7398,11.7838,11.7799,12.2782,1.2322,1.2486,1.2394,1.2979,High_Stable,50.0
C07159,L4,ASIC,124.2,1.183,11.7638,11.9479,12.2332,12.6468,1.2212,1.2473,1.3096,1.29,High_Stable,50.0
C07160,L4,DAC,125.44,1.796,12.023,13.1176,14.034,15.4889,1.2766,1.4064,1.5489,1.6571,Normal,50.0
C07161,L4,ASIC,125.01,1.204,11.9479,14.9081,23.5392,53.1367,1.2705,1.6189,2.6774,7.3264,Absolute_Failure,50.0
C07162,L4,ASIC,126.47,1.216,11.006,11.5996,12.0296,12.5938,1.1364,1.201,1.2384,1.3178,Normal,50.0
C07163,L4,ASIC,123.68,1.224,11.1678,12.4263,12.9882,13.533,1.1857,1.3262,1.3329,1.4145,Normal,50.0
C07164,L4,ASIC,125.67,1.194,11.369,12.8775,17.4469,21.424,1.1785,1.3318,1.8669,2.3607,Latent_Defect,50.0
C07165,L4,ASIC,126.66,1.175,11.3444,11.7065,11.7895,12.0545,1.1861,1.2195,1.253,1.293,High_Stable,50.0
C07166,L4,DAC,124.01,1.816,11.9158,12.4698,13.5663,14.3976,1.2481,1.3009,1.4123,1.5682,Normal,50.0
C07167,L4,ASIC,124.63,1.21,11.8478,13.4482,18.2109,23.0407,1.2466,1.4304,1.995,2.6213,Latent_Defect,50.0
C07168,L4,FPGA,124.97,1.134,11.8252,13.534,15.244,19.9184,1.2562,1.3786,1.6132,2.1306,Latent_Defect,50.0
C07169,L4,DAC,125.33,1.781,12.3643,12.9502,14.0342,14.1295,1.2855,1.3979,1.5243,1.5054,Normal,50.0
C07170,L4,ASIC,125.72,1.18,10.6958,12.7319,19.2851,51.487,1.0979,1.3356,2.1663,7.0031,Absolute_Failure,50.0
C07171,L4,DAC,124.46,1.799,11.4226,12.5877,13.2802,15.1829,1.2136,1.2981,1.3911,1.5885,Normal,50.0
C07172,L4,ASIC,125.32,1.166,11.1235,11.8011,13.1483,32.5602,1.1532,1.2632,1.4148,3.913,Sudden_Anomaly,50.0
C07173,L4,FPGA,124.26,1.097,12.1288,13.7714,15.5542,35.6647,1.2732,1.5028,1.6695,4.4472,Sudden_Anomaly,50.0
C07174,L4,ASIC,125.95,1.191,12.3167,12.2539,12.0996,12.7039,1.2762,1.2756,1.2796,1.3349,High_Stable,50.0
C07175,L4,FPGA,124.82,1.122,11.4965,11.7636,12.3896,13.3075,1.1652,1.2491,1.2688,1.4173,Normal,50.0
C07176,L4,FPGA,124.22,1.11,10.6961,11.1793,11.8256,13.4696,1.152,1.1408,1.2305,1.4311,Normal,50.0
C07177,L4,ASIC,125.5,1.221,11.9021,13.0302,13.8144,14.75,1.2106,1.3865,1.4549,1.5905,Normal,50.0
C07178,L4,ASIC,125.19,1.197,11.2306,12.0688,14.743,42.3467,1.1963,1.2707,1.5762,5.4622,Sudden_Anomaly,50.0
C07179,L4,ASIC,123.84,1.216,11.001,12.3089,12.6695,12.9298,1.126,1.2557,1.3318,1.3689,Normal,50.0
C07180,L4,FPGA,124.23,1.106,11.9733,12.4551,13.6367,15.0689,1.2378,1.3222,1.4576,1.6063,Normal,50.0
C07181,L4,ASIC,123.93,1.192,11.0977,11.6587,13.2182,26.8598,1.1437,1.2321,1.3254,3.1469,Sudden_Anomaly,50.0
C07182,L4,FPGA,125.03,1.09,11.6294,12.8632,13.1799,14.9595,1.1878,1.3897,1.3732,1.5685,Normal,50.0
C07183,L4,FPGA,124.35,1.105,11.3394,11.8348,13.0859,14.2949,1.1789,1.213,1.3966,1.5404,Normal,50.0
C07184,L4,ADC,127.12,1.779,11.6485,12.4417,13.4248,14.1248,1.2231,1.3289,1.4112,1.5183,Normal,50.0
C07185,L4,ADC,125.4,1.784,11.8421,12.2887,13.0026,30.9011,1.2274,1.2831,1.3327,3.6765,Sudden_Anomaly,50.0
C07186,L4,DAC,125.3,1.784,11.6462,12.2681,12.2071,14.0187,1.2079,1.2997,1.2523,1.4798,Normal,50.0
C07187,L4,DAC,125.61,1.812,11.723,12.493,12.9882,13.2569,1.1997,1.2908,1.3483,1.382,Normal,50.0
C07188,L4,DAC,124.52,1.8,12.0744,12.5416,12.9784,14.5159,1.2523,1.2974,1.3443,1.5194,Normal,50.0
C07189,L4,DAC,124.68,1.803,11.9956,13.6452,16.0586,19.3512,1.274,1.3834,1.7145,2.1409,Latent_Defect,50.0
C07190,L4,FPGA,124.62,1.103,11.0022,12.6646,16.3342,23.1956,1.1376,1.3624,1.8231,2.6045,Latent_Defect,50.0
C07191,L4,ASIC,124.93,1.17,11.3246,11.8248,12.7686,14.1103,1.2076,1.2562,1.3391,1.5105,Normal,50.0
C07192,L4,ASIC,126.23,1.214,11.5766,12.0002,12.6875,14.0803,1.1987,1.2467,1.3398,1.5341,Normal,50.0
C07193,L4,DAC,123.67,1.785,12.1587,12.9017,13.2133,13.7364,1.2668,1.3454,1.3719,1.4359,Normal,50.0
C07194,L4,FPGA,124.88,1.095,10.7173,11.8867,15.878,52.528,1.0843,1.2447,1.7035,7.196,Absolute_Failure,50.0
C07195,L4,DAC,125.8,1.806,12.433,13.4489,14.6433,40.681,1.2769,1.4417,1.572,5.1886,Sudden_Anomaly,50.0
C07196,L4,DAC,123.86,1.812,12.5561,13.5274,14.0111,15.236,1.3443,1.3542,1.4923,1.6333,Normal,50.0
C07197,L4,FPGA,124.03,1.096,11.6181,13.0909,17.5906,58.7399,1.2187,1.3986,1.9369,8.34,Absolute_Failure,50.0
C07198,L4,ASIC,125.37,1.174,11.7547,11.9913,13.0036,14.6042,1.1759,1.2437,1.3701,1.563,Normal,50.0
C07199,L4,ASIC,124.96,1.202,11.5004,12.3238,15.3645,21.1152,1.198,1.2786,1.6394,2.3557,Latent_Defect,50.0
C07200,L4,FPGA,123.72,1.119,11.6966,12.0552,13.3383,14.0262,1.2306,1.2822,1.42,1.4798,Normal,50.0
C07201,L4,DAC,124.25,1.792,11.6348,11.9598,14.905,55.4739,1.2736,1.2404,1.5957,7.7517,Absolute_Failure,50.0
C07202,L4,ASIC,123.93,1.204,11.0966,11.3623,11.7366,11.9047,1.1793,1.1665,1.2529,1.2578,High_Stable,50.0
C07203,L4,ASIC,125.82,1.216,10.7864,11.509,11.9803,12.264,1.1222,1.2746,1.2757,1.2627,Normal,50.0
C07204,L4,FPGA,126.48,1.096,11.7365,12.5992,12.6618,12.9118,1.2217,1.3417,1.3096,1.3376,Normal,50.0
C07205,L4,ASIC,124.37,1.19,11.2962,11.6801,14.1534,31.7358,1.1755,1.1863,1.4929,3.8665,Sudden_Anomaly,50.0
C07206,L4,FPGA,125.34,1.087,11.9511,12.9435,13.5708,13.8646,1.2484,1.3696,1.4393,1.4676,Normal,50.0
C07207,L4,ASIC,125.06,1.212,11.4688,12.2593,15.2458,52.79,1.2211,1.2772,1.5853,7.2151,Absolute_Failure,50.0
C07208,L4,DAC,125.24,1.788,11.6683,12.7473,13.9757,14.562,1.2202,1.327,1.4888,1.5384,Normal,50.0
C07209,L4,ASIC,124.98,1.195,11.2951,11.7473,12.8955,13.7972,1.1809,1.2062,1.3709,1.4954,Normal,50.0
C07210,L4,ADC,125.06,1.775,11.728,11.9602,13.0454,13.503,1.2842,1.2329,1.3532,1.3952,Normal,50.0
C07211,L4,ADC,124.36,1.808,12.4316,12.5022,13.2024,14.1885,1.3227,1.3166,1.3917,1.5417,Normal,50.0
C07212,L4,FPGA,125.94,1.105,11.462,12.105,12.9131,13.2681,1.2604,1.2719,1.3579,1.378,Normal,50.0
C07213,L4,FPGA,125.56,1.084,10.5804,11.6367,12.0489,12.1799,1.0942,1.2032,1.3016,1.2245,Normal,50.0
C07214,L4,ASIC,124.42,1.197,11.2035,12.0547,14.4923,22.1128,1.1863,1.2621,1.5191,2.5153,Latent_Defect,50.0
C07215,L4,FPGA,124.57,1.084,11.7491,12.8884,13.541,14.3155,1.2476,1.3358,1.4209,1.5457,Normal,50.0
C07216,L4,DAC,126.76,1.793,11.383,12.3126,13.5021,14.7942,1.1666,1.3138,1.4157,1.5631,Normal,50.0
C07217,L4,FPGA,125.19,1.094,11.6157,12.2873,14.689,55.9535,1.182,1.2597,1.5489,7.759,Absolute_Failure,50.0
C07218,L4,FPGA,124.26,1.115,11.646,12.6906,13.0254,13.9526,1.2173,1.3324,1.367,1.4901,Normal,50.0
C07219,L4,FPGA,124.53,1.101,11.5006,11.7212,11.9274,11.7018,1.1804,1.2166,1.2675,1.2091,High_Stable,50.0
C07220,L4,DAC,126.25,1.833,11.8049,14.0226,19.6068,51.5624,1.2597,1.4431,2.1687,7.0129,Absolute_Failure,50.0
C07221,L4,ASIC,124.66,1.219,11.6197,13.0378,16.0983,21.3135,1.2285,1.404,1.7436,2.3806,Latent_Defect,50.0
C07222,L4,ASIC,125.24,1.199,11.0002,11.4278,11.9714,11.7384,1.1216,1.1857,1.2562,1.2273,Normal,50.0
C07223,L4,ADC,125.99,1.807,11.9981,12.408,13.6833,14.7195,1.2934,1.2643,1.4239,1.5991,Normal,50.0
C07224,L4,ADC,126.39,1.792,11.9213,12.7455,13.5225,14.4831,1.2245,1.3637,1.46,1.5676,Normal,50.0
C07225,L4,DAC,124.51,1.789,11.8645,12.9107,17.859,22.5564,1.2538,1.3547,1.9457,2.5752,Latent_Defect,50.0
C07226,L4,ASIC,125.52,1.193,11.6426,12.756,17.1988,61.4169,1.2188,1.3954,1.8986,8.8629,Absolute_Failure,50.0
C07227,L4,ASIC,124.55,1.202,10.8945,11.4894,12.0423,13.3066,1.112,1.1734,1.2547,1.4097,Normal,50.0
C07228,L4,ADC,125.84,1.799,11.6092,12.7045,13.3151,13.9687,1.2448,1.347,1.3976,1.4886,Normal,50.0
C07229,L4,FPGA,124.28,1.098,11.2513,12.2743,12.7676,14.0326,1.1651,1.2454,1.3213,1.5215,Normal,50.0
C07230,L4,ASIC,125.01,1.177,11.293,12.3717,13.2234,14.4305,1.197,1.298,1.383,1.5588,Normal,50.0
C07231,L4,ASIC,125.15,1.207,11.5575,12.655,14.4657,33.7444,1.1884,1.3738,1.6019,4.129,Sudden_Anomaly,50.0
C07232,L4,FPGA,125.14,1.119,11.7112,12.045,13.0955,14.3897,1.2028,1.244,1.3434,1.5169,Normal,50.0
C07233,L4,DAC,125.42,1.803,11.6452,12.0442,12.1533,13.2775,1.1995,1.3283,1.2537,1.4377,Normal,50.0
C07234,L4,ASIC,125.0,1.222,12.4921,12.4945,12.548,12.6833,1.2868,1.3217,1.3444,1.3212,High_Stable,50.0
C07235,L4,FPGA,125.31,1.104,11.9479,13.4503,16.6542,23.4216,1.2603,1.4177,1.8234,2.6473,Latent_Defect,50.0
C07236,L4,ASIC,125.05,1.212,10.4449,12.3391,13.5663,35.084,1.0993,1.2432,1.4387,4.3019,Sudden_Anomaly,50.0
C07237,L4,DAC,125.14,1.806,11.6917,11.9488,12.6627,14.4567,1.2209,1.2583,1.3253,1.522,Normal,50.0
C07238,L4,FPGA,125.91,1.083,11.3159,11.9376,12.8467,13.832,1.2125,1.2187,1.3553,1.4872,Normal,50.0
C07239,L4,ADC,123.9,1.803,11.553,12.581,13.1051,13.756,1.2345,1.3339,1.3379,1.4738,Normal,50.0
C07240,L4,ADC,124.35,1.799,12.0079,12.5581,13.6001,14.0653,1.2871,1.3228,1.459,1.5086,Normal,50.0
C07241,L4,ASIC,123.97,1.201,11.7492,12.4664,13.8876,15.2515,1.2595,1.3425,1.512,1.6678,Normal,50.0
C07242,L4,ADC,125.19,1.802,11.2602,12.6725,19.5263,52.7388,1.1535,1.3497,2.1681,7.2132,Absolute_Failure,50.0
C07243,L4,ADC,122.55,1.758,12.2872,13.0034,13.94,15.1614,1.3125,1.4011,1.4891,1.6027,Normal,50.0
C07244,L4,FPGA,124.9,1.075,11.1389,11.3902,11.5138,11.9308,1.1443,1.2038,1.2191,1.2489,High_Stable,50.0
C07245,L4,FPGA,125.54,1.104,11.2352,11.7907,12.506,13.0281,1.121,1.2157,1.3217,1.4042,Normal,50.0
C07246,L4,ADC,124.72,1.796,12.0566,13.0537,14.1377,15.238,1.2906,1.3668,1.4855,1.6554,Normal,50.0
C07247,L4,ASIC,125.21,1.187,11.3893,12.2748,18.2826,51.0516,1.1989,1.2563,2.0024,6.9517,Absolute_Failure,50.0
C07248,L4,DAC,124.53,1.792,11.8607,12.3849,13.4822,14.8175,1.2255,1.2936,1.4224,1.5541,Normal,50.0
C07249,L4,ADC,124.31,1.814,11.7188,12.6171,12.7529,13.6105,1.2347,1.304,1.3599,1.4728,Normal,50.0
C07250,L4,DAC,126.01,1.788,12.5772,13.3026,13.5675,15.3267,1.3114,1.4318,1.4887,1.6403,Normal,50.0
C07251,L4,ASIC,124.76,1.192,10.5497,11.4471,13.4921,31.717,1.0806,1.2076,1.4278,3.797,Sudden_Anomaly,50.0
C07252,L4,ASIC,124.24,1.195,11.2813,11.8684,12.4691,14.0188,1.165,1.2069,1.3151,1.481,Normal,50.0
C07253,L4,FPGA,124.64,1.085,11.1524,11.8993,12.2243,13.3541,1.147,1.2248,1.2979,1.4254,Normal,50.0
C07254,L4,ADC,124.72,1.795,12.1568,12.7787,15.4858,32.1577,1.2803,1.3452,1.6099,3.9046,Sudden_Anomaly,50.0
C07255,L4,ADC,125.06,1.807,12.1066,13.2694,14.3668,14.8482,1.2545,1.4,1.5125,1.5712,Normal,50.0
C07256,L4,ADC,124.22,1.804,12.1944,12.279,12.3582,12.5035,1.3501,1.2486,1.2963,1.3775,High_Stable,50.0
C07257,L4,DAC,125.33,1.777,11.9983,13.2709,13.7276,15.1499,1.2783,1.3739,1.4755,1.6182,Normal,50.0
C07258,L4,DAC,124.24,1.798,12.1966,12.8554,13.0231,13.5799,1.2802,1.3682,1.4037,1.4521,Normal,50.0
C07259,L4,DAC,125.89,1.797,12.2483,12.6584,15.9829,52.9785,1.2891,1.3503,1.7099,7.2612,Absolute_Failure,50.0
C07260,L4,ASIC,124.87,1.201,10.716,12.1782,15.9516,56.0233,1.1149,1.2771,1.7356,7.7636,Absolute_Failure,50.0
C07261,L4,ADC,125.53,1.79,12.237,13.3903,13.9525,15.1957,1.2951,1.4308,1.4901,1.565,Normal,50.0
C07262,L4,ASIC,122.76,1.207,11.3208,12.1269,12.6453,13.2535,1.1688,1.2576,1.3361,1.3584,Normal,50.0
C07263,L4,ASIC,125.22,1.181,11.4691,12.45,15.7624,20.8433,1.2188,1.3251,1.6447,2.2977,Latent_Defect,50.0
C07264,L4,DAC,126.84,1.812,11.9474,12.6982,13.3745,13.8442,1.2545,1.3745,1.4092,1.4508,Normal,50.0
C07265,L4,DAC,125.41,1.805,12.4393,13.1187,13.8642,15.0366,1.2899,1.3558,1.456,1.5861,Normal,50.0
C07266,L4,ASIC,124.73,1.201,11.9841,12.2435,12.3958,12.2863,1.2502,1.3027,1.3085,1.2701,High_Stable,50.0
C07267,L4,FPGA,123.29,1.12,11.7518,12.7673,15.98,55.9093,1.235,1.2763,1.7586,7.7777,Absolute_Failure,50.0
C07268,L4,DAC,125.5,1.803,12.4516,15.3601,23.8876,52.6937,1.3046,1.6455,2.716,7.2205,Absolute_Failure,50.0
C07269,L4,ASIC,125.81,1.205,11.6217,11.7416,11.7839,11.7974,1.2359,1.1892,1.2478,1.2629,High_Stable,50.0
C07270,L4,ASIC,125.17,1.211,11.4259,11.8033,12.6387,14.0082,1.1587,1.2357,1.3467,1.4859,Normal,50.0
C07271,L4,ASIC,123.95,1.21,12.0965,12.3471,12.47,12.3779,1.2576,1.2962,1.3177,1.3003,High_Stable,50.0
C07272,L4,FPGA,124.21,1.128,11.9028,12.4701,15.4531,55.5857,1.2358,1.3143,1.6444,7.7662,Absolute_Failure,50.0
C07273,L4,FPGA,124.95,1.094,11.416,12.1989,13.0339,13.2727,1.2079,1.2466,1.3521,1.3643,Normal,50.0
C07274,L4,ADC,124.96,1.783,11.7247,12.8244,16.6374,21.1426,1.2205,1.3233,1.7702,2.3215,Latent_Defect,50.0
C07275,L4,FPGA,125.8,1.088,11.31,11.2003,11.5102,11.7349,1.1416,1.1379,1.2094,1.2518,High_Stable,50.0
C07276,L4,FPGA,125.83,1.106,11.198,12.1766,13.1701,13.9162,1.1449,1.2811,1.4047,1.4613,Normal,50.0
C07277,L4,ADC,124.79,1.801,12.0345,13.714,17.8256,23.7908,1.2594,1.4243,1.9353,2.7007,Latent_Defect,50.0
C07278,L4,FPGA,124.68,1.082,12.2154,12.3097,12.4888,12.8645,1.2692,1.2884,1.2975,1.3214,Normal,50.0
C07279,L4,ADC,124.37,1.817,11.8924,12.1957,12.0879,12.14,1.2117,1.2516,1.2981,1.2622,High_Stable,50.0
C07280,L4,FPGA,124.11,1.085,11.3769,12.9659,17.4861,20.8093,1.1514,1.3408,1.9094,2.3484,Latent_Defect,50.0
C07281,L4,FPGA,126.96,1.098,11.5448,12.6046,14.9314,21.6981,1.1909,1.2855,1.6006,2.4866,Latent_Defect,50.0
C07282,L4,ADC,124.16,1.803,11.5287,11.9324,13.2056,14.267,1.2093,1.1981,1.3668,1.5832,Normal,50.0
C07283,L4,ASIC,124.5,1.209,11.6089,11.9822,12.3322,13.2474,1.234,1.2415,1.2763,1.4046,Normal,50.0
C07284,L4,DAC,125.11,1.804,11.982,12.6322,13.5792,14.8033,1.291,1.3491,1.4758,1.5665,Normal,50.0
C07285,L4,ASIC,125.21,1.201,11.6421,12.2949,13.5318,14.6051,1.218,1.3082,1.4921,1.585,Normal,50.0
C07286,L4,ASIC,125.86,1.176,11.1324,12.3426,12.6574,13.58,1.1689,1.3,1.2854,1.4286,Normal,50.0
C07287,L4,ASIC,123.29,1.202,11.1399,12.2732,13.4388,14.7709,1.1627,1.3009,1.4234,1.5996,Normal,50.0
C07288,L4,ADC,124.23,1.798,11.6616,11.5922,11.992,11.9824,1.1757,1.1746,1.2504,1.2293,High_Stable,50.0
C07289,L4,DAC,124.77,1.801,12.1138,12.7102,14.6603,41.7209,1.2725,1.3226,1.598,5.3792,Sudden_Anomaly,50.0
C07290,L4,FPGA,125.03,1.073,11.5287,11.9626,12.4102,13.0942,1.2081,1.3157,1.3343,1.3355,Normal,50.0
C07291,L4,DAC,124.53,1.81,11.7537,12.2467,12.6198,13.8724,1.2601,1.3057,1.3557,1.4209,Normal,50.0
C07292,L4,FPGA,124.46,1.103,11.1314,12.0438,12.85,13.6432,1.1638,1.3034,1.3595,1.4576,Normal,50.0
C07293,L4,ASIC,124.86,1.185,12.0613,12.1121,12.1823,12.4312,1.2854,1.2827,1.2821,1.3092,High_Stable,50.0
C07294,L4,ASIC,125.59,1.199,11.3581,12.7491,16.2937,24.0774,1.2019,1.3728,1.7449,2.7649,Latent_Defect,50.0
C07295,L4,FPGA,125.45,1.074,11.8471,13.0439,14.2215,15.0791,1.226,1.3993,1.5097,1.6253,Normal,50.0
C07296,L4,DAC,124.68,1.778,11.7274,13.1797,14.4661,36.8562,1.2008,1.3894,1.5254,4.5621,Sudden_Anomaly,50.0
C07297,L4,FPGA,124.86,1.091,12.1616,12.8162,13.2273,14.013,1.2631,1.3212,1.3764,1.5233,Normal,50.0
C07298,L4,ASIC,124.44,1.19,11.9927,12.6188,13.6265,32.9474,1.2491,1.3187,1.4845,3.9988,Sudden_Anomaly,50.0
C07299,L4,FPGA,126.81,1.108,11.4383,11.7761,11.9372,13.3136,1.1717,1.2792,1.2288,1.3984,Normal,50.0
C07300,L4,DAC,124.81,1.774,12.1912,12.2011,12.5921,12.8438,1.2987,1.266,1.3477,1.3821,High_Stable,50.0
C07301,L4,ASIC,127.09,1.187,11.1702,11.5497,11.8535,12.655,1.1713,1.1418,1.2307,1.3294,Normal,50.0
C07302,L4,ADC,125.39,1.786,11.83,11.9762,12.2116,12.6406,1.2577,1.2199,1.2633,1.3346,High_Stable,50.0
C07303,L4,FPGA,124.8,1.113,10.9559,11.8616,12.9772,13.6006,1.1375,1.2433,1.3249,1.394,Normal,50.0
C07304,L4,FPGA,126.28,1.096,11.7246,12.3612,13.6723,14.4364,1.1873,1.2959,1.4571,1.5349,Normal,50.0
C07305,L4,FPGA,124.25,1.117,11.5593,11.7619,11.5811,11.5941,1.2243,1.2318,1.225,1.2358,High_Stable,50.0
C07306,L4,DAC,125.1,1.799,12.2146,12.6452,13.1337,14.3889,1.3203,1.3668,1.3531,1.5046,Normal,50.0
C07307,L4,ASIC,124.54,1.219,11.5788,12.1639,12.7791,13.5018,1.1786,1.2365,1.3567,1.4541,Normal,50.0
C07308,L4,FPGA,124.54,1.105,12.1143,12.7872,13.2456,14.707,1.2566,1.3386,1.3831,1.5658,Normal,50.0
C07309,L4,ASIC,125.19,1.208,11.8443,12.0873,12.6473,14.0593,1.2238,1.2276,1.2945,1.4889,Normal,50.0
C07310,L4,ASIC,125.02,1.194,12.1988,12.4164,12.3581,12.879,1.3063,1.3101,1.2912,1.3022,High_Stable,50.0
C07311,L4,DAC,124.72,1.806,12.4935,13.616,17.7809,24.9377,1.3101,1.4218,1.9488,2.8477,Latent_Defect,50.0
C07312,L4,ASIC,125.31,1.202,11.8945,12.4556,12.6262,12.9923,1.2405,1.2787,1.3095,1.3323,Normal,50.0
C07313,L4,ADC,125.66,1.79,11.4489,12.5946,13.4179,14.7044,1.1505,1.3512,1.3785,1.5384,Normal,50.0
C07314,L4,ADC,125.02,1.793,11.8616,12.3657,12.9995,13.5544,1.2738,1.3033,1.3648,1.4209,Normal,50.0
C07315,L4,FPGA,124.17,1.102,11.0071,11.4493,12.3355,12.4031,1.1407,1.1878,1.2999,1.3311,Normal,50.0
C07316,L4,FPGA,125.0,1.1,11.4549,11.9622,13.0085,13.2246,1.1353,1.2741,1.3731,1.4068,Normal,50.0
C07317,L4,DAC,125.72,1.793,11.8187,13.8263,21.2991,55.0675,1.2369,1.4686,2.4189,7.6596,Absolute_Failure,50.0
C07318,L4,DAC,125.41,1.82,11.9999,12.7543,13.234,13.1823,1.2532,1.3617,1.3582,1.4471,Normal,50.0
C07319,L4,ADC,124.98,1.824,11.8109,12.607,12.8171,13.7939,1.2716,1.2795,1.3918,1.4429,Normal,50.0
C07320,L4,ASIC,124.83,1.197,11.1605,11.8139,13.3628,14.0459,1.1573,1.224,1.4419,1.4943,Normal,50.0
C07321,L4,DAC,125.5,1.81,12.1971,12.8409,13.422,14.4326,1.2338,1.3478,1.401,1.5219,Normal,50.0
C07322,L4,ADC,125.24,1.788,12.1572,13.964,16.5843,23.6564,1.2952,1.4968,1.8069,2.7206,Latent_Defect,50.0
C07323,L4,FPGA,126.03,1.114,11.6897,12.3251,14.3168,57.1308,1.2285,1.3033,1.5129,7.9957,Absolute_Failure,50.0
C07324,L4,ASIC,125.58,1.219,11.7947,13.3607,19.251,58.1629,1.2255,1.3908,2.1247,8.2328,Absolute_Failure,50.0
C07325,L4,ASIC,125.1,1.158,11.1648,11.7182,12.9603,39.9414,1.1504,1.2242,1.3674,5.0229,Sudden_Anomaly,50.0
C07326,L4,DAC,124.73,1.799,11.398,12.3998,14.4169,29.8098,1.16,1.3239,1.5444,3.5349,Sudden_Anomaly,50.0
C07327,L4,FPGA,126.24,1.096,11.653,13.4617,17.6011,25.0781,1.2088,1.4301,1.8859,2.8639,Latent_Defect,50.0
C07328,L4,ASIC,124.55,1.184,11.8905,11.9294,11.9007,11.9652,1.2056,1.2714,1.2363,1.2651,High_Stable,50.0
C07329,L4,ADC,125.19,1.797,12.1244,13.5317,14.9461,38.8642,1.247,1.4413,1.5865,4.8873,Sudden_Anomaly,50.0
C07330,L4,FPGA,124.32,1.102,11.5369,12.3485,16.6787,24.1336,1.2186,1.3119,1.784,2.7309,Latent_Defect,50.0
C07331,L4,FPGA,125.45,1.129,11.2444,12.1494,12.9728,14.1018,1.1586,1.2419,1.3974,1.5002,Normal,50.0
C07332,L4,ADC,125.27,1.799,11.8756,12.7456,14.2478,35.7056,1.1905,1.3476,1.4876,4.4059,Sudden_Anomaly,50.0
C07333,L4,ADC,124.52,1.797,11.3211,12.8524,17.0506,21.7412,1.1325,1.3607,1.8682,2.4307,Latent_Defect,50.0
C07334,L4,FPGA,124.29,1.082,11.1946,11.5612,12.2956,13.8433,1.1332,1.1723,1.2884,1.4746,Normal,50.0
C07335,L4,ASIC,126.96,1.19,11.5993,11.781,12.8339,14.075,1.2361,1.2314,1.3546,1.4547,Normal,50.0
C07336,L4,ASIC,125.67,1.232,12.0518,12.8505,13.2978,14.5804,1.2399,1.3636,1.4173,1.5347,Normal,50.0
C07337,L4,ASIC,124.97,1.203,11.8949,12.7954,13.7058,15.0232,1.2221,1.3615,1.4669,1.6372,Normal,50.0
C07338,L4,FPGA,125.6,1.095,12.0658,13.5278,16.542,24.0747,1.3053,1.4214,1.7963,2.7493,Latent_Defect,50.0
C07339,L4,DAC,124.7,1.778,12.0785,13.0168,13.6638,14.5485,1.2506,1.3541,1.4666,1.546,Normal,50.0
C07340,L4,DAC,125.61,1.782,12.1357,12.5942,12.8577,13.3931,1.301,1.3398,1.3404,1.4214,Normal,50.0
C07341,L4,ASIC,124.27,1.207,11.5411,12.0199,12.8199,13.5944,1.1706,1.2898,1.3488,1.4336,Normal,50.0
C07342,L4,ADC,126.5,1.769,11.7489,12.6901,13.8071,14.6918,1.2047,1.2886,1.4606,1.5717,Normal,50.0
C07343,L4,ASIC,125.18,1.201,11.7286,12.6409,13.1488,13.8865,1.2645,1.3537,1.4388,1.5074,Normal,50.0
C07344,L4,ADC,123.83,1.807,12.1178,13.4796,17.816,53.884,1.2897,1.4394,1.9216,7.4553,Absolute_Failure,50.0
C07345,L4,ASIC,125.06,1.171,11.1765,12.2618,13.008,14.2948,1.153,1.3177,1.3471,1.5489,Normal,50.0
C07346,L4,ASIC,125.7,1.209,11.6764,11.8803,11.8357,11.9834,1.2012,1.2417,1.2369,1.2618,High_Stable,50.0
C07347,L4,FPGA,125.59,1.079,11.1724,13.8292,22.1481,53.8506,1.1246,1.4894,2.4979,7.4763,Absolute_Failure,50.0
C07348,L4,ADC,125.03,1.813,11.2849,11.7587,12.0598,13.0329,1.1568,1.2447,1.2624,1.3654,Normal,50.0
C07349,L4,ASIC,125.76,1.208,12.1228,12.854,13.3342,14.9509,1.2912,1.3645,1.384,1.6241,Normal,50.0
C07350,L4,FPGA,125.97,1.104,11.533,12.7297,15.0803,34.2195,1.1903,1.3115,1.6879,4.1836,Sudden_Anomaly,50.0
C07351,L4,ASIC,125.12,1.167,10.967,11.8572,12.5021,13.7777,1.1233,1.1806,1.3316,1.4892,Normal,50.0
C07352,L4,ASIC,123.82,1.194,11.0068,11.8892,12.2293,12.8831,1.1422,1.272,1.276,1.3904,Normal,50.0
C07353,L4,FPGA,127.14,1.079,12.111,12.0794,12.2393,12.4688,1.2633,1.2509,1.2871,1.3484,High_Stable,50.0
C07354,L4,ADC,124.63,1.785,12.1212,12.8211,14.2811,31.3114,1.2853,1.3531,1.5479,3.7482,Sudden_Anomaly,50.0
C07355,L4,ASIC,124.94,1.206,11.4185,12.2998,14.4576,39.8599,1.2457,1.294,1.5571,5.0533,Sudden_Anomaly,50.0
C07356,L4,DAC,125.02,1.83,12.0699,13.1481,13.197,14.6859,1.2494,1.4044,1.337,1.5478,Normal,50.0
C07357,L4,DAC,125.44,1.825,12.0399,12.4249,12.7584,12.8696,1.1796,1.2878,1.3381,1.3348,High_Stable,50.0
C07358,L4,DAC,125.75,1.782,12.204,12.45,12.6066,13.0385,1.3392,1.2877,1.3361,1.3946,High_Stable,50.0
C07359,L4,ASIC,123.73,1.174,11.1036,12.2,15.6934,20.6863,1.1622,1.3163,1.6818,2.3226,Latent_Defect,50.0
C07360,L4,FPGA,124.4,1.108,11.4409,12.1452,12.2533,13.4352,1.1975,1.2778,1.2591,1.4129,Normal,50.0
C07361,L4,FPGA,125.58,1.114,11.1483,12.2641,13.447,14.0213,1.1263,1.2998,1.4469,1.4837,Normal,50.0
C07362,L4,FPGA,125.04,1.075,11.026,12.0873,13.3592,14.6555,1.1401,1.2686,1.4155,1.5546,Normal,50.0
C07363,L4,FPGA,124.33,1.086,11.7853,12.9639,15.8121,22.4212,1.2312,1.3639,1.733,2.5212,Latent_Defect,50.0
C07364,L4,ASIC,124.69,1.207,11.4847,11.9317,12.5758,14.0276,1.1725,1.2415,1.3696,1.4681,Normal,50.0
C07365,L4,DAC,126.43,1.795,12.0929,12.6601,13.3997,13.4118,1.2726,1.3155,1.418,1.3764,Normal,50.0
C07366,L4,ADC,124.95,1.815,11.5635,12.08,13.142,13.486,1.2023,1.2554,1.3726,1.4495,Normal,50.0
C07367,L4,ASIC,124.0,1.2,12.6013,14.0725,18.1693,23.273,1.3332,1.4749,1.9793,2.6648,Latent_Defect,50.0
C07368,L4,DAC,125.38,1.798,12.7389,13.6691,14.4245,15.3674,1.3391,1.4425,1.5304,1.6601,Normal,50.0
C07369,L4,FPGA,125.47,1.108,11.7365,12.5794,13.4676,13.9886,1.2528,1.3746,1.414,1.5008,Normal,50.0
C07370,L4,ADC,126.3,1.796,11.7226,12.3781,13.6423,15.3188,1.2253,1.3578,1.4586,1.6602,Normal,50.0
C07371,L4,FPGA,126.17,1.108,11.0805,11.9847,12.8115,30.708,1.1476,1.2526,1.3573,3.6467,Sudden_Anomaly,50.0
C07372,L4,ASIC,124.53,1.209,11.3561,12.0728,13.6961,31.8646,1.1921,1.3007,1.4019,3.824,Sudden_Anomaly,50.0
C07373,L4,FPGA,125.73,1.097,11.4965,12.4947,13.0444,13.9841,1.1841,1.2985,1.4037,1.5199,Normal,50.0
C07374,L4,ADC,125.79,1.804,11.6253,12.5814,13.0876,14.2175,1.2008,1.3114,1.3469,1.5426,Normal,50.0
C07375,L4,ASIC,123.66,1.209,10.908,12.6777,17.8264,24.4914,1.1699,1.3308,1.9644,2.7639,Latent_Defect,50.0
C07376,L4,ADC,123.92,1.795,11.5902,12.0302,12.9449,13.1852,1.1948,1.265,1.3763,1.376,Normal,50.0
C07377,L4,ASIC,123.38,1.214,10.8607,11.6689,11.7161,12.7419,1.1962,1.2079,1.2395,1.3592,Normal,50.0
C07378,L4,FPGA,125.69,1.081,11.254,12.2325,13.0857,15.0559,1.1959,1.2454,1.3634,1.655,Normal,50.0
C07379,L4,DAC,125.31,1.792,12.0979,12.898,13.5856,14.926,1.2523,1.3196,1.4183,1.5722,Normal,50.0
C07380,L4,FPGA,125.33,1.111,11.3396,11.4941,12.1452,12.408,1.1732,1.208,1.2281,1.3119,Normal,50.0
C07381,L4,ASIC,125.35,1.207,11.4657,13.2915,21.114,53.2915,1.2142,1.4135,2.3372,7.3717,Absolute_Failure,50.0
C07382,L4,ASIC,125.37,1.216,11.5593,11.9253,12.7052,13.5006,1.1597,1.2792,1.3159,1.4508,Normal,50.0
C07383,L4,FPGA,125.66,1.097,11.1974,12.1467,13.3613,14.4765,1.1794,1.2619,1.4255,1.5273,Normal,50.0
C07384,L4,FPGA,124.94,1.093,11.7814,12.3801,13.4721,14.2671,1.2144,1.2942,1.4111,1.5193,Normal,50.0
C07385,L4,FPGA,126.28,1.147,12.0641,14.1368,18.2143,22.2804,1.2711,1.4926,2.0493,2.5241,Latent_Defect,50.0
C07386,L4,ADC,125.05,1.805,11.9045,12.9322,14.0558,14.7836,1.2069,1.3305,1.4864,1.5733,Normal,50.0
C07387,L4,ADC,124.39,1.778,11.7304,13.2148,13.9541,14.8772,1.2151,1.3671,1.4723,1.5849,Normal,50.0
C07388,L4,ADC,124.02,1.831,13.0704,13.1734,13.5981,13.5539,1.3321,1.3849,1.4344,1.4289,High_Stable,50.0
C07389,L4,ASIC,125.23,1.223,10.6843,11.5961,12.3293,13.9091,1.1215,1.2366,1.281,1.4942,Normal,50.0
C07390,L4,ASIC,123.78,1.213,12.2778,12.4441,12.548,12.5717,1.2968,1.307,1.3046,1.3334,High_Stable,50.0
C07391,L4,DAC,124.44,1.8,11.8295,12.5301,13.1365,14.1424,1.2394,1.2925,1.3764,1.499,Normal,50.0
C07392,L4,ADC,124.38,1.823,11.891,12.5091,13.5486,37.6165,1.269,1.3053,1.4368,4.7099,Sudden_Anomaly,50.0
C07393,L4,FPGA,124.72,1.1,11.2819,13.5765,22.7538,57.5817,1.158,1.4564,2.565,8.1138,Absolute_Failure,50.0
C07394,L4,FPGA,125.31,1.092,11.5049,12.4212,13.5843,40.0243,1.1372,1.3517,1.4925,5.0889,Sudden_Anomaly,50.0
C07395,L4,FPGA,125.7,1.08,12.1842,12.1489,12.1965,12.3698,1.263,1.2379,1.2788,1.2981,High_Stable,50.0
C07396,L4,FPGA,126.67,1.128,11.8811,12.2513,13.7299,26.5703,1.2339,1.259,1.4548,3.0792,Sudden_Anomaly,50.0
C07397,L4,ADC,124.62,1.8,11.5862,12.6268,12.9958,14.015,1.1999,1.3517,1.3706,1.5103,Normal,50.0
C07398,L4,ASIC,126.3,1.205,11.6981,12.9055,13.038,13.8146,1.2722,1.3316,1.3413,1.4826,Normal,50.0
C07399,L4,ASIC,126.1,1.178,11.6404,12.0873,12.598,13.2325,1.2238,1.2557,1.3035,1.4002,Normal,50.0
C07400,L4,ASIC,125.19,1.2,11.7256,11.8087,11.7221,12.071,1.2126,1.2344,1.2047,1.2591,High_Stable,50.0
C07401,L4,ASIC,125.38,1.196,11.2777,12.4037,13.2206,13.4102,1.1996,1.2917,1.376,1.4164,Normal,50.0
C07402,L4,ADC,124.38,1.81,12.6919,12.7285,12.6631,12.9142,1.3328,1.3567,1.3399,1.3164,High_Stable,50.0
C07403,L4,ADC,124.31,1.827,12.3801,13.1071,13.0478,14.6944,1.2757,1.4126,1.3574,1.5947,Normal,50.0
C07404,L4,ASIC,125.7,1.211,11.9157,12.8222,13.528,14.4687,1.2793,1.3527,1.446,1.5867,Normal,50.0
C07405,L4,DAC,125.31,1.789,11.8049,13.0866,13.6526,14.9518,1.1966,1.3911,1.4368,1.6568,Normal,50.0
C07406,L4,ADC,126.0,1.804,12.0459,13.1718,14.4001,15.2548,1.2481,1.3628,1.5557,1.6513,Normal,50.0
C07407,L4,ASIC,124.69,1.176,11.4486,11.6323,11.9042,11.8672,1.1813,1.2149,1.1995,1.2346,High_Stable,50.0
C07408,L4,ADC,124.64,1.791,11.6257,12.7668,12.9183,14.6332,1.1814,1.3692,1.3749,1.565,Normal,50.0
C07409,L4,ADC,122.8,1.798,11.5683,12.2786,12.476,13.1089,1.2071,1.3109,1.3543,1.339,Normal,50.0
C07410,L4,ADC,125.34,1.805,12.4054,13.1522,13.6296,13.9369,1.2992,1.4018,1.4492,1.5229,Normal,50.0
C07411,L4,DAC,124.7,1.805,11.2514,12.5071,17.0536,23.5291,1.1525,1.343,1.8253,2.6751,Latent_Defect,50.0
C07412,L4,ASIC,125.22,1.194,12.0309,12.4063,13.4148,13.8464,1.2303,1.3377,1.4257,1.4434,Normal,50.0
C07413,L4,ASIC,123.54,1.205,10.8358,11.7737,12.4406,13.8004,1.148,1.1973,1.3209,1.4588,Normal,50.0
C07414,L4,ASIC,124.7,1.21,11.4468,12.1885,13.0988,13.8571,1.2209,1.2725,1.3918,1.5194,Normal,50.0
C07415,L4,ADC,125.34,1.798,11.0301,12.5143,16.3181,24.1241,1.136,1.3221,1.7613,2.7495,Latent_Defect,50.0
C07416,L4,DAC,124.86,1.788,11.7679,12.8716,13.5519,14.0282,1.2482,1.347,1.4617,1.4879,Normal,50.0
C07417,L4,FPGA,125.65,1.075,10.9738,11.9213,12.7511,13.7686,1.1108,1.28,1.3759,1.4571,Normal,50.0
C07418,L4,ASIC,124.63,1.194,11.9486,12.5516,13.3168,13.721,1.2452,1.3366,1.3982,1.4552,Normal,50.0
C07419,L4,ADC,124.84,1.766,11.9084,12.9883,20.5428,54.3893,1.2197,1.3702,2.328,7.5821,Absolute_Failure,50.0
C07420,L4,FPGA,126.12,1.077,11.8888,12.8964,14.112,15.5379,1.2632,1.3755,1.5014,1.6936,Normal,50.0
C07421,L4,ASIC,125.0,1.179,11.4858,12.184,13.1938,14.16,1.1719,1.3058,1.4071,1.5193,Normal,50.0
C07422,L4,FPGA,125.68,1.093,11.0868,11.4854,12.6516,14.2198,1.1704,1.2129,1.3558,1.5107,Normal,50.0
C07423,L4,ASIC,125.26,1.208,11.7932,12.981,13.7513,15.3243,1.1901,1.3576,1.4396,1.6601,Normal,50.0
C07424,L4,FPGA,124.49,1.097,11.2932,12.3511,14.4992,28.1824,1.1212,1.2838,1.5538,3.2862,Sudden_Anomaly,50.0
C07425,L4,ADC,124.93,1.798,11.2356,14.0826,21.6617,54.998,1.1906,1.5123,2.4423,7.6451,Absolute_Failure,50.0
C07426,L4,ASIC,124.84,1.201,11.4543,13.375,22.8035,55.4539,1.1922,1.399,2.6,7.7138,Absolute_Failure,50.0
C07427,L4,ASIC,123.63,1.22,11.2389,12.1048,12.7522,12.9333,1.1935,1.2697,1.2898,1.3777,Normal,50.0
C07428,L4,FPGA,125.37,1.11,11.983,13.4842,17.7549,53.867,1.2765,1.4195,1.912,7.4734,Absolute_Failure,50.0
C07429,L4,ADC,125.61,1.782,11.9617,13.0075,13.8391,14.3963,1.3197,1.3452,1.4681,1.5136,Normal,50.0
C07430,L4,ADC,123.34,1.782,11.2985,12.2152,12.5426,13.9629,1.2004,1.2498,1.2966,1.464,Normal,50.0
C07431,L4,FPGA,125.13,1.102,11.7167,13.1243,20.0861,55.7729,1.209,1.4133,2.2579,7.7537,Absolute_Failure,50.0
C07432,L4,DAC,125.06,1.797,12.4712,13.6268,14.125,14.4959,1.277,1.4452,1.5115,1.5347,Normal,50.0
C07433,L4,DAC,125.23,1.8,12.0298,13.154,19.3703,51.0806,1.2381,1.3956,2.0968,6.9215,Absolute_Failure,50.0
C07434,L4,ASIC,124.86,1.208,11.5938,12.104,12.917,13.6105,1.1689,1.2679,1.3839,1.43,Normal,50.0
C07435,L4,DAC,125.36,1.774,12.2254,12.431,12.5785,13.1298,1.2935,1.2922,1.333,1.3649,Normal,50.0
C07436,L4,ADC,124.9,1.806,11.5384,11.6474,11.8691,12.2683,1.2065,1.2341,1.2312,1.2577,High_Stable,50.0
C07437,L4,ASIC,124.12,1.19,11.3265,12.1021,14.1878,38.567,1.1705,1.2507,1.5119,4.8817,Sudden_Anomaly,50.0
C07438,L4,ADC,124.68,1.811,11.7197,12.3745,14.3058,40.7685,1.2122,1.2849,1.52,5.2036,Sudden_Anomaly,50.0
C07439,L4,FPGA,124.64,1.074,11.7476,12.6292,13.5097,13.6864,1.2037,1.3088,1.4129,1.5071,Normal,50.0
C07440,L4,ASIC,123.42,1.215,11.667,12.437,13.2103,14.8981,1.2078,1.3101,1.4236,1.6052,Normal,50.0
C07441,L4,DAC,127.04,1.793,11.4813,11.9241,12.2104,12.6645,1.1817,1.239,1.2423,1.3656,Normal,50.0
C07442,L4,FPGA,124.82,1.096,11.9013,12.6316,12.9391,13.7882,1.239,1.3241,1.3471,1.4681,Normal,50.0
C07443,L4,FPGA,124.83,1.103,12.2521,12.7481,12.9448,13.7579,1.276,1.3579,1.3589,1.4785,Normal,50.0
C07444,L4,DAC,124.04,1.776,11.9165,12.9631,13.8793,15.0115,1.251,1.4135,1.4642,1.5839,Normal,50.0
C07445,L4,ASIC,123.59,1.23,11.8537,12.6028,13.413,13.9854,1.2792,1.3431,1.4147,1.484,Normal,50.0
C07446,L4,FPGA,124.34,1.097,11.7341,12.2123,12.8771,13.6438,1.2066,1.2361,1.3554,1.4681,Normal,50.0
C07447,L4,ADC,124.83,1.821,11.3872,12.4874,13.5807,14.3128,1.1671,1.284,1.45,1.5305,Normal,50.0
C07448,L4,ASIC,125.42,1.202,11.0407,11.7815,12.5371,12.9113,1.1622,1.2221,1.3249,1.3383,Normal,50.0
C07449,L4,ASIC,125.43,1.18,12.0367,11.9786,12.1773,12.1429,1.2796,1.2284,1.2766,1.2736,High_Stable,50.0
C07450,L4,FPGA,125.77,1.084,11.2771,12.4602,15.3507,55.4117,1.1468,1.3295,1.663,7.6997,Absolute_Failure,50.0
C07451,L4,FPGA,125.19,1.097,11.4554,11.4463,11.6,11.6919,1.2155,1.1999,1.1958,1.2478,High_Stable,50.0
C07452,L4,ASIC,125.22,1.188,11.4214,11.5408,11.8547,12.5837,1.1644,1.2247,1.251,1.3002,Normal,50.0
C07453,L4,ADC,123.83,1.832,11.5223,12.2714,12.5787,12.9293,1.1926,1.2594,1.3294,1.358,Normal,50.0
C07454,L4,ADC,123.82,1.805,12.0038,12.432,13.6879,14.7205,1.2906,1.3222,1.4453,1.6117,Normal,50.0
C07455,L4,ASIC,124.77,1.213,11.0184,11.891,12.7815,12.8854,1.1699,1.2469,1.3472,1.322,Normal,50.0
C07456,L4,ADC,124.26,1.792,11.5052,12.1569,13.2164,14.6045,1.2068,1.2966,1.4021,1.5963,Normal,50.0
C07457,L4,DAC,125.11,1.834,11.8123,12.8238,13.1177,13.5529,1.2098,1.3423,1.4098,1.4309,Normal,50.0
C07458,L4,FPGA,123.72,1.095,11.5701,13.6462,19.7045,58.1195,1.2116,1.4321,2.2008,8.2179,Absolute_Failure,50.0
C07459,L4,FPGA,126.37,1.105,11.8445,12.8325,15.3473,42.6225,1.2012,1.3202,1.6791,5.5235,Sudden_Anomaly,50.0
C07460,L4,DAC,124.58,1.787,12.3066,13.2465,14.0588,15.3764,1.3031,1.376,1.4746,1.6763,Normal,50.0
C07461,L4,ADC,123.95,1.783,11.9422,13.4981,22.8602,54.1623,1.2929,1.4028,2.5962,7.4796,Absolute_Failure,50.0
C07462,L4,DAC,126.05,1.815,12.2023,13.5953,15.8447,21.516,1.3044,1.4714,1.7208,2.4181,Latent_Defect,50.0
C07463,L4,FPGA,124.98,1.105,11.1841,12.1629,12.269,12.5748,1.1445,1.2713,1.2786,1.3269,Normal,50.0
C07464,L4,ASIC,125.22,1.184,11.3541,12.1642,12.8932,14.3556,1.1824,1.2763,1.3501,1.491,Normal,50.0
C07465,L4,FPGA,125.87,1.058,11.5446,12.0709,12.5033,13.3835,1.1619,1.2762,1.3046,1.4021,Normal,50.0
C07466,L4,ADC,124.86,1.797,11.3857,11.6999,12.7186,13.8016,1.1629,1.2005,1.3517,1.4495,Normal,50.0
C07467,L4,ADC,125.06,1.776,11.5286,12.4665,13.0666,13.8406,1.2227,1.3291,1.3736,1.4072,Normal,50.0
C07468,L4,ASIC,123.76,1.204,11.0136,12.6998,13.5687,36.2937,1.1074,1.3327,1.4183,4.4993,Sudden_Anomaly,50.0
C07469,L4,ADC,124.17,1.814,11.7309,12.698,13.2063,14.3061,1.2607,1.3702,1.3739,1.5195,Normal,50.0
C07470,L4,FPGA,124.24,1.09,11.0865,12.7041,18.668,53.8138,1.1576,1.3665,2.0307,7.4522,Absolute_Failure,50.0
C07471,L4,FPGA,124.72,1.075,11.9013,14.3987,22.793,61.4044,1.2431,1.5405,2.5868,8.867,Absolute_Failure,50.0
C07472,L4,ADC,124.33,1.805,12.0997,12.5022,13.4868,14.1489,1.2753,1.3033,1.4146,1.561,Normal,50.0
C07473,L4,FPGA,126.12,1.097,11.5229,13.3644,15.8648,20.1282,1.2043,1.3675,1.7708,2.2458,Latent_Defect,50.0
C07474,L4,ADC,123.33,1.812,12.3817,12.9285,13.7502,14.4182,1.2551,1.3483,1.4649,1.5579,Normal,50.0
C07475,L4,FPGA,124.5,1.112,10.8032,12.0308,12.8373,14.2108,1.1074,1.2485,1.3492,1.5264,Normal,50.0
C07476,L4,DAC,123.74,1.802,12.2874,12.4274,13.4884,14.6533,1.2952,1.304,1.3975,1.5466,Normal,50.0
C07477,L4,FPGA,125.1,1.091,11.9671,12.7375,12.803,13.3443,1.2236,1.2924,1.3371,1.4123,Normal,50.0
C07478,L4,FPGA,124.51,1.082,11.4294,12.4083,13.1762,13.6116,1.247,1.2963,1.3473,1.4583,Normal,50.0
C07479,L4,FPGA,125.56,1.099,11.2134,11.6563,12.6587,13.0429,1.1631,1.2273,1.3605,1.3944,Normal,50.0
C07480,L4,FPGA,125.34,1.083,12.6578,12.6609,12.6964,12.6231,1.3048,1.3148,1.3509,1.3026,High_Stable,50.0
C07481,L4,ADC,125.39,1.798,11.8337,12.5599,12.8464,14.3006,1.2281,1.3277,1.3445,1.5523,Normal,50.0
C07482,L4,DAC,124.62,1.811,12.345,13.0803,13.51,14.357,1.295,1.4009,1.4371,1.5171,Normal,50.0
C07483,L4,ASIC,125.17,1.209,11.3148,11.7752,12.391,12.6475,1.1876,1.2151,1.3249,1.3094,Normal,50.0
C07484,L4,FPGA,125.51,1.1,11.7406,12.0354,12.2878,12.6696,1.2355,1.2765,1.3369,1.3161,High_Stable,50.0
C07485,L4,FPGA,126.77,1.102,11.3613,11.7668,12.0837,13.2933,1.1787,1.2559,1.2487,1.4514,Normal,50.0
C07486,L4,FPGA,125.39,1.115,11.8558,13.084,13.8689,40.3917,1.2943,1.3701,1.4902,5.1283,Sudden_Anomaly,50.0
C07487,L4,FPGA,124.89,1.126,11.4485,12.4201,13.1419,14.508,1.1901,1.2704,1.3931,1.5158,Normal,50.0
C07488,L4,FPGA,125.87,1.065,11.8171,13.0696,17.6893,23.8914,1.2898,1.354,1.9333,2.742,Latent_Defect,50.0
C07489,L4,ADC,124.61,1.775,11.2023,11.7871,12.5896,34.3612,1.1786,1.2004,1.2959,4.2203,Sudden_Anomaly,50.0
C07490,L4,ASIC,124.35,1.213,11.4943,12.4806,13.1509,13.6867,1.2107,1.3131,1.4578,1.4371,Normal,50.0
C07491,L4,ASIC,123.59,1.204,11.8793,12.3231,12.3927,12.8113,1.2449,1.3029,1.2388,1.3183,High_Stable,50.0
C07492,L4,FPGA,126.24,1.092,11.5326,11.4744,11.4593,11.4253,1.1959,1.2269,1.1859,1.1611,High_Stable,50.0
C07493,L4,DAC,124.85,1.797,12.1455,12.5827,13.4206,14.5838,1.3,1.3417,1.4494,1.582,Normal,50.0
C07494,L4,FPGA,125.74,1.103,11.2851,12.3102,12.9448,13.9122,1.1339,1.3481,1.39,1.4991,Normal,50.0
C07495,L4,FPGA,126.09,1.104,11.7032,13.6025,22.4243,56.8405,1.2329,1.4317,2.4596,7.9701,Absolute_Failure,50.0
C07496,L4,ADC,124.74,1.827,11.2839,12.3175,16.5772,20.7192,1.1574,1.3253,1.7678,2.3585,Latent_Defect,50.0
C07497,L4,ASIC,125.33,1.186,12.0086,12.554,13.2252,13.8782,1.2161,1.3416,1.4584,1.5032,Normal,50.0
C07498,L4,DAC,124.14,1.805,12.0578,12.7457,13.2541,14.1982,1.2498,1.3387,1.3743,1.5141,Normal,50.0
C07499,L4,ADC,124.34,1.8,12.2587,12.936,14.093,15.305,1.3374,1.3505,1.4687,1.6694,Normal,50.0
C07500,L4,FPGA,125.75,1.095,11.6297,12.0379,13.1311,13.8206,1.2201,1.2866,1.3972,1.4695,Normal,50.0
C07501,L4,DAC,125.47,1.786,12.2571,12.7799,13.5055,14.1934,1.3013,1.3627,1.4459,1.5541,Normal,50.0
C07502,L4,FPGA,125.84,1.066,11.7443,12.6847,15.5721,22.5334,1.2588,1.3394,1.6691,2.5449,Latent_Defect,50.0
C07503,L4,ASIC,126.18,1.196,11.3147,11.7496,12.3661,13.0256,1.1755,1.2171,1.2545,1.3638,Normal,50.0
C07504,L4,ASIC,124.86,1.192,11.2458,12.382,13.553,14.4052,1.1503,1.3218,1.4377,1.4968,Normal,50.0
C07505,L4,ADC,125.08,1.821,12.3951,13.7965,17.7442,24.8835,1.3383,1.4733,1.9424,2.8816,Latent_Defect,50.0
C07506,L4,FPGA,125.01,1.103,11.526,12.541,12.662,13.095,1.1618,1.2836,1.3141,1.4185,Normal,50.0
C07507,L4,DAC,123.74,1.793,13.0551,13.1468,13.2481,13.0508,1.3975,1.3969,1.4051,1.3649,High_Stable,50.0
C07508,L4,ADC,125.25,1.791,12.2008,13.6682,22.4536,58.1248,1.3056,1.4486,2.5108,8.2547,Absolute_Failure,50.0
C07509,L4,ADC,124.07,1.799,11.6429,12.6715,13.4547,13.5855,1.1815,1.3181,1.4149,1.4572,Normal,50.0
C07510,L4,DAC,125.86,1.793,11.5504,12.5907,16.5134,20.0059,1.2097,1.3285,1.8306,2.2209,Latent_Defect,50.0
C07511,L4,ASIC,124.83,1.181,11.5406,11.973,12.3756,12.8784,1.2106,1.3119,1.3207,1.3723,Normal,50.0
C07512,L4,DAC,124.62,1.809,11.9773,12.2952,13.2722,13.964,1.2549,1.3019,1.4095,1.5413,Normal,50.0
C07513,L4,ASIC,125.36,1.192,10.9158,12.9937,18.1313,23.3254,1.1039,1.3911,2.0003,2.675,Latent_Defect,50.0
C07514,L4,FPGA,125.38,1.089,11.5522,11.949,13.7459,32.3333,1.2327,1.231,1.4578,3.8881,Sudden_Anomaly,50.0
C07515,L4,ADC,123.44,1.77,11.8938,12.5808,12.7974,14.1669,1.2536,1.3125,1.3438,1.4793,Normal,50.0
C07516,L4,ASIC,124.19,1.2,10.7312,11.8196,12.3218,13.2942,1.1192,1.1945,1.2776,1.388,Normal,50.0
C07517,L4,ASIC,123.83,1.203,11.6144,12.8598,13.787,14.333,1.2074,1.321,1.4584,1.4546,Normal,50.0
C07518,L4,ADC,124.22,1.804,12.3617,12.4676,12.5794,12.57,1.3168,1.3078,1.3274,1.3157,High_Stable,50.0
C07519,L4,ASIC,124.63,1.217,10.8758,11.5127,12.5515,13.0219,1.1586,1.2009,1.3241,1.4159,Normal,50.0
C07520,L4,DAC,122.05,1.784,12.1379,13.2499,16.1941,23.9229,1.2646,1.4088,1.7897,2.7236,Latent_Defect,50.0
C07521,L4,DAC,125.35,1.801,11.8815,14.8293,19.7905,52.2354,1.2578,1.5815,2.2424,7.1263,Absolute_Failure,50.0
C07522,L4,ASIC,124.46,1.208,11.755,11.7685,12.1869,12.2417,1.1797,1.1858,1.2916,1.26,High_Stable,50.0
C07523,L4,ADC,124.52,1.819,12.0021,12.1601,13.0122,13.6006,1.2768,1.2683,1.3854,1.4812,Normal,50.0
C07524,L4,FPGA,125.18,1.11,11.1591,11.5747,12.4253,13.6017,1.1627,1.215,1.3113,1.4537,Normal,50.0
C07525,L4,ADC,125.08,1.805,11.9929,12.7286,13.7972,14.2274,1.2534,1.3348,1.4736,1.5062,Normal,50.0
C07526,L4,ASIC,124.96,1.173,11.4152,13.076,15.638,20.3927,1.1748,1.3364,1.6682,2.2192,Latent_Defect,50.0
C07527,L4,ADC,125.62,1.795,11.4906,12.3532,12.3201,12.9169,1.1813,1.254,1.2873,1.3659,Normal,50.0
C07528,L4,ASIC,124.94,1.191,10.818,10.8626,11.1724,11.3189,1.0775,1.1268,1.1781,1.2264,High_Stable,50.0
C07529,L4,DAC,126.42,1.801,12.5578,13.4692,14.5325,15.5618,1.2966,1.4068,1.5299,1.6308,Normal,50.0
C07530,L4,ASIC,126.59,1.193,11.2133,11.5894,12.4689,12.6996,1.1787,1.1974,1.2871,1.3173,Normal,50.0
C07531,L4,FPGA,124.88,1.107,11.7592,11.856,11.8966,12.1836,1.2467,1.2844,1.2494,1.2895,High_Stable,50.0
C07532,L4,FPGA,125.75,1.114,10.6828,11.1976,12.1611,12.8784,1.0839,1.1386,1.2528,1.3355,Normal,50.0
C07533,L4,FPGA,126.68,1.123,11.5233,12.0525,14.9986,37.7316,1.201,1.2371,1.6496,4.6687,Sudden_Anomaly,50.0
C07534,L4,FPGA,124.66,1.113,11.2227,11.9687,12.8309,13.254,1.2083,1.2504,1.3484,1.4484,Normal,50.0
C07535,L4,ASIC,125.54,1.174,11.8203,12.1702,12.1549,12.3622,1.2629,1.2834,1.2899,1.2806,High_Stable,50.0
C07536,L4,ASIC,125.3,1.21,11.6005,12.2477,14.387,28.0783,1.2248,1.2827,1.5323,3.2786,Sudden_Anomaly,50.0
C07537,L4,ASIC,125.25,1.215,11.1927,12.3061,13.1532,14.6719,1.1925,1.3005,1.376,1.5968,Normal,50.0
C07538,L4,ADC,125.24,1.794,11.7937,13.0594,15.7845,22.2498,1.2199,1.374,1.6915,2.4864,Latent_Defect,50.0
C07539,L4,ASIC,125.17,1.206,11.3476,12.4963,13.0981,14.0189,1.2081,1.3171,1.3896,1.498,Normal,50.0
C07540,L4,ADC,124.6,1.777,11.6476,11.9907,12.7974,14.4369,1.1975,1.2508,1.3348,1.5552,Normal,50.0
C07541,L4,ASIC,125.55,1.17,12.1679,13.6353,21.3665,55.9614,1.3001,1.4948,2.4155,7.834,Absolute_Failure,50.0
C07542,L4,FPGA,126.09,1.093,11.8117,12.2045,13.3064,13.5424,1.2751,1.2747,1.4141,1.3952,Normal,50.0
C07543,L4,FPGA,125.03,1.07,11.9096,13.0681,14.1591,36.4945,1.2583,1.3569,1.5048,4.5186,Sudden_Anomaly,50.0
C07544,L4,ASIC,125.24,1.166,11.4803,11.9037,12.5235,13.1505,1.241,1.2539,1.2635,1.3747,Normal,50.0
C07545,L4,ADC,124.85,1.783,12.6525,13.3933,13.5831,15.0534,1.3353,1.4063,1.4389,1.5846,Normal,50.0
C07546,L4,ASIC,125.01,1.19,10.9369,12.2211,13.3786,14.7981,1.1011,1.2786,1.3897,1.5868,Normal,50.0
C07547,L4,DAC,125.14,1.785,11.6331,12.5248,15.7026,20.6077,1.2031,1.3476,1.7386,2.3082,Latent_Defect,50.0
C07548,L4,ADC,124.55,1.805,11.8066,12.7311,13.6364,15.0324,1.2313,1.3584,1.4393,1.628,Normal,50.0
C07549,L4,DAC,125.92,1.812,11.6888,13.4152,17.7622,53.6135,1.2282,1.4225,1.98,7.404,Absolute_Failure,50.0
C07550,L4,FPGA,126.22,1.113,12.0786,13.0771,13.7183,13.8315,1.3373,1.3474,1.4881,1.4942,Normal,50.0
C07551,L4,FPGA,125.17,1.08,11.9571,13.1023,13.8207,15.4941,1.25,1.3475,1.5254,1.6803,Normal,50.0
C07552,L4,FPGA,125.75,1.115,12.2992,12.6914,12.9227,12.8077,1.3273,1.3265,1.359,1.3507,High_Stable,50.0
C07553,L4,ADC,123.69,1.795,11.8089,14.9218,21.5011,59.44,1.1907,1.5744,2.3915,8.5011,Absolute_Failure,50.0
C07554,L4,DAC,126.21,1.791,12.6248,12.6875,12.683,12.6453,1.3009,1.344,1.3368,1.3718,High_Stable,50.0
C07555,L4,ASIC,124.6,1.204,11.6777,12.6523,15.5455,21.0405,1.2064,1.3375,1.6783,2.3581,Latent_Defect,50.0
C07556,L4,FPGA,124.8,1.112,11.7954,12.8025,13.729,14.2437,1.1982,1.328,1.4554,1.5367,Normal,50.0
C07557,L4,DAC,124.75,1.809,12.3943,12.7652,13.1406,14.0546,1.2934,1.3157,1.3368,1.4539,Normal,50.0
C07558,L4,FPGA,125.31,1.107,11.8047,13.1271,18.2613,23.0697,1.2309,1.3852,2.0175,2.6612,Latent_Defect,50.0
C07559,L4,ADC,125.64,1.826,11.5824,12.3791,12.9097,13.3942,1.1743,1.3017,1.3666,1.4188,Normal,50.0
C07560,L4,ASIC,124.15,1.205,11.4017,12.6376,13.7211,40.3575,1.1823,1.3563,1.4559,5.1182,Sudden_Anomaly,50.0
C07561,L4,ADC,123.27,1.802,12.3093,12.8783,13.3392,13.6054,1.2689,1.3902,1.4029,1.4192,Normal,50.0
C07562,L4,FPGA,124.8,1.094,12.2139,12.9523,13.666,14.4806,1.2942,1.3728,1.4297,1.5342,Normal,50.0
C07563,L4,FPGA,124.51,1.082,11.526,12.9497,19.0423,50.6173,1.1316,1.4091,2.0702,6.9087,Absolute_Failure,50.0
C07564,L4,ADC,125.84,1.823,12.562,12.3923,12.4607,12.2315,1.3351,1.2456,1.3013,1.2874,High_Stable,50.0
C07565,L4,DAC,123.84,1.821,11.8048,12.1963,12.1033,12.8481,1.2236,1.2584,1.2521,1.3379,Normal,50.0
C07566,L4,ASIC,125.8,1.221,11.9209,13.0113,13.3887,14.1894,1.2596,1.4132,1.437,1.5043,Normal,50.0
C07567,L4,ADC,123.96,1.806,11.5237,12.0788,12.8888,13.8572,1.176,1.3347,1.3638,1.4796,Normal,50.0
C07568,L4,ADC,123.58,1.831,12.1112,13.2041,14.3921,15.6743,1.2688,1.4016,1.5188,1.6633,Normal,50.0
C07569,L4,ADC,124.17,1.823,11.7882,12.8197,13.5713,13.3385,1.1931,1.3106,1.4049,1.3953,Normal,50.0
C07570,L4,FPGA,124.95,1.082,11.7769,12.9446,13.5911,14.3148,1.2217,1.3791,1.4092,1.504,Normal,50.0
C07571,L4,FPGA,125.26,1.092,11.6057,13.5804,17.2475,23.0413,1.2448,1.4279,1.9259,2.6012,Latent_Defect,50.0
C07572,L4,ASIC,126.67,1.221,11.4019,12.0181,12.5354,14.2272,1.169,1.2666,1.3132,1.5508,Normal,50.0
C07573,L4,DAC,125.18,1.797,11.8198,11.9851,12.0503,12.1667,1.2249,1.27,1.2428,1.2794,High_Stable,50.0
C07574,L4,FPGA,125.27,1.099,11.7113,13.1744,14.4396,41.7372,1.2246,1.3848,1.5556,5.3683,Sudden_Anomaly,50.0
C07575,L4,ADC,124.7,1.821,12.129,12.4842,12.8962,14.0008,1.2571,1.3003,1.3717,1.4912,Normal,50.0
C07576,L4,DAC,127.35,1.797,11.7693,12.6486,14.0471,14.8339,1.2432,1.3537,1.5618,1.5872,Normal,50.0
C07577,L4,DAC,124.84,1.788,12.2358,12.6792,13.3994,15.2344,1.258,1.3076,1.3932,1.6638,Normal,50.0
C07578,L4,ASIC,124.7,1.227,11.441,11.92,12.4058,13.7679,1.2,1.2607,1.2918,1.4445,Normal,50.0
C07579,L4,DAC,125.32,1.803,12.8489,14.6892,17.6378,24.5485,1.37,1.5435,1.9453,2.8008,Latent_Defect,50.0
C07580,L4,FPGA,125.9,1.114,12.1179,13.0857,13.8983,13.9461,1.2472,1.3975,1.449,1.4795,Normal,50.0
C07581,L4,ASIC,125.23,1.195,11.6201,11.8111,11.8641,12.0206,1.1645,1.2443,1.2339,1.3265,High_Stable,50.0
C07582,L4,FPGA,124.67,1.114,11.0289,11.6951,12.8586,14.5499,1.1122,1.2159,1.3333,1.5677,Normal,50.0
C07583,L4,ASIC,124.75,1.198,11.0198,11.4541,11.8553,12.8008,1.1175,1.2026,1.2404,1.3295,Normal,50.0
C07584,L4,ASIC,125.42,1.182,11.154,11.4174,12.2503,13.2812,1.1218,1.1946,1.2579,1.4365,Normal,50.0
C07585,L4,ADC,126.91,1.802,11.7828,13.0579,15.1184,22.775,1.249,1.4077,1.6668,2.5492,Latent_Defect,50.0
C07586,L4,ASIC,124.76,1.22,11.9636,12.9174,13.5095,14.4822,1.2458,1.3727,1.4368,1.5394,Normal,50.0
C07587,L4,ASIC,124.8,1.209,11.5812,11.7967,12.4346,13.548,1.2414,1.2336,1.2644,1.4282,Normal,50.0
C07588,L4,ASIC,125.37,1.213,11.1632,11.6965,12.3729,12.5646,1.1347,1.259,1.2792,1.3498,Normal,50.0
C07589,L4,ASIC,123.86,1.189,11.1431,11.7747,12.1042,12.2681,1.149,1.2617,1.2636,1.2981,Normal,50.0
C07590,L4,FPGA,124.48,1.083,11.2056,12.2434,13.1718,13.3664,1.1765,1.2988,1.3697,1.4025,Normal,50.0
C07591,L4,ASIC,124.84,1.197,12.1816,14.0107,20.1612,52.5996,1.2422,1.5154,2.2595,7.1695,Absolute_Failure,50.0
C07592,L4,FPGA,125.72,1.106,11.5511,12.7126,13.2814,14.7481,1.2452,1.3563,1.4564,1.5695,Normal,50.0
C07593,L4,ASIC,124.84,1.207,11.5708,12.9685,16.8786,54.4832,1.1842,1.3632,1.8326,7.5059,Absolute_Failure,50.0
C07594,L4,FPGA,124.92,1.114,12.4517,12.7235,13.2296,13.3222,1.2629,1.3114,1.4337,1.4223,Normal,50.0
C07595,L4,ASIC,124.62,1.211,11.5094,12.1511,12.817,13.4556,1.1973,1.2956,1.3166,1.422,Normal,50.0
C07596,L4,DAC,125.67,1.805,11.8735,12.2399,13.108,13.4863,1.2047,1.3428,1.3861,1.4391,Normal,50.0
C07597,L4,FPGA,126.0,1.104,11.6873,12.4643,13.225,14.1397,1.2204,1.2494,1.4213,1.5055,Normal,50.0
C07598,L4,ASIC,124.96,1.204,11.6828,12.7642,17.6862,24.6714,1.1873,1.3483,1.9168,2.8447,Latent_Defect,50.0
C07599,L4,ADC,124.89,1.794,11.5709,12.6959,13.8586,13.9362,1.2293,1.34,1.4304,1.4853,Normal,50.0
C07600,L4,DAC,124.25,1.792,11.6165,12.2819,13.4048,14.936,1.1731,1.2923,1.3999,1.597,Normal,50.0
C07601,L4,ADC,125.4,1.805,12.3338,12.7325,12.9815,13.045,1.306,1.3299,1.3638,1.3854,High_Stable,50.0
C07602,L4,ASIC,124.63,1.212,11.4194,13.2303,18.7386,51.6604,1.1915,1.3714,2.0196,7.0541,Absolute_Failure,50.0
C07603,L4,DAC,125.16,1.825,11.9201,13.1631,14.406,15.1965,1.2408,1.3739,1.5358,1.6194,Normal,50.0
C07604,L4,ADC,125.87,1.791,12.222,13.2894,14.0824,14.4611,1.2854,1.3813,1.473,1.5662,Normal,50.0
C07605,L4,DAC,125.21,1.794,11.5744,12.6295,13.53,14.2149,1.1987,1.3154,1.4276,1.5155,Normal,50.0
C07606,L4,ASIC,125.48,1.224,12.117,13.1744,17.2527,53.296,1.2627,1.4471,1.8476,7.3321,Absolute_Failure,50.0
C07607,L4,ASIC,124.46,1.196,11.3143,11.9597,13.3564,14.0295,1.1428,1.246,1.4167,1.4516,Normal,50.0
C07608,L4,ADC,124.89,1.793,11.4481,12.0739,16.6468,20.4815,1.193,1.224,1.8534,2.2997,Latent_Defect,50.0
C07609,L4,ASIC,124.61,1.202,11.5871,12.5919,13.6658,14.6338,1.2163,1.2783,1.4618,1.5588,Normal,50.0
C07610,L4,ADC,123.75,1.789,11.7784,12.6939,13.4412,13.9821,1.2468,1.3106,1.4027,1.5249,Normal,50.0
C07611,L4,DAC,125.5,1.817,11.8889,12.9799,17.7543,21.5416,1.2204,1.4068,1.9206,2.4148,Latent_Defect,50.0
C07612,L4,ASIC,125.68,1.213,11.6481,13.2197,23.1072,53.4779,1.2369,1.3986,2.63,7.3517,Absolute_Failure,50.0
C07613,L4,DAC,123.65,1.812,12.0124,12.7727,13.3317,13.7826,1.2573,1.3384,1.3964,1.5006,Normal,50.0
C07614,L4,ADC,124.62,1.82,12.0271,12.7175,13.3436,14.181,1.2719,1.3165,1.4282,1.5167,Normal,50.0
C07615,L4,DAC,126.5,1.791,11.6169,12.4022,12.8835,13.5219,1.2184,1.3137,1.3806,1.4207,Normal,50.0
C07616,L4,ASIC,125.74,1.205,11.5959,11.6064,12.4982,13.3935,1.2531,1.256,1.3173,1.3702,Normal,50.0
C07617,L4,DAC,124.42,1.797,12.5002,13.4592,13.9049,14.0054,1.3461,1.4051,1.4652,1.5155,Normal,50.0
C07618,L4,ASIC,124.62,1.218,11.5408,11.9239,11.897,13.1781,1.152,1.2224,1.208,1.3823,Normal,50.0
C07619,L4,ASIC,124.52,1.197,11.0178,12.365,12.851,13.0577,1.1241,1.3139,1.3752,1.3976,Normal,50.0
C07620,L4,FPGA,123.96,1.117,11.3333,11.8404,12.2252,13.4416,1.2356,1.2425,1.2636,1.406,Normal,50.0
C07621,L4,ADC,123.32,1.808,11.9095,12.5167,13.6806,14.1436,1.2385,1.3398,1.3987,1.4724,Normal,50.0
C07622,L4,ADC,124.48,1.8,11.2599,14.1584,24.1175,51.7055,1.142,1.4741,2.7399,7.0392,Absolute_Failure,50.0
C07623,L4,DAC,125.77,1.754,11.8511,12.7529,13.5108,14.8761,1.2598,1.3453,1.4574,1.5745,Normal,50.0
C07624,L4,ADC,125.39,1.788,11.7715,12.7649,14.0798,14.9206,1.2237,1.3544,1.5421,1.6129,Normal,50.0
C07625,L4,ASIC,126.65,1.221,11.3319,11.4615,14.3867,36.3639,1.1443,1.2347,1.5137,4.5237,Sudden_Anomaly,50.0
C07626,L4,FPGA,125.27,1.11,11.8901,14.6766,20.9308,52.9605,1.2468,1.5768,2.3394,7.2929,Absolute_Failure,50.0
C07627,L4,FPGA,123.21,1.11,11.56,13.0273,16.2252,57.4946,1.1797,1.3468,1.7682,8.0991,Absolute_Failure,50.0
C07628,L4,ASIC,125.11,1.237,11.1393,13.2825,17.2346,24.4935,1.1572,1.4493,1.9,2.8484,Latent_Defect,50.0
C07629,L4,ADC,125.96,1.81,12.4126,13.3365,14.1674,14.5878,1.2768,1.3933,1.4849,1.5599,Normal,50.0
C07630,L4,FPGA,124.25,1.119,11.9355,13.0549,13.5809,15.0356,1.2619,1.3977,1.455,1.6302,Normal,50.0
C07631,L4,ASIC,124.66,1.217,11.2557,13.1025,15.9693,21.6224,1.1179,1.3817,1.7448,2.4421,Latent_Defect,50.0
C07632,L4,ASIC,125.38,1.188,11.0717,11.9179,19.5168,52.0095,1.1213,1.2192,2.1422,7.1013,Absolute_Failure,50.0
C07633,L4,ASIC,125.93,1.219,10.7453,11.0871,12.0765,12.7283,1.0979,1.1296,1.2454,1.3256,Normal,50.0
C07634,L4,FPGA,124.35,1.063,11.2395,11.7627,11.6175,12.2002,1.1561,1.2018,1.2318,1.2842,Normal,50.0
C07635,L4,ASIC,124.29,1.213,11.7336,13.049,13.6153,14.4008,1.2177,1.3992,1.4549,1.5507,Normal,50.0
C07636,L4,DAC,125.23,1.798,11.9785,12.4376,13.3595,14.0454,1.2516,1.3329,1.401,1.518,Normal,50.0
C07637,L4,ASIC,125.86,1.233,11.8778,12.7285,13.1974,13.5333,1.2448,1.3629,1.3888,1.4183,Normal,50.0
C07638,L4,DAC,125.37,1.794,12.2009,13.1955,15.4069,40.9674,1.27,1.4082,1.6573,5.2336,Sudden_Anomaly,50.0
C07639,L4,DAC,125.7,1.789,12.1154,12.5409,12.8571,13.4467,1.2499,1.3081,1.3718,1.4091,Normal,50.0
C07640,L4,DAC,124.28,1.771,11.8717,12.3097,13.271,14.5245,1.273,1.278,1.4123,1.5532,Normal,50.0
C07641,L4,DAC,125.5,1.784,12.0532,12.4597,13.0793,14.1665,1.2704,1.3511,1.355,1.5226,Normal,50.0
C07642,L4,ADC,125.28,1.792,11.1281,11.4792,12.6213,13.5195,1.1604,1.178,1.3411,1.4367,Normal,50.0
C07643,L4,FPGA,125.63,1.09,11.1654,11.4694,11.3368,11.754,1.1451,1.1891,1.1645,1.2071,High_Stable,50.0
C07644,L4,FPGA,124.66,1.121,11.7118,12.4882,13.2755,14.2585,1.2195,1.3168,1.3955,1.4908,Normal,50.0
C07645,L4,DAC,125.16,1.766,11.862,12.9325,13.8322,14.9873,1.2025,1.3441,1.4721,1.5903,Normal,50.0
C07646,L4,FPGA,124.39,1.085,11.5527,12.5623,20.0649,50.4723,1.1872,1.3279,2.2112,6.8172,Absolute_Failure,50.0
C07647,L4,ASIC,125.31,1.196,11.9571,12.8248,13.6722,14.0958,1.2416,1.3895,1.4306,1.5122,Normal,50.0
C07648,L4,ADC,125.81,1.806,11.7412,12.5491,12.7952,13.7137,1.1806,1.3079,1.3483,1.45,Normal,50.0
C07649,L4,FPGA,123.73,1.1,11.7519,12.7279,13.395,14.1171,1.2197,1.2906,1.4505,1.5133,Normal,50.0
C07650,L4,FPGA,124.03,1.141,12.3838,12.8263,13.3107,14.3079,1.3015,1.3457,1.4047,1.5623,Normal,50.0
C07651,L4,DAC,124.91,1.81,12.15,12.3815,12.4928,12.6349,1.2737,1.3358,1.3024,1.3448,High_Stable,50.0
C07652,L4,FPGA,125.75,1.112,11.3993,12.8355,17.8726,54.0044,1.1736,1.3574,1.9369,7.4391,Absolute_Failure,50.0
C07653,L4,ADC,125.22,1.784,10.96,11.8529,12.7535,13.8623,1.1037,1.2576,1.3179,1.4938,Normal,50.0
C07654,L4,ADC,124.21,1.819,12.182,13.3504,13.5756,14.6241,1.2832,1.3833,1.4564,1.579,Normal,50.0
C07655,L4,FPGA,125.53,1.102,11.5807,13.093,18.7025,55.9228,1.1983,1.4211,2.1031,7.8352,Absolute_Failure,50.0
C07656,L4,ASIC,123.91,1.203,11.5354,12.0585,12.4097,13.5307,1.23,1.2491,1.2905,1.4196,Normal,50.0
C07657,L4,ASIC,124.46,1.222,11.901,12.336,13.3035,14.5252,1.2548,1.2923,1.3851,1.5219,Normal,50.0
C07658,L4,ADC,125.21,1.813,12.2474,12.2885,12.1131,12.1762,1.2935,1.2965,1.2325,1.2263,High_Stable,50.0
C07659,L4,ASIC,126.74,1.221,11.1541,12.2971,14.2804,27.1981,1.1921,1.3255,1.4877,3.1687,Sudden_Anomaly,50.0
C07660,L4,ASIC,124.56,1.191,12.2124,14.0881,17.0961,20.6698,1.2845,1.5581,1.8681,2.3294,Latent_Defect,50.0
C07661,L4,FPGA,125.1,1.11,11.2931,12.0568,12.5514,13.2132,1.185,1.2655,1.3429,1.4086,Normal,50.0
C07662,L4,ADC,124.22,1.815,12.0821,14.1057,19.2285,57.7462,1.2429,1.5005,2.1008,8.1569,Absolute_Failure,50.0
C07663,L4,ADC,125.91,1.813,12.0009,13.6076,19.6921,54.5717,1.2917,1.4764,2.165,7.5414,Absolute_Failure,50.0
C07664,L4,ADC,124.94,1.792,12.1544,13.1575,17.0667,24.2449,1.2685,1.4088,1.8564,2.7587,Latent_Defect,50.0
C07665,L4,DAC,125.06,1.795,11.8394,12.8275,14.5212,32.706,1.2385,1.3285,1.5372,3.9053,Sudden_Anomaly,50.0
C07666,L4,ASIC,125.32,1.207,11.3872,12.1671,13.0531,13.658,1.1606,1.2861,1.3828,1.4021,Normal,50.0
C07667,L4,FPGA,126.33,1.083,11.7939,12.9997,15.5713,20.5325,1.2278,1.3261,1.6765,2.2853,Latent_Defect,50.0
C07668,L4,DAC,126.98,1.783,11.9853,13.0583,14.4902,15.4566,1.2692,1.359,1.5559,1.6629,Normal,50.0
C07669,L4,ASIC,123.91,1.175,11.3184,11.8897,12.7343,13.3228,1.21,1.3132,1.3119,1.4187,Normal,50.0
C07670,L4,FPGA,123.94,1.102,11.3101,12.4643,19.1644,52.1874,1.1633,1.3114,2.1595,7.1612,Absolute_Failure,50.0
C07671,L4,ASIC,124.8,1.176,12.1861,13.2377,14.1291,14.377,1.2604,1.4136,1.5201,1.553,Normal,50.0
C07672,L4,ADC,123.94,1.799,11.9502,13.8347,18.0049,22.5418,1.2369,1.4782,1.9468,2.517,Latent_Defect,50.0
C07673,L4,ASIC,125.28,1.176,12.3108,12.3206,12.4032,12.3544,1.3267,1.2608,1.2891,1.2875,High_Stable,50.0
C07674,L4,ADC,124.44,1.789,12.9027,13.1432,13.9491,15.1505,1.3629,1.3942,1.4634,1.6226,Normal,50.0
C07675,L4,ADC,126.09,1.825,11.6635,13.0429,14.6157,40.7419,1.2022,1.4023,1.5918,5.2191,Sudden_Anomaly,50.0
C07676,L4,FPGA,124.45,1.095,11.2181,13.2443,16.33,21.7409,1.162,1.4377,1.7216,2.4709,Latent_Defect,50.0
C07677,L4,ASIC,124.35,1.206,11.4381,12.609,13.4416,14.6077,1.1708,1.2881,1.4656,1.5589,Normal,50.0
C07678,L4,ASIC,125.46,1.214,11.9076,12.7484,13.3572,13.1464,1.207,1.3246,1.4118,1.3944,Normal,50.0
C07679,L4,FPGA,125.02,1.09,11.7987,12.6798,12.9549,13.7789,1.2299,1.373,1.3824,1.462,Normal,50.0
C07680,L4,FPGA,124.32,1.109,11.2303,12.4097,13.18,14.8171,1.1274,1.3348,1.4289,1.5589,Normal,50.0
C07681,L4,FPGA,124.53,1.095,11.9863,12.1487,12.2219,12.3263,1.2103,1.2487,1.2744,1.288,High_Stable,50.0
C07682,L4,ADC,126.03,1.81,11.6416,13.574,21.1484,57.1455,1.1713,1.468,2.3684,8.0128,Absolute_Failure,50.0
C07683,L4,ASIC,124.98,1.216,11.3473,12.3486,13.9926,35.4571,1.2171,1.2897,1.5028,4.4098,Sudden_Anomaly,50.0
C07684,L4,ADC,125.84,1.811,11.6266,12.6419,14.6729,52.6293,1.2249,1.3134,1.5577,7.2066,Absolute_Failure,50.0
C07685,L4,FPGA,124.87,1.096,11.7582,12.7959,12.8822,13.0982,1.2507,1.3227,1.3308,1.383,Normal,50.0
C07686,L4,FPGA,125.18,1.071,11.9688,13.768,15.7386,31.7967,1.2156,1.4487,1.7131,3.8814,Sudden_Anomaly,50.0
C07687,L4,DAC,125.46,1.798,11.903,12.6539,15.0187,29.7826,1.2377,1.3412,1.6062,3.5642,Sudden_Anomaly,50.0
C07688,L4,DAC,125.29,1.813,11.9882,12.5366,13.3522,14.3716,1.2732,1.3241,1.4422,1.572,Normal,50.0
C07689,L4,FPGA,125.81,1.11,11.3718,12.1358,13.3338,13.4952,1.1991,1.2612,1.4256,1.455,Normal,50.0
C07690,L4,ADC,124.16,1.8,11.1706,11.6276,12.2469,12.9032,1.1294,1.182,1.2811,1.3696,Normal,50.0
C07691,L4,ADC,123.3,1.798,11.59,13.04,16.0942,21.3589,1.1982,1.3797,1.7625,2.3762,Latent_Defect,50.0
C07692,L4,FPGA,125.81,1.089,10.9922,11.9855,12.4003,13.1309,1.1354,1.245,1.2923,1.406,Normal,50.0
C07693,L4,ADC,124.36,1.821,11.7714,12.2842,13.3612,14.3698,1.2361,1.218,1.3806,1.4963,Normal,50.0
C07694,L4,ADC,123.91,1.772,11.5637,11.6333,12.2246,13.5598,1.1785,1.2091,1.3245,1.4757,Normal,50.0
C07695,L4,FPGA,124.82,1.105,11.7564,12.1241,15.6541,56.837,1.225,1.2538,1.7062,8.0215,Absolute_Failure,50.0
C07696,L4,ASIC,125.12,1.189,11.6982,11.7666,12.0529,12.1618,1.2332,1.2025,1.286,1.2567,High_Stable,50.0
C07697,L4,ADC,124.1,1.791,11.6591,12.6355,16.3605,23.6624,1.2227,1.3283,1.7208,2.7143,Latent_Defect,50.0
C07698,L4,DAC,125.19,1.79,12.8554,13.2918,14.097,15.2229,1.3432,1.3886,1.5155,1.5706,Normal,50.0
C07699,L4,DAC,125.74,1.817,12.407,12.4449,12.5047,12.6092,1.3183,1.3125,1.2912,1.3408,High_Stable,50.0
C07700,L4,FPGA,124.09,1.102,11.1943,12.0519,17.1561,22.3507,1.1437,1.275,1.8617,2.549,Latent_Defect,50.0
C07701,L4,ADC,123.89,1.8,11.6315,11.7019,12.2169,12.1096,1.2434,1.2027,1.2876,1.2661,High_Stable,50.0
C07702,L4,FPGA,124.53,1.117,11.6405,12.9894,16.0956,51.158,1.2104,1.4058,1.781,6.9658,Absolute_Failure,50.0
C07703,L4,FPGA,124.66,1.096,11.8478,13.5769,17.0261,21.2502,1.2385,1.4217,1.8444,2.368,Latent_Defect,50.0
C07704,L4,FPGA,124.77,1.097,11.5371,12.3771,12.9093,36.3437,1.2458,1.2906,1.3735,4.472,Sudden_Anomaly,50.0
C07705,L4,ASIC,124.99,1.222,10.9289,11.2126,11.2049,11.1971,1.1749,1.13,1.1947,1.1415,High_Stable,50.0
C07706,L4,FPGA,126.01,1.101,11.3456,12.3078,15.3034,18.8753,1.1517,1.2847,1.6268,2.0664,Latent_Defect,50.0
C07707,L4,DAC,125.21,1.796,12.7054,12.8222,13.7394,14.6314,1.2921,1.3352,1.5036,1.5716,Normal,50.0
C07708,L4,FPGA,124.46,1.074,11.8827,12.9653,14.0501,14.6192,1.2092,1.3481,1.4557,1.5992,Normal,50.0
C07709,L4,DAC,125.03,1.813,11.4444,12.0428,12.2942,12.7798,1.1852,1.2994,1.2977,1.3484,Normal,50.0
C07710,L4,FPGA,125.66,1.064,11.1355,11.3689,11.5174,11.5042,1.1329,1.1463,1.2387,1.1926,High_Stable,50.0
C07711,L4,FPGA,124.52,1.09,11.6859,13.1751,13.6351,14.1387,1.2082,1.3389,1.5068,1.4767,Normal,50.0
C07712,L4,FPGA,125.25,1.104,11.778,12.7689,14.3732,35.2194,1.256,1.3437,1.5454,4.3735,Sudden_Anomaly,50.0
C07713,L4,ASIC,125.77,1.195,10.9936,11.9013,13.2291,14.0255,1.1379,1.2331,1.4119,1.505,Normal,50.0
C07714,L4,ADC,126.51,1.788,11.7159,12.3003,13.0083,13.1072,1.2492,1.2977,1.3913,1.3567,Normal,50.0
C07715,L4,FPGA,125.49,1.103,11.2227,11.3969,11.9674,13.6918,1.1874,1.1905,1.2617,1.413,Normal,50.0
C07716,L4,FPGA,127.01,1.084,11.6765,12.5377,13.2411,13.4996,1.2411,1.3464,1.4149,1.4453,Normal,50.0
C07717,L4,ADC,124.61,1.802,11.6932,12.9631,13.4133,14.4733,1.226,1.3518,1.4112,1.5088,Normal,50.0
C07718,L4,ADC,125.44,1.783,11.6865,12.1325,13.4177,13.536,1.1997,1.2569,1.3797,1.4797,Normal,50.0
C07719,L4,FPGA,126.07,1.111,10.9905,11.6687,12.4389,13.5074,1.1106,1.1584,1.3071,1.4907,Normal,50.0
C07720,L4,FPGA,124.33,1.09,11.7198,12.1078,12.265,12.8276,1.2336,1.2541,1.2783,1.3348,High_Stable,50.0
C07721,L4,DAC,122.15,1.786,11.5344,12.6746,14.5361,30.4329,1.1911,1.3687,1.6049,3.6213,Sudden_Anomaly,50.0
C07722,L4,DAC,125.06,1.805,12.0256,12.3813,13.2045,14.413,1.2576,1.3136,1.3989,1.5471,Normal,50.0
C07723,L4,FPGA,125.53,1.089,11.283,11.9326,12.1825,12.6445,1.162,1.2554,1.2739,1.3467,Normal,50.0
C07724,L4,FPGA,125.86,1.078,11.5883,13.0041,16.2344,20.2598,1.1945,1.3419,1.7966,2.2902,Latent_Defect,50.0
C07725,L4,ADC,125.14,1.795,11.5448,12.2189,12.8182,13.8304,1.1883,1.2634,1.3674,1.5077,Normal,50.0
C07726,L4,FPGA,126.46,1.117,11.6466,11.9772,12.9216,31.9513,1.2251,1.2809,1.374,3.8198,Sudden_Anomaly,50.0
C07727,L4,DAC,125.24,1.787,12.4187,14.0622,18.2641,25.4304,1.2988,1.4846,2.0009,2.9516,Latent_Defect,50.0
C07728,L4,ASIC,122.65,1.199,11.7777,12.9581,14.2007,36.522,1.2395,1.4059,1.4784,4.5219,Sudden_Anomaly,50.0
C07729,L4,DAC,124.78,1.775,11.9615,13.3337,16.2804,52.9598,1.2933,1.4397,1.7441,7.2666,Absolute_Failure,50.0
C07730,L4,ASIC,125.27,1.201,11.1603,11.4968,14.1218,30.8159,1.1419,1.1878,1.547,3.6621,Sudden_Anomaly,50.0
C07731,L4,FPGA,124.8,1.106,11.8265,12.2508,13.3976,13.3101,1.2089,1.3265,1.4166,1.3547,Normal,50.0
C07732,L4,FPGA,125.34,1.105,11.1862,11.4622,16.3971,50.0657,1.1069,1.1613,1.7265,6.7968,Absolute_Failure,50.0
C07733,L4,FPGA,125.65,1.091,11.3357,11.6223,12.0394,12.4456,1.1906,1.2139,1.2179,1.2544,Normal,50.0
C07734,L4,DAC,125.49,1.807,12.2886,13.6196,14.2166,14.5076,1.2935,1.4272,1.4891,1.5759,Normal,50.0
C07735,L4,DAC,125.33,1.789,12.2045,12.9313,13.5065,14.2034,1.2515,1.3181,1.388,1.4682,Normal,50.0
C07736,L4,ASIC,125.34,1.215,11.4464,12.4234,17.0308,56.575,1.2388,1.2979,1.8678,7.9834,Absolute_Failure,50.0
C07737,L4,FPGA,124.25,1.1,11.5228,12.0821,12.8543,12.9949,1.191,1.2767,1.4202,1.3642,Normal,50.0
C07738,L4,FPGA,124.96,1.08,11.3969,11.8152,12.7573,13.9541,1.2056,1.2593,1.3655,1.4484,Normal,50.0
C07739,L4,FPGA,126.95,1.111,11.5311,13.063,16.6384,21.0939,1.1466,1.3473,1.831,2.3754,Latent_Defect,50.0
C07740,L4,ASIC,123.94,1.192,10.8651,12.7048,15.6641,20.722,1.1364,1.3485,1.7219,2.3283,Latent_Defect,50.0
C07741,L4,ADC,124.62,1.791,11.234,11.7403,12.1097,12.7608,1.1765,1.1951,1.2978,1.287,Normal,50.0
C07742,L4,ADC,125.33,1.809,11.3369,12.3915,12.538,13.8863,1.1395,1.2927,1.3384,1.42,Normal,50.0
C07743,L4,ADC,123.7,1.791,12.4921,13.0927,14.2838,14.9404,1.2812,1.3672,1.5323,1.5968,Normal,50.0
C07744,L4,ASIC,124.29,1.219,11.2707,11.743,11.9965,13.1898,1.1935,1.2308,1.2209,1.3884,Normal,50.0
C07745,L4,ASIC,126.49,1.199,11.3831,12.0682,13.2022,14.3027,1.2053,1.2521,1.401,1.537,Normal,50.0
C07746,L4,DAC,124.79,1.794,11.3639,12.253,12.4871,13.9346,1.1946,1.2591,1.3325,1.4844,Normal,50.0
C07747,L4,DAC,124.76,1.809,11.5794,12.501,13.7207,13.8872,1.2186,1.2855,1.48,1.4972,Normal,50.0
C07748,L4,ASIC,124.62,1.209,11.1745,11.9224,13.0114,14.1738,1.1682,1.2777,1.3547,1.5622,Normal,50.0
C07749,L4,ASIC,124.23,1.175,11.7681,12.8968,13.8752,14.3761,1.2769,1.3447,1.4499,1.5792,Normal,50.0
C07750,L4,DAC,124.96,1.79,11.8962,12.8247,13.6495,14.2604,1.233,1.3944,1.4485,1.5333,Normal,50.0
C07751,L4,ASIC,124.77,1.213,11.6437,12.5659,17.2399,61.3478,1.2373,1.324,1.8824,8.834,Absolute_Failure,50.0
C07752,L4,ADC,125.38,1.805,12.2326,13.3647,14.0316,14.9678,1.2419,1.4162,1.4962,1.5975,Normal,50.0
C07753,L4,ASIC,124.51,1.222,12.0107,12.5627,13.2912,13.3689,1.2899,1.3578,1.3851,1.4578,Normal,50.0
C07754,L4,ASIC,124.99,1.191,11.8429,12.0962,13.3287,14.8117,1.2417,1.2329,1.4383,1.563,Normal,50.0
C07755,L4,ASIC,124.9,1.214,11.3543,12.0111,12.5663,13.2832,1.1746,1.2664,1.3287,1.3755,Normal,50.0
C07756,L4,ASIC,126.08,1.192,11.125,12.0245,12.9155,13.4053,1.168,1.2662,1.3653,1.3946,Normal,50.0
C07757,L4,DAC,126.01,1.81,12.1396,12.5758,13.0475,13.8857,1.2875,1.3044,1.3887,1.4646,Normal,50.0
C07758,L4,ADC,125.03,1.775,11.6444,13.299,16.3405,21.9225,1.2787,1.4008,1.7636,2.4484,Latent_Defect,50.0
C07759,L4,FPGA,124.72,1.101,11.9819,13.7757,17.2157,58.2068,1.2214,1.4851,1.9031,8.2187,Absolute_Failure,50.0
C07760,L4,ADC,125.84,1.803,12.1888,14.0012,16.7136,41.5866,1.2363,1.4538,1.7584,5.3122,Sudden_Anomaly,50.0
C07761,L4,FPGA,124.63,1.096,11.2166,11.5201,11.3341,10.8551,1.1796,1.2395,1.1417,1.1192,High_Stable,50.0
C07762,L4,ADC,126.15,1.807,12.2053,12.8951,13.1694,13.8066,1.3392,1.318,1.3633,1.4853,Normal,50.0
C07763,L4,FPGA,125.56,1.096,11.5714,12.5406,12.8715,14.1951,1.2092,1.3263,1.3541,1.4947,Normal,50.0
C07764,L4,ADC,125.02,1.776,11.6612,11.5422,11.8047,11.9631,1.1897,1.2415,1.2272,1.2512,High_Stable,50.0
C07765,L4,FPGA,127.35,1.111,11.2883,12.0788,13.1696,13.8354,1.176,1.2154,1.4258,1.4278,Normal,50.0
C07766,L4,FPGA,125.22,1.14,11.7878,12.6293,13.2623,13.8536,1.2397,1.3076,1.4195,1.4696,Normal,50.0
C07767,L4,FPGA,124.75,1.126,11.6455,12.5026,13.4737,13.3607,1.2236,1.3197,1.3985,1.4136,Normal,50.0
C07768,L4,ADC,125.11,1.801,12.0611,12.9625,14.4915,15.3334,1.2301,1.3239,1.5467,1.6405,Normal,50.0
C07769,L4,ASIC,124.11,1.203,11.0511,11.9222,12.3115,12.4509,1.1642,1.2565,1.2651,1.3061,Normal,50.0
C07770,L4,ADC,123.54,1.805,11.3664,11.8692,13.1859,14.863,1.1906,1.2778,1.386,1.5769,Normal,50.0
C07771,L4,DAC,124.62,1.806,11.6402,13.8073,23.8054,57.3203,1.2406,1.5147,2.7726,8.1002,Absolute_Failure,50.0
C07772,L4,ADC,124.01,1.787,12.416,13.4417,14.1097,14.8383,1.3257,1.4283,1.4924,1.5501,Normal,50.0
C07773,L4,ADC,123.78,1.806,11.9539,12.285,12.8133,13.2722,1.2317,1.2941,1.3151,1.4068,Normal,50.0
C07774,L4,ASIC,124.44,1.205,11.5481,11.8572,12.5975,13.2685,1.2297,1.1937,1.346,1.3604,Normal,50.0
C07775,L4,ASIC,126.91,1.176,11.0584,11.9294,12.7226,13.8225,1.1796,1.2605,1.3382,1.4793,Normal,50.0
C07776,L4,ASIC,124.97,1.207,11.2723,11.9391,12.9381,14.5074,1.1777,1.2757,1.3342,1.573,Normal,50.0
C07777,L4,ADC,123.67,1.782,11.8999,13.3598,14.7529,16.0472,1.2282,1.4402,1.6072,1.7439,Normal,50.0
C07778,L4,FPGA,125.27,1.092,11.6191,11.856,12.6014,13.8602,1.2158,1.2255,1.2974,1.4343,Normal,50.0
C07779,L4,FPGA,124.48,1.103,11.534,12.8801,16.5758,21.9341,1.1907,1.3939,1.7533,2.3955,Latent_Defect,50.0
C07780,L4,FPGA,124.11,1.088,11.928,13.2234,17.7519,22.5083,1.2243,1.3926,1.9524,2.5639,Latent_Defect,50.0
C07781,L4,FPGA,126.56,1.109,11.6367,11.571,11.3966,11.7388,1.1707,1.2665,1.1591,1.2233,High_Stable,50.0
C07782,L4,ASIC,124.21,1.212,11.1527,12.3485,12.3213,12.6746,1.1522,1.294,1.3073,1.3529,Normal,50.0
C07783,L4,DAC,125.18,1.802,12.2979,13.4833,14.2513,15.4289,1.2674,1.4492,1.4691,1.687,Normal,50.0
C07784,L4,FPGA,124.63,1.1,11.6006,12.7958,13.1108,14.3417,1.2078,1.3459,1.373,1.5295,Normal,50.0
C07785,L4,DAC,125.03,1.773,11.9403,12.8232,15.4745,22.0195,1.2551,1.3768,1.6534,2.5106,Latent_Defect,50.0
C07786,L4,ASIC,125.2,1.226,11.3748,11.931,12.995,14.0203,1.161,1.2291,1.3467,1.5044,Normal,50.0
C07787,L4,ADC,124.16,1.802,11.9312,12.8412,13.5686,14.8365,1.2737,1.3942,1.3978,1.6021,Normal,50.0
C07788,L4,ASIC,125.25,1.184,11.7908,12.073,12.2943,12.9093,1.224,1.3147,1.2643,1.3573,High_Stable,50.0
C07789,L4,FPGA,123.18,1.092,11.992,13.0135,20.2114,54.5069,1.3006,1.4064,2.1886,7.5432,Absolute_Failure,50.0
C07790,L4,DAC,127.01,1.795,12.3025,13.4438,13.4875,15.3853,1.3089,1.4309,1.4149,1.6506,Normal,50.0
C07791,L4,FPGA,125.16,1.105,11.5121,11.8538,13.9338,34.2026,1.2143,1.2229,1.436,4.1832,Sudden_Anomaly,50.0
C07792,L4,DAC,125.52,1.812,12.1617,12.6124,13.7756,14.9442,1.267,1.2907,1.4373,1.5894,Normal,50.0
C07793,L4,DAC,126.34,1.798,12.1407,12.4985,13.4749,14.5035,1.2391,1.3171,1.4028,1.5819,Normal,50.0
C07794,L4,ASIC,124.9,1.2,11.617,12.5861,13.1169,14.1524,1.2028,1.3207,1.3832,1.5345,Normal,50.0
C07795,L4,ADC,124.4,1.82,11.8702,13.5601,15.0473,61.1782,1.2719,1.4073,1.6391,8.7931,Absolute_Failure,50.0
C07796,L4,ASIC,124.25,1.203,11.328,13.2139,15.5057,20.2919,1.1171,1.3417,1.6428,2.251,Latent_Defect,50.0
C07797,L4,FPGA,125.42,1.08,11.9261,12.3453,12.9559,13.7487,1.238,1.3141,1.3859,1.4283,Normal,50.0
C07798,L4,FPGA,125.01,1.12,11.6501,12.1879,12.8654,29.3237,1.2445,1.3197,1.3544,3.5136,Sudden_Anomaly,50.0
C07799,L4,ADC,124.72,1.771,12.0874,12.4595,12.9047,14.2583,1.2507,1.2967,1.3167,1.5531,Normal,50.0
C07800,L4,ADC,123.37,1.814,12.1925,12.4275,13.5992,14.2636,1.2703,1.2796,1.4242,1.5103,Normal,50.0
C07801,L4,FPGA,125.32,1.099,11.9773,12.6034,13.6108,14.9023,1.2343,1.3345,1.4963,1.6271,Normal,50.0
C07802,L4,DAC,125.16,1.806,12.8676,13.0836,13.0749,13.3648,1.3884,1.3521,1.3536,1.3873,High_Stable,50.0
C07803,L4,ASIC,125.73,1.178,11.9851,13.1315,13.4501,14.7864,1.2385,1.4078,1.4194,1.6221,Normal,50.0
C07804,L4,ASIC,126.33,1.217,12.0294,13.0897,13.5259,14.3279,1.2714,1.365,1.3945,1.4965,Normal,50.0
C07805,L4,ADC,124.13,1.777,12.0431,13.2168,17.281,52.6097,1.2512,1.3831,1.8734,7.2205,Absolute_Failure,50.0
C07806,L4,ADC,125.49,1.851,12.259,13.0278,14.0862,15.4908,1.3005,1.3728,1.4986,1.6726,Normal,50.0
C07807,L4,DAC,125.89,1.828,11.9785,12.6644,12.7466,14.2706,1.2862,1.3454,1.3634,1.5386,Normal,50.0
C07808,L4,FPGA,126.68,1.121,11.0832,11.2825,11.8434,12.0854,1.1625,1.1701,1.2276,1.2609,Normal,50.0
C07809,L4,ASIC,126.16,1.192,11.6251,12.347,12.7561,13.9163,1.2347,1.2601,1.3367,1.5153,Normal,50.0
C07810,L4,ASIC,125.93,1.213,11.2105,11.8486,13.0191,12.9502,1.1255,1.2639,1.3958,1.3697,Normal,50.0
C07811,L4,ADC,124.6,1.811,12.1443,13.7859,17.7803,22.1216,1.2903,1.4528,1.9381,2.5153,Latent_Defect,50.0
C07812,L4,ADC,125.39,1.771,11.9522,12.7906,13.7836,15.2963,1.2501,1.3816,1.4316,1.5884,Normal,50.0
C07813,L4,FPGA,123.92,1.087,11.2881,12.6257,13.7479,34.1057,1.1073,1.309,1.4443,4.1424,Sudden_Anomaly,50.0
C07814,L4,FPGA,124.95,1.085,10.9589,12.3785,13.4819,14.6373,1.144,1.2632,1.425,1.5309,Normal,50.0
C07815,L4,ASIC,126.67,1.181,11.49,12.6673,13.1533,14.2572,1.159,1.3146,1.3878,1.5062,Normal,50.0
C07816,L4,ASIC,125.23,1.196,11.2655,13.4127,21.9815,54.4329,1.1797,1.4331,2.4909,7.5633,Absolute_Failure,50.0
C07817,L4,DAC,124.03,1.804,11.7791,12.2588,13.5512,14.6369,1.2591,1.2869,1.3969,1.578,Normal,50.0
C07818,L4,FPGA,125.48,1.106,11.5976,12.0761,14.5749,37.6136,1.1995,1.2789,1.5338,4.682,Sudden_Anomaly,50.0
C07819,L4,ASIC,124.2,1.196,11.6992,13.7913,22.6662,53.0887,1.2396,1.4609,2.5604,7.3277,Absolute_Failure,50.0
C07820,L4,ADC,126.33,1.809,11.8783,12.3323,12.8532,13.5316,1.2605,1.2775,1.3421,1.4553,Normal,50.0
C07821,L4,ADC,124.13,1.804,11.5488,12.1288,12.5969,13.7248,1.1892,1.2376,1.3283,1.433,Normal,50.0
C07822,L4,ASIC,125.54,1.176,11.8998,12.3726,13.0605,14.8214,1.2317,1.28,1.3769,1.5767,Normal,50.0
C07823,L4,ASIC,123.98,1.179,10.9821,11.454,12.932,13.7173,1.1293,1.1864,1.3864,1.4334,Normal,50.0
C07824,L4,DAC,123.59,1.79,12.7926,13.6521,14.9486,16.1601,1.3365,1.4363,1.6267,1.7645,Normal,50.0
C07825,L4,ADC,124.25,1.807,11.7658,12.3583,13.5528,14.9178,1.2385,1.2643,1.4588,1.5819,Normal,50.0
C07826,L4,ADC,126.39,1.804,11.6576,12.7906,20.4004,50.3341,1.2326,1.3238,2.2766,6.8256,Absolute_Failure,50.0
C07827,L4,ASIC,124.57,1.209,11.2765,12.2878,18.5915,51.8447,1.1954,1.2722,2.0705,7.0863,Absolute_Failure,50.0
C07828,L4,DAC,125.17,1.804,11.3569,12.3113,12.9474,13.4282,1.1523,1.2949,1.3857,1.365,Normal,50.0
C07829,L4,FPGA,126.22,1.108,11.65,12.4283,13.7801,35.7694,1.1662,1.2895,1.4488,4.4224,Sudden_Anomaly,50.0
C07830,L4,ASIC,124.93,1.2,10.469,11.5489,17.0975,54.116,1.078,1.2124,1.8431,7.4684,Absolute_Failure,50.0
C07831,L4,ASIC,123.08,1.199,11.5938,11.7231,12.7555,14.1525,1.1778,1.2359,1.3083,1.4652,Normal,50.0
C07832,L4,ASIC,123.56,1.172,12.0565,12.0958,12.3229,12.6777,1.2304,1.2902,1.2797,1.33,High_Stable,50.0
C07833,L4,FPGA,124.65,1.116,11.5366,12.1062,12.7875,14.069,1.1891,1.2601,1.3641,1.5117,Normal,50.0
C07834,L4,ADC,124.73,1.801,11.5217,12.6458,13.5376,14.0121,1.2049,1.3663,1.4608,1.4724,Normal,50.0
C07835,L4,ADC,124.41,1.789,11.6727,12.1945,12.9629,13.8848,1.2301,1.2497,1.3374,1.4622,Normal,50.0
C07836,L4,DAC,123.25,1.784,11.5445,13.0875,17.3619,21.5558,1.1903,1.3506,1.8878,2.4564,Latent_Defect,50.0
C07837,L4,ASIC,124.91,1.211,10.8872,11.6128,11.7945,13.1121,1.1237,1.1678,1.2273,1.3803,Normal,50.0
C07838,L4,FPGA,125.39,1.113,11.9608,12.7626,13.5822,33.7516,1.2604,1.3305,1.4618,4.0829,Sudden_Anomaly,50.0
C07839,L4,DAC,125.46,1.784,12.2132,12.963,13.8602,15.4058,1.3074,1.3464,1.438,1.6453,Normal,50.0
C07840,L4,FPGA,125.51,1.097,11.5383,12.777,15.5581,21.4864,1.2037,1.4079,1.6564,2.4034,Latent_Defect,50.0
C07841,L4,ADC,125.84,1.828,12.8602,13.1242,13.3198,13.3316,1.3793,1.3521,1.3985,1.4032,High_Stable,50.0
C07842,L4,FPGA,125.82,1.077,11.2687,11.3525,11.6265,11.7036,1.1879,1.192,1.212,1.2168,High_Stable,50.0
C07843,L4,ASIC,123.97,1.179,11.9708,13.0067,13.6963,14.6585,1.2892,1.4072,1.4363,1.591,Normal,50.0
C07844,L4,FPGA,125.41,1.08,11.0715,11.3085,11.4803,11.3403,1.1638,1.1595,1.2023,1.1797,High_Stable,50.0
C07845,L4,ASIC,124.4,1.22,11.6266,12.2905,12.253,13.0867,1.209,1.3128,1.2895,1.3772,Normal,50.0
C07846,L4,ADC,125.57,1.785,12.2733,13.0628,13.3344,14.4453,1.2557,1.38,1.3948,1.5886,Normal,50.0
C07847,L4,DAC,123.34,1.799,12.0843,14.0834,17.4331,22.621,1.2998,1.4924,1.891,2.5625,Latent_Defect,50.0
C07848,L4,ASIC,124.87,1.207,12.3341,12.6575,12.908,13.2669,1.3195,1.3398,1.3659,1.3921,Normal,50.0
C07849,L4,FPGA,124.75,1.092,12.0517,12.4248,13.4513,13.9972,1.3122,1.2876,1.4026,1.5315,Normal,50.0
C07850,L4,ADC,124.16,1.807,11.3491,13.485,20.3174,50.9801,1.1852,1.4188,2.2414,6.9351,Absolute_Failure,50.0
C07851,L4,ASIC,124.91,1.202,11.0018,11.1033,11.3212,11.5295,1.1703,1.1487,1.1503,1.2506,High_Stable,50.0
C07852,L4,ASIC,124.87,1.184,10.4305,11.3398,11.7171,12.2939,1.0717,1.2041,1.2791,1.2951,Normal,50.0
C07853,L4,ADC,125.45,1.806,11.7979,12.8107,14.0702,14.6454,1.2415,1.3191,1.456,1.6004,Normal,50.0
C07854,L4,FPGA,125.71,1.087,11.0656,12.4232,14.5901,33.7296,1.1462,1.3055,1.4845,4.096,Sudden_Anomaly,50.0
C07855,L4,ADC,125.84,1.791,11.9059,12.6447,13.0099,14.4384,1.256,1.3292,1.3615,1.5147,Normal,50.0
C07856,L4,ASIC,125.87,1.189,12.3,12.3289,12.5717,13.0553,1.2555,1.2899,1.3058,1.3682,High_Stable,50.0
C07857,L4,FPGA,126.43,1.109,11.5934,13.8404,19.9417,54.9153,1.2274,1.4513,2.2042,7.6425,Absolute_Failure,50.0
C07858,L4,FPGA,124.75,1.113,11.0041,12.0023,13.3424,13.517,1.1641,1.1941,1.3917,1.3852,Normal,50.0
C07859,L4,ADC,124.55,1.8,11.7143,12.5851,13.3999,14.0284,1.2344,1.3149,1.4422,1.5447,Normal,50.0
C07860,L4,ASIC,126.07,1.201,11.472,11.9107,13.2553,14.5939,1.1515,1.2365,1.3845,1.5352,Normal,50.0
C07861,L4,ADC,124.42,1.793,11.8774,12.049,12.4369,13.4321,1.2698,1.254,1.2728,1.4261,Normal,50.0
C07862,L4,ASIC,124.73,1.21,11.5173,11.6009,11.6981,12.6351,1.1909,1.2048,1.1901,1.3783,Normal,50.0
C07863,L4,ASIC,124.73,1.212,10.6789,11.5809,12.0645,13.223,1.1524,1.1957,1.2373,1.4182,Normal,50.0
C07864,L4,FPGA,125.33,1.078,11.7157,13.2723,19.9571,51.6447,1.232,1.4122,2.2044,7.0269,Absolute_Failure,50.0
C07865,L4,FPGA,125.72,1.067,11.0736,11.8345,12.4574,12.9247,1.1716,1.2269,1.3019,1.3777,Normal,50.0
C07866,L4,ADC,123.46,1.775,11.2649,12.9501,22.3109,56.1238,1.1851,1.3608,2.5151,7.8625,Absolute_Failure,50.0
C07867,L4,ADC,123.94,1.784,11.5413,12.905,15.3802,23.2399,1.2053,1.3526,1.6697,2.6337,Latent_Defect,50.0
C07868,L4,ASIC,123.65,1.209,11.9956,13.1107,13.9136,15.1134,1.3144,1.3788,1.5063,1.6557,Normal,50.0
C07869,L4,FPGA,124.9,1.094,11.7182,12.2966,12.7555,13.5371,1.2003,1.276,1.3466,1.4316,Normal,50.0
C07870,L4,DAC,123.66,1.802,12.7887,12.8476,12.8911,12.9405,1.3763,1.3365,1.3372,1.3064,High_Stable,50.0
C07871,L4,ASIC,124.3,1.187,10.9277,11.4182,11.956,12.5935,1.1533,1.1981,1.2535,1.3299,Normal,50.0
C07872,L4,FPGA,125.12,1.123,11.3109,12.0409,13.1382,38.727,1.1623,1.2369,1.4168,4.9149,Sudden_Anomaly,50.0
C07873,L4,DAC,125.28,1.822,11.5009,12.2997,13.037,14.2271,1.223,1.2803,1.3641,1.5015,Normal,50.0
C07874,L4,ADC,125.4,1.848,11.6011,12.3771,13.7231,38.8903,1.2496,1.2666,1.4875,4.9252,Sudden_Anomaly,50.0
C07875,L4,DAC,124.97,1.757,11.7611,12.9123,17.9076,61.9175,1.2327,1.3681,1.9526,8.9378,Absolute_Failure,50.0
C07876,L4,DAC,124.79,1.779,12.055,13.6773,17.9263,24.2299,1.2609,1.4508,1.9973,2.7486,Latent_Defect,50.0
C07877,L4,FPGA,124.95,1.116,12.3221,12.5731,13.6053,13.7777,1.2943,1.2928,1.4492,1.4718,Normal,50.0
C07878,L4,FPGA,124.77,1.089,11.251,11.6516,12.1285,12.7545,1.1834,1.2396,1.2952,1.3413,Normal,50.0
C07879,L4,ASIC,124.81,1.212,12.1617,12.06,12.3,12.3212,1.2524,1.2863,1.2442,1.34,High_Stable,50.0
C07880,L4,ASIC,124.88,1.181,11.7922,12.9495,16.8874,21.067,1.2308,1.3584,1.8261,2.3693,Latent_Defect,50.0
C07881,L4,ASIC,124.15,1.185,11.7417,12.2088,13.9568,34.575,1.2432,1.26,1.4662,4.2516,Sudden_Anomaly,50.0
C07882,L4,DAC,124.6,1.802,12.606,12.8286,12.8183,13.0345,1.3146,1.3327,1.3371,1.3496,High_Stable,50.0
C07883,L4,ADC,124.11,1.802,12.0529,12.5321,16.1178,51.4129,1.2489,1.3337,1.7652,7.0128,Absolute_Failure,50.0
C07884,L4,DAC,126.59,1.821,12.2774,12.958,13.8108,15.1733,1.2625,1.389,1.4344,1.6485,Normal,50.0
C07885,L4,FPGA,126.2,1.106,11.5369,11.9464,13.1791,13.8648,1.2246,1.229,1.3657,1.4739,Normal,50.0
C07886,L4,ASIC,125.45,1.193,10.5627,11.3751,12.1241,13.3648,1.1249,1.1593,1.2921,1.4098,Normal,50.0
C07887,L4,DAC,125.55,1.771,11.6794,11.9685,12.9579,32.5665,1.2583,1.2641,1.3596,3.9258,Sudden_Anomaly,50.0
C07888,L4,DAC,125.39,1.795,12.2185,12.8577,13.2989,14.537,1.2583,1.3908,1.3839,1.5641,Normal,50.0
C07889,L4,FPGA,125.43,1.086,12.4537,12.6807,12.8175,12.8653,1.296,1.3284,1.3224,1.3204,High_Stable,50.0
C07890,L4,ADC,124.3,1.806,12.5321,12.7092,12.7497,12.5984,1.3371,1.3285,1.3496,1.2951,High_Stable,50.0
C07891,L4,FPGA,126.06,1.13,11.7548,11.9754,12.0899,12.3826,1.2462,1.2505,1.2833,1.2901,High_Stable,50.0
C07892,L4,ASIC,125.21,1.196,11.326,12.3107,13.3814,14.2325,1.1718,1.2823,1.3645,1.5386,Normal,50.0
C07893,L4,FPGA,125.68,1.094,12.1483,12.4172,12.523,12.4057,1.2358,1.2903,1.3427,1.3015,High_Stable,50.0
C07894,L4,ASIC,124.77,1.193,11.6428,12.845,14.2392,14.9883,1.165,1.3441,1.5585,1.6112,Normal,50.0
C07895,L4,ADC,124.32,1.793,12.0419,13.0137,13.7848,14.6577,1.2925,1.3707,1.4395,1.5604,Normal,50.0
C07896,L4,ADC,125.22,1.789,11.6563,11.8925,13.0201,13.8537,1.2154,1.2975,1.4227,1.462,Normal,50.0
C07897,L4,ASIC,125.47,1.197,11.2545,12.5856,13.2657,29.4607,1.1683,1.3206,1.4224,3.5081,Sudden_Anomaly,50.0
C07898,L4,ASIC,124.67,1.203,11.243,11.6976,13.1948,39.7111,1.157,1.2152,1.3822,5.0427,Sudden_Anomaly,50.0
C07899,L4,FPGA,125.12,1.077,11.0974,12.6733,17.3644,24.4962,1.1673,1.3749,1.9023,2.776,Latent_Defect,50.0
C07900,L4,ASIC,124.73,1.172,11.2942,11.9037,12.7923,13.9945,1.2094,1.2436,1.3563,1.4226,Normal,50.0
C07901,L4,FPGA,124.53,1.11,11.0412,12.0333,12.1907,13.277,1.0949,1.2359,1.316,1.4326,Normal,50.0
C07902,L4,DAC,125.89,1.805,11.8383,12.4587,12.88,13.6142,1.2882,1.2762,1.3815,1.4353,Normal,50.0
C07903,L4,FPGA,125.35,1.115,11.3437,11.5946,11.8111,11.9175,1.1598,1.2504,1.266,1.2791,High_Stable,50.0
C07904,L4,ASIC,124.22,1.181,11.196,12.7324,16.7678,20.6412,1.1665,1.2887,1.8445,2.297,Latent_Defect,50.0
C07905,L4,FPGA,124.65,1.099,11.3879,11.7404,12.5708,13.3107,1.1906,1.1703,1.3002,1.4165,Normal,50.0
C07906,L4,ADC,125.27,1.768,11.7063,12.606,13.7788,14.8141,1.2222,1.3199,1.4876,1.5753,Normal,50.0
C07907,L4,DAC,125.7,1.817,12.5935,14.0447,17.4037,57.123,1.3177,1.4522,1.8902,8.023,Absolute_Failure,50.0
C07908,L4,ASIC,124.83,1.187,11.7431,12.5546,13.5837,13.6997,1.2292,1.3349,1.4233,1.4777,Normal,50.0
C07909,L4,FPGA,125.58,1.117,11.6029,11.9598,12.1498,12.3129,1.2086,1.2731,1.3282,1.2816,High_Stable,50.0
C07910,L4,DAC,124.93,1.779,12.5302,12.5638,12.6837,12.8881,1.3364,1.3388,1.2825,1.3183,High_Stable,50.0
C07911,L4,ADC,123.86,1.815,12.3918,13.6006,14.2375,15.5949,1.2637,1.3975,1.4913,1.6541,Normal,50.0
C07912,L4,FPGA,124.89,1.106,11.4168,11.5943,11.612,11.2505,1.2047,1.2163,1.2455,1.1437,High_Stable,50.0
C07913,L4,ADC,124.38,1.834,11.9358,12.7258,13.5169,14.246,1.2761,1.3215,1.4196,1.526,Normal,50.0
C07914,L4,DAC,124.98,1.801,12.6652,12.98,13.4466,14.9652,1.3321,1.3493,1.3929,1.6093,Normal,50.0
C07915,L4,FPGA,124.54,1.105,11.2539,11.8852,12.0558,12.5741,1.1529,1.2146,1.2977,1.3503,Normal,50.0
C07916,L4,ASIC,125.41,1.18,11.6188,13.077,18.8665,51.8422,1.24,1.3598,2.0692,7.0665,Absolute_Failure,50.0
C07917,L4,ADC,124.18,1.783,11.7058,12.4127,13.0155,14.2519,1.2138,1.358,1.3478,1.5432,Normal,50.0
C07918,L4,DAC,124.2,1.833,12.0733,12.8301,12.9753,13.4463,1.2605,1.3517,1.3774,1.442,Normal,50.0
C07919,L4,FPGA,125.78,1.075,11.2569,11.5366,12.726,13.9344,1.1264,1.2091,1.3895,1.5028,Normal,50.0
C07920,L4,ADC,124.47,1.792,11.7848,13.6189,18.5959,22.6047,1.2684,1.4058,2.0421,2.5568,Latent_Defect,50.0
C07921,L4,ASIC,125.05,1.185,11.0502,11.6233,12.0503,13.3536,1.1309,1.2009,1.2933,1.3689,Normal,50.0
C07922,L4,ASIC,123.55,1.204,11.5918,12.0836,12.7915,13.8703,1.2365,1.2754,1.3201,1.4486,Normal,50.0
C07923,L4,DAC,124.41,1.798,11.8853,12.4696,13.9488,15.0016,1.2133,1.2761,1.5115,1.5701,Normal,50.0
C07924,L4,FPGA,124.04,1.101,11.6593,11.9912,12.437,13.6035,1.2264,1.275,1.2844,1.4067,Normal,50.0
C07925,L4,FPGA,123.86,1.085,11.1797,12.4878,15.1979,58.0563,1.1999,1.3237,1.6708,8.19,Absolute_Failure,50.0
C07926,L4,FPGA,126.21,1.108,11.4616,12.2171,13.0005,14.2548,1.226,1.326,1.3743,1.478,Normal,50.0
C07927,L4,ADC,124.69,1.826,12.1342,12.9917,13.9969,15.3122,1.2703,1.3507,1.4791,1.6459,Normal,50.0
C07928,L4,DAC,125.02,1.811,12.0216,12.9098,18.3225,25.0395,1.2358,1.4209,2.0053,2.84,Latent_Defect,50.0
C07929,L4,ASIC,125.24,1.22,11.1755,11.4151,11.9188,13.3016,1.1541,1.1084,1.2181,1.401,Normal,50.0
C07930,L4,DAC,125.51,1.791,12.5901,12.8161,12.7188,12.8435,1.2994,1.3358,1.3552,1.3569,High_Stable,50.0
C07931,L4,FPGA,125.65,1.121,11.5616,13.0104,22.0069,55.7789,1.206,1.3701,2.4352,7.7529,Absolute_Failure,50.0
C07932,L4,FPGA,125.02,1.094,11.5312,11.8985,13.0903,13.458,1.2175,1.2256,1.3837,1.4115,Normal,50.0
C07933,L4,DAC,124.39,1.819,11.8376,12.3289,13.1929,14.3618,1.2335,1.2638,1.3805,1.5895,Normal,50.0
C07934,L4,ADC,123.56,1.825,12.738,12.9242,13.2073,13.4293,1.3354,1.3244,1.3845,1.3718,High_Stable,50.0
C07935,L4,DAC,126.07,1.823,12.1663,13.2655,13.9824,15.3018,1.2859,1.3919,1.4951,1.6407,Normal,50.0
C07936,L4,DAC,124.48,1.811,12.1228,13.8428,18.6112,26.8586,1.2451,1.4443,2.0812,3.1123,Latent_Defect,50.0
C07937,L4,FPGA,125.49,1.093,11.9174,12.6203,13.7633,14.4289,1.306,1.3209,1.4773,1.5452,Normal,50.0
C07938,L4,ASIC,125.05,1.217,11.1745,12.8668,17.7671,22.0637,1.1308,1.3845,1.9422,2.4766,Latent_Defect,50.0
C07939,L4,DAC,125.54,1.813,11.3928,14.0138,22.5556,51.7533,1.1975,1.496,2.5644,7.0806,Absolute_Failure,50.0
C07940,L4,ASIC,125.82,1.174,11.8909,12.7026,15.0362,34.1558,1.2134,1.2935,1.6493,4.1718,Sudden_Anomaly,50.0
C07941,L4,ADC,125.3,1.808,11.8657,12.997,13.3502,13.4627,1.2286,1.3649,1.4474,1.4256,Normal,50.0
C07942,L4,ADC,123.95,1.801,12.3727,13.1865,14.0351,14.9267,1.3074,1.3825,1.5109,1.5992,Normal,50.0
C07943,L4,FPGA,126.33,1.131,12.0321,12.8393,13.163,13.9411,1.2396,1.3528,1.4071,1.472,Normal,50.0
C07944,L4,FPGA,125.05,1.098,11.3617,12.2488,13.0891,13.7129,1.1761,1.2956,1.3855,1.4241,Normal,50.0
C07945,L4,ASIC,126.4,1.194,11.2232,11.4236,12.2848,13.333,1.2103,1.1395,1.3158,1.4,Normal,50.0
C07946,L4,FPGA,126.64,1.128,11.1538,11.3452,11.5837,11.7056,1.1332,1.196,1.1924,1.2517,High_Stable,50.0
C07947,L4,DAC,125.64,1.826,12.7145,14.1487,18.8084,26.404,1.3141,1.5349,2.0864,3.0839,Latent_Defect,50.0
C07948,L4,ASIC,125.42,1.221,11.2203,12.3773,15.0383,28.4399,1.1335,1.3123,1.6127,3.379,Sudden_Anomaly,50.0
C07949,L4,ADC,123.07,1.8,11.2714,11.6416,12.4154,13.4599,1.1586,1.226,1.3077,1.4334,Normal,50.0
C07950,L4,FPGA,127.18,1.057,11.3483,11.864,12.992,13.1194,1.1502,1.2252,1.3869,1.4087,Normal,50.0
C07951,L4,ADC,124.6,1.795,11.5276,11.805,12.1941,13.6143,1.1863,1.2041,1.2596,1.4495,Normal,50.0
C07952,L4,ASIC,125.69,1.209,11.6124,12.4242,13.5566,15.1774,1.2067,1.2789,1.4206,1.6094,Normal,50.0
C07953,L4,ASIC,125.86,1.215,11.2609,12.2195,13.2368,37.2522,1.1637,1.3108,1.4286,4.5879,Sudden_Anomaly,50.0
C07954,L4,FPGA,124.61,1.113,10.6732,11.9557,19.3593,52.1976,1.1134,1.2688,2.1408,7.1747,Absolute_Failure,50.0
C07955,L4,FPGA,125.31,1.067,12.3892,12.3473,12.3761,12.2151,1.3113,1.34,1.3013,1.3133,High_Stable,50.0
C07956,L4,DAC,125.03,1.803,11.6483,12.2013,12.8607,13.8316,1.1759,1.3036,1.3347,1.4657,Normal,50.0
C07957,L4,DAC,123.77,1.82,11.8064,12.7418,13.6037,15.3521,1.206,1.3665,1.4865,1.6172,Normal,50.0
C07958,L4,ASIC,125.27,1.211,11.7875,13.4914,17.4478,23.4414,1.2479,1.3808,1.9128,2.6856,Latent_Defect,50.0
C07959,L4,ASIC,126.34,1.229,11.6625,11.7942,11.9545,12.1885,1.2072,1.2062,1.2796,1.2517,High_Stable,50.0
C07960,L4,ASIC,124.87,1.201,11.2736,12.0521,12.8906,13.6948,1.2247,1.2765,1.348,1.4426,Normal,50.0
C07961,L4,ASIC,126.25,1.18,11.5737,11.9543,11.7398,11.5313,1.1682,1.2383,1.2075,1.1884,High_Stable,50.0
C07962,L4,DAC,124.61,1.814,12.365,13.5468,15.5244,40.5566,1.344,1.4201,1.6672,5.143,Sudden_Anomaly,50.0
C07963,L4,DAC,124.83,1.79,12.3237,12.5849,13.6561,14.9872,1.2724,1.3596,1.4461,1.5808,Normal,50.0
C07964,L4,ASIC,125.63,1.207,11.5559,12.3839,13.445,14.024,1.2043,1.2822,1.3972,1.484,Normal,50.0
C07965,L4,ADC,124.84,1.766,11.6321,13.1096,14.0751,34.4559,1.1992,1.3922,1.4285,4.2299,Sudden_Anomaly,50.0
C07966,L4,DAC,126.33,1.804,11.8519,13.0056,13.7851,14.8031,1.2353,1.4252,1.4279,1.571,Normal,50.0
C07967,L4,ASIC,123.81,1.218,11.4309,11.7411,12.3969,12.7391,1.2001,1.2168,1.2958,1.3358,Normal,50.0
C07968,L4,ASIC,125.25,1.207,11.5834,12.5802,13.3748,13.8829,1.2281,1.3384,1.4189,1.4641,Normal,50.0
C07969,L4,ASIC,125.67,1.205,11.8047,11.7649,11.9382,12.2274,1.2469,1.2553,1.2444,1.285,High_Stable,50.0
C07970,L4,DAC,124.68,1.814,11.8522,12.9245,13.6534,14.2066,1.2411,1.3714,1.4251,1.5235,Normal,50.0
C07971,L4,ASIC,126.0,1.21,11.8184,12.7879,17.1833,22.144,1.2345,1.3307,1.875,2.4915,Latent_Defect,50.0
C07972,L4,FPGA,126.26,1.122,11.1768,11.8833,11.9644,13.138,1.1859,1.2703,1.2333,1.3869,Normal,50.0
C07973,L4,ASIC,123.32,1.183,11.8767,12.6369,13.9634,14.5451,1.2525,1.2929,1.4826,1.5716,Normal,50.0
C07974,L4,FPGA,124.97,1.098,11.7675,12.3356,16.2908,53.7476,1.2349,1.2844,1.7404,7.4214,Absolute_Failure,50.0
C07975,L4,ASIC,125.62,1.203,11.0907,11.3279,11.7683,13.0799,1.1532,1.1997,1.2392,1.3641,Normal,50.0
C07976,L4,DAC,125.89,1.791,11.8092,12.4527,15.7328,43.9911,1.2133,1.3461,1.6767,5.742,Sudden_Anomaly,50.0
C07977,L4,FPGA,127.05,1.086,11.15,12.0773,13.2073,12.8737,1.163,1.2682,1.4141,1.3293,Normal,50.0
C07978,L4,DAC,125.25,1.806,12.3856,13.6577,14.5861,15.7597,1.3123,1.4615,1.5781,1.7215,Normal,50.0
C07979,L4,ADC,124.36,1.842,11.994,13.0554,14.1878,14.8633,1.2788,1.3795,1.5148,1.5958,Normal,50.0
C07980,L4,FPGA,123.18,1.107,10.8597,11.5944,12.6402,13.486,1.1302,1.1918,1.3337,1.4423,Normal,50.0
C07981,L4,ASIC,124.34,1.226,11.4545,12.7643,15.8266,23.2909,1.1656,1.3404,1.667,2.6315,Latent_Defect,50.0
C07982,L4,DAC,124.78,1.795,11.6465,12.079,12.6149,13.899,1.2238,1.2861,1.3294,1.4742,Normal,50.0
C07983,L4,ASIC,126.51,1.177,11.2651,11.55,12.4862,14.1642,1.1443,1.2091,1.346,1.5101,Normal,50.0
C07984,L4,ASIC,124.85,1.17,11.7084,13.5106,16.9493,22.2629,1.1957,1.4487,1.8227,2.498,Latent_Defect,50.0
C07985,L4,FPGA,126.03,1.1,11.8612,12.1811,12.2543,12.4135,1.1921,1.3338,1.2696,1.3147,High_Stable,50.0
C07986,L4,ASIC,124.41,1.21,11.7306,12.5535,12.7852,13.6273,1.1916,1.3201,1.3538,1.4511,Normal,50.0
C07987,L4,ADC,124.92,1.812,11.5227,12.3035,18.2564,59.1631,1.2686,1.2832,1.9912,8.412,Absolute_Failure,50.0
C07988,L4,DAC,124.54,1.779,11.5128,12.4922,13.1633,14.6288,1.2018,1.3172,1.3733,1.5615,Normal,50.0
C07989,L4,FPGA,125.46,1.09,10.8461,11.4664,11.9971,12.0448,1.1448,1.1948,1.258,1.2665,Normal,50.0
C07990,L4,FPGA,124.4,1.091,12.0249,12.0823,11.9826,12.0126,1.2481,1.2663,1.2262,1.3014,High_Stable,50.0
C07991,L4,FPGA,125.49,1.101,11.2733,11.4605,11.8318,12.2456,1.1472,1.1994,1.2378,1.282,High_Stable,50.0
C07992,L4,ADC,124.75,1.834,11.8292,12.6666,13.559,14.361,1.2342,1.3551,1.4047,1.5181,Normal,50.0
C07993,L4,ADC,123.12,1.814,12.0793,13.1366,14.0604,15.4656,1.2666,1.4499,1.4635,1.6585,Normal,50.0
C07994,L4,ADC,124.83,1.802,11.8759,12.4893,12.9812,13.8236,1.2251,1.3337,1.3758,1.4658,Normal,50.0
C07995,L4,DAC,124.45,1.792,12.083,13.109,16.5417,55.1796,1.26,1.3855,1.8216,7.6748,Absolute_Failure,50.0
C07996,L4,ADC,124.59,1.785,12.0358,13.6165,18.4404,25.4483,1.2721,1.4388,2.055,2.9277,Latent_Defect,50.0
C07997,L4,ASIC,125.2,1.198,11.1941,12.2594,12.9226,13.5089,1.1339,1.2906,1.3584,1.4593,Normal,50.0
C07998,L4,ASIC,123.54,1.222,11.1982,12.9832,18.5107,54.2901,1.135,1.3773,2.0212,7.547,Absolute_Failure,50.0
C07999,L4,ASIC,125.81,1.17,11.3235,12.3576,12.5079,13.733,1.1513,1.3631,1.3315,1.45,Normal,50.0
C08000,L4,ASIC,125.56,1.197,11.5216,12.3403,14.3012,29.977,1.1685,1.3509,1.4955,3.5742,Sudden_Anomaly,50.0
