component_id,lot_id,component_type,temperature_C,voltage_V,iddq_0h_uA,iddq_24h_uA,iddq_96h_uA,iddq_168h_uA,leakage_0h_uA,leakage_24h_uA,leakage_96h_uA,leakage_168h_uA,ground_truth,absolute_limit_uA
C18001,L10,TypeA,26.8,1.03,14.61,15.61,34.61,36.61,1.46,1.56,3.46,3.66,Sudden_Anomaly,50
C18002,L10,TypeA,30.26,1.24,9.89,9.89,9.89,9.89,0.99,0.99,0.99,0.99,High_Stable,50
C18003,L10,TypeB,31.75,1.1,13.48,14.48,33.48,35.48,1.35,1.45,3.35,3.55,Sudden_Anomaly,50
C18004,L10,TypeB,32.97,1.01,14.83,15.83,16.83,60.0,1.48,1.58,1.68,6.0,Absolute_Failure,50
C18005,L10,TypeA,25.38,1.13,12.22,13.22,14.22,60.0,1.22,1.32,1.42,6.0,Absolute_Failure,50
C18006,L10,TypeA,33.85,1.28,9.54,10.54,11.54,12.54,0.95,1.05,1.15,1.25,Normal,50
C18007,L10,TypeA,33.46,1.18,10.24,10.24,10.24,10.24,1.02,1.02,1.02,1.02,High_Stable,50
C18008,L10,TypeB,31.08,1.01,8.27,10.27,13.27,18.27,0.83,1.03,1.33,1.83,Latent_Defect,50
C18009,L10,TypeC,30.08,1.11,11.83,12.83,13.83,60.0,1.18,1.28,1.38,6.0,Absolute_Failure,50
C18010,L10,TypeA,26.07,1.03,10.72,11.72,30.72,32.72,1.07,1.17,3.07,3.27,Sudden_Anomaly,50
C18011,L10,TypeA,29.89,1.23,10.25,11.25,12.25,13.25,1.03,1.13,1.23,1.33,Normal,50
C18012,L10,TypeC,29.47,1.0,11.6,11.6,11.6,11.6,1.16,1.16,1.16,1.16,High_Stable,50
C18013,L10,TypeA,27.04,1.02,8.75,9.75,10.75,60.0,0.87,0.97,1.07,6.0,Absolute_Failure,50
C18014,L10,TypeA,30.37,1.0,12.66,13.66,14.66,15.66,1.27,1.37,1.47,1.57,Normal,50
C18015,L10,TypeA,25.97,1.14,14.69,14.69,14.69,14.69,1.47,1.47,1.47,1.47,High_Stable,50
C18016,L10,TypeB,26.19,1.0,10.77,11.77,30.77,32.77,1.08,1.18,3.08,3.28,Sudden_Anomaly,50
C18017,L10,TypeA,28.71,1.05,8.58,9.58,10.58,11.58,0.86,0.96,1.06,1.16,Normal,50
C18018,L10,TypeA,31.63,1.05,11.4,11.4,11.4,11.4,1.14,1.14,1.14,1.14,High_Stable,50
C18019,L10,TypeB,30.82,1.11,8.02,8.02,8.02,8.02,0.8,0.8,0.8,0.8,High_Stable,50
C18020,L10,TypeC,33.02,1.11,14.07,14.07,14.07,14.07,1.41,1.41,1.41,1.41,High_Stable,50
C18021,L10,TypeC,28.45,1.15,11.62,11.62,11.62,11.62,1.16,1.16,1.16,1.16,High_Stable,50
C18022,L10,TypeC,34.68,1.01,14.33,15.33,34.33,36.33,1.43,1.53,3.43,3.63,Sudden_Anomaly,50
C18023,L10,TypeC,26.68,1.23,8.64,9.64,10.64,11.64,0.86,0.96,1.06,1.16,Normal,50
C18024,L10,TypeB,30.76,1.13,14.27,15.27,16.27,60.0,1.43,1.53,1.63,6.0,Absolute_Failure,50
C18025,L10,TypeB,26.98,1.3,10.51,11.51,12.51,13.51,1.05,1.15,1.25,1.35,Normal,50
C18026,L10,TypeA,33.77,1.02,8.97,9.97,28.97,30.97,0.9,1.0,2.9,3.1,Sudden_Anomaly,50
C18027,L10,TypeB,30.58,1.02,14.25,14.25,14.25,14.25,1.43,1.43,1.43,1.43,High_Stable,50
C18028,L10,TypeC,26.2,1.19,14.76,15.76,16.76,60.0,1.48,1.58,1.68,6.0,Absolute_Failure,50
C18029,L10,TypeB,28.9,1.02,13.87,13.87,13.87,13.87,1.39,1.39,1.39,1.39,High_Stable,50
C18030,L10,TypeB,27.9,1.18,13.07,14.07,15.07,16.07,1.31,1.41,1.51,1.61,Normal,50
C18031,L10,TypeC,28.84,1.08,14.45,16.45,19.45,24.45,1.45,1.65,1.95,2.45,Latent_Defect,50
C18032,L10,TypeB,27.24,1.17,13.38,14.38,33.38,35.38,1.34,1.44,3.34,3.54,Sudden_Anomaly,50
C18033,L10,TypeC,26.35,1.03,8.57,9.57,10.57,11.57,0.86,0.96,1.06,1.16,Normal,50
C18034,L10,TypeA,32.89,1.23,9.68,11.68,14.68,19.68,0.97,1.17,1.47,1.97,Latent_Defect,50
C18035,L10,TypeB,26.22,1.21,10.92,11.92,12.92,60.0,1.09,1.19,1.29,6.0,Absolute_Failure,50
C18036,L10,TypeA,29.8,1.1,9.66,9.66,9.66,9.66,0.97,0.97,0.97,0.97,High_Stable,50
C18037,L10,TypeB,25.65,1.07,14.98,15.98,34.98,36.98,1.5,1.6,3.5,3.7,Sudden_Anomaly,50
C18038,L10,TypeA,25.89,1.16,12.41,13.41,14.41,60.0,1.24,1.34,1.44,6.0,Absolute_Failure,50
C18039,L10,TypeC,27.39,1.14,9.78,10.78,29.78,31.78,0.98,1.08,2.98,3.18,Sudden_Anomaly,50
C18040,L10,TypeB,26.21,1.02,10.6,11.6,30.6,32.6,1.06,1.16,3.06,3.26,Sudden_Anomaly,50
C18041,L10,TypeC,32.32,1.01,11.89,12.89,31.89,33.89,1.19,1.29,3.19,3.39,Sudden_Anomaly,50
C18042,L10,TypeC,30.55,1.09,11.96,12.96,31.96,33.96,1.2,1.3,3.2,3.4,Sudden_Anomaly,50
C18043,L10,TypeA,30.69,1.2,11.83,11.83,11.83,11.83,1.18,1.18,1.18,1.18,High_Stable,50
C18044,L10,TypeB,27.02,1.15,14.88,15.88,16.88,60.0,1.49,1.59,1.69,6.0,Absolute_Failure,50
C18045,L10,TypeC,27.77,1.01,10.31,11.31,12.31,13.31,1.03,1.13,1.23,1.33,Normal,50
C18046,L10,TypeA,34.49,1.13,11.63,12.63,13.63,14.63,1.16,1.26,1.36,1.46,Normal,50
C18047,L10,TypeB,25.56,1.03,11.12,12.12,13.12,60.0,1.11,1.21,1.31,6.0,Absolute_Failure,50
C18048,L10,TypeB,33.5,1.16,11.43,12.43,13.43,60.0,1.14,1.24,1.34,6.0,Absolute_Failure,50
C18049,L10,TypeA,27.13,1.06,11.27,12.27,13.27,14.27,1.13,1.23,1.33,1.43,Normal,50
C18050,L10,TypeB,33.85,1.16,11.14,12.14,13.14,60.0,1.11,1.21,1.31,6.0,Absolute_Failure,50
C18051,L10,TypeA,25.27,1.28,8.33,9.33,10.33,60.0,0.83,0.93,1.03,6.0,Absolute_Failure,50
C18052,L10,TypeB,31.62,1.23,9.93,10.93,11.93,60.0,0.99,1.09,1.19,6.0,Absolute_Failure,50
C18053,L10,TypeC,32.51,1.13,9.85,10.85,11.85,60.0,0.98,1.08,1.18,6.0,Absolute_Failure,50
C18054,L10,TypeB,26.48,1.07,12.31,14.31,17.31,22.31,1.23,1.43,1.73,2.23,Latent_Defect,50
C18055,L10,TypeB,25.37,1.08,11.9,13.9,16.9,21.9,1.19,1.39,1.69,2.19,Latent_Defect,50
C18056,L10,TypeA,25.99,1.28,13.53,13.53,13.53,13.53,1.35,1.35,1.35,1.35,High_Stable,50
C18057,L10,TypeB,32.71,1.02,13.52,14.52,33.52,35.52,1.35,1.45,3.35,3.55,Sudden_Anomaly,50
C18058,L10,TypeC,28.03,1.2,11.06,11.06,11.06,11.06,1.11,1.11,1.11,1.11,High_Stable,50
C18059,L10,TypeC,29.52,1.05,14.94,16.94,19.94,24.94,1.49,1.69,1.99,2.49,Latent_Defect,50
C18060,L10,TypeC,27.54,1.25,9.5,10.5,11.5,12.5,0.95,1.05,1.15,1.25,Normal,50
C18061,L10,TypeB,31.35,1.22,9.52,10.52,29.52,31.52,0.95,1.05,2.95,3.15,Sudden_Anomaly,50
C18062,L10,TypeB,28.51,1.26,14.61,16.61,19.61,24.61,1.46,1.66,1.96,2.46,Latent_Defect,50
C18063,L10,TypeC,34.65,1.01,13.76,14.76,15.76,16.76,1.38,1.48,1.58,1.68,Normal,50
C18064,L10,TypeC,29.67,1.09,11.86,11.86,11.86,11.86,1.19,1.19,1.19,1.19,High_Stable,50
C18065,L10,TypeC,30.31,1.3,13.72,14.72,15.72,16.72,1.37,1.47,1.57,1.67,Normal,50
C18066,L10,TypeC,28.62,1.25,14.33,15.33,16.33,60.0,1.43,1.53,1.63,6.0,Absolute_Failure,50
C18067,L10,TypeC,25.75,1.1,13.8,14.8,15.8,60.0,1.38,1.48,1.58,6.0,Absolute_Failure,50
C18068,L10,TypeC,31.32,1.14,12.86,13.86,32.86,34.86,1.29,1.39,3.29,3.49,Sudden_Anomaly,50
C18069,L10,TypeC,28.97,1.13,12.37,13.37,14.37,60.0,1.24,1.34,1.44,6.0,Absolute_Failure,50
C18070,L10,TypeB,30.57,1.12,10.56,12.56,15.56,20.56,1.06,1.26,1.56,2.06,Latent_Defect,50
C18071,L10,TypeA,34.35,1.21,9.31,9.31,9.31,9.31,0.93,0.93,0.93,0.93,High_Stable,50
C18072,L10,TypeA,31.5,1.23,9.85,9.85,9.85,9.85,0.98,0.98,0.98,0.98,High_Stable,50
C18073,L10,TypeA,34.21,1.13,13.48,13.48,13.48,13.48,1.35,1.35,1.35,1.35,High_Stable,50
C18074,L10,TypeC,26.67,1.22,14.62,14.62,14.62,14.62,1.46,1.46,1.46,1.46,High_Stable,50
C18075,L10,TypeC,33.68,1.21,13.87,14.87,15.87,60.0,1.39,1.49,1.59,6.0,Absolute_Failure,50
C18076,L10,TypeA,27.7,1.26,8.24,8.24,8.24,8.24,0.82,0.82,0.82,0.82,High_Stable,50
C18077,L10,TypeC,30.4,1.24,11.63,12.63,31.63,33.63,1.16,1.26,3.16,3.36,Sudden_Anomaly,50
C18078,L10,TypeC,27.81,1.19,10.8,11.8,30.8,32.8,1.08,1.18,3.08,3.28,Sudden_Anomaly,50
C18079,L10,TypeC,27.31,1.16,14.19,15.19,16.19,17.19,1.42,1.52,1.62,1.72,Normal,50
C18080,L10,TypeA,30.41,1.26,11.97,12.97,13.97,14.97,1.2,1.3,1.4,1.5,Normal,50
C18081,L10,TypeB,30.42,1.07,10.5,11.5,12.5,60.0,1.05,1.15,1.25,6.0,Absolute_Failure,50
C18082,L10,TypeB,30.22,1.25,11.3,12.3,13.3,14.3,1.13,1.23,1.33,1.43,Normal,50
C18083,L10,TypeC,26.93,1.07,11.16,12.16,31.16,33.16,1.12,1.22,3.12,3.32,Sudden_Anomaly,50
C18084,L10,TypeB,34.9,1.25,12.48,13.48,32.48,34.48,1.25,1.35,3.25,3.45,Sudden_Anomaly,50
C18085,L10,TypeA,33.9,1.22,14.78,15.78,16.78,60.0,1.48,1.58,1.68,6.0,Absolute_Failure,50
C18086,L10,TypeB,28.93,1.03,14.99,15.99,16.99,60.0,1.5,1.6,1.7,6.0,Absolute_Failure,50
C18087,L10,TypeA,29.72,1.3,14.64,14.64,14.64,14.64,1.46,1.46,1.46,1.46,High_Stable,50
C18088,L10,TypeB,33.23,1.1,12.7,12.7,12.7,12.7,1.27,1.27,1.27,1.27,High_Stable,50
C18089,L10,TypeC,27.91,1.0,8.35,8.35,8.35,8.35,0.83,0.83,0.83,0.83,High_Stable,50
C18090,L10,TypeA,25.62,1.28,8.32,9.32,10.32,11.32,0.83,0.93,1.03,1.13,Normal,50
C18091,L10,TypeA,28.58,1.11,14.69,15.69,16.69,17.69,1.47,1.57,1.67,1.77,Normal,50
C18092,L10,TypeB,29.55,1.04,12.83,12.83,12.83,12.83,1.28,1.28,1.28,1.28,High_Stable,50
C18093,L10,TypeA,34.98,1.05,12.01,13.01,14.01,60.0,1.2,1.3,1.4,6.0,Absolute_Failure,50
C18094,L10,TypeC,27.24,1.21,10.14,11.14,12.14,13.14,1.01,1.11,1.21,1.31,Normal,50
C18095,L10,TypeC,28.46,1.27,8.14,10.14,13.14,18.14,0.81,1.01,1.31,1.81,Latent_Defect,50
C18096,L10,TypeC,30.98,1.29,14.17,14.17,14.17,14.17,1.42,1.42,1.42,1.42,High_Stable,50
C18097,L10,TypeA,27.31,1.03,14.93,15.93,34.93,36.93,1.49,1.59,3.49,3.69,Sudden_Anomaly,50
C18098,L10,TypeA,27.75,1.12,12.02,13.02,14.02,60.0,1.2,1.3,1.4,6.0,Absolute_Failure,50
C18099,L10,TypeA,34.78,1.02,11.99,12.99,13.99,14.99,1.2,1.3,1.4,1.5,Normal,50
C18100,L10,TypeA,33.18,1.17,8.41,9.41,10.41,11.41,0.84,0.94,1.04,1.14,Normal,50
C18101,L10,TypeA,28.25,1.27,12.18,12.18,12.18,12.18,1.22,1.22,1.22,1.22,High_Stable,50
C18102,L10,TypeA,27.12,1.15,13.24,15.24,18.24,23.24,1.32,1.52,1.82,2.32,Latent_Defect,50
C18103,L10,TypeA,29.43,1.03,12.25,13.25,14.25,60.0,1.23,1.33,1.43,6.0,Absolute_Failure,50
C18104,L10,TypeA,29.29,1.28,10.34,10.34,10.34,10.34,1.03,1.03,1.03,1.03,High_Stable,50
C18105,L10,TypeB,34.61,1.18,9.56,10.56,11.56,12.56,0.96,1.06,1.16,1.26,Normal,50
C18106,L10,TypeB,25.22,1.09,12.13,13.13,14.13,15.13,1.21,1.31,1.41,1.51,Normal,50
C18107,L10,TypeA,27.96,1.09,12.18,13.18,32.18,34.18,1.22,1.32,3.22,3.42,Sudden_Anomaly,50
C18108,L10,TypeC,28.6,1.27,14.73,15.73,16.73,60.0,1.47,1.57,1.67,6.0,Absolute_Failure,50
C18109,L10,TypeC,30.9,1.14,12.58,12.58,12.58,12.58,1.26,1.26,1.26,1.26,High_Stable,50
C18110,L10,TypeC,27.29,1.27,9.55,10.55,29.55,31.55,0.96,1.06,2.96,3.16,Sudden_Anomaly,50
C18111,L10,TypeC,33.29,1.19,10.35,11.35,12.35,60.0,1.04,1.14,1.24,6.0,Absolute_Failure,50
C18112,L10,TypeC,32.78,1.2,11.5,12.5,13.5,14.5,1.15,1.25,1.35,1.45,Normal,50
C18113,L10,TypeA,30.02,1.05,12.49,13.49,32.49,34.49,1.25,1.35,3.25,3.45,Sudden_Anomaly,50
C18114,L10,TypeB,31.31,1.1,14.31,16.31,19.31,24.31,1.43,1.63,1.93,2.43,Latent_Defect,50
C18115,L10,TypeC,25.55,1.29,9.6,10.6,11.6,60.0,0.96,1.06,1.16,6.0,Absolute_Failure,50
C18116,L10,TypeA,34.8,1.23,14.55,15.55,16.55,17.55,1.45,1.55,1.65,1.75,Normal,50
C18117,L10,TypeB,29.97,1.17,11.86,12.86,13.86,14.86,1.19,1.29,1.39,1.49,Normal,50
C18118,L10,TypeB,29.74,1.2,9.91,11.91,14.91,19.91,0.99,1.19,1.49,1.99,Latent_Defect,50
C18119,L10,TypeA,33.41,1.03,10.44,10.44,10.44,10.44,1.04,1.04,1.04,1.04,High_Stable,50
C18120,L10,TypeC,28.26,1.2,14.62,14.62,14.62,14.62,1.46,1.46,1.46,1.46,High_Stable,50
C18121,L10,TypeC,28.33,1.22,11.37,12.37,31.37,33.37,1.14,1.24,3.14,3.34,Sudden_Anomaly,50
C18122,L10,TypeB,26.42,1.27,9.86,10.86,11.86,60.0,0.99,1.09,1.19,6.0,Absolute_Failure,50
C18123,L10,TypeC,28.3,1.27,13.86,14.86,15.86,60.0,1.39,1.49,1.59,6.0,Absolute_Failure,50
C18124,L10,TypeA,26.69,1.25,12.13,13.13,14.13,60.0,1.21,1.31,1.41,6.0,Absolute_Failure,50
C18125,L10,TypeB,30.28,1.19,8.4,8.4,8.4,8.4,0.84,0.84,0.84,0.84,High_Stable,50
C18126,L10,TypeC,30.27,1.03,8.82,9.82,28.82,30.82,0.88,0.98,2.88,3.08,Sudden_Anomaly,50
C18127,L10,TypeA,33.23,1.25,9.12,9.12,9.12,9.12,0.91,0.91,0.91,0.91,High_Stable,50
C18128,L10,TypeA,28.89,1.03,12.89,13.89,14.89,15.89,1.29,1.39,1.49,1.59,Normal,50
C18129,L10,TypeA,32.71,1.23,12.92,12.92,12.92,12.92,1.29,1.29,1.29,1.29,High_Stable,50
C18130,L10,TypeC,32.11,1.03,14.22,14.22,14.22,14.22,1.42,1.42,1.42,1.42,High_Stable,50
C18131,L10,TypeC,33.56,1.05,12.64,13.64,14.64,15.64,1.26,1.36,1.46,1.56,Normal,50
C18132,L10,TypeA,25.98,1.26,10.7,10.7,10.7,10.7,1.07,1.07,1.07,1.07,High_Stable,50
C18133,L10,TypeC,33.51,1.03,14.63,14.63,14.63,14.63,1.46,1.46,1.46,1.46,High_Stable,50
C18134,L10,TypeB,32.87,1.28,11.94,12.94,13.94,60.0,1.19,1.29,1.39,6.0,Absolute_Failure,50
C18135,L10,TypeC,30.87,1.11,10.67,12.67,15.67,20.67,1.07,1.27,1.57,2.07,Latent_Defect,50
C18136,L10,TypeA,32.09,1.27,11.01,13.01,16.01,21.01,1.1,1.3,1.6,2.1,Latent_Defect,50
C18137,L10,TypeB,33.99,1.26,14.31,15.31,16.31,60.0,1.43,1.53,1.63,6.0,Absolute_Failure,50
C18138,L10,TypeC,26.86,1.16,12.25,14.25,17.25,22.25,1.23,1.43,1.73,2.23,Latent_Defect,50
C18139,L10,TypeC,25.95,1.04,12.07,13.07,14.07,15.07,1.21,1.31,1.41,1.51,Normal,50
C18140,L10,TypeA,25.53,1.08,11.9,12.9,31.9,33.9,1.19,1.29,3.19,3.39,Sudden_Anomaly,50
C18141,L10,TypeB,32.27,1.21,13.03,15.03,18.03,23.03,1.3,1.5,1.8,2.3,Latent_Defect,50
C18142,L10,TypeB,29.11,1.15,10.08,12.08,15.08,20.08,1.01,1.21,1.51,2.01,Latent_Defect,50
C18143,L10,TypeB,27.02,1.27,11.07,12.07,31.07,33.07,1.11,1.21,3.11,3.31,Sudden_Anomaly,50
C18144,L10,TypeB,27.01,1.1,9.18,10.18,11.18,60.0,0.92,1.02,1.12,6.0,Absolute_Failure,50
C18145,L10,TypeC,26.31,1.24,9.16,9.16,9.16,9.16,0.92,0.92,0.92,0.92,High_Stable,50
C18146,L10,TypeA,30.08,1.07,12.4,14.4,17.4,22.4,1.24,1.44,1.74,2.24,Latent_Defect,50
C18147,L10,TypeC,31.35,1.13,10.86,11.86,12.86,60.0,1.09,1.19,1.29,6.0,Absolute_Failure,50
C18148,L10,TypeA,32.45,1.25,12.6,14.6,17.6,22.6,1.26,1.46,1.76,2.26,Latent_Defect,50
C18149,L10,TypeB,31.75,1.26,13.36,13.36,13.36,13.36,1.34,1.34,1.34,1.34,High_Stable,50
C18150,L10,TypeC,27.74,1.26,9.92,10.92,29.92,31.92,0.99,1.09,2.99,3.19,Sudden_Anomaly,50
C18151,L10,TypeC,32.99,1.03,14.4,15.4,16.4,17.4,1.44,1.54,1.64,1.74,Normal,50
C18152,L10,TypeB,32.23,1.14,8.94,9.94,10.94,11.94,0.89,0.99,1.09,1.19,Normal,50
C18153,L10,TypeC,33.32,1.01,8.99,8.99,8.99,8.99,0.9,0.9,0.9,0.9,High_Stable,50
C18154,L10,TypeB,25.22,1.22,12.08,13.08,14.08,15.08,1.21,1.31,1.41,1.51,Normal,50
C18155,L10,TypeC,25.81,1.07,14.59,15.59,16.59,17.59,1.46,1.56,1.66,1.76,Normal,50
C18156,L10,TypeA,32.42,1.03,13.48,14.48,15.48,16.48,1.35,1.45,1.55,1.65,Normal,50
C18157,L10,TypeA,34.82,1.28,11.69,11.69,11.69,11.69,1.17,1.17,1.17,1.17,High_Stable,50
C18158,L10,TypeC,33.68,1.02,10.37,11.37,12.37,13.37,1.04,1.14,1.24,1.34,Normal,50
C18159,L10,TypeC,34.01,1.06,10.32,11.32,12.32,13.32,1.03,1.13,1.23,1.33,Normal,50
C18160,L10,TypeA,32.07,1.09,9.43,10.43,29.43,31.43,0.94,1.04,2.94,3.14,Sudden_Anomaly,50
C18161,L10,TypeA,32.44,1.22,8.81,9.81,10.81,60.0,0.88,0.98,1.08,6.0,Absolute_Failure,50
C18162,L10,TypeA,31.95,1.25,10.46,11.46,12.46,60.0,1.05,1.15,1.25,6.0,Absolute_Failure,50
C18163,L10,TypeB,33.47,1.08,10.04,11.04,12.04,13.04,1.0,1.1,1.2,1.3,Normal,50
C18164,L10,TypeB,31.32,1.26,9.32,11.32,14.32,19.32,0.93,1.13,1.43,1.93,Latent_Defect,50
C18165,L10,TypeA,29.44,1.07,14.12,15.12,34.12,36.12,1.41,1.51,3.41,3.61,Sudden_Anomaly,50
C18166,L10,TypeC,26.67,1.1,13.75,13.75,13.75,13.75,1.37,1.37,1.37,1.37,High_Stable,50
C18167,L10,TypeA,29.47,1.2,14.07,14.07,14.07,14.07,1.41,1.41,1.41,1.41,High_Stable,50
C18168,L10,TypeA,28.24,1.03,12.82,13.82,32.82,34.82,1.28,1.38,3.28,3.48,Sudden_Anomaly,50
C18169,L10,TypeB,27.48,1.29,9.45,10.45,11.45,12.45,0.95,1.05,1.15,1.25,Normal,50
C18170,L10,TypeB,25.97,1.01,14.83,14.83,14.83,14.83,1.48,1.48,1.48,1.48,High_Stable,50
C18171,L10,TypeB,31.72,1.23,14.38,15.38,16.38,17.38,1.44,1.54,1.64,1.74,Normal,50
C18172,L10,TypeA,32.35,1.14,9.65,10.65,29.65,31.65,0.97,1.07,2.97,3.17,Sudden_Anomaly,50
C18173,L10,TypeC,29.47,1.03,8.55,10.55,13.55,18.55,0.86,1.06,1.36,1.86,Latent_Defect,50
C18174,L10,TypeC,25.48,1.14,9.38,9.38,9.38,9.38,0.94,0.94,0.94,0.94,High_Stable,50
C18175,L10,TypeA,30.65,1.29,12.13,14.13,17.13,22.13,1.21,1.41,1.71,2.21,Latent_Defect,50
C18176,L10,TypeA,29.14,1.26,12.15,12.15,12.15,12.15,1.21,1.21,1.21,1.21,High_Stable,50
C18177,L10,TypeA,29.67,1.27,8.38,9.38,10.38,11.38,0.84,0.94,1.04,1.14,Normal,50
C18178,L10,TypeC,26.27,1.1,10.37,11.37,12.37,60.0,1.04,1.14,1.24,6.0,Absolute_Failure,50
C18179,L10,TypeC,25.52,1.27,8.66,10.66,13.66,18.66,0.87,1.07,1.37,1.87,Latent_Defect,50
C18180,L10,TypeA,34.11,1.07,12.55,14.55,17.55,22.55,1.26,1.46,1.76,2.26,Latent_Defect,50
C18181,L10,TypeB,27.31,1.2,9.3,10.3,11.3,60.0,0.93,1.03,1.13,6.0,Absolute_Failure,50
C18182,L10,TypeB,29.72,1.24,8.84,8.84,8.84,8.84,0.88,0.88,0.88,0.88,High_Stable,50
C18183,L10,TypeC,32.89,1.18,10.13,11.13,30.13,32.13,1.01,1.11,3.01,3.21,Sudden_Anomaly,50
C18184,L10,TypeC,27.05,1.23,9.45,10.45,11.45,12.45,0.95,1.05,1.15,1.25,Normal,50
C18185,L10,TypeC,34.27,1.22,9.41,10.41,11.41,12.41,0.94,1.04,1.14,1.24,Normal,50
C18186,L10,TypeB,29.13,1.28,11.59,12.59,13.59,60.0,1.16,1.26,1.36,6.0,Absolute_Failure,50
C18187,L10,TypeC,33.74,1.09,11.09,12.09,13.09,60.0,1.11,1.21,1.31,6.0,Absolute_Failure,50
C18188,L10,TypeA,27.68,1.16,11.66,12.66,13.66,60.0,1.17,1.27,1.37,6.0,Absolute_Failure,50
C18189,L10,TypeC,33.58,1.17,10.45,11.45,30.45,32.45,1.05,1.15,3.05,3.25,Sudden_Anomaly,50
C18190,L10,TypeB,34.59,1.07,11.4,11.4,11.4,11.4,1.14,1.14,1.14,1.14,High_Stable,50
C18191,L10,TypeB,33.17,1.01,9.23,10.23,29.23,31.23,0.92,1.02,2.92,3.12,Sudden_Anomaly,50
C18192,L10,TypeB,26.86,1.27,9.42,9.42,9.42,9.42,0.94,0.94,0.94,0.94,High_Stable,50
C18193,L10,TypeC,34.13,1.03,11.64,13.64,16.64,21.64,1.16,1.36,1.66,2.16,Latent_Defect,50
C18194,L10,TypeB,25.86,1.04,10.85,10.85,10.85,10.85,1.09,1.09,1.09,1.09,High_Stable,50
C18195,L10,TypeA,25.04,1.06,13.59,15.59,18.59,23.59,1.36,1.56,1.86,2.36,Latent_Defect,50
C18196,L10,TypeA,32.37,1.27,10.56,11.56,12.56,13.56,1.06,1.16,1.26,1.36,Normal,50
C18197,L10,TypeC,25.38,1.2,12.01,12.01,12.01,12.01,1.2,1.2,1.2,1.2,High_Stable,50
C18198,L10,TypeC,26.0,1.18,9.32,10.32,11.32,60.0,0.93,1.03,1.13,6.0,Absolute_Failure,50
C18199,L10,TypeA,30.32,1.03,8.91,8.91,8.91,8.91,0.89,0.89,0.89,0.89,High_Stable,50
C18200,L10,TypeB,27.5,1.2,9.11,10.11,11.11,60.0,0.91,1.01,1.11,6.0,Absolute_Failure,50
C18201,L10,TypeA,26.12,1.29,9.89,10.89,29.89,31.89,0.99,1.09,2.99,3.19,Sudden_Anomaly,50
C18202,L10,TypeC,31.51,1.24,12.5,13.5,14.5,15.5,1.25,1.35,1.45,1.55,Normal,50
C18203,L10,TypeC,32.62,1.11,14.99,16.99,19.99,24.99,1.5,1.7,2.0,2.5,Latent_Defect,50
C18204,L10,TypeB,26.15,1.07,9.15,10.15,11.15,60.0,0.92,1.02,1.12,6.0,Absolute_Failure,50
C18205,L10,TypeA,32.89,1.16,14.22,14.22,14.22,14.22,1.42,1.42,1.42,1.42,High_Stable,50
C18206,L10,TypeB,32.56,1.26,13.19,14.19,15.19,60.0,1.32,1.42,1.52,6.0,Absolute_Failure,50
C18207,L10,TypeA,34.99,1.14,8.04,10.04,13.04,18.04,0.8,1.0,1.3,1.8,Latent_Defect,50
C18208,L10,TypeB,33.6,1.3,11.57,11.57,11.57,11.57,1.16,1.16,1.16,1.16,High_Stable,50
C18209,L10,TypeC,30.74,1.17,10.76,12.76,15.76,20.76,1.08,1.28,1.58,2.08,Latent_Defect,50
C18210,L10,TypeC,30.95,1.22,11.44,13.44,16.44,21.44,1.14,1.34,1.64,2.14,Latent_Defect,50
C18211,L10,TypeA,33.65,1.18,13.14,14.14,33.14,35.14,1.31,1.41,3.31,3.51,Sudden_Anomaly,50
C18212,L10,TypeA,34.99,1.15,10.61,11.61,30.61,32.61,1.06,1.16,3.06,3.26,Sudden_Anomaly,50
C18213,L10,TypeC,27.39,1.19,14.35,16.35,19.35,24.35,1.44,1.64,1.94,2.44,Latent_Defect,50
C18214,L10,TypeA,34.62,1.09,9.48,10.48,11.48,12.48,0.95,1.05,1.15,1.25,Normal,50
C18215,L10,TypeC,27.73,1.05,8.33,9.33,10.33,60.0,0.83,0.93,1.03,6.0,Absolute_Failure,50
C18216,L10,TypeA,27.71,1.03,13.08,14.08,15.08,60.0,1.31,1.41,1.51,6.0,Absolute_Failure,50
C18217,L10,TypeC,34.12,1.3,14.5,14.5,14.5,14.5,1.45,1.45,1.45,1.45,High_Stable,50
C18218,L10,TypeC,27.34,1.1,9.22,11.22,14.22,19.22,0.92,1.12,1.42,1.92,Latent_Defect,50
C18219,L10,TypeB,28.08,1.28,9.15,11.15,14.15,19.15,0.91,1.11,1.41,1.91,Latent_Defect,50
C18220,L10,TypeC,27.66,1.26,8.29,9.29,10.29,11.29,0.83,0.93,1.03,1.13,Normal,50
C18221,L10,TypeC,25.09,1.09,12.52,12.52,12.52,12.52,1.25,1.25,1.25,1.25,High_Stable,50
C18222,L10,TypeA,33.48,1.25,8.1,10.1,13.1,18.1,0.81,1.01,1.31,1.81,Latent_Defect,50
C18223,L10,TypeB,27.44,1.01,13.48,14.48,15.48,16.48,1.35,1.45,1.55,1.65,Normal,50
C18224,L10,TypeB,34.73,1.29,13.92,13.92,13.92,13.92,1.39,1.39,1.39,1.39,High_Stable,50
C18225,L10,TypeB,27.51,1.13,12.42,13.42,32.42,34.42,1.24,1.34,3.24,3.44,Sudden_Anomaly,50
C18226,L10,TypeA,25.47,1.04,8.15,10.15,13.15,18.15,0.82,1.02,1.32,1.82,Latent_Defect,50
C18227,L10,TypeB,25.98,1.19,8.29,8.29,8.29,8.29,0.83,0.83,0.83,0.83,High_Stable,50
C18228,L10,TypeB,34.88,1.29,8.66,9.66,10.66,11.66,0.87,0.97,1.07,1.17,Normal,50
C18229,L10,TypeB,30.21,1.16,14.83,16.83,19.83,24.83,1.48,1.68,1.98,2.48,Latent_Defect,50
C18230,L10,TypeA,33.28,1.24,13.17,14.17,33.17,35.17,1.32,1.42,3.32,3.52,Sudden_Anomaly,50
C18231,L10,TypeA,28.93,1.26,13.84,15.84,18.84,23.84,1.38,1.58,1.88,2.38,Latent_Defect,50
C18232,L10,TypeC,25.39,1.03,12.88,14.88,17.88,22.88,1.29,1.49,1.79,2.29,Latent_Defect,50
C18233,L10,TypeA,29.17,1.15,11.32,12.32,13.32,14.32,1.13,1.23,1.33,1.43,Normal,50
C18234,L10,TypeC,26.99,1.24,9.21,10.21,29.21,31.21,0.92,1.02,2.92,3.12,Sudden_Anomaly,50
C18235,L10,TypeB,25.28,1.07,12.94,12.94,12.94,12.94,1.29,1.29,1.29,1.29,High_Stable,50
C18236,L10,TypeA,33.75,1.09,14.63,14.63,14.63,14.63,1.46,1.46,1.46,1.46,High_Stable,50
C18237,L10,TypeC,26.66,1.18,8.78,9.78,28.78,30.78,0.88,0.98,2.88,3.08,Sudden_Anomaly,50
C18238,L10,TypeB,29.32,1.03,14.24,15.24,16.24,17.24,1.42,1.52,1.62,1.72,Normal,50
C18239,L10,TypeB,34.57,1.18,11.94,12.94,31.94,33.94,1.19,1.29,3.19,3.39,Sudden_Anomaly,50
C18240,L10,TypeA,26.0,1.29,10.1,11.1,12.1,13.1,1.01,1.11,1.21,1.31,Normal,50
C18241,L10,TypeC,26.08,1.01,11.18,12.18,13.18,14.18,1.12,1.22,1.32,1.42,Normal,50
C18242,L10,TypeC,25.81,1.12,14.27,15.27,34.27,36.27,1.43,1.53,3.43,3.63,Sudden_Anomaly,50
C18243,L10,TypeA,29.79,1.29,9.75,10.75,11.75,12.75,0.97,1.07,1.17,1.27,Normal,50
C18244,L10,TypeB,34.36,1.28,14.48,14.48,14.48,14.48,1.45,1.45,1.45,1.45,High_Stable,50
C18245,L10,TypeB,34.72,1.19,9.33,9.33,9.33,9.33,0.93,0.93,0.93,0.93,High_Stable,50
C18246,L10,TypeA,28.22,1.26,10.7,11.7,12.7,60.0,1.07,1.17,1.27,6.0,Absolute_Failure,50
C18247,L10,TypeA,26.08,1.17,8.95,9.95,10.95,60.0,0.89,0.99,1.09,6.0,Absolute_Failure,50
C18248,L10,TypeA,26.08,1.23,9.14,10.14,11.14,12.14,0.91,1.01,1.11,1.21,Normal,50
C18249,L10,TypeB,31.33,1.07,14.45,14.45,14.45,14.45,1.44,1.44,1.44,1.44,High_Stable,50
C18250,L10,TypeA,31.88,1.18,10.43,12.43,15.43,20.43,1.04,1.24,1.54,2.04,Latent_Defect,50
C18251,L10,TypeC,25.45,1.27,11.89,12.89,13.89,60.0,1.19,1.29,1.39,6.0,Absolute_Failure,50
C18252,L10,TypeB,30.16,1.03,10.94,12.94,15.94,20.94,1.09,1.29,1.59,2.09,Latent_Defect,50
C18253,L10,TypeC,33.69,1.11,10.49,11.49,12.49,60.0,1.05,1.15,1.25,6.0,Absolute_Failure,50
C18254,L10,TypeA,28.33,1.27,11.23,12.23,31.23,33.23,1.12,1.22,3.12,3.32,Sudden_Anomaly,50
C18255,L10,TypeA,32.75,1.16,11.08,12.08,13.08,60.0,1.11,1.21,1.31,6.0,Absolute_Failure,50
C18256,L10,TypeB,33.89,1.03,10.87,10.87,10.87,10.87,1.09,1.09,1.09,1.09,High_Stable,50
C18257,L10,TypeB,28.42,1.1,14.18,15.18,34.18,36.18,1.42,1.52,3.42,3.62,Sudden_Anomaly,50
C18258,L10,TypeA,30.48,1.06,13.84,14.84,15.84,16.84,1.38,1.48,1.58,1.68,Normal,50
C18259,L10,TypeB,30.11,1.03,10.24,11.24,30.24,32.24,1.02,1.12,3.02,3.22,Sudden_Anomaly,50
C18260,L10,TypeC,25.24,1.03,9.12,10.12,11.12,60.0,0.91,1.01,1.11,6.0,Absolute_Failure,50
C18261,L10,TypeB,34.97,1.19,11.39,12.39,13.39,14.39,1.14,1.24,1.34,1.44,Normal,50
C18262,L10,TypeA,30.7,1.06,11.47,11.47,11.47,11.47,1.15,1.15,1.15,1.15,High_Stable,50
C18263,L10,TypeA,26.73,1.08,11.65,12.65,31.65,33.65,1.17,1.27,3.17,3.37,Sudden_Anomaly,50
C18264,L10,TypeA,31.31,1.26,14.91,14.91,14.91,14.91,1.49,1.49,1.49,1.49,High_Stable,50
C18265,L10,TypeB,26.92,1.17,12.92,14.92,17.92,22.92,1.29,1.49,1.79,2.29,Latent_Defect,50
C18266,L10,TypeB,27.66,1.21,10.61,11.61,30.61,32.61,1.06,1.16,3.06,3.26,Sudden_Anomaly,50
C18267,L10,TypeC,31.97,1.27,13.36,13.36,13.36,13.36,1.34,1.34,1.34,1.34,High_Stable,50
C18268,L10,TypeA,28.18,1.03,14.19,15.19,34.19,36.19,1.42,1.52,3.42,3.62,Sudden_Anomaly,50
C18269,L10,TypeC,32.64,1.01,10.53,11.53,12.53,60.0,1.05,1.15,1.25,6.0,Absolute_Failure,50
C18270,L10,TypeB,31.91,1.21,11.92,12.92,13.92,60.0,1.19,1.29,1.39,6.0,Absolute_Failure,50
C18271,L10,TypeC,33.14,1.05,9.87,10.87,11.87,60.0,0.99,1.09,1.19,6.0,Absolute_Failure,50
C18272,L10,TypeC,28.5,1.05,12.77,13.77,14.77,60.0,1.28,1.38,1.48,6.0,Absolute_Failure,50
C18273,L10,TypeC,29.45,1.1,12.63,14.63,17.63,22.63,1.26,1.46,1.76,2.26,Latent_Defect,50
C18274,L10,TypeC,31.59,1.23,12.01,14.01,17.01,22.01,1.2,1.4,1.7,2.2,Latent_Defect,50
C18275,L10,TypeB,30.03,1.27,14.76,15.76,16.76,17.76,1.48,1.58,1.68,1.78,Normal,50
C18276,L10,TypeB,33.31,1.27,10.17,12.17,15.17,20.17,1.02,1.22,1.52,2.02,Latent_Defect,50
C18277,L10,TypeB,26.03,1.07,14.2,15.2,16.2,60.0,1.42,1.52,1.62,6.0,Absolute_Failure,50
C18278,L10,TypeB,31.66,1.17,11.53,12.53,13.53,14.53,1.15,1.25,1.35,1.45,Normal,50
C18279,L10,TypeA,32.58,1.12,8.22,9.22,10.22,60.0,0.82,0.92,1.02,6.0,Absolute_Failure,50
C18280,L10,TypeA,25.01,1.17,13.57,14.57,33.57,35.57,1.36,1.46,3.36,3.56,Sudden_Anomaly,50
C18281,L10,TypeC,25.69,1.08,12.85,13.85,14.85,15.85,1.29,1.39,1.49,1.59,Normal,50
C18282,L10,TypeA,33.11,1.07,13.35,13.35,13.35,13.35,1.33,1.33,1.33,1.33,High_Stable,50
C18283,L10,TypeC,31.7,1.2,8.83,9.83,28.83,30.83,0.88,0.98,2.88,3.08,Sudden_Anomaly,50
C18284,L10,TypeA,27.48,1.09,10.21,11.21,12.21,13.21,1.02,1.12,1.22,1.32,Normal,50
C18285,L10,TypeB,29.37,1.17,13.94,13.94,13.94,13.94,1.39,1.39,1.39,1.39,High_Stable,50
C18286,L10,TypeB,32.53,1.01,10.79,11.79,30.79,32.79,1.08,1.18,3.08,3.28,Sudden_Anomaly,50
C18287,L10,TypeA,26.98,1.1,11.62,13.62,16.62,21.62,1.16,1.36,1.66,2.16,Latent_Defect,50
C18288,L10,TypeA,34.24,1.15,11.42,12.42,31.42,33.42,1.14,1.24,3.14,3.34,Sudden_Anomaly,50
C18289,L10,TypeB,33.56,1.19,13.71,15.71,18.71,23.71,1.37,1.57,1.87,2.37,Latent_Defect,50
C18290,L10,TypeB,31.65,1.1,11.76,11.76,11.76,11.76,1.18,1.18,1.18,1.18,High_Stable,50
C18291,L10,TypeB,28.88,1.27,14.47,15.47,16.47,60.0,1.45,1.55,1.65,6.0,Absolute_Failure,50
C18292,L10,TypeB,26.03,1.14,10.2,10.2,10.2,10.2,1.02,1.02,1.02,1.02,High_Stable,50
C18293,L10,TypeC,33.4,1.21,13.86,14.86,15.86,16.86,1.39,1.49,1.59,1.69,Normal,50
C18294,L10,TypeC,32.6,1.02,14.04,15.04,16.04,17.04,1.4,1.5,1.6,1.7,Normal,50
C18295,L10,TypeA,30.35,1.22,14.19,16.19,19.19,24.19,1.42,1.62,1.92,2.42,Latent_Defect,50
C18296,L10,TypeB,29.73,1.12,8.34,9.34,10.34,60.0,0.83,0.93,1.03,6.0,Absolute_Failure,50
C18297,L10,TypeB,25.57,1.08,9.79,11.79,14.79,19.79,0.98,1.18,1.48,1.98,Latent_Defect,50
C18298,L10,TypeB,26.17,1.21,14.45,15.45,34.45,36.45,1.45,1.55,3.45,3.65,Sudden_Anomaly,50
C18299,L10,TypeB,26.83,1.24,14.55,14.55,14.55,14.55,1.45,1.45,1.45,1.45,High_Stable,50
C18300,L10,TypeC,30.35,1.3,11.11,12.11,13.11,60.0,1.11,1.21,1.31,6.0,Absolute_Failure,50
C18301,L10,TypeA,34.28,1.16,11.69,12.69,31.69,33.69,1.17,1.27,3.17,3.37,Sudden_Anomaly,50
C18302,L10,TypeB,27.51,1.03,9.5,10.5,11.5,60.0,0.95,1.05,1.15,6.0,Absolute_Failure,50
C18303,L10,TypeC,26.43,1.25,14.04,14.04,14.04,14.04,1.4,1.4,1.4,1.4,High_Stable,50
C18304,L10,TypeA,31.36,1.1,10.09,11.09,12.09,60.0,1.01,1.11,1.21,6.0,Absolute_Failure,50
C18305,L10,TypeA,25.54,1.03,8.61,9.61,10.61,11.61,0.86,0.96,1.06,1.16,Normal,50
C18306,L10,TypeB,29.08,1.06,8.62,9.62,10.62,11.62,0.86,0.96,1.06,1.16,Normal,50
C18307,L10,TypeC,25.97,1.23,14.81,15.81,16.81,17.81,1.48,1.58,1.68,1.78,Normal,50
C18308,L10,TypeC,27.93,1.27,13.78,13.78,13.78,13.78,1.38,1.38,1.38,1.38,High_Stable,50
C18309,L10,TypeB,30.94,1.15,8.82,10.82,13.82,18.82,0.88,1.08,1.38,1.88,Latent_Defect,50
C18310,L10,TypeC,31.71,1.03,9.7,10.7,11.7,12.7,0.97,1.07,1.17,1.27,Normal,50
C18311,L10,TypeB,29.84,1.26,12.45,13.45,14.45,15.45,1.25,1.35,1.45,1.55,Normal,50
C18312,L10,TypeB,28.52,1.27,12.65,13.65,14.65,15.65,1.26,1.36,1.46,1.56,Normal,50
C18313,L10,TypeC,29.4,1.14,8.48,9.48,10.48,11.48,0.85,0.95,1.05,1.15,Normal,50
C18314,L10,TypeA,33.27,1.2,14.62,15.62,16.62,60.0,1.46,1.56,1.66,6.0,Absolute_Failure,50
C18315,L10,TypeC,34.02,1.12,12.68,12.68,12.68,12.68,1.27,1.27,1.27,1.27,High_Stable,50
C18316,L10,TypeC,30.34,1.02,10.49,11.49,30.49,32.49,1.05,1.15,3.05,3.25,Sudden_Anomaly,50
C18317,L10,TypeB,30.93,1.25,9.37,11.37,14.37,19.37,0.94,1.14,1.44,1.94,Latent_Defect,50
C18318,L10,TypeA,31.14,1.17,9.71,10.71,29.71,31.71,0.97,1.07,2.97,3.17,Sudden_Anomaly,50
C18319,L10,TypeB,32.28,1.03,14.04,16.04,19.04,24.04,1.4,1.6,1.9,2.4,Latent_Defect,50
C18320,L10,TypeB,27.54,1.29,11.38,12.38,13.38,60.0,1.14,1.24,1.34,6.0,Absolute_Failure,50
C18321,L10,TypeC,30.23,1.11,12.2,13.2,14.2,60.0,1.22,1.32,1.42,6.0,Absolute_Failure,50
C18322,L10,TypeC,25.28,1.01,12.33,12.33,12.33,12.33,1.23,1.23,1.23,1.23,High_Stable,50
C18323,L10,TypeB,31.81,1.13,10.53,11.53,30.53,32.53,1.05,1.15,3.05,3.25,Sudden_Anomaly,50
C18324,L10,TypeB,32.53,1.2,9.69,11.69,14.69,19.69,0.97,1.17,1.47,1.97,Latent_Defect,50
C18325,L10,TypeB,26.58,1.1,10.9,10.9,10.9,10.9,1.09,1.09,1.09,1.09,High_Stable,50
C18326,L10,TypeA,32.96,1.12,13.51,14.51,15.51,60.0,1.35,1.45,1.55,6.0,Absolute_Failure,50
C18327,L10,TypeA,34.24,1.02,10.96,11.96,12.96,60.0,1.1,1.2,1.3,6.0,Absolute_Failure,50
C18328,L10,TypeC,30.39,1.23,13.9,14.9,33.9,35.9,1.39,1.49,3.39,3.59,Sudden_Anomaly,50
C18329,L10,TypeA,29.53,1.27,14.99,15.99,16.99,17.99,1.5,1.6,1.7,1.8,Normal,50
C18330,L10,TypeB,32.21,1.07,11.43,12.43,31.43,33.43,1.14,1.24,3.14,3.34,Sudden_Anomaly,50
C18331,L10,TypeC,26.49,1.11,13.69,14.69,33.69,35.69,1.37,1.47,3.37,3.57,Sudden_Anomaly,50
C18332,L10,TypeC,31.66,1.21,11.64,12.64,31.64,33.64,1.16,1.26,3.16,3.36,Sudden_Anomaly,50
C18333,L10,TypeB,26.59,1.06,10.35,11.35,12.35,13.35,1.03,1.13,1.23,1.33,Normal,50
C18334,L10,TypeB,25.45,1.16,8.09,9.09,10.09,11.09,0.81,0.91,1.01,1.11,Normal,50
C18335,L10,TypeA,26.99,1.08,12.62,13.62,32.62,34.62,1.26,1.36,3.26,3.46,Sudden_Anomaly,50
C18336,L10,TypeB,26.24,1.03,11.98,12.98,13.98,14.98,1.2,1.3,1.4,1.5,Normal,50
C18337,L10,TypeB,28.41,1.11,10.25,11.25,12.25,60.0,1.02,1.12,1.22,6.0,Absolute_Failure,50
C18338,L10,TypeB,33.01,1.19,8.29,9.29,28.29,30.29,0.83,0.93,2.83,3.03,Sudden_Anomaly,50
C18339,L10,TypeB,33.99,1.09,8.41,10.41,13.41,18.41,0.84,1.04,1.34,1.84,Latent_Defect,50
C18340,L10,TypeC,34.43,1.3,8.83,9.83,10.83,60.0,0.88,0.98,1.08,6.0,Absolute_Failure,50
C18341,L10,TypeB,25.09,1.12,9.89,10.89,29.89,31.89,0.99,1.09,2.99,3.19,Sudden_Anomaly,50
C18342,L10,TypeA,26.19,1.02,14.96,15.96,16.96,17.96,1.5,1.6,1.7,1.8,Normal,50
C18343,L10,TypeA,34.75,1.25,12.11,13.11,14.11,60.0,1.21,1.31,1.41,6.0,Absolute_Failure,50
C18344,L10,TypeB,26.08,1.18,13.57,14.57,15.57,60.0,1.36,1.46,1.56,6.0,Absolute_Failure,50
C18345,L10,TypeC,25.35,1.08,11.88,12.88,31.88,33.88,1.19,1.29,3.19,3.39,Sudden_Anomaly,50
C18346,L10,TypeA,33.64,1.05,10.72,12.72,15.72,20.72,1.07,1.27,1.57,2.07,Latent_Defect,50
C18347,L10,TypeC,25.22,1.14,9.2,10.2,29.2,31.2,0.92,1.02,2.92,3.12,Sudden_Anomaly,50
C18348,L10,TypeA,27.6,1.18,13.83,14.83,15.83,16.83,1.38,1.48,1.58,1.68,Normal,50
C18349,L10,TypeA,30.9,1.2,13.55,13.55,13.55,13.55,1.35,1.35,1.35,1.35,High_Stable,50
C18350,L10,TypeA,27.56,1.2,11.18,11.18,11.18,11.18,1.12,1.12,1.12,1.12,High_Stable,50
C18351,L10,TypeB,34.49,1.22,8.57,9.57,28.57,30.57,0.86,0.96,2.86,3.06,Sudden_Anomaly,50
C18352,L10,TypeB,30.87,1.05,9.75,10.75,11.75,12.75,0.97,1.07,1.17,1.27,Normal,50
C18353,L10,TypeB,32.14,1.09,14.57,15.57,34.57,36.57,1.46,1.56,3.46,3.66,Sudden_Anomaly,50
C18354,L10,TypeA,25.18,1.24,12.16,12.16,12.16,12.16,1.22,1.22,1.22,1.22,High_Stable,50
C18355,L10,TypeA,32.56,1.12,10.95,10.95,10.95,10.95,1.1,1.1,1.1,1.1,High_Stable,50
C18356,L10,TypeA,29.64,1.13,10.75,11.75,30.75,32.75,1.07,1.17,3.07,3.27,Sudden_Anomaly,50
C18357,L10,TypeC,29.32,1.14,12.53,14.53,17.53,22.53,1.25,1.45,1.75,2.25,Latent_Defect,50
C18358,L10,TypeC,31.52,1.28,9.21,9.21,9.21,9.21,0.92,0.92,0.92,0.92,High_Stable,50
C18359,L10,TypeA,25.61,1.09,8.03,8.03,8.03,8.03,0.8,0.8,0.8,0.8,High_Stable,50
C18360,L10,TypeC,33.73,1.09,11.9,11.9,11.9,11.9,1.19,1.19,1.19,1.19,High_Stable,50
C18361,L10,TypeA,33.5,1.19,11.06,12.06,13.06,14.06,1.11,1.21,1.31,1.41,Normal,50
C18362,L10,TypeA,27.62,1.06,11.31,12.31,31.31,33.31,1.13,1.23,3.13,3.33,Sudden_Anomaly,50
C18363,L10,TypeA,26.94,1.12,14.51,15.51,16.51,60.0,1.45,1.55,1.65,6.0,Absolute_Failure,50
C18364,L10,TypeC,34.59,1.0,14.54,14.54,14.54,14.54,1.45,1.45,1.45,1.45,High_Stable,50
C18365,L10,TypeC,26.75,1.02,11.72,12.72,13.72,14.72,1.17,1.27,1.37,1.47,Normal,50
C18366,L10,TypeA,29.24,1.16,8.29,10.29,13.29,18.29,0.83,1.03,1.33,1.83,Latent_Defect,50
C18367,L10,TypeB,26.95,1.07,14.87,15.87,16.87,17.87,1.49,1.59,1.69,1.79,Normal,50
C18368,L10,TypeC,30.63,1.18,9.88,9.88,9.88,9.88,0.99,0.99,0.99,0.99,High_Stable,50
C18369,L10,TypeA,26.71,1.3,12.1,12.1,12.1,12.1,1.21,1.21,1.21,1.21,High_Stable,50
C18370,L10,TypeC,27.37,1.18,11.83,12.83,31.83,33.83,1.18,1.28,3.18,3.38,Sudden_Anomaly,50
C18371,L10,TypeA,28.56,1.12,9.42,10.42,11.42,60.0,0.94,1.04,1.14,6.0,Absolute_Failure,50
C18372,L10,TypeB,28.45,1.27,13.68,13.68,13.68,13.68,1.37,1.37,1.37,1.37,High_Stable,50
C18373,L10,TypeA,30.08,1.2,8.48,9.48,10.48,60.0,0.85,0.95,1.05,6.0,Absolute_Failure,50
C18374,L10,TypeC,30.31,1.23,12.3,13.3,32.3,34.3,1.23,1.33,3.23,3.43,Sudden_Anomaly,50
C18375,L10,TypeC,25.54,1.01,10.77,11.77,12.77,13.77,1.08,1.18,1.28,1.38,Normal,50
C18376,L10,TypeC,25.58,1.1,11.8,11.8,11.8,11.8,1.18,1.18,1.18,1.18,High_Stable,50
C18377,L10,TypeA,25.43,1.12,14.73,16.73,19.73,24.73,1.47,1.67,1.97,2.47,Latent_Defect,50
C18378,L10,TypeB,26.94,1.07,14.31,14.31,14.31,14.31,1.43,1.43,1.43,1.43,High_Stable,50
C18379,L10,TypeB,25.43,1.08,11.36,12.36,13.36,60.0,1.14,1.24,1.34,6.0,Absolute_Failure,50
C18380,L10,TypeB,25.42,1.12,13.74,15.74,18.74,23.74,1.37,1.57,1.87,2.37,Latent_Defect,50
C18381,L10,TypeC,25.04,1.17,11.14,13.14,16.14,21.14,1.11,1.31,1.61,2.11,Latent_Defect,50
C18382,L10,TypeB,25.09,1.25,13.05,14.05,15.05,16.05,1.3,1.4,1.5,1.6,Normal,50
C18383,L10,TypeB,30.36,1.09,9.9,9.9,9.9,9.9,0.99,0.99,0.99,0.99,High_Stable,50
C18384,L10,TypeA,27.19,1.1,14.9,14.9,14.9,14.9,1.49,1.49,1.49,1.49,High_Stable,50
C18385,L10,TypeB,33.39,1.3,11.13,13.13,16.13,21.13,1.11,1.31,1.61,2.11,Latent_Defect,50
C18386,L10,TypeC,33.73,1.01,14.86,14.86,14.86,14.86,1.49,1.49,1.49,1.49,High_Stable,50
C18387,L10,TypeC,34.19,1.19,10.99,11.99,12.99,13.99,1.1,1.2,1.3,1.4,Normal,50
C18388,L10,TypeA,28.93,1.17,14.96,14.96,14.96,14.96,1.5,1.5,1.5,1.5,High_Stable,50
C18389,L10,TypeA,34.53,1.16,8.99,8.99,8.99,8.99,0.9,0.9,0.9,0.9,High_Stable,50
C18390,L10,TypeA,30.1,1.2,14.84,14.84,14.84,14.84,1.48,1.48,1.48,1.48,High_Stable,50
C18391,L10,TypeC,27.37,1.22,13.11,13.11,13.11,13.11,1.31,1.31,1.31,1.31,High_Stable,50
C18392,L10,TypeC,32.97,1.27,9.04,10.04,11.04,60.0,0.9,1.0,1.1,6.0,Absolute_Failure,50
C18393,L10,TypeA,29.56,1.18,13.54,13.54,13.54,13.54,1.35,1.35,1.35,1.35,High_Stable,50
C18394,L10,TypeA,30.78,1.27,12.7,13.7,14.7,60.0,1.27,1.37,1.47,6.0,Absolute_Failure,50
C18395,L10,TypeB,26.7,1.1,13.53,14.53,15.53,60.0,1.35,1.45,1.55,6.0,Absolute_Failure,50
C18396,L10,TypeC,25.83,1.1,10.77,11.77,12.77,13.77,1.08,1.18,1.28,1.38,Normal,50
C18397,L10,TypeA,26.77,1.15,9.99,10.99,11.99,60.0,1.0,1.1,1.2,6.0,Absolute_Failure,50
C18398,L10,TypeA,31.17,1.25,14.15,15.15,16.15,17.15,1.42,1.52,1.62,1.72,Normal,50
C18399,L10,TypeB,30.91,1.23,12.06,13.06,14.06,15.06,1.21,1.31,1.41,1.51,Normal,50
C18400,L10,TypeA,33.74,1.29,10.16,12.16,15.16,20.16,1.02,1.22,1.52,2.02,Latent_Defect,50
C18401,L10,TypeB,31.35,1.23,9.33,10.33,29.33,31.33,0.93,1.03,2.93,3.13,Sudden_Anomaly,50
C18402,L10,TypeA,28.8,1.1,14.72,15.72,16.72,60.0,1.47,1.57,1.67,6.0,Absolute_Failure,50
C18403,L10,TypeB,29.96,1.03,10.48,10.48,10.48,10.48,1.05,1.05,1.05,1.05,High_Stable,50
C18404,L10,TypeB,28.78,1.21,11.61,12.61,31.61,33.61,1.16,1.26,3.16,3.36,Sudden_Anomaly,50
C18405,L10,TypeB,30.03,1.06,9.35,9.35,9.35,9.35,0.94,0.94,0.94,0.94,High_Stable,50
C18406,L10,TypeB,34.74,1.19,9.47,9.47,9.47,9.47,0.95,0.95,0.95,0.95,High_Stable,50
C18407,L10,TypeC,25.51,1.11,10.15,12.15,15.15,20.15,1.02,1.22,1.52,2.02,Latent_Defect,50
C18408,L10,TypeC,25.7,1.21,12.16,13.16,32.16,34.16,1.22,1.32,3.22,3.42,Sudden_Anomaly,50
C18409,L10,TypeB,29.39,1.14,11.69,12.69,13.69,60.0,1.17,1.27,1.37,6.0,Absolute_Failure,50
C18410,L10,TypeB,29.65,1.05,10.84,10.84,10.84,10.84,1.08,1.08,1.08,1.08,High_Stable,50
C18411,L10,TypeB,29.49,1.01,13.39,13.39,13.39,13.39,1.34,1.34,1.34,1.34,High_Stable,50
C18412,L10,TypeA,25.63,1.17,9.84,10.84,11.84,12.84,0.98,1.08,1.18,1.28,Normal,50
C18413,L10,TypeA,29.12,1.21,8.72,9.72,10.72,11.72,0.87,0.97,1.07,1.17,Normal,50
C18414,L10,TypeB,32.91,1.05,9.03,10.03,11.03,12.03,0.9,1.0,1.1,1.2,Normal,50
C18415,L10,TypeA,25.82,1.26,10.36,12.36,15.36,20.36,1.04,1.24,1.54,2.04,Latent_Defect,50
C18416,L10,TypeB,25.43,1.01,9.21,9.21,9.21,9.21,0.92,0.92,0.92,0.92,High_Stable,50
C18417,L10,TypeB,26.55,1.23,10.89,11.89,12.89,13.89,1.09,1.19,1.29,1.39,Normal,50
C18418,L10,TypeA,32.36,1.03,12.28,13.28,32.28,34.28,1.23,1.33,3.23,3.43,Sudden_Anomaly,50
C18419,L10,TypeC,34.06,1.03,9.61,10.61,29.61,31.61,0.96,1.06,2.96,3.16,Sudden_Anomaly,50
C18420,L10,TypeB,33.1,1.13,14.87,15.87,34.87,36.87,1.49,1.59,3.49,3.69,Sudden_Anomaly,50
C18421,L10,TypeB,33.77,1.03,8.04,9.04,10.04,60.0,0.8,0.9,1.0,6.0,Absolute_Failure,50
C18422,L10,TypeA,27.76,1.26,9.18,10.18,29.18,31.18,0.92,1.02,2.92,3.12,Sudden_Anomaly,50
C18423,L10,TypeA,32.77,1.17,8.4,9.4,28.4,30.4,0.84,0.94,2.84,3.04,Sudden_Anomaly,50
C18424,L10,TypeA,34.15,1.02,11.96,11.96,11.96,11.96,1.2,1.2,1.2,1.2,High_Stable,50
C18425,L10,TypeC,28.21,1.21,9.09,11.09,14.09,19.09,0.91,1.11,1.41,1.91,Latent_Defect,50
C18426,L10,TypeA,31.78,1.3,12.5,13.5,32.5,34.5,1.25,1.35,3.25,3.45,Sudden_Anomaly,50
C18427,L10,TypeC,29.34,1.04,11.04,12.04,13.04,14.04,1.1,1.2,1.3,1.4,Normal,50
C18428,L10,TypeC,29.99,1.13,12.46,13.46,14.46,15.46,1.25,1.35,1.45,1.55,Normal,50
C18429,L10,TypeB,34.86,1.13,13.51,15.51,18.51,23.51,1.35,1.55,1.85,2.35,Latent_Defect,50
C18430,L10,TypeC,26.1,1.11,14.55,15.55,16.55,17.55,1.45,1.55,1.65,1.75,Normal,50
C18431,L10,TypeC,34.73,1.18,11.52,12.52,31.52,33.52,1.15,1.25,3.15,3.35,Sudden_Anomaly,50
C18432,L10,TypeB,25.57,1.11,12.76,13.76,14.76,15.76,1.28,1.38,1.48,1.58,Normal,50
C18433,L10,TypeA,32.3,1.27,13.22,15.22,18.22,23.22,1.32,1.52,1.82,2.32,Latent_Defect,50
C18434,L10,TypeB,34.57,1.02,9.77,10.77,29.77,31.77,0.98,1.08,2.98,3.18,Sudden_Anomaly,50
C18435,L10,TypeA,33.11,1.09,11.73,12.73,31.73,33.73,1.17,1.27,3.17,3.37,Sudden_Anomaly,50
C18436,L10,TypeB,25.47,1.03,13.07,14.07,33.07,35.07,1.31,1.41,3.31,3.51,Sudden_Anomaly,50
C18437,L10,TypeA,32.42,1.08,13.01,13.01,13.01,13.01,1.3,1.3,1.3,1.3,High_Stable,50
C18438,L10,TypeA,25.25,1.06,12.65,13.65,32.65,34.65,1.27,1.37,3.27,3.47,Sudden_Anomaly,50
C18439,L10,TypeA,30.09,1.24,13.89,14.89,33.89,35.89,1.39,1.49,3.39,3.59,Sudden_Anomaly,50
C18440,L10,TypeB,29.06,1.24,11.01,12.01,31.01,33.01,1.1,1.2,3.1,3.3,Sudden_Anomaly,50
C18441,L10,TypeC,31.78,1.2,11.43,12.43,31.43,33.43,1.14,1.24,3.14,3.34,Sudden_Anomaly,50
C18442,L10,TypeA,34.89,1.07,8.54,10.54,13.54,18.54,0.85,1.05,1.35,1.85,Latent_Defect,50
C18443,L10,TypeC,33.96,1.12,9.41,10.41,11.41,60.0,0.94,1.04,1.14,6.0,Absolute_Failure,50
C18444,L10,TypeA,29.83,1.22,14.78,15.78,16.78,60.0,1.48,1.58,1.68,6.0,Absolute_Failure,50
C18445,L10,TypeA,33.92,1.11,13.47,15.47,18.47,23.47,1.35,1.55,1.85,2.35,Latent_Defect,50
C18446,L10,TypeC,34.98,1.15,13.56,13.56,13.56,13.56,1.36,1.36,1.36,1.36,High_Stable,50
C18447,L10,TypeC,32.62,1.27,12.62,13.62,14.62,60.0,1.26,1.36,1.46,6.0,Absolute_Failure,50
C18448,L10,TypeB,34.38,1.14,9.42,10.42,11.42,60.0,0.94,1.04,1.14,6.0,Absolute_Failure,50
C18449,L10,TypeA,25.86,1.03,10.4,12.4,15.4,20.4,1.04,1.24,1.54,2.04,Latent_Defect,50
C18450,L10,TypeC,25.93,1.16,12.0,13.0,32.0,34.0,1.2,1.3,3.2,3.4,Sudden_Anomaly,50
C18451,L10,TypeC,25.25,1.14,12.27,13.27,14.27,15.27,1.23,1.33,1.43,1.53,Normal,50
C18452,L10,TypeA,34.25,1.05,11.75,12.75,13.75,14.75,1.17,1.27,1.37,1.47,Normal,50
C18453,L10,TypeA,33.75,1.04,9.18,11.18,14.18,19.18,0.92,1.12,1.42,1.92,Latent_Defect,50
C18454,L10,TypeB,32.17,1.24,10.34,11.34,12.34,13.34,1.03,1.13,1.23,1.33,Normal,50
C18455,L10,TypeB,30.05,1.13,8.99,9.99,10.99,60.0,0.9,1.0,1.1,6.0,Absolute_Failure,50
C18456,L10,TypeC,30.48,1.24,11.55,12.55,13.55,60.0,1.15,1.25,1.35,6.0,Absolute_Failure,50
C18457,L10,TypeA,32.57,1.05,9.94,11.94,14.94,19.94,0.99,1.19,1.49,1.99,Latent_Defect,50
C18458,L10,TypeA,29.93,1.05,13.83,14.83,33.83,35.83,1.38,1.48,3.38,3.58,Sudden_Anomaly,50
C18459,L10,TypeC,32.3,1.06,8.32,9.32,28.32,30.32,0.83,0.93,2.83,3.03,Sudden_Anomaly,50
C18460,L10,TypeB,30.8,1.16,12.09,12.09,12.09,12.09,1.21,1.21,1.21,1.21,High_Stable,50
C18461,L10,TypeA,31.94,1.08,13.11,14.11,33.11,35.11,1.31,1.41,3.31,3.51,Sudden_Anomaly,50
C18462,L10,TypeB,28.46,1.21,13.65,14.65,15.65,16.65,1.37,1.47,1.57,1.67,Normal,50
C18463,L10,TypeB,34.49,1.22,9.97,10.97,11.97,12.97,1.0,1.1,1.2,1.3,Normal,50
C18464,L10,TypeC,31.38,1.17,13.06,14.06,15.06,60.0,1.31,1.41,1.51,6.0,Absolute_Failure,50
C18465,L10,TypeB,26.23,1.06,11.18,12.18,13.18,60.0,1.12,1.22,1.32,6.0,Absolute_Failure,50
C18466,L10,TypeA,26.61,1.03,13.8,15.8,18.8,23.8,1.38,1.58,1.88,2.38,Latent_Defect,50
C18467,L10,TypeC,30.09,1.02,11.56,12.56,31.56,33.56,1.16,1.26,3.16,3.36,Sudden_Anomaly,50
C18468,L10,TypeB,30.78,1.17,8.39,8.39,8.39,8.39,0.84,0.84,0.84,0.84,High_Stable,50
C18469,L10,TypeC,31.95,1.1,11.28,11.28,11.28,11.28,1.13,1.13,1.13,1.13,High_Stable,50
C18470,L10,TypeC,34.57,1.12,13.69,13.69,13.69,13.69,1.37,1.37,1.37,1.37,High_Stable,50
C18471,L10,TypeA,33.04,1.13,8.06,9.06,10.06,11.06,0.81,0.91,1.01,1.11,Normal,50
C18472,L10,TypeB,27.15,1.22,9.15,11.15,14.15,19.15,0.92,1.12,1.42,1.92,Latent_Defect,50
C18473,L10,TypeC,25.12,1.13,8.58,9.58,10.58,60.0,0.86,0.96,1.06,6.0,Absolute_Failure,50
C18474,L10,TypeB,26.71,1.14,13.21,14.21,15.21,16.21,1.32,1.42,1.52,1.62,Normal,50
C18475,L10,TypeA,32.22,1.11,13.1,15.1,18.1,23.1,1.31,1.51,1.81,2.31,Latent_Defect,50
C18476,L10,TypeB,34.5,1.05,13.57,14.57,33.57,35.57,1.36,1.46,3.36,3.56,Sudden_Anomaly,50
C18477,L10,TypeB,26.05,1.28,10.12,11.12,12.12,60.0,1.01,1.11,1.21,6.0,Absolute_Failure,50
C18478,L10,TypeA,32.93,1.03,13.27,14.27,33.27,35.27,1.33,1.43,3.33,3.53,Sudden_Anomaly,50
C18479,L10,TypeB,33.78,1.1,12.77,13.77,14.77,60.0,1.28,1.38,1.48,6.0,Absolute_Failure,50
C18480,L10,TypeC,25.45,1.19,14.44,14.44,14.44,14.44,1.44,1.44,1.44,1.44,High_Stable,50
C18481,L10,TypeA,33.1,1.26,11.1,11.1,11.1,11.1,1.11,1.11,1.11,1.11,High_Stable,50
C18482,L10,TypeB,27.64,1.06,14.85,15.85,16.85,17.85,1.49,1.59,1.69,1.79,Normal,50
C18483,L10,TypeA,26.6,1.25,13.32,14.32,33.32,35.32,1.33,1.43,3.33,3.53,Sudden_Anomaly,50
C18484,L10,TypeC,30.61,1.2,10.25,12.25,15.25,20.25,1.03,1.23,1.53,2.03,Latent_Defect,50
C18485,L10,TypeA,25.9,1.3,11.28,12.28,31.28,33.28,1.13,1.23,3.13,3.33,Sudden_Anomaly,50
C18486,L10,TypeC,27.47,1.13,14.17,16.17,19.17,24.17,1.42,1.62,1.92,2.42,Latent_Defect,50
C18487,L10,TypeA,34.67,1.17,13.6,13.6,13.6,13.6,1.36,1.36,1.36,1.36,High_Stable,50
C18488,L10,TypeB,29.67,1.03,14.37,16.37,19.37,24.37,1.44,1.64,1.94,2.44,Latent_Defect,50
C18489,L10,TypeA,30.09,1.03,11.71,12.71,31.71,33.71,1.17,1.27,3.17,3.37,Sudden_Anomaly,50
C18490,L10,TypeC,28.61,1.29,13.28,14.28,15.28,60.0,1.33,1.43,1.53,6.0,Absolute_Failure,50
C18491,L10,TypeB,32.92,1.05,14.18,15.18,16.18,60.0,1.42,1.52,1.62,6.0,Absolute_Failure,50
C18492,L10,TypeA,33.95,1.1,10.31,11.31,12.31,13.31,1.03,1.13,1.23,1.33,Normal,50
C18493,L10,TypeC,27.01,1.22,14.95,14.95,14.95,14.95,1.5,1.5,1.5,1.5,High_Stable,50
C18494,L10,TypeC,26.47,1.09,9.46,10.46,29.46,31.46,0.95,1.05,2.95,3.15,Sudden_Anomaly,50
C18495,L10,TypeB,31.02,1.17,10.46,11.46,12.46,60.0,1.05,1.15,1.25,6.0,Absolute_Failure,50
C18496,L10,TypeB,30.9,1.0,9.63,11.63,14.63,19.63,0.96,1.16,1.46,1.96,Latent_Defect,50
C18497,L10,TypeC,32.98,1.28,13.8,13.8,13.8,13.8,1.38,1.38,1.38,1.38,High_Stable,50
C18498,L10,TypeA,33.85,1.09,11.58,12.58,13.58,60.0,1.16,1.26,1.36,6.0,Absolute_Failure,50
C18499,L10,TypeB,31.08,1.21,10.88,12.88,15.88,20.88,1.09,1.29,1.59,2.09,Latent_Defect,50
C18500,L10,TypeC,27.52,1.26,13.63,14.63,15.63,60.0,1.36,1.46,1.56,6.0,Absolute_Failure,50
C18501,L10,TypeC,28.8,1.23,9.33,10.33,29.33,31.33,0.93,1.03,2.93,3.13,Sudden_Anomaly,50
C18502,L10,TypeB,32.78,1.15,10.6,11.6,12.6,13.6,1.06,1.16,1.26,1.36,Normal,50
C18503,L10,TypeC,31.28,1.02,14.11,15.11,16.11,17.11,1.41,1.51,1.61,1.71,Normal,50
C18504,L10,TypeB,26.63,1.21,13.77,13.77,13.77,13.77,1.38,1.38,1.38,1.38,High_Stable,50
C18505,L10,TypeA,26.94,1.22,8.6,9.6,28.6,30.6,0.86,0.96,2.86,3.06,Sudden_Anomaly,50
C18506,L10,TypeB,25.78,1.23,14.09,15.09,34.09,36.09,1.41,1.51,3.41,3.61,Sudden_Anomaly,50
C18507,L10,TypeA,29.3,1.12,12.28,13.28,14.28,60.0,1.23,1.33,1.43,6.0,Absolute_Failure,50
C18508,L10,TypeC,28.23,1.13,11.2,11.2,11.2,11.2,1.12,1.12,1.12,1.12,High_Stable,50
C18509,L10,TypeA,27.84,1.18,12.56,12.56,12.56,12.56,1.26,1.26,1.26,1.26,High_Stable,50
C18510,L10,TypeA,32.63,1.25,14.45,16.45,19.45,24.45,1.45,1.65,1.95,2.45,Latent_Defect,50
C18511,L10,TypeB,25.79,1.29,9.45,10.45,11.45,60.0,0.94,1.04,1.14,6.0,Absolute_Failure,50
C18512,L10,TypeA,25.84,1.02,10.78,11.78,12.78,13.78,1.08,1.18,1.28,1.38,Normal,50
C18513,L10,TypeB,31.63,1.27,14.32,15.32,34.32,36.32,1.43,1.53,3.43,3.63,Sudden_Anomaly,50
C18514,L10,TypeB,32.63,1.19,12.77,12.77,12.77,12.77,1.28,1.28,1.28,1.28,High_Stable,50
C18515,L10,TypeC,25.21,1.24,10.88,10.88,10.88,10.88,1.09,1.09,1.09,1.09,High_Stable,50
C18516,L10,TypeC,31.08,1.15,14.28,15.28,16.28,17.28,1.43,1.53,1.63,1.73,Normal,50
C18517,L10,TypeA,27.72,1.16,14.31,16.31,19.31,24.31,1.43,1.63,1.93,2.43,Latent_Defect,50
C18518,L10,TypeA,28.17,1.1,11.95,12.95,31.95,33.95,1.19,1.29,3.19,3.39,Sudden_Anomaly,50
C18519,L10,TypeA,28.19,1.0,8.22,9.22,10.22,60.0,0.82,0.92,1.02,6.0,Absolute_Failure,50
C18520,L10,TypeA,29.97,1.06,11.22,12.22,13.22,14.22,1.12,1.22,1.32,1.42,Normal,50
C18521,L10,TypeB,27.08,1.05,10.42,11.42,12.42,13.42,1.04,1.14,1.24,1.34,Normal,50
C18522,L10,TypeB,27.51,1.01,12.87,13.87,32.87,34.87,1.29,1.39,3.29,3.49,Sudden_Anomaly,50
C18523,L10,TypeC,31.97,1.06,8.74,9.74,28.74,30.74,0.87,0.97,2.87,3.07,Sudden_Anomaly,50
C18524,L10,TypeC,33.27,1.3,14.2,15.2,16.2,17.2,1.42,1.52,1.62,1.72,Normal,50
C18525,L10,TypeA,29.02,1.05,9.42,9.42,9.42,9.42,0.94,0.94,0.94,0.94,High_Stable,50
C18526,L10,TypeB,27.1,1.08,14.06,16.06,19.06,24.06,1.41,1.61,1.91,2.41,Latent_Defect,50
C18527,L10,TypeA,31.76,1.15,11.88,11.88,11.88,11.88,1.19,1.19,1.19,1.19,High_Stable,50
C18528,L10,TypeA,27.4,1.27,8.73,9.73,28.73,30.73,0.87,0.97,2.87,3.07,Sudden_Anomaly,50
C18529,L10,TypeA,32.97,1.19,14.53,14.53,14.53,14.53,1.45,1.45,1.45,1.45,High_Stable,50
C18530,L10,TypeB,27.44,1.18,10.0,10.0,10.0,10.0,1.0,1.0,1.0,1.0,High_Stable,50
C18531,L10,TypeC,32.98,1.12,13.52,14.52,15.52,16.52,1.35,1.45,1.55,1.65,Normal,50
C18532,L10,TypeA,33.14,1.13,11.58,13.58,16.58,21.58,1.16,1.36,1.66,2.16,Latent_Defect,50
C18533,L10,TypeC,34.0,1.2,13.82,14.82,15.82,60.0,1.38,1.48,1.58,6.0,Absolute_Failure,50
C18534,L10,TypeC,30.46,1.06,14.68,14.68,14.68,14.68,1.47,1.47,1.47,1.47,High_Stable,50
C18535,L10,TypeC,34.41,1.17,9.07,10.07,29.07,31.07,0.91,1.01,2.91,3.11,Sudden_Anomaly,50
C18536,L10,TypeC,34.44,1.08,9.03,10.03,11.03,12.03,0.9,1.0,1.1,1.2,Normal,50
C18537,L10,TypeA,33.18,1.27,13.73,15.73,18.73,23.73,1.37,1.57,1.87,2.37,Latent_Defect,50
C18538,L10,TypeB,26.79,1.23,8.48,9.48,28.48,30.48,0.85,0.95,2.85,3.05,Sudden_Anomaly,50
C18539,L10,TypeB,31.77,1.23,10.09,12.09,15.09,20.09,1.01,1.21,1.51,2.01,Latent_Defect,50
C18540,L10,TypeB,29.32,1.22,12.25,13.25,32.25,34.25,1.23,1.33,3.23,3.43,Sudden_Anomaly,50
C18541,L10,TypeB,26.38,1.11,9.49,9.49,9.49,9.49,0.95,0.95,0.95,0.95,High_Stable,50
C18542,L10,TypeC,32.22,1.13,14.03,15.03,34.03,36.03,1.4,1.5,3.4,3.6,Sudden_Anomaly,50
C18543,L10,TypeB,34.66,1.19,12.0,14.0,17.0,22.0,1.2,1.4,1.7,2.2,Latent_Defect,50
C18544,L10,TypeC,26.28,1.12,8.09,9.09,10.09,60.0,0.81,0.91,1.01,6.0,Absolute_Failure,50
C18545,L10,TypeA,25.84,1.01,11.71,12.71,13.71,60.0,1.17,1.27,1.37,6.0,Absolute_Failure,50
C18546,L10,TypeA,29.02,1.23,12.75,13.75,14.75,15.75,1.27,1.37,1.47,1.57,Normal,50
C18547,L10,TypeA,31.56,1.0,10.99,10.99,10.99,10.99,1.1,1.1,1.1,1.1,High_Stable,50
C18548,L10,TypeB,26.49,1.14,10.37,11.37,30.37,32.37,1.04,1.14,3.04,3.24,Sudden_Anomaly,50
C18549,L10,TypeC,34.82,1.03,9.24,10.24,11.24,12.24,0.92,1.02,1.12,1.22,Normal,50
C18550,L10,TypeA,31.77,1.19,8.87,9.87,10.87,60.0,0.89,0.99,1.09,6.0,Absolute_Failure,50
C18551,L10,TypeC,30.86,1.22,8.88,9.88,28.88,30.88,0.89,0.99,2.89,3.09,Sudden_Anomaly,50
C18552,L10,TypeC,34.01,1.13,9.07,10.07,11.07,60.0,0.91,1.01,1.11,6.0,Absolute_Failure,50
C18553,L10,TypeA,34.66,1.0,9.9,10.9,29.9,31.9,0.99,1.09,2.99,3.19,Sudden_Anomaly,50
C18554,L10,TypeA,26.54,1.07,14.69,15.69,34.69,36.69,1.47,1.57,3.47,3.67,Sudden_Anomaly,50
C18555,L10,TypeA,26.59,1.05,14.61,14.61,14.61,14.61,1.46,1.46,1.46,1.46,High_Stable,50
C18556,L10,TypeA,26.66,1.0,13.37,15.37,18.37,23.37,1.34,1.54,1.84,2.34,Latent_Defect,50
C18557,L10,TypeA,26.58,1.25,8.62,9.62,10.62,11.62,0.86,0.96,1.06,1.16,Normal,50
C18558,L10,TypeC,26.9,1.1,13.51,14.51,15.51,60.0,1.35,1.45,1.55,6.0,Absolute_Failure,50
C18559,L10,TypeC,33.99,1.25,11.23,12.23,13.23,14.23,1.12,1.22,1.32,1.42,Normal,50
C18560,L10,TypeC,28.17,1.05,9.14,10.14,11.14,12.14,0.91,1.01,1.11,1.21,Normal,50
C18561,L10,TypeC,34.34,1.28,9.3,11.3,14.3,19.3,0.93,1.13,1.43,1.93,Latent_Defect,50
C18562,L10,TypeB,25.62,1.1,10.09,10.09,10.09,10.09,1.01,1.01,1.01,1.01,High_Stable,50
C18563,L10,TypeC,26.26,1.12,14.65,16.65,19.65,24.65,1.46,1.66,1.96,2.46,Latent_Defect,50
C18564,L10,TypeC,28.13,1.2,9.07,11.07,14.07,19.07,0.91,1.11,1.41,1.91,Latent_Defect,50
C18565,L10,TypeC,32.02,1.17,8.69,9.69,28.69,30.69,0.87,0.97,2.87,3.07,Sudden_Anomaly,50
C18566,L10,TypeC,27.63,1.09,11.82,12.82,13.82,14.82,1.18,1.28,1.38,1.48,Normal,50
C18567,L10,TypeC,31.12,1.27,12.83,13.83,14.83,15.83,1.28,1.38,1.48,1.58,Normal,50
C18568,L10,TypeC,29.98,1.15,9.63,10.63,11.63,12.63,0.96,1.06,1.16,1.26,Normal,50
C18569,L10,TypeA,33.53,1.24,8.16,8.16,8.16,8.16,0.82,0.82,0.82,0.82,High_Stable,50
C18570,L10,TypeC,26.75,1.22,10.35,11.35,12.35,60.0,1.03,1.13,1.23,6.0,Absolute_Failure,50
C18571,L10,TypeA,33.75,1.22,8.22,10.22,13.22,18.22,0.82,1.02,1.32,1.82,Latent_Defect,50
C18572,L10,TypeA,31.62,1.2,9.26,11.26,14.26,19.26,0.93,1.13,1.43,1.93,Latent_Defect,50
C18573,L10,TypeB,34.16,1.1,11.19,12.19,13.19,14.19,1.12,1.22,1.32,1.42,Normal,50
C18574,L10,TypeC,29.42,1.12,12.69,12.69,12.69,12.69,1.27,1.27,1.27,1.27,High_Stable,50
C18575,L10,TypeC,30.18,1.23,10.97,11.97,12.97,60.0,1.1,1.2,1.3,6.0,Absolute_Failure,50
C18576,L10,TypeC,33.12,1.05,13.91,14.91,15.91,16.91,1.39,1.49,1.59,1.69,Normal,50
C18577,L10,TypeA,33.29,1.23,12.54,13.54,14.54,15.54,1.25,1.35,1.45,1.55,Normal,50
C18578,L10,TypeB,31.36,1.25,10.01,12.01,15.01,20.01,1.0,1.2,1.5,2.0,Latent_Defect,50
C18579,L10,TypeC,29.31,1.24,8.32,10.32,13.32,18.32,0.83,1.03,1.33,1.83,Latent_Defect,50
C18580,L10,TypeA,32.35,1.06,13.2,13.2,13.2,13.2,1.32,1.32,1.32,1.32,High_Stable,50
C18581,L10,TypeB,32.65,1.16,9.47,10.47,29.47,31.47,0.95,1.05,2.95,3.15,Sudden_Anomaly,50
C18582,L10,TypeA,29.28,1.24,14.59,14.59,14.59,14.59,1.46,1.46,1.46,1.46,High_Stable,50
C18583,L10,TypeA,28.62,1.01,11.73,12.73,31.73,33.73,1.17,1.27,3.17,3.37,Sudden_Anomaly,50
C18584,L10,TypeB,33.75,1.1,8.18,9.18,10.18,11.18,0.82,0.92,1.02,1.12,Normal,50
C18585,L10,TypeC,34.12,1.25,13.77,14.77,15.77,16.77,1.38,1.48,1.58,1.68,Normal,50
C18586,L10,TypeC,31.23,1.25,11.96,12.96,13.96,14.96,1.2,1.3,1.4,1.5,Normal,50
C18587,L10,TypeA,25.7,1.02,10.14,11.14,12.14,13.14,1.01,1.11,1.21,1.31,Normal,50
C18588,L10,TypeC,33.55,1.09,9.19,10.19,29.19,31.19,0.92,1.02,2.92,3.12,Sudden_Anomaly,50
C18589,L10,TypeB,28.55,1.3,9.8,9.8,9.8,9.8,0.98,0.98,0.98,0.98,High_Stable,50
C18590,L10,TypeB,32.58,1.07,12.48,13.48,14.48,15.48,1.25,1.35,1.45,1.55,Normal,50
C18591,L10,TypeB,32.65,1.17,12.88,13.88,14.88,15.88,1.29,1.39,1.49,1.59,Normal,50
C18592,L10,TypeB,30.0,1.1,12.5,13.5,14.5,60.0,1.25,1.35,1.45,6.0,Absolute_Failure,50
C18593,L10,TypeA,34.44,1.24,11.18,11.18,11.18,11.18,1.12,1.12,1.12,1.12,High_Stable,50
C18594,L10,TypeC,29.28,1.24,11.02,13.02,16.02,21.02,1.1,1.3,1.6,2.1,Latent_Defect,50
C18595,L10,TypeC,28.43,1.21,13.91,15.91,18.91,23.91,1.39,1.59,1.89,2.39,Latent_Defect,50
C18596,L10,TypeA,34.26,1.06,13.79,14.79,15.79,60.0,1.38,1.48,1.58,6.0,Absolute_Failure,50
C18597,L10,TypeC,29.0,1.24,8.43,9.43,28.43,30.43,0.84,0.94,2.84,3.04,Sudden_Anomaly,50
C18598,L10,TypeC,26.63,1.1,12.0,14.0,17.0,22.0,1.2,1.4,1.7,2.2,Latent_Defect,50
C18599,L10,TypeB,28.69,1.17,11.99,13.99,16.99,21.99,1.2,1.4,1.7,2.2,Latent_Defect,50
C18600,L10,TypeB,33.7,1.25,9.17,11.17,14.17,19.17,0.92,1.12,1.42,1.92,Latent_Defect,50
C18601,L10,TypeC,28.29,1.26,11.29,12.29,13.29,60.0,1.13,1.23,1.33,6.0,Absolute_Failure,50
C18602,L10,TypeC,29.98,1.06,9.36,10.36,29.36,31.36,0.94,1.04,2.94,3.14,Sudden_Anomaly,50
C18603,L10,TypeC,26.97,1.01,12.64,14.64,17.64,22.64,1.26,1.46,1.76,2.26,Latent_Defect,50
C18604,L10,TypeC,27.84,1.08,13.84,14.84,15.84,16.84,1.38,1.48,1.58,1.68,Normal,50
C18605,L10,TypeB,32.12,1.12,12.18,13.18,14.18,15.18,1.22,1.32,1.42,1.52,Normal,50
C18606,L10,TypeA,25.93,1.3,11.31,12.31,13.31,60.0,1.13,1.23,1.33,6.0,Absolute_Failure,50
C18607,L10,TypeB,29.09,1.13,8.42,9.42,10.42,11.42,0.84,0.94,1.04,1.14,Normal,50
C18608,L10,TypeA,29.58,1.07,8.12,9.12,10.12,11.12,0.81,0.91,1.01,1.11,Normal,50
C18609,L10,TypeC,33.0,1.12,13.77,14.77,15.77,60.0,1.38,1.48,1.58,6.0,Absolute_Failure,50
C18610,L10,TypeB,26.86,1.08,11.43,13.43,16.43,21.43,1.14,1.34,1.64,2.14,Latent_Defect,50
C18611,L10,TypeC,25.24,1.14,11.67,11.67,11.67,11.67,1.17,1.17,1.17,1.17,High_Stable,50
C18612,L10,TypeC,26.49,1.05,14.23,15.23,16.23,60.0,1.42,1.52,1.62,6.0,Absolute_Failure,50
C18613,L10,TypeC,27.58,1.05,9.01,9.01,9.01,9.01,0.9,0.9,0.9,0.9,High_Stable,50
C18614,L10,TypeA,26.1,1.11,14.2,14.2,14.2,14.2,1.42,1.42,1.42,1.42,High_Stable,50
C18615,L10,TypeA,29.24,1.23,11.01,11.01,11.01,11.01,1.1,1.1,1.1,1.1,High_Stable,50
C18616,L10,TypeC,29.23,1.04,9.29,11.29,14.29,19.29,0.93,1.13,1.43,1.93,Latent_Defect,50
C18617,L10,TypeA,33.38,1.27,14.61,15.61,16.61,60.0,1.46,1.56,1.66,6.0,Absolute_Failure,50
C18618,L10,TypeA,33.91,1.0,12.75,13.75,14.75,15.75,1.28,1.38,1.48,1.58,Normal,50
C18619,L10,TypeA,34.29,1.26,9.42,10.42,11.42,60.0,0.94,1.04,1.14,6.0,Absolute_Failure,50
C18620,L10,TypeB,29.17,1.05,11.87,12.87,13.87,14.87,1.19,1.29,1.39,1.49,Normal,50
C18621,L10,TypeA,29.65,1.02,14.13,16.13,19.13,24.13,1.41,1.61,1.91,2.41,Latent_Defect,50
C18622,L10,TypeC,28.39,1.14,14.8,15.8,16.8,17.8,1.48,1.58,1.68,1.78,Normal,50
C18623,L10,TypeA,26.47,1.14,11.36,12.36,13.36,14.36,1.14,1.24,1.34,1.44,Normal,50
C18624,L10,TypeB,29.65,1.18,10.0,12.0,15.0,20.0,1.0,1.2,1.5,2.0,Latent_Defect,50
C18625,L10,TypeA,30.71,1.11,12.29,13.29,32.29,34.29,1.23,1.33,3.23,3.43,Sudden_Anomaly,50
C18626,L10,TypeA,34.74,1.02,11.73,11.73,11.73,11.73,1.17,1.17,1.17,1.17,High_Stable,50
C18627,L10,TypeB,27.03,1.22,12.35,13.35,32.35,34.35,1.24,1.34,3.24,3.44,Sudden_Anomaly,50
C18628,L10,TypeC,30.78,1.15,11.26,13.26,16.26,21.26,1.13,1.33,1.63,2.13,Latent_Defect,50
C18629,L10,TypeB,26.86,1.08,11.97,12.97,31.97,33.97,1.2,1.3,3.2,3.4,Sudden_Anomaly,50
C18630,L10,TypeC,27.51,1.14,10.87,11.87,12.87,60.0,1.09,1.19,1.29,6.0,Absolute_Failure,50
C18631,L10,TypeA,30.46,1.23,9.29,10.29,11.29,12.29,0.93,1.03,1.13,1.23,Normal,50
C18632,L10,TypeC,32.43,1.1,13.52,14.52,15.52,60.0,1.35,1.45,1.55,6.0,Absolute_Failure,50
C18633,L10,TypeC,28.91,1.07,8.13,9.13,10.13,11.13,0.81,0.91,1.01,1.11,Normal,50
C18634,L10,TypeA,27.99,1.05,12.67,13.67,14.67,60.0,1.27,1.37,1.47,6.0,Absolute_Failure,50
C18635,L10,TypeC,30.44,1.05,9.54,10.54,11.54,12.54,0.95,1.05,1.15,1.25,Normal,50
C18636,L10,TypeA,34.6,1.06,13.78,13.78,13.78,13.78,1.38,1.38,1.38,1.38,High_Stable,50
C18637,L10,TypeC,29.94,1.18,9.47,9.47,9.47,9.47,0.95,0.95,0.95,0.95,High_Stable,50
C18638,L10,TypeA,33.26,1.11,8.78,9.78,28.78,30.78,0.88,0.98,2.88,3.08,Sudden_Anomaly,50
C18639,L10,TypeA,29.09,1.23,8.54,10.54,13.54,18.54,0.85,1.05,1.35,1.85,Latent_Defect,50
C18640,L10,TypeA,26.48,1.21,11.41,12.41,31.41,33.41,1.14,1.24,3.14,3.34,Sudden_Anomaly,50
C18641,L10,TypeB,34.55,1.02,9.66,10.66,29.66,31.66,0.97,1.07,2.97,3.17,Sudden_Anomaly,50
C18642,L10,TypeC,34.75,1.17,11.54,13.54,16.54,21.54,1.15,1.35,1.65,2.15,Latent_Defect,50
C18643,L10,TypeC,25.06,1.29,9.83,10.83,29.83,31.83,0.98,1.08,2.98,3.18,Sudden_Anomaly,50
C18644,L10,TypeC,33.41,1.29,8.48,9.48,10.48,60.0,0.85,0.95,1.05,6.0,Absolute_Failure,50
C18645,L10,TypeB,26.11,1.14,10.54,11.54,12.54,60.0,1.05,1.15,1.25,6.0,Absolute_Failure,50
C18646,L10,TypeC,28.73,1.17,14.91,15.91,34.91,36.91,1.49,1.59,3.49,3.69,Sudden_Anomaly,50
C18647,L10,TypeC,34.37,1.23,14.3,15.3,16.3,17.3,1.43,1.53,1.63,1.73,Normal,50
C18648,L10,TypeC,28.95,1.1,14.62,16.62,19.62,24.62,1.46,1.66,1.96,2.46,Latent_Defect,50
C18649,L10,TypeA,32.0,1.02,11.22,13.22,16.22,21.22,1.12,1.32,1.62,2.12,Latent_Defect,50
C18650,L10,TypeC,27.95,1.22,14.69,15.69,16.69,17.69,1.47,1.57,1.67,1.77,Normal,50
C18651,L10,TypeA,25.83,1.11,14.76,15.76,16.76,60.0,1.48,1.58,1.68,6.0,Absolute_Failure,50
C18652,L10,TypeA,33.27,1.11,14.6,15.6,16.6,17.6,1.46,1.56,1.66,1.76,Normal,50
C18653,L10,TypeC,26.71,1.27,13.27,14.27,15.27,16.27,1.33,1.43,1.53,1.63,Normal,50
C18654,L10,TypeB,32.0,1.1,11.69,12.69,13.69,60.0,1.17,1.27,1.37,6.0,Absolute_Failure,50
C18655,L10,TypeA,34.28,1.11,11.46,11.46,11.46,11.46,1.15,1.15,1.15,1.15,High_Stable,50
C18656,L10,TypeC,30.93,1.04,12.13,13.13,32.13,34.13,1.21,1.31,3.21,3.41,Sudden_Anomaly,50
C18657,L10,TypeB,28.76,1.1,10.06,12.06,15.06,20.06,1.01,1.21,1.51,2.01,Latent_Defect,50
C18658,L10,TypeC,31.08,1.12,13.9,14.9,15.9,60.0,1.39,1.49,1.59,6.0,Absolute_Failure,50
C18659,L10,TypeB,30.26,1.14,14.87,15.87,34.87,36.87,1.49,1.59,3.49,3.69,Sudden_Anomaly,50
C18660,L10,TypeA,28.9,1.28,14.41,16.41,19.41,24.41,1.44,1.64,1.94,2.44,Latent_Defect,50
C18661,L10,TypeC,34.52,1.08,10.76,11.76,12.76,60.0,1.08,1.18,1.28,6.0,Absolute_Failure,50
C18662,L10,TypeA,30.73,1.14,13.56,14.56,15.56,16.56,1.36,1.46,1.56,1.66,Normal,50
C18663,L10,TypeC,33.36,1.16,11.51,12.51,13.51,60.0,1.15,1.25,1.35,6.0,Absolute_Failure,50
C18664,L10,TypeC,31.89,1.16,10.03,12.03,15.03,20.03,1.0,1.2,1.5,2.0,Latent_Defect,50
C18665,L10,TypeB,30.53,1.07,13.54,14.54,15.54,60.0,1.35,1.45,1.55,6.0,Absolute_Failure,50
C18666,L10,TypeB,26.83,1.19,10.26,11.26,12.26,60.0,1.03,1.13,1.23,6.0,Absolute_Failure,50
C18667,L10,TypeC,33.56,1.03,8.78,9.78,10.78,60.0,0.88,0.98,1.08,6.0,Absolute_Failure,50
C18668,L10,TypeA,34.76,1.05,9.61,10.61,11.61,60.0,0.96,1.06,1.16,6.0,Absolute_Failure,50
C18669,L10,TypeA,32.55,1.02,13.7,13.7,13.7,13.7,1.37,1.37,1.37,1.37,High_Stable,50
C18670,L10,TypeB,29.49,1.01,14.43,14.43,14.43,14.43,1.44,1.44,1.44,1.44,High_Stable,50
C18671,L10,TypeA,30.44,1.28,8.59,9.59,28.59,30.59,0.86,0.96,2.86,3.06,Sudden_Anomaly,50
C18672,L10,TypeC,30.34,1.2,8.08,8.08,8.08,8.08,0.81,0.81,0.81,0.81,High_Stable,50
C18673,L10,TypeC,32.06,1.17,14.97,14.97,14.97,14.97,1.5,1.5,1.5,1.5,High_Stable,50
C18674,L10,TypeB,29.67,1.08,11.02,12.02,13.02,14.02,1.1,1.2,1.3,1.4,Normal,50
C18675,L10,TypeC,25.75,1.15,10.87,11.87,12.87,13.87,1.09,1.19,1.29,1.39,Normal,50
C18676,L10,TypeB,31.58,1.18,12.11,14.11,17.11,22.11,1.21,1.41,1.71,2.21,Latent_Defect,50
C18677,L10,TypeB,31.5,1.27,14.83,15.83,34.83,36.83,1.48,1.58,3.48,3.68,Sudden_Anomaly,50
C18678,L10,TypeC,28.64,1.28,9.14,11.14,14.14,19.14,0.91,1.11,1.41,1.91,Latent_Defect,50
C18679,L10,TypeC,27.77,1.01,9.26,9.26,9.26,9.26,0.93,0.93,0.93,0.93,High_Stable,50
C18680,L10,TypeA,27.86,1.09,9.73,11.73,14.73,19.73,0.97,1.17,1.47,1.97,Latent_Defect,50
C18681,L10,TypeA,27.67,1.26,9.16,9.16,9.16,9.16,0.92,0.92,0.92,0.92,High_Stable,50
C18682,L10,TypeB,25.73,1.27,10.56,10.56,10.56,10.56,1.06,1.06,1.06,1.06,High_Stable,50
C18683,L10,TypeC,34.78,1.19,9.99,11.99,14.99,19.99,1.0,1.2,1.5,2.0,Latent_Defect,50
C18684,L10,TypeA,29.01,1.15,9.44,10.44,11.44,60.0,0.94,1.04,1.14,6.0,Absolute_Failure,50
C18685,L10,TypeC,25.07,1.25,13.74,14.74,33.74,35.74,1.37,1.47,3.37,3.57,Sudden_Anomaly,50
C18686,L10,TypeA,32.31,1.22,11.71,12.71,13.71,14.71,1.17,1.27,1.37,1.47,Normal,50
C18687,L10,TypeB,30.53,1.04,14.28,15.28,16.28,17.28,1.43,1.53,1.63,1.73,Normal,50
C18688,L10,TypeB,27.64,1.29,11.36,12.36,31.36,33.36,1.14,1.24,3.14,3.34,Sudden_Anomaly,50
C18689,L10,TypeC,30.02,1.0,9.0,9.0,9.0,9.0,0.9,0.9,0.9,0.9,High_Stable,50
C18690,L10,TypeB,32.69,1.11,14.16,15.16,16.16,60.0,1.42,1.52,1.62,6.0,Absolute_Failure,50
C18691,L10,TypeA,26.97,1.12,14.54,14.54,14.54,14.54,1.45,1.45,1.45,1.45,High_Stable,50
C18692,L10,TypeA,33.23,1.21,10.41,11.41,12.41,60.0,1.04,1.14,1.24,6.0,Absolute_Failure,50
C18693,L10,TypeC,28.04,1.02,9.4,10.4,11.4,12.4,0.94,1.04,1.14,1.24,Normal,50
C18694,L10,TypeC,34.06,1.12,11.4,12.4,13.4,14.4,1.14,1.24,1.34,1.44,Normal,50
C18695,L10,TypeA,31.3,1.0,10.6,12.6,15.6,20.6,1.06,1.26,1.56,2.06,Latent_Defect,50
C18696,L10,TypeC,32.75,1.29,12.1,13.1,32.1,34.1,1.21,1.31,3.21,3.41,Sudden_Anomaly,50
C18697,L10,TypeC,31.31,1.26,8.09,8.09,8.09,8.09,0.81,0.81,0.81,0.81,High_Stable,50
C18698,L10,TypeB,28.11,1.18,14.94,15.94,16.94,60.0,1.49,1.59,1.69,6.0,Absolute_Failure,50
C18699,L10,TypeA,31.62,1.28,9.19,10.19,11.19,60.0,0.92,1.02,1.12,6.0,Absolute_Failure,50
C18700,L10,TypeA,26.41,1.23,11.93,12.93,13.93,60.0,1.19,1.29,1.39,6.0,Absolute_Failure,50
C18701,L10,TypeC,28.53,1.06,8.11,8.11,8.11,8.11,0.81,0.81,0.81,0.81,High_Stable,50
C18702,L10,TypeA,30.05,1.11,9.58,9.58,9.58,9.58,0.96,0.96,0.96,0.96,High_Stable,50
C18703,L10,TypeC,26.29,1.27,8.6,9.6,28.6,30.6,0.86,0.96,2.86,3.06,Sudden_Anomaly,50
C18704,L10,TypeC,34.46,1.1,14.67,14.67,14.67,14.67,1.47,1.47,1.47,1.47,High_Stable,50
C18705,L10,TypeA,33.82,1.2,13.44,14.44,15.44,60.0,1.34,1.44,1.54,6.0,Absolute_Failure,50
C18706,L10,TypeC,29.57,1.03,8.9,10.9,13.9,18.9,0.89,1.09,1.39,1.89,Latent_Defect,50
C18707,L10,TypeA,33.36,1.06,13.01,14.01,15.01,60.0,1.3,1.4,1.5,6.0,Absolute_Failure,50
C18708,L10,TypeB,25.43,1.26,10.5,11.5,12.5,60.0,1.05,1.15,1.25,6.0,Absolute_Failure,50
C18709,L10,TypeC,34.2,1.19,8.44,9.44,10.44,11.44,0.84,0.94,1.04,1.14,Normal,50
C18710,L10,TypeB,27.28,1.19,13.58,15.58,18.58,23.58,1.36,1.56,1.86,2.36,Latent_Defect,50
C18711,L10,TypeC,34.95,1.0,10.6,11.6,30.6,32.6,1.06,1.16,3.06,3.26,Sudden_Anomaly,50
C18712,L10,TypeB,32.34,1.08,8.58,9.58,10.58,11.58,0.86,0.96,1.06,1.16,Normal,50
C18713,L10,TypeA,31.94,1.18,10.72,12.72,15.72,20.72,1.07,1.27,1.57,2.07,Latent_Defect,50
C18714,L10,TypeA,29.67,1.12,13.38,13.38,13.38,13.38,1.34,1.34,1.34,1.34,High_Stable,50
C18715,L10,TypeC,33.48,1.08,10.18,12.18,15.18,20.18,1.02,1.22,1.52,2.02,Latent_Defect,50
C18716,L10,TypeC,25.31,1.06,12.33,13.33,32.33,34.33,1.23,1.33,3.23,3.43,Sudden_Anomaly,50
C18717,L10,TypeA,26.29,1.0,12.29,13.29,14.29,60.0,1.23,1.33,1.43,6.0,Absolute_Failure,50
C18718,L10,TypeA,34.23,1.3,8.79,9.79,28.79,30.79,0.88,0.98,2.88,3.08,Sudden_Anomaly,50
C18719,L10,TypeA,25.77,1.3,12.26,13.26,14.26,60.0,1.23,1.33,1.43,6.0,Absolute_Failure,50
C18720,L10,TypeC,26.23,1.29,10.38,11.38,30.38,32.38,1.04,1.14,3.04,3.24,Sudden_Anomaly,50
C18721,L10,TypeB,33.62,1.26,8.99,8.99,8.99,8.99,0.9,0.9,0.9,0.9,High_Stable,50
C18722,L10,TypeA,31.4,1.1,14.1,15.1,16.1,17.1,1.41,1.51,1.61,1.71,Normal,50
C18723,L10,TypeA,30.0,1.27,14.44,15.44,16.44,60.0,1.44,1.54,1.64,6.0,Absolute_Failure,50
C18724,L10,TypeA,25.49,1.11,11.79,11.79,11.79,11.79,1.18,1.18,1.18,1.18,High_Stable,50
C18725,L10,TypeB,28.42,1.09,11.12,13.12,16.12,21.12,1.11,1.31,1.61,2.11,Latent_Defect,50
C18726,L10,TypeB,26.65,1.06,12.22,12.22,12.22,12.22,1.22,1.22,1.22,1.22,High_Stable,50
C18727,L10,TypeC,34.84,1.22,13.33,15.33,18.33,23.33,1.33,1.53,1.83,2.33,Latent_Defect,50
C18728,L10,TypeC,31.85,1.05,13.98,14.98,33.98,35.98,1.4,1.5,3.4,3.6,Sudden_Anomaly,50
C18729,L10,TypeA,30.6,1.05,14.75,16.75,19.75,24.75,1.47,1.67,1.97,2.47,Latent_Defect,50
C18730,L10,TypeC,25.19,1.09,8.36,9.36,10.36,11.36,0.84,0.94,1.04,1.14,Normal,50
C18731,L10,TypeB,25.42,1.15,10.3,11.3,12.3,60.0,1.03,1.13,1.23,6.0,Absolute_Failure,50
C18732,L10,TypeC,31.35,1.07,11.12,12.12,13.12,60.0,1.11,1.21,1.31,6.0,Absolute_Failure,50
C18733,L10,TypeB,31.98,1.04,13.7,14.7,33.7,35.7,1.37,1.47,3.37,3.57,Sudden_Anomaly,50
C18734,L10,TypeB,27.02,1.08,9.13,10.13,11.13,60.0,0.91,1.01,1.11,6.0,Absolute_Failure,50
C18735,L10,TypeC,28.8,1.3,9.45,10.45,11.45,60.0,0.94,1.04,1.14,6.0,Absolute_Failure,50
C18736,L10,TypeA,30.91,1.07,10.57,11.57,12.57,13.57,1.06,1.16,1.26,1.36,Normal,50
C18737,L10,TypeB,33.68,1.25,9.25,10.25,11.25,60.0,0.92,1.02,1.12,6.0,Absolute_Failure,50
C18738,L10,TypeC,31.34,1.2,10.32,11.32,12.32,60.0,1.03,1.13,1.23,6.0,Absolute_Failure,50
C18739,L10,TypeC,31.57,1.13,13.38,13.38,13.38,13.38,1.34,1.34,1.34,1.34,High_Stable,50
C18740,L10,TypeC,25.91,1.01,13.48,13.48,13.48,13.48,1.35,1.35,1.35,1.35,High_Stable,50
C18741,L10,TypeB,25.47,1.09,10.11,11.11,12.11,60.0,1.01,1.11,1.21,6.0,Absolute_Failure,50
C18742,L10,TypeA,28.02,1.24,8.8,9.8,10.8,60.0,0.88,0.98,1.08,6.0,Absolute_Failure,50
C18743,L10,TypeB,27.08,1.06,8.1,8.1,8.1,8.1,0.81,0.81,0.81,0.81,High_Stable,50
C18744,L10,TypeA,33.89,1.29,10.57,12.57,15.57,20.57,1.06,1.26,1.56,2.06,Latent_Defect,50
C18745,L10,TypeC,29.65,1.1,12.96,12.96,12.96,12.96,1.3,1.3,1.3,1.3,High_Stable,50
C18746,L10,TypeA,29.57,1.12,14.05,15.05,16.05,17.05,1.41,1.51,1.61,1.71,Normal,50
C18747,L10,TypeC,28.51,1.05,9.16,10.16,11.16,12.16,0.92,1.02,1.12,1.22,Normal,50
C18748,L10,TypeC,33.7,1.24,8.17,10.17,13.17,18.17,0.82,1.02,1.32,1.82,Latent_Defect,50
C18749,L10,TypeB,25.35,1.01,9.81,11.81,14.81,19.81,0.98,1.18,1.48,1.98,Latent_Defect,50
C18750,L10,TypeC,34.48,1.28,8.6,9.6,10.6,11.6,0.86,0.96,1.06,1.16,Normal,50
C18751,L10,TypeB,25.23,1.27,13.76,15.76,18.76,23.76,1.38,1.58,1.88,2.38,Latent_Defect,50
C18752,L10,TypeB,27.44,1.27,13.55,14.55,33.55,35.55,1.35,1.45,3.35,3.55,Sudden_Anomaly,50
C18753,L10,TypeC,26.1,1.04,11.37,13.37,16.37,21.37,1.14,1.34,1.64,2.14,Latent_Defect,50
C18754,L10,TypeA,29.47,1.29,12.08,12.08,12.08,12.08,1.21,1.21,1.21,1.21,High_Stable,50
C18755,L10,TypeB,25.89,1.17,13.95,13.95,13.95,13.95,1.39,1.39,1.39,1.39,High_Stable,50
C18756,L10,TypeA,34.73,1.08,13.06,15.06,18.06,23.06,1.31,1.51,1.81,2.31,Latent_Defect,50
C18757,L10,TypeC,31.44,1.09,12.89,13.89,14.89,60.0,1.29,1.39,1.49,6.0,Absolute_Failure,50
C18758,L10,TypeB,27.38,1.27,14.44,14.44,14.44,14.44,1.44,1.44,1.44,1.44,High_Stable,50
C18759,L10,TypeB,28.43,1.05,9.98,10.98,11.98,60.0,1.0,1.1,1.2,6.0,Absolute_Failure,50
C18760,L10,TypeC,29.19,1.11,11.54,11.54,11.54,11.54,1.15,1.15,1.15,1.15,High_Stable,50
C18761,L10,TypeA,31.13,1.19,8.12,10.12,13.12,18.12,0.81,1.01,1.31,1.81,Latent_Defect,50
C18762,L10,TypeB,25.01,1.12,9.33,10.33,11.33,12.33,0.93,1.03,1.13,1.23,Normal,50
C18763,L10,TypeA,25.87,1.13,9.78,10.78,29.78,31.78,0.98,1.08,2.98,3.18,Sudden_Anomaly,50
C18764,L10,TypeB,32.0,1.21,11.62,12.62,13.62,14.62,1.16,1.26,1.36,1.46,Normal,50
C18765,L10,TypeA,29.23,1.2,12.94,13.94,32.94,34.94,1.29,1.39,3.29,3.49,Sudden_Anomaly,50
C18766,L10,TypeB,25.05,1.07,8.41,9.41,28.41,30.41,0.84,0.94,2.84,3.04,Sudden_Anomaly,50
C18767,L10,TypeB,29.57,1.26,10.85,11.85,30.85,32.85,1.08,1.18,3.08,3.28,Sudden_Anomaly,50
C18768,L10,TypeC,33.54,1.01,13.56,14.56,33.56,35.56,1.36,1.46,3.36,3.56,Sudden_Anomaly,50
C18769,L10,TypeB,30.02,1.16,8.91,8.91,8.91,8.91,0.89,0.89,0.89,0.89,High_Stable,50
C18770,L10,TypeA,34.61,1.07,11.31,12.31,13.31,60.0,1.13,1.23,1.33,6.0,Absolute_Failure,50
C18771,L10,TypeB,34.76,1.2,13.27,13.27,13.27,13.27,1.33,1.33,1.33,1.33,High_Stable,50
C18772,L10,TypeC,30.25,1.15,14.59,14.59,14.59,14.59,1.46,1.46,1.46,1.46,High_Stable,50
C18773,L10,TypeB,25.4,1.04,10.1,11.1,30.1,32.1,1.01,1.11,3.01,3.21,Sudden_Anomaly,50
C18774,L10,TypeB,27.17,1.09,13.28,14.28,33.28,35.28,1.33,1.43,3.33,3.53,Sudden_Anomaly,50
C18775,L10,TypeC,34.17,1.02,8.41,8.41,8.41,8.41,0.84,0.84,0.84,0.84,High_Stable,50
C18776,L10,TypeA,34.93,1.06,13.9,15.9,18.9,23.9,1.39,1.59,1.89,2.39,Latent_Defect,50
C18777,L10,TypeA,32.19,1.2,12.83,13.83,14.83,60.0,1.28,1.38,1.48,6.0,Absolute_Failure,50
C18778,L10,TypeB,27.5,1.13,13.19,14.19,15.19,60.0,1.32,1.42,1.52,6.0,Absolute_Failure,50
C18779,L10,TypeA,34.41,1.16,12.61,12.61,12.61,12.61,1.26,1.26,1.26,1.26,High_Stable,50
C18780,L10,TypeC,26.71,1.17,11.61,13.61,16.61,21.61,1.16,1.36,1.66,2.16,Latent_Defect,50
C18781,L10,TypeC,31.82,1.29,14.95,14.95,14.95,14.95,1.49,1.49,1.49,1.49,High_Stable,50
C18782,L10,TypeA,29.45,1.1,11.45,12.45,13.45,14.45,1.15,1.25,1.35,1.45,Normal,50
C18783,L10,TypeC,33.26,1.24,10.97,11.97,30.97,32.97,1.1,1.2,3.1,3.3,Sudden_Anomaly,50
C18784,L10,TypeC,30.26,1.27,9.53,10.53,11.53,12.53,0.95,1.05,1.15,1.25,Normal,50
C18785,L10,TypeC,28.82,1.21,14.2,14.2,14.2,14.2,1.42,1.42,1.42,1.42,High_Stable,50
C18786,L10,TypeA,29.7,1.1,10.86,11.86,30.86,32.86,1.09,1.19,3.09,3.29,Sudden_Anomaly,50
C18787,L10,TypeA,30.48,1.26,13.75,14.75,15.75,16.75,1.38,1.48,1.58,1.68,Normal,50
C18788,L10,TypeB,26.47,1.14,9.45,10.45,11.45,60.0,0.95,1.05,1.15,6.0,Absolute_Failure,50
C18789,L10,TypeC,34.38,1.24,14.45,15.45,16.45,60.0,1.44,1.54,1.64,6.0,Absolute_Failure,50
C18790,L10,TypeC,28.9,1.17,9.09,9.09,9.09,9.09,0.91,0.91,0.91,0.91,High_Stable,50
C18791,L10,TypeC,26.27,1.03,11.96,13.96,16.96,21.96,1.2,1.4,1.7,2.2,Latent_Defect,50
C18792,L10,TypeC,29.95,1.18,10.13,11.13,12.13,60.0,1.01,1.11,1.21,6.0,Absolute_Failure,50
C18793,L10,TypeA,33.0,1.06,10.98,12.98,15.98,20.98,1.1,1.3,1.6,2.1,Latent_Defect,50
C18794,L10,TypeB,31.85,1.14,13.29,14.29,15.29,16.29,1.33,1.43,1.53,1.63,Normal,50
C18795,L10,TypeC,25.08,1.0,11.04,11.04,11.04,11.04,1.1,1.1,1.1,1.1,High_Stable,50
C18796,L10,TypeC,29.29,1.16,12.94,12.94,12.94,12.94,1.29,1.29,1.29,1.29,High_Stable,50
C18797,L10,TypeA,25.42,1.09,8.08,8.08,8.08,8.08,0.81,0.81,0.81,0.81,High_Stable,50
C18798,L10,TypeC,31.48,1.18,8.38,9.38,28.38,30.38,0.84,0.94,2.84,3.04,Sudden_Anomaly,50
C18799,L10,TypeA,26.65,1.27,14.47,15.47,16.47,60.0,1.45,1.55,1.65,6.0,Absolute_Failure,50
C18800,L10,TypeA,32.42,1.29,12.79,14.79,17.79,22.79,1.28,1.48,1.78,2.28,Latent_Defect,50
C18801,L10,TypeB,25.07,1.18,11.58,12.58,13.58,14.58,1.16,1.26,1.36,1.46,Normal,50
C18802,L10,TypeA,27.37,1.22,10.81,11.81,12.81,60.0,1.08,1.18,1.28,6.0,Absolute_Failure,50
C18803,L10,TypeC,33.39,1.05,14.25,15.25,34.25,36.25,1.42,1.52,3.42,3.62,Sudden_Anomaly,50
C18804,L10,TypeC,31.46,1.07,8.29,9.29,10.29,11.29,0.83,0.93,1.03,1.13,Normal,50
C18805,L10,TypeB,28.85,1.04,9.43,9.43,9.43,9.43,0.94,0.94,0.94,0.94,High_Stable,50
C18806,L10,TypeA,33.59,1.02,14.39,16.39,19.39,24.39,1.44,1.64,1.94,2.44,Latent_Defect,50
C18807,L10,TypeC,34.99,1.29,11.38,11.38,11.38,11.38,1.14,1.14,1.14,1.14,High_Stable,50
C18808,L10,TypeA,28.37,1.29,12.8,13.8,14.8,60.0,1.28,1.38,1.48,6.0,Absolute_Failure,50
C18809,L10,TypeA,32.11,1.01,11.45,12.45,13.45,60.0,1.14,1.24,1.34,6.0,Absolute_Failure,50
C18810,L10,TypeC,26.8,1.25,10.29,12.29,15.29,20.29,1.03,1.23,1.53,2.03,Latent_Defect,50
C18811,L10,TypeA,28.48,1.3,9.58,10.58,29.58,31.58,0.96,1.06,2.96,3.16,Sudden_Anomaly,50
C18812,L10,TypeA,34.13,1.06,13.27,14.27,33.27,35.27,1.33,1.43,3.33,3.53,Sudden_Anomaly,50
C18813,L10,TypeC,32.61,1.12,11.75,12.75,13.75,60.0,1.17,1.27,1.37,6.0,Absolute_Failure,50
C18814,L10,TypeB,34.29,1.27,14.04,16.04,19.04,24.04,1.4,1.6,1.9,2.4,Latent_Defect,50
C18815,L10,TypeB,29.37,1.23,11.33,11.33,11.33,11.33,1.13,1.13,1.13,1.13,High_Stable,50
C18816,L10,TypeC,34.69,1.05,12.11,12.11,12.11,12.11,1.21,1.21,1.21,1.21,High_Stable,50
C18817,L10,TypeA,29.18,1.29,10.73,11.73,12.73,60.0,1.07,1.17,1.27,6.0,Absolute_Failure,50
C18818,L10,TypeB,25.94,1.17,8.41,10.41,13.41,18.41,0.84,1.04,1.34,1.84,Latent_Defect,50
C18819,L10,TypeA,27.73,1.03,10.2,10.2,10.2,10.2,1.02,1.02,1.02,1.02,High_Stable,50
C18820,L10,TypeB,28.47,1.18,11.06,11.06,11.06,11.06,1.11,1.11,1.11,1.11,High_Stable,50
C18821,L10,TypeC,32.41,1.06,11.4,13.4,16.4,21.4,1.14,1.34,1.64,2.14,Latent_Defect,50
C18822,L10,TypeA,31.0,1.17,12.13,12.13,12.13,12.13,1.21,1.21,1.21,1.21,High_Stable,50
C18823,L10,TypeA,25.42,1.02,8.12,10.12,13.12,18.12,0.81,1.01,1.31,1.81,Latent_Defect,50
C18824,L10,TypeC,33.42,1.02,14.29,15.29,16.29,60.0,1.43,1.53,1.63,6.0,Absolute_Failure,50
C18825,L10,TypeB,31.98,1.27,9.1,11.1,14.1,19.1,0.91,1.11,1.41,1.91,Latent_Defect,50
C18826,L10,TypeB,33.64,1.04,10.77,11.77,30.77,32.77,1.08,1.18,3.08,3.28,Sudden_Anomaly,50
C18827,L10,TypeB,27.38,1.07,12.24,13.24,14.24,15.24,1.22,1.32,1.42,1.52,Normal,50
C18828,L10,TypeC,30.19,1.02,9.72,11.72,14.72,19.72,0.97,1.17,1.47,1.97,Latent_Defect,50
C18829,L10,TypeA,34.24,1.28,12.44,12.44,12.44,12.44,1.24,1.24,1.24,1.24,High_Stable,50
C18830,L10,TypeA,32.01,1.06,12.36,12.36,12.36,12.36,1.24,1.24,1.24,1.24,High_Stable,50
C18831,L10,TypeB,30.51,1.21,13.0,14.0,33.0,35.0,1.3,1.4,3.3,3.5,Sudden_Anomaly,50
C18832,L10,TypeA,34.08,1.09,8.81,9.81,10.81,60.0,0.88,0.98,1.08,6.0,Absolute_Failure,50
C18833,L10,TypeA,30.42,1.01,8.62,8.62,8.62,8.62,0.86,0.86,0.86,0.86,High_Stable,50
C18834,L10,TypeB,30.32,1.18,10.2,10.2,10.2,10.2,1.02,1.02,1.02,1.02,High_Stable,50
C18835,L10,TypeC,33.64,1.01,11.64,11.64,11.64,11.64,1.16,1.16,1.16,1.16,High_Stable,50
C18836,L10,TypeB,32.68,1.13,10.09,10.09,10.09,10.09,1.01,1.01,1.01,1.01,High_Stable,50
C18837,L10,TypeB,26.05,1.02,11.45,12.45,13.45,60.0,1.14,1.24,1.34,6.0,Absolute_Failure,50
C18838,L10,TypeB,34.78,1.18,12.43,13.43,14.43,15.43,1.24,1.34,1.44,1.54,Normal,50
C18839,L10,TypeC,28.68,1.07,13.17,13.17,13.17,13.17,1.32,1.32,1.32,1.32,High_Stable,50
C18840,L10,TypeC,26.89,1.04,10.79,10.79,10.79,10.79,1.08,1.08,1.08,1.08,High_Stable,50
C18841,L10,TypeC,25.97,1.15,12.05,13.05,14.05,60.0,1.21,1.31,1.41,6.0,Absolute_Failure,50
C18842,L10,TypeA,33.25,1.22,14.31,15.31,16.31,60.0,1.43,1.53,1.63,6.0,Absolute_Failure,50
C18843,L10,TypeA,34.77,1.14,9.21,9.21,9.21,9.21,0.92,0.92,0.92,0.92,High_Stable,50
C18844,L10,TypeA,33.41,1.23,14.81,15.81,34.81,36.81,1.48,1.58,3.48,3.68,Sudden_Anomaly,50
C18845,L10,TypeC,32.53,1.07,11.64,12.64,31.64,33.64,1.16,1.26,3.16,3.36,Sudden_Anomaly,50
C18846,L10,TypeA,34.04,1.16,12.4,14.4,17.4,22.4,1.24,1.44,1.74,2.24,Latent_Defect,50
C18847,L10,TypeA,26.56,1.08,11.15,12.15,13.15,14.15,1.11,1.21,1.31,1.41,Normal,50
C18848,L10,TypeA,27.88,1.29,10.08,10.08,10.08,10.08,1.01,1.01,1.01,1.01,High_Stable,50
C18849,L10,TypeA,27.5,1.07,14.72,15.72,34.72,36.72,1.47,1.57,3.47,3.67,Sudden_Anomaly,50
C18850,L10,TypeA,34.53,1.29,10.94,10.94,10.94,10.94,1.09,1.09,1.09,1.09,High_Stable,50
C18851,L10,TypeB,26.29,1.16,13.21,14.21,15.21,60.0,1.32,1.42,1.52,6.0,Absolute_Failure,50
C18852,L10,TypeB,25.33,1.05,8.9,9.9,28.9,30.9,0.89,0.99,2.89,3.09,Sudden_Anomaly,50
C18853,L10,TypeC,25.12,1.25,13.84,14.84,15.84,60.0,1.38,1.48,1.58,6.0,Absolute_Failure,50
C18854,L10,TypeC,27.62,1.25,13.41,14.41,33.41,35.41,1.34,1.44,3.34,3.54,Sudden_Anomaly,50
C18855,L10,TypeA,31.29,1.17,8.92,10.92,13.92,18.92,0.89,1.09,1.39,1.89,Latent_Defect,50
C18856,L10,TypeC,30.92,1.16,8.45,9.45,28.45,30.45,0.84,0.94,2.84,3.04,Sudden_Anomaly,50
C18857,L10,TypeA,26.73,1.11,13.56,15.56,18.56,23.56,1.36,1.56,1.86,2.36,Latent_Defect,50
C18858,L10,TypeB,28.84,1.14,10.28,11.28,12.28,13.28,1.03,1.13,1.23,1.33,Normal,50
C18859,L10,TypeB,34.71,1.07,9.54,9.54,9.54,9.54,0.95,0.95,0.95,0.95,High_Stable,50
C18860,L10,TypeB,29.72,1.14,12.95,14.95,17.95,22.95,1.29,1.49,1.79,2.29,Latent_Defect,50
C18861,L10,TypeA,34.29,1.19,10.57,12.57,15.57,20.57,1.06,1.26,1.56,2.06,Latent_Defect,50
C18862,L10,TypeA,25.1,1.13,11.37,11.37,11.37,11.37,1.14,1.14,1.14,1.14,High_Stable,50
C18863,L10,TypeA,27.77,1.15,8.9,10.9,13.9,18.9,0.89,1.09,1.39,1.89,Latent_Defect,50
C18864,L10,TypeC,27.08,1.09,10.81,11.81,12.81,60.0,1.08,1.18,1.28,6.0,Absolute_Failure,50
C18865,L10,TypeA,26.02,1.09,13.63,14.63,33.63,35.63,1.36,1.46,3.36,3.56,Sudden_Anomaly,50
C18866,L10,TypeA,30.97,1.09,8.18,10.18,13.18,18.18,0.82,1.02,1.32,1.82,Latent_Defect,50
C18867,L10,TypeA,33.52,1.01,11.12,11.12,11.12,11.12,1.11,1.11,1.11,1.11,High_Stable,50
C18868,L10,TypeC,29.25,1.11,14.36,15.36,34.36,36.36,1.44,1.54,3.44,3.64,Sudden_Anomaly,50
C18869,L10,TypeA,27.98,1.21,12.6,12.6,12.6,12.6,1.26,1.26,1.26,1.26,High_Stable,50
C18870,L10,TypeB,26.89,1.07,13.45,14.45,33.45,35.45,1.35,1.45,3.35,3.55,Sudden_Anomaly,50
C18871,L10,TypeC,33.63,1.2,14.35,14.35,14.35,14.35,1.43,1.43,1.43,1.43,High_Stable,50
C18872,L10,TypeC,26.35,1.27,10.85,11.85,12.85,13.85,1.09,1.19,1.29,1.39,Normal,50
C18873,L10,TypeB,27.71,1.11,11.42,11.42,11.42,11.42,1.14,1.14,1.14,1.14,High_Stable,50
C18874,L10,TypeC,32.1,1.3,14.47,15.47,16.47,17.47,1.45,1.55,1.65,1.75,Normal,50
C18875,L10,TypeC,28.99,1.01,10.06,10.06,10.06,10.06,1.01,1.01,1.01,1.01,High_Stable,50
C18876,L10,TypeC,26.36,1.18,14.86,15.86,16.86,60.0,1.49,1.59,1.69,6.0,Absolute_Failure,50
C18877,L10,TypeC,28.36,1.15,10.39,10.39,10.39,10.39,1.04,1.04,1.04,1.04,High_Stable,50
C18878,L10,TypeB,34.9,1.12,13.39,15.39,18.39,23.39,1.34,1.54,1.84,2.34,Latent_Defect,50
C18879,L10,TypeA,29.44,1.3,14.15,15.15,34.15,36.15,1.41,1.51,3.41,3.61,Sudden_Anomaly,50
C18880,L10,TypeA,31.65,1.03,9.87,9.87,9.87,9.87,0.99,0.99,0.99,0.99,High_Stable,50
C18881,L10,TypeA,28.07,1.25,11.53,12.53,31.53,33.53,1.15,1.25,3.15,3.35,Sudden_Anomaly,50
C18882,L10,TypeA,32.69,1.14,11.89,13.89,16.89,21.89,1.19,1.39,1.69,2.19,Latent_Defect,50
C18883,L10,TypeC,31.18,1.16,10.57,12.57,15.57,20.57,1.06,1.26,1.56,2.06,Latent_Defect,50
C18884,L10,TypeC,32.33,1.18,8.8,9.8,10.8,60.0,0.88,0.98,1.08,6.0,Absolute_Failure,50
C18885,L10,TypeB,26.42,1.09,12.91,13.91,32.91,34.91,1.29,1.39,3.29,3.49,Sudden_Anomaly,50
C18886,L10,TypeB,29.57,1.29,13.02,15.02,18.02,23.02,1.3,1.5,1.8,2.3,Latent_Defect,50
C18887,L10,TypeB,31.23,1.23,13.69,13.69,13.69,13.69,1.37,1.37,1.37,1.37,High_Stable,50
C18888,L10,TypeC,25.15,1.11,8.78,9.78,28.78,30.78,0.88,0.98,2.88,3.08,Sudden_Anomaly,50
C18889,L10,TypeB,28.64,1.1,10.9,10.9,10.9,10.9,1.09,1.09,1.09,1.09,High_Stable,50
C18890,L10,TypeA,25.92,1.18,14.49,14.49,14.49,14.49,1.45,1.45,1.45,1.45,High_Stable,50
C18891,L10,TypeC,34.97,1.13,8.06,8.06,8.06,8.06,0.81,0.81,0.81,0.81,High_Stable,50
C18892,L10,TypeC,33.01,1.12,8.14,9.14,28.14,30.14,0.81,0.91,2.81,3.01,Sudden_Anomaly,50
C18893,L10,TypeC,27.61,1.18,9.42,9.42,9.42,9.42,0.94,0.94,0.94,0.94,High_Stable,50
C18894,L10,TypeA,33.99,1.06,14.57,16.57,19.57,24.57,1.46,1.66,1.96,2.46,Latent_Defect,50
C18895,L10,TypeB,33.32,1.3,9.11,10.11,29.11,31.11,0.91,1.01,2.91,3.11,Sudden_Anomaly,50
C18896,L10,TypeC,31.31,1.05,11.67,11.67,11.67,11.67,1.17,1.17,1.17,1.17,High_Stable,50
C18897,L10,TypeB,30.81,1.06,14.62,15.62,34.62,36.62,1.46,1.56,3.46,3.66,Sudden_Anomaly,50
C18898,L10,TypeB,34.42,1.24,13.81,15.81,18.81,23.81,1.38,1.58,1.88,2.38,Latent_Defect,50
C18899,L10,TypeA,32.88,1.05,14.16,16.16,19.16,24.16,1.42,1.62,1.92,2.42,Latent_Defect,50
C18900,L10,TypeB,26.49,1.0,14.32,15.32,34.32,36.32,1.43,1.53,3.43,3.63,Sudden_Anomaly,50
C18901,L10,TypeA,31.82,1.03,13.87,13.87,13.87,13.87,1.39,1.39,1.39,1.39,High_Stable,50
C18902,L10,TypeC,32.37,1.04,14.75,15.75,34.75,36.75,1.48,1.58,3.48,3.68,Sudden_Anomaly,50
C18903,L10,TypeC,31.59,1.21,14.55,15.55,34.55,36.55,1.45,1.55,3.45,3.65,Sudden_Anomaly,50
C18904,L10,TypeC,27.35,1.27,10.28,11.28,30.28,32.28,1.03,1.13,3.03,3.23,Sudden_Anomaly,50
C18905,L10,TypeB,32.46,1.16,9.41,10.41,29.41,31.41,0.94,1.04,2.94,3.14,Sudden_Anomaly,50
C18906,L10,TypeC,25.6,1.24,10.5,10.5,10.5,10.5,1.05,1.05,1.05,1.05,High_Stable,50
C18907,L10,TypeC,29.1,1.15,12.48,13.48,14.48,15.48,1.25,1.35,1.45,1.55,Normal,50
C18908,L10,TypeA,32.14,1.14,8.07,9.07,10.07,11.07,0.81,0.91,1.01,1.11,Normal,50
C18909,L10,TypeC,27.08,1.25,8.63,9.63,10.63,11.63,0.86,0.96,1.06,1.16,Normal,50
C18910,L10,TypeC,27.55,1.13,9.03,11.03,14.03,19.03,0.9,1.1,1.4,1.9,Latent_Defect,50
C18911,L10,TypeC,34.5,1.07,12.09,13.09,32.09,34.09,1.21,1.31,3.21,3.41,Sudden_Anomaly,50
C18912,L10,TypeB,29.2,1.25,12.88,13.88,14.88,15.88,1.29,1.39,1.49,1.59,Normal,50
C18913,L10,TypeB,31.8,1.05,9.58,11.58,14.58,19.58,0.96,1.16,1.46,1.96,Latent_Defect,50
C18914,L10,TypeB,28.48,1.01,11.9,12.9,13.9,60.0,1.19,1.29,1.39,6.0,Absolute_Failure,50
C18915,L10,TypeC,30.51,1.01,13.77,15.77,18.77,23.77,1.38,1.58,1.88,2.38,Latent_Defect,50
C18916,L10,TypeA,25.84,1.05,12.75,12.75,12.75,12.75,1.28,1.28,1.28,1.28,High_Stable,50
C18917,L10,TypeC,32.02,1.07,9.87,11.87,14.87,19.87,0.99,1.19,1.49,1.99,Latent_Defect,50
C18918,L10,TypeB,27.4,1.18,12.05,13.05,14.05,60.0,1.21,1.31,1.41,6.0,Absolute_Failure,50
C18919,L10,TypeA,31.14,1.25,12.75,13.75,32.75,34.75,1.27,1.37,3.27,3.47,Sudden_Anomaly,50
C18920,L10,TypeB,29.51,1.28,14.7,16.7,19.7,24.7,1.47,1.67,1.97,2.47,Latent_Defect,50
C18921,L10,TypeB,29.76,1.02,8.17,9.17,10.17,60.0,0.82,0.92,1.02,6.0,Absolute_Failure,50
C18922,L10,TypeA,26.16,1.27,10.39,11.39,12.39,13.39,1.04,1.14,1.24,1.34,Normal,50
C18923,L10,TypeC,27.26,1.11,13.82,14.82,15.82,60.0,1.38,1.48,1.58,6.0,Absolute_Failure,50
C18924,L10,TypeB,26.69,1.24,14.41,15.41,34.41,36.41,1.44,1.54,3.44,3.64,Sudden_Anomaly,50
C18925,L10,TypeC,32.29,1.15,13.28,15.28,18.28,23.28,1.33,1.53,1.83,2.33,Latent_Defect,50
C18926,L10,TypeB,33.68,1.07,10.85,11.85,12.85,13.85,1.09,1.19,1.29,1.39,Normal,50
C18927,L10,TypeB,28.18,1.22,14.43,16.43,19.43,24.43,1.44,1.64,1.94,2.44,Latent_Defect,50
C18928,L10,TypeC,34.79,1.13,10.5,11.5,12.5,13.5,1.05,1.15,1.25,1.35,Normal,50
C18929,L10,TypeC,30.16,1.27,10.33,11.33,12.33,13.33,1.03,1.13,1.23,1.33,Normal,50
C18930,L10,TypeA,26.96,1.3,9.15,9.15,9.15,9.15,0.92,0.92,0.92,0.92,High_Stable,50
C18931,L10,TypeC,28.73,1.2,14.62,15.62,16.62,17.62,1.46,1.56,1.66,1.76,Normal,50
C18932,L10,TypeB,27.16,1.22,13.07,13.07,13.07,13.07,1.31,1.31,1.31,1.31,High_Stable,50
C18933,L10,TypeC,33.98,1.09,10.33,11.33,12.33,13.33,1.03,1.13,1.23,1.33,Normal,50
C18934,L10,TypeA,31.51,1.23,13.46,13.46,13.46,13.46,1.35,1.35,1.35,1.35,High_Stable,50
C18935,L10,TypeC,25.89,1.09,8.93,9.93,28.93,30.93,0.89,0.99,2.89,3.09,Sudden_Anomaly,50
C18936,L10,TypeA,30.29,1.25,11.11,12.11,13.11,60.0,1.11,1.21,1.31,6.0,Absolute_Failure,50
C18937,L10,TypeA,31.86,1.05,13.35,14.35,33.35,35.35,1.34,1.44,3.34,3.54,Sudden_Anomaly,50
C18938,L10,TypeA,27.42,1.24,13.35,14.35,15.35,16.35,1.33,1.43,1.53,1.63,Normal,50
C18939,L10,TypeB,32.55,1.05,14.07,14.07,14.07,14.07,1.41,1.41,1.41,1.41,High_Stable,50
C18940,L10,TypeB,31.76,1.13,10.23,12.23,15.23,20.23,1.02,1.22,1.52,2.02,Latent_Defect,50
C18941,L10,TypeC,31.63,1.29,13.97,14.97,15.97,16.97,1.4,1.5,1.6,1.7,Normal,50
C18942,L10,TypeB,30.25,1.03,14.13,15.13,16.13,17.13,1.41,1.51,1.61,1.71,Normal,50
C18943,L10,TypeB,34.26,1.21,10.36,12.36,15.36,20.36,1.04,1.24,1.54,2.04,Latent_Defect,50
C18944,L10,TypeB,32.3,1.13,14.86,16.86,19.86,24.86,1.49,1.69,1.99,2.49,Latent_Defect,50
C18945,L10,TypeC,28.97,1.1,8.2,9.2,10.2,11.2,0.82,0.92,1.02,1.12,Normal,50
C18946,L10,TypeA,25.0,1.04,13.43,13.43,13.43,13.43,1.34,1.34,1.34,1.34,High_Stable,50
C18947,L10,TypeB,25.54,1.09,13.15,13.15,13.15,13.15,1.32,1.32,1.32,1.32,High_Stable,50
C18948,L10,TypeC,30.93,1.01,8.36,9.36,10.36,11.36,0.84,0.94,1.04,1.14,Normal,50
C18949,L10,TypeA,31.84,1.14,11.08,13.08,16.08,21.08,1.11,1.31,1.61,2.11,Latent_Defect,50
C18950,L10,TypeA,34.35,1.12,9.0,10.0,29.0,31.0,0.9,1.0,2.9,3.1,Sudden_Anomaly,50
C18951,L10,TypeC,32.49,1.16,8.09,9.09,10.09,60.0,0.81,0.91,1.01,6.0,Absolute_Failure,50
C18952,L10,TypeA,29.6,1.12,9.79,10.79,11.79,60.0,0.98,1.08,1.18,6.0,Absolute_Failure,50
C18953,L10,TypeC,26.4,1.23,10.87,11.87,12.87,13.87,1.09,1.19,1.29,1.39,Normal,50
C18954,L10,TypeB,32.42,1.17,10.08,10.08,10.08,10.08,1.01,1.01,1.01,1.01,High_Stable,50
C18955,L10,TypeC,30.88,1.05,11.67,12.67,31.67,33.67,1.17,1.27,3.17,3.37,Sudden_Anomaly,50
C18956,L10,TypeB,27.96,1.27,10.19,10.19,10.19,10.19,1.02,1.02,1.02,1.02,High_Stable,50
C18957,L10,TypeA,33.91,1.04,14.49,16.49,19.49,24.49,1.45,1.65,1.95,2.45,Latent_Defect,50
C18958,L10,TypeA,28.61,1.11,13.49,14.49,15.49,60.0,1.35,1.45,1.55,6.0,Absolute_Failure,50
C18959,L10,TypeB,34.37,1.07,8.59,8.59,8.59,8.59,0.86,0.86,0.86,0.86,High_Stable,50
C18960,L10,TypeA,30.16,1.24,10.04,11.04,12.04,13.04,1.0,1.1,1.2,1.3,Normal,50
C18961,L10,TypeA,29.42,1.17,11.88,12.88,13.88,14.88,1.19,1.29,1.39,1.49,Normal,50
C18962,L10,TypeC,25.27,1.24,12.41,13.41,14.41,15.41,1.24,1.34,1.44,1.54,Normal,50
C18963,L10,TypeC,29.48,1.25,12.02,13.02,14.02,60.0,1.2,1.3,1.4,6.0,Absolute_Failure,50
C18964,L10,TypeC,34.02,1.21,14.82,15.82,16.82,17.82,1.48,1.58,1.68,1.78,Normal,50
C18965,L10,TypeA,31.77,1.11,10.67,11.67,12.67,60.0,1.07,1.17,1.27,6.0,Absolute_Failure,50
C18966,L10,TypeC,25.42,1.19,8.65,9.65,10.65,11.65,0.86,0.96,1.06,1.16,Normal,50
C18967,L10,TypeB,33.18,1.1,13.07,14.07,33.07,35.07,1.31,1.41,3.31,3.51,Sudden_Anomaly,50
C18968,L10,TypeA,32.31,1.08,8.35,9.35,28.35,30.35,0.83,0.93,2.83,3.03,Sudden_Anomaly,50
C18969,L10,TypeB,25.87,1.08,11.9,12.9,13.9,14.9,1.19,1.29,1.39,1.49,Normal,50
C18970,L10,TypeC,29.25,1.22,9.19,10.19,11.19,12.19,0.92,1.02,1.12,1.22,Normal,50
C18971,L10,TypeA,27.78,1.23,9.88,10.88,11.88,60.0,0.99,1.09,1.19,6.0,Absolute_Failure,50
C18972,L10,TypeB,29.58,1.17,14.68,14.68,14.68,14.68,1.47,1.47,1.47,1.47,High_Stable,50
C18973,L10,TypeC,30.64,1.15,10.54,12.54,15.54,20.54,1.05,1.25,1.55,2.05,Latent_Defect,50
C18974,L10,TypeB,31.91,1.22,9.05,10.05,29.05,31.05,0.91,1.01,2.91,3.11,Sudden_Anomaly,50
C18975,L10,TypeC,34.18,1.04,10.06,11.06,12.06,60.0,1.01,1.11,1.21,6.0,Absolute_Failure,50
C18976,L10,TypeA,29.84,1.3,13.12,15.12,18.12,23.12,1.31,1.51,1.81,2.31,Latent_Defect,50
C18977,L10,TypeC,27.53,1.04,14.23,15.23,16.23,17.23,1.42,1.52,1.62,1.72,Normal,50
C18978,L10,TypeA,29.36,1.08,12.85,12.85,12.85,12.85,1.29,1.29,1.29,1.29,High_Stable,50
C18979,L10,TypeB,30.94,1.21,9.64,10.64,11.64,12.64,0.96,1.06,1.16,1.26,Normal,50
C18980,L10,TypeC,31.65,1.07,9.06,9.06,9.06,9.06,0.91,0.91,0.91,0.91,High_Stable,50
C18981,L10,TypeC,27.42,1.23,14.86,15.86,16.86,60.0,1.49,1.59,1.69,6.0,Absolute_Failure,50
C18982,L10,TypeB,27.44,1.06,13.64,14.64,15.64,16.64,1.36,1.46,1.56,1.66,Normal,50
C18983,L10,TypeC,33.06,1.15,12.19,13.19,14.19,15.19,1.22,1.32,1.42,1.52,Normal,50
C18984,L10,TypeA,30.52,1.2,11.29,13.29,16.29,21.29,1.13,1.33,1.63,2.13,Latent_Defect,50
C18985,L10,TypeC,25.76,1.21,8.67,10.67,13.67,18.67,0.87,1.07,1.37,1.87,Latent_Defect,50
C18986,L10,TypeA,31.69,1.04,9.07,10.07,11.07,60.0,0.91,1.01,1.11,6.0,Absolute_Failure,50
C18987,L10,TypeA,33.93,1.17,9.51,11.51,14.51,19.51,0.95,1.15,1.45,1.95,Latent_Defect,50
C18988,L10,TypeB,31.86,1.12,9.2,10.2,29.2,31.2,0.92,1.02,2.92,3.12,Sudden_Anomaly,50
C18989,L10,TypeC,32.93,1.14,8.33,9.33,10.33,60.0,0.83,0.93,1.03,6.0,Absolute_Failure,50
C18990,L10,TypeB,34.77,1.0,10.51,11.51,30.51,32.51,1.05,1.15,3.05,3.25,Sudden_Anomaly,50
C18991,L10,TypeC,26.04,1.13,8.68,9.68,10.68,11.68,0.87,0.97,1.07,1.17,Normal,50
C18992,L10,TypeA,27.06,1.03,13.56,14.56,33.56,35.56,1.36,1.46,3.36,3.56,Sudden_Anomaly,50
C18993,L10,TypeA,33.09,1.27,14.95,15.95,16.95,17.95,1.49,1.59,1.69,1.79,Normal,50
C18994,L10,TypeA,30.06,1.22,14.69,15.69,34.69,36.69,1.47,1.57,3.47,3.67,Sudden_Anomaly,50
C18995,L10,TypeB,33.26,1.08,10.21,11.21,12.21,60.0,1.02,1.12,1.22,6.0,Absolute_Failure,50
C18996,L10,TypeA,32.24,1.28,9.34,10.34,11.34,60.0,0.93,1.03,1.13,6.0,Absolute_Failure,50
C18997,L10,TypeA,27.67,1.21,11.29,13.29,16.29,21.29,1.13,1.33,1.63,2.13,Latent_Defect,50
C18998,L10,TypeC,29.63,1.28,8.35,9.35,10.35,11.35,0.83,0.93,1.03,1.13,Normal,50
C18999,L10,TypeA,25.22,1.19,10.08,10.08,10.08,10.08,1.01,1.01,1.01,1.01,High_Stable,50
C19000,L10,TypeC,29.76,1.12,11.89,12.89,31.89,33.89,1.19,1.29,3.19,3.39,Sudden_Anomaly,50
C19001,L10,TypeC,25.56,1.1,14.72,16.72,19.72,24.72,1.47,1.67,1.97,2.47,Latent_Defect,50
C19002,L10,TypeA,28.94,1.23,9.14,9.14,9.14,9.14,0.91,0.91,0.91,0.91,High_Stable,50
C19003,L10,TypeB,27.1,1.26,8.62,9.62,10.62,11.62,0.86,0.96,1.06,1.16,Normal,50
C19004,L10,TypeB,30.31,1.29,8.53,9.53,10.53,11.53,0.85,0.95,1.05,1.15,Normal,50
C19005,L10,TypeC,29.89,1.05,14.24,15.24,34.24,36.24,1.42,1.52,3.42,3.62,Sudden_Anomaly,50
C19006,L10,TypeA,30.58,1.07,12.54,13.54,14.54,15.54,1.25,1.35,1.45,1.55,Normal,50
C19007,L10,TypeB,34.21,1.18,14.36,15.36,16.36,60.0,1.44,1.54,1.64,6.0,Absolute_Failure,50
C19008,L10,TypeA,34.4,1.21,9.6,11.6,14.6,19.6,0.96,1.16,1.46,1.96,Latent_Defect,50
C19009,L10,TypeA,26.52,1.14,14.39,15.39,16.39,17.39,1.44,1.54,1.64,1.74,Normal,50
C19010,L10,TypeC,31.26,1.06,14.43,15.43,16.43,17.43,1.44,1.54,1.64,1.74,Normal,50
C19011,L10,TypeA,30.45,1.23,8.15,8.15,8.15,8.15,0.82,0.82,0.82,0.82,High_Stable,50
C19012,L10,TypeC,31.43,1.26,8.92,9.92,28.92,30.92,0.89,0.99,2.89,3.09,Sudden_Anomaly,50
C19013,L10,TypeB,25.97,1.3,10.29,11.29,12.29,13.29,1.03,1.13,1.23,1.33,Normal,50
C19014,L10,TypeA,34.97,1.26,14.01,14.01,14.01,14.01,1.4,1.4,1.4,1.4,High_Stable,50
C19015,L10,TypeB,28.55,1.02,11.99,12.99,31.99,33.99,1.2,1.3,3.2,3.4,Sudden_Anomaly,50
C19016,L10,TypeC,32.01,1.08,11.45,11.45,11.45,11.45,1.14,1.14,1.14,1.14,High_Stable,50
C19017,L10,TypeB,29.8,1.16,10.2,11.2,12.2,60.0,1.02,1.12,1.22,6.0,Absolute_Failure,50
C19018,L10,TypeB,26.48,1.1,11.95,12.95,13.95,60.0,1.19,1.29,1.39,6.0,Absolute_Failure,50
C19019,L10,TypeA,33.83,1.0,9.97,10.97,11.97,12.97,1.0,1.1,1.2,1.3,Normal,50
C19020,L10,TypeB,25.27,1.19,14.52,14.52,14.52,14.52,1.45,1.45,1.45,1.45,High_Stable,50
C19021,L10,TypeB,26.96,1.27,14.09,15.09,16.09,60.0,1.41,1.51,1.61,6.0,Absolute_Failure,50
C19022,L10,TypeB,26.45,1.07,9.16,9.16,9.16,9.16,0.92,0.92,0.92,0.92,High_Stable,50
C19023,L10,TypeC,34.02,1.16,10.35,11.35,30.35,32.35,1.03,1.13,3.03,3.23,Sudden_Anomaly,50
C19024,L10,TypeC,34.67,1.02,10.37,12.37,15.37,20.37,1.04,1.24,1.54,2.04,Latent_Defect,50
C19025,L10,TypeC,30.94,1.16,8.04,9.04,28.04,30.04,0.8,0.9,2.8,3.0,Sudden_Anomaly,50
C19026,L10,TypeC,30.28,1.08,11.83,11.83,11.83,11.83,1.18,1.18,1.18,1.18,High_Stable,50
C19027,L10,TypeB,28.33,1.23,11.96,12.96,31.96,33.96,1.2,1.3,3.2,3.4,Sudden_Anomaly,50
C19028,L10,TypeC,30.06,1.0,14.85,15.85,34.85,36.85,1.49,1.59,3.49,3.69,Sudden_Anomaly,50
C19029,L10,TypeB,33.13,1.14,9.77,10.77,11.77,60.0,0.98,1.08,1.18,6.0,Absolute_Failure,50
C19030,L10,TypeA,26.55,1.3,10.16,11.16,12.16,60.0,1.02,1.12,1.22,6.0,Absolute_Failure,50
C19031,L10,TypeA,28.71,1.15,14.6,14.6,14.6,14.6,1.46,1.46,1.46,1.46,High_Stable,50
C19032,L10,TypeA,33.87,1.09,11.67,12.67,13.67,60.0,1.17,1.27,1.37,6.0,Absolute_Failure,50
C19033,L10,TypeC,33.19,1.06,11.54,12.54,13.54,60.0,1.15,1.25,1.35,6.0,Absolute_Failure,50
C19034,L10,TypeC,29.81,1.23,13.4,14.4,15.4,16.4,1.34,1.44,1.54,1.64,Normal,50
C19035,L10,TypeB,32.84,1.28,10.57,11.57,12.57,60.0,1.06,1.16,1.26,6.0,Absolute_Failure,50
C19036,L10,TypeA,34.57,1.27,13.19,13.19,13.19,13.19,1.32,1.32,1.32,1.32,High_Stable,50
C19037,L10,TypeB,29.95,1.12,11.62,12.62,31.62,33.62,1.16,1.26,3.16,3.36,Sudden_Anomaly,50
C19038,L10,TypeC,28.01,1.04,12.06,13.06,14.06,60.0,1.21,1.31,1.41,6.0,Absolute_Failure,50
C19039,L10,TypeA,26.6,1.26,13.53,14.53,15.53,16.53,1.35,1.45,1.55,1.65,Normal,50
C19040,L10,TypeA,26.41,1.13,9.49,9.49,9.49,9.49,0.95,0.95,0.95,0.95,High_Stable,50
C19041,L10,TypeC,27.1,1.09,9.26,10.26,11.26,60.0,0.93,1.03,1.13,6.0,Absolute_Failure,50
C19042,L10,TypeB,34.53,1.08,10.05,12.05,15.05,20.05,1.0,1.2,1.5,2.0,Latent_Defect,50
C19043,L10,TypeC,31.73,1.11,8.8,10.8,13.8,18.8,0.88,1.08,1.38,1.88,Latent_Defect,50
C19044,L10,TypeB,29.26,1.01,9.98,11.98,14.98,19.98,1.0,1.2,1.5,2.0,Latent_Defect,50
C19045,L10,TypeC,30.47,1.21,11.98,12.98,13.98,14.98,1.2,1.3,1.4,1.5,Normal,50
C19046,L10,TypeA,26.26,1.26,13.61,15.61,18.61,23.61,1.36,1.56,1.86,2.36,Latent_Defect,50
C19047,L10,TypeB,27.47,1.06,11.73,12.73,31.73,33.73,1.17,1.27,3.17,3.37,Sudden_Anomaly,50
C19048,L10,TypeB,30.63,1.11,8.18,9.18,28.18,30.18,0.82,0.92,2.82,3.02,Sudden_Anomaly,50
C19049,L10,TypeC,33.68,1.15,8.46,10.46,13.46,18.46,0.85,1.05,1.35,1.85,Latent_Defect,50
C19050,L10,TypeA,34.16,1.22,14.7,16.7,19.7,24.7,1.47,1.67,1.97,2.47,Latent_Defect,50
C19051,L10,TypeA,33.94,1.19,11.39,13.39,16.39,21.39,1.14,1.34,1.64,2.14,Latent_Defect,50
C19052,L10,TypeB,30.15,1.03,14.32,15.32,16.32,17.32,1.43,1.53,1.63,1.73,Normal,50
C19053,L10,TypeC,31.94,1.04,11.36,12.36,13.36,60.0,1.14,1.24,1.34,6.0,Absolute_Failure,50
C19054,L10,TypeA,27.82,1.01,11.58,13.58,16.58,21.58,1.16,1.36,1.66,2.16,Latent_Defect,50
C19055,L10,TypeC,30.99,1.07,14.67,15.67,16.67,17.67,1.47,1.57,1.67,1.77,Normal,50
C19056,L10,TypeC,30.96,1.14,9.97,10.97,11.97,60.0,1.0,1.1,1.2,6.0,Absolute_Failure,50
C19057,L10,TypeC,25.76,1.23,10.25,12.25,15.25,20.25,1.02,1.22,1.52,2.02,Latent_Defect,50
C19058,L10,TypeA,27.57,1.22,8.12,9.12,10.12,11.12,0.81,0.91,1.01,1.11,Normal,50
C19059,L10,TypeB,30.43,1.06,8.21,9.21,28.21,30.21,0.82,0.92,2.82,3.02,Sudden_Anomaly,50
C19060,L10,TypeB,27.58,1.12,12.4,14.4,17.4,22.4,1.24,1.44,1.74,2.24,Latent_Defect,50
C19061,L10,TypeC,33.22,1.28,13.65,14.65,15.65,60.0,1.36,1.46,1.56,6.0,Absolute_Failure,50
C19062,L10,TypeC,31.8,1.25,12.68,13.68,32.68,34.68,1.27,1.37,3.27,3.47,Sudden_Anomaly,50
C19063,L10,TypeA,28.9,1.02,13.72,13.72,13.72,13.72,1.37,1.37,1.37,1.37,High_Stable,50
C19064,L10,TypeC,27.63,1.12,14.01,16.01,19.01,24.01,1.4,1.6,1.9,2.4,Latent_Defect,50
C19065,L10,TypeC,30.13,1.11,8.34,8.34,8.34,8.34,0.83,0.83,0.83,0.83,High_Stable,50
C19066,L10,TypeA,30.97,1.15,13.89,14.89,15.89,16.89,1.39,1.49,1.59,1.69,Normal,50
C19067,L10,TypeB,33.82,1.01,8.95,9.95,10.95,60.0,0.9,1.0,1.1,6.0,Absolute_Failure,50
C19068,L10,TypeB,28.14,1.28,13.61,14.61,15.61,60.0,1.36,1.46,1.56,6.0,Absolute_Failure,50
C19069,L10,TypeB,25.16,1.08,8.03,9.03,10.03,60.0,0.8,0.9,1.0,6.0,Absolute_Failure,50
C19070,L10,TypeC,31.73,1.28,14.72,15.72,16.72,17.72,1.47,1.57,1.67,1.77,Normal,50
C19071,L10,TypeA,28.12,1.14,11.19,12.19,13.19,60.0,1.12,1.22,1.32,6.0,Absolute_Failure,50
C19072,L10,TypeC,27.07,1.19,12.61,12.61,12.61,12.61,1.26,1.26,1.26,1.26,High_Stable,50
C19073,L10,TypeB,29.81,1.1,14.04,15.04,16.04,60.0,1.4,1.5,1.6,6.0,Absolute_Failure,50
C19074,L10,TypeA,32.48,1.27,11.23,12.23,31.23,33.23,1.12,1.22,3.12,3.32,Sudden_Anomaly,50
C19075,L10,TypeA,30.92,1.1,9.23,9.23,9.23,9.23,0.92,0.92,0.92,0.92,High_Stable,50
C19076,L10,TypeC,32.77,1.22,12.93,13.93,14.93,15.93,1.29,1.39,1.49,1.59,Normal,50
C19077,L10,TypeB,25.24,1.2,12.98,13.98,14.98,60.0,1.3,1.4,1.5,6.0,Absolute_Failure,50
C19078,L10,TypeC,25.84,1.03,12.25,14.25,17.25,22.25,1.22,1.42,1.72,2.22,Latent_Defect,50
C19079,L10,TypeB,32.29,1.28,11.04,11.04,11.04,11.04,1.1,1.1,1.1,1.1,High_Stable,50
C19080,L10,TypeB,31.11,1.29,11.77,12.77,13.77,14.77,1.18,1.28,1.38,1.48,Normal,50
C19081,L10,TypeA,30.14,1.16,10.48,11.48,12.48,60.0,1.05,1.15,1.25,6.0,Absolute_Failure,50
C19082,L10,TypeB,25.51,1.21,14.15,16.15,19.15,24.15,1.42,1.62,1.92,2.42,Latent_Defect,50
C19083,L10,TypeB,30.54,1.13,12.08,13.08,14.08,15.08,1.21,1.31,1.41,1.51,Normal,50
C19084,L10,TypeB,30.04,1.0,8.04,9.04,10.04,11.04,0.8,0.9,1.0,1.1,Normal,50
C19085,L10,TypeA,26.18,1.13,10.64,12.64,15.64,20.64,1.06,1.26,1.56,2.06,Latent_Defect,50
C19086,L10,TypeB,31.01,1.04,14.54,15.54,16.54,17.54,1.45,1.55,1.65,1.75,Normal,50
C19087,L10,TypeC,30.51,1.21,13.1,14.1,33.1,35.1,1.31,1.41,3.31,3.51,Sudden_Anomaly,50
C19088,L10,TypeB,29.17,1.02,9.74,10.74,29.74,31.74,0.97,1.07,2.97,3.17,Sudden_Anomaly,50
C19089,L10,TypeB,29.56,1.14,8.16,9.16,10.16,60.0,0.82,0.92,1.02,6.0,Absolute_Failure,50
C19090,L10,TypeC,26.95,1.21,13.02,15.02,18.02,23.02,1.3,1.5,1.8,2.3,Latent_Defect,50
C19091,L10,TypeB,30.64,1.25,8.35,9.35,28.35,30.35,0.83,0.93,2.83,3.03,Sudden_Anomaly,50
C19092,L10,TypeB,31.71,1.26,9.49,9.49,9.49,9.49,0.95,0.95,0.95,0.95,High_Stable,50
C19093,L10,TypeA,25.94,1.24,12.93,12.93,12.93,12.93,1.29,1.29,1.29,1.29,High_Stable,50
C19094,L10,TypeB,32.86,1.21,8.18,8.18,8.18,8.18,0.82,0.82,0.82,0.82,High_Stable,50
C19095,L10,TypeA,26.91,1.21,10.43,12.43,15.43,20.43,1.04,1.24,1.54,2.04,Latent_Defect,50
C19096,L10,TypeC,29.81,1.01,11.6,12.6,13.6,14.6,1.16,1.26,1.36,1.46,Normal,50
C19097,L10,TypeA,26.86,1.09,10.85,10.85,10.85,10.85,1.08,1.08,1.08,1.08,High_Stable,50
C19098,L10,TypeA,30.4,1.22,11.38,11.38,11.38,11.38,1.14,1.14,1.14,1.14,High_Stable,50
C19099,L10,TypeA,27.03,1.3,9.38,9.38,9.38,9.38,0.94,0.94,0.94,0.94,High_Stable,50
C19100,L10,TypeC,32.52,1.25,12.15,12.15,12.15,12.15,1.21,1.21,1.21,1.21,High_Stable,50
C19101,L10,TypeC,29.72,1.14,10.0,12.0,15.0,20.0,1.0,1.2,1.5,2.0,Latent_Defect,50
C19102,L10,TypeB,26.78,1.15,9.47,10.47,29.47,31.47,0.95,1.05,2.95,3.15,Sudden_Anomaly,50
C19103,L10,TypeA,25.9,1.21,12.24,14.24,17.24,22.24,1.22,1.42,1.72,2.22,Latent_Defect,50
C19104,L10,TypeC,29.19,1.24,11.28,11.28,11.28,11.28,1.13,1.13,1.13,1.13,High_Stable,50
C19105,L10,TypeC,28.63,1.05,14.56,15.56,16.56,60.0,1.46,1.56,1.66,6.0,Absolute_Failure,50
C19106,L10,TypeC,30.34,1.19,9.85,11.85,14.85,19.85,0.98,1.18,1.48,1.98,Latent_Defect,50
C19107,L10,TypeB,34.14,1.17,9.05,9.05,9.05,9.05,0.91,0.91,0.91,0.91,High_Stable,50
C19108,L10,TypeA,30.59,1.06,9.43,10.43,29.43,31.43,0.94,1.04,2.94,3.14,Sudden_Anomaly,50
C19109,L10,TypeA,31.48,1.18,12.51,13.51,32.51,34.51,1.25,1.35,3.25,3.45,Sudden_Anomaly,50
C19110,L10,TypeB,26.62,1.12,9.55,10.55,11.55,60.0,0.96,1.06,1.16,6.0,Absolute_Failure,50
C19111,L10,TypeA,32.45,1.17,8.19,9.19,10.19,11.19,0.82,0.92,1.02,1.12,Normal,50
C19112,L10,TypeA,33.3,1.25,13.14,14.14,33.14,35.14,1.31,1.41,3.31,3.51,Sudden_Anomaly,50
C19113,L10,TypeA,32.71,1.15,12.07,13.07,32.07,34.07,1.21,1.31,3.21,3.41,Sudden_Anomaly,50
C19114,L10,TypeA,30.5,1.23,13.84,14.84,33.84,35.84,1.38,1.48,3.38,3.58,Sudden_Anomaly,50
C19115,L10,TypeC,26.65,1.14,14.26,16.26,19.26,24.26,1.43,1.63,1.93,2.43,Latent_Defect,50
C19116,L10,TypeC,27.36,1.25,14.91,15.91,34.91,36.91,1.49,1.59,3.49,3.69,Sudden_Anomaly,50
C19117,L10,TypeA,27.17,1.11,12.69,13.69,14.69,60.0,1.27,1.37,1.47,6.0,Absolute_Failure,50
C19118,L10,TypeC,28.75,1.02,13.99,14.99,15.99,16.99,1.4,1.5,1.6,1.7,Normal,50
C19119,L10,TypeB,28.45,1.08,13.98,14.98,33.98,35.98,1.4,1.5,3.4,3.6,Sudden_Anomaly,50
C19120,L10,TypeC,26.69,1.12,9.89,10.89,11.89,12.89,0.99,1.09,1.19,1.29,Normal,50
C19121,L10,TypeA,34.96,1.14,8.59,9.59,10.59,11.59,0.86,0.96,1.06,1.16,Normal,50
C19122,L10,TypeB,29.84,1.18,8.61,10.61,13.61,18.61,0.86,1.06,1.36,1.86,Latent_Defect,50
C19123,L10,TypeC,32.63,1.15,11.87,13.87,16.87,21.87,1.19,1.39,1.69,2.19,Latent_Defect,50
C19124,L10,TypeB,31.97,1.09,13.13,14.13,33.13,35.13,1.31,1.41,3.31,3.51,Sudden_Anomaly,50
C19125,L10,TypeB,27.1,1.17,11.6,11.6,11.6,11.6,1.16,1.16,1.16,1.16,High_Stable,50
C19126,L10,TypeC,33.54,1.07,11.03,11.03,11.03,11.03,1.1,1.1,1.1,1.1,High_Stable,50
C19127,L10,TypeB,34.85,1.19,9.06,9.06,9.06,9.06,0.91,0.91,0.91,0.91,High_Stable,50
C19128,L10,TypeB,29.36,1.03,9.89,10.89,11.89,60.0,0.99,1.09,1.19,6.0,Absolute_Failure,50
C19129,L10,TypeC,25.16,1.23,12.15,14.15,17.15,22.15,1.21,1.41,1.71,2.21,Latent_Defect,50
C19130,L10,TypeA,25.21,1.29,8.2,10.2,13.2,18.2,0.82,1.02,1.32,1.82,Latent_Defect,50
C19131,L10,TypeA,34.05,1.09,10.82,12.82,15.82,20.82,1.08,1.28,1.58,2.08,Latent_Defect,50
C19132,L10,TypeB,32.48,1.03,11.22,13.22,16.22,21.22,1.12,1.32,1.62,2.12,Latent_Defect,50
C19133,L10,TypeA,33.63,1.29,14.47,14.47,14.47,14.47,1.45,1.45,1.45,1.45,High_Stable,50
C19134,L10,TypeC,33.82,1.28,12.63,13.63,14.63,60.0,1.26,1.36,1.46,6.0,Absolute_Failure,50
C19135,L10,TypeB,30.66,1.28,13.73,14.73,15.73,60.0,1.37,1.47,1.57,6.0,Absolute_Failure,50
C19136,L10,TypeC,26.05,1.19,14.47,16.47,19.47,24.47,1.45,1.65,1.95,2.45,Latent_Defect,50
C19137,L10,TypeA,33.03,1.03,14.52,16.52,19.52,24.52,1.45,1.65,1.95,2.45,Latent_Defect,50
C19138,L10,TypeC,27.88,1.07,8.34,9.34,28.34,30.34,0.83,0.93,2.83,3.03,Sudden_Anomaly,50
C19139,L10,TypeC,26.03,1.18,9.05,10.05,29.05,31.05,0.91,1.01,2.91,3.11,Sudden_Anomaly,50
C19140,L10,TypeA,32.37,1.18,12.3,13.3,14.3,60.0,1.23,1.33,1.43,6.0,Absolute_Failure,50
C19141,L10,TypeA,26.49,1.07,10.2,10.2,10.2,10.2,1.02,1.02,1.02,1.02,High_Stable,50
C19142,L10,TypeB,29.22,1.02,10.96,12.96,15.96,20.96,1.1,1.3,1.6,2.1,Latent_Defect,50
C19143,L10,TypeA,25.07,1.04,14.26,15.26,16.26,60.0,1.43,1.53,1.63,6.0,Absolute_Failure,50
C19144,L10,TypeB,31.77,1.29,11.96,12.96,31.96,33.96,1.2,1.3,3.2,3.4,Sudden_Anomaly,50
C19145,L10,TypeA,31.85,1.22,12.66,14.66,17.66,22.66,1.27,1.47,1.77,2.27,Latent_Defect,50
C19146,L10,TypeB,31.8,1.18,10.34,11.34,12.34,60.0,1.03,1.13,1.23,6.0,Absolute_Failure,50
C19147,L10,TypeC,25.52,1.05,8.33,9.33,28.33,30.33,0.83,0.93,2.83,3.03,Sudden_Anomaly,50
C19148,L10,TypeB,26.78,1.23,14.22,16.22,19.22,24.22,1.42,1.62,1.92,2.42,Latent_Defect,50
C19149,L10,TypeC,27.95,1.11,8.91,8.91,8.91,8.91,0.89,0.89,0.89,0.89,High_Stable,50
C19150,L10,TypeC,32.13,1.11,14.54,16.54,19.54,24.54,1.45,1.65,1.95,2.45,Latent_Defect,50
C19151,L10,TypeB,33.59,1.01,8.58,9.58,28.58,30.58,0.86,0.96,2.86,3.06,Sudden_Anomaly,50
C19152,L10,TypeA,33.79,1.15,8.92,9.92,28.92,30.92,0.89,0.99,2.89,3.09,Sudden_Anomaly,50
C19153,L10,TypeA,27.08,1.15,10.77,11.77,30.77,32.77,1.08,1.18,3.08,3.28,Sudden_Anomaly,50
C19154,L10,TypeA,28.28,1.04,11.54,13.54,16.54,21.54,1.15,1.35,1.65,2.15,Latent_Defect,50
C19155,L10,TypeA,30.18,1.16,12.23,13.23,14.23,60.0,1.22,1.32,1.42,6.0,Absolute_Failure,50
C19156,L10,TypeC,30.47,1.26,11.72,12.72,31.72,33.72,1.17,1.27,3.17,3.37,Sudden_Anomaly,50
C19157,L10,TypeB,28.96,1.19,13.8,15.8,18.8,23.8,1.38,1.58,1.88,2.38,Latent_Defect,50
C19158,L10,TypeA,31.65,1.13,12.64,13.64,14.64,15.64,1.26,1.36,1.46,1.56,Normal,50
C19159,L10,TypeC,26.31,1.19,11.79,11.79,11.79,11.79,1.18,1.18,1.18,1.18,High_Stable,50
C19160,L10,TypeA,32.54,1.26,11.23,11.23,11.23,11.23,1.12,1.12,1.12,1.12,High_Stable,50
C19161,L10,TypeB,30.66,1.21,14.43,15.43,16.43,60.0,1.44,1.54,1.64,6.0,Absolute_Failure,50
C19162,L10,TypeA,34.33,1.12,10.51,11.51,30.51,32.51,1.05,1.15,3.05,3.25,Sudden_Anomaly,50
C19163,L10,TypeC,28.1,1.14,9.15,9.15,9.15,9.15,0.92,0.92,0.92,0.92,High_Stable,50
C19164,L10,TypeC,30.58,1.26,10.3,10.3,10.3,10.3,1.03,1.03,1.03,1.03,High_Stable,50
C19165,L10,TypeA,31.03,1.11,12.04,12.04,12.04,12.04,1.2,1.2,1.2,1.2,High_Stable,50
C19166,L10,TypeB,30.32,1.12,8.43,9.43,10.43,11.43,0.84,0.94,1.04,1.14,Normal,50
C19167,L10,TypeB,25.26,1.24,10.86,11.86,12.86,60.0,1.09,1.19,1.29,6.0,Absolute_Failure,50
C19168,L10,TypeB,30.28,1.15,9.94,10.94,11.94,60.0,0.99,1.09,1.19,6.0,Absolute_Failure,50
C19169,L10,TypeC,29.09,1.09,9.08,10.08,29.08,31.08,0.91,1.01,2.91,3.11,Sudden_Anomaly,50
C19170,L10,TypeC,27.21,1.11,12.6,14.6,17.6,22.6,1.26,1.46,1.76,2.26,Latent_Defect,50
C19171,L10,TypeB,28.74,1.21,10.96,11.96,12.96,60.0,1.1,1.2,1.3,6.0,Absolute_Failure,50
C19172,L10,TypeC,29.88,1.19,8.94,9.94,10.94,11.94,0.89,0.99,1.09,1.19,Normal,50
C19173,L10,TypeC,33.43,1.27,10.22,11.22,12.22,60.0,1.02,1.12,1.22,6.0,Absolute_Failure,50
C19174,L10,TypeC,30.32,1.14,13.54,14.54,15.54,16.54,1.35,1.45,1.55,1.65,Normal,50
C19175,L10,TypeC,31.99,1.19,14.72,15.72,34.72,36.72,1.47,1.57,3.47,3.67,Sudden_Anomaly,50
C19176,L10,TypeB,29.24,1.13,8.76,8.76,8.76,8.76,0.88,0.88,0.88,0.88,High_Stable,50
C19177,L10,TypeC,33.88,1.12,13.77,14.77,15.77,60.0,1.38,1.48,1.58,6.0,Absolute_Failure,50
C19178,L10,TypeA,29.03,1.04,8.79,9.79,28.79,30.79,0.88,0.98,2.88,3.08,Sudden_Anomaly,50
C19179,L10,TypeC,33.28,1.04,9.17,10.17,11.17,60.0,0.92,1.02,1.12,6.0,Absolute_Failure,50
C19180,L10,TypeA,34.54,1.03,11.76,12.76,13.76,14.76,1.18,1.28,1.38,1.48,Normal,50
C19181,L10,TypeB,34.04,1.06,12.67,13.67,14.67,15.67,1.27,1.37,1.47,1.57,Normal,50
C19182,L10,TypeB,27.4,1.29,14.61,15.61,16.61,60.0,1.46,1.56,1.66,6.0,Absolute_Failure,50
C19183,L10,TypeC,30.47,1.07,14.98,16.98,19.98,24.98,1.5,1.7,2.0,2.5,Latent_Defect,50
C19184,L10,TypeB,28.91,1.03,14.65,16.65,19.65,24.65,1.46,1.66,1.96,2.46,Latent_Defect,50
C19185,L10,TypeB,26.61,1.12,10.39,11.39,12.39,60.0,1.04,1.14,1.24,6.0,Absolute_Failure,50
C19186,L10,TypeB,32.91,1.07,13.89,14.89,15.89,16.89,1.39,1.49,1.59,1.69,Normal,50
C19187,L10,TypeA,25.53,1.05,10.86,11.86,12.86,60.0,1.09,1.19,1.29,6.0,Absolute_Failure,50
C19188,L10,TypeA,29.93,1.05,9.12,9.12,9.12,9.12,0.91,0.91,0.91,0.91,High_Stable,50
C19189,L10,TypeA,32.5,1.15,10.58,10.58,10.58,10.58,1.06,1.06,1.06,1.06,High_Stable,50
C19190,L10,TypeC,26.68,1.12,12.51,12.51,12.51,12.51,1.25,1.25,1.25,1.25,High_Stable,50
C19191,L10,TypeA,33.37,1.2,9.18,10.18,11.18,60.0,0.92,1.02,1.12,6.0,Absolute_Failure,50
C19192,L10,TypeA,30.38,1.14,8.83,10.83,13.83,18.83,0.88,1.08,1.38,1.88,Latent_Defect,50
C19193,L10,TypeC,28.89,1.24,11.46,12.46,31.46,33.46,1.15,1.25,3.15,3.35,Sudden_Anomaly,50
C19194,L10,TypeB,28.81,1.27,11.08,11.08,11.08,11.08,1.11,1.11,1.11,1.11,High_Stable,50
C19195,L10,TypeC,29.74,1.24,10.64,11.64,12.64,60.0,1.06,1.16,1.26,6.0,Absolute_Failure,50
C19196,L10,TypeA,30.67,1.1,11.38,11.38,11.38,11.38,1.14,1.14,1.14,1.14,High_Stable,50
C19197,L10,TypeB,30.39,1.21,10.89,11.89,12.89,13.89,1.09,1.19,1.29,1.39,Normal,50
C19198,L10,TypeC,28.33,1.14,14.23,15.23,34.23,36.23,1.42,1.52,3.42,3.62,Sudden_Anomaly,50
C19199,L10,TypeC,25.69,1.07,10.37,12.37,15.37,20.37,1.04,1.24,1.54,2.04,Latent_Defect,50
C19200,L10,TypeC,29.21,1.05,14.68,14.68,14.68,14.68,1.47,1.47,1.47,1.47,High_Stable,50
C19201,L10,TypeA,26.7,1.2,8.61,9.61,10.61,11.61,0.86,0.96,1.06,1.16,Normal,50
C19202,L10,TypeB,32.29,1.23,9.22,9.22,9.22,9.22,0.92,0.92,0.92,0.92,High_Stable,50
C19203,L10,TypeB,31.05,1.17,14.68,16.68,19.68,24.68,1.47,1.67,1.97,2.47,Latent_Defect,50
C19204,L10,TypeA,33.61,1.23,8.22,9.22,10.22,60.0,0.82,0.92,1.02,6.0,Absolute_Failure,50
C19205,L10,TypeC,34.47,1.0,10.83,12.83,15.83,20.83,1.08,1.28,1.58,2.08,Latent_Defect,50
C19206,L10,TypeB,33.65,1.29,12.82,12.82,12.82,12.82,1.28,1.28,1.28,1.28,High_Stable,50
C19207,L10,TypeB,26.26,1.17,9.68,9.68,9.68,9.68,0.97,0.97,0.97,0.97,High_Stable,50
C19208,L10,TypeA,33.03,1.16,12.29,13.29,14.29,60.0,1.23,1.33,1.43,6.0,Absolute_Failure,50
C19209,L10,TypeC,25.84,1.13,10.13,11.13,30.13,32.13,1.01,1.11,3.01,3.21,Sudden_Anomaly,50
C19210,L10,TypeA,34.91,1.26,12.67,13.67,14.67,60.0,1.27,1.37,1.47,6.0,Absolute_Failure,50
C19211,L10,TypeB,26.73,1.29,8.06,9.06,10.06,60.0,0.81,0.91,1.01,6.0,Absolute_Failure,50
C19212,L10,TypeB,30.35,1.2,8.28,9.28,10.28,60.0,0.83,0.93,1.03,6.0,Absolute_Failure,50
C19213,L10,TypeB,30.56,1.16,9.55,10.55,29.55,31.55,0.95,1.05,2.95,3.15,Sudden_Anomaly,50
C19214,L10,TypeC,28.75,1.19,10.33,10.33,10.33,10.33,1.03,1.03,1.03,1.03,High_Stable,50
C19215,L10,TypeB,34.69,1.0,8.84,9.84,10.84,11.84,0.88,0.98,1.08,1.18,Normal,50
C19216,L10,TypeB,26.19,1.07,9.1,10.1,29.1,31.1,0.91,1.01,2.91,3.11,Sudden_Anomaly,50
C19217,L10,TypeC,25.77,1.23,8.21,9.21,10.21,60.0,0.82,0.92,1.02,6.0,Absolute_Failure,50
C19218,L10,TypeC,27.26,1.13,12.52,12.52,12.52,12.52,1.25,1.25,1.25,1.25,High_Stable,50
C19219,L10,TypeA,28.73,1.19,11.09,12.09,13.09,60.0,1.11,1.21,1.31,6.0,Absolute_Failure,50
C19220,L10,TypeC,31.63,1.08,13.85,14.85,15.85,16.85,1.38,1.48,1.58,1.68,Normal,50
C19221,L10,TypeB,26.0,1.08,8.29,9.29,10.29,11.29,0.83,0.93,1.03,1.13,Normal,50
C19222,L10,TypeB,34.46,1.11,11.84,12.84,13.84,14.84,1.18,1.28,1.38,1.48,Normal,50
C19223,L10,TypeA,26.26,1.26,9.81,10.81,11.81,12.81,0.98,1.08,1.18,1.28,Normal,50
C19224,L10,TypeC,28.13,1.24,13.84,14.84,33.84,35.84,1.38,1.48,3.38,3.58,Sudden_Anomaly,50
C19225,L10,TypeB,31.16,1.12,8.44,10.44,13.44,18.44,0.84,1.04,1.34,1.84,Latent_Defect,50
C19226,L10,TypeC,29.8,1.11,13.98,14.98,15.98,16.98,1.4,1.5,1.6,1.7,Normal,50
C19227,L10,TypeC,34.87,1.16,14.02,14.02,14.02,14.02,1.4,1.4,1.4,1.4,High_Stable,50
C19228,L10,TypeC,29.08,1.27,13.24,13.24,13.24,13.24,1.32,1.32,1.32,1.32,High_Stable,50
C19229,L10,TypeA,34.57,1.14,13.51,14.51,15.51,60.0,1.35,1.45,1.55,6.0,Absolute_Failure,50
C19230,L10,TypeA,29.54,1.28,13.49,14.49,15.49,60.0,1.35,1.45,1.55,6.0,Absolute_Failure,50
C19231,L10,TypeC,33.06,1.01,14.43,16.43,19.43,24.43,1.44,1.64,1.94,2.44,Latent_Defect,50
C19232,L10,TypeC,29.63,1.1,10.31,10.31,10.31,10.31,1.03,1.03,1.03,1.03,High_Stable,50
C19233,L10,TypeB,31.9,1.01,14.2,15.2,16.2,17.2,1.42,1.52,1.62,1.72,Normal,50
C19234,L10,TypeC,31.45,1.14,8.21,9.21,10.21,60.0,0.82,0.92,1.02,6.0,Absolute_Failure,50
C19235,L10,TypeB,33.38,1.16,9.51,10.51,11.51,12.51,0.95,1.05,1.15,1.25,Normal,50
C19236,L10,TypeC,33.28,1.02,12.29,13.29,14.29,60.0,1.23,1.33,1.43,6.0,Absolute_Failure,50
C19237,L10,TypeB,27.32,1.16,12.56,13.56,14.56,60.0,1.26,1.36,1.46,6.0,Absolute_Failure,50
C19238,L10,TypeA,28.68,1.17,12.54,14.54,17.54,22.54,1.25,1.45,1.75,2.25,Latent_Defect,50
C19239,L10,TypeA,27.55,1.04,10.97,11.97,30.97,32.97,1.1,1.2,3.1,3.3,Sudden_Anomaly,50
C19240,L10,TypeB,28.13,1.13,12.42,13.42,14.42,60.0,1.24,1.34,1.44,6.0,Absolute_Failure,50
C19241,L10,TypeB,33.14,1.21,13.6,13.6,13.6,13.6,1.36,1.36,1.36,1.36,High_Stable,50
C19242,L10,TypeA,28.27,1.12,11.69,12.69,13.69,60.0,1.17,1.27,1.37,6.0,Absolute_Failure,50
C19243,L10,TypeA,29.69,1.01,14.59,15.59,16.59,17.59,1.46,1.56,1.66,1.76,Normal,50
C19244,L10,TypeC,27.89,1.19,13.03,15.03,18.03,23.03,1.3,1.5,1.8,2.3,Latent_Defect,50
C19245,L10,TypeA,34.82,1.2,8.08,9.08,10.08,11.08,0.81,0.91,1.01,1.11,Normal,50
C19246,L10,TypeC,31.73,1.11,8.65,9.65,10.65,11.65,0.86,0.96,1.06,1.16,Normal,50
C19247,L10,TypeA,34.73,1.04,12.71,13.71,14.71,60.0,1.27,1.37,1.47,6.0,Absolute_Failure,50
C19248,L10,TypeB,29.14,1.3,9.58,10.58,29.58,31.58,0.96,1.06,2.96,3.16,Sudden_Anomaly,50
C19249,L10,TypeB,28.36,1.06,14.79,15.79,34.79,36.79,1.48,1.58,3.48,3.68,Sudden_Anomaly,50
C19250,L10,TypeC,31.91,1.29,8.12,9.12,10.12,60.0,0.81,0.91,1.01,6.0,Absolute_Failure,50
C19251,L10,TypeB,28.58,1.22,12.58,13.58,32.58,34.58,1.26,1.36,3.26,3.46,Sudden_Anomaly,50
C19252,L10,TypeC,32.55,1.18,13.01,13.01,13.01,13.01,1.3,1.3,1.3,1.3,High_Stable,50
C19253,L10,TypeB,28.34,1.22,9.49,10.49,29.49,31.49,0.95,1.05,2.95,3.15,Sudden_Anomaly,50
C19254,L10,TypeA,30.96,1.25,9.83,10.83,29.83,31.83,0.98,1.08,2.98,3.18,Sudden_Anomaly,50
C19255,L10,TypeB,33.6,1.24,8.72,8.72,8.72,8.72,0.87,0.87,0.87,0.87,High_Stable,50
C19256,L10,TypeA,29.81,1.14,14.28,14.28,14.28,14.28,1.43,1.43,1.43,1.43,High_Stable,50
C19257,L10,TypeC,33.37,1.05,10.03,11.03,12.03,13.03,1.0,1.1,1.2,1.3,Normal,50
C19258,L10,TypeC,29.82,1.29,14.81,15.81,16.81,60.0,1.48,1.58,1.68,6.0,Absolute_Failure,50
C19259,L10,TypeC,34.14,1.26,9.51,11.51,14.51,19.51,0.95,1.15,1.45,1.95,Latent_Defect,50
C19260,L10,TypeC,34.6,1.26,11.1,12.1,13.1,60.0,1.11,1.21,1.31,6.0,Absolute_Failure,50
C19261,L10,TypeA,32.28,1.27,14.36,15.36,34.36,36.36,1.44,1.54,3.44,3.64,Sudden_Anomaly,50
C19262,L10,TypeC,27.28,1.15,9.42,10.42,11.42,12.42,0.94,1.04,1.14,1.24,Normal,50
C19263,L10,TypeC,25.3,1.06,11.15,11.15,11.15,11.15,1.11,1.11,1.11,1.11,High_Stable,50
C19264,L10,TypeA,31.84,1.23,11.01,12.01,13.01,60.0,1.1,1.2,1.3,6.0,Absolute_Failure,50
C19265,L10,TypeB,32.27,1.14,13.18,14.18,33.18,35.18,1.32,1.42,3.32,3.52,Sudden_Anomaly,50
C19266,L10,TypeC,25.54,1.24,8.5,9.5,28.5,30.5,0.85,0.95,2.85,3.05,Sudden_Anomaly,50
C19267,L10,TypeA,30.43,1.13,12.58,13.58,14.58,15.58,1.26,1.36,1.46,1.56,Normal,50
C19268,L10,TypeB,33.81,1.23,11.07,12.07,13.07,14.07,1.11,1.21,1.31,1.41,Normal,50
C19269,L10,TypeB,28.55,1.22,14.56,15.56,16.56,60.0,1.46,1.56,1.66,6.0,Absolute_Failure,50
C19270,L10,TypeB,35.0,1.19,14.44,15.44,16.44,17.44,1.44,1.54,1.64,1.74,Normal,50
C19271,L10,TypeA,26.77,1.09,14.19,16.19,19.19,24.19,1.42,1.62,1.92,2.42,Latent_Defect,50
C19272,L10,TypeA,29.4,1.04,14.49,15.49,34.49,36.49,1.45,1.55,3.45,3.65,Sudden_Anomaly,50
C19273,L10,TypeA,29.89,1.23,10.44,11.44,12.44,60.0,1.04,1.14,1.24,6.0,Absolute_Failure,50
C19274,L10,TypeA,27.89,1.26,13.56,14.56,15.56,60.0,1.36,1.46,1.56,6.0,Absolute_Failure,50
C19275,L10,TypeA,34.88,1.08,10.65,11.65,30.65,32.65,1.06,1.16,3.06,3.26,Sudden_Anomaly,50
C19276,L10,TypeA,26.76,1.07,13.8,14.8,33.8,35.8,1.38,1.48,3.38,3.58,Sudden_Anomaly,50
C19277,L10,TypeA,31.36,1.02,12.14,13.14,32.14,34.14,1.21,1.31,3.21,3.41,Sudden_Anomaly,50
C19278,L10,TypeC,32.88,1.16,14.48,15.48,16.48,17.48,1.45,1.55,1.65,1.75,Normal,50
C19279,L10,TypeA,27.87,1.28,9.09,11.09,14.09,19.09,0.91,1.11,1.41,1.91,Latent_Defect,50
C19280,L10,TypeC,26.54,1.19,14.18,15.18,34.18,36.18,1.42,1.52,3.42,3.62,Sudden_Anomaly,50
C19281,L10,TypeB,32.93,1.16,13.43,15.43,18.43,23.43,1.34,1.54,1.84,2.34,Latent_Defect,50
C19282,L10,TypeC,27.49,1.19,12.97,13.97,14.97,15.97,1.3,1.4,1.5,1.6,Normal,50
C19283,L10,TypeB,31.69,1.17,13.28,15.28,18.28,23.28,1.33,1.53,1.83,2.33,Latent_Defect,50
C19284,L10,TypeC,25.3,1.3,10.52,11.52,12.52,60.0,1.05,1.15,1.25,6.0,Absolute_Failure,50
C19285,L10,TypeA,31.66,1.08,9.04,9.04,9.04,9.04,0.9,0.9,0.9,0.9,High_Stable,50
C19286,L10,TypeB,31.24,1.01,12.21,13.21,14.21,15.21,1.22,1.32,1.42,1.52,Normal,50
C19287,L10,TypeA,25.25,1.27,8.79,10.79,13.79,18.79,0.88,1.08,1.38,1.88,Latent_Defect,50
C19288,L10,TypeB,31.18,1.24,9.8,9.8,9.8,9.8,0.98,0.98,0.98,0.98,High_Stable,50
C19289,L10,TypeA,32.25,1.21,12.46,13.46,32.46,34.46,1.25,1.35,3.25,3.45,Sudden_Anomaly,50
C19290,L10,TypeB,32.12,1.22,10.12,11.12,30.12,32.12,1.01,1.11,3.01,3.21,Sudden_Anomaly,50
C19291,L10,TypeA,34.21,1.24,13.53,14.53,15.53,60.0,1.35,1.45,1.55,6.0,Absolute_Failure,50
C19292,L10,TypeB,25.47,1.11,13.05,14.05,15.05,60.0,1.31,1.41,1.51,6.0,Absolute_Failure,50
C19293,L10,TypeC,30.55,1.12,10.89,12.89,15.89,20.89,1.09,1.29,1.59,2.09,Latent_Defect,50
C19294,L10,TypeA,33.87,1.27,11.64,12.64,31.64,33.64,1.16,1.26,3.16,3.36,Sudden_Anomaly,50
C19295,L10,TypeC,30.57,1.07,13.15,14.15,15.15,60.0,1.32,1.42,1.52,6.0,Absolute_Failure,50
C19296,L10,TypeA,25.78,1.27,9.79,11.79,14.79,19.79,0.98,1.18,1.48,1.98,Latent_Defect,50
C19297,L10,TypeB,32.37,1.13,12.23,13.23,14.23,60.0,1.22,1.32,1.42,6.0,Absolute_Failure,50
C19298,L10,TypeA,26.87,1.14,8.17,9.17,28.17,30.17,0.82,0.92,2.82,3.02,Sudden_Anomaly,50
C19299,L10,TypeC,26.48,1.18,12.6,13.6,14.6,15.6,1.26,1.36,1.46,1.56,Normal,50
C19300,L10,TypeB,27.99,1.03,13.32,14.32,33.32,35.32,1.33,1.43,3.33,3.53,Sudden_Anomaly,50
C19301,L10,TypeA,33.19,1.06,14.55,14.55,14.55,14.55,1.46,1.46,1.46,1.46,High_Stable,50
C19302,L10,TypeC,33.35,1.19,13.68,13.68,13.68,13.68,1.37,1.37,1.37,1.37,High_Stable,50
C19303,L10,TypeB,32.3,1.26,14.91,16.91,19.91,24.91,1.49,1.69,1.99,2.49,Latent_Defect,50
C19304,L10,TypeC,28.46,1.22,13.17,14.17,15.17,60.0,1.32,1.42,1.52,6.0,Absolute_Failure,50
C19305,L10,TypeA,32.66,1.2,9.02,10.02,11.02,60.0,0.9,1.0,1.1,6.0,Absolute_Failure,50
C19306,L10,TypeA,26.76,1.02,14.43,15.43,16.43,60.0,1.44,1.54,1.64,6.0,Absolute_Failure,50
C19307,L10,TypeB,32.86,1.1,13.35,15.35,18.35,23.35,1.34,1.54,1.84,2.34,Latent_Defect,50
C19308,L10,TypeB,32.82,1.02,10.32,10.32,10.32,10.32,1.03,1.03,1.03,1.03,High_Stable,50
C19309,L10,TypeA,26.58,1.28,13.6,13.6,13.6,13.6,1.36,1.36,1.36,1.36,High_Stable,50
C19310,L10,TypeA,30.84,1.0,10.48,10.48,10.48,10.48,1.05,1.05,1.05,1.05,High_Stable,50
C19311,L10,TypeC,30.59,1.19,9.54,10.54,11.54,60.0,0.95,1.05,1.15,6.0,Absolute_Failure,50
C19312,L10,TypeB,28.61,1.05,10.3,12.3,15.3,20.3,1.03,1.23,1.53,2.03,Latent_Defect,50
C19313,L10,TypeB,32.8,1.14,9.04,10.04,11.04,60.0,0.9,1.0,1.1,6.0,Absolute_Failure,50
C19314,L10,TypeA,26.52,1.02,8.66,9.66,10.66,11.66,0.87,0.97,1.07,1.17,Normal,50
C19315,L10,TypeB,34.37,1.19,14.38,16.38,19.38,24.38,1.44,1.64,1.94,2.44,Latent_Defect,50
C19316,L10,TypeB,25.76,1.02,14.3,14.3,14.3,14.3,1.43,1.43,1.43,1.43,High_Stable,50
C19317,L10,TypeC,25.76,1.27,9.5,10.5,11.5,60.0,0.95,1.05,1.15,6.0,Absolute_Failure,50
C19318,L10,TypeA,30.46,1.12,9.13,10.13,29.13,31.13,0.91,1.01,2.91,3.11,Sudden_Anomaly,50
C19319,L10,TypeC,29.14,1.27,13.97,15.97,18.97,23.97,1.4,1.6,1.9,2.4,Latent_Defect,50
C19320,L10,TypeA,25.08,1.29,8.74,9.74,10.74,11.74,0.87,0.97,1.07,1.17,Normal,50
C19321,L10,TypeB,28.58,1.01,12.64,13.64,14.64,60.0,1.26,1.36,1.46,6.0,Absolute_Failure,50
C19322,L10,TypeB,26.13,1.23,8.9,9.9,10.9,11.9,0.89,0.99,1.09,1.19,Normal,50
C19323,L10,TypeA,28.96,1.28,13.39,14.39,33.39,35.39,1.34,1.44,3.34,3.54,Sudden_Anomaly,50
C19324,L10,TypeB,29.54,1.22,12.89,13.89,32.89,34.89,1.29,1.39,3.29,3.49,Sudden_Anomaly,50
C19325,L10,TypeC,29.42,1.28,13.48,15.48,18.48,23.48,1.35,1.55,1.85,2.35,Latent_Defect,50
C19326,L10,TypeA,28.76,1.05,12.57,13.57,32.57,34.57,1.26,1.36,3.26,3.46,Sudden_Anomaly,50
C19327,L10,TypeC,29.93,1.21,11.89,12.89,13.89,14.89,1.19,1.29,1.39,1.49,Normal,50
C19328,L10,TypeC,28.63,1.02,14.95,15.95,16.95,17.95,1.5,1.6,1.7,1.8,Normal,50
C19329,L10,TypeB,32.63,1.28,14.97,16.97,19.97,24.97,1.5,1.7,2.0,2.5,Latent_Defect,50
C19330,L10,TypeB,28.84,1.23,8.65,9.65,10.65,11.65,0.86,0.96,1.06,1.16,Normal,50
C19331,L10,TypeA,26.05,1.02,8.09,9.09,28.09,30.09,0.81,0.91,2.81,3.01,Sudden_Anomaly,50
C19332,L10,TypeA,28.91,1.11,12.76,12.76,12.76,12.76,1.28,1.28,1.28,1.28,High_Stable,50
C19333,L10,TypeB,26.81,1.07,9.34,11.34,14.34,19.34,0.93,1.13,1.43,1.93,Latent_Defect,50
C19334,L10,TypeB,27.71,1.01,8.94,9.94,10.94,11.94,0.89,0.99,1.09,1.19,Normal,50
C19335,L10,TypeA,25.86,1.24,9.52,9.52,9.52,9.52,0.95,0.95,0.95,0.95,High_Stable,50
C19336,L10,TypeA,34.38,1.16,13.57,13.57,13.57,13.57,1.36,1.36,1.36,1.36,High_Stable,50
C19337,L10,TypeA,28.23,1.01,9.32,9.32,9.32,9.32,0.93,0.93,0.93,0.93,High_Stable,50
C19338,L10,TypeB,25.26,1.25,14.92,16.92,19.92,24.92,1.49,1.69,1.99,2.49,Latent_Defect,50
C19339,L10,TypeA,27.65,1.17,11.03,12.03,13.03,60.0,1.1,1.2,1.3,6.0,Absolute_Failure,50
C19340,L10,TypeB,30.88,1.12,10.19,12.19,15.19,20.19,1.02,1.22,1.52,2.02,Latent_Defect,50
C19341,L10,TypeC,28.72,1.04,12.95,13.95,14.95,15.95,1.29,1.39,1.49,1.59,Normal,50
C19342,L10,TypeB,33.48,1.26,10.87,11.87,12.87,13.87,1.09,1.19,1.29,1.39,Normal,50
C19343,L10,TypeC,31.8,1.06,8.45,9.45,28.45,30.45,0.85,0.95,2.85,3.05,Sudden_Anomaly,50
C19344,L10,TypeC,32.27,1.23,9.6,10.6,11.6,60.0,0.96,1.06,1.16,6.0,Absolute_Failure,50
C19345,L10,TypeA,31.44,1.1,13.55,14.55,15.55,60.0,1.35,1.45,1.55,6.0,Absolute_Failure,50
C19346,L10,TypeC,34.12,1.3,13.81,14.81,33.81,35.81,1.38,1.48,3.38,3.58,Sudden_Anomaly,50
C19347,L10,TypeC,25.2,1.03,10.58,11.58,12.58,13.58,1.06,1.16,1.26,1.36,Normal,50
C19348,L10,TypeC,29.15,1.1,13.45,14.45,33.45,35.45,1.35,1.45,3.35,3.55,Sudden_Anomaly,50
C19349,L10,TypeA,28.58,1.06,14.11,15.11,16.11,60.0,1.41,1.51,1.61,6.0,Absolute_Failure,50
C19350,L10,TypeB,32.43,1.17,8.65,8.65,8.65,8.65,0.86,0.86,0.86,0.86,High_Stable,50
C19351,L10,TypeC,27.31,1.3,8.55,10.55,13.55,18.55,0.86,1.06,1.36,1.86,Latent_Defect,50
C19352,L10,TypeC,32.89,1.17,11.21,12.21,13.21,60.0,1.12,1.22,1.32,6.0,Absolute_Failure,50
C19353,L10,TypeA,32.08,1.22,13.28,14.28,33.28,35.28,1.33,1.43,3.33,3.53,Sudden_Anomaly,50
C19354,L10,TypeC,34.87,1.09,13.99,14.99,15.99,60.0,1.4,1.5,1.6,6.0,Absolute_Failure,50
C19355,L10,TypeA,31.57,1.01,9.61,10.61,11.61,12.61,0.96,1.06,1.16,1.26,Normal,50
C19356,L10,TypeB,30.39,1.19,8.86,9.86,10.86,60.0,0.89,0.99,1.09,6.0,Absolute_Failure,50
C19357,L10,TypeA,28.04,1.06,10.48,11.48,12.48,13.48,1.05,1.15,1.25,1.35,Normal,50
C19358,L10,TypeA,34.74,1.11,11.44,12.44,13.44,60.0,1.14,1.24,1.34,6.0,Absolute_Failure,50
C19359,L10,TypeA,32.39,1.15,13.05,14.05,15.05,60.0,1.31,1.41,1.51,6.0,Absolute_Failure,50
C19360,L10,TypeC,26.2,1.09,13.59,14.59,15.59,16.59,1.36,1.46,1.56,1.66,Normal,50
C19361,L10,TypeC,30.84,1.29,10.56,11.56,12.56,60.0,1.06,1.16,1.26,6.0,Absolute_Failure,50
C19362,L10,TypeB,33.31,1.05,14.89,16.89,19.89,24.89,1.49,1.69,1.99,2.49,Latent_Defect,50
C19363,L10,TypeB,26.76,1.21,13.44,14.44,15.44,16.44,1.34,1.44,1.54,1.64,Normal,50
C19364,L10,TypeA,26.46,1.19,9.1,11.1,14.1,19.1,0.91,1.11,1.41,1.91,Latent_Defect,50
C19365,L10,TypeA,26.05,1.21,12.89,13.89,14.89,15.89,1.29,1.39,1.49,1.59,Normal,50
C19366,L10,TypeC,31.12,1.14,13.02,13.02,13.02,13.02,1.3,1.3,1.3,1.3,High_Stable,50
C19367,L10,TypeA,30.79,1.09,8.74,8.74,8.74,8.74,0.87,0.87,0.87,0.87,High_Stable,50
C19368,L10,TypeB,27.31,1.03,13.01,13.01,13.01,13.01,1.3,1.3,1.3,1.3,High_Stable,50
C19369,L10,TypeC,30.52,1.28,8.77,10.77,13.77,18.77,0.88,1.08,1.38,1.88,Latent_Defect,50
C19370,L10,TypeA,29.78,1.23,12.45,14.45,17.45,22.45,1.25,1.45,1.75,2.25,Latent_Defect,50
C19371,L10,TypeB,28.99,1.01,10.23,11.23,12.23,13.23,1.02,1.12,1.22,1.32,Normal,50
C19372,L10,TypeC,32.69,1.18,8.5,9.5,10.5,11.5,0.85,0.95,1.05,1.15,Normal,50
C19373,L10,TypeC,31.89,1.29,14.64,16.64,19.64,24.64,1.46,1.66,1.96,2.46,Latent_Defect,50
C19374,L10,TypeA,29.11,1.25,12.88,13.88,32.88,34.88,1.29,1.39,3.29,3.49,Sudden_Anomaly,50
C19375,L10,TypeB,30.97,1.28,11.92,11.92,11.92,11.92,1.19,1.19,1.19,1.19,High_Stable,50
C19376,L10,TypeA,32.7,1.25,9.29,11.29,14.29,19.29,0.93,1.13,1.43,1.93,Latent_Defect,50
C19377,L10,TypeA,34.85,1.26,10.24,10.24,10.24,10.24,1.02,1.02,1.02,1.02,High_Stable,50
C19378,L10,TypeB,32.26,1.2,12.82,13.82,14.82,15.82,1.28,1.38,1.48,1.58,Normal,50
C19379,L10,TypeB,31.59,1.28,10.22,12.22,15.22,20.22,1.02,1.22,1.52,2.02,Latent_Defect,50
C19380,L10,TypeC,31.99,1.12,10.75,11.75,30.75,32.75,1.08,1.18,3.08,3.28,Sudden_Anomaly,50
C19381,L10,TypeA,31.9,1.01,13.93,14.93,15.93,60.0,1.39,1.49,1.59,6.0,Absolute_Failure,50
C19382,L10,TypeB,29.75,1.16,13.88,14.88,15.88,60.0,1.39,1.49,1.59,6.0,Absolute_Failure,50
C19383,L10,TypeA,27.97,1.14,8.84,9.84,10.84,60.0,0.88,0.98,1.08,6.0,Absolute_Failure,50
C19384,L10,TypeB,27.04,1.08,10.66,11.66,30.66,32.66,1.07,1.17,3.07,3.27,Sudden_Anomaly,50
C19385,L10,TypeB,34.18,1.23,9.64,10.64,11.64,60.0,0.96,1.06,1.16,6.0,Absolute_Failure,50
C19386,L10,TypeA,28.56,1.04,9.53,11.53,14.53,19.53,0.95,1.15,1.45,1.95,Latent_Defect,50
C19387,L10,TypeC,26.19,1.13,11.27,11.27,11.27,11.27,1.13,1.13,1.13,1.13,High_Stable,50
C19388,L10,TypeB,25.78,1.27,11.55,13.55,16.55,21.55,1.16,1.36,1.66,2.16,Latent_Defect,50
C19389,L10,TypeC,29.77,1.19,13.76,14.76,15.76,60.0,1.38,1.48,1.58,6.0,Absolute_Failure,50
C19390,L10,TypeC,27.01,1.08,12.23,14.23,17.23,22.23,1.22,1.42,1.72,2.22,Latent_Defect,50
C19391,L10,TypeC,28.37,1.15,10.22,11.22,12.22,60.0,1.02,1.12,1.22,6.0,Absolute_Failure,50
C19392,L10,TypeA,28.89,1.23,11.84,12.84,13.84,60.0,1.18,1.28,1.38,6.0,Absolute_Failure,50
C19393,L10,TypeB,31.73,1.09,9.04,10.04,29.04,31.04,0.9,1.0,2.9,3.1,Sudden_Anomaly,50
C19394,L10,TypeA,32.64,1.03,9.03,10.03,11.03,12.03,0.9,1.0,1.1,1.2,Normal,50
C19395,L10,TypeB,28.55,1.26,10.68,12.68,15.68,20.68,1.07,1.27,1.57,2.07,Latent_Defect,50
C19396,L10,TypeA,30.18,1.02,10.51,10.51,10.51,10.51,1.05,1.05,1.05,1.05,High_Stable,50
C19397,L10,TypeC,31.29,1.01,8.33,8.33,8.33,8.33,0.83,0.83,0.83,0.83,High_Stable,50
C19398,L10,TypeB,32.76,1.29,8.02,8.02,8.02,8.02,0.8,0.8,0.8,0.8,High_Stable,50
C19399,L10,TypeC,25.66,1.04,14.96,14.96,14.96,14.96,1.5,1.5,1.5,1.5,High_Stable,50
C19400,L10,TypeC,29.07,1.23,9.72,11.72,14.72,19.72,0.97,1.17,1.47,1.97,Latent_Defect,50
C19401,L10,TypeC,32.64,1.3,14.24,15.24,16.24,60.0,1.42,1.52,1.62,6.0,Absolute_Failure,50
C19402,L10,TypeA,32.13,1.04,10.51,11.51,12.51,60.0,1.05,1.15,1.25,6.0,Absolute_Failure,50
C19403,L10,TypeC,27.3,1.13,12.26,12.26,12.26,12.26,1.23,1.23,1.23,1.23,High_Stable,50
C19404,L10,TypeC,25.42,1.3,14.14,15.14,16.14,17.14,1.41,1.51,1.61,1.71,Normal,50
C19405,L10,TypeC,30.83,1.16,13.78,15.78,18.78,23.78,1.38,1.58,1.88,2.38,Latent_Defect,50
C19406,L10,TypeB,28.11,1.26,8.06,9.06,10.06,11.06,0.81,0.91,1.01,1.11,Normal,50
C19407,L10,TypeA,25.67,1.1,12.52,13.52,14.52,60.0,1.25,1.35,1.45,6.0,Absolute_Failure,50
C19408,L10,TypeA,30.98,1.17,13.59,14.59,33.59,35.59,1.36,1.46,3.36,3.56,Sudden_Anomaly,50
C19409,L10,TypeB,25.14,1.3,8.68,9.68,10.68,60.0,0.87,0.97,1.07,6.0,Absolute_Failure,50
C19410,L10,TypeC,34.84,1.0,10.99,11.99,12.99,60.0,1.1,1.2,1.3,6.0,Absolute_Failure,50
C19411,L10,TypeA,31.32,1.08,8.8,9.8,10.8,11.8,0.88,0.98,1.08,1.18,Normal,50
C19412,L10,TypeB,31.04,1.27,14.29,15.29,16.29,17.29,1.43,1.53,1.63,1.73,Normal,50
C19413,L10,TypeC,28.21,1.04,12.49,13.49,14.49,15.49,1.25,1.35,1.45,1.55,Normal,50
C19414,L10,TypeA,29.99,1.27,8.34,8.34,8.34,8.34,0.83,0.83,0.83,0.83,High_Stable,50
C19415,L10,TypeA,30.35,1.23,12.39,13.39,14.39,15.39,1.24,1.34,1.44,1.54,Normal,50
C19416,L10,TypeB,34.3,1.3,12.58,13.58,14.58,15.58,1.26,1.36,1.46,1.56,Normal,50
C19417,L10,TypeA,28.28,1.07,12.57,13.57,32.57,34.57,1.26,1.36,3.26,3.46,Sudden_Anomaly,50
C19418,L10,TypeC,26.96,1.19,9.66,10.66,11.66,12.66,0.97,1.07,1.17,1.27,Normal,50
C19419,L10,TypeC,32.67,1.2,13.52,15.52,18.52,23.52,1.35,1.55,1.85,2.35,Latent_Defect,50
C19420,L10,TypeA,26.29,1.05,11.76,12.76,13.76,14.76,1.18,1.28,1.38,1.48,Normal,50
C19421,L10,TypeB,34.18,1.02,11.07,13.07,16.07,21.07,1.11,1.31,1.61,2.11,Latent_Defect,50
C19422,L10,TypeA,29.48,1.01,8.37,8.37,8.37,8.37,0.84,0.84,0.84,0.84,High_Stable,50
C19423,L10,TypeB,29.15,1.07,10.37,11.37,12.37,13.37,1.04,1.14,1.24,1.34,Normal,50
C19424,L10,TypeA,26.1,1.2,9.37,11.37,14.37,19.37,0.94,1.14,1.44,1.94,Latent_Defect,50
C19425,L10,TypeA,25.27,1.3,8.66,8.66,8.66,8.66,0.87,0.87,0.87,0.87,High_Stable,50
C19426,L10,TypeA,32.57,1.11,11.53,11.53,11.53,11.53,1.15,1.15,1.15,1.15,High_Stable,50
C19427,L10,TypeB,27.76,1.2,9.78,11.78,14.78,19.78,0.98,1.18,1.48,1.98,Latent_Defect,50
C19428,L10,TypeC,30.58,1.05,10.44,11.44,12.44,13.44,1.04,1.14,1.24,1.34,Normal,50
C19429,L10,TypeC,29.07,1.28,11.91,13.91,16.91,21.91,1.19,1.39,1.69,2.19,Latent_Defect,50
C19430,L10,TypeB,29.91,1.07,13.49,13.49,13.49,13.49,1.35,1.35,1.35,1.35,High_Stable,50
C19431,L10,TypeA,33.19,1.09,13.72,14.72,15.72,16.72,1.37,1.47,1.57,1.67,Normal,50
C19432,L10,TypeA,29.32,1.02,8.15,10.15,13.15,18.15,0.81,1.01,1.31,1.81,Latent_Defect,50
C19433,L10,TypeC,25.03,1.12,9.29,9.29,9.29,9.29,0.93,0.93,0.93,0.93,High_Stable,50
C19434,L10,TypeB,30.54,1.2,13.1,14.1,15.1,16.1,1.31,1.41,1.51,1.61,Normal,50
C19435,L10,TypeC,29.7,1.27,13.63,15.63,18.63,23.63,1.36,1.56,1.86,2.36,Latent_Defect,50
C19436,L10,TypeA,33.29,1.05,14.21,14.21,14.21,14.21,1.42,1.42,1.42,1.42,High_Stable,50
C19437,L10,TypeB,34.28,1.13,8.43,9.43,10.43,11.43,0.84,0.94,1.04,1.14,Normal,50
C19438,L10,TypeC,33.63,1.15,12.64,14.64,17.64,22.64,1.26,1.46,1.76,2.26,Latent_Defect,50
C19439,L10,TypeC,33.62,1.21,14.52,16.52,19.52,24.52,1.45,1.65,1.95,2.45,Latent_Defect,50
C19440,L10,TypeA,27.78,1.06,12.19,14.19,17.19,22.19,1.22,1.42,1.72,2.22,Latent_Defect,50
C19441,L10,TypeC,26.37,1.16,12.51,14.51,17.51,22.51,1.25,1.45,1.75,2.25,Latent_Defect,50
C19442,L10,TypeA,33.06,1.09,14.88,15.88,16.88,17.88,1.49,1.59,1.69,1.79,Normal,50
C19443,L10,TypeA,25.3,1.23,13.26,13.26,13.26,13.26,1.33,1.33,1.33,1.33,High_Stable,50
C19444,L10,TypeC,26.92,1.17,13.09,14.09,33.09,35.09,1.31,1.41,3.31,3.51,Sudden_Anomaly,50
C19445,L10,TypeB,25.34,1.08,8.03,9.03,10.03,60.0,0.8,0.9,1.0,6.0,Absolute_Failure,50
C19446,L10,TypeA,28.9,1.3,14.4,16.4,19.4,24.4,1.44,1.64,1.94,2.44,Latent_Defect,50
C19447,L10,TypeB,32.21,1.27,11.25,11.25,11.25,11.25,1.13,1.13,1.13,1.13,High_Stable,50
C19448,L10,TypeC,30.9,1.15,12.21,13.21,14.21,15.21,1.22,1.32,1.42,1.52,Normal,50
C19449,L10,TypeB,33.97,1.11,14.58,14.58,14.58,14.58,1.46,1.46,1.46,1.46,High_Stable,50
C19450,L10,TypeB,32.4,1.1,14.89,15.89,34.89,36.89,1.49,1.59,3.49,3.69,Sudden_Anomaly,50
C19451,L10,TypeC,32.1,1.08,10.05,12.05,15.05,20.05,1.01,1.21,1.51,2.01,Latent_Defect,50
C19452,L10,TypeC,30.33,1.29,12.68,12.68,12.68,12.68,1.27,1.27,1.27,1.27,High_Stable,50
C19453,L10,TypeB,31.63,1.22,10.08,11.08,12.08,60.0,1.01,1.11,1.21,6.0,Absolute_Failure,50
C19454,L10,TypeC,28.94,1.26,10.12,11.12,12.12,13.12,1.01,1.11,1.21,1.31,Normal,50
C19455,L10,TypeC,27.04,1.03,11.35,12.35,13.35,60.0,1.13,1.23,1.33,6.0,Absolute_Failure,50
C19456,L10,TypeB,27.18,1.03,12.0,13.0,32.0,34.0,1.2,1.3,3.2,3.4,Sudden_Anomaly,50
C19457,L10,TypeA,28.94,1.12,9.38,10.38,11.38,60.0,0.94,1.04,1.14,6.0,Absolute_Failure,50
C19458,L10,TypeA,34.17,1.05,9.15,9.15,9.15,9.15,0.91,0.91,0.91,0.91,High_Stable,50
C19459,L10,TypeB,27.3,1.23,8.37,9.37,28.37,30.37,0.84,0.94,2.84,3.04,Sudden_Anomaly,50
C19460,L10,TypeC,32.24,1.25,10.28,11.28,12.28,13.28,1.03,1.13,1.23,1.33,Normal,50
C19461,L10,TypeB,25.13,1.29,13.43,14.43,33.43,35.43,1.34,1.44,3.34,3.54,Sudden_Anomaly,50
C19462,L10,TypeB,28.29,1.24,8.77,9.77,10.77,11.77,0.88,0.98,1.08,1.18,Normal,50
C19463,L10,TypeC,30.01,1.15,10.32,11.32,30.32,32.32,1.03,1.13,3.03,3.23,Sudden_Anomaly,50
C19464,L10,TypeA,31.42,1.21,14.62,14.62,14.62,14.62,1.46,1.46,1.46,1.46,High_Stable,50
C19465,L10,TypeB,34.2,1.26,10.13,11.13,12.13,13.13,1.01,1.11,1.21,1.31,Normal,50
C19466,L10,TypeB,32.85,1.19,12.62,13.62,32.62,34.62,1.26,1.36,3.26,3.46,Sudden_Anomaly,50
C19467,L10,TypeC,32.25,1.22,11.2,12.2,31.2,33.2,1.12,1.22,3.12,3.32,Sudden_Anomaly,50
C19468,L10,TypeA,31.52,1.16,13.75,14.75,33.75,35.75,1.37,1.47,3.37,3.57,Sudden_Anomaly,50
C19469,L10,TypeB,26.82,1.05,10.78,11.78,30.78,32.78,1.08,1.18,3.08,3.28,Sudden_Anomaly,50
C19470,L10,TypeB,25.97,1.12,12.15,13.15,14.15,15.15,1.21,1.31,1.41,1.51,Normal,50
C19471,L10,TypeB,31.92,1.16,11.33,11.33,11.33,11.33,1.13,1.13,1.13,1.13,High_Stable,50
C19472,L10,TypeB,33.41,1.23,10.71,11.71,12.71,13.71,1.07,1.17,1.27,1.37,Normal,50
C19473,L10,TypeB,30.93,1.17,8.32,9.32,28.32,30.32,0.83,0.93,2.83,3.03,Sudden_Anomaly,50
C19474,L10,TypeC,33.48,1.3,13.63,14.63,15.63,16.63,1.36,1.46,1.56,1.66,Normal,50
C19475,L10,TypeA,27.58,1.03,12.0,13.0,14.0,15.0,1.2,1.3,1.4,1.5,Normal,50
C19476,L10,TypeC,26.31,1.3,10.23,11.23,12.23,13.23,1.02,1.12,1.22,1.32,Normal,50
C19477,L10,TypeA,29.45,1.21,11.14,11.14,11.14,11.14,1.11,1.11,1.11,1.11,High_Stable,50
C19478,L10,TypeC,32.03,1.09,13.79,13.79,13.79,13.79,1.38,1.38,1.38,1.38,High_Stable,50
C19479,L10,TypeA,34.25,1.01,14.72,15.72,16.72,60.0,1.47,1.57,1.67,6.0,Absolute_Failure,50
C19480,L10,TypeA,33.08,1.08,8.49,9.49,28.49,30.49,0.85,0.95,2.85,3.05,Sudden_Anomaly,50
C19481,L10,TypeA,33.91,1.14,9.16,10.16,11.16,12.16,0.92,1.02,1.12,1.22,Normal,50
C19482,L10,TypeC,33.7,1.05,10.01,12.01,15.01,20.01,1.0,1.2,1.5,2.0,Latent_Defect,50
C19483,L10,TypeA,30.36,1.22,12.31,13.31,14.31,60.0,1.23,1.33,1.43,6.0,Absolute_Failure,50
C19484,L10,TypeC,29.7,1.18,9.51,9.51,9.51,9.51,0.95,0.95,0.95,0.95,High_Stable,50
C19485,L10,TypeA,27.92,1.3,13.87,15.87,18.87,23.87,1.39,1.59,1.89,2.39,Latent_Defect,50
C19486,L10,TypeB,31.62,1.28,11.51,12.51,13.51,14.51,1.15,1.25,1.35,1.45,Normal,50
C19487,L10,TypeC,25.88,1.25,10.03,11.03,12.03,13.03,1.0,1.1,1.2,1.3,Normal,50
C19488,L10,TypeB,30.19,1.11,14.97,15.97,34.97,36.97,1.5,1.6,3.5,3.7,Sudden_Anomaly,50
C19489,L10,TypeA,27.73,1.2,8.68,8.68,8.68,8.68,0.87,0.87,0.87,0.87,High_Stable,50
C19490,L10,TypeA,33.56,1.09,12.55,12.55,12.55,12.55,1.26,1.26,1.26,1.26,High_Stable,50
C19491,L10,TypeB,34.25,1.13,12.48,13.48,32.48,34.48,1.25,1.35,3.25,3.45,Sudden_Anomaly,50
C19492,L10,TypeA,30.42,1.2,12.18,14.18,17.18,22.18,1.22,1.42,1.72,2.22,Latent_Defect,50
C19493,L10,TypeC,30.97,1.23,12.1,14.1,17.1,22.1,1.21,1.41,1.71,2.21,Latent_Defect,50
C19494,L10,TypeA,25.45,1.2,9.99,9.99,9.99,9.99,1.0,1.0,1.0,1.0,High_Stable,50
C19495,L10,TypeB,25.78,1.03,14.8,15.8,16.8,60.0,1.48,1.58,1.68,6.0,Absolute_Failure,50
C19496,L10,TypeC,30.92,1.2,13.75,14.75,15.75,60.0,1.37,1.47,1.57,6.0,Absolute_Failure,50
C19497,L10,TypeA,34.45,1.12,12.86,12.86,12.86,12.86,1.29,1.29,1.29,1.29,High_Stable,50
C19498,L10,TypeB,29.58,1.22,8.47,10.47,13.47,18.47,0.85,1.05,1.35,1.85,Latent_Defect,50
C19499,L10,TypeB,28.45,1.11,11.43,12.43,13.43,60.0,1.14,1.24,1.34,6.0,Absolute_Failure,50
C19500,L10,TypeB,25.95,1.06,12.55,13.55,14.55,60.0,1.25,1.35,1.45,6.0,Absolute_Failure,50
C19501,L10,TypeA,32.22,1.0,10.98,10.98,10.98,10.98,1.1,1.1,1.1,1.1,High_Stable,50
C19502,L10,TypeB,32.09,1.18,14.72,14.72,14.72,14.72,1.47,1.47,1.47,1.47,High_Stable,50
C19503,L10,TypeA,33.31,1.3,10.65,12.65,15.65,20.65,1.07,1.27,1.57,2.07,Latent_Defect,50
C19504,L10,TypeC,32.28,1.18,13.62,14.62,33.62,35.62,1.36,1.46,3.36,3.56,Sudden_Anomaly,50
C19505,L10,TypeA,29.97,1.23,8.53,9.53,28.53,30.53,0.85,0.95,2.85,3.05,Sudden_Anomaly,50
C19506,L10,TypeA,32.86,1.27,14.31,15.31,16.31,17.31,1.43,1.53,1.63,1.73,Normal,50
C19507,L10,TypeB,25.22,1.0,9.91,10.91,11.91,60.0,0.99,1.09,1.19,6.0,Absolute_Failure,50
C19508,L10,TypeC,27.65,1.06,11.09,12.09,13.09,14.09,1.11,1.21,1.31,1.41,Normal,50
C19509,L10,TypeA,29.93,1.06,14.49,15.49,34.49,36.49,1.45,1.55,3.45,3.65,Sudden_Anomaly,50
C19510,L10,TypeA,29.53,1.05,10.38,11.38,12.38,60.0,1.04,1.14,1.24,6.0,Absolute_Failure,50
C19511,L10,TypeC,29.34,1.27,12.66,13.66,32.66,34.66,1.27,1.37,3.27,3.47,Sudden_Anomaly,50
C19512,L10,TypeC,27.61,1.28,14.75,14.75,14.75,14.75,1.47,1.47,1.47,1.47,High_Stable,50
C19513,L10,TypeA,29.57,1.14,14.64,15.64,16.64,17.64,1.46,1.56,1.66,1.76,Normal,50
C19514,L10,TypeC,26.72,1.14,10.63,11.63,12.63,60.0,1.06,1.16,1.26,6.0,Absolute_Failure,50
C19515,L10,TypeB,26.26,1.18,12.78,13.78,14.78,15.78,1.28,1.38,1.48,1.58,Normal,50
C19516,L10,TypeC,31.07,1.01,10.1,11.1,12.1,60.0,1.01,1.11,1.21,6.0,Absolute_Failure,50
C19517,L10,TypeC,32.92,1.3,11.15,11.15,11.15,11.15,1.11,1.11,1.11,1.11,High_Stable,50
C19518,L10,TypeA,33.72,1.26,10.79,11.79,30.79,32.79,1.08,1.18,3.08,3.28,Sudden_Anomaly,50
C19519,L10,TypeC,25.13,1.24,14.52,15.52,16.52,17.52,1.45,1.55,1.65,1.75,Normal,50
C19520,L10,TypeB,27.62,1.3,9.46,10.46,29.46,31.46,0.95,1.05,2.95,3.15,Sudden_Anomaly,50
C19521,L10,TypeC,27.94,1.16,10.23,11.23,30.23,32.23,1.02,1.12,3.02,3.22,Sudden_Anomaly,50
C19522,L10,TypeC,25.96,1.12,13.75,15.75,18.75,23.75,1.38,1.58,1.88,2.38,Latent_Defect,50
C19523,L10,TypeC,25.84,1.13,13.63,15.63,18.63,23.63,1.36,1.56,1.86,2.36,Latent_Defect,50
C19524,L10,TypeB,28.51,1.1,14.89,14.89,14.89,14.89,1.49,1.49,1.49,1.49,High_Stable,50
C19525,L10,TypeB,30.3,1.28,9.6,10.6,11.6,12.6,0.96,1.06,1.16,1.26,Normal,50
C19526,L10,TypeB,31.52,1.02,10.57,10.57,10.57,10.57,1.06,1.06,1.06,1.06,High_Stable,50
C19527,L10,TypeA,29.89,1.19,12.68,13.68,14.68,15.68,1.27,1.37,1.47,1.57,Normal,50
C19528,L10,TypeA,30.49,1.08,14.26,15.26,16.26,17.26,1.43,1.53,1.63,1.73,Normal,50
C19529,L10,TypeC,25.39,1.23,11.03,12.03,13.03,14.03,1.1,1.2,1.3,1.4,Normal,50
C19530,L10,TypeA,27.2,1.02,10.48,10.48,10.48,10.48,1.05,1.05,1.05,1.05,High_Stable,50
C19531,L10,TypeC,26.32,1.22,11.63,12.63,13.63,60.0,1.16,1.26,1.36,6.0,Absolute_Failure,50
C19532,L10,TypeA,32.44,1.08,9.56,9.56,9.56,9.56,0.96,0.96,0.96,0.96,High_Stable,50
C19533,L10,TypeA,26.9,1.13,11.31,12.31,13.31,14.31,1.13,1.23,1.33,1.43,Normal,50
C19534,L10,TypeB,31.04,1.17,11.54,12.54,13.54,60.0,1.15,1.25,1.35,6.0,Absolute_Failure,50
C19535,L10,TypeC,33.58,1.21,13.4,15.4,18.4,23.4,1.34,1.54,1.84,2.34,Latent_Defect,50
C19536,L10,TypeB,32.03,1.22,11.72,12.72,13.72,60.0,1.17,1.27,1.37,6.0,Absolute_Failure,50
C19537,L10,TypeC,26.07,1.17,14.98,16.98,19.98,24.98,1.5,1.7,2.0,2.5,Latent_Defect,50
C19538,L10,TypeB,33.25,1.14,14.52,14.52,14.52,14.52,1.45,1.45,1.45,1.45,High_Stable,50
C19539,L10,TypeB,34.59,1.12,8.65,8.65,8.65,8.65,0.87,0.87,0.87,0.87,High_Stable,50
C19540,L10,TypeA,31.51,1.21,14.77,15.77,16.77,17.77,1.48,1.58,1.68,1.78,Normal,50
C19541,L10,TypeB,33.66,1.15,11.65,11.65,11.65,11.65,1.16,1.16,1.16,1.16,High_Stable,50
C19542,L10,TypeA,30.3,1.28,13.44,15.44,18.44,23.44,1.34,1.54,1.84,2.34,Latent_Defect,50
C19543,L10,TypeA,33.63,1.02,12.81,13.81,32.81,34.81,1.28,1.38,3.28,3.48,Sudden_Anomaly,50
C19544,L10,TypeB,28.78,1.05,8.36,9.36,28.36,30.36,0.84,0.94,2.84,3.04,Sudden_Anomaly,50
C19545,L10,TypeB,31.01,1.19,11.72,11.72,11.72,11.72,1.17,1.17,1.17,1.17,High_Stable,50
C19546,L10,TypeB,27.21,1.12,13.33,14.33,15.33,16.33,1.33,1.43,1.53,1.63,Normal,50
C19547,L10,TypeA,30.59,1.3,12.3,13.3,14.3,60.0,1.23,1.33,1.43,6.0,Absolute_Failure,50
C19548,L10,TypeB,25.19,1.1,14.41,15.41,16.41,17.41,1.44,1.54,1.64,1.74,Normal,50
C19549,L10,TypeB,30.61,1.28,12.33,13.33,14.33,60.0,1.23,1.33,1.43,6.0,Absolute_Failure,50
C19550,L10,TypeB,27.64,1.01,8.01,9.01,28.01,30.01,0.8,0.9,2.8,3.0,Sudden_Anomaly,50
C19551,L10,TypeC,28.14,1.1,10.38,11.38,12.38,13.38,1.04,1.14,1.24,1.34,Normal,50
C19552,L10,TypeB,30.43,1.18,11.65,13.65,16.65,21.65,1.17,1.37,1.67,2.17,Latent_Defect,50
C19553,L10,TypeB,28.96,1.15,12.21,13.21,32.21,34.21,1.22,1.32,3.22,3.42,Sudden_Anomaly,50
C19554,L10,TypeC,31.84,1.1,9.56,10.56,11.56,12.56,0.96,1.06,1.16,1.26,Normal,50
C19555,L10,TypeA,28.74,1.12,14.86,15.86,16.86,17.86,1.49,1.59,1.69,1.79,Normal,50
C19556,L10,TypeC,27.7,1.16,12.17,13.17,32.17,34.17,1.22,1.32,3.22,3.42,Sudden_Anomaly,50
C19557,L10,TypeA,31.91,1.09,14.62,15.62,16.62,17.62,1.46,1.56,1.66,1.76,Normal,50
C19558,L10,TypeA,29.1,1.16,12.36,13.36,14.36,60.0,1.24,1.34,1.44,6.0,Absolute_Failure,50
C19559,L10,TypeA,34.84,1.16,11.53,13.53,16.53,21.53,1.15,1.35,1.65,2.15,Latent_Defect,50
C19560,L10,TypeC,29.3,1.09,14.89,14.89,14.89,14.89,1.49,1.49,1.49,1.49,High_Stable,50
C19561,L10,TypeB,26.74,1.26,13.43,13.43,13.43,13.43,1.34,1.34,1.34,1.34,High_Stable,50
C19562,L10,TypeB,29.81,1.23,10.96,10.96,10.96,10.96,1.1,1.1,1.1,1.1,High_Stable,50
C19563,L10,TypeC,25.01,1.26,8.32,9.32,10.32,11.32,0.83,0.93,1.03,1.13,Normal,50
C19564,L10,TypeB,34.81,1.13,11.11,13.11,16.11,21.11,1.11,1.31,1.61,2.11,Latent_Defect,50
C19565,L10,TypeC,32.86,1.23,14.93,15.93,34.93,36.93,1.49,1.59,3.49,3.69,Sudden_Anomaly,50
C19566,L10,TypeC,31.12,1.04,13.07,13.07,13.07,13.07,1.31,1.31,1.31,1.31,High_Stable,50
C19567,L10,TypeB,31.8,1.02,13.5,14.5,33.5,35.5,1.35,1.45,3.35,3.55,Sudden_Anomaly,50
C19568,L10,TypeC,30.02,1.12,11.15,12.15,13.15,60.0,1.11,1.21,1.31,6.0,Absolute_Failure,50
C19569,L10,TypeC,32.84,1.06,13.91,15.91,18.91,23.91,1.39,1.59,1.89,2.39,Latent_Defect,50
C19570,L10,TypeA,28.27,1.14,14.17,15.17,16.17,17.17,1.42,1.52,1.62,1.72,Normal,50
C19571,L10,TypeC,32.88,1.27,12.17,12.17,12.17,12.17,1.22,1.22,1.22,1.22,High_Stable,50
C19572,L10,TypeB,29.99,1.28,12.43,13.43,14.43,60.0,1.24,1.34,1.44,6.0,Absolute_Failure,50
C19573,L10,TypeC,34.98,1.2,12.75,14.75,17.75,22.75,1.28,1.48,1.78,2.28,Latent_Defect,50
C19574,L10,TypeA,34.38,1.15,14.96,15.96,34.96,36.96,1.5,1.6,3.5,3.7,Sudden_Anomaly,50
C19575,L10,TypeB,33.76,1.11,11.84,13.84,16.84,21.84,1.18,1.38,1.68,2.18,Latent_Defect,50
C19576,L10,TypeA,32.14,1.21,13.37,14.37,15.37,16.37,1.34,1.44,1.54,1.64,Normal,50
C19577,L10,TypeA,32.15,1.22,13.4,13.4,13.4,13.4,1.34,1.34,1.34,1.34,High_Stable,50
C19578,L10,TypeC,30.37,1.02,8.65,8.65,8.65,8.65,0.86,0.86,0.86,0.86,High_Stable,50
C19579,L10,TypeB,34.79,1.09,8.43,9.43,10.43,11.43,0.84,0.94,1.04,1.14,Normal,50
C19580,L10,TypeA,27.1,1.16,9.22,11.22,14.22,19.22,0.92,1.12,1.42,1.92,Latent_Defect,50
C19581,L10,TypeB,27.69,1.23,12.18,13.18,14.18,15.18,1.22,1.32,1.42,1.52,Normal,50
C19582,L10,TypeA,34.77,1.1,12.17,12.17,12.17,12.17,1.22,1.22,1.22,1.22,High_Stable,50
C19583,L10,TypeB,33.84,1.24,11.07,12.07,13.07,60.0,1.11,1.21,1.31,6.0,Absolute_Failure,50
C19584,L10,TypeB,27.64,1.17,12.02,13.02,14.02,60.0,1.2,1.3,1.4,6.0,Absolute_Failure,50
C19585,L10,TypeB,33.93,1.21,14.22,15.22,34.22,36.22,1.42,1.52,3.42,3.62,Sudden_Anomaly,50
C19586,L10,TypeA,27.79,1.2,11.92,12.92,13.92,60.0,1.19,1.29,1.39,6.0,Absolute_Failure,50
C19587,L10,TypeB,27.92,1.26,11.47,12.47,13.47,14.47,1.15,1.25,1.35,1.45,Normal,50
C19588,L10,TypeC,27.38,1.29,11.09,13.09,16.09,21.09,1.11,1.31,1.61,2.11,Latent_Defect,50
C19589,L10,TypeA,32.13,1.09,12.16,13.16,14.16,15.16,1.22,1.32,1.42,1.52,Normal,50
C19590,L10,TypeA,27.91,1.11,9.21,10.21,11.21,60.0,0.92,1.02,1.12,6.0,Absolute_Failure,50
C19591,L10,TypeA,30.15,1.04,10.4,11.4,30.4,32.4,1.04,1.14,3.04,3.24,Sudden_Anomaly,50
C19592,L10,TypeA,30.79,1.21,13.82,14.82,15.82,16.82,1.38,1.48,1.58,1.68,Normal,50
C19593,L10,TypeB,32.12,1.03,9.27,10.27,11.27,12.27,0.93,1.03,1.13,1.23,Normal,50
C19594,L10,TypeC,27.52,1.02,14.86,14.86,14.86,14.86,1.49,1.49,1.49,1.49,High_Stable,50
C19595,L10,TypeA,29.71,1.04,10.88,11.88,12.88,60.0,1.09,1.19,1.29,6.0,Absolute_Failure,50
C19596,L10,TypeB,26.77,1.3,8.29,9.29,10.29,11.29,0.83,0.93,1.03,1.13,Normal,50
C19597,L10,TypeC,26.65,1.07,14.08,16.08,19.08,24.08,1.41,1.61,1.91,2.41,Latent_Defect,50
C19598,L10,TypeA,34.73,1.23,11.75,12.75,13.75,60.0,1.18,1.28,1.38,6.0,Absolute_Failure,50
C19599,L10,TypeA,31.08,1.18,8.32,10.32,13.32,18.32,0.83,1.03,1.33,1.83,Latent_Defect,50
C19600,L10,TypeB,34.16,1.13,11.7,12.7,31.7,33.7,1.17,1.27,3.17,3.37,Sudden_Anomaly,50
C19601,L10,TypeC,29.55,1.25,12.86,13.86,14.86,15.86,1.29,1.39,1.49,1.59,Normal,50
C19602,L10,TypeC,33.52,1.21,14.12,15.12,34.12,36.12,1.41,1.51,3.41,3.61,Sudden_Anomaly,50
C19603,L10,TypeA,34.39,1.09,13.54,14.54,33.54,35.54,1.35,1.45,3.35,3.55,Sudden_Anomaly,50
C19604,L10,TypeC,25.65,1.3,9.85,10.85,11.85,12.85,0.98,1.08,1.18,1.28,Normal,50
C19605,L10,TypeA,29.71,1.28,10.37,11.37,12.37,13.37,1.04,1.14,1.24,1.34,Normal,50
C19606,L10,TypeA,25.84,1.0,10.24,11.24,30.24,32.24,1.02,1.12,3.02,3.22,Sudden_Anomaly,50
C19607,L10,TypeA,30.03,1.08,8.19,9.19,10.19,60.0,0.82,0.92,1.02,6.0,Absolute_Failure,50
C19608,L10,TypeA,34.87,1.2,10.14,12.14,15.14,20.14,1.01,1.21,1.51,2.01,Latent_Defect,50
C19609,L10,TypeC,32.31,1.15,12.36,13.36,14.36,15.36,1.24,1.34,1.44,1.54,Normal,50
C19610,L10,TypeA,26.66,1.18,13.26,14.26,15.26,60.0,1.33,1.43,1.53,6.0,Absolute_Failure,50
C19611,L10,TypeB,26.55,1.1,8.83,9.83,28.83,30.83,0.88,0.98,2.88,3.08,Sudden_Anomaly,50
C19612,L10,TypeA,33.02,1.29,14.6,16.6,19.6,24.6,1.46,1.66,1.96,2.46,Latent_Defect,50
C19613,L10,TypeC,34.36,1.11,11.4,12.4,13.4,60.0,1.14,1.24,1.34,6.0,Absolute_Failure,50
C19614,L10,TypeA,32.99,1.07,10.38,11.38,12.38,60.0,1.04,1.14,1.24,6.0,Absolute_Failure,50
C19615,L10,TypeB,28.62,1.26,13.61,13.61,13.61,13.61,1.36,1.36,1.36,1.36,High_Stable,50
C19616,L10,TypeB,28.27,1.2,9.18,10.18,11.18,12.18,0.92,1.02,1.12,1.22,Normal,50
C19617,L10,TypeC,25.49,1.26,11.77,11.77,11.77,11.77,1.18,1.18,1.18,1.18,High_Stable,50
C19618,L10,TypeA,30.17,1.19,14.89,15.89,16.89,60.0,1.49,1.59,1.69,6.0,Absolute_Failure,50
C19619,L10,TypeA,33.66,1.08,12.56,12.56,12.56,12.56,1.26,1.26,1.26,1.26,High_Stable,50
C19620,L10,TypeC,28.13,1.1,12.66,13.66,32.66,34.66,1.27,1.37,3.27,3.47,Sudden_Anomaly,50
C19621,L10,TypeB,31.49,1.12,13.41,14.41,15.41,60.0,1.34,1.44,1.54,6.0,Absolute_Failure,50
C19622,L10,TypeC,31.3,1.05,14.04,15.04,34.04,36.04,1.4,1.5,3.4,3.6,Sudden_Anomaly,50
C19623,L10,TypeB,33.96,1.25,11.45,13.45,16.45,21.45,1.14,1.34,1.64,2.14,Latent_Defect,50
C19624,L10,TypeA,30.26,1.09,9.19,9.19,9.19,9.19,0.92,0.92,0.92,0.92,High_Stable,50
C19625,L10,TypeA,26.69,1.3,14.29,15.29,16.29,17.29,1.43,1.53,1.63,1.73,Normal,50
C19626,L10,TypeC,31.27,1.07,14.68,14.68,14.68,14.68,1.47,1.47,1.47,1.47,High_Stable,50
C19627,L10,TypeB,34.54,1.21,12.05,14.05,17.05,22.05,1.2,1.4,1.7,2.2,Latent_Defect,50
C19628,L10,TypeB,28.95,1.19,13.33,14.33,15.33,16.33,1.33,1.43,1.53,1.63,Normal,50
C19629,L10,TypeA,27.26,1.05,8.83,8.83,8.83,8.83,0.88,0.88,0.88,0.88,High_Stable,50
C19630,L10,TypeA,29.17,1.23,9.15,10.15,11.15,60.0,0.92,1.02,1.12,6.0,Absolute_Failure,50
C19631,L10,TypeB,28.31,1.26,10.02,11.02,30.02,32.02,1.0,1.1,3.0,3.2,Sudden_Anomaly,50
C19632,L10,TypeA,27.52,1.2,9.6,11.6,14.6,19.6,0.96,1.16,1.46,1.96,Latent_Defect,50
C19633,L10,TypeC,28.54,1.11,12.06,13.06,32.06,34.06,1.21,1.31,3.21,3.41,Sudden_Anomaly,50
C19634,L10,TypeB,28.27,1.18,8.09,9.09,10.09,60.0,0.81,0.91,1.01,6.0,Absolute_Failure,50
C19635,L10,TypeA,30.31,1.02,13.98,14.98,33.98,35.98,1.4,1.5,3.4,3.6,Sudden_Anomaly,50
C19636,L10,TypeB,33.85,1.25,11.37,12.37,13.37,60.0,1.14,1.24,1.34,6.0,Absolute_Failure,50
C19637,L10,TypeC,27.43,1.0,14.41,15.41,16.41,60.0,1.44,1.54,1.64,6.0,Absolute_Failure,50
C19638,L10,TypeB,34.87,1.02,9.08,10.08,11.08,12.08,0.91,1.01,1.11,1.21,Normal,50
C19639,L10,TypeC,29.83,1.24,11.77,12.77,31.77,33.77,1.18,1.28,3.18,3.38,Sudden_Anomaly,50
C19640,L10,TypeA,25.85,1.09,9.91,10.91,29.91,31.91,0.99,1.09,2.99,3.19,Sudden_Anomaly,50
C19641,L10,TypeA,25.96,1.26,8.49,9.49,10.49,60.0,0.85,0.95,1.05,6.0,Absolute_Failure,50
C19642,L10,TypeC,34.96,1.29,11.75,13.75,16.75,21.75,1.17,1.37,1.67,2.17,Latent_Defect,50
C19643,L10,TypeB,28.69,1.16,11.31,13.31,16.31,21.31,1.13,1.33,1.63,2.13,Latent_Defect,50
C19644,L10,TypeA,29.52,1.27,11.52,12.52,31.52,33.52,1.15,1.25,3.15,3.35,Sudden_Anomaly,50
C19645,L10,TypeA,25.44,1.04,11.7,11.7,11.7,11.7,1.17,1.17,1.17,1.17,High_Stable,50
C19646,L10,TypeA,31.03,1.06,9.67,10.67,11.67,60.0,0.97,1.07,1.17,6.0,Absolute_Failure,50
C19647,L10,TypeB,32.93,1.03,11.39,12.39,13.39,60.0,1.14,1.24,1.34,6.0,Absolute_Failure,50
C19648,L10,TypeB,25.94,1.03,11.01,12.01,13.01,60.0,1.1,1.2,1.3,6.0,Absolute_Failure,50
C19649,L10,TypeB,25.46,1.15,11.51,11.51,11.51,11.51,1.15,1.15,1.15,1.15,High_Stable,50
C19650,L10,TypeC,26.22,1.09,13.43,15.43,18.43,23.43,1.34,1.54,1.84,2.34,Latent_Defect,50
C19651,L10,TypeC,27.15,1.27,14.43,15.43,34.43,36.43,1.44,1.54,3.44,3.64,Sudden_Anomaly,50
C19652,L10,TypeC,28.8,1.03,10.21,11.21,30.21,32.21,1.02,1.12,3.02,3.22,Sudden_Anomaly,50
C19653,L10,TypeB,33.73,1.01,9.91,11.91,14.91,19.91,0.99,1.19,1.49,1.99,Latent_Defect,50
C19654,L10,TypeA,30.73,1.02,8.5,10.5,13.5,18.5,0.85,1.05,1.35,1.85,Latent_Defect,50
C19655,L10,TypeA,26.92,1.26,11.42,12.42,13.42,14.42,1.14,1.24,1.34,1.44,Normal,50
C19656,L10,TypeB,25.43,1.22,8.94,9.94,10.94,11.94,0.89,0.99,1.09,1.19,Normal,50
C19657,L10,TypeC,32.44,1.11,10.43,11.43,12.43,13.43,1.04,1.14,1.24,1.34,Normal,50
C19658,L10,TypeC,34.13,1.24,13.02,14.02,15.02,16.02,1.3,1.4,1.5,1.6,Normal,50
C19659,L10,TypeB,33.08,1.23,9.57,9.57,9.57,9.57,0.96,0.96,0.96,0.96,High_Stable,50
C19660,L10,TypeB,27.22,1.0,8.14,9.14,10.14,60.0,0.81,0.91,1.01,6.0,Absolute_Failure,50
C19661,L10,TypeC,28.64,1.29,14.92,15.92,16.92,60.0,1.49,1.59,1.69,6.0,Absolute_Failure,50
C19662,L10,TypeC,25.06,1.29,11.81,11.81,11.81,11.81,1.18,1.18,1.18,1.18,High_Stable,50
C19663,L10,TypeB,28.42,1.26,10.79,11.79,12.79,13.79,1.08,1.18,1.28,1.38,Normal,50
C19664,L10,TypeA,33.74,1.21,12.41,13.41,14.41,15.41,1.24,1.34,1.44,1.54,Normal,50
C19665,L10,TypeB,25.02,1.08,12.37,13.37,14.37,15.37,1.24,1.34,1.44,1.54,Normal,50
C19666,L10,TypeC,26.46,1.12,12.46,13.46,14.46,60.0,1.25,1.35,1.45,6.0,Absolute_Failure,50
C19667,L10,TypeA,25.81,1.22,9.86,9.86,9.86,9.86,0.99,0.99,0.99,0.99,High_Stable,50
C19668,L10,TypeC,32.91,1.21,12.21,13.21,14.21,60.0,1.22,1.32,1.42,6.0,Absolute_Failure,50
C19669,L10,TypeA,26.94,1.27,11.17,12.17,13.17,60.0,1.12,1.22,1.32,6.0,Absolute_Failure,50
C19670,L10,TypeB,27.87,1.24,10.21,11.21,12.21,13.21,1.02,1.12,1.22,1.32,Normal,50
C19671,L10,TypeB,25.19,1.26,8.48,9.48,28.48,30.48,0.85,0.95,2.85,3.05,Sudden_Anomaly,50
C19672,L10,TypeC,28.39,1.15,9.09,11.09,14.09,19.09,0.91,1.11,1.41,1.91,Latent_Defect,50
C19673,L10,TypeA,27.77,1.15,13.32,13.32,13.32,13.32,1.33,1.33,1.33,1.33,High_Stable,50
C19674,L10,TypeB,34.82,1.09,11.91,11.91,11.91,11.91,1.19,1.19,1.19,1.19,High_Stable,50
C19675,L10,TypeC,33.34,1.16,13.65,15.65,18.65,23.65,1.36,1.56,1.86,2.36,Latent_Defect,50
C19676,L10,TypeC,29.65,1.09,10.48,12.48,15.48,20.48,1.05,1.25,1.55,2.05,Latent_Defect,50
C19677,L10,TypeC,25.67,1.04,11.27,11.27,11.27,11.27,1.13,1.13,1.13,1.13,High_Stable,50
C19678,L10,TypeC,29.31,1.21,12.16,12.16,12.16,12.16,1.22,1.22,1.22,1.22,High_Stable,50
C19679,L10,TypeC,34.49,1.1,13.73,13.73,13.73,13.73,1.37,1.37,1.37,1.37,High_Stable,50
C19680,L10,TypeA,30.04,1.21,13.64,14.64,15.64,60.0,1.36,1.46,1.56,6.0,Absolute_Failure,50
C19681,L10,TypeA,34.03,1.29,9.75,10.75,29.75,31.75,0.98,1.08,2.98,3.18,Sudden_Anomaly,50
C19682,L10,TypeC,28.38,1.02,9.5,11.5,14.5,19.5,0.95,1.15,1.45,1.95,Latent_Defect,50
C19683,L10,TypeA,29.33,1.07,10.6,11.6,12.6,13.6,1.06,1.16,1.26,1.36,Normal,50
C19684,L10,TypeA,28.74,1.15,12.65,13.65,32.65,34.65,1.26,1.36,3.26,3.46,Sudden_Anomaly,50
C19685,L10,TypeB,26.0,1.07,12.95,13.95,32.95,34.95,1.29,1.39,3.29,3.49,Sudden_Anomaly,50
C19686,L10,TypeA,34.63,1.14,8.14,9.14,10.14,11.14,0.81,0.91,1.01,1.11,Normal,50
C19687,L10,TypeA,33.24,1.21,12.57,13.57,14.57,60.0,1.26,1.36,1.46,6.0,Absolute_Failure,50
C19688,L10,TypeB,25.25,1.12,12.89,13.89,32.89,34.89,1.29,1.39,3.29,3.49,Sudden_Anomaly,50
C19689,L10,TypeA,28.73,1.05,12.95,13.95,14.95,15.95,1.3,1.4,1.5,1.6,Normal,50
C19690,L10,TypeA,33.77,1.02,10.63,11.63,30.63,32.63,1.06,1.16,3.06,3.26,Sudden_Anomaly,50
C19691,L10,TypeA,25.61,1.02,14.96,16.96,19.96,24.96,1.5,1.7,2.0,2.5,Latent_Defect,50
C19692,L10,TypeC,34.63,1.11,10.21,10.21,10.21,10.21,1.02,1.02,1.02,1.02,High_Stable,50
C19693,L10,TypeC,30.44,1.02,12.55,12.55,12.55,12.55,1.26,1.26,1.26,1.26,High_Stable,50
C19694,L10,TypeC,29.53,1.03,9.16,10.16,11.16,12.16,0.92,1.02,1.12,1.22,Normal,50
C19695,L10,TypeA,33.56,1.03,9.88,9.88,9.88,9.88,0.99,0.99,0.99,0.99,High_Stable,50
C19696,L10,TypeC,26.77,1.26,9.72,10.72,29.72,31.72,0.97,1.07,2.97,3.17,Sudden_Anomaly,50
C19697,L10,TypeA,33.6,1.27,12.7,12.7,12.7,12.7,1.27,1.27,1.27,1.27,High_Stable,50
C19698,L10,TypeA,34.9,1.29,13.4,14.4,33.4,35.4,1.34,1.44,3.34,3.54,Sudden_Anomaly,50
C19699,L10,TypeA,33.86,1.01,8.72,8.72,8.72,8.72,0.87,0.87,0.87,0.87,High_Stable,50
C19700,L10,TypeC,30.97,1.18,9.87,10.87,29.87,31.87,0.99,1.09,2.99,3.19,Sudden_Anomaly,50
C19701,L10,TypeB,34.24,1.02,14.23,16.23,19.23,24.23,1.42,1.62,1.92,2.42,Latent_Defect,50
C19702,L10,TypeA,33.8,1.24,12.4,12.4,12.4,12.4,1.24,1.24,1.24,1.24,High_Stable,50
C19703,L10,TypeC,30.45,1.28,10.1,12.1,15.1,20.1,1.01,1.21,1.51,2.01,Latent_Defect,50
C19704,L10,TypeC,27.89,1.22,14.33,14.33,14.33,14.33,1.43,1.43,1.43,1.43,High_Stable,50
C19705,L10,TypeB,25.45,1.14,11.23,12.23,13.23,14.23,1.12,1.22,1.32,1.42,Normal,50
C19706,L10,TypeA,27.76,1.12,8.87,10.87,13.87,18.87,0.89,1.09,1.39,1.89,Latent_Defect,50
C19707,L10,TypeC,25.79,1.15,8.15,9.15,10.15,11.15,0.81,0.91,1.01,1.11,Normal,50
C19708,L10,TypeB,29.32,1.19,9.61,10.61,11.61,12.61,0.96,1.06,1.16,1.26,Normal,50
C19709,L10,TypeC,31.23,1.04,8.52,8.52,8.52,8.52,0.85,0.85,0.85,0.85,High_Stable,50
C19710,L10,TypeB,33.87,1.17,14.88,15.88,16.88,60.0,1.49,1.59,1.69,6.0,Absolute_Failure,50
C19711,L10,TypeC,28.0,1.11,8.17,9.17,28.17,30.17,0.82,0.92,2.82,3.02,Sudden_Anomaly,50
C19712,L10,TypeC,34.31,1.04,8.58,10.58,13.58,18.58,0.86,1.06,1.36,1.86,Latent_Defect,50
C19713,L10,TypeA,33.19,1.09,9.28,10.28,11.28,60.0,0.93,1.03,1.13,6.0,Absolute_Failure,50
C19714,L10,TypeB,33.67,1.2,8.72,9.72,10.72,11.72,0.87,0.97,1.07,1.17,Normal,50
C19715,L10,TypeB,31.19,1.2,9.75,11.75,14.75,19.75,0.98,1.18,1.48,1.98,Latent_Defect,50
C19716,L10,TypeB,28.21,1.12,10.85,11.85,30.85,32.85,1.08,1.18,3.08,3.28,Sudden_Anomaly,50
C19717,L10,TypeB,31.75,1.01,11.22,12.22,31.22,33.22,1.12,1.22,3.12,3.32,Sudden_Anomaly,50
C19718,L10,TypeA,27.68,1.16,8.53,8.53,8.53,8.53,0.85,0.85,0.85,0.85,High_Stable,50
C19719,L10,TypeA,30.14,1.17,10.46,11.46,12.46,60.0,1.05,1.15,1.25,6.0,Absolute_Failure,50
C19720,L10,TypeC,32.1,1.13,9.6,10.6,11.6,12.6,0.96,1.06,1.16,1.26,Normal,50
C19721,L10,TypeB,31.43,1.02,13.75,14.75,15.75,16.75,1.37,1.47,1.57,1.67,Normal,50
C19722,L10,TypeB,31.63,1.13,10.54,12.54,15.54,20.54,1.05,1.25,1.55,2.05,Latent_Defect,50
C19723,L10,TypeA,34.51,1.29,12.53,13.53,14.53,15.53,1.25,1.35,1.45,1.55,Normal,50
C19724,L10,TypeC,26.56,1.12,14.88,15.88,34.88,36.88,1.49,1.59,3.49,3.69,Sudden_Anomaly,50
C19725,L10,TypeB,31.63,1.07,11.07,11.07,11.07,11.07,1.11,1.11,1.11,1.11,High_Stable,50
C19726,L10,TypeC,30.46,1.17,8.08,9.08,10.08,11.08,0.81,0.91,1.01,1.11,Normal,50
C19727,L10,TypeC,34.75,1.07,8.18,9.18,10.18,60.0,0.82,0.92,1.02,6.0,Absolute_Failure,50
C19728,L10,TypeC,27.53,1.06,12.25,13.25,14.25,60.0,1.23,1.33,1.43,6.0,Absolute_Failure,50
C19729,L10,TypeC,34.13,1.01,14.82,16.82,19.82,24.82,1.48,1.68,1.98,2.48,Latent_Defect,50
C19730,L10,TypeC,33.46,1.3,13.39,14.39,33.39,35.39,1.34,1.44,3.34,3.54,Sudden_Anomaly,50
C19731,L10,TypeC,31.82,1.05,11.71,11.71,11.71,11.71,1.17,1.17,1.17,1.17,High_Stable,50
C19732,L10,TypeB,25.25,1.26,11.71,13.71,16.71,21.71,1.17,1.37,1.67,2.17,Latent_Defect,50
C19733,L10,TypeC,26.0,1.18,8.98,9.98,10.98,60.0,0.9,1.0,1.1,6.0,Absolute_Failure,50
C19734,L10,TypeB,32.39,1.1,14.0,14.0,14.0,14.0,1.4,1.4,1.4,1.4,High_Stable,50
C19735,L10,TypeB,29.59,1.18,11.41,12.41,13.41,14.41,1.14,1.24,1.34,1.44,Normal,50
C19736,L10,TypeB,30.96,1.22,9.29,11.29,14.29,19.29,0.93,1.13,1.43,1.93,Latent_Defect,50
C19737,L10,TypeA,26.04,1.14,14.0,15.0,16.0,17.0,1.4,1.5,1.6,1.7,Normal,50
C19738,L10,TypeA,34.11,1.02,11.27,13.27,16.27,21.27,1.13,1.33,1.63,2.13,Latent_Defect,50
C19739,L10,TypeB,32.54,1.14,13.43,15.43,18.43,23.43,1.34,1.54,1.84,2.34,Latent_Defect,50
C19740,L10,TypeC,25.85,1.24,10.35,10.35,10.35,10.35,1.04,1.04,1.04,1.04,High_Stable,50
C19741,L10,TypeB,26.44,1.06,10.19,10.19,10.19,10.19,1.02,1.02,1.02,1.02,High_Stable,50
C19742,L10,TypeB,28.66,1.01,12.08,12.08,12.08,12.08,1.21,1.21,1.21,1.21,High_Stable,50
C19743,L10,TypeA,25.63,1.07,9.95,10.95,11.95,60.0,1.0,1.1,1.2,6.0,Absolute_Failure,50
C19744,L10,TypeB,29.13,1.16,13.88,14.88,33.88,35.88,1.39,1.49,3.39,3.59,Sudden_Anomaly,50
C19745,L10,TypeC,30.48,1.14,12.54,13.54,32.54,34.54,1.25,1.35,3.25,3.45,Sudden_Anomaly,50
C19746,L10,TypeB,33.81,1.17,10.88,12.88,15.88,20.88,1.09,1.29,1.59,2.09,Latent_Defect,50
C19747,L10,TypeB,27.37,1.11,10.33,11.33,12.33,60.0,1.03,1.13,1.23,6.0,Absolute_Failure,50
C19748,L10,TypeA,28.11,1.13,12.43,13.43,32.43,34.43,1.24,1.34,3.24,3.44,Sudden_Anomaly,50
C19749,L10,TypeB,33.75,1.05,12.96,12.96,12.96,12.96,1.3,1.3,1.3,1.3,High_Stable,50
C19750,L10,TypeC,29.32,1.28,10.55,11.55,30.55,32.55,1.06,1.16,3.06,3.26,Sudden_Anomaly,50
C19751,L10,TypeA,34.47,1.09,8.24,9.24,10.24,11.24,0.82,0.92,1.02,1.12,Normal,50
C19752,L10,TypeB,27.48,1.09,10.69,11.69,30.69,32.69,1.07,1.17,3.07,3.27,Sudden_Anomaly,50
C19753,L10,TypeB,28.87,1.16,8.72,10.72,13.72,18.72,0.87,1.07,1.37,1.87,Latent_Defect,50
C19754,L10,TypeB,33.45,1.23,13.32,13.32,13.32,13.32,1.33,1.33,1.33,1.33,High_Stable,50
C19755,L10,TypeB,30.75,1.28,10.62,11.62,30.62,32.62,1.06,1.16,3.06,3.26,Sudden_Anomaly,50
C19756,L10,TypeC,32.29,1.07,14.06,15.06,16.06,17.06,1.41,1.51,1.61,1.71,Normal,50
C19757,L10,TypeA,31.52,1.02,8.09,10.09,13.09,18.09,0.81,1.01,1.31,1.81,Latent_Defect,50
C19758,L10,TypeC,26.08,1.23,9.29,10.29,29.29,31.29,0.93,1.03,2.93,3.13,Sudden_Anomaly,50
C19759,L10,TypeA,33.31,1.16,14.73,15.73,16.73,60.0,1.47,1.57,1.67,6.0,Absolute_Failure,50
C19760,L10,TypeC,28.83,1.12,11.17,13.17,16.17,21.17,1.12,1.32,1.62,2.12,Latent_Defect,50
C19761,L10,TypeB,28.86,1.25,10.21,11.21,12.21,60.0,1.02,1.12,1.22,6.0,Absolute_Failure,50
C19762,L10,TypeA,31.72,1.03,13.83,14.83,15.83,60.0,1.38,1.48,1.58,6.0,Absolute_Failure,50
C19763,L10,TypeB,26.7,1.27,12.42,12.42,12.42,12.42,1.24,1.24,1.24,1.24,High_Stable,50
C19764,L10,TypeC,30.59,1.15,10.62,11.62,12.62,13.62,1.06,1.16,1.26,1.36,Normal,50
C19765,L10,TypeC,28.07,1.27,9.86,10.86,29.86,31.86,0.99,1.09,2.99,3.19,Sudden_Anomaly,50
C19766,L10,TypeC,29.78,1.2,9.39,10.39,11.39,12.39,0.94,1.04,1.14,1.24,Normal,50
C19767,L10,TypeB,32.05,1.19,14.68,16.68,19.68,24.68,1.47,1.67,1.97,2.47,Latent_Defect,50
C19768,L10,TypeB,31.54,1.28,12.7,12.7,12.7,12.7,1.27,1.27,1.27,1.27,High_Stable,50
C19769,L10,TypeC,34.7,1.21,13.04,13.04,13.04,13.04,1.3,1.3,1.3,1.3,High_Stable,50
C19770,L10,TypeA,31.36,1.21,12.9,13.9,14.9,15.9,1.29,1.39,1.49,1.59,Normal,50
C19771,L10,TypeB,28.67,1.03,14.31,15.31,16.31,60.0,1.43,1.53,1.63,6.0,Absolute_Failure,50
C19772,L10,TypeB,30.88,1.29,9.57,10.57,29.57,31.57,0.96,1.06,2.96,3.16,Sudden_Anomaly,50
C19773,L10,TypeC,27.42,1.12,9.05,10.05,11.05,12.05,0.9,1.0,1.1,1.2,Normal,50
C19774,L10,TypeC,34.87,1.12,8.27,9.27,10.27,11.27,0.83,0.93,1.03,1.13,Normal,50
C19775,L10,TypeC,34.87,1.05,8.5,10.5,13.5,18.5,0.85,1.05,1.35,1.85,Latent_Defect,50
C19776,L10,TypeB,31.5,1.22,8.55,8.55,8.55,8.55,0.85,0.85,0.85,0.85,High_Stable,50
C19777,L10,TypeC,34.99,1.02,10.1,11.1,12.1,13.1,1.01,1.11,1.21,1.31,Normal,50
C19778,L10,TypeA,33.01,1.28,9.19,10.19,29.19,31.19,0.92,1.02,2.92,3.12,Sudden_Anomaly,50
C19779,L10,TypeB,31.59,1.2,14.92,15.92,16.92,17.92,1.49,1.59,1.69,1.79,Normal,50
C19780,L10,TypeB,26.19,1.28,14.08,15.08,16.08,17.08,1.41,1.51,1.61,1.71,Normal,50
C19781,L10,TypeC,34.17,1.25,14.39,14.39,14.39,14.39,1.44,1.44,1.44,1.44,High_Stable,50
C19782,L10,TypeA,27.05,1.09,13.09,15.09,18.09,23.09,1.31,1.51,1.81,2.31,Latent_Defect,50
C19783,L10,TypeA,32.14,1.02,12.71,12.71,12.71,12.71,1.27,1.27,1.27,1.27,High_Stable,50
C19784,L10,TypeA,34.65,1.13,8.52,9.52,28.52,30.52,0.85,0.95,2.85,3.05,Sudden_Anomaly,50
C19785,L10,TypeA,25.23,1.15,10.96,11.96,12.96,13.96,1.1,1.2,1.3,1.4,Normal,50
C19786,L10,TypeC,34.58,1.19,13.21,15.21,18.21,23.21,1.32,1.52,1.82,2.32,Latent_Defect,50
C19787,L10,TypeC,28.66,1.12,9.26,10.26,11.26,12.26,0.93,1.03,1.13,1.23,Normal,50
C19788,L10,TypeC,32.92,1.2,10.15,11.15,30.15,32.15,1.02,1.12,3.02,3.22,Sudden_Anomaly,50
C19789,L10,TypeA,31.54,1.01,11.64,11.64,11.64,11.64,1.16,1.16,1.16,1.16,High_Stable,50
C19790,L10,TypeC,32.85,1.24,9.42,10.42,29.42,31.42,0.94,1.04,2.94,3.14,Sudden_Anomaly,50
C19791,L10,TypeC,31.63,1.02,11.51,12.51,13.51,60.0,1.15,1.25,1.35,6.0,Absolute_Failure,50
C19792,L10,TypeB,25.97,1.06,11.82,13.82,16.82,21.82,1.18,1.38,1.68,2.18,Latent_Defect,50
C19793,L10,TypeB,33.4,1.13,8.12,9.12,28.12,30.12,0.81,0.91,2.81,3.01,Sudden_Anomaly,50
C19794,L10,TypeC,31.17,1.19,13.38,15.38,18.38,23.38,1.34,1.54,1.84,2.34,Latent_Defect,50
C19795,L10,TypeC,33.27,1.06,13.57,14.57,33.57,35.57,1.36,1.46,3.36,3.56,Sudden_Anomaly,50
C19796,L10,TypeB,30.22,1.24,12.37,14.37,17.37,22.37,1.24,1.44,1.74,2.24,Latent_Defect,50
C19797,L10,TypeC,31.26,1.28,8.86,10.86,13.86,18.86,0.89,1.09,1.39,1.89,Latent_Defect,50
C19798,L10,TypeA,30.29,1.2,14.57,16.57,19.57,24.57,1.46,1.66,1.96,2.46,Latent_Defect,50
C19799,L10,TypeA,26.58,1.28,11.45,12.45,13.45,60.0,1.14,1.24,1.34,6.0,Absolute_Failure,50
C19800,L10,TypeA,34.45,1.18,9.63,11.63,14.63,19.63,0.96,1.16,1.46,1.96,Latent_Defect,50
C19801,L10,TypeA,26.76,1.26,13.68,13.68,13.68,13.68,1.37,1.37,1.37,1.37,High_Stable,50
C19802,L10,TypeC,28.53,1.28,9.27,10.27,11.27,60.0,0.93,1.03,1.13,6.0,Absolute_Failure,50
C19803,L10,TypeA,25.3,1.19,12.52,12.52,12.52,12.52,1.25,1.25,1.25,1.25,High_Stable,50
C19804,L10,TypeB,29.35,1.25,8.64,9.64,10.64,11.64,0.86,0.96,1.06,1.16,Normal,50
C19805,L10,TypeA,33.77,1.03,14.7,14.7,14.7,14.7,1.47,1.47,1.47,1.47,High_Stable,50
C19806,L10,TypeC,27.74,1.16,13.46,15.46,18.46,23.46,1.35,1.55,1.85,2.35,Latent_Defect,50
C19807,L10,TypeA,34.93,1.14,8.14,9.14,10.14,11.14,0.81,0.91,1.01,1.11,Normal,50
C19808,L10,TypeC,27.88,1.28,14.03,16.03,19.03,24.03,1.4,1.6,1.9,2.4,Latent_Defect,50
C19809,L10,TypeB,27.45,1.12,10.44,11.44,12.44,60.0,1.04,1.14,1.24,6.0,Absolute_Failure,50
C19810,L10,TypeC,29.69,1.15,14.06,16.06,19.06,24.06,1.41,1.61,1.91,2.41,Latent_Defect,50
C19811,L10,TypeC,31.86,1.23,13.42,14.42,33.42,35.42,1.34,1.44,3.34,3.54,Sudden_Anomaly,50
C19812,L10,TypeB,34.75,1.05,13.25,13.25,13.25,13.25,1.33,1.33,1.33,1.33,High_Stable,50
C19813,L10,TypeA,31.77,1.25,11.62,12.62,13.62,14.62,1.16,1.26,1.36,1.46,Normal,50
C19814,L10,TypeC,25.83,1.08,9.13,10.13,11.13,60.0,0.91,1.01,1.11,6.0,Absolute_Failure,50
C19815,L10,TypeA,29.14,1.18,14.13,15.13,16.13,60.0,1.41,1.51,1.61,6.0,Absolute_Failure,50
C19816,L10,TypeB,29.37,1.02,9.31,11.31,14.31,19.31,0.93,1.13,1.43,1.93,Latent_Defect,50
C19817,L10,TypeA,34.41,1.0,14.94,14.94,14.94,14.94,1.49,1.49,1.49,1.49,High_Stable,50
C19818,L10,TypeC,33.2,1.15,11.0,12.0,31.0,33.0,1.1,1.2,3.1,3.3,Sudden_Anomaly,50
C19819,L10,TypeA,29.05,1.02,10.28,11.28,12.28,60.0,1.03,1.13,1.23,6.0,Absolute_Failure,50
C19820,L10,TypeC,28.33,1.29,13.1,13.1,13.1,13.1,1.31,1.31,1.31,1.31,High_Stable,50
C19821,L10,TypeA,25.19,1.3,12.47,13.47,14.47,15.47,1.25,1.35,1.45,1.55,Normal,50
C19822,L10,TypeC,25.41,1.07,11.26,11.26,11.26,11.26,1.13,1.13,1.13,1.13,High_Stable,50
C19823,L10,TypeB,31.25,1.07,14.35,15.35,16.35,17.35,1.44,1.54,1.64,1.74,Normal,50
C19824,L10,TypeC,31.71,1.29,12.48,13.48,14.48,60.0,1.25,1.35,1.45,6.0,Absolute_Failure,50
C19825,L10,TypeB,25.05,1.23,12.0,12.0,12.0,12.0,1.2,1.2,1.2,1.2,High_Stable,50
C19826,L10,TypeA,25.78,1.27,10.05,10.05,10.05,10.05,1.01,1.01,1.01,1.01,High_Stable,50
C19827,L10,TypeC,25.03,1.19,10.86,10.86,10.86,10.86,1.09,1.09,1.09,1.09,High_Stable,50
C19828,L10,TypeC,28.19,1.09,12.34,13.34,32.34,34.34,1.23,1.33,3.23,3.43,Sudden_Anomaly,50
C19829,L10,TypeA,28.76,1.2,9.94,10.94,11.94,12.94,0.99,1.09,1.19,1.29,Normal,50
C19830,L10,TypeC,26.95,1.03,11.62,12.62,13.62,14.62,1.16,1.26,1.36,1.46,Normal,50
C19831,L10,TypeC,26.57,1.04,14.0,15.0,34.0,36.0,1.4,1.5,3.4,3.6,Sudden_Anomaly,50
C19832,L10,TypeA,34.63,1.15,14.98,15.98,16.98,60.0,1.5,1.6,1.7,6.0,Absolute_Failure,50
C19833,L10,TypeC,28.18,1.04,8.71,9.71,28.71,30.71,0.87,0.97,2.87,3.07,Sudden_Anomaly,50
C19834,L10,TypeA,25.14,1.27,13.48,14.48,15.48,60.0,1.35,1.45,1.55,6.0,Absolute_Failure,50
C19835,L10,TypeB,30.66,1.06,10.3,10.3,10.3,10.3,1.03,1.03,1.03,1.03,High_Stable,50
C19836,L10,TypeC,33.92,1.21,13.65,15.65,18.65,23.65,1.37,1.57,1.87,2.37,Latent_Defect,50
C19837,L10,TypeA,27.73,1.13,12.57,13.57,14.57,60.0,1.26,1.36,1.46,6.0,Absolute_Failure,50
C19838,L10,TypeA,25.02,1.15,12.22,12.22,12.22,12.22,1.22,1.22,1.22,1.22,High_Stable,50
C19839,L10,TypeB,33.23,1.03,13.45,14.45,15.45,60.0,1.34,1.44,1.54,6.0,Absolute_Failure,50
C19840,L10,TypeC,29.18,1.05,12.56,13.56,32.56,34.56,1.26,1.36,3.26,3.46,Sudden_Anomaly,50
C19841,L10,TypeB,28.42,1.03,11.59,12.59,31.59,33.59,1.16,1.26,3.16,3.36,Sudden_Anomaly,50
C19842,L10,TypeA,34.88,1.11,12.42,13.42,32.42,34.42,1.24,1.34,3.24,3.44,Sudden_Anomaly,50
C19843,L10,TypeC,34.05,1.27,10.36,11.36,12.36,13.36,1.04,1.14,1.24,1.34,Normal,50
C19844,L10,TypeA,34.44,1.25,14.11,15.11,34.11,36.11,1.41,1.51,3.41,3.61,Sudden_Anomaly,50
C19845,L10,TypeC,28.83,1.2,8.36,9.36,10.36,60.0,0.84,0.94,1.04,6.0,Absolute_Failure,50
C19846,L10,TypeB,30.19,1.12,14.06,15.06,16.06,60.0,1.41,1.51,1.61,6.0,Absolute_Failure,50
C19847,L10,TypeA,34.86,1.14,9.97,9.97,9.97,9.97,1.0,1.0,1.0,1.0,High_Stable,50
C19848,L10,TypeC,27.5,1.19,8.19,9.19,10.19,60.0,0.82,0.92,1.02,6.0,Absolute_Failure,50
C19849,L10,TypeB,33.51,1.18,14.13,15.13,34.13,36.13,1.41,1.51,3.41,3.61,Sudden_Anomaly,50
C19850,L10,TypeA,26.24,1.18,14.34,15.34,34.34,36.34,1.43,1.53,3.43,3.63,Sudden_Anomaly,50
C19851,L10,TypeC,33.98,1.23,14.34,15.34,34.34,36.34,1.43,1.53,3.43,3.63,Sudden_Anomaly,50
C19852,L10,TypeA,28.68,1.26,12.94,13.94,14.94,60.0,1.29,1.39,1.49,6.0,Absolute_Failure,50
C19853,L10,TypeA,28.03,1.26,8.45,9.45,10.45,60.0,0.85,0.95,1.05,6.0,Absolute_Failure,50
C19854,L10,TypeA,31.73,1.19,9.66,11.66,14.66,19.66,0.97,1.17,1.47,1.97,Latent_Defect,50
C19855,L10,TypeC,25.61,1.17,10.08,11.08,30.08,32.08,1.01,1.11,3.01,3.21,Sudden_Anomaly,50
C19856,L10,TypeB,28.7,1.18,12.57,14.57,17.57,22.57,1.26,1.46,1.76,2.26,Latent_Defect,50
C19857,L10,TypeA,31.44,1.24,12.0,13.0,32.0,34.0,1.2,1.3,3.2,3.4,Sudden_Anomaly,50
C19858,L10,TypeB,29.06,1.07,13.4,14.4,15.4,60.0,1.34,1.44,1.54,6.0,Absolute_Failure,50
C19859,L10,TypeA,33.01,1.02,14.25,15.25,16.25,17.25,1.43,1.53,1.63,1.73,Normal,50
C19860,L10,TypeB,27.78,1.02,12.38,13.38,32.38,34.38,1.24,1.34,3.24,3.44,Sudden_Anomaly,50
C19861,L10,TypeA,26.15,1.01,14.63,15.63,16.63,17.63,1.46,1.56,1.66,1.76,Normal,50
C19862,L10,TypeB,30.55,1.25,13.15,14.15,15.15,60.0,1.32,1.42,1.52,6.0,Absolute_Failure,50
C19863,L10,TypeA,30.75,1.02,10.09,11.09,30.09,32.09,1.01,1.11,3.01,3.21,Sudden_Anomaly,50
C19864,L10,TypeC,25.19,1.03,9.16,10.16,11.16,12.16,0.92,1.02,1.12,1.22,Normal,50
C19865,L10,TypeA,30.91,1.07,11.21,12.21,13.21,14.21,1.12,1.22,1.32,1.42,Normal,50
C19866,L10,TypeA,27.51,1.28,13.64,14.64,15.64,60.0,1.36,1.46,1.56,6.0,Absolute_Failure,50
C19867,L10,TypeA,25.21,1.24,14.84,15.84,34.84,36.84,1.48,1.58,3.48,3.68,Sudden_Anomaly,50
C19868,L10,TypeA,29.88,1.14,9.56,10.56,11.56,12.56,0.96,1.06,1.16,1.26,Normal,50
C19869,L10,TypeB,29.98,1.29,14.13,15.13,16.13,60.0,1.41,1.51,1.61,6.0,Absolute_Failure,50
C19870,L10,TypeC,26.01,1.05,9.21,10.21,11.21,60.0,0.92,1.02,1.12,6.0,Absolute_Failure,50
C19871,L10,TypeA,30.49,1.07,13.9,14.9,15.9,60.0,1.39,1.49,1.59,6.0,Absolute_Failure,50
C19872,L10,TypeB,31.73,1.27,11.67,12.67,13.67,14.67,1.17,1.27,1.37,1.47,Normal,50
C19873,L10,TypeA,27.82,1.29,11.53,12.53,13.53,60.0,1.15,1.25,1.35,6.0,Absolute_Failure,50
C19874,L10,TypeB,31.27,1.12,14.39,15.39,16.39,60.0,1.44,1.54,1.64,6.0,Absolute_Failure,50
C19875,L10,TypeB,33.5,1.16,13.29,14.29,15.29,16.29,1.33,1.43,1.53,1.63,Normal,50
C19876,L10,TypeB,28.39,1.25,8.92,9.92,28.92,30.92,0.89,0.99,2.89,3.09,Sudden_Anomaly,50
C19877,L10,TypeC,27.48,1.11,9.65,10.65,11.65,60.0,0.97,1.07,1.17,6.0,Absolute_Failure,50
C19878,L10,TypeB,33.66,1.26,9.25,11.25,14.25,19.25,0.92,1.12,1.42,1.92,Latent_Defect,50
C19879,L10,TypeB,29.68,1.09,12.43,14.43,17.43,22.43,1.24,1.44,1.74,2.24,Latent_Defect,50
C19880,L10,TypeA,27.55,1.11,8.2,9.2,28.2,30.2,0.82,0.92,2.82,3.02,Sudden_Anomaly,50
C19881,L10,TypeB,34.4,1.19,8.18,9.18,28.18,30.18,0.82,0.92,2.82,3.02,Sudden_Anomaly,50
C19882,L10,TypeB,26.39,1.2,8.92,9.92,28.92,30.92,0.89,0.99,2.89,3.09,Sudden_Anomaly,50
C19883,L10,TypeB,28.16,1.24,13.7,13.7,13.7,13.7,1.37,1.37,1.37,1.37,High_Stable,50
C19884,L10,TypeB,27.02,1.15,12.95,13.95,32.95,34.95,1.29,1.39,3.29,3.49,Sudden_Anomaly,50
C19885,L10,TypeB,30.93,1.28,10.47,11.47,12.47,13.47,1.05,1.15,1.25,1.35,Normal,50
C19886,L10,TypeA,30.25,1.12,12.08,13.08,14.08,15.08,1.21,1.31,1.41,1.51,Normal,50
C19887,L10,TypeB,32.89,1.17,9.7,10.7,29.7,31.7,0.97,1.07,2.97,3.17,Sudden_Anomaly,50
C19888,L10,TypeB,25.62,1.08,9.48,10.48,11.48,60.0,0.95,1.05,1.15,6.0,Absolute_Failure,50
C19889,L10,TypeA,26.1,1.09,12.14,13.14,32.14,34.14,1.21,1.31,3.21,3.41,Sudden_Anomaly,50
C19890,L10,TypeB,33.77,1.04,13.35,14.35,33.35,35.35,1.34,1.44,3.34,3.54,Sudden_Anomaly,50
C19891,L10,TypeA,32.85,1.28,8.26,9.26,10.26,60.0,0.83,0.93,1.03,6.0,Absolute_Failure,50
C19892,L10,TypeB,29.42,1.07,14.17,15.17,16.17,17.17,1.42,1.52,1.62,1.72,Normal,50
C19893,L10,TypeB,31.56,1.01,12.38,13.38,14.38,15.38,1.24,1.34,1.44,1.54,Normal,50
C19894,L10,TypeB,25.03,1.12,12.24,14.24,17.24,22.24,1.22,1.42,1.72,2.22,Latent_Defect,50
C19895,L10,TypeC,27.42,1.27,13.42,15.42,18.42,23.42,1.34,1.54,1.84,2.34,Latent_Defect,50
C19896,L10,TypeB,34.13,1.26,11.52,11.52,11.52,11.52,1.15,1.15,1.15,1.15,High_Stable,50
C19897,L10,TypeB,31.55,1.24,11.75,13.75,16.75,21.75,1.18,1.38,1.68,2.18,Latent_Defect,50
C19898,L10,TypeC,31.99,1.04,14.55,15.55,16.55,60.0,1.45,1.55,1.65,6.0,Absolute_Failure,50
C19899,L10,TypeB,32.13,1.06,11.11,12.11,13.11,60.0,1.11,1.21,1.31,6.0,Absolute_Failure,50
C19900,L10,TypeB,33.49,1.17,9.63,11.63,14.63,19.63,0.96,1.16,1.46,1.96,Latent_Defect,50
C19901,L10,TypeC,29.35,1.21,11.63,12.63,13.63,14.63,1.16,1.26,1.36,1.46,Normal,50
C19902,L10,TypeA,34.19,1.25,9.3,10.3,29.3,31.3,0.93,1.03,2.93,3.13,Sudden_Anomaly,50
C19903,L10,TypeC,28.18,1.1,10.37,11.37,12.37,13.37,1.04,1.14,1.24,1.34,Normal,50
C19904,L10,TypeB,31.95,1.04,11.3,12.3,13.3,14.3,1.13,1.23,1.33,1.43,Normal,50
C19905,L10,TypeB,34.07,1.22,11.94,13.94,16.94,21.94,1.19,1.39,1.69,2.19,Latent_Defect,50
C19906,L10,TypeB,34.86,1.27,12.12,12.12,12.12,12.12,1.21,1.21,1.21,1.21,High_Stable,50
C19907,L10,TypeB,32.21,1.24,9.76,10.76,11.76,12.76,0.98,1.08,1.18,1.28,Normal,50
C19908,L10,TypeA,35.0,1.26,8.86,9.86,10.86,60.0,0.89,0.99,1.09,6.0,Absolute_Failure,50
C19909,L10,TypeB,32.37,1.18,14.45,16.45,19.45,24.45,1.45,1.65,1.95,2.45,Latent_Defect,50
C19910,L10,TypeA,34.9,1.08,13.24,14.24,33.24,35.24,1.32,1.42,3.32,3.52,Sudden_Anomaly,50
C19911,L10,TypeB,31.37,1.24,10.68,10.68,10.68,10.68,1.07,1.07,1.07,1.07,High_Stable,50
C19912,L10,TypeB,29.32,1.25,8.55,9.55,10.55,60.0,0.85,0.95,1.05,6.0,Absolute_Failure,50
C19913,L10,TypeA,28.16,1.25,13.36,14.36,15.36,60.0,1.34,1.44,1.54,6.0,Absolute_Failure,50
C19914,L10,TypeA,25.65,1.19,9.35,11.35,14.35,19.35,0.94,1.14,1.44,1.94,Latent_Defect,50
C19915,L10,TypeC,31.26,1.09,14.49,16.49,19.49,24.49,1.45,1.65,1.95,2.45,Latent_Defect,50
C19916,L10,TypeC,30.55,1.21,10.76,10.76,10.76,10.76,1.08,1.08,1.08,1.08,High_Stable,50
C19917,L10,TypeC,31.43,1.0,14.07,15.07,34.07,36.07,1.41,1.51,3.41,3.61,Sudden_Anomaly,50
C19918,L10,TypeA,31.71,1.05,12.45,13.45,32.45,34.45,1.25,1.35,3.25,3.45,Sudden_Anomaly,50
C19919,L10,TypeB,27.33,1.03,10.63,11.63,12.63,60.0,1.06,1.16,1.26,6.0,Absolute_Failure,50
C19920,L10,TypeB,34.97,1.13,11.88,12.88,31.88,33.88,1.19,1.29,3.19,3.39,Sudden_Anomaly,50
C19921,L10,TypeB,33.1,1.02,12.81,14.81,17.81,22.81,1.28,1.48,1.78,2.28,Latent_Defect,50
C19922,L10,TypeB,25.39,1.24,8.68,9.68,10.68,11.68,0.87,0.97,1.07,1.17,Normal,50
C19923,L10,TypeC,34.32,1.23,9.8,11.8,14.8,19.8,0.98,1.18,1.48,1.98,Latent_Defect,50
C19924,L10,TypeA,26.58,1.23,12.43,13.43,14.43,60.0,1.24,1.34,1.44,6.0,Absolute_Failure,50
C19925,L10,TypeC,25.14,1.02,8.55,9.55,28.55,30.55,0.86,0.96,2.86,3.06,Sudden_Anomaly,50
C19926,L10,TypeB,33.05,1.02,14.19,16.19,19.19,24.19,1.42,1.62,1.92,2.42,Latent_Defect,50
C19927,L10,TypeA,32.49,1.27,12.04,14.04,17.04,22.04,1.2,1.4,1.7,2.2,Latent_Defect,50
C19928,L10,TypeC,30.12,1.06,13.08,14.08,15.08,16.08,1.31,1.41,1.51,1.61,Normal,50
C19929,L10,TypeB,33.06,1.02,10.23,12.23,15.23,20.23,1.02,1.22,1.52,2.02,Latent_Defect,50
C19930,L10,TypeC,29.46,1.06,14.1,15.1,16.1,60.0,1.41,1.51,1.61,6.0,Absolute_Failure,50
C19931,L10,TypeA,34.48,1.03,13.19,14.19,33.19,35.19,1.32,1.42,3.32,3.52,Sudden_Anomaly,50
C19932,L10,TypeB,25.92,1.05,8.81,8.81,8.81,8.81,0.88,0.88,0.88,0.88,High_Stable,50
C19933,L10,TypeA,30.36,1.13,9.85,11.85,14.85,19.85,0.99,1.19,1.49,1.99,Latent_Defect,50
C19934,L10,TypeB,27.65,1.22,8.3,9.3,10.3,11.3,0.83,0.93,1.03,1.13,Normal,50
C19935,L10,TypeA,32.04,1.24,13.06,14.06,33.06,35.06,1.31,1.41,3.31,3.51,Sudden_Anomaly,50
C19936,L10,TypeB,25.69,1.23,13.78,14.78,15.78,16.78,1.38,1.48,1.58,1.68,Normal,50
C19937,L10,TypeC,26.25,1.09,11.03,12.03,13.03,14.03,1.1,1.2,1.3,1.4,Normal,50
C19938,L10,TypeC,25.36,1.11,12.6,13.6,32.6,34.6,1.26,1.36,3.26,3.46,Sudden_Anomaly,50
C19939,L10,TypeC,30.02,1.07,11.6,12.6,13.6,60.0,1.16,1.26,1.36,6.0,Absolute_Failure,50
C19940,L10,TypeA,31.67,1.24,11.57,13.57,16.57,21.57,1.16,1.36,1.66,2.16,Latent_Defect,50
C19941,L10,TypeA,27.9,1.14,9.44,11.44,14.44,19.44,0.94,1.14,1.44,1.94,Latent_Defect,50
C19942,L10,TypeB,33.36,1.05,9.4,9.4,9.4,9.4,0.94,0.94,0.94,0.94,High_Stable,50
C19943,L10,TypeC,31.79,1.23,11.15,13.15,16.15,21.15,1.11,1.31,1.61,2.11,Latent_Defect,50
C19944,L10,TypeB,25.51,1.28,10.05,11.05,12.05,13.05,1.0,1.1,1.2,1.3,Normal,50
C19945,L10,TypeC,28.43,1.24,9.09,10.09,11.09,12.09,0.91,1.01,1.11,1.21,Normal,50
C19946,L10,TypeC,30.91,1.01,10.31,12.31,15.31,20.31,1.03,1.23,1.53,2.03,Latent_Defect,50
C19947,L10,TypeC,32.6,1.1,11.18,12.18,13.18,14.18,1.12,1.22,1.32,1.42,Normal,50
C19948,L10,TypeA,26.51,1.24,10.27,12.27,15.27,20.27,1.03,1.23,1.53,2.03,Latent_Defect,50
C19949,L10,TypeA,30.55,1.22,9.25,9.25,9.25,9.25,0.93,0.93,0.93,0.93,High_Stable,50
C19950,L10,TypeB,33.75,1.21,12.28,13.28,32.28,34.28,1.23,1.33,3.23,3.43,Sudden_Anomaly,50
C19951,L10,TypeC,32.66,1.14,14.95,15.95,16.95,60.0,1.5,1.6,1.7,6.0,Absolute_Failure,50
C19952,L10,TypeB,25.41,1.13,9.89,10.89,29.89,31.89,0.99,1.09,2.99,3.19,Sudden_Anomaly,50
C19953,L10,TypeB,33.26,1.1,13.49,14.49,15.49,60.0,1.35,1.45,1.55,6.0,Absolute_Failure,50
C19954,L10,TypeC,34.9,1.16,10.34,11.34,12.34,13.34,1.03,1.13,1.23,1.33,Normal,50
C19955,L10,TypeB,30.88,1.13,10.36,11.36,30.36,32.36,1.04,1.14,3.04,3.24,Sudden_Anomaly,50
C19956,L10,TypeA,27.13,1.04,8.17,9.17,10.17,11.17,0.82,0.92,1.02,1.12,Normal,50
C19957,L10,TypeA,25.94,1.09,12.08,12.08,12.08,12.08,1.21,1.21,1.21,1.21,High_Stable,50
C19958,L10,TypeB,32.4,1.2,11.19,12.19,13.19,60.0,1.12,1.22,1.32,6.0,Absolute_Failure,50
C19959,L10,TypeC,33.67,1.19,12.2,13.2,14.2,15.2,1.22,1.32,1.42,1.52,Normal,50
C19960,L10,TypeC,32.9,1.2,13.74,13.74,13.74,13.74,1.37,1.37,1.37,1.37,High_Stable,50
C19961,L10,TypeA,28.23,1.02,9.31,10.31,29.31,31.31,0.93,1.03,2.93,3.13,Sudden_Anomaly,50
C19962,L10,TypeA,32.21,1.29,10.12,12.12,15.12,20.12,1.01,1.21,1.51,2.01,Latent_Defect,50
C19963,L10,TypeA,31.19,1.13,8.14,9.14,28.14,30.14,0.81,0.91,2.81,3.01,Sudden_Anomaly,50
C19964,L10,TypeA,34.42,1.08,11.93,12.93,31.93,33.93,1.19,1.29,3.19,3.39,Sudden_Anomaly,50
C19965,L10,TypeB,25.73,1.15,14.6,14.6,14.6,14.6,1.46,1.46,1.46,1.46,High_Stable,50
C19966,L10,TypeC,30.56,1.24,14.84,16.84,19.84,24.84,1.48,1.68,1.98,2.48,Latent_Defect,50
C19967,L10,TypeC,31.18,1.23,11.0,13.0,16.0,21.0,1.1,1.3,1.6,2.1,Latent_Defect,50
C19968,L10,TypeB,29.76,1.21,8.49,9.49,28.49,30.49,0.85,0.95,2.85,3.05,Sudden_Anomaly,50
C19969,L10,TypeA,29.01,1.25,10.28,11.28,30.28,32.28,1.03,1.13,3.03,3.23,Sudden_Anomaly,50
C19970,L10,TypeB,33.34,1.29,10.68,12.68,15.68,20.68,1.07,1.27,1.57,2.07,Latent_Defect,50
C19971,L10,TypeC,29.12,1.02,14.06,15.06,16.06,60.0,1.41,1.51,1.61,6.0,Absolute_Failure,50
C19972,L10,TypeC,26.64,1.11,13.12,14.12,33.12,35.12,1.31,1.41,3.31,3.51,Sudden_Anomaly,50
C19973,L10,TypeA,34.35,1.02,9.33,11.33,14.33,19.33,0.93,1.13,1.43,1.93,Latent_Defect,50
C19974,L10,TypeB,28.55,1.14,10.11,12.11,15.11,20.11,1.01,1.21,1.51,2.01,Latent_Defect,50
C19975,L10,TypeA,31.57,1.13,13.36,14.36,15.36,16.36,1.34,1.44,1.54,1.64,Normal,50
C19976,L10,TypeB,31.82,1.28,14.81,15.81,16.81,17.81,1.48,1.58,1.68,1.78,Normal,50
C19977,L10,TypeC,28.05,1.28,14.98,15.98,34.98,36.98,1.5,1.6,3.5,3.7,Sudden_Anomaly,50
C19978,L10,TypeB,30.95,1.26,11.34,12.34,13.34,14.34,1.13,1.23,1.33,1.43,Normal,50
C19979,L10,TypeB,31.17,1.16,12.79,13.79,32.79,34.79,1.28,1.38,3.28,3.48,Sudden_Anomaly,50
C19980,L10,TypeB,25.65,1.1,9.27,10.27,11.27,12.27,0.93,1.03,1.13,1.23,Normal,50
C19981,L10,TypeC,34.97,1.03,14.38,15.38,16.38,60.0,1.44,1.54,1.64,6.0,Absolute_Failure,50
C19982,L10,TypeB,29.3,1.29,12.1,13.1,14.1,15.1,1.21,1.31,1.41,1.51,Normal,50
C19983,L10,TypeC,31.56,1.04,13.11,14.11,15.11,16.11,1.31,1.41,1.51,1.61,Normal,50
C19984,L10,TypeB,31.86,1.24,13.57,14.57,33.57,35.57,1.36,1.46,3.36,3.56,Sudden_Anomaly,50
C19985,L10,TypeC,30.58,1.12,10.1,12.1,15.1,20.1,1.01,1.21,1.51,2.01,Latent_Defect,50
C19986,L10,TypeA,25.27,1.02,13.26,13.26,13.26,13.26,1.33,1.33,1.33,1.33,High_Stable,50
C19987,L10,TypeA,25.49,1.29,9.19,10.19,11.19,12.19,0.92,1.02,1.12,1.22,Normal,50
C19988,L10,TypeA,25.22,1.2,10.0,12.0,15.0,20.0,1.0,1.2,1.5,2.0,Latent_Defect,50
C19989,L10,TypeC,31.39,1.12,11.95,13.95,16.95,21.95,1.2,1.4,1.7,2.2,Latent_Defect,50
C19990,L10,TypeA,26.9,1.16,12.47,13.47,14.47,60.0,1.25,1.35,1.45,6.0,Absolute_Failure,50
C19991,L10,TypeB,27.45,1.17,9.39,10.39,11.39,12.39,0.94,1.04,1.14,1.24,Normal,50
C19992,L10,TypeA,33.7,1.09,13.5,14.5,15.5,60.0,1.35,1.45,1.55,6.0,Absolute_Failure,50
C19993,L10,TypeC,31.48,1.29,14.1,15.1,16.1,17.1,1.41,1.51,1.61,1.71,Normal,50
C19994,L10,TypeA,31.73,1.18,12.91,14.91,17.91,22.91,1.29,1.49,1.79,2.29,Latent_Defect,50
C19995,L10,TypeA,28.05,1.23,12.51,13.51,14.51,15.51,1.25,1.35,1.45,1.55,Normal,50
C19996,L10,TypeA,26.22,1.2,10.57,10.57,10.57,10.57,1.06,1.06,1.06,1.06,High_Stable,50
C19997,L10,TypeA,32.24,1.22,10.58,11.58,12.58,13.58,1.06,1.16,1.26,1.36,Normal,50
C19998,L10,TypeA,25.59,1.11,9.73,10.73,29.73,31.73,0.97,1.07,2.97,3.17,Sudden_Anomaly,50
C19999,L10,TypeC,29.11,1.27,13.42,15.42,18.42,23.42,1.34,1.54,1.84,2.34,Latent_Defect,50
C20000,L10,TypeA,26.47,1.04,10.79,11.79,30.79,32.79,1.08,1.18,3.08,3.28,Sudden_Anomaly,50
