component_id,lot_id,component_type,temperature_C,voltage_V,iddq_0h_uA,iddq_24h_uA,iddq_96h_uA,iddq_168h_uA,leakage_0h_uA,leakage_24h_uA,leakage_96h_uA,leakage_168h_uA,ground_truth,absolute_limit_uA
C02001,L2,ASIC,125.24,1.219,11.8025,12.5412,12.8757,14.267,1.2606,1.3486,1.3584,1.5567,Normal,50.0
C02002,L2,FPGA,124.1,1.096,11.1141,11.6203,12.543,13.6996,1.1354,1.187,1.3226,1.4327,Normal,50.0
C02003,L2,ADC,125.12,1.809,11.8479,13.5634,22.0973,52.8211,1.264,1.4272,2.4857,7.24,Absolute_Failure,50.0
C02004,L2,ASIC,125.72,1.197,11.3583,12.1504,13.5165,14.4028,1.1929,1.2545,1.4193,1.5221,Normal,50.0
C02005,L2,ASIC,123.68,1.206,11.2666,12.857,13.455,14.3918,1.1615,1.3599,1.3921,1.5247,Normal,50.0
C02006,L2,ADC,127.2,1.79,11.3182,12.4657,14.5747,52.9144,1.1705,1.2936,1.542,7.2911,Absolute_Failure,50.0
C02007,L2,DAC,125.37,1.787,11.8549,12.5953,13.5326,15.0896,1.2257,1.331,1.4025,1.6144,Normal,50.0
C02008,L2,FPGA,124.79,1.105,11.3613,12.0752,13.0704,14.164,1.2065,1.231,1.3891,1.4515,Normal,50.0
C02009,L2,ASIC,124.86,1.206,11.069,11.3359,14.4284,58.3013,1.1602,1.1861,1.5329,8.2505,Absolute_Failure,50.0
C02010,L2,FPGA,126.68,1.069,11.5442,14.2241,21.5057,52.2747,1.1594,1.5236,2.4386,7.1621,Absolute_Failure,50.0
C02011,L2,ASIC,124.79,1.207,11.1977,11.1396,11.5545,12.1729,1.1442,1.1267,1.1943,1.291,Normal,50.0
C02012,L2,ASIC,124.11,1.202,11.4562,11.8856,12.5927,13.8283,1.1975,1.2211,1.3022,1.4711,Normal,50.0
C02013,L2,DAC,124.85,1.807,11.7881,12.8943,13.7456,29.9065,1.2658,1.3891,1.5106,3.5564,Sudden_Anomaly,50.0
C02014,L2,FPGA,124.53,1.092,11.8058,12.6098,19.214,52.1598,1.2147,1.2955,2.1034,7.1421,Absolute_Failure,50.0
C02015,L2,ADC,126.04,1.797,12.0205,12.2202,13.356,14.87,1.263,1.3382,1.4245,1.576,Normal,50.0
C02016,L2,ADC,123.63,1.788,11.9252,12.292,12.0322,12.2752,1.2521,1.2884,1.2714,1.2895,High_Stable,50.0
C02017,L2,ASIC,124.52,1.178,11.0111,12.2023,15.1121,35.1186,1.1684,1.2872,1.667,4.3,Sudden_Anomaly,50.0
C02018,L2,ASIC,123.99,1.21,10.958,12.6753,18.7195,59.9823,1.1407,1.3602,2.0324,8.5154,Absolute_Failure,50.0
C02019,L2,FPGA,123.86,1.12,11.1441,11.9958,13.1235,14.1815,1.1247,1.2681,1.3772,1.4851,Normal,50.0
C02020,L2,FPGA,123.85,1.114,11.3353,11.984,16.1811,22.8465,1.153,1.2574,1.7286,2.5529,Latent_Defect,50.0
C02021,L2,DAC,126.34,1.801,11.9707,12.5613,13.0991,13.8043,1.2669,1.2507,1.3816,1.4862,Normal,50.0
C02022,L2,DAC,125.26,1.813,12.4182,13.4672,14.1003,15.3729,1.3179,1.4476,1.5219,1.6478,Normal,50.0
C02023,L2,ADC,124.33,1.804,11.7744,12.6107,17.5444,56.0455,1.2424,1.3119,1.8773,7.861,Absolute_Failure,50.0
C02024,L2,ADC,124.03,1.792,11.1741,11.6877,12.0231,12.5618,1.1277,1.2318,1.2284,1.3366,Normal,50.0
C02025,L2,ADC,123.76,1.8,11.9288,12.0053,11.9412,11.8583,1.2088,1.2639,1.2683,1.2168,High_Stable,50.0
C02026,L2,FPGA,125.16,1.111,10.7396,11.8145,12.6812,13.5234,1.0891,1.2163,1.3074,1.4647,Normal,50.0
C02027,L2,ADC,126.6,1.806,11.9575,12.0365,12.2108,12.4762,1.2169,1.2665,1.2931,1.295,High_Stable,50.0
C02028,L2,FPGA,125.65,1.061,12.0771,12.2561,13.368,14.2568,1.2346,1.2668,1.4136,1.5414,Normal,50.0
C02029,L2,FPGA,125.27,1.09,11.8851,12.7474,13.4096,14.9132,1.283,1.2962,1.4323,1.6162,Normal,50.0
C02030,L2,DAC,124.72,1.791,12.7667,13.1082,13.1343,13.4226,1.3249,1.3983,1.3848,1.4668,High_Stable,50.0
C02031,L2,FPGA,125.05,1.102,11.8094,12.2398,12.6087,12.7861,1.2313,1.2397,1.3444,1.3765,High_Stable,50.0
C02032,L2,ADC,125.36,1.805,11.9049,12.693,17.6318,54.4688,1.2886,1.332,1.9368,7.5858,Absolute_Failure,50.0
C02033,L2,ASIC,123.4,1.189,11.2111,12.485,19.0772,56.9178,1.1397,1.3293,2.1382,8.0194,Absolute_Failure,50.0
C02034,L2,ADC,124.67,1.828,12.126,12.863,13.6417,13.9939,1.2853,1.3728,1.4372,1.4782,Normal,50.0
C02035,L2,FPGA,125.5,1.121,11.3396,11.8548,12.3892,13.484,1.1737,1.2228,1.2786,1.3993,Normal,50.0
C02036,L2,ADC,125.61,1.827,12.0573,12.6996,13.7089,14.5732,1.2672,1.3924,1.4245,1.5655,Normal,50.0
C02037,L2,ADC,124.01,1.812,12.5358,13.3315,13.6494,14.495,1.3045,1.4053,1.4712,1.5798,Normal,50.0
C02038,L2,FPGA,124.89,1.076,11.8028,12.5161,13.3363,14.686,1.2394,1.2983,1.3934,1.5688,Normal,50.0
C02039,L2,ADC,124.8,1.808,11.516,11.8223,14.6422,29.155,1.227,1.2458,1.5945,3.4159,Sudden_Anomaly,50.0
C02040,L2,FPGA,125.52,1.107,10.9059,11.6318,14.4138,28.7862,1.1696,1.2509,1.5421,3.3572,Sudden_Anomaly,50.0
C02041,L2,ADC,125.17,1.815,11.5271,12.1811,12.9868,14.0338,1.205,1.2879,1.3381,1.5088,Normal,50.0
C02042,L2,ADC,125.38,1.793,11.4504,12.1707,12.6072,13.3642,1.1683,1.2481,1.364,1.446,Normal,50.0
C02043,L2,ASIC,126.37,1.219,11.0889,12.2546,12.5858,13.4298,1.1583,1.2999,1.2719,1.3881,Normal,50.0
C02044,L2,DAC,124.12,1.8,12.249,13.1931,13.4161,14.5767,1.2779,1.3604,1.416,1.5527,Normal,50.0
C02045,L2,ASIC,125.8,1.184,11.2233,12.1535,12.9372,14.1772,1.1528,1.3002,1.3695,1.4943,Normal,50.0
C02046,L2,ADC,125.16,1.78,11.3038,13.2427,20.4187,58.9258,1.1883,1.4097,2.2649,8.3963,Absolute_Failure,50.0
C02047,L2,DAC,124.99,1.808,11.8189,12.7239,15.7081,21.7818,1.2049,1.3345,1.7227,2.4233,Latent_Defect,50.0
C02048,L2,ASIC,125.32,1.175,11.9264,12.6338,13.3027,35.5103,1.224,1.323,1.3605,4.3859,Sudden_Anomaly,50.0
C02049,L2,FPGA,124.94,1.098,11.5315,12.6359,16.507,24.1256,1.1839,1.3393,1.7991,2.7376,Latent_Defect,50.0
C02050,L2,DAC,125.17,1.811,12.6934,12.7916,12.9163,12.9833,1.3371,1.3117,1.3317,1.3877,High_Stable,50.0
C02051,L2,FPGA,124.76,1.101,12.1387,12.2715,12.4513,12.8614,1.2539,1.2689,1.299,1.391,High_Stable,50.0
C02052,L2,FPGA,126.29,1.097,11.6924,12.8625,14.1223,16.0351,1.183,1.3664,1.4756,1.7105,Normal,50.0
C02053,L2,FPGA,125.61,1.09,11.8185,12.4219,13.2244,14.7488,1.2082,1.3065,1.3693,1.5741,Normal,50.0
C02054,L2,FPGA,124.98,1.09,11.4809,13.4934,15.9733,23.1133,1.1802,1.413,1.702,2.6708,Latent_Defect,50.0
C02055,L2,FPGA,125.46,1.107,11.3292,12.03,12.8252,13.4172,1.1825,1.2667,1.3427,1.3693,Normal,50.0
C02056,L2,FPGA,125.64,1.109,11.8828,12.4321,15.0584,28.275,1.2606,1.2961,1.6149,3.3212,Sudden_Anomaly,50.0
C02057,L2,DAC,126.9,1.787,11.7419,11.7565,11.5411,11.3829,1.225,1.1883,1.1938,1.2206,High_Stable,50.0
C02058,L2,ASIC,125.04,1.184,11.6612,11.8213,11.8084,12.0575,1.1944,1.2296,1.2643,1.2497,High_Stable,50.0
C02059,L2,ADC,124.47,1.821,11.8194,14.1006,23.3499,57.5309,1.2353,1.4896,2.6638,8.1275,Absolute_Failure,50.0
C02060,L2,FPGA,125.49,1.096,11.2872,12.4753,13.2084,13.8915,1.179,1.28,1.4095,1.4689,Normal,50.0
C02061,L2,ADC,125.95,1.774,11.3596,12.8647,13.4033,14.2992,1.1534,1.3581,1.4182,1.5011,Normal,50.0
C02062,L2,FPGA,125.34,1.12,11.3474,11.5099,12.6313,13.4077,1.1404,1.1539,1.361,1.4539,Normal,50.0
C02063,L2,ASIC,124.83,1.173,11.3642,12.1755,12.8183,14.3477,1.1666,1.2161,1.3741,1.554,Normal,50.0
C02064,L2,FPGA,125.52,1.107,12.1426,13.8444,21.0137,51.9258,1.225,1.4515,2.3685,7.0509,Absolute_Failure,50.0
C02065,L2,ASIC,127.13,1.195,11.9744,15.1021,23.6537,52.213,1.2527,1.609,2.7107,7.1384,Absolute_Failure,50.0
C02066,L2,DAC,125.49,1.773,12.2236,13.4337,14.1523,14.7395,1.268,1.4187,1.5096,1.5213,Normal,50.0
C02067,L2,ADC,124.79,1.815,11.5533,12.0703,12.2561,13.8753,1.2353,1.2393,1.2944,1.464,Normal,50.0
C02068,L2,ADC,124.1,1.813,11.4363,11.8749,12.5699,12.9005,1.1517,1.2329,1.3642,1.4103,Normal,50.0
C02069,L2,ADC,124.07,1.793,12.0459,13.8615,18.1709,24.0001,1.2435,1.4565,2.0064,2.7442,Latent_Defect,50.0
C02070,L2,DAC,125.3,1.79,11.4505,12.2101,12.7813,13.4462,1.2219,1.2915,1.3522,1.4219,Normal,50.0
C02071,L2,ASIC,124.11,1.204,11.2326,11.3265,12.9728,28.7507,1.1645,1.143,1.3779,3.3852,Sudden_Anomaly,50.0
C02072,L2,ADC,124.92,1.799,11.6987,12.2838,13.311,14.5858,1.282,1.2867,1.4062,1.5243,Normal,50.0
C02073,L2,ASIC,124.91,1.208,11.9245,12.0059,12.0747,12.048,1.2162,1.2639,1.2762,1.2574,High_Stable,50.0
C02074,L2,FPGA,124.72,1.108,11.3914,12.612,16.8333,24.801,1.1072,1.3303,1.8436,2.8454,Latent_Defect,50.0
C02075,L2,FPGA,126.87,1.117,11.489,12.4413,13.428,14.6091,1.1704,1.337,1.42,1.5609,Normal,50.0
C02076,L2,DAC,125.25,1.797,11.6585,12.8378,15.3245,28.7001,1.1898,1.3411,1.6511,3.3781,Sudden_Anomaly,50.0
C02077,L2,FPGA,125.3,1.099,11.5423,12.1436,12.8748,13.3173,1.2172,1.253,1.3496,1.4011,Normal,50.0
C02078,L2,ADC,124.14,1.778,11.8923,13.0045,17.9727,54.6991,1.2996,1.3893,1.9795,7.6093,Absolute_Failure,50.0
C02079,L2,ADC,125.06,1.814,11.7776,12.4352,13.17,14.198,1.2086,1.2883,1.3712,1.4846,Normal,50.0
C02080,L2,FPGA,124.89,1.113,12.4795,12.6118,12.7275,13.0138,1.3459,1.3004,1.3253,1.3697,High_Stable,50.0
C02081,L2,ASIC,124.17,1.193,11.8803,12.758,13.9587,14.5017,1.2518,1.3443,1.465,1.5625,Normal,50.0
C02082,L2,ASIC,125.07,1.2,11.7013,13.0195,16.1184,22.4794,1.2137,1.3738,1.7417,2.5215,Latent_Defect,50.0
C02083,L2,ADC,125.32,1.812,11.5407,11.9753,12.1125,12.6392,1.1786,1.2358,1.272,1.2992,Normal,50.0
C02084,L2,ADC,126.04,1.82,11.9797,12.8394,13.727,14.5808,1.2319,1.3614,1.4356,1.5471,Normal,50.0
C02085,L2,FPGA,124.34,1.133,11.3668,11.9113,12.6235,12.8682,1.1777,1.2122,1.2949,1.3229,Normal,50.0
C02086,L2,ADC,125.12,1.809,11.9674,12.697,13.6976,14.4592,1.2282,1.3363,1.4053,1.5376,Normal,50.0
C02087,L2,ASIC,124.73,1.194,11.0784,11.6707,12.2925,13.3526,1.1255,1.2736,1.3047,1.3799,Normal,50.0
C02088,L2,ASIC,124.82,1.2,11.4145,13.088,21.1861,53.4946,1.1724,1.349,2.3512,7.3746,Absolute_Failure,50.0
C02089,L2,ASIC,124.36,1.209,10.9073,12.1967,12.851,13.8613,1.1348,1.2985,1.3459,1.4783,Normal,50.0
C02090,L2,FPGA,125.46,1.145,11.5855,12.667,13.2703,13.4196,1.241,1.3561,1.3661,1.4232,Normal,50.0
C02091,L2,FPGA,126.04,1.09,11.5433,12.2961,13.2085,13.7557,1.2166,1.2839,1.4106,1.4858,Normal,50.0
C02092,L2,FPGA,124.96,1.067,11.0236,11.9539,12.6784,13.7008,1.1468,1.2747,1.2782,1.4651,Normal,50.0
C02093,L2,ASIC,124.77,1.22,11.5824,14.2917,22.6146,54.354,1.1915,1.5148,2.5334,7.4732,Absolute_Failure,50.0
C02094,L2,FPGA,125.26,1.098,11.8197,12.1703,13.0644,14.7532,1.2459,1.2777,1.3818,1.5969,Normal,50.0
C02095,L2,FPGA,124.6,1.096,11.9381,12.2451,12.3472,12.4952,1.2825,1.2686,1.2708,1.3176,High_Stable,50.0
C02096,L2,DAC,125.49,1.812,11.5089,11.9974,13.0546,13.5926,1.1561,1.2568,1.3669,1.481,Normal,50.0
C02097,L2,FPGA,125.77,1.1,11.3686,12.5692,16.2869,23.4463,1.1401,1.3401,1.7694,2.6709,Latent_Defect,50.0
C02098,L2,FPGA,126.25,1.102,11.1289,12.3573,13.3325,14.4007,1.13,1.2714,1.4077,1.5687,Normal,50.0
C02099,L2,ASIC,124.61,1.166,11.7791,12.2079,12.6093,14.5171,1.273,1.2584,1.2812,1.5519,Normal,50.0
C02100,L2,ASIC,125.5,1.213,11.871,12.5586,12.8956,13.5495,1.2197,1.3211,1.3892,1.414,Normal,50.0
C02101,L2,DAC,124.8,1.793,12.0066,12.7401,13.7574,14.1867,1.2503,1.3225,1.4666,1.4852,Normal,50.0
C02102,L2,ASIC,124.75,1.199,10.9329,11.3365,12.1266,12.6278,1.1509,1.1726,1.2802,1.3166,Normal,50.0
C02103,L2,ADC,124.95,1.799,12.2909,12.8854,15.0174,29.4745,1.2618,1.3594,1.5767,3.4888,Sudden_Anomaly,50.0
C02104,L2,ASIC,125.79,1.223,11.4365,11.7003,12.3567,13.2314,1.2308,1.2012,1.3025,1.4098,Normal,50.0
C02105,L2,DAC,124.86,1.821,11.6104,14.3661,21.8632,53.8533,1.2372,1.4952,2.4613,7.4699,Absolute_Failure,50.0
C02106,L2,ADC,125.95,1.791,11.6472,11.8312,13.3553,13.9859,1.2123,1.2319,1.359,1.4904,Normal,50.0
C02107,L2,ADC,124.84,1.8,11.9475,12.5936,15.2212,27.5615,1.2611,1.3303,1.6776,3.2079,Sudden_Anomaly,50.0
C02108,L2,FPGA,126.65,1.098,11.6071,12.2531,12.8704,12.9628,1.2422,1.328,1.4021,1.3748,Normal,50.0
C02109,L2,FPGA,125.56,1.086,11.9408,12.6018,14.9941,21.5109,1.2432,1.3372,1.6046,2.4256,Latent_Defect,50.0
C02110,L2,ASIC,123.83,1.213,11.5623,12.8869,18.9786,51.1613,1.172,1.3503,2.083,6.9565,Absolute_Failure,50.0
C02111,L2,ADC,125.66,1.809,11.6871,12.7234,15.9961,21.812,1.2263,1.344,1.71,2.4752,Latent_Defect,50.0
C02112,L2,ASIC,125.75,1.218,11.6731,12.4049,13.2705,14.8819,1.1857,1.3203,1.3658,1.5905,Normal,50.0
C02113,L2,FPGA,127.19,1.076,11.3726,12.469,12.9659,13.3743,1.1685,1.3669,1.3727,1.44,Normal,50.0
C02114,L2,ASIC,124.74,1.212,11.3807,13.0223,19.2052,55.5768,1.17,1.3884,2.0703,7.7322,Absolute_Failure,50.0
C02115,L2,ADC,125.29,1.809,11.4115,12.3745,13.9623,27.2017,1.2072,1.2651,1.4343,3.1947,Sudden_Anomaly,50.0
C02116,L2,ASIC,123.95,1.169,11.1664,12.0761,12.801,14.3041,1.1537,1.2556,1.3624,1.5394,Normal,50.0
C02117,L2,FPGA,125.28,1.092,12.0225,12.3199,13.8621,32.1667,1.2658,1.267,1.4648,3.8655,Sudden_Anomaly,50.0
C02118,L2,FPGA,123.76,1.102,11.6419,12.3866,13.3174,14.0265,1.2488,1.2592,1.3941,1.517,Normal,50.0
C02119,L2,FPGA,126.32,1.138,11.7137,12.195,12.7876,13.0402,1.2335,1.258,1.301,1.3965,Normal,50.0
C02120,L2,FPGA,124.95,1.085,11.6014,13.4318,20.1354,54.3121,1.2198,1.398,2.2125,7.556,Absolute_Failure,50.0
C02121,L2,ASIC,124.1,1.214,10.7711,11.0067,11.1525,11.2557,1.1472,1.167,1.1537,1.1779,High_Stable,50.0
C02122,L2,ADC,123.87,1.833,11.8814,13.0856,14.3636,15.3886,1.2445,1.3754,1.5284,1.6616,Normal,50.0
C02123,L2,DAC,125.89,1.786,12.2098,12.2043,11.9699,11.9634,1.2634,1.286,1.2321,1.2372,High_Stable,50.0
C02124,L2,ASIC,126.65,1.186,11.5658,12.705,16.5138,22.817,1.27,1.3759,1.7678,2.5589,Latent_Defect,50.0
C02125,L2,ADC,124.0,1.815,12.0034,13.8347,18.9465,53.4474,1.2731,1.4957,2.0748,7.3448,Absolute_Failure,50.0
C02126,L2,ASIC,124.29,1.202,11.0883,11.8997,12.6611,13.9452,1.2033,1.2404,1.3344,1.4696,Normal,50.0
C02127,L2,DAC,127.88,1.795,12.7513,12.9109,13.2156,13.4731,1.3128,1.2993,1.4409,1.4196,High_Stable,50.0
C02128,L2,ASIC,124.57,1.222,11.6324,12.4661,13.4011,13.8863,1.2158,1.3197,1.4661,1.4654,Normal,50.0
C02129,L2,ASIC,124.86,1.186,11.4321,11.6463,11.9469,12.4495,1.2025,1.223,1.259,1.3397,Normal,50.0
C02130,L2,FPGA,125.68,1.074,11.412,12.0231,13.3916,14.359,1.1407,1.3087,1.4285,1.4701,Normal,50.0
C02131,L2,ADC,125.23,1.826,10.8801,11.4159,12.2575,13.522,1.1076,1.1735,1.2765,1.4397,Normal,50.0
C02132,L2,FPGA,123.58,1.104,11.5469,12.3831,13.4219,14.3456,1.2357,1.2787,1.393,1.5343,Normal,50.0
C02133,L2,DAC,123.54,1.788,12.4777,13.1319,14.5398,32.9697,1.28,1.3663,1.5453,4.0098,Sudden_Anomaly,50.0
C02134,L2,FPGA,125.2,1.081,11.7858,12.2346,13.3324,13.7865,1.1979,1.2794,1.3955,1.4475,Normal,50.0
C02135,L2,FPGA,124.14,1.087,11.9006,11.9581,11.8147,11.7048,1.2949,1.233,1.1814,1.2301,High_Stable,50.0
C02136,L2,ASIC,125.2,1.199,11.3693,11.8169,14.0976,27.2842,1.1715,1.2199,1.5226,3.1853,Sudden_Anomaly,50.0
C02137,L2,ASIC,124.7,1.184,11.8489,11.9756,12.2285,12.2784,1.2293,1.2817,1.2658,1.2853,High_Stable,50.0
C02138,L2,DAC,124.03,1.793,12.135,12.8904,13.8222,15.0901,1.2701,1.3647,1.4673,1.6332,Normal,50.0
C02139,L2,FPGA,126.39,1.08,11.2503,12.3148,12.4767,13.7336,1.134,1.2953,1.2992,1.4743,Normal,50.0
C02140,L2,ADC,124.81,1.813,11.4629,12.0307,12.391,12.69,1.1666,1.2996,1.3069,1.3714,Normal,50.0
C02141,L2,FPGA,124.66,1.075,11.6352,12.2829,12.7922,13.3875,1.2035,1.3013,1.3108,1.4172,Normal,50.0
C02142,L2,ASIC,124.93,1.216,11.7273,12.4459,12.5999,13.0069,1.2877,1.2995,1.3507,1.3493,Normal,50.0
C02143,L2,DAC,124.8,1.801,12.3666,12.6438,13.0892,14.4942,1.3306,1.3353,1.4038,1.576,Normal,50.0
C02144,L2,FPGA,125.28,1.083,12.1879,12.6103,13.9644,14.982,1.2872,1.2752,1.5103,1.5465,Normal,50.0
C02145,L2,ADC,124.88,1.813,12.1527,12.8987,15.4813,37.8273,1.2586,1.3734,1.694,4.7203,Sudden_Anomaly,50.0
C02146,L2,DAC,125.24,1.806,12.7979,13.0966,13.0367,13.1215,1.3821,1.3755,1.3885,1.4044,High_Stable,50.0
C02147,L2,ASIC,126.01,1.187,11.9536,12.5267,13.3384,15.0074,1.2857,1.3545,1.4122,1.5874,Normal,50.0
C02148,L2,ASIC,125.1,1.199,11.5546,12.7684,13.9068,14.7044,1.2601,1.3305,1.4829,1.5753,Normal,50.0
C02149,L2,ASIC,123.99,1.182,10.8088,11.6607,11.8886,13.341,1.106,1.2054,1.2541,1.4029,Normal,50.0
C02150,L2,ADC,124.5,1.773,11.3341,11.5038,11.5644,12.2486,1.1497,1.1512,1.2519,1.2987,High_Stable,50.0
C02151,L2,DAC,124.02,1.808,11.7077,13.2577,16.0117,35.9846,1.1661,1.3311,1.7244,4.4765,Sudden_Anomaly,50.0
C02152,L2,ASIC,125.65,1.214,11.4926,12.4172,14.5202,37.2237,1.1864,1.2894,1.5146,4.6426,Sudden_Anomaly,50.0
C02153,L2,ASIC,124.44,1.216,10.8624,12.3939,15.7751,21.1237,1.1522,1.3462,1.6993,2.348,Latent_Defect,50.0
C02154,L2,DAC,124.6,1.805,12.0682,12.8955,13.2153,13.7798,1.2423,1.3529,1.4108,1.4825,Normal,50.0
C02155,L2,FPGA,125.55,1.088,12.1753,12.9187,13.884,14.3862,1.262,1.3353,1.4435,1.5137,Normal,50.0
C02156,L2,FPGA,125.61,1.098,11.1804,12.8916,18.1919,52.1561,1.1666,1.3958,1.9887,7.1411,Absolute_Failure,50.0
C02157,L2,ADC,124.84,1.807,11.9447,13.3176,16.2067,36.6184,1.2652,1.4137,1.7387,4.5842,Sudden_Anomaly,50.0
C02158,L2,ASIC,125.0,1.199,10.8639,11.9125,12.4014,14.4587,1.1433,1.2726,1.281,1.5499,Normal,50.0
C02159,L2,FPGA,125.04,1.108,11.665,13.7491,20.0456,53.9933,1.2037,1.4974,2.2657,7.4675,Absolute_Failure,50.0
C02160,L2,ASIC,124.57,1.205,11.3229,11.5636,12.2399,12.4195,1.1595,1.2054,1.2683,1.2849,Normal,50.0
C02161,L2,FPGA,124.99,1.128,11.2549,12.8212,16.2823,22.5996,1.1772,1.3438,1.7358,2.5641,Latent_Defect,50.0
C02162,L2,DAC,124.15,1.823,11.8242,12.4429,12.8687,13.4961,1.2439,1.3016,1.3577,1.4556,Normal,50.0
C02163,L2,FPGA,125.1,1.08,12.0862,12.9442,13.2552,14.0394,1.2652,1.3521,1.3853,1.4888,Normal,50.0
C02164,L2,FPGA,124.86,1.089,11.83,13.1262,13.7635,14.4702,1.2062,1.394,1.4606,1.5645,Normal,50.0
C02165,L2,FPGA,125.46,1.109,11.0992,11.7702,12.5789,13.8176,1.1478,1.2735,1.335,1.4711,Normal,50.0
C02166,L2,FPGA,125.22,1.068,11.7159,13.6422,18.3244,55.0375,1.2045,1.4526,1.9738,7.6533,Absolute_Failure,50.0
C02167,L2,ADC,124.75,1.82,11.8742,12.5061,15.3438,22.6329,1.2138,1.3149,1.6066,2.5355,Latent_Defect,50.0
C02168,L2,FPGA,124.89,1.071,11.8009,11.8116,11.9489,12.2037,1.1995,1.2164,1.2703,1.2647,High_Stable,50.0
C02169,L2,FPGA,124.92,1.094,11.0727,12.3777,13.9954,38.0831,1.1603,1.3091,1.4834,4.7951,Sudden_Anomaly,50.0
C02170,L2,DAC,124.86,1.814,12.2803,13.3896,14.388,15.7819,1.2741,1.3912,1.5108,1.6849,Normal,50.0
C02171,L2,ASIC,124.58,1.201,11.5789,11.6448,11.7302,11.6679,1.2249,1.2147,1.3036,1.209,High_Stable,50.0
C02172,L2,FPGA,125.05,1.095,11.8664,12.8545,13.2134,14.1655,1.193,1.3565,1.4132,1.5281,Normal,50.0
C02173,L2,ASIC,126.21,1.205,11.7605,11.869,12.0621,12.0952,1.2074,1.2551,1.2759,1.2256,High_Stable,50.0
C02174,L2,DAC,125.79,1.822,11.4863,12.5262,13.2434,14.3931,1.2101,1.292,1.3936,1.5048,Normal,50.0
C02175,L2,ADC,126.16,1.822,11.2851,12.5995,16.8536,23.7025,1.1643,1.3496,1.8045,2.6636,Latent_Defect,50.0
C02176,L2,DAC,124.2,1.781,12.1262,12.0922,12.0472,11.7893,1.286,1.2235,1.2306,1.203,High_Stable,50.0
C02177,L2,DAC,124.97,1.812,12.3269,13.6835,14.2672,15.4384,1.3165,1.4614,1.5266,1.6586,Normal,50.0
C02178,L2,FPGA,124.93,1.104,11.5391,11.5752,11.6021,11.3316,1.1954,1.2238,1.2212,1.219,High_Stable,50.0
C02179,L2,FPGA,123.32,1.129,11.5579,12.6815,13.3975,15.2473,1.2212,1.3347,1.4624,1.6077,Normal,50.0
C02180,L2,ADC,124.36,1.806,10.951,11.7444,12.3629,13.2241,1.1286,1.2673,1.3493,1.389,Normal,50.0
C02181,L2,ADC,125.62,1.818,11.5746,12.1568,12.5861,13.8313,1.1948,1.2568,1.3741,1.4338,Normal,50.0
C02182,L2,ASIC,124.53,1.189,11.4003,12.4216,18.8642,57.0742,1.153,1.2563,2.1052,8.0507,Absolute_Failure,50.0
C02183,L2,DAC,125.0,1.812,12.3406,12.4183,12.5363,12.6396,1.314,1.2688,1.289,1.3014,High_Stable,50.0
C02184,L2,ADC,125.05,1.784,12.2804,12.6366,13.0554,13.8942,1.265,1.3639,1.3841,1.4919,Normal,50.0
C02185,L2,FPGA,126.64,1.098,11.3554,11.7178,12.2169,13.8585,1.1465,1.1687,1.2551,1.4944,Normal,50.0
C02186,L2,ASIC,124.26,1.182,11.1692,12.4826,12.965,13.0404,1.1889,1.3184,1.3467,1.3663,Normal,50.0
C02187,L2,ASIC,126.22,1.2,11.3341,11.663,12.6961,14.0284,1.1432,1.211,1.364,1.492,Normal,50.0
C02188,L2,ADC,124.95,1.806,11.8153,12.8676,13.5722,14.9325,1.2095,1.3596,1.4274,1.5793,Normal,50.0
C02189,L2,ASIC,124.9,1.19,11.5082,12.9142,16.7051,20.979,1.1799,1.3968,1.8108,2.3585,Latent_Defect,50.0
C02190,L2,ADC,125.12,1.785,12.5693,13.3174,15.012,29.7681,1.3125,1.4008,1.622,3.5119,Sudden_Anomaly,50.0
C02191,L2,ASIC,124.91,1.187,11.6491,12.8912,18.1417,23.2142,1.222,1.3823,2.002,2.6298,Latent_Defect,50.0
C02192,L2,ASIC,123.65,1.19,11.55,12.5383,12.8027,13.7637,1.177,1.3203,1.3799,1.4625,Normal,50.0
C02193,L2,DAC,124.8,1.807,11.9253,12.8129,13.512,13.8405,1.2092,1.3473,1.4249,1.474,Normal,50.0
C02194,L2,ASIC,126.26,1.19,11.0236,11.5508,14.0501,30.0523,1.1057,1.1598,1.473,3.5939,Sudden_Anomaly,50.0
C02195,L2,ASIC,124.4,1.211,11.3561,12.3463,14.5075,30.1709,1.185,1.3169,1.5621,3.5776,Sudden_Anomaly,50.0
C02196,L2,ASIC,125.65,1.193,11.6209,12.0758,13.1352,13.4475,1.2384,1.2772,1.4385,1.4079,Normal,50.0
C02197,L2,ASIC,125.25,1.213,11.4494,12.7665,19.3403,53.2976,1.1644,1.3716,2.131,7.3283,Absolute_Failure,50.0
C02198,L2,FPGA,124.45,1.081,11.5727,12.3208,12.7865,13.309,1.2114,1.3184,1.3621,1.3798,Normal,50.0
C02199,L2,FPGA,124.94,1.111,11.5719,12.1229,14.8047,60.1137,1.2166,1.2724,1.5451,8.5943,Absolute_Failure,50.0
C02200,L2,DAC,126.42,1.784,11.6259,12.4555,12.7428,14.159,1.2136,1.3101,1.3329,1.4798,Normal,50.0
C02201,L2,ASIC,126.12,1.224,11.6042,11.6821,11.6367,11.5988,1.2134,1.2061,1.2135,1.1424,High_Stable,50.0
C02202,L2,DAC,125.06,1.777,11.9767,12.7729,12.8725,14.2351,1.248,1.3396,1.3648,1.4754,Normal,50.0
C02203,L2,ASIC,125.84,1.202,11.8225,11.9644,12.2127,12.8144,1.2322,1.2629,1.2595,1.3745,High_Stable,50.0
C02204,L2,ASIC,127.52,1.175,11.7899,12.5816,13.1481,14.4086,1.2299,1.3426,1.4483,1.5221,Normal,50.0
C02205,L2,DAC,125.62,1.792,11.977,12.9975,15.3338,33.7014,1.2879,1.3354,1.6013,4.131,Sudden_Anomaly,50.0
C02206,L2,ASIC,124.79,1.185,11.6052,12.0852,12.3805,13.9629,1.1852,1.2794,1.3028,1.4627,Normal,50.0
C02207,L2,DAC,125.29,1.791,11.8199,12.1468,12.1723,12.1318,1.205,1.2399,1.3006,1.2767,High_Stable,50.0
C02208,L2,ADC,125.61,1.795,11.5718,13.3534,16.0739,21.3396,1.2143,1.4452,1.7404,2.4039,Latent_Defect,50.0
C02209,L2,FPGA,128.28,1.076,11.3835,12.0373,15.8065,51.2254,1.2008,1.3071,1.6699,6.9618,Absolute_Failure,50.0
C02210,L2,ADC,124.8,1.839,10.924,11.3602,11.9464,12.9642,1.1412,1.1777,1.3023,1.3443,Normal,50.0
C02211,L2,FPGA,124.3,1.111,11.676,12.0888,12.6822,13.2915,1.2551,1.3035,1.3302,1.3875,Normal,50.0
C02212,L2,ADC,124.37,1.807,11.9189,11.9975,12.0702,11.8058,1.2698,1.2375,1.257,1.2158,High_Stable,50.0
C02213,L2,FPGA,125.57,1.108,11.5232,12.2809,13.1446,14.4901,1.151,1.2412,1.3853,1.545,Normal,50.0
C02214,L2,ASIC,125.71,1.186,11.1176,11.1682,10.9085,11.3637,1.1268,1.1106,1.1471,1.2215,Normal,50.0
C02215,L2,DAC,125.31,1.804,12.302,12.6086,13.3353,13.8161,1.3116,1.3088,1.4159,1.4389,Normal,50.0
C02216,L2,ADC,124.52,1.835,11.0428,12.5775,17.1204,24.4683,1.161,1.2953,1.8476,2.8273,Latent_Defect,50.0
C02217,L2,FPGA,125.33,1.1,11.2512,12.2862,12.6621,13.3965,1.1921,1.3,1.3502,1.4421,Normal,50.0
C02218,L2,FPGA,124.41,1.081,11.1672,12.1942,12.3431,13.6875,1.1902,1.3077,1.3206,1.4482,Normal,50.0
C02219,L2,ADC,125.14,1.793,12.0879,13.0814,13.4991,14.3165,1.29,1.404,1.4362,1.5285,Normal,50.0
C02220,L2,ASIC,124.57,1.204,10.9419,11.8505,12.8431,13.6072,1.1644,1.2605,1.3072,1.4279,Normal,50.0
C02221,L2,ADC,126.11,1.811,11.4776,12.5764,13.7582,15.3509,1.2214,1.3215,1.436,1.6635,Normal,50.0
C02222,L2,DAC,125.9,1.803,12.1257,12.7237,14.1092,14.802,1.245,1.3424,1.4946,1.6071,Normal,50.0
C02223,L2,ADC,123.83,1.789,12.643,12.7534,12.6722,12.7403,1.3325,1.3171,1.3429,1.3666,High_Stable,50.0
C02224,L2,ADC,124.54,1.808,11.2947,11.8247,12.6579,13.5217,1.1321,1.2375,1.3744,1.4266,Normal,50.0
C02225,L2,ADC,124.56,1.809,11.2457,12.4331,17.1592,54.1906,1.1672,1.3165,1.836,7.5051,Absolute_Failure,50.0
C02226,L2,FPGA,124.44,1.09,10.8977,12.0513,13.9995,35.4857,1.1279,1.2585,1.4936,4.3389,Sudden_Anomaly,50.0
C02227,L2,ASIC,125.36,1.187,10.7936,11.5239,11.5909,12.0168,1.1418,1.1996,1.197,1.2088,Normal,50.0
C02228,L2,FPGA,124.75,1.091,10.876,11.964,12.8798,13.5873,1.1035,1.2363,1.3575,1.4427,Normal,50.0
C02229,L2,ASIC,124.53,1.205,11.4087,12.06,14.5589,41.48,1.1657,1.2602,1.5479,5.3615,Sudden_Anomaly,50.0
C02230,L2,ASIC,125.57,1.214,11.9178,11.8418,11.9937,11.9626,1.2359,1.2025,1.2721,1.2657,High_Stable,50.0
C02231,L2,ADC,126.13,1.802,11.9013,13.6234,14.1167,14.8467,1.256,1.4546,1.4983,1.6057,Normal,50.0
C02232,L2,ASIC,124.19,1.207,11.3343,11.9189,12.5531,13.5508,1.2179,1.241,1.3276,1.4261,Normal,50.0
C02233,L2,ADC,124.1,1.802,12.4709,12.6991,12.6551,12.9398,1.2699,1.366,1.3276,1.3259,High_Stable,50.0
C02234,L2,ASIC,125.65,1.175,11.2463,11.5971,12.1542,12.8235,1.1801,1.2033,1.2881,1.3602,Normal,50.0
C02235,L2,FPGA,124.54,1.114,11.695,12.2068,13.1067,14.099,1.261,1.237,1.3548,1.4868,Normal,50.0
C02236,L2,ASIC,125.75,1.174,10.9346,13.5519,19.48,60.2753,1.1048,1.4741,2.1603,8.6531,Absolute_Failure,50.0
C02237,L2,FPGA,126.42,1.105,11.717,12.2877,12.676,13.2479,1.2106,1.3212,1.2734,1.4013,Normal,50.0
C02238,L2,ADC,126.48,1.8,11.8608,12.1778,13.0444,13.5463,1.2322,1.2738,1.3982,1.4458,Normal,50.0
C02239,L2,DAC,125.29,1.799,12.2017,12.2061,12.1083,12.3154,1.2725,1.2689,1.2291,1.2646,High_Stable,50.0
C02240,L2,ASIC,124.6,1.188,12.2112,12.8789,13.6793,14.1201,1.2448,1.3488,1.4121,1.5023,Normal,50.0
C02241,L2,FPGA,124.81,1.1,11.2542,12.1128,14.6118,28.542,1.1815,1.2663,1.5447,3.3863,Sudden_Anomaly,50.0
C02242,L2,FPGA,124.62,1.12,11.665,12.217,12.4891,12.8343,1.1898,1.2789,1.2773,1.3474,Normal,50.0
C02243,L2,ADC,124.7,1.806,11.5283,12.8329,20.3935,52.5139,1.2315,1.3586,2.3286,7.1903,Absolute_Failure,50.0
C02244,L2,FPGA,124.88,1.107,11.814,12.0767,12.7056,13.8406,1.2584,1.269,1.3235,1.4314,Normal,50.0
C02245,L2,DAC,124.58,1.798,11.7509,12.5078,13.5243,14.9114,1.2302,1.2889,1.442,1.5406,Normal,50.0
C02246,L2,DAC,125.39,1.805,11.8688,12.1576,11.9709,12.1271,1.2158,1.2357,1.2717,1.2816,High_Stable,50.0
C02247,L2,FPGA,124.43,1.103,11.5352,13.3248,18.1787,25.1781,1.2049,1.4155,1.9689,2.9091,Latent_Defect,50.0
C02248,L2,ASIC,125.32,1.195,11.2767,11.4754,12.725,14.2704,1.1554,1.2152,1.3749,1.4947,Normal,50.0
C02249,L2,ASIC,126.21,1.2,11.4468,12.2951,13.3946,14.3618,1.2197,1.2783,1.4122,1.475,Normal,50.0
C02250,L2,ADC,124.83,1.811,12.0335,12.4246,13.2601,14.4937,1.2688,1.2653,1.4277,1.5544,Normal,50.0
C02251,L2,ASIC,125.25,1.207,11.246,11.6021,12.496,13.8154,1.1553,1.2004,1.3209,1.4719,Normal,50.0
C02252,L2,ASIC,123.64,1.206,11.2258,12.3817,12.9978,13.7398,1.1415,1.3054,1.3993,1.4689,Normal,50.0
C02253,L2,ASIC,124.66,1.188,11.2246,12.1501,12.9625,13.4269,1.1156,1.2261,1.3647,1.4121,Normal,50.0
C02254,L2,ADC,124.64,1.815,11.6701,12.0984,12.2713,13.1316,1.1804,1.2697,1.2778,1.4085,Normal,50.0
C02255,L2,ASIC,125.88,1.203,11.0615,11.4619,12.8324,14.1265,1.13,1.2122,1.3401,1.5089,Normal,50.0
C02256,L2,ADC,124.4,1.803,11.5481,12.2157,12.5357,13.9127,1.2426,1.3003,1.2896,1.4786,Normal,50.0
C02257,L2,ADC,124.12,1.81,11.3143,11.9696,12.3099,13.1682,1.1428,1.2216,1.2826,1.3892,Normal,50.0
C02258,L2,FPGA,124.76,1.123,11.1794,12.4626,13.3848,14.231,1.1363,1.2788,1.4425,1.554,Normal,50.0
C02259,L2,FPGA,124.12,1.08,11.393,12.4225,12.7826,13.1575,1.2099,1.2876,1.3759,1.3555,Normal,50.0
C02260,L2,ADC,126.12,1.783,11.9992,12.4527,12.8204,13.1277,1.2826,1.2843,1.3142,1.3701,Normal,50.0
C02261,L2,ASIC,124.79,1.181,12.3104,12.2267,12.2024,12.0706,1.2936,1.3352,1.2468,1.2837,High_Stable,50.0
C02262,L2,DAC,124.04,1.823,12.1186,13.1934,14.1788,15.802,1.2557,1.3958,1.5056,1.7266,Normal,50.0
C02263,L2,ADC,125.65,1.812,12.2494,12.4754,13.6192,15.1721,1.2701,1.2429,1.4418,1.6311,Normal,50.0
C02264,L2,ADC,124.3,1.787,11.4714,12.0839,12.5452,14.3953,1.2183,1.2423,1.3533,1.4987,Normal,50.0
C02265,L2,FPGA,125.9,1.122,12.0063,12.3205,12.9295,14.5942,1.2721,1.3434,1.335,1.5473,Normal,50.0
C02266,L2,ADC,125.39,1.798,12.5882,12.5209,12.5091,12.7394,1.301,1.3379,1.3318,1.3434,High_Stable,50.0
C02267,L2,ASIC,125.15,1.2,11.2532,12.3402,12.8563,13.6094,1.2222,1.2756,1.3345,1.4343,Normal,50.0
C02268,L2,ASIC,124.46,1.208,10.7179,12.08,15.7707,21.3563,1.173,1.2466,1.6636,2.4282,Latent_Defect,50.0
C02269,L2,FPGA,125.53,1.133,11.8024,12.8217,13.2338,13.9367,1.251,1.3498,1.366,1.4496,Normal,50.0
C02270,L2,ADC,123.46,1.803,11.9774,12.7055,14.8305,34.4018,1.2682,1.2867,1.5552,4.1883,Sudden_Anomaly,50.0
C02271,L2,ADC,125.84,1.811,11.9186,11.9586,12.1408,12.4768,1.2642,1.2901,1.237,1.335,High_Stable,50.0
C02272,L2,ASIC,124.63,1.231,11.2695,12.3955,17.4918,54.4221,1.175,1.3499,1.9068,7.5732,Absolute_Failure,50.0
C02273,L2,DAC,126.32,1.83,12.1298,12.3649,13.153,26.9013,1.2934,1.2846,1.3797,3.1171,Sudden_Anomaly,50.0
C02274,L2,FPGA,125.11,1.105,11.1095,11.6018,12.345,13.568,1.1487,1.2213,1.3349,1.4332,Normal,50.0
C02275,L2,FPGA,125.52,1.088,11.4506,12.0802,12.6581,13.6859,1.1776,1.2546,1.3517,1.4597,Normal,50.0
C02276,L2,FPGA,124.6,1.092,10.8208,12.1246,17.9292,51.0338,1.1147,1.2523,1.9598,6.9452,Absolute_Failure,50.0
C02277,L2,ASIC,125.04,1.216,11.3503,12.3762,12.4632,13.3692,1.2073,1.2791,1.3185,1.435,Normal,50.0
C02278,L2,FPGA,124.61,1.099,11.3384,11.7472,12.8274,14.3008,1.1489,1.2097,1.3716,1.5398,Normal,50.0
C02279,L2,ADC,124.41,1.801,11.9499,12.6931,17.7171,57.619,1.2165,1.3451,1.9599,8.1015,Absolute_Failure,50.0
C02280,L2,ASIC,123.73,1.189,11.5305,12.2124,12.9196,14.0469,1.2523,1.26,1.3643,1.4675,Normal,50.0
C02281,L2,DAC,125.68,1.817,11.5889,12.2185,12.7472,13.8935,1.2,1.3054,1.3413,1.4672,Normal,50.0
C02282,L2,ASIC,123.33,1.177,11.0222,12.158,12.7934,13.8714,1.1308,1.2891,1.3419,1.4698,Normal,50.0
C02283,L2,DAC,125.73,1.797,11.8787,12.5137,12.9559,14.2652,1.2546,1.3369,1.3503,1.4859,Normal,50.0
C02284,L2,FPGA,123.77,1.093,11.1898,12.0308,12.2098,13.7329,1.1707,1.244,1.3011,1.4865,Normal,50.0
C02285,L2,DAC,123.97,1.782,11.9209,12.7727,13.322,13.7936,1.291,1.3713,1.4131,1.4383,Normal,50.0
C02286,L2,FPGA,124.16,1.102,11.8131,13.5642,15.6572,22.3957,1.2162,1.4297,1.6911,2.5258,Latent_Defect,50.0
C02287,L2,ASIC,124.25,1.208,11.1208,12.3022,13.1305,14.1323,1.1672,1.2845,1.4095,1.4821,Normal,50.0
C02288,L2,DAC,125.39,1.802,12.409,13.1589,13.8617,14.3197,1.3046,1.4031,1.485,1.4985,Normal,50.0
C02289,L2,FPGA,125.48,1.101,11.5599,12.7626,15.1722,39.3955,1.2208,1.3683,1.6694,5.0045,Sudden_Anomaly,50.0
C02290,L2,ADC,123.7,1.798,11.4593,12.0964,12.7073,13.7384,1.2129,1.237,1.3257,1.486,Normal,50.0
C02291,L2,FPGA,125.16,1.104,11.6119,12.4265,13.6804,15.1455,1.222,1.2982,1.4097,1.6212,Normal,50.0
C02292,L2,FPGA,124.13,1.085,11.6166,12.0215,12.3915,12.9864,1.1999,1.3262,1.3188,1.3572,Normal,50.0
C02293,L2,FPGA,125.51,1.101,11.446,12.1478,13.1569,13.2743,1.1647,1.2915,1.381,1.4234,Normal,50.0
C02294,L2,ASIC,126.5,1.211,11.7263,12.0331,16.213,56.5266,1.226,1.2777,1.7558,7.9606,Absolute_Failure,50.0
C02295,L2,DAC,124.94,1.816,12.2243,12.452,12.5006,12.6021,1.275,1.2986,1.3808,1.3658,High_Stable,50.0
C02296,L2,DAC,125.29,1.817,12.2864,13.3653,14.1066,15.3024,1.2664,1.3494,1.5107,1.6593,Normal,50.0
C02297,L2,ADC,123.92,1.807,12.0168,13.3985,14.7504,38.4157,1.215,1.4037,1.5793,4.8653,Sudden_Anomaly,50.0
C02298,L2,ADC,125.19,1.792,11.4712,12.5133,13.3299,14.6753,1.1952,1.3123,1.4148,1.5412,Normal,50.0
C02299,L2,ADC,125.59,1.798,12.2216,12.947,13.7381,15.1649,1.2396,1.3487,1.4578,1.589,Normal,50.0
C02300,L2,ADC,124.71,1.77,11.6485,12.4128,15.3258,20.206,1.2183,1.3273,1.6871,2.2908,Latent_Defect,50.0
C02301,L2,ADC,125.55,1.806,11.1378,12.6214,17.078,61.1207,1.1056,1.3379,1.8565,8.7813,Absolute_Failure,50.0
C02302,L2,FPGA,124.35,1.09,11.299,12.2159,15.4229,21.5118,1.1869,1.2751,1.6566,2.4266,Latent_Defect,50.0
C02303,L2,DAC,125.35,1.788,11.5918,12.5425,12.817,13.9184,1.204,1.3394,1.3309,1.4873,Normal,50.0
C02304,L2,ADC,124.82,1.799,11.5399,12.1028,13.0339,13.848,1.2089,1.2528,1.421,1.4531,Normal,50.0
C02305,L2,FPGA,124.77,1.088,11.7399,12.7979,13.5696,14.5544,1.2065,1.3577,1.4199,1.5539,Normal,50.0
C02306,L2,ASIC,123.65,1.23,11.4533,12.0568,12.2552,12.5286,1.1479,1.2525,1.3009,1.3316,Normal,50.0
C02307,L2,DAC,124.69,1.808,11.7465,11.836,11.5902,11.6802,1.1957,1.2598,1.228,1.2273,High_Stable,50.0
C02308,L2,ADC,124.35,1.801,12.0176,12.3161,12.1972,12.568,1.2717,1.2513,1.3063,1.3139,High_Stable,50.0
C02309,L2,DAC,125.39,1.788,11.8031,12.5888,13.6969,14.2959,1.234,1.3043,1.4325,1.5644,Normal,50.0
C02310,L2,ADC,124.35,1.778,11.5242,12.6741,13.557,14.8484,1.1961,1.3399,1.4185,1.5948,Normal,50.0
C02311,L2,ADC,124.01,1.783,11.625,12.7472,13.434,14.0227,1.2211,1.3572,1.4549,1.4955,Normal,50.0
C02312,L2,FPGA,124.51,1.111,11.2101,11.6475,12.0261,13.2574,1.1641,1.2078,1.2721,1.3889,Normal,50.0
C02313,L2,FPGA,124.77,1.09,11.0726,11.9469,13.6599,28.4808,1.1193,1.2577,1.4936,3.355,Sudden_Anomaly,50.0
C02314,L2,DAC,124.93,1.814,11.1476,13.0574,15.0983,20.988,1.1975,1.4144,1.5998,2.3083,Latent_Defect,50.0
C02315,L2,ASIC,125.48,1.202,12.0994,12.1793,12.1679,12.4155,1.2957,1.3036,1.2784,1.2981,High_Stable,50.0
C02316,L2,ASIC,123.59,1.2,11.7912,14.0277,20.7569,51.0986,1.2511,1.5062,2.2622,6.9368,Absolute_Failure,50.0
C02317,L2,ASIC,124.18,1.175,12.0584,12.0533,11.7977,12.0026,1.2449,1.2494,1.2608,1.2223,High_Stable,50.0
C02318,L2,DAC,123.28,1.819,11.8493,13.3603,17.1633,23.8347,1.2097,1.4029,1.8002,2.7112,Latent_Defect,50.0
C02319,L2,ASIC,126.01,1.185,11.3765,11.592,12.0652,13.5463,1.1368,1.2507,1.2659,1.4253,Normal,50.0
C02320,L2,FPGA,124.82,1.097,11.7351,11.9199,11.8235,12.1084,1.2246,1.2465,1.2311,1.2531,High_Stable,50.0
C02321,L2,ASIC,125.03,1.204,11.7137,12.2504,13.0187,13.8712,1.2129,1.2668,1.3438,1.508,Normal,50.0
C02322,L2,ASIC,123.54,1.202,11.8079,12.1583,12.2006,12.014,1.2563,1.2965,1.2938,1.2382,High_Stable,50.0
C02323,L2,ASIC,125.43,1.187,12.4176,13.1336,14.401,15.517,1.2902,1.3743,1.5362,1.632,Normal,50.0
C02324,L2,ASIC,124.06,1.208,11.7808,12.8142,13.3565,14.8724,1.2164,1.3378,1.4053,1.5851,Normal,50.0
C02325,L2,ASIC,124.03,1.197,12.1198,12.8489,13.2633,14.375,1.2865,1.4158,1.3677,1.4872,Normal,50.0
C02326,L2,FPGA,124.7,1.099,11.5776,12.3461,13.0346,14.0278,1.2119,1.3349,1.3886,1.4767,Normal,50.0
C02327,L2,FPGA,124.74,1.109,11.575,13.191,16.4635,56.153,1.2857,1.4203,1.8042,7.8978,Absolute_Failure,50.0
C02328,L2,ASIC,124.89,1.22,11.6286,13.0648,14.415,14.971,1.1996,1.4162,1.547,1.6061,Normal,50.0
C02329,L2,FPGA,125.23,1.092,11.873,13.0661,14.104,14.9232,1.2521,1.3985,1.5032,1.5722,Normal,50.0
C02330,L2,ASIC,125.47,1.21,11.2588,11.6275,12.4415,13.9263,1.1654,1.1766,1.2742,1.4826,Normal,50.0
C02331,L2,FPGA,125.45,1.114,11.4205,12.1367,12.8742,13.893,1.1689,1.2975,1.3916,1.4402,Normal,50.0
C02332,L2,ADC,124.71,1.804,10.9937,12.3434,15.1794,54.706,1.1256,1.2674,1.6347,7.5505,Absolute_Failure,50.0
C02333,L2,ADC,124.38,1.812,11.8802,12.1523,13.4255,13.9167,1.2384,1.2305,1.4426,1.458,Normal,50.0
C02334,L2,DAC,124.97,1.776,11.5365,12.3323,12.5802,13.3012,1.1858,1.2398,1.3236,1.3635,Normal,50.0
C02335,L2,DAC,123.93,1.782,11.9474,12.4774,12.6894,13.0893,1.2503,1.2851,1.3349,1.3734,Normal,50.0
C02336,L2,ADC,124.72,1.802,11.6618,12.369,13.0984,14.2805,1.2346,1.2802,1.3501,1.4947,Normal,50.0
C02337,L2,FPGA,126.44,1.111,12.1516,13.4632,13.9736,14.766,1.2735,1.4433,1.4096,1.6016,Normal,50.0
C02338,L2,ASIC,125.58,1.17,11.6071,11.9493,12.4679,13.5738,1.2017,1.2565,1.2902,1.4511,Normal,50.0
C02339,L2,ASIC,126.29,1.193,11.6387,12.6273,13.4977,14.0125,1.1945,1.2852,1.4394,1.4891,Normal,50.0
C02340,L2,ADC,123.64,1.793,12.0993,12.5999,13.7607,14.7513,1.2678,1.3395,1.5123,1.5809,Normal,50.0
C02341,L2,ASIC,125.16,1.198,11.3384,12.5234,13.2511,13.8903,1.185,1.3434,1.3587,1.4854,Normal,50.0
C02342,L2,FPGA,126.39,1.119,11.3614,13.0309,14.6208,35.9486,1.2027,1.3811,1.5742,4.396,Sudden_Anomaly,50.0
C02343,L2,ASIC,124.66,1.199,11.1402,11.9336,12.5204,13.3179,1.1708,1.2251,1.2683,1.3971,Normal,50.0
C02344,L2,FPGA,126.47,1.102,11.7574,12.5928,13.6696,13.9756,1.2271,1.3044,1.4309,1.473,Normal,50.0
C02345,L2,ADC,125.08,1.802,12.0146,13.124,14.3576,31.1823,1.2772,1.3914,1.5646,3.7398,Sudden_Anomaly,50.0
C02346,L2,ADC,125.68,1.763,11.5906,14.353,20.2902,53.7938,1.2497,1.52,2.2578,7.449,Absolute_Failure,50.0
C02347,L2,ASIC,124.92,1.214,11.2401,12.3592,13.9582,35.1356,1.1868,1.2664,1.4534,4.3076,Sudden_Anomaly,50.0
C02348,L2,DAC,125.81,1.812,11.942,13.1163,14.9772,43.1851,1.2207,1.4223,1.6745,5.5918,Sudden_Anomaly,50.0
C02349,L2,DAC,123.76,1.774,12.216,12.8346,13.462,14.5313,1.2547,1.3559,1.4059,1.5492,Normal,50.0
C02350,L2,ADC,125.2,1.804,11.8447,11.9994,12.5944,12.9925,1.2369,1.2763,1.3438,1.3965,Normal,50.0
C02351,L2,ADC,125.36,1.808,11.8364,12.4321,13.182,14.5897,1.27,1.3126,1.4078,1.5889,Normal,50.0
C02352,L2,ASIC,125.07,1.207,12.002,12.4235,13.4741,14.3972,1.2608,1.2872,1.4253,1.5034,Normal,50.0
C02353,L2,ASIC,125.02,1.204,10.8717,10.9154,10.7272,10.9637,1.1025,1.1424,1.0877,1.155,High_Stable,50.0
C02354,L2,ADC,124.81,1.796,11.6905,12.9824,13.6283,14.3851,1.2185,1.3352,1.4156,1.5247,Normal,50.0
C02355,L2,ASIC,124.8,1.195,11.4007,13.7791,19.0257,57.1273,1.1962,1.4527,2.0666,8.0824,Absolute_Failure,50.0
C02356,L2,ADC,125.22,1.783,12.4535,13.0075,13.947,14.3939,1.2874,1.3787,1.4658,1.5242,Normal,50.0
C02357,L2,ASIC,125.52,1.18,11.1581,13.3106,22.4298,57.0315,1.1424,1.4034,2.5585,8.0344,Absolute_Failure,50.0
C02358,L2,ADC,125.63,1.81,11.6238,13.1178,16.2214,23.72,1.2325,1.4322,1.7609,2.6804,Latent_Defect,50.0
C02359,L2,ADC,125.63,1.801,11.5168,11.7593,12.2974,13.5411,1.2267,1.2689,1.2914,1.4496,Normal,50.0
C02360,L2,FPGA,125.58,1.097,11.3618,11.4476,11.4071,11.1254,1.1978,1.2259,1.1933,1.1761,High_Stable,50.0
C02361,L2,FPGA,125.57,1.118,12.2195,12.4229,12.2991,12.8056,1.2772,1.3203,1.2811,1.3513,High_Stable,50.0
C02362,L2,FPGA,127.11,1.118,11.3112,12.1091,13.3291,13.6675,1.1562,1.2657,1.4611,1.4754,Normal,50.0
C02363,L2,DAC,125.63,1.783,12.1608,13.1567,13.7754,13.8786,1.3193,1.37,1.467,1.4601,Normal,50.0
C02364,L2,DAC,125.47,1.804,11.9415,13.153,14.0141,15.1907,1.2653,1.4072,1.4599,1.649,Normal,50.0
C02365,L2,DAC,124.31,1.81,11.9343,13.6577,22.8933,56.3814,1.2567,1.4193,2.5914,7.9004,Absolute_Failure,50.0
C02366,L2,FPGA,125.75,1.098,11.9657,12.9996,15.6473,33.17,1.2335,1.3305,1.6995,4.05,Sudden_Anomaly,50.0
C02367,L2,ASIC,123.9,1.195,11.5819,11.819,13.07,31.8531,1.2081,1.2303,1.3744,3.8181,Sudden_Anomaly,50.0
C02368,L2,ADC,125.92,1.826,11.4892,13.328,17.2658,24.1966,1.1995,1.4114,1.8891,2.784,Latent_Defect,50.0
C02369,L2,ASIC,126.24,1.181,11.38,13.2077,18.6071,55.7734,1.1624,1.3782,2.0462,7.777,Absolute_Failure,50.0
C02370,L2,ASIC,126.34,1.209,11.3843,13.4618,23.0199,52.4252,1.1947,1.4434,2.6287,7.1595,Absolute_Failure,50.0
C02371,L2,DAC,124.86,1.796,12.5954,12.5912,12.2117,12.5849,1.3475,1.2784,1.2763,1.3605,High_Stable,50.0
C02372,L2,ADC,124.88,1.808,11.5861,11.9924,12.9767,14.0285,1.2664,1.2595,1.3596,1.4808,Normal,50.0
C02373,L2,FPGA,125.66,1.093,11.2043,11.3776,12.2536,12.9697,1.1944,1.2087,1.2271,1.3867,Normal,50.0
C02374,L2,ADC,123.61,1.813,12.1565,13.059,13.8133,14.4979,1.2617,1.3945,1.4664,1.5706,Normal,50.0
C02375,L2,ADC,123.46,1.808,11.8137,12.9512,14.1015,15.68,1.2235,1.3804,1.5066,1.6724,Normal,50.0
C02376,L2,ADC,124.82,1.809,11.7189,12.5106,13.039,14.0776,1.2182,1.2993,1.3594,1.5195,Normal,50.0
C02377,L2,DAC,123.75,1.809,12.1986,12.9625,13.4975,13.9746,1.3247,1.3715,1.4342,1.4661,Normal,50.0
C02378,L2,ASIC,124.18,1.217,11.0978,12.2541,12.3469,12.9169,1.1673,1.2896,1.2957,1.364,Normal,50.0
C02379,L2,DAC,124.24,1.808,12.3608,12.4279,12.6355,12.8095,1.3485,1.3147,1.3476,1.3473,High_Stable,50.0
C02380,L2,DAC,124.94,1.79,11.9504,12.9852,13.2143,14.0886,1.241,1.3672,1.4022,1.5043,Normal,50.0
C02381,L2,ASIC,124.94,1.221,11.5451,12.607,13.8072,15.0539,1.2113,1.3555,1.4679,1.616,Normal,50.0
C02382,L2,ADC,124.4,1.801,12.8211,12.8728,13.0052,13.0376,1.3588,1.3624,1.3627,1.3229,High_Stable,50.0
C02383,L2,ADC,123.96,1.804,12.124,12.6105,13.1975,14.3629,1.307,1.3012,1.3778,1.5383,Normal,50.0
C02384,L2,FPGA,126.39,1.085,11.634,12.3462,12.8338,14.0157,1.1898,1.3253,1.3095,1.5276,Normal,50.0
C02385,L2,FPGA,124.21,1.068,11.229,11.9726,12.6536,13.2886,1.1733,1.2714,1.3589,1.3963,Normal,50.0
C02386,L2,ADC,125.48,1.763,11.6837,12.1942,12.8931,13.8544,1.2499,1.2253,1.4025,1.5066,Normal,50.0
C02387,L2,FPGA,126.12,1.102,11.8823,12.5429,13.6417,26.7102,1.2535,1.3421,1.4577,3.1195,Sudden_Anomaly,50.0
C02388,L2,ADC,124.23,1.792,11.7256,12.9725,15.6069,33.4113,1.2041,1.3858,1.6922,4.1007,Sudden_Anomaly,50.0
C02389,L2,FPGA,127.23,1.096,11.2505,11.8086,12.4253,13.096,1.173,1.242,1.356,1.3576,Normal,50.0
C02390,L2,DAC,124.89,1.796,11.3119,11.4315,11.9096,12.5634,1.1419,1.2051,1.2744,1.3568,Normal,50.0
C02391,L2,ASIC,123.56,1.21,11.1282,11.3975,11.9984,12.9126,1.1612,1.2199,1.2342,1.3658,Normal,50.0
C02392,L2,FPGA,124.09,1.118,11.5235,12.3054,12.6595,13.5042,1.2007,1.2668,1.3392,1.409,Normal,50.0
C02393,L2,DAC,127.65,1.829,12.3673,13.4944,14.5973,16.1375,1.3363,1.4343,1.6114,1.7395,Normal,50.0
C02394,L2,DAC,124.73,1.781,12.1892,13.1429,15.8382,43.135,1.2283,1.4291,1.6948,5.6173,Sudden_Anomaly,50.0
C02395,L2,ASIC,125.12,1.215,11.3212,11.5448,11.8736,12.8411,1.1787,1.2432,1.2635,1.3314,Normal,50.0
C02396,L2,ASIC,124.94,1.21,11.2482,13.2703,15.1351,19.8261,1.1925,1.4731,1.6326,2.2142,Latent_Defect,50.0
C02397,L2,DAC,126.28,1.794,12.2198,14.1573,16.7516,24.1279,1.2744,1.542,1.8202,2.7497,Latent_Defect,50.0
C02398,L2,ASIC,125.67,1.181,11.4496,11.5423,11.6149,13.2139,1.2581,1.2123,1.194,1.3984,Normal,50.0
C02399,L2,DAC,126.1,1.801,11.9546,12.891,13.5498,14.5415,1.2586,1.3838,1.4496,1.5604,Normal,50.0
C02400,L2,FPGA,124.22,1.089,11.6837,12.5519,13.0369,13.9433,1.209,1.2598,1.3827,1.4732,Normal,50.0
C02401,L2,FPGA,124.55,1.09,10.9981,12.1032,12.9096,13.908,1.1279,1.2607,1.3395,1.4602,Normal,50.0
C02402,L2,ADC,126.46,1.795,11.936,12.7214,14.8995,34.0801,1.2783,1.3343,1.621,4.1693,Sudden_Anomaly,50.0
C02403,L2,DAC,126.06,1.811,11.8681,12.8794,13.8582,15.3664,1.2332,1.3494,1.5192,1.6368,Normal,50.0
C02404,L2,FPGA,125.42,1.082,11.4877,12.0353,14.5936,41.8191,1.2132,1.2449,1.5579,5.3961,Sudden_Anomaly,50.0
C02405,L2,ADC,125.22,1.764,11.5733,11.7159,11.8732,11.7402,1.2201,1.2368,1.2313,1.1932,High_Stable,50.0
C02406,L2,DAC,125.39,1.799,12.1524,13.0424,13.6727,14.4488,1.2607,1.3562,1.458,1.5473,Normal,50.0
C02407,L2,DAC,126.59,1.801,11.5932,13.1421,16.0419,21.738,1.2299,1.399,1.746,2.4656,Latent_Defect,50.0
C02408,L2,DAC,124.42,1.813,12.348,13.7758,18.0962,24.945,1.2962,1.442,1.9563,2.8512,Latent_Defect,50.0
C02409,L2,ASIC,124.77,1.199,11.8883,12.1002,12.1489,12.336,1.2905,1.2649,1.2389,1.3111,High_Stable,50.0
C02410,L2,DAC,125.61,1.802,12.633,12.6986,12.745,13.171,1.3339,1.3138,1.3692,1.3285,High_Stable,50.0
C02411,L2,FPGA,124.29,1.093,11.8152,13.3359,14.4136,15.0553,1.24,1.4299,1.5519,1.6026,Normal,50.0
C02412,L2,DAC,126.15,1.788,11.6973,12.0113,12.0854,11.733,1.1911,1.2407,1.3082,1.2105,High_Stable,50.0
C02413,L2,FPGA,125.45,1.079,11.235,11.6169,13.0841,14.2514,1.1749,1.2241,1.3835,1.5184,Normal,50.0
C02414,L2,FPGA,125.63,1.097,11.4753,12.135,12.8046,14.0741,1.1392,1.3006,1.3336,1.5372,Normal,50.0
C02415,L2,ASIC,124.74,1.197,11.8367,12.6758,13.2341,13.4017,1.2407,1.3224,1.3932,1.4043,Normal,50.0
C02416,L2,DAC,126.46,1.802,12.6037,12.6167,12.6743,12.6281,1.2877,1.3148,1.3412,1.3169,High_Stable,50.0
C02417,L2,DAC,126.4,1.828,12.3455,13.1212,13.7259,13.8449,1.2876,1.3759,1.4609,1.4752,Normal,50.0
C02418,L2,ADC,126.32,1.787,11.8892,14.8355,22.7664,50.6148,1.2547,1.569,2.5975,6.8926,Absolute_Failure,50.0
C02419,L2,ASIC,124.67,1.198,11.3755,12.2595,12.5519,12.9449,1.1825,1.2357,1.3268,1.3363,Normal,50.0
C02420,L2,ADC,124.47,1.778,11.4112,12.0218,12.6994,13.4523,1.1793,1.2431,1.3368,1.4403,Normal,50.0
C02421,L2,FPGA,124.84,1.079,11.6506,12.2721,13.1995,37.8858,1.2206,1.2524,1.4243,4.7605,Sudden_Anomaly,50.0
C02422,L2,FPGA,124.11,1.089,11.063,12.5062,13.4437,38.2114,1.1642,1.2935,1.4288,4.8012,Sudden_Anomaly,50.0
C02423,L2,ASIC,125.45,1.204,11.2306,11.4776,12.3241,13.7808,1.1748,1.2273,1.3044,1.4304,Normal,50.0
C02424,L2,ASIC,125.47,1.219,11.3764,11.5993,12.9597,13.4083,1.1801,1.2316,1.3214,1.3906,Normal,50.0
C02425,L2,ADC,126.24,1.83,12.0378,13.2707,13.3579,13.823,1.2433,1.4268,1.4329,1.4416,Normal,50.0
C02426,L2,DAC,124.84,1.777,12.2064,12.7864,13.9242,14.0991,1.2925,1.3518,1.4466,1.4723,Normal,50.0
C02427,L2,DAC,124.03,1.788,12.1469,13.7975,18.6584,22.5316,1.2824,1.4505,2.0244,2.5846,Latent_Defect,50.0
C02428,L2,ADC,123.91,1.8,12.1205,12.3804,12.9128,13.8463,1.261,1.312,1.3658,1.4519,Normal,50.0
C02429,L2,ASIC,124.99,1.189,11.2436,12.2991,13.2549,14.5381,1.1728,1.2726,1.3956,1.5644,Normal,50.0
C02430,L2,DAC,126.17,1.785,11.9811,13.8134,18.7522,59.908,1.255,1.4368,2.0521,8.5975,Absolute_Failure,50.0
C02431,L2,DAC,126.34,1.773,12.024,12.7049,14.2811,35.7641,1.2247,1.361,1.5558,4.4206,Sudden_Anomaly,50.0
C02432,L2,FPGA,125.29,1.101,10.9101,11.2963,11.914,11.9863,1.1275,1.216,1.2136,1.2422,Normal,50.0
C02433,L2,ASIC,125.33,1.199,11.573,11.7602,11.8939,12.2209,1.2189,1.2742,1.2433,1.2704,High_Stable,50.0
C02434,L2,ASIC,124.17,1.212,11.6686,11.8954,13.5992,41.0269,1.1598,1.2543,1.4231,5.2379,Sudden_Anomaly,50.0
C02435,L2,ASIC,125.11,1.195,12.0204,13.3133,14.0857,27.4502,1.2534,1.3731,1.5076,3.2008,Sudden_Anomaly,50.0
C02436,L2,ASIC,124.81,1.222,11.005,12.1447,12.0545,13.3394,1.105,1.2256,1.2348,1.405,Normal,50.0
C02437,L2,DAC,125.99,1.801,11.5471,13.1796,15.644,21.4065,1.2268,1.3799,1.667,2.3766,Latent_Defect,50.0
C02438,L2,ADC,125.62,1.801,11.5442,12.9034,13.7285,34.008,1.2072,1.3092,1.4483,4.1816,Sudden_Anomaly,50.0
C02439,L2,ADC,125.0,1.826,11.1343,12.2532,13.2264,14.6346,1.1467,1.2572,1.405,1.5934,Normal,50.0
C02440,L2,ASIC,125.1,1.169,11.3388,11.4398,11.3681,11.4751,1.1923,1.215,1.1997,1.2055,High_Stable,50.0
C02441,L2,FPGA,125.86,1.114,11.3911,12.6991,18.24,51.407,1.1918,1.3028,2.0318,6.9684,Absolute_Failure,50.0
C02442,L2,ADC,125.57,1.794,11.8313,12.6017,13.0372,14.0455,1.2609,1.3503,1.3829,1.5004,Normal,50.0
C02443,L2,FPGA,123.35,1.096,11.5401,11.7782,12.6519,38.4081,1.1774,1.2527,1.3976,4.8587,Sudden_Anomaly,50.0
C02444,L2,ASIC,124.9,1.192,11.7265,12.7172,13.6637,14.5724,1.2414,1.3556,1.4581,1.5606,Normal,50.0
C02445,L2,ASIC,124.78,1.183,11.5893,12.5853,13.2713,14.4751,1.2297,1.3038,1.4143,1.5241,Normal,50.0
C02446,L2,DAC,126.48,1.794,11.7807,12.3205,12.9671,13.7786,1.2312,1.2708,1.4031,1.428,Normal,50.0
C02447,L2,ADC,124.46,1.836,11.4965,12.5311,12.8464,14.2957,1.1591,1.3521,1.3412,1.4907,Normal,50.0
C02448,L2,FPGA,124.93,1.088,11.8496,13.0201,14.2446,14.4069,1.2771,1.3689,1.5549,1.5269,Normal,50.0
C02449,L2,ASIC,124.98,1.219,11.4879,11.9516,12.8052,13.5917,1.2143,1.1987,1.3653,1.4346,Normal,50.0
C02450,L2,ADC,124.88,1.777,12.2605,12.7406,14.7786,27.645,1.3357,1.3526,1.5567,3.2505,Sudden_Anomaly,50.0
C02451,L2,DAC,124.73,1.813,12.4999,12.9227,13.8567,15.4073,1.3091,1.3927,1.4716,1.6527,Normal,50.0
C02452,L2,ASIC,124.73,1.2,11.3696,12.3982,12.61,13.5162,1.161,1.2948,1.3641,1.4266,Normal,50.0
C02453,L2,FPGA,124.16,1.121,11.1594,11.9777,12.6137,13.8731,1.1636,1.2638,1.3315,1.4881,Normal,50.0
C02454,L2,ADC,126.46,1.793,11.6012,12.4197,16.1441,53.1827,1.2097,1.2886,1.7102,7.3228,Absolute_Failure,50.0
C02455,L2,DAC,125.49,1.8,12.5663,12.623,12.398,12.4164,1.3025,1.3406,1.3657,1.3062,High_Stable,50.0
C02456,L2,DAC,124.97,1.8,12.414,13.5705,14.2,15.1137,1.2965,1.3832,1.5421,1.6354,Normal,50.0
C02457,L2,ADC,125.6,1.795,11.8175,12.4542,13.2364,14.5912,1.2718,1.2974,1.3735,1.5725,Normal,50.0
C02458,L2,DAC,124.85,1.808,11.8116,12.9764,13.6569,15.0331,1.2278,1.3588,1.4189,1.5954,Normal,50.0
C02459,L2,ASIC,124.35,1.205,11.2319,12.375,13.8,39.1881,1.154,1.2686,1.4886,4.9974,Sudden_Anomaly,50.0
C02460,L2,ASIC,125.83,1.196,10.7757,11.2071,11.7601,13.0521,1.1556,1.1608,1.2495,1.3919,Normal,50.0
C02461,L2,DAC,124.29,1.811,11.7397,11.9512,11.9648,12.2211,1.2143,1.2597,1.2496,1.3293,High_Stable,50.0
C02462,L2,ASIC,124.82,1.215,11.9996,13.0912,13.7176,14.0815,1.2707,1.3558,1.451,1.4885,Normal,50.0
C02463,L2,DAC,124.26,1.802,11.6957,12.4371,13.192,13.8024,1.2286,1.3202,1.389,1.4502,Normal,50.0
C02464,L2,FPGA,125.89,1.082,11.6393,13.0435,14.4646,36.1898,1.2032,1.3466,1.4943,4.4567,Sudden_Anomaly,50.0
C02465,L2,FPGA,126.32,1.115,11.2858,11.9065,12.5766,13.6275,1.1529,1.2363,1.3406,1.4386,Normal,50.0
C02466,L2,DAC,125.03,1.804,11.7439,12.2581,12.7492,13.3117,1.2057,1.2967,1.336,1.3534,Normal,50.0
C02467,L2,ADC,124.64,1.803,11.67,12.2482,15.8438,53.0356,1.1986,1.3093,1.7212,7.2786,Absolute_Failure,50.0
C02468,L2,ASIC,123.74,1.2,11.7835,12.1187,12.9402,13.9857,1.2456,1.2982,1.3491,1.4644,Normal,50.0
C02469,L2,FPGA,125.78,1.096,11.4284,12.4038,13.2444,13.9077,1.1742,1.3158,1.3909,1.433,Normal,50.0
C02470,L2,ASIC,125.51,1.234,11.1537,11.7327,12.0782,13.3941,1.1802,1.2229,1.2319,1.3784,Normal,50.0
C02471,L2,FPGA,125.4,1.137,11.5759,11.8046,12.5165,12.9359,1.1858,1.2271,1.3179,1.3502,Normal,50.0
C02472,L2,DAC,126.03,1.797,12.5303,12.5556,12.6629,12.6466,1.3183,1.3172,1.3331,1.3195,High_Stable,50.0
C02473,L2,FPGA,124.73,1.084,11.2636,12.3004,13.4653,14.5818,1.1286,1.2944,1.3841,1.5532,Normal,50.0
C02474,L2,ADC,122.98,1.822,11.6226,12.6143,13.6068,14.1816,1.1778,1.3315,1.4144,1.479,Normal,50.0
C02475,L2,ADC,124.7,1.794,11.9013,12.6363,12.9183,13.4345,1.2359,1.3811,1.398,1.4236,Normal,50.0
C02476,L2,ADC,124.65,1.791,12.0047,12.788,13.7723,14.6649,1.2525,1.3589,1.4926,1.5638,Normal,50.0
C02477,L2,ASIC,126.71,1.205,11.7523,12.1233,14.8098,27.4593,1.2247,1.2655,1.5808,3.2241,Sudden_Anomaly,50.0
C02478,L2,DAC,124.21,1.793,12.7834,13.8954,14.8315,15.7836,1.314,1.524,1.623,1.7061,Normal,50.0
C02479,L2,ADC,124.84,1.812,10.9898,11.6655,12.0252,12.9648,1.111,1.1853,1.2591,1.3526,Normal,50.0
C02480,L2,ADC,125.24,1.825,12.4407,13.0,13.2975,14.3134,1.2963,1.3777,1.408,1.5523,Normal,50.0
C02481,L2,FPGA,124.19,1.131,11.3319,11.8067,12.8627,13.6823,1.1608,1.2214,1.3296,1.4553,Normal,50.0
C02482,L2,DAC,125.68,1.788,11.6417,12.7409,13.5794,14.477,1.1826,1.3611,1.4238,1.5353,Normal,50.0
C02483,L2,FPGA,126.59,1.082,11.3271,12.0419,13.1414,14.056,1.1725,1.2826,1.3766,1.5495,Normal,50.0
C02484,L2,FPGA,125.6,1.1,11.6349,12.9933,13.5324,15.4841,1.2776,1.3256,1.4333,1.6971,Normal,50.0
C02485,L2,FPGA,126.64,1.106,12.0224,12.246,12.7,14.4985,1.2981,1.2652,1.3254,1.6173,Normal,50.0
C02486,L2,ASIC,125.54,1.193,11.1047,12.1004,12.9913,13.873,1.1388,1.242,1.3694,1.4506,Normal,50.0
C02487,L2,ASIC,125.85,1.201,10.7475,12.0807,14.3796,22.4195,1.1168,1.2477,1.5102,2.5271,Latent_Defect,50.0
C02488,L2,ASIC,124.54,1.186,11.5113,11.5692,11.567,11.3621,1.2455,1.2346,1.213,1.2117,High_Stable,50.0
C02489,L2,ASIC,124.94,1.181,11.2303,12.2021,13.2594,14.4685,1.1684,1.2919,1.3837,1.5781,Normal,50.0
C02490,L2,FPGA,126.58,1.079,11.2311,12.4436,13.6978,14.1612,1.1809,1.3001,1.4722,1.4983,Normal,50.0
C02491,L2,ADC,124.96,1.801,11.1487,11.6727,12.3095,12.8379,1.167,1.2315,1.2804,1.3911,Normal,50.0
C02492,L2,ADC,123.24,1.795,10.5865,11.491,12.7403,13.8186,1.0792,1.1634,1.3435,1.4734,Normal,50.0
C02493,L2,DAC,124.65,1.798,12.308,13.1003,14.244,14.6762,1.3288,1.3474,1.5746,1.5422,Normal,50.0
C02494,L2,DAC,126.26,1.807,11.6853,12.7288,13.5547,14.6136,1.2099,1.3586,1.4698,1.5303,Normal,50.0
C02495,L2,FPGA,125.52,1.096,11.2963,11.519,11.7851,12.8705,1.2201,1.1775,1.2331,1.3306,Normal,50.0
C02496,L2,FPGA,124.67,1.091,11.3997,12.2088,14.9946,33.3984,1.2093,1.2621,1.5958,4.0752,Sudden_Anomaly,50.0
C02497,L2,ASIC,123.99,1.212,11.2024,11.508,13.1099,25.4398,1.1804,1.2055,1.3711,2.9219,Sudden_Anomaly,50.0
C02498,L2,ASIC,124.0,1.201,11.0074,11.6001,11.5544,12.5145,1.0951,1.2333,1.1774,1.37,Normal,50.0
C02499,L2,FPGA,125.67,1.089,11.5923,12.3188,12.889,14.3469,1.2003,1.3163,1.3603,1.5431,Normal,50.0
C02500,L2,DAC,125.71,1.788,12.4129,13.2336,14.1078,15.1779,1.287,1.3993,1.4561,1.588,Normal,50.0
C02501,L2,DAC,124.62,1.795,11.5172,12.2448,13.1676,14.0706,1.1979,1.235,1.3598,1.5184,Normal,50.0
C02502,L2,ASIC,124.93,1.229,11.261,11.393,11.4769,11.4218,1.1793,1.1516,1.2411,1.1804,High_Stable,50.0
C02503,L2,ASIC,124.46,1.205,11.153,11.4986,12.2008,13.4733,1.2169,1.2277,1.2964,1.4534,Normal,50.0
C02504,L2,ADC,124.52,1.76,12.4938,12.9313,13.6479,14.3859,1.284,1.35,1.4677,1.5804,Normal,50.0
C02505,L2,DAC,124.3,1.815,11.5587,12.1649,13.3827,13.9497,1.1608,1.2941,1.4193,1.4901,Normal,50.0
C02506,L2,DAC,124.81,1.823,12.1372,12.3386,12.1278,12.1129,1.2948,1.3286,1.2594,1.2448,High_Stable,50.0
C02507,L2,ADC,123.98,1.773,12.7715,12.8134,12.9423,12.9757,1.3444,1.3261,1.3632,1.3505,High_Stable,50.0
C02508,L2,ADC,123.31,1.797,12.2579,12.6234,12.7114,12.5842,1.2717,1.341,1.3729,1.296,High_Stable,50.0
C02509,L2,ADC,124.17,1.798,11.8911,13.3447,15.4178,18.979,1.2463,1.3499,1.6496,2.0879,Latent_Defect,50.0
C02510,L2,ADC,124.49,1.817,11.5943,12.4224,13.0491,14.7557,1.2142,1.2808,1.4099,1.5675,Normal,50.0
C02511,L2,FPGA,125.2,1.13,11.8697,14.7604,23.8073,50.8915,1.2576,1.5648,2.7021,6.9117,Absolute_Failure,50.0
C02512,L2,FPGA,125.57,1.088,11.0634,13.0156,18.5033,55.884,1.1198,1.3726,2.0166,7.8031,Absolute_Failure,50.0
C02513,L2,ASIC,124.46,1.215,11.7053,11.7377,12.17,12.1527,1.2382,1.1863,1.2693,1.2457,High_Stable,50.0
C02514,L2,ASIC,125.96,1.182,11.1115,11.8437,12.5365,12.7675,1.1355,1.2199,1.3001,1.3411,Normal,50.0
C02515,L2,FPGA,125.49,1.061,11.1197,11.6981,12.4879,12.9812,1.1749,1.2657,1.3104,1.3281,Normal,50.0
C02516,L2,DAC,125.55,1.793,11.6724,12.6698,12.9411,13.5837,1.2433,1.2987,1.3677,1.4563,Normal,50.0
C02517,L2,ADC,125.78,1.783,11.6245,12.9576,15.4347,22.2955,1.1657,1.3722,1.6676,2.5412,Latent_Defect,50.0
C02518,L2,DAC,124.23,1.785,12.1366,12.8895,13.6641,15.1187,1.2805,1.4047,1.4171,1.5805,Normal,50.0
C02519,L2,FPGA,125.74,1.094,11.396,12.1055,12.8064,13.593,1.1932,1.2802,1.3799,1.4635,Normal,50.0
C02520,L2,ASIC,125.53,1.181,11.0125,12.0764,14.5708,36.7855,1.1297,1.2835,1.5239,4.5867,Sudden_Anomaly,50.0
C02521,L2,ASIC,125.63,1.19,11.935,12.858,13.313,14.3308,1.2572,1.3764,1.4131,1.5426,Normal,50.0
C02522,L2,ADC,125.65,1.751,12.2286,13.6758,17.9463,24.7685,1.2523,1.4587,1.9712,2.8266,Latent_Defect,50.0
C02523,L2,FPGA,124.25,1.094,11.8397,12.7802,13.7561,14.4389,1.2024,1.3102,1.4222,1.4938,Normal,50.0
C02524,L2,ASIC,124.58,1.223,10.8772,11.1147,12.369,13.3354,1.0863,1.1664,1.2821,1.4479,Normal,50.0
C02525,L2,ASIC,124.92,1.212,11.5258,12.9001,16.7677,56.2734,1.2078,1.4025,1.8107,7.8894,Absolute_Failure,50.0
C02526,L2,DAC,125.41,1.763,11.7745,11.9564,11.9174,12.1373,1.2637,1.214,1.2378,1.2797,High_Stable,50.0
C02527,L2,FPGA,126.45,1.111,11.8512,14.3307,23.7778,53.9608,1.2565,1.5565,2.6878,7.4518,Absolute_Failure,50.0
C02528,L2,DAC,125.96,1.821,10.9389,11.6,12.0185,12.9193,1.126,1.2219,1.2793,1.4017,Normal,50.0
C02529,L2,ADC,124.68,1.813,12.2792,14.3009,17.7905,24.439,1.2454,1.5113,1.9291,2.81,Latent_Defect,50.0
C02530,L2,FPGA,123.18,1.094,11.1047,11.9695,12.6452,13.0297,1.1616,1.2625,1.2861,1.4024,Normal,50.0
C02531,L2,FPGA,125.61,1.082,11.0733,13.169,19.9289,50.2494,1.1795,1.3456,2.162,6.7863,Absolute_Failure,50.0
C02532,L2,FPGA,127.28,1.09,11.7594,13.2638,14.022,15.3274,1.1817,1.4277,1.4656,1.686,Normal,50.0
C02533,L2,ASIC,125.48,1.189,11.2622,12.0781,12.8254,13.7796,1.183,1.2618,1.3735,1.4732,Normal,50.0
C02534,L2,ASIC,124.89,1.195,11.3634,11.8357,12.9451,13.6927,1.1573,1.2866,1.3033,1.4511,Normal,50.0
C02535,L2,DAC,126.37,1.803,12.0293,12.923,14.0347,15.3167,1.2849,1.3461,1.4795,1.5989,Normal,50.0
C02536,L2,FPGA,125.91,1.113,11.6187,11.8969,12.2702,12.669,1.2117,1.2305,1.2996,1.3016,Normal,50.0
C02537,L2,ADC,125.15,1.795,11.8552,11.9923,12.9784,14.2804,1.225,1.2685,1.343,1.4594,Normal,50.0
C02538,L2,DAC,126.07,1.818,11.9941,13.3297,18.005,56.7696,1.1908,1.3632,2.0222,7.9624,Absolute_Failure,50.0
C02539,L2,FPGA,125.31,1.121,12.0098,12.5614,12.7144,13.7033,1.2625,1.3263,1.3493,1.4369,Normal,50.0
C02540,L2,DAC,125.11,1.808,12.3567,13.2131,15.1633,21.2213,1.3054,1.4028,1.6242,2.3584,Latent_Defect,50.0
C02541,L2,FPGA,125.56,1.097,11.7458,12.5915,13.1218,13.6616,1.2206,1.3288,1.4193,1.4668,Normal,50.0
C02542,L2,DAC,123.77,1.807,11.3736,13.2119,15.3021,29.5834,1.1664,1.3628,1.5987,3.505,Sudden_Anomaly,50.0
C02543,L2,ASIC,124.43,1.193,11.7203,12.2689,14.5905,34.3414,1.2241,1.2828,1.5236,4.2479,Sudden_Anomaly,50.0
C02544,L2,FPGA,124.99,1.074,12.2006,12.8229,13.8966,15.0945,1.2804,1.3267,1.4513,1.6142,Normal,50.0
C02545,L2,FPGA,124.64,1.098,12.0356,12.9741,13.0471,13.5447,1.2712,1.3801,1.3393,1.4536,Normal,50.0
C02546,L2,DAC,126.11,1.822,11.5268,12.4005,14.6064,35.3688,1.2149,1.2873,1.5586,4.3585,Sudden_Anomaly,50.0
C02547,L2,FPGA,124.65,1.134,11.5945,11.834,12.3684,13.6184,1.2493,1.2072,1.2871,1.4796,Normal,50.0
C02548,L2,ADC,125.11,1.865,11.8588,12.3202,12.7592,13.3107,1.2317,1.333,1.3785,1.4256,Normal,50.0
C02549,L2,FPGA,123.63,1.097,10.6584,11.1044,12.1375,12.8048,1.069,1.1868,1.2371,1.2989,Normal,50.0
C02550,L2,DAC,125.49,1.796,12.1737,12.9675,13.7808,15.013,1.3224,1.3487,1.457,1.6148,Normal,50.0
C02551,L2,ASIC,124.78,1.201,11.678,12.4652,12.9866,14.1172,1.2177,1.274,1.3732,1.4806,Normal,50.0
C02552,L2,FPGA,124.09,1.096,11.2841,11.7539,12.9413,13.7333,1.2063,1.2147,1.3715,1.4647,Normal,50.0
C02553,L2,ADC,124.22,1.812,11.5706,12.2143,13.1909,14.6611,1.1829,1.2863,1.3834,1.5812,Normal,50.0
C02554,L2,ASIC,126.4,1.202,11.3621,12.4041,12.5921,13.2161,1.16,1.3256,1.3422,1.3985,Normal,50.0
C02555,L2,ASIC,124.6,1.177,11.1961,11.5424,12.1442,13.2278,1.188,1.2158,1.2988,1.3973,Normal,50.0
C02556,L2,ADC,123.81,1.799,12.184,12.5432,12.8548,13.3084,1.2853,1.3068,1.3723,1.4068,Normal,50.0
C02557,L2,ADC,123.47,1.801,11.059,11.1768,11.2424,10.9912,1.1513,1.153,1.1457,1.1331,High_Stable,50.0
C02558,L2,DAC,125.14,1.796,11.9633,13.4343,14.5743,26.8746,1.2284,1.4793,1.624,3.1256,Sudden_Anomaly,50.0
C02559,L2,DAC,125.62,1.831,12.9387,13.1796,13.4289,13.8352,1.3936,1.3755,1.3984,1.4938,High_Stable,50.0
C02560,L2,FPGA,125.77,1.09,11.1482,11.9308,12.577,13.9582,1.159,1.2275,1.2883,1.5291,Normal,50.0
C02561,L2,ADC,124.87,1.795,12.1538,12.9022,13.7466,15.0124,1.2714,1.3656,1.4118,1.6532,Normal,50.0
C02562,L2,ASIC,124.08,1.209,11.4136,12.104,13.1853,15.0039,1.2175,1.2691,1.4014,1.6151,Normal,50.0
C02563,L2,DAC,126.02,1.81,11.215,12.1406,13.0367,13.2804,1.1699,1.2654,1.3682,1.441,Normal,50.0
C02564,L2,FPGA,125.02,1.125,11.5637,12.0762,12.7421,13.0884,1.2141,1.2836,1.3517,1.4249,Normal,50.0
C02565,L2,ADC,125.7,1.793,11.9585,12.2007,13.1569,14.2961,1.2424,1.2719,1.4068,1.5486,Normal,50.0
C02566,L2,ADC,124.63,1.769,11.4146,12.4336,15.9503,22.5687,1.2163,1.3301,1.7129,2.5603,Latent_Defect,50.0
C02567,L2,ASIC,123.72,1.232,11.7228,13.2292,16.2035,29.312,1.2464,1.4044,1.7546,3.454,Sudden_Anomaly,50.0
C02568,L2,ASIC,126.55,1.203,11.6874,11.8913,12.6653,13.6565,1.2366,1.2238,1.3826,1.4396,Normal,50.0
C02569,L2,DAC,124.96,1.799,11.6571,13.5557,20.2711,56.7833,1.2403,1.4446,2.2707,8.0022,Absolute_Failure,50.0
C02570,L2,ASIC,125.89,1.198,11.3054,12.4409,13.6424,14.3499,1.1836,1.3328,1.4405,1.4889,Normal,50.0
C02571,L2,FPGA,125.14,1.112,11.9482,12.1628,14.7775,40.7072,1.2435,1.2736,1.5586,5.2304,Sudden_Anomaly,50.0
C02572,L2,ASIC,124.55,1.179,11.1269,12.0686,13.0303,13.801,1.1776,1.3137,1.3965,1.4573,Normal,50.0
C02573,L2,DAC,125.37,1.816,12.4044,12.5047,12.8531,13.3156,1.2889,1.3241,1.3543,1.3561,High_Stable,50.0
C02574,L2,ASIC,124.18,1.202,11.3049,12.7604,16.7594,22.2587,1.1656,1.3399,1.8082,2.526,Latent_Defect,50.0
C02575,L2,DAC,123.37,1.819,11.7421,12.4735,13.3494,14.2272,1.261,1.3009,1.4218,1.4598,Normal,50.0
C02576,L2,ASIC,125.4,1.21,11.4696,11.9444,12.0499,13.5352,1.1957,1.255,1.2578,1.3978,Normal,50.0
C02577,L2,ADC,126.02,1.79,12.0316,12.3476,12.7945,12.9005,1.2485,1.2618,1.3115,1.3949,High_Stable,50.0
C02578,L2,FPGA,124.95,1.102,11.0826,12.2882,13.0424,13.8857,1.1481,1.268,1.3856,1.4846,Normal,50.0
C02579,L2,ADC,125.31,1.802,12.2022,12.2463,12.6822,13.8031,1.2882,1.2853,1.3277,1.453,Normal,50.0
C02580,L2,ASIC,125.18,1.177,11.4425,11.7368,11.6967,11.8729,1.197,1.1734,1.1676,1.2199,High_Stable,50.0
C02581,L2,ADC,123.97,1.78,11.426,11.5394,12.0557,12.4597,1.2012,1.1866,1.249,1.2981,Normal,50.0
C02582,L2,ASIC,126.73,1.205,11.0066,12.5207,15.7025,21.4767,1.099,1.3258,1.6826,2.4204,Latent_Defect,50.0
C02583,L2,DAC,124.33,1.803,12.0418,13.4144,17.9956,50.9134,1.2819,1.4131,1.9401,6.9013,Absolute_Failure,50.0
C02584,L2,FPGA,124.32,1.071,11.284,11.8426,13.025,13.8514,1.1864,1.2156,1.3363,1.4468,Normal,50.0
C02585,L2,DAC,126.24,1.789,12.3597,13.6802,14.2377,15.3221,1.292,1.4465,1.5252,1.6634,Normal,50.0
C02586,L2,FPGA,123.89,1.104,11.3044,13.3237,19.1252,56.7531,1.2107,1.3919,2.1414,7.9631,Absolute_Failure,50.0
C02587,L2,DAC,124.04,1.824,11.8079,12.9061,13.0356,13.3674,1.2398,1.361,1.3595,1.3905,Normal,50.0
C02588,L2,ASIC,124.71,1.187,11.5631,11.9818,12.4527,13.962,1.2216,1.2457,1.3294,1.5038,Normal,50.0
C02589,L2,ASIC,124.74,1.194,11.4519,13.5625,19.3939,60.2602,1.2025,1.4404,2.1499,8.594,Absolute_Failure,50.0
C02590,L2,FPGA,124.6,1.106,11.7217,12.8102,13.417,14.5425,1.1982,1.3827,1.439,1.5554,Normal,50.0
C02591,L2,ASIC,125.2,1.2,11.2787,11.7711,13.1244,13.7392,1.2026,1.2258,1.3696,1.4467,Normal,50.0
C02592,L2,DAC,124.52,1.809,11.5996,12.2307,12.7356,13.4231,1.2299,1.2658,1.3392,1.4352,Normal,50.0
C02593,L2,FPGA,126.8,1.096,11.0947,11.8628,12.45,13.8425,1.1334,1.2385,1.2604,1.4566,Normal,50.0
C02594,L2,DAC,124.47,1.781,11.7382,12.1455,12.9089,14.1731,1.2362,1.3116,1.3361,1.4817,Normal,50.0
C02595,L2,DAC,125.77,1.799,11.8207,13.1375,17.9379,22.9824,1.2418,1.35,1.9723,2.591,Latent_Defect,50.0
C02596,L2,ADC,125.71,1.81,11.7704,12.067,12.4842,13.0792,1.2617,1.2448,1.3326,1.3975,Normal,50.0
C02597,L2,ADC,124.22,1.827,11.5689,12.3838,12.8523,14.5971,1.1944,1.3016,1.3717,1.5346,Normal,50.0
C02598,L2,FPGA,126.13,1.095,12.2134,12.7759,13.752,14.6407,1.262,1.3052,1.4595,1.5795,Normal,50.0
C02599,L2,ADC,123.86,1.819,11.7608,11.6741,11.7291,11.8103,1.2357,1.2105,1.1961,1.2483,High_Stable,50.0
C02600,L2,ASIC,124.92,1.203,11.2175,13.0618,17.7046,53.5668,1.1142,1.3879,1.9336,7.3777,Absolute_Failure,50.0
C02601,L2,ADC,124.27,1.81,11.8845,13.0541,14.043,14.85,1.2653,1.4026,1.4996,1.6042,Normal,50.0
C02602,L2,ADC,123.67,1.816,11.9113,12.7144,13.1678,14.0884,1.3129,1.3569,1.3908,1.4619,Normal,50.0
C02603,L2,ADC,123.85,1.811,12.2444,13.5682,14.5753,33.08,1.2927,1.4562,1.5484,4.0287,Sudden_Anomaly,50.0
C02604,L2,ASIC,125.21,1.189,11.4229,12.0986,13.0776,13.5614,1.1383,1.2408,1.4085,1.4347,Normal,50.0
C02605,L2,FPGA,125.39,1.109,11.7269,12.4345,16.8596,57.7052,1.2595,1.3085,1.8048,8.095,Absolute_Failure,50.0
C02606,L2,ASIC,126.01,1.206,11.8047,11.9349,12.1257,12.2763,1.2148,1.2616,1.2647,1.2663,High_Stable,50.0
C02607,L2,ADC,123.01,1.792,12.1525,13.6798,16.5287,39.2069,1.2958,1.4509,1.762,4.9192,Sudden_Anomaly,50.0
C02608,L2,ASIC,125.56,1.192,11.1295,11.9982,12.1596,13.5397,1.1783,1.271,1.269,1.4056,Normal,50.0
C02609,L2,FPGA,126.43,1.086,12.1171,12.53,13.1175,13.4344,1.2447,1.3212,1.3443,1.386,Normal,50.0
C02610,L2,ADC,124.74,1.786,11.8331,12.6653,13.7655,13.7876,1.1873,1.3088,1.4199,1.4687,Normal,50.0
C02611,L2,FPGA,125.64,1.107,11.2159,11.9622,12.7864,14.2248,1.1803,1.2126,1.3015,1.5249,Normal,50.0
C02612,L2,ASIC,124.01,1.2,11.1602,13.7024,20.6242,51.5011,1.1463,1.4513,2.2779,7.0148,Absolute_Failure,50.0
C02613,L2,ASIC,124.25,1.171,12.076,12.0714,12.1345,12.3054,1.2538,1.2549,1.2892,1.2917,High_Stable,50.0
C02614,L2,ADC,124.99,1.815,11.3281,11.8098,12.2318,13.4975,1.171,1.2526,1.2585,1.4514,Normal,50.0
C02615,L2,FPGA,124.27,1.095,11.5116,12.3302,13.6256,14.5228,1.2671,1.2692,1.4747,1.5691,Normal,50.0
C02616,L2,ASIC,125.48,1.193,11.4582,11.648,12.3744,13.5598,1.2043,1.1824,1.273,1.3819,Normal,50.0
C02617,L2,FPGA,125.85,1.084,12.9225,12.9487,13.0166,13.1356,1.3473,1.3542,1.379,1.3707,High_Stable,50.0
C02618,L2,DAC,124.97,1.801,12.6882,12.708,13.1405,13.6687,1.3808,1.3395,1.3951,1.4853,High_Stable,50.0
C02619,L2,ASIC,125.43,1.203,11.9159,12.7097,13.2382,13.5758,1.226,1.3237,1.3617,1.4166,Normal,50.0
C02620,L2,ADC,125.63,1.814,11.2717,11.9615,13.8556,52.8882,1.1541,1.2226,1.4756,7.2609,Absolute_Failure,50.0
C02621,L2,FPGA,125.86,1.1,11.3624,12.8689,16.7886,24.241,1.1969,1.3572,1.7777,2.7579,Latent_Defect,50.0
C02622,L2,ASIC,124.89,1.217,12.1667,12.1701,11.9758,12.0039,1.2698,1.2348,1.2311,1.22,High_Stable,50.0
C02623,L2,ASIC,124.32,1.215,11.9567,12.5467,13.5099,13.9529,1.2364,1.2762,1.3835,1.4296,Normal,50.0
C02624,L2,FPGA,124.24,1.096,11.8496,12.0711,12.2004,12.4168,1.2003,1.25,1.2675,1.3387,High_Stable,50.0
C02625,L2,FPGA,123.39,1.1,11.4309,11.8532,12.7565,12.8257,1.2087,1.2133,1.3571,1.3115,Normal,50.0
C02626,L2,ASIC,124.92,1.201,11.7272,11.8802,11.9389,12.3923,1.2381,1.2205,1.2269,1.2946,High_Stable,50.0
C02627,L2,FPGA,123.53,1.088,10.9705,11.4736,11.5723,12.1654,1.1009,1.2318,1.2501,1.2623,Normal,50.0
C02628,L2,ADC,125.48,1.809,12.5486,13.3985,15.8579,34.7394,1.3431,1.4025,1.6839,4.2954,Sudden_Anomaly,50.0
C02629,L2,FPGA,126.79,1.089,11.4893,11.8145,13.0324,14.0289,1.1714,1.2445,1.3124,1.4819,Normal,50.0
C02630,L2,ADC,123.79,1.791,11.8067,12.3724,12.3523,12.524,1.2018,1.2469,1.3118,1.312,Normal,50.0
C02631,L2,ASIC,125.54,1.175,11.7846,12.3098,12.5052,13.583,1.265,1.3013,1.337,1.4151,Normal,50.0
C02632,L2,FPGA,124.76,1.102,11.3297,12.4795,13.5097,14.4577,1.1956,1.3234,1.4169,1.532,Normal,50.0
C02633,L2,ASIC,124.71,1.207,12.0736,12.6719,12.6813,13.9143,1.285,1.3383,1.319,1.463,Normal,50.0
C02634,L2,FPGA,125.38,1.123,11.9061,12.7011,13.3738,15.2746,1.2834,1.3292,1.3932,1.618,Normal,50.0
C02635,L2,FPGA,126.34,1.106,11.8422,12.2443,12.5894,13.254,1.2636,1.2738,1.3284,1.3739,Normal,50.0
C02636,L2,ASIC,124.78,1.207,11.5766,12.4184,13.2023,13.5589,1.204,1.3078,1.4064,1.4333,Normal,50.0
C02637,L2,DAC,125.17,1.81,11.5297,12.63,12.855,13.6098,1.1738,1.3199,1.3091,1.4654,Normal,50.0
C02638,L2,ASIC,125.54,1.185,11.1703,12.0946,13.2464,14.3447,1.1821,1.2923,1.401,1.5608,Normal,50.0
C02639,L2,DAC,125.0,1.8,11.8713,12.4156,13.2517,14.7301,1.2717,1.3033,1.3747,1.5642,Normal,50.0
C02640,L2,ADC,124.39,1.809,11.7037,12.0186,12.2623,12.6168,1.1974,1.2319,1.2578,1.3641,High_Stable,50.0
C02641,L2,ADC,124.49,1.787,11.8733,12.8013,13.1512,13.4577,1.2559,1.3112,1.3729,1.4363,Normal,50.0
C02642,L2,DAC,125.35,1.783,11.3514,11.7829,14.7164,27.0499,1.1285,1.2391,1.5444,3.1582,Sudden_Anomaly,50.0
C02643,L2,FPGA,125.08,1.111,11.443,11.9557,12.4381,13.6615,1.1524,1.2663,1.2974,1.4156,Normal,50.0
C02644,L2,ASIC,124.92,1.188,11.2498,12.3203,12.6716,13.6282,1.2125,1.2891,1.3373,1.4514,Normal,50.0
C02645,L2,DAC,123.32,1.828,12.5147,13.4189,14.2424,15.1637,1.3297,1.4007,1.4887,1.6217,Normal,50.0
C02646,L2,ASIC,126.46,1.23,11.8069,12.3282,13.0051,13.5151,1.268,1.3139,1.3691,1.4046,Normal,50.0
C02647,L2,DAC,125.01,1.791,12.1436,13.5455,15.2108,37.2031,1.2842,1.4561,1.6675,4.6123,Sudden_Anomaly,50.0
C02648,L2,ASIC,123.69,1.214,11.6555,13.1646,15.0887,18.9363,1.2133,1.3349,1.6377,2.1066,Latent_Defect,50.0
C02649,L2,FPGA,124.67,1.083,11.6273,11.8587,11.8186,11.6712,1.1922,1.2736,1.2419,1.2327,High_Stable,50.0
C02650,L2,DAC,125.49,1.777,11.5695,12.0902,12.7872,13.253,1.2283,1.2605,1.3678,1.4288,Normal,50.0
C02651,L2,ASIC,123.27,1.183,11.372,12.4199,13.9035,15.0659,1.1976,1.319,1.4737,1.5828,Normal,50.0
C02652,L2,ADC,125.85,1.8,11.8963,12.0665,12.1542,12.2939,1.2138,1.2586,1.2563,1.2894,High_Stable,50.0
C02653,L2,FPGA,125.36,1.129,11.4749,11.5948,11.5752,11.8374,1.223,1.2165,1.1487,1.1921,High_Stable,50.0
C02654,L2,ASIC,123.04,1.209,11.7684,12.0352,12.2763,12.6289,1.2162,1.2777,1.3193,1.3565,High_Stable,50.0
C02655,L2,ASIC,123.73,1.206,11.7366,12.7591,13.3314,14.4544,1.2637,1.3201,1.4464,1.5607,Normal,50.0
C02656,L2,ASIC,124.27,1.203,11.5036,12.3631,13.7101,14.8815,1.2002,1.3211,1.4597,1.5571,Normal,50.0
C02657,L2,ADC,124.32,1.803,12.0435,13.1259,14.433,38.3062,1.3051,1.3894,1.5236,4.803,Sudden_Anomaly,50.0
C02658,L2,ASIC,125.8,1.187,11.4479,11.7802,12.0569,12.4186,1.2118,1.2153,1.3074,1.297,High_Stable,50.0
C02659,L2,FPGA,125.84,1.079,11.5954,12.1222,12.2405,12.4913,1.2277,1.2902,1.2979,1.3343,Normal,50.0
C02660,L2,FPGA,124.89,1.086,11.4265,11.846,12.9779,13.0752,1.193,1.2627,1.3687,1.3587,Normal,50.0
C02661,L2,FPGA,124.23,1.126,11.4329,12.783,13.1255,13.8188,1.2003,1.4042,1.3737,1.5047,Normal,50.0
C02662,L2,FPGA,124.74,1.099,12.124,12.02,11.993,12.0399,1.2587,1.2165,1.2569,1.24,High_Stable,50.0
C02663,L2,ADC,124.36,1.788,11.5579,12.2392,13.0776,13.8347,1.1901,1.315,1.3894,1.4469,Normal,50.0
C02664,L2,DAC,124.96,1.802,11.98,12.3267,15.0378,41.1021,1.2189,1.2675,1.6706,5.2149,Sudden_Anomaly,50.0
C02665,L2,ASIC,125.27,1.215,12.0806,13.4349,17.1952,23.8758,1.2552,1.4247,1.8755,2.6723,Latent_Defect,50.0
C02666,L2,FPGA,126.01,1.08,11.9337,13.5807,15.4597,54.3652,1.2812,1.4126,1.6474,7.5325,Absolute_Failure,50.0
C02667,L2,ASIC,124.05,1.189,11.6289,12.0675,16.0472,55.9788,1.1933,1.253,1.7221,7.8709,Absolute_Failure,50.0
C02668,L2,ASIC,124.09,1.212,11.6625,12.3927,12.9584,14.2009,1.1859,1.3056,1.3835,1.4971,Normal,50.0
C02669,L2,ASIC,125.64,1.226,11.5171,12.1612,14.4945,32.1757,1.1846,1.2557,1.5443,3.854,Sudden_Anomaly,50.0
C02670,L2,FPGA,126.53,1.084,11.6474,12.3217,12.7287,13.8566,1.2079,1.3401,1.3038,1.4847,Normal,50.0
C02671,L2,ASIC,124.45,1.19,11.1369,12.8334,16.2084,21.7476,1.1704,1.3361,1.6844,2.459,Latent_Defect,50.0
C02672,L2,FPGA,125.49,1.114,11.7249,12.2845,12.4689,13.3804,1.208,1.2601,1.3018,1.4582,Normal,50.0
C02673,L2,ASIC,123.59,1.178,11.0816,11.9313,13.0288,13.8087,1.1739,1.2278,1.3705,1.4494,Normal,50.0
C02674,L2,DAC,124.61,1.782,12.3445,12.9014,13.6854,14.7255,1.255,1.3885,1.4417,1.5298,Normal,50.0
C02675,L2,FPGA,125.38,1.115,11.2639,12.7394,16.4852,57.4779,1.1403,1.3701,1.7288,8.1011,Absolute_Failure,50.0
C02676,L2,FPGA,124.91,1.099,11.3114,11.6131,14.1327,29.4702,1.158,1.2494,1.4585,3.4729,Sudden_Anomaly,50.0
C02677,L2,ADC,125.56,1.801,11.6784,12.3778,13.3785,14.0042,1.2329,1.2699,1.4597,1.4893,Normal,50.0
C02678,L2,DAC,125.47,1.8,12.0214,12.5137,13.5287,13.5804,1.2458,1.3523,1.4276,1.4244,Normal,50.0
C02679,L2,DAC,124.65,1.783,11.9749,12.4112,13.0581,14.1656,1.2498,1.3143,1.4002,1.5276,Normal,50.0
C02680,L2,ASIC,123.65,1.203,12.0721,14.0746,19.4737,53.3087,1.2567,1.4788,2.1619,7.3416,Absolute_Failure,50.0
C02681,L2,ASIC,125.02,1.209,11.8958,12.7785,15.0866,31.1907,1.229,1.3632,1.6634,3.7408,Sudden_Anomaly,50.0
C02682,L2,ASIC,124.75,1.199,11.4099,11.9316,12.8842,13.8561,1.1806,1.2341,1.3491,1.4926,Normal,50.0
C02683,L2,DAC,125.98,1.803,12.0142,12.5821,17.1612,23.8721,1.2874,1.2898,1.8649,2.7517,Latent_Defect,50.0
C02684,L2,FPGA,125.06,1.096,12.2576,13.3191,14.4306,15.1175,1.2962,1.3832,1.5093,1.6062,Normal,50.0
C02685,L2,ADC,125.47,1.82,11.996,12.697,13.1758,13.7774,1.2831,1.366,1.3942,1.5123,Normal,50.0
C02686,L2,FPGA,126.13,1.098,11.3978,11.9749,13.0048,13.9627,1.2339,1.2525,1.3843,1.5067,Normal,50.0
C02687,L2,ASIC,124.3,1.194,11.5155,12.8303,13.4595,13.7315,1.1877,1.3704,1.4478,1.4677,Normal,50.0
C02688,L2,FPGA,126.29,1.073,11.4012,13.0073,15.4677,21.6585,1.2362,1.4168,1.5745,2.4873,Latent_Defect,50.0
C02689,L2,ADC,122.95,1.789,11.8762,12.0843,12.3955,12.4047,1.2071,1.2489,1.2783,1.2864,High_Stable,50.0
C02690,L2,ASIC,125.19,1.213,11.8068,11.9533,11.9638,12.2051,1.2274,1.2997,1.2599,1.3076,High_Stable,50.0
C02691,L2,DAC,124.35,1.8,11.2643,12.6703,19.77,55.0286,1.1677,1.3494,2.1899,7.6548,Absolute_Failure,50.0
C02692,L2,DAC,124.17,1.787,12.1114,12.3899,12.5878,12.6651,1.2921,1.2669,1.3733,1.3105,High_Stable,50.0
C02693,L2,DAC,125.54,1.804,12.3455,13.315,13.9039,14.7823,1.3065,1.4114,1.4592,1.5872,Normal,50.0
C02694,L2,ADC,124.16,1.809,11.759,13.349,20.6562,54.7007,1.2245,1.4011,2.364,7.5663,Absolute_Failure,50.0
C02695,L2,FPGA,125.01,1.081,11.704,11.7044,12.0218,13.3003,1.2212,1.2102,1.2527,1.4172,Normal,50.0
C02696,L2,ADC,125.44,1.801,12.1773,13.3933,14.1616,14.3895,1.2971,1.4225,1.5349,1.5082,Normal,50.0
C02697,L2,FPGA,124.99,1.1,11.3068,13.0658,16.5874,22.8132,1.1788,1.388,1.8002,2.6209,Latent_Defect,50.0
C02698,L2,ADC,125.07,1.799,11.987,11.9863,11.9908,12.5051,1.2785,1.2503,1.2436,1.3285,High_Stable,50.0
C02699,L2,ADC,125.44,1.774,12.5666,12.5272,12.4723,12.6957,1.2816,1.2827,1.3297,1.3475,High_Stable,50.0
C02700,L2,DAC,125.47,1.8,11.8437,12.4968,12.8121,13.2617,1.2366,1.315,1.3372,1.4132,Normal,50.0
C02701,L2,FPGA,125.63,1.127,11.5775,12.5374,12.8811,14.1773,1.1875,1.3183,1.3022,1.534,Normal,50.0
C02702,L2,DAC,125.41,1.807,12.1683,14.0814,18.7013,55.8241,1.2693,1.5064,2.0588,7.842,Absolute_Failure,50.0
C02703,L2,DAC,125.64,1.783,11.5646,12.601,13.3719,14.4439,1.2217,1.3407,1.4237,1.5674,Normal,50.0
C02704,L2,ASIC,125.52,1.192,11.2255,12.546,13.5477,26.2699,1.1517,1.2562,1.4037,3.04,Sudden_Anomaly,50.0
C02705,L2,ADC,124.69,1.782,11.3403,11.3918,12.1342,13.2967,1.1962,1.1786,1.2459,1.4323,Normal,50.0
C02706,L2,DAC,124.18,1.784,12.1968,12.5224,12.804,12.7248,1.2625,1.3036,1.3901,1.3139,High_Stable,50.0
C02707,L2,ASIC,125.62,1.184,10.7379,12.3209,15.8888,20.0138,1.1448,1.3079,1.6752,2.2009,Latent_Defect,50.0
C02708,L2,ASIC,125.14,1.197,12.8515,13.123,13.3608,13.7318,1.3594,1.385,1.3997,1.4778,High_Stable,50.0
C02709,L2,ASIC,124.49,1.206,11.8404,14.285,22.0706,58.8559,1.2099,1.5156,2.5289,8.3302,Absolute_Failure,50.0
C02710,L2,ADC,125.52,1.824,12.0488,15.0173,20.1484,60.9162,1.2467,1.6292,2.2149,8.7916,Absolute_Failure,50.0
C02711,L2,ADC,124.01,1.818,12.2222,12.9558,13.9718,14.7938,1.2757,1.3661,1.4336,1.6011,Normal,50.0
C02712,L2,ADC,125.43,1.794,11.4073,12.4613,13.5604,13.9058,1.1645,1.321,1.4083,1.4908,Normal,50.0
C02713,L2,ADC,124.45,1.793,10.9087,11.5689,13.3332,39.7321,1.1468,1.257,1.4272,5.0345,Sudden_Anomaly,50.0
C02714,L2,FPGA,124.84,1.119,11.8826,12.4899,13.1987,14.4121,1.2719,1.3157,1.3551,1.5046,Normal,50.0
C02715,L2,DAC,125.43,1.782,11.363,12.3396,12.6951,13.7481,1.2018,1.2831,1.3691,1.4759,Normal,50.0
C02716,L2,ASIC,124.34,1.207,11.4389,12.1387,12.4797,13.3894,1.1528,1.2099,1.2906,1.4323,Normal,50.0
C02717,L2,ASIC,124.75,1.212,12.199,12.8217,13.7657,15.0018,1.2758,1.326,1.401,1.5885,Normal,50.0
C02718,L2,ADC,125.93,1.814,11.5378,12.8484,13.1712,13.7006,1.2316,1.3545,1.3949,1.4896,Normal,50.0
C02719,L2,ASIC,125.29,1.189,11.438,12.3154,14.3547,53.4283,1.1933,1.2677,1.5603,7.3571,Absolute_Failure,50.0
C02720,L2,ADC,125.12,1.798,12.0945,14.095,19.5772,53.859,1.2835,1.509,2.1759,7.472,Absolute_Failure,50.0
C02721,L2,FPGA,125.0,1.112,11.4463,12.3428,14.6682,26.7108,1.2377,1.2878,1.5703,3.071,Sudden_Anomaly,50.0
C02722,L2,ADC,124.11,1.782,11.431,12.5869,12.8969,13.5042,1.1702,1.3241,1.328,1.4026,Normal,50.0
C02723,L2,ADC,124.92,1.802,11.7223,12.8497,13.6997,15.0319,1.2242,1.3191,1.4788,1.6027,Normal,50.0
C02724,L2,ASIC,125.57,1.206,11.8985,12.3456,12.3824,12.1468,1.2464,1.32,1.3299,1.2552,High_Stable,50.0
C02725,L2,ASIC,125.0,1.215,11.5067,12.0624,13.0932,14.2943,1.2024,1.2481,1.4492,1.5554,Normal,50.0
C02726,L2,ADC,124.38,1.786,11.7933,12.6427,13.226,14.994,1.241,1.3073,1.4148,1.5894,Normal,50.0
C02727,L2,FPGA,124.39,1.1,11.3376,12.0529,13.2113,13.8068,1.186,1.2683,1.3831,1.4509,Normal,50.0
C02728,L2,ADC,123.84,1.791,11.9439,14.2028,21.9996,51.0719,1.2495,1.5105,2.4835,6.9634,Absolute_Failure,50.0
C02729,L2,DAC,125.5,1.808,12.1478,12.345,12.4606,12.6905,1.2481,1.3148,1.2976,1.3056,High_Stable,50.0
C02730,L2,ASIC,125.41,1.187,12.042,12.2693,12.3598,12.7883,1.2491,1.2978,1.2904,1.2997,High_Stable,50.0
C02731,L2,ASIC,123.6,1.198,11.3605,11.7623,13.3786,14.5722,1.1519,1.1929,1.4306,1.5144,Normal,50.0
C02732,L2,FPGA,124.22,1.107,11.1757,11.9271,12.7065,14.253,1.1058,1.2285,1.3476,1.5276,Normal,50.0
C02733,L2,ASIC,125.17,1.183,12.2014,12.4441,13.1556,14.9481,1.2722,1.3138,1.3426,1.6246,Normal,50.0
C02734,L2,DAC,124.03,1.802,11.438,12.3654,14.8676,19.1886,1.1983,1.3111,1.586,2.1354,Latent_Defect,50.0
C02735,L2,ASIC,124.61,1.209,11.2821,12.1074,13.3334,13.8966,1.1663,1.2487,1.4089,1.493,Normal,50.0
C02736,L2,DAC,125.44,1.802,12.413,13.1684,14.1457,15.2622,1.2939,1.3832,1.4717,1.6227,Normal,50.0
C02737,L2,ASIC,126.26,1.196,11.4527,12.2185,13.4476,14.4882,1.1993,1.2803,1.4329,1.5652,Normal,50.0
C02738,L2,FPGA,124.42,1.072,11.5101,11.6864,11.6656,11.7724,1.2497,1.2343,1.2214,1.2323,High_Stable,50.0
C02739,L2,FPGA,126.9,1.097,10.988,11.9409,12.9514,13.5004,1.1129,1.2199,1.3602,1.4309,Normal,50.0
C02740,L2,ASIC,124.33,1.198,11.017,11.9037,13.0154,14.2592,1.1795,1.2432,1.3524,1.495,Normal,50.0
C02741,L2,ADC,126.08,1.786,11.7896,12.0903,14.1762,52.2109,1.1736,1.2791,1.4962,7.1092,Absolute_Failure,50.0
C02742,L2,FPGA,125.46,1.101,11.6851,13.2147,15.9162,42.6038,1.1943,1.3865,1.6917,5.5169,Sudden_Anomaly,50.0
C02743,L2,ADC,126.45,1.792,11.6386,12.8596,13.4574,14.7129,1.191,1.3557,1.4046,1.5747,Normal,50.0
C02744,L2,ADC,125.1,1.773,11.4833,12.3581,13.3437,13.7058,1.1817,1.3281,1.4197,1.4625,Normal,50.0
C02745,L2,ASIC,124.23,1.203,11.4206,12.9568,15.3559,21.1689,1.2063,1.3725,1.6354,2.3267,Latent_Defect,50.0
C02746,L2,ASIC,124.5,1.207,10.7804,12.7219,18.0156,54.5924,1.124,1.3309,1.9556,7.584,Absolute_Failure,50.0
C02747,L2,ASIC,125.74,1.215,11.895,11.9383,12.4043,12.6231,1.2222,1.2995,1.2891,1.3474,High_Stable,50.0
C02748,L2,ADC,124.43,1.795,12.0684,12.5175,14.9351,40.9258,1.2478,1.2986,1.6228,5.1837,Sudden_Anomaly,50.0
C02749,L2,FPGA,125.57,1.099,11.7037,13.0734,13.6629,15.1412,1.2179,1.3732,1.4091,1.5779,Normal,50.0
C02750,L2,ASIC,123.98,1.215,11.5793,12.5839,15.1539,57.8899,1.1739,1.3316,1.6158,8.1152,Absolute_Failure,50.0
C02751,L2,FPGA,123.95,1.082,11.453,12.2117,13.3285,15.0009,1.1392,1.3119,1.3929,1.5856,Normal,50.0
C02752,L2,ASIC,124.29,1.184,11.4253,11.5981,11.9865,13.5778,1.1497,1.2166,1.2368,1.4509,Normal,50.0
C02753,L2,FPGA,126.13,1.096,11.2922,11.7487,12.542,35.2248,1.1759,1.1911,1.3175,4.3525,Sudden_Anomaly,50.0
C02754,L2,DAC,125.97,1.836,12.2269,13.6406,14.6913,15.9878,1.3071,1.4561,1.558,1.7199,Normal,50.0
C02755,L2,ADC,125.09,1.822,11.5304,12.2129,13.5151,15.3728,1.2072,1.2705,1.4126,1.6703,Normal,50.0
C02756,L2,ADC,124.4,1.814,11.4404,11.6538,11.7049,13.4578,1.2078,1.2772,1.2055,1.4566,Normal,50.0
C02757,L2,ASIC,124.55,1.198,11.4777,13.4411,17.127,22.8641,1.1945,1.4392,1.8346,2.5576,Latent_Defect,50.0
C02758,L2,FPGA,124.97,1.097,12.2728,13.3706,13.3985,14.9019,1.3021,1.4171,1.4429,1.5921,Normal,50.0
C02759,L2,FPGA,123.8,1.112,11.5693,12.4308,13.0207,14.1867,1.1706,1.3168,1.3621,1.4953,Normal,50.0
C02760,L2,ASIC,125.07,1.203,11.7856,14.7799,22.5666,51.6835,1.2107,1.6022,2.5249,7.0569,Absolute_Failure,50.0
C02761,L2,FPGA,125.18,1.085,11.8355,14.5065,24.6951,56.4255,1.2386,1.5396,2.8299,7.9172,Absolute_Failure,50.0
C02762,L2,DAC,124.6,1.799,12.178,13.02,12.6044,13.7645,1.2932,1.3515,1.3459,1.482,Normal,50.0
C02763,L2,FPGA,124.83,1.1,11.7352,12.3084,12.6895,12.7246,1.2153,1.2783,1.3457,1.3321,Normal,50.0
C02764,L2,FPGA,125.58,1.136,11.801,12.3902,12.805,13.9556,1.2159,1.257,1.3307,1.5129,Normal,50.0
C02765,L2,ASIC,122.16,1.19,11.2166,11.586,12.3459,13.4035,1.2045,1.2177,1.2974,1.396,Normal,50.0
C02766,L2,ADC,124.39,1.808,12.1168,13.1442,13.8669,14.5389,1.3067,1.3623,1.443,1.5489,Normal,50.0
C02767,L2,FPGA,127.11,1.096,11.8093,11.6557,11.7063,11.7383,1.1949,1.2186,1.2408,1.2553,High_Stable,50.0
C02768,L2,DAC,124.52,1.779,12.4372,13.6866,14.1012,15.2266,1.2836,1.4071,1.5262,1.5869,Normal,50.0
C02769,L2,FPGA,125.24,1.089,11.4583,13.2474,14.7192,41.6518,1.1846,1.4417,1.5719,5.3423,Sudden_Anomaly,50.0
C02770,L2,ADC,124.28,1.793,12.0127,13.0063,13.1704,13.5916,1.1839,1.3894,1.3704,1.4201,Normal,50.0
C02771,L2,ASIC,125.5,1.236,11.144,12.3392,15.7094,20.2667,1.1518,1.3077,1.6659,2.3024,Latent_Defect,50.0
C02772,L2,FPGA,124.73,1.079,11.6853,12.3287,13.131,13.7144,1.2421,1.2892,1.3939,1.4465,Normal,50.0
C02773,L2,DAC,125.0,1.787,11.4921,11.679,12.7173,13.6604,1.25,1.2014,1.3664,1.4762,Normal,50.0
C02774,L2,ASIC,124.52,1.227,12.0837,12.3424,12.1892,12.2741,1.2934,1.3148,1.2665,1.2838,High_Stable,50.0
C02775,L2,ADC,124.27,1.795,11.5105,12.3354,13.3808,14.7877,1.1943,1.2848,1.4239,1.5932,Normal,50.0
C02776,L2,ADC,124.9,1.791,11.7102,13.8269,18.2714,23.9735,1.229,1.4933,2.0479,2.7308,Latent_Defect,50.0
C02777,L2,FPGA,125.66,1.112,11.7048,13.2025,16.0532,22.7195,1.2081,1.3761,1.7019,2.5555,Latent_Defect,50.0
C02778,L2,FPGA,124.03,1.08,12.1708,12.8479,17.6883,23.6012,1.275,1.3473,1.9455,2.6699,Latent_Defect,50.0
C02779,L2,DAC,125.02,1.782,12.3841,12.4359,12.3573,12.445,1.3383,1.2893,1.2761,1.3049,High_Stable,50.0
C02780,L2,FPGA,125.06,1.102,11.7234,12.3392,13.0668,14.0684,1.225,1.2838,1.3683,1.524,Normal,50.0
C02781,L2,ASIC,124.96,1.204,11.5923,11.75,11.881,11.7421,1.2142,1.2402,1.2782,1.2006,High_Stable,50.0
C02782,L2,ASIC,124.72,1.203,11.3907,12.1611,12.9567,13.8246,1.1795,1.2856,1.383,1.4636,Normal,50.0
C02783,L2,FPGA,125.75,1.114,11.0982,11.5619,12.3383,13.6735,1.1456,1.2128,1.2772,1.3987,Normal,50.0
C02784,L2,FPGA,125.2,1.107,11.6887,13.0073,15.6806,18.9556,1.1929,1.3735,1.7335,2.0935,Latent_Defect,50.0
C02785,L2,ADC,125.57,1.788,12.1234,13.4643,19.7366,56.1353,1.2668,1.4162,2.1813,7.824,Absolute_Failure,50.0
C02786,L2,ASIC,123.72,1.206,11.3299,11.9571,13.1907,14.61,1.2123,1.2899,1.3817,1.5409,Normal,50.0
C02787,L2,FPGA,124.42,1.095,11.1244,11.9084,12.614,12.9799,1.183,1.2543,1.3573,1.392,Normal,50.0
C02788,L2,ASIC,125.0,1.178,11.3926,12.4619,13.1259,14.3697,1.1534,1.3044,1.3877,1.5094,Normal,50.0
C02789,L2,ADC,123.94,1.792,12.1777,12.7413,13.5457,14.2563,1.2736,1.3569,1.448,1.5019,Normal,50.0
C02790,L2,ADC,124.93,1.79,11.8779,12.1817,12.3677,12.6187,1.2544,1.2879,1.3189,1.3276,High_Stable,50.0
C02791,L2,DAC,123.93,1.807,12.1991,12.7279,13.2453,14.2645,1.2572,1.3148,1.3576,1.4996,Normal,50.0
C02792,L2,DAC,123.91,1.782,11.6728,13.546,18.8238,60.3575,1.2172,1.4284,2.0093,8.6544,Absolute_Failure,50.0
C02793,L2,DAC,125.54,1.802,12.0426,12.2339,12.2777,12.6682,1.273,1.2401,1.3117,1.3154,High_Stable,50.0
C02794,L2,ADC,125.04,1.76,11.6714,12.3406,13.6808,14.6462,1.2252,1.3135,1.4681,1.5676,Normal,50.0
C02795,L2,FPGA,124.86,1.082,11.3944,11.2834,11.17,11.0954,1.1586,1.1969,1.1757,1.1467,High_Stable,50.0
C02796,L2,ADC,125.01,1.8,11.5403,13.0833,17.4184,20.9344,1.2176,1.3875,1.9083,2.3178,Latent_Defect,50.0
C02797,L2,ADC,125.23,1.813,12.0093,12.1856,12.4638,12.7335,1.2554,1.276,1.3015,1.3564,Normal,50.0
C02798,L2,FPGA,126.31,1.114,11.3331,12.0487,15.6589,20.1516,1.1504,1.3325,1.6349,2.2148,Latent_Defect,50.0
C02799,L2,ADC,124.25,1.795,12.1186,12.4962,13.7507,15.7422,1.2446,1.2835,1.4661,1.6951,Normal,50.0
C02800,L2,DAC,124.13,1.792,11.8352,12.3983,12.9494,13.5246,1.206,1.287,1.354,1.4407,Normal,50.0
C02801,L2,DAC,124.45,1.786,11.4169,13.2001,22.67,52.6417,1.1697,1.3906,2.5366,7.2114,Absolute_Failure,50.0
C02802,L2,FPGA,127.0,1.097,11.7049,13.5538,16.5943,53.5407,1.2192,1.4258,1.8232,7.385,Absolute_Failure,50.0
C02803,L2,DAC,124.22,1.809,12.4203,12.5156,12.3935,12.283,1.2759,1.3349,1.3097,1.2953,High_Stable,50.0
C02804,L2,ASIC,126.56,1.194,11.6964,12.3074,13.2524,28.14,1.2072,1.2809,1.3846,3.2879,Sudden_Anomaly,50.0
C02805,L2,ASIC,126.42,1.215,11.2559,12.091,12.6297,13.7194,1.1485,1.2682,1.3005,1.4838,Normal,50.0
C02806,L2,ADC,124.34,1.812,11.6964,12.5736,13.3116,13.6487,1.2478,1.3026,1.4003,1.4089,Normal,50.0
C02807,L2,ADC,124.46,1.814,11.6294,11.9218,12.284,13.3036,1.2001,1.2594,1.3171,1.3985,Normal,50.0
C02808,L2,FPGA,126.05,1.107,10.8411,11.2488,12.3725,13.954,1.1124,1.1996,1.2721,1.4781,Normal,50.0
C02809,L2,DAC,124.25,1.813,12.4355,13.1395,14.3735,14.815,1.3557,1.3885,1.5273,1.5781,Normal,50.0
C02810,L2,ASIC,124.09,1.194,11.0639,11.4863,11.6883,13.1503,1.1113,1.1695,1.1836,1.3651,Normal,50.0
C02811,L2,DAC,124.27,1.811,12.2595,13.3588,13.8832,14.9945,1.2481,1.4479,1.4583,1.5978,Normal,50.0
C02812,L2,ASIC,126.24,1.204,12.0562,12.0261,12.3778,12.2445,1.2483,1.2499,1.2859,1.265,High_Stable,50.0
C02813,L2,FPGA,125.68,1.109,11.3984,12.614,17.4389,21.6386,1.1742,1.3132,1.9281,2.4449,Latent_Defect,50.0
C02814,L2,FPGA,124.37,1.104,11.1881,11.718,12.3172,12.8988,1.1528,1.2369,1.2809,1.3729,Normal,50.0
C02815,L2,ASIC,125.44,1.169,11.3743,13.234,15.5825,22.1041,1.1641,1.4034,1.6418,2.4945,Latent_Defect,50.0
C02816,L2,DAC,129.11,1.809,12.0026,13.5745,16.8301,21.1333,1.2368,1.4212,1.7949,2.316,Latent_Defect,50.0
C02817,L2,ASIC,125.04,1.21,11.3945,14.0219,21.985,54.2003,1.2048,1.4598,2.425,7.5515,Absolute_Failure,50.0
C02818,L2,ASIC,125.43,1.158,11.7817,12.6466,14.496,42.0051,1.2425,1.3555,1.5533,5.3629,Sudden_Anomaly,50.0
C02819,L2,FPGA,125.2,1.096,11.4292,11.9964,12.6652,13.2376,1.1751,1.2294,1.3701,1.3973,Normal,50.0
C02820,L2,ADC,124.78,1.769,11.7997,12.3582,13.1335,14.7438,1.2089,1.2633,1.4196,1.6011,Normal,50.0
C02821,L2,FPGA,124.3,1.086,11.917,13.0692,13.1675,13.1895,1.2538,1.4007,1.3769,1.4219,Normal,50.0
C02822,L2,ASIC,125.07,1.197,11.5718,12.4917,14.7782,20.3489,1.2197,1.3075,1.5669,2.1907,Latent_Defect,50.0
C02823,L2,DAC,125.27,1.812,12.3978,13.308,14.0014,15.3412,1.3075,1.4011,1.5095,1.6038,Normal,50.0
C02824,L2,ASIC,126.27,1.19,11.9095,12.9674,13.4568,13.92,1.2417,1.3835,1.4125,1.4454,Normal,50.0
C02825,L2,FPGA,124.81,1.096,12.0947,12.6272,13.7089,14.5785,1.2614,1.3737,1.426,1.5749,Normal,50.0
C02826,L2,ASIC,124.6,1.19,11.5449,12.9364,18.9643,55.2908,1.2054,1.4079,2.0627,7.6352,Absolute_Failure,50.0
C02827,L2,ADC,124.38,1.802,12.0612,13.2061,14.1482,14.552,1.2563,1.3663,1.472,1.5477,Normal,50.0
C02828,L2,ADC,126.12,1.801,11.6563,12.5523,15.6765,50.1646,1.2365,1.3048,1.7144,6.7963,Absolute_Failure,50.0
C02829,L2,FPGA,124.91,1.099,11.5579,12.1336,12.6742,13.2326,1.2066,1.2603,1.3517,1.3886,Normal,50.0
C02830,L2,ASIC,125.79,1.188,11.3769,11.8189,13.0173,13.9131,1.2074,1.219,1.4041,1.5167,Normal,50.0
C02831,L2,DAC,124.47,1.799,12.5863,13.2369,13.8807,14.1397,1.3447,1.3794,1.4968,1.5392,Normal,50.0
C02832,L2,ASIC,125.97,1.216,11.2144,13.8166,19.6973,50.5804,1.1489,1.4743,2.146,6.8352,Absolute_Failure,50.0
C02833,L2,FPGA,126.42,1.102,11.1756,11.9616,12.6242,13.4123,1.1834,1.2674,1.3509,1.4008,Normal,50.0
C02834,L2,FPGA,124.94,1.062,11.2942,12.0055,16.775,54.8461,1.1819,1.2422,1.7916,7.6094,Absolute_Failure,50.0
C02835,L2,ADC,124.25,1.823,11.6868,12.1393,12.2028,12.6722,1.1785,1.2418,1.2689,1.3606,Normal,50.0
C02836,L2,FPGA,125.83,1.1,11.6767,13.7021,22.7606,53.9301,1.2285,1.4661,2.5853,7.423,Absolute_Failure,50.0
C02837,L2,ADC,124.38,1.799,12.394,12.4967,12.588,12.9637,1.2965,1.2822,1.2944,1.3817,High_Stable,50.0
C02838,L2,ASIC,125.67,1.194,11.4289,12.434,13.2637,14.689,1.2323,1.3398,1.4014,1.5767,Normal,50.0
C02839,L2,ASIC,125.1,1.208,10.8693,11.4555,12.4841,14.1029,1.1101,1.1805,1.3,1.4747,Normal,50.0
C02840,L2,ASIC,125.03,1.207,11.6929,13.2455,15.209,38.1057,1.2556,1.4274,1.6421,4.7568,Sudden_Anomaly,50.0
C02841,L2,DAC,125.61,1.801,12.0219,12.3937,15.2014,37.7519,1.2759,1.3129,1.6214,4.7523,Sudden_Anomaly,50.0
C02842,L2,ADC,124.95,1.806,10.9989,11.3371,12.4106,13.4685,1.1385,1.1945,1.274,1.3832,Normal,50.0
C02843,L2,FPGA,125.92,1.089,11.1748,11.9819,12.1701,24.8967,1.1585,1.2295,1.3205,2.8413,Sudden_Anomaly,50.0
C02844,L2,DAC,124.33,1.817,12.4437,13.4701,13.6999,14.0079,1.3142,1.4087,1.4553,1.5011,Normal,50.0
C02845,L2,ASIC,125.52,1.197,10.896,11.0045,11.1451,12.6392,1.0892,1.1376,1.1374,1.3062,Normal,50.0
C02846,L2,FPGA,125.32,1.108,11.2248,12.294,12.7004,13.5171,1.1959,1.2775,1.3044,1.4037,Normal,50.0
C02847,L2,ASIC,124.91,1.202,11.8149,12.0133,11.9787,12.1169,1.2646,1.2831,1.2619,1.2723,High_Stable,50.0
C02848,L2,ADC,125.17,1.803,11.9115,12.7752,12.934,13.1463,1.2366,1.3664,1.3948,1.4357,Normal,50.0
C02849,L2,ASIC,124.82,1.212,11.0671,13.0018,15.0683,22.1783,1.1101,1.3538,1.5952,2.4954,Latent_Defect,50.0
C02850,L2,ASIC,125.7,1.201,12.184,13.0207,13.9589,14.118,1.2919,1.3747,1.4376,1.5163,Normal,50.0
C02851,L2,DAC,124.2,1.814,11.5695,13.246,21.6715,54.6534,1.1526,1.3523,2.4006,7.5628,Absolute_Failure,50.0
C02852,L2,ADC,124.75,1.799,12.1732,12.7257,13.8302,14.2997,1.2739,1.2781,1.491,1.5277,Normal,50.0
C02853,L2,FPGA,122.59,1.092,11.906,12.4211,12.9789,13.425,1.2253,1.3265,1.3443,1.3864,Normal,50.0
C02854,L2,ASIC,124.29,1.228,11.2031,11.7606,11.992,12.3379,1.1552,1.2358,1.2425,1.3191,Normal,50.0
C02855,L2,ASIC,125.19,1.208,11.2368,13.0211,15.0646,21.4042,1.1386,1.3839,1.586,2.3758,Latent_Defect,50.0
C02856,L2,ADC,125.76,1.787,11.4578,12.6696,16.1085,21.2706,1.1875,1.3263,1.7278,2.4001,Latent_Defect,50.0
C02857,L2,ASIC,125.7,1.216,11.3518,12.0786,12.6709,13.6639,1.1659,1.2298,1.3082,1.4897,Normal,50.0
C02858,L2,DAC,124.33,1.819,13.2283,13.2943,13.6948,13.6967,1.3876,1.4046,1.4741,1.443,High_Stable,50.0
C02859,L2,DAC,126.16,1.801,12.3602,13.7471,13.7699,13.9785,1.3074,1.4722,1.4442,1.476,Normal,50.0
C02860,L2,ADC,125.61,1.795,11.3121,12.3097,13.74,14.1471,1.199,1.2961,1.468,1.4844,Normal,50.0
C02861,L2,FPGA,125.53,1.099,12.1318,13.0773,14.9477,30.7121,1.2915,1.3907,1.5735,3.6995,Sudden_Anomaly,50.0
C02862,L2,DAC,124.38,1.807,11.9393,13.0935,13.9467,14.3905,1.278,1.3968,1.4724,1.5342,Normal,50.0
C02863,L2,ASIC,125.6,1.202,11.2265,12.5718,13.7452,14.8837,1.1964,1.275,1.4614,1.6169,Normal,50.0
C02864,L2,DAC,123.42,1.78,12.2911,12.4397,12.7069,12.8134,1.3044,1.2844,1.3485,1.3602,High_Stable,50.0
C02865,L2,ADC,125.31,1.823,12.1401,14.0544,17.6838,22.2638,1.3073,1.4654,1.9324,2.4913,Latent_Defect,50.0
C02866,L2,DAC,124.92,1.792,12.2278,12.971,13.6535,14.2742,1.2936,1.3181,1.4381,1.5116,Normal,50.0
C02867,L2,ASIC,123.82,1.216,10.7816,10.9238,12.4403,31.3467,1.1102,1.185,1.3003,3.7753,Sudden_Anomaly,50.0
C02868,L2,FPGA,124.74,1.104,11.8294,12.8766,17.2805,57.8273,1.2598,1.3672,1.9183,8.1881,Absolute_Failure,50.0
C02869,L2,ASIC,123.87,1.21,11.1722,11.8187,12.9131,13.334,1.1488,1.2879,1.3509,1.4027,Normal,50.0
C02870,L2,FPGA,125.07,1.112,11.7013,12.5308,13.181,13.8381,1.1845,1.2874,1.4009,1.485,Normal,50.0
C02871,L2,ADC,124.48,1.809,12.1893,13.0188,13.9245,14.5502,1.3131,1.377,1.4528,1.59,Normal,50.0
C02872,L2,ASIC,125.18,1.194,11.0117,12.0444,15.4374,21.7122,1.1211,1.276,1.692,2.4484,Latent_Defect,50.0
C02873,L2,DAC,125.34,1.779,11.8812,12.9441,13.3401,14.171,1.2443,1.4091,1.4211,1.5073,Normal,50.0
C02874,L2,DAC,125.56,1.803,11.6127,12.3216,13.3638,14.5196,1.2287,1.2912,1.3584,1.5641,Normal,50.0
C02875,L2,ADC,124.13,1.794,12.5417,12.6607,12.7774,12.9634,1.314,1.3201,1.3384,1.3379,High_Stable,50.0
C02876,L2,ADC,124.75,1.799,11.6731,12.0889,13.1468,14.2568,1.1993,1.2978,1.4045,1.5438,Normal,50.0
C02877,L2,DAC,124.9,1.78,12.3927,13.9224,14.149,15.6164,1.2768,1.5165,1.4905,1.7039,Normal,50.0
C02878,L2,ASIC,125.34,1.198,11.5237,12.7494,13.5155,15.4194,1.2196,1.3304,1.4455,1.681,Normal,50.0
C02879,L2,ASIC,125.16,1.148,11.5999,12.634,12.6765,12.8536,1.2268,1.3594,1.2808,1.3553,Normal,50.0
C02880,L2,ADC,124.87,1.798,11.5866,12.7624,13.1904,13.3351,1.1874,1.3325,1.3638,1.3966,Normal,50.0
C02881,L2,ASIC,125.13,1.207,11.2532,11.3808,11.4487,11.7404,1.1877,1.1847,1.24,1.2247,High_Stable,50.0
C02882,L2,ADC,125.78,1.817,11.854,12.6039,14.6717,38.1571,1.2624,1.2939,1.5552,4.798,Sudden_Anomaly,50.0
C02883,L2,FPGA,124.32,1.111,11.4119,12.5693,12.8064,14.3009,1.247,1.3539,1.3477,1.5613,Normal,50.0
C02884,L2,ADC,123.28,1.816,11.4465,12.8417,15.3482,23.2992,1.1847,1.3094,1.6353,2.624,Latent_Defect,50.0
C02885,L2,ASIC,125.94,1.212,10.9888,11.4176,11.82,12.5712,1.121,1.1907,1.2667,1.2683,Normal,50.0
C02886,L2,ADC,123.86,1.821,12.0431,12.0569,13.1323,14.6721,1.2248,1.2768,1.388,1.6006,Normal,50.0
C02887,L2,FPGA,125.44,1.105,11.5049,11.7641,11.9052,11.874,1.1999,1.2499,1.2458,1.1947,High_Stable,50.0
C02888,L2,FPGA,125.35,1.114,11.8869,12.1428,12.2177,12.2565,1.2391,1.2869,1.2451,1.2959,High_Stable,50.0
C02889,L2,ASIC,124.1,1.184,12.0903,13.1892,13.3389,13.7178,1.3267,1.3948,1.3704,1.4698,Normal,50.0
C02890,L2,FPGA,125.84,1.097,11.2261,11.9672,12.536,14.0069,1.1476,1.2284,1.3186,1.498,Normal,50.0
C02891,L2,DAC,125.38,1.824,12.2912,12.6236,12.9316,14.4635,1.2476,1.3395,1.3341,1.5793,Normal,50.0
C02892,L2,DAC,126.26,1.797,12.3122,13.237,14.2104,15.0301,1.2609,1.4271,1.5391,1.5855,Normal,50.0
C02893,L2,DAC,126.12,1.784,12.0288,13.0313,17.9322,54.0738,1.2739,1.3736,1.9169,7.4949,Absolute_Failure,50.0
C02894,L2,ASIC,126.47,1.171,11.6372,12.1969,12.6251,13.5164,1.228,1.2821,1.3315,1.4413,Normal,50.0
C02895,L2,DAC,125.06,1.804,11.6944,12.6296,15.0595,41.1891,1.1969,1.3439,1.6446,5.246,Sudden_Anomaly,50.0
C02896,L2,FPGA,124.39,1.104,11.572,11.9732,13.002,14.5734,1.1656,1.2612,1.3381,1.547,Normal,50.0
C02897,L2,ASIC,123.74,1.187,11.3717,13.0814,18.9014,59.1904,1.1538,1.4184,2.1007,8.4398,Absolute_Failure,50.0
C02898,L2,ADC,124.8,1.788,12.3784,13.3233,14.298,15.3786,1.3169,1.4314,1.5299,1.652,Normal,50.0
C02899,L2,FPGA,125.68,1.09,11.923,13.6048,18.102,21.6097,1.2283,1.4961,1.9793,2.4355,Latent_Defect,50.0
C02900,L2,ASIC,124.48,1.216,11.6636,12.8576,13.3832,14.9425,1.2253,1.3506,1.4086,1.598,Normal,50.0
C02901,L2,ASIC,125.53,1.2,11.2616,11.8584,15.4865,20.7603,1.1431,1.3051,1.6398,2.3179,Latent_Defect,50.0
C02902,L2,ASIC,124.7,1.202,11.3755,11.389,12.1279,12.7705,1.1891,1.1811,1.2483,1.3375,Normal,50.0
C02903,L2,ASIC,124.97,1.21,11.3053,11.646,15.8883,55.4888,1.1176,1.1643,1.7143,7.7116,Absolute_Failure,50.0
C02904,L2,ADC,124.46,1.784,11.7537,13.083,18.0972,24.3951,1.2373,1.3853,1.9952,2.7883,Latent_Defect,50.0
C02905,L2,ADC,125.35,1.811,11.8313,12.2105,13.2429,36.5653,1.2593,1.2866,1.3998,4.5352,Sudden_Anomaly,50.0
C02906,L2,ADC,124.18,1.794,12.2938,13.2839,17.4451,53.4293,1.2769,1.4112,1.9528,7.3386,Absolute_Failure,50.0
C02907,L2,FPGA,125.36,1.123,11.563,13.0747,17.8842,25.0742,1.1724,1.3718,1.9681,2.8605,Latent_Defect,50.0
C02908,L2,DAC,124.73,1.805,12.0585,12.6054,13.5674,15.2,1.2797,1.2812,1.4537,1.6084,Normal,50.0
C02909,L2,FPGA,124.14,1.104,11.2293,11.6791,12.7881,13.323,1.1225,1.1797,1.3474,1.4333,Normal,50.0
C02910,L2,ASIC,125.41,1.199,11.6253,12.6556,13.2473,13.7091,1.2206,1.3375,1.4343,1.4536,Normal,50.0
C02911,L2,DAC,126.16,1.828,11.8522,12.2562,13.6512,36.2825,1.267,1.3181,1.4507,4.5065,Sudden_Anomaly,50.0
C02912,L2,FPGA,124.33,1.095,11.8219,12.3605,12.869,13.7566,1.2036,1.2999,1.3593,1.459,Normal,50.0
C02913,L2,ASIC,125.63,1.206,11.5502,12.1188,13.0737,14.0098,1.1842,1.2661,1.3813,1.5179,Normal,50.0
C02914,L2,ADC,124.25,1.786,12.7314,12.907,13.0214,13.3537,1.3532,1.3682,1.3731,1.4025,High_Stable,50.0
C02915,L2,ADC,124.87,1.832,11.7142,11.7385,11.8125,11.8745,1.2263,1.2202,1.2113,1.2713,High_Stable,50.0
C02916,L2,FPGA,124.86,1.087,10.9669,12.0032,13.1512,14.4489,1.1596,1.271,1.3916,1.5337,Normal,50.0
C02917,L2,ASIC,123.71,1.188,11.0685,12.1887,12.5708,13.58,1.1878,1.2637,1.3365,1.4656,Normal,50.0
C02918,L2,ADC,126.01,1.817,12.3771,13.5856,14.6089,14.8129,1.2919,1.4288,1.5796,1.5726,Normal,50.0
C02919,L2,FPGA,124.12,1.091,11.0952,11.9819,13.1916,14.438,1.1782,1.2658,1.4252,1.5605,Normal,50.0
C02920,L2,ADC,123.95,1.781,11.3536,12.5888,15.7768,19.3959,1.1678,1.346,1.6767,2.137,Latent_Defect,50.0
C02921,L2,FPGA,125.86,1.092,11.3793,12.3675,12.9489,14.3679,1.1738,1.2826,1.3468,1.5296,Normal,50.0
C02922,L2,ASIC,124.4,1.153,11.9227,12.2312,14.0528,37.8528,1.2505,1.3031,1.5041,4.723,Sudden_Anomaly,50.0
C02923,L2,FPGA,126.06,1.085,11.4828,12.2862,12.8597,14.4087,1.1674,1.2835,1.3512,1.5592,Normal,50.0
C02924,L2,ADC,124.59,1.821,11.6216,11.8492,12.139,13.3612,1.185,1.2174,1.2311,1.3994,Normal,50.0
C02925,L2,ADC,126.52,1.823,11.3832,12.0403,12.6573,14.2285,1.148,1.2564,1.3262,1.5322,Normal,50.0
C02926,L2,FPGA,125.32,1.097,12.0723,13.4852,17.7666,25.2929,1.2908,1.4266,1.9697,2.9042,Latent_Defect,50.0
C02927,L2,ASIC,125.33,1.199,11.1014,12.7132,17.0462,23.844,1.1132,1.3451,1.8503,2.7334,Latent_Defect,50.0
C02928,L2,ASIC,124.67,1.195,11.3655,11.6178,11.8475,12.284,1.2168,1.203,1.2614,1.3439,High_Stable,50.0
C02929,L2,ASIC,123.94,1.191,10.7847,11.5243,12.4214,12.919,1.2143,1.2006,1.2615,1.3349,Normal,50.0
C02930,L2,ADC,123.72,1.808,12.0982,12.6218,13.2153,14.1963,1.2612,1.3109,1.3923,1.5428,Normal,50.0
C02931,L2,ADC,125.14,1.795,11.4776,12.7268,15.7744,21.6262,1.1889,1.3636,1.7306,2.4712,Latent_Defect,50.0
C02932,L2,FPGA,126.0,1.092,11.5199,12.2808,13.4768,14.3806,1.1731,1.2799,1.4107,1.4753,Normal,50.0
C02933,L2,DAC,123.92,1.776,11.8166,12.6359,13.0261,13.5707,1.2425,1.3507,1.4083,1.3978,Normal,50.0
C02934,L2,FPGA,126.58,1.114,11.572,12.7243,13.7967,32.1655,1.1951,1.3319,1.4697,3.8879,Sudden_Anomaly,50.0
C02935,L2,FPGA,126.37,1.1,12.0583,13.1502,14.252,41.0401,1.2481,1.4289,1.5055,5.2648,Sudden_Anomaly,50.0
C02936,L2,FPGA,125.25,1.11,11.8685,12.0607,12.1416,12.7132,1.2402,1.2909,1.2824,1.348,High_Stable,50.0
C02937,L2,DAC,124.81,1.807,11.7794,13.4908,16.1842,22.4861,1.2577,1.4577,1.7107,2.5495,Latent_Defect,50.0
C02938,L2,DAC,125.72,1.805,11.7512,12.5424,13.5035,14.178,1.2267,1.3523,1.437,1.5176,Normal,50.0
C02939,L2,ASIC,124.59,1.224,11.471,12.0537,13.1956,15.1024,1.1923,1.2795,1.3847,1.626,Normal,50.0
C02940,L2,FPGA,124.92,1.091,11.3426,12.8338,13.6744,41.5264,1.1771,1.3372,1.4295,5.3738,Sudden_Anomaly,50.0
C02941,L2,ASIC,124.94,1.213,11.8059,12.6191,13.4418,13.8847,1.2105,1.3335,1.4226,1.5035,Normal,50.0
C02942,L2,FPGA,125.35,1.107,11.778,12.4439,12.9818,14.1069,1.237,1.2687,1.3842,1.4878,Normal,50.0
C02943,L2,ADC,125.23,1.819,12.3665,12.3921,12.5958,12.3287,1.2968,1.2935,1.3541,1.2899,High_Stable,50.0
C02944,L2,ASIC,126.05,1.199,11.2542,11.9242,12.8101,13.6946,1.1456,1.2515,1.3342,1.4418,Normal,50.0
C02945,L2,FPGA,125.46,1.08,11.8836,12.1276,12.3674,12.1757,1.2268,1.2577,1.3132,1.2622,High_Stable,50.0
C02946,L2,ASIC,124.41,1.204,11.4346,11.6618,11.8623,12.3512,1.149,1.1647,1.2114,1.2424,High_Stable,50.0
C02947,L2,FPGA,125.77,1.104,11.6722,12.0066,12.2478,13.3741,1.2237,1.2952,1.301,1.4214,Normal,50.0
C02948,L2,FPGA,124.65,1.096,11.6703,12.2184,13.4009,14.3428,1.2315,1.2927,1.405,1.5206,Normal,50.0
C02949,L2,ADC,124.59,1.815,11.9772,12.7938,13.4024,14.7283,1.2654,1.3716,1.3666,1.5528,Normal,50.0
C02950,L2,ASIC,125.38,1.231,11.1859,12.0404,13.1418,13.6996,1.1413,1.2549,1.3607,1.4762,Normal,50.0
C02951,L2,DAC,123.82,1.803,11.9749,12.8216,13.8911,15.0842,1.2306,1.345,1.4281,1.5561,Normal,50.0
C02952,L2,FPGA,124.87,1.074,11.3091,11.6787,12.3719,13.849,1.2117,1.1906,1.2712,1.4336,Normal,50.0
C02953,L2,FPGA,125.6,1.122,11.6875,13.4593,20.7605,58.0464,1.2224,1.4171,2.2873,8.2317,Absolute_Failure,50.0
C02954,L2,DAC,125.07,1.805,11.9356,12.3235,13.0438,13.7906,1.2478,1.2622,1.403,1.4439,Normal,50.0
C02955,L2,ASIC,124.57,1.174,11.5852,12.0924,12.7629,13.6763,1.202,1.3077,1.3277,1.4454,Normal,50.0
C02956,L2,ASIC,124.25,1.176,11.3854,12.5585,16.8093,23.7505,1.1135,1.3265,1.7962,2.7236,Latent_Defect,50.0
C02957,L2,DAC,125.17,1.793,11.6655,11.9137,12.7207,14.0913,1.1605,1.2518,1.3178,1.4964,Normal,50.0
C02958,L2,FPGA,126.49,1.094,11.8011,12.5308,15.6839,58.5168,1.2124,1.3214,1.6945,8.2852,Absolute_Failure,50.0
C02959,L2,ASIC,126.76,1.191,11.2455,13.282,22.5704,56.4862,1.1828,1.4412,2.5303,7.9137,Absolute_Failure,50.0
C02960,L2,FPGA,124.62,1.085,11.7313,12.2177,12.5153,13.5437,1.2368,1.3136,1.2848,1.4427,Normal,50.0
C02961,L2,DAC,124.3,1.781,12.1659,13.3536,14.399,14.6627,1.2666,1.4309,1.5071,1.5945,Normal,50.0
C02962,L2,ADC,125.45,1.797,11.5482,12.6229,17.1135,23.4723,1.2346,1.3218,1.8806,2.7287,Latent_Defect,50.0
C02963,L2,FPGA,125.57,1.118,11.1067,12.0274,15.0538,53.8917,1.1679,1.2828,1.5975,7.4381,Absolute_Failure,50.0
C02964,L2,ADC,124.68,1.781,11.874,14.6897,22.1487,52.3449,1.2179,1.5787,2.527,7.1391,Absolute_Failure,50.0
C02965,L2,ASIC,124.16,1.227,10.9804,12.1956,12.8233,13.5963,1.147,1.2849,1.3365,1.4532,Normal,50.0
C02966,L2,DAC,124.25,1.793,12.2006,13.5841,16.7766,21.6267,1.2696,1.4366,1.8775,2.4163,Latent_Defect,50.0
C02967,L2,ADC,125.85,1.812,11.8589,12.7165,13.5347,14.8649,1.2529,1.355,1.441,1.5863,Normal,50.0
C02968,L2,ADC,124.3,1.817,12.2443,13.2232,14.5045,14.62,1.2627,1.4003,1.5532,1.5776,Normal,50.0
C02969,L2,DAC,125.57,1.769,12.395,13.0721,13.6219,15.0356,1.3111,1.3799,1.4546,1.6143,Normal,50.0
C02970,L2,ASIC,125.54,1.216,11.137,11.67,12.8303,13.6237,1.1741,1.2248,1.3449,1.4293,Normal,50.0
C02971,L2,ASIC,125.07,1.184,11.7938,12.5136,14.8557,39.8601,1.2551,1.3114,1.5419,5.0778,Sudden_Anomaly,50.0
C02972,L2,ADC,124.92,1.782,12.0742,12.3366,12.5,12.6811,1.3093,1.3343,1.294,1.3395,High_Stable,50.0
C02973,L2,ADC,124.58,1.798,11.8417,12.9727,13.5809,14.0071,1.2632,1.3813,1.4298,1.4948,Normal,50.0
C02974,L2,FPGA,124.83,1.108,11.3863,12.3924,15.2869,53.203,1.169,1.3158,1.568,7.3342,Absolute_Failure,50.0
C02975,L2,ADC,124.37,1.829,11.2216,12.8658,16.5742,20.4236,1.1749,1.3864,1.786,2.2474,Latent_Defect,50.0
C02976,L2,ASIC,125.24,1.212,11.5837,13.0662,18.9094,50.615,1.2228,1.3811,2.0638,6.8789,Absolute_Failure,50.0
C02977,L2,DAC,125.83,1.765,11.9231,12.8119,14.0176,14.6868,1.2735,1.3177,1.4667,1.5599,Normal,50.0
C02978,L2,FPGA,124.59,1.116,11.7959,12.3964,12.392,13.2644,1.238,1.3223,1.2963,1.3857,Normal,50.0
C02979,L2,ADC,124.43,1.809,12.3575,14.343,20.3876,53.7541,1.2618,1.5176,2.2665,7.3924,Absolute_Failure,50.0
C02980,L2,FPGA,124.36,1.073,11.6215,12.2962,13.3875,30.5595,1.2155,1.2971,1.3891,3.6124,Sudden_Anomaly,50.0
C02981,L2,ASIC,126.67,1.188,11.682,11.678,11.7772,11.7615,1.208,1.1609,1.1832,1.1956,High_Stable,50.0
C02982,L2,DAC,124.88,1.81,12.076,13.9345,14.6601,29.2631,1.2608,1.4616,1.5864,3.5123,Sudden_Anomaly,50.0
C02983,L2,ASIC,124.45,1.207,12.1676,13.9419,20.7023,51.5282,1.2854,1.4736,2.3129,7.0164,Absolute_Failure,50.0
C02984,L2,ASIC,125.06,1.195,11.3962,12.4147,13.6955,29.2216,1.1738,1.3121,1.4869,3.4662,Sudden_Anomaly,50.0
C02985,L2,DAC,124.82,1.813,12.9557,13.3477,13.5969,14.3395,1.3405,1.4201,1.4436,1.5488,High_Stable,50.0
C02986,L2,ASIC,125.29,1.212,11.2363,11.907,15.6843,18.9422,1.1676,1.2174,1.6863,2.109,Latent_Defect,50.0
C02987,L2,FPGA,124.55,1.112,11.6667,12.6717,13.0824,13.9047,1.2485,1.3375,1.4104,1.501,Normal,50.0
C02988,L2,ADC,124.56,1.814,12.1258,13.0935,13.3318,13.9428,1.2656,1.3696,1.4285,1.4448,Normal,50.0
C02989,L2,DAC,124.36,1.787,12.1184,14.4991,21.0232,53.0197,1.2375,1.5968,2.3723,7.2919,Absolute_Failure,50.0
C02990,L2,DAC,124.88,1.796,12.1133,13.0578,13.5518,14.044,1.3143,1.3873,1.4795,1.4851,Normal,50.0
C02991,L2,FPGA,125.36,1.117,11.6003,12.4144,17.3648,22.7606,1.245,1.3132,1.8531,2.5687,Latent_Defect,50.0
C02992,L2,ASIC,125.01,1.22,11.3655,12.2863,12.6171,13.2419,1.2084,1.3065,1.3039,1.4008,Normal,50.0
C02993,L2,FPGA,123.67,1.127,11.792,13.0376,13.7321,14.6154,1.2677,1.3921,1.449,1.5737,Normal,50.0
C02994,L2,ASIC,125.39,1.211,11.8251,12.3685,13.6288,14.6983,1.2564,1.2873,1.4519,1.5491,Normal,50.0
C02995,L2,ADC,124.91,1.787,11.3816,11.6876,11.9668,12.9724,1.2054,1.2173,1.2784,1.3832,Normal,50.0
C02996,L2,ASIC,125.14,1.183,11.2855,12.3123,12.7789,13.5476,1.1935,1.2979,1.325,1.4129,Normal,50.0
C02997,L2,ADC,125.73,1.801,11.9815,12.1582,12.1639,12.4021,1.2906,1.239,1.2439,1.3017,High_Stable,50.0
C02998,L2,DAC,125.45,1.818,12.1654,13.1016,13.37,13.9019,1.3048,1.3951,1.4621,1.4706,Normal,50.0
C02999,L2,FPGA,123.77,1.09,11.7773,12.8509,13.782,15.0129,1.2475,1.3429,1.483,1.6465,Normal,50.0
C03000,L2,ADC,125.94,1.804,11.3796,12.836,15.3877,30.353,1.1783,1.317,1.6061,3.6146,Sudden_Anomaly,50.0
C03001,L2,ASIC,124.38,1.204,11.9458,12.7673,13.4106,14.6234,1.2529,1.3285,1.4281,1.5049,Normal,50.0
C03002,L2,FPGA,123.68,1.105,11.9548,12.3641,13.3281,14.0403,1.2374,1.2716,1.3989,1.4888,Normal,50.0
C03003,L2,FPGA,124.93,1.091,11.4431,12.0302,12.4811,13.6082,1.1232,1.2497,1.2961,1.4439,Normal,50.0
C03004,L2,FPGA,125.74,1.111,12.2946,12.319,12.3788,12.3356,1.2518,1.2964,1.3228,1.3035,High_Stable,50.0
C03005,L2,FPGA,125.19,1.11,11.6747,12.4633,13.3354,13.8325,1.2043,1.3272,1.3735,1.4629,Normal,50.0
C03006,L2,DAC,124.19,1.78,12.1195,13.7856,16.232,20.2712,1.2831,1.4055,1.7351,2.2525,Latent_Defect,50.0
C03007,L2,FPGA,125.49,1.099,12.2366,12.7828,13.1158,14.4979,1.22,1.3408,1.4208,1.5553,Normal,50.0
C03008,L2,DAC,123.82,1.811,12.7105,12.9898,13.2489,13.2888,1.3076,1.3471,1.404,1.3746,High_Stable,50.0
C03009,L2,FPGA,124.93,1.105,11.7267,12.3788,12.8749,14.2621,1.2091,1.3164,1.3678,1.5149,Normal,50.0
C03010,L2,FPGA,124.07,1.099,11.4585,12.478,12.7776,13.9719,1.1621,1.3227,1.3067,1.4136,Normal,50.0
C03011,L2,FPGA,124.55,1.093,11.3441,11.5879,12.0525,13.2726,1.1838,1.2273,1.2585,1.4366,Normal,50.0
C03012,L2,DAC,125.66,1.811,12.1596,13.3247,17.467,24.0426,1.268,1.4338,1.8876,2.7762,Latent_Defect,50.0
C03013,L2,ADC,124.77,1.819,11.7158,12.2645,12.9155,13.6206,1.2013,1.3638,1.3259,1.4579,Normal,50.0
C03014,L2,ADC,126.22,1.792,11.171,12.5617,17.0065,20.9529,1.1473,1.2639,1.8413,2.3349,Latent_Defect,50.0
C03015,L2,FPGA,127.02,1.11,11.4717,11.8401,12.7369,13.3527,1.2268,1.2334,1.3315,1.3835,Normal,50.0
C03016,L2,DAC,124.41,1.782,11.7868,12.482,13.6732,13.9247,1.2534,1.2809,1.4496,1.4478,Normal,50.0
C03017,L2,ADC,125.51,1.808,11.844,12.0425,12.08,12.2709,1.2432,1.2685,1.243,1.2766,High_Stable,50.0
C03018,L2,ADC,125.07,1.788,11.0257,11.5054,12.425,14.1957,1.1394,1.2126,1.2932,1.4926,Normal,50.0
C03019,L2,ADC,125.66,1.781,11.4401,12.5946,20.054,52.4394,1.2258,1.3237,2.2452,7.1869,Absolute_Failure,50.0
C03020,L2,ASIC,124.29,1.199,11.6654,12.5828,13.3938,14.4426,1.2401,1.3114,1.4047,1.5933,Normal,50.0
C03021,L2,DAC,125.96,1.792,12.371,13.4096,14.6547,15.7556,1.2885,1.4085,1.5151,1.6715,Normal,50.0
C03022,L2,FPGA,125.69,1.114,11.454,11.511,11.4485,11.2665,1.2161,1.2432,1.2116,1.1776,High_Stable,50.0
C03023,L2,DAC,125.47,1.812,12.1041,13.68,14.3839,37.1597,1.327,1.4668,1.5613,4.6574,Sudden_Anomaly,50.0
C03024,L2,FPGA,125.19,1.107,11.431,12.7332,12.9721,13.8958,1.2196,1.3387,1.4022,1.4639,Normal,50.0
C03025,L2,DAC,125.09,1.794,11.9143,12.9987,18.9197,55.5048,1.2506,1.3868,2.1025,7.7429,Absolute_Failure,50.0
C03026,L2,ADC,124.76,1.807,11.5242,12.8101,13.1286,14.2384,1.1666,1.3644,1.3697,1.501,Normal,50.0
C03027,L2,DAC,125.63,1.81,11.3536,12.5843,17.1929,22.4685,1.1553,1.2918,1.8762,2.565,Latent_Defect,50.0
C03028,L2,DAC,125.26,1.808,11.9155,12.099,12.5063,13.8956,1.2182,1.2604,1.3255,1.4539,Normal,50.0
C03029,L2,FPGA,124.51,1.081,11.9034,12.1607,12.4271,13.1806,1.2036,1.2581,1.3021,1.4023,Normal,50.0
C03030,L2,ASIC,126.25,1.188,11.5801,12.382,13.0388,25.5795,1.2199,1.3233,1.3889,2.9558,Sudden_Anomaly,50.0
C03031,L2,ADC,124.05,1.799,12.5217,12.751,12.97,14.4873,1.2916,1.3575,1.3697,1.5531,Normal,50.0
C03032,L2,ASIC,124.52,1.185,11.3491,11.9194,12.5032,13.9655,1.1166,1.2392,1.3367,1.4831,Normal,50.0
C03033,L2,FPGA,125.28,1.115,11.9119,12.6661,13.1359,14.299,1.2151,1.3526,1.3965,1.5059,Normal,50.0
C03034,L2,FPGA,124.53,1.092,11.6667,12.0136,13.0332,14.4988,1.2249,1.2144,1.3782,1.5462,Normal,50.0
C03035,L2,ADC,124.15,1.807,11.1902,12.2034,12.7439,13.7246,1.1392,1.2914,1.3375,1.3593,Normal,50.0
C03036,L2,FPGA,125.45,1.116,11.9117,12.0588,13.2225,14.6995,1.2381,1.2545,1.3701,1.5851,Normal,50.0
C03037,L2,ADC,125.27,1.801,11.684,12.8738,14.5534,17.4912,1.21,1.3873,1.5344,1.8898,Latent_Defect,50.0
C03038,L2,DAC,124.07,1.786,11.8774,11.7089,11.6223,11.7483,1.2522,1.2252,1.2328,1.1912,High_Stable,50.0
C03039,L2,ASIC,126.64,1.201,11.6235,12.5171,13.0137,13.4615,1.1722,1.3185,1.3664,1.4608,Normal,50.0
C03040,L2,FPGA,125.97,1.118,11.7646,11.8879,12.0144,12.0771,1.2506,1.2278,1.2249,1.281,High_Stable,50.0
C03041,L2,ASIC,125.29,1.183,11.4934,12.2328,13.8268,31.7568,1.1925,1.2652,1.4562,3.8418,Sudden_Anomaly,50.0
C03042,L2,ASIC,126.65,1.171,12.3713,12.3459,12.3529,12.4218,1.3025,1.3172,1.3027,1.3149,High_Stable,50.0
C03043,L2,ASIC,125.68,1.197,11.1861,13.3933,18.7546,57.5011,1.1244,1.4319,2.0246,8.124,Absolute_Failure,50.0
C03044,L2,ASIC,124.24,1.221,11.1647,12.5989,21.6945,59.1661,1.1877,1.3211,2.4432,8.4118,Absolute_Failure,50.0
C03045,L2,FPGA,124.71,1.111,11.1752,12.5606,17.4097,23.2083,1.158,1.3427,1.9256,2.6683,Latent_Defect,50.0
C03046,L2,DAC,124.38,1.813,12.6371,12.6541,12.6667,12.8854,1.3017,1.3135,1.3318,1.4023,High_Stable,50.0
C03047,L2,FPGA,124.19,1.08,11.2539,12.7289,13.5104,14.0266,1.1587,1.3645,1.4278,1.5276,Normal,50.0
C03048,L2,ASIC,125.73,1.173,10.8135,11.136,12.0516,12.4806,1.1414,1.108,1.2599,1.3228,Normal,50.0
C03049,L2,ADC,124.55,1.774,11.6107,12.3048,13.1238,14.1925,1.1903,1.3029,1.4121,1.5072,Normal,50.0
C03050,L2,ADC,124.74,1.79,11.8618,12.4904,13.4484,14.975,1.2222,1.3346,1.3991,1.6249,Normal,50.0
C03051,L2,ASIC,125.61,1.218,10.9581,11.711,18.8936,59.6199,1.1227,1.2117,2.1109,8.5314,Absolute_Failure,50.0
C03052,L2,FPGA,124.6,1.112,12.0285,13.6121,21.4231,56.2857,1.2504,1.4396,2.4058,7.9,Absolute_Failure,50.0
C03053,L2,ASIC,124.99,1.199,12.3353,12.8096,13.5675,14.5185,1.3232,1.3571,1.4385,1.526,Normal,50.0
C03054,L2,FPGA,124.37,1.1,11.3144,11.9769,12.0603,13.6756,1.1909,1.2572,1.3032,1.4494,Normal,50.0
C03055,L2,DAC,125.48,1.813,11.7767,12.6353,12.7502,13.2988,1.2306,1.3588,1.3678,1.4202,Normal,50.0
C03056,L2,ADC,124.14,1.795,11.8129,12.5034,12.7307,13.4064,1.254,1.337,1.3297,1.4166,Normal,50.0
C03057,L2,ADC,123.61,1.81,11.6494,12.3054,13.1505,14.3923,1.2043,1.2952,1.4073,1.5277,Normal,50.0
C03058,L2,FPGA,124.9,1.108,10.9861,11.6011,11.6752,12.4887,1.1327,1.1984,1.2149,1.374,Normal,50.0
C03059,L2,DAC,124.97,1.757,11.7016,12.4038,14.4917,35.8266,1.2004,1.3104,1.5351,4.3911,Sudden_Anomaly,50.0
C03060,L2,FPGA,125.64,1.099,11.0965,12.7385,14.9968,21.0151,1.1542,1.3565,1.6001,2.3143,Latent_Defect,50.0
C03061,L2,FPGA,124.94,1.076,11.5004,13.6877,21.7496,55.1813,1.1716,1.4538,2.4346,7.6676,Absolute_Failure,50.0
C03062,L2,FPGA,126.1,1.092,11.6966,12.3373,12.9295,14.3855,1.1929,1.2678,1.3607,1.5294,Normal,50.0
C03063,L2,ASIC,124.71,1.203,11.6255,12.917,13.2125,13.6067,1.2586,1.4115,1.3683,1.4305,Normal,50.0
C03064,L2,FPGA,125.7,1.111,10.8624,11.6436,11.9872,12.4767,1.0917,1.197,1.2631,1.3246,Normal,50.0
C03065,L2,ASIC,125.79,1.214,12.0042,13.287,15.7458,33.743,1.2958,1.3509,1.6776,4.1276,Sudden_Anomaly,50.0
C03066,L2,ASIC,125.56,1.179,11.7998,12.5759,13.1641,14.1234,1.2251,1.3228,1.3851,1.5005,Normal,50.0
C03067,L2,ADC,123.84,1.805,12.4392,14.8518,24.4857,59.5928,1.3325,1.5848,2.82,8.5226,Absolute_Failure,50.0
C03068,L2,ASIC,124.52,1.223,11.8194,12.7075,13.7072,15.2338,1.1818,1.332,1.4253,1.6555,Normal,50.0
C03069,L2,ASIC,124.86,1.189,12.0698,12.3938,13.4773,14.0068,1.2132,1.2992,1.473,1.4644,Normal,50.0
C03070,L2,DAC,125.94,1.811,12.3466,13.795,17.3536,22.7907,1.2632,1.4446,1.9035,2.5665,Latent_Defect,50.0
C03071,L2,ADC,124.32,1.798,11.5401,12.6946,13.473,14.027,1.2288,1.3851,1.4169,1.5358,Normal,50.0
C03072,L2,DAC,124.91,1.825,12.3186,14.2249,21.8976,57.6417,1.2995,1.5353,2.457,8.1581,Absolute_Failure,50.0
C03073,L2,ADC,124.73,1.814,11.3464,13.1367,21.9614,58.0304,1.1941,1.3874,2.4683,8.1736,Absolute_Failure,50.0
C03074,L2,FPGA,125.52,1.103,11.3387,12.3092,13.4604,13.9358,1.1689,1.3029,1.4172,1.4918,Normal,50.0
C03075,L2,ASIC,125.24,1.205,11.3012,11.741,12.75,13.1473,1.1483,1.1971,1.3308,1.3959,Normal,50.0
C03076,L2,FPGA,125.01,1.093,12.1647,12.1695,12.4546,12.3475,1.2719,1.2817,1.3574,1.2799,High_Stable,50.0
C03077,L2,FPGA,126.65,1.091,11.6915,13.1318,13.0166,14.1765,1.2137,1.3821,1.3991,1.4964,Normal,50.0
C03078,L2,FPGA,125.49,1.113,11.6554,12.4183,13.255,13.5903,1.226,1.2912,1.4377,1.4522,Normal,50.0
C03079,L2,ASIC,124.27,1.198,11.8107,11.7459,11.6267,11.7645,1.2822,1.222,1.2033,1.2495,High_Stable,50.0
C03080,L2,ADC,125.33,1.803,11.5278,12.2885,13.0871,13.5879,1.1929,1.2761,1.3795,1.4477,Normal,50.0
C03081,L2,ASIC,125.36,1.204,11.4588,11.9474,12.6132,13.6562,1.2094,1.2353,1.3075,1.4571,Normal,50.0
C03082,L2,FPGA,126.28,1.093,11.5447,12.3852,12.9068,13.041,1.1839,1.3003,1.342,1.3672,Normal,50.0
C03083,L2,DAC,124.93,1.807,11.6762,12.5047,13.8005,14.6666,1.2504,1.3178,1.4584,1.6054,Normal,50.0
C03084,L2,FPGA,125.56,1.12,11.283,11.835,12.6451,13.1313,1.2377,1.2026,1.3303,1.4157,Normal,50.0
C03085,L2,DAC,125.55,1.796,12.3688,13.1038,14.112,15.1712,1.2916,1.3519,1.5231,1.6235,Normal,50.0
C03086,L2,DAC,124.44,1.787,12.3851,12.3878,12.5406,12.5173,1.3414,1.2691,1.3373,1.2955,High_Stable,50.0
C03087,L2,FPGA,125.86,1.074,11.7949,12.0152,12.0645,12.2155,1.2163,1.2394,1.2511,1.2615,High_Stable,50.0
C03088,L2,FPGA,124.12,1.106,11.5134,12.227,12.9469,14.163,1.193,1.2497,1.342,1.5379,Normal,50.0
C03089,L2,ASIC,125.11,1.191,11.0917,11.4159,12.0921,12.8409,1.1412,1.1529,1.2274,1.3326,Normal,50.0
C03090,L2,ADC,124.15,1.778,12.0239,12.4293,13.2368,14.1981,1.2756,1.3111,1.4129,1.4877,Normal,50.0
C03091,L2,FPGA,125.67,1.09,11.2954,11.8303,13.0673,14.0996,1.1916,1.2181,1.388,1.5569,Normal,50.0
C03092,L2,FPGA,125.42,1.086,11.7254,12.0459,12.0385,12.1551,1.1814,1.2404,1.1984,1.3288,High_Stable,50.0
C03093,L2,FPGA,125.43,1.108,11.3848,12.327,12.8867,13.7348,1.1493,1.3575,1.3475,1.4382,Normal,50.0
C03094,L2,DAC,124.58,1.806,12.0253,13.1073,13.729,14.0758,1.2688,1.4111,1.432,1.5012,Normal,50.0
C03095,L2,FPGA,125.13,1.116,11.213,11.753,13.1485,13.7125,1.1598,1.1903,1.3731,1.4787,Normal,50.0
C03096,L2,DAC,124.96,1.785,11.9146,12.3233,12.9789,13.0607,1.23,1.2472,1.3799,1.3605,Normal,50.0
C03097,L2,FPGA,125.27,1.088,12.0175,12.0599,12.1176,12.6452,1.2801,1.2579,1.2114,1.3002,High_Stable,50.0
C03098,L2,ASIC,124.74,1.198,11.788,13.0119,13.7025,14.5152,1.2498,1.3721,1.4457,1.5042,Normal,50.0
C03099,L2,ADC,124.24,1.781,12.0491,13.1995,13.9789,14.5696,1.2428,1.3632,1.5065,1.5627,Normal,50.0
C03100,L2,DAC,123.9,1.803,12.0888,12.8222,13.4229,13.5829,1.239,1.3277,1.43,1.4412,Normal,50.0
C03101,L2,DAC,125.92,1.822,12.3748,12.8872,13.2707,14.1026,1.3225,1.3468,1.3902,1.5094,Normal,50.0
C03102,L2,ADC,124.75,1.793,11.9985,12.9,13.3573,14.2402,1.282,1.309,1.4252,1.4988,Normal,50.0
C03103,L2,ASIC,125.28,1.22,11.5364,11.7843,11.7553,11.7881,1.2466,1.2307,1.2329,1.2447,High_Stable,50.0
C03104,L2,FPGA,124.95,1.09,11.6391,12.4419,13.4234,14.1065,1.2011,1.313,1.3825,1.4934,Normal,50.0
C03105,L2,DAC,126.56,1.813,12.2021,12.932,14.0222,14.4522,1.2918,1.4132,1.5251,1.5485,Normal,50.0
C03106,L2,ASIC,125.63,1.22,11.5098,11.5547,11.6438,12.0038,1.1791,1.1829,1.2245,1.2628,High_Stable,50.0
C03107,L2,ASIC,125.75,1.185,11.668,11.9284,13.1641,13.7791,1.2017,1.2348,1.4321,1.4445,Normal,50.0
C03108,L2,ASIC,125.7,1.222,10.9453,11.5273,12.4721,14.2562,1.1239,1.1806,1.301,1.5024,Normal,50.0
C03109,L2,ADC,125.78,1.792,11.9982,12.2854,12.5567,13.2379,1.2478,1.2771,1.2605,1.3935,Normal,50.0
C03110,L2,ASIC,125.5,1.194,11.6273,14.1361,22.9533,57.0338,1.2296,1.544,2.5457,8.042,Absolute_Failure,50.0
C03111,L2,FPGA,125.64,1.099,11.4528,12.7123,16.9073,24.0552,1.1981,1.3529,1.862,2.7575,Latent_Defect,50.0
C03112,L2,FPGA,125.8,1.1,11.2652,11.4372,12.262,13.9397,1.1739,1.2063,1.2735,1.4754,Normal,50.0
C03113,L2,FPGA,126.07,1.079,11.428,11.52,11.4337,11.9101,1.1864,1.2327,1.1546,1.2575,High_Stable,50.0
C03114,L2,ADC,126.76,1.774,12.1519,12.35,12.4235,12.6823,1.3208,1.3116,1.2842,1.3523,High_Stable,50.0
C03115,L2,DAC,124.51,1.808,11.9904,12.663,13.3497,14.7275,1.2382,1.2934,1.3857,1.5925,Normal,50.0
C03116,L2,FPGA,125.82,1.1,10.915,11.5639,12.3079,13.1511,1.1072,1.1642,1.2905,1.4067,Normal,50.0
C03117,L2,ASIC,123.71,1.221,11.4695,11.5063,11.7961,12.2349,1.1967,1.1917,1.2431,1.2762,High_Stable,50.0
C03118,L2,DAC,125.51,1.815,12.2449,12.434,12.4341,12.4138,1.3079,1.254,1.3088,1.3384,High_Stable,50.0
C03119,L2,FPGA,125.86,1.099,12.2949,13.3983,14.065,14.8904,1.2909,1.4318,1.4997,1.6307,Normal,50.0
C03120,L2,ADC,124.85,1.832,12.2295,12.2901,12.4769,12.7766,1.2931,1.2964,1.324,1.3548,High_Stable,50.0
C03121,L2,ADC,124.43,1.796,11.6747,12.8071,13.0072,13.872,1.2334,1.3283,1.3677,1.4647,Normal,50.0
C03122,L2,ASIC,124.39,1.197,11.768,12.5915,12.7233,14.4318,1.2292,1.3339,1.3437,1.521,Normal,50.0
C03123,L2,DAC,124.54,1.777,11.8931,12.9977,14.6183,34.8372,1.219,1.3273,1.6036,4.2544,Sudden_Anomaly,50.0
C03124,L2,FPGA,124.77,1.096,11.9582,12.6511,13.0063,14.1021,1.2478,1.3169,1.3314,1.4665,Normal,50.0
C03125,L2,ADC,124.99,1.812,11.2149,12.0995,12.2932,12.9863,1.1557,1.2749,1.2808,1.3307,Normal,50.0
C03126,L2,FPGA,125.14,1.085,11.8633,12.7461,19.4086,57.2911,1.2203,1.3387,2.1679,8.1,Absolute_Failure,50.0
C03127,L2,ADC,124.68,1.817,12.1473,12.7917,13.6165,14.9385,1.302,1.3505,1.4465,1.5728,Normal,50.0
C03128,L2,FPGA,124.69,1.096,11.8194,12.8906,13.7553,14.4838,1.1659,1.3801,1.4791,1.579,Normal,50.0
C03129,L2,ADC,124.44,1.815,11.3137,12.0406,12.8173,14.366,1.1736,1.3257,1.3457,1.5486,Normal,50.0
C03130,L2,ADC,125.27,1.793,12.3715,13.2402,14.3021,30.189,1.2656,1.4487,1.559,3.6003,Sudden_Anomaly,50.0
C03131,L2,FPGA,126.57,1.117,11.9924,12.6604,13.565,14.9384,1.2603,1.2964,1.4257,1.5642,Normal,50.0
C03132,L2,DAC,124.62,1.815,11.8974,12.6608,13.6583,14.7435,1.262,1.386,1.4186,1.5804,Normal,50.0
C03133,L2,ASIC,124.74,1.191,11.5273,12.3933,13.438,13.9896,1.197,1.2576,1.3823,1.4663,Normal,50.0
C03134,L2,ASIC,124.34,1.202,11.5993,11.5526,11.8513,11.5066,1.2263,1.1751,1.2235,1.2342,High_Stable,50.0
C03135,L2,ADC,126.09,1.795,12.098,12.3858,12.5816,14.295,1.3089,1.3026,1.2775,1.5022,Normal,50.0
C03136,L2,FPGA,124.86,1.087,11.5927,12.873,13.8426,14.7607,1.2189,1.3592,1.4759,1.5781,Normal,50.0
C03137,L2,ADC,124.09,1.786,12.0154,12.0357,11.9628,12.4334,1.2558,1.3002,1.2354,1.3256,High_Stable,50.0
C03138,L2,ADC,126.26,1.817,11.5714,12.7733,14.0069,14.6202,1.2351,1.3696,1.4735,1.5051,Normal,50.0
C03139,L2,FPGA,124.39,1.076,11.9468,13.0153,16.3145,22.7181,1.2351,1.3925,1.7526,2.5891,Latent_Defect,50.0
C03140,L2,FPGA,125.1,1.11,11.1505,12.1215,12.7349,14.0753,1.1667,1.2753,1.3371,1.4801,Normal,50.0
C03141,L2,FPGA,126.08,1.09,11.857,11.9253,11.9735,11.9692,1.2431,1.2421,1.2798,1.2729,High_Stable,50.0
C03142,L2,DAC,123.96,1.809,11.9,12.0933,13.5196,37.033,1.2454,1.2636,1.4062,4.6675,Sudden_Anomaly,50.0
C03143,L2,ASIC,124.54,1.202,11.1687,11.5233,12.7831,26.2062,1.1526,1.2127,1.3565,3.03,Sudden_Anomaly,50.0
C03144,L2,FPGA,125.14,1.094,11.6003,12.1187,12.9163,13.8266,1.1894,1.2457,1.3851,1.4586,Normal,50.0
C03145,L2,FPGA,126.11,1.105,11.0826,12.187,13.4429,14.4851,1.144,1.3123,1.4088,1.5632,Normal,50.0
C03146,L2,FPGA,125.91,1.106,11.029,11.6321,12.5463,12.947,1.1588,1.2333,1.3152,1.3568,Normal,50.0
C03147,L2,ASIC,124.66,1.199,12.2555,13.26,13.6519,14.2055,1.2776,1.3979,1.4288,1.5431,Normal,50.0
C03148,L2,FPGA,125.9,1.11,11.4221,12.2658,13.4972,14.2636,1.2116,1.2426,1.4573,1.4847,Normal,50.0
C03149,L2,DAC,124.63,1.788,11.9263,12.5053,12.9462,13.8809,1.2673,1.3261,1.3109,1.4712,Normal,50.0
C03150,L2,DAC,125.29,1.797,12.184,12.3953,12.9307,13.8727,1.2737,1.279,1.3582,1.5051,Normal,50.0
C03151,L2,ASIC,125.11,1.197,11.9806,13.2667,17.8627,23.5752,1.2537,1.3976,1.9095,2.7115,Latent_Defect,50.0
C03152,L2,ASIC,124.26,1.205,10.7664,12.5698,18.8156,53.6449,1.1163,1.2874,2.0363,7.371,Absolute_Failure,50.0
C03153,L2,ADC,124.63,1.794,11.215,11.8992,12.4675,13.1471,1.1667,1.2309,1.3416,1.39,Normal,50.0
C03154,L2,ASIC,123.98,1.191,11.3397,12.5561,16.3347,22.244,1.154,1.2715,1.7734,2.5387,Latent_Defect,50.0
C03155,L2,DAC,125.56,1.785,11.7116,12.4749,13.4506,14.7702,1.2696,1.3221,1.4038,1.5657,Normal,50.0
C03156,L2,FPGA,126.13,1.099,11.2149,11.2344,12.696,30.16,1.1062,1.1681,1.354,3.5576,Sudden_Anomaly,50.0
C03157,L2,ADC,125.25,1.792,11.8571,12.2795,12.9209,14.058,1.2489,1.3212,1.3715,1.5398,Normal,50.0
C03158,L2,ADC,125.0,1.806,12.1644,12.18,12.225,12.0164,1.2491,1.2555,1.2699,1.2428,High_Stable,50.0
C03159,L2,FPGA,125.92,1.089,11.6552,12.0858,12.6427,13.7622,1.2373,1.2518,1.3588,1.427,Normal,50.0
C03160,L2,ASIC,125.23,1.183,11.0692,11.93,12.7553,13.1948,1.1588,1.2248,1.3403,1.4543,Normal,50.0
C03161,L2,ASIC,125.24,1.198,11.5727,12.2974,13.3591,14.0429,1.1602,1.3015,1.4108,1.5479,Normal,50.0
C03162,L2,ADC,125.31,1.792,11.8871,13.6453,15.529,28.8512,1.2209,1.4794,1.6942,3.4083,Sudden_Anomaly,50.0
C03163,L2,ASIC,125.23,1.201,11.5384,11.9006,13.0944,14.5461,1.2195,1.2767,1.4166,1.5687,Normal,50.0
C03164,L2,ASIC,125.27,1.191,11.8628,12.9593,16.7038,55.4091,1.1696,1.352,1.8118,7.7825,Absolute_Failure,50.0
C03165,L2,DAC,125.13,1.787,11.6882,12.4155,12.8431,14.2274,1.2529,1.2982,1.3514,1.5032,Normal,50.0
C03166,L2,ASIC,124.12,1.16,11.8439,11.8505,12.0448,12.3374,1.2765,1.2407,1.2126,1.2677,High_Stable,50.0
C03167,L2,ASIC,125.19,1.191,11.1848,12.1267,14.6286,32.952,1.1686,1.2669,1.5436,4.0159,Sudden_Anomaly,50.0
C03168,L2,FPGA,124.94,1.091,11.1016,11.3192,11.8641,12.4424,1.1687,1.2138,1.2169,1.317,Normal,50.0
C03169,L2,DAC,125.18,1.796,12.2062,12.3166,12.4811,12.523,1.2954,1.2822,1.3267,1.3648,High_Stable,50.0
C03170,L2,FPGA,123.67,1.098,11.6259,12.2613,12.8365,13.5576,1.1748,1.2855,1.327,1.4228,Normal,50.0
C03171,L2,DAC,124.34,1.794,11.8513,12.4532,12.5671,13.3253,1.2262,1.2764,1.3023,1.3766,Normal,50.0
C03172,L2,FPGA,124.6,1.119,11.3839,12.3359,13.1002,14.2974,1.1604,1.2938,1.3366,1.5209,Normal,50.0
C03173,L2,ADC,125.16,1.785,11.8586,12.5903,13.5892,14.5731,1.259,1.3205,1.4154,1.5505,Normal,50.0
C03174,L2,ADC,126.31,1.782,11.6699,11.9305,12.7536,14.0627,1.2254,1.2301,1.378,1.4755,Normal,50.0
C03175,L2,DAC,125.12,1.819,12.1986,15.109,23.7649,54.7172,1.3193,1.5776,2.7404,7.5564,Absolute_Failure,50.0
C03176,L2,FPGA,124.43,1.098,11.2334,12.3297,14.8309,20.514,1.1672,1.3117,1.5779,2.254,Latent_Defect,50.0
C03177,L2,ASIC,123.9,1.195,11.0938,12.2851,12.8137,13.9761,1.0757,1.3235,1.3276,1.4935,Normal,50.0
C03178,L2,ADC,125.25,1.806,11.2731,12.8532,15.2714,19.7444,1.1496,1.3643,1.5982,2.1479,Latent_Defect,50.0
C03179,L2,ASIC,124.96,1.19,11.3856,12.4781,13.1911,14.4152,1.173,1.3431,1.4106,1.5184,Normal,50.0
C03180,L2,ASIC,127.62,1.181,11.2154,11.78,11.9078,12.3922,1.146,1.2009,1.2696,1.281,Normal,50.0
C03181,L2,ASIC,125.7,1.219,11.1034,11.9799,12.5466,14.099,1.1528,1.2528,1.305,1.5151,Normal,50.0
C03182,L2,DAC,123.63,1.773,12.2639,12.8377,13.0014,14.3452,1.2499,1.3428,1.3488,1.5659,Normal,50.0
C03183,L2,ASIC,125.05,1.207,10.519,11.2889,14.3385,59.1929,1.0725,1.2001,1.4767,8.4121,Absolute_Failure,50.0
C03184,L2,ASIC,125.4,1.197,11.4567,12.249,13.3609,14.5913,1.16,1.3025,1.4282,1.5812,Normal,50.0
C03185,L2,DAC,125.2,1.79,13.2168,13.2926,13.1338,13.4238,1.3424,1.3623,1.4358,1.4104,High_Stable,50.0
C03186,L2,DAC,124.45,1.768,12.8814,13.3095,13.8803,14.158,1.3706,1.4391,1.4777,1.5239,Normal,50.0
C03187,L2,ADC,126.54,1.804,11.4839,13.1177,15.043,20.1598,1.1746,1.3817,1.6054,2.2271,Latent_Defect,50.0
C03188,L2,DAC,124.25,1.768,12.689,14.5767,19.9678,55.5569,1.3373,1.5919,2.2294,7.752,Absolute_Failure,50.0
C03189,L2,ASIC,124.55,1.181,12.3788,12.3196,12.4575,12.886,1.2811,1.2899,1.3252,1.3872,High_Stable,50.0
C03190,L2,ASIC,124.62,1.189,11.2477,11.8159,12.4702,13.3776,1.1727,1.1933,1.3266,1.4321,Normal,50.0
C03191,L2,ASIC,126.34,1.207,12.09,12.1059,12.2278,12.3211,1.266,1.2689,1.2769,1.3133,High_Stable,50.0
C03192,L2,DAC,125.33,1.819,11.7649,14.5382,19.5505,57.8881,1.2412,1.5561,2.1777,8.1702,Absolute_Failure,50.0
C03193,L2,ASIC,126.08,1.196,11.3939,12.5473,13.4077,14.6838,1.2054,1.3224,1.4465,1.552,Normal,50.0
C03194,L2,DAC,126.22,1.822,12.0949,13.4456,16.5823,21.2963,1.2876,1.3954,1.8538,2.3957,Latent_Defect,50.0
C03195,L2,DAC,124.18,1.767,11.7487,12.7321,13.3198,13.8484,1.2382,1.3244,1.4219,1.4566,Normal,50.0
C03196,L2,ASIC,125.17,1.218,11.621,12.5091,12.6859,13.4071,1.2497,1.2909,1.3104,1.4096,Normal,50.0
C03197,L2,FPGA,123.83,1.09,11.6795,12.9101,13.5551,14.7369,1.2331,1.3944,1.4114,1.5834,Normal,50.0
C03198,L2,ASIC,123.53,1.192,11.4579,12.3489,12.7134,13.693,1.209,1.339,1.3483,1.4563,Normal,50.0
C03199,L2,DAC,123.54,1.799,11.8593,12.5498,12.8369,13.5933,1.2409,1.3128,1.3886,1.4924,Normal,50.0
C03200,L2,FPGA,123.85,1.079,11.547,12.6505,14.0451,14.0418,1.2354,1.3261,1.4823,1.4923,Normal,50.0
C03201,L2,FPGA,125.19,1.114,12.06,13.4282,17.0351,52.0194,1.2995,1.383,1.8456,7.0714,Absolute_Failure,50.0
C03202,L2,ADC,124.72,1.781,11.7854,12.0927,12.3136,12.4462,1.2557,1.2579,1.213,1.3423,High_Stable,50.0
C03203,L2,ASIC,125.15,1.2,11.4063,12.8743,14.9157,20.2995,1.2122,1.3358,1.5794,2.2157,Latent_Defect,50.0
C03204,L2,FPGA,124.28,1.115,11.6747,13.5418,20.8281,52.8915,1.2013,1.3839,2.3226,7.2672,Absolute_Failure,50.0
C03205,L2,ADC,124.85,1.761,11.8144,12.4168,13.3032,14.7587,1.2358,1.3266,1.3737,1.5731,Normal,50.0
C03206,L2,ADC,124.52,1.804,12.5261,13.6416,17.2396,25.1708,1.3662,1.4504,1.8767,2.8474,Latent_Defect,50.0
C03207,L2,FPGA,124.73,1.097,11.786,12.0462,13.7168,36.0474,1.2651,1.2422,1.4548,4.4761,Sudden_Anomaly,50.0
C03208,L2,FPGA,123.89,1.107,10.9754,11.8067,13.99,20.223,1.158,1.2149,1.484,2.2684,Latent_Defect,50.0
C03209,L2,ASIC,124.47,1.215,11.3461,12.7562,16.6142,22.4518,1.1934,1.3215,1.7676,2.4925,Latent_Defect,50.0
C03210,L2,ASIC,123.18,1.185,12.3325,12.5244,12.6934,13.106,1.2484,1.301,1.3115,1.3503,High_Stable,50.0
C03211,L2,DAC,125.13,1.835,12.7172,12.8269,13.0149,13.4728,1.3603,1.3666,1.3961,1.4589,High_Stable,50.0
C03212,L2,ASIC,123.74,1.191,11.0173,12.4799,17.2788,21.8546,1.1218,1.2624,1.8945,2.5063,Latent_Defect,50.0
C03213,L2,ASIC,125.21,1.192,11.845,13.1069,13.5317,14.5847,1.2279,1.3951,1.4217,1.5645,Normal,50.0
C03214,L2,ADC,123.45,1.772,12.3168,12.315,12.2483,12.4423,1.2883,1.3213,1.2907,1.2986,High_Stable,50.0
C03215,L2,DAC,123.88,1.821,11.9371,12.7144,13.7683,14.3004,1.2477,1.3796,1.4525,1.5031,Normal,50.0
C03216,L2,FPGA,124.18,1.102,11.5799,12.6805,13.8346,14.3606,1.2012,1.3175,1.4761,1.5658,Normal,50.0
C03217,L2,ASIC,124.43,1.207,11.7585,12.5641,12.9246,13.9434,1.2139,1.3046,1.376,1.4801,Normal,50.0
C03218,L2,ASIC,124.84,1.194,10.9564,11.523,12.3313,13.7223,1.1172,1.198,1.266,1.4721,Normal,50.0
C03219,L2,ASIC,124.63,1.196,11.4972,12.576,13.6377,14.4975,1.1718,1.3539,1.382,1.5726,Normal,50.0
C03220,L2,FPGA,126.09,1.122,11.4317,11.968,13.949,26.0925,1.2094,1.2686,1.4764,3.025,Sudden_Anomaly,50.0
C03221,L2,FPGA,123.89,1.085,12.0396,12.123,12.2704,12.2541,1.2629,1.2887,1.2498,1.2874,High_Stable,50.0
C03222,L2,ADC,124.47,1.792,12.4605,13.5632,13.9866,15.2137,1.2619,1.4212,1.4746,1.6411,Normal,50.0
C03223,L2,ASIC,124.9,1.185,11.9424,12.4279,13.3953,13.697,1.2745,1.3249,1.3632,1.4614,Normal,50.0
C03224,L2,FPGA,125.03,1.09,11.2735,12.3288,12.6735,13.9952,1.1855,1.3074,1.3509,1.5067,Normal,50.0
C03225,L2,ADC,126.8,1.812,11.7039,11.6872,11.8488,12.0244,1.2083,1.231,1.2091,1.2799,High_Stable,50.0
C03226,L2,DAC,125.1,1.804,12.1402,13.4464,13.7287,15.4506,1.2652,1.4525,1.4811,1.6828,Normal,50.0
C03227,L2,DAC,124.14,1.797,11.9203,13.2501,14.391,37.9743,1.2394,1.4033,1.5581,4.7876,Sudden_Anomaly,50.0
C03228,L2,FPGA,125.28,1.105,11.7065,12.3955,13.6277,15.0289,1.2163,1.3141,1.3979,1.5949,Normal,50.0
C03229,L2,DAC,124.48,1.798,12.5523,14.1468,21.9217,59.1887,1.2772,1.5053,2.4638,8.4193,Absolute_Failure,50.0
C03230,L2,ADC,124.77,1.803,11.9458,14.0091,19.3141,51.5816,1.2382,1.5379,2.1572,6.9908,Absolute_Failure,50.0
C03231,L2,DAC,125.1,1.796,11.7083,12.2487,13.1096,13.9237,1.2503,1.3102,1.3829,1.4714,Normal,50.0
C03232,L2,ADC,126.09,1.777,12.3922,13.5162,15.8253,19.6134,1.3584,1.405,1.7015,2.1758,Latent_Defect,50.0
C03233,L2,FPGA,123.83,1.115,11.2336,12.0433,12.9349,13.6278,1.1532,1.2569,1.3403,1.4425,Normal,50.0
C03234,L2,DAC,126.8,1.802,12.2737,12.8836,14.2311,14.5101,1.307,1.3431,1.4847,1.5038,Normal,50.0
C03235,L2,FPGA,126.57,1.115,11.5314,12.6155,12.8137,13.9415,1.2029,1.3576,1.3489,1.4459,Normal,50.0
C03236,L2,FPGA,125.4,1.091,11.4513,12.7612,17.3596,21.7125,1.2119,1.3751,1.8584,2.478,Latent_Defect,50.0
C03237,L2,FPGA,125.84,1.142,11.7514,12.0478,12.7709,13.6709,1.2606,1.2708,1.3805,1.4359,Normal,50.0
C03238,L2,DAC,125.37,1.794,11.4925,12.454,13.2335,13.5336,1.2063,1.2892,1.4048,1.4398,Normal,50.0
C03239,L2,FPGA,125.53,1.11,11.3743,11.9359,12.5976,13.3639,1.1686,1.2457,1.3358,1.4257,Normal,50.0
C03240,L2,ASIC,125.28,1.183,11.6282,12.0583,12.5852,13.3955,1.1829,1.2748,1.3096,1.382,Normal,50.0
C03241,L2,ASIC,124.05,1.195,11.3466,11.994,12.987,13.5643,1.1465,1.2473,1.3526,1.4425,Normal,50.0
C03242,L2,ASIC,126.07,1.21,11.0836,11.2867,11.3286,11.5446,1.136,1.1551,1.2216,1.2025,High_Stable,50.0
C03243,L2,ASIC,125.68,1.213,11.7935,12.2399,13.4236,14.6827,1.2106,1.2414,1.4309,1.5622,Normal,50.0
C03244,L2,DAC,126.42,1.796,11.5301,11.5955,11.5606,11.4724,1.2136,1.2038,1.1774,1.213,High_Stable,50.0
C03245,L2,ADC,125.07,1.804,12.2255,12.395,13.7644,14.4382,1.2818,1.2901,1.4879,1.5682,Normal,50.0
C03246,L2,DAC,123.93,1.798,11.7936,12.316,12.6441,13.9176,1.2407,1.2965,1.3191,1.4869,Normal,50.0
C03247,L2,ASIC,125.55,1.187,11.8155,14.4356,21.7956,54.5324,1.255,1.5415,2.4579,7.6075,Absolute_Failure,50.0
C03248,L2,FPGA,125.24,1.093,10.8117,12.0709,12.1944,12.7793,1.1201,1.2523,1.2455,1.3599,Normal,50.0
C03249,L2,FPGA,125.41,1.101,11.6546,12.443,12.9553,13.4767,1.2006,1.3159,1.331,1.4683,Normal,50.0
C03250,L2,DAC,124.47,1.778,12.1775,12.8505,16.7767,51.5847,1.2652,1.3092,1.7857,6.9967,Absolute_Failure,50.0
C03251,L2,ADC,124.87,1.801,11.2851,12.1706,18.7337,53.7264,1.1645,1.2895,2.0982,7.4362,Absolute_Failure,50.0
C03252,L2,FPGA,126.72,1.107,11.5878,11.845,13.2784,14.0514,1.1622,1.2525,1.4136,1.5295,Normal,50.0
C03253,L2,DAC,124.67,1.826,11.8953,12.4745,13.0864,13.5754,1.2417,1.3137,1.4121,1.4208,Normal,50.0
C03254,L2,ADC,124.49,1.791,12.4526,12.6598,12.6851,12.7734,1.3164,1.2968,1.3611,1.334,High_Stable,50.0
C03255,L2,ADC,124.97,1.819,12.2356,13.5068,16.9885,22.9671,1.3044,1.3844,1.8566,2.606,Latent_Defect,50.0
C03256,L2,ASIC,123.98,1.189,10.8733,12.3919,14.2891,31.4178,1.1013,1.2914,1.4982,3.7881,Sudden_Anomaly,50.0
C03257,L2,ASIC,125.58,1.202,11.3237,12.1377,12.6783,12.8298,1.1836,1.2811,1.3285,1.3526,Normal,50.0
C03258,L2,ADC,124.85,1.798,11.2101,12.3358,13.42,34.5451,1.132,1.284,1.4722,4.2714,Sudden_Anomaly,50.0
C03259,L2,DAC,125.32,1.785,11.8281,11.7344,12.5018,13.1671,1.2938,1.2187,1.2997,1.3926,Normal,50.0
C03260,L2,ASIC,124.93,1.182,11.3836,12.6511,13.6836,14.0828,1.2024,1.3036,1.4547,1.5026,Normal,50.0
C03261,L2,FPGA,125.22,1.094,11.3321,13.715,19.698,59.7054,1.1653,1.4667,2.1573,8.5053,Absolute_Failure,50.0
C03262,L2,ASIC,122.27,1.205,11.4634,14.1722,21.3943,55.5197,1.1916,1.4901,2.3877,7.6845,Absolute_Failure,50.0
C03263,L2,ADC,123.98,1.793,11.9483,12.4469,13.1614,14.1688,1.2246,1.3051,1.3696,1.5313,Normal,50.0
C03264,L2,FPGA,125.28,1.081,11.8188,13.0548,14.1077,14.6565,1.2306,1.3741,1.5186,1.5422,Normal,50.0
C03265,L2,ADC,123.57,1.81,12.0344,12.629,13.6652,14.8181,1.2822,1.3238,1.4516,1.5906,Normal,50.0
C03266,L2,ASIC,125.76,1.186,11.3446,11.8687,12.1727,12.8441,1.1698,1.2144,1.2876,1.3263,Normal,50.0
C03267,L2,DAC,125.65,1.803,11.5358,11.5193,11.9758,13.2984,1.1939,1.1888,1.2121,1.4313,Normal,50.0
C03268,L2,ASIC,125.87,1.222,11.428,12.0796,16.8286,53.227,1.2197,1.2651,1.8139,7.3029,Absolute_Failure,50.0
C03269,L2,ASIC,124.59,1.209,11.5783,12.1654,12.979,14.6217,1.2076,1.2964,1.3423,1.6003,Normal,50.0
C03270,L2,ADC,125.8,1.816,12.5358,13.6738,19.8849,58.5686,1.2968,1.4611,2.2348,8.3083,Absolute_Failure,50.0
C03271,L2,DAC,124.83,1.81,11.8638,12.9339,17.833,23.6379,1.2084,1.3756,1.9586,2.7007,Latent_Defect,50.0
C03272,L2,FPGA,125.28,1.101,11.4921,12.0964,12.661,14.0889,1.1906,1.2876,1.3528,1.4378,Normal,50.0
C03273,L2,DAC,124.43,1.779,11.8531,12.2871,13.1471,13.8561,1.2261,1.2511,1.4112,1.4805,Normal,50.0
C03274,L2,ADC,123.81,1.776,11.8707,13.107,15.6645,32.3531,1.2901,1.356,1.6781,3.8762,Sudden_Anomaly,50.0
C03275,L2,ASIC,125.31,1.175,12.1134,12.4557,12.499,12.6246,1.2827,1.2849,1.3303,1.2819,High_Stable,50.0
C03276,L2,FPGA,125.55,1.085,11.8286,12.925,13.7311,14.5113,1.1981,1.3437,1.395,1.5517,Normal,50.0
C03277,L2,ASIC,124.44,1.198,11.8241,13.6182,19.847,51.8947,1.2759,1.4453,2.1837,7.0835,Absolute_Failure,50.0
C03278,L2,FPGA,126.87,1.113,12.3314,13.533,13.9977,14.713,1.2678,1.3867,1.4645,1.5494,Normal,50.0
C03279,L2,DAC,125.59,1.8,12.0476,12.9896,13.8246,14.8419,1.2545,1.4192,1.4834,1.5512,Normal,50.0
C03280,L2,FPGA,126.58,1.101,11.2876,11.6295,12.222,12.5336,1.1509,1.2132,1.2814,1.2961,Normal,50.0
C03281,L2,DAC,125.28,1.77,12.0203,12.3956,12.3366,12.8633,1.2459,1.2848,1.3529,1.3635,High_Stable,50.0
C03282,L2,FPGA,125.28,1.099,12.288,12.3985,12.6285,12.7262,1.3067,1.2938,1.3156,1.3249,High_Stable,50.0
C03283,L2,FPGA,124.88,1.106,11.1104,11.8804,12.8657,13.5505,1.126,1.2197,1.3617,1.4315,Normal,50.0
C03284,L2,FPGA,123.08,1.107,12.42,12.5511,12.6972,13.2756,1.3452,1.3172,1.34,1.3473,High_Stable,50.0
C03285,L2,DAC,125.7,1.805,12.0247,13.071,13.3174,14.4061,1.2403,1.3999,1.4359,1.5775,Normal,50.0
C03286,L2,ADC,125.17,1.819,11.3688,12.0764,13.1185,13.2562,1.1539,1.2413,1.3915,1.4008,Normal,50.0
C03287,L2,DAC,127.29,1.793,12.2355,12.7608,15.4117,40.3263,1.2852,1.3579,1.6411,5.1358,Sudden_Anomaly,50.0
C03288,L2,ASIC,124.63,1.188,11.1381,11.9056,12.7142,13.4249,1.1531,1.2071,1.3041,1.4622,Normal,50.0
C03289,L2,ASIC,123.84,1.194,11.5528,12.0493,13.0536,13.5765,1.2322,1.281,1.3738,1.4414,Normal,50.0
C03290,L2,DAC,124.32,1.776,11.8045,11.9478,12.2508,12.2449,1.2129,1.2591,1.2854,1.2839,High_Stable,50.0
C03291,L2,FPGA,125.19,1.113,11.9696,12.8206,15.4211,36.3283,1.277,1.3277,1.5988,4.4982,Sudden_Anomaly,50.0
C03292,L2,ASIC,124.15,1.187,11.9088,12.8328,14.0753,14.6123,1.2307,1.379,1.5059,1.5792,Normal,50.0
C03293,L2,ASIC,125.85,1.204,11.6854,11.9998,13.109,14.4602,1.215,1.2881,1.3694,1.5034,Normal,50.0
C03294,L2,ASIC,125.6,1.215,11.2052,11.7193,12.2765,12.7913,1.1572,1.2509,1.2627,1.3244,Normal,50.0
C03295,L2,ADC,124.23,1.789,11.3767,11.9636,13.2085,13.6151,1.1782,1.262,1.4484,1.4315,Normal,50.0
C03296,L2,FPGA,125.7,1.131,11.914,12.034,11.9849,11.617,1.2499,1.2745,1.2486,1.1734,High_Stable,50.0
C03297,L2,ASIC,126.52,1.206,11.3234,11.6936,12.0375,13.3497,1.1598,1.1997,1.2525,1.4225,Normal,50.0
C03298,L2,FPGA,125.12,1.099,12.0132,12.9983,13.3184,13.6272,1.2468,1.3795,1.3979,1.4052,Normal,50.0
C03299,L2,ASIC,125.82,1.161,11.5902,11.9187,13.1237,13.7653,1.2129,1.2181,1.3821,1.4083,Normal,50.0
C03300,L2,FPGA,124.96,1.091,11.0672,11.6432,12.4029,13.2652,1.1833,1.2494,1.3206,1.3549,Normal,50.0
C03301,L2,ADC,123.93,1.843,11.2636,12.6246,13.2322,13.9939,1.1699,1.3147,1.4015,1.5215,Normal,50.0
C03302,L2,FPGA,124.41,1.106,11.4435,12.7066,13.5944,14.4556,1.2168,1.3657,1.4733,1.5231,Normal,50.0
C03303,L2,FPGA,125.57,1.074,11.562,13.1072,15.8869,41.7143,1.2123,1.3531,1.6782,5.395,Sudden_Anomaly,50.0
C03304,L2,FPGA,125.07,1.094,11.0461,11.5542,13.0214,14.5925,1.1278,1.1726,1.3875,1.5454,Normal,50.0
C03305,L2,ADC,124.98,1.811,11.8076,13.0348,13.8348,14.9008,1.2847,1.3627,1.4338,1.5615,Normal,50.0
C03306,L2,DAC,124.67,1.783,12.1161,12.5077,13.4275,14.3453,1.2273,1.3176,1.4108,1.5021,Normal,50.0
C03307,L2,FPGA,126.22,1.112,11.2461,12.0847,12.3618,13.0332,1.1792,1.1986,1.2994,1.3929,Normal,50.0
C03308,L2,ADC,125.27,1.796,11.768,12.857,13.5212,14.5416,1.1951,1.3638,1.4455,1.5609,Normal,50.0
C03309,L2,ADC,124.35,1.77,12.3186,13.3001,13.6221,14.2586,1.2684,1.4141,1.4749,1.5072,Normal,50.0
C03310,L2,ADC,124.94,1.79,11.4757,12.1886,13.7789,31.8204,1.2009,1.3011,1.4478,3.8258,Sudden_Anomaly,50.0
C03311,L2,ADC,124.95,1.803,12.0426,13.6192,18.0174,21.4673,1.264,1.4846,1.9561,2.4194,Latent_Defect,50.0
C03312,L2,ADC,125.1,1.784,11.6466,12.9409,14.1117,38.0091,1.2523,1.3707,1.4692,4.7692,Sudden_Anomaly,50.0
C03313,L2,ASIC,124.74,1.225,11.125,12.3632,13.3688,14.1656,1.1219,1.3482,1.4212,1.5429,Normal,50.0
C03314,L2,ASIC,124.96,1.197,11.8114,11.914,12.0206,12.1688,1.1906,1.2206,1.253,1.2657,High_Stable,50.0
C03315,L2,DAC,125.55,1.792,12.2515,14.0414,18.0997,22.3853,1.2787,1.4708,2.0355,2.5182,Latent_Defect,50.0
C03316,L2,DAC,124.77,1.793,11.3828,12.2836,16.3755,51.0471,1.1656,1.3422,1.7954,6.9463,Absolute_Failure,50.0
C03317,L2,ASIC,125.66,1.204,11.2331,11.9811,12.6844,13.1543,1.1544,1.2345,1.3536,1.4182,Normal,50.0
C03318,L2,ADC,125.17,1.802,11.468,13.3078,18.4754,61.5939,1.2081,1.4228,2.0423,8.8902,Absolute_Failure,50.0
C03319,L2,FPGA,125.76,1.091,11.416,12.4277,12.7511,12.9559,1.1997,1.3314,1.3101,1.3636,Normal,50.0
C03320,L2,ADC,124.65,1.811,11.9181,12.7928,13.4542,14.75,1.2403,1.3369,1.4184,1.5802,Normal,50.0
C03321,L2,DAC,125.02,1.774,12.4545,12.829,12.9612,13.0048,1.2955,1.2983,1.3711,1.387,High_Stable,50.0
C03322,L2,DAC,124.38,1.802,12.3479,12.8759,13.3688,13.7818,1.3234,1.3313,1.4236,1.446,Normal,50.0
C03323,L2,ADC,125.01,1.802,12.1005,12.2483,12.2738,12.6457,1.265,1.3083,1.2627,1.3223,High_Stable,50.0
C03324,L2,ADC,125.11,1.782,11.5494,11.7813,11.7908,13.2203,1.2201,1.2293,1.2324,1.3906,Normal,50.0
C03325,L2,ASIC,126.04,1.198,11.2498,12.456,13.675,14.9337,1.1961,1.3155,1.4567,1.6031,Normal,50.0
C03326,L2,DAC,124.75,1.808,12.1058,12.7026,13.3931,14.1641,1.2621,1.3761,1.4026,1.528,Normal,50.0
C03327,L2,FPGA,124.99,1.108,12.1104,12.8808,13.9687,15.343,1.246,1.3328,1.4726,1.6516,Normal,50.0
C03328,L2,DAC,124.71,1.81,11.7716,12.2614,13.1903,13.5929,1.2586,1.3213,1.411,1.487,Normal,50.0
C03329,L2,ADC,125.69,1.791,11.682,12.6574,14.1432,37.8782,1.2226,1.3526,1.4803,4.7842,Sudden_Anomaly,50.0
C03330,L2,ASIC,125.28,1.226,11.7058,13.0714,14.4627,28.4784,1.206,1.3962,1.5321,3.3967,Sudden_Anomaly,50.0
C03331,L2,ASIC,125.74,1.212,11.7539,11.8277,11.9659,12.0033,1.1619,1.2399,1.3056,1.2636,High_Stable,50.0
C03332,L2,ASIC,124.88,1.203,11.4205,12.4052,15.1008,28.7755,1.1353,1.2667,1.618,3.4241,Sudden_Anomaly,50.0
C03333,L2,FPGA,125.84,1.13,11.4851,12.46,13.4842,35.4566,1.2119,1.2819,1.406,4.3442,Sudden_Anomaly,50.0
C03334,L2,ASIC,125.02,1.184,11.4443,11.9416,12.7611,13.3734,1.197,1.2286,1.295,1.4025,Normal,50.0
C03335,L2,ADC,125.34,1.802,12.1122,12.5156,13.5826,15.1214,1.2342,1.3028,1.4179,1.6302,Normal,50.0
C03336,L2,ASIC,124.18,1.207,11.6627,12.6807,13.3838,14.2039,1.2608,1.3964,1.3729,1.5396,Normal,50.0
C03337,L2,DAC,125.29,1.79,11.6107,11.9568,12.2968,13.9007,1.212,1.263,1.2892,1.4988,Normal,50.0
C03338,L2,ADC,125.04,1.804,11.5311,11.9052,12.7553,13.8715,1.1979,1.2438,1.3798,1.4661,Normal,50.0
C03339,L2,ASIC,124.48,1.219,11.6941,11.5968,11.6223,12.2874,1.224,1.2135,1.2409,1.2609,High_Stable,50.0
C03340,L2,ASIC,125.79,1.226,11.3786,11.6669,11.6631,11.9385,1.154,1.2563,1.2241,1.231,High_Stable,50.0
C03341,L2,FPGA,125.02,1.103,11.7086,11.6281,11.8108,11.817,1.2223,1.2205,1.1991,1.2492,High_Stable,50.0
C03342,L2,FPGA,125.47,1.098,11.549,12.0879,12.6805,14.4373,1.1953,1.2712,1.2785,1.4887,Normal,50.0
C03343,L2,FPGA,125.45,1.117,10.9876,11.3767,14.2085,31.4349,1.1386,1.1883,1.5053,3.7519,Sudden_Anomaly,50.0
C03344,L2,FPGA,124.81,1.09,11.5749,12.4551,16.1836,56.4812,1.2062,1.3306,1.7409,7.9099,Absolute_Failure,50.0
C03345,L2,DAC,124.55,1.775,12.0768,13.3748,16.1144,40.9935,1.2378,1.4651,1.7185,5.1888,Sudden_Anomaly,50.0
C03346,L2,FPGA,124.96,1.109,11.6553,12.7664,13.1151,13.9427,1.2606,1.3605,1.3819,1.4676,Normal,50.0
C03347,L2,FPGA,124.39,1.113,11.3762,12.2686,12.6576,14.3556,1.1398,1.2499,1.3541,1.5451,Normal,50.0
C03348,L2,ADC,124.18,1.807,11.5187,11.8644,13.0277,13.8196,1.214,1.2487,1.3946,1.4786,Normal,50.0
C03349,L2,DAC,124.6,1.801,12.6736,12.9461,13.2989,13.5415,1.3163,1.3466,1.3775,1.4101,High_Stable,50.0
C03350,L2,FPGA,124.85,1.076,11.5296,13.5792,21.6256,56.1795,1.2141,1.4436,2.431,7.8811,Absolute_Failure,50.0
C03351,L2,FPGA,126.41,1.088,10.9838,12.8407,20.1882,55.8833,1.1572,1.3423,2.1833,7.8232,Absolute_Failure,50.0
C03352,L2,DAC,125.25,1.783,10.968,12.4802,17.293,21.0433,1.1321,1.2921,1.9044,2.3425,Latent_Defect,50.0
C03353,L2,DAC,126.08,1.821,11.8116,12.5656,13.3724,14.3062,1.2255,1.3044,1.4034,1.5496,Normal,50.0
C03354,L2,ADC,125.17,1.804,11.4134,13.1542,17.3833,21.6654,1.1347,1.3218,1.9365,2.3955,Latent_Defect,50.0
C03355,L2,FPGA,124.1,1.095,12.0572,12.8597,13.5414,14.3967,1.2914,1.3101,1.424,1.5493,Normal,50.0
C03356,L2,DAC,126.14,1.785,11.7538,13.1653,15.663,34.5143,1.2405,1.3804,1.6848,4.2328,Sudden_Anomaly,50.0
C03357,L2,ADC,126.15,1.785,12.2433,13.15,13.9844,31.7115,1.3242,1.4018,1.4869,3.836,Sudden_Anomaly,50.0
C03358,L2,FPGA,125.32,1.094,11.3356,12.2046,13.0106,14.2464,1.1709,1.2456,1.344,1.531,Normal,50.0
C03359,L2,DAC,124.31,1.806,12.989,13.0684,13.4288,13.3902,1.3799,1.3782,1.4097,1.4036,High_Stable,50.0
C03360,L2,ASIC,125.45,1.198,11.3681,12.3895,12.9084,14.0208,1.1657,1.3167,1.3535,1.5104,Normal,50.0
C03361,L2,ASIC,124.98,1.189,11.0012,11.9551,13.1971,14.0318,1.1565,1.2215,1.3836,1.5097,Normal,50.0
C03362,L2,ASIC,125.69,1.185,11.4952,12.272,12.6952,13.5928,1.1907,1.2982,1.3028,1.4537,Normal,50.0
C03363,L2,DAC,124.95,1.801,12.1341,12.5358,12.877,13.3029,1.2516,1.3339,1.3461,1.4155,Normal,50.0
C03364,L2,DAC,125.46,1.813,12.2589,12.4299,12.743,12.754,1.2804,1.2973,1.3491,1.3383,High_Stable,50.0
C03365,L2,ASIC,124.42,1.185,11.5193,12.5432,15.3189,21.7829,1.2241,1.3179,1.6384,2.4744,Latent_Defect,50.0
C03366,L2,DAC,124.8,1.796,12.0279,12.7501,13.9307,27.5159,1.2783,1.3389,1.4912,3.2008,Sudden_Anomaly,50.0
C03367,L2,ASIC,123.49,1.205,12.1347,13.4972,15.5581,42.5991,1.299,1.4851,1.6408,5.499,Sudden_Anomaly,50.0
C03368,L2,DAC,124.81,1.826,11.4335,12.2351,12.584,13.3315,1.2013,1.2734,1.3568,1.4166,Normal,50.0
C03369,L2,ASIC,124.82,1.171,11.3012,11.6819,12.52,13.4061,1.1646,1.1928,1.2823,1.4096,Normal,50.0
C03370,L2,FPGA,126.05,1.081,11.8776,11.9019,12.0608,11.7611,1.2355,1.1994,1.2621,1.2797,High_Stable,50.0
C03371,L2,DAC,124.12,1.794,12.6666,13.0948,13.024,12.8896,1.3716,1.3787,1.3686,1.3418,High_Stable,50.0
C03372,L2,ASIC,124.66,1.189,11.3968,12.471,12.9831,14.6805,1.1962,1.2957,1.3408,1.5637,Normal,50.0
C03373,L2,FPGA,124.83,1.099,11.3722,12.1346,12.9594,14.1812,1.1644,1.3053,1.373,1.5112,Normal,50.0
C03374,L2,FPGA,125.37,1.086,11.4164,12.0298,12.2632,13.2477,1.1415,1.2839,1.2805,1.3935,Normal,50.0
C03375,L2,ADC,125.75,1.8,11.8177,13.1104,15.2354,22.1588,1.2408,1.3663,1.667,2.5354,Latent_Defect,50.0
C03376,L2,ASIC,124.02,1.192,11.0504,11.9203,12.754,13.6121,1.1135,1.2531,1.3287,1.4345,Normal,50.0
C03377,L2,ASIC,124.52,1.21,11.919,12.4905,13.6213,14.6797,1.2709,1.3359,1.4356,1.6106,Normal,50.0
C03378,L2,ASIC,122.59,1.2,11.216,12.3217,12.978,13.4195,1.138,1.3021,1.3758,1.3976,Normal,50.0
C03379,L2,ASIC,124.96,1.183,11.9196,12.788,14.0761,14.8939,1.2458,1.3661,1.5034,1.5686,Normal,50.0
C03380,L2,ADC,124.29,1.804,11.3824,12.752,15.9475,50.1063,1.1644,1.3422,1.7217,6.7957,Absolute_Failure,50.0
C03381,L2,ADC,124.21,1.804,11.5899,12.1622,13.21,13.8458,1.2098,1.2836,1.4068,1.5065,Normal,50.0
C03382,L2,FPGA,124.3,1.108,11.284,12.9604,14.922,34.2614,1.1746,1.355,1.6104,4.2038,Sudden_Anomaly,50.0
C03383,L2,ADC,124.94,1.808,12.1179,13.0174,13.3042,14.4524,1.2655,1.3842,1.4315,1.5328,Normal,50.0
C03384,L2,DAC,125.42,1.767,12.1165,12.6476,13.5735,14.2469,1.218,1.3161,1.4396,1.5099,Normal,50.0
C03385,L2,FPGA,125.09,1.086,11.679,14.0504,22.0252,54.8544,1.2391,1.5044,2.52,7.6706,Absolute_Failure,50.0
C03386,L2,ASIC,124.4,1.212,11.1978,12.1106,13.2398,14.3725,1.159,1.2733,1.3606,1.5448,Normal,50.0
C03387,L2,ADC,126.33,1.799,11.6464,12.8711,16.2188,22.2267,1.1906,1.367,1.745,2.5163,Latent_Defect,50.0
C03388,L2,ADC,123.94,1.816,12.0681,12.595,13.2489,14.7198,1.2888,1.3052,1.4727,1.5696,Normal,50.0
C03389,L2,FPGA,125.07,1.109,11.0025,11.5241,12.5478,13.0742,1.1122,1.2201,1.3209,1.3753,Normal,50.0
C03390,L2,FPGA,125.92,1.115,11.009,11.8112,12.515,14.0604,1.1464,1.2426,1.3033,1.4682,Normal,50.0
C03391,L2,DAC,124.68,1.806,11.9209,12.4261,13.0267,14.1046,1.2244,1.2531,1.3315,1.5437,Normal,50.0
C03392,L2,ASIC,123.85,1.191,11.5211,12.2492,13.3598,14.6017,1.1675,1.3087,1.4163,1.5276,Normal,50.0
C03393,L2,DAC,125.56,1.775,11.8109,11.7868,12.7498,14.2593,1.2376,1.1657,1.4006,1.4839,Normal,50.0
C03394,L2,ASIC,124.08,1.233,11.1985,12.4797,13.6234,14.4444,1.1445,1.3006,1.4574,1.5594,Normal,50.0
C03395,L2,FPGA,125.86,1.076,11.6362,11.9189,11.9979,12.1175,1.1833,1.2595,1.2202,1.2642,High_Stable,50.0
C03396,L2,FPGA,125.61,1.091,11.2093,13.5205,18.9121,52.1536,1.1846,1.4649,2.1004,7.0702,Absolute_Failure,50.0
C03397,L2,ASIC,126.11,1.193,10.6591,12.0279,12.8723,34.9178,1.1178,1.2055,1.3781,4.2897,Sudden_Anomaly,50.0
C03398,L2,ASIC,125.68,1.256,11.0412,12.0196,12.3072,13.1887,1.1422,1.2896,1.2783,1.3892,Normal,50.0
C03399,L2,FPGA,126.07,1.097,12.1998,14.1872,17.0926,23.6755,1.2545,1.476,1.834,2.6812,Latent_Defect,50.0
C03400,L2,FPGA,124.85,1.084,12.0978,13.4787,15.2987,42.793,1.2822,1.4536,1.6436,5.5038,Sudden_Anomaly,50.0
C03401,L2,FPGA,127.39,1.095,11.6149,12.1129,12.9394,14.3945,1.2084,1.249,1.3741,1.5415,Normal,50.0
C03402,L2,ASIC,125.33,1.191,11.3859,12.9394,16.1084,59.7389,1.1399,1.364,1.7062,8.516,Absolute_Failure,50.0
C03403,L2,ASIC,124.43,1.19,11.4942,12.3448,13.6862,14.4818,1.2138,1.2541,1.3824,1.4907,Normal,50.0
C03404,L2,ASIC,126.09,1.204,11.6298,13.4086,16.5433,20.717,1.2554,1.4075,1.8487,2.2966,Latent_Defect,50.0
C03405,L2,ASIC,125.23,1.222,11.0585,11.5046,12.252,12.6652,1.1307,1.222,1.3025,1.3621,Normal,50.0
C03406,L2,FPGA,125.74,1.1,11.7006,13.1281,18.9153,55.5506,1.2199,1.3792,2.0854,7.7356,Absolute_Failure,50.0
C03407,L2,ADC,123.95,1.823,11.7438,12.511,13.1957,13.9836,1.2356,1.2725,1.4358,1.4829,Normal,50.0
C03408,L2,FPGA,125.91,1.103,11.1485,12.8371,17.2007,23.3249,1.1633,1.3823,1.8968,2.6248,Latent_Defect,50.0
C03409,L2,ASIC,124.1,1.202,11.0746,12.3135,12.7146,14.0783,1.1118,1.2572,1.3665,1.4856,Normal,50.0
C03410,L2,DAC,125.78,1.824,12.376,13.3903,15.3259,54.4427,1.2861,1.3913,1.6496,7.5487,Absolute_Failure,50.0
C03411,L2,ASIC,124.68,1.22,11.3554,12.1812,14.6373,29.4465,1.1531,1.2305,1.5792,3.5234,Sudden_Anomaly,50.0
C03412,L2,FPGA,125.79,1.11,10.9592,12.7282,15.4701,20.3649,1.1286,1.3368,1.6644,2.247,Latent_Defect,50.0
C03413,L2,FPGA,125.17,1.107,12.0696,12.8363,13.1013,14.3751,1.2658,1.3021,1.3843,1.5564,Normal,50.0
C03414,L2,ADC,126.01,1.812,12.1259,12.0991,13.526,14.5453,1.2435,1.2574,1.4753,1.5529,Normal,50.0
C03415,L2,FPGA,126.97,1.113,10.9847,11.3486,11.8414,13.2924,1.0968,1.1844,1.2367,1.4113,Normal,50.0
C03416,L2,FPGA,125.42,1.09,10.9668,12.2013,13.2953,13.6003,1.1021,1.2671,1.4275,1.4749,Normal,50.0
C03417,L2,ASIC,125.69,1.221,11.6479,11.856,11.977,12.3111,1.252,1.2695,1.2278,1.279,High_Stable,50.0
C03418,L2,ASIC,125.48,1.196,10.0414,10.9878,15.4964,22.001,1.0154,1.0916,1.6411,2.5193,Latent_Defect,50.0
C03419,L2,ASIC,125.81,1.192,10.8139,12.0084,13.3698,13.8263,1.1269,1.2558,1.3958,1.4767,Normal,50.0
C03420,L2,ASIC,126.33,1.188,10.9883,11.1877,11.5776,11.6872,1.1587,1.1606,1.204,1.2336,Normal,50.0
C03421,L2,FPGA,123.73,1.084,11.4583,12.6298,12.6061,12.5378,1.1684,1.3309,1.334,1.3142,Normal,50.0
C03422,L2,ASIC,126.06,1.2,11.9853,12.8115,13.8962,14.2337,1.2494,1.3471,1.4931,1.532,Normal,50.0
C03423,L2,ADC,125.69,1.81,11.8469,11.9532,12.9497,13.0377,1.2395,1.2317,1.3786,1.369,Normal,50.0
C03424,L2,ADC,124.84,1.791,11.5707,12.0701,12.5363,14.1911,1.1955,1.2378,1.316,1.5284,Normal,50.0
C03425,L2,ASIC,124.4,1.192,11.4876,12.0913,12.8075,13.1043,1.2796,1.2589,1.3059,1.3911,Normal,50.0
C03426,L2,ASIC,125.38,1.203,11.3121,13.0131,15.2063,21.6543,1.2083,1.4051,1.6506,2.3855,Latent_Defect,50.0
C03427,L2,ASIC,125.56,1.19,11.4786,11.9505,12.9793,13.8112,1.2439,1.2858,1.4211,1.506,Normal,50.0
C03428,L2,DAC,124.67,1.783,11.9667,12.5494,13.2592,13.6521,1.2494,1.2825,1.3806,1.4594,Normal,50.0
C03429,L2,ASIC,123.45,1.21,11.4832,11.7392,11.9817,12.3448,1.1769,1.2513,1.2599,1.2738,High_Stable,50.0
C03430,L2,DAC,125.45,1.823,11.7679,12.376,13.4228,14.199,1.2704,1.2626,1.4098,1.5293,Normal,50.0
C03431,L2,ASIC,124.41,1.208,12.0237,12.0772,12.1893,12.329,1.2484,1.3036,1.2707,1.3288,High_Stable,50.0
C03432,L2,FPGA,125.33,1.108,11.4841,12.5004,13.1103,14.2871,1.2557,1.2656,1.3532,1.5212,Normal,50.0
C03433,L2,DAC,125.76,1.811,12.5341,13.2898,14.142,15.094,1.2514,1.3954,1.5272,1.6094,Normal,50.0
C03434,L2,DAC,125.25,1.805,12.2584,12.939,13.322,13.8527,1.2901,1.3769,1.4109,1.4886,Normal,50.0
C03435,L2,ASIC,125.56,1.181,11.4291,11.9914,17.0357,50.1528,1.1666,1.283,1.8511,6.7576,Absolute_Failure,50.0
C03436,L2,ASIC,124.3,1.188,11.1986,12.3908,16.4046,20.6374,1.1522,1.2785,1.7563,2.3361,Latent_Defect,50.0
C03437,L2,DAC,125.14,1.811,11.7857,12.3532,12.8548,14.2415,1.2668,1.2878,1.3607,1.5265,Normal,50.0
C03438,L2,ADC,124.0,1.803,11.0942,11.2511,11.1611,11.3631,1.1875,1.1424,1.101,1.2124,High_Stable,50.0
C03439,L2,DAC,125.41,1.773,12.3304,13.0762,13.7659,14.6267,1.3031,1.4087,1.4398,1.5552,Normal,50.0
C03440,L2,ADC,125.68,1.817,11.9035,13.0761,17.2114,52.5063,1.2958,1.3759,1.8955,7.1779,Absolute_Failure,50.0
C03441,L2,ASIC,124.97,1.205,11.2035,12.0444,12.2226,13.7027,1.1858,1.2843,1.2844,1.4369,Normal,50.0
C03442,L2,FPGA,125.42,1.1,10.9417,11.3651,12.2907,13.1176,1.1744,1.1789,1.2497,1.3667,Normal,50.0
C03443,L2,DAC,126.25,1.814,12.272,13.7018,17.7487,22.7688,1.2703,1.4768,1.9457,2.5876,Latent_Defect,50.0
C03444,L2,FPGA,124.17,1.113,11.3522,13.1313,16.9552,20.421,1.2019,1.4034,1.8657,2.2687,Latent_Defect,50.0
C03445,L2,ASIC,124.91,1.212,11.6166,11.6796,11.6763,12.0596,1.2484,1.2116,1.2599,1.2593,High_Stable,50.0
C03446,L2,FPGA,125.85,1.086,11.6189,12.6652,13.6652,15.0326,1.2115,1.3262,1.4557,1.6217,Normal,50.0
C03447,L2,FPGA,125.15,1.084,11.4038,12.4044,15.6726,19.0881,1.1702,1.2684,1.6769,2.1004,Latent_Defect,50.0
C03448,L2,FPGA,125.68,1.119,11.5527,12.3631,16.2523,19.3728,1.2022,1.2849,1.7684,2.1645,Latent_Defect,50.0
C03449,L2,DAC,124.78,1.811,12.0059,13.0413,17.5214,24.2251,1.2521,1.4088,1.9344,2.764,Latent_Defect,50.0
C03450,L2,ADC,125.17,1.807,12.1859,12.2787,13.3827,13.7905,1.269,1.2653,1.375,1.4918,Normal,50.0
C03451,L2,ADC,126.33,1.821,11.0967,11.528,12.473,13.242,1.1619,1.2086,1.3378,1.4253,Normal,50.0
C03452,L2,FPGA,124.03,1.085,11.4707,11.9303,12.4603,12.9954,1.1812,1.2313,1.3224,1.3584,Normal,50.0
C03453,L2,ASIC,125.67,1.218,11.3723,11.6511,12.6515,14.3798,1.1923,1.2833,1.3618,1.5207,Normal,50.0
C03454,L2,FPGA,124.96,1.098,11.1238,12.4302,14.7563,27.669,1.1772,1.2793,1.5837,3.2399,Sudden_Anomaly,50.0
C03455,L2,ADC,123.61,1.789,11.5285,12.0797,12.7649,13.9697,1.2268,1.2146,1.3631,1.5004,Normal,50.0
C03456,L2,ADC,124.64,1.816,11.8855,12.9313,13.3793,14.7288,1.1737,1.342,1.3727,1.6028,Normal,50.0
C03457,L2,FPGA,125.36,1.105,12.0951,12.2046,12.0349,12.4403,1.2412,1.3139,1.2726,1.3106,High_Stable,50.0
C03458,L2,ASIC,124.15,1.224,11.7525,12.3379,13.2526,12.928,1.2252,1.309,1.4031,1.3594,Normal,50.0
C03459,L2,ADC,125.5,1.781,12.6194,12.8179,12.7309,12.9035,1.3279,1.3339,1.3287,1.3428,High_Stable,50.0
C03460,L2,ADC,125.54,1.818,12.2307,12.4556,13.7751,14.3105,1.3347,1.3364,1.4298,1.5643,Normal,50.0
C03461,L2,ASIC,124.88,1.21,11.1396,12.1491,13.0871,14.5208,1.1481,1.2761,1.3905,1.5849,Normal,50.0
C03462,L2,ASIC,124.32,1.225,11.2122,12.0768,12.1971,12.3859,1.1964,1.2545,1.2857,1.3153,Normal,50.0
C03463,L2,ADC,125.71,1.792,12.0324,12.0662,12.4352,12.6676,1.2722,1.2592,1.3169,1.3452,High_Stable,50.0
C03464,L2,ADC,126.22,1.797,11.3665,13.2413,19.2375,50.9643,1.1869,1.3784,2.1219,6.954,Absolute_Failure,50.0
C03465,L2,DAC,124.07,1.819,12.0856,13.4188,14.9717,29.7449,1.2471,1.4021,1.6017,3.5123,Sudden_Anomaly,50.0
C03466,L2,ASIC,125.96,1.215,11.5798,12.3472,13.0173,14.2318,1.1803,1.2705,1.4005,1.5349,Normal,50.0
C03467,L2,ADC,124.49,1.793,12.1312,12.4782,13.1254,14.3183,1.2771,1.3078,1.3839,1.5593,Normal,50.0
C03468,L2,ASIC,124.98,1.19,11.7752,13.0344,19.2912,50.131,1.2383,1.359,2.1478,6.7964,Absolute_Failure,50.0
C03469,L2,ASIC,123.48,1.214,11.6679,12.2804,12.7467,13.8398,1.2162,1.2931,1.3518,1.4621,Normal,50.0
C03470,L2,FPGA,126.63,1.115,11.6112,11.7658,13.1042,13.4449,1.1953,1.222,1.347,1.4261,Normal,50.0
C03471,L2,ASIC,125.43,1.197,11.249,13.125,16.3023,20.2576,1.1958,1.3836,1.7608,2.2527,Latent_Defect,50.0
C03472,L2,ASIC,126.22,1.207,11.4728,11.7378,11.6166,11.5506,1.2119,1.2253,1.2476,1.1992,High_Stable,50.0
C03473,L2,FPGA,125.34,1.124,11.7179,12.5086,13.0916,14.2202,1.22,1.3224,1.3847,1.5715,Normal,50.0
C03474,L2,ASIC,125.09,1.206,10.8527,12.9319,15.4874,20.6491,1.1699,1.3567,1.6334,2.358,Latent_Defect,50.0
C03475,L2,DAC,123.84,1.805,12.1153,12.4933,13.5491,14.2045,1.2819,1.3344,1.4116,1.4797,Normal,50.0
C03476,L2,ADC,124.38,1.785,12.2451,13.1651,14.2826,14.6012,1.2588,1.3452,1.5762,1.5586,Normal,50.0
C03477,L2,DAC,124.46,1.816,11.6771,12.3379,13.4088,13.8102,1.2113,1.2731,1.4138,1.4155,Normal,50.0
C03478,L2,DAC,124.03,1.788,12.554,12.712,12.6327,12.5646,1.3495,1.3573,1.3167,1.2946,High_Stable,50.0
C03479,L2,DAC,123.93,1.797,11.7945,12.9396,14.3338,15.7384,1.2392,1.4,1.5505,1.6981,Normal,50.0
C03480,L2,DAC,125.82,1.804,12.2628,13.6989,16.8891,57.7708,1.2764,1.4062,1.8192,8.1563,Absolute_Failure,50.0
C03481,L2,ADC,123.18,1.798,12.5764,12.9409,13.2329,13.5523,1.3236,1.3466,1.3988,1.448,High_Stable,50.0
C03482,L2,DAC,124.41,1.807,12.2949,12.7901,13.1849,14.4237,1.3104,1.3445,1.3794,1.5619,Normal,50.0
C03483,L2,ASIC,125.23,1.189,11.4841,12.0619,12.6226,12.7274,1.1991,1.2224,1.2728,1.354,Normal,50.0
C03484,L2,DAC,125.45,1.803,11.7742,12.3456,12.7147,13.7374,1.2139,1.25,1.3107,1.4824,Normal,50.0
C03485,L2,ADC,125.03,1.804,11.0576,13.0384,15.284,21.5524,1.1061,1.4374,1.6387,2.4213,Latent_Defect,50.0
C03486,L2,FPGA,124.99,1.119,12.1751,12.9644,13.6701,14.0131,1.2927,1.4007,1.4578,1.4966,Normal,50.0
C03487,L2,FPGA,125.78,1.09,11.726,12.6132,13.8409,15.1998,1.2426,1.3191,1.4634,1.6369,Normal,50.0
C03488,L2,ASIC,126.05,1.203,11.015,11.5364,12.3115,13.177,1.1538,1.1738,1.3007,1.4311,Normal,50.0
C03489,L2,ASIC,125.06,1.204,11.5034,11.7011,11.9701,12.1545,1.1766,1.229,1.2464,1.2581,High_Stable,50.0
C03490,L2,DAC,124.38,1.807,12.1041,12.7385,13.1864,14.4139,1.3027,1.339,1.3531,1.5734,Normal,50.0
C03491,L2,ASIC,125.44,1.21,11.7603,11.8124,13.4911,15.0183,1.2604,1.2978,1.4194,1.6049,Normal,50.0
C03492,L2,ADC,124.61,1.796,12.1521,13.0803,13.9762,15.1432,1.2767,1.3766,1.5124,1.6168,Normal,50.0
C03493,L2,DAC,125.49,1.793,11.9756,12.8547,13.1668,13.6703,1.2646,1.3972,1.4151,1.4782,Normal,50.0
C03494,L2,ASIC,125.33,1.198,11.4751,13.2437,19.226,52.3363,1.2348,1.3982,2.1362,7.1736,Absolute_Failure,50.0
C03495,L2,FPGA,125.64,1.087,12.211,12.9522,14.0126,14.7411,1.2559,1.3643,1.4515,1.5834,Normal,50.0
C03496,L2,FPGA,125.88,1.093,11.6871,12.162,13.0673,14.6,1.264,1.2273,1.3705,1.5501,Normal,50.0
C03497,L2,ASIC,125.13,1.194,11.1303,12.5054,16.8964,23.4391,1.1713,1.2673,1.8746,2.6827,Latent_Defect,50.0
C03498,L2,DAC,124.8,1.805,11.9638,12.3238,13.6855,14.2772,1.2246,1.2634,1.4422,1.5147,Normal,50.0
C03499,L2,FPGA,125.08,1.077,10.9701,11.363,11.7537,12.3535,1.1362,1.1701,1.2674,1.2865,Normal,50.0
C03500,L2,ADC,124.2,1.789,11.3912,13.2653,20.5916,51.4391,1.1628,1.3689,2.2681,7.0139,Absolute_Failure,50.0
C03501,L2,ASIC,124.21,1.207,10.8134,11.7938,12.8645,13.1188,1.1875,1.2386,1.3501,1.3506,Normal,50.0
C03502,L2,ADC,124.6,1.811,11.9301,12.2867,12.9087,14.6664,1.2607,1.295,1.3699,1.6057,Normal,50.0
C03503,L2,ASIC,125.58,1.19,11.7471,11.8809,11.8782,11.5807,1.2707,1.2483,1.2481,1.2063,High_Stable,50.0
C03504,L2,DAC,125.14,1.795,12.4175,13.2555,13.9611,15.0025,1.3198,1.4175,1.4876,1.6005,Normal,50.0
C03505,L2,FPGA,125.83,1.076,11.5398,12.6919,13.6913,13.7189,1.2027,1.3798,1.4644,1.4242,Normal,50.0
C03506,L2,FPGA,126.09,1.074,11.9813,13.2891,17.9494,21.9154,1.2455,1.3783,1.9948,2.4856,Latent_Defect,50.0
C03507,L2,ADC,125.05,1.8,12.0079,12.3951,13.2471,14.0994,1.2604,1.2723,1.4096,1.504,Normal,50.0
C03508,L2,ADC,125.18,1.809,11.8041,12.2536,13.1393,13.8375,1.2421,1.2706,1.3751,1.4912,Normal,50.0
C03509,L2,FPGA,125.45,1.088,11.4932,12.4679,16.3272,23.626,1.1677,1.3047,1.7555,2.6429,Latent_Defect,50.0
C03510,L2,ASIC,124.93,1.188,10.9061,11.7103,12.544,13.5924,1.1178,1.2789,1.299,1.4167,Normal,50.0
C03511,L2,ASIC,123.97,1.215,11.4314,12.3105,13.0453,13.3648,1.1818,1.288,1.4189,1.3772,Normal,50.0
C03512,L2,DAC,125.97,1.786,12.5789,13.7254,14.5553,16.2272,1.3004,1.498,1.5389,1.7778,Normal,50.0
C03513,L2,DAC,124.66,1.807,11.9852,12.6684,13.1369,13.713,1.2754,1.3145,1.3537,1.4263,Normal,50.0
C03514,L2,ASIC,127.42,1.23,11.0026,12.8971,18.0963,52.0951,1.1443,1.3804,1.9687,7.1302,Absolute_Failure,50.0
C03515,L2,FPGA,125.38,1.094,11.4911,12.1065,12.6271,13.1555,1.2163,1.272,1.3556,1.3909,Normal,50.0
C03516,L2,FPGA,126.69,1.119,11.9559,13.1568,14.0401,14.4796,1.2502,1.3861,1.4611,1.5558,Normal,50.0
C03517,L2,DAC,126.01,1.82,11.5771,12.1209,12.2261,13.7192,1.191,1.2924,1.2588,1.4554,Normal,50.0
C03518,L2,DAC,124.47,1.802,11.7958,13.1066,14.3259,15.7149,1.259,1.3713,1.48,1.6906,Normal,50.0
C03519,L2,ADC,126.41,1.785,11.8946,13.5898,17.3409,58.7362,1.2288,1.4268,1.8984,8.3879,Absolute_Failure,50.0
C03520,L2,DAC,125.02,1.776,11.7198,13.4934,18.3321,23.803,1.194,1.4238,2.0103,2.7198,Latent_Defect,50.0
C03521,L2,DAC,123.96,1.814,11.8776,11.6575,11.5887,11.665,1.2455,1.2311,1.2019,1.1818,High_Stable,50.0
C03522,L2,ASIC,124.83,1.226,10.8368,11.3753,12.446,13.4382,1.1195,1.164,1.3316,1.3757,Normal,50.0
C03523,L2,ASIC,124.41,1.205,11.1986,11.6193,14.6302,52.8578,1.1447,1.199,1.573,7.242,Absolute_Failure,50.0
C03524,L2,ADC,125.03,1.78,12.077,13.86,17.5475,23.2901,1.2553,1.4516,1.8921,2.7112,Latent_Defect,50.0
C03525,L2,FPGA,123.89,1.117,11.7916,12.1737,15.2038,53.1258,1.2152,1.3072,1.6496,7.2808,Absolute_Failure,50.0
C03526,L2,ASIC,124.39,1.199,10.7362,11.608,12.94,14.333,1.0911,1.1686,1.3425,1.5105,Normal,50.0
C03527,L2,ASIC,124.33,1.187,11.3581,13.0899,16.1481,22.6793,1.1787,1.3853,1.7559,2.5521,Latent_Defect,50.0
C03528,L2,ADC,124.26,1.799,11.6184,12.3163,12.9224,13.7055,1.2213,1.288,1.3917,1.461,Normal,50.0
C03529,L2,ADC,124.47,1.782,12.1795,13.3618,14.3329,15.2563,1.3477,1.4125,1.5685,1.6399,Normal,50.0
C03530,L2,ASIC,125.16,1.178,11.0056,12.5391,15.9427,18.9786,1.158,1.3221,1.6885,2.1263,Latent_Defect,50.0
C03531,L2,DAC,125.02,1.793,11.6987,12.4991,13.2221,13.84,1.2702,1.285,1.3753,1.468,Normal,50.0
C03532,L2,ASIC,124.4,1.167,11.6573,11.7021,11.6737,12.0052,1.1913,1.2149,1.2171,1.2135,High_Stable,50.0
C03533,L2,DAC,125.07,1.799,11.9718,13.5082,19.8801,51.9493,1.2731,1.4636,2.2046,7.1232,Absolute_Failure,50.0
C03534,L2,FPGA,125.54,1.108,11.4285,12.0851,12.3405,13.4335,1.2175,1.2924,1.3044,1.3968,Normal,50.0
C03535,L2,FPGA,125.22,1.11,12.1321,12.6543,13.6388,13.8772,1.2766,1.3506,1.4257,1.4793,Normal,50.0
C03536,L2,DAC,125.88,1.8,11.6749,13.1545,22.0017,56.6736,1.1943,1.3815,2.443,7.9643,Absolute_Failure,50.0
C03537,L2,ADC,126.8,1.823,12.0556,12.4076,13.0766,14.2561,1.2614,1.3157,1.3708,1.5066,Normal,50.0
C03538,L2,FPGA,125.65,1.093,11.3231,12.4855,13.185,14.523,1.2026,1.2941,1.3591,1.5248,Normal,50.0
C03539,L2,FPGA,124.95,1.13,11.411,12.0625,13.0343,13.9907,1.1973,1.2568,1.37,1.4959,Normal,50.0
C03540,L2,ADC,124.73,1.786,11.8663,12.9716,16.3412,54.4741,1.2353,1.3885,1.7646,7.5644,Absolute_Failure,50.0
C03541,L2,FPGA,124.42,1.1,11.434,11.9623,11.9522,13.1952,1.1941,1.2532,1.2363,1.4101,Normal,50.0
C03542,L2,ASIC,125.98,1.174,11.7834,11.865,11.7731,12.3341,1.2538,1.2527,1.2489,1.3252,High_Stable,50.0
C03543,L2,FPGA,125.01,1.105,11.1996,11.5624,11.9346,13.0239,1.1295,1.2166,1.2451,1.3495,Normal,50.0
C03544,L2,ASIC,125.43,1.215,12.0899,12.6894,13.6282,14.7378,1.2463,1.353,1.3822,1.5615,Normal,50.0
C03545,L2,ADC,124.57,1.777,11.9143,12.6045,13.1676,14.3703,1.2589,1.331,1.3499,1.5326,Normal,50.0
C03546,L2,FPGA,124.91,1.127,11.2724,11.6115,12.3218,12.9183,1.1852,1.2038,1.3249,1.3981,Normal,50.0
C03547,L2,ADC,125.99,1.8,11.6919,12.277,12.9613,14.3075,1.2796,1.2931,1.3614,1.5221,Normal,50.0
C03548,L2,FPGA,126.38,1.096,11.6079,12.6503,13.3988,14.5985,1.2284,1.3221,1.3978,1.5296,Normal,50.0
C03549,L2,ADC,124.28,1.797,12.0481,12.3475,13.5919,14.2814,1.262,1.3154,1.4644,1.5226,Normal,50.0
C03550,L2,DAC,124.04,1.795,11.5997,12.2147,13.1628,14.3443,1.2221,1.2996,1.3928,1.5599,Normal,50.0
C03551,L2,ADC,124.78,1.796,11.7939,11.8752,12.0424,12.0695,1.2151,1.2535,1.2516,1.239,High_Stable,50.0
C03552,L2,ASIC,124.98,1.205,11.9445,14.0337,16.4802,24.5797,1.2332,1.4819,1.8104,2.8313,Latent_Defect,50.0
C03553,L2,DAC,124.43,1.797,12.1963,13.8554,16.9079,21.0531,1.2786,1.4504,1.8407,2.3524,Latent_Defect,50.0
C03554,L2,DAC,124.49,1.819,12.069,14.5107,20.8447,50.1396,1.248,1.5666,2.3214,6.7782,Absolute_Failure,50.0
C03555,L2,FPGA,125.86,1.118,12.1717,13.2012,13.7213,14.704,1.2196,1.4139,1.4494,1.5605,Normal,50.0
C03556,L2,ASIC,124.95,1.195,11.12,11.6701,12.6317,29.7998,1.1638,1.2478,1.3289,3.5355,Sudden_Anomaly,50.0
C03557,L2,DAC,124.53,1.794,12.5983,13.9023,14.8061,16.2078,1.2922,1.4707,1.5298,1.7246,Normal,50.0
C03558,L2,FPGA,123.83,1.093,11.2523,11.5351,11.9803,13.1308,1.1485,1.1705,1.2715,1.3433,Normal,50.0
C03559,L2,DAC,124.28,1.801,11.9673,12.8005,13.2591,14.8705,1.2335,1.3292,1.3959,1.5896,Normal,50.0
C03560,L2,DAC,124.75,1.795,11.1244,12.3049,12.6792,13.8176,1.1421,1.271,1.2979,1.4419,Normal,50.0
C03561,L2,ADC,123.68,1.814,11.741,12.4846,12.9524,12.8782,1.2297,1.3248,1.3571,1.3872,Normal,50.0
C03562,L2,ASIC,124.34,1.191,11.4045,12.0035,12.4359,14.1334,1.1631,1.2607,1.2877,1.453,Normal,50.0
C03563,L2,DAC,124.9,1.809,11.5322,11.6271,11.7979,12.1383,1.2445,1.2288,1.2335,1.2702,High_Stable,50.0
C03564,L2,ASIC,125.16,1.192,11.1204,12.0376,13.2715,14.2787,1.19,1.2534,1.376,1.4954,Normal,50.0
C03565,L2,ASIC,125.58,1.214,11.1457,12.354,13.3283,14.237,1.1435,1.2637,1.3936,1.5352,Normal,50.0
C03566,L2,ADC,124.86,1.814,11.6716,12.7801,13.1913,14.0329,1.2426,1.3358,1.4041,1.5213,Normal,50.0
C03567,L2,ASIC,125.1,1.169,11.0178,12.2869,13.2398,14.7394,1.1872,1.2779,1.3922,1.5274,Normal,50.0
C03568,L2,FPGA,123.67,1.08,10.8803,11.7309,12.6371,13.8172,1.1519,1.1954,1.359,1.4475,Normal,50.0
C03569,L2,ASIC,124.73,1.2,11.0834,11.638,12.349,13.4775,1.1623,1.2344,1.291,1.4237,Normal,50.0
C03570,L2,FPGA,124.67,1.092,11.7534,12.1816,12.0629,11.9068,1.2356,1.2897,1.238,1.2869,High_Stable,50.0
C03571,L2,FPGA,125.1,1.106,12.0905,13.3029,18.025,22.5788,1.2709,1.4335,1.9205,2.5526,Latent_Defect,50.0
C03572,L2,FPGA,123.05,1.107,11.7475,13.0852,14.0061,15.3888,1.238,1.4207,1.5147,1.6561,Normal,50.0
C03573,L2,DAC,124.85,1.815,12.0281,12.2207,13.0648,13.9964,1.2626,1.2843,1.3561,1.5126,Normal,50.0
C03574,L2,ADC,125.37,1.819,11.6622,12.0349,13.1215,14.4139,1.2131,1.2815,1.3438,1.5327,Normal,50.0
C03575,L2,ASIC,125.02,1.191,11.5309,12.1443,13.1819,13.9902,1.2343,1.2308,1.3961,1.5022,Normal,50.0
C03576,L2,DAC,125.65,1.804,11.6526,12.624,13.3188,14.2946,1.236,1.288,1.397,1.516,Normal,50.0
C03577,L2,ADC,124.54,1.808,12.1927,13.9138,17.6559,22.1327,1.2503,1.4463,1.9412,2.4279,Latent_Defect,50.0
C03578,L2,FPGA,125.91,1.094,12.0709,13.3668,14.3261,14.6122,1.2655,1.3764,1.5394,1.5507,Normal,50.0
C03579,L2,ADC,124.83,1.787,11.2896,11.515,12.5676,13.2137,1.1789,1.2271,1.2965,1.383,Normal,50.0
C03580,L2,ASIC,124.93,1.203,11.3117,12.6404,17.3807,24.808,1.186,1.2726,1.9086,2.8517,Latent_Defect,50.0
C03581,L2,ADC,125.77,1.796,11.4192,12.6748,13.3842,14.7258,1.165,1.3304,1.4151,1.5799,Normal,50.0
C03582,L2,ASIC,126.81,1.191,11.4088,11.7961,12.3591,12.775,1.1768,1.2113,1.2834,1.3339,Normal,50.0
C03583,L2,ADC,124.56,1.786,11.4421,12.1479,13.2195,14.6426,1.1787,1.2745,1.3654,1.5748,Normal,50.0
C03584,L2,ADC,123.78,1.789,11.355,12.3074,13.3473,13.5854,1.183,1.2788,1.4412,1.4358,Normal,50.0
C03585,L2,DAC,124.99,1.79,11.9108,12.9564,13.5347,13.6892,1.2446,1.3955,1.4324,1.4471,Normal,50.0
C03586,L2,FPGA,125.29,1.129,11.4582,12.1743,12.685,13.5523,1.2227,1.2472,1.3299,1.4377,Normal,50.0
C03587,L2,DAC,126.15,1.811,12.0415,13.2902,14.0604,15.299,1.2723,1.4314,1.537,1.6223,Normal,50.0
C03588,L2,ADC,123.12,1.763,11.8209,11.6608,12.0089,11.9867,1.2416,1.2175,1.2559,1.2303,High_Stable,50.0
C03589,L2,DAC,125.32,1.797,12.3712,13.4067,15.8383,30.8847,1.2844,1.4702,1.7162,3.7184,Sudden_Anomaly,50.0
C03590,L2,ASIC,125.54,1.21,12.1195,12.4104,12.5504,12.6476,1.2906,1.331,1.3368,1.3257,High_Stable,50.0
C03591,L2,DAC,125.16,1.803,12.5212,13.2764,14.4606,15.51,1.3,1.4236,1.5207,1.6628,Normal,50.0
C03592,L2,FPGA,126.64,1.104,11.5814,11.8012,12.2004,13.0463,1.2124,1.2121,1.3026,1.3816,Normal,50.0
C03593,L2,DAC,124.77,1.768,11.7771,14.8627,22.0434,53.8801,1.2511,1.5608,2.5,7.4484,Absolute_Failure,50.0
C03594,L2,FPGA,126.74,1.107,11.2276,11.3169,11.2572,11.4285,1.1414,1.1326,1.1623,1.2018,High_Stable,50.0
C03595,L2,FPGA,125.41,1.095,11.7213,12.5971,15.3668,33.0247,1.2457,1.3398,1.6562,4.031,Sudden_Anomaly,50.0
C03596,L2,FPGA,125.72,1.1,12.2811,12.5957,12.6566,12.6346,1.2907,1.3009,1.3096,1.3153,High_Stable,50.0
C03597,L2,ASIC,123.81,1.189,12.0453,13.0422,13.1108,13.3866,1.2485,1.3758,1.3951,1.4564,Normal,50.0
C03598,L2,ADC,124.0,1.797,11.7133,11.9893,14.2191,39.8535,1.2137,1.2544,1.5115,5.0325,Sudden_Anomaly,50.0
C03599,L2,FPGA,125.16,1.105,12.1057,12.9419,13.2682,14.1152,1.2317,1.3317,1.4165,1.4953,Normal,50.0
C03600,L2,ASIC,124.6,1.188,11.7368,12.9547,14.9503,36.1337,1.2112,1.3575,1.5771,4.5046,Sudden_Anomaly,50.0
C03601,L2,DAC,125.01,1.802,11.9516,12.4986,13.1614,14.3197,1.2806,1.3335,1.3699,1.524,Normal,50.0
C03602,L2,ADC,123.97,1.802,11.887,12.2293,13.2441,14.6768,1.28,1.262,1.3963,1.5554,Normal,50.0
C03603,L2,ASIC,125.21,1.196,11.2961,12.3399,12.4792,13.6996,1.1616,1.3203,1.3089,1.4638,Normal,50.0
C03604,L2,ADC,123.84,1.796,11.8171,13.1052,13.9953,38.9706,1.248,1.3971,1.4757,4.8801,Sudden_Anomaly,50.0
C03605,L2,ADC,125.6,1.794,11.6735,12.5344,12.6789,13.8527,1.2443,1.3351,1.3444,1.4793,Normal,50.0
C03606,L2,ASIC,124.82,1.217,11.0611,12.1437,12.2155,12.9908,1.125,1.2853,1.2979,1.4335,Normal,50.0
C03607,L2,ASIC,124.87,1.189,11.2409,12.098,13.1396,14.723,1.1473,1.3014,1.3964,1.5703,Normal,50.0
C03608,L2,DAC,123.73,1.824,12.5273,13.2337,13.6844,14.7394,1.3343,1.4164,1.4467,1.5233,Normal,50.0
C03609,L2,FPGA,125.68,1.092,11.1046,11.8021,13.0901,14.0206,1.1534,1.2595,1.4032,1.4686,Normal,50.0
C03610,L2,ASIC,123.74,1.173,11.0477,11.5626,12.286,12.8932,1.1393,1.2258,1.271,1.3159,Normal,50.0
C03611,L2,ADC,124.45,1.776,11.4373,12.057,12.9787,13.4774,1.1835,1.2569,1.3333,1.3799,Normal,50.0
C03612,L2,DAC,125.27,1.792,12.9829,13.2273,16.0111,57.7745,1.3509,1.3555,1.7343,8.1238,Absolute_Failure,50.0
C03613,L2,FPGA,124.54,1.095,11.172,12.7458,15.05,33.1926,1.1719,1.3152,1.6259,4.0406,Sudden_Anomaly,50.0
C03614,L2,FPGA,126.63,1.102,11.608,13.3497,19.103,54.8353,1.2149,1.4059,2.1118,7.5966,Absolute_Failure,50.0
C03615,L2,ASIC,124.22,1.193,10.8684,11.2075,12.3083,13.6358,1.141,1.1715,1.2954,1.4544,Normal,50.0
C03616,L2,DAC,124.8,1.803,12.2936,12.9225,13.6715,14.8705,1.3279,1.3817,1.4325,1.5557,Normal,50.0
C03617,L2,ADC,123.94,1.785,11.999,12.4119,12.7319,12.784,1.2735,1.3721,1.3407,1.375,Normal,50.0
C03618,L2,ADC,123.72,1.834,12.1067,12.9247,17.2161,21.4546,1.2754,1.4159,1.8635,2.4243,Latent_Defect,50.0
C03619,L2,FPGA,125.32,1.133,11.976,12.0629,12.1677,12.122,1.22,1.2276,1.1917,1.267,High_Stable,50.0
C03620,L2,ASIC,124.57,1.215,11.6427,12.2873,13.2309,14.9999,1.204,1.2714,1.343,1.6123,Normal,50.0
C03621,L2,FPGA,125.92,1.121,12.2147,12.98,13.3726,14.3364,1.2556,1.3624,1.4032,1.5173,Normal,50.0
C03622,L2,ADC,122.27,1.813,10.8256,12.7851,19.4755,60.2604,1.1014,1.3458,2.1633,8.6678,Absolute_Failure,50.0
C03623,L2,ASIC,124.49,1.175,11.4405,12.6118,12.6631,13.7319,1.14,1.329,1.3285,1.4144,Normal,50.0
C03624,L2,ADC,124.25,1.825,11.8587,13.3303,15.5297,31.5489,1.247,1.434,1.709,3.8299,Sudden_Anomaly,50.0
C03625,L2,ASIC,124.78,1.207,11.6752,12.2083,12.2942,12.6839,1.2294,1.2745,1.2302,1.3028,Normal,50.0
C03626,L2,ASIC,126.2,1.197,12.0588,12.3134,12.5274,12.5468,1.2338,1.2493,1.2772,1.302,High_Stable,50.0
C03627,L2,ASIC,123.67,1.176,11.8966,12.9621,13.5666,14.5922,1.2517,1.378,1.4455,1.5747,Normal,50.0
C03628,L2,FPGA,124.8,1.093,11.348,12.9689,21.0772,51.5929,1.1349,1.3699,2.3393,6.9977,Absolute_Failure,50.0
C03629,L2,ASIC,124.0,1.204,11.484,12.4746,13.4351,29.837,1.1741,1.3319,1.4086,3.5606,Sudden_Anomaly,50.0
C03630,L2,FPGA,124.54,1.088,11.5481,11.9631,12.9933,14.2934,1.1836,1.2546,1.3695,1.5009,Normal,50.0
C03631,L2,ADC,124.54,1.811,11.494,13.8157,20.3784,53.892,1.1776,1.4633,2.2341,7.4531,Absolute_Failure,50.0
C03632,L2,ASIC,125.09,1.199,11.4803,12.0962,12.6222,13.7989,1.2282,1.2264,1.3423,1.4917,Normal,50.0
C03633,L2,DAC,125.38,1.798,11.8317,12.3296,13.2523,13.5992,1.1634,1.3015,1.3829,1.4069,Normal,50.0
C03634,L2,ADC,127.13,1.78,11.7882,11.7607,11.7829,11.877,1.2353,1.2082,1.2462,1.2246,High_Stable,50.0
C03635,L2,ADC,123.06,1.801,12.0105,12.8352,14.9627,21.454,1.3082,1.3482,1.6118,2.4013,Latent_Defect,50.0
C03636,L2,FPGA,124.96,1.121,11.0431,11.9899,12.7548,13.6649,1.1931,1.2076,1.3439,1.434,Normal,50.0
C03637,L2,ADC,123.07,1.805,11.5457,12.0471,12.854,14.0238,1.2188,1.2928,1.3323,1.4986,Normal,50.0
C03638,L2,ASIC,125.46,1.224,11.4301,12.1144,12.3416,13.4633,1.1506,1.2279,1.3071,1.4557,Normal,50.0
C03639,L2,ADC,125.15,1.831,12.1229,13.9078,16.707,22.2776,1.2783,1.5195,1.8289,2.4943,Latent_Defect,50.0
C03640,L2,ADC,123.94,1.82,12.007,12.463,13.7556,14.1554,1.284,1.329,1.4735,1.5021,Normal,50.0
C03641,L2,ADC,123.88,1.788,12.516,12.4838,12.239,11.9996,1.3375,1.2604,1.2823,1.2324,High_Stable,50.0
C03642,L2,DAC,124.99,1.804,12.2305,12.4843,12.9827,14.6146,1.2802,1.3317,1.3878,1.5786,Normal,50.0
C03643,L2,FPGA,124.25,1.086,11.9207,12.8167,12.9051,13.0782,1.2427,1.3403,1.3843,1.3933,Normal,50.0
C03644,L2,ASIC,125.05,1.194,10.9826,11.8072,12.8945,14.0688,1.1504,1.2404,1.3574,1.499,Normal,50.0
C03645,L2,FPGA,125.87,1.107,11.9503,12.3252,13.1529,14.3667,1.2219,1.2681,1.4022,1.5144,Normal,50.0
C03646,L2,DAC,125.69,1.793,12.4659,13.6012,18.935,52.6264,1.3067,1.5027,2.0809,7.1706,Absolute_Failure,50.0
C03647,L2,FPGA,125.96,1.087,11.508,12.2544,12.7439,13.0071,1.1883,1.3195,1.3342,1.3802,Normal,50.0
C03648,L2,FPGA,126.73,1.096,11.2815,12.0975,12.0109,12.6872,1.1564,1.2693,1.2282,1.3317,Normal,50.0
C03649,L2,DAC,124.99,1.788,12.0699,12.6634,15.3023,37.2979,1.2821,1.3076,1.6243,4.66,Sudden_Anomaly,50.0
C03650,L2,ADC,124.62,1.785,11.3676,12.0923,13.1906,13.4522,1.1845,1.2225,1.4013,1.4443,Normal,50.0
C03651,L2,ASIC,125.08,1.19,11.8981,12.547,12.7946,12.9352,1.2041,1.288,1.3194,1.4092,Normal,50.0
C03652,L2,FPGA,125.38,1.096,11.7731,11.7959,12.0872,12.1715,1.2316,1.242,1.2716,1.2799,High_Stable,50.0
C03653,L2,FPGA,124.75,1.079,11.1768,12.7964,13.3996,13.9607,1.1515,1.342,1.4809,1.4663,Normal,50.0
C03654,L2,DAC,126.57,1.789,12.0041,13.2935,14.5385,16.2423,1.2508,1.414,1.5759,1.7188,Normal,50.0
C03655,L2,ADC,125.27,1.812,12.1183,12.3345,15.1675,39.5868,1.2575,1.2827,1.64,4.9894,Sudden_Anomaly,50.0
C03656,L2,ADC,124.67,1.803,11.4567,12.5557,12.6086,13.5756,1.2004,1.3173,1.3441,1.4307,Normal,50.0
C03657,L2,ASIC,125.52,1.192,11.5693,13.4573,16.1302,23.4596,1.2039,1.4509,1.7599,2.6567,Latent_Defect,50.0
C03658,L2,ASIC,124.31,1.177,11.5615,12.1287,12.4177,13.6083,1.1928,1.2384,1.3459,1.4533,Normal,50.0
C03659,L2,FPGA,125.79,1.114,11.8951,12.1112,12.2517,12.3688,1.2179,1.2729,1.2585,1.3019,High_Stable,50.0
C03660,L2,FPGA,126.74,1.109,11.738,11.7481,12.0356,12.4647,1.2518,1.2176,1.2345,1.2978,High_Stable,50.0
C03661,L2,ADC,124.74,1.785,12.2193,13.6637,16.4312,39.0277,1.2589,1.4225,1.8276,4.8905,Sudden_Anomaly,50.0
C03662,L2,FPGA,124.35,1.103,11.6509,12.7134,13.3344,14.2091,1.2368,1.3411,1.4283,1.521,Normal,50.0
C03663,L2,ADC,125.48,1.806,12.1618,12.7008,15.5442,34.7587,1.2584,1.3544,1.6664,4.27,Sudden_Anomaly,50.0
C03664,L2,ASIC,124.91,1.206,11.5256,12.0426,15.451,60.8068,1.2273,1.2378,1.6947,8.7742,Absolute_Failure,50.0
C03665,L2,DAC,125.49,1.807,11.5172,12.635,13.3507,14.6535,1.22,1.2931,1.4436,1.5526,Normal,50.0
C03666,L2,ASIC,126.21,1.22,11.5979,12.4032,13.6467,14.7082,1.2372,1.2742,1.4724,1.5876,Normal,50.0
C03667,L2,DAC,124.44,1.821,12.5322,13.5769,14.8519,15.8515,1.3203,1.4551,1.6061,1.7489,Normal,50.0
C03668,L2,FPGA,126.3,1.089,11.1969,11.9817,12.5521,14.0149,1.1486,1.2169,1.3016,1.5102,Normal,50.0
C03669,L2,ADC,126.01,1.797,11.3295,11.8126,13.0955,31.4527,1.1875,1.2327,1.3761,3.7626,Sudden_Anomaly,50.0
C03670,L2,DAC,124.17,1.807,11.8319,12.8709,17.1577,51.8602,1.2588,1.3696,1.8883,7.0875,Absolute_Failure,50.0
C03671,L2,DAC,125.69,1.8,11.7028,12.6176,13.4368,14.8881,1.2047,1.3266,1.3941,1.5626,Normal,50.0
C03672,L2,DAC,124.82,1.812,12.1014,12.0641,11.8034,11.9086,1.2683,1.2532,1.188,1.1958,High_Stable,50.0
C03673,L2,ASIC,125.63,1.204,11.4056,12.4823,13.0201,14.7268,1.1965,1.35,1.384,1.5807,Normal,50.0
C03674,L2,FPGA,124.73,1.121,11.4369,12.384,13.8182,14.1583,1.1841,1.2936,1.4601,1.4792,Normal,50.0
C03675,L2,ADC,126.06,1.792,11.8779,12.9415,13.682,13.956,1.1963,1.31,1.4393,1.5024,Normal,50.0
C03676,L2,ADC,124.6,1.79,13.1388,13.3167,13.4862,13.4479,1.3716,1.3893,1.4244,1.4401,High_Stable,50.0
C03677,L2,FPGA,126.43,1.08,11.2182,11.7338,12.8538,13.8388,1.1744,1.2083,1.3538,1.4964,Normal,50.0
C03678,L2,FPGA,126.01,1.114,11.7783,13.019,14.1789,15.6777,1.2646,1.3508,1.544,1.6893,Normal,50.0
C03679,L2,ASIC,124.64,1.182,11.518,11.6035,12.9253,36.7851,1.2063,1.2497,1.3455,4.5969,Sudden_Anomaly,50.0
C03680,L2,DAC,125.08,1.787,12.4429,13.2,14.3625,15.6359,1.2666,1.3704,1.5449,1.6713,Normal,50.0
C03681,L2,ASIC,124.81,1.203,12.5687,12.6963,13.0423,12.9846,1.3147,1.295,1.3722,1.3724,High_Stable,50.0
C03682,L2,FPGA,124.55,1.114,12.3019,12.8058,13.3714,14.5571,1.2529,1.3608,1.4258,1.534,Normal,50.0
C03683,L2,DAC,123.63,1.804,12.2848,12.8801,15.3797,54.4557,1.2476,1.4014,1.6362,7.5663,Absolute_Failure,50.0
C03684,L2,ADC,124.52,1.777,11.9131,12.6824,13.4793,14.9098,1.2581,1.3217,1.4322,1.6058,Normal,50.0
C03685,L2,FPGA,126.5,1.09,11.9998,12.924,13.3738,14.4136,1.2309,1.3196,1.4303,1.5352,Normal,50.0
C03686,L2,ADC,124.75,1.8,12.1085,13.3444,14.1115,14.5748,1.2279,1.4427,1.5229,1.607,Normal,50.0
C03687,L2,ADC,123.83,1.792,12.2078,12.4514,12.7283,13.0222,1.2949,1.3003,1.3376,1.3335,High_Stable,50.0
C03688,L2,ADC,124.9,1.783,11.7763,11.9002,12.0082,12.1742,1.2377,1.2515,1.2536,1.2928,High_Stable,50.0
C03689,L2,ASIC,123.88,1.22,10.906,11.3303,12.2426,12.6401,1.1848,1.1953,1.2855,1.3244,Normal,50.0
C03690,L2,FPGA,124.85,1.083,11.4528,12.309,14.8364,54.7812,1.1996,1.2562,1.5704,7.6206,Absolute_Failure,50.0
C03691,L2,ASIC,124.14,1.19,11.5148,12.1522,12.5113,13.9919,1.1955,1.2993,1.2958,1.4853,Normal,50.0
C03692,L2,ASIC,125.05,1.204,11.2017,11.4807,12.1922,12.9123,1.1666,1.1722,1.279,1.3509,Normal,50.0
C03693,L2,FPGA,125.03,1.111,11.0,11.8684,12.8454,13.737,1.0964,1.2695,1.3232,1.4803,Normal,50.0
C03694,L2,ADC,123.82,1.781,12.0572,12.7528,13.5924,14.2255,1.2359,1.315,1.4657,1.5044,Normal,50.0
C03695,L2,ASIC,123.66,1.196,11.0096,11.4098,12.4466,13.1497,1.1163,1.2145,1.3042,1.3832,Normal,50.0
C03696,L2,FPGA,125.23,1.101,11.2327,12.1123,13.4207,14.5493,1.148,1.2524,1.4113,1.56,Normal,50.0
C03697,L2,ASIC,125.09,1.191,11.5773,12.4018,12.9807,14.4963,1.1902,1.2837,1.3804,1.5136,Normal,50.0
C03698,L2,FPGA,126.51,1.112,11.192,11.8373,11.9306,12.2322,1.1709,1.2407,1.2536,1.301,Normal,50.0
C03699,L2,FPGA,126.49,1.118,11.627,12.71,13.1951,13.9547,1.202,1.3336,1.3892,1.4772,Normal,50.0
C03700,L2,ADC,124.59,1.795,11.4688,12.1022,12.9378,13.7798,1.1815,1.2222,1.3019,1.4529,Normal,50.0
C03701,L2,DAC,126.49,1.795,12.1214,12.8397,13.8152,14.0087,1.2837,1.3365,1.4904,1.5123,Normal,50.0
C03702,L2,ADC,125.02,1.784,11.3728,11.9575,12.5506,13.2529,1.1563,1.2408,1.2703,1.3921,Normal,50.0
C03703,L2,ASIC,123.89,1.177,11.4427,12.271,12.4524,13.8119,1.197,1.3207,1.2998,1.4839,Normal,50.0
C03704,L2,DAC,125.39,1.806,11.6529,11.5724,11.9391,13.1677,1.1912,1.2332,1.2329,1.3816,Normal,50.0
C03705,L2,FPGA,124.56,1.114,11.1352,11.9904,13.256,13.0948,1.1724,1.2327,1.4114,1.3874,Normal,50.0
C03706,L2,ASIC,125.47,1.193,11.7318,12.6674,13.4643,14.6384,1.2029,1.3698,1.4297,1.5162,Normal,50.0
C03707,L2,ASIC,124.26,1.2,11.6187,12.534,13.2078,14.4336,1.2202,1.3279,1.4181,1.53,Normal,50.0
C03708,L2,ADC,124.44,1.804,11.5164,12.4058,15.4591,57.0856,1.2494,1.3329,1.6333,8.0227,Absolute_Failure,50.0
C03709,L2,FPGA,125.46,1.104,11.1674,11.4849,12.3962,12.7502,1.1576,1.1644,1.2929,1.3292,Normal,50.0
C03710,L2,ASIC,124.66,1.204,11.834,13.4312,18.1881,25.0955,1.2426,1.4597,1.9692,2.8701,Latent_Defect,50.0
C03711,L2,DAC,125.0,1.786,11.8309,12.0915,12.3576,12.5323,1.2471,1.2639,1.3145,1.2778,High_Stable,50.0
C03712,L2,ASIC,126.0,1.191,11.3615,12.7977,17.5783,60.9722,1.1762,1.2994,1.9324,8.724,Absolute_Failure,50.0
C03713,L2,ASIC,125.61,1.204,11.875,12.0549,12.3648,12.7343,1.1753,1.2928,1.2811,1.3845,High_Stable,50.0
C03714,L2,DAC,124.2,1.799,11.836,13.1619,13.3946,13.8358,1.2998,1.3982,1.3996,1.4741,Normal,50.0
C03715,L2,ASIC,125.27,1.219,11.1931,12.7144,18.4097,55.3108,1.1478,1.3244,2.0146,7.6978,Absolute_Failure,50.0
C03716,L2,ASIC,125.78,1.188,11.8911,12.5347,13.2112,13.2916,1.2713,1.3099,1.3925,1.3886,Normal,50.0
C03717,L2,ADC,125.37,1.808,11.1824,11.5265,12.1041,12.7874,1.1568,1.1989,1.2522,1.3103,Normal,50.0
C03718,L2,DAC,125.12,1.82,12.0796,12.6207,13.4287,14.4628,1.2334,1.3784,1.399,1.5261,Normal,50.0
C03719,L2,ASIC,124.7,1.21,11.9273,12.0906,12.2764,12.3209,1.1813,1.2999,1.317,1.2593,High_Stable,50.0
C03720,L2,FPGA,126.38,1.11,11.7151,14.8276,20.9711,56.0148,1.1986,1.6215,2.326,7.8098,Absolute_Failure,50.0
C03721,L2,ASIC,125.17,1.201,11.5526,12.0288,12.771,13.6198,1.1906,1.2991,1.3417,1.4354,Normal,50.0
C03722,L2,ASIC,125.49,1.178,11.4639,12.4696,13.0569,14.0836,1.1588,1.3097,1.3918,1.5073,Normal,50.0
C03723,L2,DAC,123.68,1.777,11.9656,11.8895,12.0048,11.9876,1.2519,1.2407,1.2507,1.27,High_Stable,50.0
C03724,L2,FPGA,125.82,1.106,11.2625,12.2205,13.6246,14.3576,1.204,1.2923,1.4494,1.5114,Normal,50.0
C03725,L2,FPGA,124.52,1.114,12.1359,12.9052,13.203,13.7645,1.2543,1.3282,1.394,1.455,Normal,50.0
C03726,L2,ADC,125.21,1.832,11.7712,14.5021,21.7269,52.5004,1.2166,1.545,2.4428,7.1852,Absolute_Failure,50.0
C03727,L2,DAC,124.28,1.832,12.4169,13.6846,13.654,14.1355,1.3023,1.4756,1.4475,1.4988,Normal,50.0
C03728,L2,DAC,126.36,1.81,11.0941,11.9291,13.0156,14.3982,1.1347,1.2535,1.3821,1.4947,Normal,50.0
C03729,L2,FPGA,124.96,1.132,11.0845,12.2088,13.4778,14.7527,1.1817,1.2716,1.4216,1.5679,Normal,50.0
C03730,L2,ADC,124.49,1.771,11.9293,13.6731,17.7898,22.7252,1.2269,1.4467,1.9623,2.5578,Latent_Defect,50.0
C03731,L2,ASIC,124.82,1.256,12.0975,12.097,12.6075,12.7087,1.2384,1.2741,1.3021,1.2963,High_Stable,50.0
C03732,L2,ADC,124.62,1.776,11.3897,12.042,13.4734,34.1098,1.1586,1.217,1.4471,4.1379,Sudden_Anomaly,50.0
C03733,L2,DAC,124.71,1.786,11.7514,12.1844,13.0551,13.4614,1.2258,1.26,1.4197,1.4107,Normal,50.0
C03734,L2,FPGA,125.23,1.096,11.7256,12.9531,13.8423,14.8718,1.3104,1.3279,1.466,1.5855,Normal,50.0
C03735,L2,ADC,123.99,1.803,11.8564,12.8942,15.6486,29.7563,1.2494,1.359,1.6963,3.52,Sudden_Anomaly,50.0
C03736,L2,ASIC,125.15,1.242,11.261,12.2559,13.6443,26.3875,1.156,1.2797,1.4285,3.0205,Sudden_Anomaly,50.0
C03737,L2,DAC,124.21,1.79,12.3808,13.1318,14.562,16.0628,1.305,1.3525,1.5647,1.752,Normal,50.0
C03738,L2,DAC,125.26,1.785,11.4988,12.4105,13.5275,14.7229,1.2563,1.3294,1.4227,1.5649,Normal,50.0
C03739,L2,ADC,124.43,1.781,10.9552,11.4638,12.7395,12.9979,1.1379,1.1812,1.332,1.3986,Normal,50.0
C03740,L2,ASIC,124.43,1.203,11.2185,12.4255,13.0513,14.4848,1.169,1.2683,1.4216,1.5142,Normal,50.0
C03741,L2,FPGA,125.91,1.128,11.3594,11.5645,12.5398,13.1374,1.2183,1.1663,1.3076,1.3777,Normal,50.0
C03742,L2,FPGA,124.61,1.117,11.5177,12.2634,13.1832,13.8273,1.1526,1.3023,1.3573,1.4734,Normal,50.0
C03743,L2,FPGA,124.97,1.086,11.7568,12.6628,13.5426,15.3854,1.2042,1.3369,1.433,1.6574,Normal,50.0
C03744,L2,ASIC,123.2,1.21,11.0721,11.5543,12.1964,12.5506,1.213,1.1763,1.2955,1.3184,Normal,50.0
C03745,L2,ADC,125.08,1.797,12.2413,13.4678,13.754,14.1965,1.2585,1.3652,1.4919,1.5095,Normal,50.0
C03746,L2,ASIC,124.45,1.197,10.9949,12.8755,15.4039,21.684,1.1523,1.3978,1.6587,2.4523,Latent_Defect,50.0
C03747,L2,FPGA,123.42,1.111,11.2207,12.4066,13.1302,14.5944,1.1828,1.278,1.4046,1.5341,Normal,50.0
C03748,L2,FPGA,126.21,1.123,11.4204,12.5373,19.8373,55.5216,1.1699,1.3082,2.214,7.7186,Absolute_Failure,50.0
C03749,L2,FPGA,125.16,1.083,11.2659,11.4581,11.8894,13.072,1.2176,1.2399,1.2744,1.3475,Normal,50.0
C03750,L2,DAC,126.21,1.823,12.3107,12.9654,14.0672,15.1711,1.2583,1.3881,1.449,1.6367,Normal,50.0
C03751,L2,FPGA,126.58,1.107,11.1856,12.599,18.4395,51.287,1.1743,1.3282,2.0555,6.9534,Absolute_Failure,50.0
C03752,L2,FPGA,125.62,1.121,12.2013,12.3156,12.3259,12.345,1.2609,1.2854,1.294,1.3019,High_Stable,50.0
C03753,L2,FPGA,124.96,1.094,11.3114,12.1233,13.0308,13.677,1.1942,1.2594,1.3602,1.5102,Normal,50.0
C03754,L2,FPGA,126.02,1.122,11.7171,13.1609,15.4871,29.2494,1.2434,1.4066,1.6429,3.402,Sudden_Anomaly,50.0
C03755,L2,ASIC,125.0,1.211,11.4243,12.268,12.8375,13.9951,1.1489,1.274,1.3996,1.4844,Normal,50.0
C03756,L2,ASIC,125.01,1.203,11.3448,11.5706,12.8142,14.0799,1.1468,1.2547,1.3117,1.4396,Normal,50.0
C03757,L2,DAC,124.99,1.78,11.252,12.2891,12.9972,13.4876,1.1476,1.3045,1.3968,1.421,Normal,50.0
C03758,L2,ASIC,124.54,1.205,11.3424,12.4214,12.9774,14.0915,1.1825,1.2803,1.4031,1.5197,Normal,50.0
C03759,L2,DAC,124.65,1.831,11.9492,12.7744,13.1816,13.9732,1.2359,1.3346,1.384,1.4856,Normal,50.0
C03760,L2,DAC,123.37,1.811,11.8854,12.8063,13.8886,14.674,1.2776,1.333,1.4908,1.5821,Normal,50.0
C03761,L2,ADC,126.15,1.79,12.3039,12.7375,12.7981,12.9512,1.2916,1.3147,1.3373,1.3608,High_Stable,50.0
C03762,L2,ASIC,126.1,1.214,11.4305,12.6455,15.2741,27.7543,1.178,1.3284,1.6171,3.3027,Sudden_Anomaly,50.0
C03763,L2,DAC,125.36,1.799,11.9002,14.7395,22.6535,51.2799,1.2706,1.5882,2.5618,7.0003,Absolute_Failure,50.0
C03764,L2,DAC,125.61,1.797,11.9505,12.6458,13.246,13.9778,1.1976,1.3331,1.377,1.499,Normal,50.0
C03765,L2,FPGA,124.82,1.108,11.5385,12.6858,13.24,14.6774,1.1583,1.3573,1.3982,1.5644,Normal,50.0
C03766,L2,ADC,123.64,1.817,11.4676,13.1216,16.4,20.4672,1.1967,1.4082,1.8245,2.2606,Latent_Defect,50.0
C03767,L2,ASIC,123.72,1.206,11.8148,13.6343,18.0137,22.7579,1.2475,1.4383,1.9846,2.5918,Latent_Defect,50.0
C03768,L2,DAC,125.03,1.797,11.8837,12.0912,12.5276,12.6778,1.2419,1.244,1.3153,1.3206,High_Stable,50.0
C03769,L2,ASIC,126.03,1.213,11.4672,11.7499,11.8543,11.9347,1.2173,1.21,1.2039,1.2366,High_Stable,50.0
C03770,L2,DAC,124.68,1.79,11.5612,12.8646,14.9987,21.8877,1.2017,1.3246,1.5946,2.4712,Latent_Defect,50.0
C03771,L2,FPGA,125.08,1.089,11.3894,11.8364,12.1275,12.983,1.1477,1.2184,1.2856,1.356,Normal,50.0
C03772,L2,ASIC,125.87,1.205,11.1509,11.8185,12.4445,13.7931,1.216,1.2774,1.3101,1.4912,Normal,50.0
C03773,L2,ASIC,124.97,1.213,11.5871,12.1537,12.5982,13.9732,1.1717,1.2754,1.3187,1.4822,Normal,50.0
C03774,L2,DAC,126.13,1.815,11.954,13.0767,13.884,15.2258,1.2688,1.3691,1.4684,1.7081,Normal,50.0
C03775,L2,DAC,125.78,1.792,11.6704,12.7922,13.9577,14.834,1.2166,1.3219,1.4966,1.581,Normal,50.0
C03776,L2,ASIC,125.89,1.191,11.5432,13.1986,14.8256,20.0602,1.2236,1.3634,1.5841,2.2546,Latent_Defect,50.0
C03777,L2,ADC,125.29,1.812,11.7488,13.0993,14.1226,15.317,1.2699,1.3848,1.5171,1.6126,Normal,50.0
C03778,L2,ASIC,125.87,1.179,11.5481,12.5945,16.1721,20.9589,1.1792,1.3654,1.7342,2.329,Latent_Defect,50.0
C03779,L2,FPGA,126.15,1.083,11.9182,12.9611,13.8589,14.4812,1.2269,1.345,1.4395,1.582,Normal,50.0
C03780,L2,ASIC,123.49,1.169,10.7305,11.5429,11.919,12.8443,1.1061,1.2109,1.2874,1.3415,Normal,50.0
C03781,L2,FPGA,125.24,1.114,11.6305,12.0971,12.3725,13.5693,1.1955,1.2542,1.2729,1.4238,Normal,50.0
C03782,L2,FPGA,125.21,1.09,11.7028,12.6693,15.0293,23.1271,1.2523,1.2879,1.5919,2.6427,Latent_Defect,50.0
C03783,L2,ASIC,124.44,1.179,11.0817,11.9537,13.0586,14.3564,1.18,1.2683,1.3576,1.5455,Normal,50.0
C03784,L2,FPGA,126.14,1.115,11.8939,12.6685,12.7954,14.5421,1.2358,1.3308,1.3349,1.5328,Normal,50.0
C03785,L2,DAC,125.29,1.8,12.0945,13.0323,16.8333,22.2194,1.2575,1.3833,1.8126,2.4774,Latent_Defect,50.0
C03786,L2,ASIC,125.37,1.209,11.8961,13.0403,13.2972,14.5241,1.2544,1.3416,1.4685,1.5227,Normal,50.0
C03787,L2,ADC,124.67,1.786,12.1553,12.7028,13.3386,14.8737,1.2861,1.3422,1.4252,1.5488,Normal,50.0
C03788,L2,DAC,125.95,1.803,11.7836,12.8561,15.0954,29.7367,1.2436,1.3624,1.5929,3.5201,Sudden_Anomaly,50.0
C03789,L2,ADC,124.82,1.79,11.471,13.0587,19.4714,60.1649,1.1609,1.3765,2.1374,8.6367,Absolute_Failure,50.0
C03790,L2,ADC,124.86,1.801,11.5218,12.9042,13.4171,14.3948,1.2498,1.3836,1.435,1.5287,Normal,50.0
C03791,L2,ASIC,123.35,1.223,11.3152,12.4226,13.4124,13.8854,1.1719,1.3261,1.4225,1.5203,Normal,50.0
C03792,L2,ASIC,125.33,1.186,11.007,11.403,12.2964,13.1438,1.1405,1.1631,1.2489,1.4432,Normal,50.0
C03793,L2,DAC,124.31,1.805,12.6457,12.5466,12.4814,12.6327,1.3783,1.2965,1.3033,1.3898,High_Stable,50.0
C03794,L2,FPGA,123.94,1.096,11.9966,12.7423,13.1683,13.8402,1.2806,1.3498,1.3924,1.5066,Normal,50.0
C03795,L2,DAC,126.01,1.811,11.9465,12.1971,12.2804,12.3041,1.2315,1.2429,1.2831,1.3048,High_Stable,50.0
C03796,L2,ASIC,124.36,1.205,11.7887,12.0079,12.2067,12.5708,1.2199,1.2459,1.2634,1.3249,High_Stable,50.0
C03797,L2,DAC,124.57,1.808,11.3629,11.4274,12.0337,12.7338,1.1912,1.2162,1.256,1.2917,Normal,50.0
C03798,L2,ASIC,123.23,1.195,11.1077,11.8865,12.7322,13.9437,1.1407,1.2548,1.3164,1.5148,Normal,50.0
C03799,L2,FPGA,125.23,1.11,11.1831,11.3402,12.0507,12.4849,1.1116,1.1701,1.1752,1.3217,Normal,50.0
C03800,L2,DAC,124.93,1.818,11.7157,14.3376,19.9677,51.6708,1.2213,1.4555,2.2292,7.0431,Absolute_Failure,50.0
C03801,L2,FPGA,124.63,1.102,12.026,12.2188,12.6203,12.8197,1.229,1.241,1.346,1.3342,High_Stable,50.0
C03802,L2,DAC,124.67,1.804,12.0644,12.3851,13.3136,14.5868,1.256,1.2395,1.3649,1.5617,Normal,50.0
C03803,L2,FPGA,125.63,1.1,11.1759,11.999,12.8198,14.1348,1.1582,1.2117,1.3557,1.4999,Normal,50.0
C03804,L2,DAC,126.69,1.798,12.0935,12.9291,13.7063,14.1092,1.2302,1.3705,1.4428,1.514,Normal,50.0
C03805,L2,ASIC,124.26,1.225,11.1091,12.4112,13.1828,13.2902,1.136,1.3039,1.4005,1.4442,Normal,50.0
C03806,L2,DAC,124.93,1.792,12.1974,13.1185,15.6106,40.8934,1.2769,1.389,1.6712,5.2542,Sudden_Anomaly,50.0
C03807,L2,ASIC,124.21,1.189,10.8972,11.0929,12.0884,28.8256,1.1172,1.1463,1.2424,3.3936,Sudden_Anomaly,50.0
C03808,L2,ADC,125.07,1.832,11.6501,12.6261,16.5641,24.2932,1.2629,1.3632,1.7962,2.792,Latent_Defect,50.0
C03809,L2,ASIC,124.56,1.186,11.3393,12.2117,12.9135,13.1377,1.1474,1.2783,1.3798,1.3991,Normal,50.0
C03810,L2,ASIC,125.51,1.204,11.744,12.2243,12.3745,13.5513,1.2324,1.2861,1.2935,1.4552,Normal,50.0
C03811,L2,ADC,124.8,1.804,11.4915,11.9679,12.0006,12.2054,1.171,1.2133,1.2756,1.2449,High_Stable,50.0
C03812,L2,ADC,126.24,1.788,10.9113,11.9596,12.8932,13.0438,1.1036,1.2838,1.3656,1.3304,Normal,50.0
C03813,L2,DAC,127.0,1.794,12.2288,13.2022,15.6685,56.8829,1.2875,1.3877,1.6865,7.9929,Absolute_Failure,50.0
C03814,L2,DAC,125.78,1.8,11.9869,12.6345,13.6304,14.0605,1.2604,1.3246,1.4846,1.4958,Normal,50.0
C03815,L2,ADC,126.24,1.788,11.103,12.8275,21.9328,56.5443,1.1818,1.349,2.4232,7.9535,Absolute_Failure,50.0
C03816,L2,ASIC,125.23,1.212,11.8629,12.6704,13.4204,14.1799,1.2112,1.3241,1.4951,1.5417,Normal,50.0
C03817,L2,ADC,124.08,1.795,11.8485,13.6303,18.36,24.3139,1.2288,1.4366,2.0231,2.7986,Latent_Defect,50.0
C03818,L2,FPGA,124.73,1.105,11.659,12.7431,15.4953,22.2289,1.2207,1.3367,1.6832,2.4384,Latent_Defect,50.0
C03819,L2,DAC,126.62,1.779,12.2181,12.9871,13.5377,14.745,1.3017,1.3957,1.4419,1.6174,Normal,50.0
C03820,L2,ADC,124.01,1.797,11.4401,13.7249,16.2889,23.7645,1.1793,1.4694,1.769,2.7439,Latent_Defect,50.0
C03821,L2,DAC,124.68,1.816,11.6987,12.6891,13.7937,14.5221,1.2416,1.3526,1.4164,1.5512,Normal,50.0
C03822,L2,DAC,126.17,1.797,12.1144,12.763,14.0632,15.4275,1.2553,1.3259,1.5052,1.6514,Normal,50.0
C03823,L2,FPGA,124.64,1.094,11.4815,11.6642,11.7687,12.0463,1.1861,1.2198,1.182,1.2389,High_Stable,50.0
C03824,L2,ADC,124.12,1.812,11.7071,13.2748,14.2164,16.1722,1.2107,1.3714,1.501,1.7293,Normal,50.0
C03825,L2,FPGA,125.35,1.107,11.9634,11.829,12.3933,12.67,1.2574,1.2661,1.2357,1.388,High_Stable,50.0
C03826,L2,ADC,124.09,1.792,12.5818,12.7119,12.5749,12.8654,1.322,1.3494,1.3394,1.3717,High_Stable,50.0
C03827,L2,ASIC,126.31,1.193,11.346,12.3031,15.6429,22.2603,1.2495,1.2824,1.6767,2.5204,Latent_Defect,50.0
C03828,L2,ASIC,124.48,1.205,11.1814,11.9311,14.5748,19.8424,1.1837,1.2153,1.547,2.1725,Latent_Defect,50.0
C03829,L2,FPGA,124.77,1.108,10.9243,12.8879,21.7321,50.5245,1.1405,1.3843,2.4377,6.8522,Absolute_Failure,50.0
C03830,L2,ADC,124.99,1.787,11.406,12.5616,16.394,23.3979,1.2357,1.3295,1.7794,2.6279,Latent_Defect,50.0
C03831,L2,ASIC,123.14,1.218,10.5167,11.4742,12.5638,13.0759,1.0507,1.2054,1.3103,1.4187,Normal,50.0
C03832,L2,DAC,125.88,1.828,11.9732,12.7398,13.1528,13.606,1.2382,1.3478,1.3752,1.4767,Normal,50.0
C03833,L2,FPGA,125.51,1.088,11.1187,12.0391,12.4817,13.6468,1.1474,1.2658,1.3607,1.395,Normal,50.0
C03834,L2,DAC,125.5,1.791,12.3773,12.8973,13.7596,14.5364,1.2788,1.3285,1.463,1.5296,Normal,50.0
C03835,L2,DAC,125.13,1.803,12.1855,12.87,13.7294,14.2877,1.2238,1.3248,1.4063,1.5085,Normal,50.0
C03836,L2,ASIC,125.07,1.211,11.5626,12.1742,13.8781,27.7235,1.2228,1.3462,1.478,3.2462,Sudden_Anomaly,50.0
C03837,L2,ASIC,124.05,1.211,11.974,12.7775,13.5088,13.821,1.2855,1.3312,1.4195,1.5162,Normal,50.0
C03838,L2,FPGA,124.67,1.054,11.7167,13.5661,18.2027,23.233,1.2273,1.4272,1.9949,2.6365,Latent_Defect,50.0
C03839,L2,FPGA,125.36,1.081,11.125,12.7269,15.0498,34.5351,1.1523,1.3689,1.566,4.2358,Sudden_Anomaly,50.0
C03840,L2,ASIC,125.72,1.196,11.1267,11.7388,12.2174,12.954,1.1713,1.1947,1.2589,1.3671,Normal,50.0
C03841,L2,FPGA,125.56,1.097,12.3465,13.2448,13.8506,15.2908,1.3087,1.4124,1.4835,1.6355,Normal,50.0
C03842,L2,ASIC,125.54,1.166,11.1086,11.8849,14.7367,20.0452,1.0999,1.2298,1.5642,2.2416,Latent_Defect,50.0
C03843,L2,FPGA,124.69,1.104,11.9251,13.271,15.1488,38.3594,1.2614,1.3736,1.6359,4.8621,Sudden_Anomaly,50.0
C03844,L2,FPGA,126.66,1.111,11.2662,12.5292,13.15,14.4091,1.1794,1.3579,1.3778,1.5502,Normal,50.0
C03845,L2,DAC,125.31,1.793,11.2528,11.8151,12.8857,14.3703,1.1511,1.2192,1.3233,1.549,Normal,50.0
C03846,L2,ASIC,125.71,1.199,11.6899,13.0031,16.0998,29.0904,1.2054,1.4136,1.7194,3.406,Sudden_Anomaly,50.0
C03847,L2,DAC,125.18,1.774,11.7605,12.7355,13.0755,13.159,1.2669,1.2695,1.3486,1.39,Normal,50.0
C03848,L2,ASIC,125.17,1.183,11.6419,13.0805,13.653,37.4974,1.2224,1.3578,1.4853,4.6859,Sudden_Anomaly,50.0
C03849,L2,DAC,126.19,1.807,11.8122,12.2966,12.6024,13.0113,1.2514,1.2557,1.3035,1.3792,Normal,50.0
C03850,L2,ADC,124.93,1.8,12.2909,13.0313,13.8397,15.2777,1.3199,1.3501,1.4341,1.5916,Normal,50.0
C03851,L2,ADC,125.52,1.819,12.0306,12.3714,16.2509,55.3721,1.2925,1.2965,1.7645,7.727,Absolute_Failure,50.0
C03852,L2,ADC,124.98,1.832,10.9103,11.476,12.4049,13.806,1.1055,1.173,1.3142,1.4727,Normal,50.0
C03853,L2,ASIC,125.26,1.198,11.4912,11.6971,11.6737,12.0125,1.1907,1.2181,1.2136,1.2692,High_Stable,50.0
C03854,L2,ADC,126.24,1.816,12.1036,12.2742,13.1029,14.4099,1.2766,1.3105,1.4239,1.5313,Normal,50.0
C03855,L2,DAC,125.76,1.819,12.179,12.5014,12.5599,13.7596,1.2613,1.3127,1.2961,1.4618,Normal,50.0
C03856,L2,FPGA,125.58,1.098,11.2527,11.8403,12.5713,13.89,1.1576,1.197,1.3151,1.454,Normal,50.0
C03857,L2,ADC,122.82,1.776,11.3782,12.5357,12.9932,14.3705,1.1898,1.3474,1.3812,1.5132,Normal,50.0
C03858,L2,DAC,125.01,1.806,11.6778,12.7682,17.0253,23.0322,1.2227,1.3499,1.884,2.5884,Latent_Defect,50.0
C03859,L2,DAC,124.07,1.796,11.8293,12.8236,16.5706,21.6159,1.2454,1.3773,1.76,2.4189,Latent_Defect,50.0
C03860,L2,FPGA,125.17,1.097,11.6526,11.9775,13.1365,13.9359,1.207,1.257,1.4236,1.4827,Normal,50.0
C03861,L2,DAC,125.76,1.759,12.0433,12.1515,12.4652,12.6725,1.2922,1.2458,1.3344,1.3233,High_Stable,50.0
C03862,L2,FPGA,124.04,1.104,11.4833,12.415,15.6352,22.0388,1.2066,1.3015,1.682,2.4829,Latent_Defect,50.0
C03863,L2,DAC,124.96,1.779,11.9474,12.8682,13.1438,13.771,1.3058,1.3736,1.3978,1.4419,Normal,50.0
C03864,L2,FPGA,124.5,1.122,11.6602,11.5787,11.5945,11.6265,1.2436,1.1934,1.1642,1.1851,High_Stable,50.0
C03865,L2,ASIC,124.7,1.184,11.3882,12.1632,14.2472,33.9306,1.1747,1.2222,1.5287,4.1287,Sudden_Anomaly,50.0
C03866,L2,ADC,124.09,1.823,11.3937,12.4773,13.1013,14.3189,1.1861,1.2616,1.3605,1.5047,Normal,50.0
C03867,L2,ADC,123.71,1.814,12.116,13.8645,18.082,60.6151,1.2982,1.473,2.0092,8.7258,Absolute_Failure,50.0
C03868,L2,FPGA,125.08,1.077,11.6172,12.9666,18.1578,25.7877,1.2074,1.3761,2.0155,2.9842,Latent_Defect,50.0
C03869,L2,FPGA,126.3,1.142,10.7409,11.9891,12.867,13.8922,1.0965,1.3078,1.3433,1.4806,Normal,50.0
C03870,L2,FPGA,125.83,1.066,11.2851,12.5076,13.2554,14.5713,1.1287,1.3482,1.3856,1.5816,Normal,50.0
C03871,L2,ADC,125.97,1.809,11.5176,12.5201,13.037,14.6755,1.1532,1.3744,1.3861,1.5661,Normal,50.0
C03872,L2,DAC,123.87,1.802,11.8502,12.5034,12.8215,13.6615,1.2709,1.3231,1.3293,1.4444,Normal,50.0
C03873,L2,DAC,124.65,1.807,11.9375,13.664,16.8776,22.7679,1.2463,1.4719,1.8082,2.5852,Latent_Defect,50.0
C03874,L2,FPGA,126.69,1.106,11.8943,12.7006,13.6763,14.0635,1.2419,1.2925,1.4939,1.5276,Normal,50.0
C03875,L2,FPGA,127.37,1.116,11.3034,11.7892,12.6292,13.6454,1.2013,1.2631,1.2939,1.434,Normal,50.0
C03876,L2,FPGA,128.09,1.096,11.941,12.0642,12.2285,12.2809,1.2311,1.2895,1.2886,1.2881,High_Stable,50.0
C03877,L2,FPGA,125.8,1.093,10.8889,11.4174,12.1524,13.4183,1.1521,1.2151,1.2518,1.4375,Normal,50.0
C03878,L2,FPGA,125.81,1.086,11.556,11.8925,12.7391,13.9356,1.1922,1.2219,1.3285,1.4536,Normal,50.0
C03879,L2,DAC,124.74,1.784,11.4719,11.9621,12.771,14.1378,1.1823,1.2012,1.3479,1.4838,Normal,50.0
C03880,L2,FPGA,124.76,1.104,11.7521,13.1892,16.5625,57.0926,1.2183,1.3933,1.7705,8.0701,Absolute_Failure,50.0
C03881,L2,DAC,126.82,1.774,12.1559,12.712,13.5403,14.7732,1.2928,1.3219,1.4673,1.5324,Normal,50.0
C03882,L2,FPGA,123.95,1.088,11.29,12.4089,13.0261,14.482,1.2034,1.2483,1.4154,1.5231,Normal,50.0
C03883,L2,DAC,125.12,1.767,12.3038,13.6108,16.4661,24.1221,1.27,1.4176,1.7738,2.6967,Latent_Defect,50.0
C03884,L2,FPGA,125.37,1.097,11.6623,12.6265,13.1201,13.6093,1.1977,1.3197,1.4131,1.4598,Normal,50.0
C03885,L2,ADC,124.9,1.809,11.6682,11.737,11.8392,11.8644,1.234,1.263,1.2511,1.2427,High_Stable,50.0
C03886,L2,ADC,126.37,1.77,11.5425,12.3806,13.3119,14.7409,1.2044,1.2689,1.4033,1.5999,Normal,50.0
C03887,L2,ADC,127.6,1.801,11.8989,11.9201,11.9843,12.2265,1.2306,1.2246,1.2291,1.3278,High_Stable,50.0
C03888,L2,ADC,125.47,1.808,11.8123,12.81,13.7518,14.5096,1.2607,1.3352,1.412,1.5574,Normal,50.0
C03889,L2,ADC,124.93,1.813,12.0997,12.2765,13.4142,37.8121,1.2469,1.2676,1.4267,4.779,Sudden_Anomaly,50.0
C03890,L2,DAC,125.17,1.791,11.6215,12.4483,13.5164,29.7659,1.2603,1.3128,1.4337,3.5395,Sudden_Anomaly,50.0
C03891,L2,ASIC,124.98,1.193,11.6709,13.232,14.4252,28.9097,1.2031,1.3986,1.5458,3.4462,Sudden_Anomaly,50.0
C03892,L2,ADC,124.22,1.787,11.2705,12.3137,12.5571,13.1752,1.1531,1.253,1.3048,1.425,Normal,50.0
C03893,L2,FPGA,126.18,1.108,11.8184,12.7431,13.6207,14.0244,1.2292,1.3115,1.4408,1.4599,Normal,50.0
C03894,L2,ASIC,124.66,1.182,11.0238,11.0743,11.0782,11.064,1.1431,1.1984,1.1773,1.1783,High_Stable,50.0
C03895,L2,ASIC,125.88,1.215,11.213,11.7245,13.6797,30.6907,1.215,1.1947,1.4741,3.6902,Sudden_Anomaly,50.0
C03896,L2,ADC,124.36,1.781,11.3324,12.0604,12.4213,13.1459,1.1811,1.2689,1.3369,1.3872,Normal,50.0
C03897,L2,ADC,124.61,1.814,11.6283,12.7639,13.0686,13.9147,1.2456,1.3249,1.4122,1.4832,Normal,50.0
C03898,L2,FPGA,126.26,1.103,11.5862,13.2205,15.1825,21.2522,1.1866,1.3676,1.5962,2.3313,Latent_Defect,50.0
C03899,L2,ADC,126.68,1.791,11.8827,12.0872,11.9935,12.141,1.2702,1.2827,1.2626,1.2738,High_Stable,50.0
C03900,L2,FPGA,125.02,1.077,11.9798,12.3221,12.4741,13.7022,1.2102,1.2961,1.2633,1.4692,Normal,50.0
C03901,L2,ADC,124.65,1.811,12.4662,12.8788,13.6107,14.6974,1.3193,1.3599,1.46,1.6006,Normal,50.0
C03902,L2,FPGA,124.87,1.116,10.9663,11.8804,12.4326,13.417,1.1523,1.2723,1.3283,1.4042,Normal,50.0
C03903,L2,ASIC,124.6,1.202,12.0665,12.9115,15.5077,31.7434,1.304,1.3635,1.6555,3.7936,Sudden_Anomaly,50.0
C03904,L2,FPGA,125.36,1.101,11.7135,12.7984,13.204,13.7013,1.2172,1.35,1.3446,1.4291,Normal,50.0
C03905,L2,DAC,125.5,1.771,12.404,13.8531,18.3112,59.7125,1.2905,1.4785,2.0287,8.5611,Absolute_Failure,50.0
C03906,L2,ASIC,125.06,1.19,11.2845,12.1629,13.1897,15.198,1.1584,1.2671,1.4176,1.6481,Normal,50.0
C03907,L2,DAC,124.88,1.783,12.1441,12.6176,12.7104,14.0923,1.2372,1.3429,1.3663,1.5263,Normal,50.0
C03908,L2,ASIC,125.15,1.194,11.4136,11.5153,11.5148,11.2932,1.2067,1.2161,1.2237,1.1804,High_Stable,50.0
C03909,L2,ADC,123.82,1.808,11.366,12.5762,12.96,14.1526,1.209,1.3125,1.3579,1.5259,Normal,50.0
C03910,L2,ASIC,125.79,1.197,11.1141,11.6481,11.933,12.2797,1.1403,1.2347,1.2579,1.2975,Normal,50.0
C03911,L2,FPGA,124.84,1.083,11.7035,11.9085,11.9493,11.749,1.1986,1.2664,1.2753,1.2224,High_Stable,50.0
C03912,L2,ADC,124.67,1.792,11.9445,12.2982,12.1912,12.6251,1.2559,1.2946,1.2415,1.3354,High_Stable,50.0
C03913,L2,DAC,123.4,1.812,11.4535,11.7946,15.6406,54.2339,1.2338,1.2131,1.6651,7.5322,Absolute_Failure,50.0
C03914,L2,DAC,125.19,1.807,11.272,12.1193,13.0196,13.702,1.2245,1.2381,1.3787,1.4608,Normal,50.0
C03915,L2,ADC,124.54,1.756,11.1674,12.1084,17.8077,51.6916,1.1575,1.2375,1.9144,7.0743,Absolute_Failure,50.0
C03916,L2,ADC,123.98,1.789,11.2965,12.1538,14.8532,41.4461,1.2043,1.2743,1.6458,5.33,Sudden_Anomaly,50.0
C03917,L2,ADC,125.88,1.818,11.6752,11.8478,11.9139,12.0969,1.1994,1.2368,1.215,1.2688,High_Stable,50.0
C03918,L2,ASIC,124.23,1.201,11.2203,11.7109,12.4871,13.0453,1.1513,1.2238,1.3178,1.3459,Normal,50.0
C03919,L2,FPGA,127.03,1.103,11.471,11.742,12.4297,13.1487,1.2257,1.2514,1.2879,1.4239,Normal,50.0
C03920,L2,ASIC,126.14,1.216,12.0545,12.2816,12.3592,12.3212,1.2472,1.2544,1.3076,1.2803,High_Stable,50.0
C03921,L2,ASIC,124.58,1.204,11.5602,12.4613,13.508,15.0553,1.2436,1.2927,1.4071,1.6187,Normal,50.0
C03922,L2,FPGA,125.95,1.1,10.9102,11.9171,14.1108,40.6545,1.1219,1.288,1.5084,5.19,Sudden_Anomaly,50.0
C03923,L2,FPGA,124.9,1.096,12.1353,13.936,20.957,51.953,1.2222,1.4484,2.3447,7.1322,Absolute_Failure,50.0
C03924,L2,FPGA,125.61,1.102,12.0008,12.686,12.685,13.9128,1.2653,1.2866,1.3567,1.5035,Normal,50.0
C03925,L2,ADC,124.47,1.794,12.1402,12.0913,12.2682,12.4916,1.1979,1.2966,1.2892,1.3158,High_Stable,50.0
C03926,L2,ASIC,126.29,1.205,10.9729,11.1155,11.9835,12.9628,1.1213,1.1838,1.2555,1.3639,Normal,50.0
C03927,L2,DAC,125.06,1.798,12.3597,13.4357,15.4496,30.1301,1.2683,1.4212,1.6619,3.6608,Sudden_Anomaly,50.0
C03928,L2,DAC,125.36,1.79,12.3752,13.8531,17.1272,21.7313,1.3259,1.465,1.855,2.4519,Latent_Defect,50.0
C03929,L2,DAC,125.43,1.799,12.488,13.4951,13.615,14.7274,1.2743,1.4212,1.4403,1.6173,Normal,50.0
C03930,L2,ASIC,124.72,1.192,10.9938,11.9572,12.8271,13.7243,1.1714,1.229,1.3629,1.4535,Normal,50.0
C03931,L2,FPGA,125.14,1.095,11.0363,11.6352,13.2702,40.4606,1.148,1.2451,1.4085,5.1254,Sudden_Anomaly,50.0
C03932,L2,ASIC,125.58,1.176,12.0987,12.7746,13.5394,13.5641,1.2505,1.3316,1.4137,1.3985,Normal,50.0
C03933,L2,FPGA,126.19,1.09,12.0471,12.7604,13.3109,14.3719,1.2433,1.3317,1.4465,1.5212,Normal,50.0
C03934,L2,DAC,124.57,1.771,11.9966,12.2743,12.2476,12.4203,1.2558,1.2605,1.2723,1.3036,High_Stable,50.0
C03935,L2,FPGA,126.82,1.104,11.4416,12.3158,13.4102,13.8259,1.2024,1.2747,1.4204,1.4337,Normal,50.0
C03936,L2,ASIC,124.29,1.198,10.5965,11.5582,12.5889,13.2084,1.0945,1.2583,1.3132,1.3892,Normal,50.0
C03937,L2,ASIC,124.35,1.191,11.4445,12.8505,17.2367,59.0709,1.2265,1.3593,1.8991,8.4023,Absolute_Failure,50.0
C03938,L2,ASIC,124.56,1.201,11.4272,12.6105,13.4178,14.7348,1.1714,1.3316,1.4166,1.5905,Normal,50.0
C03939,L2,DAC,125.38,1.795,12.2,12.6629,14.1039,15.0467,1.3267,1.273,1.4988,1.5828,Normal,50.0
C03940,L2,ASIC,124.48,1.214,10.9987,11.9658,15.1972,55.28,1.1522,1.2486,1.6285,7.6758,Absolute_Failure,50.0
C03941,L2,FPGA,126.36,1.071,11.3374,11.7247,13.1485,14.1285,1.1878,1.2208,1.3844,1.4793,Normal,50.0
C03942,L2,FPGA,125.29,1.097,11.142,11.8623,11.9853,12.73,1.205,1.2714,1.2869,1.3477,Normal,50.0
C03943,L2,FPGA,125.07,1.079,11.5061,12.2141,12.7809,13.3344,1.2323,1.2868,1.3933,1.4032,Normal,50.0
C03944,L2,ASIC,125.47,1.173,11.0688,12.5168,14.9134,32.262,1.1437,1.3056,1.6188,3.9368,Sudden_Anomaly,50.0
C03945,L2,FPGA,125.36,1.092,12.141,13.1285,14.1856,15.1827,1.2789,1.3996,1.4994,1.6031,Normal,50.0
C03946,L2,ASIC,125.55,1.215,11.1354,11.9343,12.8468,13.9678,1.1593,1.2331,1.3228,1.447,Normal,50.0
C03947,L2,DAC,125.21,1.779,12.2606,13.4947,14.3857,15.617,1.322,1.4352,1.5455,1.7153,Normal,50.0
C03948,L2,DAC,124.35,1.81,11.6891,12.0955,13.2579,14.6411,1.1945,1.2135,1.409,1.5467,Normal,50.0
C03949,L2,DAC,125.39,1.808,11.9865,12.5867,13.6786,14.5985,1.259,1.311,1.4307,1.5836,Normal,50.0
C03950,L2,FPGA,125.6,1.086,12.0213,12.158,12.1428,12.1601,1.2601,1.2617,1.3049,1.2955,High_Stable,50.0
C03951,L2,ADC,124.6,1.814,12.3397,13.5394,14.1061,14.7949,1.298,1.4549,1.4989,1.6037,Normal,50.0
C03952,L2,ASIC,126.36,1.205,11.6193,12.6148,12.8937,13.7164,1.1612,1.3149,1.381,1.4488,Normal,50.0
C03953,L2,ADC,124.73,1.807,11.6859,12.7688,13.3437,14.9342,1.2073,1.3157,1.4256,1.6095,Normal,50.0
C03954,L2,ASIC,125.68,1.185,11.8669,12.6775,13.1434,13.7349,1.2477,1.2988,1.3736,1.4241,Normal,50.0
C03955,L2,ADC,126.71,1.818,11.6544,12.4656,13.1669,14.1686,1.1742,1.3098,1.3836,1.4827,Normal,50.0
C03956,L2,DAC,124.78,1.804,11.598,12.8471,13.5798,32.867,1.2132,1.3244,1.4133,3.9749,Sudden_Anomaly,50.0
C03957,L2,FPGA,124.51,1.095,11.2783,13.4322,20.8486,61.7881,1.1639,1.3997,2.3154,8.9641,Absolute_Failure,50.0
C03958,L2,FPGA,124.99,1.115,12.2589,13.057,13.5478,14.4054,1.2997,1.4259,1.3921,1.5576,Normal,50.0
C03959,L2,ASIC,125.53,1.185,11.0642,12.4935,14.7757,39.3807,1.1264,1.3182,1.5749,4.9635,Sudden_Anomaly,50.0
C03960,L2,ASIC,125.13,1.184,11.4021,12.3959,15.047,32.3895,1.1515,1.3424,1.6121,3.9241,Sudden_Anomaly,50.0
C03961,L2,FPGA,125.13,1.118,11.4287,12.2243,13.3062,14.2874,1.1867,1.3082,1.4139,1.491,Normal,50.0
C03962,L2,ADC,124.57,1.799,11.378,12.405,13.034,14.144,1.157,1.3001,1.3542,1.5398,Normal,50.0
C03963,L2,ASIC,124.37,1.197,11.4643,12.0472,12.8749,14.1859,1.2393,1.2918,1.3745,1.5045,Normal,50.0
C03964,L2,ASIC,124.82,1.236,11.2269,11.5954,12.2611,13.3627,1.1243,1.189,1.2371,1.4573,Normal,50.0
C03965,L2,FPGA,127.08,1.13,11.1054,11.8231,13.0652,13.9636,1.1167,1.2208,1.3941,1.5044,Normal,50.0
C03966,L2,ASIC,124.67,1.197,11.9247,12.1869,12.0273,12.161,1.2421,1.2765,1.2845,1.323,High_Stable,50.0
C03967,L2,ASIC,125.17,1.205,11.0377,11.6973,13.8081,27.5895,1.1804,1.1979,1.5092,3.1735,Sudden_Anomaly,50.0
C03968,L2,ASIC,123.89,1.197,11.271,11.6447,12.4768,12.8612,1.155,1.2357,1.2965,1.3541,Normal,50.0
C03969,L2,FPGA,126.08,1.092,11.2572,12.0049,12.8767,13.7236,1.1793,1.2488,1.3789,1.4838,Normal,50.0
C03970,L2,ASIC,124.28,1.236,12.0209,12.3027,12.3418,12.4956,1.2803,1.2932,1.3043,1.3467,High_Stable,50.0
C03971,L2,ASIC,124.95,1.219,11.4933,12.3486,12.8498,13.0662,1.1942,1.2966,1.3715,1.3485,Normal,50.0
C03972,L2,FPGA,125.76,1.1,11.704,11.8047,11.9907,12.337,1.26,1.2232,1.2392,1.2813,High_Stable,50.0
C03973,L2,FPGA,124.82,1.103,11.4962,12.2826,13.2745,14.5277,1.1762,1.2701,1.4187,1.5421,Normal,50.0
C03974,L2,DAC,124.14,1.816,12.1085,13.0081,13.4956,14.8066,1.2709,1.41,1.4743,1.5787,Normal,50.0
C03975,L2,DAC,125.21,1.803,11.8324,12.5553,14.3931,32.7164,1.2513,1.3255,1.513,3.9848,Sudden_Anomaly,50.0
C03976,L2,FPGA,124.97,1.103,11.9825,11.9518,12.0018,12.2365,1.2221,1.2605,1.2412,1.2612,High_Stable,50.0
C03977,L2,ASIC,124.6,1.212,12.2084,12.4744,13.6578,14.3199,1.2595,1.3196,1.4726,1.5032,Normal,50.0
C03978,L2,FPGA,126.13,1.102,11.4574,12.5958,12.9902,13.6267,1.1848,1.3437,1.3845,1.42,Normal,50.0
C03979,L2,ADC,124.22,1.783,11.5396,12.0514,12.5218,13.0607,1.2038,1.2858,1.2915,1.314,Normal,50.0
C03980,L2,DAC,124.57,1.791,11.7588,12.0298,12.0942,11.7747,1.1943,1.2865,1.245,1.2432,High_Stable,50.0
C03981,L2,ASIC,125.65,1.201,11.0072,11.4671,12.0329,12.5077,1.1311,1.1552,1.2288,1.2871,Normal,50.0
C03982,L2,FPGA,125.65,1.108,11.9992,13.0882,17.3751,23.5725,1.2683,1.3641,1.8962,2.6832,Latent_Defect,50.0
C03983,L2,ASIC,124.92,1.192,11.1851,11.4663,12.2812,13.6158,1.1673,1.2082,1.3037,1.4692,Normal,50.0
C03984,L2,FPGA,125.42,1.076,11.746,12.071,13.032,13.8886,1.1703,1.2812,1.3492,1.4724,Normal,50.0
C03985,L2,FPGA,125.98,1.095,11.1801,12.9746,16.5005,50.6198,1.161,1.3745,1.7947,6.8314,Absolute_Failure,50.0
C03986,L2,ASIC,123.93,1.194,11.21,12.5821,15.5057,23.3861,1.1739,1.2986,1.6664,2.6398,Latent_Defect,50.0
C03987,L2,ASIC,125.3,1.19,11.305,11.6157,11.5657,11.8803,1.199,1.2224,1.1958,1.2121,Normal,50.0
C03988,L2,FPGA,126.07,1.123,11.1941,11.9984,12.6132,13.2348,1.1861,1.246,1.3683,1.4033,Normal,50.0
C03989,L2,ADC,123.85,1.774,11.8595,14.5371,20.4299,59.8042,1.2358,1.5777,2.275,8.5343,Absolute_Failure,50.0
C03990,L2,FPGA,125.02,1.122,11.7713,12.4516,13.6159,15.3748,1.2368,1.3301,1.4493,1.6694,Normal,50.0
C03991,L2,DAC,125.0,1.813,12.3657,14.378,17.4279,22.2409,1.2473,1.5021,1.9063,2.502,Latent_Defect,50.0
C03992,L2,ASIC,124.74,1.197,11.3607,12.5102,16.0615,21.1808,1.2052,1.3259,1.7196,2.3896,Latent_Defect,50.0
C03993,L2,FPGA,124.85,1.105,11.596,12.4483,13.2228,13.9883,1.1798,1.3007,1.3982,1.4302,Normal,50.0
C03994,L2,ADC,124.29,1.788,11.5872,12.1207,12.2463,13.5368,1.2108,1.2767,1.2956,1.4345,Normal,50.0
C03995,L2,ASIC,125.73,1.198,11.7014,12.4668,13.0428,13.7919,1.1959,1.2989,1.3585,1.461,Normal,50.0
C03996,L2,FPGA,125.39,1.099,11.5817,12.6086,15.7568,21.4572,1.2026,1.3253,1.6854,2.4551,Latent_Defect,50.0
C03997,L2,ADC,124.35,1.784,11.2603,12.2759,19.68,52.0919,1.1778,1.301,2.1625,7.1122,Absolute_Failure,50.0
C03998,L2,FPGA,123.54,1.111,11.6379,12.0843,12.3846,14.285,1.2042,1.3035,1.2411,1.5077,Normal,50.0
C03999,L2,ADC,125.56,1.771,11.7224,13.6502,17.8081,58.8653,1.1794,1.4236,1.9277,8.3985,Absolute_Failure,50.0
C04000,L2,ASIC,123.23,1.182,11.1985,12.2415,13.1174,14.4041,1.1617,1.2883,1.3607,1.5705,Normal,50.0
