component_id,lot_id,component_type,temperature_C,voltage_V,iddq_0h_uA,iddq_24h_uA,iddq_96h_uA,iddq_168h_uA,leakage_0h_uA,leakage_24h_uA,leakage_96h_uA,leakage_168h_uA,ground_truth,absolute_limit_uA
C00001,L1,ADC,123.97,1.811,11.7631,11.8558,12.1492,12.3542,1.2298,1.2669,1.2839,1.2743,High_Stable,50.0
C00002,L1,FPGA,124.53,1.113,11.7021,11.9031,12.1637,12.4358,1.2316,1.2549,1.3275,1.295,High_Stable,50.0
C00003,L1,FPGA,124.65,1.109,11.4786,12.3182,12.8924,13.8298,1.2017,1.2945,1.3632,1.4886,Normal,50.0
C00004,L1,ASIC,125.54,1.201,11.6353,13.1856,17.459,23.4726,1.192,1.4159,1.8604,2.6623,Latent_Defect,50.0
C00005,L1,ADC,125.27,1.811,11.6735,12.1752,12.4024,12.9628,1.2304,1.2788,1.3185,1.3552,Normal,50.0
C00006,L1,ADC,125.3,1.795,11.5518,12.4521,14.6049,21.3593,1.2162,1.3182,1.5747,2.3916,Latent_Defect,50.0
C00007,L1,FPGA,125.24,1.075,11.0431,12.152,13.525,14.5756,1.1651,1.2492,1.4261,1.5309,Normal,50.0
C00008,L1,DAC,125.77,1.774,12.0617,12.4413,13.5516,14.7673,1.3023,1.2998,1.4087,1.5818,Normal,50.0
C00009,L1,ASIC,126.09,1.213,11.9498,12.7202,12.8569,14.4259,1.2439,1.3011,1.3283,1.5448,Normal,50.0
C00010,L1,ASIC,126.6,1.244,11.1289,12.2535,17.5375,60.8578,1.1524,1.2583,1.8703,8.7323,Absolute_Failure,50.0
C00011,L1,ASIC,125.22,1.227,11.7711,13.5615,16.7842,20.2062,1.2501,1.4129,1.8432,2.2558,Latent_Defect,50.0
C00012,L1,FPGA,125.27,1.09,11.3595,12.288,13.5127,14.8531,1.1895,1.3208,1.4353,1.5773,Normal,50.0
C00013,L1,FPGA,125.64,1.123,11.1258,11.6158,11.9058,13.5685,1.1283,1.1891,1.2605,1.4264,Normal,50.0
C00014,L1,FPGA,125.17,1.105,11.56,12.3434,12.4653,13.1534,1.1967,1.3174,1.2754,1.3887,Normal,50.0
C00015,L1,ASIC,125.39,1.193,11.7551,12.5473,13.6604,14.3647,1.2317,1.2908,1.4493,1.5354,Normal,50.0
C00016,L1,DAC,126.6,1.787,11.4974,13.1297,15.0197,18.3667,1.1939,1.3587,1.5941,1.9928,Latent_Defect,50.0
C00017,L1,ADC,123.39,1.778,11.2716,12.0672,13.0193,13.531,1.2157,1.2382,1.3663,1.4514,Normal,50.0
C00018,L1,ASIC,124.7,1.198,11.3075,11.7281,12.3466,12.7495,1.1853,1.2255,1.2949,1.3232,Normal,50.0
C00019,L1,ASIC,124.92,1.231,11.5578,11.7353,12.5785,13.5727,1.2169,1.1814,1.3447,1.4481,Normal,50.0
C00020,L1,DAC,124.72,1.804,11.9681,11.8034,11.8805,12.133,1.259,1.2235,1.1976,1.2786,High_Stable,50.0
C00021,L1,ASIC,123.77,1.213,11.3582,12.3628,13.2412,14.9742,1.1932,1.3403,1.4092,1.6226,Normal,50.0
C00022,L1,FPGA,125.35,1.09,11.1083,12.9178,17.6877,22.3283,1.1723,1.3214,1.9289,2.4907,Latent_Defect,50.0
C00023,L1,DAC,126.31,1.81,11.6659,12.8168,16.8759,20.9862,1.1599,1.3566,1.8328,2.3564,Latent_Defect,50.0
C00024,L1,FPGA,123.65,1.091,10.9255,11.2188,12.2565,13.326,1.1392,1.1723,1.2913,1.3864,Normal,50.0
C00025,L1,FPGA,125.18,1.106,11.1588,13.0479,19.5132,56.6875,1.1929,1.3972,2.1794,7.97,Absolute_Failure,50.0
C00026,L1,DAC,124.94,1.77,11.7943,11.9176,12.279,13.3709,1.2427,1.2589,1.294,1.3779,Normal,50.0
C00027,L1,DAC,125.14,1.793,12.2236,13.9364,16.1251,38.7126,1.2632,1.4749,1.7448,4.8971,Sudden_Anomaly,50.0
C00028,L1,DAC,125.52,1.796,12.2801,12.7754,13.6512,14.4248,1.2801,1.3492,1.4732,1.57,Normal,50.0
C00029,L1,ASIC,124.38,1.22,11.2161,11.5015,11.8143,11.6202,1.176,1.1725,1.2459,1.2087,High_Stable,50.0
C00030,L1,ADC,125.54,1.791,11.4119,12.1739,13.2412,14.635,1.1797,1.2382,1.4249,1.5534,Normal,50.0
C00031,L1,DAC,125.41,1.798,12.6715,13.2402,13.4485,14.1655,1.3316,1.4059,1.4015,1.4665,Normal,50.0
C00032,L1,ADC,123.91,1.793,12.4252,12.8672,13.6041,14.6294,1.3194,1.3463,1.467,1.5325,Normal,50.0
C00033,L1,ADC,126.88,1.803,11.8614,13.6498,17.2683,22.854,1.256,1.4729,1.8882,2.5818,Latent_Defect,50.0
C00034,L1,FPGA,125.05,1.114,11.415,13.3419,17.7316,22.4561,1.1146,1.3963,1.9965,2.5476,Latent_Defect,50.0
C00035,L1,FPGA,125.67,1.077,11.5532,11.9631,12.274,13.4286,1.2451,1.2267,1.2644,1.4534,Normal,50.0
C00036,L1,ASIC,126.12,1.193,11.4684,12.0177,12.6238,13.2177,1.1556,1.2732,1.3133,1.4241,Normal,50.0
C00037,L1,FPGA,124.67,1.075,11.5784,12.7528,14.6411,39.095,1.2238,1.3513,1.5763,4.9442,Sudden_Anomaly,50.0
C00038,L1,DAC,125.03,1.795,11.6155,12.0887,12.7984,13.8197,1.2127,1.2462,1.3694,1.4841,Normal,50.0
C00039,L1,ASIC,124.48,1.208,10.8866,11.2216,11.4448,12.9225,1.1602,1.1605,1.2011,1.301,Normal,50.0
C00040,L1,DAC,124.86,1.784,12.6628,13.6005,14.1315,15.2787,1.3768,1.3987,1.4702,1.6276,Normal,50.0
C00041,L1,FPGA,125.95,1.104,11.7273,12.3289,16.2241,56.0281,1.182,1.3063,1.726,7.8399,Absolute_Failure,50.0
C00042,L1,ADC,125.16,1.788,12.0242,12.8169,15.5285,21.9077,1.2425,1.3608,1.6548,2.4549,Latent_Defect,50.0
C00043,L1,ADC,123.97,1.764,12.6177,13.1438,13.9167,14.4146,1.3405,1.4,1.4397,1.5531,Normal,50.0
C00044,L1,DAC,125.24,1.795,12.1973,13.4198,14.2576,15.7338,1.2734,1.4607,1.4895,1.7074,Normal,50.0
C00045,L1,ASIC,124.3,1.203,11.2716,12.3835,13.3316,13.8542,1.132,1.3112,1.3956,1.4056,Normal,50.0
C00046,L1,ADC,125.02,1.789,12.0642,12.5672,13.7253,14.3235,1.283,1.3359,1.4859,1.5118,Normal,50.0
C00047,L1,DAC,124.7,1.793,12.2437,12.6825,13.5036,15.1881,1.2268,1.3128,1.4092,1.5694,Normal,50.0
C00048,L1,ASIC,124.27,1.197,11.2936,11.5476,11.9808,12.4931,1.1694,1.2199,1.2527,1.3292,Normal,50.0
C00049,L1,DAC,125.09,1.797,11.4326,12.1064,13.3236,14.0628,1.1532,1.2443,1.4443,1.5012,Normal,50.0
C00050,L1,DAC,124.19,1.783,11.9997,12.1448,12.4513,12.1494,1.199,1.2968,1.3366,1.2468,High_Stable,50.0
C00051,L1,DAC,125.18,1.814,12.7175,12.8124,13.1855,13.7739,1.3659,1.3255,1.4131,1.4763,High_Stable,50.0
C00052,L1,ADC,125.8,1.81,12.0309,12.2743,12.5975,13.3408,1.302,1.3206,1.3301,1.4435,Normal,50.0
C00053,L1,ASIC,125.16,1.184,11.4123,12.8746,13.3072,13.63,1.1946,1.3568,1.4008,1.4164,Normal,50.0
C00054,L1,ASIC,124.4,1.181,11.5067,12.7182,13.1907,14.2153,1.1779,1.3105,1.4009,1.5216,Normal,50.0
C00055,L1,ADC,125.68,1.798,11.6837,12.4991,19.4948,51.3824,1.2091,1.3185,2.1629,6.965,Absolute_Failure,50.0
C00056,L1,ASIC,126.15,1.183,10.7635,12.0362,12.1117,13.1311,1.1543,1.2311,1.2585,1.3666,Normal,50.0
C00057,L1,ADC,124.54,1.821,11.6677,13.6288,16.793,23.6395,1.2968,1.4646,1.8033,2.717,Latent_Defect,50.0
C00058,L1,DAC,124.71,1.814,12.0815,12.2089,12.7469,13.6229,1.2284,1.2776,1.343,1.4253,Normal,50.0
C00059,L1,ASIC,123.93,1.194,11.3521,11.7023,12.0313,12.9928,1.1812,1.2157,1.2562,1.3687,Normal,50.0
C00060,L1,DAC,125.86,1.783,11.6052,13.2211,20.7357,52.8184,1.2112,1.3881,2.3401,7.2327,Absolute_Failure,50.0
C00061,L1,ADC,125.18,1.777,11.802,13.1062,13.5075,14.6181,1.2344,1.3556,1.4104,1.5696,Normal,50.0
C00062,L1,FPGA,124.8,1.115,12.0297,12.9721,14.0522,30.0107,1.2443,1.3628,1.54,3.5673,Sudden_Anomaly,50.0
C00063,L1,FPGA,125.11,1.101,11.6805,12.5027,13.4281,13.9024,1.2423,1.3345,1.4252,1.4975,Normal,50.0
C00064,L1,ADC,125.76,1.804,11.9197,12.851,13.9687,15.278,1.217,1.3352,1.5174,1.626,Normal,50.0
C00065,L1,ADC,124.8,1.806,11.8257,12.3151,13.121,13.2383,1.2584,1.2921,1.3772,1.3952,Normal,50.0
C00066,L1,FPGA,125.79,1.085,11.9144,13.5758,16.9922,22.6886,1.2638,1.4465,1.8611,2.5321,Latent_Defect,50.0
C00067,L1,DAC,124.86,1.793,12.4886,13.1713,14.2762,15.0903,1.3145,1.4106,1.5178,1.5975,Normal,50.0
C00068,L1,FPGA,125.81,1.1,11.7748,12.4795,13.6477,13.8463,1.1881,1.284,1.42,1.4701,Normal,50.0
C00069,L1,ASIC,124.73,1.209,11.6528,11.5359,11.6875,11.9258,1.2418,1.2321,1.2247,1.2342,High_Stable,50.0
C00070,L1,ASIC,124.58,1.2,11.8494,12.1497,12.243,12.2357,1.2165,1.2589,1.2966,1.2583,High_Stable,50.0
C00071,L1,DAC,124.11,1.797,12.8111,14.2206,16.9708,23.5059,1.3445,1.5491,1.8312,2.7034,Latent_Defect,50.0
C00072,L1,ASIC,124.95,1.184,11.8917,12.8233,16.7482,20.495,1.2485,1.3827,1.8857,2.2684,Latent_Defect,50.0
C00073,L1,DAC,125.3,1.798,12.0076,13.6378,17.7915,21.7118,1.2412,1.4446,1.9633,2.4443,Latent_Defect,50.0
C00074,L1,DAC,126.08,1.824,12.367,13.6387,17.1523,22.2346,1.3147,1.4106,1.845,2.5404,Latent_Defect,50.0
C00075,L1,FPGA,126.49,1.096,11.4699,11.8452,13.0007,13.1689,1.2061,1.2376,1.3515,1.3839,Normal,50.0
C00076,L1,ASIC,124.78,1.227,11.3307,12.3026,13.6109,14.5164,1.2113,1.2914,1.4422,1.5454,Normal,50.0
C00077,L1,ADC,126.18,1.765,11.5914,12.5101,13.0769,13.7376,1.2133,1.3377,1.3859,1.442,Normal,50.0
C00078,L1,FPGA,125.39,1.1,10.6719,12.2017,20.1865,60.114,1.15,1.268,2.2346,8.5731,Absolute_Failure,50.0
C00079,L1,FPGA,125.21,1.085,10.9532,12.4893,15.3153,20.2898,1.1165,1.3271,1.6423,2.2225,Latent_Defect,50.0
C00080,L1,DAC,125.39,1.809,12.5331,13.7421,16.9033,29.4253,1.2931,1.4937,1.8079,3.455,Sudden_Anomaly,50.0
C00081,L1,FPGA,125.64,1.098,11.2984,12.112,13.2443,30.791,1.1708,1.2502,1.3322,3.6492,Sudden_Anomaly,50.0
C00082,L1,ASIC,123.2,1.182,11.325,12.5557,14.5388,42.7407,1.1641,1.3329,1.5644,5.508,Sudden_Anomaly,50.0
C00083,L1,DAC,124.15,1.801,11.6822,12.3302,13.1406,13.4221,1.2611,1.2797,1.4126,1.4209,Normal,50.0
C00084,L1,DAC,123.65,1.797,12.2824,12.9847,13.5478,14.8319,1.2866,1.4119,1.4218,1.61,Normal,50.0
C00085,L1,FPGA,125.94,1.093,11.4975,13.3787,18.5454,25.1685,1.1886,1.4235,2.0214,2.8984,Latent_Defect,50.0
C00086,L1,ASIC,126.3,1.205,11.8543,12.9303,13.702,14.2293,1.238,1.4122,1.4725,1.518,Normal,50.0
C00087,L1,ASIC,124.68,1.168,11.6623,12.6847,13.7583,13.7623,1.2321,1.3526,1.4522,1.3969,Normal,50.0
C00088,L1,ADC,125.79,1.758,11.3531,12.4532,13.8663,14.4569,1.1911,1.27,1.5009,1.5216,Normal,50.0
C00089,L1,ADC,124.78,1.777,12.0947,12.976,13.0541,13.2529,1.2879,1.3742,1.3868,1.446,Normal,50.0
C00090,L1,ASIC,125.53,1.241,11.4685,11.774,11.9392,12.0413,1.2176,1.2267,1.2419,1.274,High_Stable,50.0
C00091,L1,DAC,125.38,1.829,11.881,12.9485,13.9209,14.2642,1.2632,1.3547,1.4869,1.4897,Normal,50.0
C00092,L1,ASIC,126.0,1.214,11.7264,13.1759,16.0017,30.0947,1.2313,1.4274,1.7557,3.5119,Sudden_Anomaly,50.0
C00093,L1,FPGA,125.17,1.074,11.9405,12.2094,13.4958,14.1954,1.26,1.2324,1.4744,1.5248,Normal,50.0
C00094,L1,FPGA,125.76,1.079,11.4088,11.9512,12.3126,13.0097,1.1877,1.2625,1.2805,1.4271,Normal,50.0
C00095,L1,DAC,126.11,1.821,12.8048,13.4663,14.5728,15.4244,1.3827,1.4289,1.5315,1.6763,Normal,50.0
C00096,L1,ASIC,125.52,1.211,11.0967,13.2551,19.9662,56.2574,1.1361,1.4088,2.1809,7.9123,Absolute_Failure,50.0
C00097,L1,ADC,125.03,1.835,11.7015,12.4137,12.6419,14.2954,1.2183,1.3601,1.3311,1.5662,Normal,50.0
C00098,L1,ADC,125.57,1.789,11.9463,12.7732,13.2183,13.9602,1.2518,1.3721,1.3952,1.4256,Normal,50.0
C00099,L1,DAC,124.97,1.831,11.8673,13.8703,21.7505,54.6691,1.262,1.4373,2.453,7.589,Absolute_Failure,50.0
C00100,L1,FPGA,125.28,1.091,11.7328,11.791,11.8606,11.9432,1.2579,1.2396,1.234,1.2612,High_Stable,50.0
C00101,L1,ASIC,124.97,1.23,11.447,11.8896,12.4695,13.0339,1.2251,1.2347,1.2606,1.3424,Normal,50.0
C00102,L1,ADC,124.61,1.797,12.1455,13.1354,15.3217,21.0619,1.2964,1.3568,1.6936,2.3318,Latent_Defect,50.0
C00103,L1,ADC,123.45,1.786,11.6387,12.552,14.0961,29.7622,1.194,1.3323,1.508,3.4969,Sudden_Anomaly,50.0
C00104,L1,ASIC,124.53,1.195,11.1643,11.6919,12.7449,37.7856,1.1399,1.1914,1.3172,4.716,Sudden_Anomaly,50.0
C00105,L1,DAC,125.23,1.811,12.0033,12.7835,13.5143,14.2756,1.2813,1.2898,1.4386,1.549,Normal,50.0
C00106,L1,FPGA,125.74,1.089,10.9624,11.5284,11.6805,11.8626,1.1332,1.1833,1.2282,1.2508,Normal,50.0
C00107,L1,FPGA,125.49,1.124,11.5322,12.4027,16.1469,20.7019,1.2068,1.2959,1.7329,2.3167,Latent_Defect,50.0
C00108,L1,ASIC,124.97,1.201,11.5863,14.4718,21.4817,53.3203,1.2129,1.5707,2.3513,7.3796,Absolute_Failure,50.0
C00109,L1,ASIC,125.86,1.182,11.548,11.8644,12.0546,12.2014,1.167,1.2523,1.2011,1.2944,High_Stable,50.0
C00110,L1,ASIC,125.04,1.198,11.3369,12.4255,13.4659,14.0028,1.1406,1.3137,1.3803,1.5059,Normal,50.0
C00111,L1,DAC,127.01,1.783,13.3367,13.4121,13.4015,13.605,1.3693,1.4214,1.4281,1.4349,High_Stable,50.0
C00112,L1,FPGA,126.09,1.105,11.453,12.2235,14.2875,35.5279,1.1795,1.287,1.5171,4.4068,Sudden_Anomaly,50.0
C00113,L1,ASIC,123.74,1.179,11.4141,12.8294,15.9889,23.0567,1.1604,1.3381,1.727,2.5575,Latent_Defect,50.0
C00114,L1,FPGA,126.82,1.093,12.5403,12.7334,12.6644,12.8428,1.3025,1.3262,1.3466,1.3186,High_Stable,50.0
C00115,L1,ASIC,123.88,1.19,11.7586,14.507,22.3809,53.9848,1.2223,1.5105,2.514,7.4829,Absolute_Failure,50.0
C00116,L1,FPGA,125.15,1.088,11.3781,12.0005,12.8956,13.4476,1.1923,1.243,1.3804,1.4028,Normal,50.0
C00117,L1,DAC,124.57,1.792,12.1829,13.0532,13.6477,14.5016,1.2604,1.3499,1.4192,1.5423,Normal,50.0
C00118,L1,ASIC,125.67,1.186,11.2476,13.128,16.6199,21.9622,1.175,1.357,1.8364,2.4925,Latent_Defect,50.0
C00119,L1,FPGA,123.35,1.085,11.8913,13.2096,13.5559,14.071,1.2496,1.387,1.3885,1.487,Normal,50.0
C00120,L1,FPGA,125.18,1.092,11.5042,12.1117,12.587,13.5009,1.1988,1.269,1.3465,1.3796,Normal,50.0
C00121,L1,ASIC,125.22,1.2,11.2438,12.3988,13.168,14.2925,1.1998,1.317,1.3677,1.538,Normal,50.0
C00122,L1,FPGA,126.55,1.087,11.8099,13.8088,21.6111,59.2409,1.211,1.4497,2.427,8.4574,Absolute_Failure,50.0
C00123,L1,DAC,124.05,1.769,11.54,12.4001,15.2744,19.7725,1.2147,1.2837,1.6335,2.2172,Latent_Defect,50.0
C00124,L1,ASIC,123.88,1.21,11.8744,12.8655,14.0996,14.3201,1.2468,1.3764,1.4845,1.5091,Normal,50.0
C00125,L1,ADC,123.95,1.773,12.3653,13.2023,13.5741,13.9546,1.2468,1.4003,1.4104,1.4865,Normal,50.0
C00126,L1,DAC,125.53,1.815,11.6073,11.8957,12.2767,12.7325,1.1836,1.2294,1.3136,1.3544,Normal,50.0
C00127,L1,ASIC,125.5,1.183,11.4505,12.7001,13.9211,14.6567,1.2224,1.2594,1.4621,1.5899,Normal,50.0
C00128,L1,ASIC,123.83,1.184,10.6854,11.9649,15.2401,20.4049,1.1248,1.2082,1.6235,2.25,Latent_Defect,50.0
C00129,L1,ADC,123.72,1.824,11.3605,11.8923,12.4844,13.3513,1.173,1.1978,1.2919,1.3883,Normal,50.0
C00130,L1,ASIC,126.6,1.201,10.8191,12.0164,12.5199,13.7596,1.1068,1.2612,1.2988,1.4519,Normal,50.0
C00131,L1,ASIC,124.41,1.207,11.3598,12.0108,12.6754,14.0258,1.1489,1.2757,1.2854,1.4953,Normal,50.0
C00132,L1,ASIC,125.39,1.203,11.423,12.8893,16.478,19.8344,1.1556,1.3672,1.7963,2.2048,Latent_Defect,50.0
C00133,L1,ADC,124.87,1.806,11.7495,13.5646,18.6161,22.3823,1.1915,1.4639,2.0434,2.4993,Latent_Defect,50.0
C00134,L1,DAC,125.6,1.781,12.2104,13.7823,23.3113,61.2312,1.2796,1.4415,2.6526,8.8146,Absolute_Failure,50.0
C00135,L1,DAC,123.92,1.808,12.0313,13.1202,15.774,30.7975,1.2772,1.3726,1.7225,3.6597,Sudden_Anomaly,50.0
C00136,L1,ASIC,125.74,1.21,11.4122,11.6406,11.5951,11.8176,1.1577,1.2432,1.2805,1.2436,High_Stable,50.0
C00137,L1,DAC,124.71,1.773,12.2636,12.3251,12.3485,12.6808,1.2846,1.3057,1.2902,1.3248,High_Stable,50.0
C00138,L1,ASIC,123.42,1.196,11.1565,11.3068,11.7334,12.5975,1.1691,1.1476,1.2288,1.3493,Normal,50.0
C00139,L1,DAC,125.02,1.793,12.1386,13.2497,14.3207,15.8915,1.2928,1.3791,1.4793,1.7503,Normal,50.0
C00140,L1,ADC,123.43,1.789,11.6341,12.5336,13.3982,14.8241,1.2259,1.3392,1.4214,1.5963,Normal,50.0
C00141,L1,FPGA,125.35,1.102,11.8007,12.537,14.3351,33.0866,1.2876,1.3037,1.5368,4.0457,Sudden_Anomaly,50.0
C00142,L1,ASIC,126.87,1.194,11.1624,13.7039,19.5253,51.6658,1.2277,1.462,2.1419,7.0264,Absolute_Failure,50.0
C00143,L1,ADC,125.55,1.795,11.7675,12.6978,13.1807,14.6883,1.2085,1.3522,1.3726,1.555,Normal,50.0
C00144,L1,ASIC,126.04,1.21,11.8705,14.5948,24.009,53.0905,1.2488,1.5582,2.754,7.3112,Absolute_Failure,50.0
C00145,L1,ASIC,124.7,1.232,11.4311,11.5671,12.0464,12.2076,1.2086,1.1826,1.2355,1.2799,High_Stable,50.0
C00146,L1,FPGA,123.81,1.097,11.6543,11.8697,12.1908,12.239,1.2044,1.2513,1.2923,1.2717,High_Stable,50.0
C00147,L1,ADC,125.58,1.819,11.5065,11.823,12.4898,13.4222,1.1798,1.2372,1.2915,1.3917,Normal,50.0
C00148,L1,ASIC,125.12,1.209,11.5073,12.591,13.5363,30.5953,1.1981,1.3207,1.41,3.6478,Sudden_Anomaly,50.0
C00149,L1,DAC,124.46,1.779,12.122,12.4494,13.6246,13.7172,1.267,1.3236,1.3833,1.4795,Normal,50.0
C00150,L1,FPGA,125.57,1.104,11.7303,12.8965,13.3169,14.2758,1.2397,1.3529,1.3608,1.5079,Normal,50.0
C00151,L1,ASIC,124.13,1.209,11.4299,12.5353,12.587,13.4335,1.1907,1.3442,1.3294,1.432,Normal,50.0
C00152,L1,ADC,125.36,1.834,11.2631,11.6524,12.201,13.6064,1.2358,1.1968,1.2655,1.4331,Normal,50.0
C00153,L1,ASIC,124.29,1.159,11.4787,12.6884,13.4551,14.5625,1.2029,1.3684,1.4245,1.5655,Normal,50.0
C00154,L1,ADC,124.57,1.806,11.6794,12.3972,12.481,13.2768,1.1632,1.3374,1.3146,1.4273,Normal,50.0
C00155,L1,DAC,123.86,1.804,11.7827,12.9261,14.2827,15.0064,1.2257,1.3103,1.5153,1.6261,Normal,50.0
C00156,L1,DAC,124.96,1.79,12.2333,13.0997,13.8654,14.5224,1.2856,1.3899,1.5012,1.5876,Normal,50.0
C00157,L1,ADC,124.0,1.795,12.6372,12.9012,13.5339,14.1919,1.3223,1.3559,1.4721,1.5005,Normal,50.0
C00158,L1,ADC,125.2,1.79,12.3264,12.5937,12.6271,12.3995,1.3093,1.3514,1.326,1.2519,High_Stable,50.0
C00159,L1,ASIC,123.67,1.205,10.9648,11.3973,11.9421,13.1867,1.1449,1.1692,1.2269,1.3507,Normal,50.0
C00160,L1,ASIC,124.72,1.164,11.4634,11.6972,11.7376,11.8215,1.2096,1.1625,1.1788,1.2278,High_Stable,50.0
C00161,L1,FPGA,124.95,1.102,12.2578,13.1792,14.1146,14.4418,1.2873,1.3849,1.4763,1.5142,Normal,50.0
C00162,L1,FPGA,126.1,1.098,11.7458,13.1543,14.2837,39.2346,1.2454,1.4086,1.5068,4.9487,Sudden_Anomaly,50.0
C00163,L1,DAC,124.44,1.794,12.6036,12.4935,12.5077,12.3435,1.3069,1.2924,1.3024,1.3276,High_Stable,50.0
C00164,L1,FPGA,125.31,1.093,11.6369,12.4444,13.5243,14.7724,1.2068,1.3515,1.4091,1.5834,Normal,50.0
C00165,L1,FPGA,125.22,1.098,11.8207,12.4261,13.0765,13.8341,1.2539,1.285,1.4063,1.5226,Normal,50.0
C00166,L1,ADC,123.05,1.792,12.1021,12.3391,12.5929,12.8267,1.2895,1.2863,1.3082,1.3928,High_Stable,50.0
C00167,L1,ADC,125.44,1.802,11.7964,12.8083,13.9327,14.9231,1.187,1.3954,1.496,1.5941,Normal,50.0
C00168,L1,FPGA,126.17,1.092,11.7326,12.8804,13.8058,14.4834,1.2401,1.3721,1.476,1.5539,Normal,50.0
C00169,L1,ADC,125.43,1.799,11.6808,12.2817,12.731,13.7218,1.1667,1.2972,1.3296,1.4017,Normal,50.0
C00170,L1,ASIC,126.15,1.222,11.4625,12.1539,17.0812,53.2119,1.2058,1.3296,1.8721,7.3572,Absolute_Failure,50.0
C00171,L1,DAC,125.04,1.806,11.6485,12.282,13.2964,13.9194,1.2267,1.3123,1.4067,1.5126,Normal,50.0
C00172,L1,ADC,125.3,1.788,11.9423,13.2188,16.0032,57.5419,1.235,1.4309,1.723,8.1205,Absolute_Failure,50.0
C00173,L1,ASIC,124.28,1.185,11.6595,12.6163,14.2528,35.4314,1.1994,1.3257,1.5398,4.351,Sudden_Anomaly,50.0
C00174,L1,ADC,124.25,1.79,11.8273,13.1047,14.2711,38.083,1.2378,1.3577,1.5173,4.7783,Sudden_Anomaly,50.0
C00175,L1,DAC,126.07,1.795,12.2353,13.0097,13.5745,14.7017,1.2782,1.4123,1.4241,1.5768,Normal,50.0
C00176,L1,DAC,124.25,1.772,11.6495,12.461,15.1978,27.5495,1.1901,1.2905,1.6199,3.1887,Sudden_Anomaly,50.0
C00177,L1,ADC,124.9,1.794,11.7657,12.3845,14.4158,31.6775,1.2376,1.3384,1.5485,3.7678,Sudden_Anomaly,50.0
C00178,L1,DAC,126.09,1.797,11.7633,12.213,12.8977,13.3167,1.1962,1.2538,1.3568,1.3978,Normal,50.0
C00179,L1,DAC,125.86,1.807,12.1447,13.3972,13.98,14.7116,1.2673,1.4263,1.4129,1.5783,Normal,50.0
C00180,L1,ADC,124.76,1.811,11.3837,12.9863,16.7883,21.1313,1.1895,1.4009,1.777,2.3692,Latent_Defect,50.0
C00181,L1,ADC,124.5,1.786,12.4007,13.0275,13.8878,15.3676,1.291,1.3498,1.4678,1.7103,Normal,50.0
C00182,L1,FPGA,124.62,1.11,10.8968,11.4222,12.3333,13.0413,1.14,1.1796,1.2529,1.3778,Normal,50.0
C00183,L1,ADC,123.84,1.81,12.0216,12.2902,13.6261,14.9675,1.2403,1.2429,1.4868,1.6218,Normal,50.0
C00184,L1,FPGA,126.07,1.109,11.686,11.8473,11.7239,12.2258,1.2029,1.2503,1.2504,1.2906,High_Stable,50.0
C00185,L1,ADC,124.81,1.799,11.6171,12.1284,13.3186,14.915,1.2256,1.2634,1.4215,1.5788,Normal,50.0
C00186,L1,FPGA,126.08,1.113,11.258,11.6323,12.1975,12.8882,1.1618,1.2028,1.2644,1.3574,Normal,50.0
C00187,L1,ASIC,123.83,1.212,11.6755,12.0204,12.2953,13.6958,1.2643,1.3056,1.2474,1.5135,Normal,50.0
C00188,L1,ASIC,125.78,1.215,11.8729,12.1161,12.1378,12.6064,1.2552,1.2868,1.2543,1.2986,High_Stable,50.0
C00189,L1,ASIC,124.5,1.212,11.3428,11.7392,13.116,13.4421,1.1836,1.217,1.3614,1.3848,Normal,50.0
C00190,L1,ADC,124.17,1.846,11.5013,11.4296,11.5067,11.4654,1.1511,1.1932,1.143,1.1613,High_Stable,50.0
C00191,L1,DAC,124.43,1.806,12.2834,13.3474,14.6095,15.9953,1.2777,1.4022,1.5382,1.7348,Normal,50.0
C00192,L1,ASIC,124.47,1.19,11.7213,12.1687,12.6532,13.5931,1.21,1.2643,1.3312,1.4677,Normal,50.0
C00193,L1,FPGA,124.34,1.108,12.7832,13.1335,13.4782,13.3171,1.3679,1.3676,1.4314,1.3752,High_Stable,50.0
C00194,L1,ADC,124.26,1.813,11.8688,12.7248,13.8328,14.649,1.2213,1.2699,1.423,1.5989,Normal,50.0
C00195,L1,ADC,124.2,1.825,11.7886,12.5922,13.7715,15.1675,1.2603,1.2939,1.4789,1.6176,Normal,50.0
C00196,L1,ADC,123.1,1.785,11.7603,12.2965,13.424,14.2629,1.2286,1.2491,1.4547,1.5007,Normal,50.0
C00197,L1,ADC,124.77,1.815,12.4225,12.457,12.4399,12.6073,1.2883,1.3651,1.3033,1.3635,High_Stable,50.0
C00198,L1,ADC,125.01,1.78,12.2621,12.9061,13.489,14.5198,1.2837,1.4191,1.4149,1.5289,Normal,50.0
C00199,L1,ASIC,126.86,1.212,11.8933,12.8876,13.7325,14.582,1.2695,1.3504,1.4739,1.6144,Normal,50.0
C00200,L1,ADC,124.46,1.802,11.5698,11.9713,12.4957,14.2739,1.2163,1.2329,1.3077,1.5193,Normal,50.0
C00201,L1,DAC,124.01,1.787,11.9099,13.6849,16.801,23.2517,1.2425,1.429,1.8201,2.6729,Latent_Defect,50.0
C00202,L1,ADC,124.09,1.793,11.6209,12.2804,13.0453,13.5093,1.1894,1.2854,1.3642,1.4009,Normal,50.0
C00203,L1,FPGA,124.92,1.09,11.9225,12.8639,13.9156,14.3479,1.2572,1.4064,1.4558,1.5492,Normal,50.0
C00204,L1,ADC,123.54,1.812,11.4531,11.9114,13.7918,31.0655,1.1987,1.232,1.4506,3.7418,Sudden_Anomaly,50.0
C00205,L1,DAC,124.38,1.802,12.8829,12.789,13.0422,12.9485,1.407,1.3606,1.3497,1.3512,High_Stable,50.0
C00206,L1,DAC,125.94,1.799,12.2681,12.835,13.795,14.7076,1.3054,1.3583,1.4815,1.5536,Normal,50.0
C00207,L1,ASIC,124.34,1.181,11.8217,11.8583,11.968,12.057,1.2441,1.2557,1.2348,1.263,High_Stable,50.0
C00208,L1,ASIC,124.58,1.183,11.7489,13.2152,13.9804,14.52,1.2166,1.4045,1.5054,1.5452,Normal,50.0
C00209,L1,ADC,124.99,1.804,12.3831,12.4827,12.3632,12.2694,1.2978,1.3242,1.3107,1.3029,High_Stable,50.0
C00210,L1,FPGA,125.57,1.087,11.2027,13.5448,20.5056,51.8297,1.1862,1.438,2.3001,7.0824,Absolute_Failure,50.0
C00211,L1,DAC,123.9,1.789,12.1852,12.503,13.1419,13.1725,1.2558,1.315,1.3571,1.3873,Normal,50.0
C00212,L1,DAC,124.06,1.797,12.3816,12.5642,12.6288,12.8192,1.3069,1.3454,1.3136,1.3503,High_Stable,50.0
C00213,L1,ADC,125.36,1.785,11.9402,13.0389,14.1244,15.0356,1.2068,1.3286,1.5078,1.5944,Normal,50.0
C00214,L1,FPGA,125.25,1.109,11.3763,12.1433,12.5704,14.2648,1.2028,1.2943,1.2918,1.5458,Normal,50.0
C00215,L1,ASIC,125.21,1.204,11.5264,12.5755,13.6294,14.9345,1.1662,1.3453,1.4341,1.6058,Normal,50.0
C00216,L1,ASIC,126.32,1.187,11.4602,11.9497,12.7735,12.7943,1.1928,1.2416,1.3236,1.3735,Normal,50.0
C00217,L1,ADC,124.66,1.794,11.3705,11.9066,12.976,13.8958,1.1697,1.2772,1.3489,1.4998,Normal,50.0
C00218,L1,ADC,125.66,1.794,11.8102,12.0061,12.2531,12.2693,1.2225,1.2597,1.2979,1.3376,High_Stable,50.0
C00219,L1,DAC,125.88,1.846,12.2084,14.8658,22.5585,56.7817,1.3062,1.6106,2.5461,7.9568,Absolute_Failure,50.0
C00220,L1,DAC,125.72,1.776,12.0849,12.3045,12.3177,12.4941,1.2654,1.2892,1.2444,1.3019,High_Stable,50.0
C00221,L1,ASIC,124.77,1.196,11.0134,12.1246,13.2784,13.2801,1.1375,1.2759,1.4069,1.4162,Normal,50.0
C00222,L1,ASIC,125.05,1.206,11.124,12.3379,14.976,30.5856,1.1599,1.2925,1.5457,3.6594,Sudden_Anomaly,50.0
C00223,L1,ASIC,125.39,1.181,11.2954,12.2478,14.1916,31.2368,1.1749,1.2683,1.525,3.7411,Sudden_Anomaly,50.0
C00224,L1,DAC,124.88,1.803,12.6368,14.3808,16.2758,20.6079,1.3155,1.5048,1.715,2.2776,Latent_Defect,50.0
C00225,L1,FPGA,125.77,1.109,11.4554,12.6232,13.5941,15.2756,1.1553,1.2955,1.457,1.6796,Normal,50.0
C00226,L1,ASIC,124.97,1.167,11.9896,12.2878,12.4648,12.8207,1.2542,1.2853,1.3351,1.325,High_Stable,50.0
C00227,L1,FPGA,125.6,1.106,12.1968,13.0822,14.2922,15.4379,1.2909,1.3634,1.5237,1.6502,Normal,50.0
C00228,L1,DAC,126.69,1.801,11.8923,12.4369,12.7251,14.0208,1.2034,1.3228,1.3869,1.5073,Normal,50.0
C00229,L1,ASIC,124.32,1.204,11.3065,11.8989,12.7143,13.4074,1.228,1.2777,1.2898,1.453,Normal,50.0
C00230,L1,FPGA,124.06,1.095,11.6852,12.4002,13.7573,14.8091,1.2069,1.3233,1.4827,1.6151,Normal,50.0
C00231,L1,DAC,125.97,1.811,12.0444,12.4285,13.0185,14.2136,1.2592,1.3294,1.3993,1.5061,Normal,50.0
C00232,L1,ADC,124.61,1.82,11.3696,13.0082,19.8147,51.9548,1.1679,1.398,2.2054,7.0875,Absolute_Failure,50.0
C00233,L1,ASIC,124.95,1.2,11.1442,11.3097,12.0094,12.7013,1.125,1.1382,1.2535,1.3747,Normal,50.0
C00234,L1,ADC,125.85,1.805,11.3377,12.0753,12.6243,13.5534,1.1761,1.2739,1.3201,1.4183,Normal,50.0
C00235,L1,ASIC,125.84,1.189,11.1523,11.6469,12.6274,13.1345,1.1692,1.2295,1.3065,1.4037,Normal,50.0
C00236,L1,ADC,123.8,1.797,12.3344,13.0296,13.6245,14.4918,1.3026,1.3718,1.4276,1.4973,Normal,50.0
C00237,L1,DAC,125.25,1.808,12.2184,12.7549,13.5335,14.0336,1.2853,1.3219,1.4185,1.4895,Normal,50.0
C00238,L1,FPGA,126.74,1.107,12.4416,13.1049,13.953,15.4419,1.271,1.4188,1.483,1.6779,Normal,50.0
C00239,L1,ADC,125.97,1.812,12.0396,12.921,15.2786,19.2476,1.2422,1.3698,1.6316,2.1331,Latent_Defect,50.0
C00240,L1,FPGA,124.59,1.116,12.2303,14.0301,18.7684,26.3712,1.2652,1.4872,2.0605,3.0294,Latent_Defect,50.0
C00241,L1,FPGA,126.37,1.104,11.0129,12.6014,20.7735,57.406,1.1774,1.3255,2.3544,8.0963,Absolute_Failure,50.0
C00242,L1,FPGA,125.88,1.109,11.4677,11.8871,14.2218,30.0742,1.2025,1.2381,1.4733,3.5809,Sudden_Anomaly,50.0
C00243,L1,FPGA,123.91,1.102,11.6787,12.4233,13.4026,14.2476,1.2014,1.3057,1.4011,1.53,Normal,50.0
C00244,L1,ADC,124.44,1.784,11.8834,12.0062,11.8622,11.6357,1.274,1.2362,1.222,1.2096,High_Stable,50.0
C00245,L1,DAC,124.12,1.799,11.6978,12.1705,12.8484,13.1408,1.2138,1.2865,1.3694,1.3828,Normal,50.0
C00246,L1,ASIC,124.37,1.187,11.5296,12.0757,13.1456,14.4289,1.1991,1.2985,1.3928,1.5531,Normal,50.0
C00247,L1,FPGA,125.5,1.089,13.0575,13.4072,13.4232,13.3555,1.3372,1.3985,1.3766,1.4273,High_Stable,50.0
C00248,L1,ADC,124.51,1.775,11.4933,12.3837,12.8232,14.0203,1.1851,1.2942,1.318,1.4991,Normal,50.0
C00249,L1,ASIC,124.64,1.211,11.6064,12.3252,13.3344,14.0859,1.1994,1.2588,1.4195,1.5105,Normal,50.0
C00250,L1,FPGA,124.55,1.086,11.4726,12.189,13.153,14.354,1.1648,1.2686,1.389,1.573,Normal,50.0
C00251,L1,ASIC,124.62,1.223,11.6617,13.6174,18.0264,55.836,1.2087,1.4233,1.967,7.8061,Absolute_Failure,50.0
C00252,L1,DAC,123.0,1.788,11.8858,12.2799,12.6169,14.1765,1.2239,1.2857,1.3305,1.5466,Normal,50.0
C00253,L1,FPGA,126.07,1.118,11.4874,12.0965,12.8863,13.5588,1.1727,1.3198,1.3526,1.4158,Normal,50.0
C00254,L1,FPGA,125.53,1.109,11.4289,12.2516,13.4285,14.3622,1.1319,1.2816,1.4885,1.5511,Normal,50.0
C00255,L1,ASIC,125.47,1.189,11.8982,11.9175,12.0131,11.9916,1.2614,1.2162,1.2978,1.2113,High_Stable,50.0
C00256,L1,DAC,125.43,1.825,12.2078,12.4427,13.097,13.8261,1.2509,1.3139,1.3489,1.4738,Normal,50.0
C00257,L1,FPGA,126.43,1.105,11.2953,11.6814,12.2551,13.0334,1.1398,1.1604,1.258,1.3898,Normal,50.0
C00258,L1,FPGA,124.21,1.127,11.6342,13.2959,20.2184,52.9839,1.1875,1.3671,2.2816,7.3399,Absolute_Failure,50.0
C00259,L1,FPGA,124.24,1.066,11.3631,12.2625,12.6999,12.9313,1.1994,1.2855,1.3577,1.382,Normal,50.0
C00260,L1,ADC,123.65,1.789,12.0018,13.0499,14.4394,15.6392,1.2571,1.413,1.5414,1.6738,Normal,50.0
C00261,L1,ASIC,125.16,1.211,11.3951,12.7571,14.2601,39.1505,1.1848,1.3319,1.518,4.8954,Sudden_Anomaly,50.0
C00262,L1,DAC,125.89,1.791,12.4534,13.4822,13.8497,15.0451,1.281,1.4108,1.4433,1.5713,Normal,50.0
C00263,L1,ADC,124.99,1.826,11.9042,13.7109,19.3129,57.3138,1.2241,1.4374,2.105,8.0837,Absolute_Failure,50.0
C00264,L1,ADC,124.07,1.804,11.6532,12.5993,17.117,53.412,1.2381,1.3308,1.9165,7.3922,Absolute_Failure,50.0
C00265,L1,DAC,124.85,1.807,12.3901,13.7651,14.14,15.2662,1.3376,1.4835,1.4952,1.6369,Normal,50.0
C00266,L1,ADC,125.09,1.78,11.4557,12.3589,15.1101,39.453,1.1817,1.311,1.633,4.9752,Sudden_Anomaly,50.0
C00267,L1,DAC,126.86,1.8,11.9657,12.5075,12.5844,13.4507,1.2472,1.2992,1.3178,1.4241,Normal,50.0
C00268,L1,FPGA,125.22,1.106,12.0215,12.1846,12.3897,12.4908,1.2638,1.3029,1.2835,1.2957,High_Stable,50.0
C00269,L1,FPGA,125.63,1.088,11.4933,11.9932,12.5448,13.0259,1.1769,1.1891,1.3056,1.3633,Normal,50.0
C00270,L1,FPGA,126.19,1.113,11.9385,11.9348,12.1939,12.7806,1.2497,1.2286,1.2477,1.3586,High_Stable,50.0
C00271,L1,ADC,125.24,1.812,11.7187,12.402,13.4221,14.126,1.1627,1.3332,1.4559,1.5024,Normal,50.0
C00272,L1,ASIC,125.45,1.19,11.1202,11.6353,12.1655,12.4403,1.1737,1.1887,1.283,1.3243,Normal,50.0
C00273,L1,ASIC,125.81,1.195,11.0742,11.9064,12.1135,12.9292,1.1847,1.2496,1.2429,1.3696,Normal,50.0
C00274,L1,FPGA,128.06,1.104,12.0967,13.4508,16.5439,23.1561,1.3026,1.432,1.7697,2.6117,Latent_Defect,50.0
C00275,L1,ASIC,125.29,1.22,11.5829,12.0997,13.2129,13.9238,1.1793,1.241,1.3925,1.4904,Normal,50.0
C00276,L1,DAC,125.59,1.801,11.6866,13.1027,15.1075,58.7001,1.2215,1.3467,1.6767,8.3323,Absolute_Failure,50.0
C00277,L1,DAC,125.42,1.794,12.7283,13.4221,14.0077,14.1752,1.3459,1.3782,1.4367,1.5154,Normal,50.0
C00278,L1,ADC,123.21,1.808,12.228,13.8477,21.6256,59.7784,1.278,1.4659,2.4631,8.568,Absolute_Failure,50.0
C00279,L1,ADC,126.18,1.794,11.9946,13.1615,14.1786,30.086,1.2379,1.4115,1.5369,3.5999,Sudden_Anomaly,50.0
C00280,L1,ASIC,126.13,1.218,11.5142,11.8413,12.4073,13.4191,1.1811,1.2426,1.3012,1.4243,Normal,50.0
C00281,L1,DAC,124.6,1.822,12.4606,12.4312,12.7902,13.1847,1.2987,1.3119,1.3739,1.3799,High_Stable,50.0
C00282,L1,FPGA,124.76,1.093,11.6283,11.8729,12.6882,13.648,1.2227,1.231,1.3533,1.4396,Normal,50.0
C00283,L1,FPGA,124.53,1.121,11.8043,12.3914,13.3299,36.8065,1.2432,1.289,1.3691,4.5587,Sudden_Anomaly,50.0
C00284,L1,ASIC,125.06,1.207,11.1763,13.0366,14.9143,19.465,1.1619,1.3744,1.6013,2.2046,Latent_Defect,50.0
C00285,L1,ASIC,123.1,1.205,11.3717,11.7762,11.9199,12.5958,1.2594,1.2118,1.2486,1.2861,Normal,50.0
C00286,L1,ASIC,124.25,1.193,11.5409,12.4103,13.3194,14.5658,1.2174,1.2808,1.4111,1.5417,Normal,50.0
C00287,L1,DAC,124.9,1.769,11.9243,12.5307,12.8566,13.2827,1.2595,1.311,1.3249,1.4052,Normal,50.0
C00288,L1,ADC,123.98,1.789,11.6188,12.2641,13.361,13.7218,1.1571,1.3096,1.4233,1.4497,Normal,50.0
C00289,L1,ADC,125.39,1.777,11.5401,11.7348,11.8586,11.7193,1.2515,1.2328,1.2509,1.2059,High_Stable,50.0
C00290,L1,ASIC,124.7,1.196,10.8192,11.0972,12.2092,29.5241,1.1277,1.1544,1.2675,3.4768,Sudden_Anomaly,50.0
C00291,L1,FPGA,125.26,1.093,12.0624,13.0798,13.624,14.2064,1.298,1.3761,1.4614,1.4923,Normal,50.0
C00292,L1,ADC,124.11,1.819,11.9014,12.7537,13.5612,14.2797,1.2621,1.346,1.4007,1.515,Normal,50.0
C00293,L1,FPGA,125.26,1.075,11.8951,11.7585,11.6395,11.9537,1.1893,1.2267,1.1886,1.2525,High_Stable,50.0
C00294,L1,ASIC,125.34,1.2,11.9331,12.201,12.7217,12.6229,1.2409,1.2638,1.3433,1.3362,High_Stable,50.0
C00295,L1,ADC,125.67,1.791,11.978,12.9442,13.4084,13.9579,1.2973,1.3859,1.4007,1.4947,Normal,50.0
C00296,L1,ADC,124.39,1.811,12.2031,12.3561,12.746,12.7592,1.2891,1.288,1.3848,1.3198,High_Stable,50.0
C00297,L1,ASIC,124.22,1.205,11.9076,12.2078,12.1576,12.411,1.2271,1.319,1.292,1.2771,High_Stable,50.0
C00298,L1,FPGA,125.78,1.096,11.9816,12.8049,13.5095,13.9957,1.2096,1.3212,1.4374,1.4829,Normal,50.0
C00299,L1,ASIC,125.83,1.182,11.4724,11.8636,12.7958,13.5488,1.195,1.2488,1.3237,1.4415,Normal,50.0
C00300,L1,DAC,125.65,1.816,11.3606,12.0164,13.2775,13.7632,1.162,1.282,1.3855,1.4418,Normal,50.0
C00301,L1,DAC,126.52,1.824,12.199,13.1828,13.885,15.0514,1.2859,1.3857,1.4858,1.6141,Normal,50.0
C00302,L1,ASIC,125.14,1.21,11.0971,11.5043,13.9339,38.0939,1.1618,1.1763,1.4181,4.7679,Sudden_Anomaly,50.0
C00303,L1,DAC,124.82,1.812,12.4359,13.4336,14.0792,15.4376,1.3263,1.4592,1.5021,1.6499,Normal,50.0
C00304,L1,FPGA,125.59,1.111,11.8145,11.8844,11.9583,12.2256,1.2312,1.2467,1.224,1.3134,High_Stable,50.0
C00305,L1,FPGA,124.95,1.101,11.5931,11.7035,12.195,12.3876,1.1812,1.2204,1.2792,1.3207,High_Stable,50.0
C00306,L1,ASIC,125.31,1.192,11.157,11.7214,12.3221,13.743,1.1295,1.1448,1.266,1.4449,Normal,50.0
C00307,L1,FPGA,126.52,1.091,11.5442,13.6767,19.6351,53.3578,1.214,1.4377,2.1774,7.3445,Absolute_Failure,50.0
C00308,L1,FPGA,125.36,1.091,10.9538,11.88,12.9299,13.9263,1.1565,1.2878,1.3424,1.4141,Normal,50.0
C00309,L1,ADC,125.25,1.802,12.2502,12.6701,13.4153,13.9656,1.2682,1.3166,1.4022,1.465,Normal,50.0
C00310,L1,DAC,123.9,1.797,12.3376,13.1406,13.9544,15.2506,1.2915,1.4135,1.4816,1.6547,Normal,50.0
C00311,L1,FPGA,123.85,1.104,11.9837,12.1474,12.1155,12.4526,1.2313,1.2575,1.3093,1.3288,High_Stable,50.0
C00312,L1,DAC,125.33,1.802,11.6726,12.933,13.5225,13.888,1.226,1.3543,1.427,1.4664,Normal,50.0
C00313,L1,ASIC,123.21,1.194,11.0771,12.1911,12.8586,13.8887,1.1485,1.2723,1.3601,1.4926,Normal,50.0
C00314,L1,ASIC,124.16,1.174,11.4458,12.0446,12.5605,13.9092,1.1675,1.2466,1.3239,1.5476,Normal,50.0
C00315,L1,ASIC,126.29,1.218,11.1004,12.1913,12.0149,13.0638,1.1695,1.2712,1.2748,1.3563,Normal,50.0
C00316,L1,ASIC,124.94,1.2,11.8281,12.7407,14.9506,22.4069,1.2851,1.3547,1.556,2.4526,Latent_Defect,50.0
C00317,L1,FPGA,125.22,1.117,11.6617,12.5717,13.4613,15.0014,1.2163,1.3451,1.4122,1.572,Normal,50.0
C00318,L1,FPGA,124.82,1.091,11.5318,13.3031,15.4665,22.3704,1.1982,1.4199,1.6262,2.5138,Latent_Defect,50.0
C00319,L1,ADC,125.98,1.791,11.5697,13.0259,16.6637,22.6896,1.179,1.3529,1.7648,2.549,Latent_Defect,50.0
C00320,L1,ASIC,124.19,1.218,11.4598,12.191,12.8462,13.6545,1.2095,1.2586,1.353,1.4383,Normal,50.0
C00321,L1,FPGA,126.93,1.074,11.9716,12.4255,13.1276,14.6732,1.2686,1.3166,1.3632,1.5684,Normal,50.0
C00322,L1,ASIC,124.73,1.232,11.0032,11.7804,12.2792,13.528,1.1566,1.2432,1.2597,1.418,Normal,50.0
C00323,L1,ADC,124.3,1.796,11.6372,12.6998,13.7285,14.1451,1.1863,1.3147,1.4336,1.5016,Normal,50.0
C00324,L1,FPGA,126.3,1.105,10.8277,12.1683,16.3088,53.2344,1.1096,1.2721,1.7427,7.3369,Absolute_Failure,50.0
C00325,L1,FPGA,124.43,1.118,10.915,12.3142,14.8472,30.7646,1.0994,1.2558,1.6149,3.7097,Sudden_Anomaly,50.0
C00326,L1,ASIC,126.2,1.216,11.1238,11.4319,12.5092,12.7211,1.1732,1.1667,1.3228,1.3249,Normal,50.0
C00327,L1,ASIC,124.39,1.198,12.0613,12.0974,12.1588,11.8935,1.2903,1.318,1.2754,1.1899,High_Stable,50.0
C00328,L1,ADC,124.08,1.79,11.8381,12.9164,13.3375,14.4951,1.2452,1.3561,1.374,1.5698,Normal,50.0
C00329,L1,DAC,124.74,1.791,12.7662,12.7103,13.0684,12.8059,1.3537,1.3465,1.385,1.3354,High_Stable,50.0
C00330,L1,ASIC,123.75,1.199,11.1309,12.2025,16.2347,55.7482,1.1391,1.2891,1.759,7.7426,Absolute_Failure,50.0
C00331,L1,ASIC,125.34,1.188,11.6722,12.1697,12.9439,14.1885,1.1945,1.2618,1.3339,1.531,Normal,50.0
C00332,L1,FPGA,126.17,1.094,11.3952,12.4473,14.5643,31.3998,1.2069,1.3377,1.552,3.7971,Sudden_Anomaly,50.0
C00333,L1,ADC,125.37,1.788,11.3862,13.0834,21.7394,53.1033,1.1592,1.3798,2.4688,7.3113,Absolute_Failure,50.0
C00334,L1,ASIC,125.88,1.189,11.407,12.1876,12.8529,13.8153,1.1633,1.2712,1.3458,1.4741,Normal,50.0
C00335,L1,FPGA,126.01,1.09,11.3699,12.648,13.8314,14.7669,1.1853,1.3507,1.4499,1.5527,Normal,50.0
C00336,L1,ASIC,125.08,1.197,11.8563,14.094,20.4634,54.3677,1.2388,1.5106,2.2727,7.5565,Absolute_Failure,50.0
C00337,L1,ASIC,124.24,1.185,11.9312,12.5067,13.0655,13.2759,1.2408,1.3285,1.3731,1.3963,Normal,50.0
C00338,L1,ADC,125.44,1.825,12.0922,12.5427,12.7868,13.3719,1.2637,1.3046,1.3826,1.4254,Normal,50.0
C00339,L1,FPGA,125.51,1.101,11.5377,13.3402,17.2498,22.7913,1.188,1.4214,1.8722,2.509,Latent_Defect,50.0
C00340,L1,ASIC,125.86,1.175,11.9563,13.3024,17.7921,58.6504,1.2668,1.3834,1.9273,8.336,Absolute_Failure,50.0
C00341,L1,FPGA,123.61,1.099,12.0501,12.7732,13.3304,14.253,1.3167,1.3621,1.4062,1.5058,Normal,50.0
C00342,L1,DAC,126.75,1.797,12.5091,13.3491,14.2767,15.7283,1.2866,1.4165,1.5348,1.6921,Normal,50.0
C00343,L1,ADC,123.96,1.802,11.8703,12.5472,12.8745,13.1283,1.2349,1.3242,1.3437,1.3617,Normal,50.0
C00344,L1,FPGA,123.98,1.096,11.1411,12.2451,15.1812,22.0403,1.1711,1.2654,1.607,2.5124,Latent_Defect,50.0
C00345,L1,ADC,125.28,1.814,12.272,13.8788,16.4213,24.1409,1.2785,1.4943,1.7361,2.7461,Latent_Defect,50.0
C00346,L1,FPGA,124.8,1.096,11.6293,12.6347,13.8827,15.5305,1.2394,1.3315,1.5541,1.6947,Normal,50.0
C00347,L1,ADC,124.1,1.799,12.355,14.223,16.57,22.7589,1.3018,1.5261,1.8164,2.5889,Latent_Defect,50.0
C00348,L1,DAC,124.31,1.798,11.26,12.5712,17.9971,53.2132,1.1742,1.3089,1.9578,7.37,Absolute_Failure,50.0
C00349,L1,FPGA,125.61,1.085,11.6277,13.4964,16.9327,21.4261,1.1904,1.4364,1.8987,2.4053,Latent_Defect,50.0
C00350,L1,FPGA,124.71,1.099,11.651,13.2526,18.5773,55.8431,1.2077,1.4333,2.0588,7.7753,Absolute_Failure,50.0
C00351,L1,ASIC,125.39,1.197,11.7827,12.8576,13.9483,15.0193,1.2141,1.3327,1.4813,1.648,Normal,50.0
C00352,L1,ADC,124.15,1.808,11.9008,12.9475,13.1678,13.743,1.2662,1.372,1.4179,1.4614,Normal,50.0
C00353,L1,ASIC,125.1,1.17,11.8057,11.8058,11.9931,12.2409,1.2124,1.2329,1.2761,1.2344,High_Stable,50.0
C00354,L1,DAC,124.76,1.798,12.0206,13.2911,13.7281,15.2776,1.2577,1.4485,1.4737,1.6458,Normal,50.0
C00355,L1,ASIC,124.5,1.201,11.3837,12.4335,13.2264,14.0349,1.1684,1.2881,1.4059,1.5291,Normal,50.0
C00356,L1,ASIC,124.0,1.196,11.2782,11.9955,12.5012,13.1725,1.1887,1.2656,1.342,1.3461,Normal,50.0
C00357,L1,DAC,124.85,1.811,11.9868,12.6786,14.4207,32.5079,1.2731,1.3652,1.523,3.9568,Sudden_Anomaly,50.0
C00358,L1,DAC,123.79,1.809,11.8664,12.1976,12.7723,13.4625,1.2243,1.2607,1.3463,1.4491,Normal,50.0
C00359,L1,FPGA,124.09,1.105,11.8578,13.0255,17.947,54.3748,1.2057,1.3913,1.9613,7.5599,Absolute_Failure,50.0
C00360,L1,ADC,123.52,1.799,12.0256,12.1234,12.3579,12.2254,1.29,1.2849,1.3187,1.2949,High_Stable,50.0
C00361,L1,ASIC,124.15,1.198,11.5473,13.0054,18.9885,57.1221,1.2104,1.3443,2.0703,8.0528,Absolute_Failure,50.0
C00362,L1,ASIC,124.21,1.21,11.5528,11.5897,11.6122,11.627,1.1979,1.1496,1.2058,1.1991,High_Stable,50.0
C00363,L1,ADC,125.08,1.791,12.0279,12.3261,12.8273,13.2312,1.2348,1.2797,1.3196,1.4013,Normal,50.0
C00364,L1,ADC,125.12,1.8,12.6458,12.6935,13.0056,13.23,1.3046,1.3517,1.3869,1.3767,High_Stable,50.0
C00365,L1,ADC,124.67,1.779,11.8309,12.6979,13.0628,13.6563,1.2448,1.3064,1.3551,1.3913,Normal,50.0
C00366,L1,FPGA,124.33,1.102,11.7157,13.7939,19.3753,55.2519,1.2408,1.4587,2.155,7.6753,Absolute_Failure,50.0
C00367,L1,ADC,124.93,1.804,11.5787,13.0222,14.0737,14.392,1.1879,1.3855,1.529,1.5026,Normal,50.0
C00368,L1,ADC,124.96,1.813,11.2421,13.5713,22.1789,50.8468,1.1788,1.4489,2.5381,6.8724,Absolute_Failure,50.0
C00369,L1,ASIC,125.13,1.192,11.3313,12.4919,13.658,14.8539,1.1872,1.3069,1.4288,1.5949,Normal,50.0
C00370,L1,ASIC,126.35,1.22,11.8487,12.0618,12.2675,12.6529,1.2206,1.2452,1.3221,1.3494,High_Stable,50.0
C00371,L1,ASIC,124.91,1.198,11.5616,12.84,15.1474,21.2355,1.2153,1.242,1.6394,2.4261,Latent_Defect,50.0
C00372,L1,ADC,126.02,1.758,11.7689,12.9148,16.6421,21.0241,1.1823,1.3776,1.8463,2.3791,Latent_Defect,50.0
C00373,L1,FPGA,124.09,1.087,11.5023,13.3701,17.6684,23.2002,1.1498,1.4049,1.9284,2.6388,Latent_Defect,50.0
C00374,L1,DAC,125.3,1.796,12.335,13.2222,14.113,14.8847,1.3032,1.3967,1.4925,1.5831,Normal,50.0
C00375,L1,ADC,123.48,1.806,12.0442,12.9552,15.759,20.584,1.2986,1.3993,1.7108,2.272,Latent_Defect,50.0
C00376,L1,ASIC,124.72,1.196,11.8534,11.8021,11.8792,12.1503,1.2534,1.2331,1.2165,1.2781,High_Stable,50.0
C00377,L1,FPGA,125.64,1.103,11.8419,14.4716,24.4436,57.2125,1.2631,1.5542,2.8039,8.0737,Absolute_Failure,50.0
C00378,L1,ASIC,127.54,1.202,11.3376,11.4378,11.8122,12.0052,1.1715,1.1448,1.2451,1.2723,High_Stable,50.0
C00379,L1,FPGA,126.21,1.111,11.9814,11.8727,11.9236,12.1384,1.2628,1.2488,1.2744,1.2997,High_Stable,50.0
C00380,L1,ADC,124.99,1.787,11.882,12.1976,13.6318,14.4799,1.245,1.2656,1.485,1.5407,Normal,50.0
C00381,L1,ADC,125.76,1.809,12.1948,12.6147,13.6294,14.1067,1.2705,1.2873,1.4138,1.4864,Normal,50.0
C00382,L1,ASIC,126.42,1.208,11.1871,12.1582,13.4096,14.5142,1.1727,1.3301,1.4229,1.528,Normal,50.0
C00383,L1,FPGA,124.92,1.079,11.9959,12.1361,12.0111,12.4703,1.2664,1.2851,1.2786,1.3284,High_Stable,50.0
C00384,L1,ASIC,125.22,1.196,11.5219,12.3925,12.5578,13.0021,1.2249,1.3634,1.3094,1.357,Normal,50.0
C00385,L1,ADC,124.97,1.803,11.7204,12.9111,13.7963,14.2159,1.2163,1.3596,1.4749,1.5482,Normal,50.0
C00386,L1,FPGA,126.07,1.122,11.5515,12.4883,13.0291,13.3903,1.2236,1.3106,1.402,1.4484,Normal,50.0
C00387,L1,DAC,126.06,1.784,11.8301,12.2278,12.8007,13.8143,1.2863,1.2857,1.4083,1.4695,Normal,50.0
C00388,L1,ADC,123.78,1.817,11.5366,12.4518,13.5929,15.0527,1.222,1.3458,1.4483,1.6606,Normal,50.0
C00389,L1,DAC,124.91,1.812,12.6868,13.9678,15.3855,16.8887,1.3454,1.4843,1.6428,1.8286,Normal,50.0
C00390,L1,FPGA,126.67,1.096,11.2557,12.0767,13.2482,13.7801,1.1838,1.2718,1.4004,1.4645,Normal,50.0
C00391,L1,FPGA,125.06,1.096,12.467,13.1895,13.8336,14.628,1.313,1.4054,1.45,1.5547,Normal,50.0
C00392,L1,ADC,123.53,1.783,11.9971,12.1175,14.2287,26.5888,1.2855,1.2231,1.5348,3.0693,Sudden_Anomaly,50.0
C00393,L1,ASIC,127.57,1.166,10.8042,12.6902,16.8141,55.7259,1.0847,1.3743,1.8218,7.826,Absolute_Failure,50.0
C00394,L1,ADC,124.16,1.799,12.2924,12.9552,14.1907,14.9557,1.2788,1.3509,1.4954,1.5647,Normal,50.0
C00395,L1,ASIC,126.2,1.197,10.56,11.1459,11.9059,12.5451,1.1155,1.1643,1.2366,1.2935,Normal,50.0
C00396,L1,ASIC,125.18,1.224,11.3948,11.2344,11.3949,11.4255,1.1508,1.1635,1.1967,1.1488,High_Stable,50.0
C00397,L1,FPGA,125.91,1.101,11.2008,12.525,18.2948,54.8266,1.1798,1.282,2.0182,7.6155,Absolute_Failure,50.0
C00398,L1,FPGA,125.98,1.067,12.345,12.4277,12.5359,12.5158,1.3136,1.3575,1.3151,1.2807,High_Stable,50.0
C00399,L1,ADC,125.42,1.799,11.6029,11.8825,12.2879,14.0311,1.2076,1.2579,1.2747,1.4642,Normal,50.0
C00400,L1,FPGA,126.18,1.092,11.5975,13.1189,14.7713,36.5757,1.2273,1.3552,1.5537,4.5178,Sudden_Anomaly,50.0
C00401,L1,ASIC,125.64,1.204,10.5117,11.0314,11.4149,11.7069,1.0961,1.1178,1.1618,1.1875,Normal,50.0
C00402,L1,FPGA,125.87,1.127,11.6399,12.1691,12.6579,14.1557,1.1931,1.2995,1.3296,1.497,Normal,50.0
C00403,L1,ASIC,124.55,1.226,11.4707,12.4599,18.3244,58.7487,1.2059,1.3442,1.9766,8.3141,Absolute_Failure,50.0
C00404,L1,ASIC,124.65,1.23,11.7458,12.1863,12.5681,14.0622,1.2209,1.273,1.3246,1.5164,Normal,50.0
C00405,L1,DAC,125.69,1.8,11.2676,12.8517,17.6244,58.8993,1.1607,1.3402,1.9059,8.3192,Absolute_Failure,50.0
C00406,L1,ASIC,124.49,1.188,11.3061,12.3167,12.6918,14.0902,1.1835,1.2755,1.3364,1.4855,Normal,50.0
C00407,L1,ADC,125.24,1.81,11.7706,12.8023,12.9164,14.3613,1.2352,1.3281,1.3614,1.4641,Normal,50.0
C00408,L1,ADC,124.83,1.813,11.6527,12.6051,14.0273,15.3565,1.2114,1.346,1.4568,1.642,Normal,50.0
C00409,L1,DAC,124.99,1.813,11.7281,12.5071,13.1669,13.869,1.1834,1.3486,1.3702,1.4971,Normal,50.0
C00410,L1,FPGA,124.8,1.118,11.7456,11.9422,12.0158,12.3998,1.2183,1.2491,1.276,1.3016,High_Stable,50.0
C00411,L1,ASIC,124.98,1.213,11.3657,12.5004,13.022,13.4226,1.1788,1.2796,1.3468,1.406,Normal,50.0
C00412,L1,ASIC,124.97,1.193,11.9366,13.3746,13.8712,14.8832,1.2659,1.4389,1.4574,1.5966,Normal,50.0
C00413,L1,FPGA,124.37,1.1,11.5295,11.7096,11.6985,11.8227,1.2299,1.2201,1.2158,1.2443,High_Stable,50.0
C00414,L1,ASIC,125.43,1.247,11.4067,11.6661,12.8404,14.4734,1.2033,1.1883,1.3588,1.5105,Normal,50.0
C00415,L1,FPGA,124.54,1.101,11.318,11.888,12.0235,12.8115,1.1805,1.2669,1.2439,1.3877,Normal,50.0
C00416,L1,ADC,124.61,1.784,12.4916,13.7007,15.4454,37.5882,1.3135,1.4655,1.7022,4.7499,Sudden_Anomaly,50.0
C00417,L1,ADC,124.37,1.786,11.2729,13.1811,16.5859,23.0152,1.1617,1.4166,1.8017,2.6462,Latent_Defect,50.0
C00418,L1,ASIC,124.8,1.173,10.7309,11.8588,12.3706,13.1548,1.1271,1.219,1.273,1.4178,Normal,50.0
C00419,L1,ADC,124.61,1.81,11.9123,13.509,17.6568,24.3295,1.2635,1.458,1.9058,2.8117,Latent_Defect,50.0
C00420,L1,DAC,125.38,1.796,11.8031,12.2084,13.7234,15.0251,1.2858,1.2678,1.4575,1.5915,Normal,50.0
C00421,L1,DAC,123.68,1.81,11.9349,12.8204,13.2065,14.6966,1.2849,1.3118,1.3807,1.5795,Normal,50.0
C00422,L1,FPGA,124.18,1.106,12.1743,12.9084,14.5943,28.8636,1.2512,1.3602,1.5223,3.404,Sudden_Anomaly,50.0
C00423,L1,ADC,124.45,1.796,11.9735,12.0577,11.9745,12.0145,1.2862,1.2582,1.2996,1.2545,High_Stable,50.0
C00424,L1,ASIC,125.51,1.16,11.3636,12.4736,13.0842,14.1221,1.1878,1.3044,1.4184,1.5097,Normal,50.0
C00425,L1,ASIC,125.72,1.216,11.9276,12.3551,13.1837,37.2295,1.2875,1.2957,1.3802,4.6822,Sudden_Anomaly,50.0
C00426,L1,ASIC,125.25,1.195,11.3947,12.0235,12.4661,14.1801,1.2106,1.251,1.3275,1.5099,Normal,50.0
C00427,L1,FPGA,125.84,1.102,12.0526,12.9166,13.1855,13.2958,1.26,1.3079,1.3781,1.3983,Normal,50.0
C00428,L1,DAC,124.57,1.795,12.197,13.6204,19.4312,52.0604,1.2504,1.4413,2.151,7.0647,Absolute_Failure,50.0
C00429,L1,ASIC,125.69,1.207,11.8607,12.9455,13.7394,14.2844,1.242,1.3477,1.4662,1.504,Normal,50.0
C00430,L1,FPGA,125.63,1.098,11.0247,11.558,12.3562,13.975,1.1714,1.2201,1.3012,1.5113,Normal,50.0
C00431,L1,FPGA,125.6,1.119,11.4485,12.032,12.7866,13.5414,1.1639,1.253,1.3376,1.3942,Normal,50.0
C00432,L1,ASIC,125.54,1.216,11.4124,12.133,13.1813,14.0978,1.1819,1.2673,1.3748,1.4999,Normal,50.0
C00433,L1,FPGA,125.11,1.093,11.5145,12.5239,13.658,14.9017,1.1747,1.306,1.4157,1.5757,Normal,50.0
C00434,L1,FPGA,126.49,1.083,11.517,11.9758,11.9295,12.8509,1.2043,1.2628,1.2436,1.3438,Normal,50.0
C00435,L1,FPGA,125.53,1.09,11.6594,12.1841,12.941,34.316,1.2128,1.2511,1.395,4.2242,Sudden_Anomaly,50.0
C00436,L1,FPGA,125.81,1.103,11.0721,11.7426,11.8586,12.362,1.1484,1.2275,1.2812,1.3112,Normal,50.0
C00437,L1,ADC,124.77,1.817,12.3311,12.3524,12.4141,12.7004,1.2868,1.2822,1.2863,1.344,High_Stable,50.0
C00438,L1,FPGA,124.94,1.08,11.4391,12.5398,13.4004,14.7803,1.1772,1.291,1.4019,1.5794,Normal,50.0
C00439,L1,ASIC,125.08,1.186,11.6776,12.6335,14.0481,14.8352,1.2131,1.3547,1.4472,1.6346,Normal,50.0
C00440,L1,FPGA,123.13,1.099,11.3798,12.9292,21.2645,55.5417,1.1435,1.4118,2.3658,7.7409,Absolute_Failure,50.0
C00441,L1,FPGA,125.74,1.127,11.0287,12.6226,16.8548,52.2358,1.1388,1.3376,1.7977,7.1609,Absolute_Failure,50.0
C00442,L1,FPGA,124.43,1.096,11.3887,11.9971,13.2171,13.9437,1.1857,1.2426,1.3868,1.5002,Normal,50.0
C00443,L1,ASIC,125.95,1.194,11.1452,12.3262,13.1031,13.9022,1.1961,1.3206,1.3675,1.4404,Normal,50.0
C00444,L1,ASIC,123.15,1.217,12.0083,13.1114,13.4295,14.5109,1.2731,1.4277,1.4453,1.5321,Normal,50.0
C00445,L1,FPGA,124.21,1.122,12.5607,12.7476,12.9296,13.0968,1.3103,1.3584,1.3585,1.3615,High_Stable,50.0
C00446,L1,ASIC,124.95,1.207,10.9812,11.4403,12.3172,13.6514,1.1308,1.1757,1.3383,1.4448,Normal,50.0
C00447,L1,ADC,123.68,1.808,11.7638,12.6448,13.5632,14.4117,1.2672,1.358,1.4349,1.5064,Normal,50.0
C00448,L1,FPGA,125.01,1.083,11.2806,11.8454,12.3334,13.1443,1.1751,1.2856,1.2847,1.3965,Normal,50.0
C00449,L1,FPGA,126.52,1.093,11.5093,12.7117,12.9968,14.4346,1.1896,1.3456,1.3583,1.5392,Normal,50.0
C00450,L1,ADC,125.0,1.801,11.7615,12.1426,13.7233,14.9105,1.2348,1.3008,1.4049,1.5304,Normal,50.0
C00451,L1,DAC,124.0,1.796,12.2739,13.6811,14.4589,26.9636,1.284,1.4938,1.5211,3.1617,Sudden_Anomaly,50.0
C00452,L1,FPGA,125.04,1.109,10.5965,12.0614,12.6283,13.1844,1.086,1.2625,1.3021,1.4328,Normal,50.0
C00453,L1,ASIC,125.38,1.2,11.9508,12.9612,14.1208,14.8524,1.2768,1.3631,1.53,1.5824,Normal,50.0
C00454,L1,ASIC,124.03,1.211,11.2143,11.5922,12.365,13.5985,1.1603,1.2128,1.2938,1.414,Normal,50.0
C00455,L1,FPGA,126.1,1.084,11.0511,12.7405,17.2476,53.5052,1.1209,1.3741,1.8582,7.3849,Absolute_Failure,50.0
C00456,L1,DAC,125.71,1.785,12.5262,12.8653,12.6734,12.6004,1.3096,1.3442,1.3241,1.2914,High_Stable,50.0
C00457,L1,FPGA,124.16,1.097,11.486,12.1872,12.5374,12.8117,1.217,1.2795,1.3216,1.3844,Normal,50.0
C00458,L1,ADC,124.22,1.792,11.7223,12.9733,14.2671,37.1166,1.2724,1.3861,1.5528,4.6474,Sudden_Anomaly,50.0
C00459,L1,FPGA,126.78,1.114,11.5039,11.8132,12.4262,12.5087,1.2418,1.2284,1.3154,1.35,Normal,50.0
C00460,L1,ADC,125.96,1.781,12.1693,13.8426,18.3885,24.0324,1.2886,1.4816,2.0667,2.7056,Latent_Defect,50.0
C00461,L1,DAC,124.65,1.793,11.5849,12.2991,13.0646,14.3507,1.2164,1.2825,1.3785,1.5455,Normal,50.0
C00462,L1,ADC,124.55,1.784,11.9207,13.0653,14.0393,14.9061,1.206,1.3383,1.4831,1.5894,Normal,50.0
C00463,L1,FPGA,124.81,1.094,11.5636,12.241,12.978,14.2642,1.2359,1.2678,1.3868,1.5189,Normal,50.0
C00464,L1,DAC,126.13,1.803,12.188,12.5834,13.3337,13.9475,1.2906,1.3016,1.4364,1.4483,Normal,50.0
C00465,L1,ASIC,125.92,1.168,11.2486,11.7117,12.7875,13.3434,1.2139,1.2354,1.3947,1.4326,Normal,50.0
C00466,L1,FPGA,127.39,1.091,11.5819,12.2778,13.6478,14.7403,1.231,1.2329,1.4434,1.5844,Normal,50.0
C00467,L1,ADC,125.57,1.795,12.2037,12.9166,13.7447,14.4102,1.3045,1.3572,1.4788,1.5568,Normal,50.0
C00468,L1,ASIC,124.45,1.19,11.3635,12.4031,13.0591,14.701,1.1501,1.3002,1.3728,1.579,Normal,50.0
C00469,L1,ADC,123.74,1.809,11.6905,12.1973,13.4454,14.5961,1.2447,1.3069,1.4266,1.5197,Normal,50.0
C00470,L1,ASIC,125.16,1.183,11.5326,11.6937,11.8733,11.9668,1.182,1.201,1.2273,1.2519,High_Stable,50.0
C00471,L1,FPGA,125.15,1.094,12.3967,13.0401,13.1779,14.7319,1.2779,1.3976,1.3856,1.5622,Normal,50.0
C00472,L1,ADC,125.25,1.815,11.6427,12.5967,13.2177,14.6335,1.2208,1.3271,1.3642,1.5592,Normal,50.0
C00473,L1,DAC,124.77,1.805,12.249,13.226,15.0641,32.4729,1.2751,1.3842,1.6512,3.9632,Sudden_Anomaly,50.0
C00474,L1,FPGA,125.21,1.109,11.4659,12.3868,13.2125,14.2818,1.2122,1.2768,1.3805,1.5067,Normal,50.0
C00475,L1,DAC,125.91,1.785,12.4301,13.3486,13.9066,14.4864,1.3179,1.4125,1.4627,1.5237,Normal,50.0
C00476,L1,ASIC,125.61,1.19,11.3022,11.6611,11.8631,11.7892,1.1666,1.2145,1.2177,1.2474,Normal,50.0
C00477,L1,ASIC,125.46,1.197,11.449,12.7502,13.4794,14.752,1.1645,1.3244,1.4354,1.6048,Normal,50.0
C00478,L1,ASIC,125.03,1.228,11.8077,12.1175,12.7295,13.297,1.2439,1.2913,1.3264,1.3804,Normal,50.0
C00479,L1,ADC,124.03,1.798,11.647,11.8714,12.4758,13.3401,1.2433,1.23,1.3236,1.4202,Normal,50.0
C00480,L1,ADC,125.29,1.828,12.0079,12.6982,13.7383,15.2249,1.2498,1.3168,1.4849,1.6081,Normal,50.0
C00481,L1,DAC,126.1,1.801,12.1987,13.3596,14.5329,14.8329,1.2731,1.4217,1.5282,1.5919,Normal,50.0
C00482,L1,FPGA,125.1,1.101,11.3078,12.0218,16.2614,61.4177,1.1583,1.2507,1.735,8.8931,Absolute_Failure,50.0
C00483,L1,FPGA,125.44,1.093,11.1001,11.1855,11.6315,12.9365,1.1738,1.1957,1.2479,1.3797,Normal,50.0
C00484,L1,ASIC,124.17,1.217,12.2658,13.3714,14.3052,14.3731,1.2735,1.3875,1.492,1.5474,Normal,50.0
C00485,L1,ADC,124.84,1.808,12.2328,13.0905,13.3628,13.5323,1.2833,1.3857,1.3865,1.4358,Normal,50.0
C00486,L1,ADC,123.73,1.81,11.614,11.9751,12.2437,12.668,1.245,1.2685,1.3002,1.347,Normal,50.0
C00487,L1,FPGA,124.6,1.097,11.135,13.1364,19.6389,52.7234,1.1843,1.382,2.1917,7.2376,Absolute_Failure,50.0
C00488,L1,FPGA,125.23,1.081,11.2498,13.4147,19.9797,52.378,1.1704,1.423,2.2561,7.1336,Absolute_Failure,50.0
C00489,L1,FPGA,127.54,1.096,11.3764,12.3407,14.7989,31.9107,1.1405,1.2612,1.5754,3.8273,Sudden_Anomaly,50.0
C00490,L1,DAC,124.09,1.803,12.1519,13.3327,14.2464,15.3955,1.2988,1.3908,1.5496,1.6883,Normal,50.0
C00491,L1,DAC,124.32,1.767,11.9756,12.5876,12.995,14.1538,1.2497,1.3498,1.3749,1.5361,Normal,50.0
C00492,L1,ASIC,125.01,1.165,11.6394,12.4646,19.9315,51.7016,1.2103,1.3347,2.1913,7.0531,Absolute_Failure,50.0
C00493,L1,FPGA,124.98,1.113,11.806,13.4431,16.1763,22.3466,1.2075,1.4262,1.6867,2.5081,Latent_Defect,50.0
C00494,L1,FPGA,125.2,1.102,11.3893,12.1979,15.2023,51.4637,1.1542,1.2316,1.602,7.0456,Absolute_Failure,50.0
C00495,L1,DAC,125.28,1.792,12.3082,12.8534,13.4997,13.6561,1.2445,1.3332,1.4095,1.4272,Normal,50.0
C00496,L1,ASIC,124.03,1.205,11.7159,12.6591,13.0146,13.2664,1.2323,1.3416,1.3838,1.388,Normal,50.0
C00497,L1,ASIC,124.63,1.206,11.9971,13.2222,13.9723,14.621,1.3328,1.4041,1.451,1.5551,Normal,50.0
C00498,L1,ADC,124.48,1.794,11.2746,11.905,13.0314,13.8763,1.1899,1.2477,1.3906,1.4911,Normal,50.0
C00499,L1,DAC,124.92,1.823,12.1334,12.6393,13.5621,14.5258,1.2542,1.3352,1.4672,1.5626,Normal,50.0
C00500,L1,FPGA,125.81,1.092,11.5289,13.9772,19.3222,50.6115,1.2183,1.4395,2.1622,6.8459,Absolute_Failure,50.0
C00501,L1,ADC,124.02,1.782,11.4062,12.6181,14.6195,31.3292,1.1606,1.3162,1.583,3.7678,Sudden_Anomaly,50.0
C00502,L1,ASIC,125.68,1.2,11.6783,12.5471,13.4794,13.97,1.248,1.3048,1.3873,1.4663,Normal,50.0
C00503,L1,ASIC,125.67,1.196,11.6753,11.8781,12.2553,13.339,1.176,1.2366,1.2768,1.4352,Normal,50.0
C00504,L1,FPGA,124.99,1.093,11.4989,12.7239,13.0996,14.5628,1.1649,1.3177,1.3931,1.5838,Normal,50.0
C00505,L1,ADC,125.9,1.798,10.9793,11.1349,11.0371,10.9906,1.1403,1.1628,1.1263,1.1633,High_Stable,50.0
C00506,L1,FPGA,124.6,1.092,11.4571,12.5014,13.1852,14.0349,1.1783,1.3133,1.3596,1.4858,Normal,50.0
C00507,L1,ASIC,124.68,1.189,11.5695,11.8768,12.2549,13.3311,1.2126,1.2215,1.2905,1.3969,Normal,50.0
C00508,L1,FPGA,125.89,1.112,11.3389,11.7597,12.6357,13.1214,1.1725,1.2301,1.3179,1.4282,Normal,50.0
C00509,L1,ASIC,124.55,1.186,11.7385,12.7156,13.8564,15.5824,1.2227,1.3024,1.4373,1.6788,Normal,50.0
C00510,L1,FPGA,123.65,1.095,11.4061,14.275,21.1301,50.5165,1.2253,1.4947,2.3915,6.8297,Absolute_Failure,50.0
C00511,L1,ASIC,125.45,1.191,10.6878,11.2695,12.2357,12.5779,1.0775,1.155,1.2868,1.2707,Normal,50.0
C00512,L1,ASIC,125.25,1.196,11.4814,12.2282,12.9457,14.4296,1.2316,1.2803,1.3778,1.5013,Normal,50.0
C00513,L1,ASIC,124.95,1.218,11.8985,11.9064,12.0694,12.1788,1.2503,1.2398,1.2585,1.2698,High_Stable,50.0
C00514,L1,DAC,126.82,1.797,11.906,12.9884,14.0376,15.7979,1.2146,1.3544,1.4688,1.7365,Normal,50.0
C00515,L1,DAC,125.55,1.815,11.5239,12.0917,13.269,14.3345,1.2128,1.2423,1.377,1.544,Normal,50.0
C00516,L1,DAC,122.9,1.81,12.352,12.563,12.4671,12.6611,1.3123,1.315,1.3375,1.3202,High_Stable,50.0
C00517,L1,ASIC,126.7,1.204,11.8628,13.414,17.1308,22.2759,1.1799,1.4135,1.8434,2.5361,Latent_Defect,50.0
C00518,L1,DAC,125.56,1.806,12.2055,13.4621,14.5836,37.7676,1.283,1.4242,1.5497,4.7547,Sudden_Anomaly,50.0
C00519,L1,DAC,124.27,1.785,11.5197,12.7446,13.5967,14.442,1.1957,1.3401,1.4255,1.5387,Normal,50.0
C00520,L1,DAC,124.77,1.808,12.2463,13.6607,14.1441,14.0857,1.268,1.4124,1.4692,1.5124,Normal,50.0
C00521,L1,ASIC,124.62,1.194,11.9633,12.3228,13.3027,13.5493,1.2722,1.3192,1.3923,1.4155,Normal,50.0
C00522,L1,DAC,125.56,1.779,11.0894,12.4748,14.2786,18.805,1.1351,1.3125,1.5342,2.1261,Latent_Defect,50.0
C00523,L1,ASIC,125.89,1.188,11.2893,11.9491,12.9037,13.7638,1.1335,1.2718,1.3408,1.4864,Normal,50.0
C00524,L1,FPGA,124.87,1.105,11.7897,12.9299,16.1524,21.711,1.2462,1.3631,1.7329,2.4716,Latent_Defect,50.0
C00525,L1,ADC,126.12,1.8,11.6697,12.1546,12.8522,13.2287,1.179,1.3242,1.3258,1.4324,Normal,50.0
C00526,L1,FPGA,125.15,1.109,12.0882,12.8303,14.0345,15.1274,1.3085,1.3353,1.5099,1.6324,Normal,50.0
C00527,L1,ASIC,125.17,1.2,11.5296,12.1688,12.5872,13.8285,1.1856,1.3409,1.2873,1.4521,Normal,50.0
C00528,L1,ADC,126.43,1.78,11.8867,13.5087,18.4181,53.8506,1.2224,1.4247,1.979,7.4458,Absolute_Failure,50.0
C00529,L1,FPGA,125.42,1.082,11.9203,12.7053,13.8319,14.0501,1.2648,1.3238,1.4438,1.508,Normal,50.0
C00530,L1,FPGA,126.03,1.103,11.7326,12.3055,13.132,14.1858,1.1901,1.2971,1.4265,1.4968,Normal,50.0
C00531,L1,FPGA,125.91,1.069,11.6455,12.9911,13.6623,15.3155,1.2202,1.3831,1.4394,1.6455,Normal,50.0
C00532,L1,ADC,125.81,1.823,11.6758,12.3919,13.4722,14.5352,1.2024,1.3107,1.3979,1.5657,Normal,50.0
C00533,L1,ASIC,126.3,1.211,11.5104,12.8997,13.963,15.2033,1.1812,1.3338,1.5131,1.5993,Normal,50.0
C00534,L1,FPGA,125.25,1.116,11.699,12.9775,13.6955,14.468,1.2234,1.3351,1.4352,1.5366,Normal,50.0
C00535,L1,ASIC,124.99,1.227,11.5192,11.7314,12.0407,11.603,1.1799,1.2218,1.2782,1.1971,High_Stable,50.0
C00536,L1,FPGA,125.88,1.093,11.1474,13.1837,18.1279,53.3561,1.1897,1.4245,2.0066,7.3291,Absolute_Failure,50.0
C00537,L1,ASIC,124.83,1.181,11.6062,12.5908,13.9294,14.5031,1.2368,1.3349,1.503,1.5139,Normal,50.0
C00538,L1,FPGA,125.27,1.096,11.7456,13.0237,14.1821,15.1966,1.2214,1.3294,1.5091,1.6235,Normal,50.0
C00539,L1,DAC,126.37,1.783,12.766,12.9694,13.8561,14.3856,1.3252,1.3585,1.4674,1.5443,Normal,50.0
C00540,L1,ADC,124.25,1.798,12.4024,13.294,13.6218,13.9937,1.3452,1.3776,1.459,1.4911,Normal,50.0
C00541,L1,FPGA,126.67,1.108,11.9552,12.5929,13.572,15.1432,1.2075,1.3356,1.4162,1.6541,Normal,50.0
C00542,L1,ASIC,124.1,1.201,12.1725,12.1844,12.3186,12.1391,1.2474,1.2972,1.3048,1.2398,High_Stable,50.0
C00543,L1,ADC,124.08,1.827,11.6313,12.1576,13.414,14.4005,1.2194,1.2752,1.4142,1.5265,Normal,50.0
C00544,L1,ADC,124.99,1.806,11.372,12.5807,15.716,23.1701,1.1554,1.3545,1.6953,2.6139,Latent_Defect,50.0
C00545,L1,ASIC,124.58,1.22,11.4599,12.5179,14.7678,37.3446,1.1926,1.3178,1.5783,4.6699,Sudden_Anomaly,50.0
C00546,L1,FPGA,124.36,1.095,11.6683,12.3927,12.8014,13.8055,1.2096,1.318,1.3574,1.4741,Normal,50.0
C00547,L1,ADC,124.5,1.797,12.0594,13.0676,13.4759,15.2854,1.2515,1.3825,1.4407,1.6172,Normal,50.0
C00548,L1,ASIC,124.79,1.192,11.7776,12.481,13.1002,13.73,1.2455,1.2976,1.382,1.4228,Normal,50.0
C00549,L1,FPGA,126.04,1.088,11.6955,12.1699,13.1459,13.8488,1.1741,1.2915,1.373,1.4827,Normal,50.0
C00550,L1,ADC,124.99,1.788,11.3542,13.0044,23.0989,54.4555,1.2194,1.3989,2.6205,7.515,Absolute_Failure,50.0
C00551,L1,FPGA,123.84,1.114,12.162,12.4459,12.4183,12.3203,1.214,1.2517,1.3481,1.344,High_Stable,50.0
C00552,L1,FPGA,124.64,1.096,11.3278,12.2635,13.1686,14.3569,1.1901,1.2736,1.3929,1.5634,Normal,50.0
C00553,L1,ASIC,125.74,1.173,11.4066,12.6887,13.1255,13.5405,1.196,1.3388,1.4239,1.4442,Normal,50.0
C00554,L1,ASIC,124.71,1.189,11.2656,11.2717,11.4164,11.4095,1.2007,1.1626,1.2046,1.1925,High_Stable,50.0
C00555,L1,ADC,124.89,1.775,11.7266,12.4033,13.4361,13.874,1.2474,1.2969,1.4464,1.4826,Normal,50.0
C00556,L1,FPGA,125.0,1.103,11.5034,12.734,13.8449,36.0663,1.204,1.3219,1.4643,4.4747,Sudden_Anomaly,50.0
C00557,L1,DAC,125.7,1.783,11.9528,12.9087,13.5358,14.58,1.2847,1.3778,1.3993,1.6054,Normal,50.0
C00558,L1,ASIC,124.59,1.185,11.2804,11.6637,12.9334,14.2085,1.1771,1.1833,1.3562,1.5292,Normal,50.0
C00559,L1,FPGA,124.67,1.082,11.6937,12.9188,13.8484,14.6716,1.2254,1.4119,1.4368,1.5667,Normal,50.0
C00560,L1,ADC,124.88,1.803,11.8091,12.4333,12.8019,25.4637,1.2848,1.3163,1.3645,2.9274,Sudden_Anomaly,50.0
C00561,L1,FPGA,126.09,1.13,11.8531,12.0516,12.1132,12.4682,1.2311,1.2244,1.2672,1.3009,Normal,50.0
C00562,L1,ASIC,124.7,1.195,11.7128,12.4709,13.4933,14.5594,1.1995,1.309,1.4165,1.5915,Normal,50.0
C00563,L1,FPGA,125.26,1.137,11.7508,13.2248,16.2554,23.1149,1.2349,1.447,1.7859,2.631,Latent_Defect,50.0
C00564,L1,ADC,124.1,1.796,12.2748,12.9618,14.326,15.6726,1.2928,1.3581,1.5487,1.7193,Normal,50.0
C00565,L1,ASIC,124.72,1.214,11.2315,12.2815,13.2251,13.9793,1.171,1.2882,1.3721,1.4665,Normal,50.0
C00566,L1,FPGA,125.66,1.07,10.8605,11.5478,13.0428,13.194,1.1336,1.179,1.3453,1.3899,Normal,50.0
C00567,L1,DAC,125.58,1.789,11.2004,11.8997,12.6916,13.1107,1.165,1.2573,1.3383,1.3759,Normal,50.0
C00568,L1,ASIC,125.66,1.192,11.8168,13.3548,15.0901,43.2573,1.2217,1.3989,1.6065,5.6088,Sudden_Anomaly,50.0
C00569,L1,FPGA,125.19,1.047,11.4886,12.8488,15.2872,30.4138,1.1827,1.3231,1.6346,3.6643,Sudden_Anomaly,50.0
C00570,L1,ADC,126.0,1.789,11.6641,11.6293,11.8892,12.4346,1.2023,1.1671,1.255,1.2967,High_Stable,50.0
C00571,L1,ASIC,125.44,1.193,11.3704,12.352,12.8705,13.1364,1.1446,1.3114,1.3723,1.3768,Normal,50.0
C00572,L1,FPGA,125.45,1.109,10.6264,11.6285,12.0501,12.7355,1.1375,1.2411,1.258,1.3347,Normal,50.0
C00573,L1,FPGA,125.82,1.095,11.6139,11.9424,13.3929,14.5987,1.1785,1.2346,1.4065,1.5722,Normal,50.0
C00574,L1,ASIC,124.76,1.198,11.6764,13.7939,16.1697,21.0839,1.188,1.4629,1.7754,2.3435,Latent_Defect,50.0
C00575,L1,FPGA,125.13,1.109,11.3438,12.33,12.8218,14.3275,1.166,1.3285,1.3847,1.5267,Normal,50.0
C00576,L1,FPGA,127.13,1.106,11.9127,12.989,13.9124,14.6404,1.2447,1.376,1.4729,1.556,Normal,50.0
C00577,L1,ADC,125.43,1.822,12.0021,12.3725,12.9424,13.1032,1.2906,1.307,1.3628,1.3274,Normal,50.0
C00578,L1,ASIC,125.0,1.23,11.7263,12.1251,12.7173,13.755,1.2251,1.2968,1.3204,1.4933,Normal,50.0
C00579,L1,ASIC,125.35,1.202,11.7825,11.732,11.6079,11.9416,1.2016,1.2322,1.214,1.2469,High_Stable,50.0
C00580,L1,ASIC,125.13,1.159,11.5192,12.5193,12.8969,14.7445,1.2258,1.3235,1.3624,1.6092,Normal,50.0
C00581,L1,ASIC,125.93,1.207,11.6973,12.7831,14.2111,14.6829,1.2141,1.3539,1.5238,1.5543,Normal,50.0
C00582,L1,DAC,125.44,1.808,11.8402,13.33,17.9979,21.7284,1.23,1.406,1.988,2.4135,Latent_Defect,50.0
C00583,L1,DAC,125.66,1.773,11.389,11.6408,11.9073,12.9695,1.1754,1.1767,1.2578,1.3169,Normal,50.0
C00584,L1,ADC,124.34,1.812,12.1591,13.5072,16.6055,29.3,1.2436,1.416,1.8465,3.4349,Sudden_Anomaly,50.0
C00585,L1,FPGA,126.05,1.094,12.0762,12.9729,13.8487,15.3103,1.2863,1.354,1.4562,1.6782,Normal,50.0
C00586,L1,FPGA,123.8,1.108,11.1347,11.5546,12.4836,13.3977,1.1316,1.2438,1.323,1.4612,Normal,50.0
C00587,L1,FPGA,124.86,1.126,11.4749,12.2947,13.4794,14.8783,1.228,1.2862,1.4043,1.6433,Normal,50.0
C00588,L1,FPGA,124.16,1.108,11.5717,12.3286,14.5609,39.6389,1.1745,1.3057,1.5794,5.0187,Sudden_Anomaly,50.0
C00589,L1,ADC,125.23,1.797,11.9811,12.4836,13.4296,13.7603,1.241,1.3033,1.4028,1.4809,Normal,50.0
C00590,L1,ASIC,124.21,1.195,12.0613,11.8633,11.8928,12.2168,1.302,1.2178,1.2868,1.2243,High_Stable,50.0
C00591,L1,ASIC,124.67,1.217,11.7393,12.5404,13.8061,32.5258,1.221,1.285,1.4589,3.9454,Sudden_Anomaly,50.0
C00592,L1,DAC,123.86,1.828,11.8565,12.2375,12.627,13.0292,1.2096,1.2544,1.3683,1.3751,Normal,50.0
C00593,L1,ADC,123.19,1.791,11.7955,12.7261,12.9839,13.4018,1.207,1.3111,1.3867,1.3489,Normal,50.0
C00594,L1,ASIC,126.14,1.2,10.8539,11.84,12.7646,13.5467,1.0967,1.2666,1.4112,1.4458,Normal,50.0
C00595,L1,ASIC,122.97,1.175,10.969,11.2832,12.2368,13.7514,1.1226,1.1594,1.2926,1.4623,Normal,50.0
C00596,L1,ASIC,125.35,1.217,12.2789,12.3711,12.8411,13.1533,1.3165,1.3168,1.3959,1.3521,High_Stable,50.0
C00597,L1,ASIC,124.21,1.192,11.8055,12.8287,16.66,25.2409,1.2435,1.332,1.7723,2.8994,Latent_Defect,50.0
C00598,L1,ADC,125.17,1.807,12.4846,15.3754,25.1116,54.8522,1.2941,1.6727,2.9127,7.6558,Absolute_Failure,50.0
C00599,L1,DAC,124.37,1.812,12.1461,13.0702,13.7484,14.4107,1.2548,1.3599,1.4505,1.5281,Normal,50.0
C00600,L1,ASIC,124.68,1.205,11.1896,11.8488,12.5466,13.0839,1.1495,1.2038,1.3113,1.4068,Normal,50.0
C00601,L1,FPGA,125.26,1.122,11.2781,12.4536,12.7502,14.026,1.1702,1.3208,1.3621,1.5018,Normal,50.0
C00602,L1,FPGA,126.05,1.087,10.6824,10.7657,10.9744,10.979,1.1164,1.1015,1.1381,1.1543,High_Stable,50.0
C00603,L1,ASIC,125.07,1.188,11.6151,12.5281,12.5979,13.3669,1.2244,1.3398,1.279,1.422,Normal,50.0
C00604,L1,ADC,125.28,1.794,11.8105,12.4096,13.4691,14.2018,1.2386,1.3049,1.4667,1.4949,Normal,50.0
C00605,L1,DAC,124.51,1.817,11.8788,13.8634,21.4629,56.6609,1.2465,1.4581,2.4664,7.957,Absolute_Failure,50.0
C00606,L1,ADC,125.75,1.795,11.211,11.9976,12.6065,14.0843,1.15,1.2482,1.3467,1.4831,Normal,50.0
C00607,L1,ADC,123.76,1.8,11.8846,11.8569,11.7626,12.0552,1.218,1.2311,1.2732,1.2498,High_Stable,50.0
C00608,L1,ASIC,124.25,1.217,11.3365,11.2884,11.7464,11.6736,1.212,1.1781,1.2137,1.2078,High_Stable,50.0
C00609,L1,ADC,124.97,1.786,11.4983,12.3703,12.9906,14.1738,1.2475,1.2423,1.3808,1.5074,Normal,50.0
C00610,L1,DAC,125.67,1.798,11.7347,12.1923,12.9024,14.3123,1.221,1.3096,1.4397,1.554,Normal,50.0
C00611,L1,ADC,125.3,1.81,11.3678,11.4755,11.5674,12.0949,1.148,1.2543,1.1675,1.2153,High_Stable,50.0
C00612,L1,ADC,123.89,1.799,12.3524,12.5588,12.5055,12.4058,1.2912,1.2875,1.2794,1.3149,High_Stable,50.0
C00613,L1,ASIC,126.13,1.202,11.4732,11.4352,11.3125,11.1513,1.204,1.1909,1.2033,1.1359,High_Stable,50.0
C00614,L1,DAC,125.01,1.786,11.9459,13.0476,13.8112,13.8231,1.2509,1.3556,1.4392,1.46,Normal,50.0
C00615,L1,FPGA,125.45,1.092,11.7474,12.1544,13.1162,14.2417,1.2683,1.2905,1.3926,1.4687,Normal,50.0
C00616,L1,ASIC,124.56,1.188,11.2145,12.2099,12.4873,13.6184,1.1381,1.2833,1.3057,1.4256,Normal,50.0
C00617,L1,ADC,124.68,1.788,12.0547,12.1488,12.1607,12.1107,1.2535,1.241,1.2833,1.2552,High_Stable,50.0
C00618,L1,ASIC,124.55,1.244,10.6999,10.9548,11.6739,13.149,1.1033,1.1302,1.2226,1.4094,Normal,50.0
C00619,L1,ASIC,124.46,1.197,11.472,12.0997,13.2199,14.3487,1.2017,1.2492,1.4053,1.5262,Normal,50.0
C00620,L1,FPGA,127.44,1.077,11.2607,12.4619,16.4148,52.8474,1.1876,1.2749,1.7298,7.2491,Absolute_Failure,50.0
C00621,L1,ADC,126.01,1.777,11.9316,13.3579,15.9895,50.1338,1.259,1.3911,1.7154,6.7678,Absolute_Failure,50.0
C00622,L1,ASIC,124.07,1.23,11.3977,11.7323,12.3342,13.4092,1.2041,1.2051,1.2711,1.4079,Normal,50.0
C00623,L1,FPGA,125.47,1.099,11.131,12.4301,14.9462,42.681,1.1359,1.2823,1.6101,5.5048,Sudden_Anomaly,50.0
C00624,L1,ASIC,126.0,1.22,11.2931,12.1697,12.4986,13.9798,1.2184,1.2388,1.3583,1.4798,Normal,50.0
C00625,L1,FPGA,124.7,1.075,11.1291,11.7334,12.1644,12.877,1.2207,1.2443,1.2674,1.3407,Normal,50.0
C00626,L1,ASIC,125.1,1.194,11.064,12.9492,16.1583,22.9777,1.1517,1.3222,1.7613,2.599,Latent_Defect,50.0
C00627,L1,ADC,125.66,1.784,11.5194,12.6837,13.1049,13.6608,1.1997,1.3613,1.3901,1.4206,Normal,50.0
C00628,L1,ADC,124.57,1.793,12.343,12.4069,12.6001,12.8959,1.2887,1.3255,1.322,1.3455,High_Stable,50.0
C00629,L1,DAC,124.01,1.803,12.1226,12.2493,12.3796,12.9263,1.2793,1.2646,1.283,1.3617,High_Stable,50.0
C00630,L1,ADC,124.35,1.815,11.1993,12.3203,13.628,14.7448,1.1539,1.3066,1.4262,1.5712,Normal,50.0
C00631,L1,ADC,122.7,1.802,12.4319,12.3564,12.6342,12.6592,1.3277,1.2468,1.3219,1.3189,High_Stable,50.0
C00632,L1,ASIC,125.54,1.21,11.8046,11.6956,11.9579,12.1569,1.2597,1.219,1.2518,1.2859,High_Stable,50.0
C00633,L1,DAC,124.54,1.807,11.8315,12.8566,13.5439,14.9277,1.2524,1.3745,1.4361,1.6203,Normal,50.0
C00634,L1,ASIC,125.89,1.215,11.3749,12.1319,14.1943,40.4838,1.1996,1.276,1.475,5.1648,Sudden_Anomaly,50.0
C00635,L1,DAC,125.27,1.801,11.9535,13.0622,14.0286,14.7016,1.292,1.3816,1.4902,1.5828,Normal,50.0
C00636,L1,FPGA,124.67,1.092,11.6903,11.9069,12.7904,13.416,1.2394,1.2163,1.3138,1.4424,Normal,50.0
C00637,L1,DAC,125.54,1.824,12.271,12.7042,13.9465,15.0602,1.3172,1.335,1.4838,1.6053,Normal,50.0
C00638,L1,FPGA,124.86,1.104,11.8533,13.5036,16.179,21.4581,1.2701,1.4149,1.757,2.4251,Latent_Defect,50.0
C00639,L1,DAC,126.2,1.797,12.0159,12.7893,13.6892,34.6121,1.2867,1.3603,1.4765,4.262,Sudden_Anomaly,50.0
C00640,L1,ASIC,124.53,1.206,11.7279,12.6967,13.1368,14.2455,1.2377,1.3417,1.395,1.5105,Normal,50.0
C00641,L1,ADC,124.53,1.775,11.3159,12.2202,14.3036,21.6267,1.1788,1.314,1.502,2.3775,Latent_Defect,50.0
C00642,L1,ADC,124.37,1.774,12.1741,12.7892,13.232,14.083,1.2718,1.3086,1.4678,1.4842,Normal,50.0
C00643,L1,FPGA,126.08,1.127,11.1482,12.0315,18.8685,54.9724,1.152,1.2968,2.0954,7.6561,Absolute_Failure,50.0
C00644,L1,DAC,126.46,1.788,12.7147,13.248,14.0478,15.0223,1.3067,1.3916,1.429,1.618,Normal,50.0
C00645,L1,ADC,125.7,1.818,11.9943,12.5291,12.8269,13.8446,1.2515,1.3106,1.357,1.4523,Normal,50.0
C00646,L1,ASIC,125.13,1.203,11.7567,11.9359,12.099,12.7542,1.2225,1.2624,1.267,1.3563,Normal,50.0
C00647,L1,FPGA,125.29,1.08,10.8539,12.095,12.9817,13.4976,1.1086,1.2285,1.3257,1.431,Normal,50.0
C00648,L1,FPGA,125.65,1.109,11.4478,12.2423,12.9021,14.18,1.269,1.2493,1.3557,1.4724,Normal,50.0
C00649,L1,DAC,124.82,1.813,11.9189,12.5765,15.061,51.2644,1.2396,1.2783,1.6258,6.9551,Absolute_Failure,50.0
C00650,L1,ADC,125.85,1.797,11.793,13.0391,14.0116,15.1961,1.1902,1.3861,1.469,1.6337,Normal,50.0
C00651,L1,ADC,123.29,1.801,11.9611,12.4483,12.6785,13.9516,1.2565,1.3235,1.3209,1.5018,Normal,50.0
C00652,L1,DAC,124.27,1.769,12.4648,13.5061,13.8608,14.2933,1.2941,1.4649,1.4443,1.5026,Normal,50.0
C00653,L1,ASIC,125.23,1.191,11.6113,12.2519,12.756,13.7804,1.2172,1.3109,1.351,1.4586,Normal,50.0
C00654,L1,ASIC,124.95,1.218,11.3275,12.1607,13.372,13.438,1.1376,1.2801,1.4007,1.467,Normal,50.0
C00655,L1,FPGA,126.89,1.086,11.8609,13.5543,16.0258,21.5877,1.2554,1.4281,1.7395,2.4295,Latent_Defect,50.0
C00656,L1,ASIC,124.96,1.212,10.8993,11.3319,13.5761,26.9647,1.0772,1.1697,1.4664,3.132,Sudden_Anomaly,50.0
C00657,L1,ASIC,125.83,1.212,10.46,10.84,11.6384,12.0828,1.0743,1.1401,1.2409,1.2625,Normal,50.0
C00658,L1,DAC,125.52,1.796,12.3528,12.9633,13.7237,14.448,1.2923,1.3492,1.4539,1.5136,Normal,50.0
C00659,L1,ADC,125.78,1.785,12.1216,13.1588,14.4462,15.7137,1.2232,1.3754,1.5567,1.6747,Normal,50.0
C00660,L1,FPGA,125.25,1.101,11.4631,12.6012,12.7936,14.0073,1.2148,1.3258,1.383,1.4483,Normal,50.0
C00661,L1,FPGA,125.92,1.113,11.6935,12.8596,14.0411,15.2282,1.2153,1.3478,1.5021,1.632,Normal,50.0
C00662,L1,DAC,126.1,1.792,11.4441,12.1048,12.8681,14.2578,1.1733,1.2267,1.3287,1.4995,Normal,50.0
C00663,L1,ASIC,125.07,1.219,11.5935,12.9369,13.4569,14.5812,1.2219,1.3603,1.4185,1.5258,Normal,50.0
C00664,L1,ASIC,125.8,1.2,10.9834,11.4398,13.3712,36.4294,1.1504,1.169,1.4305,4.5036,Sudden_Anomaly,50.0
C00665,L1,ADC,124.92,1.835,11.8723,12.2122,12.5644,12.8927,1.244,1.2407,1.3144,1.4026,High_Stable,50.0
C00666,L1,FPGA,124.85,1.074,11.4709,11.9635,12.4384,13.0577,1.2144,1.253,1.332,1.368,Normal,50.0
C00667,L1,ADC,124.35,1.786,12.3617,12.2237,12.3579,12.5889,1.3542,1.2538,1.2924,1.3046,High_Stable,50.0
C00668,L1,FPGA,124.73,1.112,12.7716,12.9027,12.9301,13.2995,1.3028,1.3254,1.3473,1.422,High_Stable,50.0
C00669,L1,FPGA,126.4,1.108,11.8395,12.2087,13.1353,14.3962,1.2431,1.3025,1.4067,1.5383,Normal,50.0
C00670,L1,DAC,125.19,1.791,12.9941,13.1498,13.4079,13.6856,1.3954,1.4194,1.4246,1.4471,High_Stable,50.0
C00671,L1,DAC,124.38,1.789,11.3462,11.6907,12.0373,13.2225,1.1819,1.2114,1.2578,1.3945,Normal,50.0
C00672,L1,FPGA,124.68,1.116,11.4528,12.3306,12.723,13.5159,1.2013,1.2635,1.326,1.4523,Normal,50.0
C00673,L1,ADC,124.74,1.8,12.717,13.17,14.472,15.2667,1.3228,1.3885,1.52,1.6082,Normal,50.0
C00674,L1,FPGA,124.86,1.064,11.207,11.7298,12.1862,13.1518,1.161,1.2335,1.2841,1.3758,Normal,50.0
C00675,L1,ADC,123.33,1.807,12.4346,12.9112,14.0672,14.8346,1.2735,1.319,1.5013,1.6199,Normal,50.0
C00676,L1,FPGA,125.95,1.115,11.2707,12.4894,13.5724,13.8839,1.1694,1.31,1.4659,1.4145,Normal,50.0
C00677,L1,ADC,124.74,1.779,11.5031,12.935,15.918,55.0699,1.2187,1.3439,1.6799,7.672,Absolute_Failure,50.0
C00678,L1,ADC,123.66,1.806,11.937,12.6568,13.5638,13.9261,1.2763,1.3235,1.4701,1.5227,Normal,50.0
C00679,L1,DAC,122.76,1.816,11.6336,13.2084,15.6343,29.5586,1.2057,1.3846,1.6948,3.5275,Sudden_Anomaly,50.0
C00680,L1,ADC,124.59,1.803,11.6378,12.9979,19.6828,57.1202,1.2338,1.3568,2.1691,8.0013,Absolute_Failure,50.0
C00681,L1,ASIC,124.87,1.19,11.7832,12.8188,14.0034,14.8074,1.2296,1.3405,1.508,1.6112,Normal,50.0
C00682,L1,FPGA,124.35,1.12,11.2555,11.8778,13.0724,14.2204,1.1563,1.2236,1.3888,1.5106,Normal,50.0
C00683,L1,FPGA,125.98,1.093,11.1451,11.5095,11.5624,11.6098,1.1124,1.1563,1.192,1.1949,High_Stable,50.0
C00684,L1,DAC,123.28,1.799,11.7904,12.5316,13.3553,31.3801,1.2008,1.3582,1.4125,3.7658,Sudden_Anomaly,50.0
C00685,L1,ADC,124.79,1.806,11.8442,11.8589,12.0949,12.0521,1.1983,1.2251,1.3149,1.3086,High_Stable,50.0
C00686,L1,ASIC,124.46,1.175,11.4737,11.6325,11.8938,11.9383,1.2068,1.2228,1.2448,1.268,High_Stable,50.0
C00687,L1,FPGA,124.45,1.096,11.3606,12.215,13.3011,13.6396,1.1859,1.298,1.435,1.4413,Normal,50.0
C00688,L1,ADC,123.43,1.795,12.365,13.0847,13.1407,13.4019,1.2778,1.3829,1.402,1.4467,Normal,50.0
C00689,L1,FPGA,125.3,1.115,10.9022,11.8062,12.7375,14.2104,1.1737,1.19,1.3077,1.4918,Normal,50.0
C00690,L1,ASIC,124.84,1.189,11.7219,12.7775,13.784,14.873,1.2466,1.3507,1.4874,1.6233,Normal,50.0
C00691,L1,ADC,124.39,1.816,12.6887,13.1322,13.9144,14.6429,1.3473,1.4144,1.4845,1.551,Normal,50.0
C00692,L1,ASIC,123.94,1.225,12.276,12.386,12.7587,12.8096,1.3149,1.334,1.332,1.3588,High_Stable,50.0
C00693,L1,FPGA,124.37,1.097,11.3272,12.0477,12.8887,13.7215,1.1627,1.2537,1.374,1.4723,Normal,50.0
C00694,L1,ADC,125.67,1.819,11.6208,12.4958,12.5173,13.6581,1.2195,1.2825,1.3406,1.4506,Normal,50.0
C00695,L1,ADC,125.1,1.784,12.0042,12.2887,13.0814,14.3423,1.2988,1.2351,1.383,1.5628,Normal,50.0
C00696,L1,ADC,124.67,1.794,11.8526,12.855,13.4018,15.1219,1.2566,1.3274,1.3845,1.5957,Normal,50.0
C00697,L1,ASIC,123.94,1.208,11.6564,12.1353,12.7011,12.8885,1.2018,1.2959,1.3177,1.3777,Normal,50.0
C00698,L1,ADC,124.35,1.797,11.3522,11.69,12.1424,12.588,1.1702,1.2518,1.2845,1.3187,Normal,50.0
C00699,L1,ASIC,125.46,1.212,11.9583,12.4157,13.2763,13.7379,1.2062,1.3152,1.4344,1.4705,Normal,50.0
C00700,L1,ADC,124.16,1.804,11.9173,12.629,13.3826,14.5274,1.2674,1.3517,1.4496,1.5596,Normal,50.0
C00701,L1,ADC,124.6,1.774,11.6365,11.8279,12.4363,13.643,1.1993,1.2324,1.3323,1.4683,Normal,50.0
C00702,L1,ASIC,126.31,1.214,11.0268,12.9267,16.8643,24.1708,1.223,1.3621,1.8111,2.7384,Latent_Defect,50.0
C00703,L1,ASIC,125.68,1.221,12.0821,12.3155,12.2457,12.3025,1.2227,1.2333,1.3041,1.2805,High_Stable,50.0
C00704,L1,ASIC,125.66,1.221,12.568,12.8528,12.6737,12.7982,1.3209,1.3334,1.3212,1.3928,High_Stable,50.0
C00705,L1,FPGA,124.75,1.093,11.7549,12.9271,13.7117,14.3028,1.2179,1.4114,1.4532,1.5404,Normal,50.0
C00706,L1,ADC,125.35,1.778,11.3483,12.6198,14.086,15.3618,1.206,1.3396,1.4998,1.6669,Normal,50.0
C00707,L1,DAC,124.59,1.786,12.3066,12.7017,13.2395,14.6786,1.2948,1.3226,1.4233,1.5754,Normal,50.0
C00708,L1,FPGA,125.43,1.108,11.2123,11.826,12.3115,12.6725,1.1549,1.2401,1.2878,1.3043,Normal,50.0
C00709,L1,ASIC,123.32,1.153,12.1325,13.1424,14.7362,29.2101,1.2647,1.3821,1.58,3.4741,Sudden_Anomaly,50.0
C00710,L1,ASIC,125.03,1.184,10.8633,12.6227,16.253,21.7758,1.112,1.3437,1.7826,2.4242,Latent_Defect,50.0
C00711,L1,FPGA,125.74,1.102,11.729,12.0512,12.2617,12.4659,1.2415,1.2984,1.2843,1.3127,High_Stable,50.0
C00712,L1,DAC,124.71,1.78,11.8846,13.7079,20.3377,57.7182,1.288,1.4444,2.2652,8.1674,Absolute_Failure,50.0
C00713,L1,FPGA,125.36,1.101,11.0973,11.9433,12.5001,13.5482,1.1398,1.2347,1.3007,1.4023,Normal,50.0
C00714,L1,ASIC,124.71,1.189,11.4679,12.6292,13.9388,41.0446,1.1682,1.3538,1.4697,5.253,Sudden_Anomaly,50.0
C00715,L1,ASIC,124.99,1.211,11.6987,11.733,11.7695,11.7729,1.2102,1.164,1.2231,1.2166,High_Stable,50.0
C00716,L1,DAC,125.44,1.789,11.9001,12.804,12.8473,14.0246,1.2489,1.3796,1.3786,1.5496,Normal,50.0
C00717,L1,FPGA,125.09,1.08,11.5477,12.3489,12.7974,13.5678,1.1866,1.3249,1.398,1.4085,Normal,50.0
C00718,L1,FPGA,123.0,1.11,11.2943,11.5321,11.9788,12.3686,1.2145,1.2127,1.2233,1.2856,Normal,50.0
C00719,L1,FPGA,125.87,1.086,11.4483,12.5712,12.8623,13.1944,1.1959,1.3761,1.3545,1.4201,Normal,50.0
C00720,L1,ASIC,124.79,1.2,11.3234,11.8995,12.6681,13.542,1.1801,1.2396,1.2817,1.4239,Normal,50.0
C00721,L1,ASIC,126.4,1.209,11.019,12.6187,19.5063,56.3455,1.1193,1.3705,2.1733,7.9012,Absolute_Failure,50.0
C00722,L1,DAC,125.13,1.802,12.2419,12.8745,13.6223,14.5723,1.2952,1.4052,1.394,1.6111,Normal,50.0
C00723,L1,ADC,125.08,1.779,11.7797,12.7875,13.7616,14.5094,1.2584,1.3296,1.4987,1.5479,Normal,50.0
C00724,L1,FPGA,125.38,1.101,11.4654,11.9622,12.6213,12.7852,1.1779,1.2994,1.3092,1.2865,Normal,50.0
C00725,L1,ASIC,126.2,1.225,11.8705,12.9452,13.871,14.2904,1.2163,1.3388,1.5176,1.5678,Normal,50.0
C00726,L1,ASIC,125.23,1.185,12.0096,13.1288,16.962,21.3001,1.2505,1.402,1.8437,2.3707,Latent_Defect,50.0
C00727,L1,ASIC,125.54,1.203,11.2537,11.6611,12.2832,12.7517,1.156,1.2555,1.2835,1.3423,Normal,50.0
C00728,L1,FPGA,126.21,1.118,11.6279,12.0172,12.0081,12.5314,1.2498,1.2341,1.2707,1.3357,High_Stable,50.0
C00729,L1,FPGA,124.71,1.121,11.0951,12.2767,14.3165,42.2008,1.139,1.2832,1.5239,5.4392,Sudden_Anomaly,50.0
C00730,L1,ASIC,125.22,1.179,11.4468,11.8607,12.4746,12.8294,1.203,1.2124,1.308,1.4262,Normal,50.0
C00731,L1,ASIC,124.31,1.206,11.0513,12.1582,12.9233,14.7567,1.1552,1.1962,1.4218,1.5807,Normal,50.0
C00732,L1,ASIC,125.87,1.207,11.279,12.1089,12.704,14.1926,1.1619,1.2574,1.3267,1.5078,Normal,50.0
C00733,L1,FPGA,124.87,1.103,11.9244,14.5377,21.8445,55.3179,1.2671,1.5657,2.4539,7.7229,Absolute_Failure,50.0
C00734,L1,ASIC,125.7,1.2,11.1174,13.8638,20.4406,56.0476,1.1473,1.4527,2.2774,7.8474,Absolute_Failure,50.0
C00735,L1,ADC,124.61,1.807,11.1956,12.0758,13.0653,14.066,1.1568,1.3172,1.388,1.4854,Normal,50.0
C00736,L1,ASIC,125.34,1.225,11.1633,11.729,12.2844,13.0785,1.1475,1.2342,1.2476,1.3826,Normal,50.0
C00737,L1,DAC,124.76,1.833,11.9555,12.1339,12.4085,13.2031,1.2565,1.2719,1.2943,1.421,Normal,50.0
C00738,L1,DAC,125.36,1.812,11.7367,12.684,13.6775,14.1449,1.2334,1.3263,1.4422,1.5015,Normal,50.0
C00739,L1,ADC,124.35,1.788,10.6951,13.2314,18.1697,56.4202,1.0975,1.3995,1.9797,7.8958,Absolute_Failure,50.0
C00740,L1,FPGA,124.38,1.101,11.0054,11.3854,11.8405,12.7514,1.1349,1.1592,1.1987,1.3854,Normal,50.0
C00741,L1,ASIC,124.26,1.189,11.8012,12.9316,13.494,14.6267,1.2442,1.3244,1.4066,1.5633,Normal,50.0
C00742,L1,DAC,124.86,1.795,11.7796,12.4578,13.0151,14.3934,1.2227,1.2961,1.318,1.5502,Normal,50.0
C00743,L1,ASIC,125.05,1.188,11.795,13.7933,20.7219,59.7104,1.2192,1.4692,2.3177,8.5537,Absolute_Failure,50.0
C00744,L1,FPGA,125.66,1.112,10.9812,12.1725,15.8932,19.9287,1.1256,1.2719,1.748,2.2533,Latent_Defect,50.0
C00745,L1,ADC,125.06,1.82,11.6607,11.9133,13.1854,14.3131,1.2523,1.2046,1.4392,1.4843,Normal,50.0
C00746,L1,DAC,124.6,1.82,11.9007,12.7092,13.6629,14.9421,1.1778,1.3055,1.4589,1.5889,Normal,50.0
C00747,L1,ASIC,124.12,1.214,11.911,11.8033,11.6481,11.6916,1.3044,1.1877,1.184,1.2255,High_Stable,50.0
C00748,L1,ASIC,125.16,1.211,11.2341,11.6357,12.516,13.6824,1.1628,1.1726,1.2898,1.4796,Normal,50.0
C00749,L1,ADC,125.02,1.787,11.2898,11.9248,12.3257,13.6931,1.1692,1.2394,1.3401,1.4271,Normal,50.0
C00750,L1,FPGA,124.38,1.11,11.3339,11.9848,14.4723,31.6286,1.1426,1.2476,1.5137,3.8031,Sudden_Anomaly,50.0
C00751,L1,ADC,123.85,1.79,11.2834,13.574,21.3896,50.8416,1.1524,1.4495,2.4239,6.9091,Absolute_Failure,50.0
C00752,L1,FPGA,124.55,1.118,11.8646,12.6629,12.8763,14.4256,1.2421,1.3428,1.3436,1.5137,Normal,50.0
C00753,L1,DAC,124.28,1.816,12.0359,12.5146,13.2901,13.8608,1.2614,1.2721,1.4127,1.4565,Normal,50.0
C00754,L1,DAC,124.18,1.815,11.6784,12.2007,14.5752,36.5991,1.2252,1.2904,1.5326,4.5659,Sudden_Anomaly,50.0
C00755,L1,FPGA,125.86,1.072,11.3749,11.9366,12.6392,13.278,1.204,1.2598,1.2712,1.3779,Normal,50.0
C00756,L1,ASIC,124.0,1.213,11.1314,12.2365,13.9927,41.3783,1.187,1.2762,1.4703,5.336,Sudden_Anomaly,50.0
C00757,L1,ADC,124.06,1.782,11.748,13.3498,14.1071,39.0566,1.1753,1.3833,1.4764,4.9191,Sudden_Anomaly,50.0
C00758,L1,DAC,124.89,1.797,11.8918,14.039,22.5111,55.557,1.2231,1.5025,2.5096,7.7195,Absolute_Failure,50.0
C00759,L1,ASIC,125.8,1.208,11.5572,12.1444,13.2704,13.6231,1.2446,1.2712,1.4035,1.4548,Normal,50.0
C00760,L1,ADC,124.14,1.806,12.4081,13.0798,14.4928,14.7154,1.3067,1.377,1.5463,1.5491,Normal,50.0
C00761,L1,ADC,125.13,1.819,11.7775,12.1023,12.3114,12.3467,1.2326,1.2764,1.2768,1.3282,High_Stable,50.0
C00762,L1,ADC,124.09,1.828,11.3967,12.6067,14.0366,15.2005,1.2005,1.333,1.5046,1.6473,Normal,50.0
C00763,L1,FPGA,125.89,1.122,11.4502,13.257,16.0015,21.6223,1.1774,1.4319,1.7463,2.4221,Latent_Defect,50.0
C00764,L1,DAC,124.82,1.809,12.6603,12.7591,13.2765,13.3628,1.336,1.3565,1.392,1.4125,High_Stable,50.0
C00765,L1,ASIC,124.27,1.207,12.0008,12.3826,13.429,15.5073,1.2852,1.3249,1.4331,1.6444,Normal,50.0
C00766,L1,ASIC,124.12,1.182,11.7075,11.7644,11.7592,11.6804,1.2093,1.2013,1.2422,1.2353,High_Stable,50.0
C00767,L1,FPGA,125.06,1.128,11.6932,11.9389,12.6645,13.1689,1.2179,1.2153,1.3625,1.4164,Normal,50.0
C00768,L1,FPGA,125.06,1.097,11.4347,11.6874,11.9429,12.1431,1.1449,1.2375,1.2523,1.2822,High_Stable,50.0
C00769,L1,DAC,124.44,1.757,12.6277,12.5421,12.703,12.7309,1.3115,1.2984,1.3425,1.3402,High_Stable,50.0
C00770,L1,DAC,125.24,1.799,11.5261,12.8583,18.5524,52.5626,1.2281,1.3461,2.032,7.2241,Absolute_Failure,50.0
C00771,L1,FPGA,126.43,1.098,11.5705,13.3206,15.9326,21.2517,1.2079,1.3601,1.7021,2.3661,Latent_Defect,50.0
C00772,L1,FPGA,126.8,1.109,11.798,12.2677,12.7501,13.3375,1.2377,1.2796,1.3264,1.4499,Normal,50.0
C00773,L1,ASIC,125.55,1.208,11.1294,12.2608,12.8527,14.8395,1.1582,1.2975,1.3396,1.5696,Normal,50.0
C00774,L1,DAC,123.57,1.804,11.8057,12.6124,12.9653,13.5491,1.1991,1.3633,1.3513,1.4281,Normal,50.0
C00775,L1,ASIC,124.93,1.22,11.6752,13.0169,18.1672,57.7477,1.2255,1.3336,1.9493,8.1587,Absolute_Failure,50.0
C00776,L1,ASIC,124.99,1.202,11.0849,11.9865,12.6811,13.8936,1.1756,1.2337,1.3197,1.4496,Normal,50.0
C00777,L1,ADC,123.68,1.798,11.4706,12.1329,12.4011,12.5969,1.1665,1.2836,1.2978,1.325,Normal,50.0
C00778,L1,ASIC,126.07,1.175,11.4857,13.0284,15.6621,23.2429,1.182,1.3309,1.6763,2.6282,Latent_Defect,50.0
C00779,L1,DAC,125.72,1.819,11.9062,12.9201,13.9437,14.694,1.2447,1.3662,1.4421,1.5853,Normal,50.0
C00780,L1,FPGA,127.34,1.094,12.5639,13.4444,13.8305,14.3762,1.308,1.4171,1.4313,1.5647,Normal,50.0
C00781,L1,ADC,123.83,1.819,11.8831,12.6965,13.3344,14.4333,1.2391,1.2949,1.4138,1.5037,Normal,50.0
C00782,L1,FPGA,125.43,1.116,12.0516,14.6018,19.7963,53.3452,1.2441,1.5352,2.2,7.3272,Absolute_Failure,50.0
C00783,L1,ADC,125.59,1.802,11.8682,13.0737,13.589,14.3043,1.266,1.3714,1.4449,1.5148,Normal,50.0
C00784,L1,DAC,124.8,1.825,12.3009,13.1964,13.5686,14.9959,1.2486,1.4218,1.4902,1.6365,Normal,50.0
C00785,L1,DAC,125.28,1.787,12.7136,13.4493,14.057,15.4323,1.3245,1.4241,1.5211,1.6365,Normal,50.0
C00786,L1,DAC,125.18,1.835,11.9786,12.399,12.7379,12.7788,1.2509,1.2492,1.3312,1.3507,Normal,50.0
C00787,L1,ASIC,124.67,1.199,11.3947,12.5506,15.1243,36.2875,1.1829,1.3113,1.6092,4.4765,Sudden_Anomaly,50.0
C00788,L1,DAC,124.55,1.791,11.6168,12.8334,14.0522,15.4055,1.2247,1.398,1.4905,1.655,Normal,50.0
C00789,L1,DAC,126.34,1.8,12.2192,15.2083,24.2759,54.5857,1.2687,1.7014,2.7816,7.5544,Absolute_Failure,50.0
C00790,L1,DAC,126.14,1.795,12.4146,12.4821,12.5752,12.8551,1.33,1.3118,1.3007,1.3498,High_Stable,50.0
C00791,L1,FPGA,123.87,1.073,12.0022,12.3558,13.1488,13.3295,1.2278,1.2884,1.3838,1.3803,Normal,50.0
C00792,L1,FPGA,124.97,1.094,11.4693,11.7592,12.9244,14.0619,1.1601,1.2323,1.3425,1.4578,Normal,50.0
C00793,L1,ADC,124.29,1.817,12.4139,12.6488,12.7307,12.4393,1.3013,1.3016,1.3449,1.305,High_Stable,50.0
C00794,L1,FPGA,126.15,1.107,11.4317,12.1012,12.7104,13.7784,1.2027,1.2837,1.2846,1.5006,Normal,50.0
C00795,L1,FPGA,126.3,1.069,11.3305,12.0007,12.3759,12.8993,1.1915,1.28,1.302,1.3266,Normal,50.0
C00796,L1,FPGA,127.39,1.125,11.6965,12.0607,13.0547,14.2481,1.2344,1.2334,1.4063,1.5146,Normal,50.0
C00797,L1,FPGA,126.2,1.077,11.3315,11.7587,12.9753,14.6644,1.2361,1.2629,1.372,1.5429,Normal,50.0
C00798,L1,ASIC,124.71,1.19,10.9464,11.3884,11.8958,26.2457,1.141,1.1875,1.2295,3.0327,Sudden_Anomaly,50.0
C00799,L1,ADC,125.91,1.788,12.1285,12.7589,13.7559,14.9675,1.2838,1.3127,1.4584,1.6357,Normal,50.0
C00800,L1,FPGA,125.59,1.119,12.1632,12.233,12.5297,12.7743,1.2839,1.2873,1.326,1.3573,High_Stable,50.0
C00801,L1,DAC,125.17,1.826,12.0199,13.0508,18.1879,51.3203,1.2721,1.3708,1.9423,6.9972,Absolute_Failure,50.0
C00802,L1,ASIC,124.21,1.212,11.7557,12.67,16.5215,55.7509,1.1809,1.3639,1.7818,7.7646,Absolute_Failure,50.0
C00803,L1,ADC,125.42,1.781,11.571,12.4942,13.4627,14.2,1.2041,1.334,1.3824,1.5102,Normal,50.0
C00804,L1,ASIC,124.16,1.204,10.9563,11.2577,11.8287,12.9371,1.1744,1.1863,1.2431,1.3374,Normal,50.0
C00805,L1,DAC,124.08,1.82,12.2514,12.354,12.5044,12.2644,1.2839,1.2968,1.358,1.2406,High_Stable,50.0
C00806,L1,ADC,125.83,1.796,11.5059,11.8538,12.8267,13.0262,1.187,1.2272,1.3489,1.36,Normal,50.0
C00807,L1,ADC,124.87,1.816,11.5761,12.2744,13.0478,13.7752,1.1967,1.3114,1.403,1.4373,Normal,50.0
C00808,L1,ADC,124.41,1.812,11.8073,12.254,12.5041,13.4174,1.264,1.2736,1.3367,1.403,Normal,50.0
C00809,L1,ADC,125.33,1.787,11.9009,12.6415,13.9891,15.2139,1.2572,1.3294,1.4861,1.6264,Normal,50.0
C00810,L1,DAC,125.37,1.796,12.341,12.596,13.3561,13.8436,1.2995,1.3088,1.3885,1.5013,Normal,50.0
C00811,L1,FPGA,125.12,1.105,12.5579,12.627,13.0003,13.1143,1.3389,1.3571,1.3699,1.3865,High_Stable,50.0
C00812,L1,FPGA,124.73,1.114,11.653,12.7701,13.8745,15.5376,1.185,1.3482,1.4622,1.6727,Normal,50.0
C00813,L1,ADC,125.1,1.818,11.5089,12.3445,13.4337,14.7292,1.235,1.295,1.4368,1.5868,Normal,50.0
C00814,L1,ADC,125.09,1.829,12.1209,13.1529,14.2948,15.1792,1.2752,1.3833,1.5117,1.6587,Normal,50.0
C00815,L1,FPGA,124.18,1.112,10.8343,11.6678,11.65,12.598,1.1164,1.1855,1.223,1.3122,Normal,50.0
C00816,L1,DAC,125.22,1.806,11.8699,12.3871,13.3898,13.955,1.2082,1.2916,1.3882,1.5001,Normal,50.0
C00817,L1,DAC,124.36,1.808,11.9568,11.9646,12.0794,12.0656,1.2545,1.238,1.2534,1.2777,High_Stable,50.0
C00818,L1,ASIC,125.32,1.227,10.7863,11.1052,11.2086,11.3044,1.1069,1.1438,1.1676,1.2071,Normal,50.0
C00819,L1,FPGA,124.0,1.109,11.468,12.4169,13.6377,14.4096,1.1689,1.3014,1.4161,1.492,Normal,50.0
C00820,L1,ASIC,126.16,1.199,11.1422,11.3006,11.1892,11.335,1.1878,1.17,1.1414,1.1752,High_Stable,50.0
C00821,L1,DAC,124.12,1.809,12.0499,12.98,13.4215,14.4468,1.278,1.3346,1.3871,1.5206,Normal,50.0
C00822,L1,DAC,125.28,1.781,11.6878,11.9123,12.744,13.6146,1.2186,1.2228,1.3315,1.4219,Normal,50.0
C00823,L1,ADC,126.95,1.808,11.6024,12.5681,13.5971,14.4159,1.2293,1.3277,1.4352,1.5119,Normal,50.0
C00824,L1,ASIC,125.67,1.192,11.0314,11.5952,12.0463,12.5945,1.1186,1.2074,1.3138,1.3066,Normal,50.0
C00825,L1,ADC,125.01,1.791,11.6163,12.1845,12.9166,13.4924,1.226,1.2748,1.3448,1.4153,Normal,50.0
C00826,L1,ASIC,124.79,1.202,11.5813,12.8316,13.9387,14.7258,1.203,1.3687,1.4397,1.6125,Normal,50.0
C00827,L1,DAC,125.73,1.796,11.8086,12.3259,13.468,14.6392,1.2762,1.2948,1.4515,1.5729,Normal,50.0
C00828,L1,ASIC,125.14,1.208,11.5544,12.3656,13.0322,14.3222,1.1764,1.2887,1.3599,1.5063,Normal,50.0
C00829,L1,ADC,125.22,1.83,12.3044,12.4323,12.5212,12.6011,1.3114,1.332,1.3166,1.2943,High_Stable,50.0
C00830,L1,ASIC,123.85,1.201,11.2773,11.5342,11.8969,13.3811,1.2126,1.1954,1.2572,1.4364,Normal,50.0
C00831,L1,ADC,125.72,1.818,12.5795,12.9717,13.0965,13.3596,1.3573,1.3397,1.3773,1.3584,High_Stable,50.0
C00832,L1,ADC,125.59,1.797,11.7161,12.4145,13.0545,14.14,1.2273,1.3096,1.3428,1.4775,Normal,50.0
C00833,L1,ASIC,125.08,1.189,11.3618,12.3982,13.1655,14.3828,1.1973,1.2813,1.4376,1.4896,Normal,50.0
C00834,L1,ASIC,125.07,1.208,11.7083,12.3715,13.5895,14.5543,1.2111,1.2754,1.4332,1.5032,Normal,50.0
C00835,L1,ADC,124.59,1.784,11.6804,12.6091,13.7678,34.0662,1.2175,1.2966,1.4524,4.1792,Sudden_Anomaly,50.0
C00836,L1,FPGA,125.12,1.11,11.1989,13.9283,22.8016,55.2156,1.1514,1.4531,2.5779,7.6783,Absolute_Failure,50.0
C00837,L1,DAC,127.18,1.805,11.8768,12.7807,12.8374,13.8183,1.235,1.3786,1.342,1.4759,Normal,50.0
C00838,L1,ADC,125.84,1.776,11.7122,12.1681,12.9802,13.4155,1.2079,1.2777,1.349,1.4102,Normal,50.0
C00839,L1,FPGA,125.0,1.115,11.5016,12.4715,13.1848,14.8589,1.1815,1.2779,1.3739,1.5827,Normal,50.0
C00840,L1,ASIC,124.78,1.187,11.8587,12.1007,12.2902,12.432,1.2858,1.3157,1.2875,1.3042,High_Stable,50.0
C00841,L1,ADC,124.57,1.778,11.1487,12.2172,13.2595,13.5977,1.1194,1.3121,1.4353,1.417,Normal,50.0
C00842,L1,ASIC,124.28,1.198,11.2574,11.7452,11.9541,12.7009,1.1556,1.2614,1.2215,1.3537,Normal,50.0
C00843,L1,ASIC,125.2,1.189,11.3942,12.615,13.0591,13.5441,1.2154,1.3206,1.4273,1.4702,Normal,50.0
C00844,L1,FPGA,125.88,1.091,12.2815,12.3397,12.1422,12.0776,1.3243,1.2922,1.2754,1.2505,High_Stable,50.0
C00845,L1,ASIC,124.37,1.207,11.5421,11.7611,13.0075,14.5385,1.2366,1.2111,1.3713,1.5299,Normal,50.0
C00846,L1,ASIC,124.53,1.22,11.0647,11.866,13.0964,14.1397,1.1554,1.2236,1.3676,1.4749,Normal,50.0
C00847,L1,ADC,124.71,1.812,11.8779,13.144,13.8324,14.2822,1.2577,1.3682,1.4844,1.5027,Normal,50.0
C00848,L1,ASIC,124.57,1.2,11.311,12.2361,12.8283,13.6968,1.1809,1.3013,1.3585,1.4804,Normal,50.0
C00849,L1,FPGA,126.13,1.102,11.6911,12.0801,13.1064,13.4003,1.1937,1.2112,1.3438,1.4663,Normal,50.0
C00850,L1,ASIC,126.52,1.206,10.9176,11.709,12.0651,12.4073,1.1112,1.254,1.3034,1.3067,Normal,50.0
C00851,L1,ASIC,126.24,1.185,11.581,13.7677,16.7956,21.9251,1.2008,1.4446,1.8213,2.4537,Latent_Defect,50.0
C00852,L1,ASIC,125.33,1.194,11.3385,11.8557,13.2792,14.4851,1.1953,1.2569,1.3849,1.5211,Normal,50.0
C00853,L1,ADC,124.6,1.81,12.1407,12.1951,12.1804,11.7414,1.246,1.3039,1.2613,1.2141,High_Stable,50.0
C00854,L1,ADC,123.5,1.818,11.383,11.4141,11.5763,11.9428,1.2069,1.1497,1.2084,1.242,High_Stable,50.0
C00855,L1,ADC,124.63,1.79,12.1694,12.4167,13.0246,13.9686,1.288,1.2829,1.3456,1.5114,Normal,50.0
C00856,L1,FPGA,125.18,1.11,11.3686,11.8262,12.8389,14.3471,1.1938,1.1952,1.349,1.4982,Normal,50.0
C00857,L1,ASIC,123.15,1.177,11.4645,12.8962,16.6598,58.5186,1.2329,1.3536,1.8062,8.2641,Absolute_Failure,50.0
C00858,L1,ASIC,125.14,1.194,12.1895,12.5445,12.5847,12.6106,1.2718,1.3313,1.3421,1.3284,High_Stable,50.0
C00859,L1,ADC,124.35,1.813,12.0113,13.0254,13.3744,13.5778,1.2684,1.3419,1.403,1.4384,Normal,50.0
C00860,L1,ASIC,125.07,1.201,11.6013,12.0126,12.5277,13.5708,1.1996,1.2225,1.337,1.4262,Normal,50.0
C00861,L1,DAC,125.85,1.804,11.9177,12.2969,12.3296,12.3835,1.2251,1.2696,1.3302,1.293,High_Stable,50.0
C00862,L1,ASIC,125.62,1.175,11.0116,11.7085,12.2891,13.3427,1.1524,1.2003,1.3053,1.4048,Normal,50.0
C00863,L1,ASIC,124.36,1.196,11.3586,12.2873,13.3789,26.2161,1.1675,1.323,1.388,3.033,Sudden_Anomaly,50.0
C00864,L1,DAC,125.23,1.834,12.1343,12.3316,12.6257,13.4587,1.2909,1.2529,1.3419,1.4367,Normal,50.0
C00865,L1,ASIC,125.84,1.205,11.6136,12.1534,12.6616,12.7868,1.2057,1.2734,1.3448,1.3862,Normal,50.0
C00866,L1,FPGA,124.57,1.073,11.1835,14.3958,24.5059,50.2033,1.1411,1.5014,2.8216,6.7959,Absolute_Failure,50.0
C00867,L1,ASIC,124.76,1.212,11.4548,12.0279,13.3018,13.9278,1.1953,1.2858,1.3958,1.4422,Normal,50.0
C00868,L1,FPGA,125.4,1.107,12.1624,12.4684,13.0061,14.2516,1.2462,1.3654,1.3556,1.5594,Normal,50.0
C00869,L1,ADC,126.06,1.789,12.0794,12.9256,13.8564,14.7565,1.2786,1.3561,1.4751,1.5782,Normal,50.0
C00870,L1,DAC,124.89,1.802,12.5293,12.8751,14.2588,15.2944,1.3187,1.3648,1.5095,1.615,Normal,50.0
C00871,L1,DAC,124.66,1.789,11.9595,12.8051,13.3629,14.2835,1.2799,1.3474,1.4111,1.5028,Normal,50.0
C00872,L1,DAC,123.77,1.789,11.604,12.4011,13.4191,14.627,1.2413,1.3513,1.3783,1.5393,Normal,50.0
C00873,L1,ADC,124.44,1.813,12.3291,14.14,21.2984,50.3062,1.3115,1.4946,2.4189,6.7879,Absolute_Failure,50.0
C00874,L1,DAC,125.91,1.781,12.0597,13.1509,13.3004,14.8353,1.2244,1.4267,1.37,1.5768,Normal,50.0
C00875,L1,ASIC,124.42,1.2,12.0815,12.2436,12.1623,12.2466,1.2764,1.2919,1.2475,1.3021,High_Stable,50.0
C00876,L1,DAC,126.14,1.808,11.8297,12.5513,13.1298,14.1941,1.2429,1.321,1.392,1.4941,Normal,50.0
C00877,L1,ADC,126.83,1.818,11.657,12.6838,14.3617,26.8023,1.2272,1.3314,1.5467,3.1231,Sudden_Anomaly,50.0
C00878,L1,ASIC,125.3,1.212,11.5951,11.6252,11.5682,11.4257,1.2307,1.1988,1.28,1.1714,High_Stable,50.0
C00879,L1,ADC,125.4,1.785,12.048,12.6513,15.156,41.8315,1.2588,1.3343,1.5767,5.3781,Sudden_Anomaly,50.0
C00880,L1,ASIC,123.96,1.195,12.0455,12.7796,13.7562,14.8047,1.252,1.3184,1.46,1.6084,Normal,50.0
C00881,L1,ASIC,126.27,1.226,11.4618,11.5835,11.8287,11.6464,1.1625,1.2078,1.2656,1.2143,High_Stable,50.0
C00882,L1,DAC,123.38,1.814,11.5491,12.2544,12.577,13.5682,1.1977,1.3399,1.2788,1.4403,Normal,50.0
C00883,L1,FPGA,124.48,1.101,11.5416,12.6823,13.2199,13.918,1.2338,1.2856,1.4156,1.5038,Normal,50.0
C00884,L1,FPGA,127.4,1.103,11.7158,11.9816,12.9735,14.6409,1.2021,1.2493,1.3801,1.5533,Normal,50.0
C00885,L1,ADC,124.83,1.784,11.8466,12.1184,12.6617,13.4468,1.2484,1.2632,1.3247,1.3892,Normal,50.0
C00886,L1,FPGA,125.6,1.099,11.872,12.8211,14.1693,40.9288,1.2423,1.4103,1.4945,5.2283,Sudden_Anomaly,50.0
C00887,L1,DAC,126.09,1.813,12.4936,13.3595,14.0117,14.5371,1.2972,1.4344,1.4984,1.5066,Normal,50.0
C00888,L1,FPGA,125.47,1.105,12.5228,12.7394,12.8509,13.0382,1.3215,1.3405,1.4071,1.3559,High_Stable,50.0
C00889,L1,DAC,125.0,1.778,11.771,12.9409,13.419,15.1229,1.235,1.3625,1.4364,1.6052,Normal,50.0
C00890,L1,ASIC,124.86,1.178,11.4988,11.5181,11.5324,11.4592,1.1833,1.1954,1.2166,1.2017,High_Stable,50.0
C00891,L1,ADC,125.84,1.814,12.7093,12.9134,13.1355,13.2034,1.286,1.3734,1.3766,1.4132,High_Stable,50.0
C00892,L1,ASIC,124.72,1.215,11.4686,11.3933,11.53,11.5318,1.183,1.1733,1.2033,1.1706,High_Stable,50.0
C00893,L1,ADC,125.17,1.768,12.3041,14.2577,16.7681,23.5043,1.288,1.5598,1.8313,2.662,Latent_Defect,50.0
C00894,L1,DAC,125.88,1.799,11.8201,13.1371,15.0844,34.1789,1.2431,1.3452,1.6314,4.1887,Sudden_Anomaly,50.0
C00895,L1,DAC,125.39,1.794,11.9003,12.7576,13.7232,14.7485,1.2446,1.3646,1.4051,1.5692,Normal,50.0
C00896,L1,ADC,124.96,1.806,11.7405,12.6854,14.2858,38.4167,1.2128,1.2861,1.4846,4.8186,Sudden_Anomaly,50.0
C00897,L1,FPGA,124.86,1.105,11.2004,11.9474,12.1632,12.9041,1.1497,1.2776,1.2544,1.3387,Normal,50.0
C00898,L1,ADC,124.83,1.788,11.6733,13.4233,18.493,53.1038,1.2317,1.4437,2.0281,7.2962,Absolute_Failure,50.0
C00899,L1,DAC,125.86,1.823,11.9825,12.5627,14.9789,29.8322,1.2407,1.3082,1.6326,3.5308,Sudden_Anomaly,50.0
C00900,L1,ADC,124.96,1.814,11.7785,13.7153,22.817,56.321,1.2185,1.5017,2.6007,7.9143,Absolute_Failure,50.0
C00901,L1,ASIC,124.45,1.19,11.3173,11.9785,12.6126,13.5166,1.1863,1.2872,1.3209,1.417,Normal,50.0
C00902,L1,ADC,124.01,1.8,11.1007,12.1534,12.8368,14.4711,1.1555,1.2982,1.3613,1.5327,Normal,50.0
C00903,L1,ASIC,126.3,1.184,11.777,11.7445,11.8075,12.0482,1.2256,1.2561,1.2517,1.2184,High_Stable,50.0
C00904,L1,ADC,124.66,1.801,12.1919,13.2911,14.1958,14.6835,1.2351,1.4012,1.5559,1.5246,Normal,50.0
C00905,L1,ADC,124.76,1.804,11.2784,12.0283,13.3514,14.5622,1.1818,1.285,1.4364,1.5198,Normal,50.0
C00906,L1,DAC,125.34,1.829,11.8389,13.6878,22.9332,57.7012,1.2309,1.4497,2.5737,8.1917,Absolute_Failure,50.0
C00907,L1,ASIC,125.86,1.2,10.8964,11.7659,12.6782,13.6602,1.1567,1.272,1.3175,1.4638,Normal,50.0
C00908,L1,FPGA,125.2,1.128,11.9816,12.729,13.356,14.1365,1.2507,1.3734,1.4428,1.5329,Normal,50.0
C00909,L1,FPGA,125.73,1.093,11.8734,12.0437,12.3354,12.7239,1.2543,1.2725,1.3225,1.3638,High_Stable,50.0
C00910,L1,ADC,125.59,1.803,12.4888,12.5393,12.8812,13.0445,1.2914,1.3104,1.3386,1.3677,High_Stable,50.0
C00911,L1,FPGA,124.7,1.104,11.167,13.3495,18.9822,55.6267,1.2276,1.4883,2.0476,7.7051,Absolute_Failure,50.0
C00912,L1,ASIC,125.4,1.199,11.3146,12.4543,13.1473,14.38,1.1916,1.3023,1.4152,1.5085,Normal,50.0
C00913,L1,ASIC,125.24,1.206,11.8811,13.211,18.3213,23.8062,1.266,1.3706,2.0073,2.6947,Latent_Defect,50.0
C00914,L1,ADC,126.26,1.798,11.834,12.1512,12.2977,12.0881,1.2035,1.2472,1.3126,1.2854,High_Stable,50.0
C00915,L1,ASIC,124.56,1.211,11.1189,11.948,16.4235,23.1965,1.1676,1.2159,1.7914,2.6598,Latent_Defect,50.0
C00916,L1,FPGA,125.78,1.098,11.5607,12.7722,12.9919,13.4475,1.2095,1.3261,1.3821,1.4236,Normal,50.0
C00917,L1,ADC,125.87,1.803,12.3,13.1522,14.3497,15.4314,1.2984,1.3017,1.5497,1.6798,Normal,50.0
C00918,L1,ADC,125.59,1.809,12.2469,12.95,13.864,14.5033,1.3146,1.3825,1.4285,1.5127,Normal,50.0
C00919,L1,FPGA,125.27,1.093,12.0313,13.8295,15.8887,24.252,1.2353,1.4517,1.6878,2.8135,Latent_Defect,50.0
C00920,L1,ASIC,124.56,1.187,12.0965,12.1867,12.282,12.2754,1.2786,1.2956,1.3122,1.3034,High_Stable,50.0
C00921,L1,ADC,126.04,1.813,12.3244,13.3687,13.8945,14.1008,1.2598,1.4103,1.4661,1.4628,Normal,50.0
C00922,L1,DAC,124.72,1.802,12.3884,12.8706,13.6554,15.0441,1.2781,1.3436,1.442,1.6304,Normal,50.0
C00923,L1,FPGA,126.76,1.11,11.4648,11.8151,12.7705,13.5717,1.2035,1.2247,1.3536,1.3878,Normal,50.0
C00924,L1,FPGA,126.32,1.098,11.4065,12.9312,13.1154,13.634,1.1618,1.3363,1.3723,1.4598,Normal,50.0
C00925,L1,FPGA,124.99,1.085,11.6855,12.3479,12.8864,13.92,1.2751,1.2995,1.3569,1.4838,Normal,50.0
C00926,L1,ASIC,125.61,1.207,11.7366,12.1857,13.0597,13.7584,1.2224,1.2646,1.3772,1.4676,Normal,50.0
C00927,L1,DAC,125.34,1.799,11.7517,12.1897,12.7546,13.4879,1.1895,1.2509,1.3554,1.383,Normal,50.0
C00928,L1,ASIC,125.43,1.197,11.2352,11.7554,12.124,13.1765,1.1507,1.1776,1.2786,1.3926,Normal,50.0
C00929,L1,ASIC,124.17,1.2,11.4135,12.4887,13.6314,15.0009,1.2209,1.2887,1.4442,1.6349,Normal,50.0
C00930,L1,ADC,124.5,1.774,12.4734,13.1687,14.3031,40.7344,1.2741,1.3371,1.4825,5.2227,Sudden_Anomaly,50.0
C00931,L1,FPGA,125.73,1.114,11.445,13.0323,14.489,36.9082,1.1811,1.374,1.556,4.5529,Sudden_Anomaly,50.0
C00932,L1,FPGA,126.35,1.092,11.7168,11.7372,11.9853,12.2164,1.2146,1.2122,1.2901,1.2947,High_Stable,50.0
C00933,L1,ADC,124.33,1.801,11.5715,12.3301,15.0736,20.0212,1.2013,1.3042,1.6046,2.2059,Latent_Defect,50.0
C00934,L1,FPGA,125.77,1.092,11.4688,12.3782,13.2519,14.0652,1.1795,1.2822,1.4187,1.5041,Normal,50.0
C00935,L1,ADC,124.67,1.802,11.8295,13.071,12.9077,13.5642,1.1877,1.3724,1.4085,1.4304,Normal,50.0
C00936,L1,ADC,125.47,1.8,12.1161,13.4099,17.2088,54.3309,1.2423,1.4536,1.8836,7.4987,Absolute_Failure,50.0
C00937,L1,DAC,124.58,1.801,11.9238,13.7082,19.8691,57.7475,1.2668,1.437,2.1853,8.1481,Absolute_Failure,50.0
C00938,L1,ADC,125.8,1.815,12.0493,13.1587,15.0856,27.4166,1.2439,1.3814,1.5975,3.1691,Sudden_Anomaly,50.0
C00939,L1,ADC,125.08,1.78,11.7015,12.5446,13.3713,14.8109,1.213,1.3145,1.4196,1.6225,Normal,50.0
C00940,L1,DAC,125.8,1.762,11.2546,11.9186,12.6974,12.9972,1.1496,1.2656,1.3246,1.3494,Normal,50.0
C00941,L1,FPGA,124.58,1.095,11.9293,12.1542,12.3817,12.4055,1.2578,1.2792,1.2542,1.3465,High_Stable,50.0
C00942,L1,DAC,124.46,1.783,11.4538,11.9286,13.7634,37.9867,1.185,1.2538,1.4864,4.7492,Sudden_Anomaly,50.0
C00943,L1,FPGA,124.13,1.109,11.877,13.0776,14.3657,15.5981,1.2481,1.3434,1.51,1.72,Normal,50.0
C00944,L1,ASIC,124.39,1.182,11.2599,12.2151,13.0477,13.4083,1.1812,1.31,1.3792,1.3977,Normal,50.0
C00945,L1,ASIC,123.67,1.198,11.1277,11.1299,11.496,11.713,1.1968,1.1567,1.1926,1.1913,High_Stable,50.0
C00946,L1,ADC,124.64,1.796,11.7236,12.7117,13.2111,13.988,1.2113,1.3574,1.4165,1.4676,Normal,50.0
C00947,L1,ADC,124.84,1.798,11.5314,13.138,14.8675,32.956,1.2091,1.4141,1.5942,4.0361,Sudden_Anomaly,50.0
C00948,L1,ADC,124.41,1.798,12.1896,12.2782,12.3153,12.5435,1.2972,1.2745,1.2646,1.3463,High_Stable,50.0
C00949,L1,FPGA,126.11,1.111,12.0763,12.0784,12.0637,12.3148,1.2623,1.2367,1.2244,1.344,High_Stable,50.0
C00950,L1,ASIC,124.34,1.207,11.6063,12.3181,13.0493,13.4255,1.2175,1.2398,1.3737,1.4483,Normal,50.0
C00951,L1,ADC,123.69,1.798,11.5373,13.3037,17.5261,22.6789,1.1784,1.4099,1.9474,2.5645,Latent_Defect,50.0
C00952,L1,DAC,125.41,1.797,12.1542,13.0519,15.1231,36.1071,1.2937,1.3795,1.5945,4.5013,Sudden_Anomaly,50.0
C00953,L1,ASIC,124.54,1.196,11.7554,11.9885,12.958,13.3858,1.1741,1.2186,1.3468,1.3927,Normal,50.0
C00954,L1,FPGA,125.95,1.098,11.2681,12.4195,13.4313,14.8304,1.1307,1.2807,1.4477,1.533,Normal,50.0
C00955,L1,ASIC,125.4,1.189,12.0648,12.9268,13.6952,13.8335,1.2606,1.407,1.4487,1.4411,Normal,50.0
C00956,L1,FPGA,125.4,1.089,10.9544,11.2437,12.3919,13.1909,1.1853,1.1833,1.3357,1.3871,Normal,50.0
C00957,L1,FPGA,126.27,1.114,11.4482,12.0166,12.6812,13.1488,1.2132,1.2339,1.3538,1.4011,Normal,50.0
C00958,L1,ASIC,126.25,1.178,11.5253,12.2988,13.0626,13.7926,1.2616,1.2663,1.3459,1.4692,Normal,50.0
C00959,L1,ASIC,124.21,1.215,11.257,11.5573,12.109,12.2599,1.1526,1.2309,1.2869,1.2616,Normal,50.0
C00960,L1,ADC,124.67,1.832,11.7409,12.2236,13.2909,13.9043,1.2404,1.3031,1.4436,1.5088,Normal,50.0
C00961,L1,DAC,126.07,1.79,12.2474,13.7679,14.52,28.4762,1.2781,1.4716,1.5128,3.3738,Sudden_Anomaly,50.0
C00962,L1,ADC,124.92,1.829,11.921,12.4635,12.9868,14.491,1.2385,1.2682,1.3502,1.5135,Normal,50.0
C00963,L1,FPGA,125.01,1.099,11.7397,12.8531,13.6285,15.0054,1.1939,1.3796,1.4878,1.6137,Normal,50.0
C00964,L1,ASIC,124.87,1.194,11.6187,12.9682,17.5924,23.8452,1.2071,1.4114,1.9677,2.7411,Latent_Defect,50.0
C00965,L1,ADC,123.71,1.803,12.3208,12.9514,13.4962,14.4368,1.2904,1.3836,1.4113,1.5444,Normal,50.0
C00966,L1,ADC,125.07,1.792,12.1308,13.7551,17.527,23.3773,1.2427,1.4531,1.8953,2.6506,Latent_Defect,50.0
C00967,L1,ADC,125.37,1.802,11.5776,13.2603,14.867,34.5731,1.2179,1.4147,1.5967,4.2165,Sudden_Anomaly,50.0
C00968,L1,FPGA,125.83,1.121,11.6732,12.7499,13.4174,13.8156,1.2371,1.3474,1.4315,1.4448,Normal,50.0
C00969,L1,ADC,124.18,1.797,12.4026,12.7984,13.3521,14.5688,1.2776,1.3953,1.4124,1.5104,Normal,50.0
C00970,L1,ADC,125.76,1.802,11.4537,11.695,12.8256,13.1713,1.1818,1.1949,1.3234,1.4172,Normal,50.0
C00971,L1,FPGA,125.68,1.104,11.3763,12.0864,13.2256,14.7534,1.2313,1.3096,1.3765,1.6076,Normal,50.0
C00972,L1,DAC,125.94,1.812,12.2056,14.5969,22.8884,54.9429,1.2706,1.561,2.5795,7.6346,Absolute_Failure,50.0
C00973,L1,FPGA,126.38,1.1,10.6936,11.6151,12.3462,13.6072,1.101,1.2009,1.3054,1.4757,Normal,50.0
C00974,L1,ADC,125.98,1.806,12.6511,13.9205,14.7311,15.9692,1.2759,1.4856,1.546,1.7313,Normal,50.0
C00975,L1,FPGA,126.74,1.108,11.2118,11.8944,14.5631,40.9874,1.1428,1.2117,1.5421,5.2407,Sudden_Anomaly,50.0
C00976,L1,FPGA,125.54,1.117,11.3956,12.5924,12.912,13.2279,1.1986,1.3233,1.3469,1.3827,Normal,50.0
C00977,L1,ASIC,124.68,1.217,11.7411,12.9765,17.1777,54.9305,1.25,1.4228,1.8489,7.6722,Absolute_Failure,50.0
C00978,L1,ADC,124.61,1.807,11.7552,12.0935,11.9838,12.6012,1.2095,1.239,1.2639,1.2879,Normal,50.0
C00979,L1,ADC,125.19,1.794,11.3634,11.7887,12.7588,13.0014,1.2068,1.2483,1.3289,1.3806,Normal,50.0
C00980,L1,DAC,126.01,1.792,11.5378,12.4599,14.5157,19.3317,1.2023,1.2759,1.5747,2.1319,Latent_Defect,50.0
C00981,L1,ADC,123.86,1.824,11.7168,11.7813,11.9174,12.1393,1.1829,1.2876,1.2393,1.2728,High_Stable,50.0
C00982,L1,FPGA,125.09,1.095,11.5131,11.9776,12.8883,13.9444,1.2249,1.2607,1.3533,1.4756,Normal,50.0
C00983,L1,DAC,125.12,1.799,12.2499,13.2577,13.7176,15.1041,1.2474,1.3755,1.462,1.6019,Normal,50.0
C00984,L1,DAC,124.71,1.811,11.9626,12.5239,13.7669,13.8968,1.2771,1.3,1.4654,1.4512,Normal,50.0
C00985,L1,DAC,127.14,1.802,11.9538,12.425,12.5763,12.9125,1.2732,1.2751,1.3491,1.3578,Normal,50.0
C00986,L1,ASIC,124.63,1.226,11.1554,14.2785,23.4529,59.5481,1.1664,1.4868,2.7013,8.5364,Absolute_Failure,50.0
C00987,L1,FPGA,125.58,1.118,12.0938,12.563,13.6453,14.5384,1.3067,1.2993,1.4412,1.5315,Normal,50.0
C00988,L1,ADC,124.62,1.814,10.8658,12.1513,13.513,33.7783,1.1035,1.2446,1.416,4.1068,Sudden_Anomaly,50.0
C00989,L1,DAC,124.31,1.795,12.2419,12.7735,13.7091,14.5219,1.2812,1.3873,1.4314,1.5451,Normal,50.0
C00990,L1,FPGA,124.13,1.088,11.3467,12.1875,13.0772,13.7975,1.1883,1.2571,1.3877,1.425,Normal,50.0
C00991,L1,ASIC,125.29,1.201,11.2928,11.75,12.7758,13.9099,1.1729,1.2416,1.3638,1.4622,Normal,50.0
C00992,L1,ASIC,125.0,1.182,11.1573,12.5689,20.4653,60.1364,1.1244,1.3007,2.2535,8.6337,Absolute_Failure,50.0
C00993,L1,ADC,123.06,1.823,12.1044,12.6989,13.1321,14.6728,1.2617,1.3518,1.3839,1.5513,Normal,50.0
C00994,L1,ADC,124.49,1.803,11.4966,11.9415,12.4709,14.6185,1.2343,1.2519,1.3306,1.5255,Normal,50.0
C00995,L1,FPGA,125.32,1.106,11.3337,11.6363,12.1987,13.041,1.1843,1.2028,1.2946,1.4006,Normal,50.0
C00996,L1,DAC,124.27,1.801,11.9963,13.3276,14.3728,14.9807,1.2441,1.4518,1.5265,1.5688,Normal,50.0
C00997,L1,DAC,125.22,1.823,12.1438,12.1185,12.4093,12.3975,1.2943,1.2785,1.3173,1.2893,High_Stable,50.0
C00998,L1,ASIC,125.07,1.214,11.1673,11.6573,12.2412,13.2166,1.168,1.23,1.3319,1.4143,Normal,50.0
C00999,L1,ASIC,124.35,1.176,11.6649,12.8961,13.3256,13.9693,1.2351,1.3624,1.4175,1.5082,Normal,50.0
C01000,L1,ADC,123.62,1.798,11.9711,12.6728,13.7411,14.6442,1.2408,1.3487,1.4831,1.5903,Normal,50.0
C01001,L1,ASIC,126.11,1.222,11.2291,11.6056,12.4002,13.595,1.2003,1.1981,1.3001,1.4368,Normal,50.0
C01002,L1,ADC,125.39,1.805,11.9192,13.2118,14.4098,14.7159,1.2518,1.4034,1.5621,1.5451,Normal,50.0
C01003,L1,FPGA,125.32,1.092,11.1711,11.4222,12.0079,12.9214,1.16,1.2103,1.2536,1.3466,Normal,50.0
C01004,L1,FPGA,123.39,1.083,11.8833,12.1427,13.5155,14.956,1.276,1.2656,1.3974,1.5987,Normal,50.0
C01005,L1,ASIC,126.25,1.203,11.4594,12.4709,17.7869,21.0059,1.2346,1.2614,1.9282,2.3729,Latent_Defect,50.0
C01006,L1,ADC,123.75,1.806,11.6779,12.8228,13.0275,13.8855,1.205,1.3941,1.3324,1.4824,Normal,50.0
C01007,L1,ASIC,123.86,1.188,11.0594,11.523,11.8308,12.6838,1.1397,1.2047,1.2437,1.3769,Normal,50.0
C01008,L1,ADC,123.88,1.817,11.847,12.6403,13.3895,14.2747,1.2738,1.3104,1.4211,1.5253,Normal,50.0
C01009,L1,ASIC,125.09,1.201,11.6623,13.6949,20.1445,60.3184,1.2128,1.4508,2.2488,8.6762,Absolute_Failure,50.0
C01010,L1,ASIC,124.06,1.199,10.9694,11.375,13.5418,29.0605,1.1222,1.1694,1.425,3.4288,Sudden_Anomaly,50.0
C01011,L1,ASIC,124.72,1.218,10.7952,13.5693,18.7266,59.9122,1.1112,1.381,2.0889,8.5588,Absolute_Failure,50.0
C01012,L1,FPGA,125.68,1.108,11.6793,12.7294,13.5513,14.2512,1.2007,1.3321,1.4376,1.5146,Normal,50.0
C01013,L1,DAC,125.15,1.779,11.8362,12.9709,13.7802,15.3615,1.2628,1.3367,1.4615,1.6787,Normal,50.0
C01014,L1,FPGA,125.74,1.079,11.3147,11.832,11.882,11.7711,1.1779,1.2136,1.2634,1.2069,High_Stable,50.0
C01015,L1,ADC,123.88,1.839,11.7323,12.0675,13.3125,14.4791,1.1714,1.2338,1.4297,1.5369,Normal,50.0
C01016,L1,ADC,125.74,1.788,11.5551,12.3486,13.2511,14.1647,1.2004,1.2833,1.4393,1.5209,Normal,50.0
C01017,L1,ASIC,124.48,1.215,11.3418,12.1701,12.9477,13.3877,1.2147,1.2749,1.3814,1.4403,Normal,50.0
C01018,L1,FPGA,126.03,1.109,11.3641,12.5644,18.6039,50.1054,1.1474,1.3354,2.0246,6.7401,Absolute_Failure,50.0
C01019,L1,DAC,124.54,1.791,12.2413,12.6627,13.8864,13.9244,1.2749,1.3606,1.5228,1.4531,Normal,50.0
C01020,L1,DAC,125.4,1.791,12.0684,12.8437,13.4718,15.3371,1.2711,1.3447,1.443,1.6409,Normal,50.0
C01021,L1,FPGA,125.14,1.113,11.1792,11.7661,12.6288,14.1609,1.1372,1.1964,1.3335,1.5479,Normal,50.0
C01022,L1,ASIC,124.97,1.219,11.9848,12.2752,12.5055,12.8267,1.2052,1.2565,1.2962,1.3459,High_Stable,50.0
C01023,L1,DAC,124.9,1.827,12.0757,14.6439,24.6953,58.1895,1.3006,1.6117,2.8532,8.2324,Absolute_Failure,50.0
C01024,L1,DAC,126.18,1.77,11.7949,12.7973,13.6118,15.1219,1.2373,1.3563,1.4332,1.6369,Normal,50.0
C01025,L1,ADC,125.6,1.806,12.1047,12.3586,12.886,13.8594,1.2799,1.2787,1.3868,1.4356,Normal,50.0
C01026,L1,FPGA,125.19,1.087,11.2914,12.5792,13.3793,34.8227,1.2114,1.3253,1.4199,4.2737,Sudden_Anomaly,50.0
C01027,L1,DAC,125.41,1.82,11.9242,12.8383,13.2513,14.2513,1.2027,1.3729,1.4108,1.5135,Normal,50.0
C01028,L1,ASIC,124.91,1.218,10.8648,11.5442,12.014,13.4657,1.1406,1.2101,1.257,1.392,Normal,50.0
C01029,L1,ASIC,123.92,1.198,10.8642,11.7583,12.3254,12.9905,1.1223,1.248,1.2814,1.359,Normal,50.0
C01030,L1,ASIC,124.98,1.228,12.1153,12.2809,12.2956,12.2921,1.2541,1.2637,1.3168,1.2693,High_Stable,50.0
C01031,L1,ADC,123.64,1.8,11.3328,11.7393,12.161,13.2271,1.1991,1.2114,1.2945,1.4274,Normal,50.0
C01032,L1,ASIC,124.44,1.192,11.2153,11.9706,13.552,14.0911,1.1625,1.2291,1.4172,1.531,Normal,50.0
C01033,L1,FPGA,126.12,1.08,11.192,11.7047,12.5982,13.3687,1.2002,1.1918,1.3614,1.4601,Normal,50.0
C01034,L1,ADC,123.47,1.779,12.4299,13.8781,17.0386,24.9303,1.3021,1.525,1.8666,2.8863,Latent_Defect,50.0
C01035,L1,FPGA,124.43,1.087,11.814,12.3138,13.0881,14.2243,1.2285,1.3137,1.3625,1.5286,Normal,50.0
C01036,L1,ADC,125.02,1.812,12.4544,13.6354,14.9806,35.5416,1.2821,1.4627,1.6131,4.41,Sudden_Anomaly,50.0
C01037,L1,ASIC,124.37,1.206,10.9582,11.5101,12.646,12.9867,1.1663,1.1767,1.3359,1.3518,Normal,50.0
C01038,L1,DAC,125.2,1.789,12.0076,12.6834,13.1406,13.8924,1.2393,1.3504,1.3873,1.4687,Normal,50.0
C01039,L1,DAC,123.71,1.79,12.5803,13.553,14.2997,14.8603,1.3449,1.446,1.5351,1.5654,Normal,50.0
C01040,L1,ASIC,124.58,1.182,11.2268,11.9009,16.4827,60.7199,1.1565,1.2392,1.7649,8.7047,Absolute_Failure,50.0
C01041,L1,DAC,124.87,1.81,12.5261,13.6914,14.0485,14.7622,1.2991,1.4139,1.5307,1.5455,Normal,50.0
C01042,L1,ASIC,124.3,1.217,11.5813,12.0983,12.5271,13.4279,1.2037,1.2602,1.2742,1.4296,Normal,50.0
C01043,L1,ASIC,122.98,1.195,11.044,11.7944,12.8863,13.8451,1.1597,1.2574,1.3848,1.4432,Normal,50.0
C01044,L1,ADC,125.6,1.793,11.975,13.5284,18.0266,61.4331,1.2654,1.4116,1.9574,8.809,Absolute_Failure,50.0
C01045,L1,ADC,126.03,1.785,11.773,12.1923,12.8084,13.8672,1.1935,1.2651,1.3256,1.4395,Normal,50.0
C01046,L1,ADC,124.8,1.773,11.3315,11.6595,12.4753,13.5873,1.1933,1.228,1.3072,1.4439,Normal,50.0
C01047,L1,DAC,124.51,1.811,12.0093,15.1625,21.0834,54.6036,1.3104,1.5922,2.3264,7.501,Absolute_Failure,50.0
C01048,L1,DAC,125.63,1.801,11.9654,12.7093,14.1521,35.1234,1.267,1.3069,1.5394,4.3543,Sudden_Anomaly,50.0
C01049,L1,ASIC,125.22,1.225,11.8599,12.6995,12.9262,14.5475,1.234,1.3199,1.346,1.5674,Normal,50.0
C01050,L1,DAC,123.39,1.842,12.1764,12.5648,12.773,13.5477,1.2366,1.331,1.3347,1.4098,Normal,50.0
C01051,L1,ADC,124.04,1.783,11.4734,12.2592,12.8076,13.2742,1.2114,1.2821,1.3356,1.439,Normal,50.0
C01052,L1,FPGA,126.17,1.118,11.8056,12.5681,13.6834,14.6683,1.2537,1.3174,1.4663,1.5312,Normal,50.0
C01053,L1,ASIC,123.02,1.198,11.0327,12.4382,13.3025,13.5726,1.1287,1.3011,1.4009,1.4693,Normal,50.0
C01054,L1,ASIC,126.48,1.194,11.7899,12.9853,14.7006,22.1555,1.2585,1.3909,1.5673,2.5399,Latent_Defect,50.0
C01055,L1,ASIC,124.43,1.193,11.598,13.4017,19.8959,53.3271,1.1819,1.4142,2.2003,7.3852,Absolute_Failure,50.0
C01056,L1,FPGA,125.57,1.084,11.6183,12.2213,13.1237,13.835,1.2093,1.2895,1.3902,1.4836,Normal,50.0
C01057,L1,ASIC,125.38,1.195,10.9058,11.6813,12.5839,13.2834,1.0761,1.213,1.3585,1.4209,Normal,50.0
C01058,L1,DAC,123.55,1.78,11.8059,12.2855,13.1705,14.0207,1.2404,1.2734,1.3506,1.4785,Normal,50.0
C01059,L1,FPGA,125.62,1.1,11.4642,12.4918,13.2607,14.3275,1.2219,1.293,1.4022,1.5841,Normal,50.0
C01060,L1,ADC,126.09,1.792,12.0385,12.0895,11.9967,12.1993,1.2456,1.291,1.2136,1.2917,High_Stable,50.0
C01061,L1,DAC,125.68,1.8,11.8617,12.3252,13.4306,14.367,1.2392,1.2864,1.4271,1.4782,Normal,50.0
C01062,L1,ASIC,124.7,1.189,12.3094,12.5948,12.6359,12.8034,1.2707,1.3259,1.3567,1.3783,High_Stable,50.0
C01063,L1,FPGA,125.53,1.1,10.9006,13.0498,16.9161,23.7343,1.1511,1.364,1.853,2.7256,Latent_Defect,50.0
C01064,L1,ASIC,124.61,1.215,12.2079,12.4769,12.5158,12.689,1.2798,1.3364,1.3191,1.311,High_Stable,50.0
C01065,L1,ASIC,126.28,1.207,12.2271,13.0379,14.1947,14.2881,1.2911,1.3706,1.4972,1.5158,Normal,50.0
C01066,L1,ASIC,123.56,1.219,10.5346,11.6189,12.888,13.0433,1.086,1.2006,1.3225,1.3389,Normal,50.0
C01067,L1,ASIC,124.49,1.204,11.5702,12.6989,15.0819,20.9943,1.148,1.2886,1.6243,2.3404,Latent_Defect,50.0
C01068,L1,FPGA,124.46,1.086,11.9196,12.1878,12.7554,13.6084,1.2782,1.2871,1.3439,1.4467,Normal,50.0
C01069,L1,ADC,123.9,1.808,11.3388,12.2307,12.8098,13.782,1.1579,1.2896,1.3571,1.474,Normal,50.0
C01070,L1,FPGA,124.81,1.11,11.4813,12.5741,13.2942,13.5223,1.175,1.3829,1.3877,1.4327,Normal,50.0
C01071,L1,DAC,123.83,1.792,11.9744,12.6983,13.5049,13.772,1.2843,1.3342,1.4687,1.4602,Normal,50.0
C01072,L1,ASIC,125.68,1.193,10.9028,11.469,11.8592,12.6315,1.129,1.1932,1.2071,1.3162,Normal,50.0
C01073,L1,ADC,123.76,1.792,12.2549,12.2832,12.3721,12.3462,1.2774,1.2896,1.3208,1.3049,High_Stable,50.0
C01074,L1,DAC,125.94,1.803,12.394,12.9672,13.4456,14.254,1.3247,1.4232,1.4078,1.5253,Normal,50.0
C01075,L1,ADC,125.6,1.833,11.7379,12.2402,12.5281,13.8671,1.2566,1.2775,1.3223,1.5011,Normal,50.0
C01076,L1,ADC,124.44,1.83,11.3948,12.541,12.8229,13.1549,1.1884,1.3138,1.3491,1.3795,Normal,50.0
C01077,L1,ADC,123.64,1.79,11.8196,13.7623,18.2532,52.5554,1.2178,1.4469,1.9779,7.1921,Absolute_Failure,50.0
C01078,L1,DAC,125.07,1.815,11.887,12.7128,13.4496,14.4078,1.2316,1.3115,1.3961,1.5414,Normal,50.0
C01079,L1,ASIC,125.33,1.194,11.3925,12.0444,12.564,13.7752,1.1758,1.2392,1.3457,1.461,Normal,50.0
C01080,L1,DAC,126.42,1.808,13.4152,13.497,13.5302,13.9937,1.4116,1.4252,1.4587,1.4681,High_Stable,50.0
C01081,L1,ADC,123.69,1.809,11.6505,11.7096,11.6127,11.7146,1.2238,1.275,1.2165,1.2213,High_Stable,50.0
C01082,L1,FPGA,125.86,1.091,11.5258,12.8605,17.6896,55.7307,1.2258,1.3487,1.9221,7.7974,Absolute_Failure,50.0
C01083,L1,FPGA,124.64,1.12,11.501,11.7699,13.6998,34.9036,1.1396,1.2339,1.469,4.305,Sudden_Anomaly,50.0
C01084,L1,ADC,124.54,1.784,12.138,12.9456,13.3615,13.9866,1.2741,1.3805,1.4541,1.4792,Normal,50.0
C01085,L1,FPGA,124.57,1.09,11.7662,13.366,15.3391,41.2393,1.2117,1.4015,1.6467,5.2577,Sudden_Anomaly,50.0
C01086,L1,ADC,125.03,1.797,12.2973,12.6083,12.7657,13.0673,1.2704,1.3535,1.34,1.3681,High_Stable,50.0
C01087,L1,ASIC,124.79,1.206,11.3856,11.8483,12.383,13.3705,1.1853,1.2475,1.2948,1.3697,Normal,50.0
C01088,L1,ADC,124.5,1.784,11.802,12.469,14.7464,21.8239,1.2138,1.304,1.5502,2.4686,Latent_Defect,50.0
C01089,L1,FPGA,125.97,1.115,11.4712,11.9853,12.7064,14.4036,1.1974,1.2463,1.3407,1.5114,Normal,50.0
C01090,L1,DAC,123.72,1.792,12.274,12.9179,13.4119,13.3977,1.271,1.3869,1.4223,1.4191,Normal,50.0
C01091,L1,FPGA,124.15,1.099,11.8783,12.8367,13.8885,15.2003,1.2341,1.3499,1.4536,1.6358,Normal,50.0
C01092,L1,ASIC,125.02,1.183,11.2016,12.5291,13.6092,14.7107,1.1628,1.326,1.4305,1.6036,Normal,50.0
C01093,L1,FPGA,125.06,1.112,11.447,12.0564,12.9256,12.9428,1.1556,1.2373,1.3924,1.3558,Normal,50.0
C01094,L1,FPGA,124.54,1.11,11.2058,12.8411,15.4352,38.203,1.178,1.3653,1.6464,4.8178,Sudden_Anomaly,50.0
C01095,L1,FPGA,125.39,1.143,11.6458,12.9317,14.9066,20.8937,1.2027,1.4129,1.5876,2.3484,Latent_Defect,50.0
C01096,L1,ADC,124.51,1.79,12.0165,12.7696,13.4967,35.0325,1.2335,1.3688,1.4108,4.2858,Sudden_Anomaly,50.0
C01097,L1,ADC,124.36,1.806,11.3855,12.4893,12.9255,13.9723,1.2291,1.3073,1.338,1.498,Normal,50.0
C01098,L1,FPGA,125.13,1.091,11.4285,12.6547,13.4456,14.1534,1.1994,1.2733,1.3739,1.5008,Normal,50.0
C01099,L1,ASIC,124.64,1.223,11.3221,13.1576,19.9762,59.2892,1.1519,1.3802,2.2235,8.395,Absolute_Failure,50.0
C01100,L1,FPGA,124.89,1.099,11.4218,12.585,12.863,14.2282,1.1999,1.3393,1.3385,1.4742,Normal,50.0
C01101,L1,ASIC,125.31,1.186,11.7703,12.7733,13.1512,14.3377,1.2376,1.3843,1.394,1.5031,Normal,50.0
C01102,L1,DAC,126.42,1.808,11.9016,12.5184,12.7617,13.8494,1.1625,1.3059,1.3202,1.4639,Normal,50.0
C01103,L1,FPGA,126.71,1.105,11.7402,12.2303,12.8688,14.5537,1.2653,1.287,1.3197,1.5823,Normal,50.0
C01104,L1,ASIC,125.43,1.181,10.8908,13.154,17.039,51.7207,1.1225,1.3815,1.8634,7.0627,Absolute_Failure,50.0
C01105,L1,ASIC,125.21,1.21,11.5493,12.4809,13.9611,14.7908,1.2064,1.3211,1.4639,1.5704,Normal,50.0
C01106,L1,DAC,126.29,1.807,12.1128,14.7042,20.7248,53.4867,1.2837,1.5936,2.3403,7.4135,Absolute_Failure,50.0
C01107,L1,ASIC,126.4,1.221,11.4375,12.2523,13.3383,14.4898,1.1301,1.2738,1.407,1.5561,Normal,50.0
C01108,L1,ASIC,124.12,1.21,12.2071,13.4404,13.9801,15.1037,1.2384,1.3981,1.5002,1.6262,Normal,50.0
C01109,L1,ADC,125.31,1.776,11.8415,12.8341,13.4104,14.9094,1.23,1.3576,1.4603,1.5817,Normal,50.0
C01110,L1,DAC,124.4,1.769,12.0698,13.2079,13.3458,14.0924,1.2569,1.4106,1.4208,1.4756,Normal,50.0
C01111,L1,FPGA,126.01,1.082,11.9997,13.0066,13.2665,14.3452,1.2505,1.3121,1.3987,1.5392,Normal,50.0
C01112,L1,FPGA,124.6,1.096,11.4858,12.7098,13.3886,14.2787,1.2094,1.3345,1.3858,1.4599,Normal,50.0
C01113,L1,ASIC,125.2,1.218,11.6283,12.0665,13.0368,13.9381,1.1727,1.2875,1.354,1.5306,Normal,50.0
C01114,L1,FPGA,126.57,1.113,11.0719,11.2157,11.4351,11.6767,1.1448,1.2018,1.2257,1.2223,High_Stable,50.0
C01115,L1,ASIC,124.41,1.191,10.6702,11.1417,11.4409,12.7224,1.1288,1.1306,1.2133,1.2886,Normal,50.0
C01116,L1,FPGA,125.34,1.092,11.174,14.1488,21.1527,55.3263,1.1571,1.5321,2.3698,7.7142,Absolute_Failure,50.0
C01117,L1,FPGA,126.05,1.091,12.1152,13.8521,23.6291,51.6878,1.2667,1.5213,2.6865,7.0128,Absolute_Failure,50.0
C01118,L1,DAC,123.75,1.794,12.1829,12.9407,13.1319,13.9401,1.2378,1.3709,1.3809,1.4993,Normal,50.0
C01119,L1,ADC,124.81,1.796,11.7729,12.2572,13.1743,13.3286,1.2329,1.2848,1.3985,1.4171,Normal,50.0
C01120,L1,FPGA,125.38,1.124,12.4608,13.7626,14.7705,15.2337,1.3014,1.4703,1.5719,1.6131,Normal,50.0
C01121,L1,ASIC,126.23,1.207,11.8197,13.2176,17.8718,25.2893,1.2499,1.4269,1.9373,2.8955,Latent_Defect,50.0
C01122,L1,ASIC,125.26,1.179,11.5801,11.689,11.6518,11.8495,1.2066,1.2494,1.1923,1.2886,High_Stable,50.0
C01123,L1,DAC,124.94,1.827,12.0721,12.707,13.0641,14.0851,1.2873,1.3394,1.4031,1.4939,Normal,50.0
C01124,L1,FPGA,126.62,1.096,11.7219,12.498,13.3776,14.15,1.2307,1.3526,1.4233,1.4968,Normal,50.0
C01125,L1,ASIC,125.81,1.212,10.9055,11.6481,12.4432,13.4,1.1665,1.2392,1.2838,1.3977,Normal,50.0
C01126,L1,FPGA,125.81,1.117,11.7903,12.0809,13.0363,13.848,1.1987,1.2595,1.326,1.4764,Normal,50.0
C01127,L1,ASIC,124.71,1.186,11.2912,11.3389,11.3819,11.4462,1.2373,1.1729,1.194,1.1715,High_Stable,50.0
C01128,L1,ADC,124.17,1.836,12.3624,12.8657,13.7395,15.1496,1.2834,1.3782,1.4437,1.6305,Normal,50.0
C01129,L1,FPGA,125.01,1.087,12.1656,13.0419,16.6816,24.7862,1.2776,1.3658,1.7708,2.8679,Latent_Defect,50.0
C01130,L1,ASIC,124.46,1.189,11.153,12.0086,12.4353,13.6996,1.1812,1.2834,1.3097,1.4402,Normal,50.0
C01131,L1,DAC,124.76,1.822,12.0897,12.3511,12.3209,12.4521,1.2597,1.2625,1.2998,1.2879,High_Stable,50.0
C01132,L1,FPGA,124.74,1.091,11.5928,12.2191,12.7178,13.6328,1.2073,1.2871,1.3381,1.4489,Normal,50.0
C01133,L1,ASIC,124.6,1.2,12.1737,12.3309,12.6029,12.3887,1.2983,1.2824,1.3816,1.295,High_Stable,50.0
C01134,L1,DAC,124.96,1.833,12.4132,13.4947,13.6112,14.5821,1.2903,1.4569,1.4501,1.5854,Normal,50.0
C01135,L1,FPGA,123.33,1.109,11.8932,14.7244,19.8935,52.2445,1.2071,1.5752,2.2198,7.146,Absolute_Failure,50.0
C01136,L1,ADC,124.04,1.795,11.73,12.6312,13.3905,14.5722,1.2444,1.2759,1.4032,1.5818,Normal,50.0
C01137,L1,ADC,126.28,1.826,11.7446,12.8179,13.6363,14.7047,1.2685,1.3725,1.4362,1.5953,Normal,50.0
C01138,L1,DAC,126.81,1.805,11.9932,12.3304,12.5987,13.59,1.2651,1.2852,1.2956,1.4701,Normal,50.0
C01139,L1,ASIC,123.41,1.22,11.4427,11.8306,12.1412,12.1753,1.2138,1.2694,1.251,1.2685,Normal,50.0
C01140,L1,ADC,124.33,1.816,11.6958,12.4774,12.9976,14.3542,1.2417,1.3034,1.3607,1.5215,Normal,50.0
C01141,L1,ADC,125.31,1.804,11.5083,12.2362,12.696,13.373,1.2086,1.316,1.3247,1.4085,Normal,50.0
C01142,L1,DAC,125.77,1.796,11.9247,12.8175,13.8012,38.9974,1.2326,1.3449,1.4914,4.8972,Sudden_Anomaly,50.0
C01143,L1,FPGA,124.55,1.079,11.9544,12.31,12.9661,13.0101,1.2289,1.3361,1.4127,1.3648,Normal,50.0
C01144,L1,ASIC,125.22,1.207,10.5266,12.9075,20.5336,60.7383,1.1001,1.3567,2.298,8.7396,Absolute_Failure,50.0
C01145,L1,FPGA,125.53,1.121,11.2708,11.9915,12.6006,13.3772,1.1618,1.2557,1.3251,1.4279,Normal,50.0
C01146,L1,FPGA,125.19,1.082,11.2924,11.963,12.659,14.4258,1.1916,1.2538,1.3459,1.52,Normal,50.0
C01147,L1,ASIC,124.51,1.211,11.3487,12.8842,14.5615,29.8635,1.2125,1.3788,1.5288,3.5796,Sudden_Anomaly,50.0
C01148,L1,ASIC,124.51,1.196,10.9222,13.6744,20.9581,53.023,1.1473,1.4168,2.3517,7.2516,Absolute_Failure,50.0
C01149,L1,DAC,126.39,1.812,12.3213,13.2243,14.6051,34.3022,1.2873,1.4223,1.5371,4.2093,Sudden_Anomaly,50.0
C01150,L1,ASIC,124.24,1.2,10.9258,11.3688,12.2586,12.6393,1.1674,1.1587,1.333,1.3564,Normal,50.0
C01151,L1,FPGA,125.07,1.103,11.2484,13.2181,14.921,18.7781,1.2062,1.3601,1.5556,2.0715,Latent_Defect,50.0
C01152,L1,ADC,125.06,1.771,12.3642,12.604,12.8097,13.2821,1.3199,1.3207,1.3433,1.3955,High_Stable,50.0
C01153,L1,FPGA,124.78,1.126,11.6104,12.6789,13.0128,13.7256,1.2119,1.3306,1.3437,1.444,Normal,50.0
C01154,L1,ADC,125.62,1.8,11.6692,12.7305,13.365,13.7686,1.2089,1.3299,1.4437,1.4365,Normal,50.0
C01155,L1,ADC,124.75,1.801,12.4427,12.4317,12.6792,12.836,1.3067,1.2982,1.2803,1.3026,High_Stable,50.0
C01156,L1,ASIC,124.53,1.214,11.033,11.7052,12.2816,13.5119,1.1157,1.2567,1.3266,1.4037,Normal,50.0
C01157,L1,ASIC,124.72,1.205,11.5718,12.4484,14.8906,19.7807,1.2191,1.2584,1.5928,2.1793,Latent_Defect,50.0
C01158,L1,ADC,123.95,1.811,12.1721,14.3061,21.5346,54.3558,1.2623,1.5393,2.4141,7.5375,Absolute_Failure,50.0
C01159,L1,FPGA,125.58,1.108,11.221,12.3728,17.2321,25.2297,1.202,1.265,1.8455,2.8988,Latent_Defect,50.0
C01160,L1,ADC,124.61,1.792,11.933,13.0079,13.9618,14.4082,1.2501,1.3925,1.4774,1.5736,Normal,50.0
C01161,L1,DAC,125.86,1.802,12.6863,14.0246,18.7311,26.1172,1.3666,1.4963,2.1171,3.0502,Latent_Defect,50.0
C01162,L1,ASIC,124.56,1.219,11.2608,13.0978,20.5355,57.1645,1.1788,1.4132,2.304,8.0777,Absolute_Failure,50.0
C01163,L1,ADC,124.99,1.816,11.6981,12.3871,12.2061,13.108,1.2458,1.2804,1.3018,1.3873,Normal,50.0
C01164,L1,DAC,125.82,1.81,12.3641,12.6299,13.9521,14.4994,1.3204,1.3397,1.5054,1.5062,Normal,50.0
C01165,L1,ASIC,123.87,1.195,11.7504,12.7915,16.6153,24.4061,1.1871,1.3487,1.7515,2.8152,Latent_Defect,50.0
C01166,L1,FPGA,124.32,1.112,11.5939,13.6855,20.8135,58.3942,1.2185,1.4139,2.3254,8.274,Absolute_Failure,50.0
C01167,L1,FPGA,125.12,1.107,11.0344,11.831,12.7414,13.4316,1.1474,1.26,1.3473,1.4559,Normal,50.0
C01168,L1,FPGA,126.5,1.121,11.1707,12.6709,15.8829,20.4482,1.2072,1.2975,1.6915,2.2318,Latent_Defect,50.0
C01169,L1,FPGA,127.11,1.099,11.7645,12.1712,13.333,14.463,1.2516,1.3072,1.4172,1.5502,Normal,50.0
C01170,L1,DAC,124.62,1.79,12.1865,12.1501,12.1599,12.6552,1.2515,1.2404,1.2789,1.3371,High_Stable,50.0
C01171,L1,FPGA,126.9,1.088,12.121,14.2562,17.6587,24.7513,1.2544,1.5196,1.9683,2.8141,Latent_Defect,50.0
C01172,L1,DAC,124.6,1.794,12.3007,14.2912,17.0085,20.9693,1.269,1.51,1.8557,2.342,Latent_Defect,50.0
C01173,L1,DAC,125.21,1.796,12.2299,13.3405,14.1621,15.609,1.2743,1.4016,1.4945,1.6585,Normal,50.0
C01174,L1,DAC,124.14,1.815,11.8372,12.0643,12.458,13.3352,1.2427,1.2528,1.3029,1.401,Normal,50.0
C01175,L1,ASIC,125.05,1.208,12.0269,12.9681,13.5788,14.2,1.2645,1.3135,1.4346,1.4901,Normal,50.0
C01176,L1,ASIC,123.93,1.206,11.4708,12.9385,16.9806,23.6303,1.1783,1.322,1.7935,2.6749,Latent_Defect,50.0
C01177,L1,ADC,124.39,1.79,11.9187,13.5894,21.1342,56.8246,1.2735,1.4588,2.3782,7.9849,Absolute_Failure,50.0
C01178,L1,ADC,123.95,1.786,12.0583,12.0121,12.2027,12.2815,1.2998,1.2493,1.2707,1.3234,High_Stable,50.0
C01179,L1,ASIC,125.12,1.177,11.0157,11.422,12.1783,13.0935,1.1566,1.1248,1.2322,1.3744,Normal,50.0
C01180,L1,FPGA,126.81,1.094,11.2675,12.2941,12.5623,13.7427,1.2065,1.2788,1.2743,1.4476,Normal,50.0
C01181,L1,FPGA,123.84,1.103,12.1444,12.7091,12.7982,13.6629,1.2741,1.3388,1.3329,1.4796,Normal,50.0
C01182,L1,FPGA,123.79,1.097,11.607,12.0935,12.9685,12.8753,1.2091,1.2966,1.3969,1.3723,Normal,50.0
C01183,L1,DAC,124.27,1.821,11.5794,13.1634,17.8088,22.6506,1.1918,1.4061,1.9248,2.5851,Latent_Defect,50.0
C01184,L1,ASIC,125.32,1.173,10.8609,11.6071,12.3843,12.7268,1.1672,1.2251,1.3088,1.371,Normal,50.0
C01185,L1,ADC,125.65,1.814,11.7532,12.4022,13.3679,14.158,1.2378,1.3135,1.3864,1.4781,Normal,50.0
C01186,L1,ASIC,124.38,1.187,10.8374,11.9035,14.8182,19.4717,1.1651,1.2171,1.5795,2.1318,Latent_Defect,50.0
C01187,L1,ADC,124.27,1.828,12.4784,13.7142,14.7908,15.7171,1.3157,1.4607,1.5801,1.6945,Normal,50.0
C01188,L1,ADC,124.43,1.779,11.5065,12.873,19.8909,56.6054,1.203,1.3232,2.2146,7.9621,Absolute_Failure,50.0
C01189,L1,DAC,124.02,1.777,12.4217,15.267,21.6148,56.3911,1.3223,1.6531,2.3977,7.899,Absolute_Failure,50.0
C01190,L1,DAC,125.23,1.774,12.1876,13.5449,20.8898,52.8939,1.2485,1.4435,2.3151,7.2595,Absolute_Failure,50.0
C01191,L1,ASIC,123.88,1.196,11.4224,12.6864,13.4881,14.7518,1.2074,1.2621,1.425,1.5486,Normal,50.0
C01192,L1,FPGA,126.48,1.094,11.0595,11.6027,12.365,12.8109,1.1409,1.2144,1.313,1.3887,Normal,50.0
C01193,L1,ADC,124.49,1.792,12.0025,12.9784,13.3336,14.5611,1.2511,1.4026,1.4282,1.5549,Normal,50.0
C01194,L1,DAC,123.78,1.799,12.1594,14.191,18.4505,23.5878,1.2719,1.5261,2.0201,2.6896,Latent_Defect,50.0
C01195,L1,ASIC,124.96,1.205,11.6523,14.5572,21.3407,53.6242,1.1735,1.5903,2.438,7.4089,Absolute_Failure,50.0
C01196,L1,DAC,124.91,1.8,12.1995,13.9635,17.7328,22.9941,1.3245,1.4819,1.9737,2.5845,Latent_Defect,50.0
C01197,L1,ADC,124.29,1.821,11.7443,12.6069,13.5745,14.417,1.2288,1.3784,1.4245,1.5572,Normal,50.0
C01198,L1,FPGA,125.17,1.103,11.7204,12.1649,12.9821,14.2424,1.2457,1.255,1.3778,1.4879,Normal,50.0
C01199,L1,ASIC,124.48,1.187,10.5739,10.7693,11.1964,11.4955,1.112,1.113,1.1558,1.1955,Normal,50.0
C01200,L1,FPGA,124.69,1.103,11.8346,11.9613,12.2414,12.1943,1.2341,1.2129,1.2908,1.2832,High_Stable,50.0
C01201,L1,ASIC,124.08,1.197,11.2885,11.7848,12.1243,12.3687,1.1911,1.1945,1.2772,1.2981,Normal,50.0
C01202,L1,ADC,124.98,1.786,11.5239,12.0668,11.8612,13.0697,1.1574,1.2543,1.2367,1.3695,Normal,50.0
C01203,L1,ADC,125.38,1.788,11.7673,12.39,13.354,13.5881,1.2788,1.2864,1.3993,1.4128,Normal,50.0
C01204,L1,FPGA,125.52,1.087,11.6175,12.7354,13.9087,14.5735,1.2119,1.3282,1.4632,1.5603,Normal,50.0
C01205,L1,DAC,124.55,1.802,12.0958,12.6098,12.7583,13.7981,1.2363,1.3151,1.3142,1.4821,Normal,50.0
C01206,L1,DAC,125.22,1.795,11.8211,12.6701,13.8336,15.1258,1.2196,1.358,1.4714,1.6138,Normal,50.0
C01207,L1,FPGA,125.76,1.097,12.0009,13.2354,14.0714,14.7812,1.2666,1.4114,1.4769,1.6243,Normal,50.0
C01208,L1,ADC,125.05,1.78,11.5891,12.7479,12.9116,14.2748,1.2432,1.3083,1.3386,1.5406,Normal,50.0
C01209,L1,ADC,124.92,1.815,11.6082,12.2193,14.8496,61.1191,1.2024,1.2399,1.5806,8.8164,Absolute_Failure,50.0
C01210,L1,ASIC,124.91,1.177,11.4308,12.3165,12.997,13.7818,1.2191,1.3423,1.3425,1.4805,Normal,50.0
C01211,L1,ASIC,124.22,1.191,11.3268,11.5882,11.657,12.5075,1.1925,1.1819,1.2301,1.3465,Normal,50.0
C01212,L1,ASIC,124.19,1.213,11.08,11.6832,12.9659,13.3552,1.119,1.1759,1.396,1.3906,Normal,50.0
C01213,L1,ASIC,125.46,1.202,11.5465,11.8428,12.8666,13.9666,1.2311,1.2459,1.3345,1.4284,Normal,50.0
C01214,L1,ASIC,123.92,1.189,11.3937,12.5574,13.5222,13.9655,1.1594,1.3079,1.4306,1.467,Normal,50.0
C01215,L1,DAC,125.43,1.785,11.586,13.0972,15.3997,21.0794,1.1755,1.3671,1.6691,2.3802,Latent_Defect,50.0
C01216,L1,DAC,126.06,1.826,12.5476,13.1286,13.853,14.7909,1.2734,1.4071,1.5213,1.5737,Normal,50.0
C01217,L1,DAC,126.29,1.803,11.9287,12.9077,13.2493,13.2871,1.2695,1.3274,1.4146,1.4224,Normal,50.0
C01218,L1,ASIC,124.51,1.232,10.9863,11.679,12.4249,13.5004,1.1199,1.2363,1.3085,1.3636,Normal,50.0
C01219,L1,DAC,124.87,1.821,12.2582,13.2632,15.8063,31.7798,1.2541,1.38,1.7256,3.8229,Sudden_Anomaly,50.0
C01220,L1,FPGA,126.15,1.086,11.239,11.8204,15.0308,53.3657,1.1363,1.2423,1.6313,7.3766,Absolute_Failure,50.0
C01221,L1,ASIC,125.41,1.174,11.0546,12.8957,16.7036,23.1731,1.1061,1.3029,1.811,2.5678,Latent_Defect,50.0
C01222,L1,FPGA,125.77,1.119,11.6109,12.6978,13.4748,14.0663,1.2074,1.3548,1.4164,1.5003,Normal,50.0
C01223,L1,ADC,124.05,1.803,12.1451,12.0087,12.0776,12.1306,1.2848,1.2599,1.2868,1.2456,High_Stable,50.0
C01224,L1,ASIC,126.32,1.171,11.1393,11.3894,11.2355,11.3002,1.1575,1.2043,1.2292,1.1932,High_Stable,50.0
C01225,L1,FPGA,125.22,1.103,11.6925,12.5186,13.8315,14.3114,1.227,1.3345,1.4713,1.4831,Normal,50.0
C01226,L1,DAC,124.93,1.792,11.8381,13.4418,15.628,22.6788,1.2314,1.4014,1.6433,2.6208,Latent_Defect,50.0
C01227,L1,FPGA,124.75,1.125,11.0608,12.2057,14.2135,39.0789,1.156,1.3079,1.5219,4.9323,Sudden_Anomaly,50.0
C01228,L1,ADC,125.46,1.782,11.857,11.9529,11.9254,12.162,1.2283,1.2283,1.2275,1.2871,High_Stable,50.0
C01229,L1,FPGA,124.49,1.113,11.8521,12.9803,13.4916,14.7242,1.2226,1.3433,1.4463,1.6067,Normal,50.0
C01230,L1,DAC,125.11,1.811,12.0437,13.0403,13.6361,14.1297,1.2638,1.3739,1.4632,1.5336,Normal,50.0
C01231,L1,ASIC,126.13,1.189,11.7452,11.9523,13.074,13.9308,1.2575,1.2855,1.4015,1.464,Normal,50.0
C01232,L1,ADC,125.23,1.788,11.1796,11.3687,11.4651,11.6931,1.1492,1.2112,1.1748,1.2316,Normal,50.0
C01233,L1,DAC,125.48,1.766,11.9154,12.5544,12.8252,13.0451,1.2251,1.2898,1.3705,1.4054,Normal,50.0
C01234,L1,ASIC,124.99,1.183,11.4666,11.845,12.9958,13.7373,1.2364,1.248,1.419,1.4854,Normal,50.0
C01235,L1,ASIC,124.42,1.189,11.4268,12.3897,17.3257,55.8458,1.2199,1.3243,1.884,7.7962,Absolute_Failure,50.0
C01236,L1,DAC,124.87,1.811,11.3339,12.7939,16.6761,23.8156,1.1601,1.3612,1.8109,2.7018,Latent_Defect,50.0
C01237,L1,ADC,124.86,1.791,12.264,13.2558,14.7759,39.2212,1.3042,1.343,1.5794,4.9535,Sudden_Anomaly,50.0
C01238,L1,DAC,124.74,1.797,11.7003,12.5959,13.4436,14.7608,1.2584,1.28,1.4723,1.6304,Normal,50.0
C01239,L1,FPGA,125.97,1.099,11.3296,11.9304,12.9777,13.2734,1.2201,1.2167,1.3536,1.4087,Normal,50.0
C01240,L1,ADC,123.64,1.789,11.9548,12.7061,13.3968,13.5676,1.2233,1.3214,1.4548,1.4332,Normal,50.0
C01241,L1,FPGA,125.42,1.081,11.1731,12.0162,12.446,13.3447,1.1742,1.2863,1.2522,1.4124,Normal,50.0
C01242,L1,FPGA,123.76,1.08,11.4936,12.308,12.788,13.2838,1.215,1.3163,1.342,1.3799,Normal,50.0
C01243,L1,ADC,125.18,1.818,11.5652,12.9457,17.6787,53.0289,1.203,1.3707,1.9229,7.3088,Absolute_Failure,50.0
C01244,L1,FPGA,124.84,1.127,11.3011,12.6956,17.3583,24.0029,1.18,1.3904,1.8353,2.7465,Latent_Defect,50.0
C01245,L1,ASIC,124.83,1.202,11.4632,12.6646,13.4896,15.3495,1.2275,1.3525,1.4479,1.6474,Normal,50.0
C01246,L1,ADC,126.06,1.812,11.8022,13.0399,15.8969,21.3504,1.2091,1.3416,1.6888,2.4241,Latent_Defect,50.0
C01247,L1,DAC,125.04,1.807,11.5694,12.6377,13.5344,14.4347,1.2086,1.3361,1.4238,1.5016,Normal,50.0
C01248,L1,ADC,124.99,1.807,11.2386,12.2573,13.0734,14.5622,1.2138,1.2944,1.4062,1.5654,Normal,50.0
C01249,L1,DAC,124.98,1.787,11.6922,12.756,13.4768,14.6322,1.2933,1.3672,1.4312,1.5621,Normal,50.0
C01250,L1,ADC,123.25,1.788,11.4761,12.8407,16.3533,21.7803,1.1837,1.3829,1.7786,2.4165,Latent_Defect,50.0
C01251,L1,ASIC,124.86,1.197,11.6163,11.8735,12.5673,13.1466,1.1869,1.2478,1.3364,1.4165,Normal,50.0
C01252,L1,FPGA,125.56,1.114,11.6894,13.2659,17.819,25.3149,1.2003,1.4033,1.9483,2.9284,Latent_Defect,50.0
C01253,L1,FPGA,125.81,1.072,10.9709,12.548,15.0967,42.547,1.1402,1.3159,1.6492,5.5422,Sudden_Anomaly,50.0
C01254,L1,DAC,125.77,1.805,12.0898,13.1208,15.0896,30.5138,1.2459,1.3902,1.6146,3.6258,Sudden_Anomaly,50.0
C01255,L1,ASIC,124.97,1.214,11.1286,13.7013,19.5643,58.7921,1.1756,1.485,2.1171,8.3116,Absolute_Failure,50.0
C01256,L1,ASIC,126.26,1.168,11.9792,12.9394,13.331,14.3417,1.2737,1.4063,1.4446,1.5268,Normal,50.0
C01257,L1,ASIC,126.08,1.208,10.8979,12.0447,12.4741,13.7849,1.1239,1.2803,1.2876,1.4703,Normal,50.0
C01258,L1,FPGA,124.62,1.124,11.1822,11.509,12.7563,14.6992,1.1308,1.2082,1.3224,1.6365,Normal,50.0
C01259,L1,ASIC,125.23,1.182,11.6525,12.7395,13.292,13.783,1.2386,1.3185,1.4197,1.4667,Normal,50.0
C01260,L1,FPGA,126.25,1.093,10.9547,11.6519,12.3692,13.3693,1.1586,1.184,1.2864,1.4232,Normal,50.0
C01261,L1,ASIC,124.35,1.195,12.1873,12.2103,12.1983,12.588,1.3154,1.269,1.2617,1.349,High_Stable,50.0
C01262,L1,ASIC,124.11,1.198,11.1064,11.4318,11.9736,35.7798,1.1767,1.1721,1.3056,4.4725,Sudden_Anomaly,50.0
C01263,L1,ADC,126.67,1.814,10.9293,12.1591,13.9306,26.7387,1.1515,1.2645,1.4696,3.0742,Sudden_Anomaly,50.0
C01264,L1,ASIC,124.11,1.214,11.2855,12.5726,12.7509,13.7084,1.1989,1.334,1.257,1.4462,Normal,50.0
C01265,L1,DAC,126.0,1.816,11.5967,12.7937,14.0245,14.468,1.2444,1.3616,1.5258,1.5464,Normal,50.0
C01266,L1,DAC,125.58,1.822,12.5612,12.7564,12.5819,12.6769,1.3734,1.3342,1.3411,1.3918,High_Stable,50.0
C01267,L1,FPGA,124.78,1.104,12.0195,13.8448,16.7046,22.201,1.2393,1.4685,1.797,2.4785,Latent_Defect,50.0
C01268,L1,ASIC,125.27,1.193,11.4214,12.4963,13.2518,13.8837,1.1917,1.3619,1.4092,1.4557,Normal,50.0
C01269,L1,FPGA,125.92,1.094,11.7258,12.5842,15.1398,22.5905,1.256,1.3524,1.6453,2.5611,Latent_Defect,50.0
C01270,L1,ASIC,125.08,1.183,11.1759,11.5443,12.1654,12.9353,1.1482,1.2385,1.2736,1.3681,Normal,50.0
C01271,L1,ASIC,124.18,1.202,11.8965,12.5362,13.5124,14.7466,1.2094,1.3024,1.3748,1.5713,Normal,50.0
C01272,L1,ADC,125.87,1.823,11.2907,12.5911,13.6577,14.1033,1.1728,1.2748,1.5033,1.5024,Normal,50.0
C01273,L1,FPGA,124.93,1.077,11.3267,11.5488,11.5398,11.8586,1.193,1.2033,1.1886,1.2917,High_Stable,50.0
C01274,L1,ASIC,123.76,1.199,11.9457,12.3917,12.4554,12.5091,1.254,1.2346,1.3066,1.3409,High_Stable,50.0
C01275,L1,FPGA,125.54,1.11,12.0403,12.8693,14.0726,14.8574,1.2426,1.3792,1.4889,1.5872,Normal,50.0
C01276,L1,ASIC,125.36,1.183,11.1431,11.7312,12.8061,13.5348,1.192,1.2323,1.3576,1.4575,Normal,50.0
C01277,L1,FPGA,125.46,1.109,11.4187,11.8033,16.2364,57.6017,1.2145,1.2091,1.7979,8.1552,Absolute_Failure,50.0
C01278,L1,ASIC,125.37,1.236,11.5214,12.5516,13.0659,13.3998,1.2017,1.3267,1.3423,1.4331,Normal,50.0
C01279,L1,ASIC,125.49,1.214,11.0861,12.5758,13.0333,14.1502,1.1536,1.3057,1.349,1.5018,Normal,50.0
C01280,L1,DAC,126.21,1.8,11.9353,12.9418,14.5221,15.5675,1.2454,1.4065,1.5158,1.6694,Normal,50.0
C01281,L1,DAC,124.98,1.837,12.4662,13.3945,14.1597,15.526,1.3085,1.4582,1.5204,1.7269,Normal,50.0
C01282,L1,DAC,124.13,1.795,11.9159,12.5303,13.9249,14.4251,1.2499,1.3137,1.4717,1.5158,Normal,50.0
C01283,L1,FPGA,125.57,1.121,11.1244,11.7298,12.7095,13.3681,1.1678,1.2028,1.3864,1.3647,Normal,50.0
C01284,L1,ADC,125.09,1.81,12.1995,12.8737,13.7077,14.7085,1.3042,1.4013,1.4956,1.5616,Normal,50.0
C01285,L1,FPGA,123.16,1.094,11.1795,11.7049,12.5298,12.5435,1.1992,1.2399,1.3094,1.3602,Normal,50.0
C01286,L1,ADC,125.54,1.799,10.9572,12.2209,16.4692,51.1634,1.1122,1.2818,1.798,6.9338,Absolute_Failure,50.0
C01287,L1,ASIC,124.6,1.191,11.1305,11.3303,11.4518,11.3814,1.0938,1.2017,1.1713,1.1538,High_Stable,50.0
C01288,L1,ASIC,125.64,1.188,12.1256,13.2193,13.6715,14.8581,1.2381,1.3764,1.4126,1.594,Normal,50.0
C01289,L1,ADC,124.28,1.812,12.0272,12.031,12.0534,12.2214,1.2723,1.2667,1.2681,1.2536,High_Stable,50.0
C01290,L1,FPGA,125.74,1.11,12.4691,12.641,12.7893,12.639,1.2991,1.285,1.3969,1.3338,High_Stable,50.0
C01291,L1,ADC,124.99,1.809,11.2397,12.2959,12.27,12.8636,1.1818,1.3191,1.3043,1.3525,Normal,50.0
C01292,L1,DAC,125.9,1.794,11.614,12.3105,13.6269,36.7031,1.211,1.2922,1.3853,4.5266,Sudden_Anomaly,50.0
C01293,L1,FPGA,124.63,1.097,11.4823,12.1041,13.3837,13.4221,1.204,1.2767,1.4154,1.405,Normal,50.0
C01294,L1,ADC,124.29,1.783,12.0575,13.8774,16.8467,39.8182,1.2627,1.4616,1.8621,5.0674,Sudden_Anomaly,50.0
C01295,L1,ADC,125.16,1.813,11.4716,11.8685,13.1546,13.8656,1.2346,1.2423,1.3788,1.4384,Normal,50.0
C01296,L1,DAC,125.67,1.811,12.197,12.6902,13.6428,14.7197,1.2976,1.309,1.4369,1.5252,Normal,50.0
C01297,L1,FPGA,126.3,1.114,11.8575,12.6736,13.4214,14.3095,1.2305,1.2933,1.3883,1.529,Normal,50.0
C01298,L1,ADC,124.81,1.841,11.9638,13.1943,13.7732,15.642,1.2831,1.3714,1.4683,1.643,Normal,50.0
C01299,L1,FPGA,125.48,1.12,10.8983,11.572,12.235,12.5496,1.1279,1.2124,1.2543,1.3009,Normal,50.0
C01300,L1,ADC,124.69,1.787,12.1373,13.1717,13.916,15.5788,1.3036,1.387,1.5001,1.7189,Normal,50.0
C01301,L1,FPGA,125.76,1.105,11.5481,13.336,15.3973,19.4426,1.1919,1.4157,1.6348,2.1731,Latent_Defect,50.0
C01302,L1,DAC,126.01,1.79,12.3949,12.79,13.892,15.4152,1.269,1.3805,1.4639,1.6971,Normal,50.0
C01303,L1,FPGA,125.55,1.097,11.7617,12.6174,13.0695,13.6521,1.2218,1.3159,1.4101,1.4169,Normal,50.0
C01304,L1,ADC,125.49,1.782,11.702,12.7532,13.6503,14.1599,1.1966,1.3116,1.4829,1.4872,Normal,50.0
C01305,L1,ASIC,124.84,1.198,11.3646,12.6413,14.8748,40.1655,1.2007,1.3201,1.6147,5.0667,Sudden_Anomaly,50.0
C01306,L1,ADC,125.84,1.834,11.9812,13.3226,14.7938,28.1167,1.229,1.4136,1.5984,3.2859,Sudden_Anomaly,50.0
C01307,L1,FPGA,126.39,1.118,11.5374,12.2406,13.371,13.9556,1.1716,1.2753,1.431,1.4927,Normal,50.0
C01308,L1,DAC,125.45,1.795,12.4004,13.2266,14.067,14.3711,1.2784,1.3843,1.4761,1.5125,Normal,50.0
C01309,L1,ASIC,124.61,1.187,11.4501,12.1182,13.3082,14.682,1.1939,1.268,1.3804,1.5882,Normal,50.0
C01310,L1,ASIC,126.16,1.214,11.5323,12.4418,16.0862,57.7134,1.2301,1.2976,1.6816,8.1393,Absolute_Failure,50.0
C01311,L1,ASIC,123.36,1.201,11.587,12.5985,15.6839,55.9217,1.2232,1.3165,1.6503,7.8305,Absolute_Failure,50.0
C01312,L1,ADC,125.47,1.796,11.9754,12.495,12.932,13.8373,1.2363,1.3095,1.3393,1.462,Normal,50.0
C01313,L1,ASIC,125.83,1.205,11.3084,11.1338,11.5257,11.6019,1.1624,1.17,1.176,1.2224,High_Stable,50.0
C01314,L1,DAC,125.24,1.82,11.8761,14.7732,20.5019,52.3983,1.2214,1.6153,2.2665,7.1848,Absolute_Failure,50.0
C01315,L1,DAC,125.55,1.791,12.4689,13.8508,14.0306,15.5741,1.3172,1.4677,1.495,1.6608,Normal,50.0
C01316,L1,DAC,125.35,1.84,12.2013,12.5417,16.0977,54.3063,1.2994,1.2924,1.7725,7.5005,Absolute_Failure,50.0
C01317,L1,FPGA,125.4,1.124,11.6511,12.2658,13.3315,14.4848,1.2577,1.2828,1.4026,1.5776,Normal,50.0
C01318,L1,DAC,125.36,1.789,12.7882,13.1418,14.4501,40.5403,1.3447,1.3486,1.5464,5.1651,Sudden_Anomaly,50.0
C01319,L1,ASIC,124.94,1.195,11.5811,12.1575,12.4029,13.4246,1.2144,1.3278,1.2796,1.3916,Normal,50.0
C01320,L1,ASIC,125.29,1.205,11.1914,12.8191,17.0539,23.2417,1.2131,1.3738,1.8886,2.6564,Latent_Defect,50.0
C01321,L1,ASIC,127.0,1.18,11.3167,12.4474,13.567,15.2104,1.216,1.3052,1.4494,1.6117,Normal,50.0
C01322,L1,DAC,126.51,1.788,12.194,13.0088,13.4834,14.8516,1.3033,1.3895,1.4232,1.5589,Normal,50.0
C01323,L1,ASIC,125.6,1.181,12.3382,13.1463,16.8121,24.0108,1.3233,1.3907,1.9122,2.7304,Latent_Defect,50.0
C01324,L1,ASIC,124.36,1.217,11.2095,11.2914,11.6364,11.7531,1.1725,1.2029,1.183,1.2061,High_Stable,50.0
C01325,L1,FPGA,126.34,1.117,11.5534,12.4233,13.5229,13.8674,1.1978,1.3386,1.4678,1.4602,Normal,50.0
C01326,L1,FPGA,126.36,1.077,11.4767,12.2778,12.966,13.9747,1.2064,1.3152,1.3299,1.4472,Normal,50.0
C01327,L1,FPGA,126.78,1.085,11.1202,11.7472,12.3519,13.3093,1.1673,1.2413,1.3103,1.3834,Normal,50.0
C01328,L1,ADC,125.37,1.8,11.5621,11.951,12.4123,13.2743,1.2236,1.2288,1.3197,1.4763,Normal,50.0
C01329,L1,FPGA,127.64,1.107,11.3132,12.0175,13.0958,14.052,1.1858,1.3015,1.3531,1.509,Normal,50.0
C01330,L1,ASIC,124.6,1.216,10.7781,11.0937,11.2436,11.3207,1.1717,1.1779,1.2135,1.1485,High_Stable,50.0
C01331,L1,ADC,125.29,1.806,11.2213,12.1319,13.3864,13.9,1.1594,1.2442,1.3961,1.469,Normal,50.0
C01332,L1,FPGA,124.69,1.081,11.8727,11.8541,11.9545,12.3228,1.1668,1.2179,1.247,1.2889,High_Stable,50.0
C01333,L1,FPGA,125.03,1.115,11.7675,12.6103,13.2788,14.4329,1.2935,1.3461,1.375,1.539,Normal,50.0
C01334,L1,ADC,124.6,1.823,11.9054,12.566,13.5961,14.3608,1.2342,1.3002,1.4648,1.5548,Normal,50.0
C01335,L1,FPGA,124.29,1.099,11.4499,14.2954,22.5564,51.0516,1.2153,1.5084,2.5594,6.9276,Absolute_Failure,50.0
C01336,L1,ADC,125.15,1.781,11.8909,11.9339,12.1651,12.2394,1.2625,1.2224,1.2794,1.3443,High_Stable,50.0
C01337,L1,ASIC,125.15,1.175,11.5447,12.1325,13.2025,13.6911,1.1842,1.2761,1.4329,1.4255,Normal,50.0
C01338,L1,ASIC,125.12,1.21,11.2696,11.9211,12.6626,14.0321,1.1357,1.2392,1.334,1.4878,Normal,50.0
C01339,L1,FPGA,124.14,1.097,12.0694,12.3512,12.1034,12.115,1.263,1.2842,1.3213,1.3139,High_Stable,50.0
C01340,L1,DAC,124.36,1.829,11.6575,12.7932,17.2761,24.5299,1.2094,1.3207,1.9017,2.789,Latent_Defect,50.0
C01341,L1,FPGA,124.19,1.083,11.5672,11.5731,11.8494,11.906,1.2039,1.188,1.2811,1.2124,High_Stable,50.0
C01342,L1,ASIC,125.09,1.196,10.765,12.2411,13.1911,13.3811,1.1338,1.2583,1.3786,1.3987,Normal,50.0
C01343,L1,ASIC,124.72,1.18,10.9797,11.6757,16.5922,52.4025,1.1676,1.2221,1.7824,7.1331,Absolute_Failure,50.0
C01344,L1,FPGA,125.94,1.113,11.6323,12.2829,12.508,13.6943,1.1816,1.2958,1.3056,1.4013,Normal,50.0
C01345,L1,ADC,124.52,1.813,12.3955,12.5398,12.6368,12.7207,1.3007,1.3286,1.3031,1.3458,High_Stable,50.0
C01346,L1,ASIC,125.88,1.208,11.0376,11.4221,11.8531,12.1245,1.1124,1.1707,1.207,1.3093,Normal,50.0
C01347,L1,FPGA,125.42,1.107,11.692,13.9203,20.3594,52.8545,1.2726,1.4476,2.215,7.2703,Absolute_Failure,50.0
C01348,L1,ADC,126.37,1.811,12.4041,13.5072,15.3592,37.2273,1.3005,1.4683,1.6289,4.6653,Sudden_Anomaly,50.0
C01349,L1,ASIC,124.31,1.184,11.5399,11.9093,12.8096,13.489,1.1787,1.2389,1.3599,1.4188,Normal,50.0
C01350,L1,ADC,124.75,1.816,11.8105,12.6775,13.5826,14.6637,1.2356,1.3403,1.4464,1.5467,Normal,50.0
C01351,L1,ADC,124.42,1.838,11.8547,12.8461,13.65,15.2425,1.233,1.3499,1.4343,1.6601,Normal,50.0
C01352,L1,DAC,124.76,1.772,12.0626,13.3771,13.6983,14.6026,1.251,1.4297,1.4216,1.6027,Normal,50.0
C01353,L1,ADC,123.84,1.788,11.623,12.7766,13.9064,14.9522,1.1785,1.3965,1.5033,1.6088,Normal,50.0
C01354,L1,DAC,124.15,1.773,12.4197,13.3018,14.5005,15.4542,1.3013,1.3999,1.5493,1.5989,Normal,50.0
C01355,L1,ADC,125.38,1.802,11.7759,12.4534,15.0585,39.8368,1.2365,1.3264,1.5831,5.052,Sudden_Anomaly,50.0
C01356,L1,ADC,124.26,1.785,11.7852,12.4934,12.9458,14.1148,1.1761,1.3373,1.3727,1.508,Normal,50.0
C01357,L1,ADC,125.78,1.805,11.4587,13.2687,15.7207,22.2847,1.1934,1.4192,1.6681,2.5095,Latent_Defect,50.0
C01358,L1,FPGA,125.31,1.11,11.4266,12.6153,16.3793,20.9507,1.1735,1.3076,1.7515,2.2995,Latent_Defect,50.0
C01359,L1,DAC,124.74,1.787,11.8273,12.3009,13.1283,14.0853,1.2299,1.3036,1.3885,1.4956,Normal,50.0
C01360,L1,ASIC,123.67,1.189,11.4522,12.0613,12.5,13.6283,1.1762,1.2933,1.3045,1.4788,Normal,50.0
C01361,L1,FPGA,125.29,1.098,11.3787,12.5336,14.4581,35.201,1.19,1.3356,1.5278,4.3179,Sudden_Anomaly,50.0
C01362,L1,ASIC,125.55,1.216,11.2445,11.8578,12.3905,12.922,1.1913,1.2012,1.3156,1.3435,Normal,50.0
C01363,L1,ADC,124.68,1.797,11.6141,12.7413,13.6639,14.7638,1.1952,1.3594,1.4286,1.5208,Normal,50.0
C01364,L1,ADC,124.58,1.791,10.8056,11.7932,16.7924,57.5146,1.0795,1.2845,1.8448,8.1142,Absolute_Failure,50.0
C01365,L1,FPGA,125.8,1.111,11.426,11.6118,11.842,13.0792,1.1938,1.2318,1.278,1.3722,Normal,50.0
C01366,L1,FPGA,125.87,1.108,11.4083,12.7193,17.1084,21.5548,1.1829,1.3149,1.8528,2.4399,Latent_Defect,50.0
C01367,L1,ADC,124.97,1.799,11.6758,12.4354,13.3883,14.5692,1.2473,1.2793,1.3966,1.5081,Normal,50.0
C01368,L1,FPGA,126.8,1.075,11.6466,11.5516,11.7426,11.6641,1.2046,1.1607,1.2157,1.2026,High_Stable,50.0
C01369,L1,ASIC,124.95,1.202,10.8165,10.9151,11.0362,11.0851,1.1406,1.1503,1.132,1.1501,High_Stable,50.0
C01370,L1,ASIC,125.34,1.225,11.8376,12.4541,13.2221,13.4454,1.2414,1.3223,1.4096,1.392,Normal,50.0
C01371,L1,ASIC,125.01,1.209,11.5408,13.1206,15.8583,22.5827,1.2198,1.4201,1.7399,2.5712,Latent_Defect,50.0
C01372,L1,DAC,124.59,1.791,12.5534,12.9156,13.8034,14.8611,1.3349,1.3412,1.4763,1.5626,Normal,50.0
C01373,L1,FPGA,125.22,1.088,11.3135,11.992,13.2579,14.5026,1.166,1.255,1.3883,1.5596,Normal,50.0
C01374,L1,ASIC,124.67,1.201,11.366,11.6604,12.4195,13.2537,1.173,1.2657,1.3101,1.385,Normal,50.0
C01375,L1,DAC,123.82,1.788,11.7914,13.3263,14.6201,41.0645,1.2866,1.4386,1.5966,5.2064,Sudden_Anomaly,50.0
C01376,L1,ADC,124.28,1.808,11.8826,12.4579,13.1389,14.4209,1.2431,1.3144,1.4042,1.5521,Normal,50.0
C01377,L1,DAC,125.06,1.799,11.7031,12.2504,13.4717,14.172,1.2424,1.2719,1.4352,1.5255,Normal,50.0
C01378,L1,ASIC,126.36,1.234,11.7693,11.6788,11.7009,11.8014,1.2453,1.197,1.2155,1.2299,High_Stable,50.0
C01379,L1,DAC,123.15,1.785,12.0919,12.7652,13.6098,14.8284,1.2884,1.3526,1.4732,1.573,Normal,50.0
C01380,L1,ADC,126.43,1.801,11.4909,12.6064,13.5972,14.9971,1.2176,1.3377,1.4362,1.6255,Normal,50.0
C01381,L1,ASIC,124.56,1.2,11.5933,12.3669,13.0445,14.0091,1.1893,1.2913,1.3527,1.5026,Normal,50.0
C01382,L1,ADC,124.46,1.801,12.1677,13.4435,16.0779,34.9629,1.3111,1.429,1.7652,4.34,Sudden_Anomaly,50.0
C01383,L1,ASIC,124.52,1.178,10.8424,11.958,12.0951,12.2687,1.123,1.2508,1.2193,1.2681,Normal,50.0
C01384,L1,ADC,124.51,1.795,12.515,13.5334,17.3279,24.5257,1.3695,1.3894,1.8737,2.8497,Latent_Defect,50.0
C01385,L1,ADC,125.43,1.809,12.4676,13.8298,14.1396,15.673,1.2459,1.4331,1.5254,1.6863,Normal,50.0
C01386,L1,ADC,124.15,1.77,12.1587,12.2778,12.4477,12.5121,1.2743,1.2693,1.3078,1.3323,High_Stable,50.0
C01387,L1,ADC,125.43,1.79,11.9457,13.2802,14.0352,14.9467,1.2781,1.4077,1.4849,1.6084,Normal,50.0
C01388,L1,ADC,124.66,1.778,12.5702,13.3135,14.2239,15.6023,1.3157,1.3878,1.5251,1.6817,Normal,50.0
C01389,L1,ADC,125.36,1.797,12.3055,13.106,15.6115,40.4799,1.2865,1.3509,1.7264,5.1162,Sudden_Anomaly,50.0
C01390,L1,ADC,123.29,1.804,12.0272,12.4257,12.777,13.0617,1.2128,1.2776,1.326,1.4162,Normal,50.0
C01391,L1,FPGA,125.02,1.107,11.3284,12.4953,12.937,13.4178,1.2004,1.3199,1.3757,1.4616,Normal,50.0
C01392,L1,FPGA,126.69,1.09,11.9577,12.2274,12.3648,12.4428,1.2593,1.3082,1.3354,1.3067,High_Stable,50.0
C01393,L1,ASIC,126.23,1.184,11.8884,13.9991,21.246,51.3114,1.2382,1.4562,2.4016,6.9937,Absolute_Failure,50.0
C01394,L1,FPGA,125.87,1.101,11.5955,12.6151,13.0335,14.1503,1.2314,1.2756,1.392,1.5193,Normal,50.0
C01395,L1,FPGA,124.63,1.076,11.4294,12.1929,13.006,13.4782,1.1506,1.2929,1.3821,1.4397,Normal,50.0
C01396,L1,DAC,125.24,1.779,11.981,12.9289,13.9424,14.3988,1.2565,1.3681,1.4738,1.5405,Normal,50.0
C01397,L1,ADC,124.28,1.822,12.0746,12.3746,13.5609,14.8306,1.2823,1.3075,1.4443,1.5843,Normal,50.0
C01398,L1,DAC,122.94,1.819,11.2902,11.9153,12.1621,12.9353,1.1666,1.2661,1.2212,1.3659,Normal,50.0
C01399,L1,FPGA,126.01,1.111,10.5925,11.16,11.3227,13.0575,1.0729,1.1521,1.1914,1.3962,Normal,50.0
C01400,L1,FPGA,125.48,1.084,11.7721,13.3135,17.3519,22.1748,1.242,1.4057,1.9006,2.4978,Latent_Defect,50.0
C01401,L1,ASIC,126.75,1.18,11.2823,12.7692,14.8,39.9964,1.1896,1.3514,1.5934,5.1032,Sudden_Anomaly,50.0
C01402,L1,FPGA,125.02,1.107,11.8375,12.4394,12.8453,14.0965,1.2184,1.3205,1.349,1.5338,Normal,50.0
C01403,L1,DAC,125.9,1.803,12.0892,13.2419,13.9897,14.7947,1.2542,1.4036,1.5017,1.5799,Normal,50.0
C01404,L1,FPGA,124.31,1.086,11.6702,13.0517,15.8111,42.1426,1.192,1.3584,1.7022,5.4312,Sudden_Anomaly,50.0
C01405,L1,ADC,125.11,1.794,12.4944,13.2559,14.6362,15.2046,1.3488,1.3997,1.5896,1.6104,Normal,50.0
C01406,L1,FPGA,125.37,1.107,11.6372,12.5828,13.5349,14.1916,1.2013,1.2719,1.4265,1.4827,Normal,50.0
C01407,L1,FPGA,125.94,1.067,11.8672,11.9216,11.7267,12.089,1.2901,1.2911,1.2192,1.2381,High_Stable,50.0
C01408,L1,ADC,124.7,1.807,12.4213,12.1879,12.3002,12.1447,1.3139,1.2683,1.2839,1.292,High_Stable,50.0
C01409,L1,ASIC,124.91,1.225,11.2722,12.2491,13.3104,14.2418,1.202,1.3223,1.4579,1.5585,Normal,50.0
C01410,L1,DAC,125.78,1.797,12.0009,12.7872,15.331,19.548,1.2594,1.3564,1.6724,2.2056,Latent_Defect,50.0
C01411,L1,DAC,125.25,1.803,12.1767,12.9232,14.8731,53.1443,1.2576,1.4033,1.5993,7.2883,Absolute_Failure,50.0
C01412,L1,FPGA,125.77,1.11,11.7585,14.0892,23.3189,54.8263,1.1961,1.458,2.6555,7.5847,Absolute_Failure,50.0
C01413,L1,FPGA,125.26,1.099,12.1679,13.2636,18.0807,25.3371,1.2535,1.4013,1.9501,2.9209,Latent_Defect,50.0
C01414,L1,DAC,125.59,1.827,11.3164,12.1711,12.7363,13.8418,1.1749,1.2553,1.296,1.4765,Normal,50.0
C01415,L1,ASIC,124.15,1.199,11.1594,12.2013,12.7883,13.0786,1.1829,1.2834,1.3398,1.387,Normal,50.0
C01416,L1,ASIC,125.39,1.204,11.3576,11.7202,12.5671,13.5153,1.2081,1.2053,1.2759,1.4127,Normal,50.0
C01417,L1,FPGA,125.57,1.089,11.8628,12.4774,12.4314,13.4574,1.1846,1.2962,1.332,1.4986,Normal,50.0
C01418,L1,ASIC,124.0,1.192,11.4337,11.3892,11.3858,11.3545,1.1658,1.1681,1.2015,1.1761,High_Stable,50.0
C01419,L1,ASIC,125.82,1.206,11.2974,12.998,17.6869,52.2998,1.1567,1.3748,1.9549,7.1581,Absolute_Failure,50.0
C01420,L1,FPGA,127.63,1.098,11.2379,11.9749,12.7461,12.8087,1.1454,1.296,1.3391,1.3316,Normal,50.0
C01421,L1,FPGA,125.19,1.123,11.6068,12.3849,12.8103,14.3369,1.2006,1.3218,1.342,1.538,Normal,50.0
C01422,L1,FPGA,126.06,1.107,11.618,12.2155,13.6242,14.82,1.2154,1.294,1.4281,1.5768,Normal,50.0
C01423,L1,FPGA,124.92,1.098,11.7183,12.415,13.3675,37.0652,1.2594,1.2419,1.3925,4.641,Sudden_Anomaly,50.0
C01424,L1,DAC,124.48,1.83,12.318,13.7589,16.4823,20.7889,1.2905,1.4478,1.8077,2.3271,Latent_Defect,50.0
C01425,L1,ASIC,125.88,1.22,11.1559,12.827,16.3642,25.1614,1.1558,1.3634,1.7403,2.9208,Latent_Defect,50.0
C01426,L1,ASIC,124.22,1.189,11.6689,11.7342,11.8071,12.1389,1.1562,1.2433,1.2154,1.2532,High_Stable,50.0
C01427,L1,ADC,124.38,1.814,11.9097,13.0679,13.9669,14.5839,1.2303,1.4026,1.5124,1.5695,Normal,50.0
C01428,L1,DAC,125.7,1.82,12.7064,13.28,15.1644,30.8485,1.3488,1.3926,1.6123,3.6857,Sudden_Anomaly,50.0
C01429,L1,ASIC,126.08,1.219,11.4556,12.3835,16.3991,56.5842,1.1942,1.28,1.779,7.9452,Absolute_Failure,50.0
C01430,L1,ADC,125.85,1.81,11.336,11.6982,12.5872,13.0113,1.184,1.1916,1.3229,1.3887,Normal,50.0
C01431,L1,ASIC,124.46,1.199,11.9682,13.9998,20.3236,56.6536,1.2263,1.4908,2.2545,8.0122,Absolute_Failure,50.0
C01432,L1,DAC,124.18,1.777,11.8022,11.9996,12.3832,13.3382,1.2063,1.259,1.2657,1.4096,Normal,50.0
C01433,L1,DAC,126.27,1.804,12.5375,13.5811,14.5518,15.1235,1.3369,1.4254,1.5381,1.6286,Normal,50.0
C01434,L1,ASIC,123.79,1.205,11.3286,12.7563,16.9345,22.348,1.1823,1.3283,1.8186,2.5381,Latent_Defect,50.0
C01435,L1,ASIC,125.6,1.213,11.7578,12.5939,13.0433,14.2944,1.2304,1.3272,1.3824,1.5043,Normal,50.0
C01436,L1,FPGA,126.75,1.095,11.3199,11.6315,12.1763,13.1936,1.2179,1.2189,1.2506,1.3817,Normal,50.0
C01437,L1,DAC,123.88,1.804,12.6406,13.3595,14.4344,15.7317,1.2983,1.4152,1.5542,1.728,Normal,50.0
C01438,L1,ASIC,125.83,1.193,11.8869,12.3006,17.1664,56.3908,1.2694,1.3127,1.8668,7.9284,Absolute_Failure,50.0
C01439,L1,ASIC,125.69,1.185,11.4823,12.1643,13.0785,14.539,1.1741,1.2596,1.3655,1.543,Normal,50.0
C01440,L1,FPGA,125.98,1.104,12.2121,12.607,12.8656,12.846,1.2208,1.2941,1.3706,1.3498,High_Stable,50.0
C01441,L1,ASIC,123.0,1.2,11.5705,11.7691,11.8282,12.2657,1.1743,1.1925,1.1971,1.2443,High_Stable,50.0
C01442,L1,DAC,124.32,1.779,11.1641,11.9747,13.1548,14.6233,1.1484,1.2564,1.3569,1.5446,Normal,50.0
C01443,L1,ADC,126.01,1.817,12.4616,12.6072,12.9125,13.2384,1.3377,1.3266,1.3355,1.3966,High_Stable,50.0
C01444,L1,FPGA,125.83,1.095,12.3708,12.4785,12.7334,12.57,1.2594,1.3288,1.3296,1.3183,High_Stable,50.0
C01445,L1,ASIC,125.73,1.204,11.2151,11.5639,13.6777,27.7155,1.1621,1.2322,1.4547,3.2365,Sudden_Anomaly,50.0
C01446,L1,ADC,124.88,1.801,11.4138,12.375,16.0776,20.7914,1.2304,1.2572,1.7042,2.3285,Latent_Defect,50.0
C01447,L1,ASIC,124.77,1.213,11.2648,12.0365,13.0098,14.6063,1.1395,1.2434,1.4014,1.5656,Normal,50.0
C01448,L1,ADC,125.16,1.807,11.8216,12.1476,12.8653,13.0112,1.2221,1.284,1.3409,1.3958,Normal,50.0
C01449,L1,ASIC,124.21,1.229,11.3941,12.2232,12.5936,13.8926,1.1333,1.2727,1.3291,1.48,Normal,50.0
C01450,L1,DAC,125.32,1.809,12.1844,13.091,16.8435,20.6983,1.2919,1.3555,1.8308,2.3479,Latent_Defect,50.0
C01451,L1,FPGA,126.77,1.102,11.6067,12.9861,13.9223,14.6289,1.2058,1.3975,1.4767,1.5676,Normal,50.0
C01452,L1,ADC,124.38,1.806,12.0965,12.8388,13.5883,14.121,1.2638,1.3507,1.4506,1.4752,Normal,50.0
C01453,L1,ADC,124.94,1.808,11.6594,12.252,14.9369,52.5193,1.2294,1.2457,1.5897,7.2177,Absolute_Failure,50.0
C01454,L1,ADC,124.56,1.829,12.2238,12.7013,13.7179,14.7745,1.2701,1.3268,1.4457,1.5704,Normal,50.0
C01455,L1,DAC,125.18,1.792,12.0616,12.4158,12.3928,12.4143,1.3055,1.3086,1.3095,1.2925,High_Stable,50.0
C01456,L1,FPGA,125.27,1.073,11.091,12.0775,12.5386,13.2304,1.1676,1.2928,1.2944,1.3695,Normal,50.0
C01457,L1,FPGA,125.29,1.101,11.6034,12.4668,12.9272,14.0411,1.1821,1.3141,1.3924,1.4956,Normal,50.0
C01458,L1,FPGA,124.67,1.105,11.1188,11.4468,12.1345,12.6494,1.1593,1.1737,1.2529,1.3248,Normal,50.0
C01459,L1,ADC,124.77,1.798,12.1529,11.973,12.1258,12.0431,1.2482,1.3127,1.2758,1.2908,High_Stable,50.0
C01460,L1,FPGA,126.09,1.097,11.8449,11.8912,11.9706,12.3969,1.2074,1.2713,1.2426,1.3324,High_Stable,50.0
C01461,L1,ASIC,125.33,1.198,12.0153,12.5219,13.0979,14.2314,1.2277,1.3141,1.3445,1.5172,Normal,50.0
C01462,L1,ASIC,123.02,1.192,10.9719,12.581,16.4076,23.3617,1.1335,1.3506,1.7527,2.6675,Latent_Defect,50.0
C01463,L1,DAC,124.97,1.807,11.7978,12.9831,14.7244,36.0283,1.2458,1.3777,1.5611,4.4879,Sudden_Anomaly,50.0
C01464,L1,FPGA,126.25,1.12,11.8414,11.7581,12.0662,12.1735,1.2601,1.2566,1.2778,1.2577,High_Stable,50.0
C01465,L1,ASIC,122.86,1.198,11.2618,11.8376,12.8334,13.2177,1.1768,1.2258,1.4028,1.3999,Normal,50.0
C01466,L1,ADC,124.46,1.823,12.0777,12.9334,13.4988,14.3312,1.2915,1.3762,1.3973,1.4783,Normal,50.0
C01467,L1,FPGA,126.56,1.086,11.5455,11.9635,13.3195,13.5366,1.2064,1.2512,1.4037,1.423,Normal,50.0
C01468,L1,FPGA,125.44,1.105,11.9571,12.625,13.1527,13.5526,1.2345,1.2904,1.3737,1.4507,Normal,50.0
C01469,L1,DAC,125.5,1.793,11.8052,13.6336,17.3102,22.2464,1.263,1.4226,1.901,2.553,Latent_Defect,50.0
C01470,L1,ASIC,124.82,1.198,11.5349,12.3011,12.7229,13.3212,1.1904,1.2783,1.3442,1.456,Normal,50.0
C01471,L1,FPGA,123.76,1.086,11.5103,11.8751,12.7912,13.1541,1.2237,1.2339,1.3099,1.4029,Normal,50.0
C01472,L1,FPGA,124.97,1.123,11.1188,12.235,12.6578,13.4478,1.1621,1.2654,1.328,1.4061,Normal,50.0
C01473,L1,FPGA,125.91,1.126,11.6797,12.0426,13.1347,14.0408,1.1902,1.2707,1.3952,1.4552,Normal,50.0
C01474,L1,ASIC,125.33,1.21,11.4417,12.0997,12.7832,14.3091,1.2087,1.3094,1.3369,1.5094,Normal,50.0
C01475,L1,FPGA,124.02,1.077,10.9888,11.7956,12.4234,12.6572,1.1648,1.2501,1.2684,1.3369,Normal,50.0
C01476,L1,FPGA,124.71,1.128,11.9961,12.313,12.2048,12.6309,1.2146,1.2849,1.2387,1.3012,High_Stable,50.0
C01477,L1,FPGA,126.14,1.117,11.1942,11.8777,12.0912,12.8835,1.1518,1.242,1.2677,1.3844,Normal,50.0
C01478,L1,FPGA,126.23,1.081,10.9352,11.4233,11.6759,11.99,1.1681,1.2014,1.2405,1.2559,Normal,50.0
C01479,L1,FPGA,125.91,1.104,11.051,13.9584,19.8897,59.6569,1.1549,1.4772,2.2556,8.4962,Absolute_Failure,50.0
C01480,L1,ADC,124.73,1.807,11.6698,12.7816,13.6766,14.4636,1.2452,1.3242,1.4482,1.5307,Normal,50.0
C01481,L1,ASIC,124.62,1.211,11.268,12.2155,12.6026,14.2895,1.1746,1.2442,1.3006,1.48,Normal,50.0
C01482,L1,ASIC,123.94,1.208,11.2135,11.7835,12.1802,12.749,1.17,1.2111,1.2652,1.3307,Normal,50.0
C01483,L1,ADC,124.8,1.808,11.8543,11.9212,11.9782,12.5291,1.2481,1.248,1.2354,1.3359,High_Stable,50.0
C01484,L1,FPGA,124.08,1.097,11.2081,11.5065,12.7553,13.1995,1.2161,1.1982,1.3564,1.3965,Normal,50.0
C01485,L1,ASIC,124.15,1.192,10.8878,12.579,17.0913,21.1056,1.1427,1.3574,1.8487,2.3328,Latent_Defect,50.0
C01486,L1,ADC,125.12,1.797,12.1043,12.898,13.4269,14.1258,1.2724,1.3165,1.4399,1.502,Normal,50.0
C01487,L1,ASIC,125.6,1.188,11.3558,14.0308,19.855,60.9724,1.1998,1.4894,2.1743,8.6966,Absolute_Failure,50.0
C01488,L1,DAC,125.16,1.756,12.1902,13.076,13.7738,14.5929,1.3052,1.3733,1.421,1.551,Normal,50.0
C01489,L1,ASIC,125.05,1.21,11.5951,12.8044,21.2925,56.8673,1.2341,1.3759,2.3486,8.0073,Absolute_Failure,50.0
C01490,L1,ASIC,124.95,1.195,11.3555,12.2747,16.3603,21.724,1.192,1.3167,1.7744,2.4295,Latent_Defect,50.0
C01491,L1,FPGA,125.54,1.098,11.6238,12.4826,15.8672,19.7292,1.2018,1.2769,1.7378,2.1621,Latent_Defect,50.0
C01492,L1,ASIC,125.39,1.2,11.8031,11.9358,13.5224,13.9181,1.2058,1.2674,1.4422,1.4792,Normal,50.0
C01493,L1,ASIC,126.06,1.199,12.2223,12.2858,12.4379,12.6287,1.273,1.308,1.2317,1.3255,High_Stable,50.0
C01494,L1,ADC,124.69,1.787,11.5853,12.4671,13.59,15.0338,1.2116,1.2961,1.4353,1.6019,Normal,50.0
C01495,L1,FPGA,125.39,1.088,10.9861,12.1062,12.1496,13.3963,1.1457,1.2616,1.2681,1.4074,Normal,50.0
C01496,L1,FPGA,124.97,1.105,12.0429,12.2625,12.4782,12.5064,1.3067,1.2685,1.3773,1.3443,High_Stable,50.0
C01497,L1,ASIC,124.17,1.214,10.6486,11.9218,16.2097,20.1161,1.0909,1.2301,1.7629,2.1918,Latent_Defect,50.0
C01498,L1,FPGA,123.92,1.095,11.7483,12.9988,13.5083,14.1325,1.2489,1.3586,1.4224,1.5108,Normal,50.0
C01499,L1,ASIC,125.06,1.208,11.1983,13.7949,23.4591,58.9574,1.166,1.4693,2.6872,8.3877,Absolute_Failure,50.0
C01500,L1,ADC,125.67,1.802,11.6563,12.7147,17.3291,50.6879,1.1964,1.3712,1.8537,6.9233,Absolute_Failure,50.0
C01501,L1,DAC,126.81,1.806,12.395,12.3707,12.5882,12.6039,1.3028,1.3222,1.3546,1.3297,High_Stable,50.0
C01502,L1,FPGA,124.49,1.115,10.8646,11.9592,15.6072,20.9171,1.1018,1.2636,1.6704,2.3044,Latent_Defect,50.0
C01503,L1,ASIC,123.97,1.192,11.119,12.0221,16.649,21.4979,1.1966,1.2817,1.8029,2.4416,Latent_Defect,50.0
C01504,L1,ASIC,125.23,1.192,11.1518,11.783,12.2948,13.2115,1.1052,1.2118,1.3098,1.3944,Normal,50.0
C01505,L1,FPGA,125.34,1.1,10.9644,11.4187,11.9668,13.4651,1.1381,1.1752,1.2365,1.4144,Normal,50.0
C01506,L1,ASIC,126.0,1.167,11.3597,12.5464,13.2162,13.6135,1.1763,1.319,1.3706,1.4525,Normal,50.0
C01507,L1,ASIC,124.22,1.203,11.279,12.1739,12.485,13.5448,1.1892,1.2592,1.2937,1.4451,Normal,50.0
C01508,L1,ADC,125.3,1.828,11.9917,12.1677,12.6803,13.6351,1.2494,1.23,1.2948,1.435,Normal,50.0
C01509,L1,ADC,124.52,1.811,11.806,12.7422,12.8839,13.6831,1.2458,1.3445,1.3555,1.4465,Normal,50.0
C01510,L1,ASIC,125.27,1.193,11.6539,11.81,12.1998,12.0615,1.2493,1.2298,1.3406,1.2713,High_Stable,50.0
C01511,L1,DAC,124.94,1.82,11.9736,12.2851,12.9242,13.5674,1.2564,1.2998,1.3611,1.4048,Normal,50.0
C01512,L1,ASIC,125.42,1.188,11.5363,11.8637,12.9988,13.6632,1.1818,1.2331,1.3415,1.4652,Normal,50.0
C01513,L1,ASIC,123.84,1.192,11.2085,11.9545,12.2779,13.2363,1.1586,1.2644,1.2637,1.3843,Normal,50.0
C01514,L1,FPGA,124.82,1.092,11.0938,11.4947,16.0744,51.24,1.151,1.1764,1.7172,6.9569,Absolute_Failure,50.0
C01515,L1,ASIC,126.1,1.214,11.4984,12.3721,12.7733,14.3331,1.2118,1.3104,1.2973,1.5593,Normal,50.0
C01516,L1,ASIC,124.88,1.209,10.957,11.1835,11.5687,11.775,1.1526,1.1404,1.2081,1.2274,Normal,50.0
C01517,L1,DAC,125.29,1.791,12.7299,13.6975,14.9196,15.8508,1.339,1.4873,1.5992,1.6799,Normal,50.0
C01518,L1,ADC,126.21,1.808,11.7232,12.8934,14.0841,15.0819,1.2311,1.365,1.5096,1.6125,Normal,50.0
C01519,L1,DAC,125.21,1.807,11.9669,12.9546,13.99,14.39,1.2729,1.361,1.5011,1.4989,Normal,50.0
C01520,L1,FPGA,126.02,1.099,11.8041,12.559,13.5128,14.8648,1.2381,1.3313,1.4305,1.5639,Normal,50.0
C01521,L1,DAC,124.94,1.8,12.2827,12.76,13.8102,15.0103,1.2364,1.3622,1.4329,1.6288,Normal,50.0
C01522,L1,FPGA,125.4,1.099,11.9525,12.1081,12.5843,13.246,1.2802,1.2574,1.3323,1.3883,Normal,50.0
C01523,L1,DAC,125.98,1.796,11.4913,12.3028,13.3492,14.3906,1.2223,1.2697,1.388,1.5269,Normal,50.0
C01524,L1,DAC,126.39,1.799,12.3864,13.8431,15.5273,41.2434,1.3036,1.4541,1.6606,5.2944,Sudden_Anomaly,50.0
C01525,L1,DAC,125.26,1.814,12.0987,12.8392,13.7981,15.3115,1.2755,1.3709,1.4855,1.6824,Normal,50.0
C01526,L1,ASIC,126.4,1.216,10.8642,11.4053,12.6173,13.3624,1.1168,1.1658,1.3403,1.3937,Normal,50.0
C01527,L1,FPGA,126.77,1.114,11.8814,13.2764,15.2415,20.8448,1.2334,1.4346,1.603,2.2974,Latent_Defect,50.0
C01528,L1,DAC,124.77,1.807,12.2756,12.2718,12.4565,12.5549,1.2789,1.2455,1.3263,1.3361,High_Stable,50.0
C01529,L1,ADC,125.21,1.826,11.7804,12.5827,13.4516,15.0061,1.2145,1.3217,1.4355,1.5905,Normal,50.0
C01530,L1,ASIC,124.62,1.179,11.6023,12.3528,13.2179,14.0256,1.2275,1.2821,1.3993,1.4827,Normal,50.0
C01531,L1,FPGA,125.72,1.094,11.3888,12.5007,12.9137,13.7693,1.1599,1.3012,1.3768,1.4782,Normal,50.0
C01532,L1,FPGA,125.06,1.093,11.321,11.4294,12.5516,13.9348,1.1832,1.1755,1.344,1.4894,Normal,50.0
C01533,L1,ADC,124.21,1.779,11.4064,13.3628,19.6709,54.6198,1.2066,1.408,2.231,7.6102,Absolute_Failure,50.0
C01534,L1,FPGA,125.19,1.095,11.1806,13.1808,18.4541,53.1607,1.1628,1.4134,2.0333,7.3356,Absolute_Failure,50.0
C01535,L1,DAC,125.63,1.789,12.663,13.0791,13.5364,14.8195,1.3183,1.3722,1.4623,1.6002,Normal,50.0
C01536,L1,ASIC,125.35,1.182,11.7682,12.6577,13.2446,14.168,1.1921,1.3315,1.4164,1.514,Normal,50.0
C01537,L1,FPGA,125.17,1.092,11.4223,13.048,17.1814,23.3051,1.1753,1.3862,1.8707,2.6654,Latent_Defect,50.0
C01538,L1,FPGA,125.62,1.091,12.2091,12.6071,13.3222,14.0091,1.2786,1.3275,1.392,1.4926,Normal,50.0
C01539,L1,DAC,125.66,1.803,12.3417,12.974,13.043,13.913,1.3036,1.4005,1.4212,1.4536,Normal,50.0
C01540,L1,DAC,125.36,1.804,11.9864,13.4684,15.6422,39.4731,1.2455,1.426,1.7379,4.9725,Sudden_Anomaly,50.0
C01541,L1,FPGA,125.84,1.115,12.1861,14.1925,17.1235,21.562,1.3006,1.4697,1.8951,2.4438,Latent_Defect,50.0
C01542,L1,ASIC,124.94,1.221,11.5712,12.4308,13.008,14.2767,1.2242,1.2886,1.333,1.5224,Normal,50.0
C01543,L1,DAC,124.14,1.801,11.9664,13.7314,16.8691,44.002,1.2728,1.4617,1.8014,5.7362,Sudden_Anomaly,50.0
C01544,L1,FPGA,126.26,1.085,11.7116,12.3636,12.7966,14.1295,1.2495,1.2914,1.3482,1.5163,Normal,50.0
C01545,L1,FPGA,123.97,1.086,11.1818,11.7683,12.8006,13.9442,1.1836,1.2634,1.3775,1.4848,Normal,50.0
C01546,L1,ADC,124.38,1.837,12.1955,12.8474,13.2023,13.9448,1.3052,1.3068,1.3846,1.5131,Normal,50.0
C01547,L1,ADC,125.8,1.783,11.7349,12.0373,13.361,13.7368,1.2547,1.2612,1.4113,1.4634,Normal,50.0
C01548,L1,DAC,125.21,1.782,11.6113,12.5591,13.7236,14.9961,1.1904,1.3082,1.4168,1.6005,Normal,50.0
C01549,L1,FPGA,125.57,1.114,11.4743,12.3513,12.8881,13.3601,1.2227,1.289,1.3485,1.448,Normal,50.0
C01550,L1,FPGA,123.94,1.087,12.4982,12.4691,12.8281,12.8784,1.279,1.3704,1.3602,1.3761,High_Stable,50.0
C01551,L1,ADC,125.29,1.815,12.0561,12.9756,13.8048,14.8413,1.2821,1.3834,1.5139,1.6125,Normal,50.0
C01552,L1,ADC,125.16,1.821,12.5058,12.86,13.1511,13.9788,1.281,1.3179,1.4167,1.5291,Normal,50.0
C01553,L1,ASIC,125.8,1.212,11.8971,12.2499,12.9418,14.2241,1.2399,1.3315,1.4109,1.5241,Normal,50.0
C01554,L1,ASIC,124.91,1.188,11.2167,11.3095,11.5273,11.5388,1.1391,1.175,1.1807,1.2073,High_Stable,50.0
C01555,L1,ASIC,124.92,1.195,11.9663,12.9759,14.3078,41.0157,1.2676,1.3549,1.5131,5.2302,Sudden_Anomaly,50.0
C01556,L1,FPGA,125.44,1.095,12.4647,13.329,13.4308,14.576,1.3256,1.4163,1.4565,1.5739,Normal,50.0
C01557,L1,FPGA,124.52,1.093,11.7411,13.0282,14.1099,15.236,1.2445,1.3746,1.4952,1.6327,Normal,50.0
C01558,L1,ASIC,123.91,1.205,11.1891,11.9806,13.1972,14.9269,1.1521,1.2726,1.3835,1.5823,Normal,50.0
C01559,L1,ASIC,124.39,1.167,10.6554,11.4075,12.1852,12.1718,1.0999,1.1797,1.297,1.2836,Normal,50.0
C01560,L1,FPGA,125.01,1.093,11.8749,14.2528,21.8205,52.6465,1.2299,1.5263,2.4008,7.2154,Absolute_Failure,50.0
C01561,L1,DAC,124.68,1.803,12.0905,12.403,15.1241,37.424,1.2947,1.2741,1.6146,4.6812,Sudden_Anomaly,50.0
C01562,L1,ADC,124.92,1.764,11.6964,12.6279,13.4749,14.6892,1.2494,1.3341,1.479,1.5524,Normal,50.0
C01563,L1,FPGA,125.29,1.094,11.2941,11.6365,12.2709,13.4172,1.1589,1.2356,1.2589,1.4061,Normal,50.0
C01564,L1,FPGA,124.48,1.09,11.2095,11.483,11.8772,12.6028,1.1268,1.2148,1.2613,1.3233,Normal,50.0
C01565,L1,DAC,125.8,1.802,11.6433,12.3014,13.3454,14.7594,1.2583,1.2887,1.3965,1.5928,Normal,50.0
C01566,L1,FPGA,124.73,1.07,11.5807,12.4958,13.9301,15.5661,1.2181,1.3345,1.5004,1.6406,Normal,50.0
C01567,L1,DAC,124.28,1.797,11.9879,12.6031,13.993,15.42,1.2602,1.3342,1.5083,1.677,Normal,50.0
C01568,L1,FPGA,126.06,1.095,11.6125,12.4895,13.5588,29.3056,1.2097,1.3281,1.4434,3.4493,Sudden_Anomaly,50.0
C01569,L1,ADC,124.36,1.826,11.5397,12.0613,12.3769,13.5472,1.2637,1.2645,1.2876,1.4187,Normal,50.0
C01570,L1,ADC,124.29,1.784,11.7355,12.4575,13.2473,13.8075,1.2807,1.3409,1.4474,1.45,Normal,50.0
C01571,L1,DAC,125.28,1.815,11.9642,12.2217,12.4364,12.6669,1.2323,1.287,1.3028,1.3266,High_Stable,50.0
C01572,L1,ASIC,125.73,1.205,12.14,12.8911,13.8537,14.3839,1.2046,1.3644,1.4775,1.5266,Normal,50.0
C01573,L1,ASIC,124.0,1.221,11.0516,12.1429,12.9941,13.7535,1.1593,1.2707,1.3908,1.4586,Normal,50.0
C01574,L1,FPGA,125.42,1.109,11.1389,12.0674,12.4358,13.3846,1.1636,1.3461,1.2976,1.4533,Normal,50.0
C01575,L1,FPGA,125.73,1.101,11.5426,12.4517,13.2803,13.8204,1.2297,1.2911,1.4285,1.4261,Normal,50.0
C01576,L1,DAC,125.0,1.801,11.9538,13.6174,17.714,25.336,1.2559,1.4563,1.9266,2.955,Latent_Defect,50.0
C01577,L1,ASIC,124.84,1.221,11.2149,12.2256,12.897,13.6561,1.172,1.2592,1.335,1.4844,Normal,50.0
C01578,L1,ASIC,125.22,1.22,11.1563,12.0211,12.8084,14.0386,1.1738,1.2209,1.3428,1.5083,Normal,50.0
C01579,L1,ADC,124.34,1.785,11.7872,11.8842,11.6783,11.9032,1.2109,1.252,1.232,1.2683,High_Stable,50.0
C01580,L1,ASIC,125.9,1.221,11.5508,12.4276,13.3499,14.3957,1.2447,1.2985,1.3908,1.519,Normal,50.0
C01581,L1,FPGA,124.41,1.089,11.8258,12.9962,19.2873,53.1309,1.2323,1.4395,2.152,7.3151,Absolute_Failure,50.0
C01582,L1,DAC,123.4,1.801,11.8471,14.4237,21.7483,52.3701,1.2554,1.5154,2.4689,7.1548,Absolute_Failure,50.0
C01583,L1,ADC,126.11,1.785,12.1474,13.2751,14.2842,15.0788,1.2758,1.4262,1.5133,1.5617,Normal,50.0
C01584,L1,DAC,124.24,1.811,12.2999,12.6569,13.8287,14.0443,1.317,1.3412,1.4617,1.5006,Normal,50.0
C01585,L1,ADC,124.48,1.804,11.4396,11.9574,13.0541,14.1347,1.1901,1.2404,1.3518,1.4616,Normal,50.0
C01586,L1,DAC,125.69,1.794,11.841,12.3358,13.2207,13.9655,1.2562,1.3335,1.4373,1.4689,Normal,50.0
C01587,L1,ASIC,124.56,1.197,11.0373,11.9359,12.6544,13.9131,1.1655,1.2741,1.3571,1.4679,Normal,50.0
C01588,L1,ADC,124.15,1.804,12.2497,13.393,15.8365,20.0911,1.2798,1.4301,1.7067,2.2433,Latent_Defect,50.0
C01589,L1,ASIC,124.84,1.199,11.5464,12.7077,13.3287,14.6761,1.1957,1.348,1.3499,1.5287,Normal,50.0
C01590,L1,ASIC,125.04,1.185,11.0204,11.2822,12.4261,13.8619,1.1601,1.173,1.3246,1.4488,Normal,50.0
C01591,L1,FPGA,125.63,1.096,11.4751,11.8051,12.8167,13.12,1.2163,1.256,1.3232,1.3652,Normal,50.0
C01592,L1,DAC,125.21,1.799,12.1584,13.3349,16.1679,22.3114,1.2935,1.3946,1.7716,2.5174,Latent_Defect,50.0
C01593,L1,ASIC,126.09,1.18,11.3677,11.3803,11.2602,11.8386,1.1713,1.2137,1.1968,1.2459,High_Stable,50.0
C01594,L1,FPGA,125.46,1.109,10.9903,12.2902,13.5078,27.0061,1.1122,1.2972,1.4344,3.2181,Sudden_Anomaly,50.0
C01595,L1,ASIC,126.08,1.178,11.4886,11.8794,13.0234,31.987,1.2174,1.2526,1.3347,3.8702,Sudden_Anomaly,50.0
C01596,L1,ADC,125.15,1.788,11.5835,12.9587,13.3692,14.3365,1.1903,1.3968,1.3929,1.5259,Normal,50.0
C01597,L1,DAC,125.66,1.781,12.1953,12.9642,13.9317,14.3742,1.2892,1.3469,1.4685,1.554,Normal,50.0
C01598,L1,ADC,124.48,1.777,11.8694,12.1809,12.6619,13.3627,1.2383,1.2938,1.3358,1.4013,Normal,50.0
C01599,L1,ASIC,125.83,1.198,11.8209,12.2712,13.6073,40.747,1.2314,1.2728,1.4291,5.2177,Sudden_Anomaly,50.0
C01600,L1,ASIC,124.6,1.191,11.7067,11.4541,11.5758,11.881,1.2315,1.1828,1.2054,1.2461,High_Stable,50.0
C01601,L1,ADC,123.67,1.791,11.7511,14.1103,20.4291,54.9938,1.2259,1.512,2.2569,7.5812,Absolute_Failure,50.0
C01602,L1,ASIC,124.08,1.21,11.1262,11.9442,13.2674,13.4089,1.1963,1.2929,1.3981,1.4188,Normal,50.0
C01603,L1,ASIC,124.48,1.192,11.5337,11.9487,13.2654,13.7175,1.2247,1.2543,1.4046,1.4793,Normal,50.0
C01604,L1,FPGA,124.18,1.084,11.6113,12.3198,13.1954,13.9782,1.1905,1.3208,1.3236,1.4717,Normal,50.0
C01605,L1,FPGA,125.05,1.116,11.5622,13.0615,15.9835,22.7541,1.2044,1.3652,1.7657,2.5691,Latent_Defect,50.0
C01606,L1,ASIC,125.21,1.227,11.449,11.482,11.7227,12.0051,1.1919,1.1731,1.217,1.2348,High_Stable,50.0
C01607,L1,DAC,124.88,1.792,12.5233,13.2873,15.8911,22.5999,1.2781,1.4124,1.6854,2.5677,Latent_Defect,50.0
C01608,L1,ADC,124.94,1.776,11.6216,12.075,13.0681,13.8132,1.2382,1.2847,1.3664,1.4951,Normal,50.0
C01609,L1,FPGA,124.71,1.098,11.1016,11.6472,11.7433,12.6762,1.1488,1.2188,1.2645,1.3372,Normal,50.0
C01610,L1,ASIC,123.44,1.193,11.7339,12.9308,13.2731,14.7808,1.2039,1.37,1.4064,1.5801,Normal,50.0
C01611,L1,FPGA,123.75,1.085,10.9704,11.2839,11.8104,13.1771,1.1123,1.1774,1.2435,1.3589,Normal,50.0
C01612,L1,ASIC,124.43,1.202,11.8288,12.148,12.2314,12.1253,1.2159,1.2668,1.2795,1.2785,High_Stable,50.0
C01613,L1,DAC,126.71,1.798,12.0229,12.3627,12.4766,12.5968,1.2782,1.2924,1.3233,1.2917,High_Stable,50.0
C01614,L1,ADC,124.9,1.797,11.8177,12.5071,13.0799,13.4216,1.2478,1.3127,1.3675,1.3966,Normal,50.0
C01615,L1,ADC,124.69,1.83,11.3297,11.7029,12.4275,13.1947,1.1869,1.2042,1.3226,1.4001,Normal,50.0
C01616,L1,FPGA,125.87,1.09,11.7281,12.4864,13.7094,38.9701,1.2459,1.2898,1.5054,4.9663,Sudden_Anomaly,50.0
C01617,L1,ASIC,125.03,1.201,11.3335,11.7084,12.2487,13.7247,1.1745,1.2343,1.2401,1.4543,Normal,50.0
C01618,L1,ASIC,125.06,1.179,11.7556,11.9562,12.5004,13.8894,1.2776,1.2599,1.3276,1.4865,Normal,50.0
C01619,L1,DAC,124.4,1.796,12.0434,12.6316,12.7066,14.0381,1.2577,1.3518,1.3336,1.5168,Normal,50.0
C01620,L1,ADC,125.13,1.804,12.3761,12.8736,13.2974,14.0785,1.3365,1.3538,1.4657,1.5092,Normal,50.0
C01621,L1,FPGA,125.74,1.102,11.1314,11.6708,12.3978,13.6678,1.1196,1.2247,1.3337,1.4522,Normal,50.0
C01622,L1,ADC,124.53,1.808,11.0899,11.7215,12.1226,12.7599,1.1804,1.2193,1.2358,1.3781,Normal,50.0
C01623,L1,ASIC,125.45,1.19,12.1181,12.7813,13.5322,14.7638,1.2602,1.3542,1.4098,1.5727,Normal,50.0
C01624,L1,ASIC,125.15,1.176,11.287,11.6599,12.4104,12.5892,1.1431,1.2067,1.3366,1.3359,Normal,50.0
C01625,L1,ADC,124.06,1.783,11.9881,13.3143,14.9225,32.5943,1.2906,1.3806,1.6168,3.9824,Sudden_Anomaly,50.0
C01626,L1,FPGA,125.67,1.124,11.8313,12.1425,12.232,13.0356,1.2284,1.2993,1.2895,1.3757,Normal,50.0
C01627,L1,ASIC,125.23,1.212,11.2673,12.4813,17.0267,20.8547,1.178,1.3514,1.855,2.3312,Latent_Defect,50.0
C01628,L1,DAC,125.49,1.797,11.6876,12.3146,12.7581,12.6794,1.1968,1.3044,1.3553,1.3169,Normal,50.0
C01629,L1,FPGA,126.79,1.14,12.1425,14.5344,18.3529,54.7463,1.2463,1.5465,1.9634,7.5628,Absolute_Failure,50.0
C01630,L1,FPGA,124.34,1.116,11.9613,11.9777,11.893,12.1963,1.2193,1.2622,1.245,1.2436,High_Stable,50.0
C01631,L1,FPGA,125.45,1.103,11.3053,12.0094,12.4981,13.0843,1.1711,1.2078,1.3493,1.3311,Normal,50.0
C01632,L1,ADC,126.49,1.802,11.9516,12.7928,16.929,24.6836,1.2353,1.357,1.8643,2.8518,Latent_Defect,50.0
C01633,L1,FPGA,126.43,1.105,11.6113,13.4462,16.8714,24.6995,1.2038,1.4389,1.848,2.8699,Latent_Defect,50.0
C01634,L1,FPGA,125.25,1.086,11.7164,11.7348,11.8068,11.7729,1.2177,1.2561,1.226,1.2318,High_Stable,50.0
C01635,L1,FPGA,125.03,1.106,11.1298,12.9411,17.1518,57.9262,1.1536,1.3532,1.8743,8.1981,Absolute_Failure,50.0
C01636,L1,DAC,125.97,1.772,12.3841,14.2133,18.4441,23.6613,1.2547,1.4911,2.0399,2.6842,Latent_Defect,50.0
C01637,L1,DAC,124.17,1.813,12.4312,13.7224,14.1122,14.5155,1.3057,1.4851,1.5198,1.5766,Normal,50.0
C01638,L1,ASIC,124.34,1.211,11.6794,11.72,11.8098,12.391,1.2026,1.2557,1.2077,1.3126,High_Stable,50.0
C01639,L1,FPGA,126.29,1.116,11.3771,11.4711,12.0396,13.0823,1.2397,1.144,1.2402,1.382,Normal,50.0
C01640,L1,FPGA,124.67,1.109,12.4315,13.0225,13.9922,14.4763,1.2546,1.369,1.5063,1.5284,Normal,50.0
C01641,L1,ADC,123.82,1.816,11.7702,13.1917,17.5514,53.5539,1.2476,1.4279,1.9116,7.3898,Absolute_Failure,50.0
C01642,L1,ASIC,124.9,1.203,11.7202,12.3754,13.2222,14.2342,1.162,1.3593,1.4064,1.5371,Normal,50.0
C01643,L1,ADC,124.61,1.812,10.7689,11.5349,12.3758,13.8569,1.1417,1.1845,1.3218,1.457,Normal,50.0
C01644,L1,ASIC,125.54,1.213,11.0457,12.2987,12.8525,14.0277,1.1547,1.2645,1.3726,1.5112,Normal,50.0
C01645,L1,ADC,125.15,1.774,11.7164,12.8065,12.7523,13.3702,1.2278,1.3516,1.3457,1.4005,Normal,50.0
C01646,L1,ASIC,124.1,1.17,11.0927,12.2192,13.1392,14.2519,1.1629,1.2929,1.3761,1.4912,Normal,50.0
C01647,L1,ADC,123.27,1.812,11.7474,12.3895,12.6778,13.5986,1.2863,1.2669,1.36,1.454,Normal,50.0
C01648,L1,ASIC,125.5,1.2,11.4929,12.9708,21.875,61.0609,1.1733,1.3795,2.4421,8.7514,Absolute_Failure,50.0
C01649,L1,ASIC,124.54,1.193,11.3263,11.8238,12.1524,13.1657,1.1839,1.2595,1.234,1.3775,Normal,50.0
C01650,L1,FPGA,125.43,1.101,11.6551,11.9111,12.029,12.0542,1.2223,1.2055,1.258,1.2249,High_Stable,50.0
C01651,L1,FPGA,124.41,1.102,11.5334,12.0379,12.5433,12.9876,1.2276,1.2615,1.2984,1.3689,Normal,50.0
C01652,L1,ADC,125.91,1.799,12.3147,12.3583,12.4744,12.7815,1.2826,1.2733,1.3334,1.3168,High_Stable,50.0
C01653,L1,FPGA,125.19,1.083,12.0345,12.226,12.4294,12.1203,1.2711,1.2587,1.2882,1.2983,High_Stable,50.0
C01654,L1,FPGA,125.56,1.105,11.3815,13.1821,15.8037,32.5337,1.1836,1.4114,1.6548,3.9143,Sudden_Anomaly,50.0
C01655,L1,FPGA,125.59,1.103,11.6001,13.1263,15.4013,22.9912,1.209,1.3792,1.6971,2.6166,Latent_Defect,50.0
C01656,L1,FPGA,124.83,1.082,11.609,12.1529,12.9777,14.1159,1.2076,1.2864,1.353,1.4993,Normal,50.0
C01657,L1,ADC,125.03,1.801,11.7273,12.609,13.1481,14.5127,1.206,1.2965,1.3712,1.5104,Normal,50.0
C01658,L1,FPGA,126.25,1.121,11.8434,12.3067,13.2667,14.4898,1.2514,1.2876,1.365,1.5307,Normal,50.0
C01659,L1,ASIC,124.86,1.214,11.2508,12.8475,14.1383,32.0164,1.1254,1.3319,1.5051,3.9246,Sudden_Anomaly,50.0
C01660,L1,ADC,124.41,1.8,11.7191,12.7793,13.1888,13.7833,1.1747,1.3348,1.3618,1.4652,Normal,50.0
C01661,L1,ASIC,123.94,1.217,11.3661,11.8546,12.8131,14.2038,1.1814,1.2313,1.3584,1.5565,Normal,50.0
C01662,L1,FPGA,125.08,1.129,11.9599,13.2175,13.9997,14.4271,1.2807,1.387,1.4814,1.4993,Normal,50.0
C01663,L1,DAC,125.5,1.799,12.911,13.6124,14.046,15.4577,1.375,1.4535,1.4967,1.6423,Normal,50.0
C01664,L1,FPGA,125.24,1.113,11.2117,11.6215,12.6397,13.7459,1.1289,1.1916,1.3413,1.4453,Normal,50.0
C01665,L1,ASIC,126.14,1.21,11.3897,12.2975,17.3808,24.2921,1.1835,1.2741,1.9114,2.7871,Latent_Defect,50.0
C01666,L1,FPGA,124.64,1.093,11.9268,13.5387,16.5481,21.7365,1.2423,1.4464,1.7949,2.4339,Latent_Defect,50.0
C01667,L1,FPGA,125.75,1.107,11.3401,12.1187,13.1613,14.0552,1.1324,1.2509,1.3705,1.4783,Normal,50.0
C01668,L1,ADC,124.84,1.821,11.3794,12.3786,13.7547,14.7392,1.1865,1.2878,1.4423,1.5788,Normal,50.0
C01669,L1,FPGA,124.65,1.076,12.4349,12.3934,12.6742,13.0926,1.3175,1.3418,1.3176,1.3776,High_Stable,50.0
C01670,L1,DAC,125.13,1.804,11.8205,12.201,12.6955,13.0082,1.2002,1.2573,1.3244,1.3675,Normal,50.0
C01671,L1,FPGA,127.05,1.081,11.4992,12.5031,13.512,13.5898,1.1921,1.3176,1.4649,1.4288,Normal,50.0
C01672,L1,DAC,125.71,1.764,12.0519,12.2752,13.1118,14.7313,1.2106,1.3128,1.41,1.5648,Normal,50.0
C01673,L1,ASIC,125.44,1.193,12.0736,12.7911,13.7711,14.6737,1.2544,1.3544,1.465,1.572,Normal,50.0
C01674,L1,ADC,124.93,1.794,11.6475,12.632,13.5871,14.3964,1.1974,1.3412,1.4495,1.5353,Normal,50.0
C01675,L1,ASIC,125.2,1.231,11.1307,11.8688,12.8169,13.7254,1.205,1.241,1.3943,1.4763,Normal,50.0
C01676,L1,ASIC,125.38,1.202,11.2593,11.6994,12.2189,13.2436,1.1892,1.2397,1.2887,1.3778,Normal,50.0
C01677,L1,ASIC,125.37,1.212,11.1825,11.7431,14.311,40.3322,1.2101,1.2218,1.5242,5.1081,Sudden_Anomaly,50.0
C01678,L1,FPGA,124.35,1.077,11.5152,12.9277,17.559,55.2295,1.2129,1.3605,1.8992,7.685,Absolute_Failure,50.0
C01679,L1,FPGA,125.52,1.098,11.5488,12.4631,12.3352,13.5867,1.1919,1.2606,1.2692,1.4375,Normal,50.0
C01680,L1,ADC,125.39,1.812,11.9315,12.6531,13.4304,14.4556,1.2404,1.3857,1.3882,1.5795,Normal,50.0
C01681,L1,ASIC,125.69,1.196,11.6225,12.018,12.2733,13.1134,1.2438,1.2746,1.3086,1.3847,Normal,50.0
C01682,L1,FPGA,125.53,1.09,11.8482,13.2153,13.7171,13.9717,1.2222,1.3783,1.4348,1.4307,Normal,50.0
C01683,L1,FPGA,124.6,1.088,11.8037,13.3,15.2839,21.6624,1.2005,1.3714,1.6457,2.4566,Latent_Defect,50.0
C01684,L1,FPGA,123.99,1.109,12.5252,14.368,18.8513,25.17,1.2954,1.5455,2.1142,2.889,Latent_Defect,50.0
C01685,L1,ASIC,123.81,1.204,11.8212,13.1513,13.4601,13.8051,1.2776,1.3609,1.4228,1.4797,Normal,50.0
C01686,L1,ADC,125.72,1.823,12.3029,12.74,13.3876,14.418,1.2895,1.3436,1.4256,1.5679,Normal,50.0
C01687,L1,ASIC,125.03,1.217,11.407,13.1795,22.7491,54.9506,1.1552,1.408,2.5929,7.6244,Absolute_Failure,50.0
C01688,L1,FPGA,125.83,1.102,11.8788,12.8419,13.8754,15.2952,1.2674,1.3665,1.4609,1.6201,Normal,50.0
C01689,L1,ASIC,124.99,1.217,11.2745,11.8949,12.0229,13.0695,1.1648,1.2413,1.2733,1.3809,Normal,50.0
C01690,L1,DAC,124.78,1.806,11.4934,11.8322,12.8506,13.9028,1.2415,1.2883,1.2848,1.4876,Normal,50.0
C01691,L1,DAC,124.93,1.814,11.5093,12.1427,12.8959,14.2722,1.2291,1.2756,1.359,1.4758,Normal,50.0
C01692,L1,ASIC,124.72,1.198,11.4606,12.2506,12.4459,13.6194,1.2209,1.2614,1.2884,1.4202,Normal,50.0
C01693,L1,ADC,125.92,1.808,12.0364,12.7977,13.4877,14.612,1.2671,1.3247,1.3988,1.5773,Normal,50.0
C01694,L1,DAC,125.56,1.79,12.057,12.2699,12.5749,12.7406,1.225,1.3013,1.324,1.3309,High_Stable,50.0
C01695,L1,DAC,124.98,1.792,11.8313,12.3117,13.2477,13.8665,1.1895,1.2985,1.3831,1.4707,Normal,50.0
C01696,L1,ASIC,125.06,1.223,11.7723,12.4317,13.3874,13.625,1.2332,1.2971,1.421,1.4101,Normal,50.0
C01697,L1,FPGA,126.66,1.122,11.594,12.7203,14.0233,34.4124,1.1723,1.3252,1.4842,4.2168,Sudden_Anomaly,50.0
C01698,L1,ADC,125.9,1.781,11.4797,12.5707,13.1697,14.0142,1.1549,1.3327,1.3966,1.4872,Normal,50.0
C01699,L1,ASIC,126.03,1.216,11.511,13.062,20.9287,57.1576,1.1626,1.4044,2.3403,8.0365,Absolute_Failure,50.0
C01700,L1,FPGA,126.16,1.084,12.4939,13.66,14.5285,15.4379,1.2937,1.4592,1.5331,1.6482,Normal,50.0
C01701,L1,FPGA,124.24,1.136,11.8287,11.9385,11.8967,12.1947,1.2339,1.2588,1.2525,1.2981,High_Stable,50.0
C01702,L1,DAC,124.51,1.802,12.3709,12.5702,12.457,12.6989,1.2624,1.2809,1.2702,1.3383,High_Stable,50.0
C01703,L1,FPGA,126.33,1.118,11.2765,11.7119,12.6227,13.1395,1.1827,1.2198,1.3215,1.3871,Normal,50.0
C01704,L1,ADC,125.16,1.801,12.3414,13.4818,14.6923,16.3871,1.2958,1.4466,1.6011,1.7562,Normal,50.0
C01705,L1,FPGA,124.42,1.098,11.8814,12.88,15.1116,36.0085,1.2477,1.343,1.6181,4.4544,Sudden_Anomaly,50.0
C01706,L1,FPGA,126.78,1.093,12.183,13.1857,14.08,15.0033,1.2708,1.3753,1.5026,1.5958,Normal,50.0
C01707,L1,ADC,124.32,1.843,11.8818,14.2396,22.0767,51.3534,1.2412,1.5072,2.4794,7.0116,Absolute_Failure,50.0
C01708,L1,ASIC,125.44,1.205,11.8715,12.4421,13.8265,14.1471,1.2468,1.2752,1.4347,1.4863,Normal,50.0
C01709,L1,DAC,124.69,1.795,12.3763,13.3916,14.0804,14.7144,1.3144,1.3934,1.5088,1.6335,Normal,50.0
C01710,L1,ADC,124.83,1.799,11.8843,11.9655,11.968,12.1747,1.2435,1.257,1.2258,1.2631,High_Stable,50.0
C01711,L1,DAC,124.67,1.76,12.7838,13.8046,13.9662,14.2081,1.3552,1.5038,1.4719,1.5504,Normal,50.0
C01712,L1,DAC,122.39,1.811,12.1812,13.4671,15.4495,21.7228,1.2306,1.3941,1.6546,2.3852,Latent_Defect,50.0
C01713,L1,FPGA,125.03,1.098,10.6862,10.9727,12.4143,13.3577,1.0947,1.1251,1.3071,1.3806,Normal,50.0
C01714,L1,ADC,124.36,1.808,11.5626,12.786,15.9184,22.5926,1.173,1.3751,1.7036,2.6135,Latent_Defect,50.0
C01715,L1,FPGA,125.58,1.101,11.9177,12.9333,13.5155,15.2291,1.2896,1.3851,1.4165,1.6025,Normal,50.0
C01716,L1,ADC,125.89,1.77,11.689,13.4145,22.2827,53.4463,1.1819,1.4287,2.5238,7.3844,Absolute_Failure,50.0
C01717,L1,FPGA,124.65,1.108,11.0354,13.061,17.7278,23.5633,1.1694,1.3964,1.9313,2.6846,Latent_Defect,50.0
C01718,L1,DAC,124.93,1.795,11.8322,13.0348,14.8573,37.4738,1.2204,1.3754,1.6019,4.6773,Sudden_Anomaly,50.0
C01719,L1,ASIC,124.41,1.2,10.8652,11.7762,12.0414,12.5671,1.1548,1.2596,1.2318,1.3155,Normal,50.0
C01720,L1,DAC,125.19,1.809,11.3667,11.8527,12.473,12.5507,1.1865,1.2081,1.3438,1.3235,Normal,50.0
C01721,L1,DAC,124.11,1.806,11.6925,12.4085,13.0226,13.7507,1.2184,1.2935,1.3788,1.4393,Normal,50.0
C01722,L1,FPGA,126.18,1.085,11.4127,12.9964,15.8744,43.1838,1.1976,1.376,1.6807,5.5792,Sudden_Anomaly,50.0
C01723,L1,ASIC,124.78,1.22,10.9091,11.5895,12.4405,13.5169,1.1458,1.2143,1.2835,1.4741,Normal,50.0
C01724,L1,ASIC,125.15,1.19,11.5959,12.5915,13.9832,14.6525,1.2073,1.3185,1.5418,1.5502,Normal,50.0
C01725,L1,ASIC,124.7,1.192,10.9115,12.0294,16.7503,21.9499,1.1268,1.28,1.7816,2.4279,Latent_Defect,50.0
C01726,L1,DAC,125.27,1.814,12.4476,13.5327,13.6132,14.8826,1.3148,1.4215,1.4048,1.5984,Normal,50.0
C01727,L1,FPGA,126.15,1.108,11.9008,12.3157,13.0271,13.9017,1.306,1.3023,1.3473,1.4582,Normal,50.0
C01728,L1,ASIC,125.43,1.204,11.525,12.4216,12.8727,13.4303,1.1893,1.3217,1.3712,1.4502,Normal,50.0
C01729,L1,DAC,124.93,1.775,12.6933,12.9367,13.2427,13.3686,1.3457,1.3637,1.4115,1.4156,High_Stable,50.0
C01730,L1,ASIC,124.28,1.224,11.6919,12.2482,12.713,13.765,1.2869,1.2938,1.3205,1.4294,Normal,50.0
C01731,L1,ASIC,124.38,1.156,11.6002,13.0131,15.9345,23.7391,1.1546,1.3595,1.7277,2.7053,Latent_Defect,50.0
C01732,L1,ADC,125.35,1.802,11.4951,12.1985,13.0956,14.1858,1.203,1.2874,1.3923,1.5738,Normal,50.0
C01733,L1,ASIC,127.58,1.181,11.583,11.6906,11.4489,11.7801,1.2085,1.208,1.1822,1.2403,High_Stable,50.0
C01734,L1,ASIC,125.3,1.218,11.9135,12.6543,14.2074,32.8454,1.2545,1.3062,1.5454,3.9753,Sudden_Anomaly,50.0
C01735,L1,FPGA,124.74,1.089,11.2856,11.7667,12.0926,12.496,1.1908,1.2615,1.2641,1.3259,Normal,50.0
C01736,L1,ADC,126.52,1.783,12.0132,12.1529,12.2852,12.6287,1.2324,1.269,1.2575,1.333,High_Stable,50.0
C01737,L1,ADC,125.66,1.8,11.7102,13.3707,16.2805,20.2454,1.2208,1.4196,1.7616,2.2486,Latent_Defect,50.0
C01738,L1,DAC,125.24,1.774,12.1364,12.3575,13.4067,15.1341,1.3091,1.2702,1.4139,1.6422,Normal,50.0
C01739,L1,DAC,125.57,1.793,12.3139,13.3914,14.2494,15.4405,1.3124,1.455,1.5159,1.6659,Normal,50.0
C01740,L1,DAC,125.99,1.815,11.6889,12.2573,14.5517,34.9093,1.2344,1.2655,1.5099,4.3005,Sudden_Anomaly,50.0
C01741,L1,ADC,125.92,1.803,12.3165,12.6314,12.7382,12.8166,1.283,1.3688,1.2976,1.3667,High_Stable,50.0
C01742,L1,ADC,125.26,1.83,12.2212,12.2434,12.1146,12.1718,1.2435,1.2713,1.2075,1.2957,High_Stable,50.0
C01743,L1,DAC,125.16,1.827,12.3591,12.4812,12.669,12.8484,1.3237,1.3046,1.3325,1.3282,High_Stable,50.0
C01744,L1,ADC,126.53,1.786,11.648,12.8589,20.6027,52.6005,1.1934,1.3715,2.2921,7.1605,Absolute_Failure,50.0
C01745,L1,ADC,125.71,1.822,12.0861,12.736,13.5966,14.6053,1.2485,1.3513,1.4539,1.5643,Normal,50.0
C01746,L1,DAC,125.37,1.794,12.3824,13.5779,17.4063,24.877,1.2785,1.4357,1.862,2.8284,Latent_Defect,50.0
C01747,L1,ASIC,124.94,1.187,11.1717,12.2087,13.0532,13.5862,1.1404,1.2982,1.3605,1.4558,Normal,50.0
C01748,L1,FPGA,124.14,1.095,11.3103,12.2424,13.4369,14.6342,1.2048,1.2681,1.3909,1.554,Normal,50.0
C01749,L1,FPGA,125.99,1.122,11.8259,13.2849,18.4042,24.389,1.2577,1.3699,2.0032,2.7675,Latent_Defect,50.0
C01750,L1,ADC,124.5,1.801,11.1991,11.9314,12.5833,14.1014,1.1951,1.2083,1.3082,1.455,Normal,50.0
C01751,L1,ASIC,125.06,1.212,11.6038,12.5921,14.5366,28.3786,1.2076,1.305,1.5651,3.3671,Sudden_Anomaly,50.0
C01752,L1,FPGA,125.28,1.117,12.3837,12.5839,12.5778,13.1472,1.3447,1.3608,1.3237,1.4118,High_Stable,50.0
C01753,L1,ASIC,122.69,1.217,11.9473,11.955,12.0623,12.1056,1.269,1.288,1.2643,1.3227,High_Stable,50.0
C01754,L1,FPGA,127.01,1.099,11.3223,12.2143,12.3856,13.4918,1.2328,1.2602,1.309,1.4174,Normal,50.0
C01755,L1,ASIC,124.04,1.198,11.3573,12.1067,13.1698,13.5908,1.2456,1.2857,1.3848,1.454,Normal,50.0
C01756,L1,FPGA,125.34,1.104,11.7144,11.9486,11.9821,11.9856,1.1967,1.273,1.2829,1.2542,High_Stable,50.0
C01757,L1,DAC,123.75,1.812,11.5673,13.5408,18.6219,55.5205,1.2321,1.4123,2.0523,7.7564,Absolute_Failure,50.0
C01758,L1,FPGA,126.2,1.075,10.9337,11.8417,12.7012,13.3042,1.104,1.2449,1.3577,1.395,Normal,50.0
C01759,L1,ASIC,124.24,1.194,11.9115,12.9486,13.4759,14.4162,1.2667,1.4134,1.4467,1.4952,Normal,50.0
C01760,L1,ASIC,125.32,1.186,11.5502,11.7818,12.7341,14.0502,1.1683,1.1961,1.3634,1.4923,Normal,50.0
C01761,L1,ADC,124.15,1.801,11.8331,12.1275,13.0296,13.9199,1.261,1.293,1.3683,1.4344,Normal,50.0
C01762,L1,ASIC,123.69,1.218,11.6039,12.2791,13.0146,13.7583,1.1952,1.2814,1.3728,1.4623,Normal,50.0
C01763,L1,DAC,125.66,1.796,11.9876,12.7493,13.4389,14.8055,1.2555,1.3069,1.4065,1.5569,Normal,50.0
C01764,L1,FPGA,125.92,1.099,11.5115,11.9689,12.1509,13.3015,1.2384,1.2793,1.312,1.4092,Normal,50.0
C01765,L1,ADC,124.1,1.821,12.301,13.5818,15.2565,16.0797,1.281,1.4205,1.6105,1.7262,Normal,50.0
C01766,L1,DAC,124.1,1.797,11.6415,12.6909,12.8613,14.0666,1.2463,1.3741,1.3659,1.4773,Normal,50.0
C01767,L1,DAC,124.64,1.828,12.1067,12.783,13.6815,14.2134,1.2656,1.3838,1.4282,1.5343,Normal,50.0
C01768,L1,DAC,124.51,1.788,12.3908,13.5951,16.6783,36.8717,1.2447,1.4169,1.8261,4.6429,Sudden_Anomaly,50.0
C01769,L1,DAC,124.61,1.836,11.5693,13.1522,15.2197,28.7859,1.1878,1.3808,1.6395,3.4135,Sudden_Anomaly,50.0
C01770,L1,DAC,124.51,1.795,12.3415,13.2846,16.3118,36.5122,1.2603,1.4177,1.6943,4.5558,Sudden_Anomaly,50.0
C01771,L1,FPGA,125.75,1.111,11.8591,12.3358,13.437,14.7206,1.2194,1.2501,1.389,1.4931,Normal,50.0
C01772,L1,ASIC,125.29,1.16,11.3324,12.1226,12.7705,13.8501,1.1588,1.2944,1.3538,1.4629,Normal,50.0
C01773,L1,ASIC,125.81,1.175,12.2636,12.7447,14.0045,15.0787,1.286,1.3209,1.4982,1.6043,Normal,50.0
C01774,L1,ADC,125.99,1.794,11.8898,12.874,14.3275,28.3972,1.2414,1.3323,1.5486,3.2791,Sudden_Anomaly,50.0
C01775,L1,ADC,124.56,1.813,11.6937,13.0898,16.9828,21.6344,1.2025,1.3873,1.8501,2.4318,Latent_Defect,50.0
C01776,L1,ASIC,125.19,1.226,12.0145,12.3541,12.5217,13.0764,1.2507,1.2681,1.3615,1.4016,High_Stable,50.0
C01777,L1,ASIC,126.23,1.208,11.5235,12.4375,13.3477,14.2642,1.1896,1.3162,1.4206,1.523,Normal,50.0
C01778,L1,FPGA,124.85,1.096,11.4711,12.0459,13.4755,31.0136,1.2312,1.2473,1.4679,3.687,Sudden_Anomaly,50.0
C01779,L1,ASIC,124.13,1.239,11.8479,12.0925,12.215,12.3537,1.2857,1.2554,1.2334,1.2683,High_Stable,50.0
C01780,L1,ASIC,124.29,1.187,11.4584,12.3213,13.5473,14.435,1.1849,1.3246,1.4407,1.558,Normal,50.0
C01781,L1,ADC,124.17,1.811,11.8134,11.9353,12.1621,12.532,1.2269,1.2308,1.2692,1.2918,High_Stable,50.0
C01782,L1,ADC,123.56,1.821,12.1178,12.4644,12.711,13.0109,1.3172,1.2983,1.4069,1.321,High_Stable,50.0
C01783,L1,DAC,125.26,1.808,11.8194,13.6143,15.0274,38.9949,1.2395,1.4072,1.6104,4.8832,Sudden_Anomaly,50.0
C01784,L1,ASIC,125.52,1.216,11.6876,12.6112,13.0575,14.4997,1.2216,1.3047,1.3813,1.5595,Normal,50.0
C01785,L1,ASIC,124.19,1.208,12.1386,13.4441,15.8855,20.7443,1.2588,1.4427,1.6515,2.312,Latent_Defect,50.0
C01786,L1,DAC,122.83,1.811,11.6382,12.6208,13.5666,14.3002,1.2383,1.329,1.4426,1.5121,Normal,50.0
C01787,L1,ADC,125.83,1.794,12.0662,12.902,13.7796,14.6417,1.2559,1.3415,1.5025,1.6077,Normal,50.0
C01788,L1,FPGA,124.21,1.128,11.9497,12.1091,12.3634,12.4607,1.223,1.3082,1.3117,1.3162,High_Stable,50.0
C01789,L1,ADC,123.37,1.793,11.7773,12.6625,12.8979,14.4966,1.2364,1.2983,1.3883,1.5839,Normal,50.0
C01790,L1,ASIC,123.79,1.202,11.2762,12.3372,13.135,13.9417,1.2112,1.3163,1.384,1.4635,Normal,50.0
C01791,L1,DAC,123.15,1.803,12.2519,12.162,12.015,12.3639,1.3128,1.2589,1.2303,1.3351,High_Stable,50.0
C01792,L1,FPGA,126.11,1.091,11.9175,13.2845,18.9413,25.2923,1.2028,1.4281,2.0857,2.9343,Latent_Defect,50.0
C01793,L1,DAC,125.14,1.807,12.0702,12.8234,13.0067,14.0217,1.2303,1.3708,1.3724,1.4789,Normal,50.0
C01794,L1,ADC,125.54,1.804,12.046,12.8126,13.5043,13.451,1.2972,1.3667,1.4479,1.4598,Normal,50.0
C01795,L1,DAC,124.39,1.779,11.8561,12.4828,13.5253,14.4097,1.2041,1.3408,1.4376,1.563,Normal,50.0
C01796,L1,ASIC,125.05,1.189,11.7226,12.4155,12.7232,14.0552,1.2109,1.3313,1.3589,1.5153,Normal,50.0
C01797,L1,FPGA,124.95,1.098,10.7732,11.3335,11.6347,12.2186,1.1201,1.1943,1.1625,1.2477,Normal,50.0
C01798,L1,DAC,125.67,1.804,12.2504,13.2881,14.1826,15.3975,1.2947,1.3894,1.5355,1.6285,Normal,50.0
C01799,L1,ASIC,124.51,1.211,11.8522,12.9543,13.8389,14.76,1.2496,1.378,1.4497,1.5703,Normal,50.0
C01800,L1,ASIC,125.42,1.201,11.408,12.1773,12.6538,13.544,1.1835,1.2944,1.3671,1.4212,Normal,50.0
C01801,L1,FPGA,126.38,1.104,11.6403,12.1659,12.6728,13.999,1.1801,1.2906,1.3267,1.5192,Normal,50.0
C01802,L1,ASIC,124.67,1.186,11.3962,12.4248,13.0814,13.847,1.1999,1.2784,1.3945,1.4913,Normal,50.0
C01803,L1,DAC,124.4,1.814,11.7634,12.6372,14.3907,33.4508,1.2303,1.3341,1.5193,4.0602,Sudden_Anomaly,50.0
C01804,L1,ADC,125.0,1.81,11.4809,13.3371,17.3437,22.0319,1.1841,1.4032,1.9056,2.4585,Latent_Defect,50.0
C01805,L1,ASIC,125.08,1.206,11.1311,11.7549,12.4254,13.1381,1.1378,1.2209,1.2769,1.3439,Normal,50.0
C01806,L1,FPGA,125.34,1.101,12.2514,12.6832,14.488,27.6805,1.3043,1.3378,1.5161,3.2244,Sudden_Anomaly,50.0
C01807,L1,ASIC,124.01,1.223,12.013,12.6124,13.0826,14.4059,1.2705,1.2982,1.3981,1.532,Normal,50.0
C01808,L1,DAC,125.66,1.814,12.2262,12.4021,12.7545,12.8943,1.276,1.294,1.3664,1.334,High_Stable,50.0
C01809,L1,ADC,124.36,1.792,11.7179,12.6487,14.0118,15.0542,1.2156,1.3482,1.4803,1.6239,Normal,50.0
C01810,L1,ADC,124.02,1.823,12.2421,13.076,17.1467,50.3917,1.2877,1.3437,1.8647,6.8502,Absolute_Failure,50.0
C01811,L1,ASIC,125.02,1.238,11.4006,12.1659,12.9933,13.6504,1.1968,1.2949,1.362,1.4207,Normal,50.0
C01812,L1,ADC,125.24,1.799,11.6242,11.6841,11.9651,12.2478,1.2249,1.1783,1.2271,1.2676,High_Stable,50.0
C01813,L1,ADC,124.37,1.814,11.6271,12.3007,13.2914,14.6606,1.1865,1.2645,1.37,1.5401,Normal,50.0
C01814,L1,ASIC,124.76,1.196,12.5957,12.8999,13.0504,13.4049,1.3208,1.3487,1.4169,1.3476,High_Stable,50.0
C01815,L1,ASIC,125.34,1.228,11.2839,12.0433,12.96,13.7608,1.1905,1.2552,1.3795,1.4876,Normal,50.0
C01816,L1,ASIC,125.86,1.182,11.7689,12.5202,13.0395,13.8379,1.2646,1.2824,1.3688,1.4256,Normal,50.0
C01817,L1,ADC,125.24,1.85,11.942,12.9688,13.2078,13.88,1.2511,1.4104,1.391,1.4536,Normal,50.0
C01818,L1,ASIC,125.06,1.198,11.3453,12.4234,16.3454,20.1585,1.174,1.3689,1.7728,2.2091,Latent_Defect,50.0
C01819,L1,FPGA,124.55,1.088,11.1119,11.6982,12.4999,13.2178,1.1323,1.2283,1.2866,1.4472,Normal,50.0
C01820,L1,FPGA,126.21,1.113,11.5797,12.238,13.0463,13.5271,1.2189,1.2887,1.3353,1.4429,Normal,50.0
C01821,L1,ASIC,124.52,1.19,11.9431,12.6527,13.2196,14.13,1.2539,1.3424,1.3947,1.5101,Normal,50.0
C01822,L1,ASIC,124.5,1.182,11.8297,12.1689,12.9576,13.3668,1.2622,1.3311,1.3445,1.4291,Normal,50.0
C01823,L1,ASIC,124.74,1.185,12.747,12.7162,12.807,13.1383,1.3236,1.256,1.3548,1.3737,High_Stable,50.0
C01824,L1,ASIC,124.39,1.206,11.7152,12.3132,13.3253,14.1932,1.2706,1.3089,1.3964,1.4616,Normal,50.0
C01825,L1,ASIC,124.53,1.199,11.3485,11.7592,11.7129,11.6116,1.138,1.215,1.1874,1.235,High_Stable,50.0
C01826,L1,ASIC,125.75,1.222,11.3148,12.4604,18.7587,58.0271,1.1903,1.3035,2.0891,8.1888,Absolute_Failure,50.0
C01827,L1,FPGA,125.82,1.085,11.9712,13.0463,18.1181,56.7826,1.2417,1.3479,1.9664,7.9818,Absolute_Failure,50.0
C01828,L1,ADC,125.43,1.779,11.6411,12.8638,15.3221,35.0132,1.2274,1.3281,1.6958,4.3136,Sudden_Anomaly,50.0
C01829,L1,ADC,124.75,1.807,11.4766,12.1042,13.1093,14.3847,1.1806,1.2373,1.3977,1.5167,Normal,50.0
C01830,L1,ASIC,125.19,1.2,11.088,12.3703,13.6375,14.4095,1.148,1.3376,1.4367,1.536,Normal,50.0
C01831,L1,ADC,124.97,1.794,12.0867,12.2434,12.4194,12.3456,1.2248,1.2502,1.295,1.3079,High_Stable,50.0
C01832,L1,ADC,124.6,1.817,11.8815,12.7994,14.0285,14.7708,1.2456,1.3841,1.5241,1.5748,Normal,50.0
C01833,L1,ADC,125.14,1.79,11.9239,13.3863,16.3614,20.7186,1.2494,1.3852,1.8095,2.3406,Latent_Defect,50.0
C01834,L1,ADC,124.54,1.822,11.4597,12.3035,12.8147,14.6848,1.1586,1.2788,1.3141,1.5467,Normal,50.0
C01835,L1,ADC,124.22,1.808,11.8716,12.5044,13.6029,13.7509,1.2477,1.2913,1.4318,1.4186,Normal,50.0
C01836,L1,FPGA,125.52,1.107,12.0993,12.1204,12.3385,12.603,1.2516,1.3357,1.3018,1.2925,High_Stable,50.0
C01837,L1,ASIC,124.0,1.205,10.9773,10.9358,11.0616,11.6852,1.1601,1.1484,1.1634,1.2072,High_Stable,50.0
C01838,L1,ADC,125.17,1.805,11.3426,11.7766,12.2701,12.7239,1.1411,1.217,1.2997,1.3012,Normal,50.0
C01839,L1,FPGA,125.67,1.105,11.4,11.4059,11.6336,11.8508,1.1463,1.1893,1.1754,1.1917,High_Stable,50.0
C01840,L1,DAC,127.34,1.812,12.261,14.0601,18.079,22.56,1.3161,1.4984,2.0213,2.5452,Latent_Defect,50.0
C01841,L1,FPGA,125.76,1.094,11.2514,12.3473,13.3454,13.7452,1.141,1.2757,1.3548,1.4974,Normal,50.0
C01842,L1,DAC,124.03,1.821,12.0148,12.5521,13.3821,14.5553,1.2862,1.2873,1.3963,1.562,Normal,50.0
C01843,L1,FPGA,123.42,1.103,11.4378,12.0186,12.7348,13.8446,1.2106,1.2278,1.3197,1.4985,Normal,50.0
C01844,L1,FPGA,125.11,1.135,11.2927,12.2945,12.8146,14.1235,1.1328,1.2661,1.3466,1.5005,Normal,50.0
C01845,L1,ADC,125.08,1.808,12.9951,13.2291,13.2638,13.562,1.3576,1.3863,1.3968,1.423,High_Stable,50.0
C01846,L1,DAC,124.09,1.799,11.9128,12.3485,13.1394,13.7812,1.2369,1.2806,1.4273,1.4672,Normal,50.0
C01847,L1,ADC,123.91,1.811,12.066,13.0573,14.3168,15.2604,1.2617,1.3618,1.5299,1.6706,Normal,50.0
C01848,L1,FPGA,125.12,1.084,11.4599,11.9349,12.4002,13.5692,1.1804,1.2952,1.3364,1.4184,Normal,50.0
C01849,L1,DAC,126.39,1.792,11.254,11.6212,12.5971,13.0895,1.138,1.198,1.3053,1.3802,Normal,50.0
C01850,L1,ADC,123.94,1.817,12.293,13.3787,14.4721,16.089,1.3288,1.396,1.5577,1.7502,Normal,50.0
C01851,L1,ASIC,124.65,1.194,11.1751,11.7359,12.842,14.0022,1.1547,1.2268,1.3457,1.5065,Normal,50.0
C01852,L1,ADC,125.1,1.78,11.5708,12.4534,13.5658,14.2506,1.1511,1.3163,1.4081,1.5366,Normal,50.0
C01853,L1,FPGA,125.08,1.118,11.1002,11.5401,12.8328,13.5926,1.1261,1.2034,1.3427,1.4592,Normal,50.0
C01854,L1,ADC,124.33,1.778,10.9468,11.6665,12.2704,13.4127,1.1305,1.208,1.2924,1.404,Normal,50.0
C01855,L1,FPGA,123.79,1.099,11.4268,12.3558,13.5157,14.819,1.1344,1.3067,1.4081,1.5354,Normal,50.0
C01856,L1,FPGA,126.49,1.086,11.6021,12.1349,12.8271,14.0144,1.24,1.2681,1.3493,1.5042,Normal,50.0
C01857,L1,FPGA,126.68,1.08,11.506,11.8589,12.4075,13.4533,1.1912,1.2108,1.2699,1.469,Normal,50.0
C01858,L1,FPGA,125.34,1.088,11.0531,11.0715,10.8925,10.8742,1.1363,1.1743,1.1242,1.1174,High_Stable,50.0
C01859,L1,ADC,124.45,1.836,11.9398,13.4907,18.6027,55.8243,1.2949,1.4419,2.0044,7.7859,Absolute_Failure,50.0
C01860,L1,ASIC,125.61,1.2,11.1204,12.2786,12.986,13.8275,1.1617,1.2687,1.3271,1.4344,Normal,50.0
C01861,L1,FPGA,124.35,1.101,11.4507,12.8366,13.7729,37.3684,1.2046,1.3343,1.4446,4.6799,Sudden_Anomaly,50.0
C01862,L1,ADC,124.52,1.818,11.9568,12.9948,13.6495,14.8951,1.2738,1.3498,1.4579,1.6606,Normal,50.0
C01863,L1,DAC,125.84,1.824,12.1062,13.0119,13.8151,14.317,1.2781,1.3828,1.4391,1.563,Normal,50.0
C01864,L1,FPGA,125.51,1.094,11.8424,12.3234,13.0866,13.6115,1.2346,1.2834,1.389,1.4292,Normal,50.0
C01865,L1,DAC,126.4,1.781,11.6099,11.754,13.0541,13.8325,1.2142,1.2479,1.3452,1.4518,Normal,50.0
C01866,L1,ADC,123.39,1.775,11.3204,12.1439,13.0227,13.8594,1.1773,1.2797,1.3828,1.4934,Normal,50.0
C01867,L1,ADC,125.22,1.823,11.5899,12.4004,13.265,14.3398,1.2173,1.2568,1.3846,1.5724,Normal,50.0
C01868,L1,ASIC,125.36,1.19,11.3959,11.5493,11.6748,11.9708,1.1653,1.1964,1.178,1.2719,Normal,50.0
C01869,L1,FPGA,126.12,1.117,11.6546,12.8483,13.6657,14.8859,1.1985,1.3369,1.467,1.6022,Normal,50.0
C01870,L1,ASIC,124.72,1.203,11.1302,11.5978,12.1029,13.1913,1.1376,1.2594,1.2687,1.3974,Normal,50.0
C01871,L1,DAC,124.16,1.799,12.0048,12.5236,13.3925,14.5023,1.248,1.3179,1.3971,1.5508,Normal,50.0
C01872,L1,ASIC,125.05,1.211,11.2049,11.9102,13.173,31.7389,1.211,1.2521,1.3677,3.7851,Sudden_Anomaly,50.0
C01873,L1,ASIC,124.26,1.232,11.6031,12.6564,12.543,13.1705,1.2359,1.368,1.2866,1.3445,Normal,50.0
C01874,L1,ASIC,125.39,1.202,10.7632,11.5504,13.5216,38.5819,1.0953,1.1994,1.4184,4.844,Sudden_Anomaly,50.0
C01875,L1,ASIC,125.41,1.216,11.3629,12.45,12.925,31.874,1.2246,1.3763,1.3585,3.8492,Sudden_Anomaly,50.0
C01876,L1,FPGA,126.88,1.085,11.444,11.9667,13.169,40.8072,1.2086,1.2885,1.4068,5.2444,Sudden_Anomaly,50.0
C01877,L1,DAC,125.42,1.767,12.0995,13.2343,14.1914,15.1575,1.2611,1.3999,1.4971,1.6504,Normal,50.0
C01878,L1,ASIC,124.75,1.243,11.7807,12.7928,13.2929,15.1772,1.2098,1.3563,1.4126,1.6251,Normal,50.0
C01879,L1,ASIC,125.66,1.2,11.4976,12.832,13.1471,14.3521,1.2303,1.357,1.3813,1.5386,Normal,50.0
C01880,L1,ASIC,124.91,1.214,11.5006,12.6518,12.9518,14.4424,1.1886,1.3593,1.3342,1.5487,Normal,50.0
C01881,L1,ASIC,127.21,1.218,12.1794,12.5499,13.0819,14.4498,1.2814,1.3143,1.3414,1.536,Normal,50.0
C01882,L1,FPGA,126.72,1.096,11.4875,12.4023,14.1986,33.2511,1.1654,1.2996,1.4768,4.0671,Sudden_Anomaly,50.0
C01883,L1,DAC,124.3,1.789,11.9427,13.0536,13.7066,13.7243,1.2084,1.4173,1.4652,1.4597,Normal,50.0
C01884,L1,FPGA,125.43,1.106,11.9049,14.1418,20.8387,51.94,1.2515,1.4872,2.3658,7.1194,Absolute_Failure,50.0
C01885,L1,ASIC,124.86,1.189,11.3681,12.0636,12.6652,13.149,1.1498,1.2945,1.3169,1.3923,Normal,50.0
C01886,L1,ASIC,124.06,1.207,11.0905,12.2247,13.4186,15.0458,1.1379,1.2466,1.4379,1.6137,Normal,50.0
C01887,L1,FPGA,125.89,1.105,11.1884,13.0386,17.3887,52.0536,1.1908,1.3898,1.8989,7.1306,Absolute_Failure,50.0
C01888,L1,DAC,126.31,1.775,11.8507,12.9759,13.8649,14.3328,1.212,1.3724,1.4963,1.5391,Normal,50.0
C01889,L1,ASIC,124.34,1.21,11.4713,12.3858,12.9629,38.6499,1.1976,1.282,1.3147,4.8692,Sudden_Anomaly,50.0
C01890,L1,ASIC,125.52,1.184,11.58,11.942,13.304,14.6439,1.2058,1.2369,1.4421,1.5566,Normal,50.0
C01891,L1,ASIC,127.06,1.179,11.1401,12.8004,13.2539,40.2332,1.1848,1.3598,1.4028,5.124,Sudden_Anomaly,50.0
C01892,L1,FPGA,123.9,1.111,11.7903,12.7925,13.3664,13.5328,1.2285,1.3821,1.4261,1.4454,Normal,50.0
C01893,L1,ADC,124.48,1.809,11.6643,11.9546,13.7841,28.1284,1.2208,1.2225,1.4719,3.2928,Sudden_Anomaly,50.0
C01894,L1,ASIC,124.47,1.216,11.6038,11.7613,11.7392,11.8222,1.1847,1.2467,1.2082,1.2278,High_Stable,50.0
C01895,L1,ASIC,125.92,1.187,10.9062,11.511,12.48,13.5116,1.1237,1.1855,1.3097,1.4429,Normal,50.0
C01896,L1,ADC,124.31,1.791,11.5,11.9145,12.4451,12.9269,1.2092,1.2338,1.3347,1.3767,Normal,50.0
C01897,L1,DAC,124.57,1.816,11.5471,12.1035,12.3478,13.6521,1.2038,1.282,1.2725,1.4547,Normal,50.0
C01898,L1,ASIC,125.19,1.231,11.7067,12.0936,12.6518,13.8372,1.2211,1.2353,1.329,1.4639,Normal,50.0
C01899,L1,ASIC,126.22,1.18,10.6255,11.8528,16.3734,57.0456,1.0909,1.2422,1.7471,8.0011,Absolute_Failure,50.0
C01900,L1,DAC,125.74,1.797,12.0527,12.3615,13.4505,14.2871,1.2834,1.297,1.395,1.4929,Normal,50.0
C01901,L1,FPGA,124.86,1.111,11.6314,13.5616,21.1196,61.9511,1.1791,1.4342,2.3203,8.9454,Absolute_Failure,50.0
C01902,L1,ASIC,123.74,1.193,11.4088,12.1056,13.3004,13.6579,1.1807,1.2697,1.4388,1.4489,Normal,50.0
C01903,L1,FPGA,125.6,1.119,11.0591,12.2122,13.086,13.5973,1.1537,1.2915,1.3525,1.3955,Normal,50.0
C01904,L1,ASIC,123.92,1.179,10.5627,11.1912,11.7493,12.7274,1.0852,1.1745,1.2585,1.3171,Normal,50.0
C01905,L1,FPGA,124.8,1.107,12.0234,12.2624,13.4331,14.8858,1.2148,1.2908,1.4375,1.6047,Normal,50.0
C01906,L1,ADC,125.71,1.789,11.8362,12.5185,13.0001,14.2745,1.2231,1.3538,1.3557,1.5421,Normal,50.0
C01907,L1,FPGA,125.43,1.101,11.3506,12.6428,15.1043,51.9247,1.1952,1.3534,1.6433,7.1095,Absolute_Failure,50.0
C01908,L1,FPGA,125.79,1.111,11.1636,11.4268,11.8689,12.2418,1.1698,1.1367,1.2108,1.2878,Normal,50.0
C01909,L1,ADC,125.84,1.801,11.9271,12.4579,14.9802,40.8224,1.2369,1.3149,1.6132,5.2404,Sudden_Anomaly,50.0
C01910,L1,DAC,124.97,1.782,11.566,13.1655,16.7372,51.7871,1.1806,1.3385,1.7863,7.0527,Absolute_Failure,50.0
C01911,L1,ASIC,125.11,1.19,11.7738,12.0745,11.9779,12.1481,1.2437,1.2126,1.2819,1.2409,High_Stable,50.0
C01912,L1,ASIC,126.43,1.214,11.3846,12.9644,17.6454,54.091,1.1849,1.3605,1.9404,7.4788,Absolute_Failure,50.0
C01913,L1,ASIC,125.79,1.188,11.5219,12.2902,14.8475,21.9774,1.2526,1.2693,1.5879,2.4791,Latent_Defect,50.0
C01914,L1,ASIC,124.2,1.176,11.389,12.2271,12.9868,13.343,1.1608,1.2827,1.3511,1.3815,Normal,50.0
C01915,L1,FPGA,126.37,1.099,11.9988,13.3384,19.9748,51.1705,1.2469,1.406,2.2828,6.9337,Absolute_Failure,50.0
C01916,L1,FPGA,124.55,1.103,11.2637,11.841,13.1577,14.1889,1.1525,1.2253,1.3753,1.4635,Normal,50.0
C01917,L1,ADC,124.97,1.797,11.8672,12.5581,13.6195,13.8331,1.2116,1.3242,1.4556,1.4867,Normal,50.0
C01918,L1,FPGA,124.88,1.102,11.5796,11.6048,12.0512,13.0515,1.1497,1.23,1.2597,1.3527,Normal,50.0
C01919,L1,FPGA,124.75,1.086,12.0978,13.9381,20.4377,57.9665,1.2819,1.4783,2.2845,8.2028,Absolute_Failure,50.0
C01920,L1,ADC,124.48,1.79,11.6531,12.0137,12.8254,12.9551,1.2255,1.2531,1.313,1.3734,Normal,50.0
C01921,L1,ASIC,124.82,1.198,11.8063,12.888,13.6722,14.5577,1.2057,1.3564,1.4286,1.5876,Normal,50.0
C01922,L1,DAC,124.55,1.809,12.2318,13.6013,15.3368,29.6606,1.3094,1.4616,1.615,3.5206,Sudden_Anomaly,50.0
C01923,L1,ADC,125.38,1.799,11.918,13.0367,13.6306,14.6302,1.2346,1.3833,1.4753,1.5578,Normal,50.0
C01924,L1,ADC,124.07,1.787,11.4852,12.348,13.2646,14.472,1.2169,1.3236,1.3874,1.5672,Normal,50.0
C01925,L1,DAC,125.8,1.78,12.3792,13.1753,13.7738,14.7681,1.2436,1.4205,1.4947,1.5815,Normal,50.0
C01926,L1,ADC,125.2,1.822,12.3162,12.5723,12.858,13.1358,1.3152,1.3195,1.3574,1.4157,High_Stable,50.0
C01927,L1,DAC,126.29,1.79,11.8879,12.4541,13.069,14.4661,1.2058,1.2952,1.3709,1.5429,Normal,50.0
C01928,L1,DAC,124.36,1.793,12.0501,13.3076,15.3359,19.774,1.2237,1.3909,1.666,2.2229,Latent_Defect,50.0
C01929,L1,FPGA,123.91,1.114,11.0325,11.7055,12.5322,13.7075,1.1458,1.281,1.3191,1.4496,Normal,50.0
C01930,L1,FPGA,125.84,1.108,11.881,12.0091,12.2263,12.4359,1.2007,1.2978,1.2772,1.2487,High_Stable,50.0
C01931,L1,ADC,125.7,1.776,11.8067,13.2084,17.5025,23.6091,1.2421,1.3489,1.9311,2.6937,Latent_Defect,50.0
C01932,L1,DAC,123.01,1.783,12.5458,12.6006,12.5079,12.46,1.343,1.3369,1.3263,1.3398,High_Stable,50.0
C01933,L1,FPGA,124.45,1.111,11.3477,12.1793,12.9464,14.0958,1.2092,1.3081,1.336,1.4995,Normal,50.0
C01934,L1,ADC,124.69,1.794,11.6715,12.2803,13.1912,14.4659,1.17,1.2784,1.414,1.5221,Normal,50.0
C01935,L1,DAC,125.31,1.797,11.8664,12.3016,13.1111,13.9354,1.2417,1.3036,1.4429,1.4664,Normal,50.0
C01936,L1,ASIC,125.16,1.205,11.2196,12.1841,12.4965,13.4307,1.1242,1.2846,1.2939,1.4258,Normal,50.0
C01937,L1,ASIC,124.09,1.216,11.3505,14.489,21.5332,57.6077,1.1542,1.5335,2.3691,8.1065,Absolute_Failure,50.0
C01938,L1,DAC,124.56,1.804,11.6198,12.4328,13.1574,14.6531,1.2582,1.2624,1.4155,1.5694,Normal,50.0
C01939,L1,FPGA,125.38,1.107,11.9222,13.3057,13.6824,15.5747,1.1781,1.3904,1.4114,1.6394,Normal,50.0
C01940,L1,FPGA,124.87,1.065,12.2013,12.8243,14.1972,15.2152,1.3144,1.3801,1.5092,1.5935,Normal,50.0
C01941,L1,ASIC,123.12,1.209,11.3879,12.6042,14.9026,31.7823,1.2012,1.3147,1.5923,3.839,Sudden_Anomaly,50.0
C01942,L1,FPGA,124.89,1.1,11.7941,12.2819,12.9183,12.692,1.1555,1.2931,1.3394,1.2936,Normal,50.0
C01943,L1,ADC,125.54,1.805,11.9561,12.8911,13.442,14.0053,1.2315,1.3848,1.4357,1.4875,Normal,50.0
C01944,L1,FPGA,124.26,1.093,11.6212,11.9329,12.9148,13.9592,1.2132,1.2277,1.387,1.4607,Normal,50.0
C01945,L1,ADC,123.9,1.822,11.0676,12.7915,16.9685,61.619,1.1446,1.3086,1.8166,8.915,Absolute_Failure,50.0
C01946,L1,ASIC,125.08,1.219,11.6693,12.6196,13.0197,14.207,1.2675,1.337,1.4019,1.5036,Normal,50.0
C01947,L1,FPGA,125.94,1.086,11.8991,13.0578,16.417,53.1926,1.2528,1.4458,1.7728,7.3244,Absolute_Failure,50.0
C01948,L1,FPGA,125.82,1.085,11.8182,12.3105,13.0908,13.3624,1.1982,1.2841,1.3601,1.3591,Normal,50.0
C01949,L1,FPGA,125.46,1.115,11.5745,12.2957,12.455,13.3069,1.2358,1.2803,1.342,1.4217,Normal,50.0
C01950,L1,DAC,125.57,1.828,11.5379,12.0371,15.1568,38.4585,1.2142,1.2703,1.5904,4.834,Sudden_Anomaly,50.0
C01951,L1,FPGA,124.56,1.109,11.1898,12.3399,13.0321,13.747,1.1735,1.2537,1.379,1.4659,Normal,50.0
C01952,L1,FPGA,124.53,1.088,11.993,13.6375,19.0546,52.1395,1.2274,1.4687,2.106,7.1532,Absolute_Failure,50.0
C01953,L1,ASIC,123.59,1.219,10.8667,11.2447,11.5759,12.4117,1.1605,1.169,1.2058,1.3224,Normal,50.0
C01954,L1,DAC,124.38,1.799,12.4164,12.6678,12.5401,12.9624,1.2767,1.3546,1.3276,1.4203,High_Stable,50.0
C01955,L1,FPGA,124.14,1.116,11.4865,11.5396,11.5687,11.9484,1.1946,1.1925,1.1914,1.2574,High_Stable,50.0
C01956,L1,DAC,124.47,1.804,11.0627,11.7696,12.1953,12.7194,1.1331,1.2504,1.2407,1.342,Normal,50.0
C01957,L1,ASIC,125.8,1.186,10.9207,12.6349,18.054,52.3429,1.1304,1.3287,1.9718,7.1682,Absolute_Failure,50.0
C01958,L1,DAC,124.74,1.784,11.5314,13.6031,17.8098,56.8566,1.2162,1.4501,1.9654,8.018,Absolute_Failure,50.0
C01959,L1,FPGA,125.45,1.072,11.364,12.3655,15.3648,56.6425,1.1965,1.2741,1.6598,7.9683,Absolute_Failure,50.0
C01960,L1,FPGA,125.63,1.115,11.7344,12.2543,12.9067,14.357,1.2161,1.2989,1.3534,1.5558,Normal,50.0
C01961,L1,ADC,124.78,1.794,11.1652,11.9903,12.8894,14.1016,1.1703,1.2293,1.3673,1.4943,Normal,50.0
C01962,L1,ASIC,124.22,1.217,11.4347,12.6699,15.3636,43.4515,1.161,1.373,1.6435,5.6375,Sudden_Anomaly,50.0
C01963,L1,DAC,126.72,1.806,11.7057,12.24,13.0907,14.1695,1.273,1.2792,1.3637,1.5357,Normal,50.0
C01964,L1,ADC,125.15,1.811,11.4465,11.9939,12.9357,13.2787,1.1394,1.2729,1.3462,1.3967,Normal,50.0
C01965,L1,ASIC,124.27,1.186,11.2868,12.7561,14.2989,36.2233,1.1948,1.3659,1.4985,4.4975,Sudden_Anomaly,50.0
C01966,L1,ADC,125.92,1.791,11.3172,12.424,13.437,14.4973,1.1205,1.2781,1.3877,1.5541,Normal,50.0
C01967,L1,ASIC,125.01,1.186,10.8919,11.9386,12.5785,12.4117,1.1378,1.2744,1.3156,1.356,Normal,50.0
C01968,L1,ASIC,124.46,1.202,11.1837,11.9603,12.6591,12.9469,1.159,1.2463,1.3103,1.341,Normal,50.0
C01969,L1,FPGA,125.33,1.072,11.5123,12.0351,13.2826,14.9818,1.177,1.2511,1.3916,1.5556,Normal,50.0
C01970,L1,FPGA,125.98,1.11,11.8823,12.1444,12.4882,12.8601,1.2369,1.2659,1.3144,1.3335,Normal,50.0
C01971,L1,ADC,123.93,1.811,11.76,12.7936,13.6342,15.7666,1.1972,1.2797,1.428,1.6538,Normal,50.0
C01972,L1,DAC,124.06,1.786,12.2823,13.0537,13.9622,34.6092,1.2993,1.3569,1.4978,4.2468,Sudden_Anomaly,50.0
C01973,L1,FPGA,125.38,1.111,11.4155,11.8631,13.3128,14.0736,1.2266,1.2595,1.3867,1.4329,Normal,50.0
C01974,L1,ADC,124.77,1.807,11.8422,13.0065,14.2,15.6362,1.2167,1.2942,1.5044,1.6753,Normal,50.0
C01975,L1,ASIC,123.79,1.191,11.3959,12.2255,13.424,13.6027,1.1864,1.2716,1.404,1.4037,Normal,50.0
C01976,L1,ASIC,126.58,1.195,11.3668,12.3278,13.3024,13.6104,1.2101,1.2218,1.413,1.4546,Normal,50.0
C01977,L1,ASIC,125.12,1.208,11.7041,13.1263,16.4963,20.7701,1.2417,1.3897,1.8324,2.2816,Latent_Defect,50.0
C01978,L1,FPGA,125.42,1.11,11.5373,11.9161,12.5951,13.6368,1.221,1.255,1.3079,1.4479,Normal,50.0
C01979,L1,ASIC,126.64,1.209,11.9301,13.1361,13.394,14.6029,1.2964,1.3626,1.3726,1.5827,Normal,50.0
C01980,L1,FPGA,125.65,1.127,11.5435,12.781,13.6346,35.8978,1.2445,1.3694,1.4771,4.4187,Sudden_Anomaly,50.0
C01981,L1,ADC,124.94,1.789,11.8363,12.9086,16.8579,23.6721,1.2186,1.3535,1.8183,2.7153,Latent_Defect,50.0
C01982,L1,FPGA,123.32,1.075,11.2526,13.1677,16.5892,23.6924,1.139,1.4154,1.8174,2.6504,Latent_Defect,50.0
C01983,L1,FPGA,125.57,1.095,12.2263,12.5119,13.4509,14.3618,1.3301,1.3526,1.4423,1.4692,Normal,50.0
C01984,L1,ASIC,125.85,1.224,11.3335,11.666,12.0495,13.1938,1.1926,1.2409,1.2618,1.3953,Normal,50.0
C01985,L1,FPGA,124.76,1.088,11.5126,12.4825,12.7104,14.0311,1.2332,1.3215,1.3375,1.5121,Normal,50.0
C01986,L1,FPGA,125.72,1.109,11.8116,14.034,21.5224,54.8694,1.2774,1.4914,2.4585,7.6252,Absolute_Failure,50.0
C01987,L1,ASIC,125.16,1.193,11.1926,12.5582,12.9826,13.2703,1.1634,1.3116,1.3424,1.3893,Normal,50.0
C01988,L1,DAC,124.62,1.804,12.5614,13.3998,14.2094,14.7836,1.3011,1.4173,1.5446,1.5901,Normal,50.0
C01989,L1,ADC,124.87,1.799,11.7706,13.0755,13.9698,15.6166,1.2649,1.3449,1.4905,1.666,Normal,50.0
C01990,L1,DAC,124.47,1.795,11.7503,13.4718,16.8952,24.582,1.1763,1.4441,1.7974,2.8394,Latent_Defect,50.0
C01991,L1,ADC,123.77,1.818,11.0307,12.6311,14.6728,22.6246,1.1702,1.3173,1.5771,2.5856,Latent_Defect,50.0
C01992,L1,ASIC,125.71,1.202,11.5146,13.3935,15.5749,19.631,1.2164,1.4531,1.6756,2.1553,Latent_Defect,50.0
C01993,L1,ASIC,124.74,1.208,11.3385,12.2272,12.0644,12.9391,1.2212,1.2515,1.2262,1.3468,Normal,50.0
C01994,L1,ADC,126.16,1.807,11.8068,12.774,13.3382,14.7959,1.2545,1.2942,1.3762,1.5565,Normal,50.0
C01995,L1,ADC,124.2,1.806,11.7897,12.7917,13.8218,14.5238,1.2204,1.3931,1.4548,1.5827,Normal,50.0
C01996,L1,ASIC,125.65,1.227,11.2043,12.1943,12.8937,28.1032,1.1598,1.2619,1.3787,3.3228,Sudden_Anomaly,50.0
C01997,L1,DAC,126.64,1.805,11.3592,12.2637,12.9004,13.4661,1.1762,1.3078,1.3741,1.4531,Normal,50.0
C01998,L1,ADC,126.89,1.811,12.5375,12.7142,12.6709,12.4922,1.3098,1.3697,1.3146,1.3519,High_Stable,50.0
C01999,L1,ASIC,124.15,1.204,11.4478,12.4742,16.7712,57.7282,1.1817,1.3013,1.8446,8.2016,Absolute_Failure,50.0
C02000,L1,ASIC,124.89,1.2,11.2727,12.5258,14.707,19.8565,1.2045,1.316,1.567,2.2026,Latent_Defect,50.0
