component_id,lot_id,component_type,temperature_C,voltage_V,iddq_0h_uA,iddq_24h_uA,iddq_96h_uA,iddq_168h_uA,leakage_0h_uA,leakage_24h_uA,leakage_96h_uA,leakage_168h_uA,ground_truth,absolute_limit_uA
C08001,L5,FPGA,124.24,1.083,12.0416,12.4532,13.6509,14.4596,1.2219,1.3426,1.4123,1.5559,Normal,50.0
C08002,L5,DAC,124.28,1.784,11.7289,12.7023,13.3051,14.4117,1.229,1.3773,1.3478,1.563,Normal,50.0
C08003,L5,ASIC,126.45,1.235,11.6242,11.9225,12.8732,13.2429,1.1916,1.2542,1.37,1.4144,Normal,50.0
C08004,L5,ASIC,124.84,1.176,11.4143,12.5633,13.4707,14.0985,1.1515,1.3424,1.4623,1.4701,Normal,50.0
C08005,L5,ASIC,124.84,1.203,10.9706,12.5012,14.1715,33.1038,1.1088,1.3259,1.5351,4.0557,Sudden_Anomaly,50.0
C08006,L5,DAC,125.58,1.809,13.0843,13.4542,13.9443,13.9523,1.4004,1.4241,1.4888,1.5106,High_Stable,50.0
C08007,L5,ADC,124.15,1.791,11.0505,11.499,12.3083,13.7954,1.1686,1.2272,1.2799,1.492,Normal,50.0
C08008,L5,DAC,124.83,1.816,12.4394,12.4426,12.2625,12.3094,1.3362,1.3425,1.3137,1.2808,High_Stable,50.0
C08009,L5,ASIC,125.31,1.209,11.1011,12.2862,16.8737,20.0603,1.178,1.2854,1.8392,2.2003,Latent_Defect,50.0
C08010,L5,ASIC,123.61,1.206,11.786,12.7317,14.2228,14.8046,1.2459,1.326,1.5029,1.5525,Normal,50.0
C08011,L5,FPGA,124.79,1.086,11.808,12.7986,13.7176,13.854,1.2802,1.3469,1.4581,1.4741,Normal,50.0
C08012,L5,FPGA,125.09,1.119,10.8651,11.2062,13.6048,33.2438,1.0869,1.1682,1.4381,4.0325,Sudden_Anomaly,50.0
C08013,L5,ASIC,125.5,1.21,12.1761,12.3865,12.6515,12.9302,1.2513,1.254,1.3463,1.335,High_Stable,50.0
C08014,L5,ADC,124.16,1.785,11.7753,12.7666,17.8351,52.2138,1.251,1.3089,1.955,7.1379,Absolute_Failure,50.0
C08015,L5,ADC,124.43,1.801,11.9761,13.436,17.3072,23.064,1.256,1.3906,1.8985,2.6111,Latent_Defect,50.0
C08016,L5,DAC,125.09,1.808,11.9229,14.0929,21.8443,51.7135,1.2438,1.489,2.4855,7.0357,Absolute_Failure,50.0
C08017,L5,ADC,124.29,1.8,11.8157,12.2979,12.8855,13.5594,1.2196,1.2859,1.3459,1.4447,Normal,50.0
C08018,L5,ASIC,124.81,1.222,10.7802,11.1739,12.3905,37.3636,1.1029,1.1472,1.2956,4.6276,Sudden_Anomaly,50.0
C08019,L5,FPGA,126.08,1.105,11.3438,11.5264,12.2529,13.2222,1.1531,1.202,1.3374,1.3948,Normal,50.0
C08020,L5,DAC,125.15,1.814,12.0411,12.2222,12.1564,11.8756,1.2627,1.2866,1.2677,1.2829,High_Stable,50.0
C08021,L5,ADC,124.9,1.822,12.1022,12.1906,12.2577,13.078,1.2642,1.29,1.3015,1.3569,Normal,50.0
C08022,L5,DAC,125.21,1.813,11.857,12.2582,12.1722,12.0889,1.2219,1.2606,1.2533,1.2712,High_Stable,50.0
C08023,L5,ASIC,124.19,1.201,11.6336,12.3846,12.7544,14.4728,1.2006,1.3154,1.3578,1.6015,Normal,50.0
C08024,L5,FPGA,123.88,1.095,12.205,12.2806,12.2857,12.2273,1.2907,1.2872,1.3093,1.2482,High_Stable,50.0
C08025,L5,FPGA,126.32,1.129,11.6294,12.1226,12.3464,13.5217,1.2208,1.2341,1.2963,1.4435,Normal,50.0
C08026,L5,ASIC,124.38,1.198,11.5628,12.5531,13.6794,13.8481,1.1981,1.2692,1.4249,1.4424,Normal,50.0
C08027,L5,DAC,125.58,1.784,12.6556,13.4292,14.5985,15.3446,1.3418,1.4823,1.5481,1.6578,Normal,50.0
C08028,L5,FPGA,123.74,1.116,11.7258,13.7132,16.3672,21.33,1.2507,1.4437,1.7636,2.4231,Latent_Defect,50.0
C08029,L5,DAC,124.76,1.792,12.1671,12.9514,13.898,14.877,1.2913,1.3619,1.4828,1.6463,Normal,50.0
C08030,L5,DAC,126.21,1.785,12.5283,13.5252,14.1248,14.5816,1.2984,1.4458,1.4913,1.5698,Normal,50.0
C08031,L5,DAC,126.79,1.797,11.7929,12.4533,13.3854,14.09,1.2439,1.3327,1.4156,1.5315,Normal,50.0
C08032,L5,FPGA,124.13,1.102,11.5811,13.0212,15.691,19.1883,1.2392,1.3444,1.709,2.0661,Latent_Defect,50.0
C08033,L5,ADC,125.43,1.775,11.9624,12.2681,13.4112,14.6912,1.1665,1.3025,1.4133,1.591,Normal,50.0
C08034,L5,DAC,125.35,1.811,11.3518,13.3259,18.2037,51.2698,1.1294,1.444,1.9681,6.9586,Absolute_Failure,50.0
C08035,L5,DAC,125.26,1.794,12.2927,13.1747,13.7001,14.2494,1.2577,1.3596,1.4699,1.4873,Normal,50.0
C08036,L5,ASIC,123.72,1.197,11.5724,12.7654,13.6229,14.2835,1.192,1.3787,1.4017,1.4797,Normal,50.0
C08037,L5,ADC,124.92,1.803,11.2876,12.1334,13.0775,15.1021,1.1489,1.2726,1.3745,1.6495,Normal,50.0
C08038,L5,ASIC,125.82,1.194,11.104,13.5278,23.7334,56.2397,1.1549,1.4519,2.7142,7.9033,Absolute_Failure,50.0
C08039,L5,ADC,124.45,1.78,12.0959,12.2795,12.6979,13.1313,1.267,1.3013,1.3346,1.3277,High_Stable,50.0
C08040,L5,FPGA,124.9,1.093,11.2532,12.8541,19.0296,53.5899,1.1597,1.3719,2.0859,7.3827,Absolute_Failure,50.0
C08041,L5,DAC,126.02,1.804,12.4794,13.3469,14.0434,14.2993,1.282,1.3922,1.4657,1.5454,Normal,50.0
C08042,L5,FPGA,124.29,1.101,11.5497,12.841,17.3369,23.8928,1.1618,1.3535,1.881,2.7178,Latent_Defect,50.0
C08043,L5,DAC,124.38,1.803,12.5914,14.3522,18.1544,24.1785,1.2996,1.5064,2.0382,2.763,Latent_Defect,50.0
C08044,L5,ADC,125.37,1.787,12.333,13.0588,14.2229,14.7983,1.2931,1.3772,1.5469,1.5424,Normal,50.0
C08045,L5,ADC,123.87,1.775,11.3367,12.4385,13.679,14.6938,1.1611,1.2959,1.4386,1.5597,Normal,50.0
C08046,L5,FPGA,125.22,1.103,11.9505,12.6036,13.2646,14.1007,1.2324,1.3261,1.3289,1.4916,Normal,50.0
C08047,L5,ASIC,123.82,1.21,11.5543,12.0155,12.4445,13.5439,1.1971,1.2518,1.3278,1.4324,Normal,50.0
C08048,L5,DAC,125.82,1.781,11.979,12.2566,12.8445,13.9039,1.2768,1.2946,1.3391,1.4537,Normal,50.0
C08049,L5,FPGA,125.52,1.079,11.5177,12.2313,12.8995,14.256,1.1584,1.2592,1.3574,1.4816,Normal,50.0
C08050,L5,FPGA,124.38,1.101,11.7371,12.9627,13.6061,14.8495,1.1813,1.3618,1.4287,1.5629,Normal,50.0
C08051,L5,ASIC,125.31,1.2,11.3201,12.6423,13.0985,14.2367,1.1773,1.3129,1.4062,1.5298,Normal,50.0
C08052,L5,ASIC,124.93,1.209,11.6912,12.3807,12.7178,12.9658,1.27,1.2877,1.3387,1.365,Normal,50.0
C08053,L5,FPGA,125.2,1.113,11.1258,11.6098,12.1777,14.0819,1.1563,1.2162,1.296,1.5034,Normal,50.0
C08054,L5,FPGA,125.65,1.117,11.6113,13.4532,21.4149,60.7725,1.2097,1.4488,2.374,8.754,Absolute_Failure,50.0
C08055,L5,DAC,125.14,1.813,12.4065,13.1032,13.9062,15.3299,1.3243,1.4013,1.4537,1.6367,Normal,50.0
C08056,L5,ADC,123.81,1.823,11.4658,12.2039,12.9943,14.5719,1.229,1.2919,1.3731,1.6087,Normal,50.0
C08057,L5,ADC,126.42,1.812,12.0123,13.2973,19.9913,55.5494,1.2891,1.3944,2.2077,7.7275,Absolute_Failure,50.0
C08058,L5,FPGA,126.67,1.11,11.9598,12.6011,12.9593,14.5738,1.3025,1.3567,1.3281,1.5523,Normal,50.0
C08059,L5,FPGA,124.28,1.098,11.0981,11.8475,12.6704,13.4411,1.1609,1.2375,1.3636,1.3637,Normal,50.0
C08060,L5,FPGA,124.3,1.099,11.0277,11.8549,12.7614,13.1675,1.1279,1.1836,1.3269,1.4016,Normal,50.0
C08061,L5,ASIC,125.79,1.2,11.3121,13.0946,16.5074,51.7746,1.1426,1.4006,1.7402,7.0874,Absolute_Failure,50.0
C08062,L5,ASIC,125.21,1.207,11.0796,11.2526,11.0239,11.3124,1.1771,1.1817,1.1788,1.1695,High_Stable,50.0
C08063,L5,DAC,125.53,1.8,12.0881,12.9727,14.1485,15.1647,1.2891,1.3691,1.5113,1.642,Normal,50.0
C08064,L5,ADC,124.68,1.775,12.1389,13.186,13.9026,14.0435,1.2869,1.4013,1.4686,1.4509,Normal,50.0
C08065,L5,FPGA,125.85,1.104,11.1909,11.7719,12.6552,13.4078,1.2005,1.228,1.3305,1.419,Normal,50.0
C08066,L5,FPGA,124.04,1.106,12.4031,12.9815,13.4377,13.7553,1.3567,1.3398,1.4214,1.4845,Normal,50.0
C08067,L5,ASIC,126.21,1.179,11.2399,12.2087,13.1228,14.2425,1.1544,1.2767,1.3891,1.531,Normal,50.0
C08068,L5,ADC,124.77,1.809,11.7011,13.2977,16.5491,24.093,1.1825,1.4201,1.8011,2.7725,Latent_Defect,50.0
C08069,L5,ASIC,125.45,1.212,11.3707,11.8343,12.9871,14.2071,1.1289,1.2231,1.3892,1.4975,Normal,50.0
C08070,L5,FPGA,124.46,1.107,11.6173,11.9012,13.3662,34.4087,1.2426,1.2538,1.4201,4.2341,Sudden_Anomaly,50.0
C08071,L5,FPGA,124.58,1.118,10.9617,11.8619,12.4891,13.0317,1.1339,1.2429,1.3057,1.3559,Normal,50.0
C08072,L5,ADC,125.16,1.789,11.6053,11.8501,13.3156,14.7444,1.1997,1.2693,1.4029,1.5626,Normal,50.0
C08073,L5,ADC,127.77,1.759,12.2062,13.6653,15.711,22.0474,1.2814,1.4552,1.6664,2.4664,Latent_Defect,50.0
C08074,L5,ASIC,124.33,1.183,11.119,11.5928,15.8654,50.9357,1.1422,1.2216,1.6686,6.9228,Absolute_Failure,50.0
C08075,L5,ASIC,126.02,1.176,11.451,12.303,13.3157,14.4046,1.223,1.2624,1.4541,1.5117,Normal,50.0
C08076,L5,ASIC,124.55,1.199,11.9892,12.3095,12.9918,13.9462,1.2626,1.2976,1.3485,1.4634,Normal,50.0
C08077,L5,ASIC,125.56,1.18,11.127,11.8087,12.4198,12.8243,1.1676,1.1881,1.3421,1.3068,Normal,50.0
C08078,L5,ADC,123.86,1.791,11.6087,12.791,14.2435,38.2989,1.2181,1.3525,1.5005,4.7781,Sudden_Anomaly,50.0
C08079,L5,DAC,125.02,1.81,12.4791,12.7902,13.6721,15.2239,1.3021,1.3503,1.4402,1.6124,Normal,50.0
C08080,L5,FPGA,125.51,1.089,11.3494,12.1085,13.2362,14.4433,1.16,1.2698,1.4136,1.5012,Normal,50.0
C08081,L5,DAC,125.91,1.814,11.4682,13.7423,18.7252,50.9645,1.2233,1.447,2.047,6.9614,Absolute_Failure,50.0
C08082,L5,ASIC,123.14,1.202,11.7294,13.0122,13.9649,15.0089,1.246,1.3868,1.4732,1.6416,Normal,50.0
C08083,L5,ASIC,125.23,1.212,11.971,12.1018,12.2301,12.4199,1.271,1.2519,1.2614,1.338,High_Stable,50.0
C08084,L5,DAC,127.18,1.794,11.6714,13.3402,19.5116,51.2019,1.2378,1.3895,2.1188,6.9886,Absolute_Failure,50.0
C08085,L5,ADC,124.67,1.799,11.8812,13.2405,15.672,32.2607,1.2404,1.396,1.6784,3.8997,Sudden_Anomaly,50.0
C08086,L5,DAC,125.12,1.797,11.6001,12.2705,14.4553,32.8031,1.2375,1.3353,1.554,3.9729,Sudden_Anomaly,50.0
C08087,L5,ADC,124.18,1.819,11.5163,12.0371,12.994,14.158,1.1656,1.2587,1.3634,1.5209,Normal,50.0
C08088,L5,ADC,124.82,1.813,12.0831,12.8687,13.3788,14.2496,1.2752,1.3396,1.3832,1.4998,Normal,50.0
C08089,L5,DAC,125.36,1.813,11.3558,12.9106,14.9326,19.4185,1.1548,1.4051,1.6386,2.1513,Latent_Defect,50.0
C08090,L5,DAC,124.56,1.827,11.5841,12.5781,12.922,14.0832,1.187,1.3088,1.3525,1.5141,Normal,50.0
C08091,L5,FPGA,125.24,1.102,11.5816,13.2713,15.2846,19.9572,1.228,1.3851,1.6314,2.2246,Latent_Defect,50.0
C08092,L5,ADC,124.8,1.806,12.0707,12.9658,14.0588,15.2323,1.2633,1.3338,1.5089,1.6193,Normal,50.0
C08093,L5,FPGA,125.84,1.082,11.1793,11.7407,12.7739,13.2561,1.1623,1.2152,1.368,1.4128,Normal,50.0
C08094,L5,ASIC,125.45,1.198,11.5099,12.3311,13.4895,13.7613,1.1979,1.3064,1.4201,1.481,Normal,50.0
C08095,L5,ASIC,123.68,1.181,11.0166,11.3241,11.3121,11.2132,1.1646,1.1732,1.1412,1.1714,High_Stable,50.0
C08096,L5,ASIC,124.71,1.199,11.4125,12.0835,12.1962,12.852,1.1862,1.2273,1.3001,1.333,Normal,50.0
C08097,L5,ADC,125.04,1.801,12.7684,12.8373,12.9773,12.7942,1.3669,1.3202,1.3662,1.288,High_Stable,50.0
C08098,L5,ADC,123.73,1.774,11.1241,11.4309,12.5482,13.8413,1.1822,1.1336,1.3215,1.4711,Normal,50.0
C08099,L5,ASIC,125.81,1.198,11.5118,12.3806,12.6334,14.0742,1.1965,1.3047,1.3209,1.4848,Normal,50.0
C08100,L5,ASIC,124.26,1.186,11.3761,11.4613,11.6068,12.0224,1.1635,1.2289,1.2268,1.2676,High_Stable,50.0
C08101,L5,FPGA,125.58,1.091,11.3206,11.6168,11.9373,13.5463,1.1738,1.2254,1.2353,1.4787,Normal,50.0
C08102,L5,ADC,125.36,1.812,11.5935,11.5748,11.5848,11.5024,1.2347,1.2237,1.1736,1.2149,High_Stable,50.0
C08103,L5,ADC,123.62,1.798,11.9861,13.7768,17.7786,21.7835,1.2526,1.484,1.9661,2.4065,Latent_Defect,50.0
C08104,L5,FPGA,125.58,1.106,11.636,12.1867,12.7779,14.5141,1.1867,1.3137,1.3489,1.4932,Normal,50.0
C08105,L5,FPGA,125.93,1.094,11.8564,13.025,14.0074,14.5818,1.2769,1.3293,1.4678,1.5809,Normal,50.0
C08106,L5,ASIC,125.57,1.182,11.2977,12.5486,13.5993,14.6825,1.1739,1.3179,1.4521,1.5642,Normal,50.0
C08107,L5,ASIC,124.83,1.231,11.0808,12.2475,12.4992,12.7214,1.1485,1.2527,1.3198,1.2858,Normal,50.0
C08108,L5,ASIC,123.58,1.201,11.0381,12.097,15.708,20.239,1.158,1.2675,1.6932,2.2593,Latent_Defect,50.0
C08109,L5,DAC,126.04,1.781,11.5419,12.3921,13.212,13.749,1.2042,1.3008,1.4352,1.4232,Normal,50.0
C08110,L5,FPGA,124.55,1.103,11.5711,11.9426,12.8146,13.8873,1.2229,1.3029,1.3027,1.4579,Normal,50.0
C08111,L5,DAC,124.5,1.811,11.7181,13.1785,16.1907,29.3323,1.2158,1.3875,1.7259,3.4705,Sudden_Anomaly,50.0
C08112,L5,DAC,124.89,1.793,12.2543,13.3821,14.1656,15.1768,1.3113,1.3781,1.5132,1.673,Normal,50.0
C08113,L5,DAC,124.57,1.783,11.8864,12.8912,14.0291,14.6878,1.2319,1.3288,1.4859,1.565,Normal,50.0
C08114,L5,ADC,123.6,1.8,11.1338,12.629,14.1172,29.2991,1.1459,1.304,1.4784,3.4641,Sudden_Anomaly,50.0
C08115,L5,FPGA,126.63,1.09,11.7958,12.1425,13.2817,14.629,1.2244,1.2665,1.4034,1.5546,Normal,50.0
C08116,L5,FPGA,124.42,1.102,11.187,12.3172,12.7431,13.5787,1.0953,1.3145,1.3633,1.4359,Normal,50.0
C08117,L5,ADC,126.0,1.833,12.1199,13.396,14.3285,27.5967,1.2636,1.399,1.5457,3.2136,Sudden_Anomaly,50.0
C08118,L5,ADC,122.83,1.784,10.9929,11.5779,12.4529,12.9115,1.174,1.2232,1.3134,1.3845,Normal,50.0
C08119,L5,FPGA,125.48,1.088,11.0971,11.5971,12.4145,12.6423,1.1591,1.206,1.3318,1.3075,Normal,50.0
C08120,L5,ASIC,125.05,1.214,11.375,11.4244,11.4332,11.3333,1.2264,1.172,1.1611,1.166,High_Stable,50.0
C08121,L5,DAC,124.84,1.824,11.9051,13.8313,19.5516,57.8291,1.2159,1.4634,2.207,8.1976,Absolute_Failure,50.0
C08122,L5,ADC,124.68,1.806,11.374,12.4593,13.1665,13.821,1.164,1.3295,1.432,1.4394,Normal,50.0
C08123,L5,ASIC,126.27,1.212,10.919,11.8195,12.0717,12.8089,1.1397,1.2231,1.2938,1.328,Normal,50.0
C08124,L5,FPGA,126.37,1.109,12.1885,13.8965,18.3719,54.3359,1.2905,1.4653,2.0393,7.5606,Absolute_Failure,50.0
C08125,L5,FPGA,125.01,1.113,11.4182,12.3901,13.1423,13.9061,1.2085,1.322,1.4299,1.466,Normal,50.0
C08126,L5,DAC,125.26,1.795,12.4222,12.4627,12.6768,12.9712,1.2944,1.3204,1.344,1.3338,High_Stable,50.0
C08127,L5,DAC,125.34,1.796,13.2119,13.2112,13.5441,13.3884,1.3725,1.3778,1.4423,1.4496,High_Stable,50.0
C08128,L5,FPGA,125.29,1.074,11.4447,12.1995,13.5246,14.2235,1.1779,1.2602,1.4631,1.5304,Normal,50.0
C08129,L5,FPGA,126.32,1.098,11.5993,12.0316,15.7294,53.8263,1.2341,1.2085,1.7087,7.4057,Absolute_Failure,50.0
C08130,L5,ASIC,125.13,1.189,11.4866,13.4038,19.1504,52.9252,1.178,1.4448,2.1296,7.2794,Absolute_Failure,50.0
C08131,L5,ADC,124.17,1.779,11.9893,14.8514,23.7022,56.0237,1.2353,1.5913,2.7,7.8524,Absolute_Failure,50.0
C08132,L5,FPGA,125.9,1.118,11.4683,12.0905,12.3691,13.7655,1.2367,1.2292,1.3281,1.4151,Normal,50.0
C08133,L5,ADC,125.78,1.777,12.6774,12.8766,13.2148,13.4337,1.3645,1.3492,1.4021,1.4449,High_Stable,50.0
C08134,L5,ASIC,124.17,1.189,11.6655,12.2794,13.2067,13.7003,1.2511,1.2941,1.3952,1.4473,Normal,50.0
C08135,L5,ADC,124.04,1.793,11.9622,13.5728,19.4926,56.7371,1.247,1.4123,2.1272,7.9671,Absolute_Failure,50.0
C08136,L5,DAC,125.9,1.819,12.4721,13.3987,14.318,15.9096,1.325,1.4376,1.5235,1.6914,Normal,50.0
C08137,L5,FPGA,124.35,1.078,11.2199,11.6963,12.5886,13.1178,1.1564,1.2497,1.3196,1.3862,Normal,50.0
C08138,L5,ASIC,124.0,1.2,11.5564,12.4136,12.6788,13.0071,1.2324,1.2767,1.3249,1.3967,Normal,50.0
C08139,L5,DAC,126.87,1.814,11.8157,12.8542,14.0616,15.2473,1.2035,1.3276,1.4575,1.5999,Normal,50.0
C08140,L5,DAC,123.28,1.789,11.7541,13.0975,14.0427,14.6167,1.2066,1.3405,1.4765,1.5625,Normal,50.0
C08141,L5,FPGA,124.89,1.126,11.9574,12.9794,13.8381,14.7592,1.2078,1.3926,1.4707,1.5732,Normal,50.0
C08142,L5,ASIC,124.8,1.174,12.3718,13.0653,14.1596,15.5007,1.2979,1.3689,1.534,1.6655,Normal,50.0
C08143,L5,ASIC,124.86,1.191,10.7739,11.7282,13.004,13.7607,1.1351,1.1746,1.3701,1.4432,Normal,50.0
C08144,L5,DAC,125.27,1.826,11.503,11.6952,12.5741,13.8351,1.1589,1.2451,1.3036,1.4647,Normal,50.0
C08145,L5,ASIC,124.33,1.198,11.4954,12.8218,13.2905,13.8548,1.2223,1.3294,1.3947,1.4471,Normal,50.0
C08146,L5,DAC,124.5,1.799,12.39,14.2418,18.1473,25.1347,1.3003,1.5669,2.0105,2.8828,Latent_Defect,50.0
C08147,L5,DAC,125.32,1.782,12.3697,12.3016,12.2424,12.8835,1.2781,1.3115,1.2734,1.3721,High_Stable,50.0
C08148,L5,ADC,123.55,1.799,11.9411,12.3586,12.4607,12.3391,1.2441,1.3141,1.3339,1.262,High_Stable,50.0
C08149,L5,ASIC,125.46,1.188,11.5662,12.3926,17.6405,58.1787,1.1791,1.2943,1.9242,8.2091,Absolute_Failure,50.0
C08150,L5,ASIC,124.0,1.225,12.1782,12.4216,12.7549,12.6286,1.2526,1.3548,1.3474,1.3377,High_Stable,50.0
C08151,L5,DAC,125.2,1.819,12.021,12.701,13.212,14.8217,1.2745,1.3371,1.362,1.5647,Normal,50.0
C08152,L5,DAC,124.75,1.831,11.9657,12.6316,13.31,13.669,1.2239,1.3268,1.4009,1.4418,Normal,50.0
C08153,L5,ADC,125.1,1.809,12.3647,13.1276,13.1578,14.2342,1.2817,1.3529,1.3953,1.5138,Normal,50.0
C08154,L5,FPGA,125.73,1.112,11.9066,13.2069,15.2704,36.9001,1.2826,1.3813,1.5795,4.587,Sudden_Anomaly,50.0
C08155,L5,ASIC,124.42,1.205,12.011,13.3875,14.7886,35.4524,1.2653,1.4096,1.594,4.3952,Sudden_Anomaly,50.0
C08156,L5,ADC,124.72,1.796,11.6279,12.8759,12.8854,13.9022,1.2357,1.3516,1.3614,1.5642,Normal,50.0
C08157,L5,ADC,124.81,1.811,11.6866,12.1697,13.0847,13.2015,1.223,1.2468,1.3839,1.3873,Normal,50.0
C08158,L5,ASIC,125.03,1.222,11.2641,13.2409,16.9358,21.3481,1.1277,1.3824,1.8114,2.4054,Latent_Defect,50.0
C08159,L5,DAC,123.94,1.818,12.0762,12.016,11.9708,12.3985,1.2568,1.2411,1.2587,1.2881,High_Stable,50.0
C08160,L5,ASIC,124.79,1.204,11.7619,13.0012,14.1463,37.0363,1.2324,1.3585,1.4831,4.6044,Sudden_Anomaly,50.0
C08161,L5,FPGA,125.02,1.097,11.8436,12.1113,12.3234,12.3068,1.2591,1.2518,1.3005,1.2385,High_Stable,50.0
C08162,L5,ADC,124.35,1.795,12.1845,12.8738,14.3381,15.2711,1.2834,1.3491,1.4982,1.6031,Normal,50.0
C08163,L5,ASIC,124.65,1.206,11.2769,11.7275,12.0803,12.763,1.1366,1.2224,1.2652,1.3178,Normal,50.0
C08164,L5,ADC,124.2,1.818,11.907,13.4804,16.1824,31.2226,1.2767,1.4185,1.745,3.7372,Sudden_Anomaly,50.0
C08165,L5,FPGA,125.95,1.094,11.2804,11.5425,12.4551,13.0421,1.1801,1.1658,1.2325,1.3786,Normal,50.0
C08166,L5,ASIC,124.38,1.209,11.5883,11.8019,12.3703,12.5903,1.1999,1.2279,1.2883,1.3542,High_Stable,50.0
C08167,L5,ASIC,124.81,1.172,11.8911,11.7626,11.7876,11.9754,1.2548,1.2177,1.2136,1.1905,High_Stable,50.0
C08168,L5,FPGA,125.56,1.099,12.1905,13.451,14.5373,14.6812,1.2553,1.4173,1.5729,1.5447,Normal,50.0
C08169,L5,ADC,122.61,1.798,11.6168,12.5941,13.4279,13.8109,1.2155,1.3085,1.4302,1.4514,Normal,50.0
C08170,L5,FPGA,126.16,1.126,11.7083,12.6188,13.2809,14.2624,1.2035,1.3258,1.4212,1.5802,Normal,50.0
C08171,L5,FPGA,124.92,1.102,12.1224,12.28,12.3983,12.5174,1.2675,1.2688,1.322,1.2884,High_Stable,50.0
C08172,L5,DAC,125.59,1.833,11.3667,11.9426,12.5384,12.8952,1.1595,1.3023,1.3441,1.344,Normal,50.0
C08173,L5,ADC,124.01,1.813,11.6853,12.0024,11.9884,11.5395,1.2236,1.296,1.2284,1.2172,High_Stable,50.0
C08174,L5,DAC,124.47,1.788,12.4292,13.0363,14.2696,15.3618,1.2937,1.3633,1.5291,1.6228,Normal,50.0
C08175,L5,FPGA,123.71,1.115,11.5456,12.5145,13.4111,14.3462,1.2832,1.3543,1.4025,1.5321,Normal,50.0
C08176,L5,ASIC,125.58,1.192,11.6496,13.6774,16.6595,21.6573,1.1598,1.4144,1.8032,2.4225,Latent_Defect,50.0
C08177,L5,ASIC,124.09,1.189,10.9635,11.5441,12.1883,12.2897,1.1478,1.1871,1.2842,1.2843,Normal,50.0
C08178,L5,ASIC,125.16,1.226,12.0267,13.0926,19.3232,52.6125,1.2828,1.3562,2.1205,7.2118,Absolute_Failure,50.0
C08179,L5,ADC,125.67,1.808,11.8214,12.8918,13.0612,13.7477,1.248,1.3466,1.39,1.4469,Normal,50.0
C08180,L5,FPGA,125.89,1.081,11.4046,12.6489,16.9842,58.0325,1.1776,1.3197,1.8398,8.2339,Absolute_Failure,50.0
C08181,L5,FPGA,125.05,1.103,11.386,12.1126,12.8334,14.4049,1.1572,1.2762,1.3258,1.5104,Normal,50.0
C08182,L5,FPGA,125.06,1.124,11.7292,12.5324,13.0532,14.1337,1.2212,1.3258,1.3805,1.5002,Normal,50.0
C08183,L5,ADC,124.45,1.812,11.8229,13.8485,17.4803,22.4733,1.1493,1.4568,1.9025,2.5348,Latent_Defect,50.0
C08184,L5,DAC,125.52,1.792,12.0993,13.8464,17.8813,21.6899,1.2615,1.4422,1.9686,2.4594,Latent_Defect,50.0
C08185,L5,FPGA,124.69,1.121,11.4291,12.329,13.2375,14.9425,1.2175,1.2854,1.3846,1.609,Normal,50.0
C08186,L5,ASIC,123.3,1.202,11.8558,12.3861,13.2975,14.3712,1.2095,1.2819,1.3723,1.5609,Normal,50.0
C08187,L5,FPGA,124.5,1.081,11.7579,12.9356,13.752,14.874,1.236,1.401,1.4397,1.5651,Normal,50.0
C08188,L5,ASIC,124.27,1.219,11.4857,12.7406,13.5753,14.1634,1.1868,1.3104,1.4471,1.5045,Normal,50.0
C08189,L5,ASIC,123.25,1.205,11.2125,11.3644,11.3319,11.7054,1.1671,1.1991,1.1823,1.2423,High_Stable,50.0
C08190,L5,DAC,124.76,1.797,11.8801,12.7605,13.0955,14.0535,1.2011,1.3593,1.3729,1.512,Normal,50.0
C08191,L5,ADC,123.67,1.795,11.4002,12.4961,13.2643,14.2573,1.1365,1.3182,1.3971,1.4986,Normal,50.0
C08192,L5,ASIC,125.28,1.164,11.9344,12.553,13.0468,14.1642,1.2511,1.3605,1.3891,1.4982,Normal,50.0
C08193,L5,DAC,123.98,1.824,11.8891,12.5971,13.0749,13.1866,1.2673,1.2618,1.3487,1.4117,Normal,50.0
C08194,L5,ASIC,125.98,1.217,11.9646,13.9107,19.1932,50.4808,1.2763,1.499,2.1145,6.8755,Absolute_Failure,50.0
C08195,L5,FPGA,123.86,1.069,11.4576,12.5769,13.7494,14.981,1.1873,1.2933,1.4257,1.5654,Normal,50.0
C08196,L5,FPGA,125.56,1.109,11.6002,13.0123,14.7609,21.5066,1.2448,1.3772,1.5794,2.3929,Latent_Defect,50.0
C08197,L5,ADC,124.85,1.806,12.0792,12.4975,14.0116,15.0544,1.265,1.328,1.4782,1.6317,Normal,50.0
C08198,L5,ASIC,124.88,1.196,11.3975,12.5651,12.9382,15.0434,1.1853,1.3489,1.3821,1.615,Normal,50.0
C08199,L5,FPGA,125.16,1.102,11.4499,12.5856,13.2539,13.7694,1.2539,1.3114,1.4606,1.425,Normal,50.0
C08200,L5,ADC,125.78,1.801,11.8181,13.045,14.2105,15.6595,1.2298,1.3929,1.5088,1.7091,Normal,50.0
C08201,L5,DAC,125.2,1.791,11.5153,12.7006,16.6035,22.2093,1.1985,1.3524,1.8007,2.4862,Latent_Defect,50.0
C08202,L5,ADC,123.85,1.786,11.9662,13.5243,17.328,22.2779,1.2084,1.4568,1.9319,2.5049,Latent_Defect,50.0
C08203,L5,ADC,122.94,1.783,11.9417,12.5658,12.9223,13.6677,1.2204,1.3334,1.3315,1.4153,Normal,50.0
C08204,L5,ASIC,125.07,1.189,11.4328,11.381,12.1923,13.4432,1.1866,1.2027,1.2839,1.4271,Normal,50.0
C08205,L5,ASIC,124.02,1.205,12.1162,13.3123,13.9096,15.0958,1.2628,1.4418,1.4751,1.5986,Normal,50.0
C08206,L5,ADC,124.2,1.813,11.1761,13.2483,20.0006,51.3878,1.1219,1.3967,2.1929,7.0123,Absolute_Failure,50.0
C08207,L5,ADC,126.37,1.783,11.8714,13.0803,15.8025,40.0935,1.2719,1.3966,1.7321,5.0739,Sudden_Anomaly,50.0
C08208,L5,ADC,126.18,1.808,11.4349,12.3833,13.2007,13.8982,1.1914,1.3028,1.3557,1.5372,Normal,50.0
C08209,L5,FPGA,125.97,1.102,11.7113,12.6431,13.6176,13.7933,1.2166,1.3225,1.4644,1.4594,Normal,50.0
C08210,L5,ADC,124.17,1.814,12.2831,12.3609,12.411,12.5446,1.3547,1.2973,1.2812,1.3269,High_Stable,50.0
C08211,L5,ASIC,126.26,1.195,11.4959,12.7768,15.5228,37.3916,1.1701,1.3499,1.6447,4.6758,Sudden_Anomaly,50.0
C08212,L5,ADC,124.69,1.786,11.8391,12.8092,13.7847,14.3628,1.2228,1.3247,1.5014,1.5349,Normal,50.0
C08213,L5,ADC,125.03,1.822,12.252,13.2318,13.5881,14.6824,1.3323,1.3775,1.4121,1.5455,Normal,50.0
C08214,L5,FPGA,123.85,1.101,11.2514,11.4556,12.2398,12.5329,1.1663,1.2023,1.2448,1.2918,Normal,50.0
C08215,L5,FPGA,125.72,1.095,11.0955,12.3996,19.3365,54.1865,1.1665,1.3041,2.1295,7.487,Absolute_Failure,50.0
C08216,L5,ASIC,125.6,1.193,11.7442,11.9734,12.0883,11.9428,1.2359,1.2334,1.254,1.2095,High_Stable,50.0
C08217,L5,FPGA,125.75,1.09,11.8077,12.4186,15.3514,40.2368,1.2329,1.3138,1.6693,5.1137,Sudden_Anomaly,50.0
C08218,L5,ASIC,127.07,1.196,11.1423,11.5618,12.2819,13.6896,1.1912,1.2036,1.3096,1.4173,Normal,50.0
C08219,L5,ASIC,124.77,1.204,11.4851,12.0763,13.1954,13.4713,1.2302,1.2482,1.3758,1.4479,Normal,50.0
C08220,L5,ADC,124.04,1.772,12.193,13.4071,18.233,22.3994,1.2943,1.4367,2.0017,2.5243,Latent_Defect,50.0
C08221,L5,FPGA,124.99,1.091,10.6656,11.6472,13.0354,25.7456,1.1125,1.2026,1.321,2.9453,Sudden_Anomaly,50.0
C08222,L5,DAC,125.32,1.778,12.6173,12.683,12.5978,13.0438,1.2802,1.3572,1.3643,1.4104,High_Stable,50.0
C08223,L5,FPGA,124.94,1.099,11.4043,11.6766,11.8435,11.8889,1.1884,1.2574,1.2531,1.2751,High_Stable,50.0
C08224,L5,ASIC,124.75,1.195,10.6417,11.169,11.2365,12.3021,1.1018,1.1748,1.1696,1.3319,Normal,50.0
C08225,L5,ASIC,124.23,1.181,10.6668,11.9902,15.1243,19.7052,1.1472,1.2408,1.6411,2.2041,Latent_Defect,50.0
C08226,L5,ASIC,124.65,1.212,10.8931,11.6539,11.9747,12.3754,1.0849,1.1919,1.2926,1.3004,Normal,50.0
C08227,L5,FPGA,125.56,1.109,10.8376,11.0921,12.1856,13.5954,1.1127,1.1436,1.2774,1.4192,Normal,50.0
C08228,L5,ADC,125.32,1.806,12.3101,12.6685,13.0452,13.3103,1.2784,1.3064,1.3792,1.4047,Normal,50.0
C08229,L5,FPGA,125.89,1.104,11.7388,13.0238,13.398,14.9202,1.2115,1.4212,1.41,1.6377,Normal,50.0
C08230,L5,ADC,126.09,1.828,12.3753,13.6704,15.7021,19.7092,1.3452,1.4437,1.685,2.2273,Latent_Defect,50.0
C08231,L5,ADC,124.26,1.82,12.4058,12.655,12.7882,13.1822,1.3476,1.3493,1.3446,1.3816,High_Stable,50.0
C08232,L5,ADC,124.17,1.795,11.5175,11.9101,13.1177,14.5191,1.2008,1.2353,1.3694,1.5176,Normal,50.0
C08233,L5,ADC,124.69,1.806,11.3361,13.0046,16.0177,51.4938,1.1992,1.3752,1.7166,7.0138,Absolute_Failure,50.0
C08234,L5,ASIC,125.2,1.186,11.3802,12.4264,17.5686,24.5611,1.1585,1.2813,1.893,2.8283,Latent_Defect,50.0
C08235,L5,ASIC,125.32,1.186,11.2102,12.0695,12.7782,13.3025,1.1775,1.2679,1.3507,1.424,Normal,50.0
C08236,L5,ADC,125.37,1.802,11.7663,13.0219,13.4689,14.2063,1.2719,1.3757,1.4545,1.4862,Normal,50.0
C08237,L5,DAC,124.9,1.8,12.5503,13.1661,13.851,14.7484,1.3218,1.3855,1.4852,1.5797,Normal,50.0
C08238,L5,FPGA,125.04,1.093,11.6297,12.8484,13.8247,14.606,1.198,1.3312,1.4887,1.5669,Normal,50.0
C08239,L5,ASIC,125.14,1.194,11.4129,12.2263,12.5631,13.2502,1.2033,1.2665,1.3065,1.3815,Normal,50.0
C08240,L5,FPGA,126.45,1.093,11.798,12.1644,12.2459,12.4933,1.2408,1.2959,1.2471,1.2886,High_Stable,50.0
C08241,L5,FPGA,126.2,1.097,12.2618,13.2777,13.9355,15.0883,1.3124,1.4013,1.4647,1.6253,Normal,50.0
C08242,L5,ASIC,126.0,1.225,11.2576,11.5854,12.6403,13.3426,1.1532,1.224,1.3047,1.4003,Normal,50.0
C08243,L5,ASIC,125.38,1.194,11.8399,12.4689,12.675,13.501,1.2231,1.3428,1.2984,1.4217,Normal,50.0
C08244,L5,ADC,125.35,1.8,11.66,12.7953,13.5693,15.2371,1.2043,1.3422,1.4361,1.617,Normal,50.0
C08245,L5,FPGA,124.08,1.107,11.6751,12.1339,13.0003,14.7531,1.1935,1.3344,1.3735,1.5845,Normal,50.0
C08246,L5,ASIC,124.72,1.206,11.0606,11.9668,12.5612,14.2998,1.1716,1.2118,1.3096,1.4926,Normal,50.0
C08247,L5,FPGA,124.36,1.116,11.4806,11.8806,11.9682,12.9478,1.2393,1.2431,1.2916,1.3621,Normal,50.0
C08248,L5,DAC,124.17,1.807,12.3458,13.5092,17.8462,25.8659,1.2688,1.4155,1.996,2.9776,Latent_Defect,50.0
C08249,L5,DAC,125.54,1.797,11.5069,12.3386,14.0281,38.8012,1.2119,1.2603,1.5051,4.8523,Sudden_Anomaly,50.0
C08250,L5,FPGA,125.13,1.098,11.8337,12.8831,14.009,14.5175,1.2079,1.3571,1.4716,1.5202,Normal,50.0
C08251,L5,ASIC,125.32,1.21,11.1726,12.2954,13.2039,13.4341,1.2021,1.2947,1.4126,1.434,Normal,50.0
C08252,L5,ASIC,125.59,1.222,11.1023,12.0752,13.3039,13.994,1.1451,1.2716,1.3876,1.4879,Normal,50.0
C08253,L5,ASIC,124.36,1.194,11.4372,12.757,13.8564,15.0966,1.1682,1.3312,1.4834,1.5998,Normal,50.0
C08254,L5,ASIC,125.78,1.193,11.7412,12.2348,12.7101,14.0604,1.2577,1.2635,1.3183,1.5214,Normal,50.0
C08255,L5,FPGA,127.11,1.084,11.8253,11.823,11.8891,12.0122,1.2348,1.2414,1.2342,1.1998,High_Stable,50.0
C08256,L5,DAC,125.95,1.804,11.9722,12.4705,12.6344,14.1773,1.2483,1.3384,1.3474,1.5276,Normal,50.0
C08257,L5,ADC,123.54,1.779,11.3918,11.8243,12.577,13.7151,1.2354,1.2168,1.2971,1.4639,Normal,50.0
C08258,L5,DAC,124.31,1.826,12.2387,12.9783,13.3508,14.6412,1.2667,1.3785,1.4575,1.5423,Normal,50.0
C08259,L5,ASIC,124.61,1.221,11.2723,12.3825,12.8441,13.631,1.1533,1.292,1.3134,1.3991,Normal,50.0
C08260,L5,ASIC,124.87,1.221,11.828,12.8464,14.2185,15.4671,1.2435,1.3458,1.522,1.6592,Normal,50.0
C08261,L5,FPGA,125.6,1.087,12.0091,12.6094,12.8294,14.251,1.2297,1.3548,1.3352,1.5128,Normal,50.0
C08262,L5,DAC,125.43,1.785,11.7654,12.6062,14.8832,21.5912,1.2834,1.3122,1.5952,2.4435,Latent_Defect,50.0
C08263,L5,ADC,124.63,1.789,11.6719,12.5969,14.0086,15.105,1.1956,1.275,1.4929,1.611,Normal,50.0
C08264,L5,ASIC,125.62,1.182,11.572,12.0194,12.8977,12.7432,1.2174,1.2684,1.4027,1.358,Normal,50.0
C08265,L5,FPGA,124.98,1.083,11.2912,12.1239,12.4707,13.3283,1.1652,1.2578,1.3024,1.4132,Normal,50.0
C08266,L5,DAC,124.32,1.815,11.0068,11.5534,12.1512,12.757,1.0843,1.2396,1.2983,1.3253,Normal,50.0
C08267,L5,FPGA,126.06,1.14,11.3267,12.3422,13.1707,14.7001,1.1447,1.2781,1.3481,1.596,Normal,50.0
C08268,L5,FPGA,125.6,1.1,11.6346,12.3319,13.5411,33.4306,1.2611,1.3116,1.3926,4.0864,Sudden_Anomaly,50.0
C08269,L5,ASIC,124.87,1.181,11.4888,11.9982,13.2848,13.7706,1.2604,1.2321,1.3852,1.4993,Normal,50.0
C08270,L5,ASIC,124.93,1.19,11.0417,11.3115,11.8278,13.1431,1.1503,1.2103,1.2309,1.4033,Normal,50.0
C08271,L5,DAC,124.33,1.818,12.1435,13.3308,14.6053,15.4169,1.2626,1.4037,1.5583,1.6447,Normal,50.0
C08272,L5,FPGA,126.95,1.114,12.1636,12.1133,12.1925,12.1717,1.2952,1.273,1.2943,1.2898,High_Stable,50.0
C08273,L5,FPGA,123.52,1.113,11.7377,11.9388,12.2449,13.6842,1.2485,1.2586,1.2495,1.4445,Normal,50.0
C08274,L5,FPGA,124.79,1.088,11.499,12.7251,13.911,15.5196,1.1948,1.3376,1.4822,1.7049,Normal,50.0
C08275,L5,FPGA,125.38,1.086,11.3521,11.8116,11.8843,12.795,1.174,1.3101,1.2386,1.3734,Normal,50.0
C08276,L5,FPGA,124.5,1.1,11.1969,12.0048,12.9525,13.5277,1.2183,1.27,1.3845,1.3896,Normal,50.0
C08277,L5,ADC,124.51,1.809,11.5593,12.278,13.4055,13.5526,1.1837,1.2921,1.468,1.442,Normal,50.0
C08278,L5,FPGA,125.09,1.097,11.6029,14.5251,20.2992,61.4052,1.244,1.5343,2.2336,8.8327,Absolute_Failure,50.0
C08279,L5,FPGA,125.29,1.116,12.3024,12.4339,12.35,12.6839,1.3113,1.2698,1.2904,1.3335,High_Stable,50.0
C08280,L5,ASIC,125.77,1.212,11.3607,11.6033,11.8991,12.6834,1.1883,1.2307,1.2672,1.3506,Normal,50.0
C08281,L5,ASIC,125.07,1.2,11.0624,11.6299,12.5165,13.3366,1.1757,1.213,1.3632,1.4058,Normal,50.0
C08282,L5,ASIC,126.21,1.198,11.7039,11.9933,12.5606,13.6624,1.2152,1.2432,1.2982,1.4064,Normal,50.0
C08283,L5,ASIC,125.5,1.209,11.1165,11.7097,12.7164,13.2282,1.1703,1.1887,1.3191,1.4256,Normal,50.0
C08284,L5,ADC,125.81,1.793,11.9513,13.908,20.7693,51.6406,1.2762,1.494,2.3078,7.0645,Absolute_Failure,50.0
C08285,L5,DAC,124.75,1.817,11.515,12.1205,12.715,13.9381,1.1966,1.2381,1.326,1.5059,Normal,50.0
C08286,L5,ASIC,125.71,1.206,11.2464,11.8271,12.1883,12.637,1.1541,1.2442,1.2834,1.3382,Normal,50.0
C08287,L5,FPGA,124.42,1.102,11.7519,12.9986,15.6433,21.8758,1.2125,1.3765,1.6356,2.4402,Latent_Defect,50.0
C08288,L5,DAC,124.82,1.815,11.5739,11.6446,11.2258,11.4528,1.1638,1.2092,1.1992,1.2082,High_Stable,50.0
C08289,L5,FPGA,125.39,1.12,11.6978,13.1614,14.224,15.6487,1.2129,1.4008,1.5628,1.6911,Normal,50.0
C08290,L5,DAC,124.45,1.808,12.3385,12.8861,13.0425,13.8465,1.3198,1.4059,1.3637,1.4454,Normal,50.0
C08291,L5,ASIC,125.23,1.186,12.0156,13.7465,17.4101,22.3007,1.2631,1.4367,1.8548,2.4928,Latent_Defect,50.0
C08292,L5,ADC,125.4,1.784,11.7832,12.9507,14.1037,27.5697,1.1992,1.3904,1.531,3.2295,Sudden_Anomaly,50.0
C08293,L5,ASIC,124.61,1.211,11.1445,11.4442,11.9682,13.5038,1.1555,1.1602,1.277,1.4435,Normal,50.0
C08294,L5,FPGA,124.23,1.111,10.4839,11.1853,11.9784,13.1384,1.1198,1.1338,1.2707,1.3647,Normal,50.0
C08295,L5,DAC,123.66,1.796,11.8086,12.51,13.1417,14.3071,1.222,1.3393,1.3759,1.5056,Normal,50.0
C08296,L5,ADC,124.1,1.816,11.6702,13.1115,17.3941,24.6006,1.228,1.3507,1.8799,2.8049,Latent_Defect,50.0
C08297,L5,ASIC,126.46,1.193,11.1695,11.4179,11.8977,12.9792,1.159,1.2095,1.2117,1.3713,Normal,50.0
C08298,L5,FPGA,126.17,1.102,11.9752,13.0694,13.7975,14.3225,1.2652,1.3681,1.4663,1.5053,Normal,50.0
C08299,L5,ASIC,123.76,1.196,11.4123,11.5114,11.6525,11.7752,1.1761,1.2275,1.1778,1.2124,High_Stable,50.0
C08300,L5,ASIC,125.41,1.183,11.5399,12.8266,15.5565,52.0876,1.2089,1.3572,1.6421,7.1144,Absolute_Failure,50.0
C08301,L5,DAC,124.2,1.805,11.6484,13.6172,17.6335,24.3796,1.2182,1.388,1.9165,2.7901,Latent_Defect,50.0
C08302,L5,FPGA,125.39,1.067,11.5391,12.5596,12.8487,13.148,1.1711,1.3241,1.3387,1.3911,Normal,50.0
C08303,L5,DAC,125.19,1.799,12.0656,13.2158,16.4481,21.2853,1.2803,1.3903,1.7697,2.4215,Latent_Defect,50.0
C08304,L5,ASIC,125.23,1.216,11.6774,12.4536,12.9387,13.879,1.2497,1.3001,1.4062,1.4477,Normal,50.0
C08305,L5,ADC,124.6,1.791,11.812,12.7815,16.6349,21.7872,1.2491,1.3488,1.7967,2.4356,Latent_Defect,50.0
C08306,L5,FPGA,125.91,1.117,11.329,12.2198,12.9428,14.4754,1.1448,1.2275,1.3339,1.5324,Normal,50.0
C08307,L5,ASIC,125.89,1.22,10.9805,12.1811,16.8037,58.2491,1.1092,1.2976,1.7907,8.2508,Absolute_Failure,50.0
C08308,L5,DAC,124.27,1.807,12.1764,12.52,13.1621,13.7244,1.254,1.3205,1.3839,1.4578,Normal,50.0
C08309,L5,FPGA,125.52,1.092,11.5559,12.8378,16.8294,24.5214,1.2091,1.3785,1.8159,2.8319,Latent_Defect,50.0
C08310,L5,ASIC,124.88,1.185,11.1901,11.6031,13.0434,13.2143,1.1827,1.1811,1.3685,1.3886,Normal,50.0
C08311,L5,ADC,125.64,1.801,12.2291,12.8537,15.5768,42.98,1.2958,1.3317,1.6831,5.5912,Sudden_Anomaly,50.0
C08312,L5,FPGA,125.58,1.112,10.9131,11.4218,12.3629,13.5636,1.1381,1.1795,1.3018,1.4403,Normal,50.0
C08313,L5,ASIC,125.82,1.191,11.74,11.8931,11.7761,11.7918,1.192,1.2662,1.254,1.2401,High_Stable,50.0
C08314,L5,FPGA,125.36,1.104,11.41,12.1596,13.2149,13.7886,1.2002,1.2795,1.3721,1.4621,Normal,50.0
C08315,L5,ASIC,124.08,1.207,10.9139,10.9997,11.1203,11.1445,1.112,1.1201,1.1802,1.1528,High_Stable,50.0
C08316,L5,ASIC,126.35,1.229,10.9146,11.8034,19.5316,50.8883,1.1059,1.2192,2.1353,6.8769,Absolute_Failure,50.0
C08317,L5,ASIC,124.97,1.181,11.0326,11.1962,11.4072,11.2918,1.1477,1.1215,1.19,1.1983,High_Stable,50.0
C08318,L5,ADC,124.15,1.816,11.84,12.9869,15.0094,41.6635,1.2662,1.3589,1.6316,5.3335,Sudden_Anomaly,50.0
C08319,L5,FPGA,124.73,1.101,11.438,12.7267,20.0311,54.7794,1.2415,1.3237,2.2191,7.6073,Absolute_Failure,50.0
C08320,L5,DAC,124.82,1.774,11.7956,13.3859,18.1593,24.6344,1.2257,1.4116,2.0298,2.8024,Latent_Defect,50.0
C08321,L5,FPGA,125.89,1.103,11.6294,12.35,12.8147,14.6511,1.2349,1.2429,1.3818,1.5518,Normal,50.0
C08322,L5,FPGA,126.07,1.122,11.5785,12.2767,12.8493,14.3394,1.2614,1.3346,1.3613,1.5468,Normal,50.0
C08323,L5,FPGA,125.09,1.113,11.096,11.7344,12.2046,13.8825,1.1717,1.2463,1.2527,1.4579,Normal,50.0
C08324,L5,ADC,124.85,1.832,11.8496,13.0895,13.7899,13.7561,1.2256,1.3756,1.4394,1.4497,Normal,50.0
C08325,L5,FPGA,125.76,1.104,11.9649,13.415,16.267,24.2612,1.2999,1.4287,1.7801,2.7523,Latent_Defect,50.0
C08326,L5,FPGA,125.17,1.087,11.117,12.2135,13.2349,14.4962,1.1377,1.2799,1.4241,1.5194,Normal,50.0
C08327,L5,ADC,124.86,1.785,11.9147,12.0672,12.1698,12.3927,1.2448,1.2406,1.3446,1.2975,High_Stable,50.0
C08328,L5,DAC,127.23,1.786,11.8299,12.282,13.6142,14.8359,1.2696,1.3232,1.404,1.6054,Normal,50.0
C08329,L5,DAC,125.26,1.817,12.5827,13.4537,13.6608,15.0264,1.3009,1.4681,1.4581,1.621,Normal,50.0
C08330,L5,FPGA,126.3,1.093,10.9827,11.8372,17.1017,24.7289,1.1493,1.2562,1.8737,2.831,Latent_Defect,50.0
C08331,L5,FPGA,125.39,1.093,11.7454,12.1261,13.1617,13.8257,1.2387,1.2714,1.3782,1.4421,Normal,50.0
C08332,L5,ADC,124.48,1.791,11.6199,12.8777,15.436,31.9303,1.2328,1.3676,1.639,3.8592,Sudden_Anomaly,50.0
C08333,L5,DAC,124.14,1.791,11.9977,14.4286,21.8336,51.3014,1.219,1.5295,2.4423,7.0221,Absolute_Failure,50.0
C08334,L5,ASIC,126.25,1.195,11.8599,12.3964,13.3132,14.7388,1.2134,1.3019,1.3973,1.5412,Normal,50.0
C08335,L5,DAC,125.7,1.798,11.4763,12.1637,13.1427,14.847,1.2116,1.2755,1.4244,1.592,Normal,50.0
C08336,L5,FPGA,125.58,1.105,10.8041,11.4026,12.4287,12.6022,1.1219,1.2028,1.301,1.3029,Normal,50.0
C08337,L5,DAC,126.28,1.797,12.8552,13.5094,14.2409,14.7638,1.369,1.3986,1.5355,1.604,Normal,50.0
C08338,L5,FPGA,124.11,1.092,11.2367,12.0224,15.7052,51.6854,1.1764,1.2271,1.7244,7.0402,Absolute_Failure,50.0
C08339,L5,ADC,125.43,1.809,11.5385,12.4139,13.3322,14.0117,1.1589,1.2751,1.4084,1.4563,Normal,50.0
C08340,L5,ASIC,125.44,1.199,11.5544,12.16,13.1307,13.857,1.2176,1.3038,1.3849,1.5169,Normal,50.0
C08341,L5,FPGA,124.46,1.103,11.6602,12.5222,13.8531,15.5347,1.1917,1.2944,1.4728,1.6837,Normal,50.0
C08342,L5,ADC,124.65,1.809,12.428,13.4613,14.1378,15.5775,1.3286,1.4505,1.5035,1.684,Normal,50.0
C08343,L5,FPGA,125.9,1.096,11.0416,11.2686,11.3725,11.7249,1.1227,1.1924,1.19,1.2097,High_Stable,50.0
C08344,L5,ASIC,122.54,1.201,11.0849,11.7177,11.8969,13.3329,1.1258,1.2592,1.258,1.3829,Normal,50.0
C08345,L5,ASIC,125.99,1.197,11.5506,12.4838,13.4453,14.1656,1.2062,1.3028,1.4307,1.5166,Normal,50.0
C08346,L5,FPGA,123.92,1.108,11.7351,13.426,21.0393,61.8562,1.1997,1.3966,2.3797,8.9659,Absolute_Failure,50.0
C08347,L5,ASIC,124.95,1.176,11.9804,12.962,13.5684,14.852,1.2125,1.3708,1.3839,1.5802,Normal,50.0
C08348,L5,FPGA,125.89,1.106,11.7418,12.5282,13.6754,14.3181,1.208,1.347,1.4459,1.4929,Normal,50.0
C08349,L5,ADC,125.53,1.8,12.0057,12.3744,13.199,14.1123,1.292,1.2994,1.3541,1.5011,Normal,50.0
C08350,L5,ASIC,124.21,1.215,11.4103,12.0896,12.7884,14.0712,1.2324,1.2758,1.3387,1.4806,Normal,50.0
C08351,L5,ASIC,126.72,1.212,11.5107,12.7926,16.2834,21.2194,1.2906,1.3141,1.7726,2.3631,Latent_Defect,50.0
C08352,L5,DAC,126.44,1.774,11.8867,12.3262,13.0394,13.3632,1.2242,1.322,1.3657,1.3983,Normal,50.0
C08353,L5,DAC,125.13,1.819,12.674,12.8417,13.4998,13.9253,1.3779,1.3564,1.4358,1.472,Normal,50.0
C08354,L5,FPGA,125.42,1.079,11.9582,13.0699,18.6538,50.6913,1.2833,1.3676,2.0461,6.8418,Absolute_Failure,50.0
C08355,L5,DAC,125.45,1.769,11.5112,12.5136,13.1143,14.1761,1.1585,1.3054,1.3733,1.5071,Normal,50.0
C08356,L5,ASIC,124.49,1.246,11.5625,12.2301,12.9752,13.6296,1.1706,1.2647,1.3678,1.4596,Normal,50.0
C08357,L5,FPGA,125.3,1.098,12.1335,13.2171,15.2867,37.4336,1.263,1.404,1.6583,4.7131,Sudden_Anomaly,50.0
C08358,L5,ADC,124.51,1.802,12.5054,12.6286,12.7642,12.939,1.301,1.3888,1.3138,1.3481,High_Stable,50.0
C08359,L5,FPGA,124.22,1.094,11.7168,12.2505,12.5928,12.8599,1.2423,1.2636,1.3266,1.3346,Normal,50.0
C08360,L5,DAC,125.14,1.816,12.4475,13.352,18.0738,61.8201,1.2983,1.4103,2.0141,8.9308,Absolute_Failure,50.0
C08361,L5,FPGA,124.8,1.086,11.3895,11.8935,12.5931,13.4858,1.1671,1.2841,1.2932,1.4498,Normal,50.0
C08362,L5,ASIC,125.71,1.197,11.5113,11.7172,11.8116,12.0816,1.1614,1.2162,1.2129,1.2509,High_Stable,50.0
C08363,L5,ADC,125.41,1.798,11.2916,12.7494,15.5115,21.4787,1.2403,1.3568,1.6542,2.4139,Latent_Defect,50.0
C08364,L5,ASIC,126.48,1.214,11.2137,12.4341,13.5334,13.9967,1.1692,1.292,1.3983,1.4419,Normal,50.0
C08365,L5,ASIC,127.02,1.181,11.7474,12.7205,14.8724,20.5231,1.2351,1.3394,1.5485,2.2711,Latent_Defect,50.0
C08366,L5,FPGA,124.96,1.11,12.1353,13.3772,14.7802,15.713,1.2603,1.4066,1.5398,1.6673,Normal,50.0
C08367,L5,DAC,126.07,1.813,12.4405,13.5095,13.9947,14.9449,1.2919,1.4199,1.5074,1.5611,Normal,50.0
C08368,L5,DAC,125.43,1.797,11.5064,12.6442,13.2172,14.6025,1.1992,1.3162,1.3638,1.5813,Normal,50.0
C08369,L5,ASIC,124.99,1.209,11.6283,12.6176,12.8562,14.3222,1.1801,1.326,1.3594,1.5367,Normal,50.0
C08370,L5,ADC,124.34,1.799,11.2043,11.698,12.837,13.7236,1.1729,1.1755,1.394,1.4543,Normal,50.0
C08371,L5,ASIC,125.71,1.185,11.1144,12.3011,13.3217,13.8414,1.1446,1.2588,1.4181,1.4886,Normal,50.0
C08372,L5,ASIC,125.55,1.207,11.6138,12.804,13.8915,14.3653,1.204,1.3388,1.4748,1.5543,Normal,50.0
C08373,L5,FPGA,125.63,1.067,11.4829,11.8576,12.5254,14.2395,1.1384,1.2227,1.354,1.5246,Normal,50.0
C08374,L5,ASIC,125.19,1.231,11.7653,14.09,17.8124,59.9493,1.206,1.504,1.9133,8.5615,Absolute_Failure,50.0
C08375,L5,FPGA,123.96,1.103,11.5454,12.5407,13.6461,14.5078,1.2,1.3312,1.4902,1.5322,Normal,50.0
C08376,L5,FPGA,126.45,1.097,11.8552,13.8607,23.0844,52.5108,1.2451,1.4831,2.5944,7.1438,Absolute_Failure,50.0
C08377,L5,DAC,125.64,1.813,11.759,12.7409,13.8504,14.4844,1.2259,1.3511,1.4374,1.533,Normal,50.0
C08378,L5,ASIC,125.21,1.206,10.9576,11.3144,12.5262,38.1705,1.1354,1.2242,1.2436,4.758,Sudden_Anomaly,50.0
C08379,L5,FPGA,126.72,1.081,11.5115,14.322,21.0659,55.1859,1.1964,1.5008,2.3827,7.6451,Absolute_Failure,50.0
C08380,L5,DAC,124.87,1.779,11.723,13.4529,18.2645,21.9075,1.2257,1.4317,2.0041,2.5072,Latent_Defect,50.0
C08381,L5,DAC,125.42,1.783,11.4619,12.5151,13.1505,13.0413,1.1816,1.3165,1.3593,1.3868,Normal,50.0
C08382,L5,FPGA,124.99,1.11,11.1622,12.3574,13.675,14.5135,1.1531,1.3179,1.4321,1.5234,Normal,50.0
C08383,L5,DAC,124.58,1.782,12.2691,12.6125,12.8201,13.0471,1.2854,1.3735,1.3623,1.3506,High_Stable,50.0
C08384,L5,DAC,125.53,1.805,11.4889,12.1907,12.5331,13.6498,1.1947,1.2708,1.3321,1.4423,Normal,50.0
C08385,L5,ASIC,126.06,1.207,11.7195,12.4127,12.4438,12.8612,1.2272,1.2699,1.2623,1.3391,Normal,50.0
C08386,L5,ADC,125.39,1.818,11.6325,11.991,12.9518,13.4598,1.1932,1.2803,1.3336,1.4301,Normal,50.0
C08387,L5,DAC,126.09,1.797,11.9289,12.4546,13.3758,14.875,1.2007,1.3105,1.4136,1.6058,Normal,50.0
C08388,L5,ADC,124.18,1.797,11.7134,12.914,13.9357,14.3815,1.2382,1.3462,1.394,1.5359,Normal,50.0
C08389,L5,ASIC,126.44,1.208,10.8331,11.8385,12.9001,13.5073,1.1395,1.2445,1.3258,1.4301,Normal,50.0
C08390,L5,DAC,125.24,1.813,11.8565,12.4018,13.2324,37.0279,1.3101,1.3115,1.3696,4.6192,Sudden_Anomaly,50.0
C08391,L5,ASIC,126.0,1.191,11.3954,14.0723,20.4148,55.1062,1.1599,1.5009,2.2441,7.6488,Absolute_Failure,50.0
C08392,L5,ASIC,123.93,1.188,11.5934,12.3041,12.912,13.7826,1.2177,1.2476,1.3967,1.4428,Normal,50.0
C08393,L5,ASIC,124.61,1.197,12.1567,13.1815,14.2914,15.1749,1.2639,1.4243,1.5215,1.611,Normal,50.0
C08394,L5,DAC,125.57,1.806,12.1615,13.2005,13.3119,15.0659,1.3097,1.3888,1.4057,1.5802,Normal,50.0
C08395,L5,ADC,124.8,1.798,11.8861,12.1476,12.6004,13.4019,1.2274,1.2318,1.308,1.3882,High_Stable,50.0
C08396,L5,FPGA,125.68,1.09,11.4842,12.2782,13.0289,14.3349,1.2036,1.2793,1.3547,1.5235,Normal,50.0
C08397,L5,ADC,125.71,1.841,12.6324,12.688,12.7655,12.8009,1.3235,1.325,1.3615,1.3399,High_Stable,50.0
C08398,L5,ADC,124.38,1.805,11.7057,13.1696,16.0565,19.9215,1.2306,1.4247,1.644,2.225,Latent_Defect,50.0
C08399,L5,ASIC,124.88,1.214,11.1812,11.7954,12.0379,12.2864,1.1843,1.2492,1.2516,1.2766,Normal,50.0
C08400,L5,DAC,125.1,1.793,11.8812,11.9807,11.9539,11.9068,1.1993,1.2522,1.2572,1.2351,High_Stable,50.0
C08401,L5,DAC,124.3,1.787,12.4851,13.1751,13.8126,15.1104,1.3107,1.3974,1.4712,1.6379,Normal,50.0
C08402,L5,FPGA,126.0,1.086,11.2415,11.9663,13.0025,13.3837,1.1511,1.2302,1.393,1.3614,Normal,50.0
C08403,L5,ADC,124.71,1.815,11.6013,12.495,13.5168,14.6907,1.2235,1.3485,1.3867,1.5803,Normal,50.0
C08404,L5,FPGA,125.34,1.12,11.9114,12.7151,13.7242,14.8258,1.2283,1.2944,1.4852,1.579,Normal,50.0
C08405,L5,ASIC,125.24,1.222,10.9448,11.3503,12.3554,13.2801,1.1578,1.1734,1.3088,1.4031,Normal,50.0
C08406,L5,ADC,124.17,1.769,11.8258,12.6779,13.2554,14.6417,1.2398,1.3488,1.4238,1.4776,Normal,50.0
C08407,L5,FPGA,125.72,1.089,11.8172,12.8002,13.007,13.9079,1.1681,1.3579,1.3442,1.5262,Normal,50.0
C08408,L5,ASIC,125.69,1.177,10.7958,11.9191,14.1029,54.1088,1.1185,1.2422,1.5065,7.4543,Absolute_Failure,50.0
C08409,L5,FPGA,125.98,1.094,11.598,12.5628,13.8049,15.5351,1.1844,1.3556,1.4808,1.6744,Normal,50.0
C08410,L5,ADC,124.53,1.778,11.151,12.9332,20.1987,54.5161,1.1717,1.3657,2.237,7.5594,Absolute_Failure,50.0
C08411,L5,ADC,125.24,1.785,11.9589,12.4115,13.1001,13.6311,1.2528,1.3331,1.4015,1.4216,Normal,50.0
C08412,L5,DAC,124.9,1.79,11.8006,12.6682,13.7713,14.7834,1.2243,1.3524,1.4799,1.5213,Normal,50.0
C08413,L5,FPGA,125.6,1.113,11.9806,11.854,12.1261,12.2165,1.242,1.2636,1.2274,1.2857,High_Stable,50.0
C08414,L5,FPGA,125.35,1.049,11.1433,12.2439,15.5445,21.076,1.1707,1.291,1.6603,2.3666,Latent_Defect,50.0
C08415,L5,ASIC,123.68,1.183,11.0616,12.2069,13.535,14.5411,1.174,1.2538,1.4405,1.5063,Normal,50.0
C08416,L5,ADC,123.7,1.831,11.9003,12.9865,16.3083,22.4904,1.2554,1.352,1.7466,2.5859,Latent_Defect,50.0
C08417,L5,FPGA,124.86,1.106,12.1464,12.5243,12.8906,13.7707,1.2776,1.2946,1.3127,1.4297,Normal,50.0
C08418,L5,FPGA,125.12,1.103,12.1836,13.3076,13.9886,14.2927,1.2561,1.434,1.4788,1.5327,Normal,50.0
C08419,L5,ADC,121.86,1.799,11.8834,13.1494,20.3392,58.409,1.2197,1.3859,2.2893,8.2778,Absolute_Failure,50.0
C08420,L5,ADC,125.66,1.809,11.4251,12.6977,13.4818,14.4994,1.1538,1.3233,1.4776,1.5554,Normal,50.0
C08421,L5,ADC,125.14,1.796,11.7742,11.8503,12.5492,12.8891,1.2182,1.2353,1.3334,1.3281,Normal,50.0
C08422,L5,FPGA,125.83,1.107,10.7208,11.6388,18.9304,53.3096,1.0978,1.2055,2.0602,7.3496,Absolute_Failure,50.0
C08423,L5,FPGA,125.92,1.109,11.4445,11.9126,12.5281,12.6152,1.1544,1.2944,1.3051,1.3286,Normal,50.0
C08424,L5,FPGA,125.71,1.084,12.0413,12.8753,13.6753,14.4478,1.2278,1.3362,1.4335,1.544,Normal,50.0
C08425,L5,ADC,125.58,1.784,11.7067,12.4713,12.7554,14.2552,1.2622,1.297,1.3488,1.524,Normal,50.0
C08426,L5,ASIC,125.51,1.201,11.359,12.0711,12.895,13.2518,1.1919,1.2814,1.3693,1.3654,Normal,50.0
C08427,L5,DAC,125.38,1.776,11.9997,13.1107,13.5788,13.868,1.2945,1.3952,1.4903,1.4741,Normal,50.0
C08428,L5,ASIC,123.34,1.211,11.4658,12.2273,12.6507,13.9673,1.1723,1.3294,1.3137,1.5031,Normal,50.0
C08429,L5,ASIC,125.48,1.191,11.811,13.0462,15.477,37.8193,1.2034,1.3174,1.6629,4.7216,Sudden_Anomaly,50.0
C08430,L5,FPGA,124.39,1.119,11.6905,13.0296,14.6094,31.3022,1.22,1.376,1.5471,3.7627,Sudden_Anomaly,50.0
C08431,L5,ADC,125.24,1.775,11.2703,11.9583,12.0058,12.2593,1.2355,1.2518,1.3006,1.2725,Normal,50.0
C08432,L5,FPGA,124.93,1.104,11.3633,12.2974,13.3638,14.7016,1.182,1.3214,1.4353,1.5573,Normal,50.0
C08433,L5,DAC,123.74,1.826,11.8917,12.9208,14.0778,14.6057,1.2248,1.3707,1.4436,1.5602,Normal,50.0
C08434,L5,FPGA,124.81,1.104,11.6358,12.1577,13.2208,13.6717,1.1685,1.2439,1.3678,1.4519,Normal,50.0
C08435,L5,DAC,124.21,1.78,12.417,12.6437,12.6641,12.8828,1.3187,1.3313,1.3122,1.3655,High_Stable,50.0
C08436,L5,ASIC,125.31,1.198,11.4418,12.5506,14.8884,39.8826,1.189,1.3272,1.5913,5.0227,Sudden_Anomaly,50.0
C08437,L5,ADC,124.13,1.828,11.9454,12.0151,12.0117,12.3499,1.2613,1.2907,1.3061,1.3108,High_Stable,50.0
C08438,L5,ADC,125.53,1.801,11.7607,12.0214,14.5796,32.6351,1.2381,1.2745,1.6059,3.9265,Sudden_Anomaly,50.0
C08439,L5,ADC,125.79,1.8,11.9734,13.1607,14.0156,15.1506,1.2272,1.4027,1.4767,1.573,Normal,50.0
C08440,L5,ASIC,124.38,1.183,11.17,12.7977,17.0914,59.3884,1.1345,1.3129,1.8706,8.4717,Absolute_Failure,50.0
C08441,L5,FPGA,125.39,1.096,12.1179,12.7953,13.4431,14.0042,1.2981,1.3733,1.4114,1.4924,Normal,50.0
C08442,L5,ADC,123.84,1.82,11.711,12.9863,17.5739,56.3994,1.1957,1.4093,1.909,7.8708,Absolute_Failure,50.0
C08443,L5,ADC,124.4,1.8,11.7427,13.4217,20.2324,54.0044,1.199,1.4672,2.2549,7.4198,Absolute_Failure,50.0
C08444,L5,ASIC,124.77,1.213,11.0411,13.0767,20.6142,55.0829,1.151,1.3845,2.3165,7.6828,Absolute_Failure,50.0
C08445,L5,ASIC,124.26,1.221,11.0161,11.3263,12.3125,13.1502,1.1917,1.1952,1.3022,1.3999,Normal,50.0
C08446,L5,FPGA,127.08,1.102,12.35,12.5884,12.6681,12.7504,1.284,1.2755,1.3527,1.3332,High_Stable,50.0
C08447,L5,DAC,126.4,1.796,11.7203,11.8162,12.4747,13.1783,1.2173,1.2281,1.299,1.4327,Normal,50.0
C08448,L5,DAC,124.91,1.77,11.9354,13.9175,18.1941,53.7825,1.2624,1.4807,2.0107,7.3953,Absolute_Failure,50.0
C08449,L5,FPGA,125.3,1.088,11.3392,11.7616,12.3793,12.5117,1.2169,1.1921,1.2706,1.3126,Normal,50.0
C08450,L5,DAC,124.57,1.789,12.6394,12.6458,12.7865,12.7225,1.329,1.3362,1.3004,1.3453,High_Stable,50.0
C08451,L5,ADC,123.57,1.806,11.9794,11.9444,12.1319,12.1359,1.2918,1.2773,1.238,1.2527,High_Stable,50.0
C08452,L5,DAC,125.07,1.785,12.7256,13.3485,16.4886,23.1445,1.3722,1.4234,1.8039,2.6128,Latent_Defect,50.0
C08453,L5,ADC,126.09,1.842,12.2933,13.1341,14.2172,15.5983,1.3013,1.3751,1.5186,1.653,Normal,50.0
C08454,L5,ADC,125.06,1.799,12.0232,14.1192,19.1171,53.1261,1.2998,1.4991,2.0668,7.2831,Absolute_Failure,50.0
C08455,L5,ASIC,125.0,1.208,11.3622,11.6007,13.1069,14.5937,1.2183,1.2036,1.3838,1.5259,Normal,50.0
C08456,L5,DAC,123.81,1.796,12.4549,13.442,14.3784,15.6235,1.3717,1.3958,1.5159,1.6985,Normal,50.0
C08457,L5,ASIC,125.24,1.177,11.215,11.8049,12.2318,13.5278,1.141,1.2515,1.2934,1.4087,Normal,50.0
C08458,L5,ASIC,124.91,1.206,11.1694,13.7825,23.976,57.071,1.1735,1.4548,2.7065,8.0482,Absolute_Failure,50.0
C08459,L5,FPGA,124.83,1.096,11.3707,11.884,13.6915,26.1058,1.168,1.2079,1.423,2.9835,Sudden_Anomaly,50.0
C08460,L5,ASIC,123.95,1.181,11.7188,11.8939,11.7949,12.1278,1.1997,1.2436,1.2224,1.2576,High_Stable,50.0
C08461,L5,ASIC,124.54,1.182,12.6786,12.6007,12.7155,12.709,1.3143,1.2725,1.3479,1.3572,High_Stable,50.0
C08462,L5,ASIC,123.72,1.185,11.749,12.4504,13.5063,14.7053,1.1928,1.3077,1.4061,1.5928,Normal,50.0
C08463,L5,FPGA,125.31,1.093,11.2672,11.7218,12.2827,12.7056,1.1801,1.2235,1.2583,1.3351,Normal,50.0
C08464,L5,ADC,124.83,1.8,11.8597,12.0295,11.9803,12.3463,1.2274,1.2212,1.2397,1.2735,High_Stable,50.0
C08465,L5,FPGA,126.36,1.078,11.7443,13.0366,14.35,16.0555,1.2095,1.4335,1.4938,1.7304,Normal,50.0
C08466,L5,ASIC,126.25,1.209,11.6507,12.358,13.5014,14.3412,1.2217,1.3289,1.4391,1.5146,Normal,50.0
C08467,L5,DAC,125.17,1.824,12.05,13.3132,13.8284,14.3463,1.2926,1.4039,1.5124,1.5667,Normal,50.0
C08468,L5,ASIC,125.53,1.204,11.969,12.3965,13.7928,15.3138,1.2338,1.2698,1.4654,1.6485,Normal,50.0
C08469,L5,DAC,123.31,1.82,12.6123,12.7159,12.991,13.1221,1.3011,1.3689,1.371,1.376,High_Stable,50.0
C08470,L5,FPGA,125.29,1.086,11.1961,12.2426,12.6372,13.1865,1.1857,1.2756,1.2347,1.396,Normal,50.0
C08471,L5,ADC,125.2,1.807,11.8908,11.954,12.18,12.1456,1.243,1.2122,1.2905,1.2788,High_Stable,50.0
C08472,L5,FPGA,125.06,1.123,11.015,12.3162,12.6202,14.0894,1.1524,1.3206,1.3039,1.5496,Normal,50.0
C08473,L5,ASIC,125.14,1.193,11.5822,13.0479,15.566,39.0762,1.1969,1.4065,1.6564,4.9352,Sudden_Anomaly,50.0
C08474,L5,ASIC,125.24,1.213,11.5204,11.7612,11.8312,11.9957,1.1921,1.2458,1.2272,1.3109,High_Stable,50.0
C08475,L5,DAC,126.54,1.8,11.0814,12.1736,13.1764,14.2305,1.1004,1.2944,1.42,1.556,Normal,50.0
C08476,L5,ASIC,125.03,1.207,11.7677,12.6621,17.1608,24.1365,1.227,1.3906,1.9014,2.8098,Latent_Defect,50.0
C08477,L5,ADC,126.04,1.79,11.9631,12.6069,13.3074,13.7645,1.2597,1.3192,1.4338,1.4227,Normal,50.0
C08478,L5,ASIC,123.8,1.191,10.7549,11.8593,12.8423,13.3673,1.0688,1.2492,1.346,1.42,Normal,50.0
C08479,L5,ASIC,125.89,1.196,11.9573,13.0953,12.9913,12.8866,1.2537,1.407,1.3795,1.3716,Normal,50.0
C08480,L5,ASIC,125.06,1.215,11.7245,12.9168,14.0945,34.2061,1.1624,1.3706,1.5009,4.1491,Sudden_Anomaly,50.0
C08481,L5,ASIC,125.27,1.185,11.1199,12.272,12.9531,14.2571,1.168,1.3056,1.3623,1.4935,Normal,50.0
C08482,L5,FPGA,125.06,1.099,12.1218,12.7076,13.6109,14.1543,1.2754,1.3206,1.3929,1.4874,Normal,50.0
C08483,L5,ASIC,124.43,1.237,11.5394,11.8547,13.1113,34.1518,1.1736,1.2169,1.4038,4.1965,Sudden_Anomaly,50.0
C08484,L5,ADC,123.89,1.816,11.6334,11.8461,12.5864,14.2366,1.2348,1.2585,1.3101,1.5015,Normal,50.0
C08485,L5,DAC,123.89,1.769,12.0276,13.1014,13.944,15.6537,1.2654,1.4047,1.5441,1.6616,Normal,50.0
C08486,L5,DAC,126.03,1.797,11.9676,12.6979,13.2992,13.8414,1.2419,1.3457,1.3993,1.4541,Normal,50.0
C08487,L5,ASIC,124.1,1.217,11.7429,11.9835,11.8974,11.9835,1.2533,1.2828,1.2343,1.2389,High_Stable,50.0
C08488,L5,FPGA,126.0,1.112,11.3408,11.6499,12.0472,12.8856,1.205,1.2327,1.2608,1.379,Normal,50.0
C08489,L5,FPGA,124.2,1.096,12.6881,12.8081,12.9436,12.855,1.344,1.3715,1.3312,1.3658,High_Stable,50.0
C08490,L5,FPGA,124.68,1.1,12.1505,12.2517,12.4128,12.5856,1.2524,1.2709,1.2744,1.3309,High_Stable,50.0
C08491,L5,ADC,125.5,1.806,11.7196,12.7047,13.9901,14.5325,1.2378,1.3179,1.509,1.5803,Normal,50.0
C08492,L5,FPGA,126.07,1.104,11.6081,12.0851,12.8757,13.2963,1.2366,1.3151,1.3725,1.401,Normal,50.0
C08493,L5,FPGA,126.03,1.093,11.6815,12.6931,13.8317,14.7555,1.192,1.2805,1.4651,1.572,Normal,50.0
C08494,L5,FPGA,126.69,1.109,11.7916,12.5935,12.5791,13.2463,1.194,1.3215,1.3234,1.3558,Normal,50.0
C08495,L5,FPGA,126.11,1.122,11.9682,12.933,13.3002,13.8215,1.2486,1.3647,1.385,1.4453,Normal,50.0
C08496,L5,ADC,124.59,1.796,11.3422,12.1144,13.2676,13.6419,1.2307,1.2494,1.378,1.4236,Normal,50.0
C08497,L5,FPGA,123.88,1.084,11.6464,12.1907,12.7202,12.8325,1.2323,1.3062,1.3243,1.3432,Normal,50.0
C08498,L5,ASIC,125.6,1.227,11.3879,11.8988,13.1466,14.9477,1.1754,1.2236,1.4161,1.6221,Normal,50.0
C08499,L5,ASIC,124.01,1.176,11.1793,11.7856,12.814,13.9696,1.2289,1.2351,1.3485,1.4773,Normal,50.0
C08500,L5,ASIC,126.76,1.212,11.009,10.9986,10.8287,10.8302,1.1407,1.1343,1.1115,1.1653,High_Stable,50.0
C08501,L5,ADC,124.25,1.8,11.8219,12.857,14.8695,20.8657,1.2348,1.3283,1.5884,2.3395,Latent_Defect,50.0
C08502,L5,FPGA,125.37,1.093,11.387,12.0886,12.6705,13.2164,1.187,1.2906,1.3443,1.3978,Normal,50.0
C08503,L5,ASIC,124.62,1.163,11.4488,11.6549,11.6893,11.8848,1.2491,1.2209,1.2288,1.2747,High_Stable,50.0
C08504,L5,ADC,124.7,1.774,12.477,12.7378,12.7197,12.865,1.3009,1.33,1.3449,1.2929,High_Stable,50.0
C08505,L5,DAC,125.74,1.813,12.1934,12.9628,13.1654,13.9328,1.2923,1.3855,1.3774,1.4667,Normal,50.0
C08506,L5,FPGA,126.27,1.133,11.3889,11.7592,14.168,35.0064,1.1788,1.2585,1.5261,4.299,Sudden_Anomaly,50.0
C08507,L5,ADC,124.8,1.793,12.059,12.7147,12.9185,14.1265,1.2358,1.3283,1.3529,1.5224,Normal,50.0
C08508,L5,DAC,124.02,1.807,12.095,12.892,13.8899,14.1428,1.3099,1.3648,1.4987,1.4934,Normal,50.0
C08509,L5,DAC,125.05,1.804,11.8378,13.5209,17.3422,24.9479,1.2318,1.4132,1.8633,2.8385,Latent_Defect,50.0
C08510,L5,ASIC,124.39,1.206,11.7238,12.0538,12.6593,13.742,1.2345,1.2516,1.3484,1.5106,Normal,50.0
C08511,L5,ASIC,125.02,1.186,11.0589,12.7185,15.1212,20.2874,1.1238,1.3962,1.5991,2.2427,Latent_Defect,50.0
C08512,L5,FPGA,124.27,1.076,11.4303,12.4358,13.5623,13.9402,1.1675,1.3051,1.4166,1.4496,Normal,50.0
C08513,L5,ASIC,123.99,1.227,11.3674,12.0142,12.9929,14.5177,1.1764,1.2551,1.3842,1.5385,Normal,50.0
C08514,L5,ADC,124.35,1.82,11.5895,12.1557,13.0591,13.2228,1.1976,1.2888,1.3584,1.3942,Normal,50.0
C08515,L5,FPGA,126.63,1.112,11.5867,12.5943,14.2008,28.708,1.22,1.3198,1.4826,3.3523,Sudden_Anomaly,50.0
C08516,L5,DAC,124.69,1.789,11.2345,12.1773,13.3638,14.156,1.1629,1.2482,1.4142,1.4933,Normal,50.0
C08517,L5,FPGA,124.98,1.123,11.7551,12.3363,12.7572,13.1781,1.2346,1.2734,1.3312,1.4112,Normal,50.0
C08518,L5,ASIC,124.55,1.203,11.3682,11.8109,12.2356,12.8009,1.1922,1.2086,1.2926,1.3464,Normal,50.0
C08519,L5,FPGA,125.39,1.119,11.1343,11.6716,12.681,14.1696,1.0769,1.2264,1.323,1.5215,Normal,50.0
C08520,L5,ASIC,123.76,1.197,11.4868,13.1299,16.6788,22.315,1.213,1.392,1.8061,2.5304,Latent_Defect,50.0
C08521,L5,FPGA,125.12,1.094,11.1008,11.9905,13.1855,14.1379,1.1086,1.228,1.4017,1.4954,Normal,50.0
C08522,L5,ASIC,122.8,1.195,11.1301,12.1911,13.2438,14.6395,1.1421,1.3012,1.3817,1.5787,Normal,50.0
C08523,L5,ADC,126.08,1.836,12.0198,12.8677,13.8174,15.0674,1.2718,1.3756,1.4959,1.5907,Normal,50.0
C08524,L5,FPGA,125.8,1.11,11.804,13.8135,17.8248,23.7788,1.2388,1.4672,1.9387,2.7155,Latent_Defect,50.0
C08525,L5,ASIC,125.77,1.218,11.862,12.6095,13.3494,14.2432,1.1879,1.3675,1.4581,1.5446,Normal,50.0
C08526,L5,FPGA,124.29,1.116,11.9092,12.676,13.5256,14.3748,1.2267,1.3261,1.4043,1.5478,Normal,50.0
C08527,L5,DAC,124.03,1.822,11.957,12.7409,13.0786,14.8522,1.2694,1.4077,1.399,1.6363,Normal,50.0
C08528,L5,DAC,124.34,1.797,12.0004,12.5618,13.0744,13.5349,1.2611,1.318,1.413,1.4443,Normal,50.0
C08529,L5,DAC,124.91,1.813,11.6513,12.9058,15.0546,21.8626,1.2413,1.3374,1.5931,2.4646,Latent_Defect,50.0
C08530,L5,ASIC,124.38,1.189,10.8846,11.8126,12.8507,26.948,1.0963,1.2125,1.3513,3.1653,Sudden_Anomaly,50.0
C08531,L5,ADC,126.09,1.79,11.5632,12.2491,13.1644,13.9154,1.2155,1.2495,1.3692,1.4616,Normal,50.0
C08532,L5,ADC,124.36,1.8,11.9958,12.312,13.1474,14.0499,1.2371,1.3121,1.4053,1.4508,Normal,50.0
C08533,L5,FPGA,125.54,1.087,11.6054,12.7253,15.6751,56.501,1.2227,1.3171,1.6912,7.9251,Absolute_Failure,50.0
C08534,L5,ASIC,125.04,1.198,12.0502,12.4491,12.4557,12.3947,1.2273,1.3245,1.304,1.2721,High_Stable,50.0
C08535,L5,FPGA,125.67,1.112,11.5342,12.4356,13.3842,14.8105,1.1933,1.3332,1.3837,1.5632,Normal,50.0
C08536,L5,DAC,124.79,1.789,12.0175,13.3383,14.463,15.8847,1.2322,1.4148,1.5483,1.6975,Normal,50.0
C08537,L5,ASIC,124.83,1.206,11.4793,12.1069,13.4057,14.0589,1.1947,1.2324,1.4391,1.4959,Normal,50.0
C08538,L5,ASIC,125.66,1.211,11.5446,12.2705,12.7906,14.1678,1.1905,1.2961,1.3128,1.5124,Normal,50.0
C08539,L5,ASIC,125.42,1.19,11.6094,12.7078,15.8785,21.9362,1.224,1.348,1.7251,2.4808,Latent_Defect,50.0
C08540,L5,ASIC,124.83,1.184,11.0378,11.6503,12.2752,14.1422,1.145,1.237,1.2752,1.4815,Normal,50.0
C08541,L5,ASIC,126.24,1.177,11.3993,12.1523,12.3398,13.2155,1.1825,1.2844,1.2663,1.3901,Normal,50.0
C08542,L5,ADC,123.83,1.793,11.8484,12.6083,13.1337,13.816,1.2391,1.2886,1.3751,1.443,Normal,50.0
C08543,L5,DAC,124.79,1.782,12.4516,12.9378,13.4236,13.8546,1.3145,1.4058,1.43,1.4251,Normal,50.0
C08544,L5,ASIC,125.2,1.18,10.7599,11.9541,13.7138,31.8314,1.1429,1.2593,1.4639,3.7852,Sudden_Anomaly,50.0
C08545,L5,ADC,123.93,1.818,11.4118,12.1796,12.852,13.9821,1.2021,1.227,1.3819,1.484,Normal,50.0
C08546,L5,FPGA,124.82,1.106,11.9869,12.4432,13.0862,14.4553,1.2662,1.3111,1.3441,1.5549,Normal,50.0
C08547,L5,ADC,125.28,1.818,12.101,12.9769,17.9778,53.9689,1.2748,1.3925,1.9583,7.4848,Absolute_Failure,50.0
C08548,L5,FPGA,124.55,1.129,11.3507,11.6706,12.9481,13.7064,1.1669,1.2178,1.3677,1.4884,Normal,50.0
C08549,L5,DAC,124.57,1.806,12.4716,12.7618,13.0873,12.8399,1.3226,1.3193,1.4129,1.3799,Normal,50.0
C08550,L5,ASIC,126.76,1.186,11.2492,11.9232,12.2649,12.6559,1.1882,1.2221,1.2689,1.3774,Normal,50.0
C08551,L5,DAC,124.13,1.825,12.4149,13.12,14.5125,15.5839,1.3245,1.4251,1.5444,1.6452,Normal,50.0
C08552,L5,FPGA,124.26,1.097,11.8129,12.7112,13.104,14.3343,1.223,1.3083,1.3933,1.5235,Normal,50.0
C08553,L5,DAC,124.83,1.794,11.6952,12.8206,13.9719,14.694,1.2341,1.3256,1.4415,1.5316,Normal,50.0
C08554,L5,DAC,124.77,1.789,12.1631,14.1847,17.9646,24.6486,1.2913,1.5171,1.9399,2.8219,Latent_Defect,50.0
C08555,L5,ADC,125.57,1.803,11.9177,13.0333,13.7853,15.0876,1.2642,1.3388,1.4242,1.6083,Normal,50.0
C08556,L5,FPGA,126.79,1.042,11.5298,12.3135,12.9417,14.0576,1.1958,1.2844,1.3806,1.4978,Normal,50.0
C08557,L5,DAC,125.48,1.821,12.3307,12.8425,15.0115,55.7935,1.2814,1.2997,1.5916,7.8078,Absolute_Failure,50.0
C08558,L5,ASIC,124.59,1.205,11.1362,12.8482,15.1793,20.8898,1.1567,1.4022,1.6401,2.2949,Latent_Defect,50.0
C08559,L5,ASIC,125.06,1.185,11.2119,12.9196,13.9566,30.4074,1.1421,1.3531,1.4684,3.625,Sudden_Anomaly,50.0
C08560,L5,ADC,125.36,1.804,11.6051,12.493,13.5209,14.0154,1.241,1.3393,1.4207,1.4226,Normal,50.0
C08561,L5,DAC,124.11,1.803,12.3726,12.727,12.781,12.6933,1.309,1.3149,1.2958,1.2828,High_Stable,50.0
C08562,L5,ADC,124.68,1.784,11.2374,11.6544,11.9579,12.3206,1.1844,1.2237,1.2387,1.2879,Normal,50.0
C08563,L5,FPGA,126.69,1.113,11.0397,11.6147,12.2381,12.4675,1.1664,1.2386,1.2762,1.2862,Normal,50.0
C08564,L5,ADC,124.87,1.814,12.3753,12.4032,12.5516,12.6142,1.2704,1.3005,1.3013,1.3231,High_Stable,50.0
C08565,L5,ASIC,126.4,1.191,11.3595,12.5955,17.0726,50.0572,1.1901,1.312,1.8411,6.775,Absolute_Failure,50.0
C08566,L5,ADC,125.85,1.784,11.9541,13.1832,13.4939,14.095,1.2619,1.3866,1.3727,1.5266,Normal,50.0
C08567,L5,ASIC,124.87,1.215,12.181,12.6382,14.1784,36.932,1.3366,1.3436,1.4994,4.5295,Sudden_Anomaly,50.0
C08568,L5,ASIC,126.2,1.206,11.3865,11.8879,12.4476,12.8821,1.1988,1.2402,1.3319,1.4102,Normal,50.0
C08569,L5,ADC,126.18,1.81,12.6697,12.8429,13.0598,13.3165,1.3428,1.3642,1.3972,1.4005,High_Stable,50.0
C08570,L5,DAC,125.6,1.789,11.6246,12.2618,13.2371,14.4207,1.2233,1.2516,1.4243,1.5356,Normal,50.0
C08571,L5,ASIC,125.17,1.204,11.9701,12.9005,13.4112,14.0634,1.2325,1.3554,1.4273,1.5128,Normal,50.0
C08572,L5,DAC,123.33,1.8,11.9153,12.2368,12.3542,12.1789,1.2435,1.3376,1.2843,1.3147,High_Stable,50.0
C08573,L5,FPGA,127.24,1.098,11.7909,13.4975,15.0785,22.2531,1.2714,1.4299,1.5874,2.5234,Latent_Defect,50.0
C08574,L5,ASIC,124.53,1.186,11.0694,10.9941,11.0987,10.6878,1.1596,1.1537,1.1716,1.1319,High_Stable,50.0
C08575,L5,ASIC,125.04,1.192,11.3586,12.0152,12.7435,13.6469,1.2288,1.2481,1.3451,1.4128,Normal,50.0
C08576,L5,FPGA,126.1,1.087,11.1942,13.0316,14.9376,18.8432,1.1821,1.2967,1.6054,2.0784,Latent_Defect,50.0
C08577,L5,ADC,124.8,1.822,12.1349,12.1906,12.5136,13.0675,1.2324,1.3211,1.2932,1.4125,High_Stable,50.0
C08578,L5,DAC,126.12,1.806,11.8964,13.1606,17.036,22.4592,1.2082,1.3982,1.8668,2.5277,Latent_Defect,50.0
C08579,L5,DAC,124.46,1.818,12.1482,12.7473,13.7872,14.2624,1.2411,1.2822,1.5116,1.476,Normal,50.0
C08580,L5,DAC,124.53,1.823,11.947,13.7033,20.3373,52.7965,1.2457,1.4709,2.2306,7.275,Absolute_Failure,50.0
C08581,L5,DAC,125.79,1.794,11.9486,12.6693,13.3891,13.9934,1.2311,1.3471,1.4085,1.5394,Normal,50.0
C08582,L5,DAC,125.23,1.799,11.5422,11.8203,12.8508,13.815,1.1871,1.2312,1.3242,1.399,Normal,50.0
C08583,L5,FPGA,125.13,1.097,11.3893,11.5791,11.4754,11.9016,1.205,1.1911,1.187,1.2639,High_Stable,50.0
C08584,L5,FPGA,124.87,1.092,11.7671,12.5897,12.6315,13.9786,1.2322,1.3278,1.3273,1.4534,Normal,50.0
C08585,L5,ADC,125.02,1.792,11.7301,12.7789,13.1815,13.847,1.2504,1.3108,1.4141,1.4337,Normal,50.0
C08586,L5,FPGA,125.17,1.101,11.7605,11.8315,11.9439,11.8721,1.251,1.2691,1.2415,1.2547,High_Stable,50.0
C08587,L5,DAC,125.23,1.781,11.7433,12.9515,13.3382,14.8471,1.2367,1.3488,1.4215,1.6124,Normal,50.0
C08588,L5,ADC,125.69,1.793,12.1622,13.3674,14.46,14.5859,1.2454,1.4156,1.5144,1.5465,Normal,50.0
C08589,L5,FPGA,123.69,1.103,10.9465,11.8487,12.2256,12.5575,1.1707,1.2487,1.2907,1.3346,Normal,50.0
C08590,L5,ADC,124.77,1.834,12.0098,15.0878,21.6737,58.9229,1.2918,1.635,2.4239,8.409,Absolute_Failure,50.0
C08591,L5,ASIC,124.6,1.207,11.4424,12.0535,12.9681,14.3019,1.1529,1.2593,1.3746,1.5637,Normal,50.0
C08592,L5,ASIC,126.36,1.196,10.8589,11.5385,12.271,12.4663,1.1265,1.2185,1.3208,1.3183,Normal,50.0
C08593,L5,DAC,125.35,1.82,12.4349,13.076,13.7781,14.6298,1.315,1.4127,1.44,1.5968,Normal,50.0
C08594,L5,ASIC,124.15,1.193,11.0274,11.8962,13.4014,14.031,1.1484,1.241,1.3992,1.4709,Normal,50.0
C08595,L5,ASIC,126.29,1.207,11.1964,12.2675,13.2422,13.6385,1.1631,1.3108,1.4086,1.4836,Normal,50.0
C08596,L5,ADC,124.41,1.792,11.6228,12.8224,17.77,60.4566,1.2371,1.3431,1.9352,8.6867,Absolute_Failure,50.0
C08597,L5,ASIC,125.34,1.2,11.0491,12.0993,12.6065,13.9165,1.1375,1.2475,1.3127,1.4798,Normal,50.0
C08598,L5,DAC,125.76,1.809,11.6359,12.6947,13.6285,14.8067,1.2112,1.3477,1.425,1.598,Normal,50.0
C08599,L5,ASIC,125.03,1.195,11.6653,12.5294,13.0769,14.4505,1.1947,1.2935,1.3482,1.5046,Normal,50.0
C08600,L5,FPGA,125.18,1.106,11.5781,12.0471,13.3514,14.3553,1.2237,1.2644,1.4272,1.5017,Normal,50.0
C08601,L5,ASIC,124.76,1.192,11.7471,12.111,12.8627,13.3798,1.2541,1.2991,1.3809,1.4298,Normal,50.0
C08602,L5,ADC,124.07,1.82,12.0337,13.411,14.2714,15.5388,1.2295,1.4311,1.5635,1.6517,Normal,50.0
C08603,L5,ASIC,124.22,1.182,11.5481,12.4929,14.9878,34.6334,1.1779,1.3303,1.5784,4.2584,Sudden_Anomaly,50.0
C08604,L5,ASIC,125.2,1.211,11.8868,13.4093,20.2311,56.338,1.2371,1.4264,2.2894,7.8667,Absolute_Failure,50.0
C08605,L5,ASIC,125.22,1.215,11.1967,11.7043,13.0524,13.9187,1.1606,1.2647,1.405,1.4688,Normal,50.0
C08606,L5,ASIC,123.36,1.207,11.0583,12.1853,13.146,13.7384,1.1136,1.3089,1.3881,1.4246,Normal,50.0
C08607,L5,FPGA,126.71,1.089,11.5775,12.1361,12.7597,13.9285,1.1671,1.2921,1.3257,1.4902,Normal,50.0
C08608,L5,DAC,125.19,1.83,11.9193,12.2208,12.9412,13.6222,1.2157,1.3,1.3286,1.448,Normal,50.0
C08609,L5,FPGA,124.25,1.123,11.6183,12.2327,12.3528,13.5742,1.1992,1.2758,1.3393,1.4417,Normal,50.0
C08610,L5,ASIC,126.34,1.198,11.108,11.5164,12.2692,13.174,1.1586,1.1752,1.244,1.405,Normal,50.0
C08611,L5,ADC,124.16,1.838,12.1356,12.6916,12.7201,14.4165,1.26,1.3363,1.3646,1.5683,Normal,50.0
C08612,L5,DAC,125.08,1.792,11.7525,13.0481,13.7519,14.5736,1.2203,1.3311,1.4659,1.5495,Normal,50.0
C08613,L5,ASIC,125.8,1.168,11.9154,11.9433,11.9382,12.1765,1.2534,1.26,1.2258,1.2737,High_Stable,50.0
C08614,L5,ADC,124.31,1.807,11.9174,11.9634,11.6857,12.0792,1.2775,1.202,1.2316,1.2666,High_Stable,50.0
C08615,L5,FPGA,126.32,1.114,10.7223,11.9481,12.7146,14.0449,1.1324,1.2603,1.2659,1.5294,Normal,50.0
C08616,L5,FPGA,125.66,1.089,11.2293,11.7362,12.3906,13.0836,1.1777,1.2241,1.2845,1.3448,Normal,50.0
C08617,L5,ASIC,124.21,1.207,11.1344,12.4136,15.7712,22.2807,1.1711,1.3068,1.6815,2.5076,Latent_Defect,50.0
C08618,L5,ADC,125.64,1.794,11.2984,11.9532,12.5583,13.1944,1.1637,1.2794,1.3028,1.4276,Normal,50.0
C08619,L5,ASIC,124.35,1.204,11.6803,11.662,11.9417,12.342,1.2073,1.2018,1.2443,1.3177,High_Stable,50.0
C08620,L5,ASIC,124.91,1.208,11.2388,11.4627,11.7398,11.8538,1.2311,1.2394,1.2117,1.1753,High_Stable,50.0
C08621,L5,DAC,127.27,1.801,12.1403,12.796,13.1948,14.4459,1.2706,1.3508,1.3636,1.5269,Normal,50.0
C08622,L5,ADC,124.62,1.805,12.0228,13.8253,18.7232,60.9041,1.2567,1.4324,2.072,8.7831,Absolute_Failure,50.0
C08623,L5,ASIC,124.54,1.197,11.2524,12.211,12.4473,13.0367,1.1732,1.2874,1.2873,1.3611,Normal,50.0
C08624,L5,ADC,125.44,1.825,12.028,12.8498,13.4022,14.4072,1.2653,1.3672,1.423,1.5558,Normal,50.0
C08625,L5,DAC,125.52,1.797,11.9589,12.4488,13.0558,14.2136,1.2324,1.3153,1.3761,1.5171,Normal,50.0
C08626,L5,DAC,123.97,1.82,11.7371,12.7385,13.9513,14.5168,1.2301,1.3141,1.491,1.5292,Normal,50.0
C08627,L5,ADC,123.26,1.814,11.818,12.246,12.5844,13.3696,1.2076,1.3143,1.3002,1.4409,Normal,50.0
C08628,L5,DAC,126.04,1.796,12.6295,13.729,21.532,56.5795,1.3236,1.4771,2.4616,7.9133,Absolute_Failure,50.0
C08629,L5,FPGA,126.15,1.084,11.5856,11.92,12.6354,13.2118,1.2028,1.2403,1.3404,1.377,Normal,50.0
C08630,L5,FPGA,124.94,1.099,11.2372,12.0156,12.9494,14.2771,1.1969,1.2463,1.3525,1.5321,Normal,50.0
C08631,L5,FPGA,126.08,1.13,11.2409,11.8133,12.5083,13.4301,1.1573,1.238,1.3417,1.4758,Normal,50.0
C08632,L5,ADC,125.43,1.813,11.7737,12.1001,12.5262,13.491,1.2342,1.2488,1.3206,1.4291,Normal,50.0
C08633,L5,DAC,125.96,1.797,11.64,12.6862,13.1817,14.6504,1.2366,1.2973,1.4114,1.5457,Normal,50.0
C08634,L5,ADC,123.45,1.797,11.4082,12.5892,13.6028,14.2088,1.1719,1.3316,1.477,1.5366,Normal,50.0
C08635,L5,ADC,125.76,1.817,12.0763,12.6894,13.8867,15.4469,1.2258,1.2941,1.4889,1.6615,Normal,50.0
C08636,L5,FPGA,124.94,1.089,11.2319,11.8266,12.8444,29.8965,1.1623,1.2457,1.3348,3.5282,Sudden_Anomaly,50.0
C08637,L5,ASIC,125.66,1.209,11.9282,13.0526,14.1621,14.6375,1.2174,1.3828,1.468,1.5865,Normal,50.0
C08638,L5,FPGA,123.71,1.106,10.8208,11.2575,11.5545,12.2756,1.0928,1.1314,1.1998,1.3027,Normal,50.0
C08639,L5,FPGA,125.55,1.116,11.798,14.7999,20.3056,56.7826,1.2344,1.5877,2.2432,7.9744,Absolute_Failure,50.0
C08640,L5,FPGA,126.03,1.1,11.4935,12.7627,13.0095,13.1568,1.2225,1.3158,1.3678,1.3884,Normal,50.0
C08641,L5,ASIC,125.03,1.2,11.0717,11.8315,13.1864,36.673,1.1169,1.2361,1.3892,4.5183,Sudden_Anomaly,50.0
C08642,L5,ASIC,124.34,1.212,11.3494,13.0328,17.914,24.9686,1.2211,1.3856,1.9384,2.8833,Latent_Defect,50.0
C08643,L5,DAC,125.19,1.767,12.1288,12.3725,12.3459,12.5546,1.3245,1.2986,1.2538,1.3271,High_Stable,50.0
C08644,L5,FPGA,126.38,1.082,11.4323,12.0882,12.9736,13.5792,1.2156,1.2554,1.3229,1.4264,Normal,50.0
C08645,L5,DAC,125.91,1.8,12.3522,12.5522,12.9519,12.8974,1.2947,1.3349,1.3551,1.4004,High_Stable,50.0
C08646,L5,DAC,124.78,1.809,12.1549,13.2746,15.0454,36.2254,1.2702,1.4026,1.5994,4.4997,Sudden_Anomaly,50.0
C08647,L5,ASIC,124.9,1.204,11.0963,11.266,11.9434,12.3159,1.1373,1.144,1.2838,1.2727,Normal,50.0
C08648,L5,ASIC,124.98,1.201,11.1742,11.5095,11.8005,11.9286,1.1507,1.2207,1.2838,1.2094,Normal,50.0
C08649,L5,FPGA,126.82,1.097,12.0201,12.2169,12.5378,12.4397,1.2662,1.2827,1.3271,1.3147,High_Stable,50.0
C08650,L5,FPGA,124.84,1.074,11.3196,14.399,20.5856,57.3056,1.1008,1.5458,2.333,8.0884,Absolute_Failure,50.0
C08651,L5,FPGA,126.17,1.086,11.4465,12.3305,12.8996,14.7711,1.198,1.2962,1.3738,1.5997,Normal,50.0
C08652,L5,FPGA,126.04,1.095,10.7755,11.736,11.981,12.3431,1.1057,1.2444,1.2629,1.2905,Normal,50.0
C08653,L5,ASIC,124.42,1.186,11.4881,12.8321,13.2138,14.1622,1.2008,1.3409,1.4252,1.4873,Normal,50.0
C08654,L5,ASIC,124.96,1.198,11.8202,12.0262,12.2671,12.6686,1.2008,1.2522,1.295,1.3044,High_Stable,50.0
C08655,L5,ASIC,123.64,1.185,11.0922,11.8165,12.4234,12.3977,1.1605,1.2083,1.2978,1.3187,Normal,50.0
C08656,L5,DAC,125.16,1.799,11.7365,12.4917,14.3611,39.6211,1.2183,1.3243,1.5338,5.015,Sudden_Anomaly,50.0
C08657,L5,FPGA,125.8,1.102,11.5152,12.6862,14.4639,34.6952,1.2262,1.3195,1.5618,4.2591,Sudden_Anomaly,50.0
C08658,L5,ASIC,125.13,1.221,11.4402,13.2844,17.5766,25.4677,1.2042,1.4016,1.9229,2.9444,Latent_Defect,50.0
C08659,L5,DAC,125.41,1.803,12.342,13.1232,14.0541,15.3896,1.2778,1.4172,1.4261,1.6385,Normal,50.0
C08660,L5,FPGA,125.45,1.083,12.0605,12.501,12.5167,13.8637,1.2549,1.3278,1.319,1.4511,Normal,50.0
C08661,L5,DAC,126.94,1.784,12.6734,13.6637,15.174,15.7197,1.2767,1.3972,1.6297,1.6741,Normal,50.0
C08662,L5,ASIC,125.71,1.175,11.092,11.2884,10.9856,11.0521,1.1838,1.1419,1.1481,1.1613,High_Stable,50.0
C08663,L5,DAC,124.71,1.785,11.6971,12.653,13.5697,14.8141,1.2564,1.3118,1.4108,1.6121,Normal,50.0
C08664,L5,FPGA,124.79,1.105,11.5849,12.3526,13.141,14.7472,1.197,1.3212,1.3871,1.5852,Normal,50.0
C08665,L5,DAC,124.79,1.804,11.8685,12.5083,13.3248,14.4191,1.2718,1.301,1.3769,1.5732,Normal,50.0
C08666,L5,ASIC,124.55,1.174,11.2841,12.0793,14.4772,51.1225,1.1748,1.2907,1.5399,6.9625,Absolute_Failure,50.0
C08667,L5,ADC,124.04,1.786,12.7879,12.773,12.8129,12.4422,1.3586,1.3608,1.3646,1.3562,High_Stable,50.0
C08668,L5,FPGA,125.37,1.103,12.9481,13.0589,13.1239,13.1865,1.321,1.3712,1.388,1.3663,High_Stable,50.0
C08669,L5,DAC,124.63,1.796,11.3906,12.2184,13.0659,13.5308,1.163,1.2657,1.3529,1.4434,Normal,50.0
C08670,L5,FPGA,125.42,1.092,11.865,12.8444,13.115,13.9836,1.2365,1.3114,1.3728,1.5144,Normal,50.0
C08671,L5,ASIC,123.6,1.19,10.9871,11.4374,11.7001,13.5665,1.1135,1.1998,1.2332,1.4003,Normal,50.0
C08672,L5,FPGA,126.07,1.083,10.5972,11.4725,12.402,12.8266,1.1179,1.1628,1.3129,1.336,Normal,50.0
C08673,L5,FPGA,124.58,1.115,11.8505,11.9993,12.1442,12.183,1.2678,1.3073,1.2678,1.2835,High_Stable,50.0
C08674,L5,ASIC,124.21,1.21,12.2362,12.4373,12.4657,12.7051,1.2895,1.26,1.2762,1.3329,High_Stable,50.0
C08675,L5,ADC,124.6,1.815,11.8387,12.3752,13.5191,14.6835,1.2284,1.2496,1.3955,1.5712,Normal,50.0
C08676,L5,FPGA,124.3,1.112,11.1388,12.1117,16.6432,53.3555,1.1174,1.2295,1.807,7.3061,Absolute_Failure,50.0
C08677,L5,DAC,123.99,1.814,11.6674,12.5333,13.3219,14.1689,1.2146,1.3265,1.4461,1.5083,Normal,50.0
C08678,L5,ASIC,123.6,1.195,10.615,11.0384,10.8864,11.1271,1.0815,1.167,1.125,1.1678,Normal,50.0
C08679,L5,ASIC,126.77,1.202,11.401,11.6042,11.6817,11.5928,1.2201,1.2563,1.2593,1.1768,High_Stable,50.0
C08680,L5,ADC,124.39,1.79,11.6462,11.9276,12.6119,13.327,1.1933,1.2164,1.3358,1.411,Normal,50.0
C08681,L5,ASIC,125.06,1.206,11.3389,11.9859,12.9944,13.4547,1.1498,1.2522,1.3577,1.418,Normal,50.0
C08682,L5,ADC,124.47,1.807,11.1293,12.8353,15.858,21.8079,1.1459,1.3602,1.7473,2.464,Latent_Defect,50.0
C08683,L5,FPGA,125.49,1.107,11.5465,12.0746,12.7056,13.8669,1.2522,1.2179,1.3271,1.4722,Normal,50.0
C08684,L5,ASIC,125.46,1.21,11.0284,13.0592,18.6034,57.9543,1.0946,1.4057,2.0304,8.175,Absolute_Failure,50.0
C08685,L5,FPGA,125.13,1.112,11.1627,11.6757,12.1566,12.8886,1.1688,1.2148,1.2578,1.3984,Normal,50.0
C08686,L5,FPGA,124.9,1.095,11.1603,11.4139,12.2323,13.0874,1.1307,1.1564,1.3445,1.3396,Normal,50.0
C08687,L5,FPGA,125.59,1.098,12.1259,13.0381,13.3403,13.3246,1.275,1.354,1.4139,1.4162,Normal,50.0
C08688,L5,ASIC,124.71,1.197,11.3492,12.4594,13.5089,14.4431,1.2009,1.2904,1.4482,1.5113,Normal,50.0
C08689,L5,ASIC,124.44,1.183,11.933,12.6208,12.9793,13.9305,1.2548,1.3226,1.3811,1.4984,Normal,50.0
C08690,L5,DAC,126.43,1.788,11.725,12.463,13.3566,14.0643,1.1915,1.2933,1.4228,1.5196,Normal,50.0
C08691,L5,DAC,124.21,1.81,11.7204,12.7175,13.582,14.1577,1.2507,1.3695,1.4472,1.5086,Normal,50.0
C08692,L5,FPGA,124.05,1.073,11.4244,12.709,13.2994,14.1479,1.2198,1.3662,1.4095,1.5217,Normal,50.0
C08693,L5,DAC,126.79,1.75,11.9162,12.2502,12.8712,14.237,1.2589,1.2941,1.3315,1.5267,Normal,50.0
C08694,L5,DAC,125.31,1.818,11.6611,12.2986,13.3079,13.7165,1.2011,1.2369,1.4157,1.4773,Normal,50.0
C08695,L5,ASIC,124.89,1.174,11.6209,11.7113,12.0508,12.3202,1.2116,1.2085,1.2844,1.2802,High_Stable,50.0
C08696,L5,ASIC,126.1,1.187,10.9002,11.0131,11.9024,12.2188,1.1033,1.1502,1.28,1.3188,Normal,50.0
C08697,L5,DAC,124.16,1.815,12.2935,12.5831,12.8081,12.9401,1.2367,1.3073,1.3722,1.3469,High_Stable,50.0
C08698,L5,DAC,125.45,1.805,11.9175,13.2056,13.3015,14.6506,1.2197,1.3849,1.394,1.5468,Normal,50.0
C08699,L5,FPGA,125.32,1.139,11.3664,12.1533,12.6262,13.8669,1.1801,1.3023,1.2989,1.494,Normal,50.0
C08700,L5,DAC,125.82,1.815,11.6256,13.0343,15.5687,32.0184,1.216,1.3789,1.692,3.8747,Sudden_Anomaly,50.0
C08701,L5,ADC,123.63,1.799,12.014,12.9585,13.5414,14.5283,1.2436,1.3249,1.3752,1.5405,Normal,50.0
C08702,L5,FPGA,125.64,1.092,12.2819,12.4731,12.831,12.706,1.2778,1.3147,1.3287,1.3238,High_Stable,50.0
C08703,L5,ASIC,125.89,1.207,11.1191,11.9874,13.853,40.9722,1.1172,1.2764,1.4422,5.2592,Sudden_Anomaly,50.0
C08704,L5,FPGA,126.74,1.112,11.2758,12.3715,13.0227,13.972,1.1468,1.2976,1.3721,1.4446,Normal,50.0
C08705,L5,ADC,124.99,1.83,12.1799,12.9046,15.4707,21.5883,1.2522,1.3643,1.6347,2.4615,Latent_Defect,50.0
C08706,L5,ASIC,122.87,1.215,11.3008,12.1462,12.5011,12.7621,1.197,1.3007,1.3338,1.3332,Normal,50.0
C08707,L5,FPGA,124.25,1.096,12.3314,13.3525,18.7269,51.4252,1.2871,1.4565,2.0734,7.0033,Absolute_Failure,50.0
C08708,L5,ASIC,123.56,1.172,11.2469,12.0915,12.7316,13.5078,1.1622,1.2908,1.3287,1.405,Normal,50.0
C08709,L5,FPGA,126.12,1.084,11.4873,11.5465,11.693,11.8507,1.2243,1.1855,1.2261,1.2101,High_Stable,50.0
C08710,L5,ADC,124.35,1.796,11.2975,12.2529,13.0483,13.8934,1.1897,1.2715,1.3561,1.4454,Normal,50.0
C08711,L5,ASIC,126.43,1.186,11.5745,12.5407,13.4004,35.3286,1.2077,1.3404,1.3959,4.2984,Sudden_Anomaly,50.0
C08712,L5,ADC,124.5,1.834,12.3005,13.2223,13.6373,14.8163,1.2952,1.4231,1.458,1.6156,Normal,50.0
C08713,L5,FPGA,125.27,1.073,12.0786,12.2242,12.323,12.3797,1.283,1.2798,1.2643,1.3276,High_Stable,50.0
C08714,L5,ASIC,124.44,1.194,11.6807,11.7475,12.0014,11.8596,1.1687,1.2445,1.2505,1.2512,High_Stable,50.0
C08715,L5,ADC,124.32,1.797,12.1198,13.2171,14.4821,14.9373,1.2396,1.4202,1.505,1.6598,Normal,50.0
C08716,L5,ADC,123.85,1.793,11.4193,11.8416,12.7742,14.2618,1.1756,1.2612,1.3488,1.5045,Normal,50.0
C08717,L5,FPGA,126.66,1.107,11.9364,12.1684,13.099,13.9245,1.2239,1.2919,1.3724,1.4658,Normal,50.0
C08718,L5,FPGA,124.34,1.1,11.3635,12.4954,16.3301,23.8338,1.1682,1.3638,1.7589,2.7246,Latent_Defect,50.0
C08719,L5,ASIC,124.85,1.199,10.91,11.8403,12.5806,13.386,1.121,1.1994,1.3165,1.3845,Normal,50.0
C08720,L5,FPGA,124.58,1.097,11.2324,11.5833,12.8117,13.7065,1.1337,1.2196,1.379,1.4759,Normal,50.0
C08721,L5,ASIC,124.46,1.181,10.9824,12.3566,15.8028,51.7315,1.1583,1.3257,1.7096,7.0935,Absolute_Failure,50.0
C08722,L5,FPGA,125.68,1.075,11.7202,12.8749,13.6715,14.4914,1.2419,1.3542,1.4581,1.5307,Normal,50.0
C08723,L5,ASIC,124.19,1.194,11.0827,11.9013,12.2704,13.3175,1.095,1.2635,1.3071,1.3902,Normal,50.0
C08724,L5,ASIC,124.49,1.19,11.897,12.1506,12.3079,12.8808,1.2456,1.2539,1.2904,1.3792,Normal,50.0
C08725,L5,DAC,124.58,1.814,12.321,13.8969,18.2608,24.2847,1.2932,1.429,2.0135,2.7816,Latent_Defect,50.0
C08726,L5,FPGA,124.14,1.087,11.867,11.8418,11.9004,11.8377,1.248,1.2195,1.2558,1.2385,High_Stable,50.0
C08727,L5,ADC,125.5,1.806,11.9415,12.0845,12.0263,12.3626,1.2225,1.2806,1.2879,1.298,High_Stable,50.0
C08728,L5,DAC,125.29,1.789,12.2119,12.465,12.7146,12.9182,1.29,1.2714,1.3514,1.3701,High_Stable,50.0
C08729,L5,FPGA,125.78,1.116,11.516,13.4818,16.0024,22.8545,1.2033,1.4368,1.7407,2.6216,Latent_Defect,50.0
C08730,L5,ADC,124.52,1.783,11.4731,12.3196,12.9275,13.3669,1.2254,1.2669,1.3599,1.4236,Normal,50.0
C08731,L5,ADC,124.83,1.82,11.656,12.1094,13.3376,14.4617,1.1932,1.2931,1.3594,1.5815,Normal,50.0
C08732,L5,FPGA,125.37,1.092,11.6252,12.741,13.9817,15.132,1.2099,1.3005,1.4837,1.6533,Normal,50.0
C08733,L5,ADC,126.06,1.781,11.9325,13.0843,13.5946,14.242,1.2555,1.3842,1.4319,1.5251,Normal,50.0
C08734,L5,FPGA,126.06,1.092,11.8878,11.979,12.2715,12.7445,1.2063,1.2373,1.2725,1.3349,High_Stable,50.0
C08735,L5,ASIC,124.88,1.21,11.2532,11.8335,12.94,13.262,1.1781,1.1972,1.3772,1.4228,Normal,50.0
C08736,L5,FPGA,126.04,1.122,11.6554,11.9299,12.9951,14.0962,1.2187,1.2647,1.3827,1.4858,Normal,50.0
C08737,L5,ADC,124.59,1.816,11.5814,12.7784,12.9231,13.8693,1.2466,1.2896,1.3857,1.4533,Normal,50.0
C08738,L5,ASIC,124.88,1.222,11.6984,13.3032,21.6839,50.514,1.2395,1.4044,2.446,6.8312,Absolute_Failure,50.0
C08739,L5,FPGA,125.6,1.08,12.0619,12.1918,12.4097,12.754,1.2674,1.2457,1.2904,1.3052,High_Stable,50.0
C08740,L5,FPGA,126.94,1.106,12.4686,12.7875,12.8663,12.5933,1.3207,1.3254,1.3608,1.2924,High_Stable,50.0
C08741,L5,ADC,125.31,1.816,12.3282,13.5703,14.0,14.2663,1.3006,1.49,1.5147,1.5108,Normal,50.0
C08742,L5,ADC,124.58,1.788,11.7189,12.5645,13.5051,39.1635,1.2068,1.3443,1.4226,4.9668,Sudden_Anomaly,50.0
C08743,L5,ADC,125.57,1.793,11.6101,12.1469,13.2566,35.0436,1.1838,1.2792,1.4408,4.3138,Sudden_Anomaly,50.0
C08744,L5,ASIC,125.89,1.192,11.3946,11.5609,11.5156,11.9706,1.1998,1.2484,1.2076,1.26,High_Stable,50.0
C08745,L5,DAC,124.62,1.793,12.6521,12.6894,12.9096,13.3413,1.3484,1.3141,1.3659,1.4316,High_Stable,50.0
C08746,L5,ASIC,125.62,1.217,11.4659,11.5761,11.6167,11.7472,1.1706,1.1799,1.2006,1.2106,High_Stable,50.0
C08747,L5,DAC,124.86,1.783,12.4207,13.6702,14.7353,15.3837,1.2991,1.4554,1.6086,1.6249,Normal,50.0
C08748,L5,ADC,124.09,1.794,11.4552,11.6836,12.1322,13.3707,1.2124,1.1792,1.246,1.3951,Normal,50.0
C08749,L5,DAC,125.2,1.799,12.0301,12.6336,13.6312,14.0007,1.2733,1.32,1.4495,1.4995,Normal,50.0
C08750,L5,DAC,124.26,1.802,11.8409,12.5669,12.9954,13.1911,1.2449,1.3232,1.3712,1.426,Normal,50.0
C08751,L5,ASIC,126.42,1.222,11.464,12.2101,13.09,13.8055,1.2168,1.2475,1.3785,1.4745,Normal,50.0
C08752,L5,DAC,125.49,1.792,12.2721,14.327,17.0994,24.9438,1.2852,1.5451,1.812,2.9055,Latent_Defect,50.0
C08753,L5,ASIC,126.25,1.191,11.7033,12.6609,17.2077,22.4811,1.1826,1.3559,1.8514,2.54,Latent_Defect,50.0
C08754,L5,ASIC,125.01,1.18,11.8405,12.0158,12.3328,11.9444,1.225,1.2608,1.3037,1.2147,High_Stable,50.0
C08755,L5,ADC,124.47,1.821,11.6907,13.086,15.9279,21.2834,1.2416,1.3879,1.7313,2.3663,Latent_Defect,50.0
C08756,L5,ASIC,124.1,1.199,11.2641,12.7245,13.2363,14.8761,1.1695,1.3097,1.3786,1.5936,Normal,50.0
C08757,L5,FPGA,125.57,1.088,12.0275,12.2552,12.3607,12.8642,1.2879,1.2386,1.2823,1.3113,High_Stable,50.0
C08758,L5,ADC,124.61,1.805,11.1891,11.6933,14.2974,37.1233,1.1553,1.2411,1.5406,4.6678,Sudden_Anomaly,50.0
C08759,L5,ADC,124.5,1.782,11.9075,12.5179,13.126,13.7902,1.2681,1.3107,1.3982,1.4619,Normal,50.0
C08760,L5,ASIC,124.67,1.177,12.2003,12.2748,12.7779,12.506,1.3059,1.294,1.3584,1.3184,High_Stable,50.0
C08761,L5,FPGA,125.0,1.111,10.9945,12.6425,19.8783,54.4197,1.1741,1.3018,2.2437,7.5247,Absolute_Failure,50.0
C08762,L5,DAC,125.53,1.794,11.7201,13.5648,18.2293,21.7944,1.2177,1.4047,1.9903,2.4216,Latent_Defect,50.0
C08763,L5,ADC,123.21,1.799,12.067,12.4876,13.1062,13.3617,1.2887,1.3274,1.4265,1.4339,Normal,50.0
C08764,L5,ADC,123.17,1.808,11.7519,12.6857,15.9985,22.5019,1.2803,1.3325,1.7407,2.5546,Latent_Defect,50.0
C08765,L5,ASIC,124.38,1.216,11.4184,11.8245,12.9262,26.3634,1.2167,1.2449,1.3625,3.0481,Sudden_Anomaly,50.0
C08766,L5,ASIC,124.7,1.197,11.1738,11.8708,12.481,13.7074,1.1778,1.2622,1.2793,1.4294,Normal,50.0
C08767,L5,FPGA,126.52,1.067,11.5052,12.5266,19.6503,50.8911,1.2014,1.3499,2.1744,6.9156,Absolute_Failure,50.0
C08768,L5,ADC,124.38,1.807,11.7042,12.3674,13.5019,14.6176,1.202,1.3224,1.4115,1.5869,Normal,50.0
C08769,L5,ASIC,125.45,1.218,12.5104,12.9143,13.3698,13.8855,1.3169,1.3572,1.4642,1.4899,High_Stable,50.0
C08770,L5,ASIC,125.81,1.183,11.4867,11.9184,11.7747,12.0059,1.1834,1.2191,1.2022,1.2837,High_Stable,50.0
C08771,L5,FPGA,126.12,1.133,12.0273,12.7089,13.8871,14.8578,1.2862,1.3232,1.4758,1.5957,Normal,50.0
C08772,L5,ASIC,125.68,1.195,11.6672,12.5543,13.4829,14.6911,1.2401,1.3126,1.4037,1.552,Normal,50.0
C08773,L5,FPGA,125.79,1.104,11.4536,12.1116,13.2762,14.804,1.2139,1.2765,1.3889,1.5737,Normal,50.0
C08774,L5,ADC,124.31,1.789,11.9785,12.3314,12.5756,12.7981,1.2395,1.3238,1.2968,1.3461,High_Stable,50.0
C08775,L5,DAC,125.12,1.775,11.8792,12.6477,13.4014,30.3754,1.2434,1.3444,1.3879,3.6367,Sudden_Anomaly,50.0
C08776,L5,ASIC,124.51,1.183,11.6751,12.8197,13.506,14.0982,1.1817,1.3465,1.3847,1.5035,Normal,50.0
C08777,L5,FPGA,123.54,1.076,11.2405,11.8846,13.4569,19.0436,1.1595,1.2651,1.4264,2.0928,Latent_Defect,50.0
C08778,L5,FPGA,125.48,1.091,11.8405,12.5242,13.2501,14.2384,1.2102,1.3337,1.4219,1.5192,Normal,50.0
C08779,L5,ASIC,125.18,1.195,11.5286,13.7546,20.7221,57.9545,1.1637,1.4494,2.294,8.1845,Absolute_Failure,50.0
C08780,L5,ASIC,123.25,1.203,11.5045,12.3415,13.8733,14.1398,1.1931,1.2974,1.4862,1.5673,Normal,50.0
C08781,L5,ADC,124.81,1.807,12.1967,13.7771,18.5472,51.9911,1.261,1.4412,2.0037,7.1111,Absolute_Failure,50.0
C08782,L5,DAC,125.48,1.825,12.3273,14.3369,23.6944,53.7191,1.2858,1.5038,2.6798,7.4399,Absolute_Failure,50.0
C08783,L5,DAC,125.27,1.757,11.981,12.5562,13.4349,13.7521,1.2988,1.3526,1.4525,1.4495,Normal,50.0
C08784,L5,FPGA,124.76,1.118,11.3815,11.7358,12.1451,13.5489,1.1763,1.2029,1.3496,1.4232,Normal,50.0
C08785,L5,FPGA,123.7,1.058,11.55,12.6238,15.2846,40.0277,1.1935,1.3419,1.612,5.1097,Sudden_Anomaly,50.0
C08786,L5,DAC,123.38,1.806,12.4391,13.0412,14.4368,26.3447,1.3464,1.3917,1.569,3.0258,Sudden_Anomaly,50.0
C08787,L5,ADC,124.24,1.799,12.2215,13.0931,13.586,14.0511,1.2697,1.3688,1.4458,1.4709,Normal,50.0
C08788,L5,ADC,124.42,1.804,12.3759,12.5368,12.5577,12.7385,1.3072,1.3218,1.3307,1.3092,High_Stable,50.0
C08789,L5,ADC,124.31,1.793,11.9339,12.5062,13.7676,15.012,1.2679,1.304,1.4339,1.6172,Normal,50.0
C08790,L5,ADC,124.62,1.794,11.7076,12.7975,14.2351,14.773,1.192,1.3347,1.5488,1.5617,Normal,50.0
C08791,L5,ASIC,124.26,1.203,11.1587,11.963,12.8994,37.8158,1.2022,1.246,1.3546,4.7298,Sudden_Anomaly,50.0
C08792,L5,ADC,124.66,1.762,12.4719,12.9613,13.4659,14.0311,1.276,1.3876,1.4124,1.4351,Normal,50.0
C08793,L5,FPGA,125.04,1.113,11.9497,12.2359,12.2616,12.1474,1.2376,1.2451,1.3165,1.2591,High_Stable,50.0
C08794,L5,FPGA,123.42,1.123,11.2136,11.7127,12.267,13.8452,1.1753,1.2138,1.3035,1.472,Normal,50.0
C08795,L5,ADC,124.04,1.812,11.6737,13.0773,16.7123,22.7388,1.2313,1.3981,1.7682,2.5678,Latent_Defect,50.0
C08796,L5,ADC,122.86,1.805,12.6939,13.5743,14.3673,15.0623,1.3277,1.4316,1.5451,1.6656,Normal,50.0
C08797,L5,ASIC,126.4,1.203,12.4184,12.561,12.5619,12.9258,1.3072,1.3145,1.3321,1.3812,High_Stable,50.0
C08798,L5,FPGA,127.07,1.104,12.1288,12.1428,12.4759,12.4638,1.259,1.2704,1.2816,1.298,High_Stable,50.0
C08799,L5,DAC,126.05,1.803,11.7465,11.851,11.9729,12.1478,1.2556,1.2639,1.2308,1.3112,High_Stable,50.0
C08800,L5,FPGA,126.05,1.104,11.4308,12.6183,18.1896,55.4963,1.1639,1.3254,2.005,7.746,Absolute_Failure,50.0
C08801,L5,ADC,125.3,1.794,12.0942,12.6421,13.4374,14.1891,1.3019,1.3313,1.3889,1.4977,Normal,50.0
C08802,L5,ADC,126.37,1.807,12.7748,13.1354,13.0306,13.0338,1.3495,1.4115,1.3758,1.3782,High_Stable,50.0
C08803,L5,ADC,125.76,1.826,11.166,11.4632,12.2864,12.8148,1.146,1.1568,1.2952,1.3332,Normal,50.0
C08804,L5,FPGA,126.94,1.128,11.3058,12.2786,19.5787,53.417,1.1817,1.256,2.1621,7.3195,Absolute_Failure,50.0
C08805,L5,ASIC,123.58,1.174,10.7934,11.0615,12.0033,13.3518,1.1781,1.1158,1.2155,1.4108,Normal,50.0
C08806,L5,ASIC,124.82,1.217,11.6642,12.5869,16.5286,56.3823,1.2103,1.3133,1.8,7.9033,Absolute_Failure,50.0
C08807,L5,ADC,125.77,1.822,12.1583,12.4551,13.3741,14.5309,1.2962,1.3039,1.4143,1.5698,Normal,50.0
C08808,L5,ADC,124.6,1.831,11.9542,12.0734,13.4498,29.3394,1.2658,1.2617,1.4672,3.4987,Sudden_Anomaly,50.0
C08809,L5,ADC,124.79,1.795,11.8002,12.2034,12.7617,13.8818,1.266,1.2957,1.3394,1.4562,Normal,50.0
C08810,L5,ADC,125.41,1.787,12.0004,13.1163,20.1925,55.588,1.2377,1.386,2.2715,7.7375,Absolute_Failure,50.0
C08811,L5,FPGA,126.82,1.097,11.5142,12.2232,12.9351,14.2741,1.2329,1.2809,1.3547,1.5199,Normal,50.0
C08812,L5,ADC,125.25,1.786,11.2082,12.3272,17.0264,54.7293,1.147,1.2655,1.8623,7.5639,Absolute_Failure,50.0
C08813,L5,DAC,124.97,1.827,11.7878,12.0283,12.9553,14.3147,1.2413,1.2374,1.3486,1.5602,Normal,50.0
C08814,L5,ASIC,125.6,1.203,11.744,12.3966,14.1794,37.1552,1.2585,1.2805,1.5016,4.6545,Sudden_Anomaly,50.0
C08815,L5,ADC,124.64,1.797,11.1229,11.9073,12.3424,13.0824,1.1677,1.2529,1.3202,1.3599,Normal,50.0
C08816,L5,ASIC,125.1,1.22,11.0504,11.1234,11.969,12.3334,1.1558,1.1666,1.2706,1.2914,Normal,50.0
C08817,L5,ADC,124.79,1.802,11.8972,12.4091,13.0659,13.8296,1.2111,1.3077,1.3496,1.4398,Normal,50.0
C08818,L5,ASIC,125.43,1.204,11.9485,11.9444,12.1572,12.0065,1.1984,1.2304,1.2989,1.242,High_Stable,50.0
C08819,L5,ADC,124.78,1.774,12.1839,13.819,17.0062,22.3583,1.2522,1.493,1.8292,2.5242,Latent_Defect,50.0
C08820,L5,FPGA,125.17,1.093,11.4916,12.0921,13.1995,13.9721,1.1701,1.2931,1.4514,1.4478,Normal,50.0
C08821,L5,FPGA,125.74,1.086,11.171,11.7289,11.8738,12.6031,1.1944,1.2444,1.2572,1.3495,Normal,50.0
C08822,L5,DAC,123.75,1.804,11.7071,12.8077,13.7499,14.9077,1.1549,1.4037,1.5074,1.5679,Normal,50.0
C08823,L5,ASIC,125.27,1.179,11.6507,11.7467,11.5285,11.4388,1.2375,1.1959,1.1986,1.1984,High_Stable,50.0
C08824,L5,DAC,126.17,1.792,12.0891,13.1148,13.4144,14.5438,1.2559,1.4053,1.4559,1.5103,Normal,50.0
C08825,L5,DAC,126.43,1.786,12.3013,12.36,12.3811,12.626,1.2915,1.3463,1.3554,1.3335,High_Stable,50.0
C08826,L5,DAC,125.15,1.79,11.6651,12.5328,13.5152,14.5686,1.226,1.3264,1.431,1.5599,Normal,50.0
C08827,L5,ASIC,124.32,1.202,11.1301,12.4116,13.3186,13.7597,1.1654,1.314,1.4361,1.4522,Normal,50.0
C08828,L5,ADC,125.7,1.791,11.726,11.6226,11.6024,11.7733,1.2143,1.2225,1.2071,1.2535,High_Stable,50.0
C08829,L5,ADC,122.8,1.783,11.1794,12.1845,12.5735,13.1792,1.1597,1.2489,1.3094,1.3725,Normal,50.0
C08830,L5,DAC,126.83,1.796,11.9861,12.6015,13.1655,14.4392,1.2265,1.3406,1.4258,1.4848,Normal,50.0
C08831,L5,FPGA,124.45,1.09,12.1117,12.1548,12.4447,12.4688,1.2902,1.3162,1.2827,1.3325,High_Stable,50.0
C08832,L5,ASIC,125.26,1.197,10.8699,12.1948,15.6448,22.895,1.1388,1.2809,1.6622,2.6162,Latent_Defect,50.0
C08833,L5,ADC,124.84,1.824,11.6743,12.4923,13.6549,14.9598,1.2125,1.2966,1.455,1.5844,Normal,50.0
C08834,L5,ASIC,124.83,1.209,11.7248,13.247,15.5736,20.0923,1.2519,1.4568,1.6795,2.2227,Latent_Defect,50.0
C08835,L5,FPGA,124.12,1.092,10.7163,11.3839,11.8452,12.7241,1.1082,1.1856,1.23,1.3555,Normal,50.0
C08836,L5,ADC,125.45,1.797,12.6794,14.478,18.9356,25.5895,1.3102,1.5372,2.0529,2.97,Latent_Defect,50.0
C08837,L5,ADC,125.44,1.815,11.701,13.2467,19.699,61.772,1.2351,1.38,2.2087,8.8898,Absolute_Failure,50.0
C08838,L5,FPGA,125.53,1.105,11.5545,12.7102,17.5574,57.1608,1.2182,1.3729,1.8876,8.0686,Absolute_Failure,50.0
C08839,L5,ADC,124.04,1.799,11.1654,11.4605,14.9575,55.9509,1.1263,1.188,1.6255,7.872,Absolute_Failure,50.0
C08840,L5,ASIC,125.22,1.187,11.7976,12.1716,12.6693,13.481,1.2094,1.2115,1.3168,1.4096,Normal,50.0
C08841,L5,ASIC,125.4,1.201,11.4841,14.0626,21.3069,60.7976,1.1801,1.5115,2.3765,8.7002,Absolute_Failure,50.0
C08842,L5,ADC,125.1,1.798,11.6388,12.636,15.9934,22.2858,1.2257,1.3551,1.7023,2.5181,Latent_Defect,50.0
C08843,L5,DAC,125.71,1.824,11.6711,12.2156,12.7993,13.9345,1.2392,1.2702,1.3184,1.446,Normal,50.0
C08844,L5,DAC,125.76,1.775,11.9818,13.4272,14.6659,38.8002,1.2444,1.4152,1.6114,4.8961,Sudden_Anomaly,50.0
C08845,L5,ASIC,124.3,1.187,11.1262,13.2491,17.5107,22.1289,1.1853,1.4197,1.873,2.5141,Latent_Defect,50.0
C08846,L5,DAC,126.34,1.808,12.163,13.5829,16.0742,23.7661,1.2884,1.4258,1.7274,2.7348,Latent_Defect,50.0
C08847,L5,ASIC,124.59,1.202,11.285,11.5508,12.7107,13.5259,1.1916,1.2309,1.3549,1.4503,Normal,50.0
C08848,L5,DAC,126.58,1.797,11.8723,12.8744,15.3311,52.7034,1.2646,1.336,1.6056,7.2243,Absolute_Failure,50.0
C08849,L5,ASIC,126.33,1.151,11.5614,12.7757,13.5243,14.5324,1.2276,1.3421,1.4225,1.529,Normal,50.0
C08850,L5,ASIC,125.02,1.192,10.6564,11.7169,12.2345,12.8904,1.1273,1.2301,1.2774,1.3484,Normal,50.0
C08851,L5,ASIC,125.05,1.196,10.8563,11.2752,11.8731,12.326,1.1362,1.1633,1.233,1.2645,Normal,50.0
C08852,L5,ASIC,124.39,1.186,11.4018,12.0233,12.7045,13.3184,1.2119,1.2583,1.3471,1.42,Normal,50.0
C08853,L5,ASIC,125.2,1.194,11.1221,11.7965,12.6325,13.9914,1.1764,1.2194,1.2907,1.4815,Normal,50.0
C08854,L5,DAC,125.01,1.819,12.2825,13.065,13.9073,14.7575,1.3416,1.3737,1.5038,1.5492,Normal,50.0
C08855,L5,DAC,125.62,1.813,11.7932,13.7086,19.1551,52.0821,1.2354,1.5004,2.1154,7.1134,Absolute_Failure,50.0
C08856,L5,ASIC,123.81,1.187,11.8666,12.2598,12.2051,12.2002,1.2584,1.276,1.2283,1.2898,High_Stable,50.0
C08857,L5,ASIC,125.18,1.199,11.9907,12.7848,13.9702,14.6061,1.1749,1.4089,1.4845,1.5879,Normal,50.0
C08858,L5,DAC,125.75,1.795,12.2872,13.3,13.3417,14.0138,1.3045,1.3955,1.4229,1.4851,Normal,50.0
C08859,L5,FPGA,124.57,1.091,11.3787,11.8893,12.258,12.2051,1.1731,1.2448,1.3077,1.3448,Normal,50.0
C08860,L5,ADC,125.04,1.776,11.6006,12.2032,13.3511,13.3226,1.1779,1.3136,1.3865,1.4249,Normal,50.0
C08861,L5,ADC,126.41,1.823,11.2498,12.2988,12.6989,13.2183,1.1387,1.3339,1.2889,1.3786,Normal,50.0
C08862,L5,ADC,124.82,1.792,11.6936,12.3795,14.638,40.5574,1.1926,1.3065,1.5657,5.1744,Sudden_Anomaly,50.0
C08863,L5,ASIC,125.33,1.194,11.5395,11.9353,13.0581,14.0667,1.2304,1.2278,1.385,1.509,Normal,50.0
C08864,L5,ASIC,125.42,1.224,11.4625,11.7474,12.9183,13.6613,1.16,1.2575,1.3075,1.4258,Normal,50.0
C08865,L5,FPGA,124.67,1.115,11.7141,13.0209,17.5782,22.5606,1.2155,1.3411,1.9195,2.568,Latent_Defect,50.0
C08866,L5,ADC,124.69,1.805,11.0879,12.9091,22.0395,52.4463,1.1325,1.3584,2.448,7.1958,Absolute_Failure,50.0
C08867,L5,DAC,125.13,1.811,12.536,12.7526,13.2466,14.4822,1.3667,1.3479,1.4014,1.5471,Normal,50.0
C08868,L5,ADC,123.45,1.809,11.8617,13.0182,17.8076,24.8402,1.2518,1.3711,1.9593,2.8828,Latent_Defect,50.0
C08869,L5,ADC,125.74,1.822,12.3558,12.634,12.522,12.5969,1.2635,1.3184,1.2979,1.3229,High_Stable,50.0
C08870,L5,ASIC,124.36,1.185,11.3691,12.8142,13.8652,42.1276,1.1778,1.3871,1.4839,5.4455,Sudden_Anomaly,50.0
C08871,L5,ASIC,125.64,1.183,11.6053,11.9621,12.4168,12.6238,1.2174,1.2446,1.323,1.3267,High_Stable,50.0
C08872,L5,DAC,126.73,1.813,11.8837,12.7471,14.1714,14.9671,1.2623,1.2889,1.4598,1.5977,Normal,50.0
C08873,L5,FPGA,124.92,1.091,11.3429,12.4873,13.7522,15.0871,1.1607,1.308,1.4716,1.5991,Normal,50.0
C08874,L5,ADC,125.55,1.779,10.9426,11.8395,12.6968,13.3787,1.105,1.2377,1.323,1.4067,Normal,50.0
C08875,L5,ADC,125.4,1.804,11.8996,12.1429,12.2315,12.4152,1.2682,1.2739,1.3044,1.2967,High_Stable,50.0
C08876,L5,DAC,124.62,1.773,11.7932,12.8587,13.0863,13.0438,1.2574,1.3608,1.3751,1.376,Normal,50.0
C08877,L5,ADC,124.83,1.811,11.6686,13.5006,16.7925,21.353,1.2233,1.3968,1.8097,2.3522,Latent_Defect,50.0
C08878,L5,DAC,124.91,1.815,12.1492,13.2546,13.7972,14.6506,1.2858,1.3949,1.4879,1.5274,Normal,50.0
C08879,L5,ASIC,124.9,1.187,11.7175,11.7423,11.8448,11.7867,1.1915,1.2708,1.2458,1.2754,High_Stable,50.0
C08880,L5,ASIC,123.58,1.205,11.2817,12.1241,12.5682,13.5875,1.1782,1.2965,1.3357,1.3901,Normal,50.0
C08881,L5,FPGA,124.59,1.11,11.5317,12.2168,12.923,13.0826,1.2074,1.3182,1.3678,1.338,Normal,50.0
C08882,L5,DAC,124.05,1.786,11.6506,12.5573,15.1985,36.3545,1.2235,1.3343,1.6546,4.469,Sudden_Anomaly,50.0
C08883,L5,FPGA,126.2,1.103,10.8595,11.9778,12.7702,14.0303,1.1204,1.2809,1.3382,1.5266,Normal,50.0
C08884,L5,FPGA,123.39,1.113,12.2695,12.19,12.3599,12.8477,1.298,1.2293,1.3042,1.3645,High_Stable,50.0
C08885,L5,FPGA,123.23,1.088,12.0156,12.6735,13.3498,14.4493,1.2461,1.3169,1.4255,1.5751,Normal,50.0
C08886,L5,ASIC,125.34,1.187,11.6067,12.8759,14.0367,29.1604,1.2351,1.3919,1.4846,3.4466,Sudden_Anomaly,50.0
C08887,L5,DAC,125.75,1.814,12.5736,13.1258,14.2484,15.3636,1.3592,1.4142,1.4827,1.6839,Normal,50.0
C08888,L5,FPGA,126.46,1.075,11.7843,12.5367,12.8269,13.4574,1.2033,1.3113,1.3729,1.4149,Normal,50.0
C08889,L5,DAC,124.02,1.773,11.7035,12.9739,13.7357,14.7199,1.1923,1.3684,1.4263,1.55,Normal,50.0
C08890,L5,ASIC,125.23,1.211,11.1723,13.2382,18.4821,61.7396,1.1519,1.4121,2.0429,8.8892,Absolute_Failure,50.0
C08891,L5,ASIC,124.67,1.172,11.241,11.8089,14.15,31.3278,1.1917,1.2339,1.4624,3.7616,Sudden_Anomaly,50.0
C08892,L5,FPGA,124.71,1.109,11.2483,12.0012,13.4883,32.7821,1.1539,1.2766,1.3737,3.967,Sudden_Anomaly,50.0
C08893,L5,ASIC,123.9,1.226,11.4511,11.884,12.8035,13.9453,1.1869,1.201,1.3503,1.5183,Normal,50.0
C08894,L5,ADC,124.7,1.768,13.1439,13.2205,13.4196,13.2896,1.4149,1.4081,1.4368,1.3931,High_Stable,50.0
C08895,L5,DAC,126.27,1.789,11.9986,13.1924,13.5118,15.0388,1.274,1.3978,1.3868,1.6263,Normal,50.0
C08896,L5,DAC,123.91,1.826,11.5516,12.4904,12.6901,13.4626,1.2124,1.3088,1.3147,1.3866,Normal,50.0
C08897,L5,ADC,125.49,1.791,11.7613,12.3702,13.4132,14.5764,1.2254,1.2531,1.4617,1.5253,Normal,50.0
C08898,L5,ASIC,124.1,1.194,11.8415,12.2788,12.4599,12.6814,1.2087,1.288,1.278,1.3289,High_Stable,50.0
C08899,L5,ADC,123.8,1.786,11.6504,13.8551,24.2547,55.664,1.2134,1.4767,2.7643,7.7968,Absolute_Failure,50.0
C08900,L5,FPGA,125.03,1.123,11.8,12.759,13.3631,13.4641,1.2408,1.3451,1.4381,1.3816,Normal,50.0
C08901,L5,ASIC,124.42,1.167,11.1412,12.0843,12.6228,13.6167,1.1357,1.2735,1.3707,1.4627,Normal,50.0
C08902,L5,ASIC,126.33,1.187,11.9865,12.0167,12.3547,12.1972,1.2813,1.2007,1.3059,1.2514,High_Stable,50.0
C08903,L5,DAC,124.73,1.803,12.4473,12.9643,14.296,34.5863,1.3449,1.3852,1.535,4.2985,Sudden_Anomaly,50.0
C08904,L5,DAC,125.71,1.79,11.8731,12.4505,13.4714,13.4852,1.236,1.2877,1.45,1.4336,Normal,50.0
C08905,L5,ADC,124.92,1.8,11.6887,12.6142,13.3015,14.411,1.2413,1.3365,1.425,1.5288,Normal,50.0
C08906,L5,ASIC,124.87,1.208,11.0978,11.5622,12.5382,31.9887,1.0973,1.2125,1.3134,3.8311,Sudden_Anomaly,50.0
C08907,L5,FPGA,126.49,1.105,12.0935,13.1572,13.9063,15.9057,1.2868,1.3773,1.5904,1.7014,Normal,50.0
C08908,L5,FPGA,124.92,1.093,11.5622,12.8443,14.6057,16.2198,1.1996,1.3363,1.581,1.7457,Normal,50.0
C08909,L5,FPGA,124.29,1.097,11.7289,13.0814,15.0308,37.1334,1.2255,1.4009,1.5771,4.6699,Sudden_Anomaly,50.0
C08910,L5,ASIC,123.8,1.221,11.7035,13.5315,17.9774,54.651,1.2678,1.4355,2.0308,7.5312,Absolute_Failure,50.0
C08911,L5,FPGA,124.95,1.082,11.0625,13.0175,17.2981,23.3929,1.1412,1.3436,1.8693,2.6922,Latent_Defect,50.0
C08912,L5,ADC,125.45,1.793,12.3758,13.0986,13.6834,14.6527,1.2698,1.3911,1.4279,1.5988,Normal,50.0
C08913,L5,ASIC,125.17,1.202,11.9073,12.6556,15.1299,32.3048,1.2354,1.3138,1.6243,3.8858,Sudden_Anomaly,50.0
C08914,L5,DAC,126.19,1.809,11.5126,11.9199,12.9126,13.4145,1.1887,1.2263,1.3478,1.3531,Normal,50.0
C08915,L5,ASIC,127.01,1.228,11.7423,12.0921,12.4457,12.7956,1.2224,1.2697,1.3203,1.3531,Normal,50.0
C08916,L5,ASIC,124.53,1.201,11.1819,12.415,16.7829,50.4769,1.1866,1.3157,1.7904,6.8242,Absolute_Failure,50.0
C08917,L5,ASIC,125.44,1.21,11.6115,14.1876,20.1073,50.1897,1.2134,1.459,2.2259,6.7664,Absolute_Failure,50.0
C08918,L5,FPGA,124.57,1.108,11.7117,12.817,13.5441,14.7542,1.2436,1.3515,1.4159,1.5479,Normal,50.0
C08919,L5,DAC,125.22,1.8,11.6258,11.8921,13.0293,14.3452,1.2188,1.2634,1.3609,1.5802,Normal,50.0
C08920,L5,ADC,124.43,1.802,12.5144,13.9985,16.7312,23.6239,1.2707,1.5183,1.8088,2.6709,Latent_Defect,50.0
C08921,L5,DAC,125.41,1.813,12.2433,12.9873,13.9729,14.7589,1.2816,1.385,1.45,1.6096,Normal,50.0
C08922,L5,ASIC,124.02,1.183,11.9471,13.7724,15.9462,23.1134,1.2845,1.4706,1.6827,2.6317,Latent_Defect,50.0
C08923,L5,ASIC,123.89,1.193,11.5255,13.1392,19.8944,50.677,1.1754,1.389,2.2124,6.8932,Absolute_Failure,50.0
C08924,L5,FPGA,124.67,1.115,11.302,12.0277,12.5099,14.041,1.2046,1.2541,1.2476,1.5325,Normal,50.0
C08925,L5,FPGA,126.22,1.063,12.1699,13.1922,13.5448,15.0423,1.2613,1.4117,1.4246,1.6063,Normal,50.0
C08926,L5,ASIC,123.93,1.194,11.1708,12.3479,13.4939,13.8207,1.1725,1.3128,1.4552,1.4656,Normal,50.0
C08927,L5,ADC,125.34,1.791,11.4089,11.7681,12.7039,13.393,1.1725,1.2014,1.3573,1.4213,Normal,50.0
C08928,L5,DAC,124.82,1.795,11.4883,11.9334,12.4676,12.8187,1.2308,1.2738,1.3036,1.3583,Normal,50.0
C08929,L5,DAC,125.05,1.811,11.8271,12.8675,13.8527,14.5272,1.2159,1.3541,1.4953,1.5222,Normal,50.0
C08930,L5,DAC,125.11,1.797,12.3589,12.5102,13.5067,14.4338,1.2909,1.2998,1.4413,1.5623,Normal,50.0
C08931,L5,ASIC,125.35,1.213,12.1896,12.5384,12.9948,13.7917,1.2715,1.2514,1.4012,1.46,Normal,50.0
C08932,L5,FPGA,125.29,1.098,11.4584,12.2117,13.1377,13.9033,1.1749,1.2942,1.4137,1.4233,Normal,50.0
C08933,L5,DAC,125.51,1.79,12.3062,13.9173,16.1277,39.0311,1.2847,1.4803,1.7558,4.9504,Sudden_Anomaly,50.0
C08934,L5,ASIC,125.27,1.2,12.4234,13.8345,16.5649,22.4453,1.2537,1.5009,1.7888,2.5397,Latent_Defect,50.0
C08935,L5,DAC,123.98,1.784,12.2701,12.8792,14.2777,15.9115,1.2952,1.3372,1.5263,1.6962,Normal,50.0
C08936,L5,FPGA,126.44,1.097,11.9747,12.2711,12.5437,13.4062,1.2696,1.3414,1.2968,1.4473,Normal,50.0
C08937,L5,ASIC,124.71,1.215,12.1078,13.0567,17.4777,50.943,1.2711,1.3501,1.9245,6.9399,Absolute_Failure,50.0
C08938,L5,DAC,125.06,1.794,12.049,13.1301,13.5743,13.8963,1.2268,1.3671,1.3922,1.4675,Normal,50.0
C08939,L5,ADC,124.81,1.78,12.5779,14.3177,22.7528,61.631,1.3183,1.5495,2.6082,8.8807,Absolute_Failure,50.0
C08940,L5,ASIC,125.3,1.203,11.636,12.6115,12.9654,14.3721,1.2304,1.2984,1.3951,1.4769,Normal,50.0
C08941,L5,ADC,124.85,1.762,12.2024,12.8209,17.4436,21.2348,1.2398,1.3388,1.9011,2.3847,Latent_Defect,50.0
C08942,L5,FPGA,125.1,1.095,11.2726,11.792,12.1379,13.4664,1.1095,1.1899,1.2666,1.442,Normal,50.0
C08943,L5,ADC,123.82,1.807,11.6554,12.3883,13.1685,13.9633,1.2251,1.3136,1.353,1.5086,Normal,50.0
C08944,L5,FPGA,126.29,1.104,11.3814,13.3784,22.5299,53.2532,1.2197,1.4657,2.5359,7.3136,Absolute_Failure,50.0
C08945,L5,FPGA,125.59,1.096,11.7002,12.7422,13.1705,14.3279,1.2036,1.3634,1.391,1.5703,Normal,50.0
C08946,L5,ADC,124.63,1.776,11.432,11.8618,13.0648,13.7882,1.1567,1.2337,1.3562,1.4666,Normal,50.0
C08947,L5,ADC,125.77,1.769,11.2447,12.5172,12.8681,14.0812,1.1507,1.3422,1.3322,1.4753,Normal,50.0
C08948,L5,DAC,125.73,1.789,11.8668,12.0275,12.878,14.3515,1.281,1.2483,1.3493,1.5292,Normal,50.0
C08949,L5,ASIC,125.99,1.218,11.1436,12.2975,12.5655,13.0936,1.1364,1.2694,1.3482,1.4118,Normal,50.0
C08950,L5,ASIC,124.55,1.199,11.8361,11.8663,12.0733,11.9298,1.2797,1.2317,1.2836,1.2811,High_Stable,50.0
C08951,L5,ASIC,125.37,1.232,10.7078,11.6678,14.0461,41.6692,1.1813,1.1967,1.5016,5.3346,Sudden_Anomaly,50.0
C08952,L5,ADC,124.91,1.774,11.1826,12.3871,13.1692,14.0167,1.1509,1.3561,1.4216,1.5042,Normal,50.0
C08953,L5,FPGA,125.28,1.085,10.8979,11.8878,12.7054,34.9985,1.1359,1.2411,1.3011,4.2936,Sudden_Anomaly,50.0
C08954,L5,ADC,126.74,1.809,12.4066,12.667,13.6725,14.5651,1.304,1.3267,1.455,1.5703,Normal,50.0
C08955,L5,FPGA,125.85,1.087,11.1097,12.2968,13.3974,13.9386,1.152,1.3126,1.4333,1.4642,Normal,50.0
C08956,L5,FPGA,127.33,1.081,10.8437,12.5204,17.1893,53.6741,1.1396,1.3279,1.9037,7.3995,Absolute_Failure,50.0
C08957,L5,FPGA,125.32,1.087,11.284,12.4699,13.6472,14.2568,1.1812,1.3692,1.4498,1.5177,Normal,50.0
C08958,L5,ADC,124.18,1.802,11.5669,12.6059,13.423,15.0607,1.2191,1.3046,1.3936,1.6451,Normal,50.0
C08959,L5,FPGA,124.52,1.099,10.8126,11.4726,12.4442,13.9701,1.0468,1.1561,1.326,1.4878,Normal,50.0
C08960,L5,DAC,126.04,1.783,11.388,11.647,11.5063,11.4841,1.1612,1.1962,1.1608,1.2153,High_Stable,50.0
C08961,L5,DAC,126.25,1.786,12.0395,13.1691,13.5663,14.6151,1.2407,1.4454,1.4315,1.5551,Normal,50.0
C08962,L5,FPGA,126.86,1.095,12.2974,12.2187,12.2469,12.1428,1.3103,1.2796,1.2936,1.2847,High_Stable,50.0
C08963,L5,ASIC,123.1,1.217,11.5874,12.017,13.5213,30.043,1.1987,1.2601,1.4196,3.5495,Sudden_Anomaly,50.0
C08964,L5,ADC,124.54,1.808,11.2701,12.5759,18.99,61.7478,1.1735,1.341,2.1133,8.891,Absolute_Failure,50.0
C08965,L5,ADC,124.91,1.804,12.0196,12.3724,13.096,14.2418,1.2241,1.3091,1.3662,1.5513,Normal,50.0
C08966,L5,DAC,124.25,1.813,12.1587,13.3879,17.1271,56.0684,1.3001,1.4033,1.842,7.8232,Absolute_Failure,50.0
C08967,L5,ADC,125.75,1.795,11.993,13.0295,13.8582,14.9778,1.2603,1.3936,1.4889,1.5847,Normal,50.0
C08968,L5,DAC,124.34,1.803,12.1302,13.2247,13.9581,15.0966,1.2655,1.3638,1.5035,1.6373,Normal,50.0
C08969,L5,FPGA,124.37,1.113,11.4964,12.8024,17.4311,52.2398,1.1848,1.338,1.9363,7.1441,Absolute_Failure,50.0
C08970,L5,FPGA,126.23,1.112,11.1527,12.0826,12.7696,13.6245,1.1769,1.2322,1.3932,1.4418,Normal,50.0
C08971,L5,ASIC,125.66,1.184,11.0196,10.9473,11.1676,10.8311,1.0941,1.1126,1.1585,1.084,High_Stable,50.0
C08972,L5,FPGA,125.92,1.076,11.7432,12.3105,13.0037,13.865,1.2248,1.3118,1.3991,1.4793,Normal,50.0
C08973,L5,FPGA,124.59,1.106,11.7863,12.8122,12.9613,13.8586,1.174,1.34,1.3394,1.4265,Normal,50.0
C08974,L5,ADC,124.54,1.827,11.9245,12.7592,13.2598,13.6612,1.2533,1.3605,1.3922,1.4393,Normal,50.0
C08975,L5,ASIC,125.28,1.219,11.627,11.7718,12.407,12.7324,1.2087,1.2112,1.3058,1.3548,Normal,50.0
C08976,L5,ADC,124.26,1.8,11.4168,12.597,13.8684,14.7225,1.1403,1.3246,1.513,1.578,Normal,50.0
C08977,L5,ADC,123.39,1.775,11.6625,12.1806,13.0381,13.6301,1.2119,1.2543,1.3455,1.4107,Normal,50.0
C08978,L5,ADC,124.56,1.805,11.5596,12.0812,12.2457,13.5334,1.1988,1.2598,1.267,1.3893,Normal,50.0
C08979,L5,ASIC,124.77,1.196,11.0759,11.8406,12.2783,13.4075,1.0787,1.2866,1.3271,1.3783,Normal,50.0
C08980,L5,DAC,124.58,1.778,11.9516,13.312,14.9984,29.9952,1.2398,1.4093,1.6515,3.5709,Sudden_Anomaly,50.0
C08981,L5,ADC,124.46,1.792,11.4601,11.7163,12.1667,13.541,1.1621,1.2218,1.2746,1.4985,Normal,50.0
C08982,L5,DAC,125.62,1.778,11.2715,12.4251,13.1763,13.3392,1.1804,1.3154,1.4015,1.4269,Normal,50.0
C08983,L5,DAC,125.21,1.788,11.0713,11.8169,12.9496,13.6469,1.147,1.2434,1.4122,1.4439,Normal,50.0
C08984,L5,FPGA,124.94,1.1,11.5019,12.1849,12.4686,13.3126,1.1529,1.2877,1.2648,1.3713,Normal,50.0
C08985,L5,ASIC,126.11,1.211,11.664,12.8801,13.4605,14.2964,1.1979,1.3487,1.4192,1.5145,Normal,50.0
C08986,L5,ADC,124.21,1.789,11.5692,12.3369,13.2548,13.7165,1.2042,1.2965,1.3908,1.4527,Normal,50.0
C08987,L5,FPGA,125.24,1.112,10.9734,12.7093,19.1319,56.7581,1.1187,1.327,2.0769,7.942,Absolute_Failure,50.0
C08988,L5,ASIC,124.24,1.191,11.6605,13.1396,15.0579,20.6286,1.2018,1.3195,1.5994,2.3239,Latent_Defect,50.0
C08989,L5,DAC,123.99,1.807,12.005,12.5678,13.3098,14.5862,1.2451,1.3127,1.3373,1.56,Normal,50.0
C08990,L5,DAC,123.69,1.787,12.3224,13.671,15.6797,29.3289,1.2727,1.3956,1.6863,3.4493,Sudden_Anomaly,50.0
C08991,L5,ADC,123.65,1.827,12.0448,12.6522,13.6084,14.1868,1.2659,1.3569,1.4254,1.5124,Normal,50.0
C08992,L5,FPGA,125.43,1.099,11.5302,12.5504,13.5727,14.5576,1.1743,1.3343,1.4523,1.5661,Normal,50.0
C08993,L5,ASIC,124.16,1.231,11.5413,12.5516,14.902,41.6721,1.1648,1.2809,1.5806,5.3453,Sudden_Anomaly,50.0
C08994,L5,DAC,125.3,1.797,11.7945,11.9897,11.9933,12.3192,1.232,1.2223,1.2727,1.3431,High_Stable,50.0
C08995,L5,ASIC,125.01,1.198,11.3778,12.3207,12.9158,13.9421,1.2058,1.312,1.389,1.4829,Normal,50.0
C08996,L5,FPGA,124.41,1.092,11.7474,13.9946,20.5957,56.4321,1.2247,1.453,2.3257,7.9253,Absolute_Failure,50.0
C08997,L5,FPGA,125.89,1.111,11.6649,13.0832,15.717,57.5519,1.2134,1.3721,1.6986,8.1419,Absolute_Failure,50.0
C08998,L5,FPGA,125.06,1.114,12.1375,12.4304,12.7244,12.8661,1.2785,1.3114,1.3641,1.3408,High_Stable,50.0
C08999,L5,ADC,123.78,1.779,11.5398,12.3501,13.6001,14.6728,1.1736,1.2439,1.4382,1.5408,Normal,50.0
C09000,L5,ASIC,125.45,1.192,11.4618,11.9685,13.1001,14.6421,1.2075,1.2407,1.3781,1.5385,Normal,50.0
C09001,L5,ASIC,124.84,1.199,11.3107,12.197,12.8791,13.7769,1.2027,1.3228,1.3229,1.4928,Normal,50.0
C09002,L5,FPGA,125.4,1.122,11.2443,12.5278,13.3213,14.754,1.1356,1.3134,1.3914,1.5636,Normal,50.0
C09003,L5,ASIC,124.4,1.187,11.2069,12.9629,17.3878,61.0229,1.1401,1.3354,1.8723,8.7906,Absolute_Failure,50.0
C09004,L5,ADC,125.26,1.779,12.4125,13.7651,16.2233,33.912,1.356,1.4568,1.7274,4.1342,Sudden_Anomaly,50.0
C09005,L5,ASIC,124.75,1.191,11.2405,12.3018,12.7016,13.8565,1.1886,1.2841,1.3694,1.4874,Normal,50.0
C09006,L5,FPGA,126.4,1.103,11.682,12.462,13.2295,14.225,1.2663,1.3534,1.4139,1.5195,Normal,50.0
C09007,L5,DAC,124.61,1.8,12.0268,12.8247,13.0337,13.4941,1.2626,1.3214,1.3721,1.4139,Normal,50.0
C09008,L5,DAC,125.34,1.811,11.9936,12.9712,13.5819,13.8338,1.2782,1.3537,1.3972,1.4559,Normal,50.0
C09009,L5,FPGA,126.0,1.116,11.4063,12.3675,12.59,14.2387,1.2289,1.3116,1.3125,1.5115,Normal,50.0
C09010,L5,DAC,123.77,1.803,12.3804,12.9574,13.4244,13.8214,1.2938,1.3624,1.4143,1.4788,Normal,50.0
C09011,L5,ADC,126.11,1.797,12.1066,12.4304,12.6333,12.4473,1.313,1.3058,1.317,1.2772,High_Stable,50.0
C09012,L5,DAC,125.61,1.798,11.7607,11.9931,12.7871,14.7722,1.209,1.2867,1.3319,1.545,Normal,50.0
C09013,L5,FPGA,126.15,1.104,12.4814,12.5552,12.6001,12.8343,1.3002,1.2907,1.3368,1.3278,High_Stable,50.0
C09014,L5,FPGA,126.31,1.094,11.8782,12.1734,12.4006,12.3722,1.2674,1.2797,1.31,1.2021,High_Stable,50.0
C09015,L5,FPGA,126.16,1.066,11.7572,12.9586,13.9547,14.5873,1.1993,1.3496,1.472,1.54,Normal,50.0
C09016,L5,ADC,124.64,1.809,11.8873,11.9506,11.8686,11.8867,1.2185,1.2318,1.2478,1.2782,High_Stable,50.0
C09017,L5,ADC,124.11,1.779,11.6746,12.2364,12.7714,13.1281,1.2126,1.292,1.3542,1.4171,Normal,50.0
C09018,L5,FPGA,124.93,1.105,11.5232,12.6299,17.1003,58.3552,1.2029,1.3163,1.8706,8.3164,Absolute_Failure,50.0
C09019,L5,FPGA,124.94,1.084,11.8282,13.1728,14.3005,15.5861,1.2092,1.3827,1.5753,1.6735,Normal,50.0
C09020,L5,FPGA,124.33,1.1,11.3235,11.614,12.3165,24.5459,1.1968,1.1458,1.3127,2.8045,Sudden_Anomaly,50.0
C09021,L5,ASIC,124.65,1.19,11.0654,12.1887,13.1331,14.1038,1.1206,1.2856,1.3821,1.4449,Normal,50.0
C09022,L5,ASIC,123.92,1.196,12.2524,12.6212,12.6322,12.4997,1.3292,1.3464,1.35,1.3314,High_Stable,50.0
C09023,L5,ASIC,125.19,1.188,11.228,11.8499,13.0565,13.7231,1.158,1.2463,1.3663,1.4259,Normal,50.0
C09024,L5,FPGA,124.03,1.103,11.323,11.5843,11.5643,11.7161,1.165,1.1935,1.2121,1.2167,High_Stable,50.0
C09025,L5,FPGA,124.99,1.136,11.357,12.1694,12.6465,13.6387,1.2055,1.3129,1.3131,1.4612,Normal,50.0
C09026,L5,FPGA,124.03,1.089,11.1824,12.4996,13.3345,14.2906,1.1352,1.3535,1.4197,1.518,Normal,50.0
C09027,L5,ASIC,124.87,1.192,11.1953,11.3716,12.4216,13.2373,1.1497,1.1762,1.2926,1.4605,Normal,50.0
C09028,L5,FPGA,125.16,1.081,11.4479,12.5041,13.4484,14.7109,1.2194,1.3445,1.3589,1.555,Normal,50.0
C09029,L5,ASIC,124.39,1.187,11.9134,12.6651,13.8886,14.6837,1.2512,1.3564,1.465,1.5837,Normal,50.0
C09030,L5,ADC,124.26,1.787,11.1655,12.0217,12.8733,13.508,1.1853,1.2728,1.3287,1.4207,Normal,50.0
C09031,L5,ADC,122.01,1.802,12.2514,14.0841,20.1364,53.4706,1.2577,1.4903,2.2191,7.3821,Absolute_Failure,50.0
C09032,L5,ASIC,125.37,1.201,11.601,12.6161,13.7117,14.3436,1.1869,1.3265,1.419,1.5429,Normal,50.0
C09033,L5,FPGA,126.95,1.094,11.2862,12.0698,13.174,14.651,1.1971,1.2837,1.4037,1.5517,Normal,50.0
C09034,L5,ASIC,126.7,1.202,11.1327,12.2287,13.2823,15.0201,1.1752,1.2856,1.4103,1.6112,Normal,50.0
C09035,L5,ADC,124.48,1.797,12.161,12.7905,13.1853,13.9504,1.2574,1.3536,1.428,1.4952,Normal,50.0
C09036,L5,FPGA,126.28,1.093,12.7848,13.048,13.0911,13.2615,1.3454,1.3481,1.4015,1.4338,High_Stable,50.0
C09037,L5,ASIC,125.11,1.216,11.3978,12.2091,13.0319,14.0687,1.192,1.2925,1.3571,1.481,Normal,50.0
C09038,L5,ADC,123.85,1.792,12.2276,12.3298,12.2559,12.5108,1.2726,1.2719,1.3081,1.3535,High_Stable,50.0
C09039,L5,DAC,125.84,1.793,10.9418,11.7565,12.6169,13.0927,1.1647,1.2166,1.315,1.3707,Normal,50.0
C09040,L5,ASIC,126.47,1.186,11.5478,11.8335,12.3268,13.4421,1.2418,1.2653,1.2883,1.411,Normal,50.0
C09041,L5,ASIC,125.45,1.213,11.8114,13.0679,16.9245,52.7752,1.168,1.3722,1.8515,7.2027,Absolute_Failure,50.0
C09042,L5,ADC,124.12,1.805,11.6942,12.5332,13.1164,14.4986,1.2097,1.2889,1.3751,1.5319,Normal,50.0
C09043,L5,ASIC,125.04,1.211,12.1567,12.3322,12.2189,12.0142,1.287,1.2999,1.2505,1.2646,High_Stable,50.0
C09044,L5,ASIC,125.55,1.194,11.1822,12.2297,12.5971,13.1945,1.1724,1.2851,1.2639,1.3981,Normal,50.0
C09045,L5,FPGA,125.32,1.121,12.2393,13.1043,13.5588,13.5654,1.3175,1.361,1.4735,1.4174,Normal,50.0
C09046,L5,ADC,124.11,1.779,11.6455,13.667,21.3241,57.5527,1.1776,1.4801,2.378,8.074,Absolute_Failure,50.0
C09047,L5,ADC,124.19,1.815,11.6272,13.39,18.0205,56.3056,1.2037,1.4041,1.9565,7.8344,Absolute_Failure,50.0
C09048,L5,FPGA,125.96,1.099,11.7576,12.3307,12.6139,13.9038,1.2487,1.2444,1.3033,1.4669,Normal,50.0
C09049,L5,ASIC,125.04,1.197,12.697,13.8736,17.3506,21.9109,1.3267,1.4876,1.8805,2.4696,Latent_Defect,50.0
C09050,L5,FPGA,125.53,1.104,12.2861,12.2458,12.5213,12.2645,1.2754,1.3012,1.2806,1.2666,High_Stable,50.0
C09051,L5,FPGA,126.72,1.093,11.4906,12.6169,13.5887,14.5913,1.1919,1.2899,1.4069,1.5323,Normal,50.0
C09052,L5,ADC,124.48,1.809,12.034,12.8791,15.091,38.8387,1.2832,1.323,1.5785,4.9101,Sudden_Anomaly,50.0
C09053,L5,DAC,126.23,1.791,12.385,12.7014,13.258,13.3313,1.3206,1.3253,1.4151,1.4213,Normal,50.0
C09054,L5,ADC,125.12,1.811,11.9422,13.0978,13.2929,13.8312,1.2633,1.3756,1.4175,1.4809,Normal,50.0
C09055,L5,ADC,124.11,1.807,11.636,13.15,17.1169,23.8226,1.2248,1.4165,1.8599,2.7313,Latent_Defect,50.0
C09056,L5,FPGA,125.34,1.075,11.3235,12.5908,12.8763,13.8779,1.1932,1.3016,1.3491,1.4788,Normal,50.0
C09057,L5,ADC,125.69,1.819,11.7683,12.0326,13.5721,36.6972,1.2249,1.2393,1.4548,4.5793,Sudden_Anomaly,50.0
C09058,L5,FPGA,124.45,1.105,10.8499,12.5472,16.1496,23.5226,1.1255,1.3213,1.7262,2.6844,Latent_Defect,50.0
C09059,L5,FPGA,125.28,1.108,11.6166,11.7505,11.8448,12.216,1.2214,1.233,1.2457,1.3359,High_Stable,50.0
C09060,L5,ASIC,124.82,1.197,11.142,13.8892,23.2028,59.2776,1.1508,1.4646,2.6874,8.433,Absolute_Failure,50.0
C09061,L5,ASIC,126.11,1.236,11.4666,12.5176,13.8801,14.1727,1.2093,1.2619,1.4909,1.5063,Normal,50.0
C09062,L5,ADC,123.77,1.798,11.2939,12.248,12.9793,14.9766,1.1247,1.3183,1.3728,1.5953,Normal,50.0
C09063,L5,ADC,124.73,1.8,11.1205,12.2499,12.9184,13.734,1.1836,1.2937,1.3163,1.5018,Normal,50.0
C09064,L5,ASIC,123.89,1.225,11.6405,11.827,13.2544,14.3263,1.2147,1.2351,1.4123,1.5032,Normal,50.0
C09065,L5,ASIC,126.65,1.212,11.1244,12.0925,12.7725,13.208,1.1492,1.2499,1.3259,1.4064,Normal,50.0
C09066,L5,ASIC,124.57,1.188,10.6819,11.4372,11.9824,12.6407,1.0748,1.216,1.2389,1.2976,Normal,50.0
C09067,L5,FPGA,124.71,1.064,11.9712,12.3773,13.2053,14.3713,1.2541,1.2928,1.3872,1.5258,Normal,50.0
C09068,L5,ASIC,125.38,1.182,11.0068,11.4556,11.7633,12.4046,1.1341,1.2298,1.2219,1.3403,Normal,50.0
C09069,L5,ASIC,124.72,1.223,11.263,11.5239,11.7278,12.4195,1.2067,1.1902,1.2185,1.2888,Normal,50.0
C09070,L5,FPGA,125.05,1.105,10.8447,11.0511,12.5289,32.833,1.1089,1.1154,1.2789,3.9913,Sudden_Anomaly,50.0
C09071,L5,DAC,125.57,1.797,12.0362,13.5272,15.8179,42.9871,1.2592,1.4712,1.6767,5.5576,Sudden_Anomaly,50.0
C09072,L5,FPGA,125.49,1.12,12.3874,13.3554,14.2958,15.0917,1.3077,1.4259,1.526,1.5899,Normal,50.0
C09073,L5,FPGA,124.36,1.109,11.6569,11.9164,12.2104,12.3468,1.2454,1.2527,1.2518,1.2961,High_Stable,50.0
C09074,L5,ADC,124.21,1.792,11.7971,12.5631,13.0291,14.2442,1.2585,1.3304,1.3748,1.5261,Normal,50.0
C09075,L5,ADC,124.38,1.811,11.7633,12.8792,13.0562,14.4724,1.2828,1.3535,1.3447,1.5606,Normal,50.0
C09076,L5,FPGA,126.61,1.097,11.4933,12.0698,12.6388,13.2167,1.2079,1.257,1.4041,1.3993,Normal,50.0
C09077,L5,ADC,124.2,1.798,12.4263,14.0134,18.5377,25.7069,1.2972,1.4973,2.0559,2.9475,Latent_Defect,50.0
C09078,L5,DAC,123.81,1.808,12.0929,12.2261,12.1758,12.168,1.2809,1.2925,1.2713,1.2686,High_Stable,50.0
C09079,L5,ADC,125.36,1.806,11.7092,12.7856,14.1045,15.3487,1.2315,1.4043,1.4613,1.6149,Normal,50.0
C09080,L5,FPGA,124.21,1.106,11.4884,12.1398,13.0197,14.2278,1.2084,1.2494,1.3734,1.4651,Normal,50.0
C09081,L5,ADC,124.67,1.81,10.7458,11.1975,12.3856,13.1985,1.0741,1.2208,1.3043,1.3742,Normal,50.0
C09082,L5,FPGA,126.82,1.119,11.2161,12.2969,13.1672,14.1941,1.1859,1.2943,1.4172,1.5786,Normal,50.0
C09083,L5,FPGA,123.8,1.113,11.2583,11.4374,11.6575,11.647,1.1282,1.2101,1.1826,1.1867,High_Stable,50.0
C09084,L5,ASIC,124.62,1.167,11.2054,11.5218,12.5727,14.0883,1.1591,1.1857,1.285,1.4658,Normal,50.0
C09085,L5,DAC,125.61,1.803,11.7998,12.0775,12.4556,13.5473,1.219,1.293,1.3241,1.4234,Normal,50.0
C09086,L5,ADC,124.8,1.763,11.8083,12.0802,13.1898,14.4817,1.2101,1.2483,1.4203,1.5656,Normal,50.0
C09087,L5,FPGA,124.46,1.093,11.606,12.7639,13.1403,14.601,1.1863,1.3613,1.3831,1.5092,Normal,50.0
C09088,L5,FPGA,125.62,1.122,11.139,12.1692,15.4027,23.0182,1.1934,1.265,1.636,2.6125,Latent_Defect,50.0
C09089,L5,DAC,125.25,1.818,11.7995,11.9972,12.2147,12.7966,1.2158,1.2417,1.285,1.2984,Normal,50.0
C09090,L5,DAC,125.76,1.791,12.1218,12.4806,13.0866,13.6854,1.2854,1.3341,1.3626,1.4689,Normal,50.0
C09091,L5,ASIC,125.81,1.21,11.7459,12.7014,13.705,14.3775,1.192,1.3193,1.3866,1.5347,Normal,50.0
C09092,L5,ADC,125.35,1.804,11.5013,12.5624,15.3374,20.0446,1.2439,1.3667,1.6521,2.1888,Latent_Defect,50.0
C09093,L5,FPGA,125.57,1.115,11.6957,12.3263,12.9187,13.6557,1.2388,1.2921,1.3772,1.4419,Normal,50.0
C09094,L5,FPGA,125.57,1.096,11.5018,11.976,12.3643,13.1085,1.1586,1.2786,1.3086,1.3951,Normal,50.0
C09095,L5,ASIC,124.28,1.193,10.7731,11.3793,11.4327,11.7308,1.064,1.2119,1.1933,1.2131,Normal,50.0
C09096,L5,ASIC,126.08,1.198,11.1651,12.5005,15.7812,19.7245,1.1796,1.3384,1.6982,2.1633,Latent_Defect,50.0
C09097,L5,FPGA,126.39,1.108,12.228,12.309,13.5735,13.6679,1.264,1.2897,1.4366,1.4858,Normal,50.0
C09098,L5,ASIC,123.27,1.189,12.0182,12.5814,13.1908,13.8421,1.1943,1.3095,1.3777,1.4503,Normal,50.0
C09099,L5,FPGA,125.97,1.1,11.0588,12.3174,12.873,14.9489,1.2062,1.2581,1.3275,1.5947,Normal,50.0
C09100,L5,ASIC,126.09,1.207,11.8511,12.0985,12.2607,12.4,1.2231,1.2256,1.278,1.307,High_Stable,50.0
C09101,L5,DAC,124.78,1.794,12.2123,12.4217,12.9566,13.6834,1.2407,1.3155,1.341,1.4144,Normal,50.0
C09102,L5,ASIC,124.86,1.207,11.5598,12.2825,13.1263,13.839,1.1858,1.3122,1.4354,1.4721,Normal,50.0
C09103,L5,ADC,124.22,1.817,11.2227,13.3445,18.9857,51.1257,1.2054,1.3985,2.0558,6.9499,Absolute_Failure,50.0
C09104,L5,ASIC,124.44,1.217,10.9788,11.7242,12.1798,12.5991,1.1278,1.2279,1.3317,1.3804,Normal,50.0
C09105,L5,ADC,125.62,1.799,11.4422,11.6342,11.9798,11.493,1.1989,1.2103,1.2193,1.2491,High_Stable,50.0
C09106,L5,ADC,126.43,1.804,11.9452,12.4096,13.9408,14.4836,1.2407,1.3002,1.4382,1.5387,Normal,50.0
C09107,L5,DAC,125.45,1.816,11.7787,14.5775,23.707,54.3755,1.2042,1.5468,2.7084,7.5183,Absolute_Failure,50.0
C09108,L5,DAC,124.9,1.816,12.3976,14.6719,22.583,53.3097,1.3219,1.5889,2.5467,7.3306,Absolute_Failure,50.0
C09109,L5,ASIC,124.41,1.236,11.9869,12.7474,12.9452,13.7202,1.2683,1.2974,1.3332,1.451,Normal,50.0
C09110,L5,ASIC,125.87,1.208,11.3623,11.5174,11.5018,11.6686,1.206,1.1993,1.1659,1.2367,High_Stable,50.0
C09111,L5,DAC,124.37,1.832,12.2033,12.2666,12.5406,12.9329,1.2733,1.2798,1.3251,1.358,High_Stable,50.0
C09112,L5,ASIC,125.77,1.208,11.6193,13.3059,15.1872,37.2772,1.1953,1.4305,1.6093,4.659,Sudden_Anomaly,50.0
C09113,L5,ADC,124.97,1.798,12.0229,13.1017,14.0632,15.3667,1.2763,1.3355,1.4747,1.6226,Normal,50.0
C09114,L5,DAC,124.39,1.797,11.7564,12.3393,12.2987,13.0816,1.2242,1.2871,1.3022,1.3941,Normal,50.0
C09115,L5,ASIC,125.25,1.184,11.8032,12.165,12.9924,14.1371,1.2734,1.227,1.3831,1.532,Normal,50.0
C09116,L5,ADC,125.64,1.788,12.0814,12.5382,13.6051,14.0402,1.2795,1.3049,1.4434,1.4962,Normal,50.0
C09117,L5,FPGA,124.98,1.096,12.2989,12.5109,12.6239,12.6618,1.2943,1.3233,1.3498,1.3618,High_Stable,50.0
C09118,L5,DAC,124.92,1.793,11.5279,12.699,13.8446,26.5251,1.1807,1.3257,1.4445,3.11,Sudden_Anomaly,50.0
C09119,L5,FPGA,125.9,1.095,11.7357,13.2012,15.7081,38.1872,1.2217,1.3834,1.726,4.7718,Sudden_Anomaly,50.0
C09120,L5,ASIC,126.12,1.204,11.6947,13.0279,14.3387,40.4963,1.2745,1.3639,1.5314,5.1351,Sudden_Anomaly,50.0
C09121,L5,FPGA,125.49,1.111,11.7208,12.6359,15.7038,19.8018,1.2027,1.3239,1.6914,2.1627,Latent_Defect,50.0
C09122,L5,DAC,124.53,1.808,11.7855,12.9288,13.1144,14.4982,1.1802,1.3704,1.365,1.5154,Normal,50.0
C09123,L5,ADC,126.09,1.809,11.4079,11.8442,12.0649,13.2136,1.1649,1.2247,1.2328,1.3977,Normal,50.0
C09124,L5,ADC,124.81,1.816,10.943,11.8677,12.5728,13.0782,1.1339,1.2358,1.3619,1.4405,Normal,50.0
C09125,L5,ASIC,126.37,1.178,11.2707,11.4716,11.4641,11.33,1.197,1.1826,1.188,1.1962,High_Stable,50.0
C09126,L5,ASIC,126.5,1.207,11.8441,12.8516,14.0388,14.8309,1.2757,1.3605,1.486,1.6072,Normal,50.0
C09127,L5,ASIC,123.62,1.219,11.7702,12.7422,13.5818,13.7346,1.239,1.3622,1.3993,1.4156,Normal,50.0
C09128,L5,ASIC,125.16,1.204,11.2214,11.903,12.3884,12.9105,1.1813,1.2816,1.2991,1.4235,Normal,50.0
C09129,L5,ASIC,124.97,1.19,11.177,12.4102,16.3292,23.1047,1.1519,1.3214,1.7529,2.6508,Latent_Defect,50.0
C09130,L5,ADC,126.59,1.805,11.9043,12.4162,12.9586,13.633,1.2482,1.2868,1.3192,1.4861,Normal,50.0
C09131,L5,FPGA,124.58,1.075,11.781,11.8371,12.1072,12.2722,1.2067,1.1967,1.2834,1.2526,High_Stable,50.0
C09132,L5,ADC,126.47,1.813,12.3307,13.0381,13.559,15.1034,1.3216,1.3134,1.4643,1.6282,Normal,50.0
C09133,L5,ADC,125.65,1.805,11.4621,12.55,13.4407,14.4875,1.1775,1.321,1.4703,1.5276,Normal,50.0
C09134,L5,DAC,124.97,1.791,11.9564,12.9868,13.6694,14.6914,1.3223,1.3623,1.4854,1.5999,Normal,50.0
C09135,L5,FPGA,124.12,1.079,10.9616,11.3349,13.0558,26.814,1.1071,1.1678,1.3689,3.1072,Sudden_Anomaly,50.0
C09136,L5,ASIC,125.55,1.19,11.5224,12.324,13.1199,13.4114,1.2132,1.3076,1.3889,1.4099,Normal,50.0
C09137,L5,FPGA,124.48,1.097,11.5429,12.4724,12.9033,13.521,1.2477,1.2736,1.3805,1.4343,Normal,50.0
C09138,L5,FPGA,125.25,1.079,11.4778,13.1437,15.2844,23.0424,1.1883,1.4066,1.677,2.5885,Latent_Defect,50.0
C09139,L5,ADC,125.58,1.833,11.8339,14.2671,24.0429,61.6395,1.2688,1.526,2.7618,8.9032,Absolute_Failure,50.0
C09140,L5,ASIC,125.67,1.174,11.2346,11.9167,13.805,35.9857,1.1962,1.227,1.4397,4.4472,Sudden_Anomaly,50.0
C09141,L5,FPGA,125.28,1.079,11.7361,12.1045,12.9119,13.0521,1.1943,1.3096,1.3417,1.3813,Normal,50.0
C09142,L5,ADC,124.57,1.806,11.9685,12.6052,13.0881,13.4496,1.2249,1.3242,1.3564,1.4356,Normal,50.0
C09143,L5,ASIC,122.98,1.215,11.5218,12.4286,12.7745,13.9356,1.18,1.305,1.3435,1.5217,Normal,50.0
C09144,L5,ADC,124.82,1.832,11.6166,12.8392,13.4289,14.1116,1.1978,1.344,1.4371,1.5109,Normal,50.0
C09145,L5,ASIC,124.39,1.21,10.5784,11.888,12.8064,14.0268,1.0818,1.2968,1.3585,1.5435,Normal,50.0
C09146,L5,FPGA,125.71,1.11,10.7789,11.3871,12.3737,12.937,1.187,1.1939,1.2949,1.3849,Normal,50.0
C09147,L5,ASIC,125.31,1.209,11.2564,11.9256,12.0605,13.6723,1.1803,1.268,1.2938,1.4614,Normal,50.0
C09148,L5,ADC,123.44,1.801,11.8912,12.757,13.7377,15.2742,1.2306,1.3496,1.4206,1.644,Normal,50.0
C09149,L5,FPGA,126.01,1.08,11.4445,12.5875,14.7273,40.2012,1.2029,1.2674,1.5455,5.1401,Sudden_Anomaly,50.0
C09150,L5,ASIC,124.94,1.184,11.5159,13.4646,21.036,55.1073,1.196,1.4383,2.3571,7.6289,Absolute_Failure,50.0
C09151,L5,DAC,125.35,1.794,12.5096,13.5328,14.9197,15.8016,1.3489,1.4031,1.5447,1.6357,Normal,50.0
C09152,L5,ASIC,123.92,1.208,11.5935,11.708,11.7629,12.2904,1.2144,1.2216,1.2334,1.2932,High_Stable,50.0
C09153,L5,ASIC,123.3,1.2,11.0223,11.5031,12.6676,13.6369,1.1418,1.2097,1.308,1.435,Normal,50.0
C09154,L5,DAC,125.07,1.773,12.162,12.4395,13.4537,14.4879,1.2562,1.3507,1.4081,1.5792,Normal,50.0
C09155,L5,DAC,124.67,1.782,11.9109,12.8692,13.183,13.7808,1.1903,1.3211,1.4143,1.4513,Normal,50.0
C09156,L5,DAC,125.53,1.814,12.3072,13.7365,14.1628,14.7531,1.3185,1.477,1.4629,1.5736,Normal,50.0
C09157,L5,ASIC,124.58,1.201,11.7682,12.2191,12.8989,13.6301,1.2564,1.2675,1.3946,1.4364,Normal,50.0
C09158,L5,ADC,125.46,1.79,11.8631,12.7946,13.4865,15.3177,1.2275,1.3788,1.4414,1.6239,Normal,50.0
C09159,L5,ADC,124.11,1.829,11.5136,12.2066,13.4952,13.763,1.2131,1.2613,1.4265,1.4911,Normal,50.0
C09160,L5,DAC,126.51,1.811,11.9056,12.94,13.9781,33.8087,1.2006,1.3199,1.4629,4.1116,Sudden_Anomaly,50.0
C09161,L5,FPGA,125.11,1.117,11.3275,12.0618,13.2404,14.1308,1.1276,1.2625,1.3901,1.5547,Normal,50.0
C09162,L5,ADC,125.27,1.817,11.9962,12.9101,13.5655,14.2778,1.2929,1.34,1.4353,1.4522,Normal,50.0
C09163,L5,ADC,125.14,1.812,11.7174,11.9228,12.8966,13.1762,1.2347,1.2501,1.3661,1.4079,Normal,50.0
C09164,L5,FPGA,125.35,1.101,11.7127,11.8891,11.9121,12.5172,1.2388,1.2354,1.2509,1.3179,High_Stable,50.0
C09165,L5,ADC,124.83,1.818,11.5656,13.4106,16.2411,23.064,1.2185,1.4341,1.7438,2.6031,Latent_Defect,50.0
C09166,L5,DAC,125.6,1.787,12.1184,12.6481,13.5514,14.2962,1.2521,1.3209,1.4346,1.5141,Normal,50.0
C09167,L5,DAC,123.71,1.789,11.5881,12.5886,13.0654,13.7144,1.2495,1.2928,1.3929,1.4823,Normal,50.0
C09168,L5,DAC,124.06,1.819,12.032,12.5334,13.0988,13.048,1.2634,1.2999,1.4174,1.3901,Normal,50.0
C09169,L5,DAC,126.47,1.778,12.2849,12.4744,12.6453,13.0749,1.2578,1.3113,1.299,1.3759,High_Stable,50.0
C09170,L5,FPGA,125.19,1.088,11.4307,11.7695,12.1651,11.9567,1.1763,1.2406,1.2336,1.2568,Normal,50.0
C09171,L5,DAC,125.22,1.798,12.0371,12.8169,14.341,15.2582,1.277,1.3527,1.5546,1.6798,Normal,50.0
C09172,L5,ADC,124.13,1.771,11.7436,12.0718,12.9968,14.1507,1.2402,1.2506,1.3909,1.5406,Normal,50.0
C09173,L5,DAC,127.11,1.812,11.9077,12.28,12.5447,12.8726,1.2417,1.2779,1.3081,1.3452,High_Stable,50.0
C09174,L5,ASIC,123.9,1.231,11.3132,12.241,13.1777,13.7389,1.1866,1.2932,1.3781,1.4424,Normal,50.0
C09175,L5,ASIC,125.48,1.21,11.2995,12.2849,13.0039,13.4991,1.1811,1.3164,1.334,1.3645,Normal,50.0
C09176,L5,FPGA,125.34,1.116,11.173,12.0689,12.4502,13.0991,1.1523,1.2917,1.2996,1.3923,Normal,50.0
C09177,L5,DAC,126.81,1.792,12.0558,13.0176,15.7131,40.8976,1.2528,1.3795,1.6416,5.1635,Sudden_Anomaly,50.0
C09178,L5,DAC,125.99,1.789,12.2962,13.2838,13.7115,14.1867,1.2607,1.4239,1.4576,1.4906,Normal,50.0
C09179,L5,ASIC,125.1,1.223,12.1166,12.1799,12.3508,12.2729,1.2779,1.246,1.3294,1.2756,High_Stable,50.0
C09180,L5,DAC,125.94,1.813,12.6377,14.5229,17.5649,21.2734,1.2937,1.542,1.8924,2.4048,Latent_Defect,50.0
C09181,L5,ASIC,125.26,1.219,11.4924,12.8859,13.0086,13.3536,1.202,1.3404,1.3974,1.4128,Normal,50.0
C09182,L5,FPGA,125.03,1.084,11.7271,13.3726,19.7801,51.9921,1.2183,1.4129,2.1989,7.1347,Absolute_Failure,50.0
C09183,L5,ADC,124.69,1.797,11.9978,13.3498,14.4185,14.5735,1.3141,1.4259,1.5243,1.5241,Normal,50.0
C09184,L5,ASIC,125.24,1.22,11.2131,11.4105,11.2742,11.5958,1.122,1.1925,1.141,1.2202,High_Stable,50.0
C09185,L5,ADC,124.34,1.789,11.533,12.1174,12.4859,13.9233,1.1902,1.3289,1.3406,1.463,Normal,50.0
C09186,L5,ASIC,125.55,1.232,11.9979,13.828,16.5743,21.6749,1.2117,1.4459,1.8078,2.4638,Latent_Defect,50.0
C09187,L5,ASIC,124.55,1.22,11.6966,12.7675,14.4477,29.8783,1.2699,1.3512,1.5221,3.5777,Sudden_Anomaly,50.0
C09188,L5,DAC,125.52,1.813,11.4155,12.1949,12.1152,12.8433,1.2096,1.3038,1.2743,1.3276,Normal,50.0
C09189,L5,FPGA,126.1,1.112,11.5286,12.3203,13.1924,13.8901,1.1775,1.2782,1.3882,1.4818,Normal,50.0
C09190,L5,DAC,125.5,1.81,11.9048,12.8371,13.4347,14.3715,1.2538,1.3634,1.3931,1.5654,Normal,50.0
C09191,L5,DAC,125.43,1.795,11.4792,11.8389,12.4263,13.4966,1.1972,1.2253,1.2982,1.4474,Normal,50.0
C09192,L5,FPGA,125.23,1.092,11.7365,12.605,12.7859,13.7612,1.2196,1.3204,1.371,1.4271,Normal,50.0
C09193,L5,ASIC,123.63,1.194,11.7864,12.4394,14.2565,39.5467,1.2101,1.2933,1.5074,5.0525,Sudden_Anomaly,50.0
C09194,L5,ASIC,125.92,1.21,11.8555,12.3282,12.8851,14.4846,1.2499,1.2517,1.3374,1.531,Normal,50.0
C09195,L5,DAC,124.68,1.816,11.9325,12.2403,12.4462,12.2904,1.2214,1.251,1.2917,1.3218,High_Stable,50.0
C09196,L5,DAC,125.31,1.798,11.9899,12.1643,12.3489,12.7862,1.2625,1.2706,1.297,1.3259,High_Stable,50.0
C09197,L5,FPGA,125.95,1.129,11.1426,11.3402,11.7359,12.0735,1.1726,1.1536,1.232,1.2466,High_Stable,50.0
C09198,L5,FPGA,125.28,1.092,11.3438,12.1818,19.0596,61.8443,1.1854,1.2834,2.1012,8.9458,Absolute_Failure,50.0
C09199,L5,ADC,124.5,1.771,11.924,13.1255,13.7868,14.3118,1.2443,1.3865,1.4753,1.5601,Normal,50.0
C09200,L5,DAC,124.18,1.793,11.6401,11.9825,12.6012,13.52,1.2213,1.2599,1.373,1.4558,Normal,50.0
C09201,L5,DAC,125.52,1.797,11.7192,12.0339,12.6202,13.4947,1.2126,1.2814,1.3577,1.3992,Normal,50.0
C09202,L5,ASIC,124.25,1.178,11.7418,12.2549,13.0115,13.404,1.2674,1.3233,1.3549,1.4326,Normal,50.0
C09203,L5,ADC,125.21,1.791,12.1886,12.724,13.8665,14.2864,1.259,1.3324,1.4575,1.5602,Normal,50.0
C09204,L5,ASIC,125.57,1.196,11.3858,13.2268,16.4315,22.0753,1.2102,1.4415,1.7725,2.4591,Latent_Defect,50.0
C09205,L5,FPGA,124.5,1.074,12.2322,13.2326,16.9503,22.5876,1.322,1.3932,1.8426,2.5261,Latent_Defect,50.0
C09206,L5,FPGA,123.94,1.06,12.3616,13.4258,14.6524,16.1651,1.2978,1.3715,1.5888,1.7256,Normal,50.0
C09207,L5,ASIC,124.77,1.201,11.8592,12.8209,13.5389,14.2929,1.208,1.3476,1.429,1.5245,Normal,50.0
C09208,L5,FPGA,125.09,1.085,12.2501,12.3201,12.3443,12.1816,1.3262,1.3462,1.3305,1.2701,High_Stable,50.0
C09209,L5,ASIC,125.13,1.19,11.4415,12.0334,12.7212,13.2945,1.1634,1.27,1.3578,1.415,Normal,50.0
C09210,L5,DAC,126.58,1.803,12.4819,13.481,14.4036,41.5224,1.3579,1.4765,1.5183,5.3207,Sudden_Anomaly,50.0
C09211,L5,ASIC,124.85,1.246,12.2917,12.3009,12.0624,12.556,1.2653,1.2645,1.2474,1.2891,High_Stable,50.0
C09212,L5,FPGA,125.23,1.114,11.0964,13.159,16.4714,24.4374,1.17,1.3979,1.7686,2.8,Latent_Defect,50.0
C09213,L5,FPGA,126.21,1.108,11.8654,12.9213,13.7983,15.2483,1.2542,1.3694,1.4776,1.6251,Normal,50.0
C09214,L5,ADC,124.9,1.804,12.0989,12.5453,12.6089,13.5888,1.2572,1.3262,1.3095,1.4774,Normal,50.0
C09215,L5,ASIC,122.98,1.215,11.0165,11.5629,12.1384,12.7505,1.1346,1.21,1.2911,1.3514,Normal,50.0
C09216,L5,FPGA,125.34,1.102,11.6177,12.1046,13.3436,13.8207,1.1915,1.2615,1.3965,1.4554,Normal,50.0
C09217,L5,ADC,124.77,1.777,11.581,12.7075,14.4715,32.9801,1.2346,1.3507,1.599,4.0154,Sudden_Anomaly,50.0
C09218,L5,ASIC,125.32,1.186,11.4311,13.6984,20.4733,53.8721,1.1551,1.419,2.2523,7.4343,Absolute_Failure,50.0
C09219,L5,ASIC,126.23,1.213,11.7496,12.3683,12.9596,14.0166,1.1984,1.2769,1.3775,1.4767,Normal,50.0
C09220,L5,DAC,125.75,1.796,12.1931,13.2485,14.081,15.126,1.3016,1.4192,1.4892,1.5908,Normal,50.0
C09221,L5,FPGA,125.94,1.097,11.703,12.1194,12.9883,13.7514,1.2481,1.335,1.4204,1.4583,Normal,50.0
C09222,L5,ADC,123.68,1.796,12.0841,12.0724,11.7301,11.9833,1.2755,1.2867,1.1924,1.2179,High_Stable,50.0
C09223,L5,DAC,125.39,1.789,12.1883,13.9131,17.9519,25.7953,1.2599,1.4605,2.0009,3.0316,Latent_Defect,50.0
C09224,L5,ADC,123.34,1.806,11.3012,13.5992,21.8204,55.2581,1.1727,1.4525,2.4255,7.7143,Absolute_Failure,50.0
C09225,L5,ASIC,124.41,1.203,11.7228,11.7489,12.0703,12.1333,1.2511,1.2512,1.2961,1.29,High_Stable,50.0
C09226,L5,ASIC,124.55,1.221,10.8749,13.1023,16.2098,19.1937,1.1334,1.369,1.7433,2.1,Latent_Defect,50.0
C09227,L5,FPGA,126.4,1.076,12.0652,13.0198,14.047,14.6728,1.2325,1.3755,1.4821,1.5851,Normal,50.0
C09228,L5,DAC,126.13,1.821,12.1826,13.4916,14.2595,14.2497,1.2336,1.4414,1.4934,1.4967,Normal,50.0
C09229,L5,FPGA,126.25,1.111,11.2897,13.6338,21.5534,54.6541,1.2122,1.4521,2.4177,7.5923,Absolute_Failure,50.0
C09230,L5,FPGA,124.1,1.089,11.2649,12.261,13.9365,40.2194,1.1527,1.2813,1.4566,5.0799,Sudden_Anomaly,50.0
C09231,L5,FPGA,125.16,1.092,11.6552,12.8187,13.4884,14.7393,1.2068,1.3627,1.4279,1.5927,Normal,50.0
C09232,L5,FPGA,125.72,1.102,11.3749,13.2668,15.8734,21.5359,1.1963,1.3714,1.7248,2.3765,Latent_Defect,50.0
C09233,L5,FPGA,127.53,1.113,11.3132,12.0512,13.0887,13.6655,1.1683,1.2574,1.3873,1.4295,Normal,50.0
C09234,L5,ADC,123.46,1.821,11.599,11.8902,13.4818,33.3154,1.2233,1.233,1.4297,4.1329,Sudden_Anomaly,50.0
C09235,L5,ADC,124.6,1.809,11.7467,12.6639,13.678,15.4242,1.2289,1.3412,1.4561,1.6357,Normal,50.0
C09236,L5,ADC,125.71,1.791,11.7377,12.4034,14.6869,20.4369,1.2526,1.2606,1.5494,2.3209,Latent_Defect,50.0
C09237,L5,FPGA,125.92,1.095,11.2338,11.7965,12.4801,13.7817,1.1411,1.258,1.3324,1.4776,Normal,50.0
C09238,L5,FPGA,126.11,1.107,11.5758,12.5069,13.183,13.9519,1.2051,1.2808,1.3941,1.4715,Normal,50.0
C09239,L5,ADC,125.5,1.814,11.7124,12.284,13.0231,14.0824,1.2656,1.3345,1.3657,1.5163,Normal,50.0
C09240,L5,FPGA,125.54,1.104,11.8002,13.3396,15.0669,19.3225,1.2519,1.3932,1.6228,2.1429,Latent_Defect,50.0
C09241,L5,ASIC,126.04,1.207,11.4321,12.4813,13.0377,13.7632,1.2095,1.3128,1.3805,1.468,Normal,50.0
C09242,L5,FPGA,126.13,1.099,11.4167,12.717,13.1388,13.8224,1.1587,1.395,1.3588,1.4785,Normal,50.0
C09243,L5,ASIC,125.48,1.216,11.9519,13.065,13.8793,14.685,1.2631,1.3599,1.5017,1.5788,Normal,50.0
C09244,L5,ADC,125.87,1.793,12.6396,12.9587,13.0221,12.9457,1.3047,1.4124,1.3908,1.3338,High_Stable,50.0
C09245,L5,FPGA,125.24,1.089,11.8269,12.3067,12.0541,12.0136,1.2355,1.2778,1.2681,1.2358,High_Stable,50.0
C09246,L5,ADC,125.81,1.77,11.6187,12.1164,12.3235,13.9971,1.2219,1.2664,1.3002,1.4798,Normal,50.0
C09247,L5,ADC,124.41,1.816,11.9017,13.0934,15.7004,20.8814,1.2617,1.4048,1.6487,2.3072,Latent_Defect,50.0
C09248,L5,FPGA,126.9,1.089,11.1317,11.204,12.2646,13.4958,1.1622,1.1414,1.2709,1.4129,Normal,50.0
C09249,L5,DAC,124.48,1.785,12.4584,13.5567,13.8555,14.251,1.3279,1.4615,1.5034,1.5314,Normal,50.0
C09250,L5,ASIC,124.95,1.186,11.6619,13.4336,16.6557,24.0034,1.2124,1.4285,1.8234,2.7316,Latent_Defect,50.0
C09251,L5,ADC,125.3,1.788,12.0892,12.9158,13.9041,15.3389,1.2033,1.3805,1.459,1.6258,Normal,50.0
C09252,L5,FPGA,125.18,1.093,11.5783,11.8405,12.1028,13.9614,1.2413,1.2405,1.2656,1.4737,Normal,50.0
C09253,L5,FPGA,124.34,1.113,11.5874,12.5114,13.5135,14.3583,1.1862,1.3086,1.4478,1.5395,Normal,50.0
C09254,L5,ADC,125.33,1.806,12.1717,12.8181,13.5404,14.5508,1.2523,1.3706,1.4394,1.5785,Normal,50.0
C09255,L5,DAC,125.0,1.81,11.6851,12.4643,13.5402,14.6492,1.1921,1.3326,1.4289,1.5769,Normal,50.0
C09256,L5,ASIC,124.16,1.215,11.4784,12.0848,12.484,13.432,1.1345,1.2624,1.2993,1.4032,Normal,50.0
C09257,L5,ASIC,124.91,1.216,11.948,12.4451,13.0331,13.877,1.2647,1.3212,1.3697,1.4439,Normal,50.0
C09258,L5,DAC,125.11,1.78,11.8575,13.1264,13.5932,13.74,1.258,1.4038,1.3991,1.4942,Normal,50.0
C09259,L5,ASIC,126.11,1.196,10.6839,11.4259,12.5982,13.3858,1.1157,1.2151,1.3676,1.415,Normal,50.0
C09260,L5,DAC,125.12,1.809,12.0627,13.5137,15.915,33.6023,1.2521,1.3865,1.7193,4.0631,Sudden_Anomaly,50.0
C09261,L5,ADC,124.54,1.777,11.8199,12.6225,13.6562,14.8651,1.2371,1.3452,1.5185,1.5734,Normal,50.0
C09262,L5,FPGA,125.74,1.093,12.2165,12.914,14.1296,15.1372,1.2963,1.3666,1.4649,1.6203,Normal,50.0
C09263,L5,ASIC,124.56,1.192,11.3586,11.8246,12.7201,13.9311,1.1821,1.244,1.3567,1.4708,Normal,50.0
C09264,L5,ASIC,127.09,1.188,11.2422,13.2361,20.6938,52.1872,1.1662,1.3672,2.2962,7.1768,Absolute_Failure,50.0
C09265,L5,ADC,126.69,1.792,12.1361,13.8297,23.2316,60.3021,1.2418,1.5081,2.6639,8.5719,Absolute_Failure,50.0
C09266,L5,FPGA,124.73,1.098,11.4285,11.6275,11.9205,12.808,1.228,1.1849,1.2545,1.3662,Normal,50.0
C09267,L5,FPGA,125.07,1.109,11.2546,13.3577,15.6939,21.1254,1.1453,1.4232,1.7064,2.3337,Latent_Defect,50.0
C09268,L5,DAC,125.77,1.805,11.8925,12.827,13.1027,13.7499,1.228,1.3478,1.3924,1.4703,Normal,50.0
C09269,L5,ASIC,125.65,1.182,11.0952,11.7399,12.6394,13.3778,1.144,1.2407,1.3427,1.43,Normal,50.0
C09270,L5,DAC,124.92,1.794,12.0954,12.041,12.3044,12.4658,1.3047,1.2823,1.318,1.2648,High_Stable,50.0
C09271,L5,ASIC,125.93,1.213,11.1023,12.1084,12.3859,13.4683,1.1462,1.261,1.2894,1.3987,Normal,50.0
C09272,L5,FPGA,125.52,1.081,11.617,12.3359,13.4205,14.5191,1.2416,1.283,1.3859,1.5194,Normal,50.0
C09273,L5,FPGA,124.4,1.114,12.0365,12.7105,13.1089,14.1421,1.285,1.3299,1.387,1.5081,Normal,50.0
C09274,L5,ADC,124.81,1.795,11.5633,12.5994,13.4239,14.7078,1.1945,1.3084,1.4027,1.5532,Normal,50.0
C09275,L5,DAC,124.65,1.812,12.3513,12.7028,13.2678,14.11,1.2836,1.3348,1.4162,1.4667,Normal,50.0
C09276,L5,ADC,125.78,1.803,11.5728,11.7979,12.0054,12.0385,1.2147,1.2112,1.2613,1.2415,High_Stable,50.0
C09277,L5,FPGA,126.42,1.114,11.5708,12.3834,13.4887,40.5733,1.1847,1.3011,1.3611,5.1721,Sudden_Anomaly,50.0
C09278,L5,ADC,124.42,1.812,12.7369,13.0196,13.718,14.7427,1.3032,1.3518,1.4748,1.5544,Normal,50.0
C09279,L5,ASIC,124.4,1.226,11.021,12.0197,19.883,53.3669,1.1002,1.2719,2.2367,7.3546,Absolute_Failure,50.0
C09280,L5,ASIC,124.16,1.22,11.0924,12.0387,13.2949,37.2295,1.1296,1.2072,1.4136,4.6176,Sudden_Anomaly,50.0
C09281,L5,ASIC,124.15,1.213,11.8907,12.3681,13.1147,14.37,1.2612,1.2986,1.4105,1.5338,Normal,50.0
C09282,L5,FPGA,124.69,1.076,11.4424,11.9937,12.7063,13.1941,1.1715,1.2069,1.3303,1.4049,Normal,50.0
C09283,L5,DAC,126.09,1.787,12.417,12.486,12.8675,12.9545,1.3064,1.3052,1.3192,1.3731,High_Stable,50.0
C09284,L5,ASIC,125.01,1.194,11.2907,12.3513,15.1097,20.348,1.1637,1.2983,1.6479,2.2711,Latent_Defect,50.0
C09285,L5,DAC,125.89,1.787,11.8564,12.6873,13.7513,15.1488,1.2789,1.3205,1.4295,1.6519,Normal,50.0
C09286,L5,ASIC,126.28,1.188,11.4897,12.463,13.3898,13.8533,1.2878,1.2955,1.4049,1.5005,Normal,50.0
C09287,L5,ADC,124.25,1.805,12.4616,13.2829,14.6762,15.4926,1.2814,1.3735,1.5305,1.6632,Normal,50.0
C09288,L5,ADC,123.47,1.787,11.8886,12.6952,14.2158,15.2406,1.1922,1.3148,1.5097,1.6499,Normal,50.0
C09289,L5,ASIC,124.83,1.186,10.9116,11.944,12.4537,13.1266,1.0967,1.2198,1.3018,1.3355,Normal,50.0
C09290,L5,ASIC,125.15,1.228,10.9979,11.2668,11.6792,12.1462,1.1448,1.1673,1.2301,1.2554,Normal,50.0
C09291,L5,ADC,124.36,1.791,11.7215,12.2345,13.3804,14.7589,1.2387,1.2876,1.4277,1.5871,Normal,50.0
C09292,L5,DAC,125.49,1.804,11.9942,13.1114,13.706,13.9892,1.2381,1.3991,1.4237,1.5303,Normal,50.0
C09293,L5,ASIC,126.37,1.218,11.131,12.6616,15.6989,35.8187,1.1319,1.3428,1.6964,4.4043,Sudden_Anomaly,50.0
C09294,L5,FPGA,123.9,1.115,12.2644,12.3969,12.5221,12.691,1.3074,1.3182,1.313,1.2964,High_Stable,50.0
C09295,L5,FPGA,124.36,1.105,11.3378,12.0928,13.2618,14.0448,1.2075,1.2548,1.3927,1.5451,Normal,50.0
C09296,L5,FPGA,123.82,1.101,11.3353,12.0059,14.497,38.1574,1.1499,1.2422,1.5657,4.8162,Sudden_Anomaly,50.0
C09297,L5,ASIC,124.63,1.234,11.7863,12.7729,13.0446,13.6523,1.2209,1.2923,1.3543,1.4566,Normal,50.0
C09298,L5,ADC,123.87,1.812,11.7151,12.3781,12.5892,13.6688,1.2483,1.3147,1.3202,1.4243,Normal,50.0
C09299,L5,ASIC,124.98,1.205,11.8586,13.0529,13.6556,14.2609,1.2473,1.3775,1.4428,1.4916,Normal,50.0
C09300,L5,ADC,124.27,1.814,11.4544,12.2222,12.9522,14.3865,1.1813,1.3018,1.3835,1.5291,Normal,50.0
C09301,L5,FPGA,125.0,1.107,11.6124,11.7527,11.7087,11.6439,1.1985,1.2474,1.1512,1.2032,High_Stable,50.0
C09302,L5,ADC,124.08,1.805,11.2157,12.4333,13.257,13.8797,1.1447,1.2976,1.4174,1.4848,Normal,50.0
C09303,L5,ADC,125.02,1.78,12.1236,13.2211,13.8357,13.7254,1.2763,1.4325,1.4511,1.4531,Normal,50.0
C09304,L5,FPGA,126.42,1.106,12.1473,12.2582,12.267,12.7576,1.2519,1.2405,1.2697,1.3515,High_Stable,50.0
C09305,L5,ASIC,124.16,1.22,11.3356,11.9458,13.5847,14.7392,1.2021,1.2367,1.4713,1.5496,Normal,50.0
C09306,L5,DAC,126.41,1.799,13.0324,13.3257,13.5004,13.377,1.3857,1.3895,1.3936,1.4389,High_Stable,50.0
C09307,L5,ASIC,124.7,1.209,12.3075,12.6646,12.9163,13.0598,1.2437,1.3286,1.3567,1.3717,High_Stable,50.0
C09308,L5,ASIC,125.26,1.191,11.3255,11.7061,12.8532,14.0621,1.1678,1.2658,1.3722,1.5073,Normal,50.0
C09309,L5,DAC,124.36,1.808,11.8537,11.9321,11.9776,12.0118,1.233,1.2561,1.1892,1.2558,High_Stable,50.0
C09310,L5,FPGA,125.73,1.093,11.4417,12.4849,13.7849,14.8324,1.2195,1.28,1.4425,1.6258,Normal,50.0
C09311,L5,ASIC,125.02,1.194,11.2224,12.0566,13.0511,13.2497,1.1402,1.2694,1.385,1.4312,Normal,50.0
C09312,L5,DAC,125.6,1.819,12.3744,13.1906,14.1478,15.5697,1.3215,1.3936,1.5148,1.6963,Normal,50.0
C09313,L5,ASIC,123.63,1.201,11.4137,11.9526,12.2925,13.2451,1.2169,1.2222,1.3022,1.3881,Normal,50.0
C09314,L5,DAC,124.47,1.785,12.0051,12.223,12.3793,13.4782,1.2693,1.2626,1.3021,1.4461,Normal,50.0
C09315,L5,FPGA,125.78,1.098,11.5415,12.3808,13.8866,15.1674,1.2036,1.2911,1.4511,1.6313,Normal,50.0
C09316,L5,ADC,122.94,1.796,11.4276,11.8719,12.4967,13.2805,1.2292,1.228,1.2622,1.434,Normal,50.0
C09317,L5,ADC,124.28,1.802,12.4289,12.5685,13.3574,14.2391,1.2814,1.3092,1.3897,1.5243,Normal,50.0
C09318,L5,ADC,124.52,1.806,12.1323,12.4893,12.5247,12.678,1.2781,1.2707,1.349,1.3461,High_Stable,50.0
C09319,L5,FPGA,125.06,1.114,11.8696,13.596,15.9628,29.2973,1.2455,1.4317,1.7236,3.4935,Sudden_Anomaly,50.0
C09320,L5,ADC,125.54,1.797,12.5787,13.3608,14.6174,14.3661,1.2783,1.4464,1.5801,1.5116,Normal,50.0
C09321,L5,ASIC,124.77,1.196,11.5701,12.6069,13.1748,14.0745,1.2745,1.3221,1.3883,1.5685,Normal,50.0
C09322,L5,DAC,124.59,1.805,11.7321,12.3744,12.9165,13.7675,1.2446,1.2516,1.3601,1.4592,Normal,50.0
C09323,L5,FPGA,124.79,1.097,12.069,12.518,13.078,13.4401,1.293,1.3598,1.3833,1.4165,Normal,50.0
C09324,L5,ASIC,124.62,1.198,11.2283,12.1087,12.8163,14.1989,1.1741,1.2847,1.2896,1.518,Normal,50.0
C09325,L5,ASIC,125.5,1.208,11.1682,12.3704,13.0108,13.3645,1.162,1.2704,1.3564,1.4058,Normal,50.0
C09326,L5,ADC,124.31,1.817,12.0088,12.4591,13.2027,14.0915,1.278,1.2605,1.3704,1.5164,Normal,50.0
C09327,L5,ASIC,125.01,1.223,11.5443,11.8051,12.5497,13.7025,1.2421,1.2377,1.3416,1.4644,Normal,50.0
C09328,L5,FPGA,124.19,1.083,11.5613,12.8578,15.5032,21.1059,1.2243,1.3218,1.6557,2.3466,Latent_Defect,50.0
C09329,L5,FPGA,126.54,1.109,11.4364,12.1572,13.081,14.1355,1.1831,1.2784,1.4075,1.5174,Normal,50.0
C09330,L5,ASIC,124.46,1.205,11.6271,12.273,12.3713,12.9616,1.2129,1.3043,1.3323,1.3577,Normal,50.0
C09331,L5,ASIC,125.15,1.207,11.3686,12.2074,16.6724,22.0514,1.1782,1.2753,1.7979,2.5182,Latent_Defect,50.0
C09332,L5,DAC,124.79,1.817,12.0471,13.3909,16.1067,20.56,1.2842,1.4289,1.7718,2.2585,Latent_Defect,50.0
C09333,L5,FPGA,124.61,1.087,11.6438,12.59,13.115,14.6749,1.2432,1.2944,1.3808,1.5571,Normal,50.0
C09334,L5,ADC,125.22,1.803,11.6034,12.8781,13.7951,14.1573,1.2106,1.3525,1.4596,1.4675,Normal,50.0
C09335,L5,ADC,124.54,1.827,10.8266,11.2884,11.7942,12.464,1.1152,1.1553,1.2858,1.3075,Normal,50.0
C09336,L5,FPGA,126.93,1.102,11.3678,12.0204,12.7137,13.2937,1.2106,1.2503,1.3828,1.4348,Normal,50.0
C09337,L5,DAC,124.89,1.791,12.2982,13.9942,16.7842,23.6924,1.2818,1.5018,1.7901,2.6963,Latent_Defect,50.0
C09338,L5,ASIC,126.17,1.197,10.8076,12.1471,12.7653,13.6624,1.0761,1.2233,1.2817,1.4671,Normal,50.0
C09339,L5,DAC,125.29,1.792,12.1873,13.2911,15.3542,23.308,1.2499,1.4218,1.6451,2.6618,Latent_Defect,50.0
C09340,L5,DAC,125.96,1.801,12.2281,13.1408,14.0321,14.2333,1.2939,1.4061,1.4757,1.5247,Normal,50.0
C09341,L5,ADC,124.53,1.805,12.0161,13.438,14.7299,36.5977,1.2577,1.3716,1.5494,4.5275,Sudden_Anomaly,50.0
C09342,L5,FPGA,123.97,1.135,11.6355,12.3688,13.4969,14.4725,1.1971,1.3195,1.4277,1.4934,Normal,50.0
C09343,L5,ASIC,125.17,1.213,11.6569,12.7247,13.7777,14.2834,1.1979,1.3061,1.4822,1.4771,Normal,50.0
C09344,L5,ASIC,123.34,1.191,11.6692,12.54,13.1601,14.1782,1.2002,1.3107,1.3792,1.5015,Normal,50.0
C09345,L5,FPGA,126.21,1.114,11.667,12.6043,13.5286,14.5581,1.2052,1.3416,1.467,1.5874,Normal,50.0
C09346,L5,ASIC,125.0,1.208,11.6911,12.2246,13.1288,15.0754,1.2427,1.2448,1.3524,1.5796,Normal,50.0
C09347,L5,FPGA,125.96,1.071,11.3605,12.0301,12.8617,13.8828,1.1807,1.2607,1.3117,1.4516,Normal,50.0
C09348,L5,ADC,125.91,1.785,11.3686,12.7384,15.8023,22.15,1.1599,1.3569,1.696,2.4748,Latent_Defect,50.0
C09349,L5,DAC,124.38,1.799,12.2166,13.7082,18.449,58.5568,1.2739,1.4775,2.0243,8.2773,Absolute_Failure,50.0
C09350,L5,DAC,124.56,1.804,11.7918,11.9684,11.8661,11.9018,1.2409,1.2786,1.2552,1.1993,High_Stable,50.0
C09351,L5,FPGA,124.89,1.08,11.2978,12.1847,12.4961,13.3926,1.135,1.2811,1.3523,1.439,Normal,50.0
C09352,L5,FPGA,126.55,1.089,11.4747,11.8818,11.8525,13.2296,1.2147,1.2555,1.2484,1.3929,Normal,50.0
C09353,L5,ASIC,125.21,1.2,11.3671,11.7191,12.3612,13.508,1.2032,1.2272,1.2867,1.4115,Normal,50.0
C09354,L5,ASIC,125.41,1.191,11.3644,13.1773,17.7505,24.0291,1.1756,1.3698,1.9102,2.6903,Latent_Defect,50.0
C09355,L5,ADC,124.98,1.819,12.1613,12.8629,14.1892,37.4689,1.2924,1.3946,1.505,4.6666,Sudden_Anomaly,50.0
C09356,L5,ADC,123.48,1.833,11.6852,12.2464,13.4841,14.0695,1.2162,1.3015,1.3777,1.5027,Normal,50.0
C09357,L5,FPGA,125.97,1.078,11.3777,13.3819,17.7737,22.9938,1.2183,1.3971,1.951,2.6009,Latent_Defect,50.0
C09358,L5,FPGA,126.02,1.101,11.3327,12.4554,13.3131,13.5025,1.1992,1.283,1.3689,1.3845,Normal,50.0
C09359,L5,ADC,125.29,1.809,12.0766,12.8391,13.3992,14.126,1.2372,1.3522,1.4327,1.455,Normal,50.0
C09360,L5,ADC,125.32,1.804,11.4561,12.1686,12.8199,13.7108,1.1957,1.2811,1.3477,1.4713,Normal,50.0
C09361,L5,ADC,124.7,1.81,11.8344,13.2341,15.588,20.6616,1.229,1.4043,1.6397,2.3337,Latent_Defect,50.0
C09362,L5,FPGA,123.94,1.104,11.9854,12.5332,13.6088,14.2437,1.27,1.2969,1.4371,1.5235,Normal,50.0
C09363,L5,ASIC,125.68,1.19,11.0822,11.3493,12.6328,13.6004,1.1675,1.2051,1.3279,1.4409,Normal,50.0
C09364,L5,ASIC,125.66,1.194,11.7062,12.0399,12.8172,14.4205,1.2809,1.2375,1.3316,1.5404,Normal,50.0
C09365,L5,ASIC,124.23,1.211,10.8559,11.6908,12.9177,14.1923,1.1547,1.2232,1.3665,1.5015,Normal,50.0
C09366,L5,FPGA,124.52,1.083,11.1439,11.6413,12.0776,12.7828,1.1372,1.2351,1.2831,1.3005,Normal,50.0
C09367,L5,FPGA,124.71,1.092,12.0729,12.2957,12.6437,13.0603,1.2571,1.2873,1.3218,1.3444,High_Stable,50.0
C09368,L5,FPGA,125.86,1.089,11.1608,11.7089,12.9316,13.7894,1.1359,1.2231,1.3282,1.4577,Normal,50.0
C09369,L5,ADC,124.22,1.828,11.9432,13.9091,21.4565,55.9883,1.252,1.5065,2.4222,7.8301,Absolute_Failure,50.0
C09370,L5,ADC,124.41,1.835,11.4737,11.941,12.309,14.0983,1.1901,1.2475,1.2816,1.5372,Normal,50.0
C09371,L5,ASIC,124.36,1.211,11.2631,11.4674,11.5208,11.4344,1.1495,1.2072,1.2433,1.2084,High_Stable,50.0
C09372,L5,FPGA,122.98,1.097,11.8385,12.4767,13.3379,13.6436,1.2005,1.3166,1.4028,1.4313,Normal,50.0
C09373,L5,ADC,124.95,1.819,11.6139,12.6368,13.7754,14.9139,1.2101,1.3265,1.5063,1.5894,Normal,50.0
C09374,L5,FPGA,125.59,1.124,11.5012,13.3115,21.1834,56.8434,1.1949,1.4238,2.4108,7.9121,Absolute_Failure,50.0
C09375,L5,DAC,125.52,1.807,12.0394,13.0748,13.11,14.0132,1.2761,1.3431,1.3912,1.5065,Normal,50.0
C09376,L5,ADC,124.72,1.814,12.01,12.6061,13.8374,14.7974,1.2763,1.3328,1.4816,1.5733,Normal,50.0
C09377,L5,FPGA,125.31,1.117,11.5781,12.0173,13.3984,14.6078,1.2759,1.2571,1.4376,1.5583,Normal,50.0
C09378,L5,DAC,125.15,1.788,11.9025,13.3901,14.6462,29.4578,1.2508,1.4271,1.521,3.4664,Sudden_Anomaly,50.0
C09379,L5,ADC,124.65,1.783,11.7565,12.5522,12.7802,14.328,1.2292,1.2967,1.3885,1.5282,Normal,50.0
C09380,L5,FPGA,124.01,1.119,11.0541,12.048,12.5523,13.2127,1.1256,1.2585,1.3478,1.3855,Normal,50.0
C09381,L5,FPGA,124.08,1.095,11.0039,11.7445,12.6168,13.1936,1.1237,1.209,1.3319,1.3752,Normal,50.0
C09382,L5,FPGA,127.09,1.082,11.9486,14.023,17.802,24.7079,1.2364,1.464,1.9425,2.8288,Latent_Defect,50.0
C09383,L5,ADC,124.36,1.801,11.3799,12.9609,14.764,27.903,1.1397,1.3376,1.5901,3.2728,Sudden_Anomaly,50.0
C09384,L5,ASIC,125.59,1.182,10.7305,11.7598,12.2131,13.1851,1.1237,1.2229,1.2876,1.3894,Normal,50.0
C09385,L5,ASIC,123.47,1.189,11.9899,13.173,17.2821,24.4185,1.2767,1.3857,1.9189,2.7812,Latent_Defect,50.0
C09386,L5,ADC,123.69,1.789,11.58,12.2271,14.413,27.5707,1.2232,1.2845,1.4846,3.2246,Sudden_Anomaly,50.0
C09387,L5,DAC,124.03,1.755,12.4233,14.636,22.9695,57.3164,1.3034,1.5556,2.6242,8.0965,Absolute_Failure,50.0
C09388,L5,DAC,125.65,1.799,12.1473,13.2276,13.7763,14.2142,1.2655,1.4174,1.4469,1.5083,Normal,50.0
C09389,L5,FPGA,126.42,1.112,11.5636,12.3523,13.0654,13.8612,1.1895,1.2898,1.3858,1.4793,Normal,50.0
C09390,L5,FPGA,126.09,1.105,11.0739,12.3137,12.9618,13.519,1.1547,1.2668,1.3947,1.4178,Normal,50.0
C09391,L5,FPGA,125.39,1.092,11.7212,13.0354,19.35,55.7701,1.2557,1.3505,2.1416,7.7684,Absolute_Failure,50.0
C09392,L5,ASIC,126.05,1.213,11.9428,12.1436,12.31,12.7642,1.231,1.2409,1.2991,1.345,High_Stable,50.0
C09393,L5,FPGA,124.8,1.094,11.8278,13.1609,13.5065,14.653,1.2828,1.377,1.5005,1.5704,Normal,50.0
C09394,L5,FPGA,125.35,1.078,11.3015,12.2575,13.1241,13.4297,1.1628,1.2891,1.3884,1.4235,Normal,50.0
C09395,L5,FPGA,125.45,1.087,11.2872,13.6438,23.2475,51.1453,1.1567,1.4327,2.6321,6.9615,Absolute_Failure,50.0
C09396,L5,DAC,125.67,1.843,12.7084,13.471,14.187,15.2179,1.3418,1.4212,1.5013,1.6394,Normal,50.0
C09397,L5,ADC,123.38,1.795,12.1376,12.323,12.5501,12.8864,1.2469,1.2967,1.3236,1.3482,High_Stable,50.0
C09398,L5,FPGA,126.02,1.088,11.7985,12.409,13.4947,13.9038,1.2285,1.3217,1.4077,1.4898,Normal,50.0
C09399,L5,FPGA,124.07,1.089,11.1559,12.0572,12.4606,13.1135,1.1967,1.2473,1.3298,1.4245,Normal,50.0
C09400,L5,ADC,124.12,1.799,12.4343,12.6476,12.8901,12.9527,1.3056,1.3087,1.363,1.3579,High_Stable,50.0
C09401,L5,FPGA,125.35,1.073,11.1213,12.0823,12.7652,13.4884,1.2033,1.2488,1.2989,1.4386,Normal,50.0
C09402,L5,FPGA,123.48,1.076,11.4072,12.5557,13.0709,14.2263,1.1701,1.3431,1.4268,1.5355,Normal,50.0
C09403,L5,FPGA,124.46,1.079,11.5208,12.7841,17.0999,53.6267,1.226,1.3126,1.8266,7.3593,Absolute_Failure,50.0
C09404,L5,ADC,123.89,1.803,11.8481,13.1985,13.4636,13.4732,1.2041,1.4064,1.3938,1.4351,Normal,50.0
C09405,L5,FPGA,125.47,1.101,11.3872,12.5639,15.1143,41.3615,1.2096,1.2875,1.5933,5.3141,Sudden_Anomaly,50.0
C09406,L5,ASIC,124.87,1.22,11.4886,12.8687,16.8998,21.5976,1.2019,1.3369,1.8306,2.4118,Latent_Defect,50.0
C09407,L5,ASIC,125.7,1.188,12.0186,12.8234,13.4704,14.8059,1.2998,1.3836,1.4174,1.5862,Normal,50.0
C09408,L5,FPGA,124.29,1.112,11.8242,12.6699,12.7661,13.2488,1.2305,1.2851,1.3302,1.4198,Normal,50.0
C09409,L5,ADC,124.37,1.794,11.535,12.3965,13.3722,14.2752,1.2527,1.2894,1.4448,1.5195,Normal,50.0
C09410,L5,ASIC,125.18,1.179,11.6637,12.4035,12.7598,13.5186,1.2128,1.2942,1.3351,1.4357,Normal,50.0
C09411,L5,ADC,125.86,1.811,11.6405,11.905,12.4691,14.0252,1.2103,1.2722,1.3055,1.5142,Normal,50.0
C09412,L5,DAC,125.97,1.81,12.0102,12.6997,13.274,14.0317,1.2823,1.3368,1.3591,1.4925,Normal,50.0
C09413,L5,ADC,124.55,1.8,12.1543,12.9313,13.8635,14.8672,1.2967,1.3542,1.4504,1.5814,Normal,50.0
C09414,L5,FPGA,126.02,1.091,11.7314,11.9991,12.2866,12.6478,1.2167,1.2562,1.2933,1.282,High_Stable,50.0
C09415,L5,DAC,125.21,1.812,11.9469,12.8918,13.1868,14.7209,1.2518,1.3246,1.3817,1.5471,Normal,50.0
C09416,L5,FPGA,126.19,1.072,11.494,12.0133,12.4827,13.5844,1.2639,1.2737,1.3262,1.4631,Normal,50.0
C09417,L5,ASIC,124.63,1.182,12.2879,13.3175,13.9523,14.4837,1.2694,1.3784,1.4459,1.5812,Normal,50.0
C09418,L5,FPGA,126.13,1.103,11.4951,11.7994,12.6335,13.7786,1.1865,1.2304,1.3581,1.4785,Normal,50.0
C09419,L5,FPGA,124.26,1.083,11.2222,12.398,14.2474,40.5822,1.1642,1.3262,1.534,5.1663,Sudden_Anomaly,50.0
C09420,L5,DAC,124.13,1.792,11.5344,12.1316,12.5689,13.8689,1.2371,1.278,1.3418,1.4938,Normal,50.0
C09421,L5,ASIC,124.53,1.213,11.1863,11.3164,12.1428,13.2846,1.1488,1.1611,1.2652,1.4369,Normal,50.0
C09422,L5,FPGA,125.22,1.108,11.5138,13.8477,19.9173,59.6491,1.1666,1.4975,2.2203,8.5533,Absolute_Failure,50.0
C09423,L5,ASIC,123.48,1.182,11.3993,12.4511,12.5828,13.1567,1.2099,1.32,1.3049,1.3694,Normal,50.0
C09424,L5,ASIC,125.13,1.224,11.8666,12.0272,12.1566,11.9355,1.215,1.2478,1.2556,1.2304,High_Stable,50.0
C09425,L5,DAC,125.35,1.818,12.7695,12.9028,12.8416,12.9538,1.3057,1.4195,1.3287,1.3813,High_Stable,50.0
C09426,L5,ASIC,125.47,1.193,12.1288,12.4715,13.1669,13.7013,1.2703,1.2892,1.3888,1.4294,Normal,50.0
C09427,L5,DAC,124.05,1.791,11.7288,12.832,15.7573,22.0825,1.2651,1.3383,1.6236,2.5278,Latent_Defect,50.0
C09428,L5,ASIC,124.41,1.183,11.2182,11.3366,11.2773,11.6187,1.113,1.1638,1.1926,1.2061,High_Stable,50.0
C09429,L5,ASIC,125.26,1.182,10.9344,11.3736,12.4473,12.5622,1.1698,1.1784,1.3423,1.3469,Normal,50.0
C09430,L5,DAC,125.1,1.799,11.9815,12.6365,15.345,40.9017,1.2622,1.3124,1.6199,5.2153,Sudden_Anomaly,50.0
C09431,L5,ADC,125.65,1.769,12.1062,11.994,11.9136,11.8448,1.2841,1.2477,1.2231,1.1983,High_Stable,50.0
C09432,L5,FPGA,124.87,1.07,11.4367,11.5229,11.5131,11.2798,1.2113,1.2146,1.1866,1.1625,High_Stable,50.0
C09433,L5,ADC,123.93,1.782,11.3443,12.9658,22.8954,54.5237,1.1491,1.3145,2.6148,7.5555,Absolute_Failure,50.0
C09434,L5,FPGA,125.58,1.102,12.3877,13.5391,14.2759,41.4636,1.3021,1.4295,1.533,5.3059,Sudden_Anomaly,50.0
C09435,L5,DAC,124.28,1.795,12.0947,12.9943,13.6929,14.2918,1.3024,1.3772,1.4371,1.542,Normal,50.0
C09436,L5,FPGA,125.94,1.066,11.6112,12.7333,13.306,14.0723,1.2206,1.3878,1.4052,1.492,Normal,50.0
C09437,L5,FPGA,124.45,1.101,11.4086,11.7285,12.9843,34.1377,1.2015,1.2064,1.4032,4.1736,Sudden_Anomaly,50.0
C09438,L5,ASIC,125.45,1.226,11.5359,12.514,12.7149,13.2524,1.1849,1.3331,1.3581,1.3681,Normal,50.0
C09439,L5,ADC,124.3,1.804,12.511,13.4056,14.1752,15.0769,1.3016,1.4282,1.5147,1.6442,Normal,50.0
C09440,L5,FPGA,124.81,1.097,11.6369,13.1994,20.0458,50.208,1.2726,1.4196,2.2202,6.7791,Absolute_Failure,50.0
C09441,L5,FPGA,125.61,1.099,11.6517,13.496,16.8344,21.4061,1.2468,1.4396,1.8436,2.3833,Latent_Defect,50.0
C09442,L5,FPGA,125.54,1.104,11.6339,12.2021,13.4278,14.0399,1.2053,1.2716,1.4208,1.4467,Normal,50.0
C09443,L5,DAC,125.87,1.777,12.5586,13.5306,14.2592,14.8142,1.2939,1.4368,1.5574,1.5408,Normal,50.0
C09444,L5,ASIC,124.06,1.216,12.0659,12.4457,12.8156,13.3247,1.2488,1.3156,1.4007,1.4404,High_Stable,50.0
C09445,L5,DAC,125.46,1.778,12.3165,12.6109,13.4434,13.7142,1.3526,1.3189,1.4268,1.4903,Normal,50.0
C09446,L5,ADC,124.45,1.797,11.6871,12.2546,13.2651,13.54,1.2467,1.2863,1.4419,1.4391,Normal,50.0
C09447,L5,FPGA,126.19,1.098,11.8742,12.0626,12.1098,12.343,1.218,1.2941,1.2513,1.3083,High_Stable,50.0
C09448,L5,ASIC,124.7,1.197,11.063,12.0362,15.0593,19.77,1.1325,1.3014,1.6606,2.2164,Latent_Defect,50.0
C09449,L5,ADC,124.07,1.783,11.8716,12.5852,13.5341,13.8314,1.2795,1.3288,1.4403,1.435,Normal,50.0
C09450,L5,FPGA,126.94,1.111,11.3415,11.6013,12.3178,13.0213,1.1376,1.2263,1.2654,1.3993,Normal,50.0
C09451,L5,ADC,123.7,1.779,11.3088,12.068,13.4355,14.1989,1.1898,1.2758,1.4031,1.4981,Normal,50.0
C09452,L5,ASIC,126.2,1.176,10.7624,11.4746,12.5667,13.5899,1.1227,1.1789,1.3557,1.4391,Normal,50.0
C09453,L5,ADC,122.98,1.793,11.4068,13.2376,15.8419,27.3715,1.2158,1.3859,1.7014,3.1649,Sudden_Anomaly,50.0
C09454,L5,FPGA,126.26,1.112,11.7339,12.2682,13.1636,13.2554,1.2326,1.2504,1.4108,1.3681,Normal,50.0
C09455,L5,ADC,124.96,1.787,12.2593,12.7643,12.9215,13.1151,1.3322,1.3245,1.318,1.3512,Normal,50.0
C09456,L5,DAC,122.51,1.811,11.9964,13.0503,13.7792,14.9449,1.2274,1.3443,1.4737,1.6282,Normal,50.0
C09457,L5,DAC,125.1,1.804,11.6689,13.1491,18.1574,50.8297,1.2302,1.3939,1.9844,6.933,Absolute_Failure,50.0
C09458,L5,DAC,125.72,1.816,11.898,13.4571,16.7414,21.4049,1.268,1.3967,1.796,2.3589,Latent_Defect,50.0
C09459,L5,ASIC,125.48,1.193,10.9823,11.7479,14.6153,39.9832,1.1612,1.2552,1.5573,5.0779,Sudden_Anomaly,50.0
C09460,L5,ADC,124.47,1.816,11.9301,12.3549,13.5157,14.4614,1.2326,1.3032,1.4382,1.5781,Normal,50.0
C09461,L5,FPGA,125.4,1.101,12.5997,13.0651,13.3766,14.5849,1.3262,1.3919,1.4332,1.5735,Normal,50.0
C09462,L5,DAC,125.05,1.796,12.077,12.5074,12.7828,14.4183,1.2817,1.3345,1.3566,1.5344,Normal,50.0
C09463,L5,FPGA,125.11,1.127,12.0383,11.9683,12.3889,12.2407,1.2526,1.2599,1.2984,1.2557,High_Stable,50.0
C09464,L5,ASIC,124.47,1.182,11.5701,11.6918,12.317,13.7068,1.1711,1.2002,1.3281,1.4697,Normal,50.0
C09465,L5,ASIC,125.07,1.197,11.1764,11.7612,11.7082,13.1143,1.1363,1.251,1.196,1.421,Normal,50.0
C09466,L5,ADC,126.01,1.799,11.9662,12.6878,13.5221,15.2597,1.2425,1.3798,1.3901,1.6273,Normal,50.0
C09467,L5,ASIC,123.49,1.213,11.5879,12.0685,12.6804,13.3184,1.2281,1.2077,1.4035,1.3908,Normal,50.0
C09468,L5,ASIC,124.99,1.187,11.7289,11.9316,11.8824,12.1175,1.2017,1.2505,1.2199,1.2745,High_Stable,50.0
C09469,L5,DAC,126.82,1.8,12.5503,13.3365,13.7961,15.2636,1.2799,1.4113,1.4638,1.6072,Normal,50.0
C09470,L5,ASIC,125.0,1.218,11.6213,12.5019,13.5567,13.8179,1.1869,1.2776,1.4441,1.4461,Normal,50.0
C09471,L5,ASIC,124.25,1.19,11.3896,12.2825,13.2751,14.4175,1.156,1.3196,1.4004,1.5376,Normal,50.0
C09472,L5,DAC,125.17,1.777,12.0444,12.8843,13.792,14.458,1.238,1.3608,1.4103,1.5317,Normal,50.0
C09473,L5,FPGA,125.81,1.12,11.629,12.9596,19.7958,60.8406,1.1976,1.3513,2.1581,8.7219,Absolute_Failure,50.0
C09474,L5,ASIC,125.85,1.203,11.6138,11.6885,12.0132,12.1479,1.1955,1.1538,1.2144,1.2806,High_Stable,50.0
C09475,L5,ASIC,124.17,1.204,11.2629,12.0633,13.0428,13.4036,1.2228,1.2423,1.3871,1.3697,Normal,50.0
C09476,L5,ASIC,125.42,1.187,11.3861,12.3059,13.2658,13.4202,1.2367,1.2994,1.3729,1.4618,Normal,50.0
C09477,L5,ASIC,124.97,1.195,11.3383,12.9756,16.9162,22.8554,1.1256,1.3737,1.8241,2.643,Latent_Defect,50.0
C09478,L5,ASIC,126.01,1.174,10.83,11.7569,12.3483,12.8931,1.0984,1.261,1.2911,1.3941,Normal,50.0
C09479,L5,ASIC,124.68,1.207,11.4786,11.8117,11.9921,12.6323,1.2432,1.187,1.2206,1.3283,Normal,50.0
C09480,L5,FPGA,124.2,1.116,12.0302,12.8221,13.1611,14.6878,1.2473,1.3483,1.3166,1.5599,Normal,50.0
C09481,L5,ASIC,125.07,1.208,11.1544,11.9439,16.87,20.3214,1.2012,1.2011,1.8766,2.257,Latent_Defect,50.0
C09482,L5,FPGA,125.04,1.121,11.999,12.0549,12.0305,12.3374,1.2729,1.2564,1.2512,1.3053,High_Stable,50.0
C09483,L5,ADC,124.07,1.769,11.55,12.4746,13.2115,14.121,1.1573,1.3068,1.3767,1.5472,Normal,50.0
C09484,L5,ASIC,124.44,1.191,11.7485,12.5062,12.7566,13.9463,1.2658,1.3456,1.3139,1.498,Normal,50.0
C09485,L5,ASIC,125.82,1.191,11.6234,11.6772,11.8776,12.1264,1.2302,1.2417,1.2633,1.2961,High_Stable,50.0
C09486,L5,DAC,124.91,1.774,11.7165,11.6055,11.8838,12.3259,1.1833,1.2384,1.2237,1.2647,High_Stable,50.0
C09487,L5,DAC,125.0,1.821,12.1761,12.7409,14.2229,15.328,1.251,1.3369,1.54,1.6325,Normal,50.0
C09488,L5,ASIC,124.73,1.198,11.81,11.9608,12.013,12.2726,1.2777,1.2437,1.2414,1.2513,High_Stable,50.0
C09489,L5,DAC,124.7,1.797,11.529,12.7044,18.2431,52.6167,1.2274,1.3644,1.9947,7.2201,Absolute_Failure,50.0
C09490,L5,ADC,124.94,1.815,11.8454,12.2254,12.9941,13.4635,1.2008,1.3268,1.41,1.442,Normal,50.0
C09491,L5,FPGA,125.16,1.098,11.2084,11.5203,12.4192,12.8118,1.2025,1.1835,1.305,1.3601,Normal,50.0
C09492,L5,ASIC,125.96,1.216,11.2138,11.936,12.2589,13.7004,1.1026,1.3035,1.3096,1.4301,Normal,50.0
C09493,L5,ASIC,125.08,1.2,11.3365,12.5655,13.542,14.7701,1.1761,1.3172,1.4169,1.5917,Normal,50.0
C09494,L5,FPGA,124.29,1.115,11.7031,12.9393,13.579,14.1954,1.196,1.3524,1.3924,1.5441,Normal,50.0
C09495,L5,FPGA,124.84,1.102,10.7951,11.613,12.0561,12.7139,1.1345,1.2177,1.2282,1.3356,Normal,50.0
C09496,L5,ADC,124.96,1.776,11.497,11.8462,12.7593,13.5421,1.1976,1.1926,1.3672,1.424,Normal,50.0
C09497,L5,ADC,123.69,1.797,12.0044,12.4177,12.911,13.3151,1.2949,1.2994,1.4193,1.4138,Normal,50.0
C09498,L5,ASIC,125.82,1.222,11.9931,12.0559,12.0565,11.9875,1.2856,1.2533,1.3146,1.2468,High_Stable,50.0
C09499,L5,DAC,126.42,1.812,12.3823,13.5011,13.9834,14.7164,1.348,1.4289,1.4633,1.5842,Normal,50.0
C09500,L5,ASIC,125.48,1.197,11.4354,11.9939,13.0859,13.4977,1.1697,1.2565,1.3791,1.4157,Normal,50.0
C09501,L5,FPGA,124.58,1.109,11.852,12.7752,13.8539,14.5101,1.239,1.3145,1.4525,1.5544,Normal,50.0
C09502,L5,DAC,124.45,1.813,12.1101,12.3205,12.9812,13.7372,1.2287,1.29,1.3101,1.4516,Normal,50.0
C09503,L5,ASIC,125.18,1.208,11.6219,12.7928,13.9893,14.7848,1.2417,1.2987,1.4421,1.5999,Normal,50.0
C09504,L5,ADC,123.81,1.782,10.8555,11.4713,14.0689,57.9718,1.1225,1.1861,1.5157,8.2145,Absolute_Failure,50.0
C09505,L5,ASIC,124.77,1.193,11.7668,12.2242,13.0403,13.8992,1.2158,1.3111,1.4021,1.4809,Normal,50.0
C09506,L5,DAC,125.51,1.804,12.2036,14.4742,19.7138,51.857,1.2815,1.5316,2.1447,7.0363,Absolute_Failure,50.0
C09507,L5,DAC,125.57,1.789,11.7139,12.6335,12.9753,13.68,1.2485,1.3442,1.3153,1.47,Normal,50.0
C09508,L5,ASIC,125.34,1.21,11.9307,12.9506,13.5336,13.772,1.2721,1.3702,1.3819,1.4509,Normal,50.0
C09509,L5,FPGA,125.34,1.086,11.4305,11.6437,11.955,11.9429,1.1775,1.2534,1.2665,1.2443,High_Stable,50.0
C09510,L5,FPGA,126.7,1.096,11.6501,12.719,13.8392,14.4512,1.2224,1.3589,1.4498,1.5427,Normal,50.0
C09511,L5,FPGA,124.39,1.112,11.7127,12.7002,13.8563,28.5579,1.2172,1.3281,1.4623,3.3194,Sudden_Anomaly,50.0
C09512,L5,DAC,125.71,1.79,11.5001,12.2982,13.2738,13.7225,1.1923,1.2507,1.3797,1.4825,Normal,50.0
C09513,L5,ASIC,125.91,1.194,11.238,11.9317,12.5301,13.2369,1.1847,1.2503,1.2891,1.3857,Normal,50.0
C09514,L5,FPGA,124.24,1.095,11.5642,12.3226,12.988,13.4747,1.215,1.3614,1.3636,1.4266,Normal,50.0
C09515,L5,FPGA,125.02,1.077,11.2976,12.3211,14.0651,35.8321,1.1721,1.2233,1.5202,4.4422,Sudden_Anomaly,50.0
C09516,L5,ADC,125.63,1.797,11.801,12.1263,13.1449,13.9191,1.2405,1.274,1.4096,1.4876,Normal,50.0
C09517,L5,DAC,125.42,1.81,11.8711,12.8961,13.1165,14.0625,1.2094,1.3349,1.3335,1.4773,Normal,50.0
C09518,L5,ASIC,124.81,1.212,11.2794,11.889,12.6246,13.3196,1.1877,1.2528,1.3247,1.3967,Normal,50.0
C09519,L5,FPGA,125.27,1.136,11.4248,11.6589,12.5857,13.7432,1.1865,1.2061,1.3299,1.4124,Normal,50.0
C09520,L5,ADC,124.09,1.794,12.0298,12.6427,13.4084,14.3987,1.258,1.3412,1.3999,1.4998,Normal,50.0
C09521,L5,FPGA,126.57,1.093,11.8414,12.1729,12.9911,13.5304,1.2362,1.2862,1.3558,1.4267,Normal,50.0
C09522,L5,ASIC,125.2,1.191,11.4022,12.4092,17.4722,21.1487,1.1706,1.299,1.9226,2.3639,Latent_Defect,50.0
C09523,L5,FPGA,125.67,1.1,12.0683,13.9989,19.0774,51.0609,1.2042,1.5009,2.1425,6.9081,Absolute_Failure,50.0
C09524,L5,FPGA,124.62,1.088,10.9163,12.4525,13.2968,37.7559,1.1343,1.3332,1.3904,4.7283,Sudden_Anomaly,50.0
C09525,L5,FPGA,124.64,1.116,12.1626,12.8282,13.3972,14.7725,1.3062,1.3698,1.3915,1.6073,Normal,50.0
C09526,L5,FPGA,125.84,1.121,10.9779,11.5806,12.4355,13.9435,1.1441,1.2682,1.2766,1.499,Normal,50.0
C09527,L5,ASIC,124.86,1.207,10.9087,11.8623,12.7122,14.1041,1.1009,1.2433,1.3146,1.5241,Normal,50.0
C09528,L5,ASIC,124.38,1.194,11.3132,11.6982,12.791,13.4839,1.1967,1.1994,1.3283,1.4344,Normal,50.0
C09529,L5,ADC,124.79,1.789,11.4647,12.5331,14.2006,40.5678,1.1789,1.2811,1.481,5.1501,Sudden_Anomaly,50.0
C09530,L5,DAC,126.71,1.797,12.4738,14.1832,17.1669,22.0776,1.3067,1.5294,1.8509,2.5272,Latent_Defect,50.0
C09531,L5,ADC,123.68,1.784,11.8133,13.0486,17.7152,61.5177,1.2532,1.3992,1.8955,8.8685,Absolute_Failure,50.0
C09532,L5,ASIC,124.76,1.194,11.794,12.9217,13.464,13.8643,1.2589,1.3576,1.4691,1.4572,Normal,50.0
C09533,L5,ASIC,124.24,1.21,11.6484,14.2312,20.877,56.787,1.2306,1.4928,2.3541,7.9757,Absolute_Failure,50.0
C09534,L5,DAC,125.32,1.834,11.6808,14.2666,20.0451,59.1636,1.2105,1.5127,2.2067,8.4092,Absolute_Failure,50.0
C09535,L5,ADC,125.54,1.778,11.701,12.3495,13.9148,14.8472,1.2468,1.2889,1.4566,1.606,Normal,50.0
C09536,L5,FPGA,124.4,1.078,10.4167,10.9506,11.7298,12.8833,1.1281,1.1616,1.2342,1.4101,Normal,50.0
C09537,L5,FPGA,125.54,1.11,11.6708,11.9371,12.2764,12.8529,1.2558,1.2731,1.3058,1.3819,Normal,50.0
C09538,L5,FPGA,124.73,1.104,12.2283,12.5075,12.7306,13.212,1.2577,1.3645,1.3593,1.3895,High_Stable,50.0
C09539,L5,DAC,124.85,1.788,12.0414,12.6448,13.3435,14.7635,1.2529,1.3478,1.4047,1.6136,Normal,50.0
C09540,L5,ASIC,125.38,1.221,11.7732,11.9486,11.9424,11.5798,1.2491,1.2687,1.2763,1.1963,High_Stable,50.0
C09541,L5,FPGA,126.06,1.091,11.6428,13.0226,13.2177,14.2071,1.252,1.3751,1.4035,1.527,Normal,50.0
C09542,L5,ADC,125.91,1.808,11.7044,12.2256,12.9165,14.2942,1.2368,1.2785,1.3805,1.5194,Normal,50.0
C09543,L5,ADC,123.47,1.794,11.9889,12.4953,13.0375,13.8299,1.2549,1.2929,1.3438,1.4567,Normal,50.0
C09544,L5,DAC,125.53,1.807,12.3239,12.9228,13.7532,15.2407,1.3179,1.334,1.4434,1.6334,Normal,50.0
C09545,L5,ADC,124.42,1.807,11.9198,13.3153,18.3735,23.3441,1.2464,1.4089,1.9666,2.6458,Latent_Defect,50.0
C09546,L5,ASIC,123.85,1.216,11.9744,12.8863,13.7749,15.1463,1.3032,1.3543,1.4372,1.6162,Normal,50.0
C09547,L5,ASIC,126.4,1.19,11.5361,12.5663,13.547,14.946,1.2455,1.3067,1.4488,1.6173,Normal,50.0
C09548,L5,FPGA,126.0,1.119,12.1732,12.8219,14.7848,41.7001,1.2471,1.3724,1.5527,5.3422,Sudden_Anomaly,50.0
C09549,L5,FPGA,123.58,1.111,11.1088,11.805,12.6792,13.7959,1.1372,1.2315,1.3516,1.4594,Normal,50.0
C09550,L5,FPGA,125.44,1.094,11.4551,11.4595,11.4474,11.8623,1.1695,1.1803,1.2044,1.2436,High_Stable,50.0
C09551,L5,ASIC,124.26,1.19,11.6348,14.1029,19.9478,53.2406,1.2355,1.4795,2.2586,7.3369,Absolute_Failure,50.0
C09552,L5,DAC,125.05,1.798,12.5405,13.2621,13.5488,14.1948,1.3044,1.416,1.4441,1.4957,Normal,50.0
C09553,L5,ADC,126.03,1.797,11.9123,12.0311,11.8047,11.7589,1.2076,1.2452,1.2407,1.2052,High_Stable,50.0
C09554,L5,DAC,124.57,1.804,11.8438,14.0631,18.5986,52.0736,1.2308,1.4951,2.0258,7.1321,Absolute_Failure,50.0
C09555,L5,ASIC,125.84,1.231,11.6698,12.5772,13.4011,14.066,1.1916,1.3426,1.4214,1.4376,Normal,50.0
C09556,L5,DAC,123.5,1.792,12.0355,13.3591,13.87,14.1044,1.267,1.4465,1.4741,1.5097,Normal,50.0
C09557,L5,ADC,125.89,1.774,11.4492,13.449,18.4507,25.2927,1.2079,1.3798,2.059,2.9175,Latent_Defect,50.0
C09558,L5,ASIC,126.0,1.203,11.8121,12.8097,13.845,15.3291,1.2241,1.3317,1.4866,1.6753,Normal,50.0
C09559,L5,ASIC,124.81,1.201,12.2458,12.4493,12.5653,12.522,1.2698,1.286,1.3177,1.3367,High_Stable,50.0
C09560,L5,FPGA,125.42,1.134,11.6291,12.2347,12.8841,13.1271,1.1762,1.2744,1.3594,1.3906,Normal,50.0
C09561,L5,FPGA,123.7,1.096,11.4861,12.0063,12.2553,13.5214,1.2134,1.2251,1.2923,1.4366,Normal,50.0
C09562,L5,ADC,124.91,1.816,11.8619,12.7451,13.5959,15.1108,1.273,1.3511,1.414,1.5951,Normal,50.0
C09563,L5,ADC,124.29,1.799,11.2689,11.8498,12.3711,13.9187,1.1705,1.1853,1.3311,1.4921,Normal,50.0
C09564,L5,DAC,126.99,1.793,12.0909,12.9714,13.6083,13.9664,1.2197,1.3867,1.4639,1.5108,Normal,50.0
C09565,L5,FPGA,124.14,1.084,11.3099,12.6018,13.9299,32.6946,1.174,1.3218,1.4921,3.9688,Sudden_Anomaly,50.0
C09566,L5,DAC,124.07,1.785,11.5933,12.4652,12.7469,12.8853,1.2171,1.3176,1.3744,1.3636,Normal,50.0
C09567,L5,ASIC,125.08,1.208,11.4015,13.101,16.1919,24.0681,1.186,1.4214,1.7508,2.7709,Latent_Defect,50.0
C09568,L5,ADC,125.35,1.785,12.287,13.4799,14.0082,14.2478,1.2737,1.4026,1.4534,1.5139,Normal,50.0
C09569,L5,DAC,123.9,1.802,11.7614,12.8735,13.5324,14.6471,1.1925,1.3542,1.4808,1.6191,Normal,50.0
C09570,L5,ADC,123.8,1.814,12.0078,13.4957,17.4644,24.7644,1.2321,1.4173,1.9085,2.8487,Latent_Defect,50.0
C09571,L5,ASIC,126.58,1.202,11.3878,12.5555,14.5338,21.1419,1.2145,1.3227,1.5604,2.3846,Latent_Defect,50.0
C09572,L5,DAC,126.68,1.774,11.9533,13.4563,15.6917,19.858,1.2283,1.4208,1.6561,2.2117,Latent_Defect,50.0
C09573,L5,ASIC,124.58,1.217,10.9997,13.324,18.7746,53.4122,1.1722,1.4124,2.0345,7.3207,Absolute_Failure,50.0
C09574,L5,ASIC,124.81,1.196,11.6637,12.0381,12.7907,13.9978,1.2189,1.2926,1.3335,1.4737,Normal,50.0
C09575,L5,ADC,125.63,1.788,11.3882,12.6163,13.4424,14.6118,1.1819,1.2884,1.4527,1.5561,Normal,50.0
C09576,L5,DAC,125.19,1.809,12.4241,13.3486,14.1644,14.2482,1.2796,1.4463,1.5387,1.5179,Normal,50.0
C09577,L5,FPGA,125.95,1.104,12.3302,12.3294,12.6869,12.6717,1.2874,1.2961,1.3305,1.3043,High_Stable,50.0
C09578,L5,ADC,125.97,1.806,12.0271,12.7483,13.0386,13.3906,1.2815,1.3473,1.3901,1.3955,Normal,50.0
C09579,L5,DAC,124.92,1.794,12.289,12.7212,12.866,13.9427,1.2412,1.3123,1.3953,1.4914,Normal,50.0
C09580,L5,DAC,124.38,1.792,12.0999,12.6616,13.7932,14.7667,1.2294,1.3189,1.5042,1.5699,Normal,50.0
C09581,L5,DAC,124.77,1.796,11.8711,12.2407,12.9787,13.1331,1.2597,1.2915,1.3364,1.4079,Normal,50.0
C09582,L5,ADC,124.0,1.796,11.7939,12.6434,13.1639,14.6505,1.2126,1.3584,1.3216,1.5595,Normal,50.0
C09583,L5,ASIC,125.66,1.207,11.853,14.0997,19.8577,58.1115,1.1951,1.57,2.2043,8.2566,Absolute_Failure,50.0
C09584,L5,ASIC,124.83,1.189,11.3939,12.4047,13.2231,13.8831,1.194,1.2879,1.3879,1.4534,Normal,50.0
C09585,L5,FPGA,125.83,1.122,12.1278,12.3231,12.4271,12.3161,1.3076,1.3593,1.3311,1.2686,High_Stable,50.0
C09586,L5,FPGA,125.81,1.089,11.2461,13.2638,22.8158,50.7816,1.1867,1.4145,2.5834,6.8796,Absolute_Failure,50.0
C09587,L5,FPGA,125.95,1.086,11.3802,12.1568,12.7435,13.4987,1.162,1.234,1.3632,1.4182,Normal,50.0
C09588,L5,FPGA,125.4,1.091,11.4615,12.2429,13.3452,13.9313,1.2346,1.2592,1.3955,1.4405,Normal,50.0
C09589,L5,FPGA,128.14,1.096,11.3649,11.994,12.9607,13.6214,1.1798,1.2453,1.3753,1.4501,Normal,50.0
C09590,L5,ASIC,125.76,1.201,11.3141,12.6995,15.8006,57.6477,1.1561,1.3458,1.6939,8.1474,Absolute_Failure,50.0
C09591,L5,ADC,124.63,1.79,12.1792,13.2963,14.877,15.1142,1.2785,1.387,1.6216,1.6039,Normal,50.0
C09592,L5,FPGA,125.6,1.093,12.2489,13.7207,20.5296,55.4508,1.266,1.4484,2.2871,7.7152,Absolute_Failure,50.0
C09593,L5,ADC,124.98,1.792,11.5766,12.3809,12.4626,13.8886,1.2025,1.2946,1.2732,1.5017,Normal,50.0
C09594,L5,DAC,124.87,1.795,12.4107,13.387,14.0934,14.8599,1.3259,1.419,1.4973,1.5991,Normal,50.0
C09595,L5,ASIC,124.84,1.209,11.8054,11.8179,11.8705,11.8192,1.2238,1.2672,1.2717,1.282,High_Stable,50.0
C09596,L5,ASIC,124.87,1.174,12.0189,13.329,13.9232,15.1647,1.2888,1.3913,1.4894,1.6327,Normal,50.0
C09597,L5,DAC,126.25,1.801,12.4092,13.3789,14.3882,15.4869,1.2852,1.4025,1.4873,1.6479,Normal,50.0
C09598,L5,ADC,124.18,1.811,12.1926,12.5839,13.6859,31.2477,1.2925,1.3333,1.4606,3.796,Sudden_Anomaly,50.0
C09599,L5,ASIC,125.53,1.223,11.3836,12.4631,13.6856,14.3289,1.1686,1.2821,1.4553,1.5131,Normal,50.0
C09600,L5,DAC,126.71,1.819,12.402,13.813,21.6056,51.0493,1.2904,1.4595,2.4208,6.9093,Absolute_Failure,50.0
C09601,L5,FPGA,124.49,1.104,11.0701,12.3407,13.5557,14.7711,1.1025,1.3058,1.4714,1.55,Normal,50.0
C09602,L5,ADC,124.05,1.783,11.8605,12.7004,13.7931,14.9211,1.2282,1.3549,1.5511,1.6002,Normal,50.0
C09603,L5,FPGA,127.23,1.083,11.8618,12.3835,13.237,14.6141,1.2518,1.2553,1.4202,1.5661,Normal,50.0
C09604,L5,ADC,126.76,1.785,11.7983,13.1949,14.1063,15.4082,1.2027,1.4209,1.4586,1.6044,Normal,50.0
C09605,L5,FPGA,124.53,1.104,11.6801,12.7118,14.4455,26.9415,1.2317,1.3135,1.4688,3.1092,Sudden_Anomaly,50.0
C09606,L5,ASIC,127.08,1.173,11.9866,12.9439,15.5153,54.7943,1.2928,1.3774,1.6777,7.5905,Absolute_Failure,50.0
C09607,L5,ASIC,125.49,1.212,11.8015,12.8998,13.4354,14.7893,1.2447,1.3447,1.4017,1.5834,Normal,50.0
C09608,L5,FPGA,124.68,1.11,11.1835,11.9864,12.6248,13.3628,1.1652,1.3018,1.3501,1.4212,Normal,50.0
C09609,L5,ASIC,125.82,1.181,11.2747,12.0353,12.7416,14.3688,1.188,1.2482,1.3225,1.5503,Normal,50.0
C09610,L5,ASIC,124.77,1.213,11.4238,12.1285,14.7319,22.4633,1.2168,1.3024,1.592,2.5578,Latent_Defect,50.0
C09611,L5,ASIC,125.58,1.22,11.7874,12.0065,12.0569,12.2902,1.2495,1.2432,1.239,1.307,High_Stable,50.0
C09612,L5,ADC,124.46,1.778,11.6218,11.8631,11.9975,12.703,1.2236,1.2604,1.2022,1.3264,Normal,50.0
C09613,L5,ADC,127.58,1.8,12.7645,12.7386,13.0119,13.0456,1.3193,1.3736,1.3564,1.3819,High_Stable,50.0
C09614,L5,ASIC,125.74,1.19,11.3143,11.7886,12.2449,14.0467,1.1968,1.1903,1.3057,1.5177,Normal,50.0
C09615,L5,ASIC,124.7,1.169,10.7194,11.9049,12.8235,14.1888,1.1385,1.199,1.3484,1.4827,Normal,50.0
C09616,L5,ADC,125.27,1.788,11.9857,12.8523,13.7981,14.7078,1.2638,1.3371,1.4553,1.558,Normal,50.0
C09617,L5,DAC,125.57,1.767,11.9824,12.6929,13.2517,13.9349,1.2951,1.3378,1.448,1.446,Normal,50.0
C09618,L5,ASIC,125.83,1.227,11.7571,12.1007,14.7517,54.4395,1.2278,1.2536,1.595,7.5414,Absolute_Failure,50.0
C09619,L5,DAC,125.56,1.784,12.3637,12.9399,14.1519,34.352,1.3219,1.3661,1.4741,4.2204,Sudden_Anomaly,50.0
C09620,L5,DAC,125.25,1.798,11.8622,12.126,12.8708,13.2742,1.2417,1.2326,1.3627,1.4243,Normal,50.0
C09621,L5,ASIC,124.47,1.204,11.5163,12.299,12.8507,13.1816,1.2595,1.3009,1.3467,1.3798,Normal,50.0
C09622,L5,ADC,125.49,1.807,11.9449,12.3633,12.3389,13.7602,1.2425,1.2969,1.3087,1.4328,Normal,50.0
C09623,L5,ASIC,125.66,1.203,11.7329,12.2092,12.5179,12.9595,1.2258,1.2841,1.2945,1.3388,Normal,50.0
C09624,L5,ASIC,125.05,1.208,11.4065,11.3949,11.4732,11.9496,1.1873,1.2007,1.1994,1.2559,High_Stable,50.0
C09625,L5,ASIC,125.36,1.192,11.154,12.6558,14.7917,29.6503,1.1032,1.2635,1.5811,3.5014,Sudden_Anomaly,50.0
C09626,L5,ASIC,125.49,1.194,11.8628,12.5688,13.452,14.9217,1.2565,1.3593,1.4631,1.6138,Normal,50.0
C09627,L5,DAC,125.14,1.812,12.4658,12.9672,13.9313,14.8972,1.2609,1.3659,1.5202,1.5801,Normal,50.0
C09628,L5,DAC,126.04,1.778,12.2496,13.2127,14.2468,15.5293,1.3079,1.3899,1.4775,1.6876,Normal,50.0
C09629,L5,ASIC,125.26,1.194,11.0876,12.079,12.8478,14.0667,1.1547,1.3011,1.3559,1.4981,Normal,50.0
C09630,L5,ASIC,124.79,1.17,11.5305,11.3529,11.6189,11.9898,1.2085,1.1991,1.1923,1.224,High_Stable,50.0
C09631,L5,DAC,124.46,1.796,11.8807,12.2539,12.6575,13.4358,1.2286,1.2693,1.3172,1.415,Normal,50.0
C09632,L5,ASIC,124.88,1.173,11.731,12.6791,16.8576,24.1919,1.251,1.3376,1.8133,2.7768,Latent_Defect,50.0
C09633,L5,FPGA,125.38,1.087,11.7371,12.2875,13.0945,13.9486,1.2032,1.3184,1.336,1.4961,Normal,50.0
C09634,L5,DAC,125.9,1.78,12.3726,12.7343,13.2999,14.0862,1.2932,1.2966,1.3622,1.4816,Normal,50.0
C09635,L5,ASIC,125.06,1.165,11.2459,11.4743,11.2011,11.43,1.1399,1.2034,1.1915,1.172,High_Stable,50.0
C09636,L5,DAC,125.81,1.801,12.1463,13.298,13.8499,14.4578,1.2346,1.4177,1.4023,1.5031,Normal,50.0
C09637,L5,FPGA,125.8,1.116,11.8608,11.9313,11.8521,12.0928,1.2255,1.2434,1.203,1.2756,High_Stable,50.0
C09638,L5,ASIC,125.89,1.181,11.731,13.3521,17.4117,25.1066,1.2136,1.4304,1.8534,2.9,Latent_Defect,50.0
C09639,L5,FPGA,125.57,1.139,11.5926,11.9578,12.591,13.3489,1.2304,1.2321,1.3119,1.4318,Normal,50.0
C09640,L5,FPGA,125.88,1.112,12.4231,13.4214,13.8084,15.0993,1.251,1.4064,1.4812,1.644,Normal,50.0
C09641,L5,ASIC,125.74,1.201,11.3175,11.7932,12.5108,13.8608,1.1956,1.2362,1.3354,1.4941,Normal,50.0
C09642,L5,FPGA,124.65,1.092,11.0832,12.2062,12.9022,13.8497,1.1196,1.2999,1.3663,1.4471,Normal,50.0
C09643,L5,FPGA,126.12,1.097,11.3505,12.1944,12.7752,13.7926,1.1839,1.2705,1.3284,1.4722,Normal,50.0
C09644,L5,DAC,124.4,1.8,12.2631,12.527,12.4131,12.8472,1.2586,1.2886,1.2862,1.3772,High_Stable,50.0
C09645,L5,ASIC,124.75,1.194,11.3594,12.3078,14.7483,36.8186,1.1798,1.3139,1.5792,4.5855,Sudden_Anomaly,50.0
C09646,L5,DAC,124.68,1.818,11.8145,13.4098,15.8559,57.3244,1.3016,1.4328,1.7511,8.0881,Absolute_Failure,50.0
C09647,L5,ADC,123.81,1.798,11.7179,12.428,13.1389,14.1514,1.2466,1.3063,1.3464,1.5307,Normal,50.0
C09648,L5,FPGA,125.91,1.092,11.5834,12.6355,15.2789,41.9423,1.1766,1.3946,1.6551,5.4294,Sudden_Anomaly,50.0
C09649,L5,ASIC,124.92,1.201,12.0708,13.1261,15.5842,31.1376,1.292,1.3731,1.6585,3.7546,Sudden_Anomaly,50.0
C09650,L5,DAC,124.76,1.805,12.4019,12.3213,12.387,12.187,1.2681,1.2956,1.3115,1.3037,High_Stable,50.0
C09651,L5,DAC,124.3,1.803,11.6555,12.5043,13.9547,38.5523,1.1636,1.2965,1.4908,4.833,Sudden_Anomaly,50.0
C09652,L5,ASIC,123.21,1.21,11.5623,12.9605,14.987,19.0338,1.1927,1.3556,1.5742,2.0744,Latent_Defect,50.0
C09653,L5,ASIC,126.32,1.192,11.8986,12.0397,12.317,12.4546,1.2597,1.2297,1.2608,1.3274,High_Stable,50.0
C09654,L5,DAC,124.79,1.805,12.3529,13.5231,13.427,13.3618,1.2476,1.4365,1.411,1.4536,Normal,50.0
C09655,L5,ASIC,123.83,1.196,11.3448,11.5205,12.1641,13.3188,1.1727,1.203,1.275,1.3982,Normal,50.0
C09656,L5,ASIC,123.23,1.178,11.6312,12.2006,12.9666,13.8296,1.2131,1.3189,1.3826,1.4019,Normal,50.0
C09657,L5,FPGA,125.76,1.116,11.9097,12.1461,12.0975,12.7416,1.2378,1.2844,1.2847,1.3624,High_Stable,50.0
C09658,L5,ASIC,125.14,1.237,11.098,12.8724,18.1114,52.3655,1.1684,1.3797,1.9874,7.1679,Absolute_Failure,50.0
C09659,L5,DAC,125.96,1.817,11.5762,12.683,15.4277,31.4846,1.2233,1.317,1.6264,3.7832,Sudden_Anomaly,50.0
C09660,L5,FPGA,124.33,1.122,12.3712,12.7242,13.5283,13.9551,1.294,1.3247,1.446,1.4877,Normal,50.0
C09661,L5,FPGA,125.56,1.107,10.9176,11.6625,12.2618,13.4824,1.1397,1.2575,1.2745,1.4599,Normal,50.0
C09662,L5,ASIC,125.77,1.204,11.7264,12.8006,15.1739,18.9716,1.2147,1.3364,1.617,2.0721,Latent_Defect,50.0
C09663,L5,ADC,125.2,1.769,11.7411,12.7367,16.7124,53.2805,1.1871,1.3475,1.8192,7.2892,Absolute_Failure,50.0
C09664,L5,DAC,124.2,1.826,12.4992,13.2554,14.285,15.6188,1.2722,1.394,1.5211,1.6467,Normal,50.0
C09665,L5,DAC,124.4,1.779,11.5567,12.8775,13.3336,14.1474,1.2141,1.3387,1.4373,1.5031,Normal,50.0
C09666,L5,DAC,123.92,1.788,12.4284,12.6503,13.814,14.8929,1.2723,1.3167,1.4685,1.601,Normal,50.0
C09667,L5,FPGA,124.44,1.108,12.3277,12.3462,12.2549,11.9681,1.2908,1.2795,1.3148,1.2201,High_Stable,50.0
C09668,L5,DAC,125.57,1.8,12.0914,12.7982,13.4787,13.5553,1.2567,1.3619,1.4198,1.3813,Normal,50.0
C09669,L5,ADC,124.59,1.786,12.0349,13.0362,13.7392,14.3882,1.2444,1.3691,1.4463,1.5382,Normal,50.0
C09670,L5,FPGA,126.11,1.129,11.7532,12.0295,13.155,27.6279,1.1966,1.2494,1.4421,3.1985,Sudden_Anomaly,50.0
C09671,L5,ASIC,125.26,1.206,11.5779,12.8248,13.1432,14.2678,1.2263,1.3751,1.3876,1.4739,Normal,50.0
C09672,L5,ASIC,124.48,1.203,11.3577,12.9611,17.2151,23.3426,1.1621,1.3786,1.8472,2.666,Latent_Defect,50.0
C09673,L5,DAC,123.48,1.81,12.0674,12.4194,14.7093,38.0283,1.3007,1.2965,1.5644,4.804,Sudden_Anomaly,50.0
C09674,L5,ADC,125.53,1.786,11.7419,11.9256,13.1946,26.211,1.2504,1.2143,1.3798,3.0677,Sudden_Anomaly,50.0
C09675,L5,FPGA,125.41,1.107,11.1255,12.0586,12.7811,14.2004,1.1825,1.2611,1.3231,1.5947,Normal,50.0
C09676,L5,ASIC,124.44,1.196,11.1858,12.1661,12.947,14.4909,1.1402,1.2433,1.3693,1.5225,Normal,50.0
C09677,L5,ASIC,126.01,1.203,12.1619,14.4339,19.9877,55.4521,1.307,1.5764,2.2233,7.7837,Absolute_Failure,50.0
C09678,L5,ASIC,124.72,1.18,11.1931,12.4156,15.8293,20.0312,1.191,1.3562,1.7427,2.2063,Latent_Defect,50.0
C09679,L5,DAC,124.8,1.792,11.6369,12.1628,13.1961,14.2979,1.2097,1.2264,1.3736,1.5264,Normal,50.0
C09680,L5,ASIC,125.88,1.202,11.4859,12.7047,13.0738,14.1195,1.1956,1.3141,1.364,1.5077,Normal,50.0
C09681,L5,DAC,124.68,1.811,12.1735,12.8857,13.6616,14.5806,1.3073,1.3497,1.4786,1.5861,Normal,50.0
C09682,L5,ADC,122.81,1.804,11.8715,12.9848,13.3929,14.5927,1.1828,1.3877,1.3832,1.5929,Normal,50.0
C09683,L5,ADC,124.63,1.77,11.7994,12.7641,13.2012,14.2899,1.2502,1.3363,1.3876,1.5159,Normal,50.0
C09684,L5,ASIC,125.65,1.202,11.7397,12.9519,14.2708,15.0675,1.2267,1.3679,1.5143,1.6166,Normal,50.0
C09685,L5,DAC,124.83,1.817,11.8489,12.6303,13.1686,14.2453,1.2351,1.3198,1.4414,1.5214,Normal,50.0
C09686,L5,ADC,125.08,1.807,11.7025,12.4404,13.5364,13.8127,1.2528,1.2761,1.4378,1.4595,Normal,50.0
C09687,L5,ADC,124.57,1.783,11.6285,12.417,13.0254,14.1362,1.191,1.2961,1.3589,1.5235,Normal,50.0
C09688,L5,ASIC,124.19,1.201,11.0421,11.7376,12.5912,13.3407,1.135,1.2396,1.3532,1.422,Normal,50.0
C09689,L5,ASIC,125.24,1.205,11.2916,12.1917,12.8849,36.2059,1.1337,1.3311,1.3339,4.471,Sudden_Anomaly,50.0
C09690,L5,ASIC,124.22,1.193,12.0949,12.2088,12.3518,12.8204,1.2446,1.2396,1.3169,1.3146,High_Stable,50.0
C09691,L5,FPGA,126.05,1.093,10.7979,11.6198,12.3501,12.8036,1.1151,1.1961,1.2759,1.3757,Normal,50.0
C09692,L5,DAC,124.02,1.795,11.8177,12.5544,13.6346,14.6819,1.2434,1.3315,1.4323,1.5568,Normal,50.0
C09693,L5,ASIC,125.33,1.219,11.0694,13.5912,19.4609,55.3891,1.1429,1.4358,2.1619,7.7068,Absolute_Failure,50.0
C09694,L5,FPGA,125.23,1.091,11.062,11.4726,12.6679,12.8854,1.1449,1.1772,1.3506,1.3658,Normal,50.0
C09695,L5,ASIC,124.98,1.214,11.1982,12.0448,14.6332,33.8853,1.153,1.263,1.5052,4.0768,Sudden_Anomaly,50.0
C09696,L5,ADC,125.48,1.783,11.8429,13.3184,15.2394,23.3511,1.2248,1.4178,1.6136,2.7023,Latent_Defect,50.0
C09697,L5,FPGA,125.5,1.113,12.3453,13.1596,15.3282,27.4161,1.2882,1.4124,1.63,3.182,Sudden_Anomaly,50.0
C09698,L5,FPGA,124.73,1.071,11.6098,12.6452,13.5644,14.3257,1.1772,1.3584,1.4324,1.5405,Normal,50.0
C09699,L5,ASIC,126.01,1.18,11.2412,13.5208,18.8915,54.1486,1.1412,1.4109,2.0828,7.4638,Absolute_Failure,50.0
C09700,L5,DAC,124.17,1.797,12.5483,12.5819,12.7318,12.8976,1.2929,1.3478,1.3597,1.3562,High_Stable,50.0
C09701,L5,FPGA,126.35,1.093,11.1485,12.2439,12.887,13.0835,1.1677,1.2937,1.3553,1.3958,Normal,50.0
C09702,L5,DAC,124.63,1.804,12.1603,12.9492,13.5328,14.867,1.2638,1.3673,1.4306,1.6045,Normal,50.0
C09703,L5,DAC,124.37,1.81,11.8048,12.6939,13.5805,13.1917,1.2561,1.3496,1.4344,1.4083,Normal,50.0
C09704,L5,DAC,125.55,1.808,12.0087,13.4065,17.6934,57.789,1.2171,1.4415,1.9187,8.1885,Absolute_Failure,50.0
C09705,L5,ADC,123.67,1.78,11.0916,12.5045,13.794,37.9327,1.1477,1.3267,1.4029,4.7446,Sudden_Anomaly,50.0
C09706,L5,ADC,124.32,1.794,11.6695,12.4413,13.3676,13.5083,1.2773,1.3119,1.4199,1.4652,Normal,50.0
C09707,L5,ASIC,124.28,1.173,11.041,12.0318,12.496,13.4237,1.158,1.2225,1.3149,1.4388,Normal,50.0
C09708,L5,FPGA,127.65,1.079,11.5527,12.7561,13.6929,14.9038,1.1706,1.3236,1.427,1.5564,Normal,50.0
C09709,L5,FPGA,126.52,1.133,12.0325,13.2064,13.1967,14.4581,1.2389,1.3877,1.4277,1.4897,Normal,50.0
C09710,L5,FPGA,124.94,1.116,12.1699,13.7448,16.0198,51.9595,1.2534,1.497,1.6881,7.0657,Absolute_Failure,50.0
C09711,L5,ASIC,125.45,1.196,11.9814,12.1057,12.361,12.7514,1.2344,1.2741,1.2705,1.3337,High_Stable,50.0
C09712,L5,ADC,125.25,1.804,11.965,12.0607,12.1477,12.0804,1.2203,1.2825,1.2505,1.2502,High_Stable,50.0
C09713,L5,ASIC,124.91,1.204,11.5749,11.9505,12.388,13.9921,1.1875,1.2114,1.2986,1.4968,Normal,50.0
C09714,L5,FPGA,125.17,1.101,11.7036,12.6833,13.0114,13.9963,1.2086,1.401,1.3186,1.55,Normal,50.0
C09715,L5,ASIC,124.34,1.219,12.0545,12.6011,12.8748,14.1363,1.259,1.3227,1.3986,1.5207,Normal,50.0
C09716,L5,ASIC,124.85,1.184,11.6469,12.7033,12.7969,13.2867,1.2499,1.3199,1.3653,1.3798,Normal,50.0
C09717,L5,FPGA,127.47,1.078,11.1284,11.4353,11.9672,12.9922,1.1512,1.226,1.2564,1.3602,Normal,50.0
C09718,L5,FPGA,125.92,1.102,12.236,13.4413,16.0822,23.8778,1.2519,1.4353,1.7269,2.7267,Latent_Defect,50.0
C09719,L5,DAC,126.23,1.784,12.3986,12.7386,14.2511,27.1154,1.2739,1.3528,1.5063,3.1782,Sudden_Anomaly,50.0
C09720,L5,ASIC,123.35,1.195,11.3496,11.4595,11.7711,12.5803,1.1604,1.21,1.2226,1.286,Normal,50.0
C09721,L5,FPGA,123.72,1.099,11.4689,11.782,12.8148,13.5003,1.1653,1.2233,1.3483,1.4524,Normal,50.0
C09722,L5,ADC,124.95,1.785,11.3996,11.9249,13.0062,14.7286,1.205,1.2641,1.3914,1.5638,Normal,50.0
C09723,L5,DAC,124.95,1.776,12.0243,12.3405,12.619,14.0821,1.2543,1.3047,1.3518,1.483,Normal,50.0
C09724,L5,ASIC,124.97,1.214,11.5274,12.62,13.6855,14.5608,1.2078,1.3082,1.426,1.5087,Normal,50.0
C09725,L5,DAC,124.85,1.792,11.9705,13.1653,18.1344,26.2849,1.2626,1.3496,2.026,3.0533,Latent_Defect,50.0
C09726,L5,FPGA,126.56,1.104,10.8731,11.8302,12.6042,13.8335,1.1673,1.232,1.2876,1.4573,Normal,50.0
C09727,L5,ADC,125.22,1.767,12.3066,13.0919,13.6184,14.4654,1.2808,1.3396,1.4389,1.5312,Normal,50.0
C09728,L5,FPGA,124.78,1.097,11.9866,13.3363,18.7785,54.8301,1.2884,1.3957,2.0892,7.5899,Absolute_Failure,50.0
C09729,L5,FPGA,124.81,1.099,11.0104,12.701,15.2273,20.7065,1.1251,1.3237,1.6448,2.3011,Latent_Defect,50.0
C09730,L5,ADC,124.37,1.815,12.0089,13.9407,18.1018,58.904,1.2564,1.4289,1.9708,8.368,Absolute_Failure,50.0
C09731,L5,FPGA,124.55,1.098,11.615,12.6701,12.7727,13.4929,1.2351,1.3347,1.3586,1.4664,Normal,50.0
C09732,L5,FPGA,126.48,1.095,11.6235,12.5128,13.8525,38.9011,1.2198,1.3235,1.4489,4.8889,Sudden_Anomaly,50.0
C09733,L5,ADC,125.14,1.817,11.5666,12.1196,13.1971,14.652,1.2243,1.2915,1.386,1.5381,Normal,50.0
C09734,L5,FPGA,125.61,1.093,11.5714,12.1861,13.5021,14.3104,1.1949,1.2439,1.441,1.4737,Normal,50.0
C09735,L5,DAC,123.33,1.799,11.8206,12.3171,12.7298,13.2215,1.2311,1.3147,1.3018,1.4058,Normal,50.0
C09736,L5,FPGA,124.83,1.103,12.8249,12.7601,12.7139,12.8174,1.3521,1.2831,1.3546,1.3383,High_Stable,50.0
C09737,L5,ADC,124.52,1.786,12.1761,14.301,23.2775,53.0068,1.3093,1.5215,2.6254,7.2964,Absolute_Failure,50.0
C09738,L5,ADC,124.77,1.786,12.1002,12.5638,13.7246,13.9012,1.2345,1.3307,1.4413,1.4684,Normal,50.0
C09739,L5,DAC,124.62,1.804,12.3383,12.4292,12.842,13.2868,1.2897,1.3433,1.348,1.4142,High_Stable,50.0
C09740,L5,FPGA,124.85,1.098,11.3008,11.9003,12.8117,13.7326,1.1972,1.2187,1.3707,1.4192,Normal,50.0
C09741,L5,FPGA,125.29,1.103,11.796,13.5959,18.9662,55.6822,1.2293,1.462,2.0766,7.7584,Absolute_Failure,50.0
C09742,L5,FPGA,125.27,1.1,11.812,12.6962,13.1559,14.4159,1.2161,1.357,1.3833,1.4972,Normal,50.0
C09743,L5,DAC,124.89,1.792,12.0901,12.8603,13.9186,14.3506,1.2894,1.3785,1.5554,1.5376,Normal,50.0
C09744,L5,ASIC,125.13,1.194,11.2571,12.5002,13.5867,15.2849,1.1825,1.2812,1.4519,1.6411,Normal,50.0
C09745,L5,DAC,125.22,1.799,12.9126,13.3419,13.9515,15.3181,1.3519,1.4186,1.4646,1.6448,Normal,50.0
C09746,L5,DAC,125.98,1.792,12.4802,12.6676,12.8382,13.2421,1.3114,1.2951,1.3947,1.4078,High_Stable,50.0
C09747,L5,FPGA,124.56,1.097,10.4183,11.4802,12.2501,12.9265,1.0908,1.2018,1.3143,1.3426,Normal,50.0
C09748,L5,ADC,126.36,1.795,12.077,12.5617,13.5661,14.0661,1.2633,1.3217,1.4145,1.5251,Normal,50.0
C09749,L5,ASIC,124.74,1.225,11.1163,12.0148,12.217,12.5808,1.1554,1.2473,1.2757,1.2872,Normal,50.0
C09750,L5,ASIC,125.48,1.214,11.5527,12.2443,13.2577,14.2975,1.2135,1.2568,1.3884,1.5457,Normal,50.0
C09751,L5,DAC,124.4,1.821,11.8825,12.917,14.7072,29.044,1.2546,1.3961,1.5507,3.4237,Sudden_Anomaly,50.0
C09752,L5,ASIC,124.71,1.198,11.7504,11.6508,11.538,11.6087,1.1953,1.2531,1.202,1.1931,High_Stable,50.0
C09753,L5,ASIC,125.66,1.216,11.5047,12.5649,13.8608,15.1452,1.191,1.2826,1.4752,1.6253,Normal,50.0
C09754,L5,DAC,125.34,1.793,12.4148,13.4557,14.0742,15.3049,1.3073,1.4002,1.5106,1.6955,Normal,50.0
C09755,L5,FPGA,126.31,1.108,10.8507,12.0748,13.1413,14.888,1.1253,1.2579,1.3698,1.5941,Normal,50.0
C09756,L5,DAC,126.04,1.788,12.1722,12.811,13.1786,14.1761,1.2943,1.3531,1.4276,1.4902,Normal,50.0
C09757,L5,ASIC,125.3,1.229,11.1358,12.8422,17.5613,24.9609,1.1918,1.4017,1.9371,2.8572,Latent_Defect,50.0
C09758,L5,ADC,125.25,1.795,11.694,11.9372,12.0818,12.0144,1.2322,1.2961,1.2642,1.249,High_Stable,50.0
C09759,L5,DAC,124.58,1.796,11.798,12.9295,14.0055,15.1265,1.2539,1.3647,1.4827,1.6238,Normal,50.0
C09760,L5,FPGA,125.56,1.119,11.473,12.1457,12.8873,13.1815,1.1897,1.2555,1.3576,1.37,Normal,50.0
C09761,L5,FPGA,125.6,1.06,11.7489,12.7584,12.7124,13.7907,1.2012,1.357,1.3069,1.4531,Normal,50.0
C09762,L5,DAC,125.29,1.786,12.0609,12.7135,13.2301,13.9116,1.2746,1.3583,1.3853,1.5023,Normal,50.0
C09763,L5,FPGA,125.88,1.095,12.1226,14.5048,21.419,52.9807,1.2627,1.5615,2.4328,7.2614,Absolute_Failure,50.0
C09764,L5,DAC,125.1,1.806,12.4621,13.6185,17.4227,21.4029,1.277,1.4522,1.9286,2.3897,Latent_Defect,50.0
C09765,L5,ADC,125.36,1.79,11.7861,12.7243,12.8022,13.3901,1.2931,1.3352,1.343,1.3866,Normal,50.0
C09766,L5,ASIC,124.0,1.176,11.1841,11.1282,11.1429,11.3118,1.1733,1.1196,1.1589,1.2057,High_Stable,50.0
C09767,L5,FPGA,124.84,1.116,11.5531,12.0898,13.1505,14.6537,1.2313,1.2118,1.39,1.5825,Normal,50.0
C09768,L5,DAC,126.29,1.782,12.159,13.7853,19.4264,53.0259,1.2265,1.4633,2.1618,7.3123,Absolute_Failure,50.0
C09769,L5,ASIC,125.42,1.207,11.824,12.0299,12.1493,12.1407,1.2382,1.265,1.3085,1.2526,High_Stable,50.0
C09770,L5,FPGA,126.99,1.087,11.1343,12.2307,12.6223,13.1582,1.2073,1.261,1.2979,1.386,Normal,50.0
C09771,L5,FPGA,125.93,1.092,11.5198,12.5459,13.2104,14.3348,1.1799,1.2936,1.371,1.578,Normal,50.0
C09772,L5,ASIC,125.93,1.218,11.619,12.7505,13.9877,28.0289,1.1961,1.3208,1.4759,3.2542,Sudden_Anomaly,50.0
C09773,L5,DAC,125.32,1.798,11.7469,13.1315,21.0378,60.7542,1.2168,1.4022,2.3416,8.7057,Absolute_Failure,50.0
C09774,L5,FPGA,124.91,1.099,10.686,11.2905,11.5066,12.7206,1.0944,1.1275,1.183,1.3087,Normal,50.0
C09775,L5,FPGA,126.39,1.105,11.2129,12.1129,12.5738,13.3904,1.1568,1.241,1.3298,1.4132,Normal,50.0
C09776,L5,ADC,124.96,1.816,12.7815,13.6862,14.0822,14.0587,1.3275,1.4303,1.4763,1.5612,Normal,50.0
C09777,L5,ADC,125.31,1.785,11.6405,11.8509,12.1493,12.251,1.2217,1.2073,1.3039,1.2878,High_Stable,50.0
C09778,L5,DAC,124.32,1.783,12.162,12.9915,13.9971,13.9173,1.2525,1.3796,1.526,1.4779,Normal,50.0
C09779,L5,FPGA,125.95,1.09,11.7562,12.1816,12.4335,13.1079,1.2307,1.276,1.3235,1.3661,Normal,50.0
C09780,L5,ASIC,124.91,1.211,11.4816,12.8542,13.9702,36.1511,1.1672,1.3479,1.4715,4.4587,Sudden_Anomaly,50.0
C09781,L5,FPGA,125.06,1.114,11.7055,12.3787,13.2327,14.1721,1.2305,1.2844,1.4179,1.5534,Normal,50.0
C09782,L5,ASIC,126.21,1.202,11.4606,12.5929,16.8415,21.7222,1.1933,1.3235,1.8541,2.3998,Latent_Defect,50.0
C09783,L5,ADC,124.48,1.817,11.9914,13.231,16.2439,20.8147,1.2387,1.3949,1.7512,2.33,Latent_Defect,50.0
C09784,L5,ASIC,126.51,1.193,11.0687,11.4675,12.2576,13.4268,1.1681,1.1617,1.2246,1.3908,Normal,50.0
C09785,L5,ASIC,123.15,1.183,12.1748,14.1181,20.8286,57.0019,1.341,1.484,2.3234,8.0036,Absolute_Failure,50.0
C09786,L5,ASIC,124.63,1.211,11.517,12.9281,17.1254,22.5688,1.1961,1.3757,1.8712,2.5917,Latent_Defect,50.0
C09787,L5,FPGA,125.35,1.106,11.3858,12.3078,13.2563,13.7773,1.2115,1.287,1.3619,1.477,Normal,50.0
C09788,L5,ADC,125.36,1.814,11.991,13.07,14.2477,15.0263,1.2351,1.4113,1.5343,1.5402,Normal,50.0
C09789,L5,FPGA,125.19,1.104,11.8032,12.9611,15.3131,22.8258,1.2994,1.3949,1.6295,2.551,Latent_Defect,50.0
C09790,L5,FPGA,126.43,1.081,12.0043,13.0296,13.8317,13.913,1.2697,1.3679,1.477,1.4494,Normal,50.0
C09791,L5,ADC,124.29,1.799,11.313,12.2949,13.4661,14.3279,1.2069,1.29,1.4246,1.4967,Normal,50.0
C09792,L5,ASIC,124.59,1.188,11.9715,12.7419,13.683,14.2379,1.2073,1.3437,1.4619,1.522,Normal,50.0
C09793,L5,DAC,126.46,1.823,12.1423,13.5381,15.1917,37.8346,1.2744,1.4193,1.6161,4.7388,Sudden_Anomaly,50.0
C09794,L5,ASIC,124.22,1.205,11.7855,12.166,12.2911,12.5933,1.2007,1.2871,1.2698,1.3235,High_Stable,50.0
C09795,L5,FPGA,124.78,1.089,11.1888,12.2695,12.4974,13.7722,1.1868,1.2623,1.3688,1.5049,Normal,50.0
C09796,L5,ASIC,125.38,1.205,11.6683,12.6648,13.569,14.7077,1.1891,1.3243,1.431,1.5975,Normal,50.0
C09797,L5,DAC,125.92,1.779,12.3267,13.0176,13.1619,14.3124,1.284,1.365,1.3774,1.5708,Normal,50.0
C09798,L5,ASIC,124.11,1.207,11.0686,12.4587,12.9747,13.6836,1.1642,1.2981,1.3656,1.446,Normal,50.0
C09799,L5,ADC,125.33,1.832,12.2879,13.2643,13.9405,14.5793,1.2804,1.4032,1.4885,1.5822,Normal,50.0
C09800,L5,DAC,125.25,1.798,12.3039,12.7898,12.8987,13.6953,1.2966,1.3338,1.3466,1.4628,Normal,50.0
C09801,L5,FPGA,125.62,1.116,11.8927,12.632,13.6812,14.6984,1.2025,1.3024,1.4157,1.5338,Normal,50.0
C09802,L5,FPGA,125.85,1.09,11.1119,11.7528,12.6272,13.9102,1.1411,1.2246,1.308,1.4441,Normal,50.0
C09803,L5,DAC,125.18,1.826,12.235,14.149,19.0323,60.2759,1.2783,1.5016,2.1027,8.6604,Absolute_Failure,50.0
C09804,L5,DAC,125.2,1.786,12.1886,13.5544,14.2658,15.5886,1.2732,1.4037,1.5458,1.6744,Normal,50.0
C09805,L5,FPGA,123.98,1.108,11.8362,11.9369,12.3247,13.3039,1.2501,1.2738,1.301,1.4163,Normal,50.0
C09806,L5,DAC,124.47,1.796,12.1552,14.2164,18.569,51.1162,1.2355,1.4994,2.0479,6.9667,Absolute_Failure,50.0
C09807,L5,FPGA,126.06,1.067,10.9593,11.9457,12.0649,13.4932,1.1581,1.2482,1.2214,1.381,Normal,50.0
C09808,L5,FPGA,125.02,1.14,11.4313,11.8155,12.0104,13.1475,1.2029,1.257,1.2472,1.354,Normal,50.0
C09809,L5,ASIC,125.06,1.191,11.5605,12.6351,15.8404,22.918,1.1907,1.3118,1.7473,2.6245,Latent_Defect,50.0
C09810,L5,FPGA,126.53,1.117,11.0013,12.1972,13.032,14.5002,1.1524,1.2741,1.3594,1.5562,Normal,50.0
C09811,L5,ASIC,125.23,1.175,11.4406,12.4674,13.0367,14.1431,1.1552,1.3051,1.353,1.5198,Normal,50.0
C09812,L5,ASIC,125.16,1.205,11.6117,13.332,18.9048,54.467,1.1836,1.4337,2.0547,7.5419,Absolute_Failure,50.0
C09813,L5,DAC,126.15,1.779,11.6683,12.6561,13.5737,13.7211,1.213,1.3167,1.4607,1.4804,Normal,50.0
C09814,L5,FPGA,125.27,1.089,11.9191,12.498,13.5786,15.3178,1.2203,1.3405,1.4068,1.6632,Normal,50.0
C09815,L5,ASIC,125.02,1.198,11.2809,12.0843,14.5969,26.7468,1.1395,1.2451,1.5545,3.1055,Sudden_Anomaly,50.0
C09816,L5,FPGA,124.74,1.086,11.977,12.6827,15.5329,56.9207,1.2749,1.275,1.5992,8.0097,Absolute_Failure,50.0
C09817,L5,ADC,125.22,1.787,11.5923,12.4845,13.4508,14.2082,1.1944,1.3153,1.434,1.4787,Normal,50.0
C09818,L5,ASIC,126.49,1.188,11.3229,12.1655,12.4832,12.6661,1.2013,1.2501,1.3182,1.3559,Normal,50.0
C09819,L5,FPGA,124.86,1.097,11.2312,11.9666,12.6102,13.7735,1.1752,1.2599,1.3682,1.5119,Normal,50.0
C09820,L5,FPGA,125.82,1.092,11.1441,12.2947,12.7797,13.9829,1.164,1.2943,1.366,1.5372,Normal,50.0
C09821,L5,ASIC,125.3,1.204,11.1574,12.2197,19.6469,52.987,1.181,1.2844,2.1974,7.2362,Absolute_Failure,50.0
C09822,L5,FPGA,125.35,1.107,11.3391,11.7741,11.8829,11.9966,1.1599,1.2244,1.2582,1.2671,Normal,50.0
C09823,L5,FPGA,126.18,1.111,12.47,13.182,13.4993,13.7228,1.3759,1.3724,1.4487,1.457,Normal,50.0
C09824,L5,ASIC,125.26,1.202,11.4851,12.6257,15.0022,19.2612,1.1523,1.2847,1.646,2.1299,Latent_Defect,50.0
C09825,L5,DAC,125.77,1.814,12.0341,12.4283,13.564,15.0916,1.21,1.2885,1.4356,1.5754,Normal,50.0
C09826,L5,FPGA,124.58,1.073,11.6315,12.155,13.5968,14.9848,1.2327,1.3101,1.498,1.6232,Normal,50.0
C09827,L5,ASIC,124.78,1.192,11.1643,12.4236,13.4058,13.5521,1.1291,1.3193,1.4539,1.398,Normal,50.0
C09828,L5,FPGA,125.74,1.121,11.8364,12.794,13.1775,13.4022,1.2263,1.3706,1.3686,1.4152,Normal,50.0
C09829,L5,ASIC,124.82,1.22,11.0414,12.0865,12.4031,12.8132,1.1277,1.2845,1.3441,1.3387,Normal,50.0
C09830,L5,ASIC,125.23,1.201,11.7216,12.6502,13.2996,14.1654,1.2598,1.362,1.4333,1.5417,Normal,50.0
C09831,L5,DAC,124.41,1.808,11.569,12.5473,13.2305,13.6317,1.2029,1.3039,1.3988,1.4844,Normal,50.0
C09832,L5,ASIC,125.15,1.201,11.285,12.1178,12.5552,14.4313,1.1317,1.2713,1.2766,1.5758,Normal,50.0
C09833,L5,ASIC,125.73,1.214,11.3927,12.5978,15.1965,19.6898,1.155,1.3306,1.6208,2.1582,Latent_Defect,50.0
C09834,L5,DAC,124.53,1.773,11.8238,13.5437,16.2853,21.0593,1.269,1.4279,1.7778,2.3706,Latent_Defect,50.0
C09835,L5,ADC,124.91,1.804,11.7875,12.5892,12.8869,13.2772,1.2689,1.2755,1.3824,1.4343,Normal,50.0
C09836,L5,ASIC,125.49,1.194,11.8701,13.5574,20.5085,52.312,1.2567,1.3989,2.3067,7.1623,Absolute_Failure,50.0
C09837,L5,DAC,125.71,1.824,12.3321,12.4769,13.971,26.2641,1.2859,1.2829,1.527,3.0281,Sudden_Anomaly,50.0
C09838,L5,ADC,124.59,1.8,11.7403,12.4875,13.144,13.6741,1.2239,1.2868,1.3743,1.4536,Normal,50.0
C09839,L5,FPGA,126.44,1.099,11.1594,11.9387,12.7488,13.6443,1.1358,1.2434,1.3339,1.4522,Normal,50.0
C09840,L5,ASIC,124.72,1.2,11.4241,11.8685,12.0545,13.2912,1.2183,1.2451,1.2772,1.4066,Normal,50.0
C09841,L5,ADC,124.99,1.779,11.6957,13.829,21.3481,53.1639,1.2228,1.5147,2.3824,7.3403,Absolute_Failure,50.0
C09842,L5,ADC,124.76,1.815,12.0304,12.7886,13.7908,15.1116,1.232,1.3183,1.4677,1.6327,Normal,50.0
C09843,L5,ASIC,125.33,1.19,11.2175,12.0969,16.4694,20.5366,1.1326,1.2481,1.7665,2.3012,Latent_Defect,50.0
C09844,L5,FPGA,125.46,1.074,11.3464,11.6305,12.7419,12.7846,1.2198,1.1657,1.3597,1.3415,Normal,50.0
C09845,L5,DAC,123.83,1.817,11.9227,13.7619,18.7471,51.3531,1.2311,1.4499,2.055,6.9864,Absolute_Failure,50.0
C09846,L5,FPGA,125.4,1.111,10.8673,11.403,12.3892,13.1517,1.1179,1.1511,1.2925,1.3919,Normal,50.0
C09847,L5,ASIC,123.28,1.21,11.3717,12.4131,13.0508,14.1127,1.1839,1.3052,1.3746,1.4661,Normal,50.0
C09848,L5,FPGA,125.9,1.1,11.8881,12.4877,13.845,15.3545,1.2738,1.3117,1.4966,1.6387,Normal,50.0
C09849,L5,ADC,123.61,1.785,11.5366,11.8753,14.4201,41.6802,1.1851,1.2393,1.5315,5.3159,Sudden_Anomaly,50.0
C09850,L5,ASIC,124.43,1.201,11.1103,11.8774,12.2471,13.0106,1.1425,1.221,1.2919,1.3735,Normal,50.0
C09851,L5,ASIC,125.4,1.197,11.0113,11.8293,12.7829,13.4846,1.1466,1.2445,1.3456,1.4261,Normal,50.0
C09852,L5,ASIC,125.34,1.212,11.7748,12.475,12.8618,14.6077,1.2338,1.2836,1.337,1.5782,Normal,50.0
C09853,L5,ADC,123.48,1.821,12.007,12.5065,17.3799,54.5144,1.1991,1.3156,1.8395,7.5671,Absolute_Failure,50.0
C09854,L5,ADC,125.7,1.806,11.8187,12.0278,12.5347,13.5359,1.2281,1.2723,1.3507,1.4484,Normal,50.0
C09855,L5,FPGA,125.59,1.088,10.8474,11.6246,12.234,13.0356,1.1364,1.1934,1.3016,1.3811,Normal,50.0
C09856,L5,FPGA,125.66,1.101,11.6231,12.8145,14.7557,21.1597,1.2137,1.3519,1.5997,2.3676,Latent_Defect,50.0
C09857,L5,ADC,124.91,1.808,11.6499,13.0082,16.1957,22.8184,1.2591,1.3948,1.7489,2.6133,Latent_Defect,50.0
C09858,L5,ASIC,124.13,1.225,11.0628,11.7928,12.3622,12.4313,1.1923,1.2155,1.266,1.3428,Normal,50.0
C09859,L5,FPGA,125.71,1.09,11.367,12.2495,13.0145,13.8472,1.2286,1.289,1.3702,1.4569,Normal,50.0
C09860,L5,FPGA,125.76,1.108,11.8365,12.6811,13.401,14.1873,1.2141,1.3319,1.3821,1.4898,Normal,50.0
C09861,L5,FPGA,124.61,1.107,11.8606,11.7679,11.7359,11.4885,1.2344,1.2405,1.2092,1.1879,High_Stable,50.0
C09862,L5,FPGA,124.98,1.109,11.6935,12.842,15.2802,21.7093,1.2545,1.3158,1.6414,2.422,Latent_Defect,50.0
C09863,L5,ADC,124.64,1.818,11.6906,12.8683,14.1915,14.6909,1.1671,1.3465,1.5403,1.5821,Normal,50.0
C09864,L5,ASIC,124.17,1.206,11.0594,12.0548,12.6571,12.7196,1.1407,1.2631,1.3338,1.3651,Normal,50.0
C09865,L5,ADC,123.98,1.809,11.4418,12.1813,13.4254,14.5602,1.2179,1.2989,1.4303,1.5149,Normal,50.0
C09866,L5,ASIC,125.46,1.193,11.325,11.986,12.3706,13.7661,1.2006,1.2647,1.3208,1.4066,Normal,50.0
C09867,L5,ASIC,125.31,1.221,10.8415,11.812,11.8818,12.5451,1.12,1.1977,1.2055,1.307,Normal,50.0
C09868,L5,DAC,124.2,1.802,11.5796,12.0571,12.6079,13.6263,1.1799,1.3099,1.3261,1.4198,Normal,50.0
C09869,L5,FPGA,123.99,1.104,10.7203,11.1134,11.9433,12.2993,1.1111,1.1563,1.2691,1.3137,Normal,50.0
C09870,L5,ASIC,125.21,1.218,11.2753,12.0356,12.8878,14.3336,1.1988,1.2945,1.3776,1.5347,Normal,50.0
C09871,L5,FPGA,124.72,1.103,10.9304,11.9399,12.3559,13.5691,1.146,1.2344,1.333,1.4312,Normal,50.0
C09872,L5,DAC,125.47,1.788,11.7529,12.5106,13.0722,14.3503,1.2075,1.3467,1.343,1.5036,Normal,50.0
C09873,L5,FPGA,124.73,1.093,11.8315,13.5809,17.1674,24.7885,1.1983,1.4763,1.8984,2.9039,Latent_Defect,50.0
C09874,L5,DAC,125.46,1.793,12.1395,13.2634,14.0661,14.6741,1.2526,1.4498,1.502,1.5813,Normal,50.0
C09875,L5,ASIC,125.81,1.211,10.8561,12.8919,16.7567,23.4284,1.1394,1.3644,1.8243,2.6852,Latent_Defect,50.0
C09876,L5,DAC,125.18,1.815,12.0233,12.8431,13.8045,14.5363,1.2419,1.3605,1.4793,1.5928,Normal,50.0
C09877,L5,ASIC,125.83,1.202,10.765,12.4314,17.7702,23.1842,1.0746,1.2613,1.968,2.6467,Latent_Defect,50.0
C09878,L5,FPGA,126.09,1.096,12.1177,13.4706,17.9264,22.7144,1.2766,1.4422,1.9946,2.5731,Latent_Defect,50.0
C09879,L5,ASIC,126.96,1.205,11.7088,12.9163,17.9854,24.2301,1.2405,1.38,2.0052,2.7538,Latent_Defect,50.0
C09880,L5,ADC,125.12,1.801,11.8731,12.9875,15.1987,30.1379,1.2543,1.4155,1.6542,3.6228,Sudden_Anomaly,50.0
C09881,L5,DAC,126.88,1.808,11.4967,11.9946,12.5893,13.7002,1.1708,1.2475,1.3356,1.4214,Normal,50.0
C09882,L5,DAC,125.56,1.806,12.0467,13.2588,13.932,14.6476,1.2393,1.4016,1.4743,1.5796,Normal,50.0
C09883,L5,DAC,125.4,1.791,11.9529,12.9115,13.146,14.3187,1.2707,1.4005,1.4059,1.4893,Normal,50.0
C09884,L5,ADC,124.31,1.793,11.592,11.9363,13.0894,14.0493,1.215,1.2343,1.3858,1.4731,Normal,50.0
C09885,L5,FPGA,125.4,1.119,11.1635,12.5672,13.4655,14.5817,1.1389,1.3476,1.3804,1.5298,Normal,50.0
C09886,L5,ASIC,123.75,1.186,11.0013,12.5762,15.9494,19.5859,1.1374,1.3396,1.7047,2.1076,Latent_Defect,50.0
C09887,L5,DAC,125.6,1.781,11.9753,13.9507,20.7732,51.1095,1.2598,1.4948,2.3243,6.9622,Absolute_Failure,50.0
C09888,L5,ASIC,125.27,1.227,11.0197,12.4055,13.565,35.7941,1.1058,1.2951,1.4274,4.4454,Sudden_Anomaly,50.0
C09889,L5,ASIC,125.66,1.202,11.124,12.5606,16.3117,23.9813,1.1502,1.2721,1.782,2.7271,Latent_Defect,50.0
C09890,L5,ADC,125.15,1.814,11.5816,13.0132,15.0322,21.2888,1.1573,1.4114,1.6086,2.4075,Latent_Defect,50.0
C09891,L5,FPGA,124.74,1.102,11.8424,11.9748,12.1041,11.9789,1.2477,1.2229,1.2441,1.2467,High_Stable,50.0
C09892,L5,ADC,124.98,1.806,12.092,12.1496,13.24,13.4329,1.2458,1.2933,1.4191,1.4339,Normal,50.0
C09893,L5,ASIC,124.45,1.195,11.0583,12.211,12.52,13.5619,1.1277,1.2569,1.3544,1.4486,Normal,50.0
C09894,L5,DAC,124.8,1.797,11.3968,13.0107,14.0016,29.3646,1.2002,1.3797,1.4665,3.4875,Sudden_Anomaly,50.0
C09895,L5,ASIC,126.44,1.194,11.1567,11.1942,11.462,11.7498,1.1482,1.1711,1.1865,1.1989,High_Stable,50.0
C09896,L5,ASIC,125.58,1.214,11.5737,13.8298,18.7987,56.9791,1.261,1.4452,2.0724,8.0382,Absolute_Failure,50.0
C09897,L5,ADC,125.03,1.772,12.113,12.3867,12.6049,12.3598,1.2767,1.3255,1.3267,1.309,High_Stable,50.0
C09898,L5,FPGA,124.45,1.098,11.3921,12.5444,14.5962,21.238,1.1677,1.3079,1.5558,2.3682,Latent_Defect,50.0
C09899,L5,DAC,124.3,1.796,12.0123,12.2123,14.4358,31.2421,1.2693,1.2721,1.5352,3.7545,Sudden_Anomaly,50.0
C09900,L5,ASIC,126.32,1.208,11.3697,12.5703,12.8698,13.3976,1.1633,1.3824,1.3661,1.4292,Normal,50.0
C09901,L5,DAC,126.66,1.784,12.0699,12.7656,13.3173,14.4946,1.2942,1.3224,1.4349,1.5688,Normal,50.0
C09902,L5,ADC,124.23,1.784,11.5446,13.4752,16.854,20.3907,1.1723,1.4574,1.8258,2.295,Latent_Defect,50.0
C09903,L5,ASIC,124.0,1.228,11.6803,12.223,12.8932,13.2535,1.1947,1.2543,1.3441,1.3891,Normal,50.0
C09904,L5,FPGA,124.7,1.101,11.302,12.7329,17.5671,25.4385,1.1896,1.383,1.9677,2.9461,Latent_Defect,50.0
C09905,L5,FPGA,125.11,1.1,10.9372,11.1366,14.3355,54.4661,1.1064,1.2017,1.4796,7.5491,Absolute_Failure,50.0
C09906,L5,DAC,125.86,1.804,12.4014,13.3482,14.5189,14.5891,1.322,1.3631,1.5757,1.6164,Normal,50.0
C09907,L5,ASIC,125.21,1.225,11.4863,12.537,12.747,13.9542,1.2091,1.3074,1.356,1.48,Normal,50.0
C09908,L5,FPGA,125.71,1.122,11.6325,12.2303,12.3439,13.5207,1.2311,1.3068,1.2739,1.409,Normal,50.0
C09909,L5,ASIC,124.75,1.199,11.2964,12.3332,14.0296,14.4509,1.1113,1.2983,1.5006,1.539,Normal,50.0
C09910,L5,DAC,125.07,1.785,11.8176,12.4331,12.495,14.3477,1.2231,1.2791,1.3188,1.5142,Normal,50.0
C09911,L5,FPGA,125.49,1.102,11.8622,11.9255,12.0362,12.0541,1.2624,1.2295,1.2445,1.2346,High_Stable,50.0
C09912,L5,DAC,124.9,1.784,11.8543,13.1985,14.0333,14.7562,1.239,1.4088,1.5115,1.6167,Normal,50.0
C09913,L5,FPGA,125.19,1.092,11.6673,12.5887,13.125,13.7367,1.1669,1.3409,1.3714,1.458,Normal,50.0
C09914,L5,ADC,125.26,1.833,11.5223,13.5877,17.5227,51.9112,1.2187,1.4447,1.8915,7.0878,Absolute_Failure,50.0
C09915,L5,ASIC,124.79,1.205,11.7127,12.3148,13.093,13.3984,1.2321,1.2571,1.4159,1.4022,Normal,50.0
C09916,L5,ASIC,126.26,1.198,11.3536,11.6566,11.6912,11.4938,1.1751,1.265,1.2552,1.2297,High_Stable,50.0
C09917,L5,DAC,124.96,1.792,12.2561,13.9858,17.0165,24.0785,1.2912,1.488,1.8183,2.7613,Latent_Defect,50.0
C09918,L5,ASIC,124.78,1.208,11.5249,12.5713,13.4327,14.7334,1.2323,1.3328,1.4293,1.5771,Normal,50.0
C09919,L5,FPGA,124.34,1.067,11.265,11.9088,12.7725,13.4691,1.1666,1.2312,1.3691,1.4737,Normal,50.0
C09920,L5,ASIC,124.35,1.188,11.6343,12.7692,14.0252,14.5524,1.2031,1.3386,1.4885,1.5772,Normal,50.0
C09921,L5,ASIC,126.13,1.204,11.7978,11.7412,12.0622,11.908,1.2465,1.2176,1.2727,1.2061,High_Stable,50.0
C09922,L5,ADC,125.84,1.792,11.8613,12.1866,12.3351,13.1718,1.2235,1.2561,1.3657,1.4127,Normal,50.0
C09923,L5,DAC,125.09,1.79,11.9084,12.3758,13.1476,14.5504,1.228,1.312,1.3881,1.5441,Normal,50.0
C09924,L5,ADC,126.53,1.825,12.2389,12.9287,13.0865,13.388,1.2758,1.3466,1.3955,1.3729,Normal,50.0
C09925,L5,ASIC,124.48,1.223,11.3488,11.9297,13.5846,33.0893,1.1797,1.27,1.4264,4.0426,Sudden_Anomaly,50.0
C09926,L5,DAC,124.88,1.812,12.4665,14.4396,22.0947,50.9804,1.3761,1.5199,2.5113,6.8981,Absolute_Failure,50.0
C09927,L5,ADC,125.3,1.751,11.3954,12.3824,13.4539,14.7411,1.1414,1.2972,1.4255,1.5818,Normal,50.0
C09928,L5,DAC,125.39,1.814,11.5377,14.3885,22.697,54.7582,1.2317,1.5661,2.6032,7.6058,Absolute_Failure,50.0
C09929,L5,ASIC,124.95,1.204,11.3459,11.7848,12.5665,13.1541,1.1602,1.2567,1.2836,1.3847,Normal,50.0
C09930,L5,ASIC,124.65,1.191,11.1442,11.6431,12.0743,12.6503,1.1688,1.215,1.2548,1.3247,Normal,50.0
C09931,L5,FPGA,125.84,1.108,12.5256,12.7729,12.8736,13.0506,1.3471,1.3132,1.3465,1.4028,High_Stable,50.0
C09932,L5,ADC,125.01,1.792,11.7744,13.9422,18.6776,50.4662,1.2864,1.4514,2.0344,6.8248,Absolute_Failure,50.0
C09933,L5,DAC,124.05,1.786,11.6155,12.7138,13.2702,14.4203,1.2441,1.3344,1.3998,1.5437,Normal,50.0
C09934,L5,ASIC,124.79,1.192,11.4972,12.2346,13.0425,13.9622,1.2152,1.2875,1.3983,1.4839,Normal,50.0
C09935,L5,DAC,124.26,1.774,12.0291,12.9032,13.8589,13.8697,1.2324,1.3821,1.4624,1.4719,Normal,50.0
C09936,L5,ADC,124.31,1.794,12.2873,12.8092,13.0879,14.7331,1.2578,1.3091,1.3922,1.5593,Normal,50.0
C09937,L5,FPGA,124.33,1.093,11.9138,13.1105,13.7621,15.132,1.2488,1.424,1.4443,1.6237,Normal,50.0
C09938,L5,FPGA,125.19,1.104,11.7908,12.4082,13.5868,14.2096,1.2441,1.2598,1.4363,1.5575,Normal,50.0
C09939,L5,DAC,123.61,1.803,12.2239,13.0722,13.7606,14.9256,1.3018,1.3535,1.5276,1.5684,Normal,50.0
C09940,L5,ADC,123.18,1.829,11.864,12.8477,13.3526,14.1581,1.1977,1.3298,1.4379,1.5255,Normal,50.0
C09941,L5,ASIC,124.63,1.184,10.9224,11.4993,12.033,12.9713,1.1506,1.2044,1.24,1.3454,Normal,50.0
C09942,L5,ADC,124.2,1.784,12.2787,13.1229,16.6569,21.8751,1.313,1.3786,1.8275,2.4811,Latent_Defect,50.0
C09943,L5,ASIC,125.27,1.186,10.71,11.442,13.6277,33.4852,1.0836,1.1844,1.4041,4.0717,Sudden_Anomaly,50.0
C09944,L5,FPGA,124.29,1.11,10.8052,12.984,21.4481,55.6761,1.1042,1.3887,2.4221,7.7895,Absolute_Failure,50.0
C09945,L5,DAC,124.96,1.802,11.9767,13.4142,17.754,24.1177,1.2338,1.4115,1.9603,2.7667,Latent_Defect,50.0
C09946,L5,ASIC,126.84,1.213,11.1733,11.8866,12.8203,14.1525,1.1616,1.2168,1.38,1.4816,Normal,50.0
C09947,L5,FPGA,126.28,1.094,11.6617,12.0572,12.7518,13.5538,1.2231,1.2884,1.3793,1.4465,Normal,50.0
C09948,L5,ASIC,125.13,1.191,11.5125,12.4887,13.7672,14.4783,1.1882,1.2896,1.4453,1.5972,Normal,50.0
C09949,L5,ADC,126.05,1.804,12.3258,13.1153,15.2323,32.7824,1.2979,1.4082,1.619,3.9942,Sudden_Anomaly,50.0
C09950,L5,ASIC,125.1,1.233,11.4594,11.703,11.8565,11.9713,1.2027,1.1907,1.2676,1.2453,High_Stable,50.0
C09951,L5,ADC,125.78,1.794,12.2165,13.335,13.7613,14.6071,1.3096,1.4189,1.4789,1.5663,Normal,50.0
C09952,L5,FPGA,123.67,1.112,11.492,11.8771,12.722,14.0751,1.1796,1.2426,1.358,1.4725,Normal,50.0
C09953,L5,FPGA,125.04,1.102,11.45,14.4558,20.8787,54.3364,1.1985,1.5133,2.3018,7.5142,Absolute_Failure,50.0
C09954,L5,DAC,124.74,1.8,12.5126,12.7241,13.0828,13.2783,1.3529,1.3162,1.3849,1.3662,High_Stable,50.0
C09955,L5,ASIC,125.96,1.192,11.0633,12.2356,12.248,13.2566,1.1684,1.2863,1.2864,1.4163,Normal,50.0
C09956,L5,ADC,126.05,1.778,12.0046,12.4911,13.612,14.6158,1.2729,1.2976,1.3999,1.5561,Normal,50.0
C09957,L5,DAC,124.92,1.801,12.1906,13.4452,14.0449,14.6109,1.2872,1.4058,1.4644,1.5928,Normal,50.0
C09958,L5,ASIC,124.83,1.194,10.7985,11.503,12.7196,14.1002,1.1354,1.2223,1.3358,1.5045,Normal,50.0
C09959,L5,ADC,126.65,1.828,11.8376,12.7829,13.775,14.5959,1.226,1.3254,1.4892,1.539,Normal,50.0
C09960,L5,ASIC,125.73,1.165,11.5182,11.8884,12.6238,13.3748,1.2389,1.2398,1.3643,1.4283,Normal,50.0
C09961,L5,FPGA,124.95,1.097,11.8518,12.9326,15.9054,19.5576,1.2068,1.3789,1.7089,2.1955,Latent_Defect,50.0
C09962,L5,FPGA,124.72,1.113,11.5774,12.6416,12.9104,13.2251,1.1979,1.325,1.3815,1.3592,Normal,50.0
C09963,L5,ADC,124.54,1.798,11.2416,12.4256,12.4547,12.842,1.1103,1.2748,1.3011,1.3353,Normal,50.0
C09964,L5,DAC,124.65,1.788,12.0175,12.4658,13.2148,14.0238,1.2137,1.376,1.4121,1.486,Normal,50.0
C09965,L5,ADC,124.62,1.783,12.298,13.2471,19.8338,55.0386,1.312,1.425,2.1631,7.6431,Absolute_Failure,50.0
C09966,L5,DAC,126.18,1.8,12.0097,12.6932,13.201,14.134,1.2617,1.3251,1.3699,1.4989,Normal,50.0
C09967,L5,ASIC,123.64,1.175,11.355,12.3205,12.7623,13.7429,1.179,1.2528,1.3449,1.4287,Normal,50.0
C09968,L5,DAC,124.52,1.795,11.7527,11.7101,12.807,13.5203,1.2188,1.2012,1.3313,1.3893,Normal,50.0
C09969,L5,ADC,124.48,1.827,12.0538,14.163,22.273,55.6891,1.2414,1.5148,2.4996,7.7601,Absolute_Failure,50.0
C09970,L5,DAC,125.2,1.803,12.3657,13.2789,13.9063,15.1007,1.3225,1.4112,1.4981,1.6421,Normal,50.0
C09971,L5,ASIC,124.9,1.198,11.579,12.0129,12.8941,13.3491,1.2123,1.2322,1.34,1.4437,Normal,50.0
C09972,L5,ADC,125.21,1.8,11.5711,12.9006,15.4251,27.9926,1.2252,1.3645,1.6358,3.296,Sudden_Anomaly,50.0
C09973,L5,FPGA,125.0,1.12,11.3284,11.743,12.8719,14.068,1.1661,1.2234,1.3622,1.5179,Normal,50.0
C09974,L5,ASIC,124.77,1.252,11.6478,12.9293,18.2568,54.934,1.1839,1.3114,1.9798,7.6342,Absolute_Failure,50.0
C09975,L5,FPGA,123.97,1.084,11.5448,12.3606,12.9328,14.2698,1.196,1.3203,1.3873,1.4769,Normal,50.0
C09976,L5,ADC,125.53,1.811,11.6568,13.0666,17.1044,21.1758,1.2141,1.4233,1.8114,2.3285,Latent_Defect,50.0
C09977,L5,FPGA,125.33,1.101,11.7405,13.0815,18.1653,22.7188,1.1872,1.4062,1.9553,2.6068,Latent_Defect,50.0
C09978,L5,DAC,125.67,1.809,12.2501,13.2842,15.3361,33.7404,1.2311,1.3881,1.623,4.1336,Sudden_Anomaly,50.0
C09979,L5,DAC,126.07,1.818,11.6224,12.909,13.4483,13.4108,1.1957,1.3952,1.4153,1.442,Normal,50.0
C09980,L5,FPGA,126.15,1.092,11.373,11.446,12.1401,12.5931,1.1663,1.2143,1.2767,1.2939,Normal,50.0
C09981,L5,DAC,126.07,1.815,12.0367,12.4928,13.798,30.0665,1.2553,1.3024,1.4496,3.595,Sudden_Anomaly,50.0
C09982,L5,FPGA,124.95,1.099,11.4855,11.5579,11.3545,11.4024,1.1966,1.2082,1.1648,1.1854,High_Stable,50.0
C09983,L5,ADC,123.54,1.78,11.1404,11.616,11.7918,13.4263,1.147,1.1832,1.2982,1.4179,Normal,50.0
C09984,L5,ADC,124.91,1.804,12.0757,13.4186,14.5629,33.0281,1.2039,1.437,1.5657,4.0245,Sudden_Anomaly,50.0
C09985,L5,ADC,124.46,1.824,11.1,11.7066,12.2294,12.516,1.163,1.2344,1.3366,1.321,Normal,50.0
C09986,L5,FPGA,124.94,1.07,11.5495,11.9829,12.4312,12.9147,1.2098,1.2557,1.3066,1.344,Normal,50.0
C09987,L5,DAC,126.01,1.786,12.1386,13.1439,13.7095,14.3908,1.2646,1.411,1.4945,1.5243,Normal,50.0
C09988,L5,DAC,124.74,1.786,11.4786,12.0794,12.8267,12.9116,1.2341,1.2615,1.3214,1.334,Normal,50.0
C09989,L5,FPGA,125.95,1.104,11.4269,11.8685,12.6164,13.5221,1.1775,1.2249,1.3447,1.4585,Normal,50.0
C09990,L5,FPGA,125.03,1.089,11.5139,13.055,18.5964,51.3467,1.2016,1.3836,2.0096,6.9949,Absolute_Failure,50.0
C09991,L5,FPGA,125.32,1.077,11.6678,12.8641,13.2222,14.0772,1.229,1.3148,1.4271,1.5392,Normal,50.0
C09992,L5,ASIC,124.45,1.211,10.9913,11.9922,13.6174,39.1458,1.1705,1.2533,1.4713,4.9289,Sudden_Anomaly,50.0
C09993,L5,DAC,126.11,1.829,11.6097,12.0578,13.1612,13.5653,1.2578,1.3038,1.4298,1.4286,Normal,50.0
C09994,L5,ADC,124.7,1.811,11.845,11.9897,12.1296,12.4033,1.2904,1.2892,1.2528,1.2809,High_Stable,50.0
C09995,L5,DAC,126.31,1.767,11.332,11.6953,12.6856,13.3,1.1943,1.2458,1.345,1.3762,Normal,50.0
C09996,L5,FPGA,124.6,1.098,11.8035,12.5826,12.9342,13.9992,1.2376,1.3192,1.3165,1.5035,Normal,50.0
C09997,L5,ASIC,123.34,1.21,11.2858,12.2204,13.8838,35.1584,1.1775,1.3067,1.4747,4.3148,Sudden_Anomaly,50.0
C09998,L5,FPGA,125.28,1.096,11.6927,12.5542,13.1313,14.0073,1.2186,1.3156,1.3521,1.4891,Normal,50.0
C09999,L5,FPGA,125.05,1.103,10.9975,11.6488,16.517,56.5755,1.1221,1.2476,1.769,7.9287,Absolute_Failure,50.0
C10000,L5,FPGA,124.77,1.123,10.9944,11.8722,12.5313,14.0348,1.1562,1.2576,1.2797,1.4876,Normal,50.0
