component_id,lot_id,component_type,temperature_C,voltage_V,iddq_0h_uA,iddq_24h_uA,iddq_96h_uA,iddq_168h_uA,leakage_0h_uA,leakage_24h_uA,leakage_96h_uA,leakage_168h_uA,ground_truth,absolute_limit_uA
C14001,L8,TypeB,31.05,1.21,13.18,15.18,18.18,23.18,1.32,1.52,1.82,2.32,Latent_Defect,50
C14002,L8,TypeA,30.52,1.05,8.35,10.35,13.35,18.35,0.83,1.03,1.33,1.83,Latent_Defect,50
C14003,L8,TypeA,34.44,1.18,13.88,13.88,13.88,13.88,1.39,1.39,1.39,1.39,High_Stable,50
C14004,L8,TypeC,25.53,1.11,11.22,13.22,16.22,21.22,1.12,1.32,1.62,2.12,Latent_Defect,50
C14005,L8,TypeC,30.35,1.02,12.35,14.35,17.35,22.35,1.23,1.43,1.73,2.23,Latent_Defect,50
C14006,L8,TypeA,32.26,1.26,12.92,14.92,17.92,22.92,1.29,1.49,1.79,2.29,Latent_Defect,50
C14007,L8,TypeA,34.27,1.17,10.61,11.61,12.61,13.61,1.06,1.16,1.26,1.36,Normal,50
C14008,L8,TypeC,30.6,1.05,11.49,12.49,13.49,14.49,1.15,1.25,1.35,1.45,Normal,50
C14009,L8,TypeC,33.57,1.01,14.91,15.91,16.91,17.91,1.49,1.59,1.69,1.79,Normal,50
C14010,L8,TypeC,34.99,1.05,9.16,9.16,9.16,9.16,0.92,0.92,0.92,0.92,High_Stable,50
C14011,L8,TypeC,28.69,1.14,13.81,14.81,15.81,60.0,1.38,1.48,1.58,6.0,Absolute_Failure,50
C14012,L8,TypeA,29.79,1.14,12.04,13.04,14.04,15.04,1.2,1.3,1.4,1.5,Normal,50
C14013,L8,TypeA,33.18,1.25,11.2,12.2,13.2,60.0,1.12,1.22,1.32,6.0,Absolute_Failure,50
C14014,L8,TypeB,32.53,1.15,11.22,12.22,31.22,33.22,1.12,1.22,3.12,3.32,Sudden_Anomaly,50
C14015,L8,TypeC,28.59,1.26,11.02,12.02,13.02,14.02,1.1,1.2,1.3,1.4,Normal,50
C14016,L8,TypeC,34.76,1.15,11.87,12.87,13.87,60.0,1.19,1.29,1.39,6.0,Absolute_Failure,50
C14017,L8,TypeB,33.3,1.01,12.23,13.23,32.23,34.23,1.22,1.32,3.22,3.42,Sudden_Anomaly,50
C14018,L8,TypeA,29.51,1.22,14.5,15.5,16.5,60.0,1.45,1.55,1.65,6.0,Absolute_Failure,50
C14019,L8,TypeC,34.36,1.03,8.53,8.53,8.53,8.53,0.85,0.85,0.85,0.85,High_Stable,50
C14020,L8,TypeB,31.65,1.15,11.18,13.18,16.18,21.18,1.12,1.32,1.62,2.12,Latent_Defect,50
C14021,L8,TypeC,30.44,1.26,11.81,12.81,13.81,60.0,1.18,1.28,1.38,6.0,Absolute_Failure,50
C14022,L8,TypeB,25.97,1.28,12.86,14.86,17.86,22.86,1.29,1.49,1.79,2.29,Latent_Defect,50
C14023,L8,TypeA,34.01,1.08,13.51,14.51,15.51,16.51,1.35,1.45,1.55,1.65,Normal,50
C14024,L8,TypeB,32.53,1.17,12.36,13.36,14.36,15.36,1.24,1.34,1.44,1.54,Normal,50
C14025,L8,TypeB,34.99,1.04,13.66,14.66,15.66,60.0,1.37,1.47,1.57,6.0,Absolute_Failure,50
C14026,L8,TypeA,30.19,1.27,11.11,11.11,11.11,11.11,1.11,1.11,1.11,1.11,High_Stable,50
C14027,L8,TypeA,25.14,1.17,11.88,12.88,31.88,33.88,1.19,1.29,3.19,3.39,Sudden_Anomaly,50
C14028,L8,TypeB,33.32,1.21,10.98,10.98,10.98,10.98,1.1,1.1,1.1,1.1,High_Stable,50
C14029,L8,TypeC,25.59,1.27,12.11,13.11,14.11,15.11,1.21,1.31,1.41,1.51,Normal,50
C14030,L8,TypeA,34.91,1.04,10.73,12.73,15.73,20.73,1.07,1.27,1.57,2.07,Latent_Defect,50
C14031,L8,TypeA,31.4,1.19,11.53,12.53,13.53,60.0,1.15,1.25,1.35,6.0,Absolute_Failure,50
C14032,L8,TypeA,30.53,1.16,11.79,12.79,13.79,60.0,1.18,1.28,1.38,6.0,Absolute_Failure,50
C14033,L8,TypeA,25.39,1.21,14.19,15.19,34.19,36.19,1.42,1.52,3.42,3.62,Sudden_Anomaly,50
C14034,L8,TypeB,25.46,1.15,13.19,13.19,13.19,13.19,1.32,1.32,1.32,1.32,High_Stable,50
C14035,L8,TypeB,28.07,1.18,8.92,10.92,13.92,18.92,0.89,1.09,1.39,1.89,Latent_Defect,50
C14036,L8,TypeB,33.37,1.21,8.15,9.15,28.15,30.15,0.81,0.91,2.81,3.01,Sudden_Anomaly,50
C14037,L8,TypeC,30.45,1.06,11.22,12.22,31.22,33.22,1.12,1.22,3.12,3.32,Sudden_Anomaly,50
C14038,L8,TypeC,31.37,1.2,8.64,8.64,8.64,8.64,0.86,0.86,0.86,0.86,High_Stable,50
C14039,L8,TypeB,27.28,1.27,12.75,12.75,12.75,12.75,1.28,1.28,1.28,1.28,High_Stable,50
C14040,L8,TypeA,28.81,1.16,9.14,11.14,14.14,19.14,0.91,1.11,1.41,1.91,Latent_Defect,50
C14041,L8,TypeA,32.65,1.09,9.75,10.75,29.75,31.75,0.98,1.08,2.98,3.18,Sudden_Anomaly,50
C14042,L8,TypeA,34.42,1.03,14.88,14.88,14.88,14.88,1.49,1.49,1.49,1.49,High_Stable,50
C14043,L8,TypeA,32.11,1.18,11.21,11.21,11.21,11.21,1.12,1.12,1.12,1.12,High_Stable,50
C14044,L8,TypeB,27.79,1.05,12.82,13.82,32.82,34.82,1.28,1.38,3.28,3.48,Sudden_Anomaly,50
C14045,L8,TypeA,32.37,1.1,10.73,12.73,15.73,20.73,1.07,1.27,1.57,2.07,Latent_Defect,50
C14046,L8,TypeA,32.65,1.01,8.97,10.97,13.97,18.97,0.9,1.1,1.4,1.9,Latent_Defect,50
C14047,L8,TypeC,32.11,1.19,9.02,10.02,11.02,60.0,0.9,1.0,1.1,6.0,Absolute_Failure,50
C14048,L8,TypeA,31.05,1.23,13.62,15.62,18.62,23.62,1.36,1.56,1.86,2.36,Latent_Defect,50
C14049,L8,TypeC,34.85,1.05,12.34,13.34,32.34,34.34,1.23,1.33,3.23,3.43,Sudden_Anomaly,50
C14050,L8,TypeC,32.5,1.09,11.5,12.5,13.5,14.5,1.15,1.25,1.35,1.45,Normal,50
C14051,L8,TypeA,30.93,1.21,9.77,9.77,9.77,9.77,0.98,0.98,0.98,0.98,High_Stable,50
C14052,L8,TypeB,29.85,1.27,9.68,10.68,29.68,31.68,0.97,1.07,2.97,3.17,Sudden_Anomaly,50
C14053,L8,TypeB,29.43,1.19,12.62,14.62,17.62,22.62,1.26,1.46,1.76,2.26,Latent_Defect,50
C14054,L8,TypeB,25.5,1.18,8.31,9.31,10.31,11.31,0.83,0.93,1.03,1.13,Normal,50
C14055,L8,TypeA,33.58,1.16,11.91,12.91,13.91,60.0,1.19,1.29,1.39,6.0,Absolute_Failure,50
C14056,L8,TypeB,26.74,1.16,13.65,14.65,15.65,16.65,1.36,1.46,1.56,1.66,Normal,50
C14057,L8,TypeA,28.18,1.07,8.37,9.37,10.37,60.0,0.84,0.94,1.04,6.0,Absolute_Failure,50
C14058,L8,TypeC,30.68,1.15,14.34,14.34,14.34,14.34,1.43,1.43,1.43,1.43,High_Stable,50
C14059,L8,TypeA,33.99,1.3,12.06,13.06,14.06,60.0,1.21,1.31,1.41,6.0,Absolute_Failure,50
C14060,L8,TypeB,25.66,1.14,12.39,12.39,12.39,12.39,1.24,1.24,1.24,1.24,High_Stable,50
C14061,L8,TypeB,34.36,1.05,8.26,9.26,10.26,11.26,0.83,0.93,1.03,1.13,Normal,50
C14062,L8,TypeB,29.64,1.28,13.51,14.51,15.51,16.51,1.35,1.45,1.55,1.65,Normal,50
C14063,L8,TypeB,33.9,1.1,9.04,10.04,11.04,12.04,0.9,1.0,1.1,1.2,Normal,50
C14064,L8,TypeB,27.17,1.21,9.77,11.77,14.77,19.77,0.98,1.18,1.48,1.98,Latent_Defect,50
C14065,L8,TypeA,28.74,1.3,14.98,15.98,34.98,36.98,1.5,1.6,3.5,3.7,Sudden_Anomaly,50
C14066,L8,TypeB,26.09,1.1,9.99,10.99,29.99,31.99,1.0,1.1,3.0,3.2,Sudden_Anomaly,50
C14067,L8,TypeC,30.6,1.02,8.15,9.15,10.15,11.15,0.82,0.92,1.02,1.12,Normal,50
C14068,L8,TypeC,30.23,1.29,9.16,10.16,11.16,12.16,0.92,1.02,1.12,1.22,Normal,50
C14069,L8,TypeA,26.21,1.0,14.55,15.55,16.55,60.0,1.46,1.56,1.66,6.0,Absolute_Failure,50
C14070,L8,TypeA,29.76,1.25,13.98,14.98,33.98,35.98,1.4,1.5,3.4,3.6,Sudden_Anomaly,50
C14071,L8,TypeC,26.73,1.27,13.63,13.63,13.63,13.63,1.36,1.36,1.36,1.36,High_Stable,50
C14072,L8,TypeA,28.73,1.13,8.77,9.77,10.77,11.77,0.88,0.98,1.08,1.18,Normal,50
C14073,L8,TypeC,34.51,1.21,10.14,11.14,12.14,60.0,1.01,1.11,1.21,6.0,Absolute_Failure,50
C14074,L8,TypeB,27.55,1.07,12.81,13.81,14.81,60.0,1.28,1.38,1.48,6.0,Absolute_Failure,50
C14075,L8,TypeA,32.53,1.07,14.63,15.63,16.63,60.0,1.46,1.56,1.66,6.0,Absolute_Failure,50
C14076,L8,TypeA,28.69,1.3,13.35,15.35,18.35,23.35,1.34,1.54,1.84,2.34,Latent_Defect,50
C14077,L8,TypeA,31.81,1.23,9.31,9.31,9.31,9.31,0.93,0.93,0.93,0.93,High_Stable,50
C14078,L8,TypeC,32.67,1.18,11.74,12.74,13.74,60.0,1.17,1.27,1.37,6.0,Absolute_Failure,50
C14079,L8,TypeC,28.74,1.09,9.91,10.91,11.91,12.91,0.99,1.09,1.19,1.29,Normal,50
C14080,L8,TypeB,33.69,1.22,9.5,10.5,11.5,60.0,0.95,1.05,1.15,6.0,Absolute_Failure,50
C14081,L8,TypeC,26.8,1.01,11.6,11.6,11.6,11.6,1.16,1.16,1.16,1.16,High_Stable,50
C14082,L8,TypeA,33.1,1.07,10.81,11.81,30.81,32.81,1.08,1.18,3.08,3.28,Sudden_Anomaly,50
C14083,L8,TypeC,34.17,1.24,12.65,13.65,32.65,34.65,1.26,1.36,3.26,3.46,Sudden_Anomaly,50
C14084,L8,TypeA,31.51,1.11,13.08,14.08,15.08,60.0,1.31,1.41,1.51,6.0,Absolute_Failure,50
C14085,L8,TypeB,30.49,1.07,8.27,9.27,28.27,30.27,0.83,0.93,2.83,3.03,Sudden_Anomaly,50
C14086,L8,TypeB,30.96,1.29,10.59,11.59,12.59,60.0,1.06,1.16,1.26,6.0,Absolute_Failure,50
C14087,L8,TypeC,27.46,1.03,10.3,11.3,12.3,60.0,1.03,1.13,1.23,6.0,Absolute_Failure,50
C14088,L8,TypeA,33.73,1.03,9.68,10.68,11.68,60.0,0.97,1.07,1.17,6.0,Absolute_Failure,50
C14089,L8,TypeB,26.82,1.01,12.53,13.53,14.53,60.0,1.25,1.35,1.45,6.0,Absolute_Failure,50
C14090,L8,TypeC,34.39,1.21,14.56,16.56,19.56,24.56,1.46,1.66,1.96,2.46,Latent_Defect,50
C14091,L8,TypeB,31.19,1.29,11.12,12.12,31.12,33.12,1.11,1.21,3.11,3.31,Sudden_Anomaly,50
C14092,L8,TypeB,30.17,1.2,13.88,13.88,13.88,13.88,1.39,1.39,1.39,1.39,High_Stable,50
C14093,L8,TypeA,32.21,1.23,12.02,13.02,14.02,15.02,1.2,1.3,1.4,1.5,Normal,50
C14094,L8,TypeC,32.84,1.04,13.92,14.92,15.92,60.0,1.39,1.49,1.59,6.0,Absolute_Failure,50
C14095,L8,TypeA,25.72,1.12,13.11,14.11,33.11,35.11,1.31,1.41,3.31,3.51,Sudden_Anomaly,50
C14096,L8,TypeA,28.74,1.1,10.18,11.18,30.18,32.18,1.02,1.12,3.02,3.22,Sudden_Anomaly,50
C14097,L8,TypeC,26.39,1.29,13.45,14.45,15.45,16.45,1.34,1.44,1.54,1.64,Normal,50
C14098,L8,TypeA,25.99,1.06,8.45,9.45,10.45,60.0,0.85,0.95,1.05,6.0,Absolute_Failure,50
C14099,L8,TypeA,32.97,1.13,11.61,13.61,16.61,21.61,1.16,1.36,1.66,2.16,Latent_Defect,50
C14100,L8,TypeA,32.13,1.1,11.13,12.13,13.13,60.0,1.11,1.21,1.31,6.0,Absolute_Failure,50
C14101,L8,TypeC,29.71,1.15,10.14,10.14,10.14,10.14,1.01,1.01,1.01,1.01,High_Stable,50
C14102,L8,TypeA,26.66,1.17,12.66,12.66,12.66,12.66,1.27,1.27,1.27,1.27,High_Stable,50
C14103,L8,TypeB,32.88,1.26,13.38,14.38,15.38,16.38,1.34,1.44,1.54,1.64,Normal,50
C14104,L8,TypeA,29.65,1.0,9.88,10.88,29.88,31.88,0.99,1.09,2.99,3.19,Sudden_Anomaly,50
C14105,L8,TypeC,27.12,1.21,13.05,15.05,18.05,23.05,1.3,1.5,1.8,2.3,Latent_Defect,50
C14106,L8,TypeA,27.16,1.07,13.75,14.75,15.75,60.0,1.38,1.48,1.58,6.0,Absolute_Failure,50
C14107,L8,TypeA,26.96,1.1,11.7,12.7,13.7,14.7,1.17,1.27,1.37,1.47,Normal,50
C14108,L8,TypeC,27.3,1.3,11.48,12.48,13.48,14.48,1.15,1.25,1.35,1.45,Normal,50
C14109,L8,TypeC,33.28,1.26,8.44,9.44,10.44,60.0,0.84,0.94,1.04,6.0,Absolute_Failure,50
C14110,L8,TypeC,33.7,1.24,13.84,14.84,15.84,60.0,1.38,1.48,1.58,6.0,Absolute_Failure,50
C14111,L8,TypeA,29.38,1.11,12.79,13.79,14.79,15.79,1.28,1.38,1.48,1.58,Normal,50
C14112,L8,TypeA,34.55,1.22,8.76,8.76,8.76,8.76,0.88,0.88,0.88,0.88,High_Stable,50
C14113,L8,TypeA,34.95,1.01,14.79,15.79,16.79,60.0,1.48,1.58,1.68,6.0,Absolute_Failure,50
C14114,L8,TypeB,26.73,1.18,12.67,13.67,14.67,15.67,1.27,1.37,1.47,1.57,Normal,50
C14115,L8,TypeC,29.83,1.22,10.13,11.13,12.13,13.13,1.01,1.11,1.21,1.31,Normal,50
C14116,L8,TypeB,26.33,1.15,9.55,9.55,9.55,9.55,0.95,0.95,0.95,0.95,High_Stable,50
C14117,L8,TypeB,25.29,1.22,10.92,10.92,10.92,10.92,1.09,1.09,1.09,1.09,High_Stable,50
C14118,L8,TypeB,30.03,1.23,10.28,11.28,12.28,60.0,1.03,1.13,1.23,6.0,Absolute_Failure,50
C14119,L8,TypeB,27.97,1.24,14.65,15.65,16.65,60.0,1.46,1.56,1.66,6.0,Absolute_Failure,50
C14120,L8,TypeB,31.67,1.29,9.76,9.76,9.76,9.76,0.98,0.98,0.98,0.98,High_Stable,50
C14121,L8,TypeC,28.18,1.09,13.32,14.32,15.32,16.32,1.33,1.43,1.53,1.63,Normal,50
C14122,L8,TypeB,33.26,1.19,14.75,15.75,16.75,17.75,1.47,1.57,1.67,1.77,Normal,50
C14123,L8,TypeC,28.51,1.23,11.38,12.38,31.38,33.38,1.14,1.24,3.14,3.34,Sudden_Anomaly,50
C14124,L8,TypeB,27.25,1.09,13.75,13.75,13.75,13.75,1.38,1.38,1.38,1.38,High_Stable,50
C14125,L8,TypeA,26.87,1.25,10.73,11.73,12.73,13.73,1.07,1.17,1.27,1.37,Normal,50
C14126,L8,TypeC,34.63,1.27,10.45,11.45,12.45,13.45,1.05,1.15,1.25,1.35,Normal,50
C14127,L8,TypeC,30.36,1.16,10.74,12.74,15.74,20.74,1.07,1.27,1.57,2.07,Latent_Defect,50
C14128,L8,TypeB,33.71,1.1,14.23,15.23,16.23,60.0,1.42,1.52,1.62,6.0,Absolute_Failure,50
C14129,L8,TypeA,32.29,1.14,13.3,14.3,15.3,60.0,1.33,1.43,1.53,6.0,Absolute_Failure,50
C14130,L8,TypeC,31.36,1.22,11.23,12.23,13.23,14.23,1.12,1.22,1.32,1.42,Normal,50
C14131,L8,TypeB,32.23,1.28,11.39,13.39,16.39,21.39,1.14,1.34,1.64,2.14,Latent_Defect,50
C14132,L8,TypeB,32.42,1.12,8.74,8.74,8.74,8.74,0.87,0.87,0.87,0.87,High_Stable,50
C14133,L8,TypeB,33.41,1.14,8.44,9.44,10.44,11.44,0.84,0.94,1.04,1.14,Normal,50
C14134,L8,TypeB,25.25,1.14,13.47,15.47,18.47,23.47,1.35,1.55,1.85,2.35,Latent_Defect,50
C14135,L8,TypeB,29.57,1.11,9.71,10.71,11.71,12.71,0.97,1.07,1.17,1.27,Normal,50
C14136,L8,TypeC,25.96,1.24,11.88,12.88,31.88,33.88,1.19,1.29,3.19,3.39,Sudden_Anomaly,50
C14137,L8,TypeB,33.77,1.12,8.85,9.85,28.85,30.85,0.89,0.99,2.89,3.09,Sudden_Anomaly,50
C14138,L8,TypeC,25.07,1.11,10.58,12.58,15.58,20.58,1.06,1.26,1.56,2.06,Latent_Defect,50
C14139,L8,TypeC,28.19,1.28,9.22,10.22,11.22,60.0,0.92,1.02,1.12,6.0,Absolute_Failure,50
C14140,L8,TypeC,30.71,1.21,13.72,15.72,18.72,23.72,1.37,1.57,1.87,2.37,Latent_Defect,50
C14141,L8,TypeC,27.97,1.19,8.85,9.85,10.85,60.0,0.89,0.99,1.09,6.0,Absolute_Failure,50
C14142,L8,TypeC,26.17,1.08,13.97,14.97,15.97,16.97,1.4,1.5,1.6,1.7,Normal,50
C14143,L8,TypeB,34.44,1.05,11.15,12.15,13.15,14.15,1.11,1.21,1.31,1.41,Normal,50
C14144,L8,TypeB,27.86,1.15,9.28,10.28,11.28,12.28,0.93,1.03,1.13,1.23,Normal,50
C14145,L8,TypeC,32.29,1.17,13.15,14.15,15.15,60.0,1.32,1.42,1.52,6.0,Absolute_Failure,50
C14146,L8,TypeA,33.68,1.22,9.09,11.09,14.09,19.09,0.91,1.11,1.41,1.91,Latent_Defect,50
C14147,L8,TypeC,30.43,1.02,12.73,12.73,12.73,12.73,1.27,1.27,1.27,1.27,High_Stable,50
C14148,L8,TypeC,31.89,1.17,10.21,11.21,12.21,13.21,1.02,1.12,1.22,1.32,Normal,50
C14149,L8,TypeC,26.3,1.17,14.85,14.85,14.85,14.85,1.48,1.48,1.48,1.48,High_Stable,50
C14150,L8,TypeC,33.0,1.15,8.62,10.62,13.62,18.62,0.86,1.06,1.36,1.86,Latent_Defect,50
C14151,L8,TypeC,34.8,1.27,11.42,11.42,11.42,11.42,1.14,1.14,1.14,1.14,High_Stable,50
C14152,L8,TypeC,28.12,1.2,13.95,14.95,15.95,60.0,1.39,1.49,1.59,6.0,Absolute_Failure,50
C14153,L8,TypeA,31.57,1.26,9.56,11.56,14.56,19.56,0.96,1.16,1.46,1.96,Latent_Defect,50
C14154,L8,TypeB,27.28,1.22,13.7,13.7,13.7,13.7,1.37,1.37,1.37,1.37,High_Stable,50
C14155,L8,TypeA,30.95,1.19,8.41,9.41,10.41,11.41,0.84,0.94,1.04,1.14,Normal,50
C14156,L8,TypeB,30.76,1.07,13.33,13.33,13.33,13.33,1.33,1.33,1.33,1.33,High_Stable,50
C14157,L8,TypeC,29.6,1.13,13.09,14.09,33.09,35.09,1.31,1.41,3.31,3.51,Sudden_Anomaly,50
C14158,L8,TypeA,29.95,1.18,12.4,13.4,32.4,34.4,1.24,1.34,3.24,3.44,Sudden_Anomaly,50
C14159,L8,TypeB,34.1,1.11,10.35,10.35,10.35,10.35,1.03,1.03,1.03,1.03,High_Stable,50
C14160,L8,TypeA,29.39,1.13,10.83,11.83,12.83,13.83,1.08,1.18,1.28,1.38,Normal,50
C14161,L8,TypeB,30.28,1.03,10.56,11.56,12.56,60.0,1.06,1.16,1.26,6.0,Absolute_Failure,50
C14162,L8,TypeA,30.43,1.06,8.18,10.18,13.18,18.18,0.82,1.02,1.32,1.82,Latent_Defect,50
C14163,L8,TypeB,34.12,1.14,14.36,16.36,19.36,24.36,1.44,1.64,1.94,2.44,Latent_Defect,50
C14164,L8,TypeB,33.92,1.02,8.26,9.26,10.26,11.26,0.83,0.93,1.03,1.13,Normal,50
C14165,L8,TypeB,28.46,1.01,14.8,16.8,19.8,24.8,1.48,1.68,1.98,2.48,Latent_Defect,50
C14166,L8,TypeC,27.83,1.24,11.67,12.67,13.67,60.0,1.17,1.27,1.37,6.0,Absolute_Failure,50
C14167,L8,TypeA,30.43,1.01,14.3,14.3,14.3,14.3,1.43,1.43,1.43,1.43,High_Stable,50
C14168,L8,TypeA,25.58,1.11,12.53,13.53,32.53,34.53,1.25,1.35,3.25,3.45,Sudden_Anomaly,50
C14169,L8,TypeB,28.97,1.05,12.56,12.56,12.56,12.56,1.26,1.26,1.26,1.26,High_Stable,50
C14170,L8,TypeC,27.0,1.07,14.12,15.12,34.12,36.12,1.41,1.51,3.41,3.61,Sudden_Anomaly,50
C14171,L8,TypeA,33.5,1.07,12.76,12.76,12.76,12.76,1.28,1.28,1.28,1.28,High_Stable,50
C14172,L8,TypeA,28.37,1.01,11.1,12.1,13.1,60.0,1.11,1.21,1.31,6.0,Absolute_Failure,50
C14173,L8,TypeB,26.43,1.29,13.77,14.77,33.77,35.77,1.38,1.48,3.38,3.58,Sudden_Anomaly,50
C14174,L8,TypeC,25.42,1.22,8.07,9.07,10.07,11.07,0.81,0.91,1.01,1.11,Normal,50
C14175,L8,TypeB,25.36,1.06,10.0,11.0,12.0,13.0,1.0,1.1,1.2,1.3,Normal,50
C14176,L8,TypeA,31.8,1.28,9.49,11.49,14.49,19.49,0.95,1.15,1.45,1.95,Latent_Defect,50
C14177,L8,TypeC,32.12,1.12,12.91,14.91,17.91,22.91,1.29,1.49,1.79,2.29,Latent_Defect,50
C14178,L8,TypeC,27.67,1.17,14.4,15.4,16.4,60.0,1.44,1.54,1.64,6.0,Absolute_Failure,50
C14179,L8,TypeA,25.92,1.06,11.53,13.53,16.53,21.53,1.15,1.35,1.65,2.15,Latent_Defect,50
C14180,L8,TypeC,27.99,1.07,13.83,15.83,18.83,23.83,1.38,1.58,1.88,2.38,Latent_Defect,50
C14181,L8,TypeC,29.44,1.24,11.77,13.77,16.77,21.77,1.18,1.38,1.68,2.18,Latent_Defect,50
C14182,L8,TypeB,28.25,1.08,13.39,14.39,33.39,35.39,1.34,1.44,3.34,3.54,Sudden_Anomaly,50
C14183,L8,TypeB,31.02,1.19,10.48,11.48,30.48,32.48,1.05,1.15,3.05,3.25,Sudden_Anomaly,50
C14184,L8,TypeB,32.71,1.29,11.58,11.58,11.58,11.58,1.16,1.16,1.16,1.16,High_Stable,50
C14185,L8,TypeA,29.6,1.18,10.81,12.81,15.81,20.81,1.08,1.28,1.58,2.08,Latent_Defect,50
C14186,L8,TypeC,28.83,1.3,11.44,12.44,13.44,60.0,1.14,1.24,1.34,6.0,Absolute_Failure,50
C14187,L8,TypeA,25.57,1.1,10.97,11.97,12.97,60.0,1.1,1.2,1.3,6.0,Absolute_Failure,50
C14188,L8,TypeA,34.07,1.23,13.73,14.73,15.73,60.0,1.37,1.47,1.57,6.0,Absolute_Failure,50
C14189,L8,TypeA,34.01,1.09,14.35,16.35,19.35,24.35,1.43,1.63,1.93,2.43,Latent_Defect,50
C14190,L8,TypeB,26.45,1.24,12.03,13.03,14.03,15.03,1.2,1.3,1.4,1.5,Normal,50
C14191,L8,TypeC,31.44,1.27,9.48,11.48,14.48,19.48,0.95,1.15,1.45,1.95,Latent_Defect,50
C14192,L8,TypeC,30.98,1.01,9.24,9.24,9.24,9.24,0.92,0.92,0.92,0.92,High_Stable,50
C14193,L8,TypeC,28.31,1.17,12.92,12.92,12.92,12.92,1.29,1.29,1.29,1.29,High_Stable,50
C14194,L8,TypeB,34.61,1.07,13.85,13.85,13.85,13.85,1.38,1.38,1.38,1.38,High_Stable,50
C14195,L8,TypeC,31.86,1.07,8.04,8.04,8.04,8.04,0.8,0.8,0.8,0.8,High_Stable,50
C14196,L8,TypeA,25.71,1.18,13.21,13.21,13.21,13.21,1.32,1.32,1.32,1.32,High_Stable,50
C14197,L8,TypeA,26.4,1.13,8.35,9.35,10.35,60.0,0.84,0.94,1.04,6.0,Absolute_Failure,50
C14198,L8,TypeC,31.28,1.13,8.43,9.43,10.43,60.0,0.84,0.94,1.04,6.0,Absolute_Failure,50
C14199,L8,TypeB,27.05,1.13,9.4,10.4,11.4,12.4,0.94,1.04,1.14,1.24,Normal,50
C14200,L8,TypeA,28.38,1.02,13.09,13.09,13.09,13.09,1.31,1.31,1.31,1.31,High_Stable,50
C14201,L8,TypeA,25.85,1.17,11.97,13.97,16.97,21.97,1.2,1.4,1.7,2.2,Latent_Defect,50
C14202,L8,TypeB,31.27,1.21,14.6,16.6,19.6,24.6,1.46,1.66,1.96,2.46,Latent_Defect,50
C14203,L8,TypeA,32.9,1.29,10.23,12.23,15.23,20.23,1.02,1.22,1.52,2.02,Latent_Defect,50
C14204,L8,TypeC,34.13,1.15,9.98,9.98,9.98,9.98,1.0,1.0,1.0,1.0,High_Stable,50
C14205,L8,TypeA,28.16,1.12,12.18,13.18,14.18,60.0,1.22,1.32,1.42,6.0,Absolute_Failure,50
C14206,L8,TypeB,25.85,1.22,14.13,16.13,19.13,24.13,1.41,1.61,1.91,2.41,Latent_Defect,50
C14207,L8,TypeB,31.36,1.11,11.44,12.44,13.44,14.44,1.14,1.24,1.34,1.44,Normal,50
C14208,L8,TypeC,32.08,1.26,14.3,15.3,16.3,17.3,1.43,1.53,1.63,1.73,Normal,50
C14209,L8,TypeB,28.69,1.27,11.87,12.87,13.87,60.0,1.19,1.29,1.39,6.0,Absolute_Failure,50
C14210,L8,TypeA,32.69,1.23,13.24,13.24,13.24,13.24,1.32,1.32,1.32,1.32,High_Stable,50
C14211,L8,TypeA,25.15,1.04,12.41,12.41,12.41,12.41,1.24,1.24,1.24,1.24,High_Stable,50
C14212,L8,TypeC,30.06,1.27,12.73,13.73,14.73,15.73,1.27,1.37,1.47,1.57,Normal,50
C14213,L8,TypeC,26.57,1.25,14.88,15.88,16.88,17.88,1.49,1.59,1.69,1.79,Normal,50
C14214,L8,TypeB,34.16,1.09,11.23,12.23,13.23,14.23,1.12,1.22,1.32,1.42,Normal,50
C14215,L8,TypeC,30.36,1.02,14.43,14.43,14.43,14.43,1.44,1.44,1.44,1.44,High_Stable,50
C14216,L8,TypeA,28.61,1.13,9.56,10.56,29.56,31.56,0.96,1.06,2.96,3.16,Sudden_Anomaly,50
C14217,L8,TypeC,25.75,1.28,11.93,12.93,31.93,33.93,1.19,1.29,3.19,3.39,Sudden_Anomaly,50
C14218,L8,TypeA,30.97,1.08,11.13,12.13,13.13,60.0,1.11,1.21,1.31,6.0,Absolute_Failure,50
C14219,L8,TypeB,30.83,1.26,13.64,14.64,33.64,35.64,1.36,1.46,3.36,3.56,Sudden_Anomaly,50
C14220,L8,TypeB,34.61,1.13,8.84,9.84,10.84,11.84,0.88,0.98,1.08,1.18,Normal,50
C14221,L8,TypeC,27.4,1.23,14.26,14.26,14.26,14.26,1.43,1.43,1.43,1.43,High_Stable,50
C14222,L8,TypeA,26.16,1.15,8.36,9.36,28.36,30.36,0.84,0.94,2.84,3.04,Sudden_Anomaly,50
C14223,L8,TypeB,32.49,1.07,8.88,8.88,8.88,8.88,0.89,0.89,0.89,0.89,High_Stable,50
C14224,L8,TypeC,29.61,1.15,12.66,13.66,32.66,34.66,1.27,1.37,3.27,3.47,Sudden_Anomaly,50
C14225,L8,TypeA,26.0,1.29,8.46,9.46,10.46,60.0,0.85,0.95,1.05,6.0,Absolute_Failure,50
C14226,L8,TypeA,32.0,1.14,14.22,16.22,19.22,24.22,1.42,1.62,1.92,2.42,Latent_Defect,50
C14227,L8,TypeA,28.59,1.23,13.82,14.82,15.82,60.0,1.38,1.48,1.58,6.0,Absolute_Failure,50
C14228,L8,TypeC,25.28,1.18,10.13,11.13,12.13,60.0,1.01,1.11,1.21,6.0,Absolute_Failure,50
C14229,L8,TypeB,32.99,1.29,10.03,10.03,10.03,10.03,1.0,1.0,1.0,1.0,High_Stable,50
C14230,L8,TypeB,26.11,1.28,10.8,11.8,12.8,13.8,1.08,1.18,1.28,1.38,Normal,50
C14231,L8,TypeA,29.38,1.18,11.13,13.13,16.13,21.13,1.11,1.31,1.61,2.11,Latent_Defect,50
C14232,L8,TypeB,27.93,1.22,9.12,9.12,9.12,9.12,0.91,0.91,0.91,0.91,High_Stable,50
C14233,L8,TypeC,31.57,1.04,13.34,15.34,18.34,23.34,1.33,1.53,1.83,2.33,Latent_Defect,50
C14234,L8,TypeB,30.65,1.29,12.72,12.72,12.72,12.72,1.27,1.27,1.27,1.27,High_Stable,50
C14235,L8,TypeC,31.86,1.07,9.5,10.5,29.5,31.5,0.95,1.05,2.95,3.15,Sudden_Anomaly,50
C14236,L8,TypeC,29.43,1.17,11.44,12.44,13.44,60.0,1.14,1.24,1.34,6.0,Absolute_Failure,50
C14237,L8,TypeA,30.79,1.06,9.03,11.03,14.03,19.03,0.9,1.1,1.4,1.9,Latent_Defect,50
C14238,L8,TypeC,32.84,1.07,13.6,15.6,18.6,23.6,1.36,1.56,1.86,2.36,Latent_Defect,50
C14239,L8,TypeB,31.6,1.28,12.53,13.53,32.53,34.53,1.25,1.35,3.25,3.45,Sudden_Anomaly,50
C14240,L8,TypeA,26.26,1.14,11.15,11.15,11.15,11.15,1.12,1.12,1.12,1.12,High_Stable,50
C14241,L8,TypeC,30.4,1.07,11.68,12.68,13.68,60.0,1.17,1.27,1.37,6.0,Absolute_Failure,50
C14242,L8,TypeA,29.92,1.0,10.1,10.1,10.1,10.1,1.01,1.01,1.01,1.01,High_Stable,50
C14243,L8,TypeB,28.06,1.19,14.28,15.28,16.28,17.28,1.43,1.53,1.63,1.73,Normal,50
C14244,L8,TypeA,32.04,1.05,12.08,12.08,12.08,12.08,1.21,1.21,1.21,1.21,High_Stable,50
C14245,L8,TypeC,34.78,1.27,13.65,15.65,18.65,23.65,1.36,1.56,1.86,2.36,Latent_Defect,50
C14246,L8,TypeB,26.72,1.12,13.59,14.59,15.59,60.0,1.36,1.46,1.56,6.0,Absolute_Failure,50
C14247,L8,TypeA,26.2,1.27,13.7,14.7,15.7,60.0,1.37,1.47,1.57,6.0,Absolute_Failure,50
C14248,L8,TypeC,29.55,1.09,12.22,14.22,17.22,22.22,1.22,1.42,1.72,2.22,Latent_Defect,50
C14249,L8,TypeA,26.16,1.28,13.8,14.8,15.8,16.8,1.38,1.48,1.58,1.68,Normal,50
C14250,L8,TypeC,30.94,1.26,14.0,15.0,34.0,36.0,1.4,1.5,3.4,3.6,Sudden_Anomaly,50
C14251,L8,TypeA,27.96,1.19,9.63,10.63,29.63,31.63,0.96,1.06,2.96,3.16,Sudden_Anomaly,50
C14252,L8,TypeA,29.41,1.12,12.08,13.08,14.08,60.0,1.21,1.31,1.41,6.0,Absolute_Failure,50
C14253,L8,TypeC,34.8,1.2,10.28,12.28,15.28,20.28,1.03,1.23,1.53,2.03,Latent_Defect,50
C14254,L8,TypeB,32.13,1.23,12.72,13.72,32.72,34.72,1.27,1.37,3.27,3.47,Sudden_Anomaly,50
C14255,L8,TypeA,25.27,1.06,8.77,10.77,13.77,18.77,0.88,1.08,1.38,1.88,Latent_Defect,50
C14256,L8,TypeB,32.21,1.28,10.34,11.34,12.34,60.0,1.03,1.13,1.23,6.0,Absolute_Failure,50
C14257,L8,TypeC,29.43,1.11,10.55,11.55,12.55,13.55,1.05,1.15,1.25,1.35,Normal,50
C14258,L8,TypeB,31.47,1.25,9.32,10.32,11.32,60.0,0.93,1.03,1.13,6.0,Absolute_Failure,50
C14259,L8,TypeC,32.39,1.3,10.43,11.43,12.43,13.43,1.04,1.14,1.24,1.34,Normal,50
C14260,L8,TypeB,31.34,1.14,8.42,9.42,28.42,30.42,0.84,0.94,2.84,3.04,Sudden_Anomaly,50
C14261,L8,TypeA,32.81,1.2,13.48,14.48,15.48,60.0,1.35,1.45,1.55,6.0,Absolute_Failure,50
C14262,L8,TypeA,27.14,1.16,13.38,15.38,18.38,23.38,1.34,1.54,1.84,2.34,Latent_Defect,50
C14263,L8,TypeC,34.79,1.24,14.62,16.62,19.62,24.62,1.46,1.66,1.96,2.46,Latent_Defect,50
C14264,L8,TypeA,32.68,1.22,14.49,14.49,14.49,14.49,1.45,1.45,1.45,1.45,High_Stable,50
C14265,L8,TypeA,33.93,1.05,10.84,11.84,12.84,60.0,1.08,1.18,1.28,6.0,Absolute_Failure,50
C14266,L8,TypeA,27.91,1.24,11.57,12.57,13.57,60.0,1.16,1.26,1.36,6.0,Absolute_Failure,50
C14267,L8,TypeA,27.24,1.26,14.2,14.2,14.2,14.2,1.42,1.42,1.42,1.42,High_Stable,50
C14268,L8,TypeB,27.66,1.07,13.52,13.52,13.52,13.52,1.35,1.35,1.35,1.35,High_Stable,50
C14269,L8,TypeA,32.13,1.22,11.48,12.48,13.48,60.0,1.15,1.25,1.35,6.0,Absolute_Failure,50
C14270,L8,TypeC,33.77,1.17,14.06,14.06,14.06,14.06,1.41,1.41,1.41,1.41,High_Stable,50
C14271,L8,TypeB,31.48,1.17,13.95,15.95,18.95,23.95,1.4,1.6,1.9,2.4,Latent_Defect,50
C14272,L8,TypeA,27.25,1.1,9.13,10.13,29.13,31.13,0.91,1.01,2.91,3.11,Sudden_Anomaly,50
C14273,L8,TypeC,28.88,1.1,10.95,12.95,15.95,20.95,1.09,1.29,1.59,2.09,Latent_Defect,50
C14274,L8,TypeB,29.28,1.2,11.26,12.26,13.26,60.0,1.13,1.23,1.33,6.0,Absolute_Failure,50
C14275,L8,TypeA,27.33,1.12,14.03,15.03,16.03,60.0,1.4,1.5,1.6,6.0,Absolute_Failure,50
C14276,L8,TypeA,28.05,1.18,11.7,13.7,16.7,21.7,1.17,1.37,1.67,2.17,Latent_Defect,50
C14277,L8,TypeA,30.51,1.08,14.38,15.38,16.38,17.38,1.44,1.54,1.64,1.74,Normal,50
C14278,L8,TypeB,27.21,1.07,14.14,15.14,34.14,36.14,1.41,1.51,3.41,3.61,Sudden_Anomaly,50
C14279,L8,TypeA,31.66,1.19,8.69,10.69,13.69,18.69,0.87,1.07,1.37,1.87,Latent_Defect,50
C14280,L8,TypeB,31.03,1.09,8.2,9.2,10.2,11.2,0.82,0.92,1.02,1.12,Normal,50
C14281,L8,TypeA,32.04,1.18,11.58,12.58,13.58,14.58,1.16,1.26,1.36,1.46,Normal,50
C14282,L8,TypeC,33.69,1.19,8.98,9.98,28.98,30.98,0.9,1.0,2.9,3.1,Sudden_Anomaly,50
C14283,L8,TypeC,30.21,1.05,11.52,12.52,13.52,60.0,1.15,1.25,1.35,6.0,Absolute_Failure,50
C14284,L8,TypeA,32.18,1.11,12.8,12.8,12.8,12.8,1.28,1.28,1.28,1.28,High_Stable,50
C14285,L8,TypeB,33.34,1.09,10.72,11.72,12.72,13.72,1.07,1.17,1.27,1.37,Normal,50
C14286,L8,TypeC,31.9,1.06,8.25,9.25,28.25,30.25,0.82,0.92,2.82,3.02,Sudden_Anomaly,50
C14287,L8,TypeA,27.07,1.23,14.56,15.56,16.56,60.0,1.46,1.56,1.66,6.0,Absolute_Failure,50
C14288,L8,TypeA,29.46,1.16,9.55,11.55,14.55,19.55,0.96,1.16,1.46,1.96,Latent_Defect,50
C14289,L8,TypeA,26.61,1.11,14.94,15.94,16.94,60.0,1.49,1.59,1.69,6.0,Absolute_Failure,50
C14290,L8,TypeC,32.93,1.29,12.98,14.98,17.98,22.98,1.3,1.5,1.8,2.3,Latent_Defect,50
C14291,L8,TypeA,28.09,1.03,13.97,15.97,18.97,23.97,1.4,1.6,1.9,2.4,Latent_Defect,50
C14292,L8,TypeB,30.65,1.16,10.88,11.88,12.88,60.0,1.09,1.19,1.29,6.0,Absolute_Failure,50
C14293,L8,TypeB,31.04,1.23,12.09,13.09,14.09,60.0,1.21,1.31,1.41,6.0,Absolute_Failure,50
C14294,L8,TypeB,27.76,1.05,11.35,12.35,31.35,33.35,1.13,1.23,3.13,3.33,Sudden_Anomaly,50
C14295,L8,TypeA,28.54,1.21,9.4,10.4,11.4,60.0,0.94,1.04,1.14,6.0,Absolute_Failure,50
C14296,L8,TypeA,28.99,1.28,11.59,12.59,13.59,60.0,1.16,1.26,1.36,6.0,Absolute_Failure,50
C14297,L8,TypeC,32.38,1.25,14.37,14.37,14.37,14.37,1.44,1.44,1.44,1.44,High_Stable,50
C14298,L8,TypeA,28.44,1.06,10.65,11.65,12.65,13.65,1.06,1.16,1.26,1.36,Normal,50
C14299,L8,TypeC,34.11,1.03,9.65,9.65,9.65,9.65,0.96,0.96,0.96,0.96,High_Stable,50
C14300,L8,TypeC,31.96,1.04,13.07,14.07,33.07,35.07,1.31,1.41,3.31,3.51,Sudden_Anomaly,50
C14301,L8,TypeC,25.13,1.18,12.85,12.85,12.85,12.85,1.29,1.29,1.29,1.29,High_Stable,50
C14302,L8,TypeB,28.59,1.29,13.72,14.72,15.72,16.72,1.37,1.47,1.57,1.67,Normal,50
C14303,L8,TypeA,32.65,1.02,8.53,9.53,28.53,30.53,0.85,0.95,2.85,3.05,Sudden_Anomaly,50
C14304,L8,TypeC,28.18,1.13,11.52,11.52,11.52,11.52,1.15,1.15,1.15,1.15,High_Stable,50
C14305,L8,TypeB,30.47,1.15,12.83,13.83,14.83,60.0,1.28,1.38,1.48,6.0,Absolute_Failure,50
C14306,L8,TypeC,29.86,1.12,14.17,16.17,19.17,24.17,1.42,1.62,1.92,2.42,Latent_Defect,50
C14307,L8,TypeB,26.04,1.22,8.14,9.14,10.14,11.14,0.81,0.91,1.01,1.11,Normal,50
C14308,L8,TypeC,30.63,1.09,10.71,11.71,30.71,32.71,1.07,1.17,3.07,3.27,Sudden_Anomaly,50
C14309,L8,TypeC,32.53,1.01,10.82,11.82,12.82,13.82,1.08,1.18,1.28,1.38,Normal,50
C14310,L8,TypeB,34.7,1.24,13.01,15.01,18.01,23.01,1.3,1.5,1.8,2.3,Latent_Defect,50
C14311,L8,TypeA,34.58,1.16,9.54,10.54,11.54,12.54,0.95,1.05,1.15,1.25,Normal,50
C14312,L8,TypeB,33.8,1.04,14.57,15.57,16.57,17.57,1.46,1.56,1.66,1.76,Normal,50
C14313,L8,TypeB,30.51,1.24,11.49,11.49,11.49,11.49,1.15,1.15,1.15,1.15,High_Stable,50
C14314,L8,TypeC,30.81,1.3,13.25,14.25,15.25,16.25,1.32,1.42,1.52,1.62,Normal,50
C14315,L8,TypeB,33.05,1.11,14.84,14.84,14.84,14.84,1.48,1.48,1.48,1.48,High_Stable,50
C14316,L8,TypeC,29.55,1.18,14.72,15.72,16.72,17.72,1.47,1.57,1.67,1.77,Normal,50
C14317,L8,TypeA,28.67,1.22,9.57,11.57,14.57,19.57,0.96,1.16,1.46,1.96,Latent_Defect,50
C14318,L8,TypeC,29.67,1.16,10.11,11.11,12.11,13.11,1.01,1.11,1.21,1.31,Normal,50
C14319,L8,TypeA,34.28,1.22,14.45,15.45,34.45,36.45,1.45,1.55,3.45,3.65,Sudden_Anomaly,50
C14320,L8,TypeA,32.76,1.24,11.52,12.52,13.52,14.52,1.15,1.25,1.35,1.45,Normal,50
C14321,L8,TypeA,34.57,1.15,14.27,15.27,16.27,60.0,1.43,1.53,1.63,6.0,Absolute_Failure,50
C14322,L8,TypeC,30.38,1.19,10.67,10.67,10.67,10.67,1.07,1.07,1.07,1.07,High_Stable,50
C14323,L8,TypeC,32.66,1.03,9.2,9.2,9.2,9.2,0.92,0.92,0.92,0.92,High_Stable,50
C14324,L8,TypeA,31.43,1.01,12.09,13.09,14.09,15.09,1.21,1.31,1.41,1.51,Normal,50
C14325,L8,TypeA,33.57,1.05,14.8,15.8,16.8,17.8,1.48,1.58,1.68,1.78,Normal,50
C14326,L8,TypeA,34.66,1.08,10.46,11.46,12.46,13.46,1.05,1.15,1.25,1.35,Normal,50
C14327,L8,TypeA,33.98,1.25,12.06,13.06,14.06,60.0,1.21,1.31,1.41,6.0,Absolute_Failure,50
C14328,L8,TypeC,32.07,1.29,10.41,11.41,12.41,60.0,1.04,1.14,1.24,6.0,Absolute_Failure,50
C14329,L8,TypeC,29.48,1.18,9.93,10.93,11.93,12.93,0.99,1.09,1.19,1.29,Normal,50
C14330,L8,TypeB,33.07,1.04,11.05,12.05,13.05,14.05,1.11,1.21,1.31,1.41,Normal,50
C14331,L8,TypeC,31.9,1.22,8.24,9.24,10.24,60.0,0.82,0.92,1.02,6.0,Absolute_Failure,50
C14332,L8,TypeA,30.07,1.11,10.91,11.91,30.91,32.91,1.09,1.19,3.09,3.29,Sudden_Anomaly,50
C14333,L8,TypeC,25.86,1.14,13.01,15.01,18.01,23.01,1.3,1.5,1.8,2.3,Latent_Defect,50
C14334,L8,TypeA,30.35,1.22,10.91,11.91,12.91,60.0,1.09,1.19,1.29,6.0,Absolute_Failure,50
C14335,L8,TypeA,27.36,1.09,10.96,11.96,30.96,32.96,1.1,1.2,3.1,3.3,Sudden_Anomaly,50
C14336,L8,TypeC,34.17,1.3,10.27,10.27,10.27,10.27,1.03,1.03,1.03,1.03,High_Stable,50
C14337,L8,TypeC,29.73,1.02,13.8,15.8,18.8,23.8,1.38,1.58,1.88,2.38,Latent_Defect,50
C14338,L8,TypeC,34.93,1.26,11.4,12.4,13.4,14.4,1.14,1.24,1.34,1.44,Normal,50
C14339,L8,TypeC,30.1,1.08,10.56,12.56,15.56,20.56,1.06,1.26,1.56,2.06,Latent_Defect,50
C14340,L8,TypeB,33.03,1.14,11.82,11.82,11.82,11.82,1.18,1.18,1.18,1.18,High_Stable,50
C14341,L8,TypeC,29.75,1.02,12.27,13.27,14.27,15.27,1.23,1.33,1.43,1.53,Normal,50
C14342,L8,TypeA,33.64,1.06,9.78,9.78,9.78,9.78,0.98,0.98,0.98,0.98,High_Stable,50
C14343,L8,TypeC,28.81,1.14,10.92,12.92,15.92,20.92,1.09,1.29,1.59,2.09,Latent_Defect,50
C14344,L8,TypeA,31.74,1.22,14.22,15.22,16.22,17.22,1.42,1.52,1.62,1.72,Normal,50
C14345,L8,TypeB,28.62,1.09,14.52,15.52,16.52,17.52,1.45,1.55,1.65,1.75,Normal,50
C14346,L8,TypeB,31.87,1.01,9.95,10.95,11.95,60.0,1.0,1.1,1.2,6.0,Absolute_Failure,50
C14347,L8,TypeA,26.74,1.23,8.37,9.37,10.37,60.0,0.84,0.94,1.04,6.0,Absolute_Failure,50
C14348,L8,TypeA,33.87,1.04,11.9,13.9,16.9,21.9,1.19,1.39,1.69,2.19,Latent_Defect,50
C14349,L8,TypeC,30.22,1.18,14.64,15.64,16.64,17.64,1.46,1.56,1.66,1.76,Normal,50
C14350,L8,TypeC,30.96,1.25,10.98,11.98,30.98,32.98,1.1,1.2,3.1,3.3,Sudden_Anomaly,50
C14351,L8,TypeB,34.58,1.19,8.21,9.21,28.21,30.21,0.82,0.92,2.82,3.02,Sudden_Anomaly,50
C14352,L8,TypeA,30.02,1.17,12.18,13.18,14.18,60.0,1.22,1.32,1.42,6.0,Absolute_Failure,50
C14353,L8,TypeB,33.5,1.07,12.54,12.54,12.54,12.54,1.25,1.25,1.25,1.25,High_Stable,50
C14354,L8,TypeA,25.91,1.12,12.59,13.59,32.59,34.59,1.26,1.36,3.26,3.46,Sudden_Anomaly,50
C14355,L8,TypeC,32.73,1.03,9.52,10.52,29.52,31.52,0.95,1.05,2.95,3.15,Sudden_Anomaly,50
C14356,L8,TypeA,34.02,1.26,11.68,12.68,31.68,33.68,1.17,1.27,3.17,3.37,Sudden_Anomaly,50
C14357,L8,TypeB,34.97,1.04,10.11,10.11,10.11,10.11,1.01,1.01,1.01,1.01,High_Stable,50
C14358,L8,TypeA,28.84,1.06,12.13,14.13,17.13,22.13,1.21,1.41,1.71,2.21,Latent_Defect,50
C14359,L8,TypeA,27.83,1.01,14.37,14.37,14.37,14.37,1.44,1.44,1.44,1.44,High_Stable,50
C14360,L8,TypeC,31.11,1.23,11.7,12.7,13.7,14.7,1.17,1.27,1.37,1.47,Normal,50
C14361,L8,TypeC,31.82,1.13,9.56,9.56,9.56,9.56,0.96,0.96,0.96,0.96,High_Stable,50
C14362,L8,TypeC,33.62,1.17,11.01,12.01,13.01,60.0,1.1,1.2,1.3,6.0,Absolute_Failure,50
C14363,L8,TypeB,32.48,1.11,11.06,11.06,11.06,11.06,1.11,1.11,1.11,1.11,High_Stable,50
C14364,L8,TypeB,25.98,1.11,13.05,13.05,13.05,13.05,1.3,1.3,1.3,1.3,High_Stable,50
C14365,L8,TypeB,28.52,1.16,9.86,11.86,14.86,19.86,0.99,1.19,1.49,1.99,Latent_Defect,50
C14366,L8,TypeA,26.61,1.08,11.79,12.79,31.79,33.79,1.18,1.28,3.18,3.38,Sudden_Anomaly,50
C14367,L8,TypeB,32.22,1.25,8.07,9.07,28.07,30.07,0.81,0.91,2.81,3.01,Sudden_Anomaly,50
C14368,L8,TypeB,29.59,1.29,10.21,12.21,15.21,20.21,1.02,1.22,1.52,2.02,Latent_Defect,50
C14369,L8,TypeA,27.39,1.17,10.35,11.35,12.35,60.0,1.03,1.13,1.23,6.0,Absolute_Failure,50
C14370,L8,TypeC,33.06,1.26,13.98,14.98,15.98,16.98,1.4,1.5,1.6,1.7,Normal,50
C14371,L8,TypeA,27.5,1.15,9.64,9.64,9.64,9.64,0.96,0.96,0.96,0.96,High_Stable,50
C14372,L8,TypeA,29.18,1.1,10.24,12.24,15.24,20.24,1.02,1.22,1.52,2.02,Latent_Defect,50
C14373,L8,TypeC,29.31,1.29,9.55,11.55,14.55,19.55,0.95,1.15,1.45,1.95,Latent_Defect,50
C14374,L8,TypeC,26.47,1.18,14.16,15.16,16.16,60.0,1.42,1.52,1.62,6.0,Absolute_Failure,50
C14375,L8,TypeA,30.46,1.16,10.15,11.15,30.15,32.15,1.01,1.11,3.01,3.21,Sudden_Anomaly,50
C14376,L8,TypeA,34.65,1.19,8.67,8.67,8.67,8.67,0.87,0.87,0.87,0.87,High_Stable,50
C14377,L8,TypeB,31.71,1.28,13.7,14.7,15.7,60.0,1.37,1.47,1.57,6.0,Absolute_Failure,50
C14378,L8,TypeB,27.4,1.17,11.82,13.82,16.82,21.82,1.18,1.38,1.68,2.18,Latent_Defect,50
C14379,L8,TypeB,26.24,1.11,8.21,10.21,13.21,18.21,0.82,1.02,1.32,1.82,Latent_Defect,50
C14380,L8,TypeC,25.06,1.25,9.68,10.68,29.68,31.68,0.97,1.07,2.97,3.17,Sudden_Anomaly,50
C14381,L8,TypeC,30.35,1.21,8.08,10.08,13.08,18.08,0.81,1.01,1.31,1.81,Latent_Defect,50
C14382,L8,TypeA,27.1,1.04,8.09,10.09,13.09,18.09,0.81,1.01,1.31,1.81,Latent_Defect,50
C14383,L8,TypeA,31.61,1.1,13.6,15.6,18.6,23.6,1.36,1.56,1.86,2.36,Latent_Defect,50
C14384,L8,TypeB,32.23,1.14,11.95,11.95,11.95,11.95,1.19,1.19,1.19,1.19,High_Stable,50
C14385,L8,TypeC,32.73,1.16,9.78,9.78,9.78,9.78,0.98,0.98,0.98,0.98,High_Stable,50
C14386,L8,TypeA,32.75,1.14,11.13,11.13,11.13,11.13,1.11,1.11,1.11,1.11,High_Stable,50
C14387,L8,TypeC,34.33,1.13,8.48,9.48,10.48,11.48,0.85,0.95,1.05,1.15,Normal,50
C14388,L8,TypeB,26.98,1.07,12.86,14.86,17.86,22.86,1.29,1.49,1.79,2.29,Latent_Defect,50
C14389,L8,TypeB,28.3,1.13,11.72,12.72,13.72,14.72,1.17,1.27,1.37,1.47,Normal,50
C14390,L8,TypeA,30.04,1.0,8.99,9.99,10.99,11.99,0.9,1.0,1.1,1.2,Normal,50
C14391,L8,TypeA,31.0,1.05,13.55,14.55,15.55,16.55,1.36,1.46,1.56,1.66,Normal,50
C14392,L8,TypeA,25.93,1.05,10.92,11.92,12.92,60.0,1.09,1.19,1.29,6.0,Absolute_Failure,50
C14393,L8,TypeB,29.68,1.29,11.19,13.19,16.19,21.19,1.12,1.32,1.62,2.12,Latent_Defect,50
C14394,L8,TypeB,30.51,1.25,9.87,11.87,14.87,19.87,0.99,1.19,1.49,1.99,Latent_Defect,50
C14395,L8,TypeB,29.46,1.15,9.94,11.94,14.94,19.94,0.99,1.19,1.49,1.99,Latent_Defect,50
C14396,L8,TypeC,29.16,1.1,12.23,13.23,32.23,34.23,1.22,1.32,3.22,3.42,Sudden_Anomaly,50
C14397,L8,TypeC,26.51,1.15,11.25,12.25,13.25,60.0,1.12,1.22,1.32,6.0,Absolute_Failure,50
C14398,L8,TypeC,28.66,1.14,12.91,14.91,17.91,22.91,1.29,1.49,1.79,2.29,Latent_Defect,50
C14399,L8,TypeC,29.17,1.07,11.41,12.41,13.41,14.41,1.14,1.24,1.34,1.44,Normal,50
C14400,L8,TypeB,27.06,1.05,12.06,13.06,14.06,60.0,1.21,1.31,1.41,6.0,Absolute_Failure,50
C14401,L8,TypeC,32.54,1.07,12.15,14.15,17.15,22.15,1.21,1.41,1.71,2.21,Latent_Defect,50
C14402,L8,TypeA,29.93,1.05,14.02,15.02,34.02,36.02,1.4,1.5,3.4,3.6,Sudden_Anomaly,50
C14403,L8,TypeC,26.94,1.04,10.01,11.01,12.01,60.0,1.0,1.1,1.2,6.0,Absolute_Failure,50
C14404,L8,TypeB,31.27,1.07,14.97,15.97,16.97,17.97,1.5,1.6,1.7,1.8,Normal,50
C14405,L8,TypeA,26.45,1.1,14.31,15.31,34.31,36.31,1.43,1.53,3.43,3.63,Sudden_Anomaly,50
C14406,L8,TypeB,31.74,1.25,14.93,15.93,16.93,17.93,1.49,1.59,1.69,1.79,Normal,50
C14407,L8,TypeB,29.41,1.25,10.47,11.47,30.47,32.47,1.05,1.15,3.05,3.25,Sudden_Anomaly,50
C14408,L8,TypeA,29.79,1.2,10.18,11.18,12.18,13.18,1.02,1.12,1.22,1.32,Normal,50
C14409,L8,TypeA,31.61,1.15,10.82,10.82,10.82,10.82,1.08,1.08,1.08,1.08,High_Stable,50
C14410,L8,TypeB,31.1,1.06,9.31,10.31,11.31,12.31,0.93,1.03,1.13,1.23,Normal,50
C14411,L8,TypeB,32.07,1.13,10.44,11.44,12.44,60.0,1.04,1.14,1.24,6.0,Absolute_Failure,50
C14412,L8,TypeA,33.01,1.22,13.65,14.65,15.65,16.65,1.37,1.47,1.57,1.67,Normal,50
C14413,L8,TypeC,30.01,1.09,8.95,9.95,10.95,60.0,0.9,1.0,1.1,6.0,Absolute_Failure,50
C14414,L8,TypeA,30.77,1.19,8.32,9.32,10.32,11.32,0.83,0.93,1.03,1.13,Normal,50
C14415,L8,TypeC,34.26,1.28,10.7,11.7,12.7,13.7,1.07,1.17,1.27,1.37,Normal,50
C14416,L8,TypeB,31.47,1.11,10.67,12.67,15.67,20.67,1.07,1.27,1.57,2.07,Latent_Defect,50
C14417,L8,TypeC,29.7,1.13,12.7,12.7,12.7,12.7,1.27,1.27,1.27,1.27,High_Stable,50
C14418,L8,TypeC,31.78,1.14,8.99,9.99,28.99,30.99,0.9,1.0,2.9,3.1,Sudden_Anomaly,50
C14419,L8,TypeC,32.84,1.17,13.46,14.46,15.46,60.0,1.35,1.45,1.55,6.0,Absolute_Failure,50
C14420,L8,TypeA,34.86,1.09,12.96,14.96,17.96,22.96,1.3,1.5,1.8,2.3,Latent_Defect,50
C14421,L8,TypeA,26.2,1.02,9.53,11.53,14.53,19.53,0.95,1.15,1.45,1.95,Latent_Defect,50
C14422,L8,TypeC,30.03,1.1,10.7,11.7,30.7,32.7,1.07,1.17,3.07,3.27,Sudden_Anomaly,50
C14423,L8,TypeA,31.87,1.04,10.91,11.91,30.91,32.91,1.09,1.19,3.09,3.29,Sudden_Anomaly,50
C14424,L8,TypeB,26.98,1.01,8.63,9.63,10.63,11.63,0.86,0.96,1.06,1.16,Normal,50
C14425,L8,TypeB,26.42,1.14,12.44,14.44,17.44,22.44,1.24,1.44,1.74,2.24,Latent_Defect,50
C14426,L8,TypeA,33.49,1.19,10.86,11.86,30.86,32.86,1.09,1.19,3.09,3.29,Sudden_Anomaly,50
C14427,L8,TypeB,32.29,1.04,10.79,12.79,15.79,20.79,1.08,1.28,1.58,2.08,Latent_Defect,50
C14428,L8,TypeA,30.28,1.18,8.66,10.66,13.66,18.66,0.87,1.07,1.37,1.87,Latent_Defect,50
C14429,L8,TypeB,30.87,1.19,13.36,14.36,15.36,16.36,1.34,1.44,1.54,1.64,Normal,50
C14430,L8,TypeA,25.72,1.23,12.19,13.19,14.19,60.0,1.22,1.32,1.42,6.0,Absolute_Failure,50
C14431,L8,TypeB,33.6,1.1,11.6,12.6,31.6,33.6,1.16,1.26,3.16,3.36,Sudden_Anomaly,50
C14432,L8,TypeA,30.42,1.06,13.37,13.37,13.37,13.37,1.34,1.34,1.34,1.34,High_Stable,50
C14433,L8,TypeC,31.89,1.15,9.81,10.81,11.81,60.0,0.98,1.08,1.18,6.0,Absolute_Failure,50
C14434,L8,TypeA,33.51,1.28,11.94,12.94,13.94,14.94,1.19,1.29,1.39,1.49,Normal,50
C14435,L8,TypeA,26.82,1.23,8.36,9.36,10.36,11.36,0.84,0.94,1.04,1.14,Normal,50
C14436,L8,TypeB,30.74,1.18,14.8,15.8,34.8,36.8,1.48,1.58,3.48,3.68,Sudden_Anomaly,50
C14437,L8,TypeA,26.31,1.04,13.92,14.92,15.92,16.92,1.39,1.49,1.59,1.69,Normal,50
C14438,L8,TypeB,26.45,1.06,8.39,9.39,10.39,60.0,0.84,0.94,1.04,6.0,Absolute_Failure,50
C14439,L8,TypeB,31.99,1.25,11.99,12.99,31.99,33.99,1.2,1.3,3.2,3.4,Sudden_Anomaly,50
C14440,L8,TypeB,33.49,1.05,14.38,15.38,16.38,60.0,1.44,1.54,1.64,6.0,Absolute_Failure,50
C14441,L8,TypeC,29.87,1.16,11.8,11.8,11.8,11.8,1.18,1.18,1.18,1.18,High_Stable,50
C14442,L8,TypeA,33.54,1.13,14.87,15.87,16.87,17.87,1.49,1.59,1.69,1.79,Normal,50
C14443,L8,TypeA,25.48,1.23,11.61,11.61,11.61,11.61,1.16,1.16,1.16,1.16,High_Stable,50
C14444,L8,TypeC,27.51,1.09,12.03,13.03,14.03,15.03,1.2,1.3,1.4,1.5,Normal,50
C14445,L8,TypeA,30.86,1.22,11.91,11.91,11.91,11.91,1.19,1.19,1.19,1.19,High_Stable,50
C14446,L8,TypeC,27.71,1.12,13.97,14.97,15.97,16.97,1.4,1.5,1.6,1.7,Normal,50
C14447,L8,TypeA,33.15,1.3,10.52,10.52,10.52,10.52,1.05,1.05,1.05,1.05,High_Stable,50
C14448,L8,TypeC,34.78,1.04,10.32,10.32,10.32,10.32,1.03,1.03,1.03,1.03,High_Stable,50
C14449,L8,TypeC,34.53,1.21,11.57,12.57,13.57,14.57,1.16,1.26,1.36,1.46,Normal,50
C14450,L8,TypeB,28.16,1.13,11.32,12.32,31.32,33.32,1.13,1.23,3.13,3.33,Sudden_Anomaly,50
C14451,L8,TypeA,28.02,1.0,9.55,10.55,29.55,31.55,0.96,1.06,2.96,3.16,Sudden_Anomaly,50
C14452,L8,TypeC,30.15,1.04,13.14,14.14,15.14,60.0,1.31,1.41,1.51,6.0,Absolute_Failure,50
C14453,L8,TypeB,25.11,1.25,10.67,11.67,12.67,60.0,1.07,1.17,1.27,6.0,Absolute_Failure,50
C14454,L8,TypeA,34.41,1.09,14.92,14.92,14.92,14.92,1.49,1.49,1.49,1.49,High_Stable,50
C14455,L8,TypeB,26.34,1.12,12.23,13.23,14.23,15.23,1.22,1.32,1.42,1.52,Normal,50
C14456,L8,TypeB,26.65,1.15,14.22,16.22,19.22,24.22,1.42,1.62,1.92,2.42,Latent_Defect,50
C14457,L8,TypeB,25.05,1.02,14.85,16.85,19.85,24.85,1.49,1.69,1.99,2.49,Latent_Defect,50
C14458,L8,TypeB,29.24,1.02,10.44,11.44,12.44,13.44,1.04,1.14,1.24,1.34,Normal,50
C14459,L8,TypeC,29.45,1.22,10.28,11.28,12.28,60.0,1.03,1.13,1.23,6.0,Absolute_Failure,50
C14460,L8,TypeC,32.66,1.12,11.65,11.65,11.65,11.65,1.16,1.16,1.16,1.16,High_Stable,50
C14461,L8,TypeB,33.34,1.26,14.95,14.95,14.95,14.95,1.49,1.49,1.49,1.49,High_Stable,50
C14462,L8,TypeB,32.3,1.25,14.78,14.78,14.78,14.78,1.48,1.48,1.48,1.48,High_Stable,50
C14463,L8,TypeC,28.35,1.26,11.06,13.06,16.06,21.06,1.11,1.31,1.61,2.11,Latent_Defect,50
C14464,L8,TypeA,26.72,1.12,11.73,13.73,16.73,21.73,1.17,1.37,1.67,2.17,Latent_Defect,50
C14465,L8,TypeA,30.23,1.19,13.83,15.83,18.83,23.83,1.38,1.58,1.88,2.38,Latent_Defect,50
C14466,L8,TypeC,25.95,1.03,11.5,12.5,13.5,60.0,1.15,1.25,1.35,6.0,Absolute_Failure,50
C14467,L8,TypeB,34.17,1.11,14.47,15.47,16.47,60.0,1.45,1.55,1.65,6.0,Absolute_Failure,50
C14468,L8,TypeC,32.45,1.17,14.33,14.33,14.33,14.33,1.43,1.43,1.43,1.43,High_Stable,50
C14469,L8,TypeA,29.34,1.21,8.67,9.67,28.67,30.67,0.87,0.97,2.87,3.07,Sudden_Anomaly,50
C14470,L8,TypeA,33.17,1.21,14.47,14.47,14.47,14.47,1.45,1.45,1.45,1.45,High_Stable,50
C14471,L8,TypeC,26.07,1.22,9.99,9.99,9.99,9.99,1.0,1.0,1.0,1.0,High_Stable,50
C14472,L8,TypeC,25.05,1.04,11.52,12.52,13.52,60.0,1.15,1.25,1.35,6.0,Absolute_Failure,50
C14473,L8,TypeC,25.08,1.15,10.86,11.86,30.86,32.86,1.09,1.19,3.09,3.29,Sudden_Anomaly,50
C14474,L8,TypeA,32.71,1.03,11.82,11.82,11.82,11.82,1.18,1.18,1.18,1.18,High_Stable,50
C14475,L8,TypeA,30.87,1.25,11.9,12.9,13.9,14.9,1.19,1.29,1.39,1.49,Normal,50
C14476,L8,TypeA,32.2,1.05,9.65,11.65,14.65,19.65,0.96,1.16,1.46,1.96,Latent_Defect,50
C14477,L8,TypeC,28.49,1.24,11.97,12.97,13.97,14.97,1.2,1.3,1.4,1.5,Normal,50
C14478,L8,TypeC,25.81,1.15,8.18,9.18,28.18,30.18,0.82,0.92,2.82,3.02,Sudden_Anomaly,50
C14479,L8,TypeA,25.41,1.28,12.39,13.39,32.39,34.39,1.24,1.34,3.24,3.44,Sudden_Anomaly,50
C14480,L8,TypeC,33.96,1.04,11.13,12.13,13.13,14.13,1.11,1.21,1.31,1.41,Normal,50
C14481,L8,TypeC,31.22,1.09,14.86,15.86,16.86,60.0,1.49,1.59,1.69,6.0,Absolute_Failure,50
C14482,L8,TypeB,26.22,1.03,13.47,14.47,15.47,60.0,1.35,1.45,1.55,6.0,Absolute_Failure,50
C14483,L8,TypeB,25.45,1.08,9.93,10.93,11.93,60.0,0.99,1.09,1.19,6.0,Absolute_Failure,50
C14484,L8,TypeC,28.1,1.24,12.87,13.87,14.87,60.0,1.29,1.39,1.49,6.0,Absolute_Failure,50
C14485,L8,TypeA,26.09,1.25,12.27,13.27,32.27,34.27,1.23,1.33,3.23,3.43,Sudden_Anomaly,50
C14486,L8,TypeA,29.01,1.29,9.22,9.22,9.22,9.22,0.92,0.92,0.92,0.92,High_Stable,50
C14487,L8,TypeA,29.47,1.17,11.97,11.97,11.97,11.97,1.2,1.2,1.2,1.2,High_Stable,50
C14488,L8,TypeA,28.31,1.11,12.34,14.34,17.34,22.34,1.23,1.43,1.73,2.23,Latent_Defect,50
C14489,L8,TypeC,29.85,1.25,13.9,14.9,15.9,16.9,1.39,1.49,1.59,1.69,Normal,50
C14490,L8,TypeA,26.68,1.19,12.73,12.73,12.73,12.73,1.27,1.27,1.27,1.27,High_Stable,50
C14491,L8,TypeC,29.7,1.06,14.09,15.09,16.09,60.0,1.41,1.51,1.61,6.0,Absolute_Failure,50
C14492,L8,TypeA,29.74,1.15,8.83,9.83,10.83,60.0,0.88,0.98,1.08,6.0,Absolute_Failure,50
C14493,L8,TypeA,26.82,1.24,8.8,10.8,13.8,18.8,0.88,1.08,1.38,1.88,Latent_Defect,50
C14494,L8,TypeC,30.94,1.03,10.77,10.77,10.77,10.77,1.08,1.08,1.08,1.08,High_Stable,50
C14495,L8,TypeC,31.11,1.2,9.2,9.2,9.2,9.2,0.92,0.92,0.92,0.92,High_Stable,50
C14496,L8,TypeA,29.89,1.14,10.0,10.0,10.0,10.0,1.0,1.0,1.0,1.0,High_Stable,50
C14497,L8,TypeB,30.14,1.26,11.01,12.01,13.01,60.0,1.1,1.2,1.3,6.0,Absolute_Failure,50
C14498,L8,TypeC,27.81,1.0,13.61,14.61,15.61,60.0,1.36,1.46,1.56,6.0,Absolute_Failure,50
C14499,L8,TypeB,31.85,1.02,13.47,14.47,15.47,16.47,1.35,1.45,1.55,1.65,Normal,50
C14500,L8,TypeB,26.91,1.14,9.75,10.75,11.75,60.0,0.98,1.08,1.18,6.0,Absolute_Failure,50
C14501,L8,TypeB,25.13,1.13,8.09,10.09,13.09,18.09,0.81,1.01,1.31,1.81,Latent_Defect,50
C14502,L8,TypeC,33.7,1.05,11.12,12.12,13.12,60.0,1.11,1.21,1.31,6.0,Absolute_Failure,50
C14503,L8,TypeA,33.52,1.21,9.97,10.97,29.97,31.97,1.0,1.1,3.0,3.2,Sudden_Anomaly,50
C14504,L8,TypeB,25.2,1.23,10.14,12.14,15.14,20.14,1.01,1.21,1.51,2.01,Latent_Defect,50
C14505,L8,TypeB,27.85,1.04,14.34,15.34,16.34,17.34,1.43,1.53,1.63,1.73,Normal,50
C14506,L8,TypeB,26.56,1.11,12.16,13.16,32.16,34.16,1.22,1.32,3.22,3.42,Sudden_Anomaly,50
C14507,L8,TypeA,29.77,1.22,13.35,13.35,13.35,13.35,1.34,1.34,1.34,1.34,High_Stable,50
C14508,L8,TypeC,27.43,1.08,10.74,11.74,30.74,32.74,1.07,1.17,3.07,3.27,Sudden_Anomaly,50
C14509,L8,TypeB,30.74,1.0,8.81,8.81,8.81,8.81,0.88,0.88,0.88,0.88,High_Stable,50
C14510,L8,TypeA,25.55,1.29,11.73,12.73,13.73,14.73,1.17,1.27,1.37,1.47,Normal,50
C14511,L8,TypeC,32.93,1.07,13.22,14.22,15.22,60.0,1.32,1.42,1.52,6.0,Absolute_Failure,50
C14512,L8,TypeC,33.41,1.05,11.45,13.45,16.45,21.45,1.14,1.34,1.64,2.14,Latent_Defect,50
C14513,L8,TypeC,26.66,1.13,10.77,12.77,15.77,20.77,1.08,1.28,1.58,2.08,Latent_Defect,50
C14514,L8,TypeA,30.22,1.29,10.9,10.9,10.9,10.9,1.09,1.09,1.09,1.09,High_Stable,50
C14515,L8,TypeB,27.44,1.26,8.94,9.94,10.94,60.0,0.89,0.99,1.09,6.0,Absolute_Failure,50
C14516,L8,TypeA,31.41,1.2,11.57,12.57,13.57,14.57,1.16,1.26,1.36,1.46,Normal,50
C14517,L8,TypeA,32.78,1.21,9.14,10.14,11.14,60.0,0.91,1.01,1.11,6.0,Absolute_Failure,50
C14518,L8,TypeC,31.47,1.02,8.17,10.17,13.17,18.17,0.82,1.02,1.32,1.82,Latent_Defect,50
C14519,L8,TypeC,25.01,1.06,13.03,14.03,15.03,60.0,1.3,1.4,1.5,6.0,Absolute_Failure,50
C14520,L8,TypeC,34.01,1.25,8.1,10.1,13.1,18.1,0.81,1.01,1.31,1.81,Latent_Defect,50
C14521,L8,TypeB,26.48,1.03,9.86,10.86,11.86,60.0,0.99,1.09,1.19,6.0,Absolute_Failure,50
C14522,L8,TypeB,29.46,1.2,11.26,13.26,16.26,21.26,1.13,1.33,1.63,2.13,Latent_Defect,50
C14523,L8,TypeC,25.71,1.23,11.66,13.66,16.66,21.66,1.17,1.37,1.67,2.17,Latent_Defect,50
C14524,L8,TypeA,28.42,1.19,12.74,14.74,17.74,22.74,1.27,1.47,1.77,2.27,Latent_Defect,50
C14525,L8,TypeA,28.93,1.16,11.98,12.98,13.98,60.0,1.2,1.3,1.4,6.0,Absolute_Failure,50
C14526,L8,TypeB,32.05,1.15,12.51,13.51,14.51,60.0,1.25,1.35,1.45,6.0,Absolute_Failure,50
C14527,L8,TypeB,28.87,1.28,10.29,12.29,15.29,20.29,1.03,1.23,1.53,2.03,Latent_Defect,50
C14528,L8,TypeC,27.2,1.06,9.54,10.54,11.54,12.54,0.95,1.05,1.15,1.25,Normal,50
C14529,L8,TypeB,26.36,1.21,14.26,16.26,19.26,24.26,1.43,1.63,1.93,2.43,Latent_Defect,50
C14530,L8,TypeA,30.92,1.2,8.87,8.87,8.87,8.87,0.89,0.89,0.89,0.89,High_Stable,50
C14531,L8,TypeA,32.34,1.05,9.94,11.94,14.94,19.94,0.99,1.19,1.49,1.99,Latent_Defect,50
C14532,L8,TypeB,26.91,1.3,13.5,14.5,15.5,60.0,1.35,1.45,1.55,6.0,Absolute_Failure,50
C14533,L8,TypeA,27.4,1.03,14.02,15.02,34.02,36.02,1.4,1.5,3.4,3.6,Sudden_Anomaly,50
C14534,L8,TypeA,25.64,1.27,12.74,13.74,32.74,34.74,1.27,1.37,3.27,3.47,Sudden_Anomaly,50
C14535,L8,TypeA,33.53,1.03,12.31,13.31,32.31,34.31,1.23,1.33,3.23,3.43,Sudden_Anomaly,50
C14536,L8,TypeB,25.89,1.15,11.37,12.37,31.37,33.37,1.14,1.24,3.14,3.34,Sudden_Anomaly,50
C14537,L8,TypeC,33.88,1.25,10.3,11.3,12.3,13.3,1.03,1.13,1.23,1.33,Normal,50
C14538,L8,TypeA,25.82,1.08,12.82,12.82,12.82,12.82,1.28,1.28,1.28,1.28,High_Stable,50
C14539,L8,TypeB,29.42,1.11,10.19,10.19,10.19,10.19,1.02,1.02,1.02,1.02,High_Stable,50
C14540,L8,TypeB,30.87,1.09,13.72,14.72,33.72,35.72,1.37,1.47,3.37,3.57,Sudden_Anomaly,50
C14541,L8,TypeA,30.8,1.3,12.64,13.64,14.64,15.64,1.26,1.36,1.46,1.56,Normal,50
C14542,L8,TypeB,33.82,1.07,14.5,15.5,34.5,36.5,1.45,1.55,3.45,3.65,Sudden_Anomaly,50
C14543,L8,TypeC,31.67,1.17,13.62,14.62,15.62,60.0,1.36,1.46,1.56,6.0,Absolute_Failure,50
C14544,L8,TypeC,27.8,1.16,8.23,8.23,8.23,8.23,0.82,0.82,0.82,0.82,High_Stable,50
C14545,L8,TypeB,30.39,1.22,8.02,9.02,28.02,30.02,0.8,0.9,2.8,3.0,Sudden_Anomaly,50
C14546,L8,TypeC,25.2,1.17,14.16,15.16,16.16,17.16,1.42,1.52,1.62,1.72,Normal,50
C14547,L8,TypeA,27.61,1.04,8.81,8.81,8.81,8.81,0.88,0.88,0.88,0.88,High_Stable,50
C14548,L8,TypeA,29.75,1.2,10.83,10.83,10.83,10.83,1.08,1.08,1.08,1.08,High_Stable,50
C14549,L8,TypeA,33.4,1.02,9.31,11.31,14.31,19.31,0.93,1.13,1.43,1.93,Latent_Defect,50
C14550,L8,TypeC,34.41,1.25,12.83,13.83,32.83,34.83,1.28,1.38,3.28,3.48,Sudden_Anomaly,50
C14551,L8,TypeC,28.91,1.22,13.21,14.21,15.21,60.0,1.32,1.42,1.52,6.0,Absolute_Failure,50
C14552,L8,TypeB,33.58,1.09,13.05,13.05,13.05,13.05,1.31,1.31,1.31,1.31,High_Stable,50
C14553,L8,TypeB,27.18,1.18,10.14,12.14,15.14,20.14,1.01,1.21,1.51,2.01,Latent_Defect,50
C14554,L8,TypeB,26.15,1.29,14.0,16.0,19.0,24.0,1.4,1.6,1.9,2.4,Latent_Defect,50
C14555,L8,TypeC,25.05,1.07,12.04,13.04,14.04,60.0,1.2,1.3,1.4,6.0,Absolute_Failure,50
C14556,L8,TypeC,27.05,1.07,12.27,13.27,14.27,15.27,1.23,1.33,1.43,1.53,Normal,50
C14557,L8,TypeA,30.83,1.29,14.11,16.11,19.11,24.11,1.41,1.61,1.91,2.41,Latent_Defect,50
C14558,L8,TypeB,27.25,1.02,8.28,9.28,10.28,60.0,0.83,0.93,1.03,6.0,Absolute_Failure,50
C14559,L8,TypeB,34.06,1.26,11.87,11.87,11.87,11.87,1.19,1.19,1.19,1.19,High_Stable,50
C14560,L8,TypeB,32.38,1.15,8.65,9.65,10.65,11.65,0.87,0.97,1.07,1.17,Normal,50
C14561,L8,TypeC,26.11,1.0,12.24,13.24,32.24,34.24,1.22,1.32,3.22,3.42,Sudden_Anomaly,50
C14562,L8,TypeA,26.34,1.02,10.24,11.24,12.24,60.0,1.02,1.12,1.22,6.0,Absolute_Failure,50
C14563,L8,TypeB,29.55,1.28,9.55,10.55,11.55,60.0,0.95,1.05,1.15,6.0,Absolute_Failure,50
C14564,L8,TypeA,28.16,1.24,9.41,11.41,14.41,19.41,0.94,1.14,1.44,1.94,Latent_Defect,50
C14565,L8,TypeB,28.9,1.02,13.85,15.85,18.85,23.85,1.38,1.58,1.88,2.38,Latent_Defect,50
C14566,L8,TypeB,34.79,1.01,11.05,12.05,13.05,14.05,1.11,1.21,1.31,1.41,Normal,50
C14567,L8,TypeC,28.47,1.09,11.67,13.67,16.67,21.67,1.17,1.37,1.67,2.17,Latent_Defect,50
C14568,L8,TypeB,34.59,1.12,8.86,10.86,13.86,18.86,0.89,1.09,1.39,1.89,Latent_Defect,50
C14569,L8,TypeA,29.9,1.28,14.2,15.2,16.2,17.2,1.42,1.52,1.62,1.72,Normal,50
C14570,L8,TypeB,29.58,1.09,12.85,12.85,12.85,12.85,1.29,1.29,1.29,1.29,High_Stable,50
C14571,L8,TypeC,27.32,1.22,12.87,13.87,14.87,60.0,1.29,1.39,1.49,6.0,Absolute_Failure,50
C14572,L8,TypeB,29.91,1.3,8.13,9.13,28.13,30.13,0.81,0.91,2.81,3.01,Sudden_Anomaly,50
C14573,L8,TypeA,31.31,1.04,14.76,14.76,14.76,14.76,1.48,1.48,1.48,1.48,High_Stable,50
C14574,L8,TypeA,31.21,1.16,12.56,13.56,14.56,15.56,1.26,1.36,1.46,1.56,Normal,50
C14575,L8,TypeA,28.71,1.02,12.91,13.91,14.91,15.91,1.29,1.39,1.49,1.59,Normal,50
C14576,L8,TypeC,28.53,1.08,12.69,13.69,32.69,34.69,1.27,1.37,3.27,3.47,Sudden_Anomaly,50
C14577,L8,TypeB,33.44,1.17,8.07,9.07,28.07,30.07,0.81,0.91,2.81,3.01,Sudden_Anomaly,50
C14578,L8,TypeC,31.49,1.17,14.05,15.05,16.05,60.0,1.41,1.51,1.61,6.0,Absolute_Failure,50
C14579,L8,TypeB,25.01,1.12,14.99,16.99,19.99,24.99,1.5,1.7,2.0,2.5,Latent_Defect,50
C14580,L8,TypeA,32.6,1.14,10.66,11.66,30.66,32.66,1.07,1.17,3.07,3.27,Sudden_Anomaly,50
C14581,L8,TypeA,27.54,1.2,8.96,9.96,10.96,11.96,0.9,1.0,1.1,1.2,Normal,50
C14582,L8,TypeC,28.98,1.02,14.52,15.52,16.52,17.52,1.45,1.55,1.65,1.75,Normal,50
C14583,L8,TypeB,29.34,1.2,12.54,13.54,32.54,34.54,1.25,1.35,3.25,3.45,Sudden_Anomaly,50
C14584,L8,TypeC,30.64,1.05,13.77,15.77,18.77,23.77,1.38,1.58,1.88,2.38,Latent_Defect,50
C14585,L8,TypeC,26.2,1.25,12.42,13.42,14.42,15.42,1.24,1.34,1.44,1.54,Normal,50
C14586,L8,TypeC,33.7,1.05,11.47,13.47,16.47,21.47,1.15,1.35,1.65,2.15,Latent_Defect,50
C14587,L8,TypeC,33.16,1.0,11.59,11.59,11.59,11.59,1.16,1.16,1.16,1.16,High_Stable,50
C14588,L8,TypeB,25.12,1.15,11.19,12.19,13.19,60.0,1.12,1.22,1.32,6.0,Absolute_Failure,50
C14589,L8,TypeA,31.71,1.01,14.51,15.51,34.51,36.51,1.45,1.55,3.45,3.65,Sudden_Anomaly,50
C14590,L8,TypeC,26.8,1.26,12.69,13.69,14.69,60.0,1.27,1.37,1.47,6.0,Absolute_Failure,50
C14591,L8,TypeC,29.51,1.08,11.9,11.9,11.9,11.9,1.19,1.19,1.19,1.19,High_Stable,50
C14592,L8,TypeA,28.43,1.09,13.15,13.15,13.15,13.15,1.32,1.32,1.32,1.32,High_Stable,50
C14593,L8,TypeB,28.8,1.11,14.52,15.52,16.52,17.52,1.45,1.55,1.65,1.75,Normal,50
C14594,L8,TypeB,28.26,1.3,10.47,11.47,30.47,32.47,1.05,1.15,3.05,3.25,Sudden_Anomaly,50
C14595,L8,TypeC,29.82,1.2,14.96,16.96,19.96,24.96,1.5,1.7,2.0,2.5,Latent_Defect,50
C14596,L8,TypeB,31.7,1.21,10.47,11.47,30.47,32.47,1.05,1.15,3.05,3.25,Sudden_Anomaly,50
C14597,L8,TypeC,29.33,1.13,10.29,12.29,15.29,20.29,1.03,1.23,1.53,2.03,Latent_Defect,50
C14598,L8,TypeC,27.36,1.12,14.61,15.61,34.61,36.61,1.46,1.56,3.46,3.66,Sudden_Anomaly,50
C14599,L8,TypeA,26.74,1.24,14.21,14.21,14.21,14.21,1.42,1.42,1.42,1.42,High_Stable,50
C14600,L8,TypeB,29.3,1.15,9.47,11.47,14.47,19.47,0.95,1.15,1.45,1.95,Latent_Defect,50
C14601,L8,TypeC,31.55,1.14,13.46,15.46,18.46,23.46,1.35,1.55,1.85,2.35,Latent_Defect,50
C14602,L8,TypeB,27.37,1.22,12.41,13.41,14.41,60.0,1.24,1.34,1.44,6.0,Absolute_Failure,50
C14603,L8,TypeB,27.73,1.25,13.55,14.55,15.55,16.55,1.36,1.46,1.56,1.66,Normal,50
C14604,L8,TypeA,32.98,1.3,9.46,10.46,29.46,31.46,0.95,1.05,2.95,3.15,Sudden_Anomaly,50
C14605,L8,TypeC,30.78,1.16,11.0,12.0,13.0,60.0,1.1,1.2,1.3,6.0,Absolute_Failure,50
C14606,L8,TypeA,34.93,1.04,11.78,12.78,13.78,14.78,1.18,1.28,1.38,1.48,Normal,50
C14607,L8,TypeA,30.84,1.13,13.4,15.4,18.4,23.4,1.34,1.54,1.84,2.34,Latent_Defect,50
C14608,L8,TypeC,25.55,1.18,11.82,12.82,13.82,60.0,1.18,1.28,1.38,6.0,Absolute_Failure,50
C14609,L8,TypeC,29.34,1.29,12.35,12.35,12.35,12.35,1.23,1.23,1.23,1.23,High_Stable,50
C14610,L8,TypeA,27.13,1.21,12.19,12.19,12.19,12.19,1.22,1.22,1.22,1.22,High_Stable,50
C14611,L8,TypeA,27.7,1.07,9.31,10.31,11.31,12.31,0.93,1.03,1.13,1.23,Normal,50
C14612,L8,TypeB,26.88,1.11,8.87,9.87,28.87,30.87,0.89,0.99,2.89,3.09,Sudden_Anomaly,50
C14613,L8,TypeB,34.96,1.17,12.03,12.03,12.03,12.03,1.2,1.2,1.2,1.2,High_Stable,50
C14614,L8,TypeC,30.84,1.19,14.0,15.0,16.0,60.0,1.4,1.5,1.6,6.0,Absolute_Failure,50
C14615,L8,TypeC,31.13,1.22,8.34,9.34,28.34,30.34,0.83,0.93,2.83,3.03,Sudden_Anomaly,50
C14616,L8,TypeA,27.72,1.09,10.7,12.7,15.7,20.7,1.07,1.27,1.57,2.07,Latent_Defect,50
C14617,L8,TypeA,34.55,1.08,13.49,15.49,18.49,23.49,1.35,1.55,1.85,2.35,Latent_Defect,50
C14618,L8,TypeB,26.41,1.12,12.79,13.79,14.79,60.0,1.28,1.38,1.48,6.0,Absolute_Failure,50
C14619,L8,TypeA,34.32,1.18,14.59,15.59,16.59,17.59,1.46,1.56,1.66,1.76,Normal,50
C14620,L8,TypeC,26.29,1.22,9.83,9.83,9.83,9.83,0.98,0.98,0.98,0.98,High_Stable,50
C14621,L8,TypeC,33.42,1.11,12.41,13.41,14.41,15.41,1.24,1.34,1.44,1.54,Normal,50
C14622,L8,TypeC,26.17,1.12,9.42,10.42,11.42,60.0,0.94,1.04,1.14,6.0,Absolute_Failure,50
C14623,L8,TypeA,32.45,1.2,10.55,10.55,10.55,10.55,1.06,1.06,1.06,1.06,High_Stable,50
C14624,L8,TypeA,33.68,1.14,12.26,13.26,32.26,34.26,1.23,1.33,3.23,3.43,Sudden_Anomaly,50
C14625,L8,TypeC,31.16,1.04,11.19,11.19,11.19,11.19,1.12,1.12,1.12,1.12,High_Stable,50
C14626,L8,TypeB,28.45,1.1,13.4,15.4,18.4,23.4,1.34,1.54,1.84,2.34,Latent_Defect,50
C14627,L8,TypeA,28.27,1.17,9.57,10.57,29.57,31.57,0.96,1.06,2.96,3.16,Sudden_Anomaly,50
C14628,L8,TypeA,27.1,1.01,10.24,11.24,12.24,60.0,1.02,1.12,1.22,6.0,Absolute_Failure,50
C14629,L8,TypeC,26.77,1.3,10.54,11.54,12.54,13.54,1.05,1.15,1.25,1.35,Normal,50
C14630,L8,TypeA,31.11,1.1,13.01,13.01,13.01,13.01,1.3,1.3,1.3,1.3,High_Stable,50
C14631,L8,TypeA,28.95,1.1,14.75,15.75,16.75,60.0,1.47,1.57,1.67,6.0,Absolute_Failure,50
C14632,L8,TypeA,34.81,1.22,11.75,12.75,13.75,14.75,1.18,1.28,1.38,1.48,Normal,50
C14633,L8,TypeC,28.06,1.17,9.28,11.28,14.28,19.28,0.93,1.13,1.43,1.93,Latent_Defect,50
C14634,L8,TypeB,25.01,1.01,10.51,10.51,10.51,10.51,1.05,1.05,1.05,1.05,High_Stable,50
C14635,L8,TypeA,32.43,1.05,8.63,9.63,10.63,11.63,0.86,0.96,1.06,1.16,Normal,50
C14636,L8,TypeC,25.42,1.03,12.82,13.82,14.82,15.82,1.28,1.38,1.48,1.58,Normal,50
C14637,L8,TypeC,28.87,1.25,11.33,12.33,13.33,60.0,1.13,1.23,1.33,6.0,Absolute_Failure,50
C14638,L8,TypeB,30.86,1.08,13.51,15.51,18.51,23.51,1.35,1.55,1.85,2.35,Latent_Defect,50
C14639,L8,TypeC,25.19,1.09,11.77,12.77,13.77,14.77,1.18,1.28,1.38,1.48,Normal,50
C14640,L8,TypeA,27.04,1.19,8.78,9.78,28.78,30.78,0.88,0.98,2.88,3.08,Sudden_Anomaly,50
C14641,L8,TypeA,34.03,1.0,10.55,11.55,30.55,32.55,1.05,1.15,3.05,3.25,Sudden_Anomaly,50
C14642,L8,TypeC,29.77,1.3,12.9,13.9,14.9,15.9,1.29,1.39,1.49,1.59,Normal,50
C14643,L8,TypeC,33.51,1.05,8.72,8.72,8.72,8.72,0.87,0.87,0.87,0.87,High_Stable,50
C14644,L8,TypeA,33.68,1.26,10.34,11.34,12.34,60.0,1.03,1.13,1.23,6.0,Absolute_Failure,50
C14645,L8,TypeA,29.02,1.2,8.39,9.39,28.39,30.39,0.84,0.94,2.84,3.04,Sudden_Anomaly,50
C14646,L8,TypeC,32.5,1.28,12.27,13.27,14.27,15.27,1.23,1.33,1.43,1.53,Normal,50
C14647,L8,TypeB,26.52,1.18,12.48,14.48,17.48,22.48,1.25,1.45,1.75,2.25,Latent_Defect,50
C14648,L8,TypeC,32.6,1.09,13.28,14.28,15.28,60.0,1.33,1.43,1.53,6.0,Absolute_Failure,50
C14649,L8,TypeA,29.61,1.11,12.81,13.81,14.81,60.0,1.28,1.38,1.48,6.0,Absolute_Failure,50
C14650,L8,TypeC,28.66,1.19,13.56,15.56,18.56,23.56,1.36,1.56,1.86,2.36,Latent_Defect,50
C14651,L8,TypeC,29.19,1.15,11.89,12.89,31.89,33.89,1.19,1.29,3.19,3.39,Sudden_Anomaly,50
C14652,L8,TypeA,29.94,1.21,10.55,11.55,30.55,32.55,1.06,1.16,3.06,3.26,Sudden_Anomaly,50
C14653,L8,TypeA,31.52,1.26,13.5,13.5,13.5,13.5,1.35,1.35,1.35,1.35,High_Stable,50
C14654,L8,TypeB,31.32,1.05,12.18,14.18,17.18,22.18,1.22,1.42,1.72,2.22,Latent_Defect,50
C14655,L8,TypeB,26.65,1.15,13.63,15.63,18.63,23.63,1.36,1.56,1.86,2.36,Latent_Defect,50
C14656,L8,TypeB,27.33,1.13,14.45,16.45,19.45,24.45,1.44,1.64,1.94,2.44,Latent_Defect,50
C14657,L8,TypeB,25.55,1.09,11.8,12.8,31.8,33.8,1.18,1.28,3.18,3.38,Sudden_Anomaly,50
C14658,L8,TypeB,25.05,1.08,9.41,10.41,11.41,60.0,0.94,1.04,1.14,6.0,Absolute_Failure,50
C14659,L8,TypeB,30.76,1.06,14.52,14.52,14.52,14.52,1.45,1.45,1.45,1.45,High_Stable,50
C14660,L8,TypeB,25.87,1.13,9.87,10.87,11.87,12.87,0.99,1.09,1.19,1.29,Normal,50
C14661,L8,TypeA,29.84,1.27,8.52,9.52,28.52,30.52,0.85,0.95,2.85,3.05,Sudden_Anomaly,50
C14662,L8,TypeC,33.54,1.09,10.9,11.9,12.9,13.9,1.09,1.19,1.29,1.39,Normal,50
C14663,L8,TypeB,27.8,1.11,8.31,9.31,10.31,60.0,0.83,0.93,1.03,6.0,Absolute_Failure,50
C14664,L8,TypeA,34.1,1.17,11.12,12.12,13.12,60.0,1.11,1.21,1.31,6.0,Absolute_Failure,50
C14665,L8,TypeA,28.97,1.09,8.63,10.63,13.63,18.63,0.86,1.06,1.36,1.86,Latent_Defect,50
C14666,L8,TypeB,25.55,1.23,12.39,13.39,14.39,60.0,1.24,1.34,1.44,6.0,Absolute_Failure,50
C14667,L8,TypeC,31.01,1.2,9.6,11.6,14.6,19.6,0.96,1.16,1.46,1.96,Latent_Defect,50
C14668,L8,TypeC,27.57,1.21,8.79,10.79,13.79,18.79,0.88,1.08,1.38,1.88,Latent_Defect,50
C14669,L8,TypeB,34.67,1.12,10.8,11.8,12.8,60.0,1.08,1.18,1.28,6.0,Absolute_Failure,50
C14670,L8,TypeC,30.05,1.12,14.34,15.34,34.34,36.34,1.43,1.53,3.43,3.63,Sudden_Anomaly,50
C14671,L8,TypeB,32.1,1.14,11.42,11.42,11.42,11.42,1.14,1.14,1.14,1.14,High_Stable,50
C14672,L8,TypeA,27.88,1.0,13.35,13.35,13.35,13.35,1.34,1.34,1.34,1.34,High_Stable,50
C14673,L8,TypeB,32.21,1.07,14.11,15.11,34.11,36.11,1.41,1.51,3.41,3.61,Sudden_Anomaly,50
C14674,L8,TypeA,28.99,1.11,14.87,14.87,14.87,14.87,1.49,1.49,1.49,1.49,High_Stable,50
C14675,L8,TypeB,27.0,1.29,11.41,13.41,16.41,21.41,1.14,1.34,1.64,2.14,Latent_Defect,50
C14676,L8,TypeB,33.72,1.14,8.89,10.89,13.89,18.89,0.89,1.09,1.39,1.89,Latent_Defect,50
C14677,L8,TypeC,31.89,1.06,11.19,13.19,16.19,21.19,1.12,1.32,1.62,2.12,Latent_Defect,50
C14678,L8,TypeA,28.83,1.26,10.69,10.69,10.69,10.69,1.07,1.07,1.07,1.07,High_Stable,50
C14679,L8,TypeB,33.01,1.23,13.3,14.3,15.3,16.3,1.33,1.43,1.53,1.63,Normal,50
C14680,L8,TypeB,33.93,1.12,12.25,13.25,32.25,34.25,1.23,1.33,3.23,3.43,Sudden_Anomaly,50
C14681,L8,TypeC,25.13,1.13,11.29,12.29,13.29,60.0,1.13,1.23,1.33,6.0,Absolute_Failure,50
C14682,L8,TypeA,26.32,1.13,14.63,15.63,34.63,36.63,1.46,1.56,3.46,3.66,Sudden_Anomaly,50
C14683,L8,TypeC,28.29,1.03,12.15,13.15,14.15,60.0,1.21,1.31,1.41,6.0,Absolute_Failure,50
C14684,L8,TypeC,33.34,1.11,12.47,14.47,17.47,22.47,1.25,1.45,1.75,2.25,Latent_Defect,50
C14685,L8,TypeC,31.88,1.23,14.04,15.04,16.04,17.04,1.4,1.5,1.6,1.7,Normal,50
C14686,L8,TypeB,26.44,1.22,13.56,14.56,33.56,35.56,1.36,1.46,3.36,3.56,Sudden_Anomaly,50
C14687,L8,TypeA,29.08,1.29,12.87,13.87,32.87,34.87,1.29,1.39,3.29,3.49,Sudden_Anomaly,50
C14688,L8,TypeC,29.19,1.24,10.09,10.09,10.09,10.09,1.01,1.01,1.01,1.01,High_Stable,50
C14689,L8,TypeB,26.19,1.22,14.83,15.83,16.83,17.83,1.48,1.58,1.68,1.78,Normal,50
C14690,L8,TypeA,34.5,1.04,11.3,12.3,31.3,33.3,1.13,1.23,3.13,3.33,Sudden_Anomaly,50
C14691,L8,TypeB,34.37,1.08,11.91,12.91,13.91,60.0,1.19,1.29,1.39,6.0,Absolute_Failure,50
C14692,L8,TypeA,28.34,1.05,11.44,12.44,13.44,14.44,1.14,1.24,1.34,1.44,Normal,50
C14693,L8,TypeB,34.81,1.1,10.32,11.32,12.32,60.0,1.03,1.13,1.23,6.0,Absolute_Failure,50
C14694,L8,TypeA,26.41,1.23,9.44,10.44,11.44,12.44,0.94,1.04,1.14,1.24,Normal,50
C14695,L8,TypeB,32.63,1.17,12.22,13.22,14.22,60.0,1.22,1.32,1.42,6.0,Absolute_Failure,50
C14696,L8,TypeB,28.32,1.13,10.14,12.14,15.14,20.14,1.01,1.21,1.51,2.01,Latent_Defect,50
C14697,L8,TypeA,25.12,1.24,14.92,15.92,16.92,60.0,1.49,1.59,1.69,6.0,Absolute_Failure,50
C14698,L8,TypeC,27.74,1.27,14.23,15.23,34.23,36.23,1.42,1.52,3.42,3.62,Sudden_Anomaly,50
C14699,L8,TypeC,26.3,1.02,8.22,9.22,10.22,11.22,0.82,0.92,1.02,1.12,Normal,50
C14700,L8,TypeA,32.42,1.28,14.03,15.03,16.03,17.03,1.4,1.5,1.6,1.7,Normal,50
C14701,L8,TypeB,28.41,1.29,8.83,9.83,28.83,30.83,0.88,0.98,2.88,3.08,Sudden_Anomaly,50
C14702,L8,TypeA,29.23,1.22,8.2,10.2,13.2,18.2,0.82,1.02,1.32,1.82,Latent_Defect,50
C14703,L8,TypeA,25.83,1.13,10.97,11.97,30.97,32.97,1.1,1.2,3.1,3.3,Sudden_Anomaly,50
C14704,L8,TypeA,32.68,1.06,12.62,14.62,17.62,22.62,1.26,1.46,1.76,2.26,Latent_Defect,50
C14705,L8,TypeA,32.65,1.04,10.53,10.53,10.53,10.53,1.05,1.05,1.05,1.05,High_Stable,50
C14706,L8,TypeB,32.8,1.15,11.33,11.33,11.33,11.33,1.13,1.13,1.13,1.13,High_Stable,50
C14707,L8,TypeC,27.88,1.23,9.9,9.9,9.9,9.9,0.99,0.99,0.99,0.99,High_Stable,50
C14708,L8,TypeB,31.91,1.01,8.33,9.33,10.33,11.33,0.83,0.93,1.03,1.13,Normal,50
C14709,L8,TypeA,25.12,1.26,8.92,9.92,10.92,60.0,0.89,0.99,1.09,6.0,Absolute_Failure,50
C14710,L8,TypeC,34.18,1.02,8.51,9.51,28.51,30.51,0.85,0.95,2.85,3.05,Sudden_Anomaly,50
C14711,L8,TypeB,30.52,1.28,12.65,13.65,14.65,60.0,1.26,1.36,1.46,6.0,Absolute_Failure,50
C14712,L8,TypeC,29.6,1.22,9.77,9.77,9.77,9.77,0.98,0.98,0.98,0.98,High_Stable,50
C14713,L8,TypeA,30.84,1.13,8.12,10.12,13.12,18.12,0.81,1.01,1.31,1.81,Latent_Defect,50
C14714,L8,TypeA,27.42,1.11,13.01,13.01,13.01,13.01,1.3,1.3,1.3,1.3,High_Stable,50
C14715,L8,TypeC,29.39,1.21,11.42,12.42,31.42,33.42,1.14,1.24,3.14,3.34,Sudden_Anomaly,50
C14716,L8,TypeB,32.81,1.19,10.25,10.25,10.25,10.25,1.03,1.03,1.03,1.03,High_Stable,50
C14717,L8,TypeA,27.63,1.25,14.65,15.65,34.65,36.65,1.47,1.57,3.47,3.67,Sudden_Anomaly,50
C14718,L8,TypeC,34.37,1.07,8.12,9.12,10.12,60.0,0.81,0.91,1.01,6.0,Absolute_Failure,50
C14719,L8,TypeC,26.93,1.27,13.99,14.99,33.99,35.99,1.4,1.5,3.4,3.6,Sudden_Anomaly,50
C14720,L8,TypeC,33.36,1.16,10.79,11.79,30.79,32.79,1.08,1.18,3.08,3.28,Sudden_Anomaly,50
C14721,L8,TypeA,25.88,1.08,13.36,14.36,15.36,60.0,1.34,1.44,1.54,6.0,Absolute_Failure,50
C14722,L8,TypeB,27.58,1.04,14.72,15.72,34.72,36.72,1.47,1.57,3.47,3.67,Sudden_Anomaly,50
C14723,L8,TypeC,34.6,1.02,10.42,11.42,12.42,60.0,1.04,1.14,1.24,6.0,Absolute_Failure,50
C14724,L8,TypeA,25.74,1.13,14.82,15.82,34.82,36.82,1.48,1.58,3.48,3.68,Sudden_Anomaly,50
C14725,L8,TypeA,34.85,1.24,9.14,10.14,29.14,31.14,0.91,1.01,2.91,3.11,Sudden_Anomaly,50
C14726,L8,TypeA,29.41,1.08,11.58,12.58,13.58,14.58,1.16,1.26,1.36,1.46,Normal,50
C14727,L8,TypeB,34.89,1.09,8.85,9.85,28.85,30.85,0.88,0.98,2.88,3.08,Sudden_Anomaly,50
C14728,L8,TypeB,26.48,1.24,9.97,10.97,11.97,12.97,1.0,1.1,1.2,1.3,Normal,50
C14729,L8,TypeB,30.01,1.28,10.27,11.27,12.27,60.0,1.03,1.13,1.23,6.0,Absolute_Failure,50
C14730,L8,TypeC,33.77,1.21,14.55,16.55,19.55,24.55,1.45,1.65,1.95,2.45,Latent_Defect,50
C14731,L8,TypeC,26.73,1.28,10.12,11.12,30.12,32.12,1.01,1.11,3.01,3.21,Sudden_Anomaly,50
C14732,L8,TypeC,31.15,1.26,12.76,13.76,14.76,60.0,1.28,1.38,1.48,6.0,Absolute_Failure,50
C14733,L8,TypeA,32.6,1.28,12.65,14.65,17.65,22.65,1.27,1.47,1.77,2.27,Latent_Defect,50
C14734,L8,TypeC,25.29,1.24,10.6,11.6,12.6,60.0,1.06,1.16,1.26,6.0,Absolute_Failure,50
C14735,L8,TypeC,30.81,1.27,13.53,15.53,18.53,23.53,1.35,1.55,1.85,2.35,Latent_Defect,50
C14736,L8,TypeC,31.77,1.04,11.69,12.69,13.69,60.0,1.17,1.27,1.37,6.0,Absolute_Failure,50
C14737,L8,TypeC,26.61,1.11,10.34,10.34,10.34,10.34,1.03,1.03,1.03,1.03,High_Stable,50
C14738,L8,TypeA,29.98,1.08,14.08,16.08,19.08,24.08,1.41,1.61,1.91,2.41,Latent_Defect,50
C14739,L8,TypeC,33.23,1.09,8.3,9.3,10.3,60.0,0.83,0.93,1.03,6.0,Absolute_Failure,50
C14740,L8,TypeC,31.2,1.07,12.23,13.23,14.23,60.0,1.22,1.32,1.42,6.0,Absolute_Failure,50
C14741,L8,TypeC,32.08,1.17,11.34,12.34,31.34,33.34,1.13,1.23,3.13,3.33,Sudden_Anomaly,50
C14742,L8,TypeC,33.11,1.13,12.67,14.67,17.67,22.67,1.27,1.47,1.77,2.27,Latent_Defect,50
C14743,L8,TypeA,25.81,1.28,9.24,10.24,29.24,31.24,0.92,1.02,2.92,3.12,Sudden_Anomaly,50
C14744,L8,TypeB,33.6,1.17,11.02,11.02,11.02,11.02,1.1,1.1,1.1,1.1,High_Stable,50
C14745,L8,TypeB,30.81,1.01,10.29,10.29,10.29,10.29,1.03,1.03,1.03,1.03,High_Stable,50
C14746,L8,TypeC,29.41,1.05,13.96,14.96,33.96,35.96,1.4,1.5,3.4,3.6,Sudden_Anomaly,50
C14747,L8,TypeA,30.69,1.04,10.91,11.91,12.91,13.91,1.09,1.19,1.29,1.39,Normal,50
C14748,L8,TypeA,32.75,1.16,13.33,15.33,18.33,23.33,1.33,1.53,1.83,2.33,Latent_Defect,50
C14749,L8,TypeA,34.15,1.24,9.75,9.75,9.75,9.75,0.97,0.97,0.97,0.97,High_Stable,50
C14750,L8,TypeC,25.62,1.12,11.2,13.2,16.2,21.2,1.12,1.32,1.62,2.12,Latent_Defect,50
C14751,L8,TypeA,25.55,1.11,13.44,14.44,15.44,16.44,1.34,1.44,1.54,1.64,Normal,50
C14752,L8,TypeB,25.64,1.1,11.23,11.23,11.23,11.23,1.12,1.12,1.12,1.12,High_Stable,50
C14753,L8,TypeC,27.85,1.14,11.88,12.88,31.88,33.88,1.19,1.29,3.19,3.39,Sudden_Anomaly,50
C14754,L8,TypeC,29.82,1.27,11.42,12.42,31.42,33.42,1.14,1.24,3.14,3.34,Sudden_Anomaly,50
C14755,L8,TypeC,34.2,1.13,11.2,12.2,13.2,14.2,1.12,1.22,1.32,1.42,Normal,50
C14756,L8,TypeC,30.51,1.11,11.1,12.1,13.1,14.1,1.11,1.21,1.31,1.41,Normal,50
C14757,L8,TypeC,29.28,1.26,14.75,15.75,34.75,36.75,1.48,1.58,3.48,3.68,Sudden_Anomaly,50
C14758,L8,TypeC,32.23,1.25,14.04,15.04,16.04,60.0,1.4,1.5,1.6,6.0,Absolute_Failure,50
C14759,L8,TypeA,29.71,1.03,10.43,11.43,30.43,32.43,1.04,1.14,3.04,3.24,Sudden_Anomaly,50
C14760,L8,TypeC,27.85,1.15,10.43,11.43,12.43,13.43,1.04,1.14,1.24,1.34,Normal,50
C14761,L8,TypeB,30.74,1.01,11.17,12.17,31.17,33.17,1.12,1.22,3.12,3.32,Sudden_Anomaly,50
C14762,L8,TypeA,31.77,1.07,8.85,9.85,28.85,30.85,0.88,0.98,2.88,3.08,Sudden_Anomaly,50
C14763,L8,TypeB,29.31,1.24,13.06,14.06,33.06,35.06,1.31,1.41,3.31,3.51,Sudden_Anomaly,50
C14764,L8,TypeC,32.62,1.15,14.23,15.23,34.23,36.23,1.42,1.52,3.42,3.62,Sudden_Anomaly,50
C14765,L8,TypeA,27.12,1.03,11.77,12.77,13.77,60.0,1.18,1.28,1.38,6.0,Absolute_Failure,50
C14766,L8,TypeA,33.01,1.28,11.36,13.36,16.36,21.36,1.14,1.34,1.64,2.14,Latent_Defect,50
C14767,L8,TypeA,29.47,1.29,11.93,12.93,31.93,33.93,1.19,1.29,3.19,3.39,Sudden_Anomaly,50
C14768,L8,TypeC,25.74,1.13,9.89,9.89,9.89,9.89,0.99,0.99,0.99,0.99,High_Stable,50
C14769,L8,TypeC,30.47,1.2,14.28,15.28,16.28,60.0,1.43,1.53,1.63,6.0,Absolute_Failure,50
C14770,L8,TypeB,32.58,1.13,14.6,15.6,16.6,60.0,1.46,1.56,1.66,6.0,Absolute_Failure,50
C14771,L8,TypeA,26.3,1.11,13.67,13.67,13.67,13.67,1.37,1.37,1.37,1.37,High_Stable,50
C14772,L8,TypeA,33.56,1.21,9.21,10.21,11.21,12.21,0.92,1.02,1.12,1.22,Normal,50
C14773,L8,TypeA,29.72,1.18,11.96,11.96,11.96,11.96,1.2,1.2,1.2,1.2,High_Stable,50
C14774,L8,TypeB,26.82,1.07,14.97,15.97,34.97,36.97,1.5,1.6,3.5,3.7,Sudden_Anomaly,50
C14775,L8,TypeB,32.79,1.27,8.72,8.72,8.72,8.72,0.87,0.87,0.87,0.87,High_Stable,50
C14776,L8,TypeC,29.73,1.08,11.62,12.62,31.62,33.62,1.16,1.26,3.16,3.36,Sudden_Anomaly,50
C14777,L8,TypeC,26.2,1.17,13.08,13.08,13.08,13.08,1.31,1.31,1.31,1.31,High_Stable,50
C14778,L8,TypeA,31.09,1.02,9.99,10.99,29.99,31.99,1.0,1.1,3.0,3.2,Sudden_Anomaly,50
C14779,L8,TypeC,31.77,1.08,13.83,13.83,13.83,13.83,1.38,1.38,1.38,1.38,High_Stable,50
C14780,L8,TypeC,33.17,1.04,13.04,14.04,33.04,35.04,1.3,1.4,3.3,3.5,Sudden_Anomaly,50
C14781,L8,TypeC,33.25,1.29,9.91,10.91,29.91,31.91,0.99,1.09,2.99,3.19,Sudden_Anomaly,50
C14782,L8,TypeC,28.06,1.01,12.42,12.42,12.42,12.42,1.24,1.24,1.24,1.24,High_Stable,50
C14783,L8,TypeC,28.92,1.1,13.49,14.49,15.49,16.49,1.35,1.45,1.55,1.65,Normal,50
C14784,L8,TypeA,31.39,1.27,8.82,10.82,13.82,18.82,0.88,1.08,1.38,1.88,Latent_Defect,50
C14785,L8,TypeC,33.48,1.19,10.98,11.98,12.98,60.0,1.1,1.2,1.3,6.0,Absolute_Failure,50
C14786,L8,TypeA,25.01,1.13,8.64,8.64,8.64,8.64,0.86,0.86,0.86,0.86,High_Stable,50
C14787,L8,TypeA,32.02,1.15,12.55,13.55,32.55,34.55,1.25,1.35,3.25,3.45,Sudden_Anomaly,50
C14788,L8,TypeC,30.27,1.21,10.87,11.87,30.87,32.87,1.09,1.19,3.09,3.29,Sudden_Anomaly,50
C14789,L8,TypeA,34.2,1.16,12.93,12.93,12.93,12.93,1.29,1.29,1.29,1.29,High_Stable,50
C14790,L8,TypeB,33.39,1.18,10.81,11.81,30.81,32.81,1.08,1.18,3.08,3.28,Sudden_Anomaly,50
C14791,L8,TypeB,28.63,1.16,10.8,11.8,12.8,13.8,1.08,1.18,1.28,1.38,Normal,50
C14792,L8,TypeC,28.28,1.22,8.46,9.46,10.46,11.46,0.85,0.95,1.05,1.15,Normal,50
C14793,L8,TypeA,34.1,1.28,10.21,11.21,12.21,60.0,1.02,1.12,1.22,6.0,Absolute_Failure,50
C14794,L8,TypeC,31.89,1.27,11.67,13.67,16.67,21.67,1.17,1.37,1.67,2.17,Latent_Defect,50
C14795,L8,TypeB,26.8,1.07,14.96,16.96,19.96,24.96,1.5,1.7,2.0,2.5,Latent_Defect,50
C14796,L8,TypeB,32.81,1.11,14.14,15.14,16.14,17.14,1.41,1.51,1.61,1.71,Normal,50
C14797,L8,TypeA,34.16,1.15,8.31,8.31,8.31,8.31,0.83,0.83,0.83,0.83,High_Stable,50
C14798,L8,TypeA,32.06,1.24,14.65,16.65,19.65,24.65,1.47,1.67,1.97,2.47,Latent_Defect,50
C14799,L8,TypeA,34.28,1.05,12.87,13.87,32.87,34.87,1.29,1.39,3.29,3.49,Sudden_Anomaly,50
C14800,L8,TypeA,30.23,1.03,11.15,12.15,13.15,60.0,1.11,1.21,1.31,6.0,Absolute_Failure,50
C14801,L8,TypeA,29.64,1.04,12.73,13.73,14.73,60.0,1.27,1.37,1.47,6.0,Absolute_Failure,50
C14802,L8,TypeB,28.42,1.14,11.29,12.29,13.29,14.29,1.13,1.23,1.33,1.43,Normal,50
C14803,L8,TypeC,32.5,1.17,14.77,16.77,19.77,24.77,1.48,1.68,1.98,2.48,Latent_Defect,50
C14804,L8,TypeA,25.66,1.23,8.05,9.05,10.05,60.0,0.81,0.91,1.01,6.0,Absolute_Failure,50
C14805,L8,TypeA,25.27,1.13,13.92,14.92,15.92,60.0,1.39,1.49,1.59,6.0,Absolute_Failure,50
C14806,L8,TypeC,34.26,1.2,10.38,11.38,12.38,13.38,1.04,1.14,1.24,1.34,Normal,50
C14807,L8,TypeB,30.68,1.24,14.48,15.48,34.48,36.48,1.45,1.55,3.45,3.65,Sudden_Anomaly,50
C14808,L8,TypeC,29.9,1.22,13.0,14.0,15.0,60.0,1.3,1.4,1.5,6.0,Absolute_Failure,50
C14809,L8,TypeB,25.24,1.03,8.44,8.44,8.44,8.44,0.84,0.84,0.84,0.84,High_Stable,50
C14810,L8,TypeB,32.2,1.07,13.95,14.95,33.95,35.95,1.39,1.49,3.39,3.59,Sudden_Anomaly,50
C14811,L8,TypeC,28.45,1.29,13.83,14.83,15.83,16.83,1.38,1.48,1.58,1.68,Normal,50
C14812,L8,TypeA,26.01,1.03,14.66,15.66,16.66,17.66,1.47,1.57,1.67,1.77,Normal,50
C14813,L8,TypeA,26.51,1.07,10.73,10.73,10.73,10.73,1.07,1.07,1.07,1.07,High_Stable,50
C14814,L8,TypeC,31.6,1.13,10.71,11.71,30.71,32.71,1.07,1.17,3.07,3.27,Sudden_Anomaly,50
C14815,L8,TypeC,30.33,1.05,13.1,14.1,15.1,60.0,1.31,1.41,1.51,6.0,Absolute_Failure,50
C14816,L8,TypeA,29.79,1.11,9.14,9.14,9.14,9.14,0.91,0.91,0.91,0.91,High_Stable,50
C14817,L8,TypeC,29.04,1.09,11.96,12.96,13.96,60.0,1.2,1.3,1.4,6.0,Absolute_Failure,50
C14818,L8,TypeB,32.87,1.05,14.56,15.56,16.56,60.0,1.46,1.56,1.66,6.0,Absolute_Failure,50
C14819,L8,TypeB,28.31,1.12,9.31,9.31,9.31,9.31,0.93,0.93,0.93,0.93,High_Stable,50
C14820,L8,TypeB,31.99,1.15,10.37,12.37,15.37,20.37,1.04,1.24,1.54,2.04,Latent_Defect,50
C14821,L8,TypeA,31.97,1.17,13.26,14.26,33.26,35.26,1.33,1.43,3.33,3.53,Sudden_Anomaly,50
C14822,L8,TypeA,31.42,1.03,14.82,15.82,16.82,60.0,1.48,1.58,1.68,6.0,Absolute_Failure,50
C14823,L8,TypeC,30.37,1.12,14.41,15.41,34.41,36.41,1.44,1.54,3.44,3.64,Sudden_Anomaly,50
C14824,L8,TypeB,25.99,1.21,8.34,10.34,13.34,18.34,0.83,1.03,1.33,1.83,Latent_Defect,50
C14825,L8,TypeC,28.1,1.27,14.56,15.56,16.56,60.0,1.46,1.56,1.66,6.0,Absolute_Failure,50
C14826,L8,TypeC,27.39,1.0,12.77,13.77,14.77,15.77,1.28,1.38,1.48,1.58,Normal,50
C14827,L8,TypeC,27.45,1.03,13.75,14.75,15.75,16.75,1.38,1.48,1.58,1.68,Normal,50
C14828,L8,TypeC,32.34,1.01,10.21,12.21,15.21,20.21,1.02,1.22,1.52,2.02,Latent_Defect,50
C14829,L8,TypeC,28.73,1.23,10.36,12.36,15.36,20.36,1.04,1.24,1.54,2.04,Latent_Defect,50
C14830,L8,TypeC,33.42,1.18,12.76,13.76,14.76,15.76,1.28,1.38,1.48,1.58,Normal,50
C14831,L8,TypeC,29.79,1.14,13.02,14.02,15.02,60.0,1.3,1.4,1.5,6.0,Absolute_Failure,50
C14832,L8,TypeA,27.81,1.27,9.31,11.31,14.31,19.31,0.93,1.13,1.43,1.93,Latent_Defect,50
C14833,L8,TypeC,31.31,1.22,14.6,15.6,34.6,36.6,1.46,1.56,3.46,3.66,Sudden_Anomaly,50
C14834,L8,TypeC,31.19,1.28,10.57,11.57,12.57,60.0,1.06,1.16,1.26,6.0,Absolute_Failure,50
C14835,L8,TypeA,28.89,1.16,8.44,9.44,10.44,11.44,0.84,0.94,1.04,1.14,Normal,50
C14836,L8,TypeA,29.63,1.29,8.75,9.75,10.75,11.75,0.87,0.97,1.07,1.17,Normal,50
C14837,L8,TypeA,28.48,1.13,13.79,15.79,18.79,23.79,1.38,1.58,1.88,2.38,Latent_Defect,50
C14838,L8,TypeC,28.66,1.12,12.25,13.25,14.25,60.0,1.23,1.33,1.43,6.0,Absolute_Failure,50
C14839,L8,TypeB,33.94,1.28,13.11,14.11,15.11,16.11,1.31,1.41,1.51,1.61,Normal,50
C14840,L8,TypeB,29.35,1.29,13.09,15.09,18.09,23.09,1.31,1.51,1.81,2.31,Latent_Defect,50
C14841,L8,TypeC,30.56,1.26,12.78,12.78,12.78,12.78,1.28,1.28,1.28,1.28,High_Stable,50
C14842,L8,TypeA,29.96,1.29,10.26,11.26,12.26,60.0,1.03,1.13,1.23,6.0,Absolute_Failure,50
C14843,L8,TypeC,25.91,1.1,10.44,11.44,30.44,32.44,1.04,1.14,3.04,3.24,Sudden_Anomaly,50
C14844,L8,TypeA,29.77,1.03,9.22,10.22,11.22,60.0,0.92,1.02,1.12,6.0,Absolute_Failure,50
C14845,L8,TypeB,29.45,1.02,10.32,10.32,10.32,10.32,1.03,1.03,1.03,1.03,High_Stable,50
C14846,L8,TypeC,34.59,1.06,13.0,15.0,18.0,23.0,1.3,1.5,1.8,2.3,Latent_Defect,50
C14847,L8,TypeA,32.92,1.06,14.72,15.72,16.72,60.0,1.47,1.57,1.67,6.0,Absolute_Failure,50
C14848,L8,TypeA,25.54,1.14,14.88,15.88,16.88,60.0,1.49,1.59,1.69,6.0,Absolute_Failure,50
C14849,L8,TypeC,31.89,1.17,14.19,15.19,16.19,17.19,1.42,1.52,1.62,1.72,Normal,50
C14850,L8,TypeA,30.81,1.16,11.65,12.65,13.65,60.0,1.16,1.26,1.36,6.0,Absolute_Failure,50
C14851,L8,TypeC,28.0,1.29,9.82,10.82,11.82,12.82,0.98,1.08,1.18,1.28,Normal,50
C14852,L8,TypeC,34.5,1.25,9.63,10.63,11.63,60.0,0.96,1.06,1.16,6.0,Absolute_Failure,50
C14853,L8,TypeC,28.67,1.12,12.57,12.57,12.57,12.57,1.26,1.26,1.26,1.26,High_Stable,50
C14854,L8,TypeA,25.26,1.09,14.21,14.21,14.21,14.21,1.42,1.42,1.42,1.42,High_Stable,50
C14855,L8,TypeC,33.13,1.16,13.12,15.12,18.12,23.12,1.31,1.51,1.81,2.31,Latent_Defect,50
C14856,L8,TypeA,32.84,1.03,13.17,14.17,15.17,60.0,1.32,1.42,1.52,6.0,Absolute_Failure,50
C14857,L8,TypeC,31.02,1.18,8.13,9.13,28.13,30.13,0.81,0.91,2.81,3.01,Sudden_Anomaly,50
C14858,L8,TypeC,31.21,1.23,14.68,15.68,34.68,36.68,1.47,1.57,3.47,3.67,Sudden_Anomaly,50
C14859,L8,TypeA,29.81,1.18,8.14,9.14,10.14,60.0,0.81,0.91,1.01,6.0,Absolute_Failure,50
C14860,L8,TypeC,27.89,1.3,12.5,13.5,32.5,34.5,1.25,1.35,3.25,3.45,Sudden_Anomaly,50
C14861,L8,TypeB,32.48,1.13,10.56,10.56,10.56,10.56,1.06,1.06,1.06,1.06,High_Stable,50
C14862,L8,TypeB,30.68,1.07,13.96,14.96,33.96,35.96,1.4,1.5,3.4,3.6,Sudden_Anomaly,50
C14863,L8,TypeA,28.44,1.23,10.17,11.17,30.17,32.17,1.02,1.12,3.02,3.22,Sudden_Anomaly,50
C14864,L8,TypeB,26.52,1.21,8.56,10.56,13.56,18.56,0.86,1.06,1.36,1.86,Latent_Defect,50
C14865,L8,TypeB,34.97,1.15,8.34,9.34,10.34,11.34,0.83,0.93,1.03,1.13,Normal,50
C14866,L8,TypeC,33.36,1.02,14.61,15.61,16.61,17.61,1.46,1.56,1.66,1.76,Normal,50
C14867,L8,TypeB,25.61,1.18,9.01,10.01,11.01,12.01,0.9,1.0,1.1,1.2,Normal,50
C14868,L8,TypeB,26.44,1.24,10.29,10.29,10.29,10.29,1.03,1.03,1.03,1.03,High_Stable,50
C14869,L8,TypeB,25.06,1.27,12.21,13.21,14.21,60.0,1.22,1.32,1.42,6.0,Absolute_Failure,50
C14870,L8,TypeA,31.2,1.06,11.92,11.92,11.92,11.92,1.19,1.19,1.19,1.19,High_Stable,50
C14871,L8,TypeB,28.27,1.23,10.16,12.16,15.16,20.16,1.02,1.22,1.52,2.02,Latent_Defect,50
C14872,L8,TypeB,29.86,1.09,8.85,10.85,13.85,18.85,0.88,1.08,1.38,1.88,Latent_Defect,50
C14873,L8,TypeC,29.07,1.05,10.78,12.78,15.78,20.78,1.08,1.28,1.58,2.08,Latent_Defect,50
C14874,L8,TypeC,33.71,1.03,11.54,12.54,13.54,60.0,1.15,1.25,1.35,6.0,Absolute_Failure,50
C14875,L8,TypeB,30.78,1.29,9.7,10.7,29.7,31.7,0.97,1.07,2.97,3.17,Sudden_Anomaly,50
C14876,L8,TypeB,31.06,1.12,13.63,14.63,33.63,35.63,1.36,1.46,3.36,3.56,Sudden_Anomaly,50
C14877,L8,TypeC,28.55,1.25,13.03,13.03,13.03,13.03,1.3,1.3,1.3,1.3,High_Stable,50
C14878,L8,TypeC,26.14,1.06,9.44,9.44,9.44,9.44,0.94,0.94,0.94,0.94,High_Stable,50
C14879,L8,TypeA,27.85,1.12,10.73,12.73,15.73,20.73,1.07,1.27,1.57,2.07,Latent_Defect,50
C14880,L8,TypeC,30.3,1.13,12.14,13.14,14.14,60.0,1.21,1.31,1.41,6.0,Absolute_Failure,50
C14881,L8,TypeC,34.67,1.02,11.88,12.88,13.88,14.88,1.19,1.29,1.39,1.49,Normal,50
C14882,L8,TypeB,26.29,1.1,13.53,14.53,33.53,35.53,1.35,1.45,3.35,3.55,Sudden_Anomaly,50
C14883,L8,TypeB,31.73,1.28,10.03,11.03,12.03,60.0,1.0,1.1,1.2,6.0,Absolute_Failure,50
C14884,L8,TypeC,26.66,1.18,10.38,12.38,15.38,20.38,1.04,1.24,1.54,2.04,Latent_Defect,50
C14885,L8,TypeC,28.71,1.1,9.38,9.38,9.38,9.38,0.94,0.94,0.94,0.94,High_Stable,50
C14886,L8,TypeC,29.22,1.17,10.72,11.72,30.72,32.72,1.07,1.17,3.07,3.27,Sudden_Anomaly,50
C14887,L8,TypeA,29.97,1.18,8.91,10.91,13.91,18.91,0.89,1.09,1.39,1.89,Latent_Defect,50
C14888,L8,TypeC,29.42,1.12,14.51,15.51,16.51,17.51,1.45,1.55,1.65,1.75,Normal,50
C14889,L8,TypeA,28.71,1.09,11.98,12.98,13.98,60.0,1.2,1.3,1.4,6.0,Absolute_Failure,50
C14890,L8,TypeC,27.21,1.06,12.48,14.48,17.48,22.48,1.25,1.45,1.75,2.25,Latent_Defect,50
C14891,L8,TypeB,33.39,1.26,9.51,10.51,11.51,12.51,0.95,1.05,1.15,1.25,Normal,50
C14892,L8,TypeA,25.31,1.1,8.34,10.34,13.34,18.34,0.83,1.03,1.33,1.83,Latent_Defect,50
C14893,L8,TypeC,25.39,1.21,8.17,10.17,13.17,18.17,0.82,1.02,1.32,1.82,Latent_Defect,50
C14894,L8,TypeA,28.44,1.2,10.25,11.25,30.25,32.25,1.03,1.13,3.03,3.23,Sudden_Anomaly,50
C14895,L8,TypeC,26.68,1.25,12.44,13.44,32.44,34.44,1.24,1.34,3.24,3.44,Sudden_Anomaly,50
C14896,L8,TypeC,33.0,1.21,9.89,9.89,9.89,9.89,0.99,0.99,0.99,0.99,High_Stable,50
C14897,L8,TypeA,32.8,1.18,12.4,14.4,17.4,22.4,1.24,1.44,1.74,2.24,Latent_Defect,50
C14898,L8,TypeC,27.0,1.23,8.0,9.0,10.0,11.0,0.8,0.9,1.0,1.1,Normal,50
C14899,L8,TypeB,29.61,1.23,12.53,13.53,14.53,60.0,1.25,1.35,1.45,6.0,Absolute_Failure,50
C14900,L8,TypeA,31.58,1.08,10.78,11.78,12.78,60.0,1.08,1.18,1.28,6.0,Absolute_Failure,50
C14901,L8,TypeC,27.67,1.01,12.03,13.03,14.03,15.03,1.2,1.3,1.4,1.5,Normal,50
C14902,L8,TypeC,25.31,1.22,11.5,11.5,11.5,11.5,1.15,1.15,1.15,1.15,High_Stable,50
C14903,L8,TypeB,25.62,1.03,10.59,10.59,10.59,10.59,1.06,1.06,1.06,1.06,High_Stable,50
C14904,L8,TypeA,29.13,1.1,13.48,14.48,15.48,16.48,1.35,1.45,1.55,1.65,Normal,50
C14905,L8,TypeC,34.85,1.04,12.53,13.53,14.53,60.0,1.25,1.35,1.45,6.0,Absolute_Failure,50
C14906,L8,TypeA,34.77,1.23,8.62,9.62,28.62,30.62,0.86,0.96,2.86,3.06,Sudden_Anomaly,50
C14907,L8,TypeB,31.89,1.01,13.97,15.97,18.97,23.97,1.4,1.6,1.9,2.4,Latent_Defect,50
C14908,L8,TypeB,25.3,1.24,8.21,8.21,8.21,8.21,0.82,0.82,0.82,0.82,High_Stable,50
C14909,L8,TypeB,25.98,1.06,8.67,8.67,8.67,8.67,0.87,0.87,0.87,0.87,High_Stable,50
C14910,L8,TypeB,34.68,1.21,10.0,11.0,12.0,60.0,1.0,1.1,1.2,6.0,Absolute_Failure,50
C14911,L8,TypeB,26.6,1.17,11.67,11.67,11.67,11.67,1.17,1.17,1.17,1.17,High_Stable,50
C14912,L8,TypeC,29.23,1.02,9.63,10.63,11.63,12.63,0.96,1.06,1.16,1.26,Normal,50
C14913,L8,TypeA,33.61,1.2,11.55,11.55,11.55,11.55,1.15,1.15,1.15,1.15,High_Stable,50
C14914,L8,TypeC,25.88,1.04,14.91,15.91,16.91,17.91,1.49,1.59,1.69,1.79,Normal,50
C14915,L8,TypeA,33.5,1.04,10.66,11.66,30.66,32.66,1.07,1.17,3.07,3.27,Sudden_Anomaly,50
C14916,L8,TypeA,31.18,1.06,12.71,13.71,14.71,60.0,1.27,1.37,1.47,6.0,Absolute_Failure,50
C14917,L8,TypeB,25.44,1.08,13.43,14.43,33.43,35.43,1.34,1.44,3.34,3.54,Sudden_Anomaly,50
C14918,L8,TypeB,26.18,1.17,14.51,14.51,14.51,14.51,1.45,1.45,1.45,1.45,High_Stable,50
C14919,L8,TypeB,33.77,1.3,14.71,16.71,19.71,24.71,1.47,1.67,1.97,2.47,Latent_Defect,50
C14920,L8,TypeB,31.47,1.14,11.77,12.77,13.77,60.0,1.18,1.28,1.38,6.0,Absolute_Failure,50
C14921,L8,TypeB,28.58,1.17,13.55,15.55,18.55,23.55,1.36,1.56,1.86,2.36,Latent_Defect,50
C14922,L8,TypeC,34.22,1.03,12.88,13.88,14.88,15.88,1.29,1.39,1.49,1.59,Normal,50
C14923,L8,TypeA,28.59,1.11,13.36,14.36,15.36,60.0,1.34,1.44,1.54,6.0,Absolute_Failure,50
C14924,L8,TypeB,34.59,1.1,14.0,15.0,16.0,60.0,1.4,1.5,1.6,6.0,Absolute_Failure,50
C14925,L8,TypeB,25.93,1.16,9.69,11.69,14.69,19.69,0.97,1.17,1.47,1.97,Latent_Defect,50
C14926,L8,TypeB,27.72,1.03,8.76,10.76,13.76,18.76,0.88,1.08,1.38,1.88,Latent_Defect,50
C14927,L8,TypeC,27.3,1.06,9.93,10.93,11.93,60.0,0.99,1.09,1.19,6.0,Absolute_Failure,50
C14928,L8,TypeC,27.73,1.21,11.39,12.39,13.39,60.0,1.14,1.24,1.34,6.0,Absolute_Failure,50
C14929,L8,TypeC,32.59,1.23,11.84,12.84,31.84,33.84,1.18,1.28,3.18,3.38,Sudden_Anomaly,50
C14930,L8,TypeB,27.79,1.21,14.28,16.28,19.28,24.28,1.43,1.63,1.93,2.43,Latent_Defect,50
C14931,L8,TypeA,33.72,1.05,9.57,10.57,29.57,31.57,0.96,1.06,2.96,3.16,Sudden_Anomaly,50
C14932,L8,TypeB,30.61,1.24,14.3,14.3,14.3,14.3,1.43,1.43,1.43,1.43,High_Stable,50
C14933,L8,TypeC,30.23,1.12,10.24,11.24,12.24,13.24,1.02,1.12,1.22,1.32,Normal,50
C14934,L8,TypeA,29.28,1.04,10.07,10.07,10.07,10.07,1.01,1.01,1.01,1.01,High_Stable,50
C14935,L8,TypeC,34.06,1.19,9.85,10.85,29.85,31.85,0.99,1.09,2.99,3.19,Sudden_Anomaly,50
C14936,L8,TypeB,27.47,1.29,13.1,14.1,33.1,35.1,1.31,1.41,3.31,3.51,Sudden_Anomaly,50
C14937,L8,TypeB,26.39,1.16,11.69,13.69,16.69,21.69,1.17,1.37,1.67,2.17,Latent_Defect,50
C14938,L8,TypeB,28.52,1.29,14.27,15.27,34.27,36.27,1.43,1.53,3.43,3.63,Sudden_Anomaly,50
C14939,L8,TypeC,26.81,1.17,13.82,14.82,15.82,16.82,1.38,1.48,1.58,1.68,Normal,50
C14940,L8,TypeC,33.03,1.17,9.25,10.25,29.25,31.25,0.93,1.03,2.93,3.13,Sudden_Anomaly,50
C14941,L8,TypeB,32.17,1.27,14.35,15.35,16.35,60.0,1.43,1.53,1.63,6.0,Absolute_Failure,50
C14942,L8,TypeC,29.2,1.24,10.61,11.61,12.61,60.0,1.06,1.16,1.26,6.0,Absolute_Failure,50
C14943,L8,TypeA,30.05,1.02,14.3,15.3,16.3,17.3,1.43,1.53,1.63,1.73,Normal,50
C14944,L8,TypeA,34.11,1.28,14.73,15.73,34.73,36.73,1.47,1.57,3.47,3.67,Sudden_Anomaly,50
C14945,L8,TypeA,25.32,1.16,12.6,13.6,14.6,15.6,1.26,1.36,1.46,1.56,Normal,50
C14946,L8,TypeB,29.96,1.28,13.94,14.94,15.94,60.0,1.39,1.49,1.59,6.0,Absolute_Failure,50
C14947,L8,TypeA,25.93,1.09,13.78,14.78,15.78,16.78,1.38,1.48,1.58,1.68,Normal,50
C14948,L8,TypeA,30.16,1.04,9.16,11.16,14.16,19.16,0.92,1.12,1.42,1.92,Latent_Defect,50
C14949,L8,TypeA,34.18,1.13,10.45,12.45,15.45,20.45,1.05,1.25,1.55,2.05,Latent_Defect,50
C14950,L8,TypeA,34.39,1.02,11.24,12.24,13.24,60.0,1.12,1.22,1.32,6.0,Absolute_Failure,50
C14951,L8,TypeB,26.01,1.23,14.68,15.68,34.68,36.68,1.47,1.57,3.47,3.67,Sudden_Anomaly,50
C14952,L8,TypeA,25.03,1.22,11.43,12.43,13.43,60.0,1.14,1.24,1.34,6.0,Absolute_Failure,50
C14953,L8,TypeB,30.06,1.26,12.51,13.51,32.51,34.51,1.25,1.35,3.25,3.45,Sudden_Anomaly,50
C14954,L8,TypeB,32.0,1.11,13.22,15.22,18.22,23.22,1.32,1.52,1.82,2.32,Latent_Defect,50
C14955,L8,TypeA,34.35,1.07,14.21,15.21,16.21,17.21,1.42,1.52,1.62,1.72,Normal,50
C14956,L8,TypeB,28.14,1.04,11.14,13.14,16.14,21.14,1.11,1.31,1.61,2.11,Latent_Defect,50
C14957,L8,TypeA,34.59,1.03,12.91,13.91,14.91,60.0,1.29,1.39,1.49,6.0,Absolute_Failure,50
C14958,L8,TypeC,31.68,1.16,12.31,13.31,14.31,60.0,1.23,1.33,1.43,6.0,Absolute_Failure,50
C14959,L8,TypeB,34.22,1.18,8.69,9.69,28.69,30.69,0.87,0.97,2.87,3.07,Sudden_Anomaly,50
C14960,L8,TypeA,29.19,1.05,14.16,15.16,34.16,36.16,1.42,1.52,3.42,3.62,Sudden_Anomaly,50
C14961,L8,TypeA,33.48,1.07,10.73,10.73,10.73,10.73,1.07,1.07,1.07,1.07,High_Stable,50
C14962,L8,TypeC,30.95,1.11,11.14,12.14,31.14,33.14,1.11,1.21,3.11,3.31,Sudden_Anomaly,50
C14963,L8,TypeC,30.2,1.3,11.84,12.84,31.84,33.84,1.18,1.28,3.18,3.38,Sudden_Anomaly,50
C14964,L8,TypeA,34.66,1.03,11.92,12.92,31.92,33.92,1.19,1.29,3.19,3.39,Sudden_Anomaly,50
C14965,L8,TypeB,25.76,1.03,13.45,14.45,33.45,35.45,1.35,1.45,3.35,3.55,Sudden_Anomaly,50
C14966,L8,TypeA,27.12,1.27,11.67,13.67,16.67,21.67,1.17,1.37,1.67,2.17,Latent_Defect,50
C14967,L8,TypeB,33.83,1.09,8.32,10.32,13.32,18.32,0.83,1.03,1.33,1.83,Latent_Defect,50
C14968,L8,TypeB,30.29,1.14,12.86,13.86,14.86,15.86,1.29,1.39,1.49,1.59,Normal,50
C14969,L8,TypeB,25.56,1.2,13.04,14.04,15.04,16.04,1.3,1.4,1.5,1.6,Normal,50
C14970,L8,TypeC,34.07,1.01,9.6,10.6,11.6,60.0,0.96,1.06,1.16,6.0,Absolute_Failure,50
C14971,L8,TypeB,25.6,1.15,11.97,12.97,13.97,60.0,1.2,1.3,1.4,6.0,Absolute_Failure,50
C14972,L8,TypeC,27.49,1.02,13.66,14.66,15.66,60.0,1.37,1.47,1.57,6.0,Absolute_Failure,50
C14973,L8,TypeC,34.45,1.08,14.62,15.62,16.62,17.62,1.46,1.56,1.66,1.76,Normal,50
C14974,L8,TypeB,27.45,1.1,11.71,12.71,13.71,14.71,1.17,1.27,1.37,1.47,Normal,50
C14975,L8,TypeA,34.09,1.13,13.51,14.51,33.51,35.51,1.35,1.45,3.35,3.55,Sudden_Anomaly,50
C14976,L8,TypeC,29.17,1.24,8.48,10.48,13.48,18.48,0.85,1.05,1.35,1.85,Latent_Defect,50
C14977,L8,TypeB,26.5,1.12,13.0,15.0,18.0,23.0,1.3,1.5,1.8,2.3,Latent_Defect,50
C14978,L8,TypeC,29.71,1.3,11.0,12.0,31.0,33.0,1.1,1.2,3.1,3.3,Sudden_Anomaly,50
C14979,L8,TypeA,30.81,1.06,11.16,11.16,11.16,11.16,1.12,1.12,1.12,1.12,High_Stable,50
C14980,L8,TypeB,25.37,1.15,11.56,12.56,31.56,33.56,1.16,1.26,3.16,3.36,Sudden_Anomaly,50
C14981,L8,TypeA,30.79,1.01,12.34,13.34,14.34,60.0,1.23,1.33,1.43,6.0,Absolute_Failure,50
C14982,L8,TypeC,26.4,1.16,14.81,15.81,16.81,17.81,1.48,1.58,1.68,1.78,Normal,50
C14983,L8,TypeB,31.47,1.06,10.22,11.22,12.22,13.22,1.02,1.12,1.22,1.32,Normal,50
C14984,L8,TypeA,27.44,1.24,12.26,13.26,32.26,34.26,1.23,1.33,3.23,3.43,Sudden_Anomaly,50
C14985,L8,TypeA,29.67,1.2,10.04,11.04,12.04,60.0,1.0,1.1,1.2,6.0,Absolute_Failure,50
C14986,L8,TypeC,25.16,1.04,8.58,9.58,28.58,30.58,0.86,0.96,2.86,3.06,Sudden_Anomaly,50
C14987,L8,TypeB,34.89,1.15,13.07,14.07,15.07,60.0,1.31,1.41,1.51,6.0,Absolute_Failure,50
C14988,L8,TypeB,34.56,1.12,11.63,11.63,11.63,11.63,1.16,1.16,1.16,1.16,High_Stable,50
C14989,L8,TypeC,30.27,1.04,13.29,13.29,13.29,13.29,1.33,1.33,1.33,1.33,High_Stable,50
C14990,L8,TypeC,32.4,1.19,12.95,13.95,14.95,15.95,1.3,1.4,1.5,1.6,Normal,50
C14991,L8,TypeC,30.68,1.22,11.07,11.07,11.07,11.07,1.11,1.11,1.11,1.11,High_Stable,50
C14992,L8,TypeA,34.97,1.13,12.75,13.75,32.75,34.75,1.28,1.38,3.28,3.48,Sudden_Anomaly,50
C14993,L8,TypeC,25.76,1.14,13.62,14.62,33.62,35.62,1.36,1.46,3.36,3.56,Sudden_Anomaly,50
C14994,L8,TypeC,34.82,1.24,10.54,11.54,12.54,13.54,1.05,1.15,1.25,1.35,Normal,50
C14995,L8,TypeA,31.02,1.04,8.2,9.2,10.2,11.2,0.82,0.92,1.02,1.12,Normal,50
C14996,L8,TypeC,32.71,1.05,11.64,11.64,11.64,11.64,1.16,1.16,1.16,1.16,High_Stable,50
C14997,L8,TypeA,28.18,1.12,10.23,12.23,15.23,20.23,1.02,1.22,1.52,2.02,Latent_Defect,50
C14998,L8,TypeA,27.9,1.2,9.93,10.93,11.93,12.93,0.99,1.09,1.19,1.29,Normal,50
C14999,L8,TypeB,34.51,1.06,12.44,13.44,14.44,60.0,1.24,1.34,1.44,6.0,Absolute_Failure,50
C15000,L8,TypeA,28.8,1.27,13.78,14.78,33.78,35.78,1.38,1.48,3.38,3.58,Sudden_Anomaly,50
C15001,L8,TypeC,34.66,1.13,9.09,10.09,29.09,31.09,0.91,1.01,2.91,3.11,Sudden_Anomaly,50
C15002,L8,TypeC,32.08,1.19,14.29,15.29,16.29,17.29,1.43,1.53,1.63,1.73,Normal,50
C15003,L8,TypeC,25.8,1.07,10.11,11.11,12.11,60.0,1.01,1.11,1.21,6.0,Absolute_Failure,50
C15004,L8,TypeC,34.8,1.05,8.05,9.05,10.05,11.05,0.81,0.91,1.01,1.11,Normal,50
C15005,L8,TypeA,32.38,1.07,10.61,11.61,30.61,32.61,1.06,1.16,3.06,3.26,Sudden_Anomaly,50
C15006,L8,TypeB,30.11,1.29,12.13,13.13,32.13,34.13,1.21,1.31,3.21,3.41,Sudden_Anomaly,50
C15007,L8,TypeA,30.56,1.01,8.75,9.75,10.75,60.0,0.87,0.97,1.07,6.0,Absolute_Failure,50
C15008,L8,TypeC,31.28,1.01,13.44,14.44,33.44,35.44,1.34,1.44,3.34,3.54,Sudden_Anomaly,50
C15009,L8,TypeC,26.62,1.25,9.9,9.9,9.9,9.9,0.99,0.99,0.99,0.99,High_Stable,50
C15010,L8,TypeC,26.95,1.03,9.59,10.59,11.59,12.59,0.96,1.06,1.16,1.26,Normal,50
C15011,L8,TypeB,25.21,1.19,11.34,13.34,16.34,21.34,1.13,1.33,1.63,2.13,Latent_Defect,50
C15012,L8,TypeA,27.5,1.12,12.53,12.53,12.53,12.53,1.25,1.25,1.25,1.25,High_Stable,50
C15013,L8,TypeC,31.56,1.11,9.37,10.37,11.37,12.37,0.94,1.04,1.14,1.24,Normal,50
C15014,L8,TypeC,29.6,1.2,11.96,12.96,13.96,60.0,1.2,1.3,1.4,6.0,Absolute_Failure,50
C15015,L8,TypeA,26.64,1.29,11.98,12.98,31.98,33.98,1.2,1.3,3.2,3.4,Sudden_Anomaly,50
C15016,L8,TypeB,33.39,1.08,13.63,13.63,13.63,13.63,1.36,1.36,1.36,1.36,High_Stable,50
C15017,L8,TypeB,34.22,1.09,10.19,12.19,15.19,20.19,1.02,1.22,1.52,2.02,Latent_Defect,50
C15018,L8,TypeA,31.87,1.19,13.45,15.45,18.45,23.45,1.34,1.54,1.84,2.34,Latent_Defect,50
C15019,L8,TypeA,34.71,1.01,14.97,16.97,19.97,24.97,1.5,1.7,2.0,2.5,Latent_Defect,50
C15020,L8,TypeB,27.07,1.03,11.67,12.67,31.67,33.67,1.17,1.27,3.17,3.37,Sudden_Anomaly,50
C15021,L8,TypeA,28.24,1.01,8.66,9.66,10.66,11.66,0.87,0.97,1.07,1.17,Normal,50
C15022,L8,TypeA,28.66,1.27,12.31,13.31,14.31,60.0,1.23,1.33,1.43,6.0,Absolute_Failure,50
C15023,L8,TypeA,25.03,1.26,12.7,12.7,12.7,12.7,1.27,1.27,1.27,1.27,High_Stable,50
C15024,L8,TypeC,25.56,1.08,13.81,14.81,15.81,16.81,1.38,1.48,1.58,1.68,Normal,50
C15025,L8,TypeB,32.47,1.18,9.68,10.68,11.68,60.0,0.97,1.07,1.17,6.0,Absolute_Failure,50
C15026,L8,TypeC,30.1,1.09,13.44,14.44,15.44,60.0,1.34,1.44,1.54,6.0,Absolute_Failure,50
C15027,L8,TypeC,27.28,1.0,14.0,16.0,19.0,24.0,1.4,1.6,1.9,2.4,Latent_Defect,50
C15028,L8,TypeC,27.56,1.24,14.64,15.64,34.64,36.64,1.46,1.56,3.46,3.66,Sudden_Anomaly,50
C15029,L8,TypeB,28.35,1.28,14.2,14.2,14.2,14.2,1.42,1.42,1.42,1.42,High_Stable,50
C15030,L8,TypeA,30.63,1.02,8.58,9.58,28.58,30.58,0.86,0.96,2.86,3.06,Sudden_Anomaly,50
C15031,L8,TypeB,34.84,1.22,8.42,10.42,13.42,18.42,0.84,1.04,1.34,1.84,Latent_Defect,50
C15032,L8,TypeA,28.48,1.14,9.46,11.46,14.46,19.46,0.95,1.15,1.45,1.95,Latent_Defect,50
C15033,L8,TypeA,30.65,1.26,14.15,15.15,16.15,17.15,1.42,1.52,1.62,1.72,Normal,50
C15034,L8,TypeC,32.59,1.26,14.78,15.78,16.78,60.0,1.48,1.58,1.68,6.0,Absolute_Failure,50
C15035,L8,TypeC,33.11,1.11,10.59,11.59,12.59,13.59,1.06,1.16,1.26,1.36,Normal,50
C15036,L8,TypeC,34.7,1.23,9.48,10.48,29.48,31.48,0.95,1.05,2.95,3.15,Sudden_Anomaly,50
C15037,L8,TypeA,28.74,1.26,14.77,16.77,19.77,24.77,1.48,1.68,1.98,2.48,Latent_Defect,50
C15038,L8,TypeB,31.64,1.15,8.45,9.45,28.45,30.45,0.84,0.94,2.84,3.04,Sudden_Anomaly,50
C15039,L8,TypeA,25.1,1.07,10.61,11.61,12.61,13.61,1.06,1.16,1.26,1.36,Normal,50
C15040,L8,TypeC,29.54,1.06,8.1,9.1,10.1,60.0,0.81,0.91,1.01,6.0,Absolute_Failure,50
C15041,L8,TypeB,28.28,1.13,14.77,15.77,16.77,60.0,1.48,1.58,1.68,6.0,Absolute_Failure,50
C15042,L8,TypeB,32.58,1.24,11.95,13.95,16.95,21.95,1.19,1.39,1.69,2.19,Latent_Defect,50
C15043,L8,TypeA,27.71,1.01,9.02,10.02,11.02,12.02,0.9,1.0,1.1,1.2,Normal,50
C15044,L8,TypeB,29.11,1.19,11.95,13.95,16.95,21.95,1.2,1.4,1.7,2.2,Latent_Defect,50
C15045,L8,TypeA,28.71,1.27,10.5,11.5,12.5,13.5,1.05,1.15,1.25,1.35,Normal,50
C15046,L8,TypeB,27.16,1.23,10.6,12.6,15.6,20.6,1.06,1.26,1.56,2.06,Latent_Defect,50
C15047,L8,TypeA,28.85,1.08,11.94,11.94,11.94,11.94,1.19,1.19,1.19,1.19,High_Stable,50
C15048,L8,TypeC,29.73,1.15,13.24,14.24,15.24,16.24,1.32,1.42,1.52,1.62,Normal,50
C15049,L8,TypeA,33.03,1.07,13.46,14.46,33.46,35.46,1.35,1.45,3.35,3.55,Sudden_Anomaly,50
C15050,L8,TypeC,32.08,1.15,8.75,10.75,13.75,18.75,0.87,1.07,1.37,1.87,Latent_Defect,50
C15051,L8,TypeB,31.75,1.01,8.75,9.75,10.75,11.75,0.88,0.98,1.08,1.18,Normal,50
C15052,L8,TypeB,27.63,1.17,9.57,9.57,9.57,9.57,0.96,0.96,0.96,0.96,High_Stable,50
C15053,L8,TypeA,29.33,1.09,9.04,11.04,14.04,19.04,0.9,1.1,1.4,1.9,Latent_Defect,50
C15054,L8,TypeC,28.42,1.08,10.14,11.14,12.14,60.0,1.01,1.11,1.21,6.0,Absolute_Failure,50
C15055,L8,TypeA,33.25,1.26,9.49,10.49,29.49,31.49,0.95,1.05,2.95,3.15,Sudden_Anomaly,50
C15056,L8,TypeB,34.44,1.14,11.75,11.75,11.75,11.75,1.17,1.17,1.17,1.17,High_Stable,50
C15057,L8,TypeC,33.83,1.02,8.78,9.78,10.78,60.0,0.88,0.98,1.08,6.0,Absolute_Failure,50
C15058,L8,TypeB,30.7,1.15,11.69,12.69,13.69,14.69,1.17,1.27,1.37,1.47,Normal,50
C15059,L8,TypeA,27.59,1.25,8.22,9.22,10.22,11.22,0.82,0.92,1.02,1.12,Normal,50
C15060,L8,TypeC,25.82,1.2,11.49,12.49,31.49,33.49,1.15,1.25,3.15,3.35,Sudden_Anomaly,50
C15061,L8,TypeC,28.99,1.09,10.35,10.35,10.35,10.35,1.04,1.04,1.04,1.04,High_Stable,50
C15062,L8,TypeB,33.08,1.27,12.54,12.54,12.54,12.54,1.25,1.25,1.25,1.25,High_Stable,50
C15063,L8,TypeC,30.63,1.0,13.36,15.36,18.36,23.36,1.34,1.54,1.84,2.34,Latent_Defect,50
C15064,L8,TypeB,28.7,1.1,14.78,16.78,19.78,24.78,1.48,1.68,1.98,2.48,Latent_Defect,50
C15065,L8,TypeC,29.52,1.2,11.32,13.32,16.32,21.32,1.13,1.33,1.63,2.13,Latent_Defect,50
C15066,L8,TypeA,30.15,1.29,14.99,15.99,16.99,17.99,1.5,1.6,1.7,1.8,Normal,50
C15067,L8,TypeB,27.86,1.11,9.62,10.62,11.62,60.0,0.96,1.06,1.16,6.0,Absolute_Failure,50
C15068,L8,TypeC,28.84,1.11,9.47,9.47,9.47,9.47,0.95,0.95,0.95,0.95,High_Stable,50
C15069,L8,TypeA,32.12,1.07,12.85,13.85,32.85,34.85,1.29,1.39,3.29,3.49,Sudden_Anomaly,50
C15070,L8,TypeC,33.98,1.14,10.85,11.85,12.85,13.85,1.09,1.19,1.29,1.39,Normal,50
C15071,L8,TypeA,33.91,1.25,10.92,12.92,15.92,20.92,1.09,1.29,1.59,2.09,Latent_Defect,50
C15072,L8,TypeB,28.43,1.02,12.77,13.77,32.77,34.77,1.28,1.38,3.28,3.48,Sudden_Anomaly,50
C15073,L8,TypeC,28.85,1.17,14.04,15.04,16.04,60.0,1.4,1.5,1.6,6.0,Absolute_Failure,50
C15074,L8,TypeC,31.66,1.18,11.47,13.47,16.47,21.47,1.15,1.35,1.65,2.15,Latent_Defect,50
C15075,L8,TypeA,33.9,1.26,10.71,11.71,12.71,13.71,1.07,1.17,1.27,1.37,Normal,50
C15076,L8,TypeC,33.69,1.01,10.32,11.32,12.32,60.0,1.03,1.13,1.23,6.0,Absolute_Failure,50
C15077,L8,TypeB,33.7,1.08,11.09,13.09,16.09,21.09,1.11,1.31,1.61,2.11,Latent_Defect,50
C15078,L8,TypeC,32.28,1.26,8.75,9.75,10.75,11.75,0.87,0.97,1.07,1.17,Normal,50
C15079,L8,TypeA,28.05,1.23,12.74,12.74,12.74,12.74,1.27,1.27,1.27,1.27,High_Stable,50
C15080,L8,TypeA,31.34,1.13,9.46,9.46,9.46,9.46,0.95,0.95,0.95,0.95,High_Stable,50
C15081,L8,TypeA,27.46,1.3,13.11,13.11,13.11,13.11,1.31,1.31,1.31,1.31,High_Stable,50
C15082,L8,TypeA,27.6,1.0,8.42,10.42,13.42,18.42,0.84,1.04,1.34,1.84,Latent_Defect,50
C15083,L8,TypeC,26.86,1.13,12.16,13.16,14.16,15.16,1.22,1.32,1.42,1.52,Normal,50
C15084,L8,TypeC,25.56,1.17,9.59,10.59,11.59,12.59,0.96,1.06,1.16,1.26,Normal,50
C15085,L8,TypeA,33.82,1.17,11.97,12.97,13.97,60.0,1.2,1.3,1.4,6.0,Absolute_Failure,50
C15086,L8,TypeA,25.7,1.1,11.45,13.45,16.45,21.45,1.14,1.34,1.64,2.14,Latent_Defect,50
C15087,L8,TypeC,34.96,1.07,10.1,12.1,15.1,20.1,1.01,1.21,1.51,2.01,Latent_Defect,50
C15088,L8,TypeA,27.98,1.01,13.84,14.84,33.84,35.84,1.38,1.48,3.38,3.58,Sudden_Anomaly,50
C15089,L8,TypeC,32.04,1.17,9.42,11.42,14.42,19.42,0.94,1.14,1.44,1.94,Latent_Defect,50
C15090,L8,TypeB,32.12,1.17,11.16,12.16,13.16,14.16,1.12,1.22,1.32,1.42,Normal,50
C15091,L8,TypeB,26.09,1.25,12.88,13.88,14.88,60.0,1.29,1.39,1.49,6.0,Absolute_Failure,50
C15092,L8,TypeB,30.43,1.15,8.85,9.85,28.85,30.85,0.89,0.99,2.89,3.09,Sudden_Anomaly,50
C15093,L8,TypeB,30.62,1.03,13.28,15.28,18.28,23.28,1.33,1.53,1.83,2.33,Latent_Defect,50
C15094,L8,TypeB,26.07,1.08,8.63,10.63,13.63,18.63,0.86,1.06,1.36,1.86,Latent_Defect,50
C15095,L8,TypeB,29.58,1.23,8.72,9.72,28.72,30.72,0.87,0.97,2.87,3.07,Sudden_Anomaly,50
C15096,L8,TypeA,32.95,1.24,13.43,15.43,18.43,23.43,1.34,1.54,1.84,2.34,Latent_Defect,50
C15097,L8,TypeC,25.68,1.1,10.21,12.21,15.21,20.21,1.02,1.22,1.52,2.02,Latent_Defect,50
C15098,L8,TypeA,25.13,1.17,8.92,9.92,10.92,11.92,0.89,0.99,1.09,1.19,Normal,50
C15099,L8,TypeC,31.31,1.08,13.77,15.77,18.77,23.77,1.38,1.58,1.88,2.38,Latent_Defect,50
C15100,L8,TypeA,25.32,1.12,9.64,10.64,11.64,12.64,0.96,1.06,1.16,1.26,Normal,50
C15101,L8,TypeC,28.72,1.19,8.57,8.57,8.57,8.57,0.86,0.86,0.86,0.86,High_Stable,50
C15102,L8,TypeC,32.29,1.13,9.88,9.88,9.88,9.88,0.99,0.99,0.99,0.99,High_Stable,50
C15103,L8,TypeC,34.84,1.16,11.76,12.76,13.76,60.0,1.18,1.28,1.38,6.0,Absolute_Failure,50
C15104,L8,TypeB,25.16,1.3,14.6,15.6,34.6,36.6,1.46,1.56,3.46,3.66,Sudden_Anomaly,50
C15105,L8,TypeC,32.8,1.02,11.98,12.98,13.98,14.98,1.2,1.3,1.4,1.5,Normal,50
C15106,L8,TypeB,27.72,1.01,8.34,9.34,10.34,60.0,0.83,0.93,1.03,6.0,Absolute_Failure,50
C15107,L8,TypeB,26.71,1.29,13.24,14.24,15.24,16.24,1.32,1.42,1.52,1.62,Normal,50
C15108,L8,TypeA,34.43,1.13,13.5,14.5,15.5,60.0,1.35,1.45,1.55,6.0,Absolute_Failure,50
C15109,L8,TypeB,27.19,1.27,12.01,12.01,12.01,12.01,1.2,1.2,1.2,1.2,High_Stable,50
C15110,L8,TypeC,30.61,1.03,12.0,13.0,14.0,15.0,1.2,1.3,1.4,1.5,Normal,50
C15111,L8,TypeB,28.54,1.3,11.43,11.43,11.43,11.43,1.14,1.14,1.14,1.14,High_Stable,50
C15112,L8,TypeB,29.91,1.17,11.49,12.49,31.49,33.49,1.15,1.25,3.15,3.35,Sudden_Anomaly,50
C15113,L8,TypeB,30.66,1.28,11.49,13.49,16.49,21.49,1.15,1.35,1.65,2.15,Latent_Defect,50
C15114,L8,TypeC,26.22,1.08,14.19,14.19,14.19,14.19,1.42,1.42,1.42,1.42,High_Stable,50
C15115,L8,TypeC,29.94,1.11,10.71,12.71,15.71,20.71,1.07,1.27,1.57,2.07,Latent_Defect,50
C15116,L8,TypeA,31.67,1.24,9.18,10.18,11.18,60.0,0.92,1.02,1.12,6.0,Absolute_Failure,50
C15117,L8,TypeA,27.63,1.29,9.25,10.25,11.25,60.0,0.93,1.03,1.13,6.0,Absolute_Failure,50
C15118,L8,TypeA,28.07,1.07,8.78,8.78,8.78,8.78,0.88,0.88,0.88,0.88,High_Stable,50
C15119,L8,TypeC,28.7,1.14,14.69,14.69,14.69,14.69,1.47,1.47,1.47,1.47,High_Stable,50
C15120,L8,TypeA,30.03,1.08,11.35,12.35,31.35,33.35,1.14,1.24,3.14,3.34,Sudden_Anomaly,50
C15121,L8,TypeA,33.74,1.26,10.59,11.59,12.59,60.0,1.06,1.16,1.26,6.0,Absolute_Failure,50
C15122,L8,TypeB,30.66,1.14,10.08,11.08,12.08,60.0,1.01,1.11,1.21,6.0,Absolute_Failure,50
C15123,L8,TypeC,26.21,1.2,9.53,11.53,14.53,19.53,0.95,1.15,1.45,1.95,Latent_Defect,50
C15124,L8,TypeB,26.44,1.12,12.63,12.63,12.63,12.63,1.26,1.26,1.26,1.26,High_Stable,50
C15125,L8,TypeA,28.43,1.21,12.82,14.82,17.82,22.82,1.28,1.48,1.78,2.28,Latent_Defect,50
C15126,L8,TypeB,34.52,1.1,13.5,14.5,15.5,16.5,1.35,1.45,1.55,1.65,Normal,50
C15127,L8,TypeA,29.36,1.03,12.04,13.04,14.04,60.0,1.2,1.3,1.4,6.0,Absolute_Failure,50
C15128,L8,TypeA,33.1,1.26,14.28,15.28,16.28,17.28,1.43,1.53,1.63,1.73,Normal,50
C15129,L8,TypeC,25.6,1.06,9.5,10.5,29.5,31.5,0.95,1.05,2.95,3.15,Sudden_Anomaly,50
C15130,L8,TypeB,29.59,1.13,12.52,13.52,32.52,34.52,1.25,1.35,3.25,3.45,Sudden_Anomaly,50
C15131,L8,TypeB,25.51,1.16,13.87,15.87,18.87,23.87,1.39,1.59,1.89,2.39,Latent_Defect,50
C15132,L8,TypeC,30.07,1.19,14.88,15.88,16.88,17.88,1.49,1.59,1.69,1.79,Normal,50
C15133,L8,TypeB,25.89,1.0,9.93,10.93,11.93,12.93,0.99,1.09,1.19,1.29,Normal,50
C15134,L8,TypeA,25.62,1.25,11.6,11.6,11.6,11.6,1.16,1.16,1.16,1.16,High_Stable,50
C15135,L8,TypeB,29.87,1.03,13.54,15.54,18.54,23.54,1.35,1.55,1.85,2.35,Latent_Defect,50
C15136,L8,TypeC,32.03,1.27,10.36,10.36,10.36,10.36,1.04,1.04,1.04,1.04,High_Stable,50
C15137,L8,TypeC,34.1,1.25,9.62,10.62,11.62,60.0,0.96,1.06,1.16,6.0,Absolute_Failure,50
C15138,L8,TypeA,27.21,1.28,8.83,8.83,8.83,8.83,0.88,0.88,0.88,0.88,High_Stable,50
C15139,L8,TypeB,27.61,1.0,9.15,10.15,29.15,31.15,0.91,1.01,2.91,3.11,Sudden_Anomaly,50
C15140,L8,TypeB,26.2,1.18,13.95,14.95,15.95,16.95,1.4,1.5,1.6,1.7,Normal,50
C15141,L8,TypeB,33.09,1.05,10.89,11.89,30.89,32.89,1.09,1.19,3.09,3.29,Sudden_Anomaly,50
C15142,L8,TypeC,28.7,1.19,12.63,14.63,17.63,22.63,1.26,1.46,1.76,2.26,Latent_Defect,50
C15143,L8,TypeA,25.75,1.16,12.04,14.04,17.04,22.04,1.2,1.4,1.7,2.2,Latent_Defect,50
C15144,L8,TypeA,26.74,1.19,8.44,9.44,10.44,11.44,0.84,0.94,1.04,1.14,Normal,50
C15145,L8,TypeC,27.92,1.0,10.07,12.07,15.07,20.07,1.01,1.21,1.51,2.01,Latent_Defect,50
C15146,L8,TypeA,32.49,1.03,9.56,10.56,11.56,12.56,0.96,1.06,1.16,1.26,Normal,50
C15147,L8,TypeB,31.24,1.0,10.09,11.09,12.09,60.0,1.01,1.11,1.21,6.0,Absolute_Failure,50
C15148,L8,TypeA,32.93,1.22,9.0,10.0,11.0,60.0,0.9,1.0,1.1,6.0,Absolute_Failure,50
C15149,L8,TypeC,27.52,1.11,11.23,12.23,31.23,33.23,1.12,1.22,3.12,3.32,Sudden_Anomaly,50
C15150,L8,TypeC,25.16,1.27,8.67,9.67,28.67,30.67,0.87,0.97,2.87,3.07,Sudden_Anomaly,50
C15151,L8,TypeC,27.93,1.2,12.66,13.66,14.66,60.0,1.27,1.37,1.47,6.0,Absolute_Failure,50
C15152,L8,TypeC,26.74,1.3,9.66,10.66,11.66,12.66,0.97,1.07,1.17,1.27,Normal,50
C15153,L8,TypeA,28.57,1.17,14.29,15.29,16.29,60.0,1.43,1.53,1.63,6.0,Absolute_Failure,50
C15154,L8,TypeA,29.86,1.18,13.26,14.26,15.26,60.0,1.33,1.43,1.53,6.0,Absolute_Failure,50
C15155,L8,TypeA,31.53,1.23,13.44,14.44,33.44,35.44,1.34,1.44,3.34,3.54,Sudden_Anomaly,50
C15156,L8,TypeB,28.74,1.26,8.57,9.57,28.57,30.57,0.86,0.96,2.86,3.06,Sudden_Anomaly,50
C15157,L8,TypeA,29.93,1.25,11.99,12.99,13.99,14.99,1.2,1.3,1.4,1.5,Normal,50
C15158,L8,TypeB,28.82,1.06,12.04,13.04,14.04,15.04,1.2,1.3,1.4,1.5,Normal,50
C15159,L8,TypeC,34.62,1.2,8.76,9.76,28.76,30.76,0.88,0.98,2.88,3.08,Sudden_Anomaly,50
C15160,L8,TypeC,26.69,1.24,12.7,13.7,14.7,60.0,1.27,1.37,1.47,6.0,Absolute_Failure,50
C15161,L8,TypeC,26.59,1.24,14.97,16.97,19.97,24.97,1.5,1.7,2.0,2.5,Latent_Defect,50
C15162,L8,TypeA,34.63,1.05,11.02,12.02,31.02,33.02,1.1,1.2,3.1,3.3,Sudden_Anomaly,50
C15163,L8,TypeA,27.01,1.08,11.34,11.34,11.34,11.34,1.13,1.13,1.13,1.13,High_Stable,50
C15164,L8,TypeB,25.94,1.02,10.12,12.12,15.12,20.12,1.01,1.21,1.51,2.01,Latent_Defect,50
C15165,L8,TypeB,26.24,1.04,12.91,14.91,17.91,22.91,1.29,1.49,1.79,2.29,Latent_Defect,50
C15166,L8,TypeB,26.89,1.21,11.1,12.1,13.1,60.0,1.11,1.21,1.31,6.0,Absolute_Failure,50
C15167,L8,TypeC,32.39,1.09,13.55,15.55,18.55,23.55,1.35,1.55,1.85,2.35,Latent_Defect,50
C15168,L8,TypeC,30.16,1.13,12.54,13.54,32.54,34.54,1.25,1.35,3.25,3.45,Sudden_Anomaly,50
C15169,L8,TypeC,31.71,1.05,11.18,12.18,13.18,60.0,1.12,1.22,1.32,6.0,Absolute_Failure,50
C15170,L8,TypeC,33.67,1.07,11.41,12.41,31.41,33.41,1.14,1.24,3.14,3.34,Sudden_Anomaly,50
C15171,L8,TypeB,30.18,1.29,12.33,13.33,14.33,15.33,1.23,1.33,1.43,1.53,Normal,50
C15172,L8,TypeC,26.83,1.1,10.7,10.7,10.7,10.7,1.07,1.07,1.07,1.07,High_Stable,50
C15173,L8,TypeB,28.52,1.29,12.0,12.0,12.0,12.0,1.2,1.2,1.2,1.2,High_Stable,50
C15174,L8,TypeB,29.64,1.19,12.69,13.69,14.69,60.0,1.27,1.37,1.47,6.0,Absolute_Failure,50
C15175,L8,TypeB,33.49,1.0,12.16,13.16,14.16,15.16,1.22,1.32,1.42,1.52,Normal,50
C15176,L8,TypeA,26.57,1.3,8.96,8.96,8.96,8.96,0.9,0.9,0.9,0.9,High_Stable,50
C15177,L8,TypeB,28.18,1.04,10.36,11.36,12.36,13.36,1.04,1.14,1.24,1.34,Normal,50
C15178,L8,TypeC,28.86,1.25,12.89,13.89,14.89,60.0,1.29,1.39,1.49,6.0,Absolute_Failure,50
C15179,L8,TypeA,31.17,1.27,10.3,12.3,15.3,20.3,1.03,1.23,1.53,2.03,Latent_Defect,50
C15180,L8,TypeA,29.68,1.24,11.04,11.04,11.04,11.04,1.1,1.1,1.1,1.1,High_Stable,50
C15181,L8,TypeC,27.97,1.13,11.4,12.4,13.4,14.4,1.14,1.24,1.34,1.44,Normal,50
C15182,L8,TypeA,26.66,1.18,11.43,12.43,13.43,14.43,1.14,1.24,1.34,1.44,Normal,50
C15183,L8,TypeB,30.31,1.28,13.25,14.25,33.25,35.25,1.33,1.43,3.33,3.53,Sudden_Anomaly,50
C15184,L8,TypeB,26.46,1.13,9.5,10.5,11.5,60.0,0.95,1.05,1.15,6.0,Absolute_Failure,50
C15185,L8,TypeB,32.41,1.22,14.97,14.97,14.97,14.97,1.5,1.5,1.5,1.5,High_Stable,50
C15186,L8,TypeC,25.76,1.1,12.46,12.46,12.46,12.46,1.25,1.25,1.25,1.25,High_Stable,50
C15187,L8,TypeC,26.41,1.16,8.81,9.81,28.81,30.81,0.88,0.98,2.88,3.08,Sudden_Anomaly,50
C15188,L8,TypeC,32.18,1.23,8.59,10.59,13.59,18.59,0.86,1.06,1.36,1.86,Latent_Defect,50
C15189,L8,TypeA,25.22,1.2,9.21,10.21,11.21,60.0,0.92,1.02,1.12,6.0,Absolute_Failure,50
C15190,L8,TypeC,27.28,1.05,12.16,13.16,14.16,60.0,1.22,1.32,1.42,6.0,Absolute_Failure,50
C15191,L8,TypeC,34.42,1.21,12.77,14.77,17.77,22.77,1.28,1.48,1.78,2.28,Latent_Defect,50
C15192,L8,TypeB,32.54,1.23,13.89,14.89,15.89,60.0,1.39,1.49,1.59,6.0,Absolute_Failure,50
C15193,L8,TypeC,30.85,1.13,13.37,14.37,33.37,35.37,1.34,1.44,3.34,3.54,Sudden_Anomaly,50
C15194,L8,TypeB,28.58,1.15,12.95,14.95,17.95,22.95,1.3,1.5,1.8,2.3,Latent_Defect,50
C15195,L8,TypeB,34.32,1.06,13.76,13.76,13.76,13.76,1.38,1.38,1.38,1.38,High_Stable,50
C15196,L8,TypeB,28.15,1.24,11.9,12.9,31.9,33.9,1.19,1.29,3.19,3.39,Sudden_Anomaly,50
C15197,L8,TypeB,34.01,1.15,9.65,10.65,11.65,12.65,0.96,1.06,1.16,1.26,Normal,50
C15198,L8,TypeC,30.22,1.11,8.16,8.16,8.16,8.16,0.82,0.82,0.82,0.82,High_Stable,50
C15199,L8,TypeC,25.91,1.05,8.83,9.83,10.83,60.0,0.88,0.98,1.08,6.0,Absolute_Failure,50
C15200,L8,TypeB,25.95,1.23,13.59,15.59,18.59,23.59,1.36,1.56,1.86,2.36,Latent_Defect,50
C15201,L8,TypeB,34.39,1.22,14.72,15.72,34.72,36.72,1.47,1.57,3.47,3.67,Sudden_Anomaly,50
C15202,L8,TypeA,27.25,1.18,13.97,13.97,13.97,13.97,1.4,1.4,1.4,1.4,High_Stable,50
C15203,L8,TypeA,28.94,1.07,12.2,13.2,32.2,34.2,1.22,1.32,3.22,3.42,Sudden_Anomaly,50
C15204,L8,TypeC,29.3,1.04,9.18,10.18,11.18,12.18,0.92,1.02,1.12,1.22,Normal,50
C15205,L8,TypeB,28.31,1.04,10.15,11.15,12.15,60.0,1.02,1.12,1.22,6.0,Absolute_Failure,50
C15206,L8,TypeC,27.75,1.26,14.2,14.2,14.2,14.2,1.42,1.42,1.42,1.42,High_Stable,50
C15207,L8,TypeA,28.67,1.04,8.16,10.16,13.16,18.16,0.82,1.02,1.32,1.82,Latent_Defect,50
C15208,L8,TypeA,29.51,1.02,8.94,8.94,8.94,8.94,0.89,0.89,0.89,0.89,High_Stable,50
C15209,L8,TypeB,26.61,1.19,11.39,12.39,13.39,60.0,1.14,1.24,1.34,6.0,Absolute_Failure,50
C15210,L8,TypeC,26.19,1.29,11.6,11.6,11.6,11.6,1.16,1.16,1.16,1.16,High_Stable,50
C15211,L8,TypeC,28.31,1.15,12.41,12.41,12.41,12.41,1.24,1.24,1.24,1.24,High_Stable,50
C15212,L8,TypeA,30.13,1.09,11.93,11.93,11.93,11.93,1.19,1.19,1.19,1.19,High_Stable,50
C15213,L8,TypeC,28.23,1.18,14.94,14.94,14.94,14.94,1.49,1.49,1.49,1.49,High_Stable,50
C15214,L8,TypeC,25.8,1.19,11.59,13.59,16.59,21.59,1.16,1.36,1.66,2.16,Latent_Defect,50
C15215,L8,TypeC,26.68,1.06,8.61,9.61,28.61,30.61,0.86,0.96,2.86,3.06,Sudden_Anomaly,50
C15216,L8,TypeC,28.27,1.26,9.9,10.9,29.9,31.9,0.99,1.09,2.99,3.19,Sudden_Anomaly,50
C15217,L8,TypeA,31.09,1.26,8.68,9.68,28.68,30.68,0.87,0.97,2.87,3.07,Sudden_Anomaly,50
C15218,L8,TypeC,29.6,1.08,11.28,11.28,11.28,11.28,1.13,1.13,1.13,1.13,High_Stable,50
C15219,L8,TypeC,33.26,1.0,11.06,12.06,31.06,33.06,1.11,1.21,3.11,3.31,Sudden_Anomaly,50
C15220,L8,TypeC,28.9,1.27,14.52,15.52,16.52,17.52,1.45,1.55,1.65,1.75,Normal,50
C15221,L8,TypeA,29.98,1.08,9.15,11.15,14.15,19.15,0.91,1.11,1.41,1.91,Latent_Defect,50
C15222,L8,TypeA,25.03,1.21,9.5,10.5,11.5,12.5,0.95,1.05,1.15,1.25,Normal,50
C15223,L8,TypeC,26.65,1.23,11.03,11.03,11.03,11.03,1.1,1.1,1.1,1.1,High_Stable,50
C15224,L8,TypeA,30.52,1.25,9.32,9.32,9.32,9.32,0.93,0.93,0.93,0.93,High_Stable,50
C15225,L8,TypeB,27.1,1.14,9.42,9.42,9.42,9.42,0.94,0.94,0.94,0.94,High_Stable,50
C15226,L8,TypeA,26.89,1.18,14.98,15.98,16.98,17.98,1.5,1.6,1.7,1.8,Normal,50
C15227,L8,TypeA,31.02,1.08,9.57,10.57,11.57,12.57,0.96,1.06,1.16,1.26,Normal,50
C15228,L8,TypeA,34.58,1.09,9.86,10.86,11.86,60.0,0.99,1.09,1.19,6.0,Absolute_Failure,50
C15229,L8,TypeA,29.38,1.19,11.33,12.33,13.33,60.0,1.13,1.23,1.33,6.0,Absolute_Failure,50
C15230,L8,TypeA,28.55,1.15,8.08,9.08,10.08,60.0,0.81,0.91,1.01,6.0,Absolute_Failure,50
C15231,L8,TypeC,25.08,1.07,13.79,14.79,15.79,16.79,1.38,1.48,1.58,1.68,Normal,50
C15232,L8,TypeA,32.61,1.03,8.02,9.02,10.02,11.02,0.8,0.9,1.0,1.1,Normal,50
C15233,L8,TypeA,25.62,1.07,10.55,11.55,30.55,32.55,1.05,1.15,3.05,3.25,Sudden_Anomaly,50
C15234,L8,TypeA,34.67,1.2,10.25,11.25,30.25,32.25,1.03,1.13,3.03,3.23,Sudden_Anomaly,50
C15235,L8,TypeB,32.4,1.03,10.24,10.24,10.24,10.24,1.02,1.02,1.02,1.02,High_Stable,50
C15236,L8,TypeA,33.73,1.16,11.43,12.43,31.43,33.43,1.14,1.24,3.14,3.34,Sudden_Anomaly,50
C15237,L8,TypeA,33.78,1.06,14.96,15.96,16.96,17.96,1.5,1.6,1.7,1.8,Normal,50
C15238,L8,TypeB,34.66,1.04,8.85,9.85,10.85,60.0,0.89,0.99,1.09,6.0,Absolute_Failure,50
C15239,L8,TypeA,33.07,1.09,10.44,11.44,30.44,32.44,1.04,1.14,3.04,3.24,Sudden_Anomaly,50
C15240,L8,TypeC,30.65,1.0,14.81,15.81,34.81,36.81,1.48,1.58,3.48,3.68,Sudden_Anomaly,50
C15241,L8,TypeA,26.49,1.3,11.2,13.2,16.2,21.2,1.12,1.32,1.62,2.12,Latent_Defect,50
C15242,L8,TypeC,26.74,1.24,10.75,11.75,12.75,13.75,1.07,1.17,1.27,1.37,Normal,50
C15243,L8,TypeC,27.61,1.12,8.5,9.5,10.5,11.5,0.85,0.95,1.05,1.15,Normal,50
C15244,L8,TypeC,28.52,1.24,10.79,12.79,15.79,20.79,1.08,1.28,1.58,2.08,Latent_Defect,50
C15245,L8,TypeA,27.92,1.16,13.23,14.23,33.23,35.23,1.32,1.42,3.32,3.52,Sudden_Anomaly,50
C15246,L8,TypeA,26.69,1.06,9.08,9.08,9.08,9.08,0.91,0.91,0.91,0.91,High_Stable,50
C15247,L8,TypeA,25.54,1.26,11.14,12.14,13.14,14.14,1.11,1.21,1.31,1.41,Normal,50
C15248,L8,TypeA,29.75,1.02,9.39,9.39,9.39,9.39,0.94,0.94,0.94,0.94,High_Stable,50
C15249,L8,TypeB,29.54,1.15,14.11,15.11,34.11,36.11,1.41,1.51,3.41,3.61,Sudden_Anomaly,50
C15250,L8,TypeA,34.13,1.25,8.94,9.94,10.94,60.0,0.89,0.99,1.09,6.0,Absolute_Failure,50
C15251,L8,TypeC,34.17,1.19,14.5,16.5,19.5,24.5,1.45,1.65,1.95,2.45,Latent_Defect,50
C15252,L8,TypeA,30.38,1.02,9.45,10.45,29.45,31.45,0.94,1.04,2.94,3.14,Sudden_Anomaly,50
C15253,L8,TypeC,33.64,1.18,9.89,10.89,29.89,31.89,0.99,1.09,2.99,3.19,Sudden_Anomaly,50
C15254,L8,TypeB,33.34,1.12,8.81,9.81,10.81,11.81,0.88,0.98,1.08,1.18,Normal,50
C15255,L8,TypeA,31.11,1.21,9.47,10.47,11.47,12.47,0.95,1.05,1.15,1.25,Normal,50
C15256,L8,TypeA,31.22,1.05,9.06,11.06,14.06,19.06,0.91,1.11,1.41,1.91,Latent_Defect,50
C15257,L8,TypeC,28.53,1.03,14.27,15.27,16.27,60.0,1.43,1.53,1.63,6.0,Absolute_Failure,50
C15258,L8,TypeA,26.03,1.0,14.73,15.73,34.73,36.73,1.47,1.57,3.47,3.67,Sudden_Anomaly,50
C15259,L8,TypeC,28.45,1.02,8.25,9.25,10.25,60.0,0.83,0.93,1.03,6.0,Absolute_Failure,50
C15260,L8,TypeA,34.95,1.2,10.72,12.72,15.72,20.72,1.07,1.27,1.57,2.07,Latent_Defect,50
C15261,L8,TypeA,31.88,1.24,12.28,13.28,32.28,34.28,1.23,1.33,3.23,3.43,Sudden_Anomaly,50
C15262,L8,TypeA,33.6,1.23,14.57,16.57,19.57,24.57,1.46,1.66,1.96,2.46,Latent_Defect,50
C15263,L8,TypeB,32.37,1.06,8.06,9.06,10.06,11.06,0.81,0.91,1.01,1.11,Normal,50
C15264,L8,TypeB,33.23,1.27,13.83,13.83,13.83,13.83,1.38,1.38,1.38,1.38,High_Stable,50
C15265,L8,TypeA,28.32,1.15,11.32,12.32,13.32,14.32,1.13,1.23,1.33,1.43,Normal,50
C15266,L8,TypeC,33.15,1.03,14.79,15.79,16.79,60.0,1.48,1.58,1.68,6.0,Absolute_Failure,50
C15267,L8,TypeB,28.8,1.14,13.66,14.66,33.66,35.66,1.37,1.47,3.37,3.57,Sudden_Anomaly,50
C15268,L8,TypeC,27.43,1.29,9.27,11.27,14.27,19.27,0.93,1.13,1.43,1.93,Latent_Defect,50
C15269,L8,TypeB,33.47,1.15,14.28,15.28,16.28,60.0,1.43,1.53,1.63,6.0,Absolute_Failure,50
C15270,L8,TypeC,33.97,1.19,13.08,15.08,18.08,23.08,1.31,1.51,1.81,2.31,Latent_Defect,50
C15271,L8,TypeA,31.56,1.14,8.51,9.51,28.51,30.51,0.85,0.95,2.85,3.05,Sudden_Anomaly,50
C15272,L8,TypeA,27.31,1.03,10.07,11.07,30.07,32.07,1.01,1.11,3.01,3.21,Sudden_Anomaly,50
C15273,L8,TypeB,27.35,1.09,13.26,15.26,18.26,23.26,1.33,1.53,1.83,2.33,Latent_Defect,50
C15274,L8,TypeA,33.11,1.05,10.04,10.04,10.04,10.04,1.0,1.0,1.0,1.0,High_Stable,50
C15275,L8,TypeB,26.09,1.02,8.3,10.3,13.3,18.3,0.83,1.03,1.33,1.83,Latent_Defect,50
C15276,L8,TypeB,25.43,1.06,9.85,10.85,29.85,31.85,0.99,1.09,2.99,3.19,Sudden_Anomaly,50
C15277,L8,TypeC,34.87,1.09,12.7,13.7,14.7,15.7,1.27,1.37,1.47,1.57,Normal,50
C15278,L8,TypeC,26.88,1.03,14.16,15.16,16.16,60.0,1.42,1.52,1.62,6.0,Absolute_Failure,50
C15279,L8,TypeA,26.51,1.1,13.93,14.93,15.93,60.0,1.39,1.49,1.59,6.0,Absolute_Failure,50
C15280,L8,TypeC,33.63,1.27,11.02,12.02,13.02,14.02,1.1,1.2,1.3,1.4,Normal,50
C15281,L8,TypeC,30.89,1.22,12.17,13.17,32.17,34.17,1.22,1.32,3.22,3.42,Sudden_Anomaly,50
C15282,L8,TypeC,30.19,1.29,10.85,11.85,30.85,32.85,1.08,1.18,3.08,3.28,Sudden_Anomaly,50
C15283,L8,TypeA,32.34,1.07,11.0,11.0,11.0,11.0,1.1,1.1,1.1,1.1,High_Stable,50
C15284,L8,TypeC,34.41,1.14,11.55,13.55,16.55,21.55,1.16,1.36,1.66,2.16,Latent_Defect,50
C15285,L8,TypeA,31.93,1.17,13.42,14.42,33.42,35.42,1.34,1.44,3.34,3.54,Sudden_Anomaly,50
C15286,L8,TypeA,31.87,1.2,10.61,11.61,12.61,13.61,1.06,1.16,1.26,1.36,Normal,50
C15287,L8,TypeC,28.27,1.12,12.98,13.98,32.98,34.98,1.3,1.4,3.3,3.5,Sudden_Anomaly,50
C15288,L8,TypeC,27.15,1.2,11.75,13.75,16.75,21.75,1.17,1.37,1.67,2.17,Latent_Defect,50
C15289,L8,TypeC,32.84,1.14,14.57,16.57,19.57,24.57,1.46,1.66,1.96,2.46,Latent_Defect,50
C15290,L8,TypeB,25.5,1.06,9.26,10.26,11.26,12.26,0.93,1.03,1.13,1.23,Normal,50
C15291,L8,TypeA,26.53,1.02,11.63,13.63,16.63,21.63,1.16,1.36,1.66,2.16,Latent_Defect,50
C15292,L8,TypeB,25.09,1.06,14.21,14.21,14.21,14.21,1.42,1.42,1.42,1.42,High_Stable,50
C15293,L8,TypeA,27.14,1.08,11.39,12.39,13.39,14.39,1.14,1.24,1.34,1.44,Normal,50
C15294,L8,TypeB,26.6,1.23,8.86,9.86,28.86,30.86,0.89,0.99,2.89,3.09,Sudden_Anomaly,50
C15295,L8,TypeC,28.1,1.29,8.95,9.95,28.95,30.95,0.9,1.0,2.9,3.1,Sudden_Anomaly,50
C15296,L8,TypeA,34.91,1.04,14.09,15.09,16.09,17.09,1.41,1.51,1.61,1.71,Normal,50
C15297,L8,TypeC,27.99,1.04,13.62,14.62,15.62,16.62,1.36,1.46,1.56,1.66,Normal,50
C15298,L8,TypeC,34.66,1.11,11.15,12.15,13.15,14.15,1.11,1.21,1.31,1.41,Normal,50
C15299,L8,TypeB,30.43,1.07,12.66,13.66,14.66,60.0,1.27,1.37,1.47,6.0,Absolute_Failure,50
C15300,L8,TypeB,30.18,1.2,12.8,13.8,32.8,34.8,1.28,1.38,3.28,3.48,Sudden_Anomaly,50
C15301,L8,TypeA,27.94,1.11,9.56,10.56,29.56,31.56,0.96,1.06,2.96,3.16,Sudden_Anomaly,50
C15302,L8,TypeA,32.6,1.18,12.11,13.11,32.11,34.11,1.21,1.31,3.21,3.41,Sudden_Anomaly,50
C15303,L8,TypeC,31.09,1.22,8.31,8.31,8.31,8.31,0.83,0.83,0.83,0.83,High_Stable,50
C15304,L8,TypeC,29.72,1.14,9.94,10.94,11.94,60.0,0.99,1.09,1.19,6.0,Absolute_Failure,50
C15305,L8,TypeB,30.85,1.13,14.6,16.6,19.6,24.6,1.46,1.66,1.96,2.46,Latent_Defect,50
C15306,L8,TypeB,26.05,1.23,13.91,13.91,13.91,13.91,1.39,1.39,1.39,1.39,High_Stable,50
C15307,L8,TypeB,29.72,1.26,12.24,13.24,14.24,60.0,1.22,1.32,1.42,6.0,Absolute_Failure,50
C15308,L8,TypeA,29.89,1.14,11.83,12.83,13.83,14.83,1.18,1.28,1.38,1.48,Normal,50
C15309,L8,TypeB,34.9,1.21,12.41,13.41,14.41,15.41,1.24,1.34,1.44,1.54,Normal,50
C15310,L8,TypeB,25.28,1.22,10.07,11.07,30.07,32.07,1.01,1.11,3.01,3.21,Sudden_Anomaly,50
C15311,L8,TypeB,25.8,1.17,12.0,13.0,14.0,15.0,1.2,1.3,1.4,1.5,Normal,50
C15312,L8,TypeA,25.8,1.29,9.54,10.54,29.54,31.54,0.95,1.05,2.95,3.15,Sudden_Anomaly,50
C15313,L8,TypeB,33.28,1.22,14.1,15.1,34.1,36.1,1.41,1.51,3.41,3.61,Sudden_Anomaly,50
C15314,L8,TypeA,28.58,1.24,9.84,10.84,11.84,12.84,0.98,1.08,1.18,1.28,Normal,50
C15315,L8,TypeC,32.64,1.29,12.05,13.05,14.05,15.05,1.21,1.31,1.41,1.51,Normal,50
C15316,L8,TypeC,29.99,1.08,11.8,12.8,31.8,33.8,1.18,1.28,3.18,3.38,Sudden_Anomaly,50
C15317,L8,TypeC,25.65,1.23,14.58,15.58,16.58,60.0,1.46,1.56,1.66,6.0,Absolute_Failure,50
C15318,L8,TypeA,34.18,1.01,8.08,9.08,28.08,30.08,0.81,0.91,2.81,3.01,Sudden_Anomaly,50
C15319,L8,TypeB,30.77,1.01,10.27,10.27,10.27,10.27,1.03,1.03,1.03,1.03,High_Stable,50
C15320,L8,TypeB,34.98,1.08,14.43,15.43,34.43,36.43,1.44,1.54,3.44,3.64,Sudden_Anomaly,50
C15321,L8,TypeC,32.96,1.15,12.27,13.27,14.27,60.0,1.23,1.33,1.43,6.0,Absolute_Failure,50
C15322,L8,TypeC,33.04,1.27,10.09,12.09,15.09,20.09,1.01,1.21,1.51,2.01,Latent_Defect,50
C15323,L8,TypeC,30.3,1.08,10.09,12.09,15.09,20.09,1.01,1.21,1.51,2.01,Latent_Defect,50
C15324,L8,TypeC,25.38,1.28,9.22,10.22,29.22,31.22,0.92,1.02,2.92,3.12,Sudden_Anomaly,50
C15325,L8,TypeC,29.6,1.0,10.15,11.15,12.15,60.0,1.01,1.11,1.21,6.0,Absolute_Failure,50
C15326,L8,TypeA,29.8,1.18,8.0,8.0,8.0,8.0,0.8,0.8,0.8,0.8,High_Stable,50
C15327,L8,TypeA,30.83,1.22,11.69,12.69,13.69,14.69,1.17,1.27,1.37,1.47,Normal,50
C15328,L8,TypeB,30.57,1.04,10.48,12.48,15.48,20.48,1.05,1.25,1.55,2.05,Latent_Defect,50
C15329,L8,TypeA,29.48,1.0,9.58,11.58,14.58,19.58,0.96,1.16,1.46,1.96,Latent_Defect,50
C15330,L8,TypeA,33.28,1.25,12.12,14.12,17.12,22.12,1.21,1.41,1.71,2.21,Latent_Defect,50
C15331,L8,TypeA,29.33,1.17,9.82,11.82,14.82,19.82,0.98,1.18,1.48,1.98,Latent_Defect,50
C15332,L8,TypeC,34.78,1.14,11.64,12.64,13.64,60.0,1.16,1.26,1.36,6.0,Absolute_Failure,50
C15333,L8,TypeB,27.08,1.08,9.43,10.43,11.43,60.0,0.94,1.04,1.14,6.0,Absolute_Failure,50
C15334,L8,TypeB,29.53,1.04,13.32,13.32,13.32,13.32,1.33,1.33,1.33,1.33,High_Stable,50
C15335,L8,TypeC,32.56,1.25,10.75,11.75,12.75,60.0,1.07,1.17,1.27,6.0,Absolute_Failure,50
C15336,L8,TypeB,31.47,1.08,10.8,11.8,30.8,32.8,1.08,1.18,3.08,3.28,Sudden_Anomaly,50
C15337,L8,TypeC,33.61,1.03,8.69,8.69,8.69,8.69,0.87,0.87,0.87,0.87,High_Stable,50
C15338,L8,TypeC,34.2,1.08,9.12,9.12,9.12,9.12,0.91,0.91,0.91,0.91,High_Stable,50
C15339,L8,TypeA,28.03,1.27,8.68,8.68,8.68,8.68,0.87,0.87,0.87,0.87,High_Stable,50
C15340,L8,TypeA,32.76,1.03,14.46,15.46,34.46,36.46,1.45,1.55,3.45,3.65,Sudden_Anomaly,50
C15341,L8,TypeA,26.11,1.08,14.0,15.0,16.0,60.0,1.4,1.5,1.6,6.0,Absolute_Failure,50
C15342,L8,TypeA,33.97,1.1,9.1,10.1,11.1,12.1,0.91,1.01,1.11,1.21,Normal,50
C15343,L8,TypeC,29.8,1.09,12.3,13.3,32.3,34.3,1.23,1.33,3.23,3.43,Sudden_Anomaly,50
C15344,L8,TypeB,33.5,1.21,14.25,15.25,16.25,17.25,1.43,1.53,1.63,1.73,Normal,50
C15345,L8,TypeB,30.84,1.06,11.99,12.99,13.99,60.0,1.2,1.3,1.4,6.0,Absolute_Failure,50
C15346,L8,TypeC,25.26,1.28,12.12,13.12,14.12,60.0,1.21,1.31,1.41,6.0,Absolute_Failure,50
C15347,L8,TypeC,33.8,1.28,12.79,14.79,17.79,22.79,1.28,1.48,1.78,2.28,Latent_Defect,50
C15348,L8,TypeB,34.37,1.25,14.4,15.4,16.4,17.4,1.44,1.54,1.64,1.74,Normal,50
C15349,L8,TypeC,34.29,1.06,9.72,11.72,14.72,19.72,0.97,1.17,1.47,1.97,Latent_Defect,50
C15350,L8,TypeB,34.66,1.09,9.04,10.04,11.04,60.0,0.9,1.0,1.1,6.0,Absolute_Failure,50
C15351,L8,TypeC,33.97,1.02,8.1,9.1,28.1,30.1,0.81,0.91,2.81,3.01,Sudden_Anomaly,50
C15352,L8,TypeC,30.9,1.08,12.67,14.67,17.67,22.67,1.27,1.47,1.77,2.27,Latent_Defect,50
C15353,L8,TypeC,31.8,1.15,8.94,10.94,13.94,18.94,0.89,1.09,1.39,1.89,Latent_Defect,50
C15354,L8,TypeB,27.64,1.15,11.67,11.67,11.67,11.67,1.17,1.17,1.17,1.17,High_Stable,50
C15355,L8,TypeB,30.1,1.18,9.52,9.52,9.52,9.52,0.95,0.95,0.95,0.95,High_Stable,50
C15356,L8,TypeA,33.87,1.23,13.36,14.36,15.36,16.36,1.34,1.44,1.54,1.64,Normal,50
C15357,L8,TypeB,25.82,1.26,14.84,15.84,16.84,17.84,1.48,1.58,1.68,1.78,Normal,50
C15358,L8,TypeA,27.19,1.26,13.3,15.3,18.3,23.3,1.33,1.53,1.83,2.33,Latent_Defect,50
C15359,L8,TypeC,31.52,1.08,13.59,14.59,15.59,16.59,1.36,1.46,1.56,1.66,Normal,50
C15360,L8,TypeC,33.3,1.24,8.76,9.76,10.76,11.76,0.88,0.98,1.08,1.18,Normal,50
C15361,L8,TypeA,30.85,1.29,9.77,10.77,11.77,12.77,0.98,1.08,1.18,1.28,Normal,50
C15362,L8,TypeB,27.1,1.29,10.42,11.42,30.42,32.42,1.04,1.14,3.04,3.24,Sudden_Anomaly,50
C15363,L8,TypeA,34.66,1.1,11.16,12.16,13.16,14.16,1.12,1.22,1.32,1.42,Normal,50
C15364,L8,TypeC,34.86,1.2,14.47,15.47,16.47,17.47,1.45,1.55,1.65,1.75,Normal,50
C15365,L8,TypeB,27.84,1.13,13.08,14.08,15.08,60.0,1.31,1.41,1.51,6.0,Absolute_Failure,50
C15366,L8,TypeB,32.24,1.23,10.89,11.89,12.89,60.0,1.09,1.19,1.29,6.0,Absolute_Failure,50
C15367,L8,TypeB,25.13,1.05,10.26,12.26,15.26,20.26,1.03,1.23,1.53,2.03,Latent_Defect,50
C15368,L8,TypeC,30.19,1.14,13.56,14.56,33.56,35.56,1.36,1.46,3.36,3.56,Sudden_Anomaly,50
C15369,L8,TypeC,31.4,1.17,8.61,9.61,10.61,60.0,0.86,0.96,1.06,6.0,Absolute_Failure,50
C15370,L8,TypeC,31.74,1.04,9.09,10.09,11.09,12.09,0.91,1.01,1.11,1.21,Normal,50
C15371,L8,TypeA,31.16,1.05,10.49,11.49,12.49,13.49,1.05,1.15,1.25,1.35,Normal,50
C15372,L8,TypeC,30.37,1.02,13.19,14.19,33.19,35.19,1.32,1.42,3.32,3.52,Sudden_Anomaly,50
C15373,L8,TypeA,34.64,1.02,9.36,10.36,11.36,12.36,0.94,1.04,1.14,1.24,Normal,50
C15374,L8,TypeB,26.12,1.01,11.44,11.44,11.44,11.44,1.14,1.14,1.14,1.14,High_Stable,50
C15375,L8,TypeC,29.1,1.15,10.83,11.83,12.83,60.0,1.08,1.18,1.28,6.0,Absolute_Failure,50
C15376,L8,TypeA,28.48,1.02,10.69,10.69,10.69,10.69,1.07,1.07,1.07,1.07,High_Stable,50
C15377,L8,TypeA,26.79,1.19,11.25,12.25,31.25,33.25,1.12,1.22,3.12,3.32,Sudden_Anomaly,50
C15378,L8,TypeA,31.39,1.02,11.67,12.67,13.67,14.67,1.17,1.27,1.37,1.47,Normal,50
C15379,L8,TypeB,30.79,1.01,11.72,11.72,11.72,11.72,1.17,1.17,1.17,1.17,High_Stable,50
C15380,L8,TypeC,33.78,1.2,8.36,9.36,10.36,60.0,0.84,0.94,1.04,6.0,Absolute_Failure,50
C15381,L8,TypeA,29.38,1.01,11.91,12.91,13.91,60.0,1.19,1.29,1.39,6.0,Absolute_Failure,50
C15382,L8,TypeA,33.55,1.22,12.42,13.42,14.42,60.0,1.24,1.34,1.44,6.0,Absolute_Failure,50
C15383,L8,TypeB,34.6,1.08,12.2,13.2,14.2,60.0,1.22,1.32,1.42,6.0,Absolute_Failure,50
C15384,L8,TypeA,26.46,1.27,11.78,12.78,13.78,14.78,1.18,1.28,1.38,1.48,Normal,50
C15385,L8,TypeA,31.87,1.15,10.96,12.96,15.96,20.96,1.1,1.3,1.6,2.1,Latent_Defect,50
C15386,L8,TypeC,33.14,1.14,10.78,10.78,10.78,10.78,1.08,1.08,1.08,1.08,High_Stable,50
C15387,L8,TypeC,28.86,1.27,14.5,14.5,14.5,14.5,1.45,1.45,1.45,1.45,High_Stable,50
C15388,L8,TypeA,31.72,1.12,11.73,12.73,31.73,33.73,1.17,1.27,3.17,3.37,Sudden_Anomaly,50
C15389,L8,TypeB,28.85,1.25,12.13,13.13,32.13,34.13,1.21,1.31,3.21,3.41,Sudden_Anomaly,50
C15390,L8,TypeB,27.22,1.22,12.0,13.0,14.0,60.0,1.2,1.3,1.4,6.0,Absolute_Failure,50
C15391,L8,TypeA,33.36,1.02,14.31,16.31,19.31,24.31,1.43,1.63,1.93,2.43,Latent_Defect,50
C15392,L8,TypeC,27.63,1.13,9.55,11.55,14.55,19.55,0.95,1.15,1.45,1.95,Latent_Defect,50
C15393,L8,TypeA,33.99,1.23,10.88,12.88,15.88,20.88,1.09,1.29,1.59,2.09,Latent_Defect,50
C15394,L8,TypeA,32.59,1.18,14.78,15.78,16.78,60.0,1.48,1.58,1.68,6.0,Absolute_Failure,50
C15395,L8,TypeA,27.64,1.11,8.98,9.98,10.98,60.0,0.9,1.0,1.1,6.0,Absolute_Failure,50
C15396,L8,TypeC,30.7,1.14,8.34,8.34,8.34,8.34,0.83,0.83,0.83,0.83,High_Stable,50
C15397,L8,TypeC,26.7,1.15,10.91,11.91,12.91,60.0,1.09,1.19,1.29,6.0,Absolute_Failure,50
C15398,L8,TypeC,32.22,1.05,11.79,12.79,13.79,60.0,1.18,1.28,1.38,6.0,Absolute_Failure,50
C15399,L8,TypeC,28.63,1.21,8.35,10.35,13.35,18.35,0.84,1.04,1.34,1.84,Latent_Defect,50
C15400,L8,TypeB,33.89,1.05,14.78,14.78,14.78,14.78,1.48,1.48,1.48,1.48,High_Stable,50
C15401,L8,TypeA,25.3,1.25,14.78,16.78,19.78,24.78,1.48,1.68,1.98,2.48,Latent_Defect,50
C15402,L8,TypeC,33.87,1.01,14.43,15.43,16.43,60.0,1.44,1.54,1.64,6.0,Absolute_Failure,50
C15403,L8,TypeC,32.56,1.17,10.67,11.67,30.67,32.67,1.07,1.17,3.07,3.27,Sudden_Anomaly,50
C15404,L8,TypeB,34.84,1.1,13.75,15.75,18.75,23.75,1.37,1.57,1.87,2.37,Latent_Defect,50
C15405,L8,TypeA,27.24,1.19,14.69,15.69,16.69,17.69,1.47,1.57,1.67,1.77,Normal,50
C15406,L8,TypeB,34.08,1.03,13.61,14.61,15.61,60.0,1.36,1.46,1.56,6.0,Absolute_Failure,50
C15407,L8,TypeB,31.31,1.12,12.28,13.28,14.28,60.0,1.23,1.33,1.43,6.0,Absolute_Failure,50
C15408,L8,TypeC,33.31,1.22,10.18,11.18,12.18,60.0,1.02,1.12,1.22,6.0,Absolute_Failure,50
C15409,L8,TypeB,34.1,1.24,11.25,12.25,31.25,33.25,1.13,1.23,3.13,3.33,Sudden_Anomaly,50
C15410,L8,TypeA,31.04,1.18,12.86,12.86,12.86,12.86,1.29,1.29,1.29,1.29,High_Stable,50
C15411,L8,TypeB,32.76,1.14,12.09,13.09,14.09,60.0,1.21,1.31,1.41,6.0,Absolute_Failure,50
C15412,L8,TypeB,25.68,1.25,10.24,11.24,12.24,13.24,1.02,1.12,1.22,1.32,Normal,50
C15413,L8,TypeB,26.24,1.1,10.47,11.47,12.47,13.47,1.05,1.15,1.25,1.35,Normal,50
C15414,L8,TypeA,25.12,1.29,13.27,14.27,33.27,35.27,1.33,1.43,3.33,3.53,Sudden_Anomaly,50
C15415,L8,TypeA,25.82,1.14,10.67,12.67,15.67,20.67,1.07,1.27,1.57,2.07,Latent_Defect,50
C15416,L8,TypeA,27.28,1.25,13.03,14.03,15.03,60.0,1.3,1.4,1.5,6.0,Absolute_Failure,50
C15417,L8,TypeB,32.89,1.24,10.11,11.11,12.11,13.11,1.01,1.11,1.21,1.31,Normal,50
C15418,L8,TypeB,32.92,1.13,8.04,9.04,10.04,11.04,0.8,0.9,1.0,1.1,Normal,50
C15419,L8,TypeA,28.73,1.24,12.58,14.58,17.58,22.58,1.26,1.46,1.76,2.26,Latent_Defect,50
C15420,L8,TypeA,31.52,1.1,11.8,12.8,13.8,60.0,1.18,1.28,1.38,6.0,Absolute_Failure,50
C15421,L8,TypeC,25.3,1.14,13.99,14.99,33.99,35.99,1.4,1.5,3.4,3.6,Sudden_Anomaly,50
C15422,L8,TypeB,26.86,1.14,11.64,11.64,11.64,11.64,1.16,1.16,1.16,1.16,High_Stable,50
C15423,L8,TypeC,31.19,1.24,14.75,15.75,16.75,17.75,1.48,1.58,1.68,1.78,Normal,50
C15424,L8,TypeA,32.74,1.18,13.95,15.95,18.95,23.95,1.4,1.6,1.9,2.4,Latent_Defect,50
C15425,L8,TypeB,27.58,1.27,12.14,14.14,17.14,22.14,1.21,1.41,1.71,2.21,Latent_Defect,50
C15426,L8,TypeB,27.19,1.06,11.04,12.04,13.04,14.04,1.1,1.2,1.3,1.4,Normal,50
C15427,L8,TypeB,25.28,1.21,12.08,13.08,14.08,15.08,1.21,1.31,1.41,1.51,Normal,50
C15428,L8,TypeB,33.01,1.12,11.92,12.92,13.92,14.92,1.19,1.29,1.39,1.49,Normal,50
C15429,L8,TypeA,30.86,1.03,10.99,10.99,10.99,10.99,1.1,1.1,1.1,1.1,High_Stable,50
C15430,L8,TypeA,34.64,1.11,10.16,11.16,30.16,32.16,1.02,1.12,3.02,3.22,Sudden_Anomaly,50
C15431,L8,TypeB,25.1,1.25,12.73,14.73,17.73,22.73,1.27,1.47,1.77,2.27,Latent_Defect,50
C15432,L8,TypeB,25.61,1.19,14.73,14.73,14.73,14.73,1.47,1.47,1.47,1.47,High_Stable,50
C15433,L8,TypeA,32.05,1.07,11.31,12.31,13.31,60.0,1.13,1.23,1.33,6.0,Absolute_Failure,50
C15434,L8,TypeA,26.04,1.26,13.88,14.88,15.88,16.88,1.39,1.49,1.59,1.69,Normal,50
C15435,L8,TypeB,25.51,1.24,11.86,11.86,11.86,11.86,1.19,1.19,1.19,1.19,High_Stable,50
C15436,L8,TypeB,29.9,1.11,10.46,12.46,15.46,20.46,1.05,1.25,1.55,2.05,Latent_Defect,50
C15437,L8,TypeB,28.16,1.12,12.6,13.6,32.6,34.6,1.26,1.36,3.26,3.46,Sudden_Anomaly,50
C15438,L8,TypeC,33.46,1.04,9.36,11.36,14.36,19.36,0.94,1.14,1.44,1.94,Latent_Defect,50
C15439,L8,TypeA,26.94,1.13,12.42,13.42,14.42,60.0,1.24,1.34,1.44,6.0,Absolute_Failure,50
C15440,L8,TypeC,29.45,1.15,14.65,14.65,14.65,14.65,1.47,1.47,1.47,1.47,High_Stable,50
C15441,L8,TypeC,33.51,1.23,12.62,13.62,32.62,34.62,1.26,1.36,3.26,3.46,Sudden_Anomaly,50
C15442,L8,TypeB,28.97,1.28,13.1,14.1,15.1,60.0,1.31,1.41,1.51,6.0,Absolute_Failure,50
C15443,L8,TypeC,32.99,1.17,9.4,10.4,29.4,31.4,0.94,1.04,2.94,3.14,Sudden_Anomaly,50
C15444,L8,TypeC,27.7,1.01,12.25,13.25,14.25,15.25,1.23,1.33,1.43,1.53,Normal,50
C15445,L8,TypeC,33.6,1.04,14.72,15.72,16.72,60.0,1.47,1.57,1.67,6.0,Absolute_Failure,50
C15446,L8,TypeB,26.47,1.04,14.8,15.8,16.8,17.8,1.48,1.58,1.68,1.78,Normal,50
C15447,L8,TypeB,31.12,1.12,14.04,16.04,19.04,24.04,1.4,1.6,1.9,2.4,Latent_Defect,50
C15448,L8,TypeC,33.07,1.0,12.03,14.03,17.03,22.03,1.2,1.4,1.7,2.2,Latent_Defect,50
C15449,L8,TypeC,33.88,1.2,12.97,12.97,12.97,12.97,1.3,1.3,1.3,1.3,High_Stable,50
C15450,L8,TypeA,30.28,1.28,9.02,9.02,9.02,9.02,0.9,0.9,0.9,0.9,High_Stable,50
C15451,L8,TypeA,34.02,1.22,12.58,13.58,14.58,15.58,1.26,1.36,1.46,1.56,Normal,50
C15452,L8,TypeB,34.03,1.17,13.62,15.62,18.62,23.62,1.36,1.56,1.86,2.36,Latent_Defect,50
C15453,L8,TypeA,27.31,1.21,10.13,11.13,30.13,32.13,1.01,1.11,3.01,3.21,Sudden_Anomaly,50
C15454,L8,TypeB,30.2,1.13,8.53,9.53,10.53,60.0,0.85,0.95,1.05,6.0,Absolute_Failure,50
C15455,L8,TypeA,28.27,1.16,14.4,15.4,34.4,36.4,1.44,1.54,3.44,3.64,Sudden_Anomaly,50
C15456,L8,TypeC,25.78,1.2,8.08,9.08,28.08,30.08,0.81,0.91,2.81,3.01,Sudden_Anomaly,50
C15457,L8,TypeC,26.24,1.03,9.67,10.67,11.67,60.0,0.97,1.07,1.17,6.0,Absolute_Failure,50
C15458,L8,TypeB,28.77,1.28,11.88,13.88,16.88,21.88,1.19,1.39,1.69,2.19,Latent_Defect,50
C15459,L8,TypeB,30.61,1.29,12.23,14.23,17.23,22.23,1.22,1.42,1.72,2.22,Latent_Defect,50
C15460,L8,TypeC,33.67,1.2,8.33,9.33,10.33,11.33,0.83,0.93,1.03,1.13,Normal,50
C15461,L8,TypeB,27.71,1.0,10.46,11.46,12.46,13.46,1.05,1.15,1.25,1.35,Normal,50
C15462,L8,TypeA,33.28,1.26,10.63,10.63,10.63,10.63,1.06,1.06,1.06,1.06,High_Stable,50
C15463,L8,TypeB,34.0,1.21,11.68,12.68,13.68,60.0,1.17,1.27,1.37,6.0,Absolute_Failure,50
C15464,L8,TypeB,31.57,1.14,12.11,13.11,14.11,15.11,1.21,1.31,1.41,1.51,Normal,50
C15465,L8,TypeB,33.64,1.22,9.16,9.16,9.16,9.16,0.92,0.92,0.92,0.92,High_Stable,50
C15466,L8,TypeC,31.65,1.27,8.12,9.12,28.12,30.12,0.81,0.91,2.81,3.01,Sudden_Anomaly,50
C15467,L8,TypeB,27.24,1.16,10.67,11.67,30.67,32.67,1.07,1.17,3.07,3.27,Sudden_Anomaly,50
C15468,L8,TypeC,25.59,1.25,13.57,14.57,15.57,16.57,1.36,1.46,1.56,1.66,Normal,50
C15469,L8,TypeC,30.0,1.11,9.6,10.6,11.6,12.6,0.96,1.06,1.16,1.26,Normal,50
C15470,L8,TypeB,31.46,1.26,10.15,11.15,12.15,60.0,1.01,1.11,1.21,6.0,Absolute_Failure,50
C15471,L8,TypeC,30.24,1.05,9.33,10.33,29.33,31.33,0.93,1.03,2.93,3.13,Sudden_Anomaly,50
C15472,L8,TypeA,26.46,1.06,13.83,14.83,33.83,35.83,1.38,1.48,3.38,3.58,Sudden_Anomaly,50
C15473,L8,TypeB,32.5,1.17,12.82,13.82,14.82,60.0,1.28,1.38,1.48,6.0,Absolute_Failure,50
C15474,L8,TypeB,30.04,1.28,9.89,10.89,11.89,60.0,0.99,1.09,1.19,6.0,Absolute_Failure,50
C15475,L8,TypeB,26.85,1.14,12.0,12.0,12.0,12.0,1.2,1.2,1.2,1.2,High_Stable,50
C15476,L8,TypeC,25.33,1.09,13.58,14.58,15.58,16.58,1.36,1.46,1.56,1.66,Normal,50
C15477,L8,TypeC,34.19,1.21,13.73,14.73,15.73,16.73,1.37,1.47,1.57,1.67,Normal,50
C15478,L8,TypeA,25.18,1.28,13.48,14.48,15.48,16.48,1.35,1.45,1.55,1.65,Normal,50
C15479,L8,TypeA,25.59,1.3,11.36,11.36,11.36,11.36,1.14,1.14,1.14,1.14,High_Stable,50
C15480,L8,TypeB,31.89,1.04,11.79,12.79,13.79,14.79,1.18,1.28,1.38,1.48,Normal,50
C15481,L8,TypeA,28.64,1.16,11.55,12.55,13.55,60.0,1.16,1.26,1.36,6.0,Absolute_Failure,50
C15482,L8,TypeA,31.21,1.3,10.63,11.63,12.63,60.0,1.06,1.16,1.26,6.0,Absolute_Failure,50
C15483,L8,TypeA,33.18,1.09,11.2,11.2,11.2,11.2,1.12,1.12,1.12,1.12,High_Stable,50
C15484,L8,TypeC,30.36,1.21,13.2,13.2,13.2,13.2,1.32,1.32,1.32,1.32,High_Stable,50
C15485,L8,TypeC,25.92,1.26,10.07,11.07,30.07,32.07,1.01,1.11,3.01,3.21,Sudden_Anomaly,50
C15486,L8,TypeA,31.04,1.04,13.65,14.65,15.65,16.65,1.37,1.47,1.57,1.67,Normal,50
C15487,L8,TypeA,29.6,1.07,12.45,14.45,17.45,22.45,1.25,1.45,1.75,2.25,Latent_Defect,50
C15488,L8,TypeA,31.89,1.04,8.81,8.81,8.81,8.81,0.88,0.88,0.88,0.88,High_Stable,50
C15489,L8,TypeA,33.54,1.02,10.47,10.47,10.47,10.47,1.05,1.05,1.05,1.05,High_Stable,50
C15490,L8,TypeB,25.74,1.11,12.41,13.41,14.41,60.0,1.24,1.34,1.44,6.0,Absolute_Failure,50
C15491,L8,TypeC,31.79,1.29,8.16,8.16,8.16,8.16,0.82,0.82,0.82,0.82,High_Stable,50
C15492,L8,TypeA,33.19,1.05,8.8,8.8,8.8,8.8,0.88,0.88,0.88,0.88,High_Stable,50
C15493,L8,TypeB,26.19,1.27,8.07,9.07,10.07,11.07,0.81,0.91,1.01,1.11,Normal,50
C15494,L8,TypeA,33.68,1.09,10.14,10.14,10.14,10.14,1.01,1.01,1.01,1.01,High_Stable,50
C15495,L8,TypeB,27.17,1.08,13.65,13.65,13.65,13.65,1.36,1.36,1.36,1.36,High_Stable,50
C15496,L8,TypeC,27.53,1.1,12.83,12.83,12.83,12.83,1.28,1.28,1.28,1.28,High_Stable,50
C15497,L8,TypeA,30.82,1.24,10.54,11.54,30.54,32.54,1.05,1.15,3.05,3.25,Sudden_Anomaly,50
C15498,L8,TypeB,29.33,1.14,12.5,13.5,32.5,34.5,1.25,1.35,3.25,3.45,Sudden_Anomaly,50
C15499,L8,TypeC,26.07,1.06,8.92,9.92,28.92,30.92,0.89,0.99,2.89,3.09,Sudden_Anomaly,50
C15500,L8,TypeA,34.43,1.03,11.1,13.1,16.1,21.1,1.11,1.31,1.61,2.11,Latent_Defect,50
C15501,L8,TypeB,26.67,1.26,11.16,11.16,11.16,11.16,1.12,1.12,1.12,1.12,High_Stable,50
C15502,L8,TypeB,27.13,1.13,12.34,12.34,12.34,12.34,1.23,1.23,1.23,1.23,High_Stable,50
C15503,L8,TypeB,32.3,1.21,8.34,9.34,10.34,11.34,0.83,0.93,1.03,1.13,Normal,50
C15504,L8,TypeA,34.68,1.09,12.92,12.92,12.92,12.92,1.29,1.29,1.29,1.29,High_Stable,50
C15505,L8,TypeB,29.66,1.17,12.62,13.62,14.62,60.0,1.26,1.36,1.46,6.0,Absolute_Failure,50
C15506,L8,TypeB,32.4,1.25,9.42,9.42,9.42,9.42,0.94,0.94,0.94,0.94,High_Stable,50
C15507,L8,TypeC,33.06,1.28,12.36,14.36,17.36,22.36,1.24,1.44,1.74,2.24,Latent_Defect,50
C15508,L8,TypeB,27.07,1.17,12.43,14.43,17.43,22.43,1.24,1.44,1.74,2.24,Latent_Defect,50
C15509,L8,TypeC,25.02,1.15,11.05,12.05,13.05,14.05,1.11,1.21,1.31,1.41,Normal,50
C15510,L8,TypeB,30.68,1.14,8.13,10.13,13.13,18.13,0.81,1.01,1.31,1.81,Latent_Defect,50
C15511,L8,TypeA,32.41,1.16,14.56,15.56,34.56,36.56,1.46,1.56,3.46,3.66,Sudden_Anomaly,50
C15512,L8,TypeC,31.02,1.15,12.71,14.71,17.71,22.71,1.27,1.47,1.77,2.27,Latent_Defect,50
C15513,L8,TypeC,31.76,1.07,10.15,12.15,15.15,20.15,1.01,1.21,1.51,2.01,Latent_Defect,50
C15514,L8,TypeC,33.34,1.07,11.94,13.94,16.94,21.94,1.19,1.39,1.69,2.19,Latent_Defect,50
C15515,L8,TypeB,28.09,1.27,12.06,13.06,14.06,15.06,1.21,1.31,1.41,1.51,Normal,50
C15516,L8,TypeA,26.02,1.05,12.08,12.08,12.08,12.08,1.21,1.21,1.21,1.21,High_Stable,50
C15517,L8,TypeB,29.42,1.25,9.37,10.37,29.37,31.37,0.94,1.04,2.94,3.14,Sudden_Anomaly,50
C15518,L8,TypeB,27.12,1.07,9.83,11.83,14.83,19.83,0.98,1.18,1.48,1.98,Latent_Defect,50
C15519,L8,TypeA,34.22,1.09,9.67,9.67,9.67,9.67,0.97,0.97,0.97,0.97,High_Stable,50
C15520,L8,TypeA,29.31,1.22,8.48,9.48,10.48,11.48,0.85,0.95,1.05,1.15,Normal,50
C15521,L8,TypeA,25.5,1.0,13.17,15.17,18.17,23.17,1.32,1.52,1.82,2.32,Latent_Defect,50
C15522,L8,TypeB,33.63,1.21,14.8,15.8,34.8,36.8,1.48,1.58,3.48,3.68,Sudden_Anomaly,50
C15523,L8,TypeA,33.61,1.15,12.92,14.92,17.92,22.92,1.29,1.49,1.79,2.29,Latent_Defect,50
C15524,L8,TypeA,34.34,1.07,8.26,10.26,13.26,18.26,0.83,1.03,1.33,1.83,Latent_Defect,50
C15525,L8,TypeB,26.73,1.07,14.91,15.91,16.91,60.0,1.49,1.59,1.69,6.0,Absolute_Failure,50
C15526,L8,TypeB,34.38,1.05,11.66,11.66,11.66,11.66,1.17,1.17,1.17,1.17,High_Stable,50
C15527,L8,TypeC,29.95,1.24,9.29,10.29,11.29,12.29,0.93,1.03,1.13,1.23,Normal,50
C15528,L8,TypeC,33.75,1.02,13.06,15.06,18.06,23.06,1.31,1.51,1.81,2.31,Latent_Defect,50
C15529,L8,TypeC,29.22,1.21,12.98,13.98,32.98,34.98,1.3,1.4,3.3,3.5,Sudden_Anomaly,50
C15530,L8,TypeC,27.06,1.3,12.2,13.2,14.2,60.0,1.22,1.32,1.42,6.0,Absolute_Failure,50
C15531,L8,TypeA,26.12,1.08,8.53,8.53,8.53,8.53,0.85,0.85,0.85,0.85,High_Stable,50
C15532,L8,TypeC,28.23,1.0,9.84,11.84,14.84,19.84,0.98,1.18,1.48,1.98,Latent_Defect,50
C15533,L8,TypeC,34.53,1.26,11.84,12.84,13.84,14.84,1.18,1.28,1.38,1.48,Normal,50
C15534,L8,TypeC,27.11,1.25,14.16,15.16,16.16,60.0,1.42,1.52,1.62,6.0,Absolute_Failure,50
C15535,L8,TypeC,33.15,1.21,12.97,13.97,14.97,60.0,1.3,1.4,1.5,6.0,Absolute_Failure,50
C15536,L8,TypeB,32.3,1.17,10.87,11.87,12.87,13.87,1.09,1.19,1.29,1.39,Normal,50
C15537,L8,TypeB,30.63,1.04,11.55,13.55,16.55,21.55,1.16,1.36,1.66,2.16,Latent_Defect,50
C15538,L8,TypeC,33.01,1.06,10.78,10.78,10.78,10.78,1.08,1.08,1.08,1.08,High_Stable,50
C15539,L8,TypeC,31.99,1.0,14.52,15.52,34.52,36.52,1.45,1.55,3.45,3.65,Sudden_Anomaly,50
C15540,L8,TypeC,29.55,1.18,12.03,14.03,17.03,22.03,1.2,1.4,1.7,2.2,Latent_Defect,50
C15541,L8,TypeA,33.98,1.07,14.21,16.21,19.21,24.21,1.42,1.62,1.92,2.42,Latent_Defect,50
C15542,L8,TypeB,30.55,1.16,10.28,11.28,30.28,32.28,1.03,1.13,3.03,3.23,Sudden_Anomaly,50
C15543,L8,TypeC,27.71,1.24,11.76,12.76,31.76,33.76,1.18,1.28,3.18,3.38,Sudden_Anomaly,50
C15544,L8,TypeC,25.57,1.25,10.49,11.49,30.49,32.49,1.05,1.15,3.05,3.25,Sudden_Anomaly,50
C15545,L8,TypeB,32.29,1.15,11.77,13.77,16.77,21.77,1.18,1.38,1.68,2.18,Latent_Defect,50
C15546,L8,TypeA,34.7,1.17,12.2,13.2,32.2,34.2,1.22,1.32,3.22,3.42,Sudden_Anomaly,50
C15547,L8,TypeA,33.01,1.23,14.0,15.0,34.0,36.0,1.4,1.5,3.4,3.6,Sudden_Anomaly,50
C15548,L8,TypeA,28.33,1.15,12.36,13.36,14.36,15.36,1.24,1.34,1.44,1.54,Normal,50
C15549,L8,TypeA,27.09,1.07,8.09,9.09,10.09,11.09,0.81,0.91,1.01,1.11,Normal,50
C15550,L8,TypeA,25.47,1.06,12.15,13.15,32.15,34.15,1.22,1.32,3.22,3.42,Sudden_Anomaly,50
C15551,L8,TypeA,27.81,1.09,14.16,15.16,34.16,36.16,1.42,1.52,3.42,3.62,Sudden_Anomaly,50
C15552,L8,TypeB,27.43,1.09,13.13,14.13,15.13,16.13,1.31,1.41,1.51,1.61,Normal,50
C15553,L8,TypeC,31.46,1.16,10.59,10.59,10.59,10.59,1.06,1.06,1.06,1.06,High_Stable,50
C15554,L8,TypeC,28.49,1.18,14.79,14.79,14.79,14.79,1.48,1.48,1.48,1.48,High_Stable,50
C15555,L8,TypeB,33.26,1.07,13.39,15.39,18.39,23.39,1.34,1.54,1.84,2.34,Latent_Defect,50
C15556,L8,TypeB,26.4,1.28,9.54,10.54,11.54,12.54,0.95,1.05,1.15,1.25,Normal,50
C15557,L8,TypeA,31.76,1.28,10.27,11.27,12.27,60.0,1.03,1.13,1.23,6.0,Absolute_Failure,50
C15558,L8,TypeC,31.31,1.02,13.58,14.58,33.58,35.58,1.36,1.46,3.36,3.56,Sudden_Anomaly,50
C15559,L8,TypeA,27.06,1.18,13.25,14.25,33.25,35.25,1.33,1.43,3.33,3.53,Sudden_Anomaly,50
C15560,L8,TypeB,29.57,1.17,12.44,14.44,17.44,22.44,1.24,1.44,1.74,2.24,Latent_Defect,50
C15561,L8,TypeA,30.32,1.02,13.51,15.51,18.51,23.51,1.35,1.55,1.85,2.35,Latent_Defect,50
C15562,L8,TypeB,25.43,1.02,9.17,10.17,29.17,31.17,0.92,1.02,2.92,3.12,Sudden_Anomaly,50
C15563,L8,TypeB,25.63,1.12,11.93,11.93,11.93,11.93,1.19,1.19,1.19,1.19,High_Stable,50
C15564,L8,TypeB,32.39,1.16,9.01,9.01,9.01,9.01,0.9,0.9,0.9,0.9,High_Stable,50
C15565,L8,TypeC,34.99,1.24,12.81,14.81,17.81,22.81,1.28,1.48,1.78,2.28,Latent_Defect,50
C15566,L8,TypeC,34.49,1.03,14.96,16.96,19.96,24.96,1.5,1.7,2.0,2.5,Latent_Defect,50
C15567,L8,TypeC,28.57,1.13,13.94,14.94,15.94,16.94,1.39,1.49,1.59,1.69,Normal,50
C15568,L8,TypeC,33.56,1.09,11.37,12.37,13.37,14.37,1.14,1.24,1.34,1.44,Normal,50
C15569,L8,TypeC,27.8,1.17,9.37,10.37,11.37,12.37,0.94,1.04,1.14,1.24,Normal,50
C15570,L8,TypeB,34.65,1.08,8.03,9.03,10.03,11.03,0.8,0.9,1.0,1.1,Normal,50
C15571,L8,TypeA,26.84,1.07,14.4,15.4,34.4,36.4,1.44,1.54,3.44,3.64,Sudden_Anomaly,50
C15572,L8,TypeC,29.6,1.24,14.16,15.16,16.16,17.16,1.42,1.52,1.62,1.72,Normal,50
C15573,L8,TypeC,28.58,1.13,13.14,15.14,18.14,23.14,1.31,1.51,1.81,2.31,Latent_Defect,50
C15574,L8,TypeA,32.28,1.23,12.92,13.92,14.92,60.0,1.29,1.39,1.49,6.0,Absolute_Failure,50
C15575,L8,TypeA,28.85,1.11,9.48,11.48,14.48,19.48,0.95,1.15,1.45,1.95,Latent_Defect,50
C15576,L8,TypeC,26.97,1.01,8.96,9.96,28.96,30.96,0.9,1.0,2.9,3.1,Sudden_Anomaly,50
C15577,L8,TypeA,30.42,1.16,9.22,10.22,11.22,60.0,0.92,1.02,1.12,6.0,Absolute_Failure,50
C15578,L8,TypeA,25.6,1.22,8.79,9.79,10.79,11.79,0.88,0.98,1.08,1.18,Normal,50
C15579,L8,TypeA,27.15,1.27,8.25,8.25,8.25,8.25,0.83,0.83,0.83,0.83,High_Stable,50
C15580,L8,TypeC,32.1,1.24,14.76,15.76,16.76,60.0,1.48,1.58,1.68,6.0,Absolute_Failure,50
C15581,L8,TypeB,28.24,1.15,10.99,11.99,30.99,32.99,1.1,1.2,3.1,3.3,Sudden_Anomaly,50
C15582,L8,TypeC,27.06,1.26,14.3,15.3,16.3,60.0,1.43,1.53,1.63,6.0,Absolute_Failure,50
C15583,L8,TypeA,30.3,1.23,11.69,12.69,31.69,33.69,1.17,1.27,3.17,3.37,Sudden_Anomaly,50
C15584,L8,TypeB,31.89,1.19,13.7,14.7,15.7,16.7,1.37,1.47,1.57,1.67,Normal,50
C15585,L8,TypeB,33.87,1.27,12.09,13.09,14.09,15.09,1.21,1.31,1.41,1.51,Normal,50
C15586,L8,TypeB,34.52,1.1,11.57,12.57,31.57,33.57,1.16,1.26,3.16,3.36,Sudden_Anomaly,50
C15587,L8,TypeC,34.8,1.29,8.66,9.66,10.66,11.66,0.87,0.97,1.07,1.17,Normal,50
C15588,L8,TypeC,25.07,1.29,14.72,14.72,14.72,14.72,1.47,1.47,1.47,1.47,High_Stable,50
C15589,L8,TypeA,26.21,1.18,13.46,13.46,13.46,13.46,1.35,1.35,1.35,1.35,High_Stable,50
C15590,L8,TypeA,29.3,1.28,11.22,11.22,11.22,11.22,1.12,1.12,1.12,1.12,High_Stable,50
C15591,L8,TypeC,26.52,1.08,12.88,13.88,14.88,15.88,1.29,1.39,1.49,1.59,Normal,50
C15592,L8,TypeB,34.08,1.26,12.43,14.43,17.43,22.43,1.24,1.44,1.74,2.24,Latent_Defect,50
C15593,L8,TypeA,30.29,1.2,13.53,14.53,15.53,16.53,1.35,1.45,1.55,1.65,Normal,50
C15594,L8,TypeB,25.21,1.1,13.37,14.37,33.37,35.37,1.34,1.44,3.34,3.54,Sudden_Anomaly,50
C15595,L8,TypeA,27.48,1.06,12.04,12.04,12.04,12.04,1.2,1.2,1.2,1.2,High_Stable,50
C15596,L8,TypeA,30.58,1.09,12.33,14.33,17.33,22.33,1.23,1.43,1.73,2.23,Latent_Defect,50
C15597,L8,TypeA,31.0,1.07,10.42,10.42,10.42,10.42,1.04,1.04,1.04,1.04,High_Stable,50
C15598,L8,TypeA,25.23,1.2,11.83,12.83,13.83,60.0,1.18,1.28,1.38,6.0,Absolute_Failure,50
C15599,L8,TypeB,27.72,1.28,11.43,13.43,16.43,21.43,1.14,1.34,1.64,2.14,Latent_Defect,50
C15600,L8,TypeA,28.53,1.19,8.42,8.42,8.42,8.42,0.84,0.84,0.84,0.84,High_Stable,50
C15601,L8,TypeB,33.44,1.27,11.18,12.18,13.18,14.18,1.12,1.22,1.32,1.42,Normal,50
C15602,L8,TypeC,28.38,1.2,10.47,12.47,15.47,20.47,1.05,1.25,1.55,2.05,Latent_Defect,50
C15603,L8,TypeB,26.59,1.11,10.09,12.09,15.09,20.09,1.01,1.21,1.51,2.01,Latent_Defect,50
C15604,L8,TypeA,25.03,1.19,10.98,11.98,12.98,13.98,1.1,1.2,1.3,1.4,Normal,50
C15605,L8,TypeC,31.09,1.11,14.43,16.43,19.43,24.43,1.44,1.64,1.94,2.44,Latent_Defect,50
C15606,L8,TypeC,26.54,1.29,11.34,13.34,16.34,21.34,1.13,1.33,1.63,2.13,Latent_Defect,50
C15607,L8,TypeA,27.91,1.18,10.54,11.54,12.54,13.54,1.05,1.15,1.25,1.35,Normal,50
C15608,L8,TypeB,28.58,1.11,12.47,13.47,32.47,34.47,1.25,1.35,3.25,3.45,Sudden_Anomaly,50
C15609,L8,TypeA,28.56,1.14,11.4,13.4,16.4,21.4,1.14,1.34,1.64,2.14,Latent_Defect,50
C15610,L8,TypeC,25.69,1.23,8.58,9.58,10.58,60.0,0.86,0.96,1.06,6.0,Absolute_Failure,50
C15611,L8,TypeA,28.41,1.16,11.39,12.39,13.39,14.39,1.14,1.24,1.34,1.44,Normal,50
C15612,L8,TypeB,25.17,1.21,8.4,9.4,10.4,11.4,0.84,0.94,1.04,1.14,Normal,50
C15613,L8,TypeB,32.73,1.27,8.6,9.6,28.6,30.6,0.86,0.96,2.86,3.06,Sudden_Anomaly,50
C15614,L8,TypeB,27.76,1.28,14.88,16.88,19.88,24.88,1.49,1.69,1.99,2.49,Latent_Defect,50
C15615,L8,TypeC,33.46,1.21,10.25,11.25,12.25,60.0,1.03,1.13,1.23,6.0,Absolute_Failure,50
C15616,L8,TypeA,33.62,1.29,9.93,11.93,14.93,19.93,0.99,1.19,1.49,1.99,Latent_Defect,50
C15617,L8,TypeC,28.85,1.08,11.66,13.66,16.66,21.66,1.17,1.37,1.67,2.17,Latent_Defect,50
C15618,L8,TypeC,32.78,1.15,11.82,12.82,13.82,14.82,1.18,1.28,1.38,1.48,Normal,50
C15619,L8,TypeC,29.29,1.24,12.01,14.01,17.01,22.01,1.2,1.4,1.7,2.2,Latent_Defect,50
C15620,L8,TypeA,34.61,1.12,10.96,11.96,30.96,32.96,1.1,1.2,3.1,3.3,Sudden_Anomaly,50
C15621,L8,TypeB,26.16,1.08,11.47,11.47,11.47,11.47,1.15,1.15,1.15,1.15,High_Stable,50
C15622,L8,TypeC,31.65,1.16,8.68,9.68,10.68,11.68,0.87,0.97,1.07,1.17,Normal,50
C15623,L8,TypeA,30.65,1.01,9.63,11.63,14.63,19.63,0.96,1.16,1.46,1.96,Latent_Defect,50
C15624,L8,TypeC,26.9,1.29,13.77,14.77,33.77,35.77,1.38,1.48,3.38,3.58,Sudden_Anomaly,50
C15625,L8,TypeC,25.34,1.25,13.09,14.09,15.09,16.09,1.31,1.41,1.51,1.61,Normal,50
C15626,L8,TypeB,34.22,1.05,9.3,10.3,11.3,60.0,0.93,1.03,1.13,6.0,Absolute_Failure,50
C15627,L8,TypeA,31.45,1.18,13.43,14.43,33.43,35.43,1.34,1.44,3.34,3.54,Sudden_Anomaly,50
C15628,L8,TypeC,25.16,1.25,13.24,15.24,18.24,23.24,1.32,1.52,1.82,2.32,Latent_Defect,50
C15629,L8,TypeA,25.48,1.02,13.31,14.31,15.31,60.0,1.33,1.43,1.53,6.0,Absolute_Failure,50
C15630,L8,TypeB,28.41,1.23,12.19,13.19,32.19,34.19,1.22,1.32,3.22,3.42,Sudden_Anomaly,50
C15631,L8,TypeC,32.37,1.3,9.26,11.26,14.26,19.26,0.93,1.13,1.43,1.93,Latent_Defect,50
C15632,L8,TypeB,34.65,1.12,13.46,14.46,15.46,16.46,1.35,1.45,1.55,1.65,Normal,50
C15633,L8,TypeA,26.73,1.1,10.74,11.74,12.74,60.0,1.07,1.17,1.27,6.0,Absolute_Failure,50
C15634,L8,TypeA,31.38,1.09,12.87,12.87,12.87,12.87,1.29,1.29,1.29,1.29,High_Stable,50
C15635,L8,TypeC,27.29,1.16,10.92,12.92,15.92,20.92,1.09,1.29,1.59,2.09,Latent_Defect,50
C15636,L8,TypeA,29.66,1.05,8.89,10.89,13.89,18.89,0.89,1.09,1.39,1.89,Latent_Defect,50
C15637,L8,TypeC,25.06,1.0,9.6,10.6,29.6,31.6,0.96,1.06,2.96,3.16,Sudden_Anomaly,50
C15638,L8,TypeC,31.36,1.29,11.89,12.89,31.89,33.89,1.19,1.29,3.19,3.39,Sudden_Anomaly,50
C15639,L8,TypeC,33.36,1.15,11.72,13.72,16.72,21.72,1.17,1.37,1.67,2.17,Latent_Defect,50
C15640,L8,TypeA,30.46,1.03,12.43,13.43,32.43,34.43,1.24,1.34,3.24,3.44,Sudden_Anomaly,50
C15641,L8,TypeC,25.89,1.06,8.6,10.6,13.6,18.6,0.86,1.06,1.36,1.86,Latent_Defect,50
C15642,L8,TypeA,26.11,1.05,11.71,13.71,16.71,21.71,1.17,1.37,1.67,2.17,Latent_Defect,50
C15643,L8,TypeC,34.94,1.12,12.51,13.51,14.51,15.51,1.25,1.35,1.45,1.55,Normal,50
C15644,L8,TypeC,28.03,1.25,9.37,10.37,11.37,12.37,0.94,1.04,1.14,1.24,Normal,50
C15645,L8,TypeA,27.19,1.1,11.67,12.67,13.67,14.67,1.17,1.27,1.37,1.47,Normal,50
C15646,L8,TypeC,33.24,1.06,11.56,13.56,16.56,21.56,1.16,1.36,1.66,2.16,Latent_Defect,50
C15647,L8,TypeB,34.94,1.05,11.53,12.53,13.53,60.0,1.15,1.25,1.35,6.0,Absolute_Failure,50
C15648,L8,TypeC,28.19,1.2,10.58,10.58,10.58,10.58,1.06,1.06,1.06,1.06,High_Stable,50
C15649,L8,TypeA,28.21,1.26,9.86,10.86,11.86,60.0,0.99,1.09,1.19,6.0,Absolute_Failure,50
C15650,L8,TypeA,27.94,1.19,9.87,10.87,11.87,12.87,0.99,1.09,1.19,1.29,Normal,50
C15651,L8,TypeC,34.85,1.17,8.24,10.24,13.24,18.24,0.82,1.02,1.32,1.82,Latent_Defect,50
C15652,L8,TypeB,29.58,1.02,11.77,11.77,11.77,11.77,1.18,1.18,1.18,1.18,High_Stable,50
C15653,L8,TypeC,25.39,1.06,8.8,10.8,13.8,18.8,0.88,1.08,1.38,1.88,Latent_Defect,50
C15654,L8,TypeA,28.26,1.18,8.85,10.85,13.85,18.85,0.89,1.09,1.39,1.89,Latent_Defect,50
C15655,L8,TypeB,32.0,1.07,8.51,9.51,28.51,30.51,0.85,0.95,2.85,3.05,Sudden_Anomaly,50
C15656,L8,TypeB,34.57,1.09,11.3,12.3,13.3,14.3,1.13,1.23,1.33,1.43,Normal,50
C15657,L8,TypeB,29.31,1.1,12.79,13.79,14.79,15.79,1.28,1.38,1.48,1.58,Normal,50
C15658,L8,TypeC,28.92,1.15,12.3,13.3,32.3,34.3,1.23,1.33,3.23,3.43,Sudden_Anomaly,50
C15659,L8,TypeC,29.16,1.25,10.69,11.69,30.69,32.69,1.07,1.17,3.07,3.27,Sudden_Anomaly,50
C15660,L8,TypeA,25.65,1.04,14.78,14.78,14.78,14.78,1.48,1.48,1.48,1.48,High_Stable,50
C15661,L8,TypeC,28.57,1.15,9.22,11.22,14.22,19.22,0.92,1.12,1.42,1.92,Latent_Defect,50
C15662,L8,TypeC,28.86,1.05,11.01,12.01,13.01,60.0,1.1,1.2,1.3,6.0,Absolute_Failure,50
C15663,L8,TypeA,26.37,1.03,14.4,14.4,14.4,14.4,1.44,1.44,1.44,1.44,High_Stable,50
C15664,L8,TypeA,33.06,1.1,13.71,14.71,33.71,35.71,1.37,1.47,3.37,3.57,Sudden_Anomaly,50
C15665,L8,TypeB,26.56,1.08,11.37,11.37,11.37,11.37,1.14,1.14,1.14,1.14,High_Stable,50
C15666,L8,TypeA,34.01,1.13,12.78,13.78,14.78,60.0,1.28,1.38,1.48,6.0,Absolute_Failure,50
C15667,L8,TypeB,29.66,1.02,9.76,9.76,9.76,9.76,0.98,0.98,0.98,0.98,High_Stable,50
C15668,L8,TypeB,30.94,1.14,14.39,16.39,19.39,24.39,1.44,1.64,1.94,2.44,Latent_Defect,50
C15669,L8,TypeC,30.84,1.07,11.54,11.54,11.54,11.54,1.15,1.15,1.15,1.15,High_Stable,50
C15670,L8,TypeA,29.06,1.19,10.44,12.44,15.44,20.44,1.04,1.24,1.54,2.04,Latent_Defect,50
C15671,L8,TypeC,34.19,1.25,13.85,14.85,15.85,16.85,1.38,1.48,1.58,1.68,Normal,50
C15672,L8,TypeB,33.79,1.16,13.7,13.7,13.7,13.7,1.37,1.37,1.37,1.37,High_Stable,50
C15673,L8,TypeB,31.13,1.03,13.84,13.84,13.84,13.84,1.38,1.38,1.38,1.38,High_Stable,50
C15674,L8,TypeB,33.32,1.26,8.63,10.63,13.63,18.63,0.86,1.06,1.36,1.86,Latent_Defect,50
C15675,L8,TypeC,33.95,1.23,9.41,10.41,11.41,12.41,0.94,1.04,1.14,1.24,Normal,50
C15676,L8,TypeA,25.17,1.18,14.97,16.97,19.97,24.97,1.5,1.7,2.0,2.5,Latent_Defect,50
C15677,L8,TypeB,34.92,1.19,10.19,12.19,15.19,20.19,1.02,1.22,1.52,2.02,Latent_Defect,50
C15678,L8,TypeC,26.26,1.18,11.94,12.94,13.94,14.94,1.19,1.29,1.39,1.49,Normal,50
C15679,L8,TypeB,25.62,1.26,8.91,9.91,28.91,30.91,0.89,0.99,2.89,3.09,Sudden_Anomaly,50
C15680,L8,TypeA,31.52,1.12,9.0,11.0,14.0,19.0,0.9,1.1,1.4,1.9,Latent_Defect,50
C15681,L8,TypeA,25.21,1.06,13.08,15.08,18.08,23.08,1.31,1.51,1.81,2.31,Latent_Defect,50
C15682,L8,TypeB,31.36,1.19,11.18,12.18,13.18,60.0,1.12,1.22,1.32,6.0,Absolute_Failure,50
C15683,L8,TypeB,32.71,1.02,12.6,13.6,32.6,34.6,1.26,1.36,3.26,3.46,Sudden_Anomaly,50
C15684,L8,TypeC,28.33,1.22,10.57,11.57,30.57,32.57,1.06,1.16,3.06,3.26,Sudden_Anomaly,50
C15685,L8,TypeB,29.49,1.3,8.73,9.73,10.73,11.73,0.87,0.97,1.07,1.17,Normal,50
C15686,L8,TypeB,28.67,1.05,10.93,10.93,10.93,10.93,1.09,1.09,1.09,1.09,High_Stable,50
C15687,L8,TypeC,25.42,1.24,12.44,13.44,14.44,15.44,1.24,1.34,1.44,1.54,Normal,50
C15688,L8,TypeC,25.73,1.14,14.4,16.4,19.4,24.4,1.44,1.64,1.94,2.44,Latent_Defect,50
C15689,L8,TypeC,26.39,1.1,13.35,14.35,15.35,60.0,1.33,1.43,1.53,6.0,Absolute_Failure,50
C15690,L8,TypeA,33.65,1.17,9.29,10.29,29.29,31.29,0.93,1.03,2.93,3.13,Sudden_Anomaly,50
C15691,L8,TypeC,26.12,1.22,11.34,12.34,13.34,14.34,1.13,1.23,1.33,1.43,Normal,50
C15692,L8,TypeC,29.96,1.09,11.23,12.23,13.23,60.0,1.12,1.22,1.32,6.0,Absolute_Failure,50
C15693,L8,TypeC,25.21,1.16,8.89,9.89,10.89,60.0,0.89,0.99,1.09,6.0,Absolute_Failure,50
C15694,L8,TypeB,25.88,1.08,10.84,11.84,12.84,13.84,1.08,1.18,1.28,1.38,Normal,50
C15695,L8,TypeA,33.6,1.13,9.13,10.13,11.13,12.13,0.91,1.01,1.11,1.21,Normal,50
C15696,L8,TypeB,31.72,1.12,11.24,11.24,11.24,11.24,1.12,1.12,1.12,1.12,High_Stable,50
C15697,L8,TypeA,26.69,1.03,8.48,8.48,8.48,8.48,0.85,0.85,0.85,0.85,High_Stable,50
C15698,L8,TypeA,33.87,1.13,11.93,11.93,11.93,11.93,1.19,1.19,1.19,1.19,High_Stable,50
C15699,L8,TypeA,30.35,1.02,10.44,10.44,10.44,10.44,1.04,1.04,1.04,1.04,High_Stable,50
C15700,L8,TypeC,25.42,1.21,12.43,13.43,14.43,60.0,1.24,1.34,1.44,6.0,Absolute_Failure,50
C15701,L8,TypeC,30.28,1.27,11.87,12.87,13.87,60.0,1.19,1.29,1.39,6.0,Absolute_Failure,50
C15702,L8,TypeA,31.01,1.22,11.77,12.77,13.77,14.77,1.18,1.28,1.38,1.48,Normal,50
C15703,L8,TypeA,31.16,1.23,8.23,9.23,10.23,60.0,0.82,0.92,1.02,6.0,Absolute_Failure,50
C15704,L8,TypeC,26.01,1.01,13.56,13.56,13.56,13.56,1.36,1.36,1.36,1.36,High_Stable,50
C15705,L8,TypeC,31.09,1.24,12.41,14.41,17.41,22.41,1.24,1.44,1.74,2.24,Latent_Defect,50
C15706,L8,TypeB,30.46,1.11,14.43,15.43,34.43,36.43,1.44,1.54,3.44,3.64,Sudden_Anomaly,50
C15707,L8,TypeB,26.21,1.06,11.31,12.31,13.31,14.31,1.13,1.23,1.33,1.43,Normal,50
C15708,L8,TypeB,29.81,1.08,14.63,15.63,16.63,17.63,1.46,1.56,1.66,1.76,Normal,50
C15709,L8,TypeC,27.16,1.05,13.36,14.36,33.36,35.36,1.34,1.44,3.34,3.54,Sudden_Anomaly,50
C15710,L8,TypeC,27.12,1.04,10.2,11.2,12.2,13.2,1.02,1.12,1.22,1.32,Normal,50
C15711,L8,TypeA,26.02,1.11,13.92,15.92,18.92,23.92,1.39,1.59,1.89,2.39,Latent_Defect,50
C15712,L8,TypeA,27.24,1.22,10.56,11.56,30.56,32.56,1.06,1.16,3.06,3.26,Sudden_Anomaly,50
C15713,L8,TypeA,33.74,1.08,13.14,14.14,33.14,35.14,1.31,1.41,3.31,3.51,Sudden_Anomaly,50
C15714,L8,TypeB,29.81,1.15,12.87,13.87,14.87,60.0,1.29,1.39,1.49,6.0,Absolute_Failure,50
C15715,L8,TypeC,29.69,1.08,13.5,14.5,15.5,60.0,1.35,1.45,1.55,6.0,Absolute_Failure,50
C15716,L8,TypeB,28.91,1.26,9.11,10.11,29.11,31.11,0.91,1.01,2.91,3.11,Sudden_Anomaly,50
C15717,L8,TypeB,33.05,1.13,13.3,14.3,15.3,16.3,1.33,1.43,1.53,1.63,Normal,50
C15718,L8,TypeA,28.37,1.26,12.6,12.6,12.6,12.6,1.26,1.26,1.26,1.26,High_Stable,50
C15719,L8,TypeB,28.31,1.07,8.3,9.3,10.3,60.0,0.83,0.93,1.03,6.0,Absolute_Failure,50
C15720,L8,TypeB,29.9,1.19,9.38,10.38,29.38,31.38,0.94,1.04,2.94,3.14,Sudden_Anomaly,50
C15721,L8,TypeB,25.78,1.04,13.63,14.63,33.63,35.63,1.36,1.46,3.36,3.56,Sudden_Anomaly,50
C15722,L8,TypeC,32.36,1.0,10.99,10.99,10.99,10.99,1.1,1.1,1.1,1.1,High_Stable,50
C15723,L8,TypeB,31.83,1.07,9.15,10.15,11.15,60.0,0.92,1.02,1.12,6.0,Absolute_Failure,50
C15724,L8,TypeA,26.04,1.19,14.9,15.9,34.9,36.9,1.49,1.59,3.49,3.69,Sudden_Anomaly,50
C15725,L8,TypeA,28.13,1.05,13.64,15.64,18.64,23.64,1.36,1.56,1.86,2.36,Latent_Defect,50
C15726,L8,TypeC,33.77,1.12,10.81,12.81,15.81,20.81,1.08,1.28,1.58,2.08,Latent_Defect,50
C15727,L8,TypeC,33.79,1.07,13.67,15.67,18.67,23.67,1.37,1.57,1.87,2.37,Latent_Defect,50
C15728,L8,TypeA,29.04,1.07,8.55,8.55,8.55,8.55,0.86,0.86,0.86,0.86,High_Stable,50
C15729,L8,TypeB,31.18,1.1,13.37,14.37,15.37,16.37,1.34,1.44,1.54,1.64,Normal,50
C15730,L8,TypeB,27.07,1.02,14.16,16.16,19.16,24.16,1.42,1.62,1.92,2.42,Latent_Defect,50
C15731,L8,TypeB,27.03,1.21,10.45,11.45,30.45,32.45,1.05,1.15,3.05,3.25,Sudden_Anomaly,50
C15732,L8,TypeB,26.7,1.08,14.17,15.17,34.17,36.17,1.42,1.52,3.42,3.62,Sudden_Anomaly,50
C15733,L8,TypeC,33.17,1.15,14.96,15.96,34.96,36.96,1.5,1.6,3.5,3.7,Sudden_Anomaly,50
C15734,L8,TypeC,28.76,1.11,9.95,9.95,9.95,9.95,0.99,0.99,0.99,0.99,High_Stable,50
C15735,L8,TypeB,25.0,1.12,8.71,8.71,8.71,8.71,0.87,0.87,0.87,0.87,High_Stable,50
C15736,L8,TypeB,25.58,1.25,11.42,12.42,31.42,33.42,1.14,1.24,3.14,3.34,Sudden_Anomaly,50
C15737,L8,TypeC,26.33,1.08,9.89,10.89,11.89,12.89,0.99,1.09,1.19,1.29,Normal,50
C15738,L8,TypeB,30.46,1.06,9.38,10.38,11.38,12.38,0.94,1.04,1.14,1.24,Normal,50
C15739,L8,TypeA,27.75,1.01,13.84,14.84,15.84,16.84,1.38,1.48,1.58,1.68,Normal,50
C15740,L8,TypeC,25.52,1.16,14.49,14.49,14.49,14.49,1.45,1.45,1.45,1.45,High_Stable,50
C15741,L8,TypeB,32.76,1.04,14.58,16.58,19.58,24.58,1.46,1.66,1.96,2.46,Latent_Defect,50
C15742,L8,TypeB,29.03,1.09,13.82,13.82,13.82,13.82,1.38,1.38,1.38,1.38,High_Stable,50
C15743,L8,TypeB,29.12,1.12,11.0,13.0,16.0,21.0,1.1,1.3,1.6,2.1,Latent_Defect,50
C15744,L8,TypeC,29.3,1.22,9.72,10.72,29.72,31.72,0.97,1.07,2.97,3.17,Sudden_Anomaly,50
C15745,L8,TypeC,34.36,1.03,12.51,13.51,14.51,60.0,1.25,1.35,1.45,6.0,Absolute_Failure,50
C15746,L8,TypeA,25.26,1.06,14.39,15.39,16.39,60.0,1.44,1.54,1.64,6.0,Absolute_Failure,50
C15747,L8,TypeC,33.23,1.17,8.75,9.75,10.75,60.0,0.87,0.97,1.07,6.0,Absolute_Failure,50
C15748,L8,TypeC,30.86,1.17,9.4,10.4,29.4,31.4,0.94,1.04,2.94,3.14,Sudden_Anomaly,50
C15749,L8,TypeC,34.47,1.05,9.96,9.96,9.96,9.96,1.0,1.0,1.0,1.0,High_Stable,50
C15750,L8,TypeA,34.27,1.24,13.37,15.37,18.37,23.37,1.34,1.54,1.84,2.34,Latent_Defect,50
C15751,L8,TypeA,33.79,1.03,13.59,13.59,13.59,13.59,1.36,1.36,1.36,1.36,High_Stable,50
C15752,L8,TypeC,29.16,1.29,11.18,11.18,11.18,11.18,1.12,1.12,1.12,1.12,High_Stable,50
C15753,L8,TypeA,32.8,1.11,11.21,12.21,13.21,60.0,1.12,1.22,1.32,6.0,Absolute_Failure,50
C15754,L8,TypeB,32.43,1.29,13.9,13.9,13.9,13.9,1.39,1.39,1.39,1.39,High_Stable,50
C15755,L8,TypeB,29.11,1.06,13.5,14.5,15.5,60.0,1.35,1.45,1.55,6.0,Absolute_Failure,50
C15756,L8,TypeB,32.1,1.19,13.18,15.18,18.18,23.18,1.32,1.52,1.82,2.32,Latent_Defect,50
C15757,L8,TypeA,25.54,1.08,13.42,13.42,13.42,13.42,1.34,1.34,1.34,1.34,High_Stable,50
C15758,L8,TypeC,26.15,1.14,10.25,12.25,15.25,20.25,1.02,1.22,1.52,2.02,Latent_Defect,50
C15759,L8,TypeB,33.88,1.25,9.03,10.03,29.03,31.03,0.9,1.0,2.9,3.1,Sudden_Anomaly,50
C15760,L8,TypeA,28.6,1.24,11.56,11.56,11.56,11.56,1.16,1.16,1.16,1.16,High_Stable,50
C15761,L8,TypeA,30.78,1.23,13.39,13.39,13.39,13.39,1.34,1.34,1.34,1.34,High_Stable,50
C15762,L8,TypeA,30.88,1.0,11.61,12.61,13.61,60.0,1.16,1.26,1.36,6.0,Absolute_Failure,50
C15763,L8,TypeB,30.18,1.01,9.46,10.46,29.46,31.46,0.95,1.05,2.95,3.15,Sudden_Anomaly,50
C15764,L8,TypeA,31.04,1.16,12.56,13.56,14.56,60.0,1.26,1.36,1.46,6.0,Absolute_Failure,50
C15765,L8,TypeB,32.47,1.22,12.3,12.3,12.3,12.3,1.23,1.23,1.23,1.23,High_Stable,50
C15766,L8,TypeA,31.35,1.03,9.2,10.2,29.2,31.2,0.92,1.02,2.92,3.12,Sudden_Anomaly,50
C15767,L8,TypeC,26.15,1.28,14.26,15.26,16.26,60.0,1.43,1.53,1.63,6.0,Absolute_Failure,50
C15768,L8,TypeC,34.79,1.07,14.41,14.41,14.41,14.41,1.44,1.44,1.44,1.44,High_Stable,50
C15769,L8,TypeA,28.77,1.22,11.95,12.95,13.95,14.95,1.19,1.29,1.39,1.49,Normal,50
C15770,L8,TypeB,32.78,1.04,13.04,13.04,13.04,13.04,1.3,1.3,1.3,1.3,High_Stable,50
C15771,L8,TypeA,32.75,1.29,14.55,16.55,19.55,24.55,1.46,1.66,1.96,2.46,Latent_Defect,50
C15772,L8,TypeC,26.54,1.03,10.81,11.81,12.81,13.81,1.08,1.18,1.28,1.38,Normal,50
C15773,L8,TypeC,30.73,1.2,9.77,10.77,11.77,12.77,0.98,1.08,1.18,1.28,Normal,50
C15774,L8,TypeA,28.95,1.21,13.37,15.37,18.37,23.37,1.34,1.54,1.84,2.34,Latent_Defect,50
C15775,L8,TypeC,33.19,1.1,12.43,12.43,12.43,12.43,1.24,1.24,1.24,1.24,High_Stable,50
C15776,L8,TypeC,28.14,1.04,11.54,12.54,31.54,33.54,1.15,1.25,3.15,3.35,Sudden_Anomaly,50
C15777,L8,TypeC,31.24,1.12,11.12,12.12,13.12,14.12,1.11,1.21,1.31,1.41,Normal,50
C15778,L8,TypeB,31.35,1.17,11.7,11.7,11.7,11.7,1.17,1.17,1.17,1.17,High_Stable,50
C15779,L8,TypeC,27.41,1.11,14.65,15.65,16.65,17.65,1.47,1.57,1.67,1.77,Normal,50
C15780,L8,TypeC,26.52,1.18,13.59,13.59,13.59,13.59,1.36,1.36,1.36,1.36,High_Stable,50
C15781,L8,TypeC,29.28,1.26,9.96,10.96,29.96,31.96,1.0,1.1,3.0,3.2,Sudden_Anomaly,50
C15782,L8,TypeB,26.14,1.06,12.57,12.57,12.57,12.57,1.26,1.26,1.26,1.26,High_Stable,50
C15783,L8,TypeB,34.08,1.2,12.87,14.87,17.87,22.87,1.29,1.49,1.79,2.29,Latent_Defect,50
C15784,L8,TypeC,34.93,1.09,14.19,15.19,16.19,17.19,1.42,1.52,1.62,1.72,Normal,50
C15785,L8,TypeC,32.42,1.28,9.41,10.41,29.41,31.41,0.94,1.04,2.94,3.14,Sudden_Anomaly,50
C15786,L8,TypeA,26.95,1.29,9.09,10.09,11.09,12.09,0.91,1.01,1.11,1.21,Normal,50
C15787,L8,TypeB,27.51,1.24,8.5,10.5,13.5,18.5,0.85,1.05,1.35,1.85,Latent_Defect,50
C15788,L8,TypeA,27.25,1.15,9.29,9.29,9.29,9.29,0.93,0.93,0.93,0.93,High_Stable,50
C15789,L8,TypeA,34.82,1.17,14.41,15.41,34.41,36.41,1.44,1.54,3.44,3.64,Sudden_Anomaly,50
C15790,L8,TypeA,34.78,1.24,9.23,10.23,11.23,12.23,0.92,1.02,1.12,1.22,Normal,50
C15791,L8,TypeB,26.54,1.2,8.13,9.13,10.13,60.0,0.81,0.91,1.01,6.0,Absolute_Failure,50
C15792,L8,TypeC,30.16,1.21,11.97,12.97,13.97,60.0,1.2,1.3,1.4,6.0,Absolute_Failure,50
C15793,L8,TypeA,32.82,1.12,14.2,14.2,14.2,14.2,1.42,1.42,1.42,1.42,High_Stable,50
C15794,L8,TypeA,33.92,1.25,14.96,15.96,34.96,36.96,1.5,1.6,3.5,3.7,Sudden_Anomaly,50
C15795,L8,TypeB,26.63,1.06,13.38,14.38,15.38,60.0,1.34,1.44,1.54,6.0,Absolute_Failure,50
C15796,L8,TypeA,25.33,1.13,11.04,12.04,13.04,14.04,1.1,1.2,1.3,1.4,Normal,50
C15797,L8,TypeC,28.39,1.24,10.42,10.42,10.42,10.42,1.04,1.04,1.04,1.04,High_Stable,50
C15798,L8,TypeC,32.09,1.11,12.23,13.23,32.23,34.23,1.22,1.32,3.22,3.42,Sudden_Anomaly,50
C15799,L8,TypeB,29.39,1.17,8.96,9.96,28.96,30.96,0.9,1.0,2.9,3.1,Sudden_Anomaly,50
C15800,L8,TypeB,33.43,1.02,12.33,12.33,12.33,12.33,1.23,1.23,1.23,1.23,High_Stable,50
C15801,L8,TypeB,31.17,1.11,9.96,11.96,14.96,19.96,1.0,1.2,1.5,2.0,Latent_Defect,50
C15802,L8,TypeC,31.94,1.19,14.36,15.36,16.36,60.0,1.44,1.54,1.64,6.0,Absolute_Failure,50
C15803,L8,TypeA,33.46,1.02,14.21,15.21,16.21,17.21,1.42,1.52,1.62,1.72,Normal,50
C15804,L8,TypeB,30.4,1.14,11.98,12.98,13.98,14.98,1.2,1.3,1.4,1.5,Normal,50
C15805,L8,TypeC,32.06,1.06,8.26,8.26,8.26,8.26,0.83,0.83,0.83,0.83,High_Stable,50
C15806,L8,TypeA,26.03,1.15,14.37,14.37,14.37,14.37,1.44,1.44,1.44,1.44,High_Stable,50
C15807,L8,TypeC,26.52,1.04,11.27,12.27,31.27,33.27,1.13,1.23,3.13,3.33,Sudden_Anomaly,50
C15808,L8,TypeB,31.74,1.04,13.2,14.2,33.2,35.2,1.32,1.42,3.32,3.52,Sudden_Anomaly,50
C15809,L8,TypeB,27.03,1.28,11.5,11.5,11.5,11.5,1.15,1.15,1.15,1.15,High_Stable,50
C15810,L8,TypeB,34.99,1.02,9.83,10.83,11.83,12.83,0.98,1.08,1.18,1.28,Normal,50
C15811,L8,TypeA,29.49,1.02,10.63,10.63,10.63,10.63,1.06,1.06,1.06,1.06,High_Stable,50
C15812,L8,TypeB,34.97,1.15,12.66,12.66,12.66,12.66,1.27,1.27,1.27,1.27,High_Stable,50
C15813,L8,TypeB,28.26,1.02,11.73,11.73,11.73,11.73,1.17,1.17,1.17,1.17,High_Stable,50
C15814,L8,TypeA,26.0,1.29,10.0,10.0,10.0,10.0,1.0,1.0,1.0,1.0,High_Stable,50
C15815,L8,TypeC,34.89,1.24,10.3,11.3,12.3,13.3,1.03,1.13,1.23,1.33,Normal,50
C15816,L8,TypeB,27.05,1.27,11.09,12.09,13.09,14.09,1.11,1.21,1.31,1.41,Normal,50
C15817,L8,TypeC,28.64,1.14,11.28,12.28,31.28,33.28,1.13,1.23,3.13,3.33,Sudden_Anomaly,50
C15818,L8,TypeA,34.09,1.13,14.65,15.65,16.65,60.0,1.46,1.56,1.66,6.0,Absolute_Failure,50
C15819,L8,TypeB,29.69,1.1,9.29,11.29,14.29,19.29,0.93,1.13,1.43,1.93,Latent_Defect,50
C15820,L8,TypeC,25.76,1.03,9.73,9.73,9.73,9.73,0.97,0.97,0.97,0.97,High_Stable,50
C15821,L8,TypeC,32.27,1.15,14.86,16.86,19.86,24.86,1.49,1.69,1.99,2.49,Latent_Defect,50
C15822,L8,TypeA,25.57,1.17,13.17,15.17,18.17,23.17,1.32,1.52,1.82,2.32,Latent_Defect,50
C15823,L8,TypeA,26.38,1.09,8.14,10.14,13.14,18.14,0.81,1.01,1.31,1.81,Latent_Defect,50
C15824,L8,TypeB,33.41,1.2,8.93,9.93,10.93,11.93,0.89,0.99,1.09,1.19,Normal,50
C15825,L8,TypeC,25.34,1.23,14.18,15.18,34.18,36.18,1.42,1.52,3.42,3.62,Sudden_Anomaly,50
C15826,L8,TypeB,28.65,1.0,12.03,13.03,14.03,15.03,1.2,1.3,1.4,1.5,Normal,50
C15827,L8,TypeB,34.97,1.12,11.51,11.51,11.51,11.51,1.15,1.15,1.15,1.15,High_Stable,50
C15828,L8,TypeB,30.91,1.16,12.7,13.7,32.7,34.7,1.27,1.37,3.27,3.47,Sudden_Anomaly,50
C15829,L8,TypeB,25.27,1.28,11.14,12.14,31.14,33.14,1.11,1.21,3.11,3.31,Sudden_Anomaly,50
C15830,L8,TypeC,32.1,1.13,12.37,12.37,12.37,12.37,1.24,1.24,1.24,1.24,High_Stable,50
C15831,L8,TypeC,33.8,1.07,8.76,8.76,8.76,8.76,0.88,0.88,0.88,0.88,High_Stable,50
C15832,L8,TypeC,34.44,1.24,12.22,13.22,14.22,15.22,1.22,1.32,1.42,1.52,Normal,50
C15833,L8,TypeC,33.76,1.23,8.23,10.23,13.23,18.23,0.82,1.02,1.32,1.82,Latent_Defect,50
C15834,L8,TypeC,34.68,1.02,12.45,13.45,14.45,15.45,1.25,1.35,1.45,1.55,Normal,50
C15835,L8,TypeC,30.05,1.19,13.33,15.33,18.33,23.33,1.33,1.53,1.83,2.33,Latent_Defect,50
C15836,L8,TypeC,33.0,1.21,8.54,9.54,28.54,30.54,0.85,0.95,2.85,3.05,Sudden_Anomaly,50
C15837,L8,TypeA,31.31,1.05,13.83,14.83,15.83,60.0,1.38,1.48,1.58,6.0,Absolute_Failure,50
C15838,L8,TypeB,25.42,1.1,11.21,12.21,31.21,33.21,1.12,1.22,3.12,3.32,Sudden_Anomaly,50
C15839,L8,TypeC,25.16,1.14,9.19,10.19,29.19,31.19,0.92,1.02,2.92,3.12,Sudden_Anomaly,50
C15840,L8,TypeB,31.26,1.02,8.55,9.55,10.55,60.0,0.85,0.95,1.05,6.0,Absolute_Failure,50
C15841,L8,TypeC,33.93,1.21,10.88,10.88,10.88,10.88,1.09,1.09,1.09,1.09,High_Stable,50
C15842,L8,TypeC,31.08,1.08,11.13,12.13,13.13,14.13,1.11,1.21,1.31,1.41,Normal,50
C15843,L8,TypeB,32.77,1.12,9.35,10.35,11.35,60.0,0.93,1.03,1.13,6.0,Absolute_Failure,50
C15844,L8,TypeA,34.79,1.13,13.06,14.06,33.06,35.06,1.31,1.41,3.31,3.51,Sudden_Anomaly,50
C15845,L8,TypeA,27.23,1.13,9.41,9.41,9.41,9.41,0.94,0.94,0.94,0.94,High_Stable,50
C15846,L8,TypeA,34.45,1.21,14.08,15.08,16.08,17.08,1.41,1.51,1.61,1.71,Normal,50
C15847,L8,TypeB,30.78,1.25,14.16,15.16,16.16,17.16,1.42,1.52,1.62,1.72,Normal,50
C15848,L8,TypeC,29.72,1.05,14.89,15.89,16.89,17.89,1.49,1.59,1.69,1.79,Normal,50
C15849,L8,TypeC,32.94,1.19,13.92,14.92,15.92,60.0,1.39,1.49,1.59,6.0,Absolute_Failure,50
C15850,L8,TypeB,31.69,1.18,12.15,12.15,12.15,12.15,1.22,1.22,1.22,1.22,High_Stable,50
C15851,L8,TypeC,28.7,1.23,8.74,10.74,13.74,18.74,0.87,1.07,1.37,1.87,Latent_Defect,50
C15852,L8,TypeC,27.81,1.06,12.24,13.24,14.24,60.0,1.22,1.32,1.42,6.0,Absolute_Failure,50
C15853,L8,TypeC,33.1,1.03,12.78,13.78,14.78,60.0,1.28,1.38,1.48,6.0,Absolute_Failure,50
C15854,L8,TypeC,33.96,1.04,13.26,14.26,15.26,16.26,1.33,1.43,1.53,1.63,Normal,50
C15855,L8,TypeA,31.76,1.06,14.76,15.76,16.76,17.76,1.48,1.58,1.68,1.78,Normal,50
C15856,L8,TypeC,26.89,1.21,11.33,12.33,31.33,33.33,1.13,1.23,3.13,3.33,Sudden_Anomaly,50
C15857,L8,TypeC,25.16,1.04,10.53,11.53,12.53,13.53,1.05,1.15,1.25,1.35,Normal,50
C15858,L8,TypeB,27.24,1.09,9.45,10.45,11.45,60.0,0.94,1.04,1.14,6.0,Absolute_Failure,50
C15859,L8,TypeC,30.49,1.04,8.38,8.38,8.38,8.38,0.84,0.84,0.84,0.84,High_Stable,50
C15860,L8,TypeC,32.65,1.01,11.56,11.56,11.56,11.56,1.16,1.16,1.16,1.16,High_Stable,50
C15861,L8,TypeC,33.79,1.11,9.77,10.77,11.77,60.0,0.98,1.08,1.18,6.0,Absolute_Failure,50
C15862,L8,TypeC,27.92,1.16,8.62,8.62,8.62,8.62,0.86,0.86,0.86,0.86,High_Stable,50
C15863,L8,TypeC,30.56,1.15,12.43,13.43,14.43,15.43,1.24,1.34,1.44,1.54,Normal,50
C15864,L8,TypeB,30.7,1.07,11.24,12.24,13.24,14.24,1.12,1.22,1.32,1.42,Normal,50
C15865,L8,TypeB,30.31,1.26,8.8,8.8,8.8,8.8,0.88,0.88,0.88,0.88,High_Stable,50
C15866,L8,TypeC,28.54,1.29,11.59,12.59,13.59,60.0,1.16,1.26,1.36,6.0,Absolute_Failure,50
C15867,L8,TypeC,25.74,1.0,14.34,15.34,34.34,36.34,1.43,1.53,3.43,3.63,Sudden_Anomaly,50
C15868,L8,TypeB,29.49,1.11,9.52,11.52,14.52,19.52,0.95,1.15,1.45,1.95,Latent_Defect,50
C15869,L8,TypeB,26.83,1.11,9.63,10.63,11.63,12.63,0.96,1.06,1.16,1.26,Normal,50
C15870,L8,TypeB,30.18,1.12,9.59,9.59,9.59,9.59,0.96,0.96,0.96,0.96,High_Stable,50
C15871,L8,TypeC,26.54,1.16,13.34,15.34,18.34,23.34,1.33,1.53,1.83,2.33,Latent_Defect,50
C15872,L8,TypeA,27.47,1.26,13.14,13.14,13.14,13.14,1.31,1.31,1.31,1.31,High_Stable,50
C15873,L8,TypeA,33.41,1.13,8.68,8.68,8.68,8.68,0.87,0.87,0.87,0.87,High_Stable,50
C15874,L8,TypeB,33.76,1.04,13.49,14.49,33.49,35.49,1.35,1.45,3.35,3.55,Sudden_Anomaly,50
C15875,L8,TypeC,30.35,1.3,9.2,11.2,14.2,19.2,0.92,1.12,1.42,1.92,Latent_Defect,50
C15876,L8,TypeA,33.21,1.07,12.3,12.3,12.3,12.3,1.23,1.23,1.23,1.23,High_Stable,50
C15877,L8,TypeB,29.87,1.29,11.65,11.65,11.65,11.65,1.17,1.17,1.17,1.17,High_Stable,50
C15878,L8,TypeA,32.1,1.09,9.29,10.29,11.29,12.29,0.93,1.03,1.13,1.23,Normal,50
C15879,L8,TypeB,25.21,1.04,13.77,14.77,15.77,60.0,1.38,1.48,1.58,6.0,Absolute_Failure,50
C15880,L8,TypeA,28.27,1.02,14.41,15.41,34.41,36.41,1.44,1.54,3.44,3.64,Sudden_Anomaly,50
C15881,L8,TypeB,31.5,1.06,14.08,15.08,16.08,17.08,1.41,1.51,1.61,1.71,Normal,50
C15882,L8,TypeA,29.1,1.0,12.44,13.44,14.44,60.0,1.24,1.34,1.44,6.0,Absolute_Failure,50
C15883,L8,TypeC,31.16,1.15,14.55,15.55,34.55,36.55,1.46,1.56,3.46,3.66,Sudden_Anomaly,50
C15884,L8,TypeA,26.97,1.02,10.64,11.64,12.64,60.0,1.06,1.16,1.26,6.0,Absolute_Failure,50
C15885,L8,TypeA,27.57,1.14,9.9,9.9,9.9,9.9,0.99,0.99,0.99,0.99,High_Stable,50
C15886,L8,TypeA,34.22,1.2,8.01,9.01,10.01,60.0,0.8,0.9,1.0,6.0,Absolute_Failure,50
C15887,L8,TypeA,27.15,1.12,11.06,12.06,31.06,33.06,1.11,1.21,3.11,3.31,Sudden_Anomaly,50
C15888,L8,TypeA,28.34,1.02,10.89,10.89,10.89,10.89,1.09,1.09,1.09,1.09,High_Stable,50
C15889,L8,TypeB,25.91,1.1,9.51,10.51,11.51,12.51,0.95,1.05,1.15,1.25,Normal,50
C15890,L8,TypeA,28.62,1.19,8.46,8.46,8.46,8.46,0.85,0.85,0.85,0.85,High_Stable,50
C15891,L8,TypeC,25.54,1.26,10.36,10.36,10.36,10.36,1.04,1.04,1.04,1.04,High_Stable,50
C15892,L8,TypeA,32.89,1.2,12.3,14.3,17.3,22.3,1.23,1.43,1.73,2.23,Latent_Defect,50
C15893,L8,TypeB,26.15,1.08,8.84,9.84,28.84,30.84,0.88,0.98,2.88,3.08,Sudden_Anomaly,50
C15894,L8,TypeC,28.8,1.08,10.55,11.55,12.55,60.0,1.05,1.15,1.25,6.0,Absolute_Failure,50
C15895,L8,TypeB,29.9,1.09,11.67,12.67,13.67,60.0,1.17,1.27,1.37,6.0,Absolute_Failure,50
C15896,L8,TypeB,29.6,1.27,13.6,14.6,33.6,35.6,1.36,1.46,3.36,3.56,Sudden_Anomaly,50
C15897,L8,TypeC,32.43,1.08,13.87,14.87,15.87,60.0,1.39,1.49,1.59,6.0,Absolute_Failure,50
C15898,L8,TypeC,34.94,1.06,14.95,14.95,14.95,14.95,1.49,1.49,1.49,1.49,High_Stable,50
C15899,L8,TypeB,25.45,1.23,13.06,14.06,15.06,16.06,1.31,1.41,1.51,1.61,Normal,50
C15900,L8,TypeA,26.39,1.3,8.74,9.74,10.74,11.74,0.87,0.97,1.07,1.17,Normal,50
C15901,L8,TypeC,26.0,1.04,13.71,15.71,18.71,23.71,1.37,1.57,1.87,2.37,Latent_Defect,50
C15902,L8,TypeA,28.53,1.21,12.53,12.53,12.53,12.53,1.25,1.25,1.25,1.25,High_Stable,50
C15903,L8,TypeA,32.3,1.07,13.63,14.63,15.63,60.0,1.36,1.46,1.56,6.0,Absolute_Failure,50
C15904,L8,TypeA,31.27,1.3,13.78,14.78,15.78,60.0,1.38,1.48,1.58,6.0,Absolute_Failure,50
C15905,L8,TypeB,34.76,1.1,8.27,9.27,28.27,30.27,0.83,0.93,2.83,3.03,Sudden_Anomaly,50
C15906,L8,TypeB,34.08,1.02,9.17,9.17,9.17,9.17,0.92,0.92,0.92,0.92,High_Stable,50
C15907,L8,TypeB,27.63,1.3,9.11,11.11,14.11,19.11,0.91,1.11,1.41,1.91,Latent_Defect,50
C15908,L8,TypeA,26.64,1.27,8.66,9.66,10.66,11.66,0.87,0.97,1.07,1.17,Normal,50
C15909,L8,TypeA,28.31,1.08,13.3,14.3,15.3,60.0,1.33,1.43,1.53,6.0,Absolute_Failure,50
C15910,L8,TypeB,25.72,1.02,9.94,10.94,11.94,60.0,0.99,1.09,1.19,6.0,Absolute_Failure,50
C15911,L8,TypeC,27.55,1.19,14.62,15.62,34.62,36.62,1.46,1.56,3.46,3.66,Sudden_Anomaly,50
C15912,L8,TypeC,27.16,1.09,10.1,10.1,10.1,10.1,1.01,1.01,1.01,1.01,High_Stable,50
C15913,L8,TypeB,29.7,1.04,10.1,11.1,12.1,13.1,1.01,1.11,1.21,1.31,Normal,50
C15914,L8,TypeB,30.11,1.24,9.74,10.74,11.74,60.0,0.97,1.07,1.17,6.0,Absolute_Failure,50
C15915,L8,TypeB,33.94,1.27,10.04,11.04,30.04,32.04,1.0,1.1,3.0,3.2,Sudden_Anomaly,50
C15916,L8,TypeA,25.38,1.21,12.18,13.18,14.18,15.18,1.22,1.32,1.42,1.52,Normal,50
C15917,L8,TypeB,25.56,1.04,10.87,11.87,12.87,13.87,1.09,1.19,1.29,1.39,Normal,50
C15918,L8,TypeB,28.84,1.19,9.3,10.3,11.3,60.0,0.93,1.03,1.13,6.0,Absolute_Failure,50
C15919,L8,TypeA,31.41,1.2,13.47,14.47,33.47,35.47,1.35,1.45,3.35,3.55,Sudden_Anomaly,50
C15920,L8,TypeA,34.18,1.24,13.21,13.21,13.21,13.21,1.32,1.32,1.32,1.32,High_Stable,50
C15921,L8,TypeB,27.76,1.16,13.39,14.39,15.39,16.39,1.34,1.44,1.54,1.64,Normal,50
C15922,L8,TypeB,32.43,1.08,9.59,10.59,11.59,60.0,0.96,1.06,1.16,6.0,Absolute_Failure,50
C15923,L8,TypeA,29.28,1.22,12.08,12.08,12.08,12.08,1.21,1.21,1.21,1.21,High_Stable,50
C15924,L8,TypeB,33.88,1.05,12.07,12.07,12.07,12.07,1.21,1.21,1.21,1.21,High_Stable,50
C15925,L8,TypeB,26.65,1.08,14.17,16.17,19.17,24.17,1.42,1.62,1.92,2.42,Latent_Defect,50
C15926,L8,TypeB,29.85,1.02,14.78,14.78,14.78,14.78,1.48,1.48,1.48,1.48,High_Stable,50
C15927,L8,TypeB,25.66,1.07,8.62,9.62,28.62,30.62,0.86,0.96,2.86,3.06,Sudden_Anomaly,50
C15928,L8,TypeC,31.5,1.08,11.93,11.93,11.93,11.93,1.19,1.19,1.19,1.19,High_Stable,50
C15929,L8,TypeC,26.65,1.23,12.98,12.98,12.98,12.98,1.3,1.3,1.3,1.3,High_Stable,50
C15930,L8,TypeB,27.42,1.3,13.04,15.04,18.04,23.04,1.3,1.5,1.8,2.3,Latent_Defect,50
C15931,L8,TypeB,31.5,1.21,9.46,9.46,9.46,9.46,0.95,0.95,0.95,0.95,High_Stable,50
C15932,L8,TypeA,27.73,1.08,11.28,12.28,13.28,14.28,1.13,1.23,1.33,1.43,Normal,50
C15933,L8,TypeB,26.65,1.23,9.09,10.09,11.09,12.09,0.91,1.01,1.11,1.21,Normal,50
C15934,L8,TypeB,28.61,1.2,8.74,10.74,13.74,18.74,0.87,1.07,1.37,1.87,Latent_Defect,50
C15935,L8,TypeB,28.47,1.05,8.1,9.1,10.1,11.1,0.81,0.91,1.01,1.11,Normal,50
C15936,L8,TypeC,33.41,1.12,12.57,13.57,14.57,15.57,1.26,1.36,1.46,1.56,Normal,50
C15937,L8,TypeA,26.59,1.21,8.95,9.95,28.95,30.95,0.9,1.0,2.9,3.1,Sudden_Anomaly,50
C15938,L8,TypeA,34.06,1.14,13.33,14.33,15.33,16.33,1.33,1.43,1.53,1.63,Normal,50
C15939,L8,TypeA,26.84,1.11,9.04,10.04,29.04,31.04,0.9,1.0,2.9,3.1,Sudden_Anomaly,50
C15940,L8,TypeB,29.84,1.19,10.36,12.36,15.36,20.36,1.04,1.24,1.54,2.04,Latent_Defect,50
C15941,L8,TypeC,25.0,1.07,13.37,15.37,18.37,23.37,1.34,1.54,1.84,2.34,Latent_Defect,50
C15942,L8,TypeC,28.92,1.23,12.02,12.02,12.02,12.02,1.2,1.2,1.2,1.2,High_Stable,50
C15943,L8,TypeC,29.15,1.2,9.54,11.54,14.54,19.54,0.95,1.15,1.45,1.95,Latent_Defect,50
C15944,L8,TypeA,34.52,1.09,13.67,15.67,18.67,23.67,1.37,1.57,1.87,2.37,Latent_Defect,50
C15945,L8,TypeC,33.79,1.02,14.69,14.69,14.69,14.69,1.47,1.47,1.47,1.47,High_Stable,50
C15946,L8,TypeA,30.83,1.28,10.06,11.06,30.06,32.06,1.01,1.11,3.01,3.21,Sudden_Anomaly,50
C15947,L8,TypeB,25.82,1.06,10.79,10.79,10.79,10.79,1.08,1.08,1.08,1.08,High_Stable,50
C15948,L8,TypeC,28.97,1.09,14.71,14.71,14.71,14.71,1.47,1.47,1.47,1.47,High_Stable,50
C15949,L8,TypeB,27.28,1.2,12.34,13.34,32.34,34.34,1.23,1.33,3.23,3.43,Sudden_Anomaly,50
C15950,L8,TypeC,28.09,1.05,10.19,10.19,10.19,10.19,1.02,1.02,1.02,1.02,High_Stable,50
C15951,L8,TypeA,29.36,1.09,11.91,12.91,13.91,14.91,1.19,1.29,1.39,1.49,Normal,50
C15952,L8,TypeA,34.09,1.05,14.23,16.23,19.23,24.23,1.42,1.62,1.92,2.42,Latent_Defect,50
C15953,L8,TypeC,27.85,1.11,8.41,9.41,28.41,30.41,0.84,0.94,2.84,3.04,Sudden_Anomaly,50
C15954,L8,TypeA,28.25,1.06,13.66,15.66,18.66,23.66,1.37,1.57,1.87,2.37,Latent_Defect,50
C15955,L8,TypeC,31.42,1.02,8.48,9.48,10.48,11.48,0.85,0.95,1.05,1.15,Normal,50
C15956,L8,TypeC,30.62,1.12,13.71,14.71,15.71,60.0,1.37,1.47,1.57,6.0,Absolute_Failure,50
C15957,L8,TypeB,26.02,1.04,9.67,10.67,11.67,60.0,0.97,1.07,1.17,6.0,Absolute_Failure,50
C15958,L8,TypeA,33.13,1.14,11.9,12.9,13.9,60.0,1.19,1.29,1.39,6.0,Absolute_Failure,50
C15959,L8,TypeA,29.89,1.23,13.11,13.11,13.11,13.11,1.31,1.31,1.31,1.31,High_Stable,50
C15960,L8,TypeA,30.35,1.21,11.47,12.47,13.47,60.0,1.15,1.25,1.35,6.0,Absolute_Failure,50
C15961,L8,TypeB,33.19,1.07,10.58,11.58,12.58,13.58,1.06,1.16,1.26,1.36,Normal,50
C15962,L8,TypeC,33.42,1.26,8.24,9.24,10.24,11.24,0.82,0.92,1.02,1.12,Normal,50
C15963,L8,TypeA,27.22,1.17,12.2,12.2,12.2,12.2,1.22,1.22,1.22,1.22,High_Stable,50
C15964,L8,TypeA,32.46,1.16,13.29,14.29,15.29,16.29,1.33,1.43,1.53,1.63,Normal,50
C15965,L8,TypeA,27.48,1.16,9.01,10.01,29.01,31.01,0.9,1.0,2.9,3.1,Sudden_Anomaly,50
C15966,L8,TypeA,30.58,1.27,13.6,14.6,15.6,60.0,1.36,1.46,1.56,6.0,Absolute_Failure,50
C15967,L8,TypeC,33.88,1.2,11.3,11.3,11.3,11.3,1.13,1.13,1.13,1.13,High_Stable,50
C15968,L8,TypeA,28.0,1.26,10.62,11.62,30.62,32.62,1.06,1.16,3.06,3.26,Sudden_Anomaly,50
C15969,L8,TypeC,28.88,1.25,11.37,12.37,13.37,60.0,1.14,1.24,1.34,6.0,Absolute_Failure,50
C15970,L8,TypeC,29.43,1.12,10.52,11.52,12.52,13.52,1.05,1.15,1.25,1.35,Normal,50
C15971,L8,TypeB,34.99,1.15,13.26,14.26,15.26,60.0,1.33,1.43,1.53,6.0,Absolute_Failure,50
C15972,L8,TypeB,31.59,1.28,12.03,12.03,12.03,12.03,1.2,1.2,1.2,1.2,High_Stable,50
C15973,L8,TypeC,33.05,1.2,12.63,13.63,32.63,34.63,1.26,1.36,3.26,3.46,Sudden_Anomaly,50
C15974,L8,TypeB,33.48,1.03,10.44,10.44,10.44,10.44,1.04,1.04,1.04,1.04,High_Stable,50
C15975,L8,TypeC,31.0,1.16,14.52,15.52,16.52,60.0,1.45,1.55,1.65,6.0,Absolute_Failure,50
C15976,L8,TypeA,26.4,1.09,9.48,11.48,14.48,19.48,0.95,1.15,1.45,1.95,Latent_Defect,50
C15977,L8,TypeB,34.14,1.02,8.48,10.48,13.48,18.48,0.85,1.05,1.35,1.85,Latent_Defect,50
C15978,L8,TypeB,31.64,1.07,14.95,15.95,16.95,17.95,1.49,1.59,1.69,1.79,Normal,50
C15979,L8,TypeA,29.59,1.29,13.29,14.29,15.29,16.29,1.33,1.43,1.53,1.63,Normal,50
C15980,L8,TypeB,32.16,1.21,9.63,11.63,14.63,19.63,0.96,1.16,1.46,1.96,Latent_Defect,50
C15981,L8,TypeA,31.84,1.27,14.66,15.66,16.66,17.66,1.47,1.57,1.67,1.77,Normal,50
C15982,L8,TypeB,25.57,1.24,11.99,12.99,13.99,60.0,1.2,1.3,1.4,6.0,Absolute_Failure,50
C15983,L8,TypeA,27.95,1.17,12.46,13.46,32.46,34.46,1.25,1.35,3.25,3.45,Sudden_Anomaly,50
C15984,L8,TypeA,34.25,1.01,12.92,13.92,32.92,34.92,1.29,1.39,3.29,3.49,Sudden_Anomaly,50
C15985,L8,TypeC,34.43,1.15,11.38,12.38,31.38,33.38,1.14,1.24,3.14,3.34,Sudden_Anomaly,50
C15986,L8,TypeC,29.95,1.04,10.37,11.37,12.37,13.37,1.04,1.14,1.24,1.34,Normal,50
C15987,L8,TypeC,32.24,1.09,13.92,14.92,15.92,16.92,1.39,1.49,1.59,1.69,Normal,50
C15988,L8,TypeA,31.17,1.1,12.72,13.72,32.72,34.72,1.27,1.37,3.27,3.47,Sudden_Anomaly,50
C15989,L8,TypeC,34.31,1.04,11.94,11.94,11.94,11.94,1.19,1.19,1.19,1.19,High_Stable,50
C15990,L8,TypeA,28.88,1.19,10.06,11.06,12.06,13.06,1.01,1.11,1.21,1.31,Normal,50
C15991,L8,TypeA,27.95,1.22,10.39,12.39,15.39,20.39,1.04,1.24,1.54,2.04,Latent_Defect,50
C15992,L8,TypeB,26.04,1.11,12.52,13.52,14.52,15.52,1.25,1.35,1.45,1.55,Normal,50
C15993,L8,TypeC,25.97,1.03,13.54,14.54,33.54,35.54,1.35,1.45,3.35,3.55,Sudden_Anomaly,50
C15994,L8,TypeA,30.7,1.25,13.34,13.34,13.34,13.34,1.33,1.33,1.33,1.33,High_Stable,50
C15995,L8,TypeA,32.13,1.21,11.02,12.02,13.02,14.02,1.1,1.2,1.3,1.4,Normal,50
C15996,L8,TypeA,34.1,1.26,14.07,14.07,14.07,14.07,1.41,1.41,1.41,1.41,High_Stable,50
C15997,L8,TypeC,31.89,1.25,11.69,12.69,13.69,14.69,1.17,1.27,1.37,1.47,Normal,50
C15998,L8,TypeB,30.91,1.09,8.51,9.51,10.51,60.0,0.85,0.95,1.05,6.0,Absolute_Failure,50
C15999,L8,TypeA,28.04,1.19,14.36,15.36,34.36,36.36,1.44,1.54,3.44,3.64,Sudden_Anomaly,50
C16000,L8,TypeA,29.58,1.1,8.05,9.05,10.05,11.05,0.81,0.91,1.01,1.11,Normal,50
