component_id,lot_id,component_type,temperature_C,voltage_V,iddq_0h_uA,iddq_24h_uA,iddq_96h_uA,iddq_168h_uA,leakage_0h_uA,leakage_24h_uA,leakage_96h_uA,leakage_168h_uA,ground_truth,absolute_limit_uA
C16001,L9,TypeB,31.69,1.27,14.99,15.99,34.99,36.99,1.5,1.6,3.5,3.7,Sudden_Anomaly,50
C16002,L9,TypeC,33.96,1.24,14.96,14.96,14.96,14.96,1.5,1.5,1.5,1.5,High_Stable,50
C16003,L9,TypeB,27.52,1.17,11.0,12.0,13.0,60.0,1.1,1.2,1.3,6.0,Absolute_Failure,50
C16004,L9,TypeA,31.1,1.13,12.05,13.05,14.05,60.0,1.2,1.3,1.4,6.0,Absolute_Failure,50
C16005,L9,TypeA,30.52,1.28,13.36,13.36,13.36,13.36,1.34,1.34,1.34,1.34,High_Stable,50
C16006,L9,TypeB,34.12,1.12,10.99,11.99,30.99,32.99,1.1,1.2,3.1,3.3,Sudden_Anomaly,50
C16007,L9,TypeC,32.11,1.27,10.07,12.07,15.07,20.07,1.01,1.21,1.51,2.01,Latent_Defect,50
C16008,L9,TypeA,25.4,1.23,13.32,14.32,15.32,16.32,1.33,1.43,1.53,1.63,Normal,50
C16009,L9,TypeA,33.22,1.05,13.69,14.69,15.69,16.69,1.37,1.47,1.57,1.67,Normal,50
C16010,L9,TypeC,34.72,1.29,9.89,10.89,11.89,12.89,0.99,1.09,1.19,1.29,Normal,50
C16011,L9,TypeC,32.99,1.11,12.54,12.54,12.54,12.54,1.25,1.25,1.25,1.25,High_Stable,50
C16012,L9,TypeB,34.0,1.28,14.7,15.7,16.7,60.0,1.47,1.57,1.67,6.0,Absolute_Failure,50
C16013,L9,TypeB,33.12,1.21,12.16,14.16,17.16,22.16,1.22,1.42,1.72,2.22,Latent_Defect,50
C16014,L9,TypeB,32.28,1.14,10.78,11.78,12.78,13.78,1.08,1.18,1.28,1.38,Normal,50
C16015,L9,TypeB,29.86,1.06,8.43,10.43,13.43,18.43,0.84,1.04,1.34,1.84,Latent_Defect,50
C16016,L9,TypeA,27.68,1.29,13.21,13.21,13.21,13.21,1.32,1.32,1.32,1.32,High_Stable,50
C16017,L9,TypeA,27.57,1.08,10.6,11.6,12.6,13.6,1.06,1.16,1.26,1.36,Normal,50
C16018,L9,TypeA,25.37,1.11,8.23,10.23,13.23,18.23,0.82,1.02,1.32,1.82,Latent_Defect,50
C16019,L9,TypeB,27.46,1.13,13.58,14.58,15.58,16.58,1.36,1.46,1.56,1.66,Normal,50
C16020,L9,TypeC,32.36,1.08,9.25,10.25,29.25,31.25,0.92,1.02,2.92,3.12,Sudden_Anomaly,50
C16021,L9,TypeC,34.59,1.01,12.35,14.35,17.35,22.35,1.24,1.44,1.74,2.24,Latent_Defect,50
C16022,L9,TypeA,32.03,1.07,14.16,15.16,34.16,36.16,1.42,1.52,3.42,3.62,Sudden_Anomaly,50
C16023,L9,TypeC,27.88,1.23,10.66,11.66,12.66,60.0,1.07,1.17,1.27,6.0,Absolute_Failure,50
C16024,L9,TypeA,27.57,1.13,14.8,15.8,34.8,36.8,1.48,1.58,3.48,3.68,Sudden_Anomaly,50
C16025,L9,TypeA,28.63,1.04,8.83,9.83,10.83,60.0,0.88,0.98,1.08,6.0,Absolute_Failure,50
C16026,L9,TypeA,28.34,1.23,8.22,9.22,10.22,60.0,0.82,0.92,1.02,6.0,Absolute_Failure,50
C16027,L9,TypeC,31.63,1.15,8.94,10.94,13.94,18.94,0.89,1.09,1.39,1.89,Latent_Defect,50
C16028,L9,TypeA,25.25,1.08,12.34,13.34,14.34,60.0,1.23,1.33,1.43,6.0,Absolute_Failure,50
C16029,L9,TypeB,29.5,1.05,12.49,12.49,12.49,12.49,1.25,1.25,1.25,1.25,High_Stable,50
C16030,L9,TypeA,30.93,1.07,9.0,11.0,14.0,19.0,0.9,1.1,1.4,1.9,Latent_Defect,50
C16031,L9,TypeB,30.5,1.25,11.25,12.25,13.25,60.0,1.13,1.23,1.33,6.0,Absolute_Failure,50
C16032,L9,TypeC,32.42,1.05,13.45,15.45,18.45,23.45,1.34,1.54,1.84,2.34,Latent_Defect,50
C16033,L9,TypeC,29.44,1.01,8.52,8.52,8.52,8.52,0.85,0.85,0.85,0.85,High_Stable,50
C16034,L9,TypeC,30.13,1.2,14.37,15.37,16.37,60.0,1.44,1.54,1.64,6.0,Absolute_Failure,50
C16035,L9,TypeC,29.6,1.11,10.75,12.75,15.75,20.75,1.07,1.27,1.57,2.07,Latent_Defect,50
C16036,L9,TypeA,29.24,1.13,8.18,8.18,8.18,8.18,0.82,0.82,0.82,0.82,High_Stable,50
C16037,L9,TypeC,29.56,1.02,13.46,13.46,13.46,13.46,1.35,1.35,1.35,1.35,High_Stable,50
C16038,L9,TypeB,27.65,1.13,14.67,14.67,14.67,14.67,1.47,1.47,1.47,1.47,High_Stable,50
C16039,L9,TypeA,26.76,1.02,8.79,10.79,13.79,18.79,0.88,1.08,1.38,1.88,Latent_Defect,50
C16040,L9,TypeC,32.82,1.24,9.95,10.95,29.95,31.95,1.0,1.1,3.0,3.2,Sudden_Anomaly,50
C16041,L9,TypeC,25.67,1.2,14.22,15.22,16.22,60.0,1.42,1.52,1.62,6.0,Absolute_Failure,50
C16042,L9,TypeA,31.54,1.04,11.29,12.29,13.29,14.29,1.13,1.23,1.33,1.43,Normal,50
C16043,L9,TypeC,27.28,1.12,11.45,12.45,13.45,14.45,1.14,1.24,1.34,1.44,Normal,50
C16044,L9,TypeB,32.53,1.02,14.74,15.74,16.74,60.0,1.47,1.57,1.67,6.0,Absolute_Failure,50
C16045,L9,TypeA,33.94,1.06,10.2,11.2,30.2,32.2,1.02,1.12,3.02,3.22,Sudden_Anomaly,50
C16046,L9,TypeC,26.1,1.08,13.07,13.07,13.07,13.07,1.31,1.31,1.31,1.31,High_Stable,50
C16047,L9,TypeC,29.64,1.29,9.07,11.07,14.07,19.07,0.91,1.11,1.41,1.91,Latent_Defect,50
C16048,L9,TypeB,27.41,1.23,13.89,15.89,18.89,23.89,1.39,1.59,1.89,2.39,Latent_Defect,50
C16049,L9,TypeC,27.01,1.29,9.15,10.15,29.15,31.15,0.92,1.02,2.92,3.12,Sudden_Anomaly,50
C16050,L9,TypeB,33.89,1.24,13.35,14.35,33.35,35.35,1.33,1.43,3.33,3.53,Sudden_Anomaly,50
C16051,L9,TypeB,25.79,1.0,12.31,13.31,14.31,15.31,1.23,1.33,1.43,1.53,Normal,50
C16052,L9,TypeB,27.1,1.23,8.62,8.62,8.62,8.62,0.86,0.86,0.86,0.86,High_Stable,50
C16053,L9,TypeA,34.29,1.21,9.12,10.12,11.12,12.12,0.91,1.01,1.11,1.21,Normal,50
C16054,L9,TypeC,25.34,1.26,9.23,9.23,9.23,9.23,0.92,0.92,0.92,0.92,High_Stable,50
C16055,L9,TypeC,30.96,1.18,12.94,13.94,14.94,60.0,1.29,1.39,1.49,6.0,Absolute_Failure,50
C16056,L9,TypeB,32.51,1.29,14.79,16.79,19.79,24.79,1.48,1.68,1.98,2.48,Latent_Defect,50
C16057,L9,TypeB,33.76,1.22,10.22,12.22,15.22,20.22,1.02,1.22,1.52,2.02,Latent_Defect,50
C16058,L9,TypeB,34.53,1.28,13.57,13.57,13.57,13.57,1.36,1.36,1.36,1.36,High_Stable,50
C16059,L9,TypeA,27.09,1.01,13.06,13.06,13.06,13.06,1.31,1.31,1.31,1.31,High_Stable,50
C16060,L9,TypeB,30.78,1.0,9.14,10.14,11.14,60.0,0.91,1.01,1.11,6.0,Absolute_Failure,50
C16061,L9,TypeC,25.75,1.09,10.3,11.3,12.3,13.3,1.03,1.13,1.23,1.33,Normal,50
C16062,L9,TypeA,32.17,1.11,10.12,11.12,30.12,32.12,1.01,1.11,3.01,3.21,Sudden_Anomaly,50
C16063,L9,TypeC,26.46,1.18,8.25,9.25,28.25,30.25,0.82,0.92,2.82,3.02,Sudden_Anomaly,50
C16064,L9,TypeB,29.63,1.22,12.27,12.27,12.27,12.27,1.23,1.23,1.23,1.23,High_Stable,50
C16065,L9,TypeA,34.56,1.21,10.6,11.6,12.6,13.6,1.06,1.16,1.26,1.36,Normal,50
C16066,L9,TypeA,31.06,1.2,12.61,12.61,12.61,12.61,1.26,1.26,1.26,1.26,High_Stable,50
C16067,L9,TypeB,33.66,1.15,10.43,11.43,12.43,60.0,1.04,1.14,1.24,6.0,Absolute_Failure,50
C16068,L9,TypeA,26.28,1.1,11.77,12.77,31.77,33.77,1.18,1.28,3.18,3.38,Sudden_Anomaly,50
C16069,L9,TypeB,33.08,1.3,11.55,12.55,31.55,33.55,1.15,1.25,3.15,3.35,Sudden_Anomaly,50
C16070,L9,TypeC,27.82,1.02,13.11,15.11,18.11,23.11,1.31,1.51,1.81,2.31,Latent_Defect,50
C16071,L9,TypeC,29.84,1.04,8.58,8.58,8.58,8.58,0.86,0.86,0.86,0.86,High_Stable,50
C16072,L9,TypeA,31.17,1.04,12.1,13.1,14.1,15.1,1.21,1.31,1.41,1.51,Normal,50
C16073,L9,TypeB,29.31,1.12,9.03,10.03,29.03,31.03,0.9,1.0,2.9,3.1,Sudden_Anomaly,50
C16074,L9,TypeC,25.95,1.11,12.27,12.27,12.27,12.27,1.23,1.23,1.23,1.23,High_Stable,50
C16075,L9,TypeB,28.64,1.03,9.6,9.6,9.6,9.6,0.96,0.96,0.96,0.96,High_Stable,50
C16076,L9,TypeC,32.8,1.28,8.24,9.24,28.24,30.24,0.82,0.92,2.82,3.02,Sudden_Anomaly,50
C16077,L9,TypeB,31.21,1.27,11.49,12.49,13.49,60.0,1.15,1.25,1.35,6.0,Absolute_Failure,50
C16078,L9,TypeC,26.46,1.17,9.57,11.57,14.57,19.57,0.96,1.16,1.46,1.96,Latent_Defect,50
C16079,L9,TypeA,32.37,1.27,11.71,12.71,13.71,14.71,1.17,1.27,1.37,1.47,Normal,50
C16080,L9,TypeB,30.5,1.1,11.58,12.58,13.58,14.58,1.16,1.26,1.36,1.46,Normal,50
C16081,L9,TypeA,33.3,1.2,14.45,15.45,16.45,60.0,1.45,1.55,1.65,6.0,Absolute_Failure,50
C16082,L9,TypeA,34.52,1.26,12.31,13.31,14.31,15.31,1.23,1.33,1.43,1.53,Normal,50
C16083,L9,TypeC,28.67,1.13,9.49,10.49,11.49,12.49,0.95,1.05,1.15,1.25,Normal,50
C16084,L9,TypeA,25.41,1.04,12.4,14.4,17.4,22.4,1.24,1.44,1.74,2.24,Latent_Defect,50
C16085,L9,TypeB,34.68,1.21,10.46,11.46,12.46,60.0,1.05,1.15,1.25,6.0,Absolute_Failure,50
C16086,L9,TypeB,26.72,1.08,14.4,15.4,16.4,17.4,1.44,1.54,1.64,1.74,Normal,50
C16087,L9,TypeA,26.4,1.06,13.78,14.78,15.78,16.78,1.38,1.48,1.58,1.68,Normal,50
C16088,L9,TypeC,32.92,1.0,12.97,13.97,14.97,15.97,1.3,1.4,1.5,1.6,Normal,50
C16089,L9,TypeA,27.66,1.15,12.81,13.81,32.81,34.81,1.28,1.38,3.28,3.48,Sudden_Anomaly,50
C16090,L9,TypeA,33.62,1.05,8.1,9.1,28.1,30.1,0.81,0.91,2.81,3.01,Sudden_Anomaly,50
C16091,L9,TypeC,27.41,1.22,9.23,10.23,11.23,60.0,0.92,1.02,1.12,6.0,Absolute_Failure,50
C16092,L9,TypeA,30.88,1.02,12.98,13.98,14.98,15.98,1.3,1.4,1.5,1.6,Normal,50
C16093,L9,TypeB,32.57,1.13,8.29,8.29,8.29,8.29,0.83,0.83,0.83,0.83,High_Stable,50
C16094,L9,TypeA,34.29,1.24,8.81,9.81,10.81,60.0,0.88,0.98,1.08,6.0,Absolute_Failure,50
C16095,L9,TypeB,32.78,1.1,13.62,14.62,33.62,35.62,1.36,1.46,3.36,3.56,Sudden_Anomaly,50
C16096,L9,TypeA,26.59,1.27,10.09,10.09,10.09,10.09,1.01,1.01,1.01,1.01,High_Stable,50
C16097,L9,TypeB,33.39,1.05,8.6,9.6,28.6,30.6,0.86,0.96,2.86,3.06,Sudden_Anomaly,50
C16098,L9,TypeC,27.2,1.16,13.77,13.77,13.77,13.77,1.38,1.38,1.38,1.38,High_Stable,50
C16099,L9,TypeA,33.69,1.26,14.44,14.44,14.44,14.44,1.44,1.44,1.44,1.44,High_Stable,50
C16100,L9,TypeA,26.74,1.1,10.53,10.53,10.53,10.53,1.05,1.05,1.05,1.05,High_Stable,50
C16101,L9,TypeC,28.32,1.19,10.25,11.25,12.25,13.25,1.02,1.12,1.22,1.32,Normal,50
C16102,L9,TypeB,26.07,1.09,8.33,9.33,10.33,11.33,0.83,0.93,1.03,1.13,Normal,50
C16103,L9,TypeB,32.28,1.11,14.96,15.96,16.96,17.96,1.5,1.6,1.7,1.8,Normal,50
C16104,L9,TypeB,33.41,1.25,11.39,12.39,13.39,14.39,1.14,1.24,1.34,1.44,Normal,50
C16105,L9,TypeB,32.42,1.22,8.37,9.37,28.37,30.37,0.84,0.94,2.84,3.04,Sudden_Anomaly,50
C16106,L9,TypeC,31.55,1.23,9.59,10.59,11.59,12.59,0.96,1.06,1.16,1.26,Normal,50
C16107,L9,TypeC,31.14,1.21,11.5,13.5,16.5,21.5,1.15,1.35,1.65,2.15,Latent_Defect,50
C16108,L9,TypeB,32.86,1.29,13.05,14.05,15.05,60.0,1.3,1.4,1.5,6.0,Absolute_Failure,50
C16109,L9,TypeC,29.76,1.01,12.73,13.73,14.73,15.73,1.27,1.37,1.47,1.57,Normal,50
C16110,L9,TypeA,26.27,1.28,12.16,13.16,14.16,15.16,1.22,1.32,1.42,1.52,Normal,50
C16111,L9,TypeB,27.46,1.11,12.17,13.17,14.17,15.17,1.22,1.32,1.42,1.52,Normal,50
C16112,L9,TypeB,32.83,1.01,9.39,10.39,11.39,60.0,0.94,1.04,1.14,6.0,Absolute_Failure,50
C16113,L9,TypeA,30.38,1.18,9.65,9.65,9.65,9.65,0.97,0.97,0.97,0.97,High_Stable,50
C16114,L9,TypeC,30.64,1.1,11.58,12.58,13.58,14.58,1.16,1.26,1.36,1.46,Normal,50
C16115,L9,TypeC,31.2,1.26,9.93,10.93,29.93,31.93,0.99,1.09,2.99,3.19,Sudden_Anomaly,50
C16116,L9,TypeC,28.82,1.17,11.66,12.66,31.66,33.66,1.17,1.27,3.17,3.37,Sudden_Anomaly,50
C16117,L9,TypeC,33.23,1.19,8.92,8.92,8.92,8.92,0.89,0.89,0.89,0.89,High_Stable,50
C16118,L9,TypeB,34.95,1.12,14.51,15.51,34.51,36.51,1.45,1.55,3.45,3.65,Sudden_Anomaly,50
C16119,L9,TypeB,34.93,1.02,10.4,11.4,12.4,60.0,1.04,1.14,1.24,6.0,Absolute_Failure,50
C16120,L9,TypeC,31.66,1.28,10.0,11.0,12.0,60.0,1.0,1.1,1.2,6.0,Absolute_Failure,50
C16121,L9,TypeB,31.49,1.09,8.18,9.18,28.18,30.18,0.82,0.92,2.82,3.02,Sudden_Anomaly,50
C16122,L9,TypeC,32.86,1.07,9.69,9.69,9.69,9.69,0.97,0.97,0.97,0.97,High_Stable,50
C16123,L9,TypeA,25.63,1.02,9.43,10.43,29.43,31.43,0.94,1.04,2.94,3.14,Sudden_Anomaly,50
C16124,L9,TypeC,32.64,1.15,8.49,9.49,28.49,30.49,0.85,0.95,2.85,3.05,Sudden_Anomaly,50
C16125,L9,TypeB,25.9,1.11,9.84,10.84,11.84,12.84,0.98,1.08,1.18,1.28,Normal,50
C16126,L9,TypeC,26.03,1.06,10.5,10.5,10.5,10.5,1.05,1.05,1.05,1.05,High_Stable,50
C16127,L9,TypeB,32.06,1.0,14.07,15.07,16.07,17.07,1.41,1.51,1.61,1.71,Normal,50
C16128,L9,TypeC,28.09,1.01,9.02,10.02,11.02,60.0,0.9,1.0,1.1,6.0,Absolute_Failure,50
C16129,L9,TypeA,29.86,1.22,11.24,13.24,16.24,21.24,1.12,1.32,1.62,2.12,Latent_Defect,50
C16130,L9,TypeC,25.3,1.23,10.55,11.55,30.55,32.55,1.06,1.16,3.06,3.26,Sudden_Anomaly,50
C16131,L9,TypeB,31.97,1.23,14.76,15.76,34.76,36.76,1.48,1.58,3.48,3.68,Sudden_Anomaly,50
C16132,L9,TypeB,33.6,1.2,8.43,8.43,8.43,8.43,0.84,0.84,0.84,0.84,High_Stable,50
C16133,L9,TypeB,33.52,1.14,12.86,13.86,14.86,60.0,1.29,1.39,1.49,6.0,Absolute_Failure,50
C16134,L9,TypeB,25.12,1.12,11.59,12.59,13.59,14.59,1.16,1.26,1.36,1.46,Normal,50
C16135,L9,TypeC,25.52,1.13,12.96,13.96,14.96,60.0,1.3,1.4,1.5,6.0,Absolute_Failure,50
C16136,L9,TypeB,25.69,1.14,13.54,14.54,33.54,35.54,1.35,1.45,3.35,3.55,Sudden_Anomaly,50
C16137,L9,TypeC,32.06,1.04,12.7,12.7,12.7,12.7,1.27,1.27,1.27,1.27,High_Stable,50
C16138,L9,TypeB,33.35,1.08,8.03,8.03,8.03,8.03,0.8,0.8,0.8,0.8,High_Stable,50
C16139,L9,TypeC,31.98,1.18,8.11,9.11,10.11,11.11,0.81,0.91,1.01,1.11,Normal,50
C16140,L9,TypeC,31.21,1.22,9.56,10.56,11.56,12.56,0.96,1.06,1.16,1.26,Normal,50
C16141,L9,TypeA,27.19,1.02,12.46,13.46,14.46,60.0,1.25,1.35,1.45,6.0,Absolute_Failure,50
C16142,L9,TypeC,27.68,1.09,13.13,13.13,13.13,13.13,1.31,1.31,1.31,1.31,High_Stable,50
C16143,L9,TypeB,25.52,1.13,14.67,15.67,16.67,17.67,1.47,1.57,1.67,1.77,Normal,50
C16144,L9,TypeB,25.17,1.11,11.16,12.16,13.16,60.0,1.12,1.22,1.32,6.0,Absolute_Failure,50
C16145,L9,TypeA,34.29,1.26,10.18,11.18,12.18,13.18,1.02,1.12,1.22,1.32,Normal,50
C16146,L9,TypeC,31.89,1.27,12.91,12.91,12.91,12.91,1.29,1.29,1.29,1.29,High_Stable,50
C16147,L9,TypeA,32.18,1.11,8.98,8.98,8.98,8.98,0.9,0.9,0.9,0.9,High_Stable,50
C16148,L9,TypeC,33.63,1.1,13.76,14.76,33.76,35.76,1.38,1.48,3.38,3.58,Sudden_Anomaly,50
C16149,L9,TypeA,27.28,1.16,14.71,15.71,16.71,60.0,1.47,1.57,1.67,6.0,Absolute_Failure,50
C16150,L9,TypeB,32.87,1.23,13.06,14.06,33.06,35.06,1.31,1.41,3.31,3.51,Sudden_Anomaly,50
C16151,L9,TypeB,25.83,1.12,9.21,11.21,14.21,19.21,0.92,1.12,1.42,1.92,Latent_Defect,50
C16152,L9,TypeB,32.68,1.04,13.14,14.14,15.14,16.14,1.31,1.41,1.51,1.61,Normal,50
C16153,L9,TypeC,31.78,1.28,9.76,9.76,9.76,9.76,0.98,0.98,0.98,0.98,High_Stable,50
C16154,L9,TypeA,33.86,1.06,10.65,12.65,15.65,20.65,1.06,1.26,1.56,2.06,Latent_Defect,50
C16155,L9,TypeB,28.24,1.29,8.56,10.56,13.56,18.56,0.86,1.06,1.36,1.86,Latent_Defect,50
C16156,L9,TypeC,28.3,1.19,10.13,11.13,12.13,60.0,1.01,1.11,1.21,6.0,Absolute_Failure,50
C16157,L9,TypeC,34.06,1.07,10.46,11.46,12.46,13.46,1.05,1.15,1.25,1.35,Normal,50
C16158,L9,TypeC,26.63,1.22,12.97,13.97,14.97,60.0,1.3,1.4,1.5,6.0,Absolute_Failure,50
C16159,L9,TypeA,27.69,1.03,10.75,10.75,10.75,10.75,1.07,1.07,1.07,1.07,High_Stable,50
C16160,L9,TypeA,33.0,1.12,12.02,12.02,12.02,12.02,1.2,1.2,1.2,1.2,High_Stable,50
C16161,L9,TypeC,30.79,1.29,8.87,9.87,10.87,11.87,0.89,0.99,1.09,1.19,Normal,50
C16162,L9,TypeC,28.64,1.28,8.59,9.59,10.59,60.0,0.86,0.96,1.06,6.0,Absolute_Failure,50
C16163,L9,TypeB,26.55,1.09,10.9,11.9,30.9,32.9,1.09,1.19,3.09,3.29,Sudden_Anomaly,50
C16164,L9,TypeB,30.37,1.16,12.24,13.24,14.24,15.24,1.22,1.32,1.42,1.52,Normal,50
C16165,L9,TypeA,33.35,1.25,12.43,12.43,12.43,12.43,1.24,1.24,1.24,1.24,High_Stable,50
C16166,L9,TypeB,29.23,1.22,11.79,12.79,13.79,60.0,1.18,1.28,1.38,6.0,Absolute_Failure,50
C16167,L9,TypeC,31.6,1.14,12.31,14.31,17.31,22.31,1.23,1.43,1.73,2.23,Latent_Defect,50
C16168,L9,TypeB,29.22,1.28,12.0,13.0,14.0,15.0,1.2,1.3,1.4,1.5,Normal,50
C16169,L9,TypeA,26.8,1.25,9.46,10.46,29.46,31.46,0.95,1.05,2.95,3.15,Sudden_Anomaly,50
C16170,L9,TypeB,32.63,1.14,10.8,10.8,10.8,10.8,1.08,1.08,1.08,1.08,High_Stable,50
C16171,L9,TypeA,34.89,1.22,12.27,12.27,12.27,12.27,1.23,1.23,1.23,1.23,High_Stable,50
C16172,L9,TypeA,27.62,1.09,11.79,12.79,31.79,33.79,1.18,1.28,3.18,3.38,Sudden_Anomaly,50
C16173,L9,TypeA,34.42,1.19,14.59,15.59,16.59,17.59,1.46,1.56,1.66,1.76,Normal,50
C16174,L9,TypeA,25.88,1.2,13.01,15.01,18.01,23.01,1.3,1.5,1.8,2.3,Latent_Defect,50
C16175,L9,TypeB,31.87,1.0,12.1,13.1,14.1,15.1,1.21,1.31,1.41,1.51,Normal,50
C16176,L9,TypeA,26.39,1.0,9.28,11.28,14.28,19.28,0.93,1.13,1.43,1.93,Latent_Defect,50
C16177,L9,TypeB,31.81,1.2,8.44,8.44,8.44,8.44,0.84,0.84,0.84,0.84,High_Stable,50
C16178,L9,TypeB,31.45,1.29,12.99,13.99,14.99,60.0,1.3,1.4,1.5,6.0,Absolute_Failure,50
C16179,L9,TypeB,33.15,1.07,9.55,11.55,14.55,19.55,0.96,1.16,1.46,1.96,Latent_Defect,50
C16180,L9,TypeB,33.5,1.05,13.63,13.63,13.63,13.63,1.36,1.36,1.36,1.36,High_Stable,50
C16181,L9,TypeB,25.69,1.21,8.08,8.08,8.08,8.08,0.81,0.81,0.81,0.81,High_Stable,50
C16182,L9,TypeA,32.43,1.25,8.14,9.14,10.14,11.14,0.81,0.91,1.01,1.11,Normal,50
C16183,L9,TypeC,26.64,1.1,13.03,13.03,13.03,13.03,1.3,1.3,1.3,1.3,High_Stable,50
C16184,L9,TypeA,28.36,1.17,9.6,9.6,9.6,9.6,0.96,0.96,0.96,0.96,High_Stable,50
C16185,L9,TypeA,30.21,1.07,13.35,14.35,33.35,35.35,1.33,1.43,3.33,3.53,Sudden_Anomaly,50
C16186,L9,TypeB,25.73,1.26,8.04,9.04,28.04,30.04,0.8,0.9,2.8,3.0,Sudden_Anomaly,50
C16187,L9,TypeB,25.25,1.07,8.18,9.18,28.18,30.18,0.82,0.92,2.82,3.02,Sudden_Anomaly,50
C16188,L9,TypeC,31.0,1.13,10.04,12.04,15.04,20.04,1.0,1.2,1.5,2.0,Latent_Defect,50
C16189,L9,TypeA,29.76,1.05,12.08,13.08,14.08,15.08,1.21,1.31,1.41,1.51,Normal,50
C16190,L9,TypeC,32.24,1.11,9.44,9.44,9.44,9.44,0.94,0.94,0.94,0.94,High_Stable,50
C16191,L9,TypeA,25.34,1.27,8.43,8.43,8.43,8.43,0.84,0.84,0.84,0.84,High_Stable,50
C16192,L9,TypeA,27.79,1.01,13.24,14.24,15.24,16.24,1.32,1.42,1.52,1.62,Normal,50
C16193,L9,TypeA,32.44,1.08,12.69,13.69,32.69,34.69,1.27,1.37,3.27,3.47,Sudden_Anomaly,50
C16194,L9,TypeC,27.48,1.12,13.87,15.87,18.87,23.87,1.39,1.59,1.89,2.39,Latent_Defect,50
C16195,L9,TypeA,27.31,1.0,14.73,16.73,19.73,24.73,1.47,1.67,1.97,2.47,Latent_Defect,50
C16196,L9,TypeA,34.11,1.15,9.5,11.5,14.5,19.5,0.95,1.15,1.45,1.95,Latent_Defect,50
C16197,L9,TypeA,27.66,1.1,8.23,9.23,10.23,11.23,0.82,0.92,1.02,1.12,Normal,50
C16198,L9,TypeC,27.99,1.28,9.19,9.19,9.19,9.19,0.92,0.92,0.92,0.92,High_Stable,50
C16199,L9,TypeA,31.0,1.27,10.09,11.09,12.09,13.09,1.01,1.11,1.21,1.31,Normal,50
C16200,L9,TypeC,27.33,1.03,9.18,10.18,11.18,60.0,0.92,1.02,1.12,6.0,Absolute_Failure,50
C16201,L9,TypeB,29.23,1.28,9.28,10.28,11.28,60.0,0.93,1.03,1.13,6.0,Absolute_Failure,50
C16202,L9,TypeB,27.0,1.29,9.66,10.66,11.66,12.66,0.97,1.07,1.17,1.27,Normal,50
C16203,L9,TypeB,26.14,1.0,10.25,12.25,15.25,20.25,1.02,1.22,1.52,2.02,Latent_Defect,50
C16204,L9,TypeB,31.06,1.05,9.66,9.66,9.66,9.66,0.97,0.97,0.97,0.97,High_Stable,50
C16205,L9,TypeA,25.1,1.01,14.85,15.85,16.85,60.0,1.49,1.59,1.69,6.0,Absolute_Failure,50
C16206,L9,TypeA,30.05,1.26,14.24,15.24,16.24,17.24,1.42,1.52,1.62,1.72,Normal,50
C16207,L9,TypeC,30.95,1.24,12.51,14.51,17.51,22.51,1.25,1.45,1.75,2.25,Latent_Defect,50
C16208,L9,TypeA,33.58,1.08,14.7,15.7,16.7,60.0,1.47,1.57,1.67,6.0,Absolute_Failure,50
C16209,L9,TypeC,28.95,1.18,8.27,10.27,13.27,18.27,0.83,1.03,1.33,1.83,Latent_Defect,50
C16210,L9,TypeA,33.65,1.23,14.85,16.85,19.85,24.85,1.49,1.69,1.99,2.49,Latent_Defect,50
C16211,L9,TypeB,25.86,1.05,12.16,13.16,14.16,60.0,1.22,1.32,1.42,6.0,Absolute_Failure,50
C16212,L9,TypeC,31.53,1.04,10.89,10.89,10.89,10.89,1.09,1.09,1.09,1.09,High_Stable,50
C16213,L9,TypeC,32.35,1.29,14.04,15.04,34.04,36.04,1.4,1.5,3.4,3.6,Sudden_Anomaly,50
C16214,L9,TypeB,29.42,1.01,10.4,11.4,12.4,60.0,1.04,1.14,1.24,6.0,Absolute_Failure,50
C16215,L9,TypeB,27.63,1.27,9.82,10.82,11.82,12.82,0.98,1.08,1.18,1.28,Normal,50
C16216,L9,TypeC,33.3,1.03,11.47,12.47,31.47,33.47,1.15,1.25,3.15,3.35,Sudden_Anomaly,50
C16217,L9,TypeB,25.3,1.18,12.73,13.73,14.73,60.0,1.27,1.37,1.47,6.0,Absolute_Failure,50
C16218,L9,TypeB,28.23,1.0,11.54,12.54,13.54,14.54,1.15,1.25,1.35,1.45,Normal,50
C16219,L9,TypeA,26.17,1.09,9.32,11.32,14.32,19.32,0.93,1.13,1.43,1.93,Latent_Defect,50
C16220,L9,TypeC,33.89,1.04,11.25,12.25,31.25,33.25,1.12,1.22,3.12,3.32,Sudden_Anomaly,50
C16221,L9,TypeB,34.54,1.22,11.05,12.05,13.05,60.0,1.1,1.2,1.3,6.0,Absolute_Failure,50
C16222,L9,TypeC,30.2,1.25,14.32,15.32,16.32,60.0,1.43,1.53,1.63,6.0,Absolute_Failure,50
C16223,L9,TypeC,32.7,1.06,8.42,9.42,28.42,30.42,0.84,0.94,2.84,3.04,Sudden_Anomaly,50
C16224,L9,TypeC,29.64,1.13,14.51,15.51,34.51,36.51,1.45,1.55,3.45,3.65,Sudden_Anomaly,50
C16225,L9,TypeB,29.97,1.02,12.38,13.38,14.38,15.38,1.24,1.34,1.44,1.54,Normal,50
C16226,L9,TypeB,28.7,1.11,12.93,13.93,14.93,15.93,1.29,1.39,1.49,1.59,Normal,50
C16227,L9,TypeB,28.95,1.24,13.96,14.96,15.96,16.96,1.4,1.5,1.6,1.7,Normal,50
C16228,L9,TypeC,34.67,1.05,8.94,10.94,13.94,18.94,0.89,1.09,1.39,1.89,Latent_Defect,50
C16229,L9,TypeB,25.72,1.22,8.68,9.68,10.68,11.68,0.87,0.97,1.07,1.17,Normal,50
C16230,L9,TypeB,28.11,1.2,8.71,9.71,10.71,11.71,0.87,0.97,1.07,1.17,Normal,50
C16231,L9,TypeC,34.78,1.01,14.02,16.02,19.02,24.02,1.4,1.6,1.9,2.4,Latent_Defect,50
C16232,L9,TypeA,30.26,1.1,13.16,14.16,15.16,60.0,1.32,1.42,1.52,6.0,Absolute_Failure,50
C16233,L9,TypeB,33.8,1.24,13.1,14.1,33.1,35.1,1.31,1.41,3.31,3.51,Sudden_Anomaly,50
C16234,L9,TypeC,25.41,1.19,14.51,15.51,16.51,60.0,1.45,1.55,1.65,6.0,Absolute_Failure,50
C16235,L9,TypeC,27.9,1.21,11.82,11.82,11.82,11.82,1.18,1.18,1.18,1.18,High_Stable,50
C16236,L9,TypeA,26.17,1.11,8.31,8.31,8.31,8.31,0.83,0.83,0.83,0.83,High_Stable,50
C16237,L9,TypeC,28.18,1.25,9.55,10.55,11.55,12.55,0.96,1.06,1.16,1.26,Normal,50
C16238,L9,TypeA,25.56,1.14,10.12,11.12,30.12,32.12,1.01,1.11,3.01,3.21,Sudden_Anomaly,50
C16239,L9,TypeB,34.13,1.26,12.55,13.55,32.55,34.55,1.25,1.35,3.25,3.45,Sudden_Anomaly,50
C16240,L9,TypeC,27.08,1.02,11.43,12.43,13.43,14.43,1.14,1.24,1.34,1.44,Normal,50
C16241,L9,TypeA,30.21,1.19,12.13,13.13,14.13,60.0,1.21,1.31,1.41,6.0,Absolute_Failure,50
C16242,L9,TypeA,28.87,1.12,14.27,15.27,34.27,36.27,1.43,1.53,3.43,3.63,Sudden_Anomaly,50
C16243,L9,TypeC,29.73,1.24,11.49,11.49,11.49,11.49,1.15,1.15,1.15,1.15,High_Stable,50
C16244,L9,TypeA,25.96,1.25,14.76,15.76,16.76,60.0,1.48,1.58,1.68,6.0,Absolute_Failure,50
C16245,L9,TypeA,32.35,1.12,10.47,12.47,15.47,20.47,1.05,1.25,1.55,2.05,Latent_Defect,50
C16246,L9,TypeA,31.35,1.16,12.84,12.84,12.84,12.84,1.28,1.28,1.28,1.28,High_Stable,50
C16247,L9,TypeC,29.43,1.06,13.25,14.25,15.25,16.25,1.33,1.43,1.53,1.63,Normal,50
C16248,L9,TypeA,31.71,1.22,8.43,9.43,10.43,11.43,0.84,0.94,1.04,1.14,Normal,50
C16249,L9,TypeC,34.56,1.11,10.42,12.42,15.42,20.42,1.04,1.24,1.54,2.04,Latent_Defect,50
C16250,L9,TypeC,33.82,1.12,11.68,11.68,11.68,11.68,1.17,1.17,1.17,1.17,High_Stable,50
C16251,L9,TypeA,25.49,1.19,12.75,14.75,17.75,22.75,1.28,1.48,1.78,2.28,Latent_Defect,50
C16252,L9,TypeC,26.23,1.24,11.94,12.94,13.94,14.94,1.19,1.29,1.39,1.49,Normal,50
C16253,L9,TypeB,26.81,1.23,12.88,13.88,14.88,15.88,1.29,1.39,1.49,1.59,Normal,50
C16254,L9,TypeA,32.6,1.04,12.68,14.68,17.68,22.68,1.27,1.47,1.77,2.27,Latent_Defect,50
C16255,L9,TypeA,26.62,1.19,12.26,13.26,14.26,15.26,1.23,1.33,1.43,1.53,Normal,50
C16256,L9,TypeC,33.21,1.25,14.48,16.48,19.48,24.48,1.45,1.65,1.95,2.45,Latent_Defect,50
C16257,L9,TypeC,27.63,1.09,12.51,12.51,12.51,12.51,1.25,1.25,1.25,1.25,High_Stable,50
C16258,L9,TypeA,34.08,1.23,12.33,13.33,14.33,60.0,1.23,1.33,1.43,6.0,Absolute_Failure,50
C16259,L9,TypeA,29.44,1.27,9.36,10.36,29.36,31.36,0.94,1.04,2.94,3.14,Sudden_Anomaly,50
C16260,L9,TypeA,28.2,1.22,13.94,14.94,15.94,16.94,1.39,1.49,1.59,1.69,Normal,50
C16261,L9,TypeA,34.09,1.23,10.05,11.05,12.05,60.0,1.0,1.1,1.2,6.0,Absolute_Failure,50
C16262,L9,TypeA,32.69,1.1,10.59,11.59,30.59,32.59,1.06,1.16,3.06,3.26,Sudden_Anomaly,50
C16263,L9,TypeC,33.43,1.03,9.64,9.64,9.64,9.64,0.96,0.96,0.96,0.96,High_Stable,50
C16264,L9,TypeA,33.38,1.21,12.27,12.27,12.27,12.27,1.23,1.23,1.23,1.23,High_Stable,50
C16265,L9,TypeB,32.89,1.21,11.37,12.37,13.37,14.37,1.14,1.24,1.34,1.44,Normal,50
C16266,L9,TypeB,29.48,1.24,10.89,11.89,12.89,60.0,1.09,1.19,1.29,6.0,Absolute_Failure,50
C16267,L9,TypeA,26.54,1.21,11.05,11.05,11.05,11.05,1.11,1.11,1.11,1.11,High_Stable,50
C16268,L9,TypeA,29.58,1.08,9.79,11.79,14.79,19.79,0.98,1.18,1.48,1.98,Latent_Defect,50
C16269,L9,TypeC,31.7,1.15,12.94,14.94,17.94,22.94,1.29,1.49,1.79,2.29,Latent_Defect,50
C16270,L9,TypeB,29.43,1.27,14.17,15.17,16.17,17.17,1.42,1.52,1.62,1.72,Normal,50
C16271,L9,TypeC,26.11,1.28,10.38,10.38,10.38,10.38,1.04,1.04,1.04,1.04,High_Stable,50
C16272,L9,TypeB,33.22,1.01,13.63,14.63,33.63,35.63,1.36,1.46,3.36,3.56,Sudden_Anomaly,50
C16273,L9,TypeA,31.54,1.13,14.43,16.43,19.43,24.43,1.44,1.64,1.94,2.44,Latent_Defect,50
C16274,L9,TypeB,25.31,1.22,8.58,10.58,13.58,18.58,0.86,1.06,1.36,1.86,Latent_Defect,50
C16275,L9,TypeB,34.12,1.05,14.52,15.52,34.52,36.52,1.45,1.55,3.45,3.65,Sudden_Anomaly,50
C16276,L9,TypeB,26.55,1.07,9.61,10.61,11.61,60.0,0.96,1.06,1.16,6.0,Absolute_Failure,50
C16277,L9,TypeA,34.44,1.07,9.54,10.54,11.54,60.0,0.95,1.05,1.15,6.0,Absolute_Failure,50
C16278,L9,TypeB,31.84,1.1,14.86,15.86,16.86,17.86,1.49,1.59,1.69,1.79,Normal,50
C16279,L9,TypeB,33.14,1.27,12.08,13.08,14.08,15.08,1.21,1.31,1.41,1.51,Normal,50
C16280,L9,TypeB,26.58,1.01,14.84,15.84,16.84,17.84,1.48,1.58,1.68,1.78,Normal,50
C16281,L9,TypeB,31.84,1.04,14.71,14.71,14.71,14.71,1.47,1.47,1.47,1.47,High_Stable,50
C16282,L9,TypeC,33.45,1.15,9.74,10.74,29.74,31.74,0.97,1.07,2.97,3.17,Sudden_Anomaly,50
C16283,L9,TypeB,33.73,1.23,12.02,14.02,17.02,22.02,1.2,1.4,1.7,2.2,Latent_Defect,50
C16284,L9,TypeA,33.7,1.27,14.41,14.41,14.41,14.41,1.44,1.44,1.44,1.44,High_Stable,50
C16285,L9,TypeC,28.37,1.02,9.34,10.34,29.34,31.34,0.93,1.03,2.93,3.13,Sudden_Anomaly,50
C16286,L9,TypeB,30.63,1.3,14.06,15.06,16.06,60.0,1.41,1.51,1.61,6.0,Absolute_Failure,50
C16287,L9,TypeB,26.82,1.19,10.1,11.1,12.1,13.1,1.01,1.11,1.21,1.31,Normal,50
C16288,L9,TypeB,25.27,1.06,14.95,15.95,16.95,60.0,1.49,1.59,1.69,6.0,Absolute_Failure,50
C16289,L9,TypeB,27.74,1.21,11.9,11.9,11.9,11.9,1.19,1.19,1.19,1.19,High_Stable,50
C16290,L9,TypeB,26.45,1.12,8.53,8.53,8.53,8.53,0.85,0.85,0.85,0.85,High_Stable,50
C16291,L9,TypeC,31.35,1.05,10.52,12.52,15.52,20.52,1.05,1.25,1.55,2.05,Latent_Defect,50
C16292,L9,TypeC,31.52,1.24,11.49,13.49,16.49,21.49,1.15,1.35,1.65,2.15,Latent_Defect,50
C16293,L9,TypeB,33.76,1.28,11.86,13.86,16.86,21.86,1.19,1.39,1.69,2.19,Latent_Defect,50
C16294,L9,TypeA,31.67,1.02,11.0,12.0,13.0,60.0,1.1,1.2,1.3,6.0,Absolute_Failure,50
C16295,L9,TypeA,25.12,1.13,13.17,15.17,18.17,23.17,1.32,1.52,1.82,2.32,Latent_Defect,50
C16296,L9,TypeA,33.49,1.16,11.77,12.77,13.77,60.0,1.18,1.28,1.38,6.0,Absolute_Failure,50
C16297,L9,TypeA,33.66,1.04,12.44,13.44,14.44,60.0,1.24,1.34,1.44,6.0,Absolute_Failure,50
C16298,L9,TypeC,25.66,1.17,8.6,8.6,8.6,8.6,0.86,0.86,0.86,0.86,High_Stable,50
C16299,L9,TypeA,34.91,1.03,12.96,13.96,14.96,60.0,1.3,1.4,1.5,6.0,Absolute_Failure,50
C16300,L9,TypeC,32.3,1.14,14.74,15.74,16.74,17.74,1.47,1.57,1.67,1.77,Normal,50
C16301,L9,TypeA,28.25,1.17,14.41,16.41,19.41,24.41,1.44,1.64,1.94,2.44,Latent_Defect,50
C16302,L9,TypeA,26.89,1.23,11.48,11.48,11.48,11.48,1.15,1.15,1.15,1.15,High_Stable,50
C16303,L9,TypeC,33.87,1.13,12.09,13.09,32.09,34.09,1.21,1.31,3.21,3.41,Sudden_Anomaly,50
C16304,L9,TypeA,31.61,1.16,8.39,9.39,10.39,11.39,0.84,0.94,1.04,1.14,Normal,50
C16305,L9,TypeC,25.56,1.08,14.32,15.32,16.32,60.0,1.43,1.53,1.63,6.0,Absolute_Failure,50
C16306,L9,TypeB,32.38,1.11,8.3,9.3,10.3,11.3,0.83,0.93,1.03,1.13,Normal,50
C16307,L9,TypeC,26.34,1.18,12.96,12.96,12.96,12.96,1.3,1.3,1.3,1.3,High_Stable,50
C16308,L9,TypeB,27.18,1.28,14.34,14.34,14.34,14.34,1.43,1.43,1.43,1.43,High_Stable,50
C16309,L9,TypeA,25.96,1.17,12.28,14.28,17.28,22.28,1.23,1.43,1.73,2.23,Latent_Defect,50
C16310,L9,TypeC,27.27,1.03,9.6,11.6,14.6,19.6,0.96,1.16,1.46,1.96,Latent_Defect,50
C16311,L9,TypeA,26.01,1.26,9.92,11.92,14.92,19.92,0.99,1.19,1.49,1.99,Latent_Defect,50
C16312,L9,TypeB,29.9,1.29,11.2,11.2,11.2,11.2,1.12,1.12,1.12,1.12,High_Stable,50
C16313,L9,TypeA,31.05,1.03,10.32,11.32,30.32,32.32,1.03,1.13,3.03,3.23,Sudden_Anomaly,50
C16314,L9,TypeA,27.57,1.13,13.05,13.05,13.05,13.05,1.3,1.3,1.3,1.3,High_Stable,50
C16315,L9,TypeA,28.19,1.0,12.97,13.97,32.97,34.97,1.3,1.4,3.3,3.5,Sudden_Anomaly,50
C16316,L9,TypeC,32.9,1.21,9.4,9.4,9.4,9.4,0.94,0.94,0.94,0.94,High_Stable,50
C16317,L9,TypeC,29.12,1.29,9.79,10.79,11.79,60.0,0.98,1.08,1.18,6.0,Absolute_Failure,50
C16318,L9,TypeA,28.8,1.06,10.52,12.52,15.52,20.52,1.05,1.25,1.55,2.05,Latent_Defect,50
C16319,L9,TypeA,28.33,1.22,11.06,13.06,16.06,21.06,1.11,1.31,1.61,2.11,Latent_Defect,50
C16320,L9,TypeB,34.27,1.07,8.66,9.66,10.66,11.66,0.87,0.97,1.07,1.17,Normal,50
C16321,L9,TypeB,27.93,1.21,10.43,11.43,30.43,32.43,1.04,1.14,3.04,3.24,Sudden_Anomaly,50
C16322,L9,TypeB,26.47,1.01,12.24,12.24,12.24,12.24,1.22,1.22,1.22,1.22,High_Stable,50
C16323,L9,TypeA,31.4,1.2,10.96,11.96,30.96,32.96,1.1,1.2,3.1,3.3,Sudden_Anomaly,50
C16324,L9,TypeA,25.98,1.06,9.71,10.71,11.71,60.0,0.97,1.07,1.17,6.0,Absolute_Failure,50
C16325,L9,TypeA,29.29,1.16,11.84,11.84,11.84,11.84,1.18,1.18,1.18,1.18,High_Stable,50
C16326,L9,TypeC,29.04,1.25,12.32,13.32,14.32,60.0,1.23,1.33,1.43,6.0,Absolute_Failure,50
C16327,L9,TypeC,27.33,1.24,10.65,10.65,10.65,10.65,1.06,1.06,1.06,1.06,High_Stable,50
C16328,L9,TypeA,34.92,1.15,13.26,14.26,15.26,16.26,1.33,1.43,1.53,1.63,Normal,50
C16329,L9,TypeC,27.73,1.14,12.16,13.16,14.16,15.16,1.22,1.32,1.42,1.52,Normal,50
C16330,L9,TypeC,31.14,1.18,14.99,15.99,34.99,36.99,1.5,1.6,3.5,3.7,Sudden_Anomaly,50
C16331,L9,TypeB,27.87,1.24,8.58,8.58,8.58,8.58,0.86,0.86,0.86,0.86,High_Stable,50
C16332,L9,TypeC,25.14,1.21,10.08,12.08,15.08,20.08,1.01,1.21,1.51,2.01,Latent_Defect,50
C16333,L9,TypeC,34.25,1.28,14.63,15.63,34.63,36.63,1.46,1.56,3.46,3.66,Sudden_Anomaly,50
C16334,L9,TypeA,29.09,1.17,11.72,11.72,11.72,11.72,1.17,1.17,1.17,1.17,High_Stable,50
C16335,L9,TypeA,28.22,1.14,10.31,11.31,12.31,13.31,1.03,1.13,1.23,1.33,Normal,50
C16336,L9,TypeA,29.51,1.08,10.13,11.13,30.13,32.13,1.01,1.11,3.01,3.21,Sudden_Anomaly,50
C16337,L9,TypeA,34.88,1.16,13.37,14.37,33.37,35.37,1.34,1.44,3.34,3.54,Sudden_Anomaly,50
C16338,L9,TypeA,29.38,1.1,10.48,11.48,12.48,60.0,1.05,1.15,1.25,6.0,Absolute_Failure,50
C16339,L9,TypeA,30.52,1.14,13.63,14.63,15.63,16.63,1.36,1.46,1.56,1.66,Normal,50
C16340,L9,TypeA,26.41,1.22,10.7,11.7,12.7,60.0,1.07,1.17,1.27,6.0,Absolute_Failure,50
C16341,L9,TypeC,25.63,1.19,8.86,9.86,28.86,30.86,0.89,0.99,2.89,3.09,Sudden_Anomaly,50
C16342,L9,TypeC,26.85,1.23,9.0,10.0,11.0,60.0,0.9,1.0,1.1,6.0,Absolute_Failure,50
C16343,L9,TypeB,28.76,1.09,11.73,13.73,16.73,21.73,1.17,1.37,1.67,2.17,Latent_Defect,50
C16344,L9,TypeC,32.44,1.25,8.46,10.46,13.46,18.46,0.85,1.05,1.35,1.85,Latent_Defect,50
C16345,L9,TypeB,31.51,1.09,9.42,10.42,29.42,31.42,0.94,1.04,2.94,3.14,Sudden_Anomaly,50
C16346,L9,TypeB,29.87,1.08,9.44,10.44,11.44,60.0,0.94,1.04,1.14,6.0,Absolute_Failure,50
C16347,L9,TypeA,27.71,1.29,10.32,11.32,12.32,60.0,1.03,1.13,1.23,6.0,Absolute_Failure,50
C16348,L9,TypeC,34.31,1.03,12.69,14.69,17.69,22.69,1.27,1.47,1.77,2.27,Latent_Defect,50
C16349,L9,TypeC,29.68,1.2,10.2,11.2,30.2,32.2,1.02,1.12,3.02,3.22,Sudden_Anomaly,50
C16350,L9,TypeA,26.41,1.22,10.75,11.75,12.75,13.75,1.08,1.18,1.28,1.38,Normal,50
C16351,L9,TypeB,32.31,1.2,11.42,12.42,31.42,33.42,1.14,1.24,3.14,3.34,Sudden_Anomaly,50
C16352,L9,TypeB,29.34,1.11,12.65,14.65,17.65,22.65,1.27,1.47,1.77,2.27,Latent_Defect,50
C16353,L9,TypeA,34.72,1.21,9.83,11.83,14.83,19.83,0.98,1.18,1.48,1.98,Latent_Defect,50
C16354,L9,TypeC,29.32,1.03,10.64,11.64,12.64,13.64,1.06,1.16,1.26,1.36,Normal,50
C16355,L9,TypeC,26.14,1.1,8.21,10.21,13.21,18.21,0.82,1.02,1.32,1.82,Latent_Defect,50
C16356,L9,TypeC,34.99,1.07,9.19,10.19,29.19,31.19,0.92,1.02,2.92,3.12,Sudden_Anomaly,50
C16357,L9,TypeA,25.95,1.13,12.53,13.53,32.53,34.53,1.25,1.35,3.25,3.45,Sudden_Anomaly,50
C16358,L9,TypeA,26.54,1.21,11.74,13.74,16.74,21.74,1.17,1.37,1.67,2.17,Latent_Defect,50
C16359,L9,TypeA,29.48,1.23,13.59,14.59,33.59,35.59,1.36,1.46,3.36,3.56,Sudden_Anomaly,50
C16360,L9,TypeC,30.54,1.16,8.33,9.33,10.33,11.33,0.83,0.93,1.03,1.13,Normal,50
C16361,L9,TypeB,33.98,1.21,11.98,12.98,13.98,14.98,1.2,1.3,1.4,1.5,Normal,50
C16362,L9,TypeB,29.18,1.22,11.89,12.89,13.89,14.89,1.19,1.29,1.39,1.49,Normal,50
C16363,L9,TypeC,30.06,1.12,10.61,12.61,15.61,20.61,1.06,1.26,1.56,2.06,Latent_Defect,50
C16364,L9,TypeC,31.66,1.27,8.52,9.52,10.52,60.0,0.85,0.95,1.05,6.0,Absolute_Failure,50
C16365,L9,TypeC,27.57,1.15,11.58,11.58,11.58,11.58,1.16,1.16,1.16,1.16,High_Stable,50
C16366,L9,TypeC,31.96,1.22,10.6,12.6,15.6,20.6,1.06,1.26,1.56,2.06,Latent_Defect,50
C16367,L9,TypeC,27.05,1.16,12.18,13.18,14.18,15.18,1.22,1.32,1.42,1.52,Normal,50
C16368,L9,TypeB,28.06,1.04,10.57,11.57,12.57,13.57,1.06,1.16,1.26,1.36,Normal,50
C16369,L9,TypeB,25.71,1.29,11.37,13.37,16.37,21.37,1.14,1.34,1.64,2.14,Latent_Defect,50
C16370,L9,TypeA,26.97,1.11,10.28,11.28,30.28,32.28,1.03,1.13,3.03,3.23,Sudden_Anomaly,50
C16371,L9,TypeB,30.41,1.13,12.45,13.45,14.45,60.0,1.24,1.34,1.44,6.0,Absolute_Failure,50
C16372,L9,TypeB,32.75,1.28,11.76,12.76,31.76,33.76,1.18,1.28,3.18,3.38,Sudden_Anomaly,50
C16373,L9,TypeA,29.87,1.07,9.55,9.55,9.55,9.55,0.96,0.96,0.96,0.96,High_Stable,50
C16374,L9,TypeC,26.41,1.04,9.36,9.36,9.36,9.36,0.94,0.94,0.94,0.94,High_Stable,50
C16375,L9,TypeC,30.03,1.28,10.96,11.96,12.96,13.96,1.1,1.2,1.3,1.4,Normal,50
C16376,L9,TypeC,29.8,1.14,8.47,10.47,13.47,18.47,0.85,1.05,1.35,1.85,Latent_Defect,50
C16377,L9,TypeA,32.11,1.09,12.46,13.46,14.46,15.46,1.25,1.35,1.45,1.55,Normal,50
C16378,L9,TypeC,28.4,1.01,9.23,11.23,14.23,19.23,0.92,1.12,1.42,1.92,Latent_Defect,50
C16379,L9,TypeA,32.17,1.23,14.58,15.58,16.58,17.58,1.46,1.56,1.66,1.76,Normal,50
C16380,L9,TypeA,25.07,1.11,10.61,10.61,10.61,10.61,1.06,1.06,1.06,1.06,High_Stable,50
C16381,L9,TypeA,26.91,1.01,10.76,11.76,12.76,13.76,1.08,1.18,1.28,1.38,Normal,50
C16382,L9,TypeA,33.97,1.28,13.63,13.63,13.63,13.63,1.36,1.36,1.36,1.36,High_Stable,50
C16383,L9,TypeC,31.97,1.1,11.37,12.37,31.37,33.37,1.14,1.24,3.14,3.34,Sudden_Anomaly,50
C16384,L9,TypeB,29.35,1.05,10.01,11.01,30.01,32.01,1.0,1.1,3.0,3.2,Sudden_Anomaly,50
C16385,L9,TypeC,26.16,1.26,11.53,11.53,11.53,11.53,1.15,1.15,1.15,1.15,High_Stable,50
C16386,L9,TypeC,31.36,1.23,11.37,12.37,31.37,33.37,1.14,1.24,3.14,3.34,Sudden_Anomaly,50
C16387,L9,TypeA,28.01,1.26,10.67,10.67,10.67,10.67,1.07,1.07,1.07,1.07,High_Stable,50
C16388,L9,TypeC,29.28,1.24,11.17,11.17,11.17,11.17,1.12,1.12,1.12,1.12,High_Stable,50
C16389,L9,TypeB,29.26,1.18,12.43,13.43,14.43,15.43,1.24,1.34,1.44,1.54,Normal,50
C16390,L9,TypeB,33.39,1.09,12.97,14.97,17.97,22.97,1.3,1.5,1.8,2.3,Latent_Defect,50
C16391,L9,TypeC,33.18,1.04,14.8,15.8,34.8,36.8,1.48,1.58,3.48,3.68,Sudden_Anomaly,50
C16392,L9,TypeB,33.6,1.01,14.36,16.36,19.36,24.36,1.44,1.64,1.94,2.44,Latent_Defect,50
C16393,L9,TypeC,31.49,1.28,13.42,13.42,13.42,13.42,1.34,1.34,1.34,1.34,High_Stable,50
C16394,L9,TypeA,32.78,1.01,12.2,13.2,32.2,34.2,1.22,1.32,3.22,3.42,Sudden_Anomaly,50
C16395,L9,TypeA,27.5,1.13,11.13,12.13,31.13,33.13,1.11,1.21,3.11,3.31,Sudden_Anomaly,50
C16396,L9,TypeC,34.41,1.01,14.69,15.69,34.69,36.69,1.47,1.57,3.47,3.67,Sudden_Anomaly,50
C16397,L9,TypeC,30.82,1.1,12.12,12.12,12.12,12.12,1.21,1.21,1.21,1.21,High_Stable,50
C16398,L9,TypeC,31.32,1.14,11.75,12.75,13.75,14.75,1.17,1.27,1.37,1.47,Normal,50
C16399,L9,TypeB,32.92,1.04,13.43,14.43,15.43,60.0,1.34,1.44,1.54,6.0,Absolute_Failure,50
C16400,L9,TypeB,25.49,1.07,11.55,11.55,11.55,11.55,1.16,1.16,1.16,1.16,High_Stable,50
C16401,L9,TypeC,27.69,1.15,14.43,15.43,34.43,36.43,1.44,1.54,3.44,3.64,Sudden_Anomaly,50
C16402,L9,TypeB,34.24,1.01,9.46,10.46,11.46,60.0,0.95,1.05,1.15,6.0,Absolute_Failure,50
C16403,L9,TypeB,26.39,1.3,11.32,11.32,11.32,11.32,1.13,1.13,1.13,1.13,High_Stable,50
C16404,L9,TypeC,34.76,1.29,12.04,13.04,32.04,34.04,1.2,1.3,3.2,3.4,Sudden_Anomaly,50
C16405,L9,TypeC,29.76,1.12,14.92,15.92,34.92,36.92,1.49,1.59,3.49,3.69,Sudden_Anomaly,50
C16406,L9,TypeC,31.55,1.1,14.45,15.45,16.45,60.0,1.44,1.54,1.64,6.0,Absolute_Failure,50
C16407,L9,TypeC,28.75,1.26,11.45,11.45,11.45,11.45,1.14,1.14,1.14,1.14,High_Stable,50
C16408,L9,TypeB,26.6,1.09,11.76,11.76,11.76,11.76,1.18,1.18,1.18,1.18,High_Stable,50
C16409,L9,TypeC,28.33,1.2,14.51,15.51,16.51,60.0,1.45,1.55,1.65,6.0,Absolute_Failure,50
C16410,L9,TypeB,25.33,1.28,11.33,12.33,13.33,60.0,1.13,1.23,1.33,6.0,Absolute_Failure,50
C16411,L9,TypeC,32.27,1.04,10.17,12.17,15.17,20.17,1.02,1.22,1.52,2.02,Latent_Defect,50
C16412,L9,TypeA,30.26,1.0,13.23,14.23,15.23,60.0,1.32,1.42,1.52,6.0,Absolute_Failure,50
C16413,L9,TypeC,26.9,1.25,14.36,15.36,34.36,36.36,1.44,1.54,3.44,3.64,Sudden_Anomaly,50
C16414,L9,TypeA,32.98,1.12,8.21,10.21,13.21,18.21,0.82,1.02,1.32,1.82,Latent_Defect,50
C16415,L9,TypeB,29.84,1.07,14.82,15.82,34.82,36.82,1.48,1.58,3.48,3.68,Sudden_Anomaly,50
C16416,L9,TypeA,27.54,1.22,14.27,16.27,19.27,24.27,1.43,1.63,1.93,2.43,Latent_Defect,50
C16417,L9,TypeB,30.14,1.25,11.97,13.97,16.97,21.97,1.2,1.4,1.7,2.2,Latent_Defect,50
C16418,L9,TypeC,32.17,1.2,11.21,12.21,31.21,33.21,1.12,1.22,3.12,3.32,Sudden_Anomaly,50
C16419,L9,TypeB,33.49,1.25,14.55,15.55,16.55,17.55,1.46,1.56,1.66,1.76,Normal,50
C16420,L9,TypeC,27.71,1.15,14.91,15.91,16.91,17.91,1.49,1.59,1.69,1.79,Normal,50
C16421,L9,TypeC,34.7,1.12,11.86,13.86,16.86,21.86,1.19,1.39,1.69,2.19,Latent_Defect,50
C16422,L9,TypeA,26.35,1.29,13.9,14.9,33.9,35.9,1.39,1.49,3.39,3.59,Sudden_Anomaly,50
C16423,L9,TypeA,27.22,1.07,13.52,14.52,33.52,35.52,1.35,1.45,3.35,3.55,Sudden_Anomaly,50
C16424,L9,TypeA,28.18,1.14,14.0,15.0,34.0,36.0,1.4,1.5,3.4,3.6,Sudden_Anomaly,50
C16425,L9,TypeC,33.26,1.26,11.41,12.41,31.41,33.41,1.14,1.24,3.14,3.34,Sudden_Anomaly,50
C16426,L9,TypeB,34.38,1.27,8.14,9.14,10.14,11.14,0.81,0.91,1.01,1.11,Normal,50
C16427,L9,TypeA,25.66,1.08,14.53,16.53,19.53,24.53,1.45,1.65,1.95,2.45,Latent_Defect,50
C16428,L9,TypeA,33.86,1.15,12.45,13.45,32.45,34.45,1.25,1.35,3.25,3.45,Sudden_Anomaly,50
C16429,L9,TypeC,32.79,1.1,10.04,11.04,30.04,32.04,1.0,1.1,3.0,3.2,Sudden_Anomaly,50
C16430,L9,TypeB,30.0,1.08,11.57,11.57,11.57,11.57,1.16,1.16,1.16,1.16,High_Stable,50
C16431,L9,TypeC,34.68,1.3,12.02,13.02,32.02,34.02,1.2,1.3,3.2,3.4,Sudden_Anomaly,50
C16432,L9,TypeB,27.17,1.08,14.82,14.82,14.82,14.82,1.48,1.48,1.48,1.48,High_Stable,50
C16433,L9,TypeB,33.17,1.06,11.87,12.87,13.87,60.0,1.19,1.29,1.39,6.0,Absolute_Failure,50
C16434,L9,TypeB,33.34,1.21,14.89,15.89,16.89,60.0,1.49,1.59,1.69,6.0,Absolute_Failure,50
C16435,L9,TypeB,25.01,1.16,11.04,11.04,11.04,11.04,1.1,1.1,1.1,1.1,High_Stable,50
C16436,L9,TypeB,29.81,1.11,9.88,9.88,9.88,9.88,0.99,0.99,0.99,0.99,High_Stable,50
C16437,L9,TypeB,30.39,1.19,8.1,9.1,10.1,11.1,0.81,0.91,1.01,1.11,Normal,50
C16438,L9,TypeC,34.5,1.19,11.15,13.15,16.15,21.15,1.12,1.32,1.62,2.12,Latent_Defect,50
C16439,L9,TypeA,25.96,1.15,10.39,10.39,10.39,10.39,1.04,1.04,1.04,1.04,High_Stable,50
C16440,L9,TypeA,32.97,1.3,12.22,13.22,14.22,60.0,1.22,1.32,1.42,6.0,Absolute_Failure,50
C16441,L9,TypeB,28.94,1.26,11.28,12.28,31.28,33.28,1.13,1.23,3.13,3.33,Sudden_Anomaly,50
C16442,L9,TypeA,25.79,1.2,9.73,10.73,29.73,31.73,0.97,1.07,2.97,3.17,Sudden_Anomaly,50
C16443,L9,TypeB,32.12,1.09,8.82,10.82,13.82,18.82,0.88,1.08,1.38,1.88,Latent_Defect,50
C16444,L9,TypeB,32.1,1.06,10.93,11.93,12.93,60.0,1.09,1.19,1.29,6.0,Absolute_Failure,50
C16445,L9,TypeC,27.42,1.02,12.98,14.98,17.98,22.98,1.3,1.5,1.8,2.3,Latent_Defect,50
C16446,L9,TypeC,27.97,1.01,9.99,9.99,9.99,9.99,1.0,1.0,1.0,1.0,High_Stable,50
C16447,L9,TypeC,27.69,1.25,12.67,12.67,12.67,12.67,1.27,1.27,1.27,1.27,High_Stable,50
C16448,L9,TypeA,33.79,1.2,13.04,14.04,33.04,35.04,1.3,1.4,3.3,3.5,Sudden_Anomaly,50
C16449,L9,TypeC,28.19,1.07,10.55,12.55,15.55,20.55,1.05,1.25,1.55,2.05,Latent_Defect,50
C16450,L9,TypeB,29.36,1.15,13.51,14.51,15.51,16.51,1.35,1.45,1.55,1.65,Normal,50
C16451,L9,TypeC,34.59,1.25,9.65,11.65,14.65,19.65,0.96,1.16,1.46,1.96,Latent_Defect,50
C16452,L9,TypeA,30.08,1.29,13.62,14.62,15.62,60.0,1.36,1.46,1.56,6.0,Absolute_Failure,50
C16453,L9,TypeA,28.58,1.0,8.08,8.08,8.08,8.08,0.81,0.81,0.81,0.81,High_Stable,50
C16454,L9,TypeB,29.65,1.04,9.75,10.75,11.75,12.75,0.98,1.08,1.18,1.28,Normal,50
C16455,L9,TypeA,30.33,1.29,13.77,13.77,13.77,13.77,1.38,1.38,1.38,1.38,High_Stable,50
C16456,L9,TypeC,27.01,1.29,11.9,12.9,31.9,33.9,1.19,1.29,3.19,3.39,Sudden_Anomaly,50
C16457,L9,TypeC,26.92,1.13,8.92,9.92,28.92,30.92,0.89,0.99,2.89,3.09,Sudden_Anomaly,50
C16458,L9,TypeC,31.43,1.11,10.8,11.8,12.8,60.0,1.08,1.18,1.28,6.0,Absolute_Failure,50
C16459,L9,TypeC,25.57,1.18,11.13,13.13,16.13,21.13,1.11,1.31,1.61,2.11,Latent_Defect,50
C16460,L9,TypeC,30.37,1.25,9.15,10.15,11.15,60.0,0.92,1.02,1.12,6.0,Absolute_Failure,50
C16461,L9,TypeC,29.54,1.18,10.22,10.22,10.22,10.22,1.02,1.02,1.02,1.02,High_Stable,50
C16462,L9,TypeC,28.52,1.28,9.98,10.98,11.98,60.0,1.0,1.1,1.2,6.0,Absolute_Failure,50
C16463,L9,TypeA,26.15,1.04,9.1,9.1,9.1,9.1,0.91,0.91,0.91,0.91,High_Stable,50
C16464,L9,TypeC,32.27,1.27,11.8,12.8,13.8,60.0,1.18,1.28,1.38,6.0,Absolute_Failure,50
C16465,L9,TypeC,29.59,1.06,14.06,16.06,19.06,24.06,1.41,1.61,1.91,2.41,Latent_Defect,50
C16466,L9,TypeB,27.17,1.24,11.97,13.97,16.97,21.97,1.2,1.4,1.7,2.2,Latent_Defect,50
C16467,L9,TypeA,28.38,1.27,11.12,12.12,31.12,33.12,1.11,1.21,3.11,3.31,Sudden_Anomaly,50
C16468,L9,TypeC,28.4,1.25,14.37,15.37,34.37,36.37,1.44,1.54,3.44,3.64,Sudden_Anomaly,50
C16469,L9,TypeA,30.07,1.14,10.75,12.75,15.75,20.75,1.07,1.27,1.57,2.07,Latent_Defect,50
C16470,L9,TypeA,30.36,1.25,11.56,12.56,31.56,33.56,1.16,1.26,3.16,3.36,Sudden_Anomaly,50
C16471,L9,TypeA,27.22,1.29,14.23,16.23,19.23,24.23,1.42,1.62,1.92,2.42,Latent_Defect,50
C16472,L9,TypeB,34.05,1.23,12.12,13.12,14.12,60.0,1.21,1.31,1.41,6.0,Absolute_Failure,50
C16473,L9,TypeC,32.27,1.28,9.86,10.86,29.86,31.86,0.99,1.09,2.99,3.19,Sudden_Anomaly,50
C16474,L9,TypeC,32.76,1.03,11.85,13.85,16.85,21.85,1.19,1.39,1.69,2.19,Latent_Defect,50
C16475,L9,TypeC,25.26,1.18,8.8,9.8,10.8,11.8,0.88,0.98,1.08,1.18,Normal,50
C16476,L9,TypeC,29.21,1.29,13.92,14.92,33.92,35.92,1.39,1.49,3.39,3.59,Sudden_Anomaly,50
C16477,L9,TypeA,26.25,1.27,12.07,13.07,32.07,34.07,1.21,1.31,3.21,3.41,Sudden_Anomaly,50
C16478,L9,TypeC,28.06,1.1,10.63,11.63,30.63,32.63,1.06,1.16,3.06,3.26,Sudden_Anomaly,50
C16479,L9,TypeB,29.5,1.12,14.76,15.76,34.76,36.76,1.48,1.58,3.48,3.68,Sudden_Anomaly,50
C16480,L9,TypeB,29.79,1.03,13.59,14.59,33.59,35.59,1.36,1.46,3.36,3.56,Sudden_Anomaly,50
C16481,L9,TypeC,31.27,1.26,9.36,10.36,29.36,31.36,0.94,1.04,2.94,3.14,Sudden_Anomaly,50
C16482,L9,TypeA,32.02,1.2,8.82,9.82,28.82,30.82,0.88,0.98,2.88,3.08,Sudden_Anomaly,50
C16483,L9,TypeA,29.54,1.22,14.49,15.49,16.49,17.49,1.45,1.55,1.65,1.75,Normal,50
C16484,L9,TypeC,28.78,1.0,11.06,12.06,31.06,33.06,1.11,1.21,3.11,3.31,Sudden_Anomaly,50
C16485,L9,TypeC,27.4,1.29,9.77,10.77,29.77,31.77,0.98,1.08,2.98,3.18,Sudden_Anomaly,50
C16486,L9,TypeB,26.73,1.25,9.32,11.32,14.32,19.32,0.93,1.13,1.43,1.93,Latent_Defect,50
C16487,L9,TypeB,32.79,1.18,11.77,12.77,31.77,33.77,1.18,1.28,3.18,3.38,Sudden_Anomaly,50
C16488,L9,TypeC,26.77,1.11,13.1,14.1,33.1,35.1,1.31,1.41,3.31,3.51,Sudden_Anomaly,50
C16489,L9,TypeB,33.28,1.16,11.23,12.23,13.23,60.0,1.12,1.22,1.32,6.0,Absolute_Failure,50
C16490,L9,TypeA,32.31,1.13,9.04,10.04,11.04,12.04,0.9,1.0,1.1,1.2,Normal,50
C16491,L9,TypeA,30.68,1.16,8.35,8.35,8.35,8.35,0.83,0.83,0.83,0.83,High_Stable,50
C16492,L9,TypeB,31.22,1.13,12.59,13.59,32.59,34.59,1.26,1.36,3.26,3.46,Sudden_Anomaly,50
C16493,L9,TypeA,32.72,1.21,8.23,9.23,10.23,60.0,0.82,0.92,1.02,6.0,Absolute_Failure,50
C16494,L9,TypeC,26.88,1.18,9.85,10.85,11.85,12.85,0.98,1.08,1.18,1.28,Normal,50
C16495,L9,TypeA,29.7,1.15,8.89,9.89,10.89,11.89,0.89,0.99,1.09,1.19,Normal,50
C16496,L9,TypeC,29.68,1.26,11.13,13.13,16.13,21.13,1.11,1.31,1.61,2.11,Latent_Defect,50
C16497,L9,TypeB,31.53,1.05,12.33,13.33,14.33,60.0,1.23,1.33,1.43,6.0,Absolute_Failure,50
C16498,L9,TypeC,26.59,1.0,9.49,9.49,9.49,9.49,0.95,0.95,0.95,0.95,High_Stable,50
C16499,L9,TypeB,29.1,1.23,11.97,12.97,13.97,14.97,1.2,1.3,1.4,1.5,Normal,50
C16500,L9,TypeA,25.65,1.04,10.03,11.03,12.03,60.0,1.0,1.1,1.2,6.0,Absolute_Failure,50
C16501,L9,TypeC,31.61,1.16,11.79,13.79,16.79,21.79,1.18,1.38,1.68,2.18,Latent_Defect,50
C16502,L9,TypeC,34.14,1.07,14.24,15.24,34.24,36.24,1.42,1.52,3.42,3.62,Sudden_Anomaly,50
C16503,L9,TypeC,26.19,1.2,8.48,9.48,10.48,11.48,0.85,0.95,1.05,1.15,Normal,50
C16504,L9,TypeC,34.69,1.08,9.99,10.99,29.99,31.99,1.0,1.1,3.0,3.2,Sudden_Anomaly,50
C16505,L9,TypeB,27.32,1.25,10.12,11.12,12.12,60.0,1.01,1.11,1.21,6.0,Absolute_Failure,50
C16506,L9,TypeA,25.48,1.09,11.46,11.46,11.46,11.46,1.15,1.15,1.15,1.15,High_Stable,50
C16507,L9,TypeC,28.42,1.09,12.37,14.37,17.37,22.37,1.24,1.44,1.74,2.24,Latent_Defect,50
C16508,L9,TypeC,29.69,1.04,8.64,8.64,8.64,8.64,0.86,0.86,0.86,0.86,High_Stable,50
C16509,L9,TypeB,31.09,1.25,9.67,9.67,9.67,9.67,0.97,0.97,0.97,0.97,High_Stable,50
C16510,L9,TypeC,26.97,1.13,14.35,16.35,19.35,24.35,1.43,1.63,1.93,2.43,Latent_Defect,50
C16511,L9,TypeA,31.73,1.13,13.91,14.91,15.91,16.91,1.39,1.49,1.59,1.69,Normal,50
C16512,L9,TypeB,26.82,1.05,9.48,10.48,11.48,12.48,0.95,1.05,1.15,1.25,Normal,50
C16513,L9,TypeB,33.48,1.06,8.97,9.97,10.97,11.97,0.9,1.0,1.1,1.2,Normal,50
C16514,L9,TypeB,32.91,1.2,10.95,11.95,12.95,60.0,1.1,1.2,1.3,6.0,Absolute_Failure,50
C16515,L9,TypeB,25.28,1.14,14.82,15.82,16.82,17.82,1.48,1.58,1.68,1.78,Normal,50
C16516,L9,TypeC,26.21,1.27,8.68,10.68,13.68,18.68,0.87,1.07,1.37,1.87,Latent_Defect,50
C16517,L9,TypeC,27.78,1.07,12.18,13.18,14.18,15.18,1.22,1.32,1.42,1.52,Normal,50
C16518,L9,TypeC,30.2,1.08,13.17,14.17,15.17,60.0,1.32,1.42,1.52,6.0,Absolute_Failure,50
C16519,L9,TypeC,31.16,1.05,11.15,12.15,31.15,33.15,1.12,1.22,3.12,3.32,Sudden_Anomaly,50
C16520,L9,TypeC,30.11,1.3,12.59,13.59,14.59,60.0,1.26,1.36,1.46,6.0,Absolute_Failure,50
C16521,L9,TypeC,29.51,1.16,11.82,12.82,31.82,33.82,1.18,1.28,3.18,3.38,Sudden_Anomaly,50
C16522,L9,TypeA,29.08,1.24,14.81,14.81,14.81,14.81,1.48,1.48,1.48,1.48,High_Stable,50
C16523,L9,TypeA,30.7,1.28,8.42,9.42,28.42,30.42,0.84,0.94,2.84,3.04,Sudden_Anomaly,50
C16524,L9,TypeA,31.89,1.22,8.09,9.09,28.09,30.09,0.81,0.91,2.81,3.01,Sudden_Anomaly,50
C16525,L9,TypeB,33.94,1.1,8.03,9.03,10.03,60.0,0.8,0.9,1.0,6.0,Absolute_Failure,50
C16526,L9,TypeB,27.94,1.06,14.83,15.83,34.83,36.83,1.48,1.58,3.48,3.68,Sudden_Anomaly,50
C16527,L9,TypeB,27.72,1.03,13.07,15.07,18.07,23.07,1.31,1.51,1.81,2.31,Latent_Defect,50
C16528,L9,TypeA,31.49,1.29,13.05,14.05,15.05,60.0,1.31,1.41,1.51,6.0,Absolute_Failure,50
C16529,L9,TypeA,26.99,1.21,13.28,15.28,18.28,23.28,1.33,1.53,1.83,2.33,Latent_Defect,50
C16530,L9,TypeB,26.55,1.23,10.62,11.62,30.62,32.62,1.06,1.16,3.06,3.26,Sudden_Anomaly,50
C16531,L9,TypeB,30.63,1.27,13.78,13.78,13.78,13.78,1.38,1.38,1.38,1.38,High_Stable,50
C16532,L9,TypeA,30.59,1.11,10.09,11.09,30.09,32.09,1.01,1.11,3.01,3.21,Sudden_Anomaly,50
C16533,L9,TypeA,28.14,1.22,12.53,12.53,12.53,12.53,1.25,1.25,1.25,1.25,High_Stable,50
C16534,L9,TypeA,32.2,1.25,13.76,14.76,15.76,16.76,1.38,1.48,1.58,1.68,Normal,50
C16535,L9,TypeA,28.6,1.01,13.2,15.2,18.2,23.2,1.32,1.52,1.82,2.32,Latent_Defect,50
C16536,L9,TypeB,34.82,1.11,9.38,10.38,29.38,31.38,0.94,1.04,2.94,3.14,Sudden_Anomaly,50
C16537,L9,TypeC,34.03,1.16,10.85,11.85,12.85,13.85,1.09,1.19,1.29,1.39,Normal,50
C16538,L9,TypeA,28.71,1.24,10.98,11.98,30.98,32.98,1.1,1.2,3.1,3.3,Sudden_Anomaly,50
C16539,L9,TypeA,31.24,1.01,10.85,12.85,15.85,20.85,1.09,1.29,1.59,2.09,Latent_Defect,50
C16540,L9,TypeC,31.18,1.13,10.19,10.19,10.19,10.19,1.02,1.02,1.02,1.02,High_Stable,50
C16541,L9,TypeA,33.2,1.12,13.81,14.81,15.81,16.81,1.38,1.48,1.58,1.68,Normal,50
C16542,L9,TypeA,29.44,1.18,9.89,10.89,11.89,60.0,0.99,1.09,1.19,6.0,Absolute_Failure,50
C16543,L9,TypeA,32.71,1.1,12.04,12.04,12.04,12.04,1.2,1.2,1.2,1.2,High_Stable,50
C16544,L9,TypeB,31.9,1.29,14.26,14.26,14.26,14.26,1.43,1.43,1.43,1.43,High_Stable,50
C16545,L9,TypeA,26.36,1.01,9.1,10.1,11.1,12.1,0.91,1.01,1.11,1.21,Normal,50
C16546,L9,TypeB,28.75,1.09,11.56,12.56,31.56,33.56,1.16,1.26,3.16,3.36,Sudden_Anomaly,50
C16547,L9,TypeA,25.36,1.08,12.7,13.7,14.7,60.0,1.27,1.37,1.47,6.0,Absolute_Failure,50
C16548,L9,TypeA,30.17,1.15,13.12,15.12,18.12,23.12,1.31,1.51,1.81,2.31,Latent_Defect,50
C16549,L9,TypeC,30.56,1.01,13.38,14.38,15.38,16.38,1.34,1.44,1.54,1.64,Normal,50
C16550,L9,TypeC,28.04,1.13,12.74,13.74,32.74,34.74,1.27,1.37,3.27,3.47,Sudden_Anomaly,50
C16551,L9,TypeA,29.23,1.06,11.6,11.6,11.6,11.6,1.16,1.16,1.16,1.16,High_Stable,50
C16552,L9,TypeB,26.88,1.17,10.5,11.5,30.5,32.5,1.05,1.15,3.05,3.25,Sudden_Anomaly,50
C16553,L9,TypeA,30.82,1.29,12.16,13.16,32.16,34.16,1.22,1.32,3.22,3.42,Sudden_Anomaly,50
C16554,L9,TypeC,31.41,1.11,13.66,14.66,15.66,60.0,1.37,1.47,1.57,6.0,Absolute_Failure,50
C16555,L9,TypeC,25.19,1.29,8.66,9.66,10.66,60.0,0.87,0.97,1.07,6.0,Absolute_Failure,50
C16556,L9,TypeA,34.43,1.13,11.67,12.67,13.67,14.67,1.17,1.27,1.37,1.47,Normal,50
C16557,L9,TypeC,29.2,1.17,13.97,14.97,15.97,60.0,1.4,1.5,1.6,6.0,Absolute_Failure,50
C16558,L9,TypeA,28.41,1.16,14.73,15.73,16.73,60.0,1.47,1.57,1.67,6.0,Absolute_Failure,50
C16559,L9,TypeC,28.76,1.05,9.82,10.82,11.82,12.82,0.98,1.08,1.18,1.28,Normal,50
C16560,L9,TypeA,27.31,1.23,9.13,10.13,11.13,60.0,0.91,1.01,1.11,6.0,Absolute_Failure,50
C16561,L9,TypeA,32.68,1.25,13.62,14.62,15.62,16.62,1.36,1.46,1.56,1.66,Normal,50
C16562,L9,TypeC,31.76,1.08,8.26,10.26,13.26,18.26,0.83,1.03,1.33,1.83,Latent_Defect,50
C16563,L9,TypeC,32.23,1.09,10.04,11.04,30.04,32.04,1.0,1.1,3.0,3.2,Sudden_Anomaly,50
C16564,L9,TypeB,33.15,1.18,14.92,14.92,14.92,14.92,1.49,1.49,1.49,1.49,High_Stable,50
C16565,L9,TypeA,34.52,1.28,13.14,14.14,33.14,35.14,1.31,1.41,3.31,3.51,Sudden_Anomaly,50
C16566,L9,TypeA,34.63,1.3,11.14,12.14,13.14,60.0,1.11,1.21,1.31,6.0,Absolute_Failure,50
C16567,L9,TypeC,28.04,1.23,10.76,10.76,10.76,10.76,1.08,1.08,1.08,1.08,High_Stable,50
C16568,L9,TypeA,28.54,1.07,8.02,8.02,8.02,8.02,0.8,0.8,0.8,0.8,High_Stable,50
C16569,L9,TypeB,27.95,1.08,10.41,12.41,15.41,20.41,1.04,1.24,1.54,2.04,Latent_Defect,50
C16570,L9,TypeC,25.51,1.22,8.03,9.03,28.03,30.03,0.8,0.9,2.8,3.0,Sudden_Anomaly,50
C16571,L9,TypeA,31.81,1.14,14.68,15.68,16.68,17.68,1.47,1.57,1.67,1.77,Normal,50
C16572,L9,TypeB,26.02,1.17,13.19,14.19,33.19,35.19,1.32,1.42,3.32,3.52,Sudden_Anomaly,50
C16573,L9,TypeA,33.22,1.1,12.91,13.91,14.91,15.91,1.29,1.39,1.49,1.59,Normal,50
C16574,L9,TypeA,30.48,1.23,9.86,10.86,11.86,12.86,0.99,1.09,1.19,1.29,Normal,50
C16575,L9,TypeA,34.87,1.07,9.16,10.16,11.16,60.0,0.92,1.02,1.12,6.0,Absolute_Failure,50
C16576,L9,TypeC,34.35,1.04,12.76,13.76,14.76,60.0,1.28,1.38,1.48,6.0,Absolute_Failure,50
C16577,L9,TypeC,30.57,1.01,13.84,14.84,15.84,16.84,1.38,1.48,1.58,1.68,Normal,50
C16578,L9,TypeA,33.49,1.04,13.58,14.58,33.58,35.58,1.36,1.46,3.36,3.56,Sudden_Anomaly,50
C16579,L9,TypeA,26.06,1.13,8.45,10.45,13.45,18.45,0.85,1.05,1.35,1.85,Latent_Defect,50
C16580,L9,TypeA,25.06,1.18,11.66,13.66,16.66,21.66,1.17,1.37,1.67,2.17,Latent_Defect,50
C16581,L9,TypeA,31.86,1.14,11.77,12.77,13.77,60.0,1.18,1.28,1.38,6.0,Absolute_Failure,50
C16582,L9,TypeA,34.89,1.01,14.02,15.02,34.02,36.02,1.4,1.5,3.4,3.6,Sudden_Anomaly,50
C16583,L9,TypeB,29.27,1.03,9.23,9.23,9.23,9.23,0.92,0.92,0.92,0.92,High_Stable,50
C16584,L9,TypeC,28.78,1.27,11.92,12.92,13.92,14.92,1.19,1.29,1.39,1.49,Normal,50
C16585,L9,TypeC,32.48,1.29,10.59,11.59,30.59,32.59,1.06,1.16,3.06,3.26,Sudden_Anomaly,50
C16586,L9,TypeA,25.57,1.12,11.01,12.01,31.01,33.01,1.1,1.2,3.1,3.3,Sudden_Anomaly,50
C16587,L9,TypeB,31.6,1.09,8.68,8.68,8.68,8.68,0.87,0.87,0.87,0.87,High_Stable,50
C16588,L9,TypeC,31.61,1.0,8.76,8.76,8.76,8.76,0.88,0.88,0.88,0.88,High_Stable,50
C16589,L9,TypeC,33.91,1.02,8.53,9.53,10.53,60.0,0.85,0.95,1.05,6.0,Absolute_Failure,50
C16590,L9,TypeC,28.44,1.13,11.51,13.51,16.51,21.51,1.15,1.35,1.65,2.15,Latent_Defect,50
C16591,L9,TypeC,32.63,1.1,12.0,12.0,12.0,12.0,1.2,1.2,1.2,1.2,High_Stable,50
C16592,L9,TypeB,28.55,1.15,9.15,9.15,9.15,9.15,0.92,0.92,0.92,0.92,High_Stable,50
C16593,L9,TypeC,27.42,1.07,11.89,12.89,13.89,60.0,1.19,1.29,1.39,6.0,Absolute_Failure,50
C16594,L9,TypeB,26.15,1.25,8.34,9.34,10.34,11.34,0.83,0.93,1.03,1.13,Normal,50
C16595,L9,TypeC,32.92,1.19,12.72,12.72,12.72,12.72,1.27,1.27,1.27,1.27,High_Stable,50
C16596,L9,TypeB,25.01,1.25,9.97,10.97,29.97,31.97,1.0,1.1,3.0,3.2,Sudden_Anomaly,50
C16597,L9,TypeB,31.19,1.11,12.3,12.3,12.3,12.3,1.23,1.23,1.23,1.23,High_Stable,50
C16598,L9,TypeC,27.25,1.24,8.83,9.83,28.83,30.83,0.88,0.98,2.88,3.08,Sudden_Anomaly,50
C16599,L9,TypeB,33.8,1.05,10.36,12.36,15.36,20.36,1.04,1.24,1.54,2.04,Latent_Defect,50
C16600,L9,TypeB,29.89,1.01,14.39,14.39,14.39,14.39,1.44,1.44,1.44,1.44,High_Stable,50
C16601,L9,TypeC,34.75,1.09,11.25,11.25,11.25,11.25,1.12,1.12,1.12,1.12,High_Stable,50
C16602,L9,TypeB,31.63,1.02,8.83,9.83,10.83,60.0,0.88,0.98,1.08,6.0,Absolute_Failure,50
C16603,L9,TypeA,30.61,1.12,12.69,14.69,17.69,22.69,1.27,1.47,1.77,2.27,Latent_Defect,50
C16604,L9,TypeB,30.64,1.03,11.29,12.29,13.29,14.29,1.13,1.23,1.33,1.43,Normal,50
C16605,L9,TypeC,29.56,1.01,9.4,10.4,29.4,31.4,0.94,1.04,2.94,3.14,Sudden_Anomaly,50
C16606,L9,TypeA,26.22,1.0,12.61,13.61,14.61,60.0,1.26,1.36,1.46,6.0,Absolute_Failure,50
C16607,L9,TypeC,31.15,1.21,12.99,13.99,14.99,60.0,1.3,1.4,1.5,6.0,Absolute_Failure,50
C16608,L9,TypeC,29.02,1.03,14.18,15.18,34.18,36.18,1.42,1.52,3.42,3.62,Sudden_Anomaly,50
C16609,L9,TypeC,29.5,1.22,13.05,14.05,15.05,16.05,1.31,1.41,1.51,1.61,Normal,50
C16610,L9,TypeC,29.23,1.08,14.04,15.04,34.04,36.04,1.4,1.5,3.4,3.6,Sudden_Anomaly,50
C16611,L9,TypeC,32.31,1.19,8.02,9.02,10.02,60.0,0.8,0.9,1.0,6.0,Absolute_Failure,50
C16612,L9,TypeC,29.8,1.14,14.39,16.39,19.39,24.39,1.44,1.64,1.94,2.44,Latent_Defect,50
C16613,L9,TypeB,34.81,1.07,10.07,11.07,30.07,32.07,1.01,1.11,3.01,3.21,Sudden_Anomaly,50
C16614,L9,TypeB,27.48,1.11,9.6,11.6,14.6,19.6,0.96,1.16,1.46,1.96,Latent_Defect,50
C16615,L9,TypeB,27.16,1.04,10.19,10.19,10.19,10.19,1.02,1.02,1.02,1.02,High_Stable,50
C16616,L9,TypeB,34.39,1.11,8.34,9.34,10.34,60.0,0.83,0.93,1.03,6.0,Absolute_Failure,50
C16617,L9,TypeB,34.66,1.11,13.37,14.37,15.37,16.37,1.34,1.44,1.54,1.64,Normal,50
C16618,L9,TypeC,29.62,1.22,14.48,15.48,34.48,36.48,1.45,1.55,3.45,3.65,Sudden_Anomaly,50
C16619,L9,TypeC,34.04,1.22,10.14,11.14,30.14,32.14,1.01,1.11,3.01,3.21,Sudden_Anomaly,50
C16620,L9,TypeA,29.53,1.16,14.37,16.37,19.37,24.37,1.44,1.64,1.94,2.44,Latent_Defect,50
C16621,L9,TypeA,29.51,1.15,11.5,12.5,31.5,33.5,1.15,1.25,3.15,3.35,Sudden_Anomaly,50
C16622,L9,TypeA,32.3,1.16,14.02,15.02,16.02,17.02,1.4,1.5,1.6,1.7,Normal,50
C16623,L9,TypeC,34.79,1.21,10.81,11.81,12.81,13.81,1.08,1.18,1.28,1.38,Normal,50
C16624,L9,TypeB,28.51,1.06,9.61,10.61,11.61,12.61,0.96,1.06,1.16,1.26,Normal,50
C16625,L9,TypeA,32.29,1.29,10.39,11.39,12.39,13.39,1.04,1.14,1.24,1.34,Normal,50
C16626,L9,TypeB,29.17,1.08,9.49,10.49,11.49,60.0,0.95,1.05,1.15,6.0,Absolute_Failure,50
C16627,L9,TypeA,34.94,1.21,10.95,10.95,10.95,10.95,1.09,1.09,1.09,1.09,High_Stable,50
C16628,L9,TypeB,30.29,1.06,9.63,10.63,11.63,12.63,0.96,1.06,1.16,1.26,Normal,50
C16629,L9,TypeC,32.24,1.19,9.82,10.82,11.82,60.0,0.98,1.08,1.18,6.0,Absolute_Failure,50
C16630,L9,TypeB,26.71,1.18,13.56,15.56,18.56,23.56,1.36,1.56,1.86,2.36,Latent_Defect,50
C16631,L9,TypeA,26.62,1.02,8.12,8.12,8.12,8.12,0.81,0.81,0.81,0.81,High_Stable,50
C16632,L9,TypeB,34.45,1.13,14.92,15.92,16.92,60.0,1.49,1.59,1.69,6.0,Absolute_Failure,50
C16633,L9,TypeC,28.55,1.09,10.47,12.47,15.47,20.47,1.05,1.25,1.55,2.05,Latent_Defect,50
C16634,L9,TypeC,34.69,1.11,9.66,10.66,11.66,60.0,0.97,1.07,1.17,6.0,Absolute_Failure,50
C16635,L9,TypeC,25.53,1.06,11.14,13.14,16.14,21.14,1.11,1.31,1.61,2.11,Latent_Defect,50
C16636,L9,TypeB,32.01,1.09,14.07,15.07,34.07,36.07,1.41,1.51,3.41,3.61,Sudden_Anomaly,50
C16637,L9,TypeB,34.18,1.25,11.49,12.49,31.49,33.49,1.15,1.25,3.15,3.35,Sudden_Anomaly,50
C16638,L9,TypeB,31.53,1.18,10.08,11.08,12.08,60.0,1.01,1.11,1.21,6.0,Absolute_Failure,50
C16639,L9,TypeB,25.32,1.14,10.12,11.12,12.12,13.12,1.01,1.11,1.21,1.31,Normal,50
C16640,L9,TypeA,33.17,1.21,10.64,12.64,15.64,20.64,1.06,1.26,1.56,2.06,Latent_Defect,50
C16641,L9,TypeA,32.33,1.0,8.32,9.32,10.32,11.32,0.83,0.93,1.03,1.13,Normal,50
C16642,L9,TypeA,30.39,1.25,10.04,11.04,12.04,60.0,1.0,1.1,1.2,6.0,Absolute_Failure,50
C16643,L9,TypeB,34.92,1.03,11.7,12.7,31.7,33.7,1.17,1.27,3.17,3.37,Sudden_Anomaly,50
C16644,L9,TypeA,26.39,1.29,10.42,11.42,12.42,13.42,1.04,1.14,1.24,1.34,Normal,50
C16645,L9,TypeC,32.33,1.15,8.82,10.82,13.82,18.82,0.88,1.08,1.38,1.88,Latent_Defect,50
C16646,L9,TypeA,32.3,1.04,10.79,12.79,15.79,20.79,1.08,1.28,1.58,2.08,Latent_Defect,50
C16647,L9,TypeA,33.62,1.27,12.66,13.66,14.66,60.0,1.27,1.37,1.47,6.0,Absolute_Failure,50
C16648,L9,TypeB,32.19,1.28,10.46,11.46,30.46,32.46,1.05,1.15,3.05,3.25,Sudden_Anomaly,50
C16649,L9,TypeA,26.85,1.29,11.0,12.0,13.0,60.0,1.1,1.2,1.3,6.0,Absolute_Failure,50
C16650,L9,TypeB,31.44,1.06,11.87,11.87,11.87,11.87,1.19,1.19,1.19,1.19,High_Stable,50
C16651,L9,TypeC,28.88,1.04,10.69,11.69,30.69,32.69,1.07,1.17,3.07,3.27,Sudden_Anomaly,50
C16652,L9,TypeC,32.21,1.22,8.49,8.49,8.49,8.49,0.85,0.85,0.85,0.85,High_Stable,50
C16653,L9,TypeA,32.24,1.01,13.25,14.25,33.25,35.25,1.33,1.43,3.33,3.53,Sudden_Anomaly,50
C16654,L9,TypeA,28.64,1.26,10.92,10.92,10.92,10.92,1.09,1.09,1.09,1.09,High_Stable,50
C16655,L9,TypeC,25.22,1.03,14.1,14.1,14.1,14.1,1.41,1.41,1.41,1.41,High_Stable,50
C16656,L9,TypeB,26.98,1.3,9.17,9.17,9.17,9.17,0.92,0.92,0.92,0.92,High_Stable,50
C16657,L9,TypeC,28.33,1.16,13.3,14.3,15.3,16.3,1.33,1.43,1.53,1.63,Normal,50
C16658,L9,TypeC,34.09,1.04,11.73,12.73,13.73,60.0,1.17,1.27,1.37,6.0,Absolute_Failure,50
C16659,L9,TypeB,25.41,1.03,8.69,10.69,13.69,18.69,0.87,1.07,1.37,1.87,Latent_Defect,50
C16660,L9,TypeB,32.92,1.07,14.26,16.26,19.26,24.26,1.43,1.63,1.93,2.43,Latent_Defect,50
C16661,L9,TypeB,30.12,1.27,12.65,13.65,14.65,60.0,1.27,1.37,1.47,6.0,Absolute_Failure,50
C16662,L9,TypeC,29.2,1.2,9.18,11.18,14.18,19.18,0.92,1.12,1.42,1.92,Latent_Defect,50
C16663,L9,TypeC,29.93,1.17,8.94,9.94,28.94,30.94,0.89,0.99,2.89,3.09,Sudden_Anomaly,50
C16664,L9,TypeB,30.05,1.11,9.38,10.38,11.38,60.0,0.94,1.04,1.14,6.0,Absolute_Failure,50
C16665,L9,TypeA,34.05,1.21,10.56,11.56,12.56,13.56,1.06,1.16,1.26,1.36,Normal,50
C16666,L9,TypeC,35.0,1.19,10.38,12.38,15.38,20.38,1.04,1.24,1.54,2.04,Latent_Defect,50
C16667,L9,TypeA,31.98,1.16,9.18,10.18,11.18,60.0,0.92,1.02,1.12,6.0,Absolute_Failure,50
C16668,L9,TypeA,31.4,1.22,14.48,16.48,19.48,24.48,1.45,1.65,1.95,2.45,Latent_Defect,50
C16669,L9,TypeA,30.15,1.18,12.91,13.91,32.91,34.91,1.29,1.39,3.29,3.49,Sudden_Anomaly,50
C16670,L9,TypeC,31.0,1.28,11.91,11.91,11.91,11.91,1.19,1.19,1.19,1.19,High_Stable,50
C16671,L9,TypeC,29.5,1.08,11.67,12.67,13.67,14.67,1.17,1.27,1.37,1.47,Normal,50
C16672,L9,TypeC,28.78,1.28,12.68,13.68,14.68,60.0,1.27,1.37,1.47,6.0,Absolute_Failure,50
C16673,L9,TypeC,30.75,1.29,12.81,13.81,14.81,15.81,1.28,1.38,1.48,1.58,Normal,50
C16674,L9,TypeB,28.42,1.1,14.04,15.04,16.04,60.0,1.4,1.5,1.6,6.0,Absolute_Failure,50
C16675,L9,TypeB,26.39,1.04,14.85,16.85,19.85,24.85,1.49,1.69,1.99,2.49,Latent_Defect,50
C16676,L9,TypeA,34.13,1.08,10.72,10.72,10.72,10.72,1.07,1.07,1.07,1.07,High_Stable,50
C16677,L9,TypeC,26.82,1.12,14.84,14.84,14.84,14.84,1.48,1.48,1.48,1.48,High_Stable,50
C16678,L9,TypeB,29.88,1.05,14.44,15.44,16.44,17.44,1.44,1.54,1.64,1.74,Normal,50
C16679,L9,TypeB,29.46,1.01,13.12,14.12,15.12,60.0,1.31,1.41,1.51,6.0,Absolute_Failure,50
C16680,L9,TypeB,31.29,1.14,13.87,14.87,15.87,16.87,1.39,1.49,1.59,1.69,Normal,50
C16681,L9,TypeC,34.78,1.1,9.13,10.13,29.13,31.13,0.91,1.01,2.91,3.11,Sudden_Anomaly,50
C16682,L9,TypeB,33.59,1.19,14.49,14.49,14.49,14.49,1.45,1.45,1.45,1.45,High_Stable,50
C16683,L9,TypeB,26.22,1.14,11.76,11.76,11.76,11.76,1.18,1.18,1.18,1.18,High_Stable,50
C16684,L9,TypeC,29.45,1.22,13.91,13.91,13.91,13.91,1.39,1.39,1.39,1.39,High_Stable,50
C16685,L9,TypeB,29.43,1.05,12.53,13.53,14.53,15.53,1.25,1.35,1.45,1.55,Normal,50
C16686,L9,TypeC,33.38,1.09,13.95,13.95,13.95,13.95,1.4,1.4,1.4,1.4,High_Stable,50
C16687,L9,TypeC,25.94,1.17,10.97,11.97,12.97,60.0,1.1,1.2,1.3,6.0,Absolute_Failure,50
C16688,L9,TypeA,34.61,1.2,12.11,12.11,12.11,12.11,1.21,1.21,1.21,1.21,High_Stable,50
C16689,L9,TypeA,30.16,1.25,11.35,13.35,16.35,21.35,1.13,1.33,1.63,2.13,Latent_Defect,50
C16690,L9,TypeA,29.88,1.24,10.9,11.9,12.9,13.9,1.09,1.19,1.29,1.39,Normal,50
C16691,L9,TypeB,29.02,1.15,9.23,11.23,14.23,19.23,0.92,1.12,1.42,1.92,Latent_Defect,50
C16692,L9,TypeA,31.8,1.15,11.24,12.24,13.24,14.24,1.12,1.22,1.32,1.42,Normal,50
C16693,L9,TypeC,25.54,1.13,14.72,15.72,34.72,36.72,1.47,1.57,3.47,3.67,Sudden_Anomaly,50
C16694,L9,TypeA,34.78,1.07,14.16,15.16,16.16,17.16,1.42,1.52,1.62,1.72,Normal,50
C16695,L9,TypeB,30.58,1.21,10.91,10.91,10.91,10.91,1.09,1.09,1.09,1.09,High_Stable,50
C16696,L9,TypeB,26.25,1.21,11.81,11.81,11.81,11.81,1.18,1.18,1.18,1.18,High_Stable,50
C16697,L9,TypeB,27.76,1.26,11.06,12.06,13.06,14.06,1.11,1.21,1.31,1.41,Normal,50
C16698,L9,TypeC,30.83,1.18,10.77,10.77,10.77,10.77,1.08,1.08,1.08,1.08,High_Stable,50
C16699,L9,TypeC,25.13,1.15,14.07,14.07,14.07,14.07,1.41,1.41,1.41,1.41,High_Stable,50
C16700,L9,TypeA,34.75,1.18,8.48,9.48,10.48,60.0,0.85,0.95,1.05,6.0,Absolute_Failure,50
C16701,L9,TypeC,28.88,1.26,11.36,13.36,16.36,21.36,1.14,1.34,1.64,2.14,Latent_Defect,50
C16702,L9,TypeC,33.3,1.26,13.07,14.07,15.07,16.07,1.31,1.41,1.51,1.61,Normal,50
C16703,L9,TypeB,32.8,1.06,11.03,13.03,16.03,21.03,1.1,1.3,1.6,2.1,Latent_Defect,50
C16704,L9,TypeB,32.8,1.17,11.19,11.19,11.19,11.19,1.12,1.12,1.12,1.12,High_Stable,50
C16705,L9,TypeA,25.13,1.19,10.39,10.39,10.39,10.39,1.04,1.04,1.04,1.04,High_Stable,50
C16706,L9,TypeB,31.33,1.09,14.52,15.52,16.52,60.0,1.45,1.55,1.65,6.0,Absolute_Failure,50
C16707,L9,TypeA,27.1,1.27,8.04,9.04,10.04,60.0,0.8,0.9,1.0,6.0,Absolute_Failure,50
C16708,L9,TypeB,25.81,1.21,13.82,14.82,33.82,35.82,1.38,1.48,3.38,3.58,Sudden_Anomaly,50
C16709,L9,TypeA,27.66,1.19,12.24,14.24,17.24,22.24,1.22,1.42,1.72,2.22,Latent_Defect,50
C16710,L9,TypeB,31.25,1.24,13.72,14.72,15.72,16.72,1.37,1.47,1.57,1.67,Normal,50
C16711,L9,TypeC,29.16,1.2,13.99,14.99,15.99,60.0,1.4,1.5,1.6,6.0,Absolute_Failure,50
C16712,L9,TypeC,29.83,1.2,14.42,15.42,34.42,36.42,1.44,1.54,3.44,3.64,Sudden_Anomaly,50
C16713,L9,TypeB,26.29,1.17,13.12,14.12,33.12,35.12,1.31,1.41,3.31,3.51,Sudden_Anomaly,50
C16714,L9,TypeC,28.1,1.21,11.28,12.28,13.28,60.0,1.13,1.23,1.33,6.0,Absolute_Failure,50
C16715,L9,TypeC,25.59,1.28,8.0,9.0,10.0,60.0,0.8,0.9,1.0,6.0,Absolute_Failure,50
C16716,L9,TypeA,25.55,1.21,8.87,9.87,10.87,60.0,0.89,0.99,1.09,6.0,Absolute_Failure,50
C16717,L9,TypeB,32.2,1.14,9.02,11.02,14.02,19.02,0.9,1.1,1.4,1.9,Latent_Defect,50
C16718,L9,TypeC,32.62,1.08,14.86,15.86,34.86,36.86,1.49,1.59,3.49,3.69,Sudden_Anomaly,50
C16719,L9,TypeA,34.68,1.28,8.82,9.82,28.82,30.82,0.88,0.98,2.88,3.08,Sudden_Anomaly,50
C16720,L9,TypeA,30.65,1.11,13.43,14.43,15.43,60.0,1.34,1.44,1.54,6.0,Absolute_Failure,50
C16721,L9,TypeB,29.12,1.07,11.6,11.6,11.6,11.6,1.16,1.16,1.16,1.16,High_Stable,50
C16722,L9,TypeB,31.42,1.2,9.58,10.58,11.58,12.58,0.96,1.06,1.16,1.26,Normal,50
C16723,L9,TypeA,34.07,1.14,14.76,14.76,14.76,14.76,1.48,1.48,1.48,1.48,High_Stable,50
C16724,L9,TypeB,30.97,1.17,10.16,11.16,30.16,32.16,1.02,1.12,3.02,3.22,Sudden_Anomaly,50
C16725,L9,TypeA,28.68,1.22,14.1,14.1,14.1,14.1,1.41,1.41,1.41,1.41,High_Stable,50
C16726,L9,TypeA,27.04,1.01,8.86,9.86,10.86,11.86,0.89,0.99,1.09,1.19,Normal,50
C16727,L9,TypeB,27.74,1.12,9.64,11.64,14.64,19.64,0.96,1.16,1.46,1.96,Latent_Defect,50
C16728,L9,TypeC,33.96,1.23,14.5,15.5,16.5,60.0,1.45,1.55,1.65,6.0,Absolute_Failure,50
C16729,L9,TypeC,28.43,1.04,14.47,14.47,14.47,14.47,1.45,1.45,1.45,1.45,High_Stable,50
C16730,L9,TypeC,26.71,1.23,11.61,12.61,31.61,33.61,1.16,1.26,3.16,3.36,Sudden_Anomaly,50
C16731,L9,TypeB,34.3,1.07,11.15,13.15,16.15,21.15,1.11,1.31,1.61,2.11,Latent_Defect,50
C16732,L9,TypeA,33.93,1.16,14.14,15.14,16.14,17.14,1.41,1.51,1.61,1.71,Normal,50
C16733,L9,TypeC,34.7,1.1,12.98,13.98,32.98,34.98,1.3,1.4,3.3,3.5,Sudden_Anomaly,50
C16734,L9,TypeA,33.26,1.12,13.04,14.04,15.04,16.04,1.3,1.4,1.5,1.6,Normal,50
C16735,L9,TypeA,26.4,1.16,14.33,15.33,34.33,36.33,1.43,1.53,3.43,3.63,Sudden_Anomaly,50
C16736,L9,TypeB,25.56,1.01,12.34,13.34,32.34,34.34,1.23,1.33,3.23,3.43,Sudden_Anomaly,50
C16737,L9,TypeA,27.79,1.0,14.82,14.82,14.82,14.82,1.48,1.48,1.48,1.48,High_Stable,50
C16738,L9,TypeC,34.35,1.07,14.12,14.12,14.12,14.12,1.41,1.41,1.41,1.41,High_Stable,50
C16739,L9,TypeA,26.84,1.1,13.28,15.28,18.28,23.28,1.33,1.53,1.83,2.33,Latent_Defect,50
C16740,L9,TypeA,33.69,1.04,13.08,14.08,15.08,16.08,1.31,1.41,1.51,1.61,Normal,50
C16741,L9,TypeC,28.38,1.02,10.25,11.25,30.25,32.25,1.02,1.12,3.02,3.22,Sudden_Anomaly,50
C16742,L9,TypeA,27.29,1.2,13.75,13.75,13.75,13.75,1.38,1.38,1.38,1.38,High_Stable,50
C16743,L9,TypeC,30.12,1.25,8.17,9.17,10.17,60.0,0.82,0.92,1.02,6.0,Absolute_Failure,50
C16744,L9,TypeA,33.44,1.02,8.69,9.69,10.69,11.69,0.87,0.97,1.07,1.17,Normal,50
C16745,L9,TypeC,29.17,1.12,14.0,15.0,34.0,36.0,1.4,1.5,3.4,3.6,Sudden_Anomaly,50
C16746,L9,TypeA,25.96,1.26,8.33,8.33,8.33,8.33,0.83,0.83,0.83,0.83,High_Stable,50
C16747,L9,TypeA,26.66,1.27,10.09,11.09,12.09,13.09,1.01,1.11,1.21,1.31,Normal,50
C16748,L9,TypeB,30.55,1.11,10.53,11.53,12.53,60.0,1.05,1.15,1.25,6.0,Absolute_Failure,50
C16749,L9,TypeA,26.17,1.2,11.12,12.12,31.12,33.12,1.11,1.21,3.11,3.31,Sudden_Anomaly,50
C16750,L9,TypeB,33.58,1.04,14.41,14.41,14.41,14.41,1.44,1.44,1.44,1.44,High_Stable,50
C16751,L9,TypeA,25.18,1.13,9.89,11.89,14.89,19.89,0.99,1.19,1.49,1.99,Latent_Defect,50
C16752,L9,TypeB,25.51,1.09,9.23,11.23,14.23,19.23,0.92,1.12,1.42,1.92,Latent_Defect,50
C16753,L9,TypeC,25.37,1.21,12.01,13.01,14.01,60.0,1.2,1.3,1.4,6.0,Absolute_Failure,50
C16754,L9,TypeC,27.51,1.22,12.89,13.89,14.89,15.89,1.29,1.39,1.49,1.59,Normal,50
C16755,L9,TypeA,30.39,1.17,11.38,12.38,31.38,33.38,1.14,1.24,3.14,3.34,Sudden_Anomaly,50
C16756,L9,TypeC,34.04,1.06,11.71,12.71,13.71,60.0,1.17,1.27,1.37,6.0,Absolute_Failure,50
C16757,L9,TypeC,28.77,1.1,13.16,14.16,33.16,35.16,1.32,1.42,3.32,3.52,Sudden_Anomaly,50
C16758,L9,TypeA,25.61,1.1,14.3,15.3,34.3,36.3,1.43,1.53,3.43,3.63,Sudden_Anomaly,50
C16759,L9,TypeB,34.23,1.23,12.26,12.26,12.26,12.26,1.23,1.23,1.23,1.23,High_Stable,50
C16760,L9,TypeB,26.31,1.26,12.51,14.51,17.51,22.51,1.25,1.45,1.75,2.25,Latent_Defect,50
C16761,L9,TypeB,34.8,1.04,12.08,14.08,17.08,22.08,1.21,1.41,1.71,2.21,Latent_Defect,50
C16762,L9,TypeA,30.05,1.13,9.0,11.0,14.0,19.0,0.9,1.1,1.4,1.9,Latent_Defect,50
C16763,L9,TypeC,32.69,1.18,10.51,10.51,10.51,10.51,1.05,1.05,1.05,1.05,High_Stable,50
C16764,L9,TypeA,30.35,1.23,12.89,13.89,14.89,60.0,1.29,1.39,1.49,6.0,Absolute_Failure,50
C16765,L9,TypeB,29.33,1.1,9.46,10.46,11.46,12.46,0.95,1.05,1.15,1.25,Normal,50
C16766,L9,TypeB,33.65,1.07,10.68,11.68,30.68,32.68,1.07,1.17,3.07,3.27,Sudden_Anomaly,50
C16767,L9,TypeC,26.72,1.21,10.4,10.4,10.4,10.4,1.04,1.04,1.04,1.04,High_Stable,50
C16768,L9,TypeA,31.77,1.13,8.45,9.45,10.45,11.45,0.84,0.94,1.04,1.14,Normal,50
C16769,L9,TypeA,28.39,1.19,11.52,12.52,13.52,60.0,1.15,1.25,1.35,6.0,Absolute_Failure,50
C16770,L9,TypeC,34.96,1.12,10.8,11.8,30.8,32.8,1.08,1.18,3.08,3.28,Sudden_Anomaly,50
C16771,L9,TypeB,31.97,1.3,14.14,15.14,34.14,36.14,1.41,1.51,3.41,3.61,Sudden_Anomaly,50
C16772,L9,TypeB,29.66,1.18,10.77,12.77,15.77,20.77,1.08,1.28,1.58,2.08,Latent_Defect,50
C16773,L9,TypeB,26.13,1.26,13.96,14.96,33.96,35.96,1.4,1.5,3.4,3.6,Sudden_Anomaly,50
C16774,L9,TypeC,32.31,1.01,14.06,15.06,34.06,36.06,1.41,1.51,3.41,3.61,Sudden_Anomaly,50
C16775,L9,TypeC,27.2,1.2,14.79,15.79,16.79,17.79,1.48,1.58,1.68,1.78,Normal,50
C16776,L9,TypeA,26.79,1.13,12.35,13.35,14.35,15.35,1.24,1.34,1.44,1.54,Normal,50
C16777,L9,TypeA,27.35,1.28,14.14,15.14,34.14,36.14,1.41,1.51,3.41,3.61,Sudden_Anomaly,50
C16778,L9,TypeB,30.45,1.17,10.69,12.69,15.69,20.69,1.07,1.27,1.57,2.07,Latent_Defect,50
C16779,L9,TypeC,33.4,1.08,9.23,10.23,11.23,60.0,0.92,1.02,1.12,6.0,Absolute_Failure,50
C16780,L9,TypeB,31.51,1.09,8.93,9.93,10.93,60.0,0.89,0.99,1.09,6.0,Absolute_Failure,50
C16781,L9,TypeB,25.16,1.17,13.34,14.34,33.34,35.34,1.33,1.43,3.33,3.53,Sudden_Anomaly,50
C16782,L9,TypeA,25.03,1.07,9.32,11.32,14.32,19.32,0.93,1.13,1.43,1.93,Latent_Defect,50
C16783,L9,TypeC,34.66,1.29,8.96,9.96,28.96,30.96,0.9,1.0,2.9,3.1,Sudden_Anomaly,50
C16784,L9,TypeA,27.27,1.08,8.88,9.88,28.88,30.88,0.89,0.99,2.89,3.09,Sudden_Anomaly,50
C16785,L9,TypeB,30.54,1.02,12.87,13.87,32.87,34.87,1.29,1.39,3.29,3.49,Sudden_Anomaly,50
C16786,L9,TypeB,29.5,1.19,14.85,15.85,16.85,60.0,1.48,1.58,1.68,6.0,Absolute_Failure,50
C16787,L9,TypeB,27.94,1.14,9.16,9.16,9.16,9.16,0.92,0.92,0.92,0.92,High_Stable,50
C16788,L9,TypeB,25.4,1.17,8.64,8.64,8.64,8.64,0.86,0.86,0.86,0.86,High_Stable,50
C16789,L9,TypeB,34.99,1.1,14.21,15.21,34.21,36.21,1.42,1.52,3.42,3.62,Sudden_Anomaly,50
C16790,L9,TypeC,29.28,1.12,13.95,14.95,33.95,35.95,1.4,1.5,3.4,3.6,Sudden_Anomaly,50
C16791,L9,TypeA,34.69,1.05,10.08,10.08,10.08,10.08,1.01,1.01,1.01,1.01,High_Stable,50
C16792,L9,TypeB,27.14,1.08,13.61,15.61,18.61,23.61,1.36,1.56,1.86,2.36,Latent_Defect,50
C16793,L9,TypeA,30.58,1.0,13.43,14.43,15.43,60.0,1.34,1.44,1.54,6.0,Absolute_Failure,50
C16794,L9,TypeC,30.85,1.26,14.12,15.12,16.12,60.0,1.41,1.51,1.61,6.0,Absolute_Failure,50
C16795,L9,TypeB,26.68,1.16,14.72,15.72,16.72,60.0,1.47,1.57,1.67,6.0,Absolute_Failure,50
C16796,L9,TypeC,31.33,1.06,14.07,15.07,16.07,60.0,1.41,1.51,1.61,6.0,Absolute_Failure,50
C16797,L9,TypeC,27.72,1.27,13.41,14.41,15.41,60.0,1.34,1.44,1.54,6.0,Absolute_Failure,50
C16798,L9,TypeC,30.87,1.12,8.86,8.86,8.86,8.86,0.89,0.89,0.89,0.89,High_Stable,50
C16799,L9,TypeC,26.49,1.22,9.41,10.41,29.41,31.41,0.94,1.04,2.94,3.14,Sudden_Anomaly,50
C16800,L9,TypeC,33.11,1.02,8.57,9.57,10.57,60.0,0.86,0.96,1.06,6.0,Absolute_Failure,50
C16801,L9,TypeA,27.59,1.21,11.77,12.77,13.77,14.77,1.18,1.28,1.38,1.48,Normal,50
C16802,L9,TypeB,30.76,1.08,14.91,15.91,34.91,36.91,1.49,1.59,3.49,3.69,Sudden_Anomaly,50
C16803,L9,TypeC,31.97,1.28,11.21,12.21,13.21,60.0,1.12,1.22,1.32,6.0,Absolute_Failure,50
C16804,L9,TypeB,30.7,1.28,11.74,11.74,11.74,11.74,1.17,1.17,1.17,1.17,High_Stable,50
C16805,L9,TypeC,31.91,1.04,11.42,11.42,11.42,11.42,1.14,1.14,1.14,1.14,High_Stable,50
C16806,L9,TypeB,33.66,1.11,9.06,9.06,9.06,9.06,0.91,0.91,0.91,0.91,High_Stable,50
C16807,L9,TypeC,27.21,1.05,11.62,12.62,13.62,14.62,1.16,1.26,1.36,1.46,Normal,50
C16808,L9,TypeB,33.62,1.04,13.33,14.33,15.33,16.33,1.33,1.43,1.53,1.63,Normal,50
C16809,L9,TypeA,28.56,1.25,11.72,12.72,13.72,60.0,1.17,1.27,1.37,6.0,Absolute_Failure,50
C16810,L9,TypeC,26.73,1.24,8.2,9.2,10.2,11.2,0.82,0.92,1.02,1.12,Normal,50
C16811,L9,TypeC,28.39,1.07,9.95,9.95,9.95,9.95,0.99,0.99,0.99,0.99,High_Stable,50
C16812,L9,TypeC,28.94,1.05,12.96,14.96,17.96,22.96,1.3,1.5,1.8,2.3,Latent_Defect,50
C16813,L9,TypeB,25.45,1.22,8.05,10.05,13.05,18.05,0.81,1.01,1.31,1.81,Latent_Defect,50
C16814,L9,TypeB,31.58,1.25,10.11,11.11,12.11,60.0,1.01,1.11,1.21,6.0,Absolute_Failure,50
C16815,L9,TypeA,34.0,1.09,9.83,11.83,14.83,19.83,0.98,1.18,1.48,1.98,Latent_Defect,50
C16816,L9,TypeB,27.41,1.13,13.72,14.72,15.72,16.72,1.37,1.47,1.57,1.67,Normal,50
C16817,L9,TypeC,27.32,1.05,9.81,11.81,14.81,19.81,0.98,1.18,1.48,1.98,Latent_Defect,50
C16818,L9,TypeA,31.98,1.01,10.44,10.44,10.44,10.44,1.04,1.04,1.04,1.04,High_Stable,50
C16819,L9,TypeA,30.93,1.26,14.91,14.91,14.91,14.91,1.49,1.49,1.49,1.49,High_Stable,50
C16820,L9,TypeC,29.44,1.09,10.3,12.3,15.3,20.3,1.03,1.23,1.53,2.03,Latent_Defect,50
C16821,L9,TypeB,32.56,1.03,12.89,13.89,32.89,34.89,1.29,1.39,3.29,3.49,Sudden_Anomaly,50
C16822,L9,TypeA,31.91,1.21,10.0,12.0,15.0,20.0,1.0,1.2,1.5,2.0,Latent_Defect,50
C16823,L9,TypeC,28.72,1.29,8.06,9.06,28.06,30.06,0.81,0.91,2.81,3.01,Sudden_Anomaly,50
C16824,L9,TypeB,30.78,1.18,9.64,9.64,9.64,9.64,0.96,0.96,0.96,0.96,High_Stable,50
C16825,L9,TypeC,29.41,1.17,11.84,12.84,13.84,14.84,1.18,1.28,1.38,1.48,Normal,50
C16826,L9,TypeC,34.82,1.2,9.07,9.07,9.07,9.07,0.91,0.91,0.91,0.91,High_Stable,50
C16827,L9,TypeB,26.66,1.12,11.52,12.52,31.52,33.52,1.15,1.25,3.15,3.35,Sudden_Anomaly,50
C16828,L9,TypeC,29.37,1.18,13.5,14.5,33.5,35.5,1.35,1.45,3.35,3.55,Sudden_Anomaly,50
C16829,L9,TypeA,33.11,1.21,13.2,13.2,13.2,13.2,1.32,1.32,1.32,1.32,High_Stable,50
C16830,L9,TypeB,25.32,1.3,14.53,15.53,34.53,36.53,1.45,1.55,3.45,3.65,Sudden_Anomaly,50
C16831,L9,TypeB,27.44,1.24,9.39,10.39,11.39,60.0,0.94,1.04,1.14,6.0,Absolute_Failure,50
C16832,L9,TypeA,33.44,1.25,14.49,14.49,14.49,14.49,1.45,1.45,1.45,1.45,High_Stable,50
C16833,L9,TypeA,31.73,1.03,9.03,10.03,11.03,60.0,0.9,1.0,1.1,6.0,Absolute_Failure,50
C16834,L9,TypeB,34.05,1.11,14.64,15.64,16.64,60.0,1.46,1.56,1.66,6.0,Absolute_Failure,50
C16835,L9,TypeC,27.56,1.18,12.01,14.01,17.01,22.01,1.2,1.4,1.7,2.2,Latent_Defect,50
C16836,L9,TypeC,25.34,1.07,12.22,13.22,14.22,15.22,1.22,1.32,1.42,1.52,Normal,50
C16837,L9,TypeA,28.65,1.3,12.51,13.51,14.51,15.51,1.25,1.35,1.45,1.55,Normal,50
C16838,L9,TypeA,28.12,1.28,12.4,13.4,14.4,60.0,1.24,1.34,1.44,6.0,Absolute_Failure,50
C16839,L9,TypeC,32.26,1.02,10.85,11.85,30.85,32.85,1.08,1.18,3.08,3.28,Sudden_Anomaly,50
C16840,L9,TypeC,31.47,1.25,9.26,10.26,11.26,12.26,0.93,1.03,1.13,1.23,Normal,50
C16841,L9,TypeB,27.79,1.27,8.72,9.72,10.72,11.72,0.87,0.97,1.07,1.17,Normal,50
C16842,L9,TypeB,29.29,1.17,8.85,8.85,8.85,8.85,0.89,0.89,0.89,0.89,High_Stable,50
C16843,L9,TypeA,34.76,1.17,8.53,9.53,10.53,11.53,0.85,0.95,1.05,1.15,Normal,50
C16844,L9,TypeC,27.54,1.3,11.44,12.44,31.44,33.44,1.14,1.24,3.14,3.34,Sudden_Anomaly,50
C16845,L9,TypeB,34.6,1.03,9.51,11.51,14.51,19.51,0.95,1.15,1.45,1.95,Latent_Defect,50
C16846,L9,TypeB,32.02,1.06,14.29,14.29,14.29,14.29,1.43,1.43,1.43,1.43,High_Stable,50
C16847,L9,TypeA,29.13,1.29,10.67,11.67,12.67,13.67,1.07,1.17,1.27,1.37,Normal,50
C16848,L9,TypeA,29.87,1.0,13.73,14.73,15.73,60.0,1.37,1.47,1.57,6.0,Absolute_Failure,50
C16849,L9,TypeB,27.23,1.21,13.88,14.88,33.88,35.88,1.39,1.49,3.39,3.59,Sudden_Anomaly,50
C16850,L9,TypeC,27.14,1.07,9.0,10.0,29.0,31.0,0.9,1.0,2.9,3.1,Sudden_Anomaly,50
C16851,L9,TypeB,29.28,1.03,11.24,13.24,16.24,21.24,1.12,1.32,1.62,2.12,Latent_Defect,50
C16852,L9,TypeA,26.31,1.27,10.74,11.74,12.74,13.74,1.07,1.17,1.27,1.37,Normal,50
C16853,L9,TypeB,34.38,1.1,14.64,15.64,34.64,36.64,1.46,1.56,3.46,3.66,Sudden_Anomaly,50
C16854,L9,TypeC,27.33,1.18,8.3,9.3,28.3,30.3,0.83,0.93,2.83,3.03,Sudden_Anomaly,50
C16855,L9,TypeC,30.07,1.2,8.47,8.47,8.47,8.47,0.85,0.85,0.85,0.85,High_Stable,50
C16856,L9,TypeB,31.37,1.02,12.93,12.93,12.93,12.93,1.29,1.29,1.29,1.29,High_Stable,50
C16857,L9,TypeB,25.61,1.26,8.89,10.89,13.89,18.89,0.89,1.09,1.39,1.89,Latent_Defect,50
C16858,L9,TypeC,33.63,1.26,9.94,10.94,29.94,31.94,0.99,1.09,2.99,3.19,Sudden_Anomaly,50
C16859,L9,TypeB,31.06,1.28,8.02,8.02,8.02,8.02,0.8,0.8,0.8,0.8,High_Stable,50
C16860,L9,TypeB,29.03,1.03,12.88,12.88,12.88,12.88,1.29,1.29,1.29,1.29,High_Stable,50
C16861,L9,TypeB,25.8,1.02,12.8,12.8,12.8,12.8,1.28,1.28,1.28,1.28,High_Stable,50
C16862,L9,TypeC,30.58,1.04,8.63,9.63,28.63,30.63,0.86,0.96,2.86,3.06,Sudden_Anomaly,50
C16863,L9,TypeB,25.89,1.15,8.33,9.33,10.33,11.33,0.83,0.93,1.03,1.13,Normal,50
C16864,L9,TypeB,26.87,1.0,11.52,12.52,31.52,33.52,1.15,1.25,3.15,3.35,Sudden_Anomaly,50
C16865,L9,TypeB,31.22,1.24,13.68,14.68,15.68,60.0,1.37,1.47,1.57,6.0,Absolute_Failure,50
C16866,L9,TypeB,34.46,1.08,14.47,14.47,14.47,14.47,1.45,1.45,1.45,1.45,High_Stable,50
C16867,L9,TypeC,32.92,1.27,10.99,11.99,12.99,60.0,1.1,1.2,1.3,6.0,Absolute_Failure,50
C16868,L9,TypeC,31.43,1.07,8.56,9.56,28.56,30.56,0.86,0.96,2.86,3.06,Sudden_Anomaly,50
C16869,L9,TypeB,29.54,1.1,8.86,10.86,13.86,18.86,0.89,1.09,1.39,1.89,Latent_Defect,50
C16870,L9,TypeB,32.77,1.09,14.72,16.72,19.72,24.72,1.47,1.67,1.97,2.47,Latent_Defect,50
C16871,L9,TypeC,32.48,1.25,13.19,15.19,18.19,23.19,1.32,1.52,1.82,2.32,Latent_Defect,50
C16872,L9,TypeA,34.41,1.12,12.35,13.35,14.35,60.0,1.24,1.34,1.44,6.0,Absolute_Failure,50
C16873,L9,TypeB,30.33,1.19,14.19,15.19,16.19,60.0,1.42,1.52,1.62,6.0,Absolute_Failure,50
C16874,L9,TypeB,33.21,1.13,9.01,10.01,11.01,60.0,0.9,1.0,1.1,6.0,Absolute_Failure,50
C16875,L9,TypeC,27.15,1.22,10.08,11.08,30.08,32.08,1.01,1.11,3.01,3.21,Sudden_Anomaly,50
C16876,L9,TypeA,29.51,1.23,14.62,15.62,16.62,60.0,1.46,1.56,1.66,6.0,Absolute_Failure,50
C16877,L9,TypeC,27.21,1.08,12.62,13.62,32.62,34.62,1.26,1.36,3.26,3.46,Sudden_Anomaly,50
C16878,L9,TypeB,33.13,1.08,14.33,16.33,19.33,24.33,1.43,1.63,1.93,2.43,Latent_Defect,50
C16879,L9,TypeB,27.47,1.03,13.52,14.52,15.52,16.52,1.35,1.45,1.55,1.65,Normal,50
C16880,L9,TypeB,34.76,1.14,12.24,13.24,14.24,15.24,1.22,1.32,1.42,1.52,Normal,50
C16881,L9,TypeC,26.12,1.03,11.61,12.61,13.61,60.0,1.16,1.26,1.36,6.0,Absolute_Failure,50
C16882,L9,TypeC,28.71,1.14,14.11,14.11,14.11,14.11,1.41,1.41,1.41,1.41,High_Stable,50
C16883,L9,TypeA,31.44,1.02,13.97,14.97,15.97,16.97,1.4,1.5,1.6,1.7,Normal,50
C16884,L9,TypeB,28.67,1.11,12.92,12.92,12.92,12.92,1.29,1.29,1.29,1.29,High_Stable,50
C16885,L9,TypeC,30.65,1.17,8.66,9.66,10.66,11.66,0.87,0.97,1.07,1.17,Normal,50
C16886,L9,TypeC,31.08,1.28,8.94,8.94,8.94,8.94,0.89,0.89,0.89,0.89,High_Stable,50
C16887,L9,TypeA,34.82,1.24,11.91,13.91,16.91,21.91,1.19,1.39,1.69,2.19,Latent_Defect,50
C16888,L9,TypeA,31.73,1.0,9.34,10.34,11.34,12.34,0.93,1.03,1.13,1.23,Normal,50
C16889,L9,TypeC,32.23,1.18,8.76,8.76,8.76,8.76,0.88,0.88,0.88,0.88,High_Stable,50
C16890,L9,TypeB,31.91,1.17,9.03,11.03,14.03,19.03,0.9,1.1,1.4,1.9,Latent_Defect,50
C16891,L9,TypeA,29.64,1.26,12.14,14.14,17.14,22.14,1.21,1.41,1.71,2.21,Latent_Defect,50
C16892,L9,TypeC,29.56,1.06,8.53,9.53,10.53,11.53,0.85,0.95,1.05,1.15,Normal,50
C16893,L9,TypeB,25.63,1.27,8.23,10.23,13.23,18.23,0.82,1.02,1.32,1.82,Latent_Defect,50
C16894,L9,TypeC,32.54,1.23,10.28,10.28,10.28,10.28,1.03,1.03,1.03,1.03,High_Stable,50
C16895,L9,TypeB,30.98,1.19,13.82,14.82,15.82,16.82,1.38,1.48,1.58,1.68,Normal,50
C16896,L9,TypeC,30.22,1.29,11.62,12.62,13.62,60.0,1.16,1.26,1.36,6.0,Absolute_Failure,50
C16897,L9,TypeB,25.0,1.19,14.81,15.81,16.81,60.0,1.48,1.58,1.68,6.0,Absolute_Failure,50
C16898,L9,TypeB,34.12,1.02,10.25,11.25,30.25,32.25,1.02,1.12,3.02,3.22,Sudden_Anomaly,50
C16899,L9,TypeB,28.14,1.17,11.33,12.33,31.33,33.33,1.13,1.23,3.13,3.33,Sudden_Anomaly,50
C16900,L9,TypeA,27.94,1.15,10.52,10.52,10.52,10.52,1.05,1.05,1.05,1.05,High_Stable,50
C16901,L9,TypeB,29.88,1.14,12.03,12.03,12.03,12.03,1.2,1.2,1.2,1.2,High_Stable,50
C16902,L9,TypeC,32.31,1.08,14.97,14.97,14.97,14.97,1.5,1.5,1.5,1.5,High_Stable,50
C16903,L9,TypeA,30.5,1.14,11.77,12.77,31.77,33.77,1.18,1.28,3.18,3.38,Sudden_Anomaly,50
C16904,L9,TypeB,34.49,1.28,14.99,16.99,19.99,24.99,1.5,1.7,2.0,2.5,Latent_Defect,50
C16905,L9,TypeA,32.36,1.17,14.41,15.41,34.41,36.41,1.44,1.54,3.44,3.64,Sudden_Anomaly,50
C16906,L9,TypeA,34.98,1.18,8.87,8.87,8.87,8.87,0.89,0.89,0.89,0.89,High_Stable,50
C16907,L9,TypeC,32.87,1.29,10.77,12.77,15.77,20.77,1.08,1.28,1.58,2.08,Latent_Defect,50
C16908,L9,TypeA,31.06,1.07,12.63,13.63,14.63,60.0,1.26,1.36,1.46,6.0,Absolute_Failure,50
C16909,L9,TypeA,33.18,1.27,12.25,13.25,14.25,15.25,1.23,1.33,1.43,1.53,Normal,50
C16910,L9,TypeB,28.11,1.06,14.88,14.88,14.88,14.88,1.49,1.49,1.49,1.49,High_Stable,50
C16911,L9,TypeA,25.9,1.12,11.94,12.94,13.94,60.0,1.19,1.29,1.39,6.0,Absolute_Failure,50
C16912,L9,TypeC,30.68,1.11,9.65,10.65,11.65,12.65,0.97,1.07,1.17,1.27,Normal,50
C16913,L9,TypeC,31.81,1.0,11.3,12.3,13.3,14.3,1.13,1.23,1.33,1.43,Normal,50
C16914,L9,TypeB,26.45,1.28,10.98,10.98,10.98,10.98,1.1,1.1,1.1,1.1,High_Stable,50
C16915,L9,TypeC,28.2,1.18,11.44,12.44,31.44,33.44,1.14,1.24,3.14,3.34,Sudden_Anomaly,50
C16916,L9,TypeC,25.04,1.04,9.42,9.42,9.42,9.42,0.94,0.94,0.94,0.94,High_Stable,50
C16917,L9,TypeA,33.14,1.27,11.67,12.67,13.67,60.0,1.17,1.27,1.37,6.0,Absolute_Failure,50
C16918,L9,TypeA,29.93,1.02,12.35,13.35,14.35,15.35,1.24,1.34,1.44,1.54,Normal,50
C16919,L9,TypeB,32.65,1.29,10.22,11.22,12.22,13.22,1.02,1.12,1.22,1.32,Normal,50
C16920,L9,TypeA,27.53,1.2,13.59,14.59,15.59,16.59,1.36,1.46,1.56,1.66,Normal,50
C16921,L9,TypeB,25.53,1.29,9.0,10.0,29.0,31.0,0.9,1.0,2.9,3.1,Sudden_Anomaly,50
C16922,L9,TypeA,28.67,1.03,13.71,14.71,33.71,35.71,1.37,1.47,3.37,3.57,Sudden_Anomaly,50
C16923,L9,TypeB,33.46,1.28,8.89,9.89,10.89,60.0,0.89,0.99,1.09,6.0,Absolute_Failure,50
C16924,L9,TypeC,26.42,1.27,13.84,13.84,13.84,13.84,1.38,1.38,1.38,1.38,High_Stable,50
C16925,L9,TypeC,34.14,1.24,9.79,11.79,14.79,19.79,0.98,1.18,1.48,1.98,Latent_Defect,50
C16926,L9,TypeB,27.28,1.18,10.64,12.64,15.64,20.64,1.06,1.26,1.56,2.06,Latent_Defect,50
C16927,L9,TypeA,33.77,1.17,10.22,11.22,12.22,13.22,1.02,1.12,1.22,1.32,Normal,50
C16928,L9,TypeB,27.48,1.05,14.75,15.75,34.75,36.75,1.47,1.57,3.47,3.67,Sudden_Anomaly,50
C16929,L9,TypeA,31.55,1.03,14.52,15.52,16.52,60.0,1.45,1.55,1.65,6.0,Absolute_Failure,50
C16930,L9,TypeB,29.79,1.23,11.68,12.68,13.68,14.68,1.17,1.27,1.37,1.47,Normal,50
C16931,L9,TypeB,33.46,1.13,10.73,11.73,12.73,13.73,1.07,1.17,1.27,1.37,Normal,50
C16932,L9,TypeA,31.03,1.28,9.31,10.31,29.31,31.31,0.93,1.03,2.93,3.13,Sudden_Anomaly,50
C16933,L9,TypeB,34.37,1.19,10.31,11.31,12.31,13.31,1.03,1.13,1.23,1.33,Normal,50
C16934,L9,TypeB,28.51,1.08,10.93,10.93,10.93,10.93,1.09,1.09,1.09,1.09,High_Stable,50
C16935,L9,TypeC,28.86,1.21,14.0,16.0,19.0,24.0,1.4,1.6,1.9,2.4,Latent_Defect,50
C16936,L9,TypeB,27.79,1.01,13.46,14.46,15.46,60.0,1.35,1.45,1.55,6.0,Absolute_Failure,50
C16937,L9,TypeB,31.9,1.18,12.83,13.83,14.83,15.83,1.28,1.38,1.48,1.58,Normal,50
C16938,L9,TypeC,33.05,1.17,10.7,10.7,10.7,10.7,1.07,1.07,1.07,1.07,High_Stable,50
C16939,L9,TypeA,25.31,1.03,11.61,12.61,31.61,33.61,1.16,1.26,3.16,3.36,Sudden_Anomaly,50
C16940,L9,TypeC,32.63,1.07,12.15,13.15,14.15,15.15,1.21,1.31,1.41,1.51,Normal,50
C16941,L9,TypeC,28.11,1.2,10.49,10.49,10.49,10.49,1.05,1.05,1.05,1.05,High_Stable,50
C16942,L9,TypeC,28.24,1.01,12.91,14.91,17.91,22.91,1.29,1.49,1.79,2.29,Latent_Defect,50
C16943,L9,TypeC,33.27,1.01,12.91,14.91,17.91,22.91,1.29,1.49,1.79,2.29,Latent_Defect,50
C16944,L9,TypeC,27.42,1.05,12.45,14.45,17.45,22.45,1.24,1.44,1.74,2.24,Latent_Defect,50
C16945,L9,TypeC,33.98,1.13,9.39,10.39,11.39,60.0,0.94,1.04,1.14,6.0,Absolute_Failure,50
C16946,L9,TypeB,34.14,1.02,14.07,15.07,16.07,60.0,1.41,1.51,1.61,6.0,Absolute_Failure,50
C16947,L9,TypeB,30.95,1.07,12.5,13.5,14.5,60.0,1.25,1.35,1.45,6.0,Absolute_Failure,50
C16948,L9,TypeC,25.67,1.03,14.32,15.32,34.32,36.32,1.43,1.53,3.43,3.63,Sudden_Anomaly,50
C16949,L9,TypeB,32.96,1.03,13.59,13.59,13.59,13.59,1.36,1.36,1.36,1.36,High_Stable,50
C16950,L9,TypeA,26.24,1.29,10.99,12.99,15.99,20.99,1.1,1.3,1.6,2.1,Latent_Defect,50
C16951,L9,TypeA,25.13,1.09,13.68,13.68,13.68,13.68,1.37,1.37,1.37,1.37,High_Stable,50
C16952,L9,TypeC,32.97,1.02,14.92,15.92,16.92,60.0,1.49,1.59,1.69,6.0,Absolute_Failure,50
C16953,L9,TypeB,27.67,1.21,14.45,15.45,16.45,60.0,1.45,1.55,1.65,6.0,Absolute_Failure,50
C16954,L9,TypeB,28.31,1.21,9.77,10.77,11.77,12.77,0.98,1.08,1.18,1.28,Normal,50
C16955,L9,TypeA,26.01,1.22,11.75,12.75,13.75,60.0,1.18,1.28,1.38,6.0,Absolute_Failure,50
C16956,L9,TypeA,31.76,1.23,11.29,12.29,31.29,33.29,1.13,1.23,3.13,3.33,Sudden_Anomaly,50
C16957,L9,TypeC,32.7,1.22,13.7,14.7,33.7,35.7,1.37,1.47,3.37,3.57,Sudden_Anomaly,50
C16958,L9,TypeA,25.07,1.08,8.69,8.69,8.69,8.69,0.87,0.87,0.87,0.87,High_Stable,50
C16959,L9,TypeC,26.6,1.02,10.64,11.64,30.64,32.64,1.06,1.16,3.06,3.26,Sudden_Anomaly,50
C16960,L9,TypeA,31.83,1.27,10.09,10.09,10.09,10.09,1.01,1.01,1.01,1.01,High_Stable,50
C16961,L9,TypeC,26.87,1.0,9.3,10.3,11.3,60.0,0.93,1.03,1.13,6.0,Absolute_Failure,50
C16962,L9,TypeC,26.56,1.2,12.41,13.41,14.41,15.41,1.24,1.34,1.44,1.54,Normal,50
C16963,L9,TypeA,32.07,1.26,9.66,10.66,29.66,31.66,0.97,1.07,2.97,3.17,Sudden_Anomaly,50
C16964,L9,TypeC,32.47,1.01,12.64,12.64,12.64,12.64,1.26,1.26,1.26,1.26,High_Stable,50
C16965,L9,TypeA,30.27,1.06,8.21,9.21,10.21,11.21,0.82,0.92,1.02,1.12,Normal,50
C16966,L9,TypeC,33.51,1.12,9.54,11.54,14.54,19.54,0.95,1.15,1.45,1.95,Latent_Defect,50
C16967,L9,TypeC,31.79,1.24,8.39,9.39,28.39,30.39,0.84,0.94,2.84,3.04,Sudden_Anomaly,50
C16968,L9,TypeC,34.44,1.1,9.45,10.45,29.45,31.45,0.95,1.05,2.95,3.15,Sudden_Anomaly,50
C16969,L9,TypeB,25.29,1.19,13.78,14.78,15.78,16.78,1.38,1.48,1.58,1.68,Normal,50
C16970,L9,TypeB,27.17,1.27,13.28,14.28,15.28,60.0,1.33,1.43,1.53,6.0,Absolute_Failure,50
C16971,L9,TypeA,31.45,1.13,12.02,13.02,32.02,34.02,1.2,1.3,3.2,3.4,Sudden_Anomaly,50
C16972,L9,TypeB,33.0,1.07,8.2,9.2,28.2,30.2,0.82,0.92,2.82,3.02,Sudden_Anomaly,50
C16973,L9,TypeC,28.72,1.12,11.03,12.03,13.03,14.03,1.1,1.2,1.3,1.4,Normal,50
C16974,L9,TypeB,33.01,1.29,12.42,13.42,14.42,60.0,1.24,1.34,1.44,6.0,Absolute_Failure,50
C16975,L9,TypeC,27.57,1.03,12.71,13.71,14.71,60.0,1.27,1.37,1.47,6.0,Absolute_Failure,50
C16976,L9,TypeB,28.56,1.18,13.11,13.11,13.11,13.11,1.31,1.31,1.31,1.31,High_Stable,50
C16977,L9,TypeB,28.81,1.17,13.82,14.82,15.82,60.0,1.38,1.48,1.58,6.0,Absolute_Failure,50
C16978,L9,TypeC,25.34,1.05,8.6,9.6,28.6,30.6,0.86,0.96,2.86,3.06,Sudden_Anomaly,50
C16979,L9,TypeB,31.35,1.06,10.14,11.14,30.14,32.14,1.01,1.11,3.01,3.21,Sudden_Anomaly,50
C16980,L9,TypeC,30.9,1.08,14.69,15.69,16.69,17.69,1.47,1.57,1.67,1.77,Normal,50
C16981,L9,TypeC,33.5,1.16,11.91,11.91,11.91,11.91,1.19,1.19,1.19,1.19,High_Stable,50
C16982,L9,TypeC,28.28,1.19,9.81,10.81,11.81,60.0,0.98,1.08,1.18,6.0,Absolute_Failure,50
C16983,L9,TypeA,29.67,1.09,13.17,14.17,15.17,60.0,1.32,1.42,1.52,6.0,Absolute_Failure,50
C16984,L9,TypeA,31.29,1.24,11.58,12.58,13.58,60.0,1.16,1.26,1.36,6.0,Absolute_Failure,50
C16985,L9,TypeB,30.13,1.0,14.9,14.9,14.9,14.9,1.49,1.49,1.49,1.49,High_Stable,50
C16986,L9,TypeA,34.6,1.06,9.74,10.74,29.74,31.74,0.97,1.07,2.97,3.17,Sudden_Anomaly,50
C16987,L9,TypeC,31.33,1.16,11.85,12.85,13.85,14.85,1.18,1.28,1.38,1.48,Normal,50
C16988,L9,TypeB,25.38,1.24,12.74,13.74,14.74,60.0,1.27,1.37,1.47,6.0,Absolute_Failure,50
C16989,L9,TypeA,33.43,1.19,8.05,9.05,28.05,30.05,0.81,0.91,2.81,3.01,Sudden_Anomaly,50
C16990,L9,TypeC,28.61,1.13,13.52,13.52,13.52,13.52,1.35,1.35,1.35,1.35,High_Stable,50
C16991,L9,TypeC,26.08,1.3,11.74,11.74,11.74,11.74,1.17,1.17,1.17,1.17,High_Stable,50
C16992,L9,TypeC,31.17,1.15,14.19,15.19,16.19,17.19,1.42,1.52,1.62,1.72,Normal,50
C16993,L9,TypeA,28.13,1.02,9.23,10.23,11.23,12.23,0.92,1.02,1.12,1.22,Normal,50
C16994,L9,TypeA,31.25,1.05,12.53,14.53,17.53,22.53,1.25,1.45,1.75,2.25,Latent_Defect,50
C16995,L9,TypeB,32.42,1.27,9.78,11.78,14.78,19.78,0.98,1.18,1.48,1.98,Latent_Defect,50
C16996,L9,TypeC,32.67,1.26,10.95,10.95,10.95,10.95,1.1,1.1,1.1,1.1,High_Stable,50
C16997,L9,TypeB,28.79,1.28,8.23,9.23,10.23,11.23,0.82,0.92,1.02,1.12,Normal,50
C16998,L9,TypeC,33.16,1.26,8.19,8.19,8.19,8.19,0.82,0.82,0.82,0.82,High_Stable,50
C16999,L9,TypeC,30.33,1.19,8.74,10.74,13.74,18.74,0.87,1.07,1.37,1.87,Latent_Defect,50
C17000,L9,TypeA,33.43,1.07,11.36,11.36,11.36,11.36,1.14,1.14,1.14,1.14,High_Stable,50
C17001,L9,TypeA,27.5,1.11,11.82,13.82,16.82,21.82,1.18,1.38,1.68,2.18,Latent_Defect,50
C17002,L9,TypeC,30.27,1.16,11.37,11.37,11.37,11.37,1.14,1.14,1.14,1.14,High_Stable,50
C17003,L9,TypeC,30.31,1.25,14.49,15.49,34.49,36.49,1.45,1.55,3.45,3.65,Sudden_Anomaly,50
C17004,L9,TypeC,29.41,1.19,14.39,15.39,34.39,36.39,1.44,1.54,3.44,3.64,Sudden_Anomaly,50
C17005,L9,TypeA,25.46,1.23,14.96,16.96,19.96,24.96,1.5,1.7,2.0,2.5,Latent_Defect,50
C17006,L9,TypeB,28.97,1.13,9.72,10.72,11.72,12.72,0.97,1.07,1.17,1.27,Normal,50
C17007,L9,TypeA,34.12,1.24,11.06,12.06,13.06,14.06,1.11,1.21,1.31,1.41,Normal,50
C17008,L9,TypeC,30.96,1.2,14.85,16.85,19.85,24.85,1.49,1.69,1.99,2.49,Latent_Defect,50
C17009,L9,TypeC,25.48,1.05,14.51,15.51,16.51,17.51,1.45,1.55,1.65,1.75,Normal,50
C17010,L9,TypeC,29.75,1.28,10.78,11.78,12.78,13.78,1.08,1.18,1.28,1.38,Normal,50
C17011,L9,TypeB,25.28,1.23,9.15,10.15,11.15,12.15,0.91,1.01,1.11,1.21,Normal,50
C17012,L9,TypeC,25.23,1.27,10.36,11.36,30.36,32.36,1.04,1.14,3.04,3.24,Sudden_Anomaly,50
C17013,L9,TypeA,25.09,1.27,8.86,10.86,13.86,18.86,0.89,1.09,1.39,1.89,Latent_Defect,50
C17014,L9,TypeA,30.09,1.25,13.91,14.91,15.91,60.0,1.39,1.49,1.59,6.0,Absolute_Failure,50
C17015,L9,TypeA,25.83,1.07,13.18,15.18,18.18,23.18,1.32,1.52,1.82,2.32,Latent_Defect,50
C17016,L9,TypeA,28.46,1.3,8.46,10.46,13.46,18.46,0.85,1.05,1.35,1.85,Latent_Defect,50
C17017,L9,TypeA,31.49,1.11,11.84,12.84,13.84,60.0,1.18,1.28,1.38,6.0,Absolute_Failure,50
C17018,L9,TypeC,28.87,1.2,8.04,8.04,8.04,8.04,0.8,0.8,0.8,0.8,High_Stable,50
C17019,L9,TypeA,25.62,1.06,13.17,14.17,33.17,35.17,1.32,1.42,3.32,3.52,Sudden_Anomaly,50
C17020,L9,TypeB,33.24,1.07,9.79,10.79,11.79,60.0,0.98,1.08,1.18,6.0,Absolute_Failure,50
C17021,L9,TypeB,25.37,1.18,13.32,14.32,33.32,35.32,1.33,1.43,3.33,3.53,Sudden_Anomaly,50
C17022,L9,TypeB,28.07,1.13,9.71,11.71,14.71,19.71,0.97,1.17,1.47,1.97,Latent_Defect,50
C17023,L9,TypeA,34.22,1.24,10.43,12.43,15.43,20.43,1.04,1.24,1.54,2.04,Latent_Defect,50
C17024,L9,TypeC,32.56,1.1,11.66,12.66,13.66,14.66,1.17,1.27,1.37,1.47,Normal,50
C17025,L9,TypeC,27.21,1.16,12.16,13.16,14.16,60.0,1.22,1.32,1.42,6.0,Absolute_Failure,50
C17026,L9,TypeA,30.44,1.14,9.41,11.41,14.41,19.41,0.94,1.14,1.44,1.94,Latent_Defect,50
C17027,L9,TypeA,32.93,1.12,10.54,11.54,12.54,13.54,1.05,1.15,1.25,1.35,Normal,50
C17028,L9,TypeA,32.56,1.03,9.33,10.33,11.33,12.33,0.93,1.03,1.13,1.23,Normal,50
C17029,L9,TypeA,30.15,1.19,14.81,16.81,19.81,24.81,1.48,1.68,1.98,2.48,Latent_Defect,50
C17030,L9,TypeC,26.55,1.04,13.68,14.68,15.68,16.68,1.37,1.47,1.57,1.67,Normal,50
C17031,L9,TypeB,25.33,1.03,8.57,9.57,10.57,11.57,0.86,0.96,1.06,1.16,Normal,50
C17032,L9,TypeC,27.52,1.02,13.71,14.71,15.71,60.0,1.37,1.47,1.57,6.0,Absolute_Failure,50
C17033,L9,TypeB,31.41,1.1,14.73,16.73,19.73,24.73,1.47,1.67,1.97,2.47,Latent_Defect,50
C17034,L9,TypeB,26.35,1.24,8.92,8.92,8.92,8.92,0.89,0.89,0.89,0.89,High_Stable,50
C17035,L9,TypeA,26.44,1.1,13.76,14.76,33.76,35.76,1.38,1.48,3.38,3.58,Sudden_Anomaly,50
C17036,L9,TypeC,30.91,1.28,9.11,10.11,11.11,60.0,0.91,1.01,1.11,6.0,Absolute_Failure,50
C17037,L9,TypeB,25.98,1.02,13.89,14.89,15.89,16.89,1.39,1.49,1.59,1.69,Normal,50
C17038,L9,TypeC,31.76,1.29,12.45,13.45,32.45,34.45,1.25,1.35,3.25,3.45,Sudden_Anomaly,50
C17039,L9,TypeC,27.23,1.04,12.58,13.58,14.58,60.0,1.26,1.36,1.46,6.0,Absolute_Failure,50
C17040,L9,TypeC,34.06,1.13,13.65,14.65,15.65,16.65,1.37,1.47,1.57,1.67,Normal,50
C17041,L9,TypeB,25.73,1.2,8.23,9.23,10.23,11.23,0.82,0.92,1.02,1.12,Normal,50
C17042,L9,TypeC,34.95,1.25,10.55,10.55,10.55,10.55,1.05,1.05,1.05,1.05,High_Stable,50
C17043,L9,TypeB,27.29,1.12,12.17,14.17,17.17,22.17,1.22,1.42,1.72,2.22,Latent_Defect,50
C17044,L9,TypeA,26.3,1.23,13.28,13.28,13.28,13.28,1.33,1.33,1.33,1.33,High_Stable,50
C17045,L9,TypeA,31.02,1.28,14.29,16.29,19.29,24.29,1.43,1.63,1.93,2.43,Latent_Defect,50
C17046,L9,TypeC,33.82,1.1,12.04,14.04,17.04,22.04,1.2,1.4,1.7,2.2,Latent_Defect,50
C17047,L9,TypeB,33.28,1.23,14.33,15.33,34.33,36.33,1.43,1.53,3.43,3.63,Sudden_Anomaly,50
C17048,L9,TypeA,26.98,1.16,10.45,10.45,10.45,10.45,1.04,1.04,1.04,1.04,High_Stable,50
C17049,L9,TypeC,31.11,1.01,14.21,16.21,19.21,24.21,1.42,1.62,1.92,2.42,Latent_Defect,50
C17050,L9,TypeC,32.45,1.21,13.28,13.28,13.28,13.28,1.33,1.33,1.33,1.33,High_Stable,50
C17051,L9,TypeB,33.09,1.03,13.56,14.56,15.56,16.56,1.36,1.46,1.56,1.66,Normal,50
C17052,L9,TypeC,25.57,1.07,14.17,14.17,14.17,14.17,1.42,1.42,1.42,1.42,High_Stable,50
C17053,L9,TypeC,25.83,1.09,12.72,13.72,32.72,34.72,1.27,1.37,3.27,3.47,Sudden_Anomaly,50
C17054,L9,TypeC,31.14,1.28,12.38,13.38,14.38,60.0,1.24,1.34,1.44,6.0,Absolute_Failure,50
C17055,L9,TypeB,31.3,1.17,11.04,12.04,13.04,14.04,1.1,1.2,1.3,1.4,Normal,50
C17056,L9,TypeA,33.22,1.05,11.33,12.33,13.33,60.0,1.13,1.23,1.33,6.0,Absolute_Failure,50
C17057,L9,TypeA,29.06,1.04,13.58,15.58,18.58,23.58,1.36,1.56,1.86,2.36,Latent_Defect,50
C17058,L9,TypeC,31.55,1.1,14.14,16.14,19.14,24.14,1.41,1.61,1.91,2.41,Latent_Defect,50
C17059,L9,TypeB,33.23,1.15,9.83,10.83,11.83,60.0,0.98,1.08,1.18,6.0,Absolute_Failure,50
C17060,L9,TypeA,33.53,1.08,9.64,10.64,29.64,31.64,0.96,1.06,2.96,3.16,Sudden_Anomaly,50
C17061,L9,TypeB,29.98,1.12,14.03,15.03,34.03,36.03,1.4,1.5,3.4,3.6,Sudden_Anomaly,50
C17062,L9,TypeA,32.62,1.28,11.22,12.22,13.22,14.22,1.12,1.22,1.32,1.42,Normal,50
C17063,L9,TypeC,33.27,1.27,14.58,16.58,19.58,24.58,1.46,1.66,1.96,2.46,Latent_Defect,50
C17064,L9,TypeB,31.06,1.09,8.47,10.47,13.47,18.47,0.85,1.05,1.35,1.85,Latent_Defect,50
C17065,L9,TypeB,32.9,1.28,13.01,14.01,15.01,16.01,1.3,1.4,1.5,1.6,Normal,50
C17066,L9,TypeA,29.08,1.15,8.55,8.55,8.55,8.55,0.86,0.86,0.86,0.86,High_Stable,50
C17067,L9,TypeB,29.87,1.14,12.25,13.25,14.25,15.25,1.22,1.32,1.42,1.52,Normal,50
C17068,L9,TypeC,28.49,1.28,12.05,14.05,17.05,22.05,1.21,1.41,1.71,2.21,Latent_Defect,50
C17069,L9,TypeA,32.43,1.26,10.65,11.65,30.65,32.65,1.07,1.17,3.07,3.27,Sudden_Anomaly,50
C17070,L9,TypeB,31.75,1.25,12.88,14.88,17.88,22.88,1.29,1.49,1.79,2.29,Latent_Defect,50
C17071,L9,TypeB,31.79,1.28,9.58,11.58,14.58,19.58,0.96,1.16,1.46,1.96,Latent_Defect,50
C17072,L9,TypeC,33.44,1.06,10.5,10.5,10.5,10.5,1.05,1.05,1.05,1.05,High_Stable,50
C17073,L9,TypeA,33.34,1.15,10.59,10.59,10.59,10.59,1.06,1.06,1.06,1.06,High_Stable,50
C17074,L9,TypeB,32.0,1.05,8.91,9.91,10.91,60.0,0.89,0.99,1.09,6.0,Absolute_Failure,50
C17075,L9,TypeC,29.84,1.08,11.1,12.1,13.1,60.0,1.11,1.21,1.31,6.0,Absolute_Failure,50
C17076,L9,TypeB,25.11,1.22,10.67,11.67,12.67,60.0,1.07,1.17,1.27,6.0,Absolute_Failure,50
C17077,L9,TypeB,26.8,1.17,13.8,15.8,18.8,23.8,1.38,1.58,1.88,2.38,Latent_Defect,50
C17078,L9,TypeB,33.42,1.04,10.99,10.99,10.99,10.99,1.1,1.1,1.1,1.1,High_Stable,50
C17079,L9,TypeC,29.81,1.16,13.08,14.08,33.08,35.08,1.31,1.41,3.31,3.51,Sudden_Anomaly,50
C17080,L9,TypeC,31.64,1.13,12.73,12.73,12.73,12.73,1.27,1.27,1.27,1.27,High_Stable,50
C17081,L9,TypeA,27.8,1.13,12.01,13.01,32.01,34.01,1.2,1.3,3.2,3.4,Sudden_Anomaly,50
C17082,L9,TypeB,34.71,1.03,8.95,9.95,10.95,60.0,0.9,1.0,1.1,6.0,Absolute_Failure,50
C17083,L9,TypeB,27.18,1.3,11.63,12.63,13.63,14.63,1.16,1.26,1.36,1.46,Normal,50
C17084,L9,TypeC,33.84,1.11,10.99,11.99,12.99,60.0,1.1,1.2,1.3,6.0,Absolute_Failure,50
C17085,L9,TypeA,30.11,1.13,14.91,15.91,34.91,36.91,1.49,1.59,3.49,3.69,Sudden_Anomaly,50
C17086,L9,TypeA,27.76,1.21,8.26,9.26,28.26,30.26,0.83,0.93,2.83,3.03,Sudden_Anomaly,50
C17087,L9,TypeB,26.44,1.19,9.96,10.96,11.96,12.96,1.0,1.1,1.2,1.3,Normal,50
C17088,L9,TypeB,29.55,1.26,12.82,13.82,32.82,34.82,1.28,1.38,3.28,3.48,Sudden_Anomaly,50
C17089,L9,TypeB,25.4,1.01,10.39,11.39,30.39,32.39,1.04,1.14,3.04,3.24,Sudden_Anomaly,50
C17090,L9,TypeB,34.66,1.2,9.71,9.71,9.71,9.71,0.97,0.97,0.97,0.97,High_Stable,50
C17091,L9,TypeA,31.02,1.11,11.15,12.15,31.15,33.15,1.11,1.21,3.11,3.31,Sudden_Anomaly,50
C17092,L9,TypeB,32.92,1.27,8.43,10.43,13.43,18.43,0.84,1.04,1.34,1.84,Latent_Defect,50
C17093,L9,TypeA,28.13,1.05,12.59,13.59,32.59,34.59,1.26,1.36,3.26,3.46,Sudden_Anomaly,50
C17094,L9,TypeA,26.92,1.09,14.83,15.83,16.83,17.83,1.48,1.58,1.68,1.78,Normal,50
C17095,L9,TypeC,32.05,1.07,9.91,10.91,29.91,31.91,0.99,1.09,2.99,3.19,Sudden_Anomaly,50
C17096,L9,TypeA,32.86,1.23,8.33,8.33,8.33,8.33,0.83,0.83,0.83,0.83,High_Stable,50
C17097,L9,TypeA,25.4,1.04,11.97,12.97,31.97,33.97,1.2,1.3,3.2,3.4,Sudden_Anomaly,50
C17098,L9,TypeC,30.63,1.21,10.42,10.42,10.42,10.42,1.04,1.04,1.04,1.04,High_Stable,50
C17099,L9,TypeB,31.11,1.15,12.17,14.17,17.17,22.17,1.22,1.42,1.72,2.22,Latent_Defect,50
C17100,L9,TypeA,31.35,1.3,10.12,11.12,12.12,13.12,1.01,1.11,1.21,1.31,Normal,50
C17101,L9,TypeC,28.52,1.06,13.28,14.28,33.28,35.28,1.33,1.43,3.33,3.53,Sudden_Anomaly,50
C17102,L9,TypeB,34.37,1.06,10.85,12.85,15.85,20.85,1.08,1.28,1.58,2.08,Latent_Defect,50
C17103,L9,TypeB,30.88,1.11,9.34,10.34,29.34,31.34,0.93,1.03,2.93,3.13,Sudden_Anomaly,50
C17104,L9,TypeA,25.08,1.06,13.44,15.44,18.44,23.44,1.34,1.54,1.84,2.34,Latent_Defect,50
C17105,L9,TypeC,32.01,1.1,13.64,13.64,13.64,13.64,1.36,1.36,1.36,1.36,High_Stable,50
C17106,L9,TypeB,34.81,1.16,11.94,12.94,13.94,14.94,1.19,1.29,1.39,1.49,Normal,50
C17107,L9,TypeA,26.98,1.29,14.66,16.66,19.66,24.66,1.47,1.67,1.97,2.47,Latent_Defect,50
C17108,L9,TypeB,29.51,1.1,12.66,13.66,14.66,60.0,1.27,1.37,1.47,6.0,Absolute_Failure,50
C17109,L9,TypeC,29.09,1.18,12.51,14.51,17.51,22.51,1.25,1.45,1.75,2.25,Latent_Defect,50
C17110,L9,TypeA,31.9,1.2,9.57,10.57,11.57,60.0,0.96,1.06,1.16,6.0,Absolute_Failure,50
C17111,L9,TypeC,26.43,1.27,10.55,11.55,12.55,13.55,1.06,1.16,1.26,1.36,Normal,50
C17112,L9,TypeB,26.75,1.22,10.36,11.36,30.36,32.36,1.04,1.14,3.04,3.24,Sudden_Anomaly,50
C17113,L9,TypeB,30.0,1.23,10.88,10.88,10.88,10.88,1.09,1.09,1.09,1.09,High_Stable,50
C17114,L9,TypeC,33.02,1.24,8.45,9.45,28.45,30.45,0.84,0.94,2.84,3.04,Sudden_Anomaly,50
C17115,L9,TypeC,30.12,1.19,8.27,10.27,13.27,18.27,0.83,1.03,1.33,1.83,Latent_Defect,50
C17116,L9,TypeA,33.94,1.04,14.98,15.98,34.98,36.98,1.5,1.6,3.5,3.7,Sudden_Anomaly,50
C17117,L9,TypeA,29.62,1.1,10.99,11.99,30.99,32.99,1.1,1.2,3.1,3.3,Sudden_Anomaly,50
C17118,L9,TypeB,28.1,1.29,8.58,9.58,10.58,60.0,0.86,0.96,1.06,6.0,Absolute_Failure,50
C17119,L9,TypeB,32.56,1.15,10.37,11.37,12.37,13.37,1.04,1.14,1.24,1.34,Normal,50
C17120,L9,TypeC,32.71,1.22,10.2,11.2,12.2,13.2,1.02,1.12,1.22,1.32,Normal,50
C17121,L9,TypeA,30.02,1.21,10.68,11.68,12.68,60.0,1.07,1.17,1.27,6.0,Absolute_Failure,50
C17122,L9,TypeA,29.1,1.07,8.48,10.48,13.48,18.48,0.85,1.05,1.35,1.85,Latent_Defect,50
C17123,L9,TypeC,33.51,1.06,12.67,14.67,17.67,22.67,1.27,1.47,1.77,2.27,Latent_Defect,50
C17124,L9,TypeB,29.73,1.15,8.5,9.5,28.5,30.5,0.85,0.95,2.85,3.05,Sudden_Anomaly,50
C17125,L9,TypeA,27.79,1.11,10.16,11.16,12.16,13.16,1.02,1.12,1.22,1.32,Normal,50
C17126,L9,TypeC,28.39,1.27,11.15,11.15,11.15,11.15,1.11,1.11,1.11,1.11,High_Stable,50
C17127,L9,TypeC,30.96,1.16,12.33,13.33,14.33,15.33,1.23,1.33,1.43,1.53,Normal,50
C17128,L9,TypeB,29.22,1.26,13.09,15.09,18.09,23.09,1.31,1.51,1.81,2.31,Latent_Defect,50
C17129,L9,TypeA,27.78,1.28,9.21,10.21,11.21,12.21,0.92,1.02,1.12,1.22,Normal,50
C17130,L9,TypeA,31.4,1.25,10.86,11.86,30.86,32.86,1.09,1.19,3.09,3.29,Sudden_Anomaly,50
C17131,L9,TypeB,34.49,1.26,13.86,14.86,15.86,60.0,1.39,1.49,1.59,6.0,Absolute_Failure,50
C17132,L9,TypeC,31.19,1.09,13.33,14.33,33.33,35.33,1.33,1.43,3.33,3.53,Sudden_Anomaly,50
C17133,L9,TypeB,32.65,1.21,10.05,11.05,12.05,13.05,1.0,1.1,1.2,1.3,Normal,50
C17134,L9,TypeC,34.68,1.19,11.19,13.19,16.19,21.19,1.12,1.32,1.62,2.12,Latent_Defect,50
C17135,L9,TypeA,29.0,1.17,9.17,10.17,29.17,31.17,0.92,1.02,2.92,3.12,Sudden_Anomaly,50
C17136,L9,TypeB,26.82,1.22,12.39,14.39,17.39,22.39,1.24,1.44,1.74,2.24,Latent_Defect,50
C17137,L9,TypeB,26.32,1.26,14.84,15.84,34.84,36.84,1.48,1.58,3.48,3.68,Sudden_Anomaly,50
C17138,L9,TypeC,26.68,1.29,9.3,10.3,11.3,60.0,0.93,1.03,1.13,6.0,Absolute_Failure,50
C17139,L9,TypeB,25.65,1.23,10.78,11.78,12.78,13.78,1.08,1.18,1.28,1.38,Normal,50
C17140,L9,TypeA,26.34,1.2,8.48,9.48,10.48,11.48,0.85,0.95,1.05,1.15,Normal,50
C17141,L9,TypeA,27.7,1.16,13.46,14.46,15.46,60.0,1.35,1.45,1.55,6.0,Absolute_Failure,50
C17142,L9,TypeA,25.46,1.12,9.81,10.81,29.81,31.81,0.98,1.08,2.98,3.18,Sudden_Anomaly,50
C17143,L9,TypeB,28.49,1.18,9.92,10.92,11.92,60.0,0.99,1.09,1.19,6.0,Absolute_Failure,50
C17144,L9,TypeB,25.31,1.27,14.28,15.28,34.28,36.28,1.43,1.53,3.43,3.63,Sudden_Anomaly,50
C17145,L9,TypeA,33.97,1.27,14.51,14.51,14.51,14.51,1.45,1.45,1.45,1.45,High_Stable,50
C17146,L9,TypeB,28.42,1.12,11.03,11.03,11.03,11.03,1.1,1.1,1.1,1.1,High_Stable,50
C17147,L9,TypeC,25.55,1.02,12.83,13.83,32.83,34.83,1.28,1.38,3.28,3.48,Sudden_Anomaly,50
C17148,L9,TypeB,30.78,1.25,8.22,9.22,10.22,60.0,0.82,0.92,1.02,6.0,Absolute_Failure,50
C17149,L9,TypeB,29.29,1.24,13.53,14.53,15.53,60.0,1.35,1.45,1.55,6.0,Absolute_Failure,50
C17150,L9,TypeC,32.16,1.12,14.5,14.5,14.5,14.5,1.45,1.45,1.45,1.45,High_Stable,50
C17151,L9,TypeB,32.63,1.1,8.42,9.42,28.42,30.42,0.84,0.94,2.84,3.04,Sudden_Anomaly,50
C17152,L9,TypeA,32.27,1.17,13.05,13.05,13.05,13.05,1.31,1.31,1.31,1.31,High_Stable,50
C17153,L9,TypeC,34.87,1.24,13.18,14.18,33.18,35.18,1.32,1.42,3.32,3.52,Sudden_Anomaly,50
C17154,L9,TypeC,27.53,1.18,11.0,13.0,16.0,21.0,1.1,1.3,1.6,2.1,Latent_Defect,50
C17155,L9,TypeB,27.46,1.21,13.55,14.55,33.55,35.55,1.36,1.46,3.36,3.56,Sudden_Anomaly,50
C17156,L9,TypeA,30.86,1.15,8.36,9.36,10.36,60.0,0.84,0.94,1.04,6.0,Absolute_Failure,50
C17157,L9,TypeA,28.76,1.04,14.01,15.01,16.01,17.01,1.4,1.5,1.6,1.7,Normal,50
C17158,L9,TypeC,30.8,1.09,10.47,12.47,15.47,20.47,1.05,1.25,1.55,2.05,Latent_Defect,50
C17159,L9,TypeA,25.2,1.23,10.46,11.46,12.46,60.0,1.05,1.15,1.25,6.0,Absolute_Failure,50
C17160,L9,TypeC,26.07,1.04,8.7,8.7,8.7,8.7,0.87,0.87,0.87,0.87,High_Stable,50
C17161,L9,TypeC,27.4,1.21,13.11,15.11,18.11,23.11,1.31,1.51,1.81,2.31,Latent_Defect,50
C17162,L9,TypeA,34.82,1.04,14.55,15.55,16.55,60.0,1.45,1.55,1.65,6.0,Absolute_Failure,50
C17163,L9,TypeA,26.2,1.26,11.83,12.83,31.83,33.83,1.18,1.28,3.18,3.38,Sudden_Anomaly,50
C17164,L9,TypeB,30.63,1.26,8.57,9.57,28.57,30.57,0.86,0.96,2.86,3.06,Sudden_Anomaly,50
C17165,L9,TypeB,26.78,1.15,14.97,16.97,19.97,24.97,1.5,1.7,2.0,2.5,Latent_Defect,50
C17166,L9,TypeB,29.76,1.28,12.08,14.08,17.08,22.08,1.21,1.41,1.71,2.21,Latent_Defect,50
C17167,L9,TypeC,28.99,1.06,14.83,15.83,16.83,17.83,1.48,1.58,1.68,1.78,Normal,50
C17168,L9,TypeA,27.94,1.09,14.09,15.09,16.09,60.0,1.41,1.51,1.61,6.0,Absolute_Failure,50
C17169,L9,TypeB,28.83,1.28,14.98,15.98,34.98,36.98,1.5,1.6,3.5,3.7,Sudden_Anomaly,50
C17170,L9,TypeA,32.07,1.1,8.27,8.27,8.27,8.27,0.83,0.83,0.83,0.83,High_Stable,50
C17171,L9,TypeB,25.37,1.13,13.32,14.32,15.32,60.0,1.33,1.43,1.53,6.0,Absolute_Failure,50
C17172,L9,TypeA,28.7,1.05,10.1,10.1,10.1,10.1,1.01,1.01,1.01,1.01,High_Stable,50
C17173,L9,TypeC,28.35,1.13,14.96,15.96,34.96,36.96,1.5,1.6,3.5,3.7,Sudden_Anomaly,50
C17174,L9,TypeC,27.46,1.11,12.87,12.87,12.87,12.87,1.29,1.29,1.29,1.29,High_Stable,50
C17175,L9,TypeC,26.53,1.11,13.47,14.47,15.47,60.0,1.35,1.45,1.55,6.0,Absolute_Failure,50
C17176,L9,TypeA,27.46,1.23,10.5,10.5,10.5,10.5,1.05,1.05,1.05,1.05,High_Stable,50
C17177,L9,TypeA,33.74,1.18,9.61,10.61,11.61,12.61,0.96,1.06,1.16,1.26,Normal,50
C17178,L9,TypeC,30.78,1.29,12.28,13.28,14.28,60.0,1.23,1.33,1.43,6.0,Absolute_Failure,50
C17179,L9,TypeB,25.28,1.1,14.58,16.58,19.58,24.58,1.46,1.66,1.96,2.46,Latent_Defect,50
C17180,L9,TypeB,33.86,1.1,11.33,11.33,11.33,11.33,1.13,1.13,1.13,1.13,High_Stable,50
C17181,L9,TypeA,25.5,1.24,12.19,14.19,17.19,22.19,1.22,1.42,1.72,2.22,Latent_Defect,50
C17182,L9,TypeB,31.86,1.19,12.09,13.09,14.09,60.0,1.21,1.31,1.41,6.0,Absolute_Failure,50
C17183,L9,TypeB,28.3,1.17,10.93,12.93,15.93,20.93,1.09,1.29,1.59,2.09,Latent_Defect,50
C17184,L9,TypeA,26.63,1.19,10.95,11.95,30.95,32.95,1.1,1.2,3.1,3.3,Sudden_Anomaly,50
C17185,L9,TypeB,27.35,1.18,9.08,11.08,14.08,19.08,0.91,1.11,1.41,1.91,Latent_Defect,50
C17186,L9,TypeB,29.69,1.03,8.2,10.2,13.2,18.2,0.82,1.02,1.32,1.82,Latent_Defect,50
C17187,L9,TypeC,34.83,1.27,8.82,9.82,10.82,11.82,0.88,0.98,1.08,1.18,Normal,50
C17188,L9,TypeA,27.95,1.18,9.07,9.07,9.07,9.07,0.91,0.91,0.91,0.91,High_Stable,50
C17189,L9,TypeB,33.03,1.2,8.04,9.04,10.04,11.04,0.8,0.9,1.0,1.1,Normal,50
C17190,L9,TypeC,33.9,1.11,12.17,13.17,32.17,34.17,1.22,1.32,3.22,3.42,Sudden_Anomaly,50
C17191,L9,TypeA,30.86,1.11,14.29,15.29,34.29,36.29,1.43,1.53,3.43,3.63,Sudden_Anomaly,50
C17192,L9,TypeC,27.32,1.23,8.23,9.23,28.23,30.23,0.82,0.92,2.82,3.02,Sudden_Anomaly,50
C17193,L9,TypeB,29.78,1.16,11.55,11.55,11.55,11.55,1.15,1.15,1.15,1.15,High_Stable,50
C17194,L9,TypeB,29.49,1.01,13.39,13.39,13.39,13.39,1.34,1.34,1.34,1.34,High_Stable,50
C17195,L9,TypeA,30.23,1.16,14.06,15.06,34.06,36.06,1.41,1.51,3.41,3.61,Sudden_Anomaly,50
C17196,L9,TypeB,29.67,1.15,14.17,15.17,16.17,60.0,1.42,1.52,1.62,6.0,Absolute_Failure,50
C17197,L9,TypeB,32.09,1.21,12.32,13.32,32.32,34.32,1.23,1.33,3.23,3.43,Sudden_Anomaly,50
C17198,L9,TypeA,31.42,1.01,14.42,16.42,19.42,24.42,1.44,1.64,1.94,2.44,Latent_Defect,50
C17199,L9,TypeA,33.56,1.0,11.59,12.59,13.59,60.0,1.16,1.26,1.36,6.0,Absolute_Failure,50
C17200,L9,TypeB,32.45,1.06,10.62,10.62,10.62,10.62,1.06,1.06,1.06,1.06,High_Stable,50
C17201,L9,TypeC,28.6,1.14,12.37,14.37,17.37,22.37,1.24,1.44,1.74,2.24,Latent_Defect,50
C17202,L9,TypeC,31.08,1.16,9.62,11.62,14.62,19.62,0.96,1.16,1.46,1.96,Latent_Defect,50
C17203,L9,TypeC,34.78,1.18,9.63,10.63,11.63,60.0,0.96,1.06,1.16,6.0,Absolute_Failure,50
C17204,L9,TypeC,34.71,1.11,12.88,13.88,14.88,60.0,1.29,1.39,1.49,6.0,Absolute_Failure,50
C17205,L9,TypeA,33.1,1.04,10.91,12.91,15.91,20.91,1.09,1.29,1.59,2.09,Latent_Defect,50
C17206,L9,TypeB,25.15,1.09,10.96,10.96,10.96,10.96,1.1,1.1,1.1,1.1,High_Stable,50
C17207,L9,TypeA,30.03,1.16,9.85,11.85,14.85,19.85,0.98,1.18,1.48,1.98,Latent_Defect,50
C17208,L9,TypeC,25.43,1.15,8.47,10.47,13.47,18.47,0.85,1.05,1.35,1.85,Latent_Defect,50
C17209,L9,TypeB,25.5,1.26,8.43,9.43,10.43,11.43,0.84,0.94,1.04,1.14,Normal,50
C17210,L9,TypeC,28.43,1.1,8.66,9.66,28.66,30.66,0.87,0.97,2.87,3.07,Sudden_Anomaly,50
C17211,L9,TypeB,26.5,1.25,14.37,15.37,16.37,17.37,1.44,1.54,1.64,1.74,Normal,50
C17212,L9,TypeA,27.65,1.21,8.47,9.47,28.47,30.47,0.85,0.95,2.85,3.05,Sudden_Anomaly,50
C17213,L9,TypeC,33.32,1.08,12.24,13.24,32.24,34.24,1.22,1.32,3.22,3.42,Sudden_Anomaly,50
C17214,L9,TypeB,25.66,1.21,11.78,12.78,13.78,14.78,1.18,1.28,1.38,1.48,Normal,50
C17215,L9,TypeA,32.9,1.1,12.45,13.45,32.45,34.45,1.25,1.35,3.25,3.45,Sudden_Anomaly,50
C17216,L9,TypeB,33.74,1.27,13.38,14.38,33.38,35.38,1.34,1.44,3.34,3.54,Sudden_Anomaly,50
C17217,L9,TypeB,34.07,1.29,8.25,8.25,8.25,8.25,0.82,0.82,0.82,0.82,High_Stable,50
C17218,L9,TypeA,32.61,1.0,13.8,14.8,33.8,35.8,1.38,1.48,3.38,3.58,Sudden_Anomaly,50
C17219,L9,TypeB,29.76,1.12,11.62,12.62,31.62,33.62,1.16,1.26,3.16,3.36,Sudden_Anomaly,50
C17220,L9,TypeA,28.79,1.16,14.2,15.2,34.2,36.2,1.42,1.52,3.42,3.62,Sudden_Anomaly,50
C17221,L9,TypeA,32.54,1.01,14.68,16.68,19.68,24.68,1.47,1.67,1.97,2.47,Latent_Defect,50
C17222,L9,TypeB,27.84,1.22,8.71,9.71,10.71,11.71,0.87,0.97,1.07,1.17,Normal,50
C17223,L9,TypeA,33.35,1.07,12.19,13.19,14.19,60.0,1.22,1.32,1.42,6.0,Absolute_Failure,50
C17224,L9,TypeA,31.39,1.24,8.64,9.64,10.64,11.64,0.86,0.96,1.06,1.16,Normal,50
C17225,L9,TypeA,26.71,1.17,9.38,10.38,29.38,31.38,0.94,1.04,2.94,3.14,Sudden_Anomaly,50
C17226,L9,TypeB,31.11,1.21,14.54,15.54,34.54,36.54,1.45,1.55,3.45,3.65,Sudden_Anomaly,50
C17227,L9,TypeA,26.65,1.22,9.46,10.46,11.46,12.46,0.95,1.05,1.15,1.25,Normal,50
C17228,L9,TypeC,33.08,1.16,11.27,12.27,31.27,33.27,1.13,1.23,3.13,3.33,Sudden_Anomaly,50
C17229,L9,TypeB,33.51,1.0,10.87,11.87,12.87,13.87,1.09,1.19,1.29,1.39,Normal,50
C17230,L9,TypeC,33.58,1.24,9.17,10.17,29.17,31.17,0.92,1.02,2.92,3.12,Sudden_Anomaly,50
C17231,L9,TypeB,33.36,1.02,10.99,11.99,12.99,60.0,1.1,1.2,1.3,6.0,Absolute_Failure,50
C17232,L9,TypeB,29.02,1.12,12.74,12.74,12.74,12.74,1.27,1.27,1.27,1.27,High_Stable,50
C17233,L9,TypeA,30.33,1.09,13.13,13.13,13.13,13.13,1.31,1.31,1.31,1.31,High_Stable,50
C17234,L9,TypeC,27.05,1.17,14.93,15.93,34.93,36.93,1.49,1.59,3.49,3.69,Sudden_Anomaly,50
C17235,L9,TypeB,25.54,1.28,10.03,11.03,12.03,13.03,1.0,1.1,1.2,1.3,Normal,50
C17236,L9,TypeA,28.28,1.19,11.86,12.86,31.86,33.86,1.19,1.29,3.19,3.39,Sudden_Anomaly,50
C17237,L9,TypeC,29.61,1.1,11.1,11.1,11.1,11.1,1.11,1.11,1.11,1.11,High_Stable,50
C17238,L9,TypeA,32.77,1.22,10.57,11.57,12.57,60.0,1.06,1.16,1.26,6.0,Absolute_Failure,50
C17239,L9,TypeB,32.32,1.13,9.7,10.7,11.7,60.0,0.97,1.07,1.17,6.0,Absolute_Failure,50
C17240,L9,TypeB,27.73,1.2,9.73,10.73,11.73,60.0,0.97,1.07,1.17,6.0,Absolute_Failure,50
C17241,L9,TypeB,29.03,1.18,12.93,13.93,14.93,60.0,1.29,1.39,1.49,6.0,Absolute_Failure,50
C17242,L9,TypeC,28.52,1.04,14.28,16.28,19.28,24.28,1.43,1.63,1.93,2.43,Latent_Defect,50
C17243,L9,TypeC,25.98,1.21,13.02,14.02,33.02,35.02,1.3,1.4,3.3,3.5,Sudden_Anomaly,50
C17244,L9,TypeB,27.84,1.11,8.64,10.64,13.64,18.64,0.86,1.06,1.36,1.86,Latent_Defect,50
C17245,L9,TypeB,34.53,1.03,11.1,12.1,13.1,14.1,1.11,1.21,1.31,1.41,Normal,50
C17246,L9,TypeA,29.28,1.15,14.71,14.71,14.71,14.71,1.47,1.47,1.47,1.47,High_Stable,50
C17247,L9,TypeB,34.6,1.01,12.58,12.58,12.58,12.58,1.26,1.26,1.26,1.26,High_Stable,50
C17248,L9,TypeA,34.63,1.02,14.38,14.38,14.38,14.38,1.44,1.44,1.44,1.44,High_Stable,50
C17249,L9,TypeB,32.6,1.28,10.23,11.23,12.23,13.23,1.02,1.12,1.22,1.32,Normal,50
C17250,L9,TypeB,25.58,1.09,8.7,9.7,28.7,30.7,0.87,0.97,2.87,3.07,Sudden_Anomaly,50
C17251,L9,TypeB,34.29,1.23,12.01,13.01,14.01,15.01,1.2,1.3,1.4,1.5,Normal,50
C17252,L9,TypeA,29.09,1.13,13.06,13.06,13.06,13.06,1.31,1.31,1.31,1.31,High_Stable,50
C17253,L9,TypeB,33.44,1.15,9.49,10.49,29.49,31.49,0.95,1.05,2.95,3.15,Sudden_Anomaly,50
C17254,L9,TypeA,31.33,1.27,9.85,10.85,11.85,12.85,0.98,1.08,1.18,1.28,Normal,50
C17255,L9,TypeA,29.31,1.17,14.96,15.96,34.96,36.96,1.5,1.6,3.5,3.7,Sudden_Anomaly,50
C17256,L9,TypeC,30.77,1.22,13.73,14.73,15.73,60.0,1.37,1.47,1.57,6.0,Absolute_Failure,50
C17257,L9,TypeC,26.32,1.3,12.38,14.38,17.38,22.38,1.24,1.44,1.74,2.24,Latent_Defect,50
C17258,L9,TypeC,28.79,1.08,11.22,12.22,13.22,14.22,1.12,1.22,1.32,1.42,Normal,50
C17259,L9,TypeC,29.2,1.2,14.47,15.47,16.47,17.47,1.45,1.55,1.65,1.75,Normal,50
C17260,L9,TypeC,26.92,1.16,8.63,9.63,10.63,11.63,0.86,0.96,1.06,1.16,Normal,50
C17261,L9,TypeA,31.94,1.08,8.04,9.04,10.04,11.04,0.8,0.9,1.0,1.1,Normal,50
C17262,L9,TypeC,33.74,1.23,12.18,14.18,17.18,22.18,1.22,1.42,1.72,2.22,Latent_Defect,50
C17263,L9,TypeA,31.47,1.29,13.23,13.23,13.23,13.23,1.32,1.32,1.32,1.32,High_Stable,50
C17264,L9,TypeC,26.02,1.23,8.74,9.74,10.74,11.74,0.87,0.97,1.07,1.17,Normal,50
C17265,L9,TypeA,29.77,1.09,10.04,11.04,12.04,60.0,1.0,1.1,1.2,6.0,Absolute_Failure,50
C17266,L9,TypeA,33.3,1.07,11.27,13.27,16.27,21.27,1.13,1.33,1.63,2.13,Latent_Defect,50
C17267,L9,TypeC,33.84,1.07,9.36,10.36,11.36,60.0,0.94,1.04,1.14,6.0,Absolute_Failure,50
C17268,L9,TypeA,33.45,1.01,12.37,13.37,14.37,15.37,1.24,1.34,1.44,1.54,Normal,50
C17269,L9,TypeC,27.11,1.27,10.15,11.15,30.15,32.15,1.02,1.12,3.02,3.22,Sudden_Anomaly,50
C17270,L9,TypeB,25.84,1.07,11.86,12.86,13.86,14.86,1.19,1.29,1.39,1.49,Normal,50
C17271,L9,TypeB,25.8,1.17,10.35,12.35,15.35,20.35,1.03,1.23,1.53,2.03,Latent_Defect,50
C17272,L9,TypeA,34.64,1.06,11.15,12.15,31.15,33.15,1.12,1.22,3.12,3.32,Sudden_Anomaly,50
C17273,L9,TypeB,30.09,1.22,13.59,13.59,13.59,13.59,1.36,1.36,1.36,1.36,High_Stable,50
C17274,L9,TypeB,26.36,1.24,8.75,8.75,8.75,8.75,0.88,0.88,0.88,0.88,High_Stable,50
C17275,L9,TypeA,25.66,1.2,14.33,15.33,34.33,36.33,1.43,1.53,3.43,3.63,Sudden_Anomaly,50
C17276,L9,TypeB,26.23,1.1,11.07,12.07,31.07,33.07,1.11,1.21,3.11,3.31,Sudden_Anomaly,50
C17277,L9,TypeC,28.11,1.03,13.49,14.49,15.49,16.49,1.35,1.45,1.55,1.65,Normal,50
C17278,L9,TypeC,27.14,1.22,13.68,14.68,15.68,16.68,1.37,1.47,1.57,1.67,Normal,50
C17279,L9,TypeB,33.33,1.17,9.44,9.44,9.44,9.44,0.94,0.94,0.94,0.94,High_Stable,50
C17280,L9,TypeA,34.53,1.13,8.04,8.04,8.04,8.04,0.8,0.8,0.8,0.8,High_Stable,50
C17281,L9,TypeC,32.14,1.09,9.45,10.45,11.45,60.0,0.94,1.04,1.14,6.0,Absolute_Failure,50
C17282,L9,TypeA,34.5,1.28,10.61,11.61,30.61,32.61,1.06,1.16,3.06,3.26,Sudden_Anomaly,50
C17283,L9,TypeC,26.93,1.28,10.77,11.77,12.77,13.77,1.08,1.18,1.28,1.38,Normal,50
C17284,L9,TypeC,27.51,1.07,12.25,13.25,14.25,15.25,1.22,1.32,1.42,1.52,Normal,50
C17285,L9,TypeB,26.66,1.19,8.13,9.13,28.13,30.13,0.81,0.91,2.81,3.01,Sudden_Anomaly,50
C17286,L9,TypeB,33.32,1.19,11.68,12.68,13.68,14.68,1.17,1.27,1.37,1.47,Normal,50
C17287,L9,TypeA,26.76,1.29,14.56,16.56,19.56,24.56,1.46,1.66,1.96,2.46,Latent_Defect,50
C17288,L9,TypeC,28.15,1.11,14.6,15.6,34.6,36.6,1.46,1.56,3.46,3.66,Sudden_Anomaly,50
C17289,L9,TypeC,34.42,1.3,8.75,10.75,13.75,18.75,0.87,1.07,1.37,1.87,Latent_Defect,50
C17290,L9,TypeB,30.33,1.09,13.91,14.91,33.91,35.91,1.39,1.49,3.39,3.59,Sudden_Anomaly,50
C17291,L9,TypeC,29.34,1.12,8.85,8.85,8.85,8.85,0.89,0.89,0.89,0.89,High_Stable,50
C17292,L9,TypeB,26.17,1.1,8.98,9.98,28.98,30.98,0.9,1.0,2.9,3.1,Sudden_Anomaly,50
C17293,L9,TypeB,29.35,1.19,13.48,14.48,15.48,16.48,1.35,1.45,1.55,1.65,Normal,50
C17294,L9,TypeB,25.3,1.23,13.18,14.18,15.18,16.18,1.32,1.42,1.52,1.62,Normal,50
C17295,L9,TypeA,30.44,1.11,8.61,10.61,13.61,18.61,0.86,1.06,1.36,1.86,Latent_Defect,50
C17296,L9,TypeC,34.13,1.13,12.36,13.36,32.36,34.36,1.24,1.34,3.24,3.44,Sudden_Anomaly,50
C17297,L9,TypeC,27.72,1.01,14.45,16.45,19.45,24.45,1.45,1.65,1.95,2.45,Latent_Defect,50
C17298,L9,TypeB,31.57,1.1,13.82,14.82,33.82,35.82,1.38,1.48,3.38,3.58,Sudden_Anomaly,50
C17299,L9,TypeC,33.28,1.09,14.42,15.42,16.42,17.42,1.44,1.54,1.64,1.74,Normal,50
C17300,L9,TypeA,31.88,1.15,9.09,10.09,11.09,12.09,0.91,1.01,1.11,1.21,Normal,50
C17301,L9,TypeA,28.04,1.13,12.23,12.23,12.23,12.23,1.22,1.22,1.22,1.22,High_Stable,50
C17302,L9,TypeC,27.61,1.02,8.03,10.03,13.03,18.03,0.8,1.0,1.3,1.8,Latent_Defect,50
C17303,L9,TypeC,34.99,1.1,8.47,9.47,10.47,60.0,0.85,0.95,1.05,6.0,Absolute_Failure,50
C17304,L9,TypeB,29.91,1.2,14.36,15.36,34.36,36.36,1.44,1.54,3.44,3.64,Sudden_Anomaly,50
C17305,L9,TypeA,31.27,1.22,13.6,14.6,15.6,60.0,1.36,1.46,1.56,6.0,Absolute_Failure,50
C17306,L9,TypeB,33.88,1.24,11.68,12.68,13.68,14.68,1.17,1.27,1.37,1.47,Normal,50
C17307,L9,TypeB,31.34,1.21,9.04,10.04,11.04,12.04,0.9,1.0,1.1,1.2,Normal,50
C17308,L9,TypeC,29.08,1.18,14.68,14.68,14.68,14.68,1.47,1.47,1.47,1.47,High_Stable,50
C17309,L9,TypeA,25.79,1.28,13.19,15.19,18.19,23.19,1.32,1.52,1.82,2.32,Latent_Defect,50
C17310,L9,TypeA,28.61,1.19,14.03,15.03,16.03,60.0,1.4,1.5,1.6,6.0,Absolute_Failure,50
C17311,L9,TypeC,29.04,1.19,12.75,13.75,14.75,60.0,1.27,1.37,1.47,6.0,Absolute_Failure,50
C17312,L9,TypeC,29.6,1.2,9.07,10.07,11.07,60.0,0.91,1.01,1.11,6.0,Absolute_Failure,50
C17313,L9,TypeB,31.27,1.02,9.23,10.23,11.23,60.0,0.92,1.02,1.12,6.0,Absolute_Failure,50
C17314,L9,TypeA,28.61,1.06,9.48,10.48,29.48,31.48,0.95,1.05,2.95,3.15,Sudden_Anomaly,50
C17315,L9,TypeB,29.96,1.22,14.1,15.1,16.1,17.1,1.41,1.51,1.61,1.71,Normal,50
C17316,L9,TypeA,28.31,1.02,9.09,10.09,29.09,31.09,0.91,1.01,2.91,3.11,Sudden_Anomaly,50
C17317,L9,TypeA,29.9,1.09,11.6,11.6,11.6,11.6,1.16,1.16,1.16,1.16,High_Stable,50
C17318,L9,TypeB,28.21,1.2,10.21,10.21,10.21,10.21,1.02,1.02,1.02,1.02,High_Stable,50
C17319,L9,TypeA,25.25,1.23,12.35,13.35,14.35,60.0,1.23,1.33,1.43,6.0,Absolute_Failure,50
C17320,L9,TypeA,26.21,1.12,13.23,14.23,15.23,60.0,1.32,1.42,1.52,6.0,Absolute_Failure,50
C17321,L9,TypeC,25.93,1.02,11.61,13.61,16.61,21.61,1.16,1.36,1.66,2.16,Latent_Defect,50
C17322,L9,TypeA,27.41,1.24,9.17,10.17,11.17,60.0,0.92,1.02,1.12,6.0,Absolute_Failure,50
C17323,L9,TypeC,31.63,1.08,9.21,10.21,11.21,12.21,0.92,1.02,1.12,1.22,Normal,50
C17324,L9,TypeB,29.53,1.1,10.32,12.32,15.32,20.32,1.03,1.23,1.53,2.03,Latent_Defect,50
C17325,L9,TypeC,27.38,1.03,11.12,12.12,13.12,14.12,1.11,1.21,1.31,1.41,Normal,50
C17326,L9,TypeB,28.35,1.11,9.82,10.82,11.82,60.0,0.98,1.08,1.18,6.0,Absolute_Failure,50
C17327,L9,TypeB,25.38,1.25,9.69,9.69,9.69,9.69,0.97,0.97,0.97,0.97,High_Stable,50
C17328,L9,TypeB,28.9,1.08,8.45,8.45,8.45,8.45,0.84,0.84,0.84,0.84,High_Stable,50
C17329,L9,TypeA,29.3,1.17,8.27,9.27,10.27,60.0,0.83,0.93,1.03,6.0,Absolute_Failure,50
C17330,L9,TypeB,31.82,1.29,11.63,12.63,13.63,60.0,1.16,1.26,1.36,6.0,Absolute_Failure,50
C17331,L9,TypeC,25.95,1.0,11.22,12.22,31.22,33.22,1.12,1.22,3.12,3.32,Sudden_Anomaly,50
C17332,L9,TypeA,33.36,1.0,8.78,9.78,28.78,30.78,0.88,0.98,2.88,3.08,Sudden_Anomaly,50
C17333,L9,TypeB,26.68,1.04,8.9,9.9,28.9,30.9,0.89,0.99,2.89,3.09,Sudden_Anomaly,50
C17334,L9,TypeA,33.03,1.07,11.12,11.12,11.12,11.12,1.11,1.11,1.11,1.11,High_Stable,50
C17335,L9,TypeA,31.13,1.01,14.48,15.48,16.48,17.48,1.45,1.55,1.65,1.75,Normal,50
C17336,L9,TypeB,27.55,1.24,10.15,11.15,30.15,32.15,1.01,1.11,3.01,3.21,Sudden_Anomaly,50
C17337,L9,TypeA,31.37,1.04,10.31,12.31,15.31,20.31,1.03,1.23,1.53,2.03,Latent_Defect,50
C17338,L9,TypeA,30.37,1.24,8.8,9.8,10.8,60.0,0.88,0.98,1.08,6.0,Absolute_Failure,50
C17339,L9,TypeA,32.41,1.12,11.44,11.44,11.44,11.44,1.14,1.14,1.14,1.14,High_Stable,50
C17340,L9,TypeC,34.45,1.16,10.22,12.22,15.22,20.22,1.02,1.22,1.52,2.02,Latent_Defect,50
C17341,L9,TypeC,33.59,1.09,10.05,10.05,10.05,10.05,1.0,1.0,1.0,1.0,High_Stable,50
C17342,L9,TypeB,33.28,1.16,8.24,9.24,28.24,30.24,0.82,0.92,2.82,3.02,Sudden_Anomaly,50
C17343,L9,TypeC,33.78,1.22,11.97,12.97,31.97,33.97,1.2,1.3,3.2,3.4,Sudden_Anomaly,50
C17344,L9,TypeA,27.93,1.14,10.74,11.74,12.74,13.74,1.07,1.17,1.27,1.37,Normal,50
C17345,L9,TypeC,30.25,1.13,14.13,15.13,34.13,36.13,1.41,1.51,3.41,3.61,Sudden_Anomaly,50
C17346,L9,TypeC,25.72,1.06,11.16,12.16,13.16,14.16,1.12,1.22,1.32,1.42,Normal,50
C17347,L9,TypeB,30.54,1.05,11.6,11.6,11.6,11.6,1.16,1.16,1.16,1.16,High_Stable,50
C17348,L9,TypeC,25.23,1.1,10.7,11.7,30.7,32.7,1.07,1.17,3.07,3.27,Sudden_Anomaly,50
C17349,L9,TypeB,26.19,1.14,14.65,15.65,16.65,60.0,1.46,1.56,1.66,6.0,Absolute_Failure,50
C17350,L9,TypeA,34.61,1.03,9.19,11.19,14.19,19.19,0.92,1.12,1.42,1.92,Latent_Defect,50
C17351,L9,TypeC,29.43,1.07,13.7,14.7,15.7,60.0,1.37,1.47,1.57,6.0,Absolute_Failure,50
C17352,L9,TypeC,27.02,1.28,8.85,9.85,28.85,30.85,0.89,0.99,2.89,3.09,Sudden_Anomaly,50
C17353,L9,TypeA,33.4,1.07,9.78,9.78,9.78,9.78,0.98,0.98,0.98,0.98,High_Stable,50
C17354,L9,TypeA,29.44,1.28,11.82,12.82,13.82,14.82,1.18,1.28,1.38,1.48,Normal,50
C17355,L9,TypeC,32.17,1.16,12.39,12.39,12.39,12.39,1.24,1.24,1.24,1.24,High_Stable,50
C17356,L9,TypeB,29.48,1.28,11.97,12.97,13.97,60.0,1.2,1.3,1.4,6.0,Absolute_Failure,50
C17357,L9,TypeA,32.25,1.11,14.51,15.51,16.51,17.51,1.45,1.55,1.65,1.75,Normal,50
C17358,L9,TypeB,32.36,1.06,14.0,15.0,34.0,36.0,1.4,1.5,3.4,3.6,Sudden_Anomaly,50
C17359,L9,TypeC,27.21,1.01,14.46,15.46,16.46,60.0,1.45,1.55,1.65,6.0,Absolute_Failure,50
C17360,L9,TypeA,28.98,1.29,10.33,12.33,15.33,20.33,1.03,1.23,1.53,2.03,Latent_Defect,50
C17361,L9,TypeA,30.18,1.16,11.15,13.15,16.15,21.15,1.11,1.31,1.61,2.11,Latent_Defect,50
C17362,L9,TypeA,26.74,1.26,13.98,14.98,33.98,35.98,1.4,1.5,3.4,3.6,Sudden_Anomaly,50
C17363,L9,TypeB,26.25,1.19,9.91,9.91,9.91,9.91,0.99,0.99,0.99,0.99,High_Stable,50
C17364,L9,TypeA,29.82,1.21,11.81,12.81,31.81,33.81,1.18,1.28,3.18,3.38,Sudden_Anomaly,50
C17365,L9,TypeB,33.38,1.14,8.72,9.72,10.72,60.0,0.87,0.97,1.07,6.0,Absolute_Failure,50
C17366,L9,TypeB,29.0,1.18,10.15,12.15,15.15,20.15,1.01,1.21,1.51,2.01,Latent_Defect,50
C17367,L9,TypeC,34.96,1.04,14.09,15.09,34.09,36.09,1.41,1.51,3.41,3.61,Sudden_Anomaly,50
C17368,L9,TypeC,29.26,1.21,11.08,12.08,31.08,33.08,1.11,1.21,3.11,3.31,Sudden_Anomaly,50
C17369,L9,TypeC,30.15,1.19,12.66,12.66,12.66,12.66,1.27,1.27,1.27,1.27,High_Stable,50
C17370,L9,TypeA,29.94,1.11,14.4,14.4,14.4,14.4,1.44,1.44,1.44,1.44,High_Stable,50
C17371,L9,TypeA,28.71,1.07,11.74,12.74,31.74,33.74,1.17,1.27,3.17,3.37,Sudden_Anomaly,50
C17372,L9,TypeA,30.8,1.11,13.0,14.0,33.0,35.0,1.3,1.4,3.3,3.5,Sudden_Anomaly,50
C17373,L9,TypeB,31.87,1.29,8.6,9.6,10.6,60.0,0.86,0.96,1.06,6.0,Absolute_Failure,50
C17374,L9,TypeB,32.53,1.2,9.99,10.99,29.99,31.99,1.0,1.1,3.0,3.2,Sudden_Anomaly,50
C17375,L9,TypeC,27.47,1.12,10.55,11.55,30.55,32.55,1.05,1.15,3.05,3.25,Sudden_Anomaly,50
C17376,L9,TypeB,29.1,1.08,11.47,12.47,13.47,14.47,1.15,1.25,1.35,1.45,Normal,50
C17377,L9,TypeC,25.49,1.09,8.62,9.62,28.62,30.62,0.86,0.96,2.86,3.06,Sudden_Anomaly,50
C17378,L9,TypeC,26.51,1.14,8.24,8.24,8.24,8.24,0.82,0.82,0.82,0.82,High_Stable,50
C17379,L9,TypeB,31.36,1.26,10.14,12.14,15.14,20.14,1.01,1.21,1.51,2.01,Latent_Defect,50
C17380,L9,TypeA,29.4,1.18,10.08,11.08,12.08,13.08,1.01,1.11,1.21,1.31,Normal,50
C17381,L9,TypeC,27.8,1.22,8.3,9.3,10.3,11.3,0.83,0.93,1.03,1.13,Normal,50
C17382,L9,TypeB,26.94,1.15,12.81,13.81,32.81,34.81,1.28,1.38,3.28,3.48,Sudden_Anomaly,50
C17383,L9,TypeC,27.99,1.22,9.26,11.26,14.26,19.26,0.93,1.13,1.43,1.93,Latent_Defect,50
C17384,L9,TypeA,28.14,1.22,12.79,13.79,14.79,60.0,1.28,1.38,1.48,6.0,Absolute_Failure,50
C17385,L9,TypeB,34.19,1.07,12.49,13.49,32.49,34.49,1.25,1.35,3.25,3.45,Sudden_Anomaly,50
C17386,L9,TypeA,28.03,1.17,14.7,15.7,16.7,17.7,1.47,1.57,1.67,1.77,Normal,50
C17387,L9,TypeA,34.98,1.14,14.35,14.35,14.35,14.35,1.43,1.43,1.43,1.43,High_Stable,50
C17388,L9,TypeB,30.63,1.07,10.42,11.42,30.42,32.42,1.04,1.14,3.04,3.24,Sudden_Anomaly,50
C17389,L9,TypeC,26.64,1.21,13.45,13.45,13.45,13.45,1.35,1.35,1.35,1.35,High_Stable,50
C17390,L9,TypeB,32.66,1.09,9.36,9.36,9.36,9.36,0.94,0.94,0.94,0.94,High_Stable,50
C17391,L9,TypeC,28.82,1.07,8.96,9.96,10.96,60.0,0.9,1.0,1.1,6.0,Absolute_Failure,50
C17392,L9,TypeA,26.55,1.24,12.31,14.31,17.31,22.31,1.23,1.43,1.73,2.23,Latent_Defect,50
C17393,L9,TypeB,25.02,1.28,8.39,9.39,10.39,11.39,0.84,0.94,1.04,1.14,Normal,50
C17394,L9,TypeC,32.28,1.09,14.71,14.71,14.71,14.71,1.47,1.47,1.47,1.47,High_Stable,50
C17395,L9,TypeC,34.62,1.03,11.52,11.52,11.52,11.52,1.15,1.15,1.15,1.15,High_Stable,50
C17396,L9,TypeC,31.77,1.03,10.58,11.58,12.58,13.58,1.06,1.16,1.26,1.36,Normal,50
C17397,L9,TypeA,25.74,1.04,9.81,11.81,14.81,19.81,0.98,1.18,1.48,1.98,Latent_Defect,50
C17398,L9,TypeC,26.62,1.17,14.36,15.36,16.36,17.36,1.44,1.54,1.64,1.74,Normal,50
C17399,L9,TypeA,30.43,1.2,12.33,13.33,14.33,60.0,1.23,1.33,1.43,6.0,Absolute_Failure,50
C17400,L9,TypeA,31.24,1.29,9.88,10.88,11.88,60.0,0.99,1.09,1.19,6.0,Absolute_Failure,50
C17401,L9,TypeA,30.33,1.2,9.54,10.54,29.54,31.54,0.95,1.05,2.95,3.15,Sudden_Anomaly,50
C17402,L9,TypeA,28.49,1.07,8.29,9.29,10.29,11.29,0.83,0.93,1.03,1.13,Normal,50
C17403,L9,TypeB,25.14,1.18,12.03,13.03,14.03,60.0,1.2,1.3,1.4,6.0,Absolute_Failure,50
C17404,L9,TypeB,31.4,1.13,10.94,11.94,12.94,60.0,1.09,1.19,1.29,6.0,Absolute_Failure,50
C17405,L9,TypeB,32.19,1.18,10.46,11.46,30.46,32.46,1.05,1.15,3.05,3.25,Sudden_Anomaly,50
C17406,L9,TypeB,29.81,1.05,10.53,11.53,12.53,60.0,1.05,1.15,1.25,6.0,Absolute_Failure,50
C17407,L9,TypeA,25.71,1.23,14.76,14.76,14.76,14.76,1.48,1.48,1.48,1.48,High_Stable,50
C17408,L9,TypeA,29.85,1.23,8.85,9.85,10.85,11.85,0.88,0.98,1.08,1.18,Normal,50
C17409,L9,TypeA,31.67,1.2,11.34,13.34,16.34,21.34,1.13,1.33,1.63,2.13,Latent_Defect,50
C17410,L9,TypeB,25.3,1.02,12.97,13.97,32.97,34.97,1.3,1.4,3.3,3.5,Sudden_Anomaly,50
C17411,L9,TypeA,34.28,1.09,11.08,12.08,31.08,33.08,1.11,1.21,3.11,3.31,Sudden_Anomaly,50
C17412,L9,TypeC,28.7,1.1,14.35,16.35,19.35,24.35,1.43,1.63,1.93,2.43,Latent_Defect,50
C17413,L9,TypeB,30.34,1.27,10.61,11.61,12.61,60.0,1.06,1.16,1.26,6.0,Absolute_Failure,50
C17414,L9,TypeB,32.99,1.04,9.82,10.82,11.82,60.0,0.98,1.08,1.18,6.0,Absolute_Failure,50
C17415,L9,TypeA,25.17,1.28,12.75,14.75,17.75,22.75,1.28,1.48,1.78,2.28,Latent_Defect,50
C17416,L9,TypeA,29.68,1.26,12.17,12.17,12.17,12.17,1.22,1.22,1.22,1.22,High_Stable,50
C17417,L9,TypeC,29.36,1.18,14.69,14.69,14.69,14.69,1.47,1.47,1.47,1.47,High_Stable,50
C17418,L9,TypeC,32.08,1.24,9.17,10.17,11.17,60.0,0.92,1.02,1.12,6.0,Absolute_Failure,50
C17419,L9,TypeC,33.79,1.06,9.19,10.19,11.19,12.19,0.92,1.02,1.12,1.22,Normal,50
C17420,L9,TypeC,30.87,1.1,14.29,14.29,14.29,14.29,1.43,1.43,1.43,1.43,High_Stable,50
C17421,L9,TypeB,33.93,1.12,11.73,12.73,13.73,14.73,1.17,1.27,1.37,1.47,Normal,50
C17422,L9,TypeC,26.95,1.1,14.35,15.35,16.35,60.0,1.44,1.54,1.64,6.0,Absolute_Failure,50
C17423,L9,TypeC,27.76,1.01,9.47,10.47,11.47,60.0,0.95,1.05,1.15,6.0,Absolute_Failure,50
C17424,L9,TypeB,28.96,1.24,12.6,13.6,14.6,60.0,1.26,1.36,1.46,6.0,Absolute_Failure,50
C17425,L9,TypeA,32.31,1.13,10.69,11.69,12.69,13.69,1.07,1.17,1.27,1.37,Normal,50
C17426,L9,TypeB,34.59,1.28,14.51,16.51,19.51,24.51,1.45,1.65,1.95,2.45,Latent_Defect,50
C17427,L9,TypeC,30.67,1.04,11.26,11.26,11.26,11.26,1.13,1.13,1.13,1.13,High_Stable,50
C17428,L9,TypeA,33.7,1.22,10.97,12.97,15.97,20.97,1.1,1.3,1.6,2.1,Latent_Defect,50
C17429,L9,TypeC,28.25,1.26,14.49,15.49,34.49,36.49,1.45,1.55,3.45,3.65,Sudden_Anomaly,50
C17430,L9,TypeC,30.59,1.12,10.77,12.77,15.77,20.77,1.08,1.28,1.58,2.08,Latent_Defect,50
C17431,L9,TypeC,32.7,1.11,12.94,12.94,12.94,12.94,1.29,1.29,1.29,1.29,High_Stable,50
C17432,L9,TypeA,25.46,1.04,8.14,8.14,8.14,8.14,0.81,0.81,0.81,0.81,High_Stable,50
C17433,L9,TypeC,26.07,1.12,14.15,14.15,14.15,14.15,1.41,1.41,1.41,1.41,High_Stable,50
C17434,L9,TypeC,33.64,1.05,13.67,14.67,33.67,35.67,1.37,1.47,3.37,3.57,Sudden_Anomaly,50
C17435,L9,TypeB,32.06,1.11,10.15,10.15,10.15,10.15,1.02,1.02,1.02,1.02,High_Stable,50
C17436,L9,TypeB,26.05,1.28,11.74,12.74,31.74,33.74,1.17,1.27,3.17,3.37,Sudden_Anomaly,50
C17437,L9,TypeC,34.0,1.3,9.47,10.47,11.47,60.0,0.95,1.05,1.15,6.0,Absolute_Failure,50
C17438,L9,TypeB,25.47,1.05,10.14,11.14,30.14,32.14,1.01,1.11,3.01,3.21,Sudden_Anomaly,50
C17439,L9,TypeC,34.89,1.13,9.45,10.45,29.45,31.45,0.95,1.05,2.95,3.15,Sudden_Anomaly,50
C17440,L9,TypeA,25.41,1.21,9.06,10.06,29.06,31.06,0.91,1.01,2.91,3.11,Sudden_Anomaly,50
C17441,L9,TypeB,27.94,1.14,8.14,9.14,10.14,11.14,0.81,0.91,1.01,1.11,Normal,50
C17442,L9,TypeA,32.7,1.02,11.95,12.95,13.95,14.95,1.19,1.29,1.39,1.49,Normal,50
C17443,L9,TypeC,29.39,1.28,11.64,12.64,13.64,14.64,1.16,1.26,1.36,1.46,Normal,50
C17444,L9,TypeB,27.27,1.04,13.83,13.83,13.83,13.83,1.38,1.38,1.38,1.38,High_Stable,50
C17445,L9,TypeB,33.06,1.1,11.97,11.97,11.97,11.97,1.2,1.2,1.2,1.2,High_Stable,50
C17446,L9,TypeA,32.97,1.12,10.78,10.78,10.78,10.78,1.08,1.08,1.08,1.08,High_Stable,50
C17447,L9,TypeA,29.89,1.09,14.58,15.58,34.58,36.58,1.46,1.56,3.46,3.66,Sudden_Anomaly,50
C17448,L9,TypeB,31.72,1.12,14.39,16.39,19.39,24.39,1.44,1.64,1.94,2.44,Latent_Defect,50
C17449,L9,TypeA,32.32,1.17,10.1,11.1,30.1,32.1,1.01,1.11,3.01,3.21,Sudden_Anomaly,50
C17450,L9,TypeC,31.67,1.08,13.47,14.47,33.47,35.47,1.35,1.45,3.35,3.55,Sudden_Anomaly,50
C17451,L9,TypeC,27.66,1.12,13.48,14.48,15.48,16.48,1.35,1.45,1.55,1.65,Normal,50
C17452,L9,TypeC,31.72,1.08,12.33,13.33,14.33,60.0,1.23,1.33,1.43,6.0,Absolute_Failure,50
C17453,L9,TypeC,31.44,1.01,12.76,13.76,14.76,60.0,1.28,1.38,1.48,6.0,Absolute_Failure,50
C17454,L9,TypeB,31.29,1.13,11.95,12.95,13.95,60.0,1.2,1.3,1.4,6.0,Absolute_Failure,50
C17455,L9,TypeB,34.15,1.14,12.42,14.42,17.42,22.42,1.24,1.44,1.74,2.24,Latent_Defect,50
C17456,L9,TypeC,25.67,1.01,12.26,13.26,32.26,34.26,1.23,1.33,3.23,3.43,Sudden_Anomaly,50
C17457,L9,TypeC,28.28,1.05,13.64,14.64,33.64,35.64,1.36,1.46,3.36,3.56,Sudden_Anomaly,50
C17458,L9,TypeA,30.33,1.24,13.0,13.0,13.0,13.0,1.3,1.3,1.3,1.3,High_Stable,50
C17459,L9,TypeA,34.22,1.1,12.85,13.85,14.85,15.85,1.28,1.38,1.48,1.58,Normal,50
C17460,L9,TypeA,32.39,1.09,11.03,12.03,13.03,60.0,1.1,1.2,1.3,6.0,Absolute_Failure,50
C17461,L9,TypeA,33.04,1.17,13.57,14.57,15.57,16.57,1.36,1.46,1.56,1.66,Normal,50
C17462,L9,TypeB,25.66,1.26,14.76,15.76,34.76,36.76,1.48,1.58,3.48,3.68,Sudden_Anomaly,50
C17463,L9,TypeC,32.1,1.0,8.95,9.95,10.95,60.0,0.9,1.0,1.1,6.0,Absolute_Failure,50
C17464,L9,TypeB,28.72,1.03,8.3,10.3,13.3,18.3,0.83,1.03,1.33,1.83,Latent_Defect,50
C17465,L9,TypeA,31.51,1.2,9.62,9.62,9.62,9.62,0.96,0.96,0.96,0.96,High_Stable,50
C17466,L9,TypeC,26.89,1.1,12.07,13.07,14.07,15.07,1.21,1.31,1.41,1.51,Normal,50
C17467,L9,TypeA,29.97,1.11,14.6,15.6,16.6,17.6,1.46,1.56,1.66,1.76,Normal,50
C17468,L9,TypeB,28.59,1.07,11.94,12.94,31.94,33.94,1.19,1.29,3.19,3.39,Sudden_Anomaly,50
C17469,L9,TypeC,33.31,1.04,9.09,9.09,9.09,9.09,0.91,0.91,0.91,0.91,High_Stable,50
C17470,L9,TypeC,31.18,1.13,13.16,15.16,18.16,23.16,1.32,1.52,1.82,2.32,Latent_Defect,50
C17471,L9,TypeC,29.78,1.14,14.87,15.87,16.87,60.0,1.49,1.59,1.69,6.0,Absolute_Failure,50
C17472,L9,TypeA,32.18,1.07,12.39,13.39,14.39,15.39,1.24,1.34,1.44,1.54,Normal,50
C17473,L9,TypeB,34.62,1.24,14.95,14.95,14.95,14.95,1.49,1.49,1.49,1.49,High_Stable,50
C17474,L9,TypeB,30.76,1.2,12.07,12.07,12.07,12.07,1.21,1.21,1.21,1.21,High_Stable,50
C17475,L9,TypeB,27.33,1.04,10.37,10.37,10.37,10.37,1.04,1.04,1.04,1.04,High_Stable,50
C17476,L9,TypeB,34.87,1.08,8.29,9.29,28.29,30.29,0.83,0.93,2.83,3.03,Sudden_Anomaly,50
C17477,L9,TypeA,31.48,1.25,8.05,8.05,8.05,8.05,0.8,0.8,0.8,0.8,High_Stable,50
C17478,L9,TypeC,26.88,1.15,14.29,15.29,16.29,60.0,1.43,1.53,1.63,6.0,Absolute_Failure,50
C17479,L9,TypeB,33.0,1.04,11.9,13.9,16.9,21.9,1.19,1.39,1.69,2.19,Latent_Defect,50
C17480,L9,TypeB,25.25,1.05,14.21,15.21,34.21,36.21,1.42,1.52,3.42,3.62,Sudden_Anomaly,50
C17481,L9,TypeA,26.55,1.09,11.77,12.77,13.77,14.77,1.18,1.28,1.38,1.48,Normal,50
C17482,L9,TypeB,25.04,1.02,11.03,11.03,11.03,11.03,1.1,1.1,1.1,1.1,High_Stable,50
C17483,L9,TypeB,31.25,1.06,10.27,12.27,15.27,20.27,1.03,1.23,1.53,2.03,Latent_Defect,50
C17484,L9,TypeA,33.66,1.13,11.52,12.52,13.52,14.52,1.15,1.25,1.35,1.45,Normal,50
C17485,L9,TypeB,32.71,1.23,13.41,15.41,18.41,23.41,1.34,1.54,1.84,2.34,Latent_Defect,50
C17486,L9,TypeB,29.89,1.23,13.04,13.04,13.04,13.04,1.3,1.3,1.3,1.3,High_Stable,50
C17487,L9,TypeC,28.33,1.3,11.85,13.85,16.85,21.85,1.18,1.38,1.68,2.18,Latent_Defect,50
C17488,L9,TypeB,30.68,1.16,9.68,10.68,29.68,31.68,0.97,1.07,2.97,3.17,Sudden_Anomaly,50
C17489,L9,TypeA,31.09,1.16,9.1,10.1,11.1,12.1,0.91,1.01,1.11,1.21,Normal,50
C17490,L9,TypeB,30.9,1.15,11.21,13.21,16.21,21.21,1.12,1.32,1.62,2.12,Latent_Defect,50
C17491,L9,TypeC,34.5,1.05,14.56,14.56,14.56,14.56,1.46,1.46,1.46,1.46,High_Stable,50
C17492,L9,TypeA,30.83,1.3,12.17,13.17,32.17,34.17,1.22,1.32,3.22,3.42,Sudden_Anomaly,50
C17493,L9,TypeA,32.91,1.21,13.57,14.57,33.57,35.57,1.36,1.46,3.36,3.56,Sudden_Anomaly,50
C17494,L9,TypeA,27.22,1.28,12.38,14.38,17.38,22.38,1.24,1.44,1.74,2.24,Latent_Defect,50
C17495,L9,TypeA,27.01,1.05,9.32,10.32,11.32,60.0,0.93,1.03,1.13,6.0,Absolute_Failure,50
C17496,L9,TypeC,31.37,1.19,11.18,12.18,13.18,14.18,1.12,1.22,1.32,1.42,Normal,50
C17497,L9,TypeB,33.92,1.04,9.88,9.88,9.88,9.88,0.99,0.99,0.99,0.99,High_Stable,50
C17498,L9,TypeA,27.87,1.21,13.96,15.96,18.96,23.96,1.4,1.6,1.9,2.4,Latent_Defect,50
C17499,L9,TypeA,30.71,1.13,8.64,8.64,8.64,8.64,0.86,0.86,0.86,0.86,High_Stable,50
C17500,L9,TypeC,32.06,1.28,8.29,9.29,10.29,11.29,0.83,0.93,1.03,1.13,Normal,50
C17501,L9,TypeC,25.32,1.18,10.15,11.15,12.15,60.0,1.01,1.11,1.21,6.0,Absolute_Failure,50
C17502,L9,TypeB,26.94,1.23,10.85,11.85,12.85,60.0,1.08,1.18,1.28,6.0,Absolute_Failure,50
C17503,L9,TypeA,34.17,1.13,12.07,13.07,32.07,34.07,1.21,1.31,3.21,3.41,Sudden_Anomaly,50
C17504,L9,TypeA,33.76,1.2,9.84,10.84,29.84,31.84,0.98,1.08,2.98,3.18,Sudden_Anomaly,50
C17505,L9,TypeC,28.07,1.22,13.81,14.81,33.81,35.81,1.38,1.48,3.38,3.58,Sudden_Anomaly,50
C17506,L9,TypeA,30.4,1.22,11.04,12.04,13.04,14.04,1.1,1.2,1.3,1.4,Normal,50
C17507,L9,TypeA,30.13,1.06,10.69,11.69,30.69,32.69,1.07,1.17,3.07,3.27,Sudden_Anomaly,50
C17508,L9,TypeA,33.79,1.22,11.92,12.92,13.92,60.0,1.19,1.29,1.39,6.0,Absolute_Failure,50
C17509,L9,TypeA,34.03,1.13,10.1,11.1,12.1,60.0,1.01,1.11,1.21,6.0,Absolute_Failure,50
C17510,L9,TypeB,34.29,1.04,12.55,13.55,14.55,60.0,1.26,1.36,1.46,6.0,Absolute_Failure,50
C17511,L9,TypeB,34.68,1.27,11.7,12.7,31.7,33.7,1.17,1.27,3.17,3.37,Sudden_Anomaly,50
C17512,L9,TypeC,31.27,1.06,14.47,15.47,16.47,17.47,1.45,1.55,1.65,1.75,Normal,50
C17513,L9,TypeA,31.2,1.29,14.28,16.28,19.28,24.28,1.43,1.63,1.93,2.43,Latent_Defect,50
C17514,L9,TypeC,29.53,1.12,14.06,16.06,19.06,24.06,1.41,1.61,1.91,2.41,Latent_Defect,50
C17515,L9,TypeB,30.7,1.16,9.98,10.98,29.98,31.98,1.0,1.1,3.0,3.2,Sudden_Anomaly,50
C17516,L9,TypeC,25.57,1.22,10.86,11.86,12.86,60.0,1.09,1.19,1.29,6.0,Absolute_Failure,50
C17517,L9,TypeC,26.59,1.02,9.68,11.68,14.68,19.68,0.97,1.17,1.47,1.97,Latent_Defect,50
C17518,L9,TypeA,30.58,1.15,14.95,14.95,14.95,14.95,1.49,1.49,1.49,1.49,High_Stable,50
C17519,L9,TypeC,31.41,1.16,12.59,14.59,17.59,22.59,1.26,1.46,1.76,2.26,Latent_Defect,50
C17520,L9,TypeA,29.18,1.09,14.77,16.77,19.77,24.77,1.48,1.68,1.98,2.48,Latent_Defect,50
C17521,L9,TypeB,30.85,1.22,8.6,9.6,10.6,11.6,0.86,0.96,1.06,1.16,Normal,50
C17522,L9,TypeC,32.05,1.09,8.94,10.94,13.94,18.94,0.89,1.09,1.39,1.89,Latent_Defect,50
C17523,L9,TypeC,30.47,1.06,11.31,13.31,16.31,21.31,1.13,1.33,1.63,2.13,Latent_Defect,50
C17524,L9,TypeB,28.8,1.12,9.58,10.58,29.58,31.58,0.96,1.06,2.96,3.16,Sudden_Anomaly,50
C17525,L9,TypeA,30.29,1.04,12.19,12.19,12.19,12.19,1.22,1.22,1.22,1.22,High_Stable,50
C17526,L9,TypeA,27.39,1.05,13.74,14.74,15.74,60.0,1.37,1.47,1.57,6.0,Absolute_Failure,50
C17527,L9,TypeB,34.57,1.17,12.21,13.21,14.21,60.0,1.22,1.32,1.42,6.0,Absolute_Failure,50
C17528,L9,TypeB,25.05,1.04,14.39,15.39,16.39,17.39,1.44,1.54,1.64,1.74,Normal,50
C17529,L9,TypeA,25.48,1.04,11.37,13.37,16.37,21.37,1.14,1.34,1.64,2.14,Latent_Defect,50
C17530,L9,TypeC,27.31,1.2,9.81,9.81,9.81,9.81,0.98,0.98,0.98,0.98,High_Stable,50
C17531,L9,TypeA,30.22,1.15,9.37,11.37,14.37,19.37,0.94,1.14,1.44,1.94,Latent_Defect,50
C17532,L9,TypeC,33.08,1.03,11.58,13.58,16.58,21.58,1.16,1.36,1.66,2.16,Latent_Defect,50
C17533,L9,TypeB,29.56,1.13,9.13,11.13,14.13,19.13,0.91,1.11,1.41,1.91,Latent_Defect,50
C17534,L9,TypeB,33.01,1.27,12.42,13.42,14.42,15.42,1.24,1.34,1.44,1.54,Normal,50
C17535,L9,TypeB,34.95,1.12,9.7,10.7,29.7,31.7,0.97,1.07,2.97,3.17,Sudden_Anomaly,50
C17536,L9,TypeA,25.85,1.26,11.18,11.18,11.18,11.18,1.12,1.12,1.12,1.12,High_Stable,50
C17537,L9,TypeA,28.75,1.07,8.89,9.89,10.89,60.0,0.89,0.99,1.09,6.0,Absolute_Failure,50
C17538,L9,TypeB,31.84,1.1,8.76,9.76,10.76,11.76,0.88,0.98,1.08,1.18,Normal,50
C17539,L9,TypeC,27.9,1.07,12.95,14.95,17.95,22.95,1.29,1.49,1.79,2.29,Latent_Defect,50
C17540,L9,TypeA,28.87,1.16,12.72,13.72,32.72,34.72,1.27,1.37,3.27,3.47,Sudden_Anomaly,50
C17541,L9,TypeC,27.01,1.0,13.62,14.62,15.62,16.62,1.36,1.46,1.56,1.66,Normal,50
C17542,L9,TypeA,26.07,1.16,13.6,14.6,15.6,16.6,1.36,1.46,1.56,1.66,Normal,50
C17543,L9,TypeC,34.86,1.23,10.12,11.12,12.12,60.0,1.01,1.11,1.21,6.0,Absolute_Failure,50
C17544,L9,TypeA,28.7,1.09,13.96,14.96,33.96,35.96,1.4,1.5,3.4,3.6,Sudden_Anomaly,50
C17545,L9,TypeB,30.93,1.26,9.51,10.51,29.51,31.51,0.95,1.05,2.95,3.15,Sudden_Anomaly,50
C17546,L9,TypeB,27.17,1.21,13.53,14.53,15.53,60.0,1.35,1.45,1.55,6.0,Absolute_Failure,50
C17547,L9,TypeA,31.89,1.12,13.93,13.93,13.93,13.93,1.39,1.39,1.39,1.39,High_Stable,50
C17548,L9,TypeA,27.59,1.16,12.66,13.66,14.66,60.0,1.27,1.37,1.47,6.0,Absolute_Failure,50
C17549,L9,TypeA,30.96,1.25,12.77,12.77,12.77,12.77,1.28,1.28,1.28,1.28,High_Stable,50
C17550,L9,TypeB,28.38,1.21,14.13,15.13,34.13,36.13,1.41,1.51,3.41,3.61,Sudden_Anomaly,50
C17551,L9,TypeA,33.24,1.02,10.5,11.5,12.5,60.0,1.05,1.15,1.25,6.0,Absolute_Failure,50
C17552,L9,TypeC,30.55,1.3,13.2,15.2,18.2,23.2,1.32,1.52,1.82,2.32,Latent_Defect,50
C17553,L9,TypeC,32.31,1.19,13.71,14.71,33.71,35.71,1.37,1.47,3.37,3.57,Sudden_Anomaly,50
C17554,L9,TypeC,30.82,1.26,8.53,10.53,13.53,18.53,0.85,1.05,1.35,1.85,Latent_Defect,50
C17555,L9,TypeB,33.26,1.17,13.43,14.43,15.43,16.43,1.34,1.44,1.54,1.64,Normal,50
C17556,L9,TypeB,25.27,1.13,13.26,14.26,15.26,16.26,1.33,1.43,1.53,1.63,Normal,50
C17557,L9,TypeC,29.14,1.08,11.53,13.53,16.53,21.53,1.15,1.35,1.65,2.15,Latent_Defect,50
C17558,L9,TypeC,31.06,1.26,13.92,14.92,15.92,16.92,1.39,1.49,1.59,1.69,Normal,50
C17559,L9,TypeC,25.45,1.27,13.5,14.5,15.5,60.0,1.35,1.45,1.55,6.0,Absolute_Failure,50
C17560,L9,TypeB,30.41,1.23,12.4,12.4,12.4,12.4,1.24,1.24,1.24,1.24,High_Stable,50
C17561,L9,TypeA,30.06,1.07,10.79,11.79,12.79,13.79,1.08,1.18,1.28,1.38,Normal,50
C17562,L9,TypeA,26.15,1.07,11.9,11.9,11.9,11.9,1.19,1.19,1.19,1.19,High_Stable,50
C17563,L9,TypeA,30.02,1.29,10.81,11.81,30.81,32.81,1.08,1.18,3.08,3.28,Sudden_Anomaly,50
C17564,L9,TypeA,25.15,1.17,9.63,10.63,29.63,31.63,0.96,1.06,2.96,3.16,Sudden_Anomaly,50
C17565,L9,TypeC,32.27,1.01,12.08,13.08,32.08,34.08,1.21,1.31,3.21,3.41,Sudden_Anomaly,50
C17566,L9,TypeA,31.7,1.25,10.05,10.05,10.05,10.05,1.01,1.01,1.01,1.01,High_Stable,50
C17567,L9,TypeA,34.97,1.02,10.07,11.07,12.07,60.0,1.01,1.11,1.21,6.0,Absolute_Failure,50
C17568,L9,TypeA,31.8,1.29,10.53,11.53,12.53,13.53,1.05,1.15,1.25,1.35,Normal,50
C17569,L9,TypeB,25.82,1.01,12.36,13.36,14.36,60.0,1.24,1.34,1.44,6.0,Absolute_Failure,50
C17570,L9,TypeA,26.64,1.28,9.34,10.34,11.34,12.34,0.93,1.03,1.13,1.23,Normal,50
C17571,L9,TypeB,26.84,1.03,9.59,10.59,11.59,60.0,0.96,1.06,1.16,6.0,Absolute_Failure,50
C17572,L9,TypeA,26.68,1.05,10.17,11.17,12.17,13.17,1.02,1.12,1.22,1.32,Normal,50
C17573,L9,TypeC,34.5,1.04,13.53,13.53,13.53,13.53,1.35,1.35,1.35,1.35,High_Stable,50
C17574,L9,TypeA,31.14,1.12,10.65,12.65,15.65,20.65,1.07,1.27,1.57,2.07,Latent_Defect,50
C17575,L9,TypeB,30.69,1.17,14.51,15.51,34.51,36.51,1.45,1.55,3.45,3.65,Sudden_Anomaly,50
C17576,L9,TypeA,26.83,1.14,9.72,10.72,11.72,12.72,0.97,1.07,1.17,1.27,Normal,50
C17577,L9,TypeB,34.67,1.2,12.86,13.86,32.86,34.86,1.29,1.39,3.29,3.49,Sudden_Anomaly,50
C17578,L9,TypeB,34.25,1.03,8.09,8.09,8.09,8.09,0.81,0.81,0.81,0.81,High_Stable,50
C17579,L9,TypeB,25.32,1.19,9.25,10.25,11.25,60.0,0.93,1.03,1.13,6.0,Absolute_Failure,50
C17580,L9,TypeA,28.45,1.2,14.95,15.95,34.95,36.95,1.5,1.6,3.5,3.7,Sudden_Anomaly,50
C17581,L9,TypeA,33.71,1.03,12.92,13.92,14.92,60.0,1.29,1.39,1.49,6.0,Absolute_Failure,50
C17582,L9,TypeC,26.33,1.11,8.56,8.56,8.56,8.56,0.86,0.86,0.86,0.86,High_Stable,50
C17583,L9,TypeA,30.07,1.29,12.9,14.9,17.9,22.9,1.29,1.49,1.79,2.29,Latent_Defect,50
C17584,L9,TypeB,33.59,1.22,11.33,13.33,16.33,21.33,1.13,1.33,1.63,2.13,Latent_Defect,50
C17585,L9,TypeC,34.27,1.02,13.01,13.01,13.01,13.01,1.3,1.3,1.3,1.3,High_Stable,50
C17586,L9,TypeA,31.91,1.24,9.13,10.13,29.13,31.13,0.91,1.01,2.91,3.11,Sudden_Anomaly,50
C17587,L9,TypeB,33.65,1.04,14.85,16.85,19.85,24.85,1.48,1.68,1.98,2.48,Latent_Defect,50
C17588,L9,TypeC,30.3,1.03,12.27,13.27,32.27,34.27,1.23,1.33,3.23,3.43,Sudden_Anomaly,50
C17589,L9,TypeB,29.13,1.16,13.41,14.41,15.41,60.0,1.34,1.44,1.54,6.0,Absolute_Failure,50
C17590,L9,TypeC,25.56,1.05,8.91,9.91,10.91,60.0,0.89,0.99,1.09,6.0,Absolute_Failure,50
C17591,L9,TypeC,26.42,1.16,9.24,9.24,9.24,9.24,0.92,0.92,0.92,0.92,High_Stable,50
C17592,L9,TypeC,25.52,1.16,13.9,13.9,13.9,13.9,1.39,1.39,1.39,1.39,High_Stable,50
C17593,L9,TypeB,34.21,1.06,10.63,12.63,15.63,20.63,1.06,1.26,1.56,2.06,Latent_Defect,50
C17594,L9,TypeB,32.77,1.22,8.54,10.54,13.54,18.54,0.85,1.05,1.35,1.85,Latent_Defect,50
C17595,L9,TypeC,33.54,1.12,11.15,13.15,16.15,21.15,1.11,1.31,1.61,2.11,Latent_Defect,50
C17596,L9,TypeB,31.37,1.03,13.08,14.08,33.08,35.08,1.31,1.41,3.31,3.51,Sudden_Anomaly,50
C17597,L9,TypeC,25.79,1.05,12.45,14.45,17.45,22.45,1.25,1.45,1.75,2.25,Latent_Defect,50
C17598,L9,TypeC,33.32,1.19,14.8,15.8,34.8,36.8,1.48,1.58,3.48,3.68,Sudden_Anomaly,50
C17599,L9,TypeB,31.67,1.29,9.72,10.72,11.72,12.72,0.97,1.07,1.17,1.27,Normal,50
C17600,L9,TypeA,34.37,1.13,9.97,10.97,11.97,60.0,1.0,1.1,1.2,6.0,Absolute_Failure,50
C17601,L9,TypeC,27.51,1.22,13.89,15.89,18.89,23.89,1.39,1.59,1.89,2.39,Latent_Defect,50
C17602,L9,TypeC,33.29,1.12,13.91,15.91,18.91,23.91,1.39,1.59,1.89,2.39,Latent_Defect,50
C17603,L9,TypeA,28.75,1.07,9.6,11.6,14.6,19.6,0.96,1.16,1.46,1.96,Latent_Defect,50
C17604,L9,TypeB,32.16,1.24,10.77,11.77,30.77,32.77,1.08,1.18,3.08,3.28,Sudden_Anomaly,50
C17605,L9,TypeC,28.56,1.02,8.73,9.73,28.73,30.73,0.87,0.97,2.87,3.07,Sudden_Anomaly,50
C17606,L9,TypeA,32.25,1.16,10.72,12.72,15.72,20.72,1.07,1.27,1.57,2.07,Latent_Defect,50
C17607,L9,TypeB,33.75,1.15,9.45,9.45,9.45,9.45,0.94,0.94,0.94,0.94,High_Stable,50
C17608,L9,TypeA,32.36,1.18,9.04,9.04,9.04,9.04,0.9,0.9,0.9,0.9,High_Stable,50
C17609,L9,TypeB,34.21,1.02,12.88,14.88,17.88,22.88,1.29,1.49,1.79,2.29,Latent_Defect,50
C17610,L9,TypeA,32.24,1.16,9.8,11.8,14.8,19.8,0.98,1.18,1.48,1.98,Latent_Defect,50
C17611,L9,TypeB,30.73,1.22,14.15,14.15,14.15,14.15,1.42,1.42,1.42,1.42,High_Stable,50
C17612,L9,TypeB,34.72,1.14,10.65,12.65,15.65,20.65,1.06,1.26,1.56,2.06,Latent_Defect,50
C17613,L9,TypeA,30.57,1.06,13.16,15.16,18.16,23.16,1.32,1.52,1.82,2.32,Latent_Defect,50
C17614,L9,TypeA,28.79,1.15,12.32,13.32,14.32,60.0,1.23,1.33,1.43,6.0,Absolute_Failure,50
C17615,L9,TypeC,28.23,1.01,9.54,9.54,9.54,9.54,0.95,0.95,0.95,0.95,High_Stable,50
C17616,L9,TypeB,34.04,1.26,9.77,11.77,14.77,19.77,0.98,1.18,1.48,1.98,Latent_Defect,50
C17617,L9,TypeB,30.76,1.19,10.46,11.46,12.46,13.46,1.05,1.15,1.25,1.35,Normal,50
C17618,L9,TypeA,33.69,1.01,10.17,11.17,30.17,32.17,1.02,1.12,3.02,3.22,Sudden_Anomaly,50
C17619,L9,TypeA,25.15,1.19,8.0,10.0,13.0,18.0,0.8,1.0,1.3,1.8,Latent_Defect,50
C17620,L9,TypeB,26.25,1.22,14.52,15.52,34.52,36.52,1.45,1.55,3.45,3.65,Sudden_Anomaly,50
C17621,L9,TypeA,26.31,1.12,11.2,12.2,31.2,33.2,1.12,1.22,3.12,3.32,Sudden_Anomaly,50
C17622,L9,TypeC,27.17,1.26,12.33,13.33,14.33,60.0,1.23,1.33,1.43,6.0,Absolute_Failure,50
C17623,L9,TypeC,25.49,1.12,12.48,13.48,14.48,15.48,1.25,1.35,1.45,1.55,Normal,50
C17624,L9,TypeC,31.45,1.27,11.46,12.46,31.46,33.46,1.15,1.25,3.15,3.35,Sudden_Anomaly,50
C17625,L9,TypeB,26.98,1.04,10.63,11.63,12.63,60.0,1.06,1.16,1.26,6.0,Absolute_Failure,50
C17626,L9,TypeC,32.73,1.17,8.89,10.89,13.89,18.89,0.89,1.09,1.39,1.89,Latent_Defect,50
C17627,L9,TypeB,30.49,1.25,14.24,16.24,19.24,24.24,1.42,1.62,1.92,2.42,Latent_Defect,50
C17628,L9,TypeB,33.04,1.16,9.09,10.09,29.09,31.09,0.91,1.01,2.91,3.11,Sudden_Anomaly,50
C17629,L9,TypeB,28.49,1.08,12.61,12.61,12.61,12.61,1.26,1.26,1.26,1.26,High_Stable,50
C17630,L9,TypeB,28.72,1.24,13.37,13.37,13.37,13.37,1.34,1.34,1.34,1.34,High_Stable,50
C17631,L9,TypeA,33.41,1.15,11.42,11.42,11.42,11.42,1.14,1.14,1.14,1.14,High_Stable,50
C17632,L9,TypeA,30.19,1.23,13.48,13.48,13.48,13.48,1.35,1.35,1.35,1.35,High_Stable,50
C17633,L9,TypeC,27.88,1.07,12.6,12.6,12.6,12.6,1.26,1.26,1.26,1.26,High_Stable,50
C17634,L9,TypeB,25.84,1.28,10.05,12.05,15.05,20.05,1.01,1.21,1.51,2.01,Latent_Defect,50
C17635,L9,TypeB,33.48,1.06,14.65,15.65,16.65,17.65,1.46,1.56,1.66,1.76,Normal,50
C17636,L9,TypeC,31.53,1.16,10.07,11.07,30.07,32.07,1.01,1.11,3.01,3.21,Sudden_Anomaly,50
C17637,L9,TypeA,26.04,1.12,14.38,15.38,34.38,36.38,1.44,1.54,3.44,3.64,Sudden_Anomaly,50
C17638,L9,TypeC,25.05,1.04,9.97,10.97,11.97,12.97,1.0,1.1,1.2,1.3,Normal,50
C17639,L9,TypeB,27.56,1.28,11.32,11.32,11.32,11.32,1.13,1.13,1.13,1.13,High_Stable,50
C17640,L9,TypeA,26.22,1.07,13.57,14.57,15.57,60.0,1.36,1.46,1.56,6.0,Absolute_Failure,50
C17641,L9,TypeB,29.85,1.01,10.23,11.23,12.23,60.0,1.02,1.12,1.22,6.0,Absolute_Failure,50
C17642,L9,TypeA,28.79,1.28,12.82,12.82,12.82,12.82,1.28,1.28,1.28,1.28,High_Stable,50
C17643,L9,TypeB,28.29,1.11,14.63,15.63,16.63,60.0,1.46,1.56,1.66,6.0,Absolute_Failure,50
C17644,L9,TypeB,27.56,1.1,14.72,15.72,16.72,60.0,1.47,1.57,1.67,6.0,Absolute_Failure,50
C17645,L9,TypeB,32.41,1.08,11.86,11.86,11.86,11.86,1.19,1.19,1.19,1.19,High_Stable,50
C17646,L9,TypeB,26.41,1.3,12.58,14.58,17.58,22.58,1.26,1.46,1.76,2.26,Latent_Defect,50
C17647,L9,TypeB,34.43,1.19,8.92,8.92,8.92,8.92,0.89,0.89,0.89,0.89,High_Stable,50
C17648,L9,TypeC,31.1,1.2,9.47,11.47,14.47,19.47,0.95,1.15,1.45,1.95,Latent_Defect,50
C17649,L9,TypeA,25.21,1.07,8.06,9.06,10.06,11.06,0.81,0.91,1.01,1.11,Normal,50
C17650,L9,TypeA,27.24,1.19,8.62,9.62,10.62,60.0,0.86,0.96,1.06,6.0,Absolute_Failure,50
C17651,L9,TypeB,25.5,1.13,9.19,11.19,14.19,19.19,0.92,1.12,1.42,1.92,Latent_Defect,50
C17652,L9,TypeC,32.15,1.09,8.3,9.3,28.3,30.3,0.83,0.93,2.83,3.03,Sudden_Anomaly,50
C17653,L9,TypeA,34.14,1.25,10.52,10.52,10.52,10.52,1.05,1.05,1.05,1.05,High_Stable,50
C17654,L9,TypeA,33.12,1.06,14.28,16.28,19.28,24.28,1.43,1.63,1.93,2.43,Latent_Defect,50
C17655,L9,TypeB,31.25,1.24,12.08,12.08,12.08,12.08,1.21,1.21,1.21,1.21,High_Stable,50
C17656,L9,TypeB,29.58,1.12,9.63,10.63,11.63,60.0,0.96,1.06,1.16,6.0,Absolute_Failure,50
C17657,L9,TypeA,29.39,1.02,9.09,10.09,11.09,60.0,0.91,1.01,1.11,6.0,Absolute_Failure,50
C17658,L9,TypeC,28.34,1.27,8.83,9.83,28.83,30.83,0.88,0.98,2.88,3.08,Sudden_Anomaly,50
C17659,L9,TypeC,28.0,1.07,14.15,15.15,34.15,36.15,1.41,1.51,3.41,3.61,Sudden_Anomaly,50
C17660,L9,TypeC,25.28,1.15,13.87,14.87,15.87,16.87,1.39,1.49,1.59,1.69,Normal,50
C17661,L9,TypeC,26.49,1.3,8.38,9.38,10.38,60.0,0.84,0.94,1.04,6.0,Absolute_Failure,50
C17662,L9,TypeA,33.05,1.26,13.56,14.56,15.56,60.0,1.36,1.46,1.56,6.0,Absolute_Failure,50
C17663,L9,TypeA,25.08,1.21,13.46,14.46,15.46,60.0,1.35,1.45,1.55,6.0,Absolute_Failure,50
C17664,L9,TypeC,30.95,1.14,11.4,11.4,11.4,11.4,1.14,1.14,1.14,1.14,High_Stable,50
C17665,L9,TypeA,29.19,1.2,12.78,13.78,14.78,60.0,1.28,1.38,1.48,6.0,Absolute_Failure,50
C17666,L9,TypeB,30.12,1.23,13.19,13.19,13.19,13.19,1.32,1.32,1.32,1.32,High_Stable,50
C17667,L9,TypeB,25.56,1.09,9.71,11.71,14.71,19.71,0.97,1.17,1.47,1.97,Latent_Defect,50
C17668,L9,TypeC,26.72,1.11,12.14,13.14,32.14,34.14,1.21,1.31,3.21,3.41,Sudden_Anomaly,50
C17669,L9,TypeC,30.72,1.27,9.91,10.91,11.91,60.0,0.99,1.09,1.19,6.0,Absolute_Failure,50
C17670,L9,TypeA,33.85,1.25,9.49,10.49,29.49,31.49,0.95,1.05,2.95,3.15,Sudden_Anomaly,50
C17671,L9,TypeB,28.78,1.24,12.94,13.94,14.94,60.0,1.29,1.39,1.49,6.0,Absolute_Failure,50
C17672,L9,TypeA,27.63,1.27,11.93,12.93,13.93,60.0,1.19,1.29,1.39,6.0,Absolute_Failure,50
C17673,L9,TypeA,27.67,1.2,14.33,15.33,16.33,17.33,1.43,1.53,1.63,1.73,Normal,50
C17674,L9,TypeA,32.72,1.26,14.94,15.94,16.94,60.0,1.49,1.59,1.69,6.0,Absolute_Failure,50
C17675,L9,TypeA,30.94,1.16,8.81,9.81,10.81,60.0,0.88,0.98,1.08,6.0,Absolute_Failure,50
C17676,L9,TypeC,25.19,1.05,10.88,10.88,10.88,10.88,1.09,1.09,1.09,1.09,High_Stable,50
C17677,L9,TypeC,28.97,1.11,13.52,14.52,15.52,16.52,1.35,1.45,1.55,1.65,Normal,50
C17678,L9,TypeA,29.1,1.2,13.24,14.24,15.24,60.0,1.32,1.42,1.52,6.0,Absolute_Failure,50
C17679,L9,TypeC,28.61,1.18,14.15,16.15,19.15,24.15,1.42,1.62,1.92,2.42,Latent_Defect,50
C17680,L9,TypeA,31.14,1.12,11.71,13.71,16.71,21.71,1.17,1.37,1.67,2.17,Latent_Defect,50
C17681,L9,TypeA,31.27,1.25,11.48,13.48,16.48,21.48,1.15,1.35,1.65,2.15,Latent_Defect,50
C17682,L9,TypeA,32.87,1.06,11.62,12.62,31.62,33.62,1.16,1.26,3.16,3.36,Sudden_Anomaly,50
C17683,L9,TypeB,30.27,1.11,11.93,13.93,16.93,21.93,1.19,1.39,1.69,2.19,Latent_Defect,50
C17684,L9,TypeC,26.54,1.23,12.2,12.2,12.2,12.2,1.22,1.22,1.22,1.22,High_Stable,50
C17685,L9,TypeB,26.24,1.0,12.17,12.17,12.17,12.17,1.22,1.22,1.22,1.22,High_Stable,50
C17686,L9,TypeB,27.04,1.29,9.7,10.7,11.7,60.0,0.97,1.07,1.17,6.0,Absolute_Failure,50
C17687,L9,TypeA,29.18,1.1,13.39,14.39,33.39,35.39,1.34,1.44,3.34,3.54,Sudden_Anomaly,50
C17688,L9,TypeC,32.09,1.23,8.55,9.55,28.55,30.55,0.85,0.95,2.85,3.05,Sudden_Anomaly,50
C17689,L9,TypeC,27.26,1.23,10.36,11.36,30.36,32.36,1.04,1.14,3.04,3.24,Sudden_Anomaly,50
C17690,L9,TypeB,28.16,1.3,8.96,8.96,8.96,8.96,0.9,0.9,0.9,0.9,High_Stable,50
C17691,L9,TypeC,25.45,1.23,12.06,13.06,14.06,60.0,1.21,1.31,1.41,6.0,Absolute_Failure,50
C17692,L9,TypeC,27.58,1.29,10.02,11.02,12.02,60.0,1.0,1.1,1.2,6.0,Absolute_Failure,50
C17693,L9,TypeA,25.48,1.12,13.71,14.71,15.71,60.0,1.37,1.47,1.57,6.0,Absolute_Failure,50
C17694,L9,TypeA,32.0,1.25,13.72,14.72,33.72,35.72,1.37,1.47,3.37,3.57,Sudden_Anomaly,50
C17695,L9,TypeA,33.78,1.08,11.35,11.35,11.35,11.35,1.13,1.13,1.13,1.13,High_Stable,50
C17696,L9,TypeA,32.3,1.21,13.09,14.09,15.09,16.09,1.31,1.41,1.51,1.61,Normal,50
C17697,L9,TypeB,28.52,1.08,9.68,10.68,29.68,31.68,0.97,1.07,2.97,3.17,Sudden_Anomaly,50
C17698,L9,TypeA,30.11,1.26,8.28,8.28,8.28,8.28,0.83,0.83,0.83,0.83,High_Stable,50
C17699,L9,TypeB,30.49,1.01,12.52,13.52,14.52,15.52,1.25,1.35,1.45,1.55,Normal,50
C17700,L9,TypeB,28.14,1.17,10.58,11.58,12.58,60.0,1.06,1.16,1.26,6.0,Absolute_Failure,50
C17701,L9,TypeB,32.4,1.06,9.21,10.21,11.21,60.0,0.92,1.02,1.12,6.0,Absolute_Failure,50
C17702,L9,TypeB,32.43,1.2,9.41,11.41,14.41,19.41,0.94,1.14,1.44,1.94,Latent_Defect,50
C17703,L9,TypeB,30.86,1.12,9.3,9.3,9.3,9.3,0.93,0.93,0.93,0.93,High_Stable,50
C17704,L9,TypeB,27.82,1.25,10.15,11.15,12.15,13.15,1.01,1.11,1.21,1.31,Normal,50
C17705,L9,TypeB,34.71,1.19,8.43,8.43,8.43,8.43,0.84,0.84,0.84,0.84,High_Stable,50
C17706,L9,TypeA,29.56,1.21,8.58,10.58,13.58,18.58,0.86,1.06,1.36,1.86,Latent_Defect,50
C17707,L9,TypeB,25.87,1.17,9.75,11.75,14.75,19.75,0.97,1.17,1.47,1.97,Latent_Defect,50
C17708,L9,TypeC,34.0,1.21,8.52,9.52,10.52,11.52,0.85,0.95,1.05,1.15,Normal,50
C17709,L9,TypeA,27.75,1.01,10.77,10.77,10.77,10.77,1.08,1.08,1.08,1.08,High_Stable,50
C17710,L9,TypeB,32.94,1.17,13.72,14.72,33.72,35.72,1.37,1.47,3.37,3.57,Sudden_Anomaly,50
C17711,L9,TypeB,30.84,1.14,12.88,12.88,12.88,12.88,1.29,1.29,1.29,1.29,High_Stable,50
C17712,L9,TypeC,28.78,1.12,10.9,11.9,30.9,32.9,1.09,1.19,3.09,3.29,Sudden_Anomaly,50
C17713,L9,TypeB,30.41,1.25,10.32,11.32,12.32,60.0,1.03,1.13,1.23,6.0,Absolute_Failure,50
C17714,L9,TypeA,28.35,1.23,13.43,14.43,15.43,60.0,1.34,1.44,1.54,6.0,Absolute_Failure,50
C17715,L9,TypeA,27.84,1.13,13.54,15.54,18.54,23.54,1.35,1.55,1.85,2.35,Latent_Defect,50
C17716,L9,TypeC,34.7,1.26,13.78,15.78,18.78,23.78,1.38,1.58,1.88,2.38,Latent_Defect,50
C17717,L9,TypeB,26.68,1.26,12.19,13.19,14.19,60.0,1.22,1.32,1.42,6.0,Absolute_Failure,50
C17718,L9,TypeB,28.4,1.29,12.97,13.97,14.97,60.0,1.3,1.4,1.5,6.0,Absolute_Failure,50
C17719,L9,TypeC,34.65,1.21,11.24,12.24,13.24,60.0,1.12,1.22,1.32,6.0,Absolute_Failure,50
C17720,L9,TypeC,25.03,1.2,12.65,13.65,32.65,34.65,1.27,1.37,3.27,3.47,Sudden_Anomaly,50
C17721,L9,TypeB,27.46,1.03,9.91,9.91,9.91,9.91,0.99,0.99,0.99,0.99,High_Stable,50
C17722,L9,TypeC,25.9,1.07,8.39,9.39,28.39,30.39,0.84,0.94,2.84,3.04,Sudden_Anomaly,50
C17723,L9,TypeA,34.17,1.14,14.84,16.84,19.84,24.84,1.48,1.68,1.98,2.48,Latent_Defect,50
C17724,L9,TypeC,27.18,1.2,12.25,13.25,14.25,15.25,1.22,1.32,1.42,1.52,Normal,50
C17725,L9,TypeB,31.51,1.05,8.14,8.14,8.14,8.14,0.81,0.81,0.81,0.81,High_Stable,50
C17726,L9,TypeB,32.84,1.05,12.45,12.45,12.45,12.45,1.24,1.24,1.24,1.24,High_Stable,50
C17727,L9,TypeC,27.65,1.21,8.37,9.37,10.37,11.37,0.84,0.94,1.04,1.14,Normal,50
C17728,L9,TypeA,31.84,1.06,9.09,11.09,14.09,19.09,0.91,1.11,1.41,1.91,Latent_Defect,50
C17729,L9,TypeA,26.9,1.14,14.94,14.94,14.94,14.94,1.49,1.49,1.49,1.49,High_Stable,50
C17730,L9,TypeC,32.47,1.22,11.13,13.13,16.13,21.13,1.11,1.31,1.61,2.11,Latent_Defect,50
C17731,L9,TypeA,27.67,1.1,13.23,14.23,33.23,35.23,1.32,1.42,3.32,3.52,Sudden_Anomaly,50
C17732,L9,TypeB,32.73,1.2,12.42,13.42,14.42,60.0,1.24,1.34,1.44,6.0,Absolute_Failure,50
C17733,L9,TypeC,32.37,1.08,8.91,10.91,13.91,18.91,0.89,1.09,1.39,1.89,Latent_Defect,50
C17734,L9,TypeA,28.21,1.21,9.09,9.09,9.09,9.09,0.91,0.91,0.91,0.91,High_Stable,50
C17735,L9,TypeC,32.56,1.16,13.84,14.84,33.84,35.84,1.38,1.48,3.38,3.58,Sudden_Anomaly,50
C17736,L9,TypeA,33.51,1.0,12.08,13.08,32.08,34.08,1.21,1.31,3.21,3.41,Sudden_Anomaly,50
C17737,L9,TypeC,31.68,1.24,12.82,13.82,14.82,60.0,1.28,1.38,1.48,6.0,Absolute_Failure,50
C17738,L9,TypeA,31.78,1.06,10.83,12.83,15.83,20.83,1.08,1.28,1.58,2.08,Latent_Defect,50
C17739,L9,TypeC,34.65,1.14,8.54,10.54,13.54,18.54,0.85,1.05,1.35,1.85,Latent_Defect,50
C17740,L9,TypeB,32.85,1.05,14.76,16.76,19.76,24.76,1.48,1.68,1.98,2.48,Latent_Defect,50
C17741,L9,TypeB,30.05,1.2,8.08,9.08,10.08,60.0,0.81,0.91,1.01,6.0,Absolute_Failure,50
C17742,L9,TypeB,33.14,1.27,10.47,11.47,30.47,32.47,1.05,1.15,3.05,3.25,Sudden_Anomaly,50
C17743,L9,TypeA,33.86,1.28,13.65,14.65,15.65,16.65,1.37,1.47,1.57,1.67,Normal,50
C17744,L9,TypeC,25.61,1.17,14.35,14.35,14.35,14.35,1.43,1.43,1.43,1.43,High_Stable,50
C17745,L9,TypeB,30.08,1.1,10.53,12.53,15.53,20.53,1.05,1.25,1.55,2.05,Latent_Defect,50
C17746,L9,TypeA,29.98,1.06,14.42,15.42,34.42,36.42,1.44,1.54,3.44,3.64,Sudden_Anomaly,50
C17747,L9,TypeB,30.31,1.13,13.18,15.18,18.18,23.18,1.32,1.52,1.82,2.32,Latent_Defect,50
C17748,L9,TypeB,27.54,1.1,12.32,13.32,14.32,60.0,1.23,1.33,1.43,6.0,Absolute_Failure,50
C17749,L9,TypeB,32.71,1.12,10.58,11.58,30.58,32.58,1.06,1.16,3.06,3.26,Sudden_Anomaly,50
C17750,L9,TypeB,28.47,1.26,9.08,10.08,11.08,12.08,0.91,1.01,1.11,1.21,Normal,50
C17751,L9,TypeA,29.33,1.12,9.08,10.08,29.08,31.08,0.91,1.01,2.91,3.11,Sudden_Anomaly,50
C17752,L9,TypeC,34.34,1.06,11.86,12.86,31.86,33.86,1.19,1.29,3.19,3.39,Sudden_Anomaly,50
C17753,L9,TypeB,28.16,1.2,11.58,13.58,16.58,21.58,1.16,1.36,1.66,2.16,Latent_Defect,50
C17754,L9,TypeA,31.13,1.29,9.69,10.69,11.69,12.69,0.97,1.07,1.17,1.27,Normal,50
C17755,L9,TypeB,31.68,1.1,14.13,14.13,14.13,14.13,1.41,1.41,1.41,1.41,High_Stable,50
C17756,L9,TypeB,26.06,1.11,10.84,11.84,30.84,32.84,1.08,1.18,3.08,3.28,Sudden_Anomaly,50
C17757,L9,TypeB,27.9,1.19,13.12,14.12,33.12,35.12,1.31,1.41,3.31,3.51,Sudden_Anomaly,50
C17758,L9,TypeA,30.5,1.28,13.63,13.63,13.63,13.63,1.36,1.36,1.36,1.36,High_Stable,50
C17759,L9,TypeB,32.39,1.0,14.35,15.35,34.35,36.35,1.44,1.54,3.44,3.64,Sudden_Anomaly,50
C17760,L9,TypeC,30.47,1.21,14.75,15.75,34.75,36.75,1.47,1.57,3.47,3.67,Sudden_Anomaly,50
C17761,L9,TypeC,30.71,1.07,14.58,15.58,34.58,36.58,1.46,1.56,3.46,3.66,Sudden_Anomaly,50
C17762,L9,TypeA,30.82,1.05,8.02,9.02,28.02,30.02,0.8,0.9,2.8,3.0,Sudden_Anomaly,50
C17763,L9,TypeC,34.91,1.18,12.31,13.31,32.31,34.31,1.23,1.33,3.23,3.43,Sudden_Anomaly,50
C17764,L9,TypeC,29.68,1.19,13.42,14.42,15.42,16.42,1.34,1.44,1.54,1.64,Normal,50
C17765,L9,TypeC,30.77,1.04,9.58,10.58,29.58,31.58,0.96,1.06,2.96,3.16,Sudden_Anomaly,50
C17766,L9,TypeC,26.21,1.14,14.17,14.17,14.17,14.17,1.42,1.42,1.42,1.42,High_Stable,50
C17767,L9,TypeB,27.19,1.09,11.7,13.7,16.7,21.7,1.17,1.37,1.67,2.17,Latent_Defect,50
C17768,L9,TypeC,28.99,1.29,10.7,11.7,30.7,32.7,1.07,1.17,3.07,3.27,Sudden_Anomaly,50
C17769,L9,TypeA,33.42,1.09,9.92,10.92,11.92,60.0,0.99,1.09,1.19,6.0,Absolute_Failure,50
C17770,L9,TypeA,25.37,1.21,10.58,11.58,12.58,13.58,1.06,1.16,1.26,1.36,Normal,50
C17771,L9,TypeA,28.78,1.14,11.58,12.58,13.58,60.0,1.16,1.26,1.36,6.0,Absolute_Failure,50
C17772,L9,TypeC,27.15,1.28,12.25,13.25,32.25,34.25,1.22,1.32,3.22,3.42,Sudden_Anomaly,50
C17773,L9,TypeA,33.82,1.05,11.2,12.2,31.2,33.2,1.12,1.22,3.12,3.32,Sudden_Anomaly,50
C17774,L9,TypeA,28.22,1.09,9.69,9.69,9.69,9.69,0.97,0.97,0.97,0.97,High_Stable,50
C17775,L9,TypeC,27.56,1.15,14.65,15.65,16.65,60.0,1.46,1.56,1.66,6.0,Absolute_Failure,50
C17776,L9,TypeC,32.39,1.25,9.77,10.77,11.77,12.77,0.98,1.08,1.18,1.28,Normal,50
C17777,L9,TypeC,30.95,1.24,15.0,17.0,20.0,25.0,1.5,1.7,2.0,2.5,Latent_Defect,50
C17778,L9,TypeA,33.61,1.23,8.06,8.06,8.06,8.06,0.81,0.81,0.81,0.81,High_Stable,50
C17779,L9,TypeB,31.66,1.04,10.21,11.21,30.21,32.21,1.02,1.12,3.02,3.22,Sudden_Anomaly,50
C17780,L9,TypeA,26.34,1.02,13.3,14.3,33.3,35.3,1.33,1.43,3.33,3.53,Sudden_Anomaly,50
C17781,L9,TypeC,34.69,1.11,14.65,16.65,19.65,24.65,1.47,1.67,1.97,2.47,Latent_Defect,50
C17782,L9,TypeC,33.84,1.08,13.7,14.7,15.7,16.7,1.37,1.47,1.57,1.67,Normal,50
C17783,L9,TypeB,31.24,1.04,10.7,11.7,30.7,32.7,1.07,1.17,3.07,3.27,Sudden_Anomaly,50
C17784,L9,TypeB,30.26,1.24,8.49,10.49,13.49,18.49,0.85,1.05,1.35,1.85,Latent_Defect,50
C17785,L9,TypeC,26.16,1.03,8.07,9.07,10.07,11.07,0.81,0.91,1.01,1.11,Normal,50
C17786,L9,TypeB,33.3,1.2,9.4,9.4,9.4,9.4,0.94,0.94,0.94,0.94,High_Stable,50
C17787,L9,TypeA,30.72,1.19,8.87,9.87,28.87,30.87,0.89,0.99,2.89,3.09,Sudden_Anomaly,50
C17788,L9,TypeA,28.87,1.06,11.1,12.1,13.1,60.0,1.11,1.21,1.31,6.0,Absolute_Failure,50
C17789,L9,TypeA,31.56,1.28,10.98,11.98,12.98,13.98,1.1,1.2,1.3,1.4,Normal,50
C17790,L9,TypeC,31.69,1.15,12.1,14.1,17.1,22.1,1.21,1.41,1.71,2.21,Latent_Defect,50
C17791,L9,TypeA,32.81,1.04,12.76,14.76,17.76,22.76,1.28,1.48,1.78,2.28,Latent_Defect,50
C17792,L9,TypeB,31.75,1.16,8.53,9.53,10.53,60.0,0.85,0.95,1.05,6.0,Absolute_Failure,50
C17793,L9,TypeB,34.52,1.06,12.26,13.26,14.26,15.26,1.23,1.33,1.43,1.53,Normal,50
C17794,L9,TypeA,33.31,1.29,8.84,8.84,8.84,8.84,0.88,0.88,0.88,0.88,High_Stable,50
C17795,L9,TypeA,31.14,1.24,14.7,15.7,16.7,17.7,1.47,1.57,1.67,1.77,Normal,50
C17796,L9,TypeA,33.79,1.01,10.48,10.48,10.48,10.48,1.05,1.05,1.05,1.05,High_Stable,50
C17797,L9,TypeB,29.29,1.25,11.29,12.29,13.29,60.0,1.13,1.23,1.33,6.0,Absolute_Failure,50
C17798,L9,TypeA,33.06,1.1,12.66,13.66,14.66,60.0,1.27,1.37,1.47,6.0,Absolute_Failure,50
C17799,L9,TypeA,27.62,1.02,10.58,10.58,10.58,10.58,1.06,1.06,1.06,1.06,High_Stable,50
C17800,L9,TypeA,26.63,1.16,13.39,14.39,33.39,35.39,1.34,1.44,3.34,3.54,Sudden_Anomaly,50
C17801,L9,TypeB,25.19,1.24,11.39,11.39,11.39,11.39,1.14,1.14,1.14,1.14,High_Stable,50
C17802,L9,TypeC,26.65,1.14,14.19,15.19,34.19,36.19,1.42,1.52,3.42,3.62,Sudden_Anomaly,50
C17803,L9,TypeB,29.31,1.08,9.06,10.06,11.06,12.06,0.91,1.01,1.11,1.21,Normal,50
C17804,L9,TypeB,31.82,1.22,13.42,14.42,15.42,16.42,1.34,1.44,1.54,1.64,Normal,50
C17805,L9,TypeA,30.56,1.28,12.34,13.34,14.34,15.34,1.23,1.33,1.43,1.53,Normal,50
C17806,L9,TypeC,27.73,1.24,10.01,11.01,30.01,32.01,1.0,1.1,3.0,3.2,Sudden_Anomaly,50
C17807,L9,TypeA,28.59,1.21,12.18,12.18,12.18,12.18,1.22,1.22,1.22,1.22,High_Stable,50
C17808,L9,TypeA,25.19,1.15,8.66,8.66,8.66,8.66,0.87,0.87,0.87,0.87,High_Stable,50
C17809,L9,TypeC,33.52,1.15,13.46,15.46,18.46,23.46,1.35,1.55,1.85,2.35,Latent_Defect,50
C17810,L9,TypeA,30.26,1.24,14.16,15.16,16.16,17.16,1.42,1.52,1.62,1.72,Normal,50
C17811,L9,TypeC,29.41,1.14,9.73,10.73,11.73,12.73,0.97,1.07,1.17,1.27,Normal,50
C17812,L9,TypeC,33.15,1.21,10.14,11.14,30.14,32.14,1.01,1.11,3.01,3.21,Sudden_Anomaly,50
C17813,L9,TypeB,32.07,1.21,12.18,14.18,17.18,22.18,1.22,1.42,1.72,2.22,Latent_Defect,50
C17814,L9,TypeA,27.6,1.21,12.42,13.42,14.42,15.42,1.24,1.34,1.44,1.54,Normal,50
C17815,L9,TypeC,32.33,1.28,10.67,11.67,30.67,32.67,1.07,1.17,3.07,3.27,Sudden_Anomaly,50
C17816,L9,TypeB,29.86,1.11,10.12,11.12,30.12,32.12,1.01,1.11,3.01,3.21,Sudden_Anomaly,50
C17817,L9,TypeA,29.75,1.2,10.34,11.34,12.34,60.0,1.03,1.13,1.23,6.0,Absolute_Failure,50
C17818,L9,TypeC,29.72,1.2,12.77,13.77,14.77,15.77,1.28,1.38,1.48,1.58,Normal,50
C17819,L9,TypeA,33.03,1.3,9.73,10.73,11.73,12.73,0.97,1.07,1.17,1.27,Normal,50
C17820,L9,TypeB,25.06,1.17,8.51,9.51,28.51,30.51,0.85,0.95,2.85,3.05,Sudden_Anomaly,50
C17821,L9,TypeA,28.97,1.17,13.39,14.39,33.39,35.39,1.34,1.44,3.34,3.54,Sudden_Anomaly,50
C17822,L9,TypeC,33.03,1.15,12.01,14.01,17.01,22.01,1.2,1.4,1.7,2.2,Latent_Defect,50
C17823,L9,TypeB,32.29,1.13,9.5,9.5,9.5,9.5,0.95,0.95,0.95,0.95,High_Stable,50
C17824,L9,TypeA,30.16,1.24,11.03,11.03,11.03,11.03,1.1,1.1,1.1,1.1,High_Stable,50
C17825,L9,TypeB,34.56,1.2,9.61,10.61,11.61,12.61,0.96,1.06,1.16,1.26,Normal,50
C17826,L9,TypeB,33.01,1.16,10.79,11.79,12.79,60.0,1.08,1.18,1.28,6.0,Absolute_Failure,50
C17827,L9,TypeC,32.13,1.08,11.97,11.97,11.97,11.97,1.2,1.2,1.2,1.2,High_Stable,50
C17828,L9,TypeB,29.65,1.02,8.22,8.22,8.22,8.22,0.82,0.82,0.82,0.82,High_Stable,50
C17829,L9,TypeA,33.16,1.28,10.03,11.03,12.03,60.0,1.0,1.1,1.2,6.0,Absolute_Failure,50
C17830,L9,TypeA,26.89,1.22,10.16,10.16,10.16,10.16,1.02,1.02,1.02,1.02,High_Stable,50
C17831,L9,TypeB,30.46,1.3,11.64,12.64,13.64,60.0,1.16,1.26,1.36,6.0,Absolute_Failure,50
C17832,L9,TypeA,32.41,1.12,10.07,10.07,10.07,10.07,1.01,1.01,1.01,1.01,High_Stable,50
C17833,L9,TypeB,25.71,1.09,10.39,11.39,30.39,32.39,1.04,1.14,3.04,3.24,Sudden_Anomaly,50
C17834,L9,TypeB,29.19,1.01,13.74,14.74,33.74,35.74,1.37,1.47,3.37,3.57,Sudden_Anomaly,50
C17835,L9,TypeC,30.6,1.04,9.24,10.24,29.24,31.24,0.92,1.02,2.92,3.12,Sudden_Anomaly,50
C17836,L9,TypeA,33.23,1.08,12.05,13.05,14.05,60.0,1.21,1.31,1.41,6.0,Absolute_Failure,50
C17837,L9,TypeB,28.72,1.28,12.69,12.69,12.69,12.69,1.27,1.27,1.27,1.27,High_Stable,50
C17838,L9,TypeA,27.11,1.15,13.5,14.5,33.5,35.5,1.35,1.45,3.35,3.55,Sudden_Anomaly,50
C17839,L9,TypeB,28.65,1.2,10.56,12.56,15.56,20.56,1.06,1.26,1.56,2.06,Latent_Defect,50
C17840,L9,TypeA,32.21,1.21,13.66,14.66,15.66,16.66,1.37,1.47,1.57,1.67,Normal,50
C17841,L9,TypeC,29.49,1.27,8.46,9.46,28.46,30.46,0.85,0.95,2.85,3.05,Sudden_Anomaly,50
C17842,L9,TypeA,25.7,1.2,14.0,15.0,34.0,36.0,1.4,1.5,3.4,3.6,Sudden_Anomaly,50
C17843,L9,TypeC,29.76,1.22,8.97,8.97,8.97,8.97,0.9,0.9,0.9,0.9,High_Stable,50
C17844,L9,TypeB,31.24,1.11,11.5,13.5,16.5,21.5,1.15,1.35,1.65,2.15,Latent_Defect,50
C17845,L9,TypeB,25.83,1.23,10.07,11.07,30.07,32.07,1.01,1.11,3.01,3.21,Sudden_Anomaly,50
C17846,L9,TypeC,34.09,1.18,14.21,14.21,14.21,14.21,1.42,1.42,1.42,1.42,High_Stable,50
C17847,L9,TypeA,29.52,1.19,9.02,10.02,11.02,12.02,0.9,1.0,1.1,1.2,Normal,50
C17848,L9,TypeA,34.89,1.2,8.69,10.69,13.69,18.69,0.87,1.07,1.37,1.87,Latent_Defect,50
C17849,L9,TypeC,25.86,1.2,10.81,11.81,12.81,60.0,1.08,1.18,1.28,6.0,Absolute_Failure,50
C17850,L9,TypeA,26.9,1.16,10.88,12.88,15.88,20.88,1.09,1.29,1.59,2.09,Latent_Defect,50
C17851,L9,TypeC,26.1,1.12,14.38,15.38,16.38,60.0,1.44,1.54,1.64,6.0,Absolute_Failure,50
C17852,L9,TypeB,27.46,1.22,8.58,9.58,10.58,11.58,0.86,0.96,1.06,1.16,Normal,50
C17853,L9,TypeC,26.53,1.01,13.56,15.56,18.56,23.56,1.36,1.56,1.86,2.36,Latent_Defect,50
C17854,L9,TypeA,27.82,1.16,11.35,12.35,13.35,14.35,1.13,1.23,1.33,1.43,Normal,50
C17855,L9,TypeC,32.53,1.19,13.55,14.55,15.55,60.0,1.36,1.46,1.56,6.0,Absolute_Failure,50
C17856,L9,TypeC,33.42,1.07,8.79,9.79,10.79,11.79,0.88,0.98,1.08,1.18,Normal,50
C17857,L9,TypeB,31.89,1.15,14.19,15.19,34.19,36.19,1.42,1.52,3.42,3.62,Sudden_Anomaly,50
C17858,L9,TypeC,27.78,1.08,9.27,10.27,11.27,60.0,0.93,1.03,1.13,6.0,Absolute_Failure,50
C17859,L9,TypeA,33.52,1.14,12.94,14.94,17.94,22.94,1.29,1.49,1.79,2.29,Latent_Defect,50
C17860,L9,TypeC,30.22,1.02,13.84,13.84,13.84,13.84,1.38,1.38,1.38,1.38,High_Stable,50
C17861,L9,TypeB,31.01,1.11,10.27,12.27,15.27,20.27,1.03,1.23,1.53,2.03,Latent_Defect,50
C17862,L9,TypeC,25.82,1.24,10.91,10.91,10.91,10.91,1.09,1.09,1.09,1.09,High_Stable,50
C17863,L9,TypeC,34.41,1.04,11.36,12.36,31.36,33.36,1.14,1.24,3.14,3.34,Sudden_Anomaly,50
C17864,L9,TypeC,34.12,1.0,11.19,12.19,13.19,60.0,1.12,1.22,1.32,6.0,Absolute_Failure,50
C17865,L9,TypeC,31.43,1.13,14.79,14.79,14.79,14.79,1.48,1.48,1.48,1.48,High_Stable,50
C17866,L9,TypeC,26.69,1.27,11.07,12.07,31.07,33.07,1.11,1.21,3.11,3.31,Sudden_Anomaly,50
C17867,L9,TypeB,27.61,1.14,13.26,14.26,15.26,60.0,1.33,1.43,1.53,6.0,Absolute_Failure,50
C17868,L9,TypeB,33.74,1.16,14.63,15.63,16.63,17.63,1.46,1.56,1.66,1.76,Normal,50
C17869,L9,TypeA,31.06,1.2,9.62,11.62,14.62,19.62,0.96,1.16,1.46,1.96,Latent_Defect,50
C17870,L9,TypeC,25.62,1.11,11.67,12.67,31.67,33.67,1.17,1.27,3.17,3.37,Sudden_Anomaly,50
C17871,L9,TypeC,32.05,1.26,8.97,9.97,28.97,30.97,0.9,1.0,2.9,3.1,Sudden_Anomaly,50
C17872,L9,TypeC,34.22,1.28,12.67,12.67,12.67,12.67,1.27,1.27,1.27,1.27,High_Stable,50
C17873,L9,TypeB,25.17,1.01,10.83,12.83,15.83,20.83,1.08,1.28,1.58,2.08,Latent_Defect,50
C17874,L9,TypeA,29.11,1.0,11.91,13.91,16.91,21.91,1.19,1.39,1.69,2.19,Latent_Defect,50
C17875,L9,TypeB,34.97,1.14,14.29,16.29,19.29,24.29,1.43,1.63,1.93,2.43,Latent_Defect,50
C17876,L9,TypeA,30.7,1.0,10.32,10.32,10.32,10.32,1.03,1.03,1.03,1.03,High_Stable,50
C17877,L9,TypeC,30.29,1.04,8.91,8.91,8.91,8.91,0.89,0.89,0.89,0.89,High_Stable,50
C17878,L9,TypeA,27.3,1.19,12.64,13.64,14.64,60.0,1.26,1.36,1.46,6.0,Absolute_Failure,50
C17879,L9,TypeC,28.79,1.26,14.36,15.36,16.36,17.36,1.44,1.54,1.64,1.74,Normal,50
C17880,L9,TypeA,30.66,1.02,14.21,15.21,34.21,36.21,1.42,1.52,3.42,3.62,Sudden_Anomaly,50
C17881,L9,TypeC,27.0,1.22,10.0,11.0,12.0,60.0,1.0,1.1,1.2,6.0,Absolute_Failure,50
C17882,L9,TypeB,26.32,1.08,12.64,14.64,17.64,22.64,1.26,1.46,1.76,2.26,Latent_Defect,50
C17883,L9,TypeA,31.68,1.09,8.96,9.96,10.96,60.0,0.9,1.0,1.1,6.0,Absolute_Failure,50
C17884,L9,TypeC,30.73,1.26,12.29,13.29,32.29,34.29,1.23,1.33,3.23,3.43,Sudden_Anomaly,50
C17885,L9,TypeB,28.21,1.07,11.61,11.61,11.61,11.61,1.16,1.16,1.16,1.16,High_Stable,50
C17886,L9,TypeB,33.3,1.22,9.57,10.57,11.57,12.57,0.96,1.06,1.16,1.26,Normal,50
C17887,L9,TypeB,26.38,1.2,9.6,10.6,11.6,12.6,0.96,1.06,1.16,1.26,Normal,50
C17888,L9,TypeC,29.15,1.18,11.11,11.11,11.11,11.11,1.11,1.11,1.11,1.11,High_Stable,50
C17889,L9,TypeB,26.27,1.05,13.14,13.14,13.14,13.14,1.31,1.31,1.31,1.31,High_Stable,50
C17890,L9,TypeA,25.99,1.24,9.01,11.01,14.01,19.01,0.9,1.1,1.4,1.9,Latent_Defect,50
C17891,L9,TypeB,27.85,1.09,13.9,14.9,15.9,60.0,1.39,1.49,1.59,6.0,Absolute_Failure,50
C17892,L9,TypeC,31.48,1.29,13.57,14.57,15.57,60.0,1.36,1.46,1.56,6.0,Absolute_Failure,50
C17893,L9,TypeC,26.6,1.12,10.46,12.46,15.46,20.46,1.05,1.25,1.55,2.05,Latent_Defect,50
C17894,L9,TypeA,25.69,1.22,10.3,11.3,12.3,60.0,1.03,1.13,1.23,6.0,Absolute_Failure,50
C17895,L9,TypeB,29.95,1.17,13.76,15.76,18.76,23.76,1.38,1.58,1.88,2.38,Latent_Defect,50
C17896,L9,TypeB,30.83,1.23,10.96,11.96,30.96,32.96,1.1,1.2,3.1,3.3,Sudden_Anomaly,50
C17897,L9,TypeC,34.61,1.05,10.52,11.52,30.52,32.52,1.05,1.15,3.05,3.25,Sudden_Anomaly,50
C17898,L9,TypeA,25.62,1.17,14.47,14.47,14.47,14.47,1.45,1.45,1.45,1.45,High_Stable,50
C17899,L9,TypeA,30.96,1.18,12.92,13.92,32.92,34.92,1.29,1.39,3.29,3.49,Sudden_Anomaly,50
C17900,L9,TypeA,25.07,1.05,9.71,10.71,11.71,60.0,0.97,1.07,1.17,6.0,Absolute_Failure,50
C17901,L9,TypeA,26.22,1.26,10.35,12.35,15.35,20.35,1.03,1.23,1.53,2.03,Latent_Defect,50
C17902,L9,TypeC,31.99,1.26,11.89,11.89,11.89,11.89,1.19,1.19,1.19,1.19,High_Stable,50
C17903,L9,TypeA,25.05,1.24,12.58,13.58,32.58,34.58,1.26,1.36,3.26,3.46,Sudden_Anomaly,50
C17904,L9,TypeC,33.37,1.2,12.0,12.0,12.0,12.0,1.2,1.2,1.2,1.2,High_Stable,50
C17905,L9,TypeA,30.01,1.08,9.15,10.15,11.15,60.0,0.92,1.02,1.12,6.0,Absolute_Failure,50
C17906,L9,TypeC,31.73,1.13,8.03,9.03,10.03,11.03,0.8,0.9,1.0,1.1,Normal,50
C17907,L9,TypeC,31.23,1.08,11.6,12.6,13.6,60.0,1.16,1.26,1.36,6.0,Absolute_Failure,50
C17908,L9,TypeB,32.61,1.3,8.98,9.98,10.98,60.0,0.9,1.0,1.1,6.0,Absolute_Failure,50
C17909,L9,TypeB,31.03,1.21,12.2,13.2,32.2,34.2,1.22,1.32,3.22,3.42,Sudden_Anomaly,50
C17910,L9,TypeA,26.56,1.03,11.83,13.83,16.83,21.83,1.18,1.38,1.68,2.18,Latent_Defect,50
C17911,L9,TypeA,25.59,1.18,10.88,11.88,30.88,32.88,1.09,1.19,3.09,3.29,Sudden_Anomaly,50
C17912,L9,TypeC,28.53,1.14,14.32,14.32,14.32,14.32,1.43,1.43,1.43,1.43,High_Stable,50
C17913,L9,TypeB,28.19,1.29,8.62,9.62,10.62,60.0,0.86,0.96,1.06,6.0,Absolute_Failure,50
C17914,L9,TypeA,30.56,1.1,9.35,10.35,29.35,31.35,0.94,1.04,2.94,3.14,Sudden_Anomaly,50
C17915,L9,TypeC,34.17,1.18,13.41,14.41,15.41,60.0,1.34,1.44,1.54,6.0,Absolute_Failure,50
C17916,L9,TypeC,30.32,1.14,11.84,12.84,31.84,33.84,1.18,1.28,3.18,3.38,Sudden_Anomaly,50
C17917,L9,TypeB,33.84,1.29,9.59,11.59,14.59,19.59,0.96,1.16,1.46,1.96,Latent_Defect,50
C17918,L9,TypeA,33.33,1.14,13.07,14.07,15.07,16.07,1.31,1.41,1.51,1.61,Normal,50
C17919,L9,TypeC,34.63,1.26,13.08,14.08,15.08,16.08,1.31,1.41,1.51,1.61,Normal,50
C17920,L9,TypeC,29.25,1.09,9.01,9.01,9.01,9.01,0.9,0.9,0.9,0.9,High_Stable,50
C17921,L9,TypeB,34.4,1.19,12.07,12.07,12.07,12.07,1.21,1.21,1.21,1.21,High_Stable,50
C17922,L9,TypeB,30.48,1.08,14.45,15.45,16.45,17.45,1.45,1.55,1.65,1.75,Normal,50
C17923,L9,TypeA,30.11,1.19,9.2,9.2,9.2,9.2,0.92,0.92,0.92,0.92,High_Stable,50
C17924,L9,TypeB,30.71,1.13,8.69,8.69,8.69,8.69,0.87,0.87,0.87,0.87,High_Stable,50
C17925,L9,TypeB,27.52,1.15,10.17,11.17,12.17,13.17,1.02,1.12,1.22,1.32,Normal,50
C17926,L9,TypeA,32.84,1.21,12.71,13.71,14.71,15.71,1.27,1.37,1.47,1.57,Normal,50
C17927,L9,TypeB,26.44,1.28,11.73,13.73,16.73,21.73,1.17,1.37,1.67,2.17,Latent_Defect,50
C17928,L9,TypeA,31.18,1.2,8.73,9.73,10.73,60.0,0.87,0.97,1.07,6.0,Absolute_Failure,50
C17929,L9,TypeA,25.78,1.03,9.76,10.76,11.76,60.0,0.98,1.08,1.18,6.0,Absolute_Failure,50
C17930,L9,TypeA,29.32,1.24,9.67,11.67,14.67,19.67,0.97,1.17,1.47,1.97,Latent_Defect,50
C17931,L9,TypeA,29.73,1.14,11.57,12.57,13.57,14.57,1.16,1.26,1.36,1.46,Normal,50
C17932,L9,TypeA,29.91,1.14,13.19,14.19,15.19,16.19,1.32,1.42,1.52,1.62,Normal,50
C17933,L9,TypeB,25.89,1.01,10.67,11.67,30.67,32.67,1.07,1.17,3.07,3.27,Sudden_Anomaly,50
C17934,L9,TypeC,25.24,1.08,8.29,9.29,10.29,60.0,0.83,0.93,1.03,6.0,Absolute_Failure,50
C17935,L9,TypeB,32.27,1.29,11.51,11.51,11.51,11.51,1.15,1.15,1.15,1.15,High_Stable,50
C17936,L9,TypeC,31.41,1.14,14.41,14.41,14.41,14.41,1.44,1.44,1.44,1.44,High_Stable,50
C17937,L9,TypeC,29.65,1.28,14.98,15.98,34.98,36.98,1.5,1.6,3.5,3.7,Sudden_Anomaly,50
C17938,L9,TypeA,34.22,1.23,8.18,10.18,13.18,18.18,0.82,1.02,1.32,1.82,Latent_Defect,50
C17939,L9,TypeA,32.51,1.12,13.34,14.34,15.34,16.34,1.33,1.43,1.53,1.63,Normal,50
C17940,L9,TypeB,25.14,1.27,13.94,13.94,13.94,13.94,1.39,1.39,1.39,1.39,High_Stable,50
C17941,L9,TypeA,31.64,1.29,10.23,11.23,30.23,32.23,1.02,1.12,3.02,3.22,Sudden_Anomaly,50
C17942,L9,TypeB,33.21,1.05,14.94,14.94,14.94,14.94,1.49,1.49,1.49,1.49,High_Stable,50
C17943,L9,TypeC,28.53,1.02,13.86,15.86,18.86,23.86,1.39,1.59,1.89,2.39,Latent_Defect,50
C17944,L9,TypeC,34.0,1.2,14.17,15.17,34.17,36.17,1.42,1.52,3.42,3.62,Sudden_Anomaly,50
C17945,L9,TypeB,30.69,1.09,9.53,10.53,11.53,12.53,0.95,1.05,1.15,1.25,Normal,50
C17946,L9,TypeB,28.4,1.13,14.85,15.85,34.85,36.85,1.49,1.59,3.49,3.69,Sudden_Anomaly,50
C17947,L9,TypeC,30.45,1.27,13.17,15.17,18.17,23.17,1.32,1.52,1.82,2.32,Latent_Defect,50
C17948,L9,TypeC,29.72,1.18,12.46,12.46,12.46,12.46,1.25,1.25,1.25,1.25,High_Stable,50
C17949,L9,TypeC,29.1,1.22,12.6,13.6,32.6,34.6,1.26,1.36,3.26,3.46,Sudden_Anomaly,50
C17950,L9,TypeB,34.46,1.28,8.71,9.71,10.71,11.71,0.87,0.97,1.07,1.17,Normal,50
C17951,L9,TypeB,33.22,1.27,8.96,9.96,28.96,30.96,0.9,1.0,2.9,3.1,Sudden_Anomaly,50
C17952,L9,TypeB,31.83,1.24,10.16,11.16,30.16,32.16,1.02,1.12,3.02,3.22,Sudden_Anomaly,50
C17953,L9,TypeA,32.89,1.07,8.47,8.47,8.47,8.47,0.85,0.85,0.85,0.85,High_Stable,50
C17954,L9,TypeA,29.39,1.16,14.6,15.6,34.6,36.6,1.46,1.56,3.46,3.66,Sudden_Anomaly,50
C17955,L9,TypeB,31.4,1.08,9.81,9.81,9.81,9.81,0.98,0.98,0.98,0.98,High_Stable,50
C17956,L9,TypeC,33.64,1.24,11.74,13.74,16.74,21.74,1.17,1.37,1.67,2.17,Latent_Defect,50
C17957,L9,TypeA,33.86,1.06,14.48,16.48,19.48,24.48,1.45,1.65,1.95,2.45,Latent_Defect,50
C17958,L9,TypeB,27.53,1.18,12.03,13.03,32.03,34.03,1.2,1.3,3.2,3.4,Sudden_Anomaly,50
C17959,L9,TypeA,32.88,1.11,13.0,14.0,15.0,16.0,1.3,1.4,1.5,1.6,Normal,50
C17960,L9,TypeB,28.67,1.13,10.88,11.88,30.88,32.88,1.09,1.19,3.09,3.29,Sudden_Anomaly,50
C17961,L9,TypeA,28.49,1.18,10.94,11.94,12.94,60.0,1.09,1.19,1.29,6.0,Absolute_Failure,50
C17962,L9,TypeB,28.59,1.23,8.77,10.77,13.77,18.77,0.88,1.08,1.38,1.88,Latent_Defect,50
C17963,L9,TypeC,27.66,1.18,8.52,8.52,8.52,8.52,0.85,0.85,0.85,0.85,High_Stable,50
C17964,L9,TypeA,26.76,1.01,8.54,9.54,28.54,30.54,0.85,0.95,2.85,3.05,Sudden_Anomaly,50
C17965,L9,TypeA,34.61,1.19,11.44,12.44,13.44,60.0,1.14,1.24,1.34,6.0,Absolute_Failure,50
C17966,L9,TypeA,29.89,1.23,14.74,15.74,16.74,17.74,1.47,1.57,1.67,1.77,Normal,50
C17967,L9,TypeA,34.31,1.14,12.16,12.16,12.16,12.16,1.22,1.22,1.22,1.22,High_Stable,50
C17968,L9,TypeC,34.56,1.23,12.11,12.11,12.11,12.11,1.21,1.21,1.21,1.21,High_Stable,50
C17969,L9,TypeB,28.29,1.2,13.68,14.68,33.68,35.68,1.37,1.47,3.37,3.57,Sudden_Anomaly,50
C17970,L9,TypeC,26.17,1.27,10.75,10.75,10.75,10.75,1.07,1.07,1.07,1.07,High_Stable,50
C17971,L9,TypeB,29.33,1.12,12.77,12.77,12.77,12.77,1.28,1.28,1.28,1.28,High_Stable,50
C17972,L9,TypeB,33.89,1.26,9.93,10.93,29.93,31.93,0.99,1.09,2.99,3.19,Sudden_Anomaly,50
C17973,L9,TypeC,27.39,1.23,8.85,9.85,10.85,60.0,0.89,0.99,1.09,6.0,Absolute_Failure,50
C17974,L9,TypeB,34.76,1.05,13.16,13.16,13.16,13.16,1.32,1.32,1.32,1.32,High_Stable,50
C17975,L9,TypeC,27.46,1.07,12.05,13.05,14.05,15.05,1.2,1.3,1.4,1.5,Normal,50
C17976,L9,TypeA,25.24,1.21,10.78,12.78,15.78,20.78,1.08,1.28,1.58,2.08,Latent_Defect,50
C17977,L9,TypeC,28.91,1.09,9.77,10.77,11.77,12.77,0.98,1.08,1.18,1.28,Normal,50
C17978,L9,TypeA,32.45,1.11,13.77,13.77,13.77,13.77,1.38,1.38,1.38,1.38,High_Stable,50
C17979,L9,TypeA,31.85,1.07,10.55,12.55,15.55,20.55,1.05,1.25,1.55,2.05,Latent_Defect,50
C17980,L9,TypeB,34.05,1.09,8.04,8.04,8.04,8.04,0.8,0.8,0.8,0.8,High_Stable,50
C17981,L9,TypeB,28.86,1.09,8.07,9.07,10.07,60.0,0.81,0.91,1.01,6.0,Absolute_Failure,50
C17982,L9,TypeB,32.49,1.11,14.23,15.23,16.23,17.23,1.42,1.52,1.62,1.72,Normal,50
C17983,L9,TypeB,26.51,1.16,8.53,9.53,28.53,30.53,0.85,0.95,2.85,3.05,Sudden_Anomaly,50
C17984,L9,TypeB,29.1,1.15,14.86,15.86,34.86,36.86,1.49,1.59,3.49,3.69,Sudden_Anomaly,50
C17985,L9,TypeA,25.08,1.04,12.92,13.92,14.92,15.92,1.29,1.39,1.49,1.59,Normal,50
C17986,L9,TypeB,30.59,1.1,12.61,12.61,12.61,12.61,1.26,1.26,1.26,1.26,High_Stable,50
C17987,L9,TypeA,25.81,1.17,8.66,8.66,8.66,8.66,0.87,0.87,0.87,0.87,High_Stable,50
C17988,L9,TypeC,25.79,1.1,10.88,12.88,15.88,20.88,1.09,1.29,1.59,2.09,Latent_Defect,50
C17989,L9,TypeC,32.43,1.27,12.31,14.31,17.31,22.31,1.23,1.43,1.73,2.23,Latent_Defect,50
C17990,L9,TypeC,26.97,1.13,8.98,9.98,28.98,30.98,0.9,1.0,2.9,3.1,Sudden_Anomaly,50
C17991,L9,TypeA,26.29,1.22,14.38,15.38,16.38,17.38,1.44,1.54,1.64,1.74,Normal,50
C17992,L9,TypeA,26.28,1.21,8.61,9.61,10.61,60.0,0.86,0.96,1.06,6.0,Absolute_Failure,50
C17993,L9,TypeA,34.16,1.06,13.46,15.46,18.46,23.46,1.35,1.55,1.85,2.35,Latent_Defect,50
C17994,L9,TypeB,31.56,1.07,13.44,13.44,13.44,13.44,1.34,1.34,1.34,1.34,High_Stable,50
C17995,L9,TypeC,34.87,1.07,8.92,9.92,28.92,30.92,0.89,0.99,2.89,3.09,Sudden_Anomaly,50
C17996,L9,TypeA,33.83,1.11,14.19,14.19,14.19,14.19,1.42,1.42,1.42,1.42,High_Stable,50
C17997,L9,TypeC,32.75,1.19,8.5,9.5,10.5,11.5,0.85,0.95,1.05,1.15,Normal,50
C17998,L9,TypeC,29.75,1.05,9.19,10.19,11.19,60.0,0.92,1.02,1.12,6.0,Absolute_Failure,50
C17999,L9,TypeC,30.54,1.27,10.46,11.46,30.46,32.46,1.05,1.15,3.05,3.25,Sudden_Anomaly,50
C18000,L9,TypeC,29.45,1.05,10.33,10.33,10.33,10.33,1.03,1.03,1.03,1.03,High_Stable,50
