component_id,lot_id,component_type,temperature_C,voltage_V,iddq_0h_uA,iddq_24h_uA,iddq_96h_uA,iddq_168h_uA,leakage_0h_uA,leakage_24h_uA,leakage_96h_uA,leakage_168h_uA,ground_truth,absolute_limit_uA
C04001,L3,ASIC,124.12,1.188,11.5213,11.507,11.6422,11.6375,1.2125,1.222,1.1971,1.2312,High_Stable,50.0
C04002,L3,ASIC,125.89,1.225,11.4226,11.9036,12.6517,13.3924,1.1637,1.2132,1.2995,1.4413,Normal,50.0
C04003,L3,FPGA,126.48,1.092,12.0955,13.0555,13.7912,14.0209,1.3134,1.3544,1.4389,1.4729,Normal,50.0
C04004,L3,ADC,124.54,1.79,11.8711,12.6873,13.6216,14.9264,1.2154,1.3205,1.4793,1.5596,Normal,50.0
C04005,L3,ADC,125.78,1.792,12.0876,13.6024,19.4368,61.2381,1.2653,1.446,2.1815,8.8291,Absolute_Failure,50.0
C04006,L3,FPGA,125.02,1.095,12.1897,13.9017,17.7894,24.0872,1.2838,1.4899,1.9549,2.7481,Latent_Defect,50.0
C04007,L3,DAC,125.12,1.781,12.6655,13.4371,15.9639,43.1941,1.3372,1.401,1.7171,5.5275,Sudden_Anomaly,50.0
C04008,L3,FPGA,126.1,1.125,11.4396,12.1066,12.7291,13.7323,1.1863,1.2756,1.2976,1.4469,Normal,50.0
C04009,L3,DAC,126.22,1.799,12.2548,12.6302,13.9786,15.2042,1.3105,1.353,1.5345,1.5931,Normal,50.0
C04010,L3,ASIC,124.4,1.196,11.5123,12.5389,13.6887,14.5379,1.216,1.3278,1.4749,1.5515,Normal,50.0
C04011,L3,FPGA,124.5,1.115,10.8888,12.0987,13.0784,13.8225,1.1203,1.3041,1.3735,1.447,Normal,50.0
C04012,L3,FPGA,124.63,1.104,11.4983,12.9385,14.4733,41.9558,1.1878,1.3789,1.5828,5.3844,Sudden_Anomaly,50.0
C04013,L3,ASIC,125.88,1.202,11.1645,12.5821,16.6569,24.2449,1.1796,1.3347,1.7988,2.7277,Latent_Defect,50.0
C04014,L3,DAC,125.98,1.787,12.0161,12.4844,12.9354,13.4989,1.2502,1.3242,1.3626,1.4172,Normal,50.0
C04015,L3,FPGA,125.09,1.094,11.9749,12.7942,13.8307,13.9597,1.2533,1.3402,1.443,1.4517,Normal,50.0
C04016,L3,ADC,123.94,1.756,11.2918,13.3194,18.4329,51.0977,1.1891,1.4088,2.0265,6.8904,Absolute_Failure,50.0
C04017,L3,FPGA,124.68,1.116,11.2886,12.6133,16.6514,21.1623,1.2108,1.3218,1.7814,2.3654,Latent_Defect,50.0
C04018,L3,ASIC,123.36,1.212,11.3278,12.158,13.23,14.9657,1.1922,1.2798,1.3643,1.6588,Normal,50.0
C04019,L3,ADC,126.23,1.805,11.5892,12.9453,13.9107,14.1461,1.2149,1.384,1.4698,1.5029,Normal,50.0
C04020,L3,FPGA,125.69,1.102,11.7614,12.2009,12.7115,13.6901,1.2346,1.2767,1.3385,1.4628,Normal,50.0
C04021,L3,ADC,124.79,1.784,12.0115,12.6579,14.8555,53.17,1.2578,1.2857,1.6061,7.3327,Absolute_Failure,50.0
C04022,L3,FPGA,123.83,1.114,11.3755,12.324,12.9333,14.0815,1.1656,1.329,1.3671,1.473,Normal,50.0
C04023,L3,FPGA,125.59,1.109,11.324,12.3195,13.0995,14.3441,1.1966,1.2857,1.3803,1.5384,Normal,50.0
C04024,L3,DAC,125.93,1.808,11.3231,13.3456,16.1633,20.4866,1.1924,1.4214,1.7643,2.2536,Latent_Defect,50.0
C04025,L3,FPGA,124.26,1.104,11.4366,12.537,15.8743,22.6587,1.1794,1.2872,1.7318,2.5952,Latent_Defect,50.0
C04026,L3,ASIC,124.98,1.191,11.5938,12.9598,15.4443,40.8024,1.199,1.3199,1.6914,5.2391,Sudden_Anomaly,50.0
C04027,L3,ASIC,124.66,1.195,11.5754,12.0296,12.7499,13.3508,1.2352,1.2793,1.3445,1.3777,Normal,50.0
C04028,L3,ADC,123.89,1.794,11.5196,11.4607,11.6067,11.6036,1.2095,1.2012,1.1634,1.2003,High_Stable,50.0
C04029,L3,DAC,125.03,1.784,11.385,12.0282,12.531,13.2127,1.2026,1.2753,1.3306,1.3519,Normal,50.0
C04030,L3,ADC,125.02,1.808,12.0373,12.367,13.8258,14.0376,1.2597,1.3001,1.4561,1.4882,Normal,50.0
C04031,L3,ASIC,124.14,1.204,12.0621,13.2979,15.5855,22.7691,1.2597,1.3923,1.6901,2.5294,Latent_Defect,50.0
C04032,L3,ASIC,126.1,1.221,11.0934,10.9673,11.2392,11.5642,1.1376,1.1559,1.1924,1.1461,High_Stable,50.0
C04033,L3,DAC,125.05,1.762,11.9787,12.5556,12.433,12.8408,1.2282,1.3148,1.2623,1.3239,Normal,50.0
C04034,L3,DAC,126.03,1.815,11.3634,11.6213,12.0708,13.3059,1.1673,1.2332,1.2664,1.4215,Normal,50.0
C04035,L3,FPGA,125.49,1.104,10.5996,12.2496,16.8286,23.4365,1.0874,1.241,1.7831,2.6831,Latent_Defect,50.0
C04036,L3,FPGA,124.66,1.113,10.9596,11.9352,15.9054,19.6284,1.1011,1.2056,1.7346,2.199,Latent_Defect,50.0
C04037,L3,DAC,126.09,1.819,12.3729,13.2724,14.8008,15.0903,1.2903,1.3922,1.5831,1.6216,Normal,50.0
C04038,L3,DAC,125.21,1.794,11.6917,12.5404,13.1042,14.034,1.2288,1.38,1.3872,1.4685,Normal,50.0
C04039,L3,ASIC,125.51,1.206,11.4525,12.4602,12.6047,14.4903,1.1657,1.2834,1.3188,1.5777,Normal,50.0
C04040,L3,DAC,125.61,1.813,11.4107,11.8397,12.7868,14.0566,1.1929,1.1851,1.3174,1.5056,Normal,50.0
C04041,L3,ASIC,124.21,1.186,11.3657,11.9215,12.2013,12.1241,1.1743,1.2275,1.2751,1.2544,Normal,50.0
C04042,L3,DAC,124.82,1.776,11.5355,12.6953,13.5557,13.5745,1.1825,1.3628,1.4219,1.4183,Normal,50.0
C04043,L3,ASIC,126.55,1.231,11.5324,12.4005,13.161,14.1971,1.2055,1.3378,1.3824,1.4868,Normal,50.0
C04044,L3,FPGA,124.69,1.078,11.3459,12.6355,15.5736,19.8476,1.1344,1.341,1.6879,2.1897,Latent_Defect,50.0
C04045,L3,DAC,127.02,1.782,12.028,13.0713,14.8047,15.2656,1.2457,1.3758,1.5988,1.6998,Normal,50.0
C04046,L3,ASIC,125.44,1.168,11.3805,11.7776,12.1692,12.6604,1.1861,1.1699,1.2682,1.3705,Normal,50.0
C04047,L3,FPGA,124.75,1.109,11.6383,11.6969,11.7919,11.8012,1.172,1.2205,1.246,1.2513,High_Stable,50.0
C04048,L3,DAC,125.13,1.792,11.5607,12.0922,12.793,13.7845,1.2127,1.2416,1.3414,1.4391,Normal,50.0
C04049,L3,ASIC,124.91,1.223,11.356,11.8957,12.173,13.3791,1.1675,1.2219,1.2754,1.3818,Normal,50.0
C04050,L3,DAC,125.13,1.824,12.1305,12.9696,14.3976,14.7584,1.2416,1.3383,1.5148,1.5774,Normal,50.0
C04051,L3,FPGA,125.72,1.084,11.5789,14.4979,21.3304,53.1074,1.2073,1.5792,2.4148,7.2833,Absolute_Failure,50.0
C04052,L3,ADC,126.22,1.827,11.9679,14.1659,21.7055,56.485,1.2656,1.5544,2.4265,7.8972,Absolute_Failure,50.0
C04053,L3,ASIC,125.09,1.219,11.6459,12.6223,14.9851,40.9972,1.1978,1.389,1.6046,5.2252,Sudden_Anomaly,50.0
C04054,L3,ASIC,125.11,1.194,12.1337,13.5438,17.7509,23.9573,1.2294,1.4198,1.9641,2.7607,Latent_Defect,50.0
C04055,L3,ASIC,124.06,1.203,11.4424,12.5428,13.2927,13.8145,1.1788,1.3415,1.3839,1.4317,Normal,50.0
C04056,L3,DAC,125.62,1.784,11.587,12.618,13.1174,14.1814,1.2129,1.3356,1.4077,1.5171,Normal,50.0
C04057,L3,ADC,124.85,1.788,12.1921,13.3063,13.9838,14.8878,1.2664,1.3656,1.4741,1.6068,Normal,50.0
C04058,L3,FPGA,127.02,1.092,12.0492,12.3363,12.858,13.7518,1.2816,1.2776,1.3473,1.4174,Normal,50.0
C04059,L3,DAC,124.47,1.797,12.4789,13.2069,13.558,14.682,1.3401,1.3821,1.4046,1.5814,Normal,50.0
C04060,L3,FPGA,125.51,1.084,11.2542,12.0997,13.8387,36.9855,1.1515,1.2607,1.4552,4.6074,Sudden_Anomaly,50.0
C04061,L3,FPGA,124.57,1.117,12.1989,13.134,14.242,15.0775,1.2499,1.3602,1.5348,1.627,Normal,50.0
C04062,L3,ADC,125.22,1.813,11.217,12.3619,14.818,32.1338,1.2088,1.2977,1.553,3.8584,Sudden_Anomaly,50.0
C04063,L3,ASIC,125.09,1.19,12.0755,12.9106,13.5793,14.1022,1.2676,1.3504,1.4419,1.4937,Normal,50.0
C04064,L3,ADC,125.04,1.792,11.4379,12.3445,13.083,31.9373,1.1842,1.317,1.3819,3.8974,Sudden_Anomaly,50.0
C04065,L3,FPGA,124.93,1.06,11.3934,12.3902,13.3169,14.1503,1.1879,1.2964,1.3821,1.5044,Normal,50.0
C04066,L3,FPGA,126.74,1.109,11.6437,12.204,13.187,14.4126,1.1907,1.242,1.4165,1.4934,Normal,50.0
C04067,L3,FPGA,124.65,1.108,11.1307,11.9825,13.0143,13.2987,1.1531,1.2326,1.3575,1.4171,Normal,50.0
C04068,L3,ADC,125.27,1.804,11.6308,12.4074,13.4303,14.6615,1.2355,1.2714,1.4757,1.5501,Normal,50.0
C04069,L3,FPGA,125.32,1.111,12.0615,13.6069,15.7714,23.602,1.2611,1.4539,1.6958,2.682,Latent_Defect,50.0
C04070,L3,FPGA,125.09,1.115,11.5774,12.2991,12.8441,13.5813,1.2052,1.2985,1.3786,1.4233,Normal,50.0
C04071,L3,FPGA,126.33,1.124,11.7354,12.3378,13.5317,14.4322,1.2337,1.3282,1.4132,1.4913,Normal,50.0
C04072,L3,FPGA,123.89,1.076,10.772,11.293,12.3254,12.8538,1.1252,1.143,1.2855,1.3892,Normal,50.0
C04073,L3,ADC,124.61,1.8,11.8209,12.6864,13.0292,13.2617,1.2539,1.3134,1.4429,1.4415,Normal,50.0
C04074,L3,FPGA,125.76,1.112,11.582,12.3703,14.7525,34.0849,1.2076,1.3121,1.5852,4.1654,Sudden_Anomaly,50.0
C04075,L3,FPGA,125.64,1.115,11.3588,12.4503,13.4657,14.4467,1.198,1.2901,1.4273,1.5586,Normal,50.0
C04076,L3,ADC,124.42,1.795,11.6923,12.4399,13.1795,14.1549,1.2065,1.3123,1.3733,1.5013,Normal,50.0
C04077,L3,ASIC,124.45,1.219,12.1491,12.3309,12.277,12.4953,1.2362,1.3118,1.3158,1.2837,High_Stable,50.0
C04078,L3,ADC,125.75,1.821,11.9474,12.7045,13.4657,13.8612,1.2553,1.3293,1.4461,1.4618,Normal,50.0
C04079,L3,ASIC,125.2,1.188,11.654,12.3041,13.5147,15.0295,1.2338,1.286,1.4335,1.6274,Normal,50.0
C04080,L3,ADC,125.02,1.805,11.245,12.2311,13.3573,13.904,1.2077,1.2694,1.4499,1.4592,Normal,50.0
C04081,L3,FPGA,125.27,1.09,12.1277,13.0797,14.182,15.6518,1.2961,1.3791,1.5241,1.7294,Normal,50.0
C04082,L3,ASIC,125.38,1.191,10.836,10.8845,11.1991,12.402,1.164,1.1498,1.1878,1.2717,Normal,50.0
C04083,L3,DAC,126.38,1.814,12.318,14.5889,20.7225,57.1341,1.2718,1.5427,2.2872,8.0714,Absolute_Failure,50.0
C04084,L3,FPGA,125.14,1.093,12.4066,13.4865,15.8675,23.0581,1.3307,1.4383,1.6944,2.6446,Latent_Defect,50.0
C04085,L3,ADC,125.11,1.78,11.6506,11.9837,12.865,14.507,1.2247,1.1746,1.3819,1.5572,Normal,50.0
C04086,L3,DAC,125.64,1.802,12.7293,13.1454,13.6034,14.7208,1.3342,1.378,1.4456,1.5622,Normal,50.0
C04087,L3,ADC,125.94,1.793,11.5306,12.716,13.8569,15.0436,1.1969,1.3206,1.467,1.5779,Normal,50.0
C04088,L3,DAC,125.83,1.796,12.0412,12.6994,13.818,14.4505,1.2365,1.3213,1.4566,1.5483,Normal,50.0
C04089,L3,ASIC,124.49,1.225,11.6364,12.2318,12.505,13.5241,1.2381,1.2981,1.3114,1.4373,Normal,50.0
C04090,L3,ASIC,124.45,1.192,11.2417,11.564,12.3885,13.2248,1.1548,1.2556,1.273,1.3953,Normal,50.0
C04091,L3,ASIC,123.77,1.204,11.3853,12.5155,13.1355,13.3589,1.2128,1.3192,1.3394,1.3883,Normal,50.0
C04092,L3,FPGA,124.04,1.101,11.5811,12.3532,13.0767,14.3437,1.1792,1.3318,1.3564,1.5486,Normal,50.0
C04093,L3,ADC,125.12,1.795,11.9474,13.1344,13.7242,13.9262,1.2503,1.3718,1.5156,1.4972,Normal,50.0
C04094,L3,ASIC,125.36,1.199,11.8336,12.0763,12.3429,12.9391,1.1763,1.3133,1.2818,1.3555,Normal,50.0
C04095,L3,ADC,125.36,1.812,12.6427,12.4947,12.7577,12.755,1.2927,1.2794,1.3473,1.399,High_Stable,50.0
C04096,L3,ASIC,124.91,1.212,11.355,12.4731,13.3881,13.5767,1.1985,1.3157,1.441,1.4151,Normal,50.0
C04097,L3,ADC,123.77,1.793,11.6441,12.2273,12.9134,14.0689,1.1822,1.2186,1.3618,1.5372,Normal,50.0
C04098,L3,ADC,125.12,1.799,11.6792,12.4448,13.1305,13.9781,1.1905,1.2923,1.3823,1.4649,Normal,50.0
C04099,L3,FPGA,123.96,1.082,12.1449,14.0078,20.1336,54.0925,1.3076,1.5172,2.2703,7.4996,Absolute_Failure,50.0
C04100,L3,ADC,124.15,1.826,11.1158,12.8912,19.284,59.8661,1.1908,1.2747,2.1198,8.5411,Absolute_Failure,50.0
C04101,L3,DAC,123.39,1.789,12.0728,12.4841,13.6268,14.8748,1.3072,1.2941,1.4289,1.5768,Normal,50.0
C04102,L3,FPGA,125.97,1.093,12.1695,12.1507,12.058,12.1374,1.2723,1.2653,1.2248,1.2656,High_Stable,50.0
C04103,L3,FPGA,124.28,1.116,11.6625,12.3294,13.2652,14.3867,1.1972,1.3074,1.4251,1.4973,Normal,50.0
C04104,L3,ASIC,124.69,1.187,11.4972,12.2807,12.6694,12.6498,1.1756,1.2777,1.3505,1.3566,Normal,50.0
C04105,L3,FPGA,124.65,1.112,11.6323,12.2867,14.1898,28.3789,1.2379,1.2817,1.5052,3.3631,Sudden_Anomaly,50.0
C04106,L3,ASIC,125.64,1.217,11.2514,11.2437,11.5425,11.985,1.1471,1.1685,1.2416,1.2187,Normal,50.0
C04107,L3,ADC,125.15,1.807,11.263,11.6724,13.6595,61.2892,1.1414,1.2274,1.4428,8.8601,Absolute_Failure,50.0
C04108,L3,ASIC,125.14,1.212,11.6553,12.7339,13.0597,14.1846,1.2036,1.3694,1.3708,1.5499,Normal,50.0
C04109,L3,ADC,123.42,1.816,11.1318,12.8979,17.1796,23.9295,1.1913,1.3798,1.8868,2.7585,Latent_Defect,50.0
C04110,L3,FPGA,124.99,1.128,11.8961,12.6407,13.5558,14.2242,1.2476,1.2979,1.4328,1.5156,Normal,50.0
C04111,L3,FPGA,125.58,1.088,11.7671,12.2357,13.1333,14.3747,1.2299,1.3126,1.3684,1.5005,Normal,50.0
C04112,L3,FPGA,124.99,1.128,11.8776,12.9133,14.5458,14.9607,1.2163,1.3037,1.5301,1.6166,Normal,50.0
C04113,L3,DAC,125.45,1.803,12.5629,12.503,12.7084,12.9357,1.3214,1.3625,1.3242,1.3267,High_Stable,50.0
C04114,L3,ADC,125.04,1.801,11.6588,11.7808,11.8438,11.9277,1.158,1.2479,1.2301,1.3112,High_Stable,50.0
C04115,L3,FPGA,124.74,1.102,11.9245,12.6888,13.9078,32.425,1.2709,1.3085,1.4329,3.9307,Sudden_Anomaly,50.0
C04116,L3,ADC,124.61,1.81,11.166,11.9527,13.419,14.9,1.1305,1.2156,1.452,1.6197,Normal,50.0
C04117,L3,ADC,124.44,1.798,12.0475,12.567,13.1351,14.4058,1.2812,1.3175,1.3996,1.5018,Normal,50.0
C04118,L3,FPGA,125.66,1.125,11.5619,12.0534,12.9849,13.6162,1.2085,1.2182,1.3609,1.4379,Normal,50.0
C04119,L3,FPGA,123.73,1.102,11.9827,12.5035,12.7313,13.3219,1.2739,1.329,1.2799,1.3835,Normal,50.0
C04120,L3,ASIC,124.29,1.198,11.5499,11.8667,12.5642,13.3075,1.231,1.2513,1.3521,1.4118,Normal,50.0
C04121,L3,FPGA,124.62,1.131,11.5336,13.6394,19.4459,60.944,1.2141,1.4805,2.0888,8.7861,Absolute_Failure,50.0
C04122,L3,ADC,126.18,1.812,11.5217,12.7724,13.5895,14.5216,1.2117,1.3432,1.4561,1.538,Normal,50.0
C04123,L3,DAC,124.32,1.786,11.7549,12.2545,12.9786,13.3263,1.2198,1.2999,1.365,1.4042,Normal,50.0
C04124,L3,ADC,125.12,1.828,12.0563,12.1247,12.3402,12.443,1.2308,1.2313,1.3089,1.2869,High_Stable,50.0
C04125,L3,ADC,124.35,1.809,11.416,13.5941,20.9023,60.7084,1.1841,1.441,2.3532,8.7365,Absolute_Failure,50.0
C04126,L3,ADC,125.75,1.804,12.0589,13.6942,18.9653,24.8906,1.2692,1.4607,2.0996,2.8758,Latent_Defect,50.0
C04127,L3,FPGA,125.32,1.071,10.9235,11.3593,11.2296,11.1488,1.0769,1.1537,1.1519,1.1952,High_Stable,50.0
C04128,L3,FPGA,125.49,1.095,11.9737,12.8334,13.3992,14.5059,1.245,1.3873,1.4031,1.5781,Normal,50.0
C04129,L3,ADC,125.25,1.793,11.3832,12.3738,13.0971,14.8023,1.1924,1.2529,1.3978,1.5846,Normal,50.0
C04130,L3,ADC,124.49,1.82,12.1372,13.1627,14.2145,15.6849,1.2729,1.4375,1.5375,1.6569,Normal,50.0
C04131,L3,ASIC,125.54,1.177,11.0687,11.6293,12.9967,31.9635,1.1419,1.181,1.3997,3.8345,Sudden_Anomaly,50.0
C04132,L3,FPGA,125.58,1.089,11.5907,12.2204,12.7303,13.7814,1.1882,1.2319,1.3359,1.4802,Normal,50.0
C04133,L3,FPGA,125.62,1.114,10.604,12.4971,18.1553,53.9947,1.1026,1.3569,1.9908,7.4815,Absolute_Failure,50.0
C04134,L3,DAC,124.83,1.794,11.9681,12.5612,12.9604,13.6914,1.2536,1.3528,1.37,1.4501,Normal,50.0
C04135,L3,DAC,124.53,1.81,12.5667,13.6069,13.9245,15.1812,1.3378,1.4078,1.4495,1.6084,Normal,50.0
C04136,L3,ASIC,125.63,1.192,11.0716,11.1336,11.1961,10.9609,1.0768,1.126,1.1723,1.1493,High_Stable,50.0
C04137,L3,ADC,124.64,1.806,12.226,12.7433,13.1082,13.0755,1.3171,1.3513,1.4045,1.3955,Normal,50.0
C04138,L3,FPGA,124.1,1.111,11.6077,12.1607,13.1883,14.0606,1.2363,1.2574,1.3775,1.5084,Normal,50.0
C04139,L3,ASIC,124.93,1.198,11.6778,14.5671,21.6044,58.6602,1.2498,1.5566,2.4429,8.2778,Absolute_Failure,50.0
C04140,L3,ADC,125.15,1.828,11.0896,13.0921,21.3064,59.6527,1.1695,1.3601,2.388,8.5488,Absolute_Failure,50.0
C04141,L3,ASIC,124.84,1.218,10.7426,12.1199,18.0419,51.8702,1.109,1.2839,2.0009,7.0389,Absolute_Failure,50.0
C04142,L3,FPGA,124.34,1.089,11.0746,12.2321,12.7649,13.1099,1.1406,1.3145,1.3078,1.4138,Normal,50.0
C04143,L3,ADC,124.99,1.801,12.1647,13.0485,14.073,14.8552,1.2494,1.4213,1.503,1.5527,Normal,50.0
C04144,L3,FPGA,125.18,1.12,11.7519,12.6831,12.4961,13.7781,1.2005,1.3504,1.3138,1.5036,Normal,50.0
C04145,L3,DAC,125.16,1.798,11.8913,11.9708,12.1171,12.3445,1.2414,1.2498,1.2876,1.3425,High_Stable,50.0
C04146,L3,FPGA,126.26,1.131,12.2276,12.4899,12.6022,12.7519,1.2817,1.3491,1.3486,1.3369,High_Stable,50.0
C04147,L3,FPGA,125.44,1.113,11.9741,12.7073,14.0152,14.8854,1.2762,1.3603,1.455,1.6163,Normal,50.0
C04148,L3,ASIC,124.64,1.224,11.1958,12.2746,13.387,14.1539,1.1553,1.287,1.42,1.4993,Normal,50.0
C04149,L3,ASIC,124.16,1.202,11.0972,11.7252,12.781,13.2761,1.1782,1.1695,1.3303,1.3778,Normal,50.0
C04150,L3,ADC,125.41,1.784,11.8165,11.9721,12.4901,12.5678,1.266,1.2476,1.3387,1.3385,High_Stable,50.0
C04151,L3,FPGA,125.91,1.12,11.5382,12.5056,13.4128,14.0088,1.2368,1.2994,1.4095,1.5169,Normal,50.0
C04152,L3,ASIC,124.19,1.211,12.1201,12.1959,12.3929,12.5846,1.2512,1.3084,1.3125,1.3409,High_Stable,50.0
C04153,L3,ADC,126.35,1.809,12.0585,12.2864,12.3636,12.6807,1.2714,1.2839,1.2929,1.3123,High_Stable,50.0
C04154,L3,ASIC,125.53,1.178,11.6323,12.3377,12.639,14.1687,1.1999,1.3188,1.3449,1.5138,Normal,50.0
C04155,L3,FPGA,125.84,1.099,12.432,12.571,12.6742,12.6678,1.2947,1.3442,1.3425,1.3784,High_Stable,50.0
C04156,L3,ADC,124.59,1.812,11.4268,11.4966,11.8065,11.8756,1.1721,1.26,1.1854,1.2438,High_Stable,50.0
C04157,L3,FPGA,124.18,1.095,11.1247,12.8595,18.7688,53.5945,1.1725,1.3674,2.075,7.3844,Absolute_Failure,50.0
C04158,L3,DAC,125.24,1.798,11.7291,11.8864,12.5594,12.6524,1.2316,1.2581,1.3574,1.3903,Normal,50.0
C04159,L3,ADC,124.32,1.797,11.7741,12.2473,12.4974,13.7278,1.19,1.3138,1.3099,1.4227,Normal,50.0
C04160,L3,DAC,125.55,1.783,11.8731,12.5782,13.6264,14.4711,1.2769,1.334,1.415,1.5553,Normal,50.0
C04161,L3,FPGA,124.81,1.093,11.7945,12.5304,14.5754,37.9257,1.225,1.287,1.5476,4.7342,Sudden_Anomaly,50.0
C04162,L3,ADC,125.34,1.793,11.8237,12.2012,12.5242,14.1091,1.2246,1.2411,1.3163,1.4955,Normal,50.0
C04163,L3,ASIC,125.29,1.208,11.3203,12.4329,13.9305,14.0792,1.1629,1.2777,1.5009,1.4707,Normal,50.0
C04164,L3,FPGA,125.64,1.098,11.412,14.0549,22.4486,59.2985,1.1935,1.4798,2.4954,8.4246,Absolute_Failure,50.0
C04165,L3,DAC,125.07,1.817,11.9605,13.2301,13.6219,15.0076,1.2297,1.3939,1.4237,1.5912,Normal,50.0
C04166,L3,DAC,124.93,1.815,12.1263,13.0804,13.396,12.974,1.2976,1.3989,1.445,1.3974,Normal,50.0
C04167,L3,ASIC,124.67,1.173,11.2129,11.7016,13.087,14.2066,1.1472,1.2518,1.3828,1.5478,Normal,50.0
C04168,L3,ASIC,125.51,1.204,10.9538,12.668,20.5918,57.3329,1.1356,1.2991,2.3181,8.0664,Absolute_Failure,50.0
C04169,L3,ADC,124.32,1.794,11.0333,12.0998,13.3576,14.7124,1.1084,1.2688,1.3753,1.5858,Normal,50.0
C04170,L3,FPGA,126.33,1.108,11.4935,12.4696,13.0023,13.7079,1.2085,1.3003,1.3766,1.432,Normal,50.0
C04171,L3,ADC,123.8,1.809,11.9646,11.9083,12.0452,12.285,1.2217,1.2006,1.2377,1.2748,High_Stable,50.0
C04172,L3,FPGA,125.39,1.11,11.3804,13.0812,16.8984,24.8725,1.1777,1.3986,1.8435,2.9243,Latent_Defect,50.0
C04173,L3,FPGA,125.61,1.091,11.7128,12.1804,13.1859,14.3229,1.227,1.2586,1.3886,1.5419,Normal,50.0
C04174,L3,ADC,124.59,1.8,12.0325,12.8976,13.3334,14.3479,1.2378,1.3647,1.4248,1.5228,Normal,50.0
C04175,L3,FPGA,125.07,1.128,11.5034,12.5004,13.8573,26.9217,1.2074,1.3014,1.4782,3.1722,Sudden_Anomaly,50.0
C04176,L3,ASIC,126.57,1.213,11.891,12.7735,13.756,14.4034,1.2499,1.375,1.4288,1.5353,Normal,50.0
C04177,L3,FPGA,124.96,1.091,11.7632,12.6222,16.1588,50.6254,1.2355,1.3513,1.722,6.8741,Absolute_Failure,50.0
C04178,L3,FPGA,125.49,1.087,12.043,13.312,14.6435,15.7912,1.2211,1.4448,1.6044,1.6885,Normal,50.0
C04179,L3,FPGA,126.07,1.089,11.3156,12.4724,20.0028,57.2652,1.1644,1.2916,2.1915,8.0313,Absolute_Failure,50.0
C04180,L3,FPGA,124.29,1.073,11.4982,12.6205,13.5591,14.8252,1.2101,1.2849,1.4133,1.6156,Normal,50.0
C04181,L3,ASIC,124.93,1.197,11.893,12.1402,12.7348,14.0366,1.2398,1.2633,1.3397,1.5257,Normal,50.0
C04182,L3,DAC,125.26,1.817,12.2498,12.7124,15.1642,55.5033,1.2311,1.3738,1.6304,7.7511,Absolute_Failure,50.0
C04183,L3,ASIC,124.5,1.208,11.4159,12.2962,12.9979,13.589,1.1911,1.31,1.4229,1.4323,Normal,50.0
C04184,L3,DAC,125.64,1.788,12.1985,14.1268,22.5993,52.5917,1.2681,1.5037,2.591,7.1808,Absolute_Failure,50.0
C04185,L3,DAC,125.26,1.8,12.0843,13.1064,13.7771,14.45,1.2761,1.3416,1.4761,1.5355,Normal,50.0
C04186,L3,FPGA,124.73,1.077,11.6667,12.0186,13.3973,15.3393,1.2279,1.283,1.3981,1.6793,Normal,50.0
C04187,L3,ASIC,123.99,1.217,11.8762,12.4386,13.1251,14.0667,1.2246,1.2547,1.4139,1.4861,Normal,50.0
C04188,L3,ASIC,125.39,1.187,11.4669,12.1751,12.9375,13.623,1.222,1.2997,1.3636,1.4783,Normal,50.0
C04189,L3,ADC,125.46,1.793,12.0693,12.8974,14.0328,15.0938,1.2777,1.3857,1.4722,1.5979,Normal,50.0
C04190,L3,ASIC,123.22,1.205,11.559,12.6804,16.4556,53.7033,1.2375,1.3423,1.7706,7.4287,Absolute_Failure,50.0
C04191,L3,ADC,124.63,1.802,11.9875,12.3577,12.8264,13.958,1.2671,1.2872,1.3469,1.4593,Normal,50.0
C04192,L3,FPGA,123.7,1.1,11.8056,12.0937,12.2476,12.4066,1.2199,1.2754,1.2757,1.2834,High_Stable,50.0
C04193,L3,FPGA,124.52,1.111,11.4778,12.49,12.803,13.8956,1.2187,1.2857,1.3618,1.5114,Normal,50.0
C04194,L3,FPGA,126.23,1.111,11.7632,12.3643,13.746,15.2031,1.2008,1.3275,1.4377,1.6084,Normal,50.0
C04195,L3,ASIC,125.27,1.191,11.0817,11.6927,12.1156,12.9244,1.1406,1.2326,1.3136,1.3352,Normal,50.0
C04196,L3,ADC,124.31,1.777,11.488,11.7354,12.95,14.0257,1.1947,1.2331,1.4172,1.4965,Normal,50.0
C04197,L3,FPGA,125.9,1.117,11.2081,12.3942,13.8206,15.0966,1.1599,1.2869,1.4902,1.645,Normal,50.0
C04198,L3,ASIC,125.08,1.206,11.2629,11.5791,12.2232,13.1166,1.1372,1.2323,1.2888,1.4059,Normal,50.0
C04199,L3,ASIC,126.49,1.233,11.6013,12.6112,14.123,33.8281,1.2291,1.329,1.4588,4.1431,Sudden_Anomaly,50.0
C04200,L3,DAC,123.26,1.814,12.2779,13.9649,18.5243,51.2262,1.2754,1.5233,2.0188,6.9169,Absolute_Failure,50.0
C04201,L3,FPGA,124.95,1.096,11.5211,12.1561,11.9208,13.6492,1.1897,1.2824,1.2229,1.4481,Normal,50.0
C04202,L3,ASIC,125.74,1.202,12.2609,12.6804,13.8059,15.2553,1.2912,1.3562,1.4822,1.6541,Normal,50.0
C04203,L3,ASIC,123.61,1.188,11.0897,11.1209,11.373,11.7346,1.1454,1.1779,1.1948,1.1748,Normal,50.0
C04204,L3,FPGA,125.14,1.101,11.2259,12.098,13.1071,14.7276,1.1562,1.2982,1.3645,1.5476,Normal,50.0
C04205,L3,FPGA,124.2,1.092,12.1068,12.1647,12.1196,11.9813,1.2399,1.2281,1.2959,1.271,High_Stable,50.0
C04206,L3,ASIC,125.52,1.201,11.0461,13.499,22.7068,56.979,1.1429,1.4098,2.5936,8.0142,Absolute_Failure,50.0
C04207,L3,FPGA,124.42,1.092,11.4009,13.6265,22.1342,56.655,1.2264,1.4522,2.486,7.9715,Absolute_Failure,50.0
C04208,L3,DAC,124.31,1.795,12.3236,14.0008,16.0541,41.2897,1.2985,1.5082,1.7567,5.2908,Sudden_Anomaly,50.0
C04209,L3,FPGA,125.13,1.105,11.9902,14.4963,21.3161,54.2248,1.2702,1.5372,2.3838,7.5315,Absolute_Failure,50.0
C04210,L3,ADC,124.22,1.801,12.6379,13.9286,15.2986,15.8538,1.3186,1.4969,1.6325,1.6786,Normal,50.0
C04211,L3,ASIC,123.8,1.203,11.0313,11.3399,12.3521,13.2946,1.1786,1.1958,1.2641,1.4504,Normal,50.0
C04212,L3,FPGA,125.29,1.138,11.2698,12.6891,17.1704,22.8032,1.1528,1.3666,1.8366,2.5862,Latent_Defect,50.0
C04213,L3,FPGA,125.82,1.121,12.4633,12.6356,12.7648,12.9698,1.2932,1.3394,1.3183,1.3559,High_Stable,50.0
C04214,L3,FPGA,126.13,1.107,11.1648,12.1447,15.1945,22.462,1.1347,1.2596,1.6443,2.5435,Latent_Defect,50.0
C04215,L3,FPGA,125.9,1.088,11.6044,11.9264,12.2029,12.8139,1.2319,1.2554,1.2866,1.2968,Normal,50.0
C04216,L3,ASIC,124.99,1.216,11.2339,12.5841,15.7127,21.3398,1.174,1.3252,1.7316,2.3896,Latent_Defect,50.0
C04217,L3,DAC,125.07,1.812,12.3219,13.23,13.9098,14.2593,1.2921,1.3766,1.5123,1.5556,Normal,50.0
C04218,L3,FPGA,125.12,1.119,10.9674,11.628,11.974,12.0472,1.1217,1.1636,1.2387,1.2706,Normal,50.0
C04219,L3,FPGA,126.37,1.129,11.7904,12.3564,13.0847,13.7598,1.2303,1.2942,1.3509,1.4613,Normal,50.0
C04220,L3,ASIC,125.1,1.196,11.1615,12.3643,16.6476,23.7186,1.1717,1.2649,1.8155,2.735,Latent_Defect,50.0
C04221,L3,ADC,124.18,1.813,11.6825,12.3976,12.9042,13.0778,1.2272,1.3397,1.3023,1.3976,Normal,50.0
C04222,L3,DAC,124.67,1.79,12.2017,13.2686,13.4441,14.6367,1.2471,1.4068,1.4031,1.5719,Normal,50.0
C04223,L3,ASIC,124.16,1.205,11.6706,13.0829,16.6784,23.9583,1.2099,1.4281,1.7938,2.7341,Latent_Defect,50.0
C04224,L3,DAC,126.36,1.792,11.7731,12.3746,13.1859,14.1901,1.1913,1.3052,1.3428,1.5007,Normal,50.0
C04225,L3,ASIC,125.72,1.218,11.2657,11.785,12.6427,12.5874,1.1883,1.2403,1.3094,1.2984,Normal,50.0
C04226,L3,FPGA,125.44,1.083,11.582,12.0004,12.751,14.0216,1.1738,1.2676,1.3143,1.5143,Normal,50.0
C04227,L3,FPGA,123.69,1.095,11.9441,13.1087,13.8063,15.5062,1.2201,1.3065,1.4706,1.6398,Normal,50.0
C04228,L3,FPGA,125.24,1.092,11.6628,13.0351,14.2673,14.5688,1.2169,1.3539,1.4871,1.4739,Normal,50.0
C04229,L3,DAC,124.9,1.82,12.1656,13.3965,13.8258,15.1871,1.2584,1.4025,1.4626,1.6681,Normal,50.0
C04230,L3,ASIC,125.98,1.199,11.6261,12.3988,12.6019,13.3154,1.2337,1.32,1.3487,1.4198,Normal,50.0
C04231,L3,FPGA,126.53,1.12,11.7025,12.8875,13.2178,14.2585,1.2641,1.3676,1.405,1.5098,Normal,50.0
C04232,L3,ASIC,125.3,1.177,11.5637,12.0435,12.2038,13.342,1.2015,1.2675,1.3362,1.4031,Normal,50.0
C04233,L3,ASIC,125.02,1.17,10.5583,11.0568,11.5973,12.1254,1.0648,1.116,1.2039,1.3001,Normal,50.0
C04234,L3,FPGA,124.86,1.098,11.0969,12.2736,15.1805,20.3903,1.1687,1.3254,1.6605,2.2466,Latent_Defect,50.0
C04235,L3,ASIC,125.28,1.187,11.2754,11.6901,12.9352,13.5497,1.1723,1.2165,1.3723,1.4185,Normal,50.0
C04236,L3,ADC,124.92,1.812,11.7434,12.7673,13.3539,14.0316,1.2301,1.3423,1.3842,1.4969,Normal,50.0
C04237,L3,DAC,125.44,1.798,11.9887,12.9469,13.3806,14.1317,1.2799,1.3328,1.3706,1.4968,Normal,50.0
C04238,L3,DAC,125.79,1.802,11.6615,12.6741,13.9399,15.1426,1.2027,1.3596,1.4745,1.6235,Normal,50.0
C04239,L3,ADC,124.6,1.794,11.9882,12.5397,13.3977,15.0263,1.2707,1.2911,1.4443,1.6471,Normal,50.0
C04240,L3,DAC,126.26,1.774,11.0758,13.1076,17.1092,21.4296,1.1537,1.4267,1.8358,2.3787,Latent_Defect,50.0
C04241,L3,ADC,124.98,1.821,11.1702,13.0541,19.8389,53.9808,1.1113,1.336,2.1632,7.4109,Absolute_Failure,50.0
C04242,L3,DAC,124.36,1.809,12.4992,13.0452,13.2535,14.7872,1.3035,1.4113,1.3626,1.6202,Normal,50.0
C04243,L3,FPGA,124.53,1.095,11.3315,11.5068,13.5873,29.3569,1.1327,1.2334,1.4613,3.5113,Sudden_Anomaly,50.0
C04244,L3,FPGA,126.62,1.078,12.6074,14.6921,18.7492,52.1711,1.3526,1.5464,2.0518,7.1549,Absolute_Failure,50.0
C04245,L3,ADC,125.39,1.804,11.7481,12.5599,13.7607,14.4864,1.2217,1.302,1.437,1.4626,Normal,50.0
C04246,L3,ADC,125.44,1.825,11.6549,12.5852,14.8197,50.0756,1.2199,1.3251,1.5667,6.76,Absolute_Failure,50.0
C04247,L3,DAC,125.88,1.794,12.3047,14.8181,22.5306,56.4421,1.3308,1.5783,2.5416,7.9186,Absolute_Failure,50.0
C04248,L3,ASIC,125.97,1.187,11.5087,13.0564,15.0495,30.4051,1.1939,1.3786,1.5767,3.5983,Sudden_Anomaly,50.0
C04249,L3,FPGA,126.7,1.08,11.0129,12.2894,15.2965,23.4011,1.1658,1.3086,1.6647,2.6555,Latent_Defect,50.0
C04250,L3,FPGA,127.08,1.112,11.731,12.5365,13.7135,14.8157,1.2258,1.352,1.4675,1.6106,Normal,50.0
C04251,L3,DAC,124.75,1.779,11.9909,12.3214,13.1224,14.2036,1.2552,1.2991,1.4155,1.5151,Normal,50.0
C04252,L3,FPGA,124.89,1.092,11.7872,12.5319,13.502,14.9053,1.2139,1.3197,1.4636,1.5921,Normal,50.0
C04253,L3,FPGA,125.18,1.096,11.3797,12.0743,13.3917,13.4207,1.1834,1.2344,1.3844,1.4118,Normal,50.0
C04254,L3,FPGA,125.7,1.107,11.4741,12.4091,13.1389,14.3312,1.2533,1.2887,1.4157,1.5442,Normal,50.0
C04255,L3,FPGA,124.74,1.137,11.8786,12.9863,13.6402,14.262,1.22,1.4289,1.4372,1.5268,Normal,50.0
C04256,L3,ASIC,124.85,1.179,11.0608,12.3823,16.2605,20.5381,1.1389,1.3019,1.8076,2.2819,Latent_Defect,50.0
C04257,L3,ASIC,124.16,1.19,11.6836,11.8672,12.8527,13.7393,1.1898,1.2451,1.3553,1.4515,Normal,50.0
C04258,L3,DAC,126.6,1.814,12.5142,15.5535,21.7849,59.0659,1.279,1.6613,2.4516,8.428,Absolute_Failure,50.0
C04259,L3,FPGA,125.38,1.078,10.8456,13.9318,20.9415,54.4891,1.1066,1.4963,2.3994,7.5382,Absolute_Failure,50.0
C04260,L3,ASIC,122.96,1.169,11.2635,11.6403,14.1694,33.6624,1.208,1.2002,1.4875,4.081,Sudden_Anomaly,50.0
C04261,L3,FPGA,126.08,1.093,11.2903,12.1231,12.7021,13.3308,1.16,1.2441,1.3688,1.3682,Normal,50.0
C04262,L3,ASIC,125.71,1.175,11.093,12.8188,17.5198,52.7351,1.1635,1.369,1.8482,7.2467,Absolute_Failure,50.0
C04263,L3,FPGA,124.86,1.104,11.2129,11.5002,12.3687,13.6676,1.1695,1.2012,1.3112,1.471,Normal,50.0
C04264,L3,ASIC,124.01,1.216,11.0364,12.0827,14.1653,21.3764,1.1338,1.2838,1.5185,2.4143,Latent_Defect,50.0
C04265,L3,ASIC,125.21,1.208,11.6436,12.4694,13.4025,14.2852,1.2185,1.3058,1.4223,1.5436,Normal,50.0
C04266,L3,ASIC,124.96,1.197,10.9276,12.0105,12.7869,14.2481,1.1726,1.2649,1.3607,1.4766,Normal,50.0
C04267,L3,ADC,125.09,1.805,11.9013,13.5054,19.4951,55.1814,1.2656,1.4449,2.1637,7.6613,Absolute_Failure,50.0
C04268,L3,ADC,123.82,1.81,11.4832,12.2012,14.0756,41.9279,1.232,1.2788,1.455,5.3919,Sudden_Anomaly,50.0
C04269,L3,DAC,125.36,1.807,11.5249,11.9755,12.7144,13.7664,1.1827,1.2518,1.328,1.4799,Normal,50.0
C04270,L3,FPGA,126.01,1.095,11.8212,12.944,13.9984,14.2224,1.2168,1.3459,1.5012,1.465,Normal,50.0
C04271,L3,ADC,125.31,1.81,11.2302,12.209,13.5226,13.9889,1.1734,1.2885,1.4165,1.4752,Normal,50.0
C04272,L3,ASIC,126.19,1.194,10.8673,12.7604,17.3114,53.1123,1.105,1.3505,1.8905,7.287,Absolute_Failure,50.0
C04273,L3,FPGA,124.76,1.112,11.8103,14.9139,24.3361,59.1767,1.239,1.568,2.7826,8.4313,Absolute_Failure,50.0
C04274,L3,DAC,125.47,1.793,11.6751,12.3884,12.3834,13.221,1.1827,1.3257,1.3146,1.4211,Normal,50.0
C04275,L3,FPGA,125.14,1.104,11.8208,12.3922,12.6814,13.3401,1.2328,1.2578,1.3645,1.4214,Normal,50.0
C04276,L3,DAC,125.19,1.823,12.832,13.1038,13.1448,13.3275,1.3891,1.3379,1.3969,1.4221,High_Stable,50.0
C04277,L3,ADC,123.44,1.789,11.586,11.6518,11.7339,11.6533,1.2149,1.2261,1.2192,1.1737,High_Stable,50.0
C04278,L3,ADC,126.83,1.809,12.1689,14.1654,21.0408,57.2161,1.3005,1.4738,2.3567,8.0832,Absolute_Failure,50.0
C04279,L3,DAC,124.66,1.818,10.7534,10.9333,11.2983,12.394,1.1273,1.17,1.1418,1.3292,Normal,50.0
C04280,L3,ASIC,124.79,1.226,10.8267,11.6777,12.8971,13.0599,1.1168,1.2086,1.3679,1.3758,Normal,50.0
C04281,L3,DAC,125.31,1.809,11.5926,12.9888,14.0261,14.6889,1.2068,1.3725,1.4504,1.5583,Normal,50.0
C04282,L3,ADC,125.45,1.833,11.8977,13.3107,15.5002,21.8841,1.2361,1.3859,1.6816,2.5061,Latent_Defect,50.0
C04283,L3,ASIC,123.28,1.182,11.2508,12.206,12.5133,13.6692,1.2197,1.242,1.2653,1.4527,Normal,50.0
C04284,L3,ADC,124.83,1.768,11.5723,12.7168,13.172,13.3662,1.2087,1.3734,1.3704,1.397,Normal,50.0
C04285,L3,ADC,123.95,1.783,11.6547,12.3948,12.9222,13.6481,1.2206,1.2778,1.3684,1.4838,Normal,50.0
C04286,L3,ADC,124.78,1.805,11.4531,11.8741,12.5968,12.5278,1.1972,1.2253,1.2924,1.3271,Normal,50.0
C04287,L3,ASIC,124.99,1.213,12.1287,14.4874,20.3973,53.5077,1.2637,1.5415,2.231,7.3664,Absolute_Failure,50.0
C04288,L3,FPGA,125.49,1.116,11.6913,12.621,13.1905,14.2827,1.2086,1.2982,1.3438,1.5413,Normal,50.0
C04289,L3,ASIC,124.92,1.211,10.7783,11.4594,12.4705,13.196,1.1497,1.1806,1.3057,1.3489,Normal,50.0
C04290,L3,FPGA,125.29,1.099,11.0996,11.8229,13.3287,13.697,1.1678,1.2209,1.439,1.4611,Normal,50.0
C04291,L3,ADC,124.07,1.794,11.7434,12.2536,12.6954,12.9212,1.2246,1.2626,1.4002,1.3376,Normal,50.0
C04292,L3,ASIC,125.36,1.19,11.3032,12.1616,12.7208,13.2146,1.1655,1.2987,1.2917,1.4205,Normal,50.0
C04293,L3,FPGA,123.87,1.108,11.6981,12.8415,14.0595,15.1059,1.2167,1.3696,1.4226,1.5931,Normal,50.0
C04294,L3,FPGA,125.42,1.097,11.9693,12.1532,11.9632,12.0647,1.2768,1.296,1.2516,1.247,High_Stable,50.0
C04295,L3,ADC,125.2,1.778,12.0393,12.3677,12.7469,12.7445,1.2503,1.3314,1.3558,1.355,High_Stable,50.0
C04296,L3,ADC,125.53,1.796,11.5431,12.0102,16.2757,53.5977,1.1981,1.2597,1.7716,7.3847,Absolute_Failure,50.0
C04297,L3,FPGA,126.25,1.116,11.7392,12.6124,13.6539,15.3641,1.2548,1.3365,1.4294,1.5924,Normal,50.0
C04298,L3,DAC,124.97,1.812,12.1983,13.1213,13.5507,14.9333,1.2783,1.3763,1.4203,1.6171,Normal,50.0
C04299,L3,DAC,124.77,1.769,11.4024,11.8796,11.8377,12.0698,1.1782,1.2604,1.2007,1.2294,Normal,50.0
C04300,L3,FPGA,125.3,1.067,11.6661,13.1549,14.0223,15.2866,1.2037,1.4257,1.5029,1.6524,Normal,50.0
C04301,L3,ASIC,124.63,1.195,11.2481,12.5297,13.7712,14.2038,1.1481,1.2852,1.4318,1.538,Normal,50.0
C04302,L3,ADC,124.95,1.803,11.7686,12.1714,13.3251,14.0802,1.2289,1.2758,1.4308,1.4936,Normal,50.0
C04303,L3,DAC,125.65,1.815,11.795,12.8115,13.4436,13.9356,1.215,1.3348,1.4543,1.5006,Normal,50.0
C04304,L3,ADC,122.68,1.807,11.6811,11.9593,12.6875,13.8105,1.198,1.2611,1.3496,1.5279,Normal,50.0
C04305,L3,FPGA,125.73,1.095,11.1731,12.174,12.8582,14.2324,1.1235,1.2789,1.3041,1.506,Normal,50.0
C04306,L3,ASIC,125.13,1.191,11.3445,11.7921,12.8983,13.4131,1.213,1.2476,1.348,1.4195,Normal,50.0
C04307,L3,FPGA,125.95,1.108,11.9131,13.222,14.2393,15.7203,1.242,1.3665,1.4957,1.6722,Normal,50.0
C04308,L3,ADC,124.57,1.8,11.3474,12.4957,13.7951,14.4171,1.1671,1.3149,1.4727,1.5415,Normal,50.0
C04309,L3,ASIC,125.42,1.209,12.0606,12.3008,12.5914,13.2445,1.2327,1.3097,1.3423,1.4393,Normal,50.0
C04310,L3,DAC,125.55,1.819,12.354,13.1096,14.0677,14.4214,1.3067,1.3942,1.477,1.5114,Normal,50.0
C04311,L3,FPGA,125.19,1.093,11.1797,11.5441,12.625,26.4621,1.1964,1.2118,1.3398,3.0485,Sudden_Anomaly,50.0
C04312,L3,FPGA,124.4,1.114,11.4981,12.1411,13.4927,14.3892,1.1902,1.2887,1.4277,1.4746,Normal,50.0
C04313,L3,FPGA,124.92,1.087,11.327,12.115,12.9186,13.3604,1.1901,1.2469,1.3498,1.4208,Normal,50.0
C04314,L3,FPGA,125.56,1.079,11.6885,12.9675,13.4085,13.9277,1.1882,1.3732,1.3721,1.4861,Normal,50.0
C04315,L3,DAC,124.97,1.808,11.5037,11.7698,12.5055,12.2543,1.2406,1.2716,1.292,1.2483,Normal,50.0
C04316,L3,FPGA,123.6,1.115,11.3746,12.1845,12.8595,14.8177,1.1664,1.2656,1.3743,1.6143,Normal,50.0
C04317,L3,FPGA,126.45,1.1,11.4976,13.8179,23.4284,53.3584,1.1962,1.4759,2.6592,7.3273,Absolute_Failure,50.0
C04318,L3,ASIC,124.14,1.216,11.6978,12.8713,13.2864,14.6154,1.2138,1.3964,1.4055,1.5411,Normal,50.0
C04319,L3,ASIC,125.71,1.186,11.8635,13.5723,21.7566,52.3921,1.246,1.4473,2.4456,7.16,Absolute_Failure,50.0
C04320,L3,DAC,125.98,1.795,11.7781,12.2275,13.169,14.4744,1.2072,1.2764,1.4464,1.5187,Normal,50.0
C04321,L3,FPGA,124.19,1.089,11.0619,11.5637,11.9829,12.8798,1.1183,1.1799,1.2418,1.3629,Normal,50.0
C04322,L3,FPGA,126.57,1.135,10.9173,11.6357,12.0937,12.6838,1.1188,1.1996,1.2439,1.3236,Normal,50.0
C04323,L3,FPGA,123.38,1.1,11.636,13.6274,17.6003,23.8216,1.2342,1.4468,1.9196,2.7112,Latent_Defect,50.0
C04324,L3,ASIC,124.32,1.21,10.7569,11.2433,12.5323,34.4591,1.1132,1.1899,1.3015,4.2186,Sudden_Anomaly,50.0
C04325,L3,ASIC,125.32,1.212,11.4176,12.2976,12.967,13.6967,1.196,1.2771,1.3619,1.407,Normal,50.0
C04326,L3,DAC,124.88,1.799,12.231,14.0519,20.543,54.5897,1.2925,1.5193,2.2687,7.5591,Absolute_Failure,50.0
C04327,L3,FPGA,125.0,1.091,11.6743,12.3821,13.7088,14.9366,1.2169,1.3021,1.4643,1.6318,Normal,50.0
C04328,L3,ADC,124.23,1.839,12.0914,13.5221,14.6666,33.8802,1.2324,1.3806,1.583,4.116,Sudden_Anomaly,50.0
C04329,L3,ASIC,124.52,1.208,11.6576,12.1938,13.4188,14.2827,1.1695,1.2788,1.3938,1.5206,Normal,50.0
C04330,L3,DAC,123.11,1.823,12.2997,12.6318,14.3339,39.1808,1.2724,1.3727,1.5482,4.9292,Sudden_Anomaly,50.0
C04331,L3,DAC,125.52,1.826,12.0723,12.3423,12.4711,12.3162,1.2606,1.2716,1.3027,1.296,High_Stable,50.0
C04332,L3,FPGA,126.42,1.109,11.8014,12.2494,13.5461,15.0218,1.2029,1.2462,1.4499,1.6211,Normal,50.0
C04333,L3,FPGA,125.22,1.104,10.9847,12.7182,17.777,23.0459,1.1313,1.3037,1.9546,2.5628,Latent_Defect,50.0
C04334,L3,DAC,125.35,1.79,11.9083,12.2861,13.5402,14.0613,1.2428,1.292,1.4282,1.4855,Normal,50.0
C04335,L3,FPGA,127.29,1.115,12.0334,12.411,12.9674,13.8143,1.2323,1.2699,1.3583,1.4532,Normal,50.0
C04336,L3,ADC,124.87,1.783,11.3792,12.1406,14.8095,52.1513,1.1963,1.2568,1.5866,7.166,Absolute_Failure,50.0
C04337,L3,ADC,125.57,1.819,11.3793,12.0024,13.3801,13.826,1.2061,1.2474,1.3724,1.4413,Normal,50.0
C04338,L3,DAC,125.28,1.807,12.0665,13.0589,13.783,14.751,1.2303,1.4118,1.4676,1.5606,Normal,50.0
C04339,L3,FPGA,125.51,1.086,11.3146,11.709,12.8628,13.655,1.1626,1.2104,1.3615,1.4866,Normal,50.0
C04340,L3,ASIC,125.19,1.197,11.2315,11.9833,13.5587,34.0183,1.1756,1.2653,1.3886,4.1576,Sudden_Anomaly,50.0
C04341,L3,FPGA,124.91,1.099,12.0268,12.8069,16.6187,22.9855,1.277,1.3474,1.7842,2.6153,Latent_Defect,50.0
C04342,L3,DAC,125.9,1.785,11.7343,12.6674,14.1614,15.2551,1.206,1.3551,1.4917,1.6392,Normal,50.0
C04343,L3,ASIC,125.65,1.19,10.9207,11.3462,11.6811,12.8271,1.1152,1.1929,1.1821,1.3522,Normal,50.0
C04344,L3,ADC,125.13,1.798,11.6554,12.3737,12.8478,14.0252,1.2491,1.313,1.3442,1.474,Normal,50.0
C04345,L3,FPGA,124.47,1.113,11.1784,12.4738,13.6562,14.2564,1.1516,1.2856,1.452,1.5375,Normal,50.0
C04346,L3,ASIC,125.44,1.193,11.0327,12.5591,14.0644,29.4015,1.1571,1.3188,1.5174,3.4936,Sudden_Anomaly,50.0
C04347,L3,FPGA,125.2,1.077,11.3297,12.0255,12.6438,14.2761,1.1694,1.272,1.2963,1.5385,Normal,50.0
C04348,L3,ADC,126.35,1.81,12.0217,13.6288,16.0451,20.4025,1.2847,1.4614,1.6833,2.2711,Latent_Defect,50.0
C04349,L3,ADC,123.8,1.784,11.4831,12.5157,13.667,14.3524,1.2095,1.2671,1.4123,1.5616,Normal,50.0
C04350,L3,DAC,125.46,1.817,12.5835,13.034,14.2944,15.2613,1.3088,1.4264,1.4986,1.6352,Normal,50.0
C04351,L3,ADC,124.72,1.847,12.3769,13.4289,14.682,16.1395,1.3034,1.4325,1.5733,1.7798,Normal,50.0
C04352,L3,ASIC,124.47,1.213,11.8968,11.9734,12.4093,12.5228,1.2365,1.2709,1.2839,1.2864,High_Stable,50.0
C04353,L3,FPGA,124.47,1.104,11.493,11.4711,11.6454,11.8383,1.2209,1.2005,1.2015,1.2563,High_Stable,50.0
C04354,L3,ADC,125.34,1.792,11.9695,12.4863,15.4342,20.0282,1.2257,1.3599,1.6777,2.2196,Latent_Defect,50.0
C04355,L3,ADC,125.01,1.776,12.0254,12.2454,11.9798,12.238,1.263,1.27,1.1685,1.2707,High_Stable,50.0
C04356,L3,DAC,124.24,1.802,11.542,12.611,17.6396,25.1724,1.2182,1.3535,1.9184,2.8311,Latent_Defect,50.0
C04357,L3,FPGA,124.38,1.121,11.8158,13.4359,17.7327,56.391,1.2189,1.4092,1.9159,7.8932,Absolute_Failure,50.0
C04358,L3,FPGA,125.33,1.098,11.26,12.5277,14.8477,21.4549,1.1952,1.2664,1.5656,2.369,Latent_Defect,50.0
C04359,L3,ADC,125.47,1.806,11.637,12.3432,13.5612,14.0163,1.2345,1.3074,1.463,1.5072,Normal,50.0
C04360,L3,DAC,125.49,1.805,11.9902,12.4866,12.9948,13.6241,1.2339,1.302,1.3484,1.4158,Normal,50.0
C04361,L3,FPGA,124.19,1.14,11.9362,12.7925,13.7566,15.0709,1.2517,1.3676,1.4643,1.5712,Normal,50.0
C04362,L3,ADC,125.11,1.804,11.6144,12.3055,13.2893,13.583,1.2361,1.3242,1.3928,1.4145,Normal,50.0
C04363,L3,DAC,125.32,1.793,12.3186,13.0107,13.7766,14.2292,1.2792,1.4171,1.4559,1.5533,Normal,50.0
C04364,L3,FPGA,124.19,1.11,11.614,13.0753,15.8995,23.0039,1.2247,1.3901,1.7027,2.6323,Latent_Defect,50.0
C04365,L3,ASIC,125.46,1.18,11.1442,12.2316,14.1422,27.0145,1.1419,1.2652,1.4641,3.1522,Sudden_Anomaly,50.0
C04366,L3,ASIC,126.01,1.184,11.1532,11.5698,11.9914,13.4358,1.1635,1.2161,1.2655,1.4362,Normal,50.0
C04367,L3,ADC,124.13,1.823,11.4625,12.5173,12.7592,13.9561,1.1822,1.3178,1.4001,1.4424,Normal,50.0
C04368,L3,ASIC,125.05,1.174,11.6938,12.2542,13.4023,14.436,1.2337,1.2811,1.4095,1.5385,Normal,50.0
C04369,L3,ADC,124.81,1.804,11.4505,12.4481,13.2443,14.4027,1.2156,1.2764,1.3814,1.5879,Normal,50.0
C04370,L3,FPGA,125.43,1.072,11.801,12.3347,12.8987,13.3599,1.19,1.2914,1.3744,1.417,Normal,50.0
C04371,L3,ASIC,125.18,1.199,11.5063,11.9765,12.8557,14.4258,1.1807,1.2449,1.3099,1.5713,Normal,50.0
C04372,L3,ASIC,124.33,1.211,11.4191,12.1213,13.2545,13.7712,1.2118,1.3186,1.3717,1.4608,Normal,50.0
C04373,L3,ADC,125.24,1.806,11.5838,12.4282,13.3439,14.71,1.1991,1.3165,1.3889,1.5563,Normal,50.0
C04374,L3,FPGA,125.0,1.114,11.043,11.0863,11.6544,12.9706,1.1231,1.182,1.2143,1.379,Normal,50.0
C04375,L3,ADC,126.03,1.782,11.8385,12.0528,13.4034,14.1503,1.2811,1.2375,1.3922,1.5146,Normal,50.0
C04376,L3,DAC,125.46,1.805,11.8668,12.7572,13.1677,13.5109,1.239,1.3848,1.427,1.4524,Normal,50.0
C04377,L3,ADC,124.88,1.805,11.9919,13.0371,13.9903,14.5838,1.2576,1.3764,1.4602,1.5904,Normal,50.0
C04378,L3,ADC,125.95,1.78,11.6701,12.9901,15.8713,52.7008,1.1901,1.3827,1.693,7.2536,Absolute_Failure,50.0
C04379,L3,ADC,124.26,1.795,12.2315,12.8738,14.7294,42.1653,1.2523,1.364,1.5428,5.5019,Sudden_Anomaly,50.0
C04380,L3,ASIC,124.41,1.188,11.6333,11.9858,12.1836,12.9943,1.1603,1.2654,1.2682,1.3257,Normal,50.0
C04381,L3,FPGA,125.7,1.088,11.0498,11.7092,12.8008,13.8451,1.1884,1.2325,1.361,1.4468,Normal,50.0
C04382,L3,ASIC,126.58,1.207,11.0315,13.4561,20.7386,54.3402,1.1663,1.4033,2.2967,7.5206,Absolute_Failure,50.0
C04383,L3,ADC,124.84,1.795,11.978,13.0305,13.1908,13.8509,1.2809,1.3722,1.3922,1.4508,Normal,50.0
C04384,L3,FPGA,125.94,1.081,11.3003,11.9521,13.1369,14.6628,1.1793,1.2371,1.3856,1.5348,Normal,50.0
C04385,L3,ADC,124.69,1.79,12.1089,12.189,12.2022,12.0935,1.2395,1.2674,1.2505,1.2379,High_Stable,50.0
C04386,L3,FPGA,126.81,1.135,11.8188,13.5777,19.1485,51.9499,1.2267,1.4516,2.1296,7.1158,Absolute_Failure,50.0
C04387,L3,FPGA,125.42,1.103,11.1675,11.7229,11.9876,12.3256,1.1315,1.2011,1.2577,1.2927,Normal,50.0
C04388,L3,ASIC,124.83,1.209,11.0706,14.129,19.8666,59.5528,1.2072,1.5742,2.1705,8.48,Absolute_Failure,50.0
C04389,L3,ASIC,125.19,1.175,11.4606,12.1608,13.579,14.4798,1.1507,1.2437,1.4274,1.5195,Normal,50.0
C04390,L3,ASIC,125.51,1.202,11.4269,11.7309,11.8029,11.8862,1.22,1.2116,1.2879,1.2051,High_Stable,50.0
C04391,L3,FPGA,125.29,1.104,11.3617,11.5905,11.7643,11.6804,1.1964,1.228,1.227,1.2563,High_Stable,50.0
C04392,L3,DAC,123.38,1.816,11.9402,13.001,18.0936,54.2284,1.2359,1.3706,1.9976,7.5149,Absolute_Failure,50.0
C04393,L3,DAC,125.03,1.815,12.1321,12.4828,12.8484,13.146,1.2545,1.3208,1.3212,1.3958,Normal,50.0
C04394,L3,ASIC,125.73,1.209,11.5974,12.002,14.5164,31.8971,1.2234,1.2228,1.5409,3.8437,Sudden_Anomaly,50.0
C04395,L3,ADC,124.4,1.818,12.3177,14.7072,22.2328,55.8894,1.2764,1.5569,2.527,7.8154,Absolute_Failure,50.0
C04396,L3,FPGA,124.57,1.077,12.003,12.6722,12.9531,13.6106,1.2741,1.3369,1.3509,1.447,Normal,50.0
C04397,L3,ADC,125.01,1.818,12.3564,12.4475,12.655,12.7967,1.2887,1.3386,1.3094,1.3674,High_Stable,50.0
C04398,L3,FPGA,124.62,1.115,11.7828,12.1575,12.1757,11.908,1.2275,1.2235,1.2559,1.2289,High_Stable,50.0
C04399,L3,ASIC,124.84,1.204,11.2667,13.3025,21.0536,58.7027,1.1564,1.4117,2.3311,8.3681,Absolute_Failure,50.0
C04400,L3,FPGA,124.54,1.121,11.1299,12.2681,16.7935,21.7736,1.1763,1.3105,1.7748,2.4348,Latent_Defect,50.0
C04401,L3,ASIC,124.44,1.205,11.6273,11.7186,12.895,13.2307,1.2749,1.1691,1.3597,1.3618,Normal,50.0
C04402,L3,FPGA,124.49,1.084,11.995,12.4449,13.2988,14.0471,1.2511,1.3214,1.4161,1.5304,Normal,50.0
C04403,L3,FPGA,124.78,1.099,11.8157,13.0555,13.8852,14.8148,1.2498,1.4045,1.466,1.5896,Normal,50.0
C04404,L3,DAC,124.61,1.805,12.4832,12.6595,12.8926,13.0897,1.3098,1.286,1.3493,1.4337,High_Stable,50.0
C04405,L3,ASIC,125.0,1.203,11.1731,13.1659,20.7004,59.6438,1.1731,1.4015,2.2842,8.503,Absolute_Failure,50.0
C04406,L3,DAC,125.85,1.797,12.4562,12.8801,13.749,14.1278,1.3299,1.3792,1.4337,1.5109,Normal,50.0
C04407,L3,DAC,126.46,1.798,12.2463,12.8955,13.6584,14.2483,1.3009,1.3693,1.4296,1.5372,Normal,50.0
C04408,L3,ASIC,124.88,1.212,11.5277,11.877,12.5847,13.6204,1.2002,1.2186,1.2885,1.3945,Normal,50.0
C04409,L3,ASIC,125.11,1.209,11.7071,12.5103,12.5671,14.1217,1.2,1.288,1.359,1.5073,Normal,50.0
C04410,L3,ASIC,124.58,1.216,11.3556,11.9313,12.655,13.9597,1.183,1.2358,1.3517,1.4845,Normal,50.0
C04411,L3,ADC,124.62,1.796,12.0733,12.2747,12.9643,14.5999,1.2116,1.2848,1.3642,1.5806,Normal,50.0
C04412,L3,DAC,124.63,1.803,12.052,12.6725,13.4479,14.5121,1.2447,1.2964,1.4523,1.6019,Normal,50.0
C04413,L3,ADC,125.28,1.819,12.5199,12.5842,12.5915,12.7996,1.3612,1.3431,1.3375,1.3612,High_Stable,50.0
C04414,L3,FPGA,125.79,1.094,11.468,12.3689,13.1958,14.0921,1.2048,1.2847,1.3798,1.4949,Normal,50.0
C04415,L3,DAC,125.58,1.846,11.6166,13.2369,18.1667,22.6386,1.2269,1.4345,2.0254,2.5687,Latent_Defect,50.0
C04416,L3,DAC,124.47,1.779,12.2641,12.1794,12.1599,12.3561,1.2679,1.3034,1.2758,1.2635,High_Stable,50.0
C04417,L3,ADC,124.09,1.799,11.7295,13.7436,23.0086,52.9961,1.2167,1.4686,2.6542,7.2547,Absolute_Failure,50.0
C04418,L3,FPGA,126.12,1.104,12.4145,12.743,12.8482,13.0489,1.2892,1.3178,1.3642,1.4001,High_Stable,50.0
C04419,L3,DAC,124.07,1.82,12.3861,13.8811,17.4415,24.9248,1.3014,1.5324,1.9092,2.8636,Latent_Defect,50.0
C04420,L3,ADC,125.08,1.799,11.4224,13.4068,17.1346,22.259,1.2462,1.3838,1.8749,2.4964,Latent_Defect,50.0
C04421,L3,ASIC,126.33,1.202,11.2673,12.0814,15.9274,21.9561,1.1745,1.2569,1.7233,2.419,Latent_Defect,50.0
C04422,L3,ADC,125.54,1.776,11.9247,13.015,13.8026,15.2714,1.2733,1.3832,1.4483,1.6381,Normal,50.0
C04423,L3,DAC,125.2,1.781,12.3231,12.3595,12.5153,12.5113,1.2879,1.2932,1.3132,1.319,High_Stable,50.0
C04424,L3,ADC,125.44,1.831,11.535,12.2438,14.2771,36.2553,1.204,1.2403,1.5813,4.4837,Sudden_Anomaly,50.0
C04425,L3,ADC,123.54,1.791,11.6657,12.4534,13.1205,14.2018,1.2206,1.3243,1.3825,1.5126,Normal,50.0
C04426,L3,ASIC,123.72,1.197,11.6417,12.1442,12.9771,13.6471,1.2247,1.2663,1.3593,1.4575,Normal,50.0
C04427,L3,ASIC,126.44,1.204,11.3024,12.1328,13.4796,13.4417,1.1734,1.2362,1.4125,1.418,Normal,50.0
C04428,L3,ADC,125.13,1.822,12.0949,12.8186,12.9637,13.2162,1.2286,1.356,1.3436,1.4028,Normal,50.0
C04429,L3,FPGA,124.53,1.104,10.9891,11.7974,17.0989,58.1016,1.1674,1.2166,1.858,8.2067,Absolute_Failure,50.0
C04430,L3,FPGA,124.15,1.107,11.2169,12.0718,17.3477,60.2921,1.1221,1.2433,1.8955,8.6295,Absolute_Failure,50.0
C04431,L3,ASIC,125.57,1.198,11.9607,12.4111,13.3542,14.2364,1.2686,1.3104,1.3733,1.516,Normal,50.0
C04432,L3,ASIC,125.51,1.176,11.4138,12.0635,13.1021,13.6124,1.1618,1.2635,1.3768,1.441,Normal,50.0
C04433,L3,ASIC,123.87,1.218,11.4632,12.5742,12.7562,12.7958,1.227,1.3053,1.3533,1.3549,Normal,50.0
C04434,L3,FPGA,125.89,1.095,11.8506,12.7932,13.0561,13.9805,1.2179,1.3146,1.3914,1.5085,Normal,50.0
C04435,L3,DAC,127.57,1.804,11.9106,12.4844,13.0106,14.26,1.1805,1.3371,1.3913,1.49,Normal,50.0
C04436,L3,ADC,125.53,1.792,11.7859,11.9633,12.0286,12.1832,1.2513,1.2918,1.2637,1.2372,High_Stable,50.0
C04437,L3,ASIC,124.76,1.195,12.0391,12.331,12.048,12.1833,1.2558,1.2869,1.239,1.2599,High_Stable,50.0
C04438,L3,ADC,125.17,1.8,12.0851,13.2108,14.0779,14.5415,1.3244,1.4133,1.501,1.5587,Normal,50.0
C04439,L3,FPGA,125.5,1.074,11.8266,13.2367,14.5717,30.2125,1.206,1.3962,1.5369,3.586,Sudden_Anomaly,50.0
C04440,L3,FPGA,125.91,1.087,11.2737,12.6065,13.4786,14.4191,1.1811,1.2861,1.4313,1.5426,Normal,50.0
C04441,L3,ADC,123.77,1.799,11.8623,12.4447,13.0785,28.7901,1.2961,1.299,1.4329,3.3972,Sudden_Anomaly,50.0
C04442,L3,FPGA,126.86,1.103,11.8702,12.652,12.8043,14.0427,1.2111,1.3322,1.3498,1.5204,Normal,50.0
C04443,L3,FPGA,124.98,1.097,11.5555,12.4532,13.2996,14.5021,1.2209,1.2934,1.4403,1.509,Normal,50.0
C04444,L3,ADC,124.71,1.784,12.4921,12.5405,12.6067,13.1081,1.3018,1.2976,1.3137,1.378,High_Stable,50.0
C04445,L3,ADC,124.9,1.81,11.687,12.5693,13.5816,14.4234,1.2514,1.2977,1.4463,1.5511,Normal,50.0
C04446,L3,FPGA,125.07,1.078,11.4375,11.3167,11.5193,11.7089,1.1522,1.1838,1.223,1.1887,High_Stable,50.0
C04447,L3,ASIC,125.04,1.205,10.8952,11.7515,11.7412,12.7386,1.1742,1.2695,1.2705,1.3448,Normal,50.0
C04448,L3,ASIC,123.55,1.197,10.864,13.6193,19.7497,51.5871,1.1335,1.4178,2.1303,7.0289,Absolute_Failure,50.0
C04449,L3,ADC,126.14,1.797,11.2617,11.5852,11.6227,12.4331,1.1328,1.2214,1.2269,1.2719,Normal,50.0
C04450,L3,ADC,124.05,1.814,11.7258,12.32,12.8906,13.6782,1.2274,1.2843,1.3915,1.4334,Normal,50.0
C04451,L3,DAC,124.29,1.813,11.3833,12.8934,15.7093,22.459,1.2054,1.3742,1.6912,2.5463,Latent_Defect,50.0
C04452,L3,FPGA,125.72,1.106,11.8976,12.1173,12.174,12.2087,1.2333,1.2418,1.2724,1.2997,High_Stable,50.0
C04453,L3,DAC,125.09,1.81,12.6393,13.117,14.2385,14.6592,1.3567,1.4509,1.5329,1.5695,Normal,50.0
C04454,L3,FPGA,126.15,1.088,11.3571,13.5347,20.2483,50.5745,1.1512,1.4495,2.2492,6.9094,Absolute_Failure,50.0
C04455,L3,ADC,124.59,1.816,11.911,12.4925,12.7867,14.1042,1.2515,1.3251,1.3652,1.494,Normal,50.0
C04456,L3,FPGA,126.92,1.108,10.9601,12.0779,18.8838,50.1352,1.1081,1.258,2.0801,6.7649,Absolute_Failure,50.0
C04457,L3,FPGA,125.61,1.091,11.6903,12.0068,12.3419,12.8124,1.235,1.2424,1.309,1.391,High_Stable,50.0
C04458,L3,DAC,124.44,1.801,12.027,12.6951,16.0443,55.8835,1.1863,1.3338,1.7347,7.8021,Absolute_Failure,50.0
C04459,L3,ASIC,126.28,1.193,12.0158,12.6732,12.483,13.2022,1.3013,1.3151,1.3564,1.3514,Normal,50.0
C04460,L3,DAC,124.96,1.78,12.1927,12.4929,12.5589,12.1949,1.2709,1.3144,1.3132,1.299,High_Stable,50.0
C04461,L3,ASIC,124.52,1.21,11.5477,11.9562,12.5718,14.0694,1.2176,1.2656,1.2645,1.5176,Normal,50.0
C04462,L3,ADC,125.7,1.78,11.0172,12.3879,12.7113,13.5874,1.1821,1.2841,1.3459,1.4727,Normal,50.0
C04463,L3,ASIC,124.53,1.208,11.5729,12.1717,13.0635,13.7582,1.1877,1.2452,1.3759,1.4547,Normal,50.0
C04464,L3,FPGA,124.31,1.075,11.6424,13.7994,23.8,55.6125,1.2371,1.4408,2.7051,7.7526,Absolute_Failure,50.0
C04465,L3,ASIC,125.8,1.197,11.0985,11.7845,12.6455,13.7253,1.1277,1.2206,1.3387,1.449,Normal,50.0
C04466,L3,ADC,124.66,1.826,11.833,12.8617,13.9002,14.4705,1.2318,1.3837,1.4889,1.5439,Normal,50.0
C04467,L3,ADC,124.64,1.814,11.6924,11.816,12.6842,13.6944,1.2136,1.2796,1.3719,1.4194,Normal,50.0
C04468,L3,FPGA,126.08,1.099,11.3194,12.6437,16.5047,57.9335,1.191,1.311,1.7937,8.2152,Absolute_Failure,50.0
C04469,L3,ADC,125.68,1.847,12.4665,13.7333,16.8556,23.7119,1.3296,1.4612,1.8156,2.6709,Latent_Defect,50.0
C04470,L3,FPGA,126.33,1.087,12.3176,13.1073,13.9317,14.6392,1.2936,1.3725,1.4723,1.5595,Normal,50.0
C04471,L3,ADC,124.7,1.841,12.3569,13.1149,14.421,16.1293,1.3044,1.3862,1.5227,1.7454,Normal,50.0
C04472,L3,FPGA,125.41,1.1,12.208,13.2795,13.9219,15.5736,1.2968,1.3815,1.473,1.7202,Normal,50.0
C04473,L3,FPGA,124.31,1.08,12.081,12.6418,13.2185,15.1155,1.2706,1.3302,1.403,1.6154,Normal,50.0
C04474,L3,FPGA,126.94,1.118,11.4404,11.8966,12.7325,13.8196,1.2133,1.2624,1.37,1.4491,Normal,50.0
C04475,L3,DAC,126.74,1.793,12.4296,13.0218,14.3035,14.8501,1.3323,1.4001,1.515,1.605,Normal,50.0
C04476,L3,DAC,126.25,1.819,12.032,12.9887,13.9585,14.4333,1.2525,1.353,1.449,1.5094,Normal,50.0
C04477,L3,FPGA,126.21,1.1,11.3576,12.2012,13.4623,14.2071,1.1555,1.2738,1.4582,1.5314,Normal,50.0
C04478,L3,ADC,124.82,1.804,11.5173,12.1613,12.8261,14.2883,1.1816,1.2664,1.3088,1.4989,Normal,50.0
C04479,L3,DAC,125.85,1.812,12.243,13.4639,16.1135,32.6565,1.289,1.4073,1.7267,3.9785,Sudden_Anomaly,50.0
C04480,L3,ASIC,125.03,1.193,11.9054,12.186,12.7031,12.5839,1.2331,1.2593,1.3122,1.3753,High_Stable,50.0
C04481,L3,FPGA,125.96,1.12,11.9997,12.6146,13.5874,14.2334,1.2572,1.3438,1.3957,1.506,Normal,50.0
C04482,L3,DAC,125.9,1.793,11.7724,12.6067,13.3635,14.5563,1.2365,1.3522,1.4018,1.5695,Normal,50.0
C04483,L3,ASIC,125.47,1.203,10.8068,11.648,12.6193,12.5636,1.1102,1.2217,1.3405,1.3304,Normal,50.0
C04484,L3,FPGA,124.82,1.079,11.3284,11.9116,13.0887,14.1839,1.1859,1.2916,1.3414,1.5149,Normal,50.0
C04485,L3,ADC,124.9,1.81,11.6121,14.2221,22.1392,61.0338,1.2105,1.5223,2.4672,8.7748,Absolute_Failure,50.0
C04486,L3,DAC,126.91,1.803,11.9294,13.6849,19.6049,59.0159,1.2744,1.4601,2.1525,8.3951,Absolute_Failure,50.0
C04487,L3,DAC,125.36,1.843,11.9867,13.0902,13.6667,13.9629,1.2403,1.3797,1.4305,1.4991,Normal,50.0
C04488,L3,ADC,125.63,1.8,12.1465,12.9306,14.162,15.7428,1.2882,1.3676,1.5263,1.7086,Normal,50.0
C04489,L3,DAC,124.27,1.801,12.4819,13.4338,13.6707,14.9007,1.315,1.4515,1.4453,1.6049,Normal,50.0
C04490,L3,FPGA,124.5,1.085,11.8763,12.8522,15.035,27.0894,1.2476,1.3634,1.6386,3.1613,Sudden_Anomaly,50.0
C04491,L3,FPGA,124.17,1.088,11.6917,12.5607,13.4821,14.0075,1.2153,1.3311,1.4681,1.4905,Normal,50.0
C04492,L3,DAC,124.05,1.796,11.1158,11.7681,12.6174,13.787,1.1569,1.2121,1.3803,1.4371,Normal,50.0
C04493,L3,FPGA,124.68,1.102,11.8497,11.8885,12.1794,12.2913,1.2559,1.2161,1.272,1.2719,High_Stable,50.0
C04494,L3,ASIC,124.13,1.191,11.5975,12.2305,12.9598,13.1155,1.2064,1.2738,1.3524,1.4021,Normal,50.0
C04495,L3,ADC,124.67,1.788,11.0597,11.4943,12.8184,12.9046,1.1695,1.181,1.3561,1.3545,Normal,50.0
C04496,L3,DAC,124.27,1.81,11.4894,13.3516,19.2005,52.9302,1.21,1.4313,2.1456,7.2893,Absolute_Failure,50.0
C04497,L3,FPGA,124.14,1.116,11.9277,11.9076,11.7748,12.0499,1.2685,1.2458,1.1939,1.2832,High_Stable,50.0
C04498,L3,DAC,124.49,1.799,11.8105,12.5883,13.5086,13.4547,1.2318,1.3016,1.4412,1.3804,Normal,50.0
C04499,L3,FPGA,123.43,1.106,11.0214,11.5576,12.0414,12.9697,1.1703,1.2132,1.2654,1.3821,Normal,50.0
C04500,L3,ADC,124.68,1.773,11.2338,12.8337,19.9102,57.462,1.186,1.3639,2.2325,8.1125,Absolute_Failure,50.0
C04501,L3,ADC,125.9,1.813,12.1231,13.9639,18.2488,23.6786,1.2469,1.453,1.9939,2.6828,Latent_Defect,50.0
C04502,L3,ADC,124.92,1.779,11.6371,12.281,12.9556,14.5002,1.202,1.29,1.3755,1.5764,Normal,50.0
C04503,L3,ASIC,125.97,1.209,12.2013,12.3417,12.3577,12.3454,1.2237,1.2922,1.2992,1.2814,High_Stable,50.0
C04504,L3,FPGA,124.43,1.112,12.2988,13.0285,13.2132,14.7367,1.3319,1.3607,1.388,1.5556,Normal,50.0
C04505,L3,ASIC,125.23,1.2,11.3882,11.7542,12.5161,13.7108,1.2083,1.2088,1.3065,1.4063,Normal,50.0
C04506,L3,FPGA,124.4,1.108,11.9373,12.4935,13.1537,13.3796,1.2476,1.297,1.4395,1.4077,Normal,50.0
C04507,L3,ADC,125.45,1.833,11.1624,12.8006,18.6142,51.552,1.1547,1.3774,2.0386,7.0397,Absolute_Failure,50.0
C04508,L3,FPGA,124.55,1.097,12.3807,13.9889,18.8688,25.995,1.285,1.4998,2.1426,3.0536,Latent_Defect,50.0
C04509,L3,FPGA,127.02,1.093,12.0756,13.3298,14.0436,14.4808,1.2712,1.3947,1.5114,1.5772,Normal,50.0
C04510,L3,FPGA,125.7,1.121,11.5001,11.8828,11.9727,13.2012,1.2203,1.2595,1.2316,1.3317,Normal,50.0
C04511,L3,ADC,125.97,1.772,11.9901,12.2255,12.0431,12.4281,1.2805,1.2811,1.2491,1.2972,High_Stable,50.0
C04512,L3,FPGA,125.25,1.077,11.3793,13.1303,16.0479,22.5765,1.1847,1.3906,1.7292,2.5334,Latent_Defect,50.0
C04513,L3,ADC,125.47,1.796,11.5609,13.5286,15.8725,24.0166,1.1625,1.4508,1.7133,2.7827,Latent_Defect,50.0
C04514,L3,ADC,125.07,1.81,12.7077,12.7959,12.8552,12.5188,1.315,1.3643,1.3799,1.3199,High_Stable,50.0
C04515,L3,DAC,124.78,1.8,11.8027,13.1008,16.2627,20.4272,1.1571,1.4247,1.7579,2.22,Latent_Defect,50.0
C04516,L3,FPGA,126.95,1.107,11.3951,12.1049,16.0194,20.3768,1.2051,1.2536,1.7133,2.2615,Latent_Defect,50.0
C04517,L3,DAC,126.31,1.817,11.5946,12.7712,14.1841,33.4501,1.2352,1.3676,1.5004,4.0713,Sudden_Anomaly,50.0
C04518,L3,DAC,126.95,1.793,11.9783,12.5691,14.3203,57.9428,1.2065,1.3287,1.5168,8.1979,Absolute_Failure,50.0
C04519,L3,FPGA,125.17,1.061,11.6707,13.8033,20.6308,52.5823,1.1748,1.5402,2.3014,7.2301,Absolute_Failure,50.0
C04520,L3,ASIC,124.7,1.194,11.6601,12.6734,12.9467,13.7961,1.202,1.3299,1.4015,1.5355,Normal,50.0
C04521,L3,ADC,123.41,1.796,12.0804,12.0491,12.4545,12.6899,1.2637,1.2567,1.278,1.3146,High_Stable,50.0
C04522,L3,ASIC,126.82,1.216,12.1035,12.5938,13.8054,15.1573,1.2564,1.2924,1.4624,1.636,Normal,50.0
C04523,L3,ASIC,125.5,1.214,10.7314,11.9763,14.2824,41.7229,1.053,1.317,1.5298,5.3636,Sudden_Anomaly,50.0
C04524,L3,ASIC,124.78,1.217,11.5154,11.6959,12.7259,13.7432,1.1975,1.2386,1.3099,1.5017,Normal,50.0
C04525,L3,ADC,124.32,1.818,11.9508,12.213,12.3606,12.3293,1.2257,1.2761,1.287,1.3099,High_Stable,50.0
C04526,L3,FPGA,124.68,1.098,11.2269,12.0718,13.4139,14.6213,1.1529,1.2155,1.4598,1.5557,Normal,50.0
C04527,L3,DAC,126.41,1.812,12.3312,12.8724,13.7458,14.3245,1.3074,1.3613,1.441,1.5144,Normal,50.0
C04528,L3,FPGA,124.67,1.097,11.9215,12.1567,12.23,12.1317,1.2511,1.2319,1.2909,1.2169,High_Stable,50.0
C04529,L3,FPGA,125.98,1.107,11.3924,13.3046,15.2567,20.7982,1.1658,1.3989,1.6283,2.2955,Latent_Defect,50.0
C04530,L3,FPGA,123.72,1.089,11.777,12.0539,12.1384,12.5122,1.2229,1.2553,1.2759,1.3144,High_Stable,50.0
C04531,L3,ADC,125.22,1.789,12.8109,12.8857,13.014,12.937,1.4179,1.3382,1.3858,1.434,High_Stable,50.0
C04532,L3,ASIC,124.98,1.203,11.9899,13.2168,17.1757,24.1872,1.2607,1.4227,1.8106,2.8008,Latent_Defect,50.0
C04533,L3,ASIC,125.62,1.153,12.1057,11.9391,12.1841,12.7727,1.2977,1.2175,1.2491,1.3458,High_Stable,50.0
C04534,L3,DAC,125.8,1.788,12.0203,12.1226,12.2891,12.1583,1.2461,1.2415,1.2954,1.3186,High_Stable,50.0
C04535,L3,DAC,125.02,1.797,12.3649,13.9414,21.2772,60.367,1.291,1.4958,2.3449,8.6348,Absolute_Failure,50.0
C04536,L3,FPGA,126.1,1.084,12.0413,12.1938,12.4815,12.5723,1.2203,1.2635,1.3197,1.3254,High_Stable,50.0
C04537,L3,ASIC,123.71,1.194,11.5846,12.7651,17.2055,22.1876,1.2682,1.3347,1.8608,2.466,Latent_Defect,50.0
C04538,L3,ADC,124.37,1.8,11.9098,12.7336,13.315,13.7797,1.2512,1.353,1.3856,1.4643,Normal,50.0
C04539,L3,ADC,124.7,1.821,11.7642,11.8788,11.962,12.4481,1.1932,1.199,1.2577,1.2887,High_Stable,50.0
C04540,L3,DAC,125.62,1.801,12.2534,13.0389,14.5545,15.7693,1.3185,1.3511,1.55,1.7172,Normal,50.0
C04541,L3,FPGA,125.34,1.104,11.2225,11.554,11.808,12.9506,1.1816,1.2215,1.2123,1.3403,Normal,50.0
C04542,L3,ASIC,124.84,1.209,11.3032,12.5486,13.373,14.5185,1.177,1.3343,1.4101,1.5232,Normal,50.0
C04543,L3,ASIC,123.83,1.215,11.0728,11.8241,12.4989,13.8296,1.1471,1.2217,1.3705,1.4252,Normal,50.0
C04544,L3,DAC,125.09,1.788,11.6365,12.1253,12.2779,12.6797,1.2408,1.2341,1.2953,1.3463,Normal,50.0
C04545,L3,DAC,124.87,1.823,11.3571,11.3758,11.5478,11.6689,1.1644,1.2204,1.1918,1.2183,High_Stable,50.0
C04546,L3,ASIC,125.41,1.22,11.7429,12.3161,13.6938,30.5855,1.2496,1.3417,1.4558,3.6228,Sudden_Anomaly,50.0
C04547,L3,DAC,124.95,1.784,12.1329,13.0244,14.1685,15.4643,1.2845,1.3862,1.4987,1.6797,Normal,50.0
C04548,L3,ASIC,125.38,1.17,10.7085,11.8181,12.0458,12.763,1.0895,1.2543,1.2601,1.3241,Normal,50.0
C04549,L3,FPGA,124.73,1.085,11.7583,13.046,15.5018,36.9645,1.2262,1.3066,1.6651,4.6009,Sudden_Anomaly,50.0
C04550,L3,ASIC,125.2,1.201,11.8096,11.852,11.7766,11.6595,1.2113,1.2007,1.2187,1.2579,High_Stable,50.0
C04551,L3,FPGA,125.4,1.108,11.4073,12.6346,14.8196,18.4747,1.1836,1.3156,1.5728,2.0632,Latent_Defect,50.0
C04552,L3,ASIC,126.99,1.194,12.1563,12.5535,12.4651,12.5078,1.2603,1.3243,1.3167,1.2975,High_Stable,50.0
C04553,L3,FPGA,124.41,1.117,11.3973,11.6573,12.4751,13.6025,1.2126,1.1819,1.3271,1.4097,Normal,50.0
C04554,L3,FPGA,125.37,1.092,12.4163,12.642,12.5687,12.4962,1.3149,1.3525,1.3323,1.3218,High_Stable,50.0
C04555,L3,ASIC,125.03,1.199,11.5174,12.717,15.4046,31.0538,1.1997,1.3021,1.6493,3.7132,Sudden_Anomaly,50.0
C04556,L3,ADC,124.62,1.817,11.6133,13.5586,20.0247,54.0789,1.256,1.4456,2.2172,7.474,Absolute_Failure,50.0
C04557,L3,ASIC,124.77,1.219,11.324,12.1034,12.6714,13.5275,1.1689,1.2696,1.3304,1.427,Normal,50.0
C04558,L3,ASIC,124.27,1.168,11.1155,11.4193,12.3479,13.1515,1.1193,1.1735,1.2826,1.3832,Normal,50.0
C04559,L3,ADC,123.4,1.798,11.5097,12.0487,13.2571,14.477,1.2216,1.2328,1.3993,1.5157,Normal,50.0
C04560,L3,ASIC,126.21,1.205,11.7827,12.7147,16.5191,22.2151,1.2033,1.3908,1.7171,2.466,Latent_Defect,50.0
C04561,L3,ADC,124.03,1.794,11.1741,11.6793,12.3937,13.8273,1.1361,1.1873,1.3503,1.4697,Normal,50.0
C04562,L3,DAC,124.68,1.785,12.3522,12.7072,13.1733,13.4488,1.2952,1.3188,1.3708,1.3994,High_Stable,50.0
C04563,L3,ASIC,124.69,1.232,11.3685,12.0904,12.4623,13.3661,1.2002,1.2863,1.2846,1.4207,Normal,50.0
C04564,L3,ADC,125.86,1.804,11.7078,12.1524,12.6695,13.8144,1.1711,1.2497,1.3892,1.462,Normal,50.0
C04565,L3,FPGA,124.6,1.098,11.3902,11.8604,12.6381,14.1996,1.2218,1.2095,1.3317,1.5143,Normal,50.0
C04566,L3,FPGA,126.03,1.126,11.3995,13.3243,17.6167,22.8226,1.1669,1.3911,1.9421,2.5775,Latent_Defect,50.0
C04567,L3,ADC,125.57,1.796,12.1215,14.6001,23.3558,61.8555,1.2665,1.5718,2.6301,9.002,Absolute_Failure,50.0
C04568,L3,ASIC,125.45,1.218,11.3883,13.229,17.4466,57.5986,1.1982,1.3594,1.8777,8.1029,Absolute_Failure,50.0
C04569,L3,ADC,124.6,1.816,12.3632,12.6061,12.5563,12.7127,1.2942,1.3548,1.294,1.318,High_Stable,50.0
C04570,L3,ASIC,124.61,1.193,11.5676,12.8491,13.6355,14.0217,1.2343,1.3261,1.4375,1.4648,Normal,50.0
C04571,L3,DAC,124.08,1.794,11.0313,11.6682,12.3591,13.375,1.1739,1.2034,1.3006,1.3955,Normal,50.0
C04572,L3,FPGA,124.4,1.103,11.9576,13.8093,17.5376,23.6994,1.2773,1.4985,1.914,2.7078,Latent_Defect,50.0
C04573,L3,FPGA,125.71,1.113,12.0377,12.4095,12.7286,13.2876,1.2283,1.279,1.3516,1.3656,Normal,50.0
C04574,L3,FPGA,127.32,1.093,11.0834,12.7679,19.6333,53.9087,1.1465,1.3275,2.1802,7.4238,Absolute_Failure,50.0
C04575,L3,FPGA,126.84,1.098,11.7626,11.8387,11.9693,12.1853,1.2735,1.2016,1.2457,1.2768,High_Stable,50.0
C04576,L3,FPGA,125.34,1.108,11.4654,11.9012,12.9128,13.929,1.167,1.2428,1.3944,1.4883,Normal,50.0
C04577,L3,ADC,126.04,1.792,11.7736,12.7539,13.5173,15.1453,1.2306,1.3389,1.4459,1.6194,Normal,50.0
C04578,L3,ASIC,124.39,1.209,11.5236,12.1043,12.5209,13.1937,1.1866,1.2509,1.3243,1.4239,Normal,50.0
C04579,L3,FPGA,124.71,1.11,11.1256,11.6577,12.6839,13.8974,1.2029,1.2166,1.3214,1.4698,Normal,50.0
C04580,L3,FPGA,124.83,1.078,11.7375,13.2695,17.6584,25.0052,1.207,1.3661,1.9324,2.8572,Latent_Defect,50.0
C04581,L3,FPGA,124.12,1.109,11.3255,12.0161,12.7112,13.1654,1.1981,1.2811,1.3226,1.3936,Normal,50.0
C04582,L3,DAC,124.83,1.778,12.1069,13.0858,13.7723,14.2876,1.2762,1.3818,1.4636,1.5629,Normal,50.0
C04583,L3,FPGA,125.15,1.089,11.6768,12.1316,12.8306,13.638,1.2295,1.2455,1.3731,1.4424,Normal,50.0
C04584,L3,ASIC,124.08,1.219,10.971,11.922,13.2225,14.8102,1.1564,1.2274,1.4046,1.6163,Normal,50.0
C04585,L3,ADC,125.68,1.807,11.9525,13.5499,21.2912,60.427,1.2946,1.3706,2.3863,8.6319,Absolute_Failure,50.0
C04586,L3,FPGA,125.48,1.122,11.2171,12.2755,13.0573,14.1978,1.1676,1.2472,1.328,1.5403,Normal,50.0
C04587,L3,ASIC,126.15,1.195,11.7155,12.6335,13.4877,14.741,1.2045,1.3316,1.3903,1.5743,Normal,50.0
C04588,L3,ASIC,124.22,1.196,11.2042,13.2077,17.2422,53.0126,1.155,1.3828,1.8842,7.2774,Absolute_Failure,50.0
C04589,L3,FPGA,125.17,1.136,11.323,12.2514,12.5861,13.3917,1.124,1.2472,1.3211,1.4259,Normal,50.0
C04590,L3,FPGA,125.65,1.087,11.8447,13.1708,14.9265,42.5049,1.2302,1.3556,1.5754,5.4926,Sudden_Anomaly,50.0
C04591,L3,ASIC,125.7,1.211,11.2675,12.1899,12.2653,12.8377,1.1604,1.2875,1.3306,1.3711,Normal,50.0
C04592,L3,DAC,124.47,1.787,11.8525,12.5178,13.3607,34.2306,1.1697,1.3415,1.3826,4.1712,Sudden_Anomaly,50.0
C04593,L3,ADC,124.68,1.834,11.6651,12.0285,14.6245,33.4999,1.2187,1.2935,1.5767,4.0987,Sudden_Anomaly,50.0
C04594,L3,DAC,123.8,1.816,12.1503,13.515,14.6011,15.4933,1.271,1.4224,1.492,1.6452,Normal,50.0
C04595,L3,ADC,122.91,1.783,11.1601,12.1939,13.4045,39.3048,1.1479,1.2535,1.4063,4.9303,Sudden_Anomaly,50.0
C04596,L3,FPGA,125.83,1.105,11.7083,14.1188,21.8511,54.1472,1.1776,1.4625,2.4524,7.5098,Absolute_Failure,50.0
C04597,L3,FPGA,124.81,1.075,11.9926,12.5165,13.8465,33.0268,1.267,1.3083,1.4613,4.0047,Sudden_Anomaly,50.0
C04598,L3,ADC,124.84,1.812,11.4393,12.3421,12.4202,13.8847,1.2057,1.326,1.3153,1.4494,Normal,50.0
C04599,L3,ASIC,125.93,1.213,10.9164,12.4142,16.5986,21.7062,1.1316,1.3358,1.8274,2.4434,Latent_Defect,50.0
C04600,L3,ASIC,124.92,1.198,11.3436,12.1735,12.7577,13.807,1.1673,1.3004,1.3237,1.475,Normal,50.0
C04601,L3,FPGA,126.01,1.099,11.6519,11.8508,11.8842,12.0834,1.2181,1.2234,1.26,1.2718,High_Stable,50.0
C04602,L3,FPGA,125.55,1.098,11.6844,11.9577,12.0534,12.2141,1.2173,1.2507,1.2771,1.2997,High_Stable,50.0
C04603,L3,FPGA,124.69,1.106,11.6542,12.7548,13.0015,13.4403,1.189,1.293,1.353,1.4057,Normal,50.0
C04604,L3,ASIC,124.57,1.215,11.661,13.6871,21.7301,58.2326,1.2172,1.4788,2.4446,8.2484,Absolute_Failure,50.0
C04605,L3,DAC,124.85,1.808,12.1519,14.2678,20.1879,58.497,1.2959,1.5816,2.245,8.3206,Absolute_Failure,50.0
C04606,L3,ADC,124.36,1.788,11.8325,13.405,15.0804,29.8933,1.198,1.4037,1.5943,3.5356,Sudden_Anomaly,50.0
C04607,L3,DAC,125.52,1.804,12.1309,12.7255,13.3306,13.168,1.2838,1.3307,1.4379,1.4137,Normal,50.0
C04608,L3,FPGA,126.52,1.072,12.0342,12.6731,13.8523,14.5758,1.226,1.252,1.4451,1.5325,Normal,50.0
C04609,L3,DAC,124.59,1.757,12.5407,12.8174,13.1854,13.3363,1.3165,1.2853,1.439,1.4578,High_Stable,50.0
C04610,L3,DAC,126.17,1.8,12.303,13.8809,15.3842,32.252,1.2965,1.4809,1.5937,3.8934,Sudden_Anomaly,50.0
C04611,L3,FPGA,124.33,1.116,10.6001,11.5451,11.751,12.4886,1.0787,1.1667,1.2673,1.3163,Normal,50.0
C04612,L3,ASIC,126.34,1.204,11.513,13.1437,15.4137,23.1865,1.1629,1.3995,1.6995,2.6334,Latent_Defect,50.0
C04613,L3,FPGA,124.87,1.107,11.2447,13.035,15.5207,19.6883,1.1904,1.3257,1.6654,2.1423,Latent_Defect,50.0
C04614,L3,ASIC,124.81,1.205,11.4942,12.4733,12.743,14.0714,1.1929,1.3008,1.3414,1.4906,Normal,50.0
C04615,L3,DAC,125.76,1.82,12.1377,13.2226,13.8627,15.2952,1.2635,1.4065,1.4964,1.6277,Normal,50.0
C04616,L3,FPGA,124.65,1.093,11.5617,12.7664,13.6911,14.363,1.156,1.337,1.4497,1.4899,Normal,50.0
C04617,L3,DAC,126.53,1.787,12.3835,13.6693,14.9756,15.4408,1.3068,1.4282,1.6258,1.658,Normal,50.0
C04618,L3,ASIC,125.76,1.196,11.7965,11.9624,14.0873,31.3601,1.2162,1.222,1.5055,3.7543,Sudden_Anomaly,50.0
C04619,L3,DAC,124.64,1.794,11.6065,12.8218,13.9843,14.9884,1.1897,1.3599,1.4416,1.5566,Normal,50.0
C04620,L3,DAC,125.81,1.814,12.9668,13.6344,13.7158,13.8608,1.4098,1.4578,1.4115,1.5135,High_Stable,50.0
C04621,L3,ADC,122.53,1.794,11.5474,14.8133,23.3987,58.8168,1.223,1.5813,2.6983,8.3667,Absolute_Failure,50.0
C04622,L3,FPGA,124.82,1.106,12.0471,14.6062,24.4704,52.0805,1.2413,1.5484,2.8114,7.1284,Absolute_Failure,50.0
C04623,L3,FPGA,126.11,1.11,11.3255,12.5139,13.1842,14.2414,1.2153,1.2813,1.3449,1.5086,Normal,50.0
C04624,L3,DAC,126.25,1.803,12.1663,12.3388,12.6353,12.4372,1.2952,1.2936,1.344,1.2999,High_Stable,50.0
C04625,L3,DAC,125.14,1.792,11.9101,12.8637,13.8835,15.3232,1.203,1.348,1.504,1.6504,Normal,50.0
C04626,L3,ADC,124.05,1.81,11.6459,12.6535,13.2565,14.8957,1.2479,1.3657,1.3875,1.5511,Normal,50.0
C04627,L3,ASIC,124.93,1.159,11.1817,11.9057,12.604,13.6931,1.178,1.262,1.3194,1.4494,Normal,50.0
C04628,L3,ASIC,125.95,1.204,11.3779,12.1192,12.7215,13.7801,1.1777,1.2617,1.349,1.4471,Normal,50.0
C04629,L3,DAC,124.88,1.824,12.1811,13.025,13.3513,13.7835,1.275,1.393,1.4224,1.436,Normal,50.0
C04630,L3,ASIC,124.24,1.188,11.3387,12.5759,12.6907,13.4141,1.235,1.3081,1.2888,1.3873,Normal,50.0
C04631,L3,ASIC,126.32,1.199,11.6286,12.4143,13.0484,14.5393,1.1949,1.2885,1.4018,1.5512,Normal,50.0
C04632,L3,FPGA,125.1,1.09,11.6851,12.595,15.4525,22.3671,1.2286,1.2934,1.7315,2.4622,Latent_Defect,50.0
C04633,L3,ASIC,125.41,1.211,11.1915,11.6275,12.3853,13.5285,1.1826,1.2151,1.28,1.4027,Normal,50.0
C04634,L3,FPGA,124.76,1.112,12.1035,12.1552,12.3026,12.2248,1.2603,1.2182,1.3271,1.2649,High_Stable,50.0
C04635,L3,ASIC,123.34,1.187,11.9803,12.7372,13.514,13.9578,1.2478,1.3473,1.4607,1.4728,Normal,50.0
C04636,L3,DAC,124.78,1.796,12.1244,13.3896,14.4148,16.0759,1.2688,1.3958,1.5514,1.7607,Normal,50.0
C04637,L3,ADC,124.17,1.806,12.2303,13.522,13.8578,15.2576,1.26,1.3934,1.4771,1.6415,Normal,50.0
C04638,L3,ADC,125.38,1.799,11.871,12.7137,13.7103,13.8755,1.2184,1.3119,1.4695,1.4545,Normal,50.0
C04639,L3,FPGA,124.49,1.094,11.9549,12.2751,13.2729,14.642,1.2526,1.309,1.4186,1.5648,Normal,50.0
C04640,L3,ADC,123.58,1.788,12.6423,13.4109,14.5078,14.8981,1.3253,1.4442,1.5559,1.6146,Normal,50.0
C04641,L3,ADC,124.21,1.78,11.6388,12.1749,12.3042,12.7503,1.2206,1.2288,1.2539,1.3942,Normal,50.0
C04642,L3,ASIC,127.14,1.174,10.9737,12.0676,13.0455,13.6585,1.1318,1.2689,1.3467,1.4416,Normal,50.0
C04643,L3,DAC,125.46,1.776,12.0339,13.9164,18.6149,25.8539,1.2539,1.5082,2.0657,3.0225,Latent_Defect,50.0
C04644,L3,ASIC,125.49,1.21,10.6225,11.3414,11.7741,12.4886,1.1308,1.1892,1.2359,1.3044,Normal,50.0
C04645,L3,DAC,126.09,1.816,12.1058,14.3289,21.7157,55.0173,1.2862,1.5147,2.453,7.6086,Absolute_Failure,50.0
C04646,L3,FPGA,123.9,1.087,10.753,11.7866,12.3619,13.6334,1.1271,1.2396,1.2473,1.4413,Normal,50.0
C04647,L3,DAC,126.06,1.809,11.7588,12.9906,12.8705,14.0849,1.2515,1.3922,1.3693,1.4946,Normal,50.0
C04648,L3,FPGA,126.95,1.109,11.4626,14.4071,20.1944,51.492,1.1938,1.4937,2.2856,7.0426,Absolute_Failure,50.0
C04649,L3,FPGA,125.37,1.081,11.9771,12.6657,13.1351,13.7013,1.2413,1.3236,1.3806,1.4282,Normal,50.0
C04650,L3,FPGA,125.0,1.087,11.1362,11.8611,12.6069,13.0504,1.1554,1.2423,1.3478,1.3814,Normal,50.0
C04651,L3,ADC,123.77,1.777,11.8352,12.4272,13.254,13.7068,1.262,1.2888,1.3984,1.4457,Normal,50.0
C04652,L3,ADC,125.17,1.799,12.4311,12.2183,12.3781,12.4497,1.2419,1.2827,1.299,1.2908,High_Stable,50.0
C04653,L3,ADC,124.6,1.794,11.2791,12.6355,13.9882,30.8759,1.1704,1.3649,1.4808,3.7173,Sudden_Anomaly,50.0
C04654,L3,DAC,123.97,1.809,11.7499,12.6805,13.185,14.1067,1.2137,1.3638,1.3719,1.4592,Normal,50.0
C04655,L3,ADC,124.27,1.803,11.6334,13.1359,19.1582,51.1092,1.2082,1.3834,2.0757,6.9622,Absolute_Failure,50.0
C04656,L3,ADC,124.73,1.809,11.3521,11.9195,12.5512,13.1618,1.2023,1.2231,1.294,1.4173,Normal,50.0
C04657,L3,ASIC,123.82,1.197,11.4485,11.5936,12.4309,13.543,1.204,1.2034,1.3128,1.4161,Normal,50.0
C04658,L3,FPGA,124.02,1.102,11.1673,12.3306,13.3088,14.4818,1.1386,1.2998,1.3999,1.543,Normal,50.0
C04659,L3,ADC,124.32,1.788,12.3292,13.8522,17.6256,55.6076,1.3169,1.4505,1.9466,7.7705,Absolute_Failure,50.0
C04660,L3,ASIC,125.05,1.199,10.9029,12.0965,19.6187,52.514,1.1405,1.3147,2.1958,7.1905,Absolute_Failure,50.0
C04661,L3,FPGA,124.94,1.092,11.701,11.844,13.1077,13.7097,1.1973,1.2661,1.4108,1.4509,Normal,50.0
C04662,L3,ADC,125.6,1.806,12.2823,12.2448,12.5904,12.7629,1.2664,1.2759,1.3279,1.3788,High_Stable,50.0
C04663,L3,FPGA,126.24,1.099,12.2001,13.2102,15.6317,20.755,1.2822,1.4093,1.6368,2.2664,Latent_Defect,50.0
C04664,L3,DAC,124.99,1.783,12.1175,13.2252,14.214,15.0377,1.254,1.4191,1.5424,1.5936,Normal,50.0
C04665,L3,FPGA,125.99,1.105,11.6316,13.0527,17.9131,24.478,1.2354,1.3752,1.9263,2.7816,Latent_Defect,50.0
C04666,L3,ASIC,125.85,1.184,11.3158,12.8395,19.0347,57.7024,1.1936,1.3424,2.1146,8.1529,Absolute_Failure,50.0
C04667,L3,FPGA,125.63,1.096,11.6337,13.5474,18.5856,51.1217,1.2226,1.4382,2.0296,6.9557,Absolute_Failure,50.0
C04668,L3,ASIC,124.65,1.196,11.4863,12.5838,13.2381,14.685,1.2139,1.3722,1.4236,1.5926,Normal,50.0
C04669,L3,FPGA,125.91,1.113,10.8364,12.0127,13.4387,25.7617,1.0818,1.3082,1.4338,2.9677,Sudden_Anomaly,50.0
C04670,L3,ASIC,124.29,1.191,11.2621,11.3295,11.3704,11.8094,1.1637,1.1906,1.194,1.2491,Normal,50.0
C04671,L3,ADC,125.32,1.768,12.0962,12.3335,12.3737,12.644,1.264,1.3187,1.3018,1.3683,High_Stable,50.0
C04672,L3,FPGA,124.47,1.09,11.7349,12.9866,17.6497,23.6489,1.2501,1.3249,1.9394,2.6399,Latent_Defect,50.0
C04673,L3,FPGA,125.02,1.088,11.4877,11.5617,11.9122,11.9364,1.1974,1.1933,1.2251,1.2432,High_Stable,50.0
C04674,L3,ASIC,126.03,1.2,11.5384,11.8889,13.5889,41.4774,1.2191,1.2105,1.4805,5.3233,Sudden_Anomaly,50.0
C04675,L3,ASIC,123.92,1.187,11.3425,12.1351,16.9278,21.7849,1.166,1.2357,1.8263,2.4713,Latent_Defect,50.0
C04676,L3,ASIC,125.52,1.18,11.5897,12.4503,12.9843,13.2687,1.206,1.2698,1.3518,1.3678,Normal,50.0
C04677,L3,ADC,124.27,1.82,11.3089,12.3525,20.8283,56.6797,1.1612,1.3236,2.308,7.966,Absolute_Failure,50.0
C04678,L3,FPGA,124.82,1.107,11.8565,12.6886,13.1802,14.3271,1.2676,1.3501,1.3699,1.5437,Normal,50.0
C04679,L3,ADC,123.51,1.804,11.5247,11.5415,11.3952,11.2272,1.218,1.1794,1.191,1.1212,High_Stable,50.0
C04680,L3,DAC,125.05,1.776,11.554,12.5822,13.5094,14.0906,1.2389,1.3256,1.425,1.4937,Normal,50.0
C04681,L3,ASIC,125.31,1.186,11.8332,12.7892,14.0687,14.6646,1.236,1.337,1.4818,1.5594,Normal,50.0
C04682,L3,ADC,125.06,1.822,12.1072,13.2781,15.5735,40.337,1.2539,1.3792,1.6614,5.1389,Sudden_Anomaly,50.0
C04683,L3,ASIC,123.84,1.181,11.5585,12.4137,14.5229,26.7456,1.1988,1.2634,1.5861,3.1132,Sudden_Anomaly,50.0
C04684,L3,ASIC,125.7,1.197,11.8445,12.2581,12.9799,14.443,1.2412,1.2497,1.3857,1.5191,Normal,50.0
C04685,L3,DAC,125.33,1.777,11.5377,12.0105,12.7749,13.3462,1.2608,1.2474,1.3301,1.4297,Normal,50.0
C04686,L3,ADC,124.12,1.789,11.5066,13.3342,20.8064,51.9209,1.2347,1.3946,2.3097,7.0946,Absolute_Failure,50.0
C04687,L3,ASIC,124.13,1.182,10.9479,11.5637,12.3612,13.8391,1.1243,1.1966,1.2852,1.4499,Normal,50.0
C04688,L3,ASIC,124.84,1.193,11.4421,11.8255,13.7625,29.7683,1.2046,1.2386,1.5267,3.5072,Sudden_Anomaly,50.0
C04689,L3,ADC,125.24,1.834,12.3511,12.7572,17.9293,60.0965,1.2914,1.3379,2.0046,8.5908,Absolute_Failure,50.0
C04690,L3,ADC,122.64,1.817,12.2826,12.27,12.4869,12.9724,1.2904,1.2914,1.3197,1.3451,High_Stable,50.0
C04691,L3,ADC,124.65,1.815,11.4647,11.6565,12.801,13.9875,1.2036,1.191,1.3196,1.5122,Normal,50.0
C04692,L3,ASIC,125.14,1.192,11.3332,12.0878,13.8407,36.6066,1.2247,1.2312,1.4644,4.5794,Sudden_Anomaly,50.0
C04693,L3,ADC,124.52,1.817,11.6807,12.9234,13.7766,14.6066,1.2215,1.369,1.4639,1.535,Normal,50.0
C04694,L3,ADC,126.47,1.79,12.1985,13.0997,13.9395,15.0047,1.2769,1.3827,1.4859,1.6161,Normal,50.0
C04695,L3,ASIC,125.56,1.209,11.6909,12.694,13.4017,13.6656,1.2317,1.3648,1.4168,1.4341,Normal,50.0
C04696,L3,FPGA,126.13,1.089,12.2717,12.6575,12.9348,13.1152,1.2559,1.3221,1.3704,1.3859,High_Stable,50.0
C04697,L3,FPGA,125.5,1.087,11.836,12.7303,13.2689,14.071,1.2357,1.3691,1.3722,1.5274,Normal,50.0
C04698,L3,ADC,124.62,1.796,11.6005,11.849,12.9497,13.9817,1.1997,1.2246,1.4031,1.4885,Normal,50.0
C04699,L3,ASIC,125.09,1.201,11.6036,13.7887,16.648,23.5999,1.1932,1.4224,1.8058,2.7242,Latent_Defect,50.0
C04700,L3,FPGA,125.76,1.09,11.4032,12.5792,14.1203,32.8821,1.1986,1.368,1.4879,3.9729,Sudden_Anomaly,50.0
C04701,L3,DAC,125.78,1.809,12.1273,12.7236,13.6606,14.3715,1.2504,1.3225,1.4171,1.5066,Normal,50.0
C04702,L3,ADC,125.09,1.787,12.1033,13.1264,14.1529,15.8226,1.2956,1.3656,1.5622,1.6696,Normal,50.0
C04703,L3,FPGA,126.68,1.111,11.8543,12.6332,13.6936,13.9317,1.2235,1.3131,1.4391,1.4883,Normal,50.0
C04704,L3,FPGA,125.54,1.062,11.6715,11.8161,12.3235,12.1059,1.2123,1.2083,1.2664,1.2467,High_Stable,50.0
C04705,L3,FPGA,125.45,1.101,12.1083,12.4112,12.3777,12.445,1.2694,1.3033,1.2629,1.3252,High_Stable,50.0
C04706,L3,DAC,126.19,1.79,11.8606,12.1005,12.7005,13.6578,1.2368,1.1917,1.3466,1.4267,Normal,50.0
C04707,L3,ADC,125.27,1.772,11.2341,12.2165,13.2807,14.5791,1.1638,1.2954,1.5035,1.5178,Normal,50.0
C04708,L3,DAC,126.0,1.782,12.2031,12.8659,13.6314,14.4705,1.2872,1.3669,1.4417,1.5665,Normal,50.0
C04709,L3,ADC,125.07,1.789,11.4148,12.1995,13.4861,40.7008,1.2398,1.2716,1.4119,5.1794,Sudden_Anomaly,50.0
C04710,L3,FPGA,125.06,1.08,11.1156,11.9842,12.8784,14.3712,1.1844,1.299,1.3655,1.5304,Normal,50.0
C04711,L3,FPGA,123.87,1.109,11.5021,12.8961,13.8007,13.9023,1.1927,1.3402,1.493,1.488,Normal,50.0
C04712,L3,DAC,125.96,1.802,12.7341,12.9307,13.1602,13.4979,1.3209,1.3683,1.388,1.4212,High_Stable,50.0
C04713,L3,ASIC,124.4,1.182,11.212,12.8612,17.6695,22.3963,1.1601,1.3359,1.8889,2.5742,Latent_Defect,50.0
C04714,L3,ASIC,123.63,1.211,11.6444,13.2677,15.2613,21.409,1.2108,1.3896,1.6505,2.3968,Latent_Defect,50.0
C04715,L3,ASIC,124.69,1.21,10.7073,11.3595,12.1718,12.4589,1.1254,1.1869,1.2559,1.3352,Normal,50.0
C04716,L3,ASIC,125.01,1.192,11.9794,12.7143,19.8301,53.4328,1.2416,1.3124,2.1797,7.3313,Absolute_Failure,50.0
C04717,L3,DAC,125.39,1.806,12.3349,13.2805,17.6705,23.6295,1.3251,1.4059,1.9337,2.7056,Latent_Defect,50.0
C04718,L3,FPGA,124.16,1.103,11.409,11.6176,12.826,14.4614,1.2013,1.2233,1.3316,1.5306,Normal,50.0
C04719,L3,ASIC,124.41,1.197,12.3911,13.2014,13.9046,14.4705,1.2974,1.4661,1.5053,1.5615,Normal,50.0
C04720,L3,FPGA,125.52,1.132,11.3705,13.3944,18.9765,52.3836,1.1606,1.4101,2.091,7.1699,Absolute_Failure,50.0
C04721,L3,DAC,125.53,1.792,12.9661,13.9389,17.6133,23.2092,1.3522,1.4613,1.8781,2.6758,Latent_Defect,50.0
C04722,L3,ADC,124.98,1.813,11.7791,11.7632,11.9788,12.3392,1.2738,1.2093,1.2968,1.2665,High_Stable,50.0
C04723,L3,ADC,125.64,1.808,11.4437,12.209,14.3942,29.7245,1.201,1.2603,1.5052,3.5182,Sudden_Anomaly,50.0
C04724,L3,DAC,124.94,1.812,11.8432,12.7094,12.8698,13.8602,1.2791,1.321,1.3328,1.4297,Normal,50.0
C04725,L3,FPGA,125.11,1.132,11.4996,12.8191,16.7257,24.4336,1.2041,1.3782,1.7741,2.8001,Latent_Defect,50.0
C04726,L3,DAC,126.15,1.806,12.0927,13.3726,17.4642,53.0306,1.2605,1.4455,1.872,7.2804,Absolute_Failure,50.0
C04727,L3,ASIC,124.1,1.184,11.4313,11.8599,12.2726,13.3046,1.1495,1.2449,1.288,1.4092,Normal,50.0
C04728,L3,FPGA,124.75,1.085,11.34,12.584,14.3533,19.5959,1.1704,1.3153,1.554,2.1607,Latent_Defect,50.0
C04729,L3,FPGA,125.42,1.097,11.9978,13.1374,15.5097,29.7559,1.2149,1.394,1.6356,3.5245,Sudden_Anomaly,50.0
C04730,L3,ASIC,123.89,1.199,11.8574,12.3788,13.0052,13.4218,1.2776,1.2718,1.3796,1.3741,Normal,50.0
C04731,L3,FPGA,125.18,1.103,11.954,12.4062,13.446,14.5035,1.2462,1.2963,1.4579,1.6055,Normal,50.0
C04732,L3,ASIC,126.85,1.195,11.5455,11.575,11.5158,11.326,1.2114,1.2105,1.2033,1.1815,High_Stable,50.0
C04733,L3,ASIC,125.13,1.221,11.0103,11.652,12.0009,12.7448,1.1235,1.2207,1.2497,1.3593,Normal,50.0
C04734,L3,ASIC,124.05,1.197,11.5875,12.831,13.5135,13.9792,1.2344,1.3584,1.4618,1.4649,Normal,50.0
C04735,L3,ADC,125.24,1.801,12.4413,13.7889,21.9059,54.837,1.2982,1.4532,2.4608,7.6254,Absolute_Failure,50.0
C04736,L3,FPGA,124.21,1.097,12.0978,13.6329,21.2681,54.7782,1.3231,1.4374,2.4212,7.5968,Absolute_Failure,50.0
C04737,L3,ASIC,123.66,1.217,11.3784,11.7901,13.6285,38.8792,1.197,1.2665,1.4485,4.9352,Sudden_Anomaly,50.0
C04738,L3,FPGA,124.55,1.131,11.8649,12.7096,15.7249,20.6817,1.2305,1.376,1.6464,2.2705,Latent_Defect,50.0
C04739,L3,ASIC,125.18,1.192,11.7713,12.6202,13.8364,13.8001,1.2425,1.2786,1.4667,1.437,Normal,50.0
C04740,L3,ASIC,125.53,1.201,10.9535,13.4354,20.0417,51.2891,1.1595,1.4083,2.2437,6.9925,Absolute_Failure,50.0
C04741,L3,ADC,123.6,1.819,11.5341,11.8681,12.805,14.3336,1.2047,1.2795,1.3472,1.4884,Normal,50.0
C04742,L3,DAC,124.52,1.802,12.0356,13.0966,14.1822,14.6272,1.3155,1.3728,1.4923,1.5906,Normal,50.0
C04743,L3,FPGA,124.78,1.11,11.6691,13.1654,20.8257,57.2714,1.1862,1.394,2.3144,8.0635,Absolute_Failure,50.0
C04744,L3,FPGA,123.93,1.096,11.8139,12.3499,12.4737,13.826,1.2534,1.3631,1.2962,1.4879,Normal,50.0
C04745,L3,FPGA,126.48,1.097,12.001,12.5978,13.1119,13.4984,1.2688,1.359,1.3999,1.422,Normal,50.0
C04746,L3,DAC,125.66,1.803,12.2004,12.6309,15.1992,37.2909,1.2084,1.3036,1.5678,4.6306,Sudden_Anomaly,50.0
C04747,L3,ADC,125.96,1.763,11.9128,12.9965,13.632,15.0398,1.2186,1.393,1.4964,1.6459,Normal,50.0
C04748,L3,ASIC,124.74,1.174,11.1838,11.5448,12.3644,13.9377,1.1512,1.2115,1.2644,1.46,Normal,50.0
C04749,L3,ASIC,123.66,1.211,10.6641,11.3849,11.9984,13.2284,1.0929,1.17,1.2802,1.4024,Normal,50.0
C04750,L3,FPGA,123.96,1.086,11.6622,12.6688,13.0952,14.2239,1.2138,1.3383,1.3987,1.5391,Normal,50.0
C04751,L3,FPGA,125.37,1.086,11.6112,12.3508,14.5442,40.4146,1.2343,1.3153,1.5855,5.1579,Sudden_Anomaly,50.0
C04752,L3,FPGA,125.93,1.061,11.8564,12.0418,12.1614,12.123,1.2275,1.2577,1.2273,1.2674,High_Stable,50.0
C04753,L3,DAC,125.71,1.78,12.4157,13.4362,14.2385,14.8864,1.2954,1.3889,1.5529,1.5959,Normal,50.0
C04754,L3,ADC,123.92,1.794,11.4857,12.2265,12.7569,13.5561,1.1787,1.2489,1.3218,1.4217,Normal,50.0
C04755,L3,FPGA,124.85,1.102,11.3285,12.3959,13.0621,12.8843,1.1124,1.3404,1.3795,1.3525,Normal,50.0
C04756,L3,FPGA,125.18,1.084,11.6222,11.6889,11.4505,11.4843,1.2173,1.2178,1.2298,1.1899,High_Stable,50.0
C04757,L3,FPGA,125.3,1.091,11.4137,13.4614,18.0174,24.2451,1.1904,1.426,1.9783,2.767,Latent_Defect,50.0
C04758,L3,ASIC,125.37,1.191,10.9434,11.6999,12.7536,13.5248,1.1852,1.2539,1.3601,1.4165,Normal,50.0
C04759,L3,ASIC,124.89,1.2,11.644,12.7359,15.3447,51.4812,1.2078,1.3158,1.6776,7.0532,Absolute_Failure,50.0
C04760,L3,FPGA,125.54,1.107,11.5238,11.7174,14.2402,28.1006,1.2009,1.2359,1.508,3.2901,Sudden_Anomaly,50.0
C04761,L3,DAC,124.48,1.807,11.599,12.2566,14.5291,33.2574,1.2103,1.2875,1.5661,3.9901,Sudden_Anomaly,50.0
C04762,L3,ADC,124.36,1.795,11.8535,12.9574,17.2403,21.845,1.2325,1.3382,1.8205,2.4511,Latent_Defect,50.0
C04763,L3,FPGA,124.85,1.077,11.3303,13.6522,19.0049,54.7086,1.1414,1.4249,2.1112,7.5921,Absolute_Failure,50.0
C04764,L3,ASIC,124.11,1.2,11.2656,13.0994,15.1808,22.1163,1.1791,1.3503,1.6568,2.4496,Latent_Defect,50.0
C04765,L3,ADC,123.21,1.79,12.4599,12.5919,12.7018,12.9631,1.3351,1.3189,1.3218,1.3512,High_Stable,50.0
C04766,L3,FPGA,125.66,1.117,11.9717,12.1899,12.123,12.0913,1.2316,1.2784,1.2577,1.2139,High_Stable,50.0
C04767,L3,FPGA,124.8,1.074,11.727,12.5737,12.8991,13.2775,1.2274,1.3419,1.3521,1.4282,Normal,50.0
C04768,L3,ADC,124.39,1.783,11.1386,12.3384,12.1703,13.3891,1.1457,1.3203,1.3198,1.4038,Normal,50.0
C04769,L3,ADC,125.63,1.834,11.3994,11.9811,12.8876,14.1797,1.2001,1.263,1.3579,1.4948,Normal,50.0
C04770,L3,FPGA,127.06,1.129,10.8583,12.0211,12.4329,13.7008,1.11,1.2445,1.2777,1.4582,Normal,50.0
C04771,L3,DAC,125.96,1.762,11.6089,12.2976,12.878,14.1064,1.1969,1.3132,1.3746,1.4965,Normal,50.0
C04772,L3,ASIC,126.02,1.212,10.8251,11.005,13.1809,26.022,1.0752,1.0921,1.3883,3.0802,Sudden_Anomaly,50.0
C04773,L3,ASIC,124.7,1.206,11.3524,12.0116,12.4389,13.5621,1.1739,1.2199,1.2998,1.4317,Normal,50.0
C04774,L3,ADC,124.34,1.791,11.8865,12.3572,12.9258,14.1008,1.2094,1.2992,1.3369,1.471,Normal,50.0
C04775,L3,ADC,125.51,1.799,12.1004,13.1238,13.5047,15.1707,1.2709,1.3509,1.4555,1.624,Normal,50.0
C04776,L3,DAC,125.44,1.816,11.5343,12.3645,12.991,13.8856,1.2137,1.3108,1.3286,1.4864,Normal,50.0
C04777,L3,DAC,125.56,1.783,11.872,13.1732,13.6726,14.0989,1.2276,1.3605,1.4366,1.4839,Normal,50.0
C04778,L3,ADC,124.35,1.791,11.254,12.0178,12.9555,14.3365,1.197,1.1948,1.4188,1.5547,Normal,50.0
C04779,L3,ASIC,124.27,1.201,11.2421,11.6625,12.533,13.1897,1.136,1.2194,1.2952,1.3989,Normal,50.0
C04780,L3,ADC,126.0,1.79,11.8054,12.4661,13.5318,14.1544,1.2644,1.2873,1.4203,1.5273,Normal,50.0
C04781,L3,FPGA,125.67,1.117,11.6564,12.1795,12.693,13.2282,1.2325,1.208,1.3789,1.4369,Normal,50.0
C04782,L3,ASIC,125.12,1.219,11.5056,12.1888,12.7295,13.1406,1.2222,1.254,1.3319,1.4099,Normal,50.0
C04783,L3,ASIC,125.71,1.211,11.0706,11.8289,13.7878,27.3573,1.1488,1.2288,1.404,3.2184,Sudden_Anomaly,50.0
C04784,L3,FPGA,124.81,1.095,11.6561,13.0063,13.9535,14.966,1.1936,1.3444,1.4442,1.6497,Normal,50.0
C04785,L3,FPGA,125.91,1.095,11.4376,12.1525,13.1256,13.8695,1.1504,1.2596,1.3852,1.4665,Normal,50.0
C04786,L3,ADC,125.21,1.811,11.8581,12.7077,13.832,14.6275,1.2408,1.3127,1.4617,1.6051,Normal,50.0
C04787,L3,FPGA,124.89,1.123,10.6458,11.4041,11.9354,12.3757,1.1303,1.2087,1.2472,1.3199,Normal,50.0
C04788,L3,DAC,124.2,1.806,12.2102,12.3412,12.4547,12.6729,1.2804,1.3212,1.3151,1.3161,High_Stable,50.0
C04789,L3,DAC,124.48,1.788,11.9285,12.9929,14.1449,14.4074,1.2862,1.4054,1.5293,1.5664,Normal,50.0
C04790,L3,DAC,124.46,1.801,11.7485,12.7639,12.9925,13.8949,1.2242,1.359,1.3338,1.4769,Normal,50.0
C04791,L3,FPGA,125.25,1.091,11.7894,12.2134,12.8333,13.0634,1.2429,1.2635,1.3309,1.3548,Normal,50.0
C04792,L3,FPGA,126.95,1.086,11.4781,11.8997,12.9243,13.7858,1.2014,1.2431,1.3591,1.4287,Normal,50.0
C04793,L3,ADC,124.98,1.812,12.3598,12.7057,12.9494,13.4407,1.3117,1.3292,1.411,1.3759,High_Stable,50.0
C04794,L3,ADC,122.77,1.823,12.1167,12.1363,12.1207,12.1572,1.3095,1.2969,1.2979,1.2594,High_Stable,50.0
C04795,L3,DAC,126.24,1.779,11.7614,12.4999,13.3126,13.7198,1.2389,1.3082,1.4065,1.4954,Normal,50.0
C04796,L3,ADC,125.34,1.774,12.0935,12.5016,13.6427,28.5087,1.2883,1.34,1.4611,3.2952,Sudden_Anomaly,50.0
C04797,L3,ASIC,125.01,1.213,11.3327,13.0701,14.9901,19.8395,1.1892,1.3263,1.6448,2.203,Latent_Defect,50.0
C04798,L3,FPGA,124.87,1.118,10.8581,11.9924,13.0136,13.8019,1.1345,1.2599,1.3225,1.4557,Normal,50.0
C04799,L3,ADC,126.29,1.806,12.126,13.0837,13.4452,14.7556,1.2734,1.3454,1.4231,1.5618,Normal,50.0
C04800,L3,FPGA,125.62,1.09,11.3672,12.078,12.9246,13.5247,1.1981,1.2634,1.3489,1.443,Normal,50.0
C04801,L3,DAC,126.09,1.802,12.1285,13.9498,17.9857,21.999,1.2642,1.4741,1.9793,2.4506,Latent_Defect,50.0
C04802,L3,DAC,124.0,1.809,12.6862,12.9268,12.951,13.3915,1.3408,1.3537,1.3099,1.4023,Normal,50.0
C04803,L3,ASIC,124.27,1.2,11.1809,11.9601,12.031,13.802,1.1518,1.2448,1.2265,1.4673,Normal,50.0
C04804,L3,ADC,123.9,1.809,11.4959,11.9276,12.6922,13.1525,1.2462,1.237,1.3231,1.391,Normal,50.0
C04805,L3,ASIC,124.2,1.163,11.3436,12.6717,13.0733,14.5913,1.1944,1.3692,1.4,1.5829,Normal,50.0
C04806,L3,DAC,123.94,1.793,11.5037,12.3508,14.4948,20.7622,1.1592,1.2811,1.5677,2.317,Latent_Defect,50.0
C04807,L3,ASIC,123.75,1.197,11.3795,13.4047,20.1313,51.3914,1.1748,1.404,2.2123,7.0086,Absolute_Failure,50.0
C04808,L3,FPGA,124.77,1.11,11.6504,12.9764,16.6654,52.735,1.1928,1.3989,1.8339,7.247,Absolute_Failure,50.0
C04809,L3,ADC,124.65,1.774,12.0076,12.8868,13.9037,15.3119,1.2902,1.3507,1.4533,1.6276,Normal,50.0
C04810,L3,ADC,126.11,1.791,12.2846,12.6465,13.8642,14.9186,1.2922,1.3196,1.4519,1.5825,Normal,50.0
C04811,L3,ADC,125.2,1.815,11.2,11.3175,11.9753,12.4579,1.1815,1.1936,1.2668,1.3053,Normal,50.0
C04812,L3,ADC,123.49,1.787,12.056,13.9156,16.4929,21.3506,1.2967,1.4882,1.7711,2.4011,Latent_Defect,50.0
C04813,L3,ASIC,125.28,1.206,11.1834,12.2337,12.8995,14.1239,1.207,1.2529,1.3471,1.4837,Normal,50.0
C04814,L3,FPGA,125.16,1.125,11.2578,11.131,11.3107,11.4505,1.139,1.1359,1.1715,1.1374,High_Stable,50.0
C04815,L3,ADC,124.87,1.796,12.0355,11.9806,12.0692,12.136,1.2212,1.2416,1.2637,1.2746,High_Stable,50.0
C04816,L3,ADC,124.18,1.783,11.8099,13.387,20.1632,57.0991,1.2781,1.3898,2.2332,8.058,Absolute_Failure,50.0
C04817,L3,DAC,126.03,1.801,11.4059,13.4653,21.9928,60.5599,1.1796,1.4088,2.481,8.6773,Absolute_Failure,50.0
C04818,L3,ADC,125.07,1.771,12.0233,12.1228,12.5682,13.1371,1.2467,1.2649,1.2926,1.3947,Normal,50.0
C04819,L3,ADC,125.4,1.799,11.8372,12.0326,13.0583,14.2067,1.2529,1.2075,1.3695,1.5349,Normal,50.0
C04820,L3,FPGA,125.22,1.104,11.6274,11.8802,14.8981,61.3298,1.1988,1.257,1.595,8.8518,Absolute_Failure,50.0
C04821,L3,ASIC,125.93,1.22,11.6264,11.7933,12.607,12.9663,1.2333,1.2552,1.3193,1.3412,Normal,50.0
C04822,L3,ADC,125.23,1.807,11.9546,13.4945,21.1596,58.6942,1.2769,1.4194,2.3511,8.2915,Absolute_Failure,50.0
C04823,L3,ASIC,124.3,1.185,11.3774,12.0906,12.041,12.8338,1.1505,1.2625,1.269,1.3754,Normal,50.0
C04824,L3,DAC,125.23,1.791,11.7583,13.2206,13.9233,14.161,1.2519,1.3982,1.4956,1.4868,Normal,50.0
C04825,L3,ASIC,124.95,1.21,10.6692,12.4734,19.2567,54.9545,1.1147,1.3085,2.1412,7.6021,Absolute_Failure,50.0
C04826,L3,FPGA,124.31,1.082,11.4704,12.18,12.7327,13.0821,1.19,1.2924,1.3309,1.3721,Normal,50.0
C04827,L3,ADC,124.39,1.788,12.7782,12.8268,12.8878,12.7523,1.3771,1.3096,1.3795,1.3317,High_Stable,50.0
C04828,L3,DAC,124.34,1.801,11.9659,13.2664,14.5158,14.8346,1.2699,1.4098,1.5768,1.6155,Normal,50.0
C04829,L3,DAC,125.25,1.813,12.265,15.2644,23.6796,56.3602,1.2817,1.6121,2.6935,7.9438,Absolute_Failure,50.0
C04830,L3,ASIC,124.86,1.218,11.2752,12.0703,12.3694,13.2663,1.2062,1.2591,1.2962,1.4073,Normal,50.0
C04831,L3,FPGA,124.01,1.11,11.6232,12.4005,12.666,13.0461,1.2504,1.2975,1.2702,1.3515,Normal,50.0
C04832,L3,DAC,126.25,1.796,12.1463,13.1433,14.9295,52.6994,1.285,1.3941,1.6054,7.2241,Absolute_Failure,50.0
C04833,L3,FPGA,125.68,1.113,11.3395,12.5901,13.5477,15.304,1.1898,1.2929,1.4399,1.5888,Normal,50.0
C04834,L3,ASIC,124.66,1.207,11.1383,12.1742,12.9259,13.7244,1.1313,1.2494,1.3133,1.4387,Normal,50.0
C04835,L3,FPGA,126.43,1.109,11.8465,13.5321,16.4939,21.5198,1.2417,1.495,1.7638,2.4408,Latent_Defect,50.0
C04836,L3,FPGA,125.38,1.087,11.9707,12.7614,14.6907,42.0817,1.2493,1.3505,1.5938,5.4512,Sudden_Anomaly,50.0
C04837,L3,ASIC,124.32,1.211,11.5552,11.8389,12.2598,13.2827,1.2102,1.245,1.2761,1.387,Normal,50.0
C04838,L3,FPGA,125.53,1.11,11.4517,12.575,13.9026,41.4099,1.1532,1.2996,1.4887,5.2865,Sudden_Anomaly,50.0
C04839,L3,FPGA,126.05,1.091,11.9618,13.4213,14.2383,14.4749,1.2743,1.4097,1.5073,1.5087,Normal,50.0
C04840,L3,FPGA,127.23,1.095,11.397,11.4609,12.6842,13.6656,1.1773,1.174,1.3207,1.4764,Normal,50.0
C04841,L3,ASIC,124.78,1.199,10.6846,12.7749,22.6019,52.7442,1.1163,1.3433,2.5263,7.2241,Absolute_Failure,50.0
C04842,L3,DAC,125.26,1.784,11.777,12.7281,13.4354,15.0338,1.1869,1.3168,1.449,1.5776,Normal,50.0
C04843,L3,FPGA,126.74,1.089,11.104,12.0942,12.9863,14.7193,1.1632,1.2719,1.376,1.5711,Normal,50.0
C04844,L3,FPGA,125.92,1.08,11.6093,12.6583,14.4821,36.8594,1.1698,1.4064,1.5156,4.6003,Sudden_Anomaly,50.0
C04845,L3,ADC,125.73,1.825,11.8992,12.1089,12.2074,12.4685,1.2632,1.2375,1.2943,1.3479,High_Stable,50.0
C04846,L3,ASIC,125.12,1.207,11.7224,12.0383,13.2002,13.6568,1.2365,1.2807,1.4087,1.4698,Normal,50.0
C04847,L3,ASIC,124.92,1.227,11.9258,13.0898,14.9944,31.536,1.2613,1.3798,1.542,3.8243,Sudden_Anomaly,50.0
C04848,L3,ADC,125.96,1.815,12.3838,13.1793,16.4172,20.1772,1.3096,1.4489,1.753,2.1994,Latent_Defect,50.0
C04849,L3,FPGA,125.37,1.118,11.371,12.1247,13.3439,13.8098,1.2242,1.2668,1.4171,1.4401,Normal,50.0
C04850,L3,DAC,124.72,1.81,11.9472,12.2393,12.7412,13.1438,1.2485,1.2844,1.3543,1.4321,Normal,50.0
C04851,L3,DAC,124.8,1.786,12.2116,14.2567,20.6582,54.3844,1.2882,1.5123,2.2725,7.5331,Absolute_Failure,50.0
C04852,L3,ASIC,124.13,1.195,10.9562,12.0197,12.7919,14.1504,1.1514,1.2555,1.3716,1.5248,Normal,50.0
C04853,L3,ASIC,124.46,1.207,10.8436,11.4127,12.0724,12.3712,1.1155,1.2009,1.2521,1.2951,Normal,50.0
C04854,L3,ADC,125.34,1.803,11.845,12.1262,12.0508,12.3739,1.2609,1.2794,1.2707,1.3002,High_Stable,50.0
C04855,L3,FPGA,126.36,1.116,10.367,11.3241,12.5875,12.6684,1.071,1.1357,1.323,1.3318,Normal,50.0
C04856,L3,FPGA,124.92,1.104,11.9684,12.1213,12.5683,13.1878,1.2176,1.2537,1.2579,1.4469,High_Stable,50.0
C04857,L3,FPGA,125.76,1.095,11.9303,12.3306,13.15,14.2731,1.2261,1.2835,1.392,1.5354,Normal,50.0
C04858,L3,FPGA,125.08,1.089,11.9216,13.1708,13.7454,14.9606,1.2349,1.3928,1.4772,1.6307,Normal,50.0
C04859,L3,FPGA,125.9,1.104,11.9782,12.8409,13.3005,15.0032,1.263,1.348,1.4268,1.5912,Normal,50.0
C04860,L3,ASIC,124.4,1.191,11.1991,11.5441,12.2885,13.2247,1.1687,1.2127,1.3103,1.4088,Normal,50.0
C04861,L3,ASIC,126.37,1.171,11.5651,12.3699,13.0134,13.5109,1.1846,1.2798,1.3452,1.4554,Normal,50.0
C04862,L3,ASIC,125.32,1.198,11.3146,12.0271,12.1425,13.2979,1.1801,1.2715,1.2558,1.4098,Normal,50.0
C04863,L3,ADC,124.59,1.8,12.0464,12.4491,13.5259,15.2455,1.2249,1.3248,1.4398,1.6498,Normal,50.0
C04864,L3,FPGA,124.13,1.099,11.7436,14.8173,23.9612,52.2627,1.2246,1.5236,2.7637,7.1784,Absolute_Failure,50.0
C04865,L3,ADC,124.87,1.798,11.5735,11.6416,11.6102,11.7022,1.1676,1.2189,1.2511,1.2012,High_Stable,50.0
C04866,L3,DAC,124.54,1.797,11.9499,12.288,13.1822,14.1964,1.2273,1.3016,1.3761,1.5483,Normal,50.0
C04867,L3,FPGA,124.5,1.118,11.7075,11.9889,12.6034,13.8385,1.2058,1.2267,1.3389,1.474,Normal,50.0
C04868,L3,FPGA,125.05,1.103,10.6297,11.5762,12.1407,13.0432,1.0999,1.202,1.2429,1.3838,Normal,50.0
C04869,L3,FPGA,125.0,1.115,11.6673,12.3097,16.6397,20.5004,1.2168,1.2882,1.8153,2.2898,Latent_Defect,50.0
C04870,L3,ASIC,124.76,1.212,11.3,11.3867,12.3707,13.4271,1.1857,1.2104,1.2776,1.4421,Normal,50.0
C04871,L3,ADC,124.46,1.765,12.3404,13.6027,14.1439,15.2941,1.2633,1.4092,1.5363,1.6463,Normal,50.0
C04872,L3,ADC,124.24,1.824,11.2913,12.1796,13.4252,14.8244,1.1174,1.2891,1.415,1.5715,Normal,50.0
C04873,L3,FPGA,125.1,1.103,11.3278,14.3636,20.329,60.2599,1.1703,1.5341,2.2318,8.6141,Absolute_Failure,50.0
C04874,L3,DAC,125.06,1.801,11.9652,12.6019,13.5724,14.1838,1.2842,1.3415,1.4146,1.4917,Normal,50.0
C04875,L3,ADC,125.33,1.816,11.7101,12.9275,13.6282,14.9938,1.2171,1.3994,1.4136,1.6211,Normal,50.0
C04876,L3,ADC,124.28,1.775,11.9952,12.4652,13.3457,13.9397,1.2526,1.3402,1.4252,1.4346,Normal,50.0
C04877,L3,ASIC,124.9,1.202,11.3956,12.4728,13.3035,14.5276,1.2337,1.2759,1.4011,1.5049,Normal,50.0
C04878,L3,ADC,125.63,1.814,11.7165,12.2552,12.9493,14.1979,1.2391,1.2997,1.3837,1.4951,Normal,50.0
C04879,L3,ADC,125.72,1.793,12.1401,13.9937,20.9112,55.2498,1.2837,1.5284,2.3454,7.6631,Absolute_Failure,50.0
C04880,L3,FPGA,125.17,1.102,11.2591,12.0836,13.1241,14.3037,1.19,1.2613,1.3345,1.5435,Normal,50.0
C04881,L3,ADC,125.13,1.799,11.6318,13.8943,17.5653,23.3625,1.2027,1.4873,1.9367,2.6249,Latent_Defect,50.0
C04882,L3,ADC,123.41,1.796,11.1716,12.3311,13.1094,14.6696,1.1775,1.2645,1.4534,1.5377,Normal,50.0
C04883,L3,ASIC,124.83,1.198,11.5534,12.5054,13.384,14.9229,1.1756,1.3475,1.4037,1.5743,Normal,50.0
C04884,L3,ASIC,125.11,1.197,11.2209,11.8176,12.3675,12.5591,1.1663,1.2409,1.2962,1.3397,Normal,50.0
C04885,L3,ASIC,124.86,1.211,12.8713,12.7163,12.9892,13.0884,1.3361,1.3524,1.3597,1.3903,High_Stable,50.0
C04886,L3,ASIC,125.06,1.219,11.9182,12.5818,13.236,14.5422,1.2774,1.3479,1.3944,1.5943,Normal,50.0
C04887,L3,DAC,125.17,1.807,12.1465,12.8417,13.3423,13.5422,1.2624,1.3822,1.4513,1.4138,Normal,50.0
C04888,L3,ADC,124.62,1.805,11.5968,12.4717,13.4272,14.033,1.218,1.3258,1.4475,1.5095,Normal,50.0
C04889,L3,FPGA,124.96,1.077,12.2688,13.0352,14.0333,15.2453,1.2827,1.3709,1.5044,1.6173,Normal,50.0
C04890,L3,FPGA,126.0,1.128,11.7226,12.6563,13.2631,14.6664,1.2175,1.3161,1.3888,1.5817,Normal,50.0
C04891,L3,ADC,123.99,1.804,11.7093,12.2484,12.643,13.8372,1.2442,1.2842,1.3032,1.4716,Normal,50.0
C04892,L3,DAC,125.92,1.799,11.7858,12.6515,13.0649,13.5974,1.2039,1.3209,1.3572,1.4275,Normal,50.0
C04893,L3,FPGA,125.11,1.079,11.8431,13.2502,14.2692,15.5623,1.2627,1.3883,1.5422,1.6674,Normal,50.0
C04894,L3,ADC,126.01,1.819,12.03,12.4892,13.6131,14.8029,1.2606,1.2845,1.4346,1.5656,Normal,50.0
C04895,L3,ADC,125.2,1.799,11.5137,11.9599,12.9815,13.5547,1.1782,1.2004,1.3579,1.4472,Normal,50.0
C04896,L3,ASIC,125.19,1.185,11.5309,12.4711,12.6062,13.7521,1.1638,1.2889,1.3221,1.4216,Normal,50.0
C04897,L3,FPGA,126.2,1.098,11.533,12.1285,15.542,20.5417,1.1595,1.2647,1.6278,2.2892,Latent_Defect,50.0
C04898,L3,ASIC,126.36,1.198,12.126,12.1745,12.1126,12.1757,1.2617,1.3053,1.272,1.2982,High_Stable,50.0
C04899,L3,DAC,124.83,1.822,11.8956,12.9615,14.0649,15.5007,1.216,1.3454,1.5173,1.6451,Normal,50.0
C04900,L3,DAC,125.88,1.801,12.5451,13.7532,14.5762,15.6892,1.304,1.4473,1.5291,1.6662,Normal,50.0
C04901,L3,FPGA,125.57,1.099,11.5749,12.5042,17.2259,53.8237,1.2243,1.3124,1.9185,7.4466,Absolute_Failure,50.0
C04902,L3,DAC,125.46,1.802,12.2805,14.9395,20.331,52.8495,1.2854,1.5473,2.216,7.2522,Absolute_Failure,50.0
C04903,L3,ASIC,125.02,1.215,11.1993,11.5909,11.7656,11.9262,1.1698,1.1776,1.2845,1.2388,High_Stable,50.0
C04904,L3,DAC,123.31,1.799,11.8435,13.3149,13.9173,15.3788,1.2801,1.4524,1.454,1.6565,Normal,50.0
C04905,L3,ASIC,125.43,1.196,11.3118,11.92,12.6989,13.9876,1.1373,1.2111,1.3186,1.4622,Normal,50.0
C04906,L3,DAC,125.3,1.805,12.3009,12.745,14.5135,34.0854,1.3055,1.3074,1.5868,4.1872,Sudden_Anomaly,50.0
C04907,L3,FPGA,124.69,1.098,11.3709,11.8904,12.6215,14.3343,1.2183,1.2229,1.3269,1.5238,Normal,50.0
C04908,L3,FPGA,124.97,1.073,11.8078,12.9962,13.7243,14.6515,1.2246,1.369,1.4408,1.5895,Normal,50.0
C04909,L3,FPGA,124.55,1.134,11.2233,12.1408,12.9464,14.1191,1.1467,1.2278,1.3629,1.4579,Normal,50.0
C04910,L3,ASIC,125.27,1.166,10.6875,11.6676,12.5836,12.9968,1.1351,1.2086,1.324,1.3657,Normal,50.0
C04911,L3,DAC,124.21,1.811,12.3466,12.6709,12.9243,12.913,1.306,1.3203,1.3794,1.4005,High_Stable,50.0
C04912,L3,ADC,123.9,1.811,12.299,12.8743,13.2146,13.4804,1.3171,1.3394,1.3944,1.4203,Normal,50.0
C04913,L3,FPGA,125.17,1.085,11.5844,12.3495,13.1778,13.5453,1.1864,1.3149,1.3977,1.4164,Normal,50.0
C04914,L3,ASIC,124.1,1.208,10.9885,11.3774,11.9941,13.2884,1.135,1.2126,1.2457,1.4641,Normal,50.0
C04915,L3,FPGA,124.61,1.087,11.997,12.5662,13.6444,14.082,1.2226,1.3177,1.481,1.5193,Normal,50.0
C04916,L3,ADC,124.86,1.807,12.9745,13.0428,13.199,13.2343,1.3369,1.388,1.3677,1.4092,High_Stable,50.0
C04917,L3,ADC,123.28,1.821,12.0869,13.3769,13.6026,14.0255,1.2462,1.4509,1.4161,1.4751,Normal,50.0
C04918,L3,ASIC,124.62,1.216,11.5684,12.4118,16.0876,20.8448,1.1693,1.3048,1.7207,2.3121,Latent_Defect,50.0
C04919,L3,ADC,125.92,1.822,11.9634,13.2306,14.5437,15.5958,1.2709,1.3997,1.5636,1.6913,Normal,50.0
C04920,L3,FPGA,124.71,1.111,11.5154,12.3383,12.8324,13.4674,1.2214,1.2848,1.3844,1.4002,Normal,50.0
C04921,L3,ASIC,124.58,1.218,11.4282,11.5121,11.5178,11.3375,1.2047,1.2124,1.2481,1.1789,High_Stable,50.0
C04922,L3,ADC,125.21,1.804,12.5187,12.8096,12.9714,12.9178,1.2853,1.3746,1.3253,1.3686,High_Stable,50.0
C04923,L3,FPGA,127.46,1.082,11.933,12.9662,13.7054,14.439,1.2472,1.4144,1.5038,1.5896,Normal,50.0
C04924,L3,ASIC,125.57,1.202,10.7844,11.6201,11.8484,12.6995,1.1268,1.1536,1.2746,1.3368,Normal,50.0
C04925,L3,FPGA,124.79,1.107,11.9826,12.7575,15.2671,36.5588,1.2346,1.3394,1.6265,4.55,Sudden_Anomaly,50.0
C04926,L3,ASIC,124.23,1.216,11.0444,13.5349,20.1226,52.4424,1.1235,1.4175,2.2568,7.1643,Absolute_Failure,50.0
C04927,L3,ASIC,125.77,1.198,11.1177,12.8101,16.5603,21.3299,1.1772,1.3801,1.7811,2.3811,Latent_Defect,50.0
C04928,L3,ADC,124.0,1.801,12.1388,13.5479,13.8638,14.4605,1.2831,1.4322,1.4631,1.4953,Normal,50.0
C04929,L3,ADC,125.98,1.82,11.5349,11.8968,12.5167,13.1042,1.2318,1.24,1.3019,1.3429,Normal,50.0
C04930,L3,ADC,123.97,1.807,12.4669,12.529,12.7191,12.8438,1.3478,1.2801,1.39,1.3756,High_Stable,50.0
C04931,L3,ASIC,125.79,1.226,11.095,11.8036,12.928,13.8843,1.184,1.2351,1.3607,1.4507,Normal,50.0
C04932,L3,FPGA,126.05,1.104,11.5376,12.0387,12.4672,12.5546,1.2659,1.2615,1.3203,1.3285,Normal,50.0
C04933,L3,ADC,125.14,1.818,12.0983,12.714,15.305,39.0753,1.2766,1.3033,1.6764,4.9276,Sudden_Anomaly,50.0
C04934,L3,FPGA,124.26,1.102,10.9142,11.6778,12.4286,13.4565,1.0767,1.218,1.3188,1.414,Normal,50.0
C04935,L3,ASIC,125.21,1.184,11.2911,12.2496,12.3356,13.3855,1.2028,1.2585,1.3019,1.3911,Normal,50.0
C04936,L3,ASIC,123.0,1.21,11.6328,12.9784,16.642,22.4034,1.2066,1.348,1.7978,2.5206,Latent_Defect,50.0
C04937,L3,DAC,122.99,1.825,12.4671,12.761,13.7502,14.9395,1.3001,1.3535,1.4865,1.5977,Normal,50.0
C04938,L3,DAC,125.47,1.782,12.074,13.182,14.3794,40.4813,1.2491,1.3678,1.5328,5.1457,Sudden_Anomaly,50.0
C04939,L3,FPGA,124.78,1.102,11.8929,12.2079,13.0454,13.9873,1.2804,1.2647,1.3795,1.4661,Normal,50.0
C04940,L3,ADC,125.29,1.816,12.6172,13.3712,14.3039,14.4367,1.3085,1.3722,1.5719,1.5152,Normal,50.0
C04941,L3,ASIC,124.92,1.202,11.354,12.0212,12.805,13.3286,1.1765,1.212,1.3887,1.4229,Normal,50.0
C04942,L3,ADC,123.1,1.798,12.1844,12.4721,13.5192,15.3252,1.2973,1.3327,1.4087,1.6634,Normal,50.0
C04943,L3,ADC,124.08,1.823,11.8575,12.6217,13.3108,14.457,1.2473,1.3534,1.3654,1.538,Normal,50.0
C04944,L3,DAC,126.52,1.818,12.5013,13.8056,14.4831,14.8259,1.3522,1.4817,1.5373,1.5918,Normal,50.0
C04945,L3,DAC,126.7,1.782,12.0762,12.7064,14.5092,40.4963,1.2468,1.3298,1.5296,5.1941,Sudden_Anomaly,50.0
C04946,L3,FPGA,124.4,1.106,10.9532,12.0652,12.665,12.7427,1.1546,1.2797,1.277,1.3545,Normal,50.0
C04947,L3,ADC,125.7,1.787,11.5997,12.9616,14.0168,15.4009,1.1913,1.3926,1.4949,1.6544,Normal,50.0
C04948,L3,FPGA,124.26,1.071,11.4052,12.888,16.9265,23.8351,1.195,1.385,1.86,2.7065,Latent_Defect,50.0
C04949,L3,ADC,124.38,1.794,11.5348,14.0485,19.6673,61.3887,1.1837,1.5084,2.1876,8.817,Absolute_Failure,50.0
C04950,L3,ADC,125.04,1.8,11.7801,12.7206,16.6163,24.3984,1.2834,1.3468,1.7813,2.8101,Latent_Defect,50.0
C04951,L3,DAC,125.32,1.792,11.516,12.1016,15.0703,23.044,1.228,1.3284,1.5929,2.6266,Latent_Defect,50.0
C04952,L3,ADC,124.56,1.801,12.4234,13.1105,17.1951,25.0111,1.2975,1.396,1.8648,2.883,Latent_Defect,50.0
C04953,L3,DAC,125.75,1.78,12.0112,12.3974,12.6383,13.2047,1.2579,1.2737,1.3073,1.3907,Normal,50.0
C04954,L3,FPGA,126.98,1.084,11.1999,11.4281,12.3421,13.4681,1.1695,1.1984,1.2983,1.456,Normal,50.0
C04955,L3,DAC,124.93,1.792,12.2545,13.2926,14.0787,14.7788,1.2903,1.415,1.4905,1.555,Normal,50.0
C04956,L3,FPGA,124.96,1.1,11.1488,11.9965,12.8107,13.6342,1.1625,1.3047,1.3581,1.4106,Normal,50.0
C04957,L3,ADC,127.36,1.78,12.6138,15.198,25.3746,51.5119,1.3214,1.6459,2.9265,6.9773,Absolute_Failure,50.0
C04958,L3,ASIC,125.31,1.208,10.7425,12.0246,12.4169,13.5412,1.1274,1.2437,1.3117,1.4067,Normal,50.0
C04959,L3,ASIC,125.62,1.189,11.5604,11.9425,12.0122,13.3765,1.1871,1.2649,1.2403,1.3992,Normal,50.0
C04960,L3,FPGA,126.32,1.077,12.0956,12.2573,12.3219,12.329,1.2756,1.3296,1.2778,1.2787,High_Stable,50.0
C04961,L3,ADC,124.61,1.826,12.1174,12.7922,13.7653,14.292,1.2297,1.4027,1.4462,1.5227,Normal,50.0
C04962,L3,ASIC,124.06,1.215,11.3011,12.0882,12.3707,13.3868,1.1558,1.2731,1.2501,1.4468,Normal,50.0
C04963,L3,ASIC,123.64,1.193,11.2668,11.6379,12.8528,14.1363,1.236,1.2649,1.325,1.5275,Normal,50.0
C04964,L3,DAC,125.27,1.777,12.9678,14.6735,18.0689,23.2435,1.368,1.5747,2.0107,2.6331,Latent_Defect,50.0
C04965,L3,FPGA,125.58,1.075,11.9822,13.0295,18.2475,59.2602,1.243,1.3931,1.9622,8.4388,Absolute_Failure,50.0
C04966,L3,DAC,124.45,1.82,12.143,12.7897,13.7653,15.4337,1.2622,1.3382,1.4899,1.6727,Normal,50.0
C04967,L3,ASIC,123.09,1.207,11.0014,11.5216,12.113,12.4897,1.2127,1.2126,1.3282,1.3303,Normal,50.0
C04968,L3,ASIC,125.12,1.208,12.0145,12.0949,12.1743,12.0994,1.2959,1.3157,1.2682,1.2821,High_Stable,50.0
C04969,L3,ADC,124.6,1.795,11.9287,12.2192,12.4196,13.4647,1.2404,1.2591,1.3453,1.3921,Normal,50.0
C04970,L3,FPGA,126.26,1.114,11.3178,11.7431,12.3453,13.2592,1.1506,1.2106,1.2901,1.4065,Normal,50.0
C04971,L3,ASIC,126.78,1.224,11.2285,12.8202,15.1576,22.0842,1.1843,1.3835,1.6321,2.4861,Latent_Defect,50.0
C04972,L3,FPGA,125.23,1.108,12.1438,12.3743,12.6898,13.2021,1.3042,1.3094,1.328,1.4046,High_Stable,50.0
C04973,L3,FPGA,125.73,1.098,11.6489,12.5037,12.9098,14.301,1.1977,1.3204,1.3301,1.4951,Normal,50.0
C04974,L3,ASIC,125.79,1.205,11.1928,12.012,12.5811,13.4964,1.1546,1.2281,1.3608,1.4447,Normal,50.0
C04975,L3,ASIC,124.94,1.199,11.3066,12.6134,13.5977,14.0736,1.198,1.3636,1.4191,1.5146,Normal,50.0
C04976,L3,FPGA,125.11,1.101,11.0932,11.9367,12.9222,14.7602,1.0877,1.263,1.3765,1.5793,Normal,50.0
C04977,L3,DAC,125.63,1.793,11.891,13.0732,17.0635,21.7622,1.232,1.3518,1.8099,2.4495,Latent_Defect,50.0
C04978,L3,DAC,124.89,1.814,11.6989,12.7883,13.2476,14.1249,1.2198,1.3639,1.4145,1.5151,Normal,50.0
C04979,L3,DAC,126.04,1.786,11.677,12.247,12.3901,13.0796,1.218,1.3186,1.3352,1.3518,Normal,50.0
C04980,L3,FPGA,126.32,1.089,10.6766,11.3783,12.6174,13.6335,1.0868,1.2069,1.3398,1.4063,Normal,50.0
C04981,L3,FPGA,124.93,1.107,12.1174,12.1759,12.4246,12.3828,1.2769,1.2981,1.3052,1.3425,High_Stable,50.0
C04982,L3,ASIC,125.44,1.206,11.3016,11.7091,11.9636,11.8368,1.1808,1.2326,1.2536,1.237,High_Stable,50.0
C04983,L3,ASIC,125.29,1.204,11.7042,12.7418,13.1973,13.3424,1.1781,1.2935,1.4071,1.4133,Normal,50.0
C04984,L3,DAC,125.51,1.816,12.3364,13.156,14.638,14.9218,1.2805,1.4297,1.5646,1.5541,Normal,50.0
C04985,L3,DAC,124.48,1.782,11.6505,12.337,13.3162,13.7696,1.1354,1.2779,1.4292,1.4739,Normal,50.0
C04986,L3,DAC,124.89,1.806,11.4407,12.7789,16.4333,20.4888,1.2151,1.366,1.7357,2.3149,Latent_Defect,50.0
C04987,L3,ASIC,122.86,1.2,11.7606,12.6031,16.7667,50.6579,1.2073,1.3605,1.8184,6.8458,Absolute_Failure,50.0
C04988,L3,ASIC,123.48,1.19,11.6611,12.6134,13.4583,14.6597,1.1884,1.3198,1.4217,1.5322,Normal,50.0
C04989,L3,FPGA,124.98,1.116,11.3225,12.4287,13.612,14.697,1.1722,1.3284,1.4372,1.5875,Normal,50.0
C04990,L3,DAC,123.0,1.832,12.5236,12.5931,12.5316,12.5956,1.2785,1.3061,1.3275,1.3576,High_Stable,50.0
C04991,L3,FPGA,124.9,1.109,12.5784,12.3166,12.4554,12.9412,1.3055,1.2461,1.2907,1.3458,High_Stable,50.0
C04992,L3,FPGA,127.41,1.102,11.3883,11.6738,11.8035,11.8376,1.1343,1.2052,1.2197,1.2099,High_Stable,50.0
C04993,L3,ADC,124.25,1.786,11.2533,12.1521,16.4947,23.8464,1.1313,1.2949,1.8117,2.7393,Latent_Defect,50.0
C04994,L3,ASIC,126.17,1.187,12.365,12.6128,12.7592,12.8412,1.2838,1.3231,1.3723,1.3342,High_Stable,50.0
C04995,L3,FPGA,123.15,1.092,11.8193,12.0532,12.7003,12.8683,1.1945,1.2788,1.3379,1.344,Normal,50.0
C04996,L3,ASIC,125.87,1.197,11.0964,11.6105,12.1432,12.6962,1.1814,1.1826,1.2647,1.309,Normal,50.0
C04997,L3,ASIC,124.68,1.195,11.2868,11.5752,12.4444,12.9237,1.1723,1.1883,1.3328,1.3239,Normal,50.0
C04998,L3,DAC,124.18,1.805,11.9094,12.0895,12.2553,12.3513,1.2557,1.3137,1.3019,1.2574,High_Stable,50.0
C04999,L3,DAC,124.97,1.791,11.864,12.5602,12.7633,13.889,1.2013,1.2925,1.3349,1.4891,Normal,50.0
C05000,L3,ADC,123.83,1.796,12.0031,13.0767,14.0896,14.8569,1.2793,1.363,1.4941,1.5592,Normal,50.0
C05001,L3,ASIC,124.45,1.194,11.7049,11.9081,12.1974,12.1566,1.2501,1.2814,1.2488,1.3327,High_Stable,50.0
C05002,L3,ADC,123.41,1.783,11.5645,12.9584,13.7948,15.5088,1.1809,1.3543,1.4361,1.6521,Normal,50.0
C05003,L3,FPGA,124.92,1.098,11.7712,12.4956,13.8883,14.9695,1.2308,1.3463,1.4818,1.6164,Normal,50.0
C05004,L3,DAC,125.27,1.768,12.3716,13.7083,14.2339,15.0085,1.2768,1.4813,1.4631,1.609,Normal,50.0
C05005,L3,FPGA,125.3,1.078,11.1284,11.6527,11.8768,12.4916,1.1526,1.2236,1.246,1.3366,Normal,50.0
C05006,L3,ADC,125.12,1.771,10.8362,11.4985,12.3935,13.278,1.124,1.2337,1.3222,1.3869,Normal,50.0
C05007,L3,ADC,124.86,1.834,11.4788,12.1472,13.0658,13.5027,1.2259,1.2761,1.367,1.3559,Normal,50.0
C05008,L3,DAC,125.04,1.8,11.8178,13.0837,14.3062,15.309,1.2254,1.374,1.5155,1.6729,Normal,50.0
C05009,L3,ASIC,124.34,1.198,11.4256,12.1397,12.7721,12.9799,1.1986,1.3101,1.368,1.3672,Normal,50.0
C05010,L3,ADC,125.31,1.823,11.8711,12.5778,12.7218,13.7765,1.2444,1.3168,1.3591,1.488,Normal,50.0
C05011,L3,FPGA,123.93,1.095,11.2297,11.9725,12.4427,13.522,1.1774,1.2357,1.3029,1.4477,Normal,50.0
C05012,L3,ASIC,124.18,1.179,11.2657,12.3895,12.6301,13.0656,1.1467,1.3164,1.3544,1.4248,Normal,50.0
C05013,L3,ADC,125.15,1.805,12.426,13.6121,18.8456,26.8239,1.3118,1.4118,2.0812,3.1547,Latent_Defect,50.0
C05014,L3,FPGA,124.32,1.105,11.7925,13.0051,14.3352,15.3168,1.2281,1.3164,1.5192,1.6827,Normal,50.0
C05015,L3,DAC,124.26,1.829,12.1513,14.2025,21.8963,53.968,1.2307,1.5212,2.4621,7.4167,Absolute_Failure,50.0
C05016,L3,ASIC,124.66,1.204,11.0394,12.266,16.7552,22.7564,1.1531,1.2764,1.7753,2.5548,Latent_Defect,50.0
C05017,L3,DAC,125.77,1.812,11.8875,13.9146,17.6841,25.3436,1.2541,1.4445,1.9185,2.8733,Latent_Defect,50.0
C05018,L3,ASIC,125.11,1.201,11.315,11.5839,15.0815,53.3448,1.2156,1.213,1.6066,7.3325,Absolute_Failure,50.0
C05019,L3,FPGA,122.19,1.134,10.5866,10.9749,11.5469,13.1699,1.0868,1.1188,1.1959,1.3821,Normal,50.0
C05020,L3,DAC,125.94,1.791,11.6348,11.8431,11.9213,12.0794,1.2528,1.233,1.244,1.3303,High_Stable,50.0
C05021,L3,DAC,126.49,1.792,11.3087,11.8492,12.8005,13.3357,1.1784,1.2795,1.3401,1.3748,Normal,50.0
C05022,L3,DAC,125.22,1.8,12.3076,13.7511,16.5399,23.0925,1.3023,1.4509,1.8066,2.6189,Latent_Defect,50.0
C05023,L3,FPGA,125.93,1.067,12.1801,12.8752,14.1836,15.3107,1.2862,1.3345,1.5013,1.6302,Normal,50.0
C05024,L3,FPGA,125.74,1.132,12.3246,12.4654,12.5177,12.5334,1.2844,1.3622,1.3109,1.3219,High_Stable,50.0
C05025,L3,ADC,125.15,1.83,12.5033,12.5566,12.6936,12.5269,1.3262,1.3484,1.351,1.32,High_Stable,50.0
C05026,L3,ASIC,125.47,1.192,10.9569,11.6882,12.1669,13.6373,1.117,1.2544,1.2935,1.4509,Normal,50.0
C05027,L3,FPGA,124.55,1.102,11.3256,12.1302,13.1353,13.6536,1.1489,1.2566,1.3954,1.4699,Normal,50.0
C05028,L3,ASIC,124.73,1.217,12.425,13.2542,14.5004,15.2241,1.2476,1.4251,1.4739,1.623,Normal,50.0
C05029,L3,DAC,124.8,1.822,11.6776,12.6356,13.4099,13.8616,1.1773,1.3381,1.4545,1.4859,Normal,50.0
C05030,L3,FPGA,125.65,1.114,11.7704,12.3758,12.6534,12.7527,1.2474,1.3082,1.3672,1.3648,Normal,50.0
C05031,L3,FPGA,126.55,1.105,11.447,12.3514,13.0605,13.494,1.1774,1.3416,1.3901,1.4443,Normal,50.0
C05032,L3,ASIC,125.63,1.204,11.9555,12.512,12.9269,14.3225,1.2213,1.3159,1.3695,1.5153,Normal,50.0
C05033,L3,FPGA,125.08,1.124,11.6867,12.5467,13.3249,14.7228,1.2372,1.3151,1.4091,1.5834,Normal,50.0
C05034,L3,DAC,125.29,1.778,11.6006,11.8723,12.2167,11.9873,1.188,1.2169,1.2815,1.2215,High_Stable,50.0
C05035,L3,ASIC,125.33,1.198,11.4422,13.4513,18.7108,55.6444,1.2067,1.4548,2.0417,7.7228,Absolute_Failure,50.0
C05036,L3,ADC,122.54,1.787,11.5354,12.2547,12.6852,14.1109,1.1888,1.2897,1.3454,1.4799,Normal,50.0
C05037,L3,DAC,125.13,1.793,11.9812,12.7844,13.4224,14.4462,1.251,1.3053,1.362,1.5699,Normal,50.0
C05038,L3,ADC,124.64,1.798,11.9916,12.94,13.3708,13.6644,1.2217,1.3929,1.3892,1.4226,Normal,50.0
C05039,L3,DAC,125.77,1.813,11.8519,11.9609,13.1161,14.434,1.201,1.3291,1.3996,1.5407,Normal,50.0
C05040,L3,FPGA,124.6,1.093,11.6811,12.4278,13.2273,14.4951,1.2122,1.2912,1.36,1.5807,Normal,50.0
C05041,L3,FPGA,126.11,1.083,11.5096,12.5295,13.2302,14.4403,1.1939,1.2989,1.3366,1.5606,Normal,50.0
C05042,L3,ASIC,125.95,1.209,11.4625,12.2387,13.1189,14.2982,1.2112,1.2445,1.4055,1.5254,Normal,50.0
C05043,L3,DAC,125.51,1.775,12.4877,14.227,16.829,24.5606,1.3173,1.5339,1.7768,2.8043,Latent_Defect,50.0
C05044,L3,FPGA,125.2,1.112,11.8446,13.0476,13.3869,13.5347,1.2499,1.3944,1.4152,1.4482,Normal,50.0
C05045,L3,FPGA,125.18,1.106,11.7807,12.3501,12.173,12.4787,1.2559,1.3075,1.264,1.3118,Normal,50.0
C05046,L3,FPGA,126.54,1.094,11.7524,13.0306,16.2548,53.7846,1.2253,1.3785,1.7207,7.417,Absolute_Failure,50.0
C05047,L3,DAC,125.9,1.804,12.3953,13.2294,13.8642,15.389,1.2688,1.3862,1.4823,1.6506,Normal,50.0
C05048,L3,ASIC,124.34,1.217,11.1153,11.9596,12.7228,14.5202,1.1331,1.2646,1.3595,1.5603,Normal,50.0
C05049,L3,DAC,125.05,1.807,11.5377,11.9612,12.531,13.7511,1.2203,1.2481,1.2903,1.483,Normal,50.0
C05050,L3,ASIC,126.01,1.209,11.6405,12.5344,13.7663,14.6865,1.1806,1.3121,1.432,1.5653,Normal,50.0
C05051,L3,ASIC,125.57,1.21,11.4161,12.4561,16.8639,22.9067,1.2184,1.2804,1.8052,2.5766,Latent_Defect,50.0
C05052,L3,FPGA,125.19,1.104,11.4966,12.4914,12.9824,14.6739,1.2132,1.3331,1.3693,1.5829,Normal,50.0
C05053,L3,ASIC,124.19,1.193,11.5611,13.3511,16.2809,24.2701,1.1739,1.3693,1.7435,2.7939,Latent_Defect,50.0
C05054,L3,ADC,123.72,1.815,12.0238,12.3514,13.6172,14.9767,1.2602,1.2548,1.4213,1.6393,Normal,50.0
C05055,L3,FPGA,126.25,1.107,11.891,12.9764,13.6569,14.192,1.2079,1.3437,1.4519,1.5287,Normal,50.0
C05056,L3,DAC,125.01,1.794,12.0601,12.5038,13.6024,14.6113,1.2554,1.3647,1.4276,1.5205,Normal,50.0
C05057,L3,DAC,124.71,1.781,12.5222,13.6296,14.3725,15.3666,1.3012,1.4043,1.5507,1.6472,Normal,50.0
C05058,L3,ADC,125.16,1.798,11.7001,11.7327,12.0025,11.9067,1.2307,1.2248,1.2765,1.2555,High_Stable,50.0
C05059,L3,ADC,124.39,1.792,11.9756,12.433,13.3636,14.5912,1.2289,1.2996,1.3805,1.5426,Normal,50.0
C05060,L3,ASIC,124.07,1.182,11.5428,12.326,13.4008,14.3078,1.1985,1.2916,1.3872,1.5055,Normal,50.0
C05061,L3,FPGA,124.86,1.096,11.5955,12.3584,12.9291,14.0995,1.2224,1.3117,1.3646,1.5246,Normal,50.0
C05062,L3,ADC,124.56,1.803,12.1017,12.9776,13.4096,14.3516,1.2813,1.3379,1.3978,1.5017,Normal,50.0
C05063,L3,FPGA,126.12,1.118,11.6255,13.3564,15.6007,39.8362,1.2342,1.4454,1.6644,5.0531,Sudden_Anomaly,50.0
C05064,L3,DAC,124.49,1.814,12.0638,12.2643,12.1509,12.1389,1.2715,1.2648,1.2726,1.2872,High_Stable,50.0
C05065,L3,ADC,125.1,1.776,11.8705,12.4513,12.8886,14.3632,1.2431,1.2987,1.3852,1.564,Normal,50.0
C05066,L3,ADC,124.9,1.803,11.5039,11.8525,12.3641,13.946,1.1827,1.2278,1.2856,1.4692,Normal,50.0
C05067,L3,ADC,124.92,1.786,11.0644,11.8226,11.9671,12.6648,1.159,1.2433,1.2576,1.2688,Normal,50.0
C05068,L3,DAC,126.12,1.832,12.0542,12.6184,13.3079,13.9347,1.2596,1.2893,1.4198,1.5196,Normal,50.0
C05069,L3,DAC,126.68,1.803,11.4678,12.0842,12.4917,13.2168,1.2209,1.2696,1.3162,1.3958,Normal,50.0
C05070,L3,FPGA,125.12,1.083,11.3553,12.4139,13.2946,13.8888,1.2084,1.302,1.4397,1.4819,Normal,50.0
C05071,L3,ADC,124.25,1.824,11.7173,12.0591,12.4378,12.7572,1.1915,1.2573,1.2804,1.3438,Normal,50.0
C05072,L3,ADC,125.05,1.778,11.3148,12.6167,18.1928,50.6465,1.1814,1.3088,1.9737,6.8615,Absolute_Failure,50.0
C05073,L3,ASIC,123.58,1.187,11.1601,12.0631,16.1043,21.1155,1.1532,1.2152,1.7374,2.4119,Latent_Defect,50.0
C05074,L3,DAC,123.79,1.804,12.4844,12.7294,13.5816,14.6172,1.3159,1.3104,1.4534,1.5727,Normal,50.0
C05075,L3,FPGA,124.61,1.1,11.1865,11.3416,12.5281,38.9479,1.1273,1.2009,1.3508,4.9783,Sudden_Anomaly,50.0
C05076,L3,ASIC,125.31,1.179,11.3362,12.0355,13.6426,32.3864,1.1863,1.2676,1.4795,3.9155,Sudden_Anomaly,50.0
C05077,L3,FPGA,126.17,1.098,11.5068,12.5261,12.9233,13.0513,1.2324,1.2832,1.3867,1.4158,Normal,50.0
C05078,L3,ASIC,125.2,1.187,10.9365,12.5347,20.6186,55.2181,1.1242,1.3281,2.2783,7.6774,Absolute_Failure,50.0
C05079,L3,ADC,123.76,1.795,11.5405,12.773,14.943,60.364,1.1607,1.3608,1.6064,8.7013,Absolute_Failure,50.0
C05080,L3,FPGA,125.32,1.1,11.7665,12.5814,16.381,21.8916,1.227,1.3375,1.7779,2.4993,Latent_Defect,50.0
C05081,L3,FPGA,125.26,1.085,11.5589,11.8466,11.7376,12.1771,1.1942,1.2293,1.2381,1.2539,High_Stable,50.0
C05082,L3,DAC,125.74,1.845,11.5586,11.9171,12.4955,13.7002,1.2826,1.2289,1.3409,1.4865,Normal,50.0
C05083,L3,ASIC,125.2,1.211,12.035,12.9992,15.328,20.7014,1.2375,1.3421,1.6738,2.3227,Latent_Defect,50.0
C05084,L3,FPGA,125.81,1.095,11.102,11.5024,12.1412,12.7925,1.0908,1.2131,1.2762,1.4048,Normal,50.0
C05085,L3,FPGA,125.24,1.107,11.3681,12.5875,13.762,14.4909,1.1649,1.3336,1.4511,1.5183,Normal,50.0
C05086,L3,DAC,126.51,1.798,11.3983,12.0664,13.7506,26.158,1.1575,1.2158,1.4307,3.0037,Sudden_Anomaly,50.0
C05087,L3,ADC,124.31,1.798,12.0778,12.1522,12.3283,12.5321,1.2608,1.262,1.3315,1.3237,High_Stable,50.0
C05088,L3,ASIC,125.77,1.216,11.7705,14.0214,22.2484,52.7505,1.2496,1.4956,2.5613,7.2127,Absolute_Failure,50.0
C05089,L3,ASIC,124.6,1.204,11.5318,12.1134,12.7292,13.1308,1.1824,1.2751,1.3442,1.3453,Normal,50.0
C05090,L3,DAC,124.46,1.771,11.5205,12.6508,13.9745,15.1332,1.226,1.3128,1.5068,1.6104,Normal,50.0
C05091,L3,ASIC,125.34,1.193,11.8602,13.4171,14.7536,29.9542,1.1992,1.4586,1.5923,3.5472,Sudden_Anomaly,50.0
C05092,L3,ADC,125.49,1.804,11.9894,12.6212,13.7112,14.5583,1.2531,1.3555,1.4881,1.5609,Normal,50.0
C05093,L3,ASIC,125.28,1.211,11.818,12.6141,12.9666,13.5103,1.2387,1.327,1.3687,1.4588,Normal,50.0
C05094,L3,FPGA,124.81,1.114,11.9801,13.1762,14.5253,15.2274,1.2695,1.4176,1.5489,1.6506,Normal,50.0
C05095,L3,ASIC,124.96,1.206,12.108,12.4783,12.6144,12.7098,1.2641,1.3127,1.3177,1.3671,High_Stable,50.0
C05096,L3,ASIC,125.32,1.233,11.2914,12.3976,13.539,14.2195,1.159,1.295,1.4586,1.4778,Normal,50.0
C05097,L3,ADC,124.45,1.795,11.6981,13.3857,18.1269,26.4012,1.1575,1.4248,2.0077,3.053,Latent_Defect,50.0
C05098,L3,FPGA,124.84,1.106,11.8554,12.8925,13.9567,14.5105,1.2264,1.3732,1.5224,1.5887,Normal,50.0
C05099,L3,DAC,125.27,1.779,11.7961,12.5635,12.8634,13.0974,1.2236,1.316,1.36,1.3874,Normal,50.0
C05100,L3,DAC,125.33,1.802,11.4667,12.521,13.8587,15.1005,1.1846,1.3138,1.4563,1.5926,Normal,50.0
C05101,L3,ASIC,124.81,1.211,11.7736,12.6426,13.9563,14.7526,1.1981,1.306,1.5117,1.5799,Normal,50.0
C05102,L3,ADC,124.54,1.789,11.2989,12.3053,12.7887,13.384,1.1726,1.3457,1.3297,1.4097,Normal,50.0
C05103,L3,DAC,123.98,1.807,11.5059,12.7193,19.5443,52.5985,1.2117,1.3386,2.1625,7.1774,Absolute_Failure,50.0
C05104,L3,ADC,124.4,1.813,11.8896,12.639,12.8414,13.2836,1.2586,1.3,1.3636,1.422,Normal,50.0
C05105,L3,FPGA,125.68,1.117,11.9299,12.0314,12.1263,12.1589,1.2783,1.2925,1.2735,1.2682,High_Stable,50.0
C05106,L3,DAC,125.74,1.798,11.408,11.5521,11.8078,12.7095,1.1957,1.2126,1.213,1.3312,Normal,50.0
C05107,L3,FPGA,126.11,1.106,11.6148,12.6971,14.307,34.9431,1.2307,1.3452,1.5422,4.3068,Sudden_Anomaly,50.0
C05108,L3,FPGA,126.16,1.088,11.2686,12.6783,14.1696,29.3484,1.1413,1.3118,1.5259,3.4539,Sudden_Anomaly,50.0
C05109,L3,ADC,126.24,1.798,12.1705,12.8883,14.0131,38.2797,1.2897,1.3798,1.4682,4.7941,Sudden_Anomaly,50.0
C05110,L3,DAC,126.12,1.788,11.4228,12.2518,12.0724,13.3789,1.1859,1.3143,1.2614,1.4498,Normal,50.0
C05111,L3,DAC,125.57,1.803,12.2228,13.3262,16.8878,56.9733,1.3133,1.4133,1.8759,8.0163,Absolute_Failure,50.0
C05112,L3,DAC,125.31,1.797,12.0934,13.1399,13.2046,14.1333,1.2849,1.3957,1.4197,1.5265,Normal,50.0
C05113,L3,ADC,124.88,1.821,12.266,13.3701,16.1039,31.6254,1.3127,1.4023,1.728,3.76,Sudden_Anomaly,50.0
C05114,L3,DAC,127.23,1.791,11.5881,13.5866,16.6549,23.8939,1.2084,1.4192,1.8347,2.7771,Latent_Defect,50.0
C05115,L3,ASIC,123.91,1.207,11.4768,11.5649,11.5029,11.6407,1.1909,1.2161,1.2208,1.2099,High_Stable,50.0
C05116,L3,ASIC,125.74,1.196,11.4914,12.5364,13.1672,14.2828,1.1804,1.2725,1.3761,1.4637,Normal,50.0
C05117,L3,ADC,124.88,1.777,11.7775,12.4103,13.1537,13.697,1.2314,1.3148,1.3226,1.4403,Normal,50.0
C05118,L3,ADC,124.35,1.808,11.5491,12.3629,13.0741,13.4659,1.1916,1.2983,1.3692,1.4131,Normal,50.0
C05119,L3,DAC,125.68,1.775,12.0784,12.7564,13.758,14.2176,1.2862,1.3191,1.4422,1.5252,Normal,50.0
C05120,L3,FPGA,125.42,1.081,11.965,13.0211,13.5972,14.5139,1.296,1.3797,1.3921,1.5604,Normal,50.0
C05121,L3,ADC,124.47,1.8,11.8187,12.2913,13.0976,14.1844,1.2745,1.2505,1.3888,1.5539,Normal,50.0
C05122,L3,ASIC,125.48,1.209,12.2311,12.2846,12.4805,12.443,1.2836,1.2877,1.3176,1.3259,High_Stable,50.0
C05123,L3,FPGA,126.23,1.123,11.6679,11.7841,12.0645,12.2708,1.2444,1.2307,1.203,1.2522,High_Stable,50.0
C05124,L3,DAC,123.65,1.78,11.8567,12.9806,13.6279,14.7613,1.2199,1.3486,1.4115,1.5762,Normal,50.0
C05125,L3,FPGA,125.09,1.098,11.45,12.135,13.1872,14.2907,1.1789,1.2929,1.3639,1.5204,Normal,50.0
C05126,L3,ASIC,125.48,1.226,10.909,11.6102,12.6544,13.5683,1.1346,1.2764,1.332,1.4299,Normal,50.0
C05127,L3,FPGA,124.99,1.089,11.3431,12.3101,13.5844,15.288,1.1593,1.2748,1.4151,1.6598,Normal,50.0
C05128,L3,ADC,124.92,1.782,11.8456,12.151,13.1555,14.4161,1.1971,1.2525,1.3684,1.5585,Normal,50.0
C05129,L3,FPGA,126.53,1.096,11.2973,11.7268,12.77,13.5824,1.1346,1.219,1.3018,1.4499,Normal,50.0
C05130,L3,ADC,125.46,1.811,12.1555,12.8901,13.7372,14.9145,1.2471,1.3381,1.4304,1.5947,Normal,50.0
C05131,L3,ASIC,125.39,1.201,12.0059,12.0719,12.6055,13.6225,1.2516,1.2939,1.2934,1.4416,Normal,50.0
C05132,L3,FPGA,125.13,1.112,11.4367,12.0008,12.5131,13.205,1.1946,1.2447,1.3268,1.4076,Normal,50.0
C05133,L3,DAC,125.51,1.807,12.1239,14.0636,18.2284,25.6997,1.3224,1.5325,1.977,2.9696,Latent_Defect,50.0
C05134,L3,ASIC,124.29,1.181,11.2451,11.3457,11.194,10.7685,1.1816,1.1823,1.1938,1.0998,High_Stable,50.0
C05135,L3,ADC,124.36,1.791,11.5948,12.0878,12.6663,13.6803,1.2038,1.2381,1.3529,1.4104,Normal,50.0
C05136,L3,DAC,125.51,1.78,11.2813,13.8719,23.1403,60.7385,1.2027,1.5099,2.6138,8.7007,Absolute_Failure,50.0
C05137,L3,ADC,123.94,1.819,12.0921,13.1008,13.5049,14.585,1.2315,1.3949,1.4682,1.5478,Normal,50.0
C05138,L3,FPGA,125.0,1.1,11.522,13.5972,20.8965,56.3712,1.191,1.3765,2.3321,7.914,Absolute_Failure,50.0
C05139,L3,ASIC,122.74,1.194,11.7759,13.8197,17.9897,56.9778,1.2,1.4473,2.0363,7.9839,Absolute_Failure,50.0
C05140,L3,DAC,127.31,1.808,11.6791,13.245,15.2125,31.4182,1.2062,1.3552,1.6068,3.7865,Sudden_Anomaly,50.0
C05141,L3,ASIC,124.78,1.159,10.9405,12.7419,15.8658,23.7303,1.1439,1.3451,1.7157,2.6795,Latent_Defect,50.0
C05142,L3,ASIC,124.59,1.182,10.8038,10.863,10.7471,11.0075,1.1381,1.1142,1.1406,1.1232,High_Stable,50.0
C05143,L3,DAC,126.19,1.769,12.2591,12.7596,13.4023,15.0643,1.3078,1.3693,1.4288,1.6278,Normal,50.0
C05144,L3,FPGA,125.19,1.072,11.7392,12.2702,12.9644,13.3321,1.263,1.3076,1.3395,1.4066,Normal,50.0
C05145,L3,FPGA,126.33,1.091,11.5041,11.6744,11.9963,12.4913,1.1906,1.1767,1.2253,1.3178,Normal,50.0
C05146,L3,ASIC,124.57,1.201,11.4676,12.1243,12.9999,14.586,1.1262,1.2582,1.3608,1.5377,Normal,50.0
C05147,L3,ADC,123.79,1.808,11.4336,12.3639,13.3412,14.1613,1.2107,1.315,1.4418,1.4873,Normal,50.0
C05148,L3,FPGA,125.17,1.113,11.9169,12.3692,12.7146,13.8176,1.195,1.2934,1.324,1.4676,Normal,50.0
C05149,L3,FPGA,125.58,1.098,11.5481,11.7918,12.7254,13.3676,1.1794,1.2105,1.3391,1.4343,Normal,50.0
C05150,L3,ADC,123.6,1.771,11.4279,12.2098,15.0265,41.8445,1.1897,1.3145,1.6051,5.3856,Sudden_Anomaly,50.0
C05151,L3,ASIC,124.3,1.176,11.4947,12.1582,13.1363,14.638,1.1987,1.2386,1.3797,1.541,Normal,50.0
C05152,L3,ADC,124.67,1.799,11.3517,11.417,11.7178,11.7595,1.1809,1.182,1.2137,1.2336,High_Stable,50.0
C05153,L3,DAC,125.87,1.821,12.5577,13.0035,13.7887,39.7659,1.264,1.3845,1.4569,5.0299,Sudden_Anomaly,50.0
C05154,L3,ASIC,125.01,1.186,11.9885,13.089,14.0639,15.3187,1.2417,1.3734,1.4472,1.6026,Normal,50.0
C05155,L3,DAC,123.88,1.796,11.579,12.6149,20.7377,55.5389,1.196,1.3185,2.3225,7.7451,Absolute_Failure,50.0
C05156,L3,ADC,124.04,1.814,11.835,12.6474,13.2355,14.4897,1.2436,1.3768,1.3993,1.5493,Normal,50.0
C05157,L3,DAC,125.4,1.816,12.5237,12.8086,12.9232,13.1467,1.3519,1.3512,1.328,1.3624,High_Stable,50.0
C05158,L3,DAC,124.41,1.792,12.0971,13.1718,14.4148,15.3645,1.2853,1.3915,1.5316,1.6032,Normal,50.0
C05159,L3,ASIC,126.12,1.179,11.2465,12.2574,18.0052,50.8946,1.1415,1.2793,1.9834,6.9235,Absolute_Failure,50.0
C05160,L3,ASIC,124.62,1.202,11.9912,12.086,12.1565,11.7567,1.244,1.2503,1.2529,1.2309,High_Stable,50.0
C05161,L3,ADC,123.53,1.807,11.8639,12.2575,13.5004,14.8011,1.2535,1.2873,1.3809,1.5779,Normal,50.0
C05162,L3,DAC,125.49,1.793,11.5964,12.3554,12.9536,13.77,1.1984,1.2767,1.3465,1.3738,Normal,50.0
C05163,L3,FPGA,125.51,1.087,12.2869,12.2325,12.2598,12.2403,1.3046,1.2604,1.2773,1.2717,High_Stable,50.0
C05164,L3,ASIC,125.49,1.209,11.536,11.8302,12.8897,13.9099,1.2325,1.2347,1.3569,1.4586,Normal,50.0
C05165,L3,ADC,125.53,1.798,12.3579,13.0383,13.9823,15.1696,1.2848,1.3958,1.4533,1.5753,Normal,50.0
C05166,L3,DAC,125.33,1.813,12.3698,12.7424,13.8361,14.233,1.2565,1.3033,1.4816,1.5297,Normal,50.0
C05167,L3,ADC,124.73,1.793,11.6987,11.8208,12.0637,12.188,1.2207,1.2576,1.2653,1.265,High_Stable,50.0
C05168,L3,FPGA,124.95,1.109,12.0151,12.2193,13.0651,14.1018,1.2336,1.2903,1.353,1.4607,Normal,50.0
C05169,L3,FPGA,125.9,1.095,11.3628,11.9357,15.9636,61.8621,1.1315,1.2182,1.699,8.9367,Absolute_Failure,50.0
C05170,L3,FPGA,125.61,1.132,11.0288,13.0324,15.3201,22.2566,1.1505,1.4354,1.6304,2.5077,Latent_Defect,50.0
C05171,L3,DAC,127.01,1.811,11.8398,12.5053,12.9892,13.192,1.2471,1.2651,1.3976,1.3538,Normal,50.0
C05172,L3,ASIC,124.88,1.213,11.6368,11.8276,12.6085,12.6844,1.2453,1.2243,1.3237,1.3229,Normal,50.0
C05173,L3,DAC,125.62,1.807,12.5704,15.2959,21.5891,54.5327,1.328,1.6292,2.3961,7.6006,Absolute_Failure,50.0
C05174,L3,ASIC,125.43,1.202,11.5741,12.538,12.9183,13.4933,1.1792,1.3233,1.3495,1.4113,Normal,50.0
C05175,L3,DAC,124.98,1.814,12.5738,13.41,13.8968,14.45,1.2728,1.4312,1.4644,1.5462,Normal,50.0
C05176,L3,FPGA,124.96,1.075,11.3936,12.4787,16.4335,53.4037,1.1682,1.3313,1.7516,7.3601,Absolute_Failure,50.0
C05177,L3,ASIC,124.48,1.207,11.3776,12.5009,14.4555,31.5689,1.1771,1.3099,1.5273,3.7962,Sudden_Anomaly,50.0
C05178,L3,ASIC,126.29,1.196,11.0425,11.2224,11.3891,11.3355,1.1584,1.199,1.2201,1.1919,High_Stable,50.0
C05179,L3,FPGA,123.82,1.109,11.3745,12.1067,12.9919,14.1167,1.1855,1.2337,1.3745,1.4842,Normal,50.0
C05180,L3,ASIC,125.78,1.204,11.0928,12.1354,13.067,13.4031,1.144,1.2617,1.3893,1.3913,Normal,50.0
C05181,L3,ASIC,122.97,1.201,11.3823,12.3074,13.3701,14.8596,1.1698,1.309,1.4323,1.5885,Normal,50.0
C05182,L3,ADC,124.83,1.778,11.5439,12.5939,12.8649,14.243,1.1858,1.2984,1.3762,1.5722,Normal,50.0
C05183,L3,ADC,123.38,1.784,12.3208,12.4343,12.5421,12.7067,1.2918,1.2925,1.3183,1.3224,High_Stable,50.0
C05184,L3,ASIC,125.31,1.209,10.8986,12.0026,12.5376,13.6354,1.1967,1.2642,1.3058,1.4347,Normal,50.0
C05185,L3,ADC,124.62,1.814,11.8097,11.9801,12.2181,12.7162,1.2147,1.2319,1.3356,1.3489,High_Stable,50.0
C05186,L3,ASIC,123.92,1.185,11.5425,11.6347,11.8714,12.0069,1.2163,1.2471,1.2238,1.2315,High_Stable,50.0
C05187,L3,FPGA,126.65,1.119,12.202,12.2974,12.2313,12.1489,1.2687,1.2925,1.319,1.285,High_Stable,50.0
C05188,L3,DAC,124.81,1.755,11.9863,12.906,13.2035,13.7561,1.1776,1.3546,1.3915,1.4685,Normal,50.0
C05189,L3,ASIC,125.66,1.227,11.0013,12.139,13.0812,14.3683,1.1586,1.307,1.3547,1.5487,Normal,50.0
C05190,L3,ASIC,123.83,1.191,11.6023,14.2914,23.4163,51.883,1.213,1.508,2.7271,7.0527,Absolute_Failure,50.0
C05191,L3,FPGA,125.77,1.096,11.2163,12.3165,12.9271,13.9301,1.188,1.2932,1.3431,1.4706,Normal,50.0
C05192,L3,DAC,125.02,1.776,11.5756,12.1756,13.045,13.8368,1.197,1.2614,1.3582,1.449,Normal,50.0
C05193,L3,FPGA,125.6,1.091,11.9296,12.9555,15.1837,61.7763,1.2246,1.3283,1.6513,8.9264,Absolute_Failure,50.0
C05194,L3,ASIC,125.69,1.182,11.337,12.0151,12.6941,13.8602,1.2054,1.2231,1.3446,1.4412,Normal,50.0
C05195,L3,ADC,124.62,1.79,11.4646,12.081,12.8722,13.7842,1.2126,1.2525,1.3688,1.4136,Normal,50.0
C05196,L3,ASIC,125.45,1.209,11.6652,12.4053,13.6539,14.7819,1.2292,1.2442,1.3833,1.6231,Normal,50.0
C05197,L3,ASIC,124.38,1.205,11.1309,12.1441,13.0503,13.8756,1.1271,1.237,1.3759,1.494,Normal,50.0
C05198,L3,ASIC,124.91,1.188,11.9381,12.3151,12.6339,13.5762,1.2074,1.2806,1.3329,1.4263,Normal,50.0
C05199,L3,ASIC,124.19,1.204,11.7058,12.0621,12.6013,12.635,1.2438,1.2088,1.3138,1.368,Normal,50.0
C05200,L3,FPGA,125.67,1.111,11.1732,12.4968,18.468,54.9776,1.1391,1.3249,2.0319,7.6663,Absolute_Failure,50.0
C05201,L3,ADC,124.17,1.813,11.6251,12.1678,12.6019,12.8619,1.2003,1.2874,1.3157,1.366,Normal,50.0
C05202,L3,ADC,125.17,1.79,12.0722,12.9296,13.1705,13.4521,1.2561,1.3555,1.3776,1.4178,Normal,50.0
C05203,L3,ADC,126.66,1.807,11.802,11.9812,12.0051,12.3198,1.2226,1.2334,1.2378,1.3345,High_Stable,50.0
C05204,L3,ADC,125.65,1.805,11.6578,12.6039,13.3138,14.5535,1.2346,1.3699,1.3809,1.5606,Normal,50.0
C05205,L3,FPGA,123.94,1.135,11.3748,12.4562,13.6114,14.1914,1.163,1.2867,1.4482,1.5417,Normal,50.0
C05206,L3,DAC,125.83,1.805,12.2525,13.5451,16.6711,20.8853,1.1994,1.4194,1.7812,2.3468,Latent_Defect,50.0
C05207,L3,ADC,123.46,1.808,11.7272,12.2438,13.1702,14.1491,1.2187,1.2709,1.412,1.5447,Normal,50.0
C05208,L3,FPGA,125.74,1.086,11.2033,11.6798,12.2759,13.884,1.178,1.2111,1.3135,1.5204,Normal,50.0
C05209,L3,ASIC,126.17,1.215,11.7172,12.5725,12.9745,13.6177,1.2084,1.2933,1.3739,1.4638,Normal,50.0
C05210,L3,ADC,123.62,1.794,12.0384,11.984,12.2665,12.3428,1.3227,1.2608,1.2411,1.2854,High_Stable,50.0
C05211,L3,FPGA,127.02,1.09,11.9003,12.782,15.4071,21.0599,1.1709,1.3433,1.6823,2.3115,Latent_Defect,50.0
C05212,L3,ADC,124.63,1.783,11.7511,13.6008,19.2677,61.8096,1.2257,1.4318,2.1523,8.9657,Absolute_Failure,50.0
C05213,L3,FPGA,126.61,1.088,11.8522,13.8834,18.6993,24.3908,1.2285,1.4339,2.0406,2.7842,Latent_Defect,50.0
C05214,L3,ASIC,124.63,1.2,12.0932,12.1376,12.1428,12.2632,1.2566,1.3219,1.2799,1.2973,High_Stable,50.0
C05215,L3,ADC,122.78,1.791,11.7861,12.6473,12.7572,14.0776,1.2799,1.3348,1.3506,1.5427,Normal,50.0
C05216,L3,FPGA,124.53,1.105,12.0975,12.2731,12.5004,12.608,1.2639,1.3108,1.2811,1.3093,High_Stable,50.0
C05217,L3,FPGA,124.3,1.117,11.472,12.2683,13.0266,14.1947,1.2239,1.2971,1.4279,1.4919,Normal,50.0
C05218,L3,DAC,124.41,1.808,11.9781,13.3117,13.9847,14.551,1.2359,1.3986,1.4871,1.566,Normal,50.0
C05219,L3,ASIC,123.98,1.187,11.2416,11.7677,12.0847,12.6049,1.1588,1.2749,1.2491,1.3122,Normal,50.0
C05220,L3,ADC,123.92,1.807,11.8775,12.4867,12.9849,14.5342,1.2704,1.253,1.3394,1.5648,Normal,50.0
C05221,L3,FPGA,125.44,1.107,11.3567,12.2112,12.8662,13.8093,1.2237,1.284,1.3234,1.4451,Normal,50.0
C05222,L3,ASIC,126.16,1.21,11.2092,12.5459,15.1194,19.3332,1.1706,1.2935,1.6272,2.1811,Latent_Defect,50.0
C05223,L3,ADC,125.02,1.779,12.2536,12.4992,12.3471,12.457,1.277,1.3104,1.2444,1.3202,High_Stable,50.0
C05224,L3,FPGA,124.97,1.078,11.1977,11.9966,12.7385,13.6828,1.1714,1.3266,1.3654,1.4487,Normal,50.0
C05225,L3,ADC,123.39,1.809,11.3905,12.0007,12.7682,12.8791,1.1869,1.2114,1.3342,1.3182,Normal,50.0
C05226,L3,ADC,125.54,1.801,12.2919,12.2722,12.6415,12.7226,1.3074,1.2928,1.3428,1.3454,High_Stable,50.0
C05227,L3,FPGA,126.46,1.087,11.4419,13.8689,22.7605,55.3811,1.1848,1.4453,2.5702,7.6941,Absolute_Failure,50.0
C05228,L3,ASIC,125.58,1.182,11.2251,11.4201,11.1714,11.1841,1.134,1.1727,1.1525,1.1802,High_Stable,50.0
C05229,L3,ASIC,123.49,1.217,11.077,10.9394,10.9697,11.0424,1.1484,1.1567,1.163,1.1856,High_Stable,50.0
C05230,L3,ASIC,125.26,1.211,11.3946,12.4474,15.7856,20.102,1.1582,1.3163,1.6861,2.2625,Latent_Defect,50.0
C05231,L3,ADC,124.52,1.787,11.9434,12.6555,13.5693,15.0204,1.2573,1.2985,1.4691,1.601,Normal,50.0
C05232,L3,FPGA,126.37,1.11,11.2082,12.2613,12.7925,13.5359,1.1531,1.2648,1.3826,1.3801,Normal,50.0
C05233,L3,FPGA,125.76,1.062,11.6648,12.6222,13.504,15.2218,1.182,1.3441,1.4434,1.6771,Normal,50.0
C05234,L3,DAC,124.91,1.8,11.9998,12.8166,13.3449,13.8828,1.233,1.3452,1.3949,1.4686,Normal,50.0
C05235,L3,DAC,125.31,1.786,12.6495,12.6314,12.5881,12.7147,1.3865,1.3303,1.3609,1.3738,High_Stable,50.0
C05236,L3,ASIC,125.03,1.194,11.5606,13.1633,17.1792,21.178,1.2089,1.403,1.9035,2.3791,Latent_Defect,50.0
C05237,L3,ASIC,125.82,1.198,12.1114,12.7007,13.2876,14.1574,1.2864,1.3292,1.3483,1.4922,Normal,50.0
C05238,L3,ASIC,124.28,1.236,12.1935,12.575,12.9602,14.4304,1.2696,1.2813,1.3731,1.5705,Normal,50.0
C05239,L3,ADC,123.72,1.801,11.6902,12.7158,13.4475,14.261,1.2448,1.3386,1.4274,1.5166,Normal,50.0
C05240,L3,ASIC,125.16,1.183,11.0398,11.5076,12.2806,12.7088,1.1614,1.1825,1.2394,1.3751,Normal,50.0
C05241,L3,ADC,124.49,1.829,12.2137,12.8792,13.0209,13.5501,1.2753,1.3513,1.3599,1.4596,Normal,50.0
C05242,L3,FPGA,125.34,1.093,10.7604,11.8655,12.6007,13.4928,1.0953,1.2442,1.3213,1.4068,Normal,50.0
C05243,L3,ASIC,125.38,1.19,11.8629,13.0861,17.0327,21.5505,1.227,1.3801,1.8188,2.4079,Latent_Defect,50.0
C05244,L3,ADC,124.99,1.802,11.1686,12.4414,16.6786,24.6577,1.1094,1.2941,1.8178,2.8305,Latent_Defect,50.0
C05245,L3,ASIC,123.69,1.192,11.0485,11.747,12.6191,13.9672,1.144,1.2095,1.3052,1.4536,Normal,50.0
C05246,L3,ASIC,123.79,1.213,11.6799,12.8166,16.7488,22.8028,1.1873,1.3852,1.815,2.5806,Latent_Defect,50.0
C05247,L3,ADC,125.04,1.816,11.5819,12.5316,13.885,14.2753,1.185,1.2881,1.5338,1.5081,Normal,50.0
C05248,L3,ASIC,123.67,1.189,11.049,12.7089,14.1428,27.6046,1.1635,1.325,1.4721,3.2211,Sudden_Anomaly,50.0
C05249,L3,FPGA,124.9,1.1,11.8336,12.8232,17.6902,22.7236,1.2563,1.3451,1.8957,2.588,Latent_Defect,50.0
C05250,L3,DAC,125.13,1.786,12.25,12.8136,13.3439,14.901,1.2789,1.4159,1.3843,1.6323,Normal,50.0
C05251,L3,ADC,124.61,1.787,12.085,12.4205,12.6337,12.7962,1.3301,1.2452,1.3348,1.3245,High_Stable,50.0
C05252,L3,FPGA,124.67,1.09,11.4356,11.7587,11.836,12.0587,1.1976,1.2196,1.2404,1.325,Normal,50.0
C05253,L3,FPGA,125.26,1.075,11.5296,12.3739,12.8285,13.8337,1.171,1.267,1.3246,1.3978,Normal,50.0
C05254,L3,ASIC,123.5,1.201,11.0497,11.9827,12.8308,38.1054,1.162,1.3014,1.3154,4.7674,Sudden_Anomaly,50.0
C05255,L3,ADC,124.3,1.794,11.9038,12.8591,13.587,14.5059,1.2109,1.3341,1.4167,1.5818,Normal,50.0
C05256,L3,DAC,124.28,1.783,11.733,12.6119,17.2144,22.8592,1.2095,1.3555,1.8718,2.5749,Latent_Defect,50.0
C05257,L3,FPGA,125.61,1.104,11.5379,13.3554,18.4515,25.9632,1.2222,1.4148,2.0539,3.0484,Latent_Defect,50.0
C05258,L3,ASIC,123.63,1.181,11.462,13.1738,15.7859,22.655,1.1749,1.4224,1.7131,2.597,Latent_Defect,50.0
C05259,L3,DAC,125.38,1.81,11.7507,12.5307,12.9104,14.0254,1.2391,1.3286,1.344,1.4961,Normal,50.0
C05260,L3,FPGA,125.59,1.104,12.2664,13.1953,13.6972,14.0091,1.2739,1.3583,1.4549,1.466,Normal,50.0
C05261,L3,ADC,126.54,1.818,11.8212,12.2784,12.4204,12.9718,1.1967,1.3031,1.2974,1.3879,Normal,50.0
C05262,L3,ADC,125.31,1.783,11.2414,12.2268,13.2909,14.4969,1.1792,1.2615,1.3936,1.5545,Normal,50.0
C05263,L3,FPGA,125.19,1.11,11.8254,12.441,12.9906,13.8679,1.2324,1.3044,1.3664,1.4589,Normal,50.0
C05264,L3,FPGA,124.65,1.101,12.0013,12.6692,13.1875,14.4898,1.2228,1.3117,1.3651,1.5276,Normal,50.0
C05265,L3,FPGA,126.49,1.094,12.4337,12.4463,12.4973,12.3246,1.3488,1.3098,1.3044,1.2756,High_Stable,50.0
C05266,L3,ADC,123.63,1.802,12.4666,12.3694,12.5461,12.5142,1.3064,1.2722,1.3466,1.3354,High_Stable,50.0
C05267,L3,DAC,125.18,1.816,12.1303,12.24,12.2301,12.1021,1.3203,1.2856,1.3078,1.237,High_Stable,50.0
C05268,L3,FPGA,125.06,1.121,11.1589,13.5175,19.4567,53.919,1.1561,1.4398,2.1693,7.4444,Absolute_Failure,50.0
C05269,L3,DAC,125.56,1.816,11.8564,13.9347,17.9991,25.3789,1.2906,1.4962,1.9446,2.8835,Latent_Defect,50.0
C05270,L3,ASIC,125.53,1.196,12.081,13.105,14.0178,14.716,1.2649,1.3802,1.5052,1.6035,Normal,50.0
C05271,L3,ADC,124.24,1.8,11.7825,12.8737,14.3774,15.3902,1.2462,1.3929,1.5281,1.6601,Normal,50.0
C05272,L3,ADC,125.43,1.78,11.7863,12.5647,12.9669,13.5042,1.2121,1.2751,1.3802,1.4087,Normal,50.0
C05273,L3,FPGA,125.63,1.097,11.6678,13.8645,22.8605,57.1577,1.1932,1.4499,2.5686,8.0495,Absolute_Failure,50.0
C05274,L3,DAC,125.13,1.799,12.0139,13.3913,19.5308,57.8514,1.2284,1.4193,2.1379,8.1304,Absolute_Failure,50.0
C05275,L3,FPGA,124.79,1.108,10.795,11.4516,11.8745,13.4173,1.0726,1.1425,1.2044,1.4142,Normal,50.0
C05276,L3,ASIC,124.19,1.187,11.2231,11.8028,12.4755,13.6535,1.1806,1.2395,1.2724,1.4548,Normal,50.0
C05277,L3,ADC,124.62,1.78,12.0769,13.5445,15.3247,28.3109,1.2761,1.4802,1.6363,3.3565,Sudden_Anomaly,50.0
C05278,L3,FPGA,126.52,1.11,11.7166,11.9956,12.779,13.7967,1.2078,1.2246,1.3397,1.4647,Normal,50.0
C05279,L3,DAC,123.87,1.789,12.1572,13.6412,20.7165,51.7261,1.2418,1.4449,2.3124,7.0877,Absolute_Failure,50.0
C05280,L3,DAC,124.98,1.808,11.7071,13.0027,13.4962,13.8658,1.2077,1.3521,1.4096,1.4516,Normal,50.0
C05281,L3,DAC,124.33,1.821,12.2155,13.0565,16.5766,20.4267,1.2913,1.3518,1.8109,2.2913,Latent_Defect,50.0
C05282,L3,ADC,124.39,1.787,11.7819,12.0739,12.2437,12.2071,1.2349,1.2575,1.284,1.2897,High_Stable,50.0
C05283,L3,ASIC,123.58,1.219,11.1789,12.2214,13.0671,13.8146,1.2303,1.2962,1.3814,1.5104,Normal,50.0
C05284,L3,DAC,124.9,1.791,11.9811,13.2813,16.2452,23.099,1.2486,1.3992,1.7006,2.5944,Latent_Defect,50.0
C05285,L3,DAC,125.01,1.774,12.1719,13.3371,14.0371,15.0209,1.2677,1.443,1.4983,1.5875,Normal,50.0
C05286,L3,ASIC,125.81,1.215,10.5288,11.4851,12.0911,13.174,1.0707,1.2361,1.288,1.3874,Normal,50.0
C05287,L3,FPGA,123.87,1.09,11.4208,12.332,13.0291,14.3208,1.2565,1.2578,1.4159,1.5452,Normal,50.0
C05288,L3,ASIC,125.21,1.213,10.7501,11.4608,12.2297,13.0592,1.1061,1.1878,1.2817,1.3876,Normal,50.0
C05289,L3,ADC,124.88,1.787,11.9778,12.8814,14.2419,14.9363,1.2685,1.3292,1.5473,1.6119,Normal,50.0
C05290,L3,DAC,125.66,1.792,12.3906,13.489,13.6952,14.9399,1.3476,1.4684,1.4374,1.5473,Normal,50.0
C05291,L3,ASIC,126.7,1.224,11.6964,12.7668,15.0493,21.341,1.239,1.3219,1.6756,2.4055,Latent_Defect,50.0
C05292,L3,DAC,124.32,1.795,11.864,13.2253,13.6163,14.9248,1.1947,1.3827,1.4911,1.6261,Normal,50.0
C05293,L3,FPGA,124.37,1.09,11.8815,12.9425,13.7051,14.0896,1.2682,1.4037,1.4235,1.5339,Normal,50.0
C05294,L3,ASIC,123.88,1.176,11.2291,11.4566,14.6449,59.4537,1.1702,1.1953,1.5608,8.4763,Absolute_Failure,50.0
C05295,L3,ADC,123.44,1.829,12.5839,14.1159,21.4425,59.1671,1.3502,1.5046,2.4434,8.3568,Absolute_Failure,50.0
C05296,L3,ASIC,124.74,1.212,10.9736,11.9344,14.3692,59.2712,1.1556,1.2687,1.5072,8.4409,Absolute_Failure,50.0
C05297,L3,ASIC,123.35,1.214,11.4042,12.0247,12.3658,13.2175,1.1365,1.2339,1.3029,1.3856,Normal,50.0
C05298,L3,FPGA,125.48,1.129,11.6627,11.9018,12.3957,13.6896,1.208,1.2725,1.259,1.459,Normal,50.0
C05299,L3,ASIC,122.9,1.209,11.437,12.5805,13.2844,13.6291,1.2437,1.3281,1.4336,1.4037,Normal,50.0
C05300,L3,DAC,124.43,1.798,11.7915,11.8349,12.1638,13.0799,1.2585,1.2235,1.2988,1.4015,Normal,50.0
C05301,L3,DAC,125.66,1.817,12.1397,12.2415,13.7066,37.3467,1.2464,1.2828,1.4132,4.6548,Sudden_Anomaly,50.0
C05302,L3,DAC,124.47,1.809,11.775,12.5946,14.9392,18.5584,1.2824,1.3536,1.6592,2.0671,Latent_Defect,50.0
C05303,L3,DAC,123.36,1.816,11.5579,12.3754,13.1138,13.773,1.2295,1.2621,1.3959,1.4679,Normal,50.0
C05304,L3,DAC,126.11,1.772,12.058,12.7001,13.8165,15.1175,1.2341,1.3343,1.5072,1.5978,Normal,50.0
C05305,L3,ASIC,124.82,1.19,11.2642,12.5252,17.043,54.6436,1.1409,1.279,1.8304,7.5598,Absolute_Failure,50.0
C05306,L3,FPGA,124.41,1.109,12.1503,12.4628,12.771,12.9686,1.2741,1.303,1.3283,1.3567,High_Stable,50.0
C05307,L3,DAC,125.63,1.813,12.0284,14.1192,23.0876,51.2917,1.2301,1.4943,2.7032,6.9577,Absolute_Failure,50.0
C05308,L3,ASIC,125.33,1.2,11.6028,12.8293,13.0069,13.5219,1.182,1.3711,1.392,1.3652,Normal,50.0
C05309,L3,ASIC,125.75,1.198,11.4111,11.6512,12.0142,13.2269,1.1555,1.2385,1.2435,1.4093,Normal,50.0
C05310,L3,ADC,125.45,1.818,11.4968,12.8967,16.5675,24.2289,1.1748,1.355,1.7585,2.7741,Latent_Defect,50.0
C05311,L3,ADC,124.94,1.789,11.7099,13.819,18.6465,51.4177,1.225,1.4517,2.0179,7.0486,Absolute_Failure,50.0
C05312,L3,FPGA,126.29,1.126,11.7896,12.1888,12.9907,13.5548,1.1812,1.2794,1.3659,1.4386,Normal,50.0
C05313,L3,ASIC,125.63,1.213,10.9633,11.4135,11.9038,13.1687,1.141,1.2115,1.2587,1.4228,Normal,50.0
C05314,L3,ADC,124.11,1.781,11.8385,12.9824,13.3541,13.9029,1.2627,1.3892,1.4386,1.4598,Normal,50.0
C05315,L3,ASIC,125.73,1.186,11.6092,12.1392,12.8821,13.5466,1.2082,1.2495,1.3695,1.4127,Normal,50.0
C05316,L3,DAC,125.15,1.791,11.5465,12.84,13.191,14.0388,1.1899,1.3626,1.4172,1.505,Normal,50.0
C05317,L3,FPGA,125.47,1.096,11.4541,12.3093,12.9265,13.1331,1.1759,1.303,1.3795,1.4205,Normal,50.0
C05318,L3,FPGA,125.06,1.098,11.6718,12.0992,12.8129,13.53,1.1852,1.3049,1.3397,1.4543,Normal,50.0
C05319,L3,ASIC,126.21,1.199,10.7602,11.8406,12.5854,13.8533,1.1317,1.2403,1.3458,1.4554,Normal,50.0
C05320,L3,FPGA,124.62,1.091,11.1905,13.85,23.573,50.3511,1.1988,1.4775,2.6572,6.8054,Absolute_Failure,50.0
C05321,L3,FPGA,126.14,1.09,11.3157,11.7431,15.8292,55.7762,1.208,1.3192,1.7269,7.8026,Absolute_Failure,50.0
C05322,L3,FPGA,126.02,1.123,11.3678,11.8696,12.897,13.7281,1.1904,1.2279,1.3196,1.4854,Normal,50.0
C05323,L3,ADC,124.89,1.822,12.7052,12.6972,12.8382,12.863,1.3596,1.3457,1.3928,1.383,High_Stable,50.0
C05324,L3,DAC,124.77,1.789,11.6498,12.1721,12.4809,13.1103,1.1972,1.309,1.2868,1.3753,Normal,50.0
C05325,L3,ASIC,125.42,1.198,11.7457,12.0936,13.0077,14.2028,1.224,1.286,1.424,1.4795,Normal,50.0
C05326,L3,DAC,124.88,1.806,11.6101,12.7296,12.9329,14.0392,1.2353,1.3506,1.34,1.5143,Normal,50.0
C05327,L3,DAC,125.18,1.779,11.2887,11.5052,11.9748,13.0239,1.1714,1.1637,1.2256,1.3926,Normal,50.0
C05328,L3,FPGA,124.78,1.108,11.1472,12.1261,11.9504,12.8045,1.1542,1.2613,1.2085,1.3726,Normal,50.0
C05329,L3,FPGA,123.68,1.12,11.8255,13.0198,13.3628,14.0504,1.1713,1.3953,1.4359,1.5114,Normal,50.0
C05330,L3,ASIC,124.26,1.195,10.9886,11.1086,11.3095,11.4626,1.0997,1.1593,1.1971,1.2082,High_Stable,50.0
C05331,L3,ADC,124.07,1.832,11.8149,13.3429,14.3054,33.9504,1.209,1.4497,1.4634,4.1744,Sudden_Anomaly,50.0
C05332,L3,ASIC,125.58,1.209,12.2864,14.2133,19.4316,23.6286,1.2909,1.4893,2.1574,2.6984,Latent_Defect,50.0
C05333,L3,DAC,126.6,1.819,11.9766,12.5378,14.7629,53.4781,1.2717,1.3181,1.6163,7.344,Absolute_Failure,50.0
C05334,L3,ASIC,124.85,1.192,11.4253,12.0911,12.8351,13.6297,1.181,1.2352,1.3958,1.4657,Normal,50.0
C05335,L3,ADC,124.88,1.795,11.9335,13.0689,15.4233,19.876,1.2579,1.3345,1.6267,2.2503,Latent_Defect,50.0
C05336,L3,ADC,125.13,1.812,11.4186,12.1939,20.3484,56.463,1.1657,1.2346,2.2658,7.9523,Absolute_Failure,50.0
C05337,L3,ADC,123.76,1.764,11.3702,12.4112,16.8012,23.8075,1.2121,1.2681,1.8125,2.7169,Latent_Defect,50.0
C05338,L3,ASIC,125.24,1.19,11.5558,12.6574,19.0388,54.4416,1.1868,1.2846,2.1306,7.5655,Absolute_Failure,50.0
C05339,L3,DAC,125.81,1.801,11.6838,12.7376,12.7867,13.7412,1.2546,1.3323,1.3204,1.4805,Normal,50.0
C05340,L3,ASIC,124.71,1.175,11.6653,12.2061,12.7394,13.3405,1.2552,1.283,1.3238,1.4001,Normal,50.0
C05341,L3,ASIC,124.57,1.218,11.5643,12.6211,15.5363,19.3738,1.2023,1.3201,1.6417,2.1895,Latent_Defect,50.0
C05342,L3,ADC,123.63,1.808,11.4341,12.3472,13.2921,14.7692,1.2486,1.2884,1.3935,1.5802,Normal,50.0
C05343,L3,FPGA,126.18,1.085,11.385,11.3511,11.4166,11.5143,1.1888,1.2126,1.1715,1.209,High_Stable,50.0
C05344,L3,ASIC,124.95,1.2,10.8325,11.9318,12.3734,13.5233,1.1127,1.2381,1.2472,1.4363,Normal,50.0
C05345,L3,ASIC,124.51,1.214,11.0059,11.8655,12.4343,13.1481,1.1351,1.2124,1.3052,1.4068,Normal,50.0
C05346,L3,FPGA,125.37,1.093,11.5857,13.7305,16.6066,22.6385,1.1712,1.4413,1.7981,2.5626,Latent_Defect,50.0
C05347,L3,FPGA,124.8,1.104,11.9769,12.3753,12.9487,13.9785,1.2462,1.3325,1.369,1.4411,Normal,50.0
C05348,L3,ASIC,125.21,1.204,11.6777,13.9829,19.8768,55.124,1.2275,1.4966,2.2044,7.6576,Absolute_Failure,50.0
C05349,L3,FPGA,125.55,1.099,11.5559,12.4979,13.1009,13.9715,1.1993,1.3253,1.385,1.4887,Normal,50.0
C05350,L3,FPGA,126.74,1.084,11.2786,12.1167,12.5859,13.5891,1.2196,1.2342,1.3074,1.4601,Normal,50.0
C05351,L3,ASIC,124.37,1.204,11.3813,12.0937,12.6859,13.8258,1.1535,1.2524,1.3534,1.4835,Normal,50.0
C05352,L3,DAC,124.92,1.8,12.3648,13.6543,17.6423,52.6063,1.3371,1.4514,1.8913,7.2292,Absolute_Failure,50.0
C05353,L3,FPGA,125.68,1.094,11.7253,12.8342,13.2038,14.3634,1.2279,1.371,1.3843,1.5087,Normal,50.0
C05354,L3,FPGA,124.74,1.079,11.6261,13.4057,21.3826,51.0692,1.2742,1.4369,2.3676,6.9568,Absolute_Failure,50.0
C05355,L3,ASIC,124.8,1.185,11.6367,12.0764,12.9637,13.1424,1.2394,1.2818,1.3789,1.353,Normal,50.0
C05356,L3,ASIC,125.72,1.192,11.1746,13.8069,22.5714,50.7436,1.1397,1.4763,2.5268,6.8592,Absolute_Failure,50.0
C05357,L3,ASIC,124.32,1.225,11.6594,12.6088,13.5739,13.8904,1.2387,1.3658,1.4801,1.4471,Normal,50.0
C05358,L3,ASIC,124.06,1.217,11.6279,12.9582,19.823,56.0803,1.1828,1.3549,2.2341,7.8669,Absolute_Failure,50.0
C05359,L3,FPGA,123.55,1.085,11.4931,12.5891,17.562,24.3581,1.1997,1.3174,1.922,2.7826,Latent_Defect,50.0
C05360,L3,ADC,125.17,1.81,12.3969,13.1612,13.9786,14.8111,1.3129,1.4035,1.4565,1.579,Normal,50.0
C05361,L3,ASIC,124.81,1.21,11.1131,11.8699,11.9475,12.4963,1.2262,1.2508,1.3064,1.3444,Normal,50.0
C05362,L3,DAC,125.44,1.812,11.7482,14.0315,18.9255,51.3953,1.2484,1.4907,2.0707,6.9977,Absolute_Failure,50.0
C05363,L3,ADC,124.67,1.824,12.6591,12.9828,12.9378,12.9851,1.2876,1.3461,1.3206,1.3979,High_Stable,50.0
C05364,L3,FPGA,125.94,1.107,11.9326,11.9955,12.0817,11.9418,1.3044,1.2863,1.2971,1.2845,High_Stable,50.0
C05365,L3,FPGA,124.4,1.107,11.4294,12.9092,19.0232,56.8402,1.2048,1.378,2.0801,7.9426,Absolute_Failure,50.0
C05366,L3,FPGA,123.5,1.106,11.5789,12.0807,12.6577,12.272,1.2055,1.2844,1.3126,1.2979,Normal,50.0
C05367,L3,ADC,124.87,1.802,11.7458,13.6327,19.5854,57.0493,1.1862,1.4371,2.216,8.0376,Absolute_Failure,50.0
C05368,L3,ASIC,124.33,1.223,10.6557,10.5551,10.6042,10.6971,1.1071,1.0781,1.0988,1.1455,High_Stable,50.0
C05369,L3,DAC,126.75,1.852,12.5548,13.4294,16.2353,21.1739,1.2881,1.4004,1.7784,2.4088,Latent_Defect,50.0
C05370,L3,FPGA,127.25,1.078,10.8981,11.5089,12.486,13.3845,1.0857,1.1422,1.3015,1.4228,Normal,50.0
C05371,L3,ADC,122.88,1.812,11.1901,11.6935,12.4694,13.761,1.1603,1.1868,1.3337,1.4527,Normal,50.0
C05372,L3,ASIC,124.45,1.18,11.0139,11.5795,12.3615,12.6196,1.1835,1.1844,1.3132,1.2563,Normal,50.0
C05373,L3,ASIC,123.37,1.184,11.7605,12.0444,12.1729,12.1757,1.2692,1.2459,1.2438,1.2956,High_Stable,50.0
C05374,L3,FPGA,123.54,1.068,11.1495,11.7295,15.775,55.773,1.1653,1.2374,1.7514,7.8123,Absolute_Failure,50.0
C05375,L3,FPGA,124.26,1.118,12.0525,12.2786,12.528,12.3448,1.2702,1.2746,1.3016,1.2887,High_Stable,50.0
C05376,L3,ASIC,125.57,1.182,11.3462,13.7765,21.7422,53.1985,1.1756,1.4408,2.4902,7.2794,Absolute_Failure,50.0
C05377,L3,ADC,125.51,1.825,11.7152,12.1965,13.2118,13.7549,1.2461,1.254,1.4011,1.4587,Normal,50.0
C05378,L3,ADC,124.46,1.793,12.4158,12.8193,13.0013,14.4807,1.3403,1.372,1.3676,1.5522,Normal,50.0
C05379,L3,FPGA,125.38,1.082,12.7626,12.9496,13.243,13.5241,1.373,1.3551,1.3749,1.4311,High_Stable,50.0
C05380,L3,ADC,124.63,1.791,12.0127,12.8413,13.2842,14.4769,1.2497,1.3249,1.3975,1.5214,Normal,50.0
C05381,L3,ASIC,125.6,1.183,12.2014,12.6442,12.8112,14.2926,1.2809,1.3894,1.2973,1.5091,Normal,50.0
C05382,L3,FPGA,126.0,1.098,12.0966,12.0752,12.1362,11.9226,1.2778,1.2597,1.291,1.2444,High_Stable,50.0
C05383,L3,ASIC,124.95,1.203,11.5499,12.4415,12.9824,14.416,1.1787,1.3463,1.3554,1.5322,Normal,50.0
C05384,L3,ASIC,125.01,1.225,12.1632,12.3253,12.4513,12.3136,1.2937,1.2664,1.2967,1.3097,High_Stable,50.0
C05385,L3,ADC,124.86,1.804,11.5688,11.9044,12.8633,13.839,1.2417,1.2319,1.3521,1.4299,Normal,50.0
C05386,L3,ADC,124.5,1.807,11.3917,11.6158,12.6299,13.452,1.1885,1.2302,1.3392,1.4659,Normal,50.0
C05387,L3,ASIC,126.14,1.209,11.0996,12.0677,12.76,13.562,1.1641,1.2386,1.3641,1.4734,Normal,50.0
C05388,L3,DAC,125.22,1.839,11.7885,11.9009,11.8394,12.0821,1.2744,1.2363,1.2715,1.3087,High_Stable,50.0
C05389,L3,DAC,125.21,1.81,11.2075,13.392,20.0906,56.6178,1.1649,1.4548,2.2477,7.9197,Absolute_Failure,50.0
C05390,L3,FPGA,125.85,1.096,11.8092,11.9208,11.837,12.0786,1.2281,1.2495,1.2456,1.2319,High_Stable,50.0
C05391,L3,ADC,125.38,1.778,11.7111,13.0285,18.4417,59.1397,1.2261,1.3955,1.9953,8.4346,Absolute_Failure,50.0
C05392,L3,FPGA,124.87,1.126,11.5277,12.3314,12.8893,13.4006,1.2278,1.3081,1.3328,1.3657,Normal,50.0
C05393,L3,ADC,123.78,1.799,11.8671,12.8386,13.8481,15.0142,1.2447,1.3903,1.4681,1.5993,Normal,50.0
C05394,L3,FPGA,125.2,1.109,11.7289,13.7291,17.1336,20.6345,1.2216,1.5282,1.8615,2.2556,Latent_Defect,50.0
C05395,L3,FPGA,125.5,1.088,11.5958,11.8801,12.069,12.8029,1.2392,1.2324,1.2075,1.3703,Normal,50.0
C05396,L3,DAC,124.75,1.813,11.4266,13.7208,18.3016,53.8319,1.2297,1.4451,2.0278,7.4595,Absolute_Failure,50.0
C05397,L3,ASIC,123.22,1.203,12.3321,12.7046,12.9359,13.1277,1.284,1.3297,1.3777,1.363,High_Stable,50.0
C05398,L3,FPGA,126.18,1.108,11.5955,12.5468,15.4521,22.6882,1.1957,1.3038,1.6699,2.5223,Latent_Defect,50.0
C05399,L3,DAC,124.95,1.798,11.4822,12.1654,12.7648,13.7828,1.1895,1.2647,1.3136,1.5185,Normal,50.0
C05400,L3,FPGA,126.56,1.096,11.7337,12.3668,12.8654,13.604,1.2006,1.3408,1.3692,1.4333,Normal,50.0
C05401,L3,ASIC,125.68,1.205,10.8546,12.3856,13.3037,39.9015,1.1419,1.354,1.4101,5.0617,Sudden_Anomaly,50.0
C05402,L3,ASIC,125.67,1.2,11.7462,12.3013,12.8956,13.5624,1.2614,1.2787,1.3262,1.4397,Normal,50.0
C05403,L3,FPGA,126.12,1.098,11.3417,11.7007,12.2808,12.8541,1.2333,1.1847,1.3366,1.3498,Normal,50.0
C05404,L3,ASIC,123.4,1.192,12.0842,12.477,12.4799,12.3975,1.2594,1.3183,1.2941,1.2567,High_Stable,50.0
C05405,L3,DAC,125.89,1.8,12.1841,12.89,14.3068,32.764,1.2728,1.3545,1.5025,3.9449,Sudden_Anomaly,50.0
C05406,L3,FPGA,124.51,1.072,11.5817,12.9931,17.0089,51.9648,1.1791,1.2926,1.8482,7.0635,Absolute_Failure,50.0
C05407,L3,ASIC,125.74,1.205,11.419,11.6868,12.1997,13.6546,1.2034,1.219,1.274,1.4419,Normal,50.0
C05408,L3,DAC,127.02,1.796,12.2807,12.7332,13.0481,13.6967,1.2859,1.3345,1.3632,1.4712,Normal,50.0
C05409,L3,DAC,126.02,1.785,11.3304,11.8982,12.71,14.3924,1.2217,1.2729,1.3117,1.5331,Normal,50.0
C05410,L3,DAC,125.82,1.777,11.7251,12.1961,12.8316,14.4022,1.2322,1.3304,1.3561,1.5423,Normal,50.0
C05411,L3,ASIC,124.23,1.179,11.2091,12.3048,16.0265,51.5937,1.1108,1.2952,1.7336,7.0543,Absolute_Failure,50.0
C05412,L3,FPGA,127.53,1.094,12.5436,13.0277,13.3359,13.5762,1.2657,1.3642,1.4199,1.4121,Normal,50.0
C05413,L3,FPGA,124.91,1.101,11.5923,12.2382,12.9221,13.6207,1.2041,1.2731,1.3191,1.4279,Normal,50.0
C05414,L3,FPGA,126.16,1.08,11.135,11.8861,12.4424,13.6037,1.1459,1.226,1.3323,1.4564,Normal,50.0
C05415,L3,FPGA,124.5,1.101,11.2877,11.7662,12.4106,13.3982,1.1955,1.2543,1.2888,1.4359,Normal,50.0
C05416,L3,DAC,125.75,1.802,11.6432,12.2953,13.4599,14.6006,1.2319,1.2906,1.4554,1.5627,Normal,50.0
C05417,L3,ASIC,125.83,1.193,10.8228,11.1184,12.0674,12.8839,1.1051,1.1736,1.2567,1.361,Normal,50.0
C05418,L3,FPGA,125.9,1.103,11.8109,12.4333,13.6141,14.1746,1.2566,1.331,1.4403,1.5228,Normal,50.0
C05419,L3,ADC,124.87,1.778,11.6298,12.3672,13.5485,14.1942,1.2614,1.2633,1.4425,1.5691,Normal,50.0
C05420,L3,ASIC,124.22,1.215,11.4889,14.1357,19.7031,51.3222,1.2248,1.5152,2.2295,6.9875,Absolute_Failure,50.0
C05421,L3,ASIC,126.35,1.195,11.0336,11.8988,12.4641,13.5763,1.1137,1.182,1.2896,1.416,Normal,50.0
C05422,L3,FPGA,125.28,1.126,11.9159,12.7676,13.4242,13.3301,1.2949,1.3569,1.3916,1.4183,Normal,50.0
C05423,L3,DAC,126.22,1.796,11.7884,12.846,13.9424,15.2374,1.2113,1.3343,1.462,1.613,Normal,50.0
C05424,L3,ADC,124.6,1.805,11.7757,13.4214,16.2588,32.455,1.2079,1.4284,1.8052,3.9071,Sudden_Anomaly,50.0
C05425,L3,ADC,124.85,1.804,11.9722,13.3202,14.4415,16.0625,1.2517,1.3778,1.5621,1.7017,Normal,50.0
C05426,L3,DAC,124.23,1.822,11.5231,12.4997,13.4184,14.9959,1.2587,1.2905,1.4302,1.6221,Normal,50.0
C05427,L3,FPGA,124.64,1.085,11.8277,13.2048,17.3834,53.193,1.2556,1.3817,1.8988,7.3273,Absolute_Failure,50.0
C05428,L3,FPGA,125.64,1.106,11.3696,12.813,17.2527,22.6019,1.215,1.3317,1.8742,2.5523,Latent_Defect,50.0
C05429,L3,ASIC,124.53,1.212,11.4644,12.4896,13.0874,13.9475,1.1875,1.2906,1.461,1.4869,Normal,50.0
C05430,L3,ASIC,125.92,1.199,12.0637,13.1019,13.2159,14.1664,1.2457,1.3914,1.3891,1.5153,Normal,50.0
C05431,L3,DAC,125.77,1.814,11.4473,12.296,17.114,24.8236,1.1776,1.2878,1.8764,2.8867,Latent_Defect,50.0
C05432,L3,FPGA,124.78,1.089,11.8932,12.0786,12.0704,12.1043,1.2376,1.2462,1.2654,1.2453,High_Stable,50.0
C05433,L3,FPGA,123.92,1.118,10.4907,10.956,11.1264,12.2225,1.0849,1.1531,1.1777,1.2933,Normal,50.0
C05434,L3,ASIC,126.14,1.199,11.2787,12.288,12.507,14.2443,1.1734,1.2746,1.2656,1.5307,Normal,50.0
C05435,L3,DAC,124.23,1.781,12.6698,12.7576,13.0582,12.9071,1.3185,1.3514,1.4028,1.344,High_Stable,50.0
C05436,L3,FPGA,125.56,1.097,11.4982,12.445,12.8154,13.6418,1.1862,1.2617,1.3775,1.4417,Normal,50.0
C05437,L3,FPGA,126.38,1.092,11.5465,12.1891,12.8879,13.4441,1.2066,1.286,1.3688,1.3905,Normal,50.0
C05438,L3,FPGA,125.11,1.118,11.701,12.54,15.0624,27.1372,1.2197,1.3001,1.6578,3.1245,Sudden_Anomaly,50.0
C05439,L3,DAC,125.44,1.812,11.909,12.6877,13.8426,14.7505,1.2365,1.345,1.453,1.6059,Normal,50.0
C05440,L3,DAC,124.89,1.809,12.2835,12.5833,13.3901,14.6865,1.3218,1.3402,1.4064,1.5789,Normal,50.0
C05441,L3,FPGA,124.05,1.136,11.4189,13.4928,20.8339,51.7405,1.1406,1.4406,2.3296,7.0411,Absolute_Failure,50.0
C05442,L3,ASIC,123.83,1.199,11.4245,12.4328,13.2261,13.553,1.1833,1.2804,1.3982,1.4644,Normal,50.0
C05443,L3,ADC,124.99,1.774,11.4364,12.142,12.3866,13.6669,1.1675,1.2685,1.2908,1.4724,Normal,50.0
C05444,L3,ADC,124.25,1.802,12.2287,12.3759,13.5259,14.034,1.2851,1.2998,1.4161,1.4986,Normal,50.0
C05445,L3,ASIC,125.81,1.189,11.896,11.7993,11.9386,11.9027,1.2386,1.2094,1.261,1.2414,High_Stable,50.0
C05446,L3,DAC,124.3,1.801,11.9096,12.7986,13.6469,14.9356,1.2428,1.3517,1.4686,1.6158,Normal,50.0
C05447,L3,ASIC,124.66,1.193,11.1329,12.1577,13.0628,14.2214,1.1508,1.2434,1.3673,1.4723,Normal,50.0
C05448,L3,ASIC,124.35,1.2,11.2945,12.0927,13.0775,14.1086,1.1965,1.2731,1.3612,1.5124,Normal,50.0
C05449,L3,FPGA,125.22,1.055,11.3408,11.6174,12.1605,12.347,1.1815,1.2099,1.2917,1.294,Normal,50.0
C05450,L3,ASIC,125.42,1.205,12.104,12.2628,12.3656,12.5638,1.286,1.2908,1.2704,1.3068,High_Stable,50.0
C05451,L3,ADC,124.18,1.783,11.24,11.9252,12.096,13.5596,1.1623,1.2664,1.2581,1.4236,Normal,50.0
C05452,L3,ASIC,125.0,1.203,11.0879,11.5891,12.0712,12.9379,1.1432,1.2582,1.2709,1.3681,Normal,50.0
C05453,L3,DAC,125.57,1.809,12.0153,13.1958,14.0862,41.3192,1.253,1.3989,1.4981,5.2715,Sudden_Anomaly,50.0
C05454,L3,ASIC,124.49,1.185,11.0794,12.9993,20.9275,57.7659,1.1534,1.3547,2.3216,8.1943,Absolute_Failure,50.0
C05455,L3,FPGA,124.47,1.073,11.0338,11.7595,12.7762,12.9146,1.1459,1.2337,1.3196,1.3756,Normal,50.0
C05456,L3,FPGA,123.93,1.114,12.1465,13.1864,13.9945,14.2578,1.227,1.3971,1.4908,1.5129,Normal,50.0
C05457,L3,FPGA,124.39,1.098,12.0705,13.0701,13.8206,15.2706,1.2523,1.4553,1.4665,1.6683,Normal,50.0
C05458,L3,ASIC,125.24,1.194,11.9846,12.9701,13.8108,15.1601,1.2057,1.3753,1.4969,1.6004,Normal,50.0
C05459,L3,ASIC,124.82,1.197,11.5088,12.8726,14.6466,20.5524,1.1905,1.3242,1.5576,2.2885,Latent_Defect,50.0
C05460,L3,FPGA,124.01,1.098,11.6412,12.6438,12.9536,13.5115,1.2124,1.3243,1.3336,1.4407,Normal,50.0
C05461,L3,FPGA,125.89,1.079,11.5484,11.5306,11.5531,11.4846,1.2006,1.1734,1.1541,1.263,High_Stable,50.0
C05462,L3,FPGA,127.66,1.099,11.4825,12.811,13.5779,37.3788,1.2,1.3508,1.4192,4.6381,Sudden_Anomaly,50.0
C05463,L3,DAC,125.25,1.808,11.2703,13.9763,20.9884,58.0626,1.1404,1.4375,2.3242,8.2391,Absolute_Failure,50.0
C05464,L3,ASIC,123.57,1.197,11.9237,12.4611,12.8879,13.7998,1.2678,1.2999,1.3599,1.4419,Normal,50.0
C05465,L3,ASIC,122.21,1.189,11.5774,11.8544,13.2871,14.5392,1.2004,1.2343,1.3405,1.524,Normal,50.0
C05466,L3,ADC,126.23,1.789,11.3617,11.8766,12.138,12.6702,1.2321,1.2218,1.2549,1.3112,Normal,50.0
C05467,L3,FPGA,124.57,1.089,11.8376,13.324,17.6542,24.865,1.2404,1.3874,1.9351,2.8491,Latent_Defect,50.0
C05468,L3,DAC,124.97,1.78,11.2388,13.0119,19.0186,59.2753,1.2018,1.43,2.1396,8.4174,Absolute_Failure,50.0
C05469,L3,ADC,125.51,1.807,11.8256,12.4902,13.4834,14.2721,1.2459,1.3142,1.4267,1.5314,Normal,50.0
C05470,L3,ASIC,125.0,1.211,10.9273,11.7755,12.6591,13.6799,1.1358,1.2136,1.3602,1.4626,Normal,50.0
C05471,L3,FPGA,125.11,1.091,12.31,13.1804,15.2227,33.2383,1.2846,1.3453,1.6691,4.0137,Sudden_Anomaly,50.0
C05472,L3,FPGA,125.91,1.07,11.6009,12.7672,14.0488,14.7577,1.1844,1.3193,1.5077,1.5685,Normal,50.0
C05473,L3,DAC,125.94,1.808,12.1004,13.219,16.2271,23.1325,1.2708,1.4184,1.7404,2.6353,Latent_Defect,50.0
C05474,L3,DAC,124.97,1.791,12.869,13.0351,13.155,13.1599,1.3649,1.3892,1.4208,1.3696,High_Stable,50.0
C05475,L3,ASIC,124.89,1.175,11.1153,11.6721,12.7002,13.9435,1.1178,1.241,1.3215,1.5077,Normal,50.0
C05476,L3,ASIC,125.06,1.209,11.3823,12.6707,12.7526,13.3648,1.175,1.3415,1.3383,1.4292,Normal,50.0
C05477,L3,ASIC,124.35,1.188,11.6246,12.4758,13.2139,13.4323,1.2059,1.33,1.4326,1.3772,Normal,50.0
C05478,L3,ADC,123.52,1.789,11.7747,12.1372,12.7624,14.2787,1.2489,1.2613,1.358,1.5132,Normal,50.0
C05479,L3,ADC,123.43,1.791,11.341,13.011,15.4532,41.7423,1.1938,1.3776,1.6703,5.377,Sudden_Anomaly,50.0
C05480,L3,FPGA,126.39,1.122,12.2939,12.814,13.9169,14.2069,1.2888,1.3202,1.5097,1.4887,Normal,50.0
C05481,L3,ASIC,125.91,1.204,11.7368,12.4812,12.6833,13.0224,1.2227,1.3172,1.3527,1.3762,Normal,50.0
C05482,L3,ASIC,123.12,1.16,11.7678,13.9906,19.9418,59.6415,1.2178,1.4644,2.2131,8.5112,Absolute_Failure,50.0
C05483,L3,FPGA,125.6,1.081,11.3356,12.2037,13.3841,14.48,1.1981,1.2716,1.4391,1.5731,Normal,50.0
C05484,L3,ADC,124.79,1.831,12.1891,12.2912,12.7385,13.3861,1.2841,1.2665,1.3373,1.3836,Normal,50.0
C05485,L3,ADC,126.95,1.794,12.1384,13.2477,18.376,23.387,1.2671,1.3501,2.0351,2.6822,Latent_Defect,50.0
C05486,L3,ADC,125.55,1.804,12.0713,12.6341,14.4224,27.4244,1.2067,1.3121,1.5645,3.1442,Sudden_Anomaly,50.0
C05487,L3,ASIC,124.94,1.177,11.3123,12.0954,15.0251,22.1824,1.2116,1.2811,1.6285,2.4845,Latent_Defect,50.0
C05488,L3,ASIC,125.37,1.204,11.9171,13.0413,13.7656,14.7221,1.2447,1.3565,1.474,1.61,Normal,50.0
C05489,L3,DAC,124.36,1.791,12.3489,13.4125,15.4587,34.3218,1.3478,1.4394,1.6566,4.2241,Sudden_Anomaly,50.0
C05490,L3,ADC,125.82,1.787,11.9674,12.1766,12.3593,12.783,1.2739,1.2836,1.3135,1.3656,High_Stable,50.0
C05491,L3,DAC,125.53,1.781,12.2747,13.1901,13.9871,15.5501,1.2969,1.4215,1.4451,1.6678,Normal,50.0
C05492,L3,ASIC,125.32,1.19,11.1298,11.7164,12.1933,13.4347,1.1666,1.2106,1.2868,1.3883,Normal,50.0
C05493,L3,DAC,125.95,1.766,12.204,12.1559,12.5033,12.7393,1.2858,1.2713,1.2979,1.3388,High_Stable,50.0
C05494,L3,ASIC,126.1,1.187,13.0804,13.0629,13.3043,13.8085,1.4051,1.3957,1.4404,1.4572,High_Stable,50.0
C05495,L3,FPGA,124.74,1.121,11.4812,12.565,13.72,14.9939,1.2324,1.3215,1.5041,1.5849,Normal,50.0
C05496,L3,DAC,125.02,1.815,12.4446,13.4903,15.8276,19.6556,1.3518,1.4338,1.7162,2.1678,Latent_Defect,50.0
C05497,L3,FPGA,124.74,1.1,10.9998,11.17,10.8679,11.2964,1.1323,1.122,1.1747,1.1653,High_Stable,50.0
C05498,L3,ADC,124.37,1.795,11.835,12.3262,13.369,14.6664,1.2366,1.3213,1.4202,1.5873,Normal,50.0
C05499,L3,ADC,126.12,1.793,12.2719,13.1114,13.6406,14.4764,1.3056,1.3839,1.4685,1.5633,Normal,50.0
C05500,L3,ADC,124.02,1.793,11.7785,12.5003,13.4015,14.2066,1.2418,1.2643,1.4029,1.5152,Normal,50.0
C05501,L3,ADC,125.84,1.805,11.881,11.983,12.7881,13.3685,1.2753,1.273,1.3253,1.4032,Normal,50.0
C05502,L3,FPGA,124.82,1.104,11.6898,13.0275,14.2521,14.5172,1.2141,1.3326,1.4632,1.568,Normal,50.0
C05503,L3,FPGA,125.28,1.123,11.038,12.3306,15.7205,18.9561,1.1681,1.2843,1.7106,2.0677,Latent_Defect,50.0
C05504,L3,FPGA,126.12,1.112,11.4843,12.5196,13.0097,13.6118,1.1902,1.3613,1.3713,1.4368,Normal,50.0
C05505,L3,ASIC,125.07,1.187,11.0781,12.1986,16.3593,20.3199,1.1639,1.2888,1.7576,2.2568,Latent_Defect,50.0
C05506,L3,ASIC,125.86,1.214,11.6062,12.4849,13.1484,13.8744,1.2038,1.2819,1.3637,1.4812,Normal,50.0
C05507,L3,ADC,124.51,1.804,11.5233,11.8955,11.934,11.9741,1.2176,1.2453,1.29,1.2702,High_Stable,50.0
C05508,L3,ASIC,124.67,1.218,11.3767,12.5768,13.0053,13.4967,1.1729,1.3265,1.3548,1.4578,Normal,50.0
C05509,L3,DAC,125.92,1.79,11.9221,12.5732,13.1235,13.6412,1.2437,1.2959,1.4211,1.4487,Normal,50.0
C05510,L3,ADC,124.23,1.828,11.7295,12.3076,13.1567,13.5381,1.2148,1.2752,1.4144,1.4391,Normal,50.0
C05511,L3,FPGA,124.73,1.116,11.222,12.9268,17.3518,55.9102,1.1343,1.3841,1.8994,7.8056,Absolute_Failure,50.0
C05512,L3,ADC,125.28,1.793,11.3147,11.723,12.1262,12.7062,1.2213,1.2918,1.301,1.3083,Normal,50.0
C05513,L3,DAC,125.02,1.802,12.1482,12.6638,12.5791,13.1534,1.2778,1.3258,1.342,1.4126,Normal,50.0
C05514,L3,ASIC,126.85,1.19,11.2928,12.1778,16.5318,56.2732,1.1744,1.2362,1.7931,7.9263,Absolute_Failure,50.0
C05515,L3,FPGA,126.05,1.097,11.761,13.2108,14.565,15.8342,1.2532,1.4149,1.5128,1.6899,Normal,50.0
C05516,L3,FPGA,125.41,1.085,11.7099,11.9504,12.115,12.2762,1.2334,1.2469,1.2536,1.2883,High_Stable,50.0
C05517,L3,FPGA,126.1,1.133,11.2247,11.6247,12.769,13.3285,1.1644,1.1965,1.2926,1.3853,Normal,50.0
C05518,L3,ADC,123.49,1.801,12.0615,12.4759,13.6571,14.6955,1.249,1.3079,1.3954,1.5591,Normal,50.0
C05519,L3,FPGA,125.75,1.088,11.5433,11.8164,11.7616,12.0205,1.2119,1.2458,1.2215,1.2987,High_Stable,50.0
C05520,L3,ASIC,126.33,1.204,11.6293,11.7411,11.6812,11.6049,1.2134,1.2633,1.2309,1.1863,High_Stable,50.0
C05521,L3,ASIC,125.92,1.191,11.5589,13.0312,13.4868,14.61,1.2235,1.4334,1.4055,1.5292,Normal,50.0
C05522,L3,DAC,125.76,1.785,11.5816,12.2072,12.611,13.3494,1.2315,1.2459,1.3536,1.431,Normal,50.0
C05523,L3,ADC,125.01,1.827,11.6468,12.7626,18.5624,59.0557,1.2327,1.3521,2.0605,8.3918,Absolute_Failure,50.0
C05524,L3,ADC,123.65,1.802,12.619,13.6795,14.2226,14.5201,1.3154,1.4915,1.4658,1.555,Normal,50.0
C05525,L3,FPGA,126.06,1.094,11.4912,12.3725,16.1647,20.9465,1.1902,1.3478,1.7354,2.3777,Latent_Defect,50.0
C05526,L3,ASIC,124.75,1.204,11.407,12.3241,15.6167,20.8371,1.1918,1.325,1.6746,2.3376,Latent_Defect,50.0
C05527,L3,FPGA,126.0,1.094,11.5679,13.4394,16.4841,20.3758,1.2123,1.4127,1.7747,2.295,Latent_Defect,50.0
C05528,L3,ASIC,126.05,1.208,11.6035,12.5027,14.9098,36.2273,1.1896,1.2979,1.5639,4.4998,Sudden_Anomaly,50.0
C05529,L3,ADC,124.61,1.806,12.0281,12.0187,12.0804,12.1952,1.2571,1.2669,1.2417,1.3154,High_Stable,50.0
C05530,L3,FPGA,126.64,1.067,11.5056,12.3586,13.0345,14.5894,1.1861,1.3281,1.3557,1.5489,Normal,50.0
C05531,L3,ASIC,125.68,1.218,11.6223,12.2193,12.8992,14.0958,1.2012,1.2855,1.3588,1.493,Normal,50.0
C05532,L3,FPGA,125.48,1.088,11.2054,11.9267,13.0509,14.1182,1.1023,1.2254,1.3728,1.5104,Normal,50.0
C05533,L3,ASIC,125.3,1.2,11.4484,12.7909,16.7514,23.2384,1.1438,1.3134,1.8431,2.603,Latent_Defect,50.0
C05534,L3,DAC,125.36,1.78,12.3889,14.0477,19.1779,55.2588,1.2989,1.5336,2.077,7.7104,Absolute_Failure,50.0
C05535,L3,ASIC,125.08,1.213,11.6999,11.9253,12.0608,11.8557,1.2109,1.235,1.2629,1.2288,High_Stable,50.0
C05536,L3,ASIC,125.36,1.199,11.557,12.2244,12.5666,14.1987,1.2009,1.2576,1.345,1.5132,Normal,50.0
C05537,L3,ASIC,125.17,1.217,11.6694,13.355,19.2473,54.184,1.1797,1.422,2.0678,7.4801,Absolute_Failure,50.0
C05538,L3,FPGA,125.78,1.075,11.1843,11.8676,12.8801,13.5141,1.1849,1.2402,1.3291,1.4325,Normal,50.0
C05539,L3,ASIC,125.09,1.208,11.7039,11.8145,12.0673,12.5085,1.2196,1.2243,1.3103,1.3626,High_Stable,50.0
C05540,L3,DAC,125.12,1.814,12.0041,13.0039,13.7609,15.2097,1.2401,1.3265,1.4147,1.5882,Normal,50.0
C05541,L3,DAC,124.57,1.782,11.7287,11.9107,11.8205,12.0236,1.2599,1.2358,1.2372,1.237,High_Stable,50.0
C05542,L3,ASIC,125.79,1.202,11.5148,12.3559,16.4335,23.2185,1.1925,1.3012,1.8115,2.6083,Latent_Defect,50.0
C05543,L3,DAC,124.93,1.803,12.0783,12.889,13.4409,13.6262,1.2803,1.3381,1.4434,1.4318,Normal,50.0
C05544,L3,DAC,125.3,1.79,11.8981,12.2886,13.6073,15.1342,1.2274,1.2919,1.4566,1.5978,Normal,50.0
C05545,L3,ADC,124.68,1.794,11.9987,12.423,13.7242,14.8093,1.2817,1.307,1.4657,1.5749,Normal,50.0
C05546,L3,ADC,124.31,1.793,11.3912,12.5673,15.3965,55.1551,1.1913,1.3471,1.651,7.6722,Absolute_Failure,50.0
C05547,L3,ADC,124.6,1.801,11.9443,13.7969,19.1289,50.465,1.2316,1.4972,2.1015,6.8607,Absolute_Failure,50.0
C05548,L3,ASIC,125.08,1.21,11.9246,11.9761,11.9615,12.0813,1.2222,1.2678,1.2146,1.2538,High_Stable,50.0
C05549,L3,DAC,125.9,1.799,12.1055,13.4624,14.5528,41.5211,1.2734,1.4589,1.5567,5.3147,Sudden_Anomaly,50.0
C05550,L3,ASIC,125.71,1.207,11.3953,12.5167,13.0497,14.0462,1.1726,1.3002,1.3769,1.5336,Normal,50.0
C05551,L3,ASIC,125.16,1.202,11.3717,12.6524,14.5519,21.4804,1.1112,1.3347,1.5577,2.3825,Latent_Defect,50.0
C05552,L3,ASIC,124.87,1.198,11.7911,13.8422,16.9712,24.46,1.207,1.4645,1.8283,2.8126,Latent_Defect,50.0
C05553,L3,ADC,124.08,1.793,11.8319,12.8519,13.9658,15.282,1.209,1.3314,1.461,1.637,Normal,50.0
C05554,L3,ADC,124.24,1.795,11.2774,11.9505,13.0848,14.2128,1.191,1.3005,1.379,1.5116,Normal,50.0
C05555,L3,ASIC,124.13,1.2,10.8382,12.2832,16.3516,23.0789,1.1386,1.2364,1.7719,2.6323,Latent_Defect,50.0
C05556,L3,ADC,125.22,1.812,11.7615,13.0649,13.6828,15.0218,1.2423,1.3812,1.4577,1.6418,Normal,50.0
C05557,L3,ADC,125.15,1.787,11.7289,13.0553,15.0966,32.6989,1.2738,1.3665,1.6365,3.9663,Sudden_Anomaly,50.0
C05558,L3,ASIC,125.3,1.212,11.4101,11.2705,11.3277,11.5964,1.1849,1.178,1.1668,1.2024,High_Stable,50.0
C05559,L3,ASIC,124.66,1.183,11.1113,12.0282,12.2822,13.0729,1.1131,1.2729,1.3009,1.394,Normal,50.0
C05560,L3,ASIC,126.01,1.2,11.8334,13.1044,18.847,57.1116,1.2104,1.3313,2.0712,8.0609,Absolute_Failure,50.0
C05561,L3,DAC,124.08,1.803,11.717,12.8201,19.6927,53.777,1.2275,1.34,2.2168,7.4451,Absolute_Failure,50.0
C05562,L3,ASIC,125.05,1.192,11.5782,14.6964,22.0416,53.8089,1.2267,1.5916,2.4729,7.4216,Absolute_Failure,50.0
C05563,L3,DAC,124.49,1.79,12.569,13.3558,13.9857,15.6652,1.3192,1.4433,1.4639,1.686,Normal,50.0
C05564,L3,ASIC,125.97,1.216,11.4281,12.2419,13.9826,54.2062,1.1676,1.2758,1.5218,7.4547,Absolute_Failure,50.0
C05565,L3,FPGA,125.42,1.107,11.9416,12.5648,13.6873,14.8567,1.2809,1.3441,1.4747,1.645,Normal,50.0
C05566,L3,ASIC,125.1,1.207,11.3782,11.9721,12.3759,12.5325,1.1682,1.2431,1.3181,1.2801,Normal,50.0
C05567,L3,DAC,125.34,1.808,12.507,14.4396,17.4552,22.0844,1.3336,1.5603,1.9339,2.4915,Latent_Defect,50.0
C05568,L3,ASIC,125.49,1.203,10.9391,11.1319,11.2573,11.3452,1.1131,1.1782,1.1635,1.118,High_Stable,50.0
C05569,L3,ASIC,124.39,1.195,11.3424,11.8982,12.6093,13.5303,1.2135,1.22,1.3325,1.4827,Normal,50.0
C05570,L3,ASIC,124.34,1.207,10.9459,12.1995,12.8423,37.2857,1.1499,1.3154,1.3936,4.6824,Sudden_Anomaly,50.0
C05571,L3,ASIC,124.5,1.202,12.0517,13.109,15.9128,37.1006,1.2618,1.3519,1.7327,4.6335,Sudden_Anomaly,50.0
C05572,L3,DAC,126.3,1.791,12.5698,13.6822,14.3717,15.9227,1.344,1.4929,1.5342,1.7483,Normal,50.0
C05573,L3,FPGA,125.72,1.114,11.6831,12.5449,13.7401,15.3888,1.1834,1.33,1.4154,1.6309,Normal,50.0
C05574,L3,ASIC,125.01,1.176,11.2792,12.9617,15.1932,41.5851,1.2071,1.3872,1.6371,5.3332,Sudden_Anomaly,50.0
C05575,L3,ASIC,125.26,1.201,11.56,12.5539,13.2596,14.0312,1.172,1.2874,1.4196,1.5133,Normal,50.0
C05576,L3,ADC,123.77,1.786,11.5874,12.6386,13.2259,14.991,1.1571,1.3399,1.4489,1.6005,Normal,50.0
C05577,L3,ADC,124.27,1.778,11.4678,12.0087,12.7048,13.1189,1.1994,1.1934,1.3492,1.4398,Normal,50.0
C05578,L3,ADC,125.56,1.796,11.6994,11.8245,12.0079,12.1724,1.1924,1.2484,1.3026,1.2709,High_Stable,50.0
C05579,L3,ASIC,124.82,1.197,11.2668,12.1853,12.9048,14.1258,1.2116,1.2518,1.376,1.5226,Normal,50.0
C05580,L3,ASIC,125.98,1.214,10.9907,12.0216,12.9704,14.2009,1.1963,1.2627,1.3782,1.5046,Normal,50.0
C05581,L3,FPGA,125.63,1.103,12.0791,12.3411,12.3885,12.1536,1.2512,1.2537,1.3184,1.2269,High_Stable,50.0
C05582,L3,ASIC,124.4,1.191,11.3369,12.0829,12.1308,13.1708,1.1874,1.2933,1.2802,1.3788,Normal,50.0
C05583,L3,FPGA,125.76,1.117,11.9407,12.7642,13.5759,14.3083,1.2957,1.3376,1.4026,1.5083,Normal,50.0
C05584,L3,ASIC,125.22,1.173,11.0699,13.0128,17.5536,22.6496,1.163,1.3937,1.9092,2.5667,Latent_Defect,50.0
C05585,L3,FPGA,125.13,1.096,11.4687,12.1566,12.6007,13.418,1.1937,1.2881,1.3227,1.4536,Normal,50.0
C05586,L3,ADC,125.11,1.821,11.7946,12.6456,13.6422,15.0189,1.2321,1.2866,1.4644,1.61,Normal,50.0
C05587,L3,DAC,125.08,1.814,12.6984,12.7345,12.8832,13.0801,1.3306,1.3467,1.3628,1.382,High_Stable,50.0
C05588,L3,DAC,125.21,1.797,11.9647,12.7722,13.2214,13.9503,1.2399,1.3597,1.3955,1.4898,Normal,50.0
C05589,L3,FPGA,125.35,1.08,11.0306,11.9525,18.2351,50.6975,1.1385,1.2904,1.9905,6.8481,Absolute_Failure,50.0
C05590,L3,ADC,123.8,1.813,11.7134,11.7768,11.7693,11.4839,1.2153,1.2293,1.1938,1.2172,High_Stable,50.0
C05591,L3,DAC,125.42,1.804,11.786,12.165,13.004,14.1799,1.2012,1.2885,1.3808,1.4911,Normal,50.0
C05592,L3,DAC,124.68,1.801,11.7199,12.4847,13.2934,14.4094,1.194,1.3138,1.3915,1.5263,Normal,50.0
C05593,L3,ADC,124.23,1.813,11.5565,12.2801,12.342,13.2615,1.1966,1.2711,1.2927,1.4016,Normal,50.0
C05594,L3,ADC,124.51,1.809,11.9077,12.5563,13.2414,14.4025,1.2524,1.3271,1.4164,1.5848,Normal,50.0
C05595,L3,ASIC,124.69,1.199,11.7968,13.5865,17.3746,57.8285,1.2511,1.4904,1.8923,8.1528,Absolute_Failure,50.0
C05596,L3,ASIC,124.22,1.19,11.5434,12.2898,13.8483,29.5046,1.2233,1.3031,1.4961,3.5052,Sudden_Anomaly,50.0
C05597,L3,FPGA,127.26,1.107,11.642,11.9861,12.2636,13.7778,1.2056,1.3041,1.2468,1.4425,Normal,50.0
C05598,L3,ADC,125.12,1.801,11.5596,11.6435,11.8244,13.3514,1.1902,1.2748,1.2235,1.3995,Normal,50.0
C05599,L3,FPGA,126.08,1.097,11.9963,12.1003,12.1894,12.3097,1.2563,1.2481,1.3168,1.2815,High_Stable,50.0
C05600,L3,DAC,126.42,1.795,11.621,11.6985,11.8213,11.8281,1.2403,1.2164,1.2191,1.2143,High_Stable,50.0
C05601,L3,DAC,125.67,1.799,11.8105,14.0751,20.7846,54.3851,1.2128,1.4965,2.3239,7.5331,Absolute_Failure,50.0
C05602,L3,ADC,123.64,1.803,12.1805,12.9297,13.3724,13.9798,1.2837,1.3197,1.4042,1.5005,Normal,50.0
C05603,L3,ADC,124.01,1.788,11.4924,12.0356,12.7798,14.1113,1.2007,1.2789,1.3649,1.4743,Normal,50.0
C05604,L3,FPGA,124.5,1.088,11.8672,12.6331,12.7549,13.7013,1.259,1.338,1.3368,1.4866,Normal,50.0
C05605,L3,DAC,123.89,1.782,12.2535,12.7005,13.3061,14.0183,1.2783,1.3556,1.3635,1.4768,Normal,50.0
C05606,L3,ADC,125.54,1.775,12.0654,13.6328,15.3762,39.4718,1.2379,1.4252,1.6744,4.9467,Sudden_Anomaly,50.0
C05607,L3,ASIC,125.19,1.217,11.5081,11.9829,14.6126,35.4464,1.2092,1.2522,1.5718,4.353,Sudden_Anomaly,50.0
C05608,L3,FPGA,124.74,1.104,11.4065,12.3035,13.5494,13.8794,1.1781,1.2657,1.4722,1.5037,Normal,50.0
C05609,L3,DAC,124.14,1.793,12.0391,12.3703,12.7767,14.2189,1.252,1.2377,1.3516,1.4704,Normal,50.0
C05610,L3,ASIC,125.97,1.196,11.589,12.6118,13.6606,14.1657,1.196,1.3011,1.4883,1.5002,Normal,50.0
C05611,L3,DAC,125.26,1.804,11.5907,12.7188,13.6153,13.6749,1.2721,1.349,1.4607,1.464,Normal,50.0
C05612,L3,ADC,124.0,1.797,11.2198,12.5974,17.19,24.0651,1.151,1.3575,1.8463,2.7788,Latent_Defect,50.0
C05613,L3,ASIC,125.19,1.195,11.137,12.024,12.6543,13.6166,1.1863,1.2892,1.3233,1.3986,Normal,50.0
C05614,L3,DAC,124.63,1.818,11.5523,12.2239,12.568,13.3788,1.183,1.2882,1.3309,1.4605,Normal,50.0
C05615,L3,DAC,125.02,1.785,12.4741,12.6895,12.7383,13.5649,1.3238,1.3109,1.3394,1.4874,Normal,50.0
C05616,L3,ASIC,125.4,1.192,10.8287,14.2523,23.6987,57.1864,1.1406,1.5245,2.7066,8.0508,Absolute_Failure,50.0
C05617,L3,FPGA,125.64,1.097,11.8923,11.9804,11.8588,11.9644,1.2517,1.2559,1.2367,1.271,High_Stable,50.0
C05618,L3,FPGA,124.63,1.091,11.3566,11.402,11.4509,11.7122,1.172,1.1957,1.2111,1.2177,High_Stable,50.0
C05619,L3,FPGA,124.67,1.102,11.416,12.7222,13.6327,14.531,1.1897,1.3935,1.446,1.541,Normal,50.0
C05620,L3,ASIC,124.98,1.218,11.5582,12.1706,13.0287,14.4985,1.2163,1.2704,1.3387,1.5427,Normal,50.0
C05621,L3,ASIC,125.01,1.197,11.5847,12.0363,13.1797,14.34,1.217,1.3114,1.4206,1.5189,Normal,50.0
C05622,L3,ADC,125.79,1.776,12.5028,12.513,12.8952,13.2892,1.368,1.286,1.3449,1.4021,High_Stable,50.0
C05623,L3,ADC,125.39,1.794,11.4039,12.106,12.7223,13.129,1.1907,1.259,1.3202,1.4151,Normal,50.0
C05624,L3,ASIC,125.4,1.173,11.0333,12.18,17.7284,53.8666,1.1607,1.2478,1.9734,7.4315,Absolute_Failure,50.0
C05625,L3,ADC,125.23,1.803,11.5042,12.6343,12.9614,13.85,1.2243,1.3068,1.3805,1.4946,Normal,50.0
C05626,L3,ADC,123.71,1.777,11.9346,12.295,12.6172,12.3855,1.2671,1.2811,1.3209,1.2655,High_Stable,50.0
C05627,L3,FPGA,124.47,1.119,11.9275,12.76,16.2594,20.2358,1.2342,1.3489,1.7244,2.283,Latent_Defect,50.0
C05628,L3,FPGA,125.31,1.076,11.3858,11.9453,12.3169,12.7613,1.2329,1.2566,1.2688,1.3236,Normal,50.0
C05629,L3,FPGA,125.68,1.104,11.4702,12.1568,18.3231,53.8856,1.242,1.2572,2.0432,7.4655,Absolute_Failure,50.0
C05630,L3,ADC,124.74,1.79,11.2267,12.3222,13.4471,14.8256,1.167,1.2753,1.4683,1.6089,Normal,50.0
C05631,L3,FPGA,126.93,1.122,11.8462,12.8328,13.3136,15.4766,1.2413,1.3047,1.3811,1.6497,Normal,50.0
C05632,L3,ASIC,124.7,1.204,11.5151,12.5685,13.7665,14.4091,1.2472,1.3317,1.4657,1.4992,Normal,50.0
C05633,L3,FPGA,124.83,1.086,12.298,13.3799,13.7951,14.0955,1.3085,1.3739,1.4534,1.5236,Normal,50.0
C05634,L3,ADC,122.93,1.781,11.9382,12.974,13.5711,14.4709,1.2882,1.3614,1.4677,1.5406,Normal,50.0
C05635,L3,FPGA,125.08,1.074,11.2406,12.1805,13.305,14.317,1.1979,1.3001,1.4197,1.533,Normal,50.0
C05636,L3,ADC,125.52,1.814,11.7799,12.001,12.5737,13.2517,1.2038,1.2888,1.3238,1.4243,Normal,50.0
C05637,L3,ASIC,125.48,1.21,11.2002,12.2225,13.6641,14.8381,1.1857,1.2802,1.4317,1.6095,Normal,50.0
C05638,L3,ASIC,125.3,1.19,11.4508,12.0432,12.7571,13.6118,1.1942,1.26,1.3407,1.4406,Normal,50.0
C05639,L3,DAC,125.55,1.805,11.1524,12.1718,12.3624,13.6747,1.1774,1.2559,1.2806,1.4078,Normal,50.0
C05640,L3,ADC,124.76,1.784,11.7433,12.5779,13.8415,14.2073,1.2438,1.3083,1.4938,1.5008,Normal,50.0
C05641,L3,DAC,124.64,1.787,11.1572,11.2714,13.2749,39.5968,1.177,1.1525,1.4157,4.9703,Sudden_Anomaly,50.0
C05642,L3,FPGA,126.24,1.097,10.7268,12.2561,18.8341,59.0263,1.1261,1.2911,2.074,8.3711,Absolute_Failure,50.0
C05643,L3,DAC,126.63,1.787,12.0452,13.5043,16.2487,37.3967,1.2555,1.4405,1.7899,4.7037,Sudden_Anomaly,50.0
C05644,L3,DAC,125.22,1.775,12.0761,12.2183,12.2742,12.3112,1.2868,1.2779,1.2903,1.2931,High_Stable,50.0
C05645,L3,ADC,124.23,1.778,11.9348,11.8805,12.3105,12.6526,1.2012,1.253,1.3084,1.3245,High_Stable,50.0
C05646,L3,DAC,124.95,1.803,12.2333,12.8133,13.4813,14.6396,1.2871,1.3378,1.4161,1.5749,Normal,50.0
C05647,L3,ASIC,125.67,1.207,11.7616,13.342,15.4107,19.4988,1.1841,1.403,1.6054,2.1004,Latent_Defect,50.0
C05648,L3,FPGA,124.71,1.095,12.018,13.5968,18.3767,22.9026,1.2233,1.4245,2.0038,2.5894,Latent_Defect,50.0
C05649,L3,ASIC,124.81,1.181,11.4725,12.2697,12.448,12.6298,1.148,1.2966,1.3226,1.3164,Normal,50.0
C05650,L3,FPGA,123.89,1.122,11.408,12.1956,12.7638,12.8955,1.2062,1.2833,1.3033,1.3785,Normal,50.0
C05651,L3,ADC,124.05,1.792,11.7217,12.8549,13.6362,14.024,1.217,1.3094,1.4226,1.5357,Normal,50.0
C05652,L3,DAC,125.58,1.809,11.8535,13.146,13.1925,14.3977,1.2661,1.412,1.38,1.5414,Normal,50.0
C05653,L3,ASIC,126.74,1.188,11.2884,12.4237,13.1456,14.0615,1.1911,1.2604,1.3667,1.5418,Normal,50.0
C05654,L3,ADC,124.89,1.783,11.1081,11.5406,12.3092,12.8364,1.1067,1.1988,1.3198,1.3917,Normal,50.0
C05655,L3,ADC,124.13,1.794,11.2765,11.9372,12.2954,12.961,1.2172,1.2744,1.276,1.377,Normal,50.0
C05656,L3,DAC,124.5,1.807,11.9704,12.8573,13.4302,14.4151,1.299,1.3705,1.4202,1.5363,Normal,50.0
C05657,L3,DAC,126.27,1.814,12.8903,13.8316,17.6295,25.6092,1.361,1.4911,1.8814,2.9695,Latent_Defect,50.0
C05658,L3,ADC,123.73,1.802,11.5968,12.0918,13.0545,14.2579,1.1771,1.2572,1.3718,1.5201,Normal,50.0
C05659,L3,FPGA,124.53,1.094,11.7773,13.0533,13.8518,15.2255,1.2406,1.3775,1.4298,1.6193,Normal,50.0
C05660,L3,ASIC,125.69,1.2,11.1576,11.6635,12.8409,13.6652,1.1407,1.2388,1.3787,1.399,Normal,50.0
C05661,L3,FPGA,124.58,1.124,11.5741,14.4061,19.2213,58.1531,1.2187,1.5649,2.1092,8.214,Absolute_Failure,50.0
C05662,L3,FPGA,125.95,1.097,11.4491,12.3789,12.5191,13.7844,1.2501,1.2762,1.3235,1.469,Normal,50.0
C05663,L3,ASIC,123.06,1.18,12.189,13.209,13.9485,14.5584,1.2883,1.3888,1.4706,1.5735,Normal,50.0
C05664,L3,ADC,125.14,1.783,11.7923,11.9893,12.4526,13.481,1.2439,1.2705,1.2879,1.4384,Normal,50.0
C05665,L3,ASIC,123.73,1.203,11.1414,11.9616,12.5303,13.5868,1.1595,1.2114,1.3016,1.4514,Normal,50.0
C05666,L3,FPGA,125.95,1.117,12.0032,12.3758,13.6192,14.4106,1.2449,1.353,1.4237,1.5411,Normal,50.0
C05667,L3,ADC,124.14,1.788,11.4409,12.0126,15.2875,21.3499,1.177,1.2613,1.6488,2.3945,Latent_Defect,50.0
C05668,L3,ASIC,123.35,1.194,11.8379,12.4429,13.0642,13.9479,1.27,1.295,1.3856,1.4883,Normal,50.0
C05669,L3,FPGA,124.46,1.105,11.9862,12.3186,12.346,12.8274,1.2531,1.2522,1.303,1.3388,High_Stable,50.0
C05670,L3,FPGA,124.72,1.119,12.0223,13.0636,13.7195,14.6167,1.1993,1.4014,1.4951,1.5868,Normal,50.0
C05671,L3,ASIC,124.39,1.208,12.0831,12.4915,14.8613,40.6561,1.2642,1.3193,1.5745,5.1935,Sudden_Anomaly,50.0
C05672,L3,FPGA,125.4,1.099,11.4384,12.7837,16.5999,24.4948,1.1679,1.3449,1.8206,2.7763,Latent_Defect,50.0
C05673,L3,ADC,125.52,1.796,11.7292,12.1861,12.3576,12.7034,1.2399,1.282,1.249,1.3844,Normal,50.0
C05674,L3,FPGA,125.09,1.108,11.9109,12.5452,13.3562,14.471,1.2385,1.3541,1.3978,1.5226,Normal,50.0
C05675,L3,DAC,124.51,1.772,12.7927,13.5393,14.1569,15.5541,1.3393,1.4481,1.5606,1.677,Normal,50.0
C05676,L3,ASIC,125.31,1.19,11.1616,11.533,12.5508,13.9043,1.1894,1.1264,1.3245,1.4925,Normal,50.0
C05677,L3,ADC,125.37,1.816,12.0657,13.6856,16.2833,22.6011,1.2793,1.4473,1.7581,2.5655,Latent_Defect,50.0
C05678,L3,ASIC,126.18,1.218,11.3479,12.5041,13.2899,13.7828,1.169,1.3039,1.4309,1.427,Normal,50.0
C05679,L3,ASIC,124.39,1.219,11.7346,12.5471,13.4703,14.3425,1.2638,1.3029,1.3923,1.5553,Normal,50.0
C05680,L3,ADC,124.84,1.778,12.1184,12.3378,12.4918,12.1755,1.2767,1.2843,1.3261,1.2355,High_Stable,50.0
C05681,L3,ASIC,125.48,1.187,11.0315,13.3738,22.3789,53.3764,1.1633,1.4572,2.5278,7.3677,Absolute_Failure,50.0
C05682,L3,ADC,124.94,1.78,11.6019,11.8155,12.2265,13.6921,1.2121,1.2325,1.281,1.445,Normal,50.0
C05683,L3,ADC,124.73,1.834,12.0619,12.561,13.1384,14.6935,1.3112,1.2823,1.3744,1.5675,Normal,50.0
C05684,L3,ASIC,124.95,1.185,11.3961,11.7266,12.3381,13.082,1.1766,1.1788,1.306,1.4018,Normal,50.0
C05685,L3,FPGA,124.72,1.088,11.6966,12.1052,12.7834,13.1909,1.1705,1.299,1.3789,1.4065,Normal,50.0
C05686,L3,FPGA,125.68,1.11,11.822,13.1679,17.671,50.5433,1.2509,1.4075,1.8695,6.8648,Absolute_Failure,50.0
C05687,L3,DAC,125.28,1.813,12.0065,12.4172,12.8323,13.9949,1.2374,1.3313,1.3263,1.5234,Normal,50.0
C05688,L3,DAC,125.88,1.786,12.0706,13.6887,20.9617,56.0102,1.2739,1.4739,2.3271,7.8086,Absolute_Failure,50.0
C05689,L3,ASIC,125.01,1.162,11.6516,12.3615,16.7992,54.7129,1.2356,1.3226,1.8269,7.5933,Absolute_Failure,50.0
C05690,L3,ADC,124.1,1.79,12.2626,13.2715,13.5216,13.9229,1.2725,1.3806,1.4649,1.4588,Normal,50.0
C05691,L3,ASIC,125.33,1.198,11.5138,11.8859,12.0819,12.42,1.1841,1.2369,1.2431,1.3062,High_Stable,50.0
C05692,L3,DAC,124.25,1.759,12.3414,13.488,13.7606,14.6348,1.2866,1.3726,1.4728,1.5721,Normal,50.0
C05693,L3,ASIC,125.73,1.173,10.9911,11.8987,13.0494,13.7409,1.125,1.2647,1.374,1.4704,Normal,50.0
C05694,L3,FPGA,125.79,1.106,11.5279,12.0921,12.4305,13.2867,1.236,1.2968,1.3055,1.4125,Normal,50.0
C05695,L3,ASIC,124.1,1.193,11.7237,14.4317,23.1794,51.9638,1.1804,1.481,2.618,7.1058,Absolute_Failure,50.0
C05696,L3,ADC,123.29,1.827,12.0623,12.7016,13.9747,14.3161,1.2593,1.3021,1.5021,1.5534,Normal,50.0
C05697,L3,FPGA,125.48,1.096,11.5159,12.9022,13.6692,14.685,1.2425,1.3664,1.4338,1.6241,Normal,50.0
C05698,L3,ADC,124.35,1.814,12.0965,12.9275,13.398,14.4053,1.2557,1.3557,1.4198,1.4796,Normal,50.0
C05699,L3,DAC,125.88,1.807,12.3457,14.1658,21.8138,54.1201,1.2914,1.534,2.4488,7.4706,Absolute_Failure,50.0
C05700,L3,DAC,125.13,1.786,12.0484,12.9417,13.7756,14.2806,1.3057,1.338,1.4438,1.5104,Normal,50.0
C05701,L3,ADC,123.4,1.808,12.3716,14.0166,20.7239,53.7854,1.2839,1.4858,2.3759,7.4581,Absolute_Failure,50.0
C05702,L3,FPGA,124.52,1.087,11.8523,12.3815,12.7882,14.3193,1.2066,1.2988,1.3832,1.4634,Normal,50.0
C05703,L3,ASIC,124.47,1.193,12.1072,12.7035,13.2937,14.1721,1.2152,1.3644,1.3979,1.4845,Normal,50.0
C05704,L3,ADC,125.42,1.823,12.0933,12.3685,12.5368,12.8038,1.2452,1.3316,1.3569,1.3221,High_Stable,50.0
C05705,L3,ASIC,125.54,1.222,11.2208,11.5212,12.2215,13.4697,1.1579,1.2116,1.248,1.45,Normal,50.0
C05706,L3,FPGA,126.22,1.098,11.768,13.3909,15.7353,21.0058,1.2365,1.4049,1.7356,2.3227,Latent_Defect,50.0
C05707,L3,FPGA,125.69,1.106,11.8326,12.8309,16.0667,57.5459,1.2321,1.3796,1.7497,8.1196,Absolute_Failure,50.0
C05708,L3,DAC,124.41,1.802,12.9424,13.2272,13.1167,13.6834,1.3761,1.4116,1.3658,1.4573,High_Stable,50.0
C05709,L3,ASIC,126.57,1.215,10.9344,11.9806,13.1869,14.4538,1.1888,1.2301,1.3688,1.5441,Normal,50.0
C05710,L3,DAC,125.08,1.794,11.5317,12.5271,13.6494,14.3834,1.2195,1.2908,1.4618,1.5075,Normal,50.0
C05711,L3,DAC,126.58,1.815,11.6684,12.3697,13.3789,14.3009,1.2594,1.3004,1.3594,1.4955,Normal,50.0
C05712,L3,DAC,124.34,1.805,12.4571,13.6012,14.6081,15.0356,1.3062,1.4196,1.5908,1.5801,Normal,50.0
C05713,L3,ASIC,125.0,1.196,11.6166,13.811,18.7816,22.5826,1.1927,1.4666,2.0629,2.5397,Latent_Defect,50.0
C05714,L3,FPGA,125.51,1.095,10.9487,11.9879,12.8251,13.2804,1.1456,1.2162,1.3353,1.37,Normal,50.0
C05715,L3,ASIC,124.51,1.19,11.2955,12.5599,13.5794,13.288,1.1925,1.299,1.408,1.4001,Normal,50.0
C05716,L3,FPGA,123.9,1.082,11.7339,12.0379,12.0158,12.2294,1.2264,1.2401,1.3112,1.3123,High_Stable,50.0
C05717,L3,FPGA,126.04,1.1,11.3004,12.0261,12.563,12.586,1.1857,1.2398,1.2779,1.3159,Normal,50.0
C05718,L3,FPGA,124.6,1.08,11.5721,11.6916,11.8728,11.6296,1.2413,1.1755,1.2605,1.2086,High_Stable,50.0
C05719,L3,FPGA,125.3,1.109,11.9533,12.943,13.7318,14.6311,1.2166,1.3512,1.4681,1.5575,Normal,50.0
C05720,L3,FPGA,123.32,1.127,11.5992,12.153,12.7503,13.7585,1.2388,1.2847,1.2887,1.5093,Normal,50.0
C05721,L3,FPGA,125.98,1.071,11.8669,12.314,12.9926,14.1766,1.2852,1.3029,1.3345,1.5112,Normal,50.0
C05722,L3,FPGA,126.19,1.132,11.3194,12.3972,14.5366,51.4113,1.1744,1.2603,1.5807,7.0263,Absolute_Failure,50.0
C05723,L3,FPGA,126.3,1.111,11.6755,11.8195,12.1268,13.8512,1.2288,1.2223,1.2456,1.4349,Normal,50.0
C05724,L3,FPGA,124.8,1.057,11.59,13.2219,16.6087,21.6833,1.1859,1.4167,1.7715,2.4069,Latent_Defect,50.0
C05725,L3,DAC,123.56,1.804,11.9755,12.2609,12.8506,14.4342,1.2596,1.2881,1.3108,1.5409,Normal,50.0
C05726,L3,DAC,126.55,1.795,11.7976,14.5974,20.253,60.0222,1.2309,1.5658,2.244,8.5625,Absolute_Failure,50.0
C05727,L3,ASIC,125.79,1.2,11.3348,12.6441,12.5115,13.3685,1.153,1.326,1.286,1.4183,Normal,50.0
C05728,L3,DAC,123.58,1.783,12.164,13.1505,13.6507,14.9289,1.2582,1.407,1.487,1.572,Normal,50.0
C05729,L3,ADC,124.59,1.855,11.9886,12.354,12.5836,13.0009,1.2825,1.3228,1.3084,1.3674,Normal,50.0
C05730,L3,ADC,125.66,1.808,11.6555,12.6759,12.9224,13.3198,1.2455,1.3568,1.3916,1.3944,Normal,50.0
C05731,L3,ADC,125.1,1.796,12.0664,12.8187,13.6905,14.8144,1.2849,1.3136,1.4508,1.5867,Normal,50.0
C05732,L3,ASIC,123.98,1.166,11.5437,12.5281,14.0649,15.6402,1.2167,1.3647,1.5178,1.6857,Normal,50.0
C05733,L3,FPGA,125.36,1.111,11.8648,13.382,15.9261,53.9132,1.2622,1.4356,1.7216,7.439,Absolute_Failure,50.0
C05734,L3,ASIC,123.89,1.191,11.0975,11.501,11.7543,11.7876,1.1652,1.1979,1.1757,1.199,High_Stable,50.0
C05735,L3,FPGA,124.06,1.127,11.757,12.4448,17.0707,55.1397,1.2226,1.2841,1.8744,7.6645,Absolute_Failure,50.0
C05736,L3,ADC,124.86,1.77,11.7949,12.3644,12.7664,13.3056,1.2626,1.2808,1.3408,1.4083,Normal,50.0
C05737,L3,ADC,123.54,1.823,11.4941,12.3047,12.725,13.8598,1.2227,1.3246,1.3478,1.4616,Normal,50.0
C05738,L3,ASIC,125.98,1.174,11.7462,12.8766,13.789,14.2456,1.2228,1.3559,1.4583,1.5445,Normal,50.0
C05739,L3,FPGA,125.6,1.097,11.217,11.6983,12.053,13.1793,1.1792,1.2038,1.283,1.4299,Normal,50.0
C05740,L3,ADC,125.3,1.796,11.4046,12.0501,12.2319,12.7521,1.1726,1.2733,1.2753,1.3363,Normal,50.0
C05741,L3,FPGA,124.1,1.066,11.4355,11.9403,13.6712,41.042,1.2006,1.2565,1.4281,5.2797,Sudden_Anomaly,50.0
C05742,L3,FPGA,125.28,1.099,11.3247,13.374,22.9216,60.0248,1.1837,1.4337,2.5677,8.5985,Absolute_Failure,50.0
C05743,L3,FPGA,125.99,1.107,11.7962,11.8962,12.2455,12.7661,1.2026,1.2374,1.2882,1.3827,Normal,50.0
C05744,L3,FPGA,125.88,1.101,11.2899,12.7542,14.1078,36.2011,1.142,1.3309,1.5109,4.4448,Sudden_Anomaly,50.0
C05745,L3,ADC,123.84,1.809,12.0329,12.9383,12.8472,13.7114,1.206,1.3586,1.4044,1.455,Normal,50.0
C05746,L3,FPGA,125.24,1.084,12.2722,13.5112,13.9852,14.5629,1.3002,1.3929,1.4728,1.4953,Normal,50.0
C05747,L3,ASIC,124.83,1.216,11.772,12.7924,13.6849,13.9029,1.2592,1.4136,1.4134,1.4771,Normal,50.0
C05748,L3,ADC,125.16,1.776,12.3689,13.7102,17.1403,53.8084,1.3014,1.4771,1.8511,7.4754,Absolute_Failure,50.0
C05749,L3,FPGA,125.04,1.101,11.3925,11.9248,12.6651,13.0817,1.2295,1.2664,1.33,1.3846,Normal,50.0
C05750,L3,ASIC,124.59,1.2,10.9718,11.5562,12.1473,13.2953,1.1289,1.218,1.2863,1.4016,Normal,50.0
C05751,L3,DAC,124.99,1.773,11.8213,12.1338,12.8568,13.9081,1.2258,1.2596,1.3458,1.476,Normal,50.0
C05752,L3,ADC,124.54,1.795,11.5822,12.4186,13.3981,14.361,1.2036,1.2891,1.3968,1.53,Normal,50.0
C05753,L3,ADC,124.85,1.773,11.2738,11.6128,12.2741,13.7891,1.1292,1.1662,1.3134,1.4577,Normal,50.0
C05754,L3,DAC,125.57,1.817,11.889,11.914,12.0183,12.1252,1.2467,1.2682,1.2403,1.3225,High_Stable,50.0
C05755,L3,ADC,125.4,1.792,11.7524,11.7803,11.8592,12.0364,1.2164,1.257,1.2278,1.2814,High_Stable,50.0
C05756,L3,ASIC,124.28,1.202,12.0363,13.0891,13.3338,13.5294,1.2627,1.3421,1.3656,1.4129,Normal,50.0
C05757,L3,DAC,125.33,1.791,11.8103,11.9868,12.2324,12.33,1.2517,1.279,1.3332,1.3109,High_Stable,50.0
C05758,L3,ASIC,124.67,1.189,12.1431,12.2212,12.301,12.5681,1.2952,1.3041,1.2644,1.3029,High_Stable,50.0
C05759,L3,FPGA,126.13,1.1,11.9492,13.3031,15.6287,36.0347,1.2825,1.3878,1.7044,4.4398,Sudden_Anomaly,50.0
C05760,L3,FPGA,126.84,1.067,11.6257,12.7706,14.0242,37.609,1.2,1.3581,1.4788,4.7244,Sudden_Anomaly,50.0
C05761,L3,FPGA,125.14,1.117,11.0586,12.0126,12.8615,14.4387,1.116,1.2656,1.3593,1.5586,Normal,50.0
C05762,L3,ASIC,125.99,1.195,11.8165,11.972,12.1628,12.3844,1.2222,1.2645,1.2797,1.2622,High_Stable,50.0
C05763,L3,ASIC,125.21,1.19,11.7733,12.2748,12.6544,14.364,1.1813,1.3496,1.3889,1.5207,Normal,50.0
C05764,L3,ASIC,125.15,1.216,11.5518,13.157,14.7725,26.4417,1.2054,1.3749,1.5674,3.0712,Sudden_Anomaly,50.0
C05765,L3,ADC,124.57,1.79,11.9746,12.1748,12.648,12.9293,1.2447,1.3048,1.2811,1.4206,High_Stable,50.0
C05766,L3,ADC,125.03,1.777,11.8058,12.5686,12.6947,14.0173,1.2727,1.3303,1.3144,1.497,Normal,50.0
C05767,L3,DAC,126.46,1.792,11.9905,12.4106,12.8339,13.1612,1.2356,1.3261,1.3501,1.3889,Normal,50.0
C05768,L3,DAC,124.97,1.809,11.7145,12.6234,13.373,14.1426,1.2485,1.3359,1.395,1.5005,Normal,50.0
C05769,L3,ADC,125.54,1.812,11.7237,12.7132,14.8648,32.6448,1.2116,1.3343,1.6016,3.9414,Sudden_Anomaly,50.0
C05770,L3,DAC,124.21,1.805,11.7589,11.9674,12.6015,12.601,1.2317,1.2643,1.2901,1.2983,Normal,50.0
C05771,L3,ASIC,124.35,1.203,11.8202,12.242,12.1719,12.1527,1.2419,1.3045,1.3259,1.2621,High_Stable,50.0
C05772,L3,FPGA,124.67,1.093,11.5655,11.9649,12.5121,13.0903,1.2278,1.2676,1.3048,1.4061,Normal,50.0
C05773,L3,FPGA,126.39,1.123,11.9613,12.8689,15.6298,21.1966,1.261,1.3793,1.6544,2.4063,Latent_Defect,50.0
C05774,L3,ADC,125.12,1.814,11.2974,12.0372,12.2556,12.5639,1.1269,1.2442,1.2965,1.2447,Normal,50.0
C05775,L3,ADC,125.93,1.814,11.8523,12.6069,12.7449,13.4177,1.252,1.3298,1.3431,1.4608,Normal,50.0
C05776,L3,DAC,126.2,1.807,12.173,13.3378,13.8632,14.7595,1.2581,1.4679,1.4546,1.5752,Normal,50.0
C05777,L3,FPGA,126.67,1.088,11.1889,11.7373,12.2537,13.6913,1.2084,1.2571,1.3427,1.4353,Normal,50.0
C05778,L3,ASIC,124.25,1.213,10.9627,11.5413,13.8502,29.7402,1.0635,1.2199,1.4897,3.555,Sudden_Anomaly,50.0
C05779,L3,FPGA,124.71,1.082,11.2099,12.4334,12.4531,12.7684,1.1596,1.3513,1.3009,1.2677,Normal,50.0
C05780,L3,ASIC,125.01,1.22,11.261,11.5252,12.8118,13.6025,1.1515,1.1867,1.3018,1.4662,Normal,50.0
C05781,L3,DAC,125.2,1.791,12.6853,13.7566,14.3571,15.2564,1.3163,1.4329,1.5238,1.6527,Normal,50.0
C05782,L3,DAC,126.05,1.793,11.9759,12.0977,16.3827,51.4724,1.2495,1.2797,1.8199,7.0681,Absolute_Failure,50.0
C05783,L3,ASIC,123.29,1.182,11.2083,12.1875,13.093,13.6641,1.2138,1.25,1.3849,1.4368,Normal,50.0
C05784,L3,FPGA,125.4,1.088,11.7586,11.9603,12.9316,14.1293,1.2083,1.2976,1.3867,1.5077,Normal,50.0
C05785,L3,DAC,125.5,1.803,12.4458,12.9631,14.2833,15.2998,1.2805,1.3895,1.558,1.6265,Normal,50.0
C05786,L3,DAC,125.34,1.794,11.8974,12.8776,13.1593,13.3469,1.2355,1.3603,1.3654,1.3826,Normal,50.0
C05787,L3,ASIC,124.87,1.192,10.9345,12.0358,12.8366,12.6836,1.1177,1.2672,1.3336,1.308,Normal,50.0
C05788,L3,DAC,124.74,1.786,12.5394,14.2768,23.443,55.4832,1.3782,1.5043,2.65,7.7949,Absolute_Failure,50.0
C05789,L3,ADC,124.52,1.803,11.8568,12.7611,13.4605,13.5927,1.2565,1.3446,1.4075,1.447,Normal,50.0
C05790,L3,FPGA,124.59,1.099,11.9126,13.8968,16.6624,22.2667,1.2168,1.4894,1.7876,2.553,Latent_Defect,50.0
C05791,L3,ASIC,124.18,1.219,10.94,11.852,15.9622,20.7212,1.2065,1.2369,1.7443,2.3494,Latent_Defect,50.0
C05792,L3,ADC,123.77,1.824,11.6301,13.5419,17.2723,22.9582,1.1975,1.4465,1.9017,2.5733,Latent_Defect,50.0
C05793,L3,FPGA,127.08,1.123,11.4698,11.9778,12.6136,13.9685,1.1521,1.1995,1.3477,1.4726,Normal,50.0
C05794,L3,ADC,124.78,1.794,11.9038,12.6339,13.3921,13.4892,1.2364,1.2967,1.3868,1.4037,Normal,50.0
C05795,L3,FPGA,124.52,1.092,11.0053,12.5894,15.1171,19.2887,1.1248,1.326,1.5908,2.0728,Latent_Defect,50.0
C05796,L3,FPGA,124.81,1.102,11.2737,12.8122,17.2582,22.0286,1.1892,1.3111,1.893,2.4657,Latent_Defect,50.0
C05797,L3,DAC,125.27,1.808,12.3517,12.9506,13.5076,14.1417,1.325,1.3601,1.4076,1.5173,Normal,50.0
C05798,L3,DAC,125.42,1.801,12.3681,13.8389,15.5778,23.3997,1.2371,1.4629,1.6563,2.6606,Latent_Defect,50.0
C05799,L3,DAC,125.75,1.794,12.0039,12.9263,14.1574,15.1304,1.2102,1.3657,1.5405,1.6337,Normal,50.0
C05800,L3,FPGA,125.7,1.115,12.1227,13.1389,14.1037,14.5223,1.2493,1.3584,1.4957,1.5266,Normal,50.0
C05801,L3,DAC,126.28,1.824,12.4865,12.8134,13.1554,13.9807,1.3192,1.3581,1.3825,1.4766,Normal,50.0
C05802,L3,ASIC,125.62,1.205,10.7885,12.7977,16.9791,24.5528,1.1207,1.3911,1.8445,2.7683,Latent_Defect,50.0
C05803,L3,ASIC,125.95,1.217,11.3464,11.9431,14.3704,36.3776,1.19,1.2352,1.5251,4.4875,Sudden_Anomaly,50.0
C05804,L3,ASIC,123.85,1.176,11.5,14.3025,23.1828,57.32,1.171,1.5131,2.6492,8.0437,Absolute_Failure,50.0
C05805,L3,ADC,124.91,1.788,11.6496,12.2249,12.2769,13.4832,1.2003,1.3167,1.2439,1.4479,Normal,50.0
C05806,L3,FPGA,125.06,1.075,10.8519,11.7379,12.5535,13.2184,1.1678,1.2169,1.3439,1.3916,Normal,50.0
C05807,L3,FPGA,124.63,1.104,11.5549,12.5882,13.4653,14.3732,1.2214,1.3418,1.4172,1.5307,Normal,50.0
C05808,L3,ASIC,124.51,1.163,10.8736,11.1755,12.072,12.0197,1.1348,1.1784,1.2354,1.2411,Normal,50.0
C05809,L3,DAC,125.49,1.804,12.3639,12.4397,12.5176,12.6146,1.2498,1.3256,1.3213,1.3159,High_Stable,50.0
C05810,L3,ASIC,124.57,1.194,10.7625,11.3224,11.4216,12.0702,1.1303,1.2101,1.1767,1.2714,Normal,50.0
C05811,L3,DAC,125.62,1.823,12.0257,12.7685,12.8934,13.1171,1.2689,1.316,1.3367,1.3727,Normal,50.0
C05812,L3,ASIC,124.95,1.187,11.326,11.6148,11.9475,13.6477,1.1493,1.2079,1.2588,1.491,Normal,50.0
C05813,L3,DAC,125.62,1.784,11.8142,13.0367,14.3032,15.5169,1.2357,1.3686,1.5043,1.6603,Normal,50.0
C05814,L3,FPGA,125.53,1.121,11.6303,12.0814,13.5303,14.3673,1.2032,1.2887,1.3946,1.5408,Normal,50.0
C05815,L3,DAC,125.44,1.796,12.0818,12.9223,13.8314,15.012,1.2815,1.352,1.4756,1.6163,Normal,50.0
C05816,L3,ADC,125.71,1.812,11.9166,12.674,15.3813,18.9046,1.2166,1.2811,1.6154,2.0702,Latent_Defect,50.0
C05817,L3,DAC,125.92,1.795,11.8921,12.7518,13.6321,15.0937,1.2317,1.3395,1.4312,1.6364,Normal,50.0
C05818,L3,ASIC,125.26,1.217,11.442,12.0669,12.696,14.0674,1.1689,1.2433,1.3537,1.5043,Normal,50.0
C05819,L3,ASIC,124.91,1.177,11.5906,12.7814,18.8902,61.5442,1.1887,1.3462,2.0499,8.8889,Absolute_Failure,50.0
C05820,L3,ADC,125.31,1.815,11.8648,12.6345,13.6765,14.3778,1.2334,1.3406,1.437,1.5117,Normal,50.0
C05821,L3,ASIC,125.56,1.207,11.0373,11.7637,12.6564,13.3269,1.1443,1.2454,1.3136,1.4343,Normal,50.0
C05822,L3,ASIC,124.36,1.198,11.2949,12.0687,12.525,14.0769,1.1306,1.2286,1.3378,1.4823,Normal,50.0
C05823,L3,DAC,125.45,1.798,11.8433,13.1258,15.5121,40.816,1.24,1.3824,1.6466,5.2461,Sudden_Anomaly,50.0
C05824,L3,ADC,123.04,1.803,11.0325,12.1341,12.3349,13.1824,1.1115,1.2233,1.2296,1.4434,Normal,50.0
C05825,L3,FPGA,125.53,1.117,11.513,11.8643,12.1305,12.3522,1.1947,1.2095,1.2551,1.2912,Normal,50.0
C05826,L3,FPGA,124.58,1.109,11.7553,13.1493,13.3301,14.0275,1.2241,1.4388,1.3912,1.4732,Normal,50.0
C05827,L3,FPGA,125.49,1.1,11.6301,12.7072,13.4274,14.1835,1.2623,1.4024,1.4193,1.509,Normal,50.0
C05828,L3,ASIC,125.48,1.164,11.0602,11.5248,11.9267,12.6829,1.0877,1.2766,1.2931,1.329,Normal,50.0
C05829,L3,FPGA,125.2,1.097,11.2819,12.0253,13.1094,13.9839,1.1547,1.2903,1.3924,1.5124,Normal,50.0
C05830,L3,FPGA,124.14,1.108,12.1812,13.2054,15.098,42.2112,1.3119,1.4381,1.6267,5.4304,Sudden_Anomaly,50.0
C05831,L3,DAC,124.29,1.781,12.7748,13.0472,13.1893,12.9464,1.3345,1.3403,1.3477,1.3474,High_Stable,50.0
C05832,L3,ASIC,123.89,1.201,11.6111,12.2536,13.6218,14.614,1.2031,1.2596,1.4636,1.5415,Normal,50.0
C05833,L3,DAC,124.81,1.818,12.6408,12.9865,13.703,14.8063,1.3756,1.3471,1.4575,1.5971,Normal,50.0
C05834,L3,FPGA,125.54,1.096,11.2174,11.7215,12.6885,13.6886,1.1923,1.1778,1.3386,1.4862,Normal,50.0
C05835,L3,ADC,124.3,1.809,12.0792,13.142,13.425,14.8221,1.243,1.4198,1.4255,1.5847,Normal,50.0
C05836,L3,DAC,126.33,1.834,12.285,13.1583,13.3521,14.1154,1.2705,1.3898,1.3724,1.4745,Normal,50.0
C05837,L3,ASIC,127.14,1.178,11.1711,11.7905,12.5485,13.6109,1.1342,1.1881,1.2985,1.4685,Normal,50.0
C05838,L3,ADC,125.2,1.801,12.1525,12.3364,12.6241,12.4875,1.3128,1.2729,1.3386,1.3044,High_Stable,50.0
C05839,L3,ASIC,126.6,1.204,11.1178,12.9609,20.7872,56.5921,1.1331,1.362,2.3129,7.8944,Absolute_Failure,50.0
C05840,L3,ASIC,125.45,1.194,11.0475,11.772,12.5917,13.7941,1.1433,1.2449,1.3413,1.4359,Normal,50.0
C05841,L3,ADC,124.33,1.774,11.2962,12.4399,12.409,13.0741,1.218,1.3081,1.3246,1.3853,Normal,50.0
C05842,L3,DAC,126.11,1.797,11.9467,12.3915,12.4219,12.5868,1.2336,1.3363,1.2692,1.3311,High_Stable,50.0
C05843,L3,DAC,126.28,1.811,12.6512,14.1206,23.3517,51.5689,1.3023,1.4873,2.6869,7.0368,Absolute_Failure,50.0
C05844,L3,FPGA,123.52,1.129,11.9022,13.0314,14.2302,15.9143,1.2719,1.3361,1.4968,1.6987,Normal,50.0
C05845,L3,ASIC,125.23,1.216,11.6926,12.6924,13.3574,14.5405,1.2269,1.3637,1.3924,1.5432,Normal,50.0
C05846,L3,ADC,123.98,1.792,12.215,13.5848,14.5786,15.755,1.3057,1.4919,1.5453,1.69,Normal,50.0
C05847,L3,ADC,124.98,1.827,11.6055,12.9201,16.2144,20.6244,1.1664,1.3764,1.7434,2.311,Latent_Defect,50.0
C05848,L3,DAC,123.58,1.782,11.2945,11.5661,12.0297,12.6072,1.1702,1.2386,1.2479,1.3175,Normal,50.0
C05849,L3,FPGA,125.68,1.125,12.093,13.0737,13.8317,15.2011,1.2891,1.3597,1.443,1.628,Normal,50.0
C05850,L3,ADC,123.93,1.789,11.7065,12.535,13.716,40.7461,1.2243,1.2941,1.4639,5.2185,Sudden_Anomaly,50.0
C05851,L3,ADC,124.43,1.775,12.5238,13.1237,13.3745,13.9961,1.3146,1.3789,1.403,1.4885,Normal,50.0
C05852,L3,FPGA,124.7,1.104,11.52,12.4927,17.6096,21.0291,1.2119,1.3051,1.8972,2.3509,Latent_Defect,50.0
C05853,L3,ADC,124.13,1.817,11.616,13.0068,17.3944,23.0271,1.2583,1.3587,1.9028,2.581,Latent_Defect,50.0
C05854,L3,ADC,124.45,1.825,12.1669,13.2396,14.5897,15.2259,1.3028,1.39,1.5737,1.6426,Normal,50.0
C05855,L3,ADC,123.67,1.805,11.401,13.6951,20.8806,60.7461,1.1758,1.4451,2.3455,8.7366,Absolute_Failure,50.0
C05856,L3,ADC,125.05,1.82,11.8515,12.6954,13.6679,14.598,1.2305,1.3106,1.4221,1.5467,Normal,50.0
C05857,L3,FPGA,123.78,1.113,11.7082,13.2336,20.4486,53.1759,1.2341,1.3827,2.258,7.336,Absolute_Failure,50.0
C05858,L3,ASIC,124.84,1.176,11.3514,12.249,12.5996,13.8083,1.1187,1.27,1.299,1.4765,Normal,50.0
C05859,L3,ASIC,125.53,1.195,10.5715,12.1749,19.6939,53.7125,1.1024,1.2825,2.1667,7.3861,Absolute_Failure,50.0
C05860,L3,FPGA,124.74,1.122,11.3368,11.634,11.9058,11.9737,1.1584,1.1669,1.2022,1.2284,High_Stable,50.0
C05861,L3,ASIC,125.64,1.209,11.3544,12.375,12.7539,13.9368,1.1458,1.2897,1.3787,1.4836,Normal,50.0
C05862,L3,ADC,125.94,1.778,12.2881,13.23,18.2659,58.9517,1.3012,1.3728,2.03,8.3753,Absolute_Failure,50.0
C05863,L3,DAC,124.83,1.797,12.2278,12.8764,13.9054,14.532,1.2656,1.3039,1.5509,1.5569,Normal,50.0
C05864,L3,FPGA,124.77,1.108,11.3043,12.6313,16.8333,53.979,1.1832,1.3103,1.8333,7.4445,Absolute_Failure,50.0
C05865,L3,DAC,124.59,1.773,12.3223,13.3293,14.341,15.2601,1.3134,1.4252,1.5301,1.6709,Normal,50.0
C05866,L3,FPGA,126.33,1.112,11.5799,12.6274,13.0499,13.4486,1.202,1.3173,1.4028,1.4514,Normal,50.0
C05867,L3,ASIC,123.82,1.209,11.2635,12.1061,13.2532,13.7955,1.1755,1.2577,1.4209,1.4782,Normal,50.0
C05868,L3,ADC,124.18,1.794,11.9819,12.8316,13.5883,15.3296,1.2505,1.3676,1.3997,1.6307,Normal,50.0
C05869,L3,ASIC,123.08,1.216,11.395,14.2665,19.7245,55.5852,1.2008,1.5117,2.2125,7.7239,Absolute_Failure,50.0
C05870,L3,DAC,126.16,1.794,12.3548,12.5592,13.8119,39.3683,1.3574,1.3268,1.4316,5.0126,Sudden_Anomaly,50.0
C05871,L3,FPGA,123.81,1.128,11.6981,13.5454,21.0381,51.6954,1.221,1.4036,2.377,7.0517,Absolute_Failure,50.0
C05872,L3,FPGA,125.7,1.066,11.8017,12.3296,13.2645,13.9239,1.2082,1.3086,1.4121,1.5377,Normal,50.0
C05873,L3,DAC,123.74,1.822,11.7001,12.8892,13.5269,13.5949,1.2173,1.3745,1.4309,1.424,Normal,50.0
C05874,L3,FPGA,125.15,1.087,11.4443,12.0348,12.7349,13.6524,1.1517,1.2384,1.3209,1.4732,Normal,50.0
C05875,L3,ASIC,124.41,1.183,10.8002,11.9876,13.4498,39.2279,1.1168,1.2331,1.4114,4.9514,Sudden_Anomaly,50.0
C05876,L3,DAC,125.83,1.788,12.2403,12.9947,14.1004,14.6053,1.2431,1.3743,1.5139,1.5318,Normal,50.0
C05877,L3,ASIC,124.73,1.174,11.3391,11.7465,14.6408,52.5202,1.1606,1.2133,1.5998,7.2199,Absolute_Failure,50.0
C05878,L3,DAC,125.95,1.804,12.0445,13.3334,14.4172,39.0688,1.2512,1.3759,1.5743,4.9407,Sudden_Anomaly,50.0
C05879,L3,ADC,123.31,1.811,11.6499,12.6258,13.2395,13.3183,1.2086,1.3612,1.3786,1.4037,Normal,50.0
C05880,L3,ASIC,125.41,1.187,11.715,12.9389,15.9216,20.3708,1.2182,1.3563,1.7333,2.2356,Latent_Defect,50.0
C05881,L3,FPGA,125.29,1.123,11.614,12.0031,12.5199,13.8354,1.227,1.2657,1.308,1.4898,Normal,50.0
C05882,L3,DAC,124.47,1.808,12.353,12.6969,14.413,28.585,1.2731,1.336,1.5689,3.3401,Sudden_Anomaly,50.0
C05883,L3,ASIC,125.82,1.2,11.9195,12.1168,12.0164,12.2913,1.2196,1.2636,1.1892,1.2891,High_Stable,50.0
C05884,L3,ASIC,124.4,1.192,11.6138,12.7537,14.2586,15.054,1.2212,1.3196,1.5264,1.6171,Normal,50.0
C05885,L3,FPGA,126.91,1.11,12.1619,12.344,12.6819,12.7555,1.2703,1.3228,1.3216,1.3634,High_Stable,50.0
C05886,L3,ASIC,124.35,1.191,11.3887,12.7016,13.7168,37.3587,1.1871,1.3247,1.4437,4.6592,Sudden_Anomaly,50.0
C05887,L3,ADC,124.38,1.804,12.3298,12.5037,12.6477,12.8143,1.3223,1.2959,1.326,1.3714,High_Stable,50.0
C05888,L3,ASIC,125.07,1.213,11.7442,13.8091,19.2589,50.1198,1.237,1.4757,2.0995,6.7984,Absolute_Failure,50.0
C05889,L3,FPGA,124.14,1.124,11.1467,11.8737,12.8111,13.9672,1.1964,1.2233,1.3401,1.4972,Normal,50.0
C05890,L3,DAC,125.25,1.807,12.1621,13.0643,18.6988,54.4348,1.2865,1.3788,2.0099,7.5469,Absolute_Failure,50.0
C05891,L3,ADC,125.24,1.806,11.3195,12.0364,12.5536,12.8909,1.2044,1.2793,1.3334,1.3638,Normal,50.0
C05892,L3,ADC,123.95,1.794,11.8482,11.9812,12.6183,12.7815,1.2697,1.2273,1.3734,1.3208,Normal,50.0
C05893,L3,DAC,125.51,1.813,11.5875,12.7723,13.2801,13.8174,1.2063,1.3407,1.4174,1.4964,Normal,50.0
C05894,L3,FPGA,124.93,1.104,11.8991,12.8157,14.0573,14.7108,1.2402,1.3771,1.4964,1.5689,Normal,50.0
C05895,L3,ASIC,124.9,1.219,11.5805,12.0881,12.8768,14.113,1.1993,1.2707,1.3244,1.5066,Normal,50.0
C05896,L3,DAC,123.89,1.803,11.5321,12.0908,12.0254,13.2447,1.2249,1.2808,1.2499,1.4116,Normal,50.0
C05897,L3,FPGA,125.99,1.106,11.8142,12.9897,19.3736,54.1029,1.2379,1.3729,2.144,7.4427,Absolute_Failure,50.0
C05898,L3,ADC,124.12,1.812,11.7452,13.2885,19.4949,53.9274,1.2486,1.4078,2.1719,7.4949,Absolute_Failure,50.0
C05899,L3,ADC,125.12,1.795,11.8734,13.1123,13.512,14.785,1.2202,1.3707,1.4246,1.5692,Normal,50.0
C05900,L3,ADC,125.67,1.821,11.604,12.6172,15.1699,20.8116,1.2167,1.3552,1.5956,2.3307,Latent_Defect,50.0
C05901,L3,ASIC,124.58,1.206,11.4583,12.1433,13.0445,13.6911,1.1748,1.2522,1.4158,1.4603,Normal,50.0
C05902,L3,DAC,124.92,1.774,12.5289,12.493,12.7815,12.9112,1.3116,1.3381,1.3657,1.3383,High_Stable,50.0
C05903,L3,ASIC,126.22,1.201,11.5701,12.3437,13.2039,14.8699,1.24,1.2992,1.3701,1.5707,Normal,50.0
C05904,L3,ASIC,125.26,1.192,11.6034,13.9175,21.0499,50.5863,1.2442,1.4863,2.3647,6.8306,Absolute_Failure,50.0
C05905,L3,ASIC,123.36,1.21,11.1813,12.3677,12.7437,14.0159,1.1562,1.2284,1.3143,1.4863,Normal,50.0
C05906,L3,ASIC,124.8,1.189,10.3072,10.8271,12.0731,13.3286,1.0778,1.1202,1.2678,1.4222,Normal,50.0
C05907,L3,ADC,124.7,1.782,11.1632,13.0114,15.6872,21.0991,1.1849,1.4047,1.6833,2.3561,Latent_Defect,50.0
C05908,L3,FPGA,124.13,1.12,11.9075,12.4416,12.5205,14.3165,1.2245,1.3371,1.3084,1.5548,Normal,50.0
C05909,L3,DAC,126.15,1.793,12.0451,13.6306,16.6063,57.0454,1.2508,1.4042,1.8028,7.9463,Absolute_Failure,50.0
C05910,L3,ADC,124.76,1.799,11.6222,12.5887,13.4702,13.956,1.1853,1.3149,1.3698,1.4861,Normal,50.0
C05911,L3,ADC,125.86,1.804,11.5624,12.5672,13.0789,13.756,1.2267,1.3005,1.4136,1.4668,Normal,50.0
C05912,L3,FPGA,125.25,1.063,11.6029,11.9303,12.7929,13.8366,1.1697,1.236,1.343,1.4815,Normal,50.0
C05913,L3,ASIC,124.35,1.181,11.6039,12.4604,13.0777,14.0393,1.23,1.352,1.3683,1.5254,Normal,50.0
C05914,L3,ASIC,124.52,1.197,11.6496,12.385,12.9152,13.3649,1.2251,1.3341,1.3884,1.4313,Normal,50.0
C05915,L3,ASIC,123.98,1.193,11.7847,11.9452,12.1269,12.416,1.211,1.2334,1.2607,1.316,High_Stable,50.0
C05916,L3,FPGA,127.8,1.085,11.485,13.2207,15.4318,19.4844,1.1848,1.3175,1.6416,2.2143,Latent_Defect,50.0
C05917,L3,ADC,125.19,1.788,12.1623,13.3856,15.9514,23.5056,1.2534,1.3869,1.7336,2.6837,Latent_Defect,50.0
C05918,L3,ASIC,125.81,1.2,10.8497,12.0781,14.0468,35.0674,1.1274,1.2383,1.5023,4.3465,Sudden_Anomaly,50.0
C05919,L3,ASIC,124.71,1.194,11.5797,12.722,13.5446,14.7007,1.2269,1.2796,1.4503,1.6326,Normal,50.0
C05920,L3,ASIC,125.22,1.195,11.2276,11.8137,12.4642,12.936,1.1625,1.2322,1.2815,1.4034,Normal,50.0
C05921,L3,FPGA,124.88,1.088,11.9173,12.8585,13.3448,14.0053,1.2379,1.3448,1.3978,1.4955,Normal,50.0
C05922,L3,ASIC,125.83,1.239,11.0195,12.4148,13.2067,30.8915,1.1127,1.3386,1.4153,3.681,Sudden_Anomaly,50.0
C05923,L3,DAC,125.54,1.797,11.3148,12.2716,13.1646,14.249,1.1515,1.2659,1.3747,1.52,Normal,50.0
C05924,L3,DAC,125.6,1.819,11.8634,13.1675,13.4941,14.211,1.2806,1.3678,1.4358,1.4724,Normal,50.0
C05925,L3,ADC,124.1,1.791,11.4782,11.9687,12.4877,13.096,1.2215,1.2434,1.3475,1.3903,Normal,50.0
C05926,L3,DAC,124.93,1.799,12.3124,12.26,12.2468,12.6209,1.2538,1.2969,1.284,1.3128,High_Stable,50.0
C05927,L3,ASIC,125.01,1.192,12.285,12.5956,12.6698,13.0788,1.2742,1.3465,1.3226,1.3673,High_Stable,50.0
C05928,L3,ADC,124.51,1.786,11.7594,12.194,17.4574,24.5922,1.2591,1.3039,1.9358,2.8651,Latent_Defect,50.0
C05929,L3,ASIC,124.16,1.212,11.6252,12.4054,14.9288,27.7498,1.2516,1.2582,1.6111,3.2284,Sudden_Anomaly,50.0
C05930,L3,FPGA,124.3,1.106,11.4142,12.1492,12.1701,12.7298,1.173,1.2709,1.2828,1.3372,Normal,50.0
C05931,L3,FPGA,125.77,1.096,11.9375,13.769,16.5928,21.8766,1.2408,1.4393,1.8333,2.4717,Latent_Defect,50.0
C05932,L3,ADC,124.45,1.786,11.9533,12.2192,12.2537,13.1093,1.2276,1.2906,1.2755,1.4008,Normal,50.0
C05933,L3,FPGA,125.99,1.092,12.2411,12.7156,13.9054,15.3715,1.2949,1.3429,1.4405,1.6439,Normal,50.0
C05934,L3,ADC,125.31,1.803,11.3919,12.4941,13.1801,35.1225,1.2273,1.3333,1.4074,4.3177,Sudden_Anomaly,50.0
C05935,L3,ASIC,126.19,1.194,10.8373,11.714,12.2407,12.7597,1.15,1.2075,1.2977,1.3168,Normal,50.0
C05936,L3,DAC,125.45,1.806,12.5131,15.0586,22.4318,53.5834,1.3167,1.6137,2.547,7.3843,Absolute_Failure,50.0
C05937,L3,DAC,123.74,1.782,11.9201,12.0552,13.3027,14.0132,1.2144,1.2833,1.372,1.4749,Normal,50.0
C05938,L3,ADC,124.85,1.777,11.7412,12.1229,12.9647,14.7585,1.2344,1.3149,1.3942,1.603,Normal,50.0
C05939,L3,FPGA,124.61,1.085,11.315,11.4603,13.5899,38.1445,1.1575,1.1579,1.3994,4.7719,Sudden_Anomaly,50.0
C05940,L3,ADC,124.95,1.812,11.6056,12.0818,13.5104,14.9107,1.2523,1.2829,1.4185,1.5662,Normal,50.0
C05941,L3,FPGA,126.11,1.079,11.236,12.3363,12.4495,13.5461,1.1932,1.2876,1.2842,1.4539,Normal,50.0
C05942,L3,ASIC,125.3,1.189,11.5963,13.0231,14.4296,15.7499,1.157,1.3114,1.533,1.7388,Normal,50.0
C05943,L3,DAC,125.79,1.805,11.86,13.0588,13.3006,14.3365,1.1864,1.3842,1.4179,1.5579,Normal,50.0
C05944,L3,FPGA,125.51,1.106,11.3184,12.1545,12.752,14.3198,1.1925,1.2925,1.3349,1.5116,Normal,50.0
C05945,L3,DAC,125.66,1.815,12.1185,12.402,12.9753,13.4748,1.3271,1.2982,1.3688,1.4344,Normal,50.0
C05946,L3,ASIC,124.46,1.199,11.9423,12.4986,12.977,14.9112,1.2578,1.2928,1.3319,1.5926,Normal,50.0
C05947,L3,DAC,124.93,1.804,12.2083,14.8009,24.1083,55.969,1.2423,1.5846,2.7824,7.807,Absolute_Failure,50.0
C05948,L3,ADC,124.82,1.801,11.5373,13.03,17.2084,54.0306,1.1999,1.4118,1.8939,7.4813,Absolute_Failure,50.0
C05949,L3,DAC,124.82,1.797,12.3156,13.5438,15.8167,23.4274,1.3039,1.4389,1.718,2.6576,Latent_Defect,50.0
C05950,L3,ADC,124.87,1.795,11.4654,12.4063,13.8287,38.2599,1.1614,1.2764,1.4901,4.7755,Sudden_Anomaly,50.0
C05951,L3,FPGA,125.1,1.123,11.5208,12.0259,12.5179,13.8012,1.1795,1.2517,1.3185,1.4288,Normal,50.0
C05952,L3,FPGA,124.44,1.075,11.6975,12.5765,13.6235,14.4031,1.2449,1.3285,1.4935,1.5729,Normal,50.0
C05953,L3,ADC,123.82,1.793,11.7573,13.488,16.6173,23.146,1.2221,1.4126,1.8396,2.6127,Latent_Defect,50.0
C05954,L3,ASIC,124.74,1.187,11.4691,12.5505,13.4371,14.3683,1.2084,1.3424,1.3851,1.5432,Normal,50.0
C05955,L3,FPGA,125.5,1.071,11.9669,13.0207,13.6962,13.7385,1.2413,1.3755,1.4394,1.4586,Normal,50.0
C05956,L3,ASIC,124.71,1.183,11.8083,12.1685,12.6757,12.6142,1.2357,1.2701,1.3552,1.2902,Normal,50.0
C05957,L3,FPGA,125.58,1.12,11.4695,13.0855,16.7639,21.4858,1.2115,1.3785,1.8418,2.3834,Latent_Defect,50.0
C05958,L3,ADC,124.81,1.778,11.5161,13.1974,18.5716,55.5188,1.1758,1.4378,2.0818,7.7283,Absolute_Failure,50.0
C05959,L3,FPGA,125.2,1.092,11.0017,11.8011,13.0542,30.6438,1.131,1.2678,1.386,3.733,Sudden_Anomaly,50.0
C05960,L3,FPGA,126.63,1.098,12.3923,13.352,13.8035,14.0659,1.2778,1.3783,1.4742,1.4744,Normal,50.0
C05961,L3,ADC,124.12,1.788,11.3044,12.2705,13.26,14.3281,1.1572,1.3152,1.4099,1.5376,Normal,50.0
C05962,L3,ASIC,125.82,1.213,11.2225,11.5898,12.0743,13.1485,1.1782,1.2084,1.2931,1.3785,Normal,50.0
C05963,L3,ADC,124.47,1.793,12.0807,13.0327,13.0574,13.0683,1.2698,1.3609,1.4077,1.3651,Normal,50.0
C05964,L3,FPGA,124.81,1.098,11.9807,13.1724,13.2804,14.4138,1.2581,1.3901,1.3874,1.4866,Normal,50.0
C05965,L3,ADC,125.1,1.822,11.8024,12.7511,15.4155,33.039,1.2397,1.3549,1.6203,4.0204,Sudden_Anomaly,50.0
C05966,L3,ASIC,125.09,1.199,11.9776,12.3978,13.6899,14.4474,1.2279,1.3272,1.4557,1.52,Normal,50.0
C05967,L3,DAC,125.59,1.806,12.0109,12.726,13.8498,40.8151,1.2196,1.3474,1.5035,5.1798,Sudden_Anomaly,50.0
C05968,L3,ASIC,125.97,1.195,11.3444,13.0077,17.9163,51.3251,1.1701,1.3523,1.9492,6.9606,Absolute_Failure,50.0
C05969,L3,FPGA,123.81,1.103,11.8114,12.8877,13.2688,13.6371,1.2091,1.3555,1.4036,1.4127,Normal,50.0
C05970,L3,FPGA,124.41,1.078,12.0957,12.1763,12.1618,12.7237,1.2344,1.2968,1.321,1.3598,Normal,50.0
C05971,L3,FPGA,125.31,1.108,12.0562,13.1618,13.9489,13.8897,1.2939,1.4103,1.4522,1.4287,Normal,50.0
C05972,L3,ASIC,124.94,1.176,11.8134,12.3025,13.0439,13.671,1.2895,1.3193,1.3938,1.4019,Normal,50.0
C05973,L3,DAC,125.47,1.788,11.9513,12.8089,13.3671,14.0032,1.2564,1.3602,1.3612,1.4948,Normal,50.0
C05974,L3,FPGA,124.04,1.129,11.447,12.5736,13.4155,14.0112,1.1903,1.3188,1.4595,1.4954,Normal,50.0
C05975,L3,ADC,124.36,1.805,11.8253,12.6149,13.6868,14.5954,1.212,1.3008,1.4637,1.5637,Normal,50.0
C05976,L3,ADC,124.38,1.8,11.5392,12.2437,12.9343,13.4741,1.2053,1.2988,1.347,1.4111,Normal,50.0
C05977,L3,ADC,122.66,1.783,11.3835,12.1629,12.3767,12.6175,1.1625,1.2355,1.326,1.2982,Normal,50.0
C05978,L3,ASIC,124.37,1.219,11.077,11.858,13.0743,14.0176,1.1875,1.2584,1.3778,1.4935,Normal,50.0
C05979,L3,ASIC,125.0,1.209,11.2564,12.5746,13.2285,13.8039,1.1655,1.3099,1.433,1.4456,Normal,50.0
C05980,L3,ADC,126.54,1.781,11.7463,13.1774,19.9137,54.1921,1.1976,1.3593,2.1902,7.4862,Absolute_Failure,50.0
C05981,L3,ADC,123.19,1.794,11.7532,12.4279,13.363,13.64,1.2257,1.3055,1.3974,1.4382,Normal,50.0
C05982,L3,FPGA,125.01,1.093,11.5251,12.2125,13.057,13.794,1.2206,1.3333,1.3899,1.4541,Normal,50.0
C05983,L3,ASIC,125.12,1.199,11.7458,12.9174,16.6804,51.6834,1.2277,1.4024,1.7972,7.0123,Absolute_Failure,50.0
C05984,L3,DAC,126.4,1.788,12.5756,13.8707,19.9668,51.9835,1.3572,1.473,2.235,7.0715,Absolute_Failure,50.0
C05985,L3,FPGA,125.91,1.088,11.6169,12.9224,13.4721,14.0334,1.2075,1.3419,1.4315,1.4822,Normal,50.0
C05986,L3,ADC,124.54,1.804,11.8996,12.1274,14.741,39.966,1.299,1.2027,1.5577,5.0839,Sudden_Anomaly,50.0
C05987,L3,FPGA,125.26,1.075,11.5185,12.1154,12.9882,13.5713,1.2246,1.2823,1.328,1.437,Normal,50.0
C05988,L3,ADC,123.21,1.791,12.4699,13.3445,14.0054,14.3639,1.2812,1.3952,1.455,1.5441,Normal,50.0
C05989,L3,ADC,124.39,1.808,10.7118,11.6322,12.0808,13.5643,1.0712,1.2046,1.2712,1.4698,Normal,50.0
C05990,L3,FPGA,124.14,1.088,11.583,12.0312,12.7752,13.8036,1.1739,1.2757,1.3141,1.4551,Normal,50.0
C05991,L3,ADC,125.25,1.795,11.6559,13.0188,20.4634,53.8468,1.2012,1.4316,2.3163,7.4089,Absolute_Failure,50.0
C05992,L3,DAC,126.06,1.807,11.783,12.2122,13.487,30.6368,1.2175,1.2689,1.4581,3.6471,Sudden_Anomaly,50.0
C05993,L3,ADC,126.25,1.815,11.941,12.7674,14.8863,39.4169,1.2442,1.3567,1.6282,4.9846,Sudden_Anomaly,50.0
C05994,L3,FPGA,126.47,1.087,11.5419,12.2398,12.5819,13.1406,1.2139,1.2694,1.2982,1.4518,Normal,50.0
C05995,L3,DAC,125.25,1.795,11.7877,12.7013,13.4797,13.7406,1.1732,1.3447,1.415,1.4235,Normal,50.0
C05996,L3,ASIC,125.66,1.199,11.6207,12.7756,13.602,14.3602,1.3247,1.3961,1.4403,1.5639,Normal,50.0
C05997,L3,FPGA,126.45,1.089,11.8923,12.1061,12.5405,13.4619,1.2635,1.2794,1.3325,1.4525,Normal,50.0
C05998,L3,DAC,126.37,1.813,12.286,13.329,14.5594,15.2959,1.2543,1.3988,1.561,1.6351,Normal,50.0
C05999,L3,FPGA,125.88,1.11,11.3902,12.5463,12.8129,14.1299,1.21,1.3033,1.341,1.4814,Normal,50.0
C06000,L3,ADC,125.14,1.82,11.9923,15.3971,24.0404,57.6056,1.2083,1.6569,2.7357,8.1484,Absolute_Failure,50.0
