component_id,module_a_status,module_a_score,peer_source,predicted_168h_uA,actual_168h_uA,lower_bound_uA,upper_bound_uA,actual_violation,prediction_violation,interval_risk,prediction_margin_uA,upper_bound_margin_uA,module_a_warning,module_a_anomalous,combined_evidence
C08001,NORMAL,1.007267587837496,EXACT,16.665007524404764,14.4596,-1.7201946534090986,35.05020970221862,False,False,False,33.334992475595236,14.949790297781377,False,False,LOW
C08002,NORMAL,0.7250795966403387,EXACT,17.906547405143463,14.4117,-0.4786547726703993,36.29174958295732,False,False,False,32.09345259485654,13.708250417042677,False,False,LOW
C08003,NORMAL,0.2989425844432158,EXACT,16.940633109325404,13.2429,-1.444569068488459,35.32583528713927,False,False,False,33.059366890674596,14.67416471286073,False,False,LOW
C08004,NORMAL,0.2249937149674251,EXACT,23.492351160515863,14.0985,5.107148982702,41.877553338329726,False,False,False,26.507648839484137,8.122446661670274,False,False,LOW
C08005,NORMAL,1.425552722065615,EXACT,32.85025489974749,33.1038,14.465052721933628,51.23545707756135,False,False,True,17.14974510025251,-1.2354570775613496,False,False,MEDIUM
C08006,ANOMALOUS,2.9297691224139872,EXACT,17.961109564658255,13.9523,-0.424092613155608,36.34631174247212,False,False,False,32.03889043534174,13.653688257527882,True,True,MEDIUM
C08007,NORMAL,1.6352906494275978,EXACT,15.152581458045663,13.7954,-3.2326207197681978,33.537783635859526,False,False,False,34.84741854195434,16.462216364140474,False,False,LOW
C08008,NORMAL,1.2975862075136844,EXACT,13.286868163203453,12.3094,-5.09833401461041,31.67207034101732,False,False,False,36.71313183679655,18.32792965898268,False,False,LOW
C08009,NORMAL,0.7355042122423839,EXACT,18.29130705684525,20.0603,-0.0938951209686145,36.67650923465911,False,False,False,31.70869294315475,13.323490765340892,False,False,LOW
C08010,NORMAL,1.0804427073144216,EXACT,15.909135077281748,14.8046,-2.4760671005321147,34.29433725509561,False,False,False,34.090864922718254,15.705662744904387,False,False,LOW
C08011,NORMAL,0.9523556747393448,EXACT,21.14004251500236,13.854,2.7548403371884937,39.525244692816216,False,False,False,28.85995748499764,10.474755307183784,False,False,LOW
C08012,WATCH,2.0772783210436465,EXACT,14.789640957843464,33.2438,-3.595561219970397,33.174843135657326,False,False,False,35.21035904215654,16.825156864342674,True,False,LOW
C08013,NORMAL,1.7410865316039357,EXACT,13.825030498908736,12.9302,-4.560171678905128,32.2102326767226,False,False,False,36.17496950109126,17.789767323277403,False,False,LOW
C08014,NORMAL,0.1368158339840463,EXACT,17.25282416140873,52.2138,-1.1323780164051342,35.63802633922259,True,False,False,32.747175838591275,14.361973660777409,False,False,LOW
C08015,NORMAL,0.4575672402770428,EXACT,34.47985944464287,23.064,16.094657266829007,52.865061622456736,False,False,True,15.52014055535713,-2.865061622456736,False,False,MEDIUM
C08016,NORMAL,0.2873423139117678,EXACT,49.13701653988092,51.7135,30.75181436206705,67.52221871769478,True,False,True,0.8629834601190822,-17.522218717694784,False,False,MEDIUM
C08017,NORMAL,0.1338451774967559,EXACT,14.379046860218244,13.5594,-4.006155317595619,32.764249038032105,False,False,False,35.620953139781754,17.235750961967895,False,False,LOW
C08018,NORMAL,1.8478162245891512,EXACT,15.175591965063989,37.3636,-3.2096102127498742,33.56079414287785,False,False,False,34.82440803493601,16.439205857122147,False,False,LOW
C08019,NORMAL,0.8305297009215842,EXACT,13.557489212003969,13.2222,-4.827712965809894,31.94269138981783,False,False,False,36.44251078799603,18.05730861018217,False,False,LOW
C08020,NORMAL,0.0581565396364301,EXACT,14.05055339760102,11.8756,-4.334648780212843,32.43575557541488,False,False,False,35.94944660239898,17.56424442458512,False,False,LOW
C08021,NORMAL,0.7292773757646177,EXACT,13.717463410515869,13.078,-4.667738767297994,32.10266558832973,False,False,False,36.28253658948413,17.897334411670272,False,False,LOW
C08022,NORMAL,0.5493258896385873,EXACT,16.332744230654768,12.0889,-2.0524579471590947,34.717946408468634,False,False,False,33.66725576934523,15.282053591531366,False,False,LOW
C08023,NORMAL,0.5206813938715416,EXACT,17.085616395133666,14.4728,-1.2995857826801966,35.47081857294753,False,False,False,32.91438360486633,14.529181427052471,False,False,LOW
C08024,NORMAL,1.5015780167740556,EXACT,12.6008929125,12.2273,-5.784309265313862,30.986095090313864,False,False,False,37.3991070875,19.013904909686136,False,False,LOW
C08025,NORMAL,0.2075791237957782,EXACT,14.84952575695129,13.5217,-3.535676420862572,33.234727934765154,False,False,False,35.150474243048706,16.765272065234846,False,False,LOW
C08026,NORMAL,0.3427638799811431,EXACT,19.13552749434524,13.8481,0.7503253165313737,37.5207296721591,False,False,False,30.86447250565476,12.4792703278409,False,False,LOW
C08027,NORMAL,1.8107370949848656,EXACT,19.99133939640971,15.3446,1.6061372185958476,38.37654157422357,False,False,False,30.00866060359029,11.623458425776427,False,False,LOW
C08028,NORMAL,0.6488435528457652,EXACT,42.95744385570144,21.33,24.57224167788758,61.34264603351531,False,False,True,7.042556144298558,-11.342646033515308,False,False,MEDIUM
C08029,NORMAL,0.4527858246983438,EXACT,16.733016662103182,14.877,-1.6521855157106806,35.11821883991705,False,False,False,33.26698333789682,14.881781160082951,False,False,LOW
C08030,NORMAL,1.24470519515619,EXACT,19.350547790311783,14.5816,0.9653456124979236,37.735749968125646,False,False,False,30.649452209688217,12.264250031874354,False,False,LOW
C08031,NORMAL,0.4870373814354075,EXACT,19.377457810615077,14.09,0.9922556328012108,37.762659988428936,False,False,False,30.622542189384923,12.237340011571064,False,False,LOW
C08032,NORMAL,0.2296372067310025,EXACT,34.02856764550866,19.1883,15.643365467694796,52.413769823322525,False,False,True,15.971432354491341,-2.413769823322525,False,False,MEDIUM
C08033,NORMAL,0.7562008298214513,EXACT,17.264438394742065,14.6912,-1.1207637830717978,35.649640572555924,False,False,False,32.735561605257935,14.350359427444076,False,False,LOW
C08034,WATCH,2.0975609838977927,EXACT,38.66033097093257,51.2698,20.275128793118707,57.04553314874643,True,False,True,11.33966902906743,-7.045533148746429,True,False,MEDIUM_HIGH
C08035,NORMAL,0.5592558591003918,EXACT,21.00602024662699,14.2494,2.6208180688131257,39.391222424440855,False,False,False,28.99397975337301,10.608777575559145,False,False,LOW
C08036,NORMAL,0.4068798189487776,EXACT,26.208183607539667,14.2835,7.822981429725804,44.59338578535353,False,False,False,23.791816392460333,5.406614214646467,False,False,LOW
C08037,NORMAL,1.3822277069337428,EXACT,19.504619071329365,15.1021,1.1194168935155029,37.889821249143225,False,False,False,30.495380928670635,12.110178750856775,False,False,LOW
C08038,NORMAL,0.8136045210310993,EXACT,53.94873663958334,56.2397,35.56353446176948,72.3339388173972,True,True,True,-3.9487366395833376,-22.333938817397197,False,False,HIGH
C08039,NORMAL,0.7982562731831561,EXACT,13.750097606448405,13.1313,-4.63510457136546,32.135299784262266,False,False,False,36.249902393551594,17.864700215737734,False,False,LOW
C08040,NORMAL,0.9423814653430862,EXACT,35.547791441008286,53.5899,17.162589263194423,53.93299361882215,True,False,True,14.452208558991714,-3.9329936188221524,False,False,MEDIUM
C08041,NORMAL,1.0096647747305192,EXACT,17.302151397143703,14.2993,-1.0830507806701597,35.68735357495757,False,False,False,32.6978486028563,14.31264642504243,False,False,LOW
C08042,NORMAL,0.305087438596885,EXACT,24.897154531646823,23.8928,6.51195235383296,43.282356709460686,False,False,False,25.102845468353177,6.717643290539314,False,False,LOW
C08043,NORMAL,1.3447010280613,EXACT,38.867946762202365,24.1785,20.482744584388502,57.25314894001623,False,False,True,11.132053237797635,-7.2531489400162314,False,False,MEDIUM
C08044,NORMAL,1.4143494472962252,EXACT,18.753130120716094,14.7983,0.3679279429022308,37.13833229852996,False,False,False,31.246869879283906,12.86166770147004,False,False,LOW
C08045,NORMAL,1.1863391171194286,EXACT,19.387355170833334,14.6938,1.0021529930194752,37.7725573486472,False,False,False,30.612644829166666,12.227442651352803,False,False,LOW
C08046,NORMAL,0.9408777113638308,EXACT,17.099677884165807,14.1007,-1.2855242936480558,35.484880061979666,False,False,False,32.90032211583419,14.515119938020334,False,False,LOW
C08047,NORMAL,0.3249624455613922,EXACT,18.485597126062093,13.5439,0.1003949482482298,36.87079930387596,False,False,False,31.514402873937907,13.129200696124038,False,False,LOW
C08048,NORMAL,0.1772464348244403,EXACT,14.086801422285353,13.9039,-4.298400755528512,32.472003600099214,False,False,False,35.913198577714645,17.527996399900786,False,False,LOW
C08049,NORMAL,0.379537054180621,EXACT,18.87067186577382,14.256,0.4854696879599558,37.25587404358768,False,False,False,31.12932813422618,12.744125956412319,False,False,LOW
C08050,NORMAL,0.4535019311953213,EXACT,21.25740555654762,14.8495,2.872203378733758,39.64260773436148,False,False,False,28.74259444345238,10.357392265638516,False,False,LOW
C08051,NORMAL,0.3005871438852967,EXACT,27.89184703779761,14.2367,9.506644859983748,46.27704921561147,False,False,False,22.10815296220239,3.72295078438853,False,False,LOW
C08052,NORMAL,1.0999673281486193,EXACT,15.902097567505413,12.9658,-2.483104610308452,34.287299745319274,False,False,False,34.097902432494585,15.712700254680726,False,False,LOW
C08053,NORMAL,1.1496966684471732,EXACT,14.251839119696958,14.0819,-4.133363058116904,32.63704129751082,False,False,False,35.74816088030304,17.36295870248918,False,False,LOW
C08054,NORMAL,0.1316090911267772,EXACT,34.40641201369948,60.7725,16.021209835885617,52.79161419151335,True,False,True,15.59358798630052,-2.7916141915133466,False,False,MEDIUM
C08055,NORMAL,1.1455900685358975,EXACT,15.733240377297756,15.3299,-2.6519618005161067,34.11844255511162,False,False,False,34.266759622702246,15.88155744488838,False,False,LOW
C08056,NORMAL,0.828316566950516,EXACT,22.036990665972223,14.5719,3.6517884881583633,40.42219284378609,False,False,False,27.963009334027777,9.577807156213908,False,False,LOW
C08057,NORMAL,0.9125734583347516,EXACT,26.708733736309497,55.5494,8.323531558495635,45.09393591412336,True,False,False,23.291266263690503,4.906064085876643,False,False,LOW
C08058,NORMAL,1.4304520414804456,EXACT,17.543091783531747,14.5738,-0.8421103942821162,35.92829396134561,False,False,False,32.45690821646825,14.07170603865439,False,False,LOW
C08059,NORMAL,1.23438807743456,EXACT,15.779251481800143,13.4411,-2.6059506960137195,34.164453659614004,False,False,False,34.220748518199855,15.835546340385996,False,False,LOW
C08060,NORMAL,1.5954712702409246,EXACT,16.45572568859125,13.1675,-1.929476489222612,34.84092786640511,False,False,False,33.54427431140875,15.15907213359489,False,False,LOW
C08061,NORMAL,0.5278967224245346,EXACT,41.55849374166669,51.7746,23.173291563852825,59.94369591948055,True,False,True,8.441506258333312,-9.943695919480547,False,False,MEDIUM
C08062,NORMAL,0.7815174854615821,EXACT,14.798619245360449,11.3124,-3.586582932453416,33.18382142317431,False,False,False,35.20138075463955,16.816178576825692,False,False,LOW
C08063,NORMAL,0.310810074131308,EXACT,16.803346155835126,15.1647,-1.5818560219787372,35.18854833364899,False,False,False,33.19665384416487,14.811451666351012,False,False,LOW
C08064,NORMAL,0.9932573080752538,EXACT,18.240987051884925,14.0435,-0.1442151259289374,36.62618922969879,False,False,False,31.759012948115075,13.373810770301212,False,False,LOW
C08065,NORMAL,0.7600139507271396,EXACT,15.864295279954488,13.4078,-2.5209068978593745,34.24949745776835,False,False,False,34.13570472004551,15.75050254223165,False,False,LOW
C08066,WATCH,2.380575188149181,EXACT,16.27945563933983,13.7553,-2.1057465384740333,34.664657817153696,False,False,False,33.72054436066017,15.335342182846304,True,False,LOW
C08067,NORMAL,0.5749944161544808,EXACT,22.74792439742061,14.2425,4.3627222196067486,41.13312657523447,False,False,False,27.25207560257939,8.86687342476553,False,False,LOW
C08068,NORMAL,0.4528908078517652,EXACT,34.213910377976134,24.093,15.828708200162271,52.59911255579,False,False,True,15.786089622023866,-2.5991125557900006,False,False,MEDIUM
C08069,NORMAL,0.5339064178890421,EXACT,17.900377351388894,14.2071,-0.484824826424969,36.28557952920276,False,False,False,32.0996226486111,13.714420470797243,False,False,LOW
C08070,NORMAL,0.3133474835277083,EXACT,15.403056435714293,34.4087,-2.9821457420995703,33.78825861352816,False,False,False,34.59694356428571,16.211741386471843,False,False,LOW
C08071,NORMAL,1.4951864362698757,EXACT,17.96457197386781,13.0317,-0.4206302039460539,36.34977415168167,False,False,False,32.035428026132195,13.650225848318328,False,False,LOW
C08072,NORMAL,0.6915365321423421,EXACT,16.12881965654762,14.7444,-2.256382521266243,34.514021834361486,False,False,False,33.87118034345238,15.485978165638514,False,False,LOW
C08073,NORMAL,1.009958563269656,TYPE,33.86460269047617,22.0474,15.479400512662306,52.24980486829003,False,False,True,16.13539730952383,-2.2498048682900276,False,False,MEDIUM
C08074,NORMAL,0.8563990975312539,EXACT,15.442686281870705,50.9357,-2.94251589594316,33.827888459684566,True,False,False,34.55731371812929,16.172111540315434,False,False,LOW
C08075,NORMAL,0.3263891606619946,EXACT,18.904738601388896,14.4046,0.5195364235750333,37.28994077920276,False,False,False,31.095261398611104,12.710059220797241,False,False,LOW
C08076,NORMAL,1.5593262945278206,EXACT,14.065381191071426,13.9462,-4.319820986742437,32.45058336888529,False,False,False,35.934618808928576,17.54941663111471,False,False,LOW
C08077,NORMAL,0.6955562159854839,EXACT,18.764118190773814,12.8243,0.3789160129599551,37.14932036858768,False,False,False,31.235881809226186,12.85067963141232,False,False,LOW
C08078,NORMAL,0.4497746286400241,EXACT,22.192337416477287,38.2989,3.807135238663424,40.57753959429115,False,False,False,27.807662583522713,9.422460405708847,False,False,LOW
C08079,NORMAL,1.151432529707971,EXACT,14.16596253303571,15.2239,-4.219239644778153,32.55116471084958,False,False,False,35.83403746696429,17.448835289150423,False,False,LOW
C08080,NORMAL,0.6741196023091813,EXACT,15.74976308382936,14.4433,-2.635439093984504,34.134965261643224,False,False,False,34.25023691617064,15.865034738356776,False,False,LOW
C08081,NORMAL,1.297767542877892,EXACT,48.82255479107138,50.9645,30.43735261325752,67.20775696888525,True,False,True,1.1774452089286171,-17.20775696888525,False,False,MEDIUM
C08082,NORMAL,0.973112053646253,EXACT,26.88846263677156,15.0089,8.503260458957698,45.27366481458542,False,False,False,23.11153736322844,4.726335185414577,False,False,LOW
C08083,NORMAL,1.4779787561782365,EXACT,12.870665377876298,12.4199,-5.514536799937565,31.25586755569016,False,False,False,37.1293346221237,18.74413244430984,False,False,LOW
C08084,NORMAL,1.081856988686232,EXACT,32.48347020843251,51.2019,14.098268030618645,50.86867238624637,True,False,True,17.516529791567493,-0.8686723862463666,False,False,MEDIUM
C08085,NORMAL,0.260203866483065,EXACT,26.209717672321425,32.2607,7.824515494507562,44.59491985013528,False,False,False,23.790282327678575,5.405080149864723,False,False,LOW
C08086,NORMAL,0.9303732159652932,EXACT,17.47116797450397,32.8031,-0.9140342033098924,35.85637015231784,False,False,False,32.52883202549603,14.143629847682163,False,False,LOW
C08087,NORMAL,0.8789935843560763,EXACT,15.976831637042118,14.158,-2.4083705407717453,34.36203381485598,False,False,False,34.02316836295788,15.637966185144023,False,False,LOW
C08088,NORMAL,0.7580979628596932,EXACT,16.451769773015883,14.2496,-1.93343240479798,34.83697195082975,False,False,False,33.54823022698412,15.16302804917025,False,False,LOW
C08089,NORMAL,1.934731734507369,EXACT,35.102540964114354,19.4185,16.71733878630049,53.48774314192822,False,False,True,14.897459035885646,-3.4877431419282203,False,False,MEDIUM
C08090,NORMAL,1.4076994254703112,EXACT,19.880088347817463,14.0832,1.4948861700035998,38.26529052563133,False,False,False,30.119911652182537,11.734709474368671,False,False,LOW
C08091,NORMAL,0.1800857566255435,EXACT,32.429417952976166,19.9572,14.044215775162304,50.81462013079003,False,False,True,17.570582047023834,-0.8146201307900327,False,False,MEDIUM
C08092,NORMAL,0.6679678442704114,EXACT,17.111724867361104,15.2323,-1.2734773104527584,35.49692704517497,False,False,False,32.888275132638896,14.50307295482503,False,False,LOW
C08093,NORMAL,0.9673663882266764,EXACT,15.680403317057651,13.2561,-2.7047988607562115,34.06560549487151,False,False,False,34.31959668294235,15.934394505128488,False,False,LOW
C08094,NORMAL,0.1556906606852647,EXACT,16.707116969047625,13.7613,-1.6780852087662377,35.092319146861485,False,False,False,33.292883030952375,14.907680853138515,False,False,LOW
C08095,NORMAL,0.7057169339493399,EXACT,15.625154186630278,11.2132,-2.760047991183585,34.01035636444414,False,False,False,34.374845813369724,15.989643635555858,False,False,LOW
C08096,NORMAL,0.0213816921351357,EXACT,15.519609741865084,12.852,-2.8655924359487788,33.90481191967895,False,False,False,34.48039025813492,16.09518808032105,False,False,LOW
C08097,WATCH,2.409083259775937,EXACT,13.455256796428564,12.7942,-4.9299453813852985,31.840458974242427,False,False,False,36.544743203571436,18.159541025757573,True,False,LOW
C08098,NORMAL,1.442710970904321,EXACT,16.46354700330085,13.8413,-1.9216551745130133,34.84874918111471,False,False,False,33.536452996699154,15.151250818885288,False,False,LOW
C08099,NORMAL,0.1503794147542548,EXACT,18.97271214206348,14.0742,0.5875099642496195,37.35791431987735,False,False,False,31.02728785793652,12.642085680122648,False,False,LOW
C08100,NORMAL,0.2278640352921048,EXACT,14.16118927738096,12.0224,-4.224012900432902,32.54639145519482,False,False,False,35.838810722619044,17.453608544805178,False,False,LOW
C08101,NORMAL,0.635666147438958,EXACT,14.347469237499991,13.5463,-4.0377329403138695,32.73267141531386,False,False,False,35.65253076250001,17.26732858468614,False,False,LOW
C08102,NORMAL,0.4996268802857322,EXACT,12.46221062648809,11.5024,-5.922991551325772,30.847412804301957,False,False,False,37.53778937351191,19.152587195698043,False,False,LOW
C08103,NORMAL,0.3553298245710914,EXACT,36.86932039087301,21.7835,18.484118213059144,55.25452256868687,False,False,True,13.130679609126993,-5.254522568686873,False,False,MEDIUM
C08104,NORMAL,0.2572840402169866,EXACT,16.38529918987613,14.5141,-1.999902987937734,34.77050136768999,False,False,False,33.61470081012387,15.229498632310012,False,False,LOW
C08105,NORMAL,1.012969258822538,EXACT,21.739868740178576,14.5818,3.354666562364713,40.12507091799244,False,False,False,28.260131259821424,9.874929082007561,False,False,LOW
C08106,NORMAL,0.3603951163010028,EXACT,19.682593088194448,14.6825,1.2973909103805852,38.06779526600831,False,False,False,30.317406911805552,11.93220473399169,False,False,LOW
C08107,NORMAL,0.9388373367494756,EXACT,21.3626415748786,12.7214,2.977439397064739,39.74784375269246,False,False,False,28.6373584251214,10.25215624730754,False,False,LOW
C08108,NORMAL,0.9109343225085912,EXACT,19.585482434275782,20.239,1.200280256461923,37.97068461208965,False,False,False,30.414517565724218,12.029315387910351,False,False,LOW
C08109,NORMAL,1.1960345786224484,EXACT,19.74480179940476,13.749,1.3595996215908954,38.13000397721862,False,False,False,30.25519820059524,11.869996022781379,False,False,LOW
C08110,NORMAL,0.1111689579511397,EXACT,15.834965154563504,13.8873,-2.550237023250359,34.220167332377365,False,False,False,34.165034845436494,15.779832667622635,False,False,LOW
C08111,NORMAL,0.9465886701388896,EXACT,28.679574952739603,29.3323,10.29437277492574,47.064777130553466,False,False,False,21.320425047260397,2.935222869446534,False,False,LOW
C08112,NORMAL,0.7349512397770288,EXACT,19.814755686047985,15.1768,1.4295535082341218,38.19995786386185,False,False,False,30.185244313952015,11.800042136138153,False,False,LOW
C08113,NORMAL,0.4242156934823621,EXACT,18.165823927976188,14.6878,-0.2193782498376748,36.55102610579005,False,False,False,31.834176072023812,13.44897389420995,False,False,LOW
C08114,NORMAL,1.9348536651829251,EXACT,35.27394816628792,29.2991,16.888745988474053,53.659150344101775,False,False,True,14.726051833712077,-3.659150344101775,False,False,MEDIUM
C08115,NORMAL,0.5875566092051192,EXACT,16.029862058976455,14.629,-2.3553401188374075,34.415064236790315,False,False,False,33.970137941023545,15.584935763209685,False,False,LOW
C08116,NORMAL,1.345127361829078,EXACT,20.23676331598297,13.5787,1.8515611381691064,38.62196549379684,False,False,False,29.76323668401703,11.378034506203157,False,False,LOW
C08117,NORMAL,0.9683643196157165,EXACT,23.486665490873005,27.5967,5.101463313059142,41.87186766868687,False,False,False,26.513334509126995,8.128132331313132,False,False,LOW
C08118,NORMAL,1.6133375459230586,EXACT,15.81960279807506,12.9115,-2.565599379738803,34.20480497588892,False,False,False,34.18039720192494,15.79519502411108,False,False,LOW
C08119,NORMAL,1.137401564759574,EXACT,14.39097908948412,12.6423,-3.9942230883297416,32.776181267297986,False,False,False,35.60902091051588,17.223818732702014,False,False,LOW
C08120,NORMAL,0.3455440979169502,EXACT,12.681105169642851,11.3333,-5.70409700817101,31.066307347456718,False,False,False,37.31889483035715,18.933692652543282,False,False,LOW
C08121,NORMAL,0.5785587892871089,EXACT,44.06479362976185,57.8291,25.67959145194799,62.44999580757572,True,False,True,5.935206370238149,-12.449995807575718,False,False,MEDIUM
C08122,NORMAL,1.1418628794443977,EXACT,21.87226718214285,13.821,3.487065004328983,40.25746935995671,False,False,False,28.12773281785715,9.742530640043292,False,False,LOW
C08123,NORMAL,1.360626799774188,EXACT,17.596709455277754,12.8089,-0.7884927225361089,35.98191163309161,False,False,False,32.403290544722246,14.018088366908387,False,False,LOW
C08124,NORMAL,1.832320656783947,EXACT,32.544600620842346,54.3359,14.159398443028484,50.92980279865621,True,False,True,17.455399379157654,-0.9298027986562118,False,False,MEDIUM
C08125,NORMAL,0.3048415623125337,EXACT,22.859530736785945,13.9061,4.474328558972083,41.24473291459981,False,False,False,27.140469263214055,8.755267085400192,False,False,LOW
C08126,NORMAL,1.0447191449791922,EXACT,13.047501257638896,12.9712,-5.337700920174967,31.43270343545276,False,False,False,36.9524987423611,18.56729656454724,False,False,LOW
C08127,ANOMALOUS,3.095981174113251,EXACT,17.770579860317447,13.3884,-0.6146223174964156,36.155782038131306,False,False,False,32.22942013968255,13.844217961868694,True,True,MEDIUM
C08128,NORMAL,0.3837619439738631,EXACT,19.83616688630954,14.2235,1.450964708495679,38.22136906412341,False,False,False,30.16383311369046,11.778630935876592,False,False,LOW
C08129,NORMAL,0.2864948008764813,EXACT,15.659075436880364,53.8263,-2.7261267409335,34.044277614694224,True,False,False,34.340924563119636,15.955722385305776,False,False,LOW
C08130,NORMAL,0.1613589252486496,EXACT,35.30043073799606,52.9252,16.915228560182197,53.68563291580992,True,False,True,14.69956926200394,-3.6856329158099186,False,False,MEDIUM
C08131,NORMAL,0.4203998215804574,EXACT,54.54742771775792,56.0237,36.16222553994406,72.93262989557178,True,True,True,-4.54742771775792,-22.93262989557178,False,False,HIGH
C08132,NORMAL,0.3709116749618243,EXACT,17.13980543497295,13.7655,-1.2453967428409136,35.52500761278681,False,False,False,32.86019456502705,14.474992387213192,False,False,LOW
C08133,WATCH,2.578274182643959,EXACT,13.97134786994048,13.4337,-4.413854307873383,32.35655004775434,False,False,False,36.02865213005952,17.64344995224566,True,False,LOW
C08134,NORMAL,0.8594035403655154,EXACT,15.938057581746024,13.7003,-2.4471445960678384,34.32325975955989,False,False,False,34.06194241825398,15.676740240440111,False,False,LOW
C08135,NORMAL,0.4426288561826159,EXACT,39.27471520744049,56.7371,20.889513029626624,57.659917385254346,True,False,True,10.725284792559513,-7.659917385254346,False,False,MEDIUM
C08136,NORMAL,1.277584987172904,EXACT,18.02375085982337,15.9096,-0.3614513179904968,36.40895303763723,False,False,False,31.97624914017663,13.591046962362768,False,False,LOW
C08137,NORMAL,1.0293136794410946,EXACT,17.952225690827916,13.1178,-0.4329764869859467,36.33742786864178,False,False,False,32.047774309172084,13.662572131358218,False,False,LOW
C08138,NORMAL,0.5350174027826999,EXACT,18.22626170450036,13.0071,-0.1589404733135033,36.61146388231423,False,False,False,31.77373829549964,13.388536117685767,False,False,LOW
C08139,NORMAL,0.9171530190610082,EXACT,20.31315939017855,15.2473,1.9279572123646889,38.698361567992414,False,False,False,29.68684060982145,11.301638432007586,False,False,LOW
C08140,NORMAL,0.8896245858033449,EXACT,29.58376858482147,14.6167,11.198566407007608,47.96897076263534,False,False,False,20.41623141517853,2.0310292373646632,False,False,LOW
C08141,NORMAL,0.685535452823727,EXACT,19.554095237125377,14.7592,1.1688930593115143,37.93929741493924,False,False,False,30.445904762874623,12.06070258506076,False,False,LOW
C08142,WATCH,2.516176741473509,EXACT,17.143184405357157,15.5007,-1.2420177724567054,35.52838658317102,False,False,False,32.85681559464284,14.47161341682898,True,False,LOW
C08143,NORMAL,1.571792784555048,EXACT,15.06417852698414,13.7607,-3.321023650829723,33.449380704798,False,False,False,34.935821473015864,16.550619295201997,False,False,LOW
C08144,NORMAL,1.6231093893751458,EXACT,14.718763343253968,13.8351,-3.6664388345598944,33.103965521067835,False,False,False,35.28123665674603,16.896034478932165,False,False,LOW
C08145,NORMAL,0.3557688324365657,EXACT,32.29829355019843,13.8548,13.913091372384567,50.68349572801229,False,False,True,17.70170644980157,-0.6834957280122893,False,False,MEDIUM
C08146,NORMAL,0.9093455181155672,EXACT,39.70716111428569,25.1347,21.321958936471827,58.09236329209955,False,False,True,10.29283888571431,-8.092363292099549,False,False,MEDIUM
C08147,NORMAL,0.8353739779366158,EXACT,12.91886391636904,12.8835,-5.466338261444822,31.304066094182904,False,False,False,37.08113608363096,18.695933905817096,False,False,LOW
C08148,NORMAL,0.23799607229193,EXACT,15.307539097122996,12.3391,-3.0776630806908667,33.69274127493686,False,False,False,34.692460902877,16.307258725063143,False,False,LOW
C08149,NORMAL,0.2928157492875062,EXACT,15.949305409965731,58.1787,-2.435896767848132,34.3345075877796,True,False,False,34.05069459003427,15.665492412220402,False,False,LOW
C08150,WATCH,1.9630434832418893,EXACT,14.804131110615083,12.6286,-3.5810710671987795,33.18933328842895,False,False,False,35.19586888938492,16.810666711571052,True,False,LOW
C08151,NORMAL,0.1225903709853947,EXACT,19.43123044037697,14.8217,1.0460282625631123,37.81643261819084,False,False,False,30.56876955962303,12.183567381809162,False,False,LOW
C08152,NORMAL,0.4045491625088067,EXACT,19.147149317956345,13.669,0.7619471401424818,37.53235149577021,False,False,False,30.852850682043655,12.467648504229793,False,False,LOW
C08153,NORMAL,1.1756722123366892,EXACT,19.996678288352005,14.2342,1.611476110538142,38.38188046616587,False,False,False,30.003321711647995,11.618119533834133,False,False,LOW
C08154,NORMAL,1.148707369003808,EXACT,20.730492983333345,36.9001,2.345290805519479,39.1156951611472,False,False,False,29.269507016666655,10.884304838852799,False,False,LOW
C08155,NORMAL,1.7116444504744015,EXACT,34.816734413591234,35.4524,16.43153223577737,53.2019365914051,False,False,True,15.183265586408766,-3.201936591405101,False,False,MEDIUM
C08156,NORMAL,0.3010534181779141,EXACT,23.848031990476183,13.9022,5.462829812662321,42.233234168290046,False,False,False,26.151968009523817,7.766765831709954,False,False,LOW
C08157,NORMAL,0.2472456417428477,EXACT,17.162331489646466,13.2015,-1.2228706881673972,35.54753366746033,False,False,False,32.83766851035354,14.452466332539672,False,False,LOW
C08158,NORMAL,0.7417663846711047,EXACT,47.01034295575398,21.3481,28.625140777940118,65.39554513356784,False,False,True,2.989657044246023,-15.395545133567836,False,False,MEDIUM
C08159,NORMAL,0.2892598673878624,EXACT,12.76366661335678,12.3985,-5.621535564457084,31.14886879117064,False,False,False,37.236333386643224,18.85113120882936,False,False,LOW
C08160,NORMAL,0.9910356540932715,EXACT,25.963564287725443,37.0363,7.5783621099115805,44.348766465539306,False,False,False,24.036435712274557,5.651233534460694,False,False,LOW
C08161,NORMAL,0.8728244996689807,EXACT,14.954886858946592,12.3068,-3.4303153188672706,33.34008903676045,False,False,False,35.045113141053406,16.659910963239547,False,False,LOW
C08162,NORMAL,1.0527591443448936,EXACT,17.401914066269825,15.2711,-0.983288111544038,35.78711624408369,False,False,False,32.598085933730175,14.212883755916309,False,False,LOW
C08163,NORMAL,0.623982736203833,EXACT,16.61596150625,12.763,-1.769240671563864,35.00116368406386,False,False,False,33.38403849375,14.998836315936138,False,False,LOW
C08164,NORMAL,0.4526822852463958,EXACT,44.67075453035714,31.2226,26.28555235254328,63.05595670817101,False,False,True,5.3292454696428635,-13.05595670817101,False,False,MEDIUM
C08165,NORMAL,0.6671514664958543,EXACT,14.376924367018391,13.0421,-4.008277810795471,32.762126544832256,False,False,False,35.62307563298161,17.237873455167744,False,False,LOW
C08166,NORMAL,0.4249159814914746,EXACT,14.163528294074672,12.5903,-4.221673883739189,32.54873047188853,False,False,False,35.83647170592533,17.451269528111467,False,False,LOW
C08167,NORMAL,1.3214538600551715,EXACT,12.315784889339826,11.9754,-6.069417288474037,30.70098706715369,False,False,False,37.684215110660176,19.29901293284631,False,False,LOW
C08168,NORMAL,1.4767195977810816,EXACT,21.323326499305555,14.6812,2.938124321491692,39.70852867711942,False,False,False,28.676673500694445,10.291471322880582,False,False,LOW
C08169,NORMAL,0.1980182580360721,EXACT,22.847963257738098,13.8109,4.462761079924235,41.23316543555196,False,False,False,27.152036742261902,8.76683456444804,False,False,LOW
C08170,NORMAL,0.2608716268241846,EXACT,16.709919759514786,14.2624,-1.6752824182990764,35.09512193732865,False,False,False,33.29008024048521,14.90487806267135,False,False,LOW
C08171,NORMAL,1.341453047687082,EXACT,13.208867658333338,12.5174,-5.176334519480525,31.5940698361472,False,False,False,36.79113234166666,18.4059301638528,False,False,LOW
C08172,NORMAL,1.8848208656436467,EXACT,18.605195158928574,12.8952,0.2199929811147107,36.99039733674243,False,False,False,31.394804841071426,13.009602663257567,False,False,LOW
C08173,NORMAL,0.2461339529046775,EXACT,16.769196297229847,11.5395,-1.6160058805840158,35.154398475043706,False,False,False,33.23080370277015,14.845601524956294,False,False,LOW
C08174,NORMAL,0.9382165970701472,EXACT,16.361469872817462,15.3618,-2.0237323049964004,34.746672050631325,False,False,False,33.638530127182534,15.253327949368675,False,False,LOW
C08175,NORMAL,0.614018053154136,EXACT,17.714640014903146,14.3462,-0.6705621629107164,36.099842192717006,False,False,False,32.285359985096854,13.900157807282994,False,False,LOW
C08176,NORMAL,0.5563387041378135,EXACT,45.17735929434526,21.6573,26.7921571165314,63.56256147215912,False,False,True,4.822640705654742,-13.562561472159118,False,False,MEDIUM
C08177,NORMAL,1.1262291784980225,EXACT,15.901617022321425,12.2897,-2.483585155492438,34.286819200135284,False,False,False,34.098382977678575,15.713180799864716,False,False,LOW
C08178,NORMAL,1.6560454156759112,EXACT,19.9384186780754,52.6125,1.5532165002615343,38.32362085588926,True,False,False,30.0615813219246,11.67637914411074,False,False,LOW
C08179,NORMAL,0.0844872305320693,EXACT,18.075726195932543,13.7477,-0.3094759818813202,36.460928373746405,False,False,False,31.924273804067457,13.539071626253595,False,False,LOW
C08180,NORMAL,0.4584261033705045,EXACT,19.30135718708513,58.0325,0.916155009271268,37.686559364899,True,False,False,30.69864281291487,12.313440635101003,False,False,LOW
C08181,NORMAL,0.6260408988799575,EXACT,17.277572782638885,14.4049,-1.1076293951749785,35.66277496045275,False,False,False,32.722427217361115,14.33722503954725,False,False,LOW
C08182,NORMAL,0.4341307057063576,EXACT,17.603753756845233,14.1337,-0.7814484209686299,35.988955934659096,False,False,False,32.39624624315476,14.011044065340904,False,False,LOW
C08183,NORMAL,0.5485193610208412,EXACT,44.31865288214284,22.4733,25.93345070432898,62.70385505995671,False,False,True,5.6813471178571575,-12.703855059956709,False,False,MEDIUM
C08184,NORMAL,0.1996351424470072,EXACT,38.096948785588,21.6899,19.71174660777413,56.48215096340186,False,False,True,11.903051214412002,-6.482150963401857,False,False,MEDIUM
C08185,NORMAL,0.3038651429308204,EXACT,16.82821163897215,14.9425,-1.5569905388417131,35.213413816786016,False,False,False,33.17178836102785,14.786586183213984,False,False,LOW
C08186,NORMAL,0.9797732582030472,EXACT,15.641543484861293,14.3712,-2.743658692952572,34.026745662675154,False,False,False,34.358456515138705,15.973254337324846,False,False,LOW
C08187,NORMAL,0.5542553014315856,EXACT,21.01704597177128,14.874,2.6318437939574157,39.40224814958514,False,False,False,28.98295402822872,10.59775185041486,False,False,LOW
C08188,NORMAL,0.1391348371522729,EXACT,23.818937356051592,14.1634,5.433735178237729,42.20413953386546,False,False,False,26.181062643948408,7.795860466134542,False,False,LOW
C08189,NORMAL,0.5197841863159588,EXACT,18.694400648710307,11.7054,0.3091984708964439,37.079602826524166,False,False,False,31.305599351289693,12.920397173475834,False,False,LOW
C08190,NORMAL,0.6290708191470014,EXACT,17.11364355099204,14.0535,-1.2715586268218215,35.498845728805904,False,False,False,32.88635644900796,14.501154271194096,False,False,LOW
C08191,NORMAL,1.1987677802763688,EXACT,21.583701108730157,14.2573,3.1984989309162906,39.96890328654402,False,False,False,28.416298891269843,10.03109671345598,False,False,LOW
C08192,NORMAL,1.220017793347191,EXACT,17.80504928134922,14.1642,-0.580152896464643,36.19025145916308,False,False,False,32.19495071865078,13.809748540836921,False,False,LOW
C08193,NORMAL,0.2513622420831346,EXACT,18.72902917777778,13.1866,0.3438269999639161,37.11423135559164,False,False,False,31.27097082222222,12.885768644408358,False,False,LOW
C08194,NORMAL,1.4988947016904166,EXACT,38.09030627440478,50.4808,19.70510409659092,56.47550845221865,True,False,True,11.909693725595218,-6.475508452218648,False,False,MEDIUM
C08195,NORMAL,0.2309438943059528,EXACT,21.151622880654774,14.981,2.766420702840911,39.53682505846864,False,False,False,28.848377119345226,10.463174941531364,False,False,LOW
C08196,NORMAL,0.3159607982873084,EXACT,26.94798810021642,21.5066,8.562785922402558,45.33319027803029,False,False,False,23.05201189978358,4.666809721969713,False,False,LOW
C08197,NORMAL,0.6928407487494699,EXACT,17.43465174533729,15.0544,-0.9505504324765716,35.81985392315116,False,False,False,32.56534825466271,14.180146076848843,False,False,LOW
C08198,NORMAL,0.0560067493484301,EXACT,21.393469694303462,15.0434,3.0082675164896,39.77867187211733,False,False,False,28.606530305696538,10.221328127882671,False,False,LOW
C08199,NORMAL,0.5087411580059229,EXACT,19.60772197110597,13.7694,1.2225197932921112,37.99292414891984,False,False,False,30.39227802889403,12.00707585108016,False,False,LOW
C08200,NORMAL,0.1210602866022359,EXACT,20.52834386170636,15.6595,2.1431416838924946,38.91354603952022,False,False,False,29.47165613829364,11.08645396047978,False,False,LOW
C08201,NORMAL,1.3517644329617693,EXACT,19.19345034283426,22.2093,0.8082481650203981,37.57865252064812,False,False,False,30.80654965716574,12.42134747935188,False,False,LOW
C08202,NORMAL,0.3839865891760154,EXACT,36.62090369940475,22.2779,18.235701521590887,55.006105877218616,False,False,True,13.37909630059525,-5.006105877218616,False,False,MEDIUM
C08203,NORMAL,0.9565119480978056,EXACT,19.780661634767306,13.6677,1.3954594569534429,38.165863812581165,False,False,False,30.219338365232694,11.834136187418835,False,False,LOW
C08204,NORMAL,0.0476896214939759,EXACT,11.892946978869045,13.4432,-6.492255198944818,30.278149156682908,False,False,False,38.10705302113095,19.721850843317092,False,False,LOW
C08205,NORMAL,1.9064887408121112,EXACT,21.29278403630953,15.0958,2.9075818584956714,39.67798621412339,False,False,False,28.70721596369047,10.322013785876607,False,False,LOW
C08206,NORMAL,1.7353669991292398,EXACT,49.8237399952228,51.3878,31.43853781740894,68.20894217303666,True,False,True,0.17626000477719828,-18.20894217303666,False,False,MEDIUM
C08207,NORMAL,0.3055105844081024,EXACT,22.08198048869048,40.0935,3.696778310876617,40.46718266650434,False,False,False,27.91801951130952,9.532817333495657,False,False,LOW
C08208,NORMAL,1.2965879017703743,EXACT,23.825479673313502,13.8982,5.44027749549964,42.21068185112736,False,False,False,26.174520326686498,7.789318148872638,False,False,LOW
C08209,NORMAL,0.3714128604466736,EXACT,16.51586206775793,13.7933,-1.8693401100559333,34.90106424557179,False,False,False,33.48413793224207,15.098935754428211,False,False,LOW
C08210,NORMAL,1.5691256978547925,EXACT,13.317886427227634,12.5446,-5.0673157505862285,31.703088605041497,False,False,False,36.682113572772366,18.296911394958503,False,False,LOW
C08211,NORMAL,0.3603718769169647,EXACT,24.75583522777986,37.3916,6.370633049965996,43.14103740559372,False,False,False,25.24416477222014,6.858962594406279,False,False,LOW
C08212,NORMAL,0.1488072381913847,EXACT,16.65539595555557,14.3628,-1.7298062222582935,35.04059813336943,False,False,False,33.34460404444443,14.959401866630571,False,False,LOW
C08213,NORMAL,1.2688906751011624,EXACT,20.75443414910716,14.6824,2.369231971293296,39.13963632692102,False,False,False,29.24556585089284,10.860363673078979,False,False,LOW
C08214,NORMAL,1.0007698669863996,EXACT,19.560481138789704,12.5329,1.1752789609758416,37.94568331660357,False,False,False,30.439518861210296,12.05431668339643,False,False,LOW
C08215,NORMAL,1.091686150952837,EXACT,29.998794792866143,54.1865,11.613592615052283,48.38399697068001,True,False,False,20.001205207133857,1.616003029319991,False,False,LOW
C08216,NORMAL,0.7962574116934238,EXACT,14.036070777335857,11.9428,-4.349131400478006,32.42127295514972,False,False,False,35.96392922266414,17.578727044850282,False,False,LOW
C08217,NORMAL,0.6356184731763022,EXACT,17.05852050169775,40.2368,-1.326681676116113,35.44372267951161,False,False,False,32.94147949830225,14.556277320488391,False,False,LOW
C08218,NORMAL,0.2053243972748035,EXACT,15.6376530777868,13.6896,-2.747549100027061,34.02285525560066,False,False,False,34.3623469222132,15.97714474439934,False,False,LOW
C08219,NORMAL,0.4197452686845819,EXACT,17.790883973737373,13.4713,-0.5943182040764903,36.17608615155123,False,False,False,32.20911602626263,13.823913848448768,False,False,LOW
C08220,NORMAL,1.1330102172944347,EXACT,21.939665437932906,22.3994,3.55446326011904,40.32486761574677,False,False,False,28.060334562067094,9.675132384253232,False,False,LOW
C08221,WATCH,2.40120440513871,EXACT,14.626979588341456,25.7456,-3.758222589472407,33.01218176615532,False,False,False,35.373020411658544,16.987818233844678,True,False,LOW
C08222,NORMAL,1.3314424030713192,EXACT,13.823248251854402,13.0438,-4.561953925959461,32.20845042966826,False,False,False,36.1767517481456,17.79154957033174,False,False,LOW
C08223,NORMAL,0.4544066621118832,EXACT,16.402757928571415,11.8889,-1.982444249242448,34.78796010638528,False,False,False,33.59724207142858,15.212039893614723,False,False,LOW
C08224,WATCH,2.0283751464916824,EXACT,15.692415887193368,12.3021,-2.6927862906204947,34.07761806500723,False,False,False,34.30758411280663,15.92238193499277,True,False,LOW
C08225,NORMAL,1.7084350221724725,EXACT,27.923020522613488,19.7052,9.537818344799623,46.30822270042735,False,False,False,22.076979477386512,3.6917772995726494,False,False,LOW
C08226,NORMAL,1.7409994801505273,EXACT,19.744014060840552,12.3754,1.358811883026689,38.129216238654415,False,False,False,30.255985939159448,11.870783761345585,False,False,LOW
C08227,WATCH,1.9803024871653132,EXACT,14.351673992947138,13.5954,-4.033528184866725,32.736876170761,False,False,False,35.64832600705286,17.263123829239,True,False,LOW
C08228,NORMAL,1.057225126226259,EXACT,16.76828472400211,13.3103,-1.6169174538117517,35.153486901815974,False,False,False,33.231715275997885,14.846513098184026,False,False,LOW
C08229,NORMAL,0.3961982944854821,EXACT,27.478583527976184,14.9202,9.09338135016232,45.86378570579005,False,False,False,22.521416472023816,4.13621429420995,False,False,LOW
C08230,WATCH,2.258093448356207,EXACT,26.84763818021285,19.7092,8.462436002398992,45.23284035802672,False,False,False,23.15236181978715,4.767159641973279,True,False,LOW
C08231,NORMAL,1.747318409656271,EXACT,14.00447920823412,13.1822,-4.380722969579743,32.38968138604798,False,False,False,35.995520791765884,17.610318613952018,False,False,LOW
C08232,NORMAL,0.6185644800894577,EXACT,14.982640785333125,14.5191,-3.402561392480738,33.367842963146984,False,False,False,35.017359214666875,16.632157036853016,False,False,LOW
C08233,NORMAL,1.008235290753249,EXACT,39.10883087599208,51.4938,20.72362869817822,57.49403305380595,True,False,True,10.891169124007916,-7.49403305380595,False,False,MEDIUM
C08234,NORMAL,0.311852872484971,EXACT,17.46475842797619,24.5611,-0.9204437498376734,35.84996060579005,False,False,False,32.53524157202381,14.150039394209948,False,False,LOW
C08235,NORMAL,0.4901940468469921,EXACT,17.75887440380036,13.3025,-0.6263277740135038,36.14407658161422,False,False,False,32.24112559619964,13.855923418385778,False,False,LOW
C08236,NORMAL,0.3250142877557943,EXACT,20.313062408333305,14.2063,1.927860230519439,38.69826458614716,False,False,False,29.686937591666695,11.301735413852839,False,False,LOW
C08237,NORMAL,1.4164975836554246,EXACT,16.12346528929006,14.7484,-2.261736888523803,34.50866746710392,False,False,False,33.87653471070994,15.491332532896081,False,False,LOW
C08238,NORMAL,0.1447555203928114,EXACT,18.661194982539687,14.606,0.2759928047258242,37.04639716035355,False,False,False,31.338805017460313,12.95360283964645,False,False,LOW
C08239,NORMAL,0.1222225955473435,EXACT,18.282534609681985,13.2502,-0.1026675681318778,36.66773678749585,False,False,False,31.717465390318015,13.332263212504152,False,False,LOW
C08240,NORMAL,0.7019063305303836,EXACT,14.56291108893678,12.4933,-3.8222910888770834,32.94811326675064,False,False,False,35.43708891106322,17.05188673324936,False,False,LOW
C08241,WATCH,2.047746436812683,EXACT,21.09118359206349,15.0883,2.7059814142496315,39.47638576987735,False,False,False,28.90881640793651,10.523614230122647,True,False,LOW
C08242,NORMAL,0.6484128977822696,EXACT,14.49557355238094,13.3426,-3.8896286254329233,32.8807757301948,False,False,False,35.50442644761906,17.1192242698052,False,False,LOW
C08243,NORMAL,0.883711896641507,EXACT,16.54081566544567,13.501,-1.8443865123681924,34.92601784325953,False,False,False,33.45918433455433,15.07398215674047,False,False,LOW
C08244,NORMAL,0.5578247504337479,EXACT,18.170177651785718,15.2371,-0.2150245260281487,36.55537982959957,False,False,False,31.829822348214282,13.444620170400427,False,False,LOW
C08245,NORMAL,0.2705501588867661,EXACT,16.372600196183484,14.7531,-2.012601981630379,34.75780237399735,False,False,False,33.627399803816516,15.24219762600265,False,False,LOW
C08246,NORMAL,0.8251914402092966,EXACT,16.78528544579426,14.2998,-1.5999167320196044,35.170487623608125,False,False,False,33.21471455420574,14.829512376391875,False,False,LOW
C08247,NORMAL,0.3501097233174595,EXACT,15.587831955375185,12.9478,-2.797370222438678,33.973034133189046,False,False,False,34.41216804462481,16.026965866810954,False,False,LOW
C08248,NORMAL,0.6506214893926476,EXACT,20.28202855565476,25.8659,1.896826377840899,38.66723073346863,False,False,False,29.71797144434524,11.332769266531372,False,False,LOW
C08249,NORMAL,1.2800916589317497,EXACT,17.638047528869055,38.8012,-0.7471546489448073,36.02324970668292,False,False,False,32.36195247113095,13.976750293317082,False,False,LOW
C08250,NORMAL,0.5185083706364422,EXACT,18.289964887323773,14.5175,-0.0952372904900897,36.67516706513764,False,False,False,31.710035112676227,13.324832934862357,False,False,LOW
C08251,NORMAL,0.5749801502877703,EXACT,17.40981163085317,13.4341,-0.9753905469606928,35.79501380866704,False,False,False,32.59018836914683,14.204986191332956,False,False,LOW
C08252,NORMAL,0.9377713049710814,EXACT,16.54787009861111,13.994,-1.8373320792027528,34.93307227642497,False,False,False,33.452129901388886,15.066927723575027,False,False,LOW
C08253,NORMAL,0.1664615669687938,EXACT,28.62438679434525,15.0966,10.23918461653139,47.00958897215912,False,False,False,21.37561320565475,2.990411027840878,False,False,LOW
C08254,NORMAL,0.92512613339725,EXACT,15.752691858531731,14.0604,-2.6325103192821317,34.13789403634559,False,False,False,34.24730814146827,15.862105963654408,False,False,LOW
C08255,NORMAL,0.8522322280527515,EXACT,12.598160354166676,12.0122,-5.787041823647188,30.98336253198054,False,False,False,37.40183964583332,19.01663746801946,False,False,LOW
C08256,NORMAL,0.1638880711956145,EXACT,16.654112006051584,14.1773,-1.731090171762279,35.03931418386544,False,False,False,33.345887993948416,14.960685816134557,False,False,LOW
C08257,NORMAL,0.7318912721637979,EXACT,16.966519610119043,13.7151,-1.4186825676948196,35.3517217879329,False,False,False,33.03348038988096,14.648278212067098,False,False,LOW
C08258,NORMAL,0.4258054185376774,EXACT,17.97826303819445,14.6412,-0.4069391396194142,36.36346521600831,False,False,False,32.02173696180555,13.636534783991692,False,False,LOW
C08259,NORMAL,0.5217078571564759,EXACT,19.494795790322875,13.631,1.109593612509013,37.879997968136735,False,False,False,30.505204209677125,12.120002031863265,False,False,LOW
C08260,NORMAL,1.198078901691725,EXACT,18.0203300531746,15.4671,-0.3648721246392625,36.40553223098846,False,False,False,31.9796699468254,13.594467769011537,False,False,LOW
C08261,NORMAL,0.9796931279787624,EXACT,19.32983263910257,14.251,0.9446304612887068,37.71503481691643,False,False,False,30.67016736089743,12.284965183083571,False,False,LOW
C08262,NORMAL,0.6366538255259322,EXACT,18.50470393462302,21.5912,0.1195017568091572,36.88990611243688,False,False,False,31.49529606537698,13.110093887563117,False,False,LOW
C08263,NORMAL,0.3772771797693944,EXACT,20.3937808126984,15.105,2.008578634884536,38.77898299051226,False,False,False,29.6062191873016,11.221017009487738,False,False,LOW
C08264,NORMAL,0.3834570873540831,EXACT,17.409516324107145,12.7432,-0.975685853706718,35.79471850192101,False,False,False,32.590483675892855,14.205281498078989,False,False,LOW
C08265,NORMAL,0.831364135650819,EXACT,19.062958223214284,13.3283,0.6777560454004217,37.44816040102815,False,False,False,30.937041776785716,12.551839598971853,False,False,LOW
C08266,ANOMALOUS,3.247386245221289,EXACT,17.2894083725018,12.757,-1.0957938053120628,35.67461055031566,False,False,False,32.710591627498204,14.325389449684337,True,True,MEDIUM
C08267,NORMAL,0.9208747682551586,EXACT,23.00031311304564,14.7001,4.615110935231776,41.3855152908595,False,False,False,26.99968688695436,8.614484709140498,False,False,LOW
C08268,NORMAL,0.4803709819633702,EXACT,20.48421848988096,33.4306,2.0990163120670964,38.869420667694826,False,False,False,29.51578151011904,11.130579332305174,False,False,LOW
C08269,NORMAL,0.5703143052875899,EXACT,17.621090121428573,13.7706,-0.7641120563852901,36.00629229924243,False,False,False,32.37890987857143,13.993707700757568,False,False,LOW
C08270,NORMAL,0.9588011405042542,EXACT,17.51022996988638,13.1431,-0.8749722079274811,35.89543214770025,False,False,False,32.48977003011362,14.104567852299752,False,False,LOW
C08271,NORMAL,0.2106239600465452,EXACT,17.506604702281734,15.4169,-0.8785974755321284,35.8918068800956,False,False,False,32.493395297718266,14.1081931199044,False,False,LOW
C08272,NORMAL,1.8105751120382392,EXACT,13.044897897718256,12.1717,-5.340304280095607,31.43010007553212,False,False,False,36.95510210228174,18.56989992446788,False,False,LOW
C08273,NORMAL,0.6573825079011546,EXACT,14.422830912400796,13.6842,-3.9623712654130663,32.80803309021466,False,False,False,35.5771690875992,17.191966909785343,False,False,LOW
C08274,NORMAL,0.227519790316232,EXACT,20.41166382311508,15.5196,2.026461645301218,38.796866000928944,False,False,False,29.58833617688492,11.203133999071056,False,False,LOW
C08275,NORMAL,0.5772490320206801,EXACT,18.77785289226192,12.795,0.3926507144480595,37.163055070075785,False,False,False,31.22214710773808,12.836944929924215,False,False,LOW
C08276,NORMAL,0.7104121404856573,EXACT,16.210816733333335,13.5277,-2.174385444480528,34.5960189111472,False,False,False,33.78918326666667,15.403981088852802,False,False,LOW
C08277,NORMAL,0.6988637277713428,EXACT,15.031246527876986,13.5526,-3.353955649936877,33.41644870569085,False,False,False,34.96875347212301,16.583551294309153,False,False,LOW
C08278,NORMAL,0.337281051353695,EXACT,54.59780228838385,61.4052,36.21260011057,72.98300446619771,True,True,True,-4.597802288383853,-22.983004466197713,False,False,HIGH
C08279,WATCH,2.106025751264296,EXACT,13.295720924854995,12.6839,-5.089481252958867,31.680923102668856,False,False,False,36.704279075145,18.319076897331144,True,False,LOW
C08280,NORMAL,0.1834453036161788,EXACT,13.647222404969334,12.6834,-4.737979772844529,32.03242458278319,False,False,False,36.352777595030666,17.967575417216807,False,False,LOW
C08281,NORMAL,0.7579135351761279,EXACT,16.356430135701345,13.3366,-2.028772042112518,34.74163231351521,False,False,False,33.643569864298655,15.258367686484789,False,False,LOW
C08282,NORMAL,0.8494391133096716,EXACT,16.5681192672619,13.6624,-1.817082910551964,34.95332144507576,False,False,False,33.4318807327381,15.046678554924242,False,False,LOW
C08283,NORMAL,0.7544204308409238,EXACT,15.521981377579367,13.2282,-2.863220800234494,33.90718355539323,False,False,False,34.478018622420635,16.09281644460677,False,False,LOW
C08284,NORMAL,0.507122291265895,EXACT,37.52908551259921,51.6406,19.143883334785347,55.91428769041308,True,False,True,12.47091448740079,-5.914287690413083,False,False,MEDIUM
C08285,NORMAL,1.4774790763997117,EXACT,17.131963159363554,13.9381,-1.2532390184503086,35.51716533717742,False,False,False,32.86803684063645,14.482834662822583,False,False,LOW
C08286,NORMAL,0.6109253591331881,EXACT,15.688931831764062,12.637,-2.6962703460498005,34.074134009577925,False,False,False,34.311068168235934,15.925865990422075,False,False,LOW
C08287,NORMAL,0.3593034663265269,EXACT,22.482083693154763,21.8758,4.0968815153409,40.86728587096863,False,False,False,27.517916306845237,9.13271412903137,False,False,LOW
C08288,NORMAL,1.587140572889692,EXACT,13.471854506448416,11.4528,-4.913347671365447,31.85705668426228,False,False,False,36.528145493551584,18.14294331573772,False,False,LOW
C08289,NORMAL,0.3227545172779305,EXACT,27.844858140514344,15.6487,9.45965596270048,46.230060318328206,False,False,False,22.155141859485656,3.7699396816717936,False,False,LOW
C08290,NORMAL,0.9866959238060724,EXACT,16.840943535150608,13.8465,-1.5442586426632552,35.22614571296447,False,False,False,33.15905646484939,14.773854287035533,False,False,LOW
C08291,NORMAL,1.4348228225623634,EXACT,37.06015119511186,22.3007,18.674949017298,55.44535337292572,False,False,True,12.939848804888143,-5.445353372925723,False,False,MEDIUM
C08292,NORMAL,0.3202219953209485,EXACT,22.71802386706348,27.5697,4.3328216892496165,41.10322604487735,False,False,False,27.28197613293652,8.896773955122647,False,False,LOW
C08293,NORMAL,0.7640004057297347,EXACT,18.735877830377305,13.5038,0.3506756525634422,37.12108000819117,False,False,False,31.264122169622695,12.878919991808829,False,False,LOW
C08294,WATCH,2.409042369330176,EXACT,16.40786668194444,13.1384,-1.977335495869422,34.79306885975831,False,False,False,33.59213331805556,15.206931140241693,True,False,LOW
C08295,NORMAL,0.6801858850723133,EXACT,17.641398289186494,14.3071,-0.7438038886273688,36.02660046700036,False,False,False,32.3586017108135,13.973399532999643,False,False,LOW
C08296,NORMAL,0.2479070426360844,EXACT,34.42916894017854,24.6006,16.04396676236468,52.81437111799241,False,False,True,15.570831059821458,-2.8143711179924082,False,False,MEDIUM
C08297,NORMAL,0.7055674896886976,EXACT,13.354680709027786,12.9792,-5.030521468786077,31.73988288684165,False,False,False,36.64531929097221,18.26011711315835,False,False,LOW
C08298,NORMAL,1.2208445820104756,EXACT,21.969858316666656,14.3225,3.584656138852793,40.35506049448052,False,False,False,28.030141683333344,9.644939505519481,False,False,LOW
C08299,NORMAL,0.0987859556892103,EXACT,13.7806982015873,11.7752,-4.604503976226564,32.165900379401165,False,False,False,36.2193017984127,17.834099620598835,False,False,LOW
C08300,NORMAL,0.2754385553808093,EXACT,21.306825608883464,52.0876,2.9216234310696017,39.69202778669733,True,False,False,28.693174391116536,10.30797221330267,False,False,LOW
C08301,NORMAL,1.0670172510463685,EXACT,47.71154496348299,24.3796,29.32634278566913,66.09674714129686,False,False,True,2.288455036517007,-16.09674714129686,False,False,MEDIUM
C08302,NORMAL,0.2573077700351757,EXACT,21.11087994803807,13.148,2.725677770224209,39.496082125851935,False,False,False,28.88912005196193,10.503917874148065,False,False,LOW
C08303,NORMAL,0.2575053712806097,EXACT,20.07884812797618,21.2853,1.693645950162317,38.46405030579004,False,False,False,29.92115187202382,11.535949694209961,False,False,LOW
C08304,NORMAL,0.7936207960969477,EXACT,16.163201079310955,13.879,-2.222001098502908,34.54840325712482,False,False,False,33.83679892068905,15.451596742875182,False,False,LOW
C08305,NORMAL,0.1901934067905135,EXACT,15.762714720657828,21.7872,-2.6224874571560357,34.14791689847169,False,False,False,34.237285279342174,15.852083101528308,False,False,LOW
C08306,NORMAL,0.8125335235012057,EXACT,21.045933816071408,14.4754,2.6607316382575448,39.43113599388527,False,False,False,28.954066183928592,10.56886400611473,False,False,LOW
C08307,NORMAL,1.3899188669566471,EXACT,25.079617928571437,58.2491,6.694415750757571,43.4648201063853,True,False,False,24.920382071428563,6.535179893614703,False,False,LOW
C08308,NORMAL,0.3075458248728691,EXACT,15.877200681547617,13.7244,-2.508001496266246,34.26240285936148,False,False,False,34.12279931845238,15.73759714063852,False,False,LOW
C08309,NORMAL,0.0619528935040153,EXACT,21.91064250476189,24.5214,3.525440326948029,40.29584468257576,False,False,False,28.08935749523811,9.704155317424238,False,False,LOW
C08310,NORMAL,0.4759975813944299,EXACT,15.043056387103174,13.2143,-3.3421457907106884,33.42825856491704,False,False,False,34.95694361289682,16.571741435082963,False,False,LOW
C08311,NORMAL,1.0126538326771213,EXACT,17.651443566269847,42.98,-0.7337586115440153,36.036645744083714,False,False,False,32.34855643373015,13.963354255916286,False,False,LOW
C08312,NORMAL,1.680486347614733,EXACT,14.231775015873016,13.5636,-4.153427161940845,32.61697719368688,False,False,False,35.76822498412699,17.38302280631312,False,False,LOW
C08313,NORMAL,0.5189629626236295,EXACT,13.556203745986656,11.7918,-4.8289984318272055,31.94140592380052,False,False,False,36.44379625401334,18.05859407619948,False,False,LOW
C08314,NORMAL,0.3252948608728302,EXACT,16.07917005039682,13.7886,-2.306032127417044,34.46437222821068,False,False,False,33.92082994960318,15.535627771789322,False,False,LOW
C08315,NORMAL,1.5181969351969022,EXACT,16.411890216459234,11.1445,-1.9733119613546288,34.79709239427309,False,False,False,33.588109783540766,15.202907605726907,False,False,LOW
C08316,NORMAL,1.5708814659841517,EXACT,17.939894255476204,50.8883,-0.4453079223376583,36.32509643329007,True,False,False,32.060105744523796,13.67490356670993,False,False,LOW
C08317,NORMAL,0.9920672211130502,EXACT,13.063014596121944,11.2918,-5.322187581691919,31.448216773935805,False,False,False,36.936985403878055,18.551783226064195,False,False,LOW
C08318,NORMAL,0.2732017412879203,EXACT,18.24567836948051,41.6635,-0.1395238083333545,36.63088054729437,False,False,False,31.75432163051949,13.369119452705633,False,False,LOW
C08319,NORMAL,0.4374402022084455,EXACT,22.548471640178555,54.7794,4.163269462364692,40.933673817992414,True,False,False,27.451528359821445,9.066326182007586,False,False,LOW
C08320,NORMAL,0.6261212128455125,EXACT,36.02606191350111,24.6344,17.640859735687247,54.411264091314976,False,False,True,13.97393808649889,-4.411264091314976,False,False,MEDIUM
C08321,NORMAL,0.3158984189780388,EXACT,19.07816857383036,14.6511,0.692966396016498,37.46337075164422,False,False,False,30.92183142616964,12.53662924835578,False,False,LOW
C08322,NORMAL,0.3972682693219865,EXACT,18.52707836835318,14.3394,0.1418761905393175,36.91228054616704,False,False,False,31.47292163164682,13.08771945383296,False,False,LOW
C08323,NORMAL,1.118477561510533,EXACT,15.403243598443233,13.8825,-2.9819585793706302,33.78844577625709,False,False,False,34.59675640155677,16.211554223742908,False,False,LOW
C08324,NORMAL,0.1599933941420154,EXACT,20.3195274609127,13.7561,1.934325283098836,38.70472963872656,False,False,False,29.6804725390873,11.295270361273438,False,False,LOW
C08325,NORMAL,1.3666125260591584,EXACT,30.84656655764475,24.2612,12.461364379830886,49.231768735458616,False,False,False,19.15343344235525,0.7682312645413845,False,False,LOW
C08326,NORMAL,1.241918767267915,EXACT,19.26388869550552,14.4962,0.8786865176916585,37.64909087331938,False,False,False,30.73611130449448,12.35090912668062,False,False,LOW
C08327,NORMAL,0.3456510853317597,EXACT,12.672138687202368,12.3927,-5.713063490611495,31.05734086501623,False,False,False,37.32786131279763,18.94265913498377,False,False,LOW
C08328,NORMAL,0.6656723319812374,EXACT,18.712324165079355,14.8359,0.3271219872654924,37.09752634289322,False,False,False,31.287675834920645,12.902473657106782,False,False,LOW
C08329,NORMAL,1.345815247828141,EXACT,18.485098853759176,15.0264,0.0998966759453132,36.87030103157304,False,False,False,31.514901146240824,13.129698968426958,False,False,LOW
C08330,NORMAL,1.4328968698447295,EXACT,17.544043815376977,24.7289,-0.8411583624368859,35.92924599319084,False,False,False,32.45595618462302,14.07075400680916,False,False,LOW
C08331,NORMAL,0.5607854359021556,EXACT,14.488545280654735,13.8257,-3.896656897159128,32.8737474584686,False,False,False,35.51145471934527,17.1262525415314,False,False,LOW
C08332,NORMAL,0.2978071692789206,EXACT,23.919790237698397,31.9303,5.5345880598845305,42.30499241551226,False,False,False,26.080209762301603,7.69500758448774,False,False,LOW
C08333,NORMAL,0.3055479397466042,EXACT,52.44752219761898,51.3014,34.062320019805114,70.83272437543285,True,True,True,-2.44752219761898,-20.832724375432846,False,False,HIGH
C08334,NORMAL,1.190714087550612,EXACT,17.30469768689713,14.7388,-1.0805044909167345,35.689899864710995,False,False,False,32.69530231310287,14.310100135289005,False,False,LOW
C08335,NORMAL,1.3416648509968652,EXACT,17.8682198844246,14.847,-0.5169822933892618,36.253422062238464,False,False,False,32.131780115575395,13.746577937761536,False,False,LOW
C08336,WATCH,1.9929239558957816,EXACT,13.941394050177522,12.6022,-4.443808127636341,32.32659622799139,False,False,False,36.05860594982248,17.673403772008612,True,False,LOW
C08337,WATCH,2.273714349610432,EXACT,17.859450102645145,14.7638,-0.5257520751687181,36.24465228045901,False,False,False,32.14054989735486,13.755347719540993,True,False,LOW
C08338,NORMAL,0.8605380138986312,EXACT,15.730001148115084,51.6854,-2.65520102969878,34.115203325928945,True,False,False,34.269998851884914,15.884796674071055,False,False,LOW
C08339,NORMAL,1.0452580509543434,EXACT,19.54937649067463,14.0117,1.1641743128607658,37.93457866848849,False,False,False,30.45062350932537,12.065421331511509,False,False,LOW
C08340,NORMAL,0.3541254619568698,EXACT,16.159239177649397,13.857,-2.225963000164466,34.54444135546326,False,False,False,33.8407608223506,15.455558644536737,False,False,LOW
C08341,NORMAL,0.2559536992704056,EXACT,17.843382324007912,15.5347,-0.5418198538059507,36.22858450182177,False,False,False,32.15661767599209,13.771415498178229,False,False,LOW
C08342,NORMAL,1.6782969955538103,EXACT,20.08754863005687,15.5775,1.702346452243006,38.47275080787073,False,False,False,29.91245136994313,11.527249192129268,False,False,LOW
C08343,NORMAL,1.4771495490016944,EXACT,16.06509113501983,11.7249,-2.320111042794032,34.45029331283369,False,False,False,33.93490886498017,15.549706687166307,False,False,LOW
C08344,NORMAL,1.047274762307229,TYPE,15.376852413176412,13.3329,-3.0083497646374493,33.762054590990275,False,False,False,34.62314758682359,16.237945409009725,False,False,LOW
C08345,NORMAL,0.2774126761480553,EXACT,18.7030509084818,14.1656,0.3178487306679365,37.08825308629567,False,False,False,31.2969490915182,12.911746913704327,False,False,LOW
C08346,NORMAL,0.4236492021109349,EXACT,37.44835010841452,61.8562,19.063147930600653,55.83355228622838,True,False,True,12.551649891585477,-5.833552286228382,False,False,MEDIUM
C08347,NORMAL,1.2431203972862208,EXACT,19.329922650595236,14.852,0.9447204727813698,37.715124828409095,False,False,False,30.670077349404764,12.284875171590905,False,False,LOW
C08348,NORMAL,0.3815871408902557,EXACT,18.546554389484125,14.3181,0.1613522116702626,36.93175656729799,False,False,False,31.453445610515875,13.068243432702012,False,False,LOW
C08349,NORMAL,0.5850888258634606,EXACT,20.330347731249997,14.1123,1.9451455534361308,38.71554990906385,False,False,False,29.669652268750003,11.284450090936147,False,False,LOW
C08350,NORMAL,0.3170045135328435,EXACT,16.830467451190472,14.0712,-1.5547347266233906,35.21566962900434,False,False,False,33.16953254880953,14.784330370995661,False,False,LOW
C08351,NORMAL,0.6449818145767748,EXACT,25.22748308399171,21.2194,6.842280906177848,43.61268526180557,False,False,False,24.77251691600829,6.3873147381944335,False,False,LOW
C08352,NORMAL,0.4151279542282255,EXACT,16.633152535066827,13.3632,-1.7520496427470356,35.018354712880694,False,False,False,33.36684746493317,14.981645287119306,False,False,LOW
C08353,WATCH,1.993581989321526,EXACT,13.543623530357138,13.9253,-4.841578647456725,31.928825708171,False,False,False,36.45637646964286,18.071174291829,True,False,LOW
C08354,NORMAL,1.2395583867769289,EXACT,20.38981548780177,50.6913,2.0046133099879064,38.77501766561564,True,False,False,29.61018451219823,11.224982334384357,False,False,LOW
C08355,NORMAL,1.6225389666214118,EXACT,18.232546167261905,14.1761,-0.1526560105519578,36.61774834507577,False,False,False,31.767453832738095,13.382251654924232,False,False,LOW
C08356,NORMAL,0.4017524395542477,EXACT,16.441364610267808,13.6296,-1.9438375675460549,34.82656678808167,False,False,False,33.55863538973219,15.17343321191833,False,False,LOW
C08357,NORMAL,1.423976854720261,EXACT,18.54270627422856,37.4336,0.1575040964146943,36.927908452042416,False,False,False,31.45729372577144,13.072091547957584,False,False,LOW
C08358,NORMAL,1.658540450073262,EXACT,13.8271820407738,12.939,-4.558020137040064,32.21238421858766,False,False,False,36.1728179592262,17.78761578141234,False,False,LOW
C08359,NORMAL,0.517632045507481,EXACT,15.080996062019228,12.8599,-3.304206115794635,33.46619823983309,False,False,False,34.919003937980776,16.53380176016691,False,False,LOW
C08360,NORMAL,1.0667126894834622,EXACT,16.87367007668077,61.8201,-1.511532101133092,35.258872254494634,True,False,False,33.12632992331923,14.741127745505366,False,False,LOW
C08361,NORMAL,0.6281684548721336,EXACT,16.033114466964285,13.4858,-2.352087710849577,34.418316644778145,False,False,False,33.966885533035715,15.581683355221855,False,False,LOW
C08362,NORMAL,0.3063456621557503,EXACT,13.806441122519844,12.0816,-4.57876105529402,32.19164330033371,False,False,False,36.19355887748016,17.80835669966629,False,False,LOW
C08363,NORMAL,1.109392079564925,EXACT,32.4612489656746,21.4787,14.076046787860736,50.84645114348847,False,False,True,17.5387510343254,-0.8464511434884727,False,False,MEDIUM
C08364,NORMAL,0.6346454702939217,EXACT,24.09795551537697,13.9967,5.712753337563111,42.48315769319083,False,False,False,25.90204448462303,7.516842306809167,False,False,LOW
C08365,NORMAL,1.8078351493292764,EXACT,18.56399030536616,20.5231,0.1787881275522984,36.94919248318003,False,False,False,31.43600969463384,13.050807516819972,False,False,LOW
C08366,NORMAL,1.3190729413639106,EXACT,18.74011438214285,15.713,0.3549122043289827,37.12531655995671,False,False,False,31.25988561785715,12.874683440043292,False,False,LOW
C08367,NORMAL,1.0131699818956577,EXACT,18.468698261718785,14.9449,0.0834960839049223,36.85390043953265,False,False,False,31.531301738281215,13.146099560467349,False,False,LOW
C08368,NORMAL,1.364500935264367,EXACT,19.931089822100127,14.6025,1.545887644286264,38.31629199991399,False,False,False,30.068910177899873,11.683708000086007,False,False,LOW
C08369,NORMAL,0.4706230348973328,EXACT,21.412197865773805,14.3222,3.0269956879599427,39.79740004358767,False,False,False,28.587802134226195,10.202599956412328,False,False,LOW
C08370,NORMAL,1.3381892253379668,EXACT,14.362939876893936,13.7236,-4.022262300919927,32.7481420547078,False,False,False,35.63706012310607,17.2518579452922,False,False,LOW
C08371,NORMAL,0.8588941629963357,EXACT,21.92079072906745,13.8414,3.535588551253589,40.30599290688132,False,False,False,28.07920927093255,9.694007093118678,False,False,LOW
C08372,NORMAL,0.3899632083452907,EXACT,20.586201014285702,14.3653,2.20099883647184,38.971403192099565,False,False,False,29.413798985714298,11.028596807900435,False,False,LOW
C08373,NORMAL,0.5740167674616099,EXACT,19.578749043804116,14.2395,1.1935468659902495,37.963951221617975,False,False,False,30.421250956195884,12.036048778382025,False,False,LOW
C08374,NORMAL,0.6872050771532212,EXACT,54.078139989583335,59.9493,35.69293781176947,72.4633421673972,True,True,True,-4.078139989583335,-22.4633421673972,False,False,HIGH
C08375,NORMAL,0.1199853220130536,EXACT,18.15804026301824,14.5078,-0.2271619147956265,36.5432424408321,False,False,False,31.84195973698176,13.456757559167897,False,False,LOW
C08376,NORMAL,0.8374321457008351,EXACT,37.957270209731234,52.5108,19.57206803191737,56.3424723875451,True,False,True,12.042729790268766,-6.342472387545101,False,False,MEDIUM
C08377,NORMAL,0.7157143308334586,EXACT,18.39521047400792,14.4844,0.0100082961940586,36.78041265182178,False,False,False,31.60478952599208,13.219587348178223,False,False,LOW
C08378,NORMAL,1.2700967599748,EXACT,15.715634987809294,38.1705,-2.669567190004569,34.100837165623155,False,False,False,34.284365012190705,15.899162834376845,False,False,LOW
C08379,NORMAL,0.1305999633279403,EXACT,52.24664187655121,55.1859,33.86143969873734,70.63184405436508,True,True,True,-2.246641876551209,-20.631844054365075,False,False,HIGH
C08380,NORMAL,0.7564048327489726,EXACT,38.67470535942464,21.9075,20.28950318161078,57.0599075372385,False,False,True,11.325294640575358,-7.059907537238502,False,False,MEDIUM
C08381,NORMAL,1.566804437280175,EXACT,19.73738204553571,13.0413,1.3521798677218475,38.12258422334958,False,False,False,30.26261795446429,11.877415776650423,False,False,LOW
C08382,NORMAL,1.0292551799182084,EXACT,19.66605739732143,14.5135,1.2808552195075684,38.05125957513529,False,False,False,30.33394260267857,11.94874042486471,False,False,LOW
C08383,NORMAL,0.5987528821888347,EXACT,16.23743555184884,13.0471,-2.1477666259650228,34.6226377296627,False,False,False,33.76256444815116,15.3773622703373,False,False,LOW
C08384,NORMAL,1.4320390605442737,EXACT,16.401049273115078,13.6498,-1.9841529046987847,34.786251450928944,False,False,False,33.59895072688492,15.213748549071056,False,False,LOW
C08385,NORMAL,0.6554192247073732,EXACT,18.745156363194443,12.8612,0.3599541853805803,37.13035854100831,False,False,False,31.254843636805557,12.869641458991687,False,False,LOW
C08386,NORMAL,0.6729977280299188,EXACT,15.373643299408746,13.4598,-3.0115588784051166,33.75884547722261,False,False,False,34.62635670059125,16.241154522777393,False,False,LOW
C08387,NORMAL,0.4645934128154706,EXACT,18.251462217757947,14.875,-0.1337399600559159,36.63666439557181,False,False,False,31.748537782242053,13.363335604428187,False,False,LOW
C08388,NORMAL,0.1651668949027536,EXACT,21.70058993432539,14.3815,3.3153877565115266,40.08579211213925,False,False,False,28.29941006567461,9.914207887860748,False,False,LOW
C08389,NORMAL,1.522032225149145,EXACT,16.144704423829342,13.5073,-2.240497753984521,34.529906601643205,False,False,False,33.85529557617066,15.470093398356795,False,False,LOW
C08390,NORMAL,0.6601711793801742,EXACT,17.677158097023803,37.0279,-0.7080440807900601,36.06236027483767,False,False,False,32.322841902976194,13.937639725162327,False,False,LOW
C08391,NORMAL,0.1964538348543569,EXACT,55.70152619872838,55.1062,37.31632402091452,74.08672837654224,True,True,True,-5.701526198728381,-24.08672837654224,False,False,HIGH
C08392,NORMAL,0.588326442129756,EXACT,16.43572479077381,13.7826,-1.9494773870400517,34.82092696858767,False,False,False,33.56427520922619,15.17907303141233,False,False,LOW
C08393,NORMAL,1.8937444999693451,EXACT,19.35265236646826,15.1749,0.9674501886543964,37.73785454428212,False,False,False,30.64734763353174,12.262145455717878,False,False,LOW
C08394,NORMAL,0.5794608417195375,EXACT,23.68815488246817,15.0659,5.302952704654306,42.07335706028204,False,False,False,26.31184511753183,7.926642939717958,False,False,LOW
C08395,NORMAL,0.2041939178120743,EXACT,14.545056227976188,13.4019,-3.840145949837675,32.93025840579005,False,False,False,35.45494377202381,17.06974159420995,False,False,LOW
C08396,NORMAL,0.1557971570930133,EXACT,15.921169886607132,14.3349,-2.4640322912067294,34.306372064421,False,False,False,34.07883011339287,15.693627935579002,False,False,LOW
C08397,NORMAL,1.9071135983966945,EXACT,16.71409314133851,12.8009,-1.6711090364753538,35.099295319152375,False,False,False,33.28590685866149,14.900704680847625,False,False,LOW
C08398,NORMAL,0.16974819386958,EXACT,35.21067860059523,19.9215,16.825476422781367,53.5958807784091,False,False,True,14.78932139940477,-3.5958807784090965,False,False,MEDIUM
C08399,NORMAL,0.4978728051567037,EXACT,15.883238898313486,12.2864,-2.501963279500377,34.268441076127345,False,False,False,34.116761101686514,15.731558923872655,False,False,LOW
C08400,NORMAL,0.6338134536122294,EXACT,13.11788004623015,11.9068,-5.267322131583713,31.50308222404401,False,False,False,36.88211995376985,18.49691777595599,False,False,LOW
C08401,NORMAL,1.145360677095827,EXACT,16.82603428478068,15.1104,-1.5591678930331838,35.21123646259454,False,False,False,33.173965715219325,14.788763537405458,False,False,LOW
C08402,NORMAL,0.938401006042297,EXACT,19.255226062692564,13.3837,0.8700238848787016,37.64042824050642,False,False,False,30.744773937307436,12.359571759493583,False,False,LOW
C08403,NORMAL,0.3964791831028231,EXACT,17.514799061496966,14.6907,-0.870403116316897,35.900001239310825,False,False,False,32.485200938503034,14.099998760689175,False,False,LOW
C08404,NORMAL,0.8388670233690938,EXACT,17.12264909037697,14.8258,-1.262553087436892,35.507851268190834,False,False,False,32.87735090962303,14.492148731809166,False,False,LOW
C08405,NORMAL,1.1549101135419264,EXACT,15.65996272637432,13.2801,-2.725239451439544,34.045164904188184,False,False,False,34.34003727362568,15.954835095811816,False,False,LOW
C08406,NORMAL,0.1588661951422562,EXACT,16.317876453189864,14.6417,-2.0673257246239984,34.70307863100373,False,False,False,33.68212354681013,15.296921368996273,False,False,LOW
C08407,NORMAL,0.6810898401623016,EXACT,21.70081664424601,13.9079,3.315614466432152,40.08601882205988,False,False,False,28.29918335575399,9.913981177940123,False,False,LOW
C08408,NORMAL,1.572655087036426,EXACT,19.426113914404752,54.1088,1.040911736590889,37.81131609221862,True,False,False,30.573886085595248,12.188683907781382,False,False,LOW
C08409,NORMAL,0.1766379147678553,EXACT,18.072387231746028,15.5351,-0.3128149460678351,36.45758940955989,False,False,False,31.927612768253972,13.542410590440113,False,False,LOW
C08410,NORMAL,1.4394136970594458,EXACT,40.74153049784453,54.5161,22.356328320030663,59.12673267565839,True,False,True,9.25846950215547,-9.126732675658388,False,False,MEDIUM
C08411,NORMAL,0.3791977589143294,EXACT,15.336915126857855,13.6311,-3.048287050956008,33.72211730467172,False,False,False,34.66308487314215,16.27788269532828,False,False,LOW
C08412,NORMAL,0.6259462173086253,EXACT,16.61900569920634,14.7834,-1.7661964786075224,35.00420787702021,False,False,False,33.38099430079366,14.995792122979793,False,False,LOW
C08413,NORMAL,1.0573109258647473,EXACT,12.680005386607144,12.2165,-5.705196791206719,31.06520756442101,False,False,False,37.31999461339286,18.93479243557899,False,False,LOW
C08414,NORMAL,1.0102481944400166,TYPE,22.855625044069825,21.076,4.470422866255962,41.24082722188369,False,False,False,27.144374955930175,8.759172778116309,False,False,LOW
C08415,NORMAL,0.5750448353588209,EXACT,21.5902759952381,14.5411,3.2050738174242355,39.97547817305196,False,False,False,28.4097240047619,10.024521826948039,False,False,LOW
C08416,NORMAL,0.13821474772405,EXACT,18.799718426424956,22.4904,0.4145162486110898,37.18492060423881,False,False,False,31.200281573575044,12.815079395761188,False,False,LOW
C08417,NORMAL,1.4456505701574267,EXACT,15.270413667453806,13.7707,-3.114788510360057,33.65561584526767,False,False,False,34.72958633254619,16.34438415473233,False,False,LOW
C08418,NORMAL,1.544659620961737,EXACT,21.519614775892848,14.2927,3.1344125980789848,39.90481695370672,False,False,False,28.480385224107152,10.095183046293279,False,False,LOW
C08419,NORMAL,0.2314942395041914,TYPE,24.81799916130953,58.409,6.432796983495663,43.20320133912339,True,False,False,25.18200083869047,6.796798660876611,False,False,LOW
C08420,NORMAL,1.28094708669797,EXACT,23.91590866777597,14.4994,5.530706489962103,42.30111084558983,False,False,False,26.08409133222403,7.698889154410168,False,False,LOW
C08421,NORMAL,0.2223053917931412,EXACT,12.276901500892848,12.8891,-6.108300676921015,30.66210367870671,False,False,False,37.72309849910715,19.33789632129329,False,False,LOW
C08422,WATCH,2.3006321535747967,EXACT,14.346929183829364,53.3096,-4.0382729939844975,32.732131361643226,True,False,False,35.65307081617064,17.267868638356774,True,False,LOW
C08423,NORMAL,0.5259692642681797,EXACT,18.781028788392867,12.6152,0.3958266105790038,37.166230966206726,False,False,False,31.218971211607133,12.833769033793274,False,False,LOW
C08424,NORMAL,1.0255828008848853,EXACT,19.76120249974119,14.4478,1.376000321927329,38.146404677555054,False,False,False,30.23879750025881,11.853595322444946,False,False,LOW
C08425,NORMAL,0.3705091995433162,EXACT,16.937517855654757,14.2552,-1.4476843221591054,35.32272003346862,False,False,False,33.06248214434524,14.67727996653138,False,False,LOW
C08426,NORMAL,0.1642617617020391,EXACT,15.81104285832165,13.2518,-2.574159319492212,34.196245036135515,False,False,False,34.18895714167835,15.803754963864485,False,False,LOW
C08427,NORMAL,0.2532112059561155,EXACT,19.093034832251718,13.868,0.7078326544378513,37.47823701006558,False,False,False,30.906965167748282,12.521762989934423,False,False,LOW
C08428,NORMAL,0.3103046810048031,EXACT,19.61978751206877,13.9673,1.2345853342549056,38.00498968988264,False,False,False,30.38021248793123,11.995010310117358,False,False,LOW
C08429,NORMAL,0.7123658746765735,EXACT,24.57753597827384,37.8193,6.192333800459977,42.9627381560877,False,False,False,25.42246402172616,7.037261843912297,False,False,LOW
C08430,NORMAL,0.2996666846403545,EXACT,30.61543773700396,31.3022,12.230235559190096,49.00063991481783,False,False,False,19.38456226299604,0.9993600851821682,False,False,LOW
C08431,NORMAL,1.1763591685077952,EXACT,17.729596615178565,12.2593,-0.6556055626352979,36.11479879299243,False,False,False,32.270403384821435,13.885201207007569,False,False,LOW
C08432,NORMAL,0.5020786347364838,EXACT,16.732532976510285,14.7016,-1.6526692013035778,35.11773515432415,False,False,False,33.267467023489715,14.882264845675849,False,False,LOW
C08433,NORMAL,0.3197623695731058,EXACT,20.203969048304483,14.6057,1.81876687049062,38.589171226118346,False,False,False,29.796030951695517,11.410828773881654,False,False,LOW
C08434,NORMAL,0.3577564983741648,EXACT,15.683514533089816,13.6717,-2.701687644724048,34.06871671090368,False,False,False,34.31648546691018,15.93128328909632,False,False,LOW
C08435,NORMAL,1.0734250913689207,EXACT,13.756589719642854,12.8828,-4.628612458171009,32.14179189745671,False,False,False,36.243410280357146,17.858208102543287,False,False,LOW
C08436,NORMAL,0.0173005875855759,EXACT,19.120147018509805,39.8826,0.7349448406959418,37.505349196323664,False,False,False,30.879852981490195,12.494650803676336,False,False,LOW
C08437,NORMAL,0.433123469275706,EXACT,12.847448888789677,12.3499,-5.537753289024186,31.232651066603538,False,False,False,37.15255111121032,18.767348933396462,False,False,LOW
C08438,NORMAL,0.1763527677219621,EXACT,14.911267933630953,32.6351,-3.47393424418291,33.29647011144482,False,False,False,35.08873206636905,16.70352988855518,False,False,LOW
C08439,NORMAL,0.3135665081194865,EXACT,22.75993461845237,15.1506,4.374732440638507,41.14513679626623,False,False,False,27.24006538154763,8.854863203733771,False,False,LOW
C08440,NORMAL,0.8028997487756726,EXACT,33.05446480823414,59.3884,14.669262630420274,51.439666986048,True,False,True,16.945535191765863,-1.4396669860480031,False,False,MEDIUM
C08441,NORMAL,1.6262941915572908,EXACT,16.57107161666667,14.0042,-1.8141305611471916,34.95627379448054,False,False,False,33.42892838333333,15.043726205519462,False,False,LOW
C08442,NORMAL,0.5647492215487473,EXACT,24.061985128625537,56.3994,5.676782950811674,42.4471873064394,True,False,False,25.938014871374463,7.552812693560597,False,False,LOW
C08443,NORMAL,0.2844028158146607,EXACT,32.34483326815475,54.0044,13.959631090340888,50.73003544596861,True,False,True,17.65516673184525,-0.7300354459686105,False,False,MEDIUM
C08444,NORMAL,1.001972081422783,EXACT,43.38625522470239,55.0829,25.00105304688853,61.77145740251625,True,False,True,6.6137447752976115,-11.771457402516248,False,False,MEDIUM
C08445,NORMAL,0.8378750451390716,EXACT,15.075164730546067,13.1502,-3.310037447267794,33.46036690835993,False,False,False,34.924835269453936,16.53963309164007,False,False,LOW
C08446,ANOMALOUS,2.9107096324583,EXACT,14.531741374603174,12.7504,-3.853460803210689,32.91694355241704,False,False,False,35.46825862539683,17.083056447582962,True,True,MEDIUM
C08447,NORMAL,0.7766096986036449,EXACT,12.98885839862638,13.1783,-5.396343779187484,31.374060576440243,False,False,False,37.01114160137362,18.625939423559757,False,False,LOW
C08448,NORMAL,0.2275687183485119,EXACT,37.591606576388926,53.7825,19.206404398575064,55.97680875420279,True,False,True,12.408393423611074,-5.976808754202793,False,False,MEDIUM
C08449,NORMAL,0.5060302419779892,EXACT,18.160484719841257,12.5117,-0.2247174579726056,36.54568689765512,False,False,False,31.839515280158743,13.454313102344877,False,False,LOW
C08450,NORMAL,1.5372568126951194,EXACT,12.985724299572636,12.7225,-5.3994778782412265,31.370926477386497,False,False,False,37.01427570042736,18.629073522613503,False,False,LOW
C08451,NORMAL,0.4989372980561976,EXACT,12.779342797023808,12.1359,-5.605859380790054,31.16454497483767,False,False,False,37.22065720297619,18.83545502516233,False,False,LOW
C08452,WATCH,2.146801516019096,EXACT,17.3520343839169,23.1445,-1.0331677938969612,35.73723656173077,False,False,False,32.6479656160831,14.262763438269232,True,False,LOW
C08453,NORMAL,1.6998710467420282,EXACT,22.13397347233043,15.5983,3.748771294516569,40.51917565014429,False,False,False,27.86602652766957,9.480824349855709,False,False,LOW
C08454,NORMAL,0.8035842782266369,EXACT,46.77909608234128,53.1261,28.39389390452742,65.16429826015515,True,False,True,3.220903917658717,-15.16429826015515,False,False,MEDIUM
C08455,NORMAL,0.3192534686316867,EXACT,15.10032011081347,14.5937,-3.2848820670003924,33.48552228862734,False,False,False,34.89967988918653,16.514477711372663,False,False,LOW
C08456,NORMAL,1.596268049412897,EXACT,18.98059540608768,15.6235,0.5953932282738137,37.36579758390154,False,False,False,31.01940459391232,12.63420241609846,False,False,LOW
C08457,NORMAL,0.7063476036735894,EXACT,17.16842568939394,13.5278,-1.2167764884199244,35.5536278672078,False,False,False,32.83157431060606,14.446372132792199,False,False,LOW
C08458,NORMAL,0.5937243960835554,EXACT,54.65507710238091,57.071,36.26987492456705,73.04027928019477,True,True,True,-4.655077102380908,-23.040279280194767,False,False,HIGH
C08459,NORMAL,0.6584224488963955,EXACT,16.080100871025916,26.1058,-2.3051013067879467,34.46530304883978,False,False,False,33.91989912897408,15.534696951160221,False,False,LOW
C08460,NORMAL,0.702670820031301,EXACT,14.804656184081889,12.1278,-3.580545993731974,33.18985836189575,False,False,False,35.19534381591811,16.81014163810425,False,False,LOW
C08461,ANOMALOUS,3.212388937236364,EXACT,13.055975813988098,12.709,-5.329226363825764,31.44117799180196,False,False,False,36.9440241860119,18.55882200819804,True,True,MEDIUM
C08462,NORMAL,0.7157101129095256,EXACT,19.40274215834268,14.7053,1.0175399805288166,37.78794433615654,False,False,False,30.59725784165732,12.212055663843458,False,False,LOW
C08463,NORMAL,0.6910804149218995,EXACT,14.364836557142851,12.7056,-4.020365620671011,32.75003873495672,False,False,False,35.63516344285715,17.249961265043282,False,False,LOW
C08464,NORMAL,0.1677130477790421,EXACT,14.336084828571437,12.3463,-4.049117349242426,32.721287006385296,False,False,False,35.66391517142856,17.278712993614704,False,False,LOW
C08465,NORMAL,0.3913969292765271,EXACT,31.122452442460325,16.0555,12.737250264646462,49.50765462027419,False,False,False,18.877547557539675,0.49234537972581194,False,False,LOW
C08466,NORMAL,0.4942244318935926,EXACT,20.3214193842262,14.3412,1.936217206412337,38.70662156204006,False,False,False,29.6785806157738,11.293378437959937,False,False,LOW
C08467,NORMAL,0.2579939583222551,EXACT,21.881154566694367,14.3463,3.495952388880504,40.26635674450823,False,False,False,28.118845433305633,9.73364325549177,False,False,LOW
C08468,NORMAL,1.2429649285709532,EXACT,15.05959085168653,15.3138,-3.325611326127333,33.44479302950039,False,False,False,34.94040914831347,16.55520697049961,False,False,LOW
C08469,NORMAL,1.7426562809409232,EXACT,14.725164832608364,13.1221,-3.660037345205499,33.11036701042222,False,False,False,35.274835167391636,16.889632989577777,False,False,LOW
C08470,NORMAL,0.7831800275180183,EXACT,16.008073722343628,13.1865,-2.3771284554702348,34.39327590015749,False,False,False,33.991926277656376,15.60672409984251,False,False,LOW
C08471,NORMAL,0.0884510215005858,EXACT,12.717272208333329,12.1456,-5.667929969480534,31.102474386147197,False,False,False,37.28272779166667,18.897525613852803,False,False,LOW
C08472,NORMAL,1.3933692786409,EXACT,26.080085307539704,14.0894,7.6948831297258415,44.46528748535357,False,False,False,23.919914692460296,5.534712514646429,False,False,LOW
C08473,NORMAL,0.2750863623434638,EXACT,26.027753977976204,39.0762,7.642551800162341,44.41295615579007,False,False,False,23.972246022023796,5.58704384420993,False,False,LOW
C08474,NORMAL,0.1410233211247917,EXACT,14.309662284731251,11.9957,-4.075539893082611,32.69486446254511,False,False,False,35.69033771526875,17.305135537454888,False,False,LOW
C08475,ANOMALOUS,3.17941226169265,EXACT,23.25948728397541,14.2305,4.874285106161548,41.64468946178927,False,False,False,26.74051271602459,8.35531053821073,True,True,MEDIUM
C08476,NORMAL,0.8222634992771063,EXACT,20.86069352648809,24.1365,2.4754913486742325,39.24589570430196,False,False,False,29.13930647351191,10.754104295698042,False,False,LOW
C08477,NORMAL,0.4645297291653298,EXACT,17.62952651289683,13.7645,-0.7556756649170318,36.0147286907107,False,False,False,32.37047348710317,13.985271309289303,False,False,LOW
C08478,NORMAL,1.698142361188752,EXACT,20.795473365773816,13.3673,2.410271187959953,39.18067554358768,False,False,False,29.204526634226184,10.819324456412318,False,False,LOW
C08479,NORMAL,1.2757736985353123,EXACT,18.796639509027774,12.8866,0.4114373312139108,37.18184168684164,False,False,False,31.203360490972226,12.818158313158357,False,False,LOW
C08480,NORMAL,0.7093465020501526,EXACT,27.27668351567461,34.2061,8.891481337860746,45.66188569348847,False,False,False,22.72331648432539,4.338114306511528,False,False,LOW
C08481,NORMAL,0.7054249348236625,EXACT,19.839926850694443,14.2571,1.4547246728805805,38.22512902850831,False,False,False,30.160073149305557,11.774870971491687,False,False,LOW
C08482,NORMAL,1.484231573331363,EXACT,15.992961524741206,14.1543,-2.3922406530726565,34.37816370255507,False,False,False,34.007038475258796,15.62183629744493,False,False,LOW
C08483,NORMAL,0.3352678238446629,EXACT,14.50758063720238,34.1518,-3.877621540611484,32.89278281501624,False,False,False,35.49241936279762,17.10721718498376,False,False,LOW
C08484,NORMAL,0.4811300431254334,EXACT,15.044555729291533,14.2366,-3.34064644852233,33.4297579071054,False,False,False,34.95544427070847,16.570242092894603,False,False,LOW
C08485,NORMAL,0.1072257899712373,EXACT,17.641849606078647,15.6537,-0.7433525717352154,36.02705178389251,False,False,False,32.35815039392135,13.97294821610749,False,False,LOW
C08486,NORMAL,0.1591971604094789,EXACT,18.962920561507936,13.8414,0.5777183836940729,37.3481227393218,False,False,False,31.037079438492064,12.651877260678198,False,False,LOW
C08487,NORMAL,1.092402672014139,EXACT,14.36089886160714,11.9835,-4.024303316206723,32.746101039421006,False,False,False,35.63910113839286,17.253898960578994,False,False,LOW
C08488,NORMAL,0.5300585655649761,EXACT,14.504629370734138,12.8856,-3.8805728070797247,32.889831548548,False,False,False,35.495370629265864,17.110168451451997,False,False,LOW
C08489,ANOMALOUS,3.090382784214305,EXACT,13.550527954433766,12.855,-4.834674223380096,31.935730132247627,False,False,False,36.44947204556623,18.064269867752373,True,True,MEDIUM
C08490,NORMAL,1.2963257219327002,EXACT,13.128853944047624,12.5856,-5.256348233766239,31.514056121861486,False,False,False,36.87114605595238,18.485943878138514,False,False,LOW
C08491,NORMAL,0.2526664024577242,EXACT,19.744096713988117,14.5325,1.358894536174251,38.12929889180198,False,False,False,30.255903286011883,11.87070110819802,False,False,LOW
C08492,NORMAL,0.265373437180618,EXACT,17.00327180680418,13.2963,-1.381930371009684,35.388473984618045,False,False,False,32.99672819319582,14.611526015381955,False,False,LOW
C08493,NORMAL,0.3503038721562646,EXACT,18.42408547648809,14.7555,0.0388832986742286,36.809287654301954,False,False,False,31.57591452351191,13.190712345698046,False,False,LOW
C08494,NORMAL,0.4868273565818178,EXACT,18.07097402678569,13.2463,-0.3142281510281677,36.45617620459956,False,False,False,31.92902597321431,13.543823795400442,False,False,LOW
C08495,NORMAL,1.0985030956482134,EXACT,18.5434041132215,13.8215,0.1582019354076358,36.928606291035365,False,False,False,31.4565958867785,13.071393708964635,False,False,LOW
C08496,NORMAL,0.7751988977565459,EXACT,19.861766480357147,13.6419,1.4765643025432844,38.24696865817101,False,False,False,30.138233519642853,11.753031341828986,False,False,LOW
C08497,NORMAL,0.3063250933469269,EXACT,17.81206845904306,12.8325,-0.5731337187708014,36.19727063685693,False,False,False,32.18793154095694,13.802729363143072,False,False,LOW
C08498,NORMAL,0.21250421434743,EXACT,14.9479161342262,14.9477,-3.4372860435876635,33.333118312040064,False,False,False,35.0520838657738,16.666881687959936,False,False,LOW
C08499,NORMAL,0.6988100797399334,EXACT,16.87032437070125,13.9696,-1.5148778071126117,35.255526548515114,False,False,False,33.129675629298745,14.744473451484886,False,False,LOW
C08500,NORMAL,1.1867923609879445,EXACT,13.178696702119405,10.8302,-5.20650547569446,31.563898879933262,False,False,False,36.8213032978806,18.436101120066738,False,False,LOW
C08501,NORMAL,0.061445956221533,EXACT,17.489679465575392,20.8657,-0.8955227122384706,35.87488164338926,False,False,False,32.51032053442461,14.125118356610741,False,False,LOW
C08502,NORMAL,0.4285760451553188,EXACT,14.341942615277771,13.2164,-4.04325956253609,32.72714479309164,False,False,False,35.65805738472223,17.27285520690836,False,False,LOW
C08503,NORMAL,0.4248572108957166,EXACT,13.698784415503248,11.8848,-4.686417762310615,32.08398659331711,False,False,False,36.30121558449675,17.916013406682893,False,False,LOW
C08504,NORMAL,1.6736008905576047,EXACT,13.909777025198398,12.865,-4.475425152615465,32.29497920301226,False,False,False,36.090222974801605,17.70502079698774,False,False,LOW
C08505,NORMAL,0.5353602150355956,EXACT,16.211462249404764,13.9328,-2.1737399284090984,34.59666442721863,False,False,False,33.78853775059524,15.403335572781373,False,False,LOW
C08506,NORMAL,0.569256152468777,EXACT,15.68228471150793,35.0064,-2.7029174663059337,34.06748688932179,False,False,False,34.31771528849207,15.932513110678208,False,False,LOW
C08507,NORMAL,0.5463692230009017,EXACT,19.589525297420625,14.1265,1.2043231196067623,37.97472747523449,False,False,False,30.410474702579375,12.025272524765512,False,False,LOW
C08508,NORMAL,0.440342883533533,EXACT,16.69167540912699,14.1428,-1.693526768686873,35.07687758694085,False,False,False,33.30832459087301,14.923122413059147,False,False,LOW
C08509,NORMAL,0.5262784865840711,EXACT,35.285356183134944,24.9479,16.90015400532108,53.6705583609488,False,False,True,14.714643816865056,-3.670558360948803,False,False,MEDIUM
C08510,NORMAL,0.9284469913005596,EXACT,14.75384157943511,13.742,-3.6313605983787536,33.13904375724897,False,False,False,35.24615842056489,16.86095624275103,False,False,LOW
C08511,NORMAL,1.0831954354332274,EXACT,38.926822246428586,20.2874,20.541620068614723,57.31202442424245,False,False,True,11.073177753571414,-7.312024424242452,False,False,MEDIUM
C08512,NORMAL,0.5464784678411654,EXACT,23.47416690131188,13.9402,5.08896472349802,41.85936907912574,False,False,False,26.52583309868812,8.140630920874258,False,False,LOW
C08513,NORMAL,0.164548493160395,EXACT,16.55531768634841,14.5177,-1.829884491465453,34.94051986416227,False,False,False,33.44468231365159,15.059480135837731,False,False,LOW
C08514,NORMAL,0.5655638174600685,EXACT,14.955881256845238,13.2228,-3.4293209209686246,33.3410834346591,False,False,False,35.04411874315476,16.658916565340903,False,False,LOW
C08515,NORMAL,0.1128281886880853,EXACT,19.942107808333336,28.708,1.5569056305194735,38.3273099861472,False,False,False,30.057892191666664,11.672690013852801,False,False,LOW
C08516,WATCH,2.0276776648055947,EXACT,19.594329792188297,14.156,1.2091276143744345,37.97953197000216,False,False,False,30.405670207811703,12.020468029997843,True,False,LOW
C08517,NORMAL,0.5020117904422465,EXACT,16.891913993739543,13.1781,-1.49328818407432,35.2771161715534,False,False,False,33.10808600626046,14.722883828446598,False,False,LOW
C08518,NORMAL,0.1331998941301951,EXACT,15.344469522420622,12.8009,-3.0407326553932403,33.72967170023448,False,False,False,34.655530477579376,16.270328299765517,False,False,LOW
C08519,NORMAL,1.5998088870044689,EXACT,14.67377428264738,14.1696,-3.711427895166484,33.05897646046124,False,False,False,35.32622571735262,16.94102353953876,False,False,LOW
C08520,NORMAL,0.3780733453513316,EXACT,32.34875471124847,22.315,13.963552533434603,50.73395688906233,False,False,True,17.651245288751532,-0.7339568890623269,False,False,MEDIUM
C08521,NORMAL,1.4624648250839951,EXACT,16.08995556322004,14.1379,-2.2952466145938217,34.475157741033904,False,False,False,33.910044436779955,15.524842258966096,False,False,LOW
C08522,NORMAL,0.9979339369403314,EXACT,24.01029963178209,14.6395,5.625097453968227,42.39550180959596,False,False,False,25.98970036821791,7.604498190404037,False,False,LOW
C08523,NORMAL,0.7900657770840754,EXACT,20.32728285377885,15.0674,1.9420806759649916,38.71248503159272,False,False,False,29.67271714622115,11.28751496840728,False,False,LOW
C08524,NORMAL,0.6866712710208148,EXACT,41.20337606031747,23.7788,22.818173882503604,59.58857823813133,False,False,True,8.796623939682533,-9.588578238131333,False,False,MEDIUM
C08525,NORMAL,0.8093155212209193,EXACT,19.44224663282564,14.2432,1.057044455011777,37.8274488106395,False,False,False,30.55775336717436,12.172551189360497,False,False,LOW
C08526,NORMAL,0.7194870491938566,EXACT,16.744705439622173,14.3748,-1.6404967381916895,35.12990761743603,False,False,False,33.25529456037783,14.870092382563968,False,False,LOW
C08527,NORMAL,0.2292549810988888,EXACT,17.087340521329356,14.8522,-1.297861656484507,35.47254269914322,False,False,False,32.91265947867065,14.527457300856781,False,False,LOW
C08528,NORMAL,0.1027543060913692,EXACT,15.76498868511904,13.5349,-2.6202134926948237,34.1501908629329,False,False,False,34.235011314880964,15.849809137067098,False,False,LOW
C08529,NORMAL,0.9026033107339754,EXACT,21.855767744940486,21.8626,3.470565567126624,40.240969922754346,False,False,False,28.144232255059514,9.759030077245654,False,False,LOW
C08530,NORMAL,1.5875006507468876,EXACT,15.69959838420816,26.948,-2.685603793605704,34.084800562022025,False,False,False,34.30040161579184,15.915199437977975,False,False,LOW
C08531,NORMAL,0.7587681255984126,EXACT,18.27882041121031,13.9154,-0.1063817666035511,36.66402258902417,False,False,False,31.72117958878969,13.33597741097583,False,False,LOW
C08532,NORMAL,0.3846598800649138,EXACT,14.791361494543658,14.0499,-3.593840683270205,33.17656367235752,False,False,False,35.20863850545634,16.823436327642483,False,False,LOW
C08533,NORMAL,0.2018781156208959,EXACT,20.030679789323862,56.501,1.6454776115100032,38.41588196713773,True,False,False,29.969320210676138,11.584118032862271,False,False,LOW
C08534,NORMAL,1.2747210402192348,EXACT,15.19561525873017,12.3947,-3.189586919083693,33.58081743654403,False,False,False,34.80438474126983,16.41918256345597,False,False,LOW
C08535,NORMAL,0.1184548336009262,EXACT,17.07266108919693,14.8105,-1.312541088616932,35.457863267010794,False,False,False,32.92733891080307,14.542136732989206,False,False,LOW
C08536,NORMAL,0.1870662481444738,EXACT,30.172280753617184,15.8847,11.78707857580332,48.557482931431046,False,False,False,19.827719246382816,1.4425170685689537,False,False,LOW
C08537,NORMAL,0.1710089539202949,EXACT,15.350903424549058,14.0589,-3.034298753264805,33.73610560236292,False,False,False,34.64909657545094,16.26389439763708,False,False,LOW
C08538,NORMAL,0.1964639490858848,EXACT,15.658907625703586,14.1678,-2.726294552110277,34.04410980351745,False,False,False,34.341092374296416,15.95589019648255,False,False,LOW
C08539,NORMAL,0.4889931522835574,EXACT,18.76614582947954,21.9362,0.3809436516656781,37.15134800729341,False,False,False,31.23385417052046,12.848651992706593,False,False,LOW
C08540,NORMAL,0.9980423296054498,EXACT,15.56608883286063,14.1422,-2.819113344953232,33.951291010674495,False,False,False,34.43391116713937,16.048708989325505,False,False,LOW
C08541,NORMAL,0.0654156259076759,EXACT,18.34573054365884,13.2155,-0.0394716341550243,36.7309327214727,False,False,False,31.65426945634116,13.269067278527302,False,False,LOW
C08542,NORMAL,0.057138634431367,EXACT,17.885414701785717,13.816,-0.4997874760281462,36.27061687959958,False,False,False,32.11458529821428,13.72938312040042,False,False,LOW
C08543,NORMAL,1.109123066273084,EXACT,15.360103496664902,13.8546,-3.025098681148961,33.745305674478765,False,False,False,34.639896503335095,16.254694325521235,False,False,LOW
C08544,NORMAL,1.4849249399721929,EXACT,22.77873745744045,31.8314,4.393535279626583,41.16393963525431,False,False,False,27.22126254255955,8.836060364745691,False,False,LOW
C08545,NORMAL,1.0865660608685244,EXACT,24.727466955257945,13.9821,6.342264777444083,43.112669133071805,False,False,False,25.272533044742055,6.887330866928195,False,False,LOW
C08546,NORMAL,1.0990416841231077,EXACT,17.577691130158723,14.4553,-0.8075110476551401,35.962893307972585,False,False,False,32.422308869841274,14.037106692027415,False,False,LOW
C08547,NORMAL,0.6567745226015339,EXACT,16.836064819444445,53.9689,-1.5491373583694177,35.22126699725831,True,False,False,33.163935180555555,14.778733002741689,False,False,LOW
C08548,NORMAL,0.6175951243644462,EXACT,15.31255658154762,13.7064,-3.072645596266243,33.697758759361484,False,False,False,34.68744341845238,16.302241240638516,False,False,LOW
C08549,NORMAL,1.26739600528368,EXACT,14.042907048511893,12.8399,-4.34229512930197,32.42810922632576,False,False,False,35.95709295148811,17.57189077367424,False,False,LOW
C08550,NORMAL,0.3448311432028313,EXACT,18.18948743671537,12.6559,-0.195714741098488,36.574689614529234,False,False,False,31.81051256328463,13.425310385470766,False,False,LOW
C08551,NORMAL,1.1690691871181953,EXACT,16.330173030730638,15.5839,-2.055029147083225,34.7153752085445,False,False,False,33.669826969269366,15.2846247914555,False,False,LOW
C08552,NORMAL,0.5721334168625514,EXACT,17.94245678769843,14.3343,-0.4427453901154337,36.32765896551229,False,False,False,32.05754321230157,13.672341034487708,False,False,LOW
C08553,NORMAL,0.7535068174883874,EXACT,19.295892513352616,14.694,0.910690335538753,37.68109469116648,False,False,False,30.704107486647384,12.318905308833521,False,False,LOW
C08554,NORMAL,0.4456076638221208,EXACT,41.38986151230155,24.6486,23.004659334487688,59.77506369011542,False,False,True,8.61013848769845,-9.775063690115417,False,False,MEDIUM
C08555,NORMAL,0.2619457800832641,EXACT,19.43763195664683,15.0876,1.0524297788329662,37.82283413446069,False,False,False,30.56236804335317,12.177165865539308,False,False,LOW
C08556,NORMAL,0.1207763801252279,TYPE,21.520469362599226,14.0576,3.135267184785363,39.90567154041309,False,False,False,28.479530637400774,10.094328459586912,False,False,LOW
C08557,NORMAL,0.7361475905721961,EXACT,17.495431492361128,55.7935,-0.889770685452735,35.88063367017499,True,False,False,32.50456850763887,14.119366329825013,False,False,LOW
C08558,NORMAL,0.7726765660253446,EXACT,36.11491069295634,20.8898,17.72970851514248,54.50011287077021,False,False,True,13.885089307043657,-4.500112870770209,False,False,MEDIUM
C08559,NORMAL,0.7049652214970294,EXACT,40.45638038455086,30.4074,22.071178206737,58.84158256236472,False,False,True,9.543619615449138,-8.84158256236472,False,False,MEDIUM
C08560,NORMAL,0.4415285154372005,EXACT,21.846260548944784,14.0154,3.461058371130921,40.23146272675865,False,False,False,28.153739451055216,9.76853727324135,False,False,LOW
C08561,NORMAL,0.9794765276206356,EXACT,15.016324037500008,12.6933,-3.3688781403138552,33.40152621531387,False,False,False,34.983675962499994,16.598473784686128,False,False,LOW
C08562,NORMAL,1.210942860622788,EXACT,14.61628600717894,12.3206,-3.768916170634924,33.0014881849928,False,False,False,35.38371399282106,16.9985118150072,False,False,LOW
C08563,NORMAL,1.3821174362192987,EXACT,16.25865516645191,12.4675,-2.1265470113619536,34.64385734426577,False,False,False,33.74134483354809,15.356142655734232,False,False,LOW
C08564,NORMAL,1.2516593132357154,EXACT,13.100483633143943,12.6142,-5.28471854466992,31.485685810957804,False,False,False,36.899516366856055,18.514314189042196,False,False,LOW
C08565,NORMAL,0.0838996512420009,EXACT,21.42744658164681,50.0572,3.042244403832949,39.81264875946067,True,False,False,28.57255341835319,10.187351240539329,False,False,LOW
C08566,NORMAL,0.4250645634066372,EXACT,21.16073568095238,14.095,2.7755335031385187,39.54593785876624,False,False,False,28.83926431904762,10.454062141233763,False,False,LOW
C08567,WATCH,2.5296364268068667,EXACT,17.588795335515876,36.932,-0.7964068422979871,35.973997513329735,False,False,False,32.411204664484124,14.026002486670265,True,False,LOW
C08568,NORMAL,0.1874254339555089,EXACT,17.96912492341271,12.8821,-0.4160772544011522,36.35432710122657,False,False,False,32.03087507658729,13.645672898773427,False,False,LOW
C08569,ANOMALOUS,2.959313398293144,EXACT,14.507543893521056,13.3165,-3.8776582842928073,32.89274607133492,False,False,False,35.49245610647894,17.10725392866508,True,True,MEDIUM
C08570,NORMAL,0.975942393915638,EXACT,16.78407319920636,14.4207,-1.6011289786075018,35.16927537702023,False,False,False,33.21592680079364,14.830724622979773,False,False,LOW
C08571,NORMAL,1.236951391577903,EXACT,18.876204774801582,14.0634,0.4910025969877196,37.261406952615445,False,False,False,31.123795225198418,12.738593047384555,False,False,LOW
C08572,NORMAL,0.1469762148179576,EXACT,15.876609291964275,12.1789,-2.508592885849588,34.26181146977814,False,False,False,34.12339070803573,15.738188530221862,False,False,LOW
C08573,NORMAL,0.9795771343578514,EXACT,31.623913796437595,22.2531,13.238711618623732,50.00911597425146,False,False,True,18.376086203562405,-0.009115974251457715,False,False,MEDIUM
C08574,NORMAL,0.8492694013322354,EXACT,13.0985174569507,10.6878,-5.286684720863164,31.48371963476456,False,False,False,36.9014825430493,18.51628036523544,False,False,LOW
C08575,NORMAL,0.3733468625645869,EXACT,18.376386009195663,13.6469,-0.0088161686181997,36.76158818700952,False,False,False,31.623613990804337,13.238411812990478,False,False,LOW
C08576,NORMAL,0.8181692969086825,EXACT,37.2732875142677,18.8432,18.88808533645384,55.65848969208156,False,False,True,12.7267124857323,-5.6584896920815595,False,False,MEDIUM
C08577,NORMAL,0.629819864030209,EXACT,14.2563405733225,13.0675,-4.128861604491362,32.64154275113636,False,False,False,35.743659426677496,17.358457248863637,False,False,LOW
C08578,NORMAL,0.7217720208688488,EXACT,23.00612659960315,22.4592,4.620924421789287,41.391328777417016,False,False,False,26.99387340039685,8.608671222582984,False,False,LOW
C08579,NORMAL,0.3407840154359616,EXACT,20.60878479674424,14.2624,2.223582618930376,38.9939869745581,False,False,False,29.39121520325576,11.006013025441902,False,False,LOW
C08580,NORMAL,0.2914983971387955,EXACT,37.755921049702366,52.7965,19.370718871888503,56.14112322751623,True,False,True,12.244078950297634,-6.141123227516232,False,False,MEDIUM
C08581,NORMAL,0.2936156771137581,EXACT,19.378686127687587,13.9934,0.993483949873724,37.76388830550145,False,False,False,30.621313872312413,12.236111694498547,False,False,LOW
C08582,NORMAL,1.3742637199489178,EXACT,14.28062311112013,13.815,-4.1045790666937325,32.665825288933995,False,False,False,35.71937688887987,17.334174711066005,False,False,LOW
C08583,NORMAL,0.3370293951488892,EXACT,13.765279550892853,11.9016,-4.619922626921012,32.15048172870672,False,False,False,36.234720449107144,17.849518271293277,False,False,LOW
C08584,NORMAL,0.5461715390141954,EXACT,20.728839059821425,13.9786,2.343636882007562,39.11404123763529,False,False,False,29.271160940178575,10.885958762364709,False,False,LOW
C08585,NORMAL,0.2486896226976744,EXACT,16.35674564159036,13.847,-2.0284565362235014,34.741947819404224,False,False,False,33.643254358409635,15.258052180595776,False,False,LOW
C08586,NORMAL,0.6717746948566311,EXACT,12.704148252678586,11.8721,-5.681053925135277,31.08935043049245,False,False,False,37.295851747321414,18.91064956950755,False,False,LOW
C08587,NORMAL,0.6567059116734375,EXACT,20.60005960069446,14.8471,2.2148574228805984,38.98526177850832,False,False,False,29.39994039930554,11.014738221491683,False,False,LOW
C08588,NORMAL,0.7615289131079755,EXACT,23.59420185089285,14.5859,5.208999673078992,41.97940402870672,False,False,False,26.40579814910715,8.020595971293282,False,False,LOW
C08589,NORMAL,1.6148767772870485,EXACT,17.15410187299298,12.5575,-1.231100304820881,35.53930405080685,False,False,False,32.84589812700702,14.460695949193152,False,False,LOW
C08590,NORMAL,0.7222886305559499,EXACT,56.17543969454362,58.9229,37.79023751672976,74.56064187235748,True,True,True,-6.17543969454362,-24.56064187235748,False,False,HIGH
C08591,NORMAL,0.2784542613568936,EXACT,16.62767265900975,14.3019,-1.7575295188041125,35.01287483682361,False,False,False,33.37232734099025,14.987125163176387,False,False,LOW
C08592,NORMAL,1.6083411433743788,EXACT,14.250763891468257,12.4663,-4.134438286345606,32.63596606928212,False,False,False,35.74923610853175,17.36403393071788,False,False,LOW
C08593,NORMAL,1.144117308193054,EXACT,16.435906767598897,14.6298,-1.949295410214965,34.82110894541276,False,False,False,33.564093232401106,15.17889105458724,False,False,LOW
C08594,NORMAL,0.9980300021689078,EXACT,16.071136552678567,14.031,-2.314065625135296,34.45633873049243,False,False,False,33.92886344732143,15.543661269507567,False,False,LOW
C08595,NORMAL,0.7033755991531117,EXACT,17.478913802083323,13.6385,-0.90628837573054,35.864115979897186,False,False,False,32.521086197916674,14.135884020102814,False,False,LOW
C08596,NORMAL,0.3184329154650101,EXACT,22.51542160149711,60.4566,4.130219423683247,40.900623779310976,True,False,False,27.48457839850289,9.099376220689024,False,False,LOW
C08597,NORMAL,1.015952653673147,EXACT,16.222296294940467,13.9165,-2.162905882873396,34.60749847275433,False,False,False,33.77770370505954,15.39250152724567,False,False,LOW
C08598,NORMAL,1.045116651347227,EXACT,18.48277320573108,14.8067,0.097571027917219,36.86797538354495,False,False,False,31.51722679426892,13.132024616455048,False,False,LOW
C08599,NORMAL,0.4058553882905453,EXACT,16.272324139033188,14.4505,-2.112878038780675,34.657526316847054,False,False,False,33.72767586096681,15.342473683152946,False,False,LOW
C08600,NORMAL,0.1478197693446737,EXACT,15.508671834290563,14.3553,-2.8765303435232976,33.893874012104426,False,False,False,34.49132816570943,16.106125987895574,False,False,LOW
C08601,NORMAL,1.0364467323141031,EXACT,14.2231603084596,13.3798,-4.162041869354262,32.608362486273464,False,False,False,35.7768396915404,17.391637513726536,False,False,LOW
C08602,NORMAL,0.465954770664612,EXACT,34.240769400595234,15.5388,15.85556722278137,52.62597157840909,False,False,True,15.759230599404766,-2.625971578409093,False,False,MEDIUM
C08603,NORMAL,0.3248400337963286,EXACT,19.87199045942461,34.6334,1.486788281610746,38.25719263723848,False,False,False,30.12800954057539,11.742807362761518,False,False,LOW
C08604,NORMAL,1.1089494386602896,EXACT,32.080771014682526,56.338,13.695568836868665,50.46597319249639,True,False,True,17.919228985317474,-0.46597319249639213,False,False,MEDIUM
C08605,NORMAL,0.6639504239119286,EXACT,15.09032651498016,13.9187,-3.294875662833702,33.47552869279402,False,False,False,34.90967348501984,16.524471307205978,False,False,LOW
C08606,NORMAL,1.1576130151605768,EXACT,21.860593161656745,13.7384,3.475390983842882,40.24579533947061,False,False,False,28.139406838343255,9.754204660529389,False,False,LOW
C08607,NORMAL,0.3238412523075091,EXACT,17.339672632948176,13.9285,-1.045529544865687,35.72487481076204,False,False,False,32.66032736705182,14.275125189237961,False,False,LOW
C08608,NORMAL,0.46587353953652,EXACT,17.02866361220237,13.6222,-1.356538565611494,35.41386579001623,False,False,False,32.971336387797635,14.586134209983769,False,False,LOW
C08609,NORMAL,0.1369369028695736,EXACT,15.488392937301583,13.5742,-2.89680924051228,33.87359511511545,False,False,False,34.51160706269842,16.12640488488455,False,False,LOW
C08610,NORMAL,0.846974872674437,EXACT,17.751347125784623,13.174,-0.6338550520292401,36.136549303598485,False,False,False,32.24865287421538,13.863450696401515,False,False,LOW
C08611,NORMAL,0.7648229248139465,EXACT,19.13159704182,14.4165,0.7463948640061346,37.51679921963386,False,False,False,30.86840295818,12.48320078036614,False,False,LOW
C08612,NORMAL,0.7465296017952394,EXACT,23.291475890476217,14.5736,4.906273712662355,41.67667806829008,False,False,False,26.708524109523783,8.32332193170992,False,False,LOW
C08613,NORMAL,1.20117090415384,EXACT,12.528406958639955,12.1765,-5.856795219173906,30.91360913645382,False,False,False,37.471593041360045,19.08639086354618,False,False,LOW
C08614,NORMAL,0.4757985054992364,EXACT,13.268418998809535,12.0792,-5.116783179004326,31.6536211766234,False,False,False,36.73158100119046,18.3463788233766,False,False,LOW
C08615,WATCH,2.2683652876183023,EXACT,22.934043360540155,14.0449,4.548841182726292,41.31924553835402,False,False,False,27.065956639459845,8.680754461645982,True,False,LOW
C08616,NORMAL,0.7755528181459209,EXACT,14.473522019537803,13.0836,-3.9116801582760594,32.85872419735166,False,False,False,35.5264779804622,17.141275802648337,False,False,LOW
C08617,NORMAL,0.6801310458172697,EXACT,19.374159708531728,22.2807,0.9889575307178652,37.75936188634559,False,False,False,30.625840291468272,12.240638113654413,False,False,LOW
C08618,NORMAL,1.5588195348779077,EXACT,18.026223147111352,13.1944,-0.3589790307025104,36.41142532492522,False,False,False,31.973776852888648,13.588574675074781,False,False,LOW
C08619,NORMAL,0.659330730101852,EXACT,12.220185111904764,12.342,-6.165017065909099,30.605387289718628,False,False,False,37.77981488809524,19.394612710281372,False,False,LOW
C08620,NORMAL,0.6531807673392884,EXACT,15.450906090007225,11.8538,-2.934296087806638,33.83610826782109,False,False,False,34.54909390999278,16.16389173217891,False,False,LOW
C08621,NORMAL,1.5186141012926286,EXACT,21.79845871031748,14.4459,3.4132565325036133,40.18366088813134,False,False,False,28.20154128968252,9.816339111868658,False,False,LOW
C08622,NORMAL,0.5448354616592423,EXACT,38.89251750989362,60.9041,20.50731533207976,57.27771968770749,True,False,True,11.107482490106378,-7.277719687707489,False,False,MEDIUM
C08623,NORMAL,0.4112050680217894,EXACT,16.337045921428565,13.0367,-2.048156256385297,34.72224809924243,False,False,False,33.66295407857143,15.277751900757572,False,False,LOW
C08624,NORMAL,0.4684831527365032,EXACT,17.1172427970238,14.4072,-1.2679593807900638,35.50244497483766,False,False,False,32.8827572029762,14.497555025162342,False,False,LOW
C08625,NORMAL,0.2650128428464062,EXACT,15.106695363340643,14.2136,-3.278506814473218,33.49189754115451,False,False,False,34.89330463665936,16.508102458845492,False,False,LOW
C08626,NORMAL,0.6214768216653497,EXACT,18.40024508283729,14.5168,0.0150429050234315,36.785447260651154,False,False,False,31.59975491716271,13.214552739348846,False,False,LOW
C08627,NORMAL,0.29515835284039,EXACT,17.05449959027776,13.3696,-1.330702587536102,35.43970176809162,False,False,False,32.94550040972224,14.560298231908376,False,False,LOW
C08628,NORMAL,1.5819525660201654,EXACT,19.52020022691668,56.5795,1.1349980491028155,37.90540240473054,True,False,False,30.47979977308332,12.094597595269462,False,False,LOW
C08629,NORMAL,0.098946183368574,EXACT,14.319589605555556,13.2118,-4.065612572258306,32.704791783369416,False,False,False,35.68041039444444,17.295208216630584,False,False,LOW
C08630,NORMAL,0.7199030298838861,EXACT,17.15383167541833,14.2771,-1.2313705023955317,35.5390338532322,False,False,False,32.84616832458167,14.460966146767802,False,False,LOW
C08631,NORMAL,1.0191217012422091,EXACT,17.546278277900317,13.4301,-0.8389238999135458,35.93148045571418,False,False,False,32.45372172209969,14.06851954428582,False,False,LOW
C08632,NORMAL,0.1757133275347459,EXACT,14.297554960218278,13.491,-4.087647217595585,32.682757138032144,False,False,False,35.70244503978172,17.317242861967856,False,False,LOW
C08633,NORMAL,0.8585692644537621,EXACT,17.94966676845238,14.6504,-0.4355354093614814,36.33486894626624,False,False,False,32.05033323154762,13.66513105373376,False,False,LOW
C08634,NORMAL,1.0130689580439711,EXACT,25.14049215773808,14.2088,6.755289979924218,43.52569433555195,False,False,False,24.85950784226192,6.474305664448053,False,False,LOW
C08635,NORMAL,0.5084460929797492,EXACT,21.26516926081348,15.4469,2.879967082999613,39.65037143862734,False,False,False,28.73483073918652,10.349628561372661,False,False,LOW
C08636,NORMAL,0.965891822497022,EXACT,17.421105516552892,29.8965,-0.9640966612609708,35.80630769436675,False,False,False,32.57889448344711,14.193692305633249,False,False,LOW
C08637,NORMAL,1.0643132517988174,EXACT,21.575267682440455,14.6375,3.1900655046265958,39.96046986025432,False,False,False,28.424732317559545,10.039530139745679,False,False,LOW
C08638,WATCH,2.474439634975533,EXACT,13.720858715178554,12.2756,-4.664343462635308,32.10606089299242,False,False,False,36.27914128482145,17.893939107007583,True,False,LOW
C08639,NORMAL,0.6488366480540013,EXACT,54.77300695089287,56.7826,36.38780477307901,73.15820912870673,True,True,True,-4.773006950892871,-23.15820912870673,False,False,HIGH
C08640,NORMAL,0.3232688792333044,EXACT,23.493810424747466,13.1568,5.108608246933599,41.879012602561325,False,False,False,26.506189575252534,8.120987397438675,False,False,LOW
C08641,NORMAL,1.1034063092220814,EXACT,16.001358137229445,36.673,-2.383844040584417,34.38656031504331,False,False,False,33.998641862770555,15.613439684956688,False,False,LOW
C08642,NORMAL,0.364001400963965,EXACT,38.07939940148805,24.9686,19.69419722367419,56.46460157930191,False,False,True,11.920600598511953,-6.464601579301913,False,False,MEDIUM
C08643,NORMAL,0.6709869113754191,EXACT,14.549049453273806,12.5546,-3.8361527245400566,32.93425163108767,False,False,False,35.45095054672619,17.06574836891233,False,False,LOW
C08644,NORMAL,0.2728483662278557,EXACT,20.409682325803917,13.5792,2.024480147990051,38.79488450361778,False,False,False,29.590317674196083,11.20511549638222,False,False,LOW
C08645,NORMAL,0.8591907894257824,EXACT,14.20883626642316,12.8974,-4.176365911390702,32.59403844423702,False,False,False,35.79116373357684,17.40596155576298,False,False,LOW
C08646,NORMAL,0.2852367590930706,EXACT,18.6012575546627,36.2254,0.2160553768488355,36.98645973247656,False,False,False,31.3987424453373,13.013540267523439,False,False,LOW
C08647,NORMAL,0.9824644439090886,EXACT,13.760228639123374,12.3159,-4.624973538690488,32.145430816937235,False,False,False,36.239771360876624,17.854569183062765,False,False,LOW
C08648,NORMAL,0.7363336792011166,EXACT,16.339673987103183,11.9286,-2.04552819071068,34.72487616491705,False,False,False,33.66032601289682,15.275123835082951,False,False,LOW
C08649,NORMAL,1.2866454880108522,EXACT,13.824430814384934,12.4397,-4.560771363428929,32.2096329921988,False,False,False,36.17556918561507,17.7903670078012,False,False,LOW
C08650,NORMAL,1.2151581066924455,EXACT,53.98876111934523,57.3056,35.60355894153136,72.3739632971591,True,True,True,-3.9887611193452273,-22.373963297159094,False,False,HIGH
C08651,NORMAL,0.2410019967054246,EXACT,20.40285154851192,14.7711,2.0176493706980594,38.788053726325785,False,False,False,29.59714845148808,11.211946273674215,False,False,LOW
C08652,WATCH,2.1122123650083067,EXACT,16.9773246329861,12.3431,-1.4078775448277625,35.36252681079996,False,False,False,33.0226753670139,14.637473189200037,True,False,LOW
C08653,NORMAL,0.2132000564267189,EXACT,29.88248298869048,14.1622,11.497280810876614,48.267685166504336,False,False,False,20.11751701130952,1.7323148334956642,False,False,LOW
C08654,NORMAL,0.8608616295598253,EXACT,13.615236801289669,12.6686,-4.769965376524194,32.000438979103535,False,False,False,36.38476319871033,17.999561020896465,False,False,LOW
C08655,NORMAL,0.5986205193857731,EXACT,15.313097194047636,12.3977,-3.072104983766227,33.698299371861495,False,False,False,34.686902805952364,16.301700628138505,False,False,LOW
C08656,NORMAL,0.7908336217214271,EXACT,16.503334294345223,39.6211,-1.88186788346864,34.88853647215909,False,False,False,33.49666570565478,15.111463527840911,False,False,LOW
C08657,NORMAL,0.2157160900482152,EXACT,19.767627486408717,34.6952,1.3824253085948506,38.15282966422258,False,False,False,30.232372513591283,11.84717033577742,False,False,LOW
C08658,NORMAL,0.0849664881690852,EXACT,41.3079914719246,25.4677,22.92278929411073,59.69319364973846,False,False,True,8.692008528075398,-9.693193649738461,False,False,MEDIUM
C08659,NORMAL,0.7361741460697473,EXACT,18.246909163275618,15.3896,-0.1382930145382452,36.63211134108949,False,False,False,31.753090836724382,13.367888658910509,False,False,LOW
C08660,NORMAL,1.238427825691104,EXACT,16.030434391369052,13.8637,-2.3547677864448104,34.415636569182915,False,False,False,33.969565608630944,15.584363430817085,False,False,LOW
C08661,NORMAL,1.404987059568554,EXACT,22.70878705575397,15.7197,4.323584877940103,41.09398923356783,False,False,False,27.29121294424603,8.906010766432168,False,False,LOW
C08662,NORMAL,0.6566963023995525,EXACT,13.278295643506487,11.0521,-5.106906534307376,31.663497821320348,False,False,False,36.72170435649351,18.336502178679652,False,False,LOW
C08663,NORMAL,0.6175032001564381,EXACT,16.846584522023814,14.8141,-1.5386176557900484,35.23178669983768,False,False,False,33.15341547797618,14.768213300162323,False,False,LOW
C08664,NORMAL,0.0928281568369143,EXACT,16.232656930456344,14.7472,-2.1525452473575197,34.61785910827021,False,False,False,33.76734306954366,15.38214089172979,False,False,LOW
C08665,NORMAL,0.4195944746846009,EXACT,16.498966686904765,14.4191,-1.8862354909090973,34.88416886471863,False,False,False,33.501033313095235,15.115831135281368,False,False,LOW
C08666,NORMAL,0.3398334017661398,EXACT,16.30022596417483,51.1225,-2.084976213639031,34.685428141988695,True,False,False,33.69977403582517,15.314571858011305,False,False,LOW
C08667,WATCH,2.567568411314477,EXACT,13.319960169246048,12.4422,-5.065242008567816,31.70516234705991,False,False,False,36.680039830753955,18.29483765294009,True,False,LOW
C08668,ANOMALOUS,3.449425066618117,EXACT,14.472156037824677,13.1865,-3.913046139989188,32.85735821563854,False,False,False,35.527843962175325,17.14264178436146,True,True,MEDIUM
C08669,NORMAL,1.746921529071081,EXACT,17.717980485282443,13.5308,-0.6672216925314203,36.10318266309631,False,False,False,32.28201951471756,13.896817336903688,False,False,LOW
C08670,NORMAL,0.763142837617765,EXACT,18.87198623613331,13.9836,0.4867840583194471,37.257188413947176,False,False,False,31.12801376386669,12.742811586052824,False,False,LOW
C08671,NORMAL,1.045375138459285,EXACT,15.756883233954234,13.5665,-2.628318943859629,34.14208541176809,False,False,False,34.243116766045766,15.857914588231907,False,False,LOW
C08672,WATCH,2.362543676161309,EXACT,15.250094308602725,12.8266,-3.1351078692111383,33.635296486416586,False,False,False,34.749905691397274,16.364703513583414,True,False,LOW
C08673,NORMAL,0.8730740169416547,EXACT,13.880156491269846,12.183,-4.505045686544017,32.26535866908371,False,False,False,36.119843508730156,17.73464133091629,False,False,LOW
C08674,WATCH,2.326094644850088,EXACT,13.54354809404762,12.7051,-4.841654083766244,31.92875027186148,False,False,False,36.45645190595238,18.07124972813852,True,False,LOW
C08675,NORMAL,0.1245536174287447,EXACT,15.806538850694444,14.6835,-2.57866332711942,34.191741028508304,False,False,False,34.193461149305556,15.808258971491696,False,False,LOW
C08676,NORMAL,1.291313460885404,EXACT,19.319287351925155,53.3555,0.934085174111292,37.70448952973902,True,False,False,30.680712648074845,12.295510470260979,False,False,LOW
C08677,NORMAL,0.8737101193693461,EXACT,19.447580880609674,14.1689,1.0623787027958116,37.83278305842354,False,False,False,30.552419119390326,12.167216941576463,False,False,LOW
C08678,NORMAL,1.8674288701045063,EXACT,16.2943886298521,11.1271,-2.090813547961762,34.67959080766596,False,False,False,33.7056113701479,15.32040919233404,False,False,LOW
C08679,NORMAL,0.2877081787976073,EXACT,14.589982259722216,11.5928,-3.795219918091647,32.97518443753608,False,False,False,35.41001774027778,17.02481556246392,False,False,LOW
C08680,NORMAL,0.436390498241465,EXACT,15.092081897619048,13.327,-3.293120280194815,33.47728407543291,False,False,False,34.907918102380954,16.522715924567088,False,False,LOW
C08681,NORMAL,0.4637631313307563,EXACT,17.23752022328297,13.4547,-1.147681954530892,35.62272240109684,False,False,False,32.76247977671703,14.377277598903163,False,False,LOW
C08682,NORMAL,1.6816277448301138,EXACT,42.70599291765875,21.8079,24.320790739844885,61.09119509547261,False,False,True,7.294007082341253,-11.091195095472607,False,False,MEDIUM
C08683,NORMAL,0.3062981274571891,EXACT,15.765471659148918,13.8669,-2.6197305186649444,34.15067383696278,False,False,False,34.234528340851085,15.849326163037219,False,False,LOW
C08684,NORMAL,1.390631357849196,EXACT,41.864148147411655,57.9543,23.478945969597792,60.24935032522552,True,False,True,8.135851852588345,-10.249350325225521,False,False,MEDIUM
C08685,NORMAL,1.0026583778231846,EXACT,14.801489671918764,12.8886,-3.5837125058950985,33.186691849732625,False,False,False,35.198510328081234,16.813308150267375,False,False,LOW
C08686,NORMAL,1.319759255428515,EXACT,16.941739530086576,13.0874,-1.4434626477272872,35.32694170790044,False,False,False,33.05826046991342,14.673058292099562,False,False,LOW
C08687,NORMAL,1.4890361636605374,EXACT,17.951949272420645,13.3246,-0.4332529053932177,36.33715145023451,False,False,False,32.04805072757935,13.662848549765492,False,False,LOW
C08688,NORMAL,0.2003405677225081,EXACT,16.428333120932546,14.4431,-1.9568690568813167,34.81353529874641,False,False,False,33.57166687906745,15.186464701253591,False,False,LOW
C08689,NORMAL,1.4031672593754885,EXACT,18.40092532950312,13.9305,0.0157231516892544,36.78612750731698,False,False,False,31.59907467049688,13.213872492683024,False,False,LOW
C08690,NORMAL,0.9117032871422404,EXACT,18.47809770029763,14.0643,0.0928955224837686,36.86329987811149,False,False,False,31.52190229970237,13.13670012188851,False,False,LOW
C08691,NORMAL,0.7022770611962024,EXACT,19.09564539216268,14.1577,0.7104432143488175,37.48084756997655,False,False,False,30.90435460783732,12.519152430023453,False,False,LOW
C08692,NORMAL,0.3862088362232654,EXACT,22.035668657440457,14.1479,3.650466479626594,40.42087083525432,False,False,False,27.964331342559543,9.57912916474568,False,False,LOW
C08693,NORMAL,0.2544712986982334,EXACT,15.057608697240257,14.237,-3.327593480573606,33.44281087505412,False,False,False,34.942391302759745,16.55718912494588,False,False,LOW
C08694,NORMAL,1.057702950342836,EXACT,22.489844488690483,13.7165,4.104642310876621,40.875046666504346,False,False,False,27.510155511309517,9.124953333495654,False,False,LOW
C08695,NORMAL,0.5366512812221139,EXACT,12.371653873566029,12.3202,-6.013548304247836,30.75685605137989,False,False,False,37.62834612643397,19.24314394862011,False,False,LOW
C08696,NORMAL,1.6586033029896323,EXACT,14.973767508225112,12.2188,-3.4114346695887505,33.358969686038975,False,False,False,35.02623249177489,16.641030313961025,False,False,LOW
C08697,NORMAL,0.6564431742664466,EXACT,16.47583505099207,12.9401,-1.909367126821792,34.861037228805934,False,False,False,33.524164949007925,15.138962771194066,False,False,LOW
C08698,NORMAL,0.4449621549864279,EXACT,24.11767326428572,14.6506,5.732471086471854,42.50287544209958,False,False,False,25.88232673571428,7.49712455790042,False,False,LOW
C08699,NORMAL,0.530385289162614,EXACT,15.8734953625992,13.8669,-2.511706815214662,34.25869754041307,False,False,False,34.1265046374008,15.741302459586933,False,False,LOW
C08700,NORMAL,1.0358714366809214,EXACT,30.441070138888858,32.0184,12.055867961074997,48.82627231670272,False,False,False,19.558929861111142,1.1737276832972796,False,False,LOW
C08701,NORMAL,0.3586658148947642,EXACT,17.526254576190492,14.5283,-0.8589476016233704,35.911456754004355,False,False,False,32.473745423809504,14.088543245995645,False,False,LOW
C08702,NORMAL,1.7902280294086292,EXACT,13.285387466170642,12.706,-5.099814711643221,31.670589643984503,False,False,False,36.71461253382936,18.329410356015497,False,False,LOW
C08703,NORMAL,1.0796290213707695,EXACT,17.88503716488094,40.9722,-0.5001650129329214,36.27023934269481,False,False,False,32.11496283511906,13.729760657305192,False,False,LOW
C08704,NORMAL,1.0140171525007742,EXACT,22.77018817460315,13.972,4.384985996789286,41.155390352417015,False,False,False,27.22981182539685,8.844609647582985,False,False,LOW
C08705,NORMAL,0.7992257009100158,EXACT,21.80515258531745,21.5883,3.4199504075035883,40.19035476313131,False,False,False,28.19484741468255,9.80964523686869,False,False,LOW
C08706,NORMAL,0.2784605806580725,TYPE,17.900587655252703,12.7621,-0.4846145225611593,36.285789833066566,False,False,False,32.09941234474729,13.714210166933434,False,False,LOW
C08707,WATCH,2.0123597931768145,EXACT,20.828051542247184,51.4252,2.4428493644333216,39.21325372006105,True,False,False,29.171948457752816,10.786746279938953,True,False,LOW
C08708,NORMAL,0.3224403034421247,EXACT,16.6790063084479,13.5078,-1.7061958693659631,35.06420848626176,False,False,False,33.320993691552104,14.935791513738238,False,False,LOW
C08709,NORMAL,0.228815774885456,EXACT,12.532768103472211,11.8507,-5.85243407434165,30.917970281286077,False,False,False,37.46723189652779,19.082029718713923,False,False,LOW
C08710,NORMAL,1.0731756427497987,EXACT,20.256880066384312,13.8934,1.8716778885704493,38.64208224419818,False,False,False,29.743119933615688,11.357917755801822,False,False,LOW
C08711,NORMAL,0.5107068398467368,EXACT,18.490108898809517,35.3286,0.1049067209956504,36.875311076623376,False,False,False,31.509891101190483,13.124688923376624,False,False,LOW
C08712,NORMAL,1.2600468436232872,EXACT,20.251117488690458,14.8163,1.865915310876595,38.63631966650432,False,False,False,29.748882511309542,11.36368033349568,False,False,LOW
C08713,NORMAL,1.4558484866515284,EXACT,13.19102887037338,12.3797,-5.194173307440483,31.576231048187243,False,False,False,36.80897112962662,18.423768951812757,False,False,LOW
C08714,NORMAL,0.638350906860893,EXACT,13.10314432262808,11.8596,-5.282057855185784,31.488346500441946,False,False,False,36.89685567737192,18.511653499558054,False,False,LOW
C08715,NORMAL,0.6763915883940662,EXACT,17.563099956610753,14.9373,-0.8221022212031102,35.948302134424615,False,False,False,32.436900043389244,14.051697865575385,False,False,LOW
C08716,NORMAL,0.9763278330753312,EXACT,16.526684715178575,14.2618,-1.8585174626352876,34.91188689299244,False,False,False,33.473315284821425,15.088113107007558,False,False,LOW
C08717,NORMAL,0.871611565568175,EXACT,14.739986849603175,13.9245,-3.6452153282106856,33.12518902741704,False,False,False,35.26001315039682,16.874810972582956,False,False,LOW
C08718,NORMAL,0.5873889305127252,EXACT,21.586880065268765,23.8338,3.2016778874549026,39.97208224308263,False,False,False,28.413119934731235,10.027917756917368,False,False,LOW
C08719,NORMAL,1.3905326231138218,EXACT,16.867489515476187,13.386,-1.5177126623376758,35.252691693290046,False,False,False,33.13251048452381,14.747308306709954,False,False,LOW
C08720,NORMAL,1.1597770030307697,EXACT,16.03642087083334,13.7065,-2.3487813069805235,34.421623048647206,False,False,False,33.96357912916666,15.578376951352794,False,False,LOW
C08721,NORMAL,1.0266964696547722,EXACT,25.46749649672621,51.7315,7.082294318912346,43.85269867454007,True,False,False,24.53250350327379,6.147301325459928,False,False,LOW
C08722,NORMAL,0.5361259866049489,EXACT,21.90997018164681,14.4914,3.5247680038329428,40.295172359460665,False,False,False,28.09002981835319,9.704827640539335,False,False,LOW
C08723,NORMAL,1.2089255676082749,EXACT,15.53171886079546,13.3175,-2.853483317018401,33.916921038609324,False,False,False,34.46828113920454,16.083078961390676,False,False,LOW
C08724,NORMAL,1.278045750853707,EXACT,14.339496472348475,12.8808,-4.045705705465387,32.72469865016234,False,False,False,35.66050352765153,17.27530134983766,False,False,LOW
C08725,NORMAL,0.7695536863635086,EXACT,35.42448050197513,24.2847,17.03927832416127,53.80968267978899,False,False,True,14.575519498024867,-3.8096826797889918,False,False,MEDIUM
C08726,NORMAL,0.8471651053578495,EXACT,12.17488424186508,11.8377,-6.210317935948783,30.560086419678942,False,False,False,37.82511575813492,19.439913580321058,False,False,LOW
C08727,NORMAL,0.2833511702872354,EXACT,13.343006687454222,12.3626,-5.04219549035964,31.728208865268087,False,False,False,36.65699331254578,18.271791134731913,False,False,LOW
C08728,NORMAL,0.6061928242890782,EXACT,14.627873536084076,12.9182,-3.757328641729787,33.01307571389794,False,False,False,35.372126463915926,16.98692428610206,False,False,LOW
C08729,NORMAL,0.0958904008045031,EXACT,33.84509755397728,22.8545,15.45989537616342,52.23029973179115,False,False,True,16.154902446022717,-2.230299731791149,False,False,MEDIUM
C08730,NORMAL,0.5496317284987208,EXACT,17.050057177442003,13.3669,-1.3351450003718597,35.435259355255866,False,False,False,32.949942822558,14.564740644744134,False,False,LOW
C08731,NORMAL,0.4721435316336145,EXACT,15.171669770884767,14.4617,-3.213532406929094,33.55687194869863,False,False,False,34.82833022911523,16.443128051301372,False,False,LOW
C08732,NORMAL,0.1536791838317152,EXACT,19.24794772882811,15.132,0.8627455510142461,37.633149906641975,False,False,False,30.75205227117189,12.366850093358025,False,False,LOW
C08733,NORMAL,0.3664753702548333,EXACT,19.86575350597041,14.242,1.4805513281565474,38.25095568378427,False,False,False,30.13424649402959,11.74904431621573,False,False,LOW
C08734,NORMAL,0.6387090871872892,EXACT,12.675311013952028,12.7445,-5.709891163861835,31.06051319176589,False,False,False,37.324688986047974,18.93948680823411,False,False,LOW
C08735,NORMAL,0.3944972298187722,EXACT,14.827977291468256,13.262,-3.557224886345608,33.21317946928212,False,False,False,35.17202270853174,16.786820530717883,False,False,LOW
C08736,NORMAL,0.2484941693577967,EXACT,14.894413428520105,14.0962,-3.49078874929376,33.27961560633396,False,False,False,35.1055865714799,16.720384393666038,False,False,LOW
C08737,NORMAL,0.4382488944744503,EXACT,18.85155784325397,13.8693,0.4663556654401084,37.23676002106784,False,False,False,31.14844215674603,12.763239978932162,False,False,LOW
C08738,NORMAL,0.9107624708986422,EXACT,32.62882985507758,50.514,14.24362767726372,51.01403203289145,True,False,True,17.371170144922417,-1.0140320328914498,False,False,MEDIUM
C08739,NORMAL,1.323087184334904,EXACT,12.97465321438492,12.754,-5.410548963428942,31.35985539219878,False,False,False,37.02534678561508,18.64014460780122,False,False,LOW
C08740,ANOMALOUS,2.6156875196584424,EXACT,13.872221311706353,12.5933,-4.51298086610751,32.257423489520214,False,False,False,36.127778688293645,17.742576510479786,True,True,MEDIUM
C08741,NORMAL,1.220640246546224,EXACT,27.012064484785352,14.2663,8.62686230697149,45.397266662599215,False,False,False,22.987935515214648,4.602733337400785,False,False,LOW
C08742,NORMAL,0.2273021510386759,EXACT,18.010706099870973,39.1635,-0.3744960779428901,36.39590827768484,False,False,False,31.989293900129027,13.604091722315161,False,False,LOW
C08743,NORMAL,0.7792258639699765,EXACT,15.718380441083095,35.0436,-2.666821736730766,34.10358261889696,False,False,False,34.2816195589169,15.896417381103042,False,False,LOW
C08744,NORMAL,0.1324735165919655,EXACT,14.27633595575395,11.9706,-4.108866222059913,32.66153813356782,False,False,False,35.72366404424605,17.338461866432183,False,False,LOW
C08745,NORMAL,1.6819585362148266,EXACT,13.20546903885836,13.3413,-5.179733138955504,31.59067121667222,False,False,False,36.79453096114164,18.40932878332778,False,False,LOW
C08746,NORMAL,0.1722221797495766,EXACT,12.766720477137453,11.7472,-5.61848170067641,31.151922654951317,False,False,False,37.233279522862546,18.848077345048683,False,False,LOW
C08747,NORMAL,0.9568970123619628,EXACT,21.78251891799671,15.3837,3.3973167401828483,40.16772109581058,False,False,False,28.21748108200329,9.832278904189423,False,False,LOW
C08748,NORMAL,0.6590396825820419,EXACT,14.946191683936204,13.3707,-3.4390104938776584,33.331393861750065,False,False,False,35.053808316063794,16.668606138249935,False,False,LOW
C08749,NORMAL,0.1423709318957557,EXACT,17.673760791468254,14.0007,-0.7114413863456086,36.05896296928212,False,False,False,32.326239208531746,13.94103703071788,False,False,LOW
C08750,NORMAL,0.5054179323343165,EXACT,16.413043225992052,13.1911,-1.972158951821811,34.798245403805915,False,False,False,33.586956774007945,15.201754596194085,False,False,LOW
C08751,NORMAL,0.1504818916652058,EXACT,20.371845616666675,13.8055,1.9866434388528127,38.75704779448054,False,False,False,29.628154383333325,11.242952205519458,False,False,LOW
C08752,NORMAL,0.6919149595482181,EXACT,44.7395249997655,24.9438,26.35432282195164,63.12472717757936,False,False,True,5.2604750002345,-13.12472717757936,False,False,MEDIUM
C08753,NORMAL,0.7515510548764878,EXACT,18.543362576893927,22.4811,0.1581603990800637,36.92856475470779,False,False,False,31.456637423106073,13.071435245292207,False,False,LOW
C08754,NORMAL,0.8964394789359111,EXACT,13.055600928201654,11.9444,-5.3296012496122085,31.440803106015515,False,False,False,36.944399071798344,18.559196893984485,False,False,LOW
C08755,NORMAL,0.2147847593920607,EXACT,27.398853667658717,21.2834,9.01365148984485,45.78405584547258,False,False,False,22.601146332341283,4.2159441545274206,False,False,LOW
C08756,NORMAL,0.4104728182911356,EXACT,28.42287591765872,14.8761,10.03767373984486,46.80807809547258,False,False,False,21.57712408234128,3.191921904527419,False,False,LOW
C08757,NORMAL,1.3954060558863242,EXACT,15.155123950018028,12.8642,-3.2300782277958344,33.54032612783189,False,False,False,34.84487604998197,16.45967387216811,False,False,LOW
C08758,NORMAL,1.521272566126397,EXACT,15.633151442757926,37.1233,-2.7520507350559367,34.01835362057179,False,False,False,34.36684855724207,15.981646379428213,False,False,LOW
C08759,NORMAL,0.4724355538400059,EXACT,16.808074386607146,13.7902,-1.577127791206717,35.19327656442101,False,False,False,33.191925613392854,14.806723435578988,False,False,LOW
C08760,WATCH,2.229468920586965,EXACT,12.827197534722222,12.506,-5.558004643091641,31.212399712536083,False,False,False,37.172802465277776,18.787600287463917,True,False,LOW
C08761,NORMAL,1.306565243270768,EXACT,34.397223938888864,54.4197,16.012021761075,52.78242611670272,True,False,True,15.602776061111136,-2.782426116702723,False,False,MEDIUM
C08762,NORMAL,0.8267191551206918,EXACT,40.061617133829365,21.7944,21.676414956015503,58.446819311643225,False,False,True,9.938382866170635,-8.446819311643225,False,False,MEDIUM
C08763,NORMAL,0.667535328671025,EXACT,17.4870541361562,13.3617,-0.898148041657663,35.87225631397006,False,False,False,32.5129458638438,14.127743686029937,False,False,LOW
C08764,NORMAL,0.4251411887099403,EXACT,17.954437735768405,22.5019,-0.4307644420454579,36.33963991358227,False,False,False,32.04556226423159,13.660360086417732,False,False,LOW
C08765,NORMAL,0.1958701847873494,EXACT,16.722335599900802,26.3634,-1.6628665779130607,35.10753777771467,False,False,False,33.2776644000992,14.892462222285332,False,False,LOW
C08766,NORMAL,0.5370336783036803,EXACT,15.25672299763787,13.7074,-3.128479180175992,33.64192517545173,False,False,False,34.74327700236213,16.358074824548268,False,False,LOW
C08767,NORMAL,0.1087304762832476,EXACT,20.28438583125001,50.8911,1.8991836534361437,38.66958800906387,True,False,False,29.71561416874999,11.330411990936128,False,False,LOW
C08768,NORMAL,0.335900991760795,EXACT,16.546101621410518,14.6176,-1.839100556403345,34.93130379922438,False,False,False,33.453898378589486,15.06869620077562,False,False,LOW
C08769,ANOMALOUS,2.777348656819152,EXACT,15.43903684503968,13.8855,-2.946165332774184,33.82423902285354,False,False,False,34.56096315496032,16.17576097714646,True,True,MEDIUM
C08770,NORMAL,0.1283205642682653,EXACT,14.896924761138711,12.0059,-3.4882774166751496,33.28212693895257,False,False,False,35.10307523886129,16.717873061047428,False,False,LOW
C08771,NORMAL,1.4663187208942818,EXACT,17.61894299398723,14.8578,-0.7662591838266337,36.00414517180109,False,False,False,32.38105700601277,13.995854828198908,False,False,LOW
C08772,NORMAL,0.6883815363732559,EXACT,17.149077174702374,14.6911,-1.2361250031114892,35.53427935251624,False,False,False,32.85092282529763,14.465720647483757,False,False,LOW
C08773,NORMAL,0.2660826666093772,EXACT,17.250599854772172,14.804,-1.1346023230416904,35.635802032586035,False,False,False,32.749400145227824,14.364197967413965,False,False,LOW
C08774,NORMAL,0.4264884398407052,EXACT,14.754157004166672,12.7981,-3.631045173647189,33.13935918198054,False,False,False,35.24584299583333,16.860640818019462,False,False,LOW
C08775,NORMAL,0.3479845874394901,EXACT,16.083127256051597,30.3754,-2.302074921762266,34.46832943386546,False,False,False,33.9168727439484,15.531670566134537,False,False,LOW
C08776,NORMAL,0.5498335022150255,EXACT,21.644675227678597,14.0982,3.259473049864731,40.029877405492456,False,False,False,28.355324772321403,9.970122594507544,False,False,LOW
C08777,NORMAL,0.7224033817845874,EXACT,18.713759662274533,19.0436,0.3285574844606707,37.09896184008839,False,False,False,31.286240337725467,12.901038159911607,False,False,LOW
C08778,NORMAL,0.5459457496104287,EXACT,19.64118338333334,14.2384,1.2559812055194757,38.0263855611472,False,False,False,30.35881661666666,11.973614438852799,False,False,LOW
C08779,NORMAL,0.3222405689887594,EXACT,46.20940256855154,57.9545,27.82420039073768,64.5946047463654,True,False,True,3.790597431448461,-14.594604746365405,False,False,MEDIUM
C08780,NORMAL,0.2505173529050504,EXACT,16.35145947802056,14.1398,-2.0337426997933044,34.736661655834425,False,False,False,33.64854052197944,15.263338344165575,False,False,LOW
C08781,NORMAL,0.8794814322734114,EXACT,37.44311100853176,51.9911,19.057908830717896,55.828313186345625,True,False,True,12.556888991468242,-5.828313186345625,False,False,MEDIUM
C08782,NORMAL,0.7563853968147384,EXACT,38.56004853400971,53.7191,20.174846356195847,56.945250711823576,True,False,True,11.43995146599029,-6.945250711823576,False,False,MEDIUM
C08783,NORMAL,0.3178845953046488,EXACT,16.982907320238095,13.7521,-1.402294857575768,35.36810949805196,False,False,False,33.0170926797619,14.631890501948043,False,False,LOW
C08784,NORMAL,0.5059821293158675,EXACT,14.471080090178576,13.5489,-3.914122087635288,32.85628226799244,False,False,False,35.528919909821425,17.14371773200756,False,False,LOW
C08785,NORMAL,0.0719763279710683,EXACT,21.189845022740457,40.0277,2.804642844926594,39.57504720055432,False,False,False,28.810154977259543,10.424952799445677,False,False,LOW
C08786,NORMAL,1.6603362648316655,EXACT,17.340273803827657,26.3447,-1.044928373986206,35.72547598164152,False,False,False,32.65972619617234,14.274524018358477,False,False,LOW
C08787,NORMAL,1.0360240944295058,EXACT,16.760369007142852,14.0511,-1.6248331706710104,35.145571184956715,False,False,False,33.239630992857144,14.854428815043285,False,False,LOW
C08788,NORMAL,1.463078785445816,EXACT,13.032379393073604,12.7385,-5.35282278474026,31.417581570887464,False,False,False,36.967620606926396,18.582418429112536,False,False,LOW
C08789,NORMAL,0.517817415458196,EXACT,16.5621330203373,15.012,-1.823069157476564,34.947335198151166,False,False,False,33.4378669796627,15.052664801848834,False,False,LOW
C08790,NORMAL,0.3358411973720402,EXACT,16.055730332837303,14.773,-2.32947184497656,34.440932510651166,False,False,False,33.9442696671627,15.559067489348834,False,False,LOW
C08791,NORMAL,0.6212506202949772,EXACT,14.652521981878296,37.8158,-3.732680195935567,33.03772415969216,False,False,False,35.347478018121706,16.96227584030784,False,False,LOW
C08792,NORMAL,1.5155361904802722,EXACT,16.13055951284695,14.0311,-2.254642664966912,34.51576169066081,False,False,False,33.86944048715305,15.48423830933919,False,False,LOW
C08793,NORMAL,0.9698713495744008,EXACT,14.496185623728351,12.1474,-3.889016554085512,32.88138780154222,False,False,False,35.50381437627165,17.118612198457782,False,False,LOW
C08794,NORMAL,1.0125900347204313,EXACT,14.879814101461038,13.8452,-3.5053880763528245,33.2650162792749,False,False,False,35.12018589853896,16.734983720725097,False,False,LOW
C08795,NORMAL,0.222803597636796,EXACT,32.70401929434525,22.7388,14.318817116531388,51.08922147215911,False,False,True,17.29598070565475,-1.0892214721591102,False,False,MEDIUM
C08796,WATCH,2.1944226378814493,TYPE,19.005485299050385,15.0623,0.6202831212365219,37.39068747686424,False,False,False,30.994514700949615,12.609312523135763,True,False,LOW
C08797,WATCH,2.437140499823675,EXACT,13.372147647275645,12.9258,-5.013054530538218,31.757349825089506,False,False,False,36.627852352724354,18.242650174910494,True,False,LOW
C08798,WATCH,2.1548467660396438,EXACT,12.783760110615084,12.4638,-5.601442067198779,31.168962288428947,False,False,False,37.216239889384916,18.831037711571053,True,False,LOW
C08799,NORMAL,0.6339853681762903,EXACT,14.642010932554944,12.1478,-3.7431912452589184,33.027213110368805,False,False,False,35.357989067445054,16.972786889631195,False,False,LOW
C08800,NORMAL,0.5780053668747794,EXACT,25.80899070000001,55.4963,7.423788522186147,44.19419287781388,True,False,False,24.19100929999999,5.805807122186117,False,False,LOW
C08801,NORMAL,0.9659192285333033,EXACT,18.295276297514008,14.1891,-0.0899258802998552,36.680478475327874,False,False,False,31.704723702485992,13.319521524672126,False,False,LOW
C08802,ANOMALOUS,3.271180061680446,EXACT,18.281192447123026,13.0338,-0.1040097306908407,36.666394624936885,False,False,False,31.718807552876974,13.333605375063115,True,True,MEDIUM
C08803,NORMAL,1.796795063291435,EXACT,14.98934783706711,12.8148,-3.3958543407467534,33.374550014880974,False,False,False,35.01065216293289,16.625449985119026,False,False,LOW
C08804,NORMAL,0.7247491143537368,EXACT,22.278654523809514,53.417,3.893452345995652,40.663856701623374,True,False,False,27.721345476190486,9.336143298376626,False,False,LOW
C08805,NORMAL,1.0140202433261634,EXACT,16.83820740303029,13.3518,-1.546994774783574,35.22340958084415,False,False,False,33.16179259696971,14.776590419155852,False,False,LOW
C08806,NORMAL,0.6469907016886162,EXACT,19.14659721507936,56.3823,0.7613950372654941,37.53179939289322,True,False,False,30.85340278492064,12.46820060710678,False,False,LOW
C08807,NORMAL,0.8865865689651591,EXACT,16.424028873412695,14.5309,-1.961173304401168,34.80923105122656,False,False,False,33.575971126587305,15.190768948773439,False,False,LOW
C08808,NORMAL,0.4745361450476573,EXACT,13.300292264438331,29.3394,-5.0849099133755296,31.6854944422522,False,False,False,36.69970773556167,18.3145055577478,False,False,LOW
C08809,NORMAL,0.2705475376280107,EXACT,15.994511653670632,13.8818,-2.3906905241432312,34.379713831484494,False,False,False,34.00548834632937,15.620286168515506,False,False,LOW
C08810,NORMAL,0.3982651904103872,EXACT,22.794384340277773,55.588,4.40918216246391,41.17958651809164,True,False,False,27.205615659722227,8.82041348190836,False,False,LOW
C08811,NORMAL,0.2364884829214614,EXACT,15.697105865325687,14.2741,-2.688096312488176,34.08230804313955,False,False,False,34.30289413467431,15.917691956860452,False,False,LOW
C08812,NORMAL,1.851356222230301,EXACT,19.903185873809537,54.7293,1.5179836959956745,38.2883880516234,True,False,False,30.096814126190463,11.7116119483766,False,False,LOW
C08813,NORMAL,0.6344627154854273,EXACT,14.331873544345246,14.3147,-4.053328633468617,32.71707572215911,False,False,False,35.66812645565476,17.28292427784089,False,False,LOW
C08814,NORMAL,0.9735291399739908,EXACT,15.524793478670633,37.1552,-2.860408699143232,33.9099956564845,False,False,False,34.47520652132937,16.090004343515503,False,False,LOW
C08815,NORMAL,1.5129387141031327,EXACT,17.080146206249996,13.0824,-1.305055971563867,35.46534838406386,False,False,False,32.91985379375001,14.534651615936141,False,False,LOW
C08816,NORMAL,0.9688228882507012,EXACT,12.312019137305072,12.3334,-6.073183040508789,30.697221315118934,False,False,False,37.68798086269493,19.302778684881066,False,False,LOW
C08817,NORMAL,0.3277474556840167,EXACT,17.13495177583181,13.8296,-1.2502504019820542,35.520153953645675,False,False,False,32.86504822416819,14.479846046354325,False,False,LOW
C08818,NORMAL,0.984362169817082,EXACT,12.553017368055569,12.0065,-5.832184809758296,30.93821954586943,False,False,False,37.44698263194443,19.06178045413057,False,False,LOW
C08819,NORMAL,0.8649184700905178,EXACT,32.1912960389881,22.3583,13.806093861174237,50.576498216801966,False,False,True,17.8087039610119,-0.5764982168019657,False,False,MEDIUM
C08820,NORMAL,0.3499854435761854,EXACT,14.298329793154757,13.9721,-4.086872384659106,32.683531970968616,False,False,False,35.70167020684524,17.316468029031384,False,False,LOW
C08821,NORMAL,0.771524763359519,EXACT,15.390783339186491,12.6031,-2.99441883862737,33.77598551700036,False,False,False,34.60921666081351,16.224014482999642,False,False,LOW
C08822,NORMAL,1.1751965743604336,EXACT,24.398357525892862,14.9077,6.013155348079,42.78355970370673,False,False,False,25.601642474107138,7.216440296293271,False,False,LOW
C08823,NORMAL,0.6437389765417201,EXACT,12.533823470818072,11.4388,-5.85137870699579,30.919025648631937,False,False,False,37.46617652918193,19.080974351368063,False,False,LOW
C08824,NORMAL,0.1548393521222737,EXACT,20.65945654573413,14.5438,2.274254367920271,39.044658723548,False,False,False,29.34054345426587,10.955341276452003,False,False,LOW
C08825,NORMAL,0.7656241987585859,EXACT,13.703523095039689,12.626,-4.681679082774176,32.08872527285355,False,False,False,36.296476904960315,17.91127472714645,False,False,LOW
C08826,NORMAL,0.879318795613156,EXACT,16.71776878482143,14.5686,-1.6674333929924323,35.1029709626353,False,False,False,33.28223121517857,14.897029037364703,False,False,LOW
C08827,NORMAL,0.726842946766952,EXACT,20.43491433740078,13.7597,2.049712159586917,38.82011651521464,False,False,False,29.56508566259922,11.179883484785357,False,False,LOW
C08828,NORMAL,0.3477285171344456,EXACT,12.382589157142856,11.7733,-6.002613020671006,30.76779133495672,False,False,False,37.61741084285714,19.23220866504328,False,False,LOW
C08829,NORMAL,1.3671640044269044,EXACT,23.583578705871226,13.1792,5.198376528057359,41.968780883685085,False,False,False,26.416421294128774,8.031219116314915,False,False,LOW
C08830,NORMAL,0.2093778160231947,EXACT,23.54913236568362,14.4392,5.163930187869756,41.934334543497485,False,False,False,26.45086763431638,8.065665456502515,False,False,LOW
C08831,NORMAL,1.6082703978217372,EXACT,12.57034046031746,12.4688,-5.814861717496404,30.95554263813132,False,False,False,37.42965953968254,19.04445736186868,False,False,LOW
C08832,NORMAL,1.319130840490445,EXACT,29.370746572086915,22.895,10.985544394273052,47.75594874990078,False,False,False,20.629253427913085,2.2440512500992185,False,False,LOW
C08833,NORMAL,0.3291950256546512,EXACT,17.83736314077381,14.9598,-0.5478390370400525,36.22256531858767,False,False,False,32.16263685922619,13.77743468141233,False,False,LOW
C08834,NORMAL,1.0466572222260493,EXACT,32.007983520238106,20.0923,13.622781342424243,50.393185698051965,False,False,True,17.992016479761894,-0.39318569805196546,False,False,MEDIUM
C08835,WATCH,2.332375126950014,EXACT,14.995630256249996,12.7241,-3.3895719215638653,33.38083243406386,False,False,False,35.004369743750004,16.619167565936138,True,False,LOW
C08836,WATCH,2.2485179918267986,EXACT,34.930531641722155,25.5895,16.545329463908292,53.31573381953602,False,False,True,15.069468358277845,-3.315733819536021,True,False,MEDIUM_HIGH
C08837,NORMAL,0.3022858009693656,EXACT,32.253365186904745,61.772,13.868163009090882,50.63856736471861,True,False,True,17.746634813095255,-0.638567364718611,False,False,MEDIUM
C08838,NORMAL,0.0903664399554352,EXACT,20.469257157837298,57.1608,2.084054980023435,38.85445933565116,True,False,False,29.530742842162702,11.145540664348843,False,False,LOW
C08839,NORMAL,1.6857987088270698,EXACT,16.53125908939256,55.9509,-1.8539430884213035,34.91646126720642,True,False,False,33.46874091060744,15.083538732793578,False,False,LOW
C08840,NORMAL,0.725999537837984,EXACT,15.358129942712848,13.481,-3.027072235101014,33.74333212052671,False,False,False,34.64187005728715,16.25666787947329,False,False,LOW
C08841,NORMAL,0.1473800468003228,EXACT,55.4706588163534,60.7976,37.08545663853954,73.85586099416726,True,True,True,-5.470658816353399,-23.85586099416726,False,False,HIGH
C08842,NORMAL,0.4611262745971239,EXACT,19.34956148594876,22.2858,0.9643593081348988,37.73476366376262,False,False,False,30.65043851405124,12.265236336237379,False,False,LOW
C08843,NORMAL,0.8056711417147904,EXACT,18.417703260678195,13.9345,0.0325010828643321,36.80290543849206,False,False,False,31.582296739321805,13.197094561507939,False,False,LOW
C08844,NORMAL,0.1415719417811015,EXACT,36.80959716527781,38.8002,18.424394987463945,55.19479934309168,False,False,True,13.190402834722192,-5.194799343091681,False,False,MEDIUM
C08845,NORMAL,0.585096134446327,EXACT,48.594616528754585,22.1289,30.20941435094072,66.97981870656845,False,False,True,1.4053834712454147,-16.97981870656845,False,False,MEDIUM
C08846,NORMAL,0.4429899485820832,EXACT,30.830048840575436,23.7661,12.44484666276157,49.215251018389296,False,False,False,19.169951159424564,0.7847489816107043,False,False,LOW
C08847,NORMAL,0.2964943038164899,EXACT,14.997663578003255,13.5259,-3.387538599810608,33.38286575581712,False,False,False,35.002336421996745,16.61713424418288,False,False,LOW
C08848,NORMAL,0.3715241398858683,EXACT,19.62767504613096,52.7034,1.2424728683170976,38.01287722394483,True,False,False,30.37232495386904,11.987122776055173,False,False,LOW
C08849,NORMAL,0.6042541278902596,EXACT,22.55796438025792,14.5324,4.1727622024440585,40.94316655807178,False,False,False,27.44203561974208,9.05683344192822,False,False,LOW
C08850,NORMAL,1.7605943699152715,EXACT,15.118966839583337,12.8904,-3.2662353382305263,33.5041690173972,False,False,False,34.88103316041666,16.495830982602797,False,False,LOW
C08851,NORMAL,1.3587376657072814,EXACT,15.98808439308525,12.326,-2.3971177847286125,34.37328657089911,False,False,False,34.01191560691475,15.626713429100889,False,False,LOW
C08852,NORMAL,0.1634184159837839,EXACT,15.251854903566214,13.3184,-3.133347274247649,33.63705708138008,False,False,False,34.74814509643379,16.362942918619922,False,False,LOW
C08853,NORMAL,0.649941600354874,EXACT,16.635753042162705,13.9914,-1.749449135651158,35.02095521997657,False,False,False,33.364246957837295,14.979044780023429,False,False,LOW
C08854,NORMAL,1.009763103503493,EXACT,18.026833580357152,14.7575,-0.3583685974567103,36.412035758171015,False,False,False,31.973166419642848,13.587964241828985,False,False,LOW
C08855,NORMAL,0.5911395971471844,EXACT,43.11434402976192,52.0821,24.729141851948054,61.499546207575776,True,False,True,6.8856559702380835,-11.499546207575776,False,False,MEDIUM
C08856,NORMAL,1.289134250637461,EXACT,15.513393731700916,12.2002,-2.8718084461129454,33.89859590951478,False,False,False,34.486606268299084,16.101404090485218,False,False,LOW
C08857,NORMAL,1.055774670268399,EXACT,21.655020316865052,14.6061,3.2698181390511927,40.04022249467892,False,False,False,28.344979683134948,9.959777505321078,False,False,LOW
C08858,NORMAL,0.8481220440943339,EXACT,22.321511284650704,14.0138,3.936309106836841,40.70671346246456,False,False,False,27.678488715349296,9.293286537535437,False,False,LOW
C08859,NORMAL,0.6081926666300801,EXACT,14.98612530128969,12.2051,-3.399076876524173,33.37132747910356,False,False,False,35.01387469871031,16.628672520896437,False,False,LOW
C08860,NORMAL,0.8355057626241569,EXACT,17.015354981255836,13.3226,-1.3698471965580268,35.4005571590697,False,False,False,32.98464501874416,14.599442840930301,False,False,LOW
C08861,WATCH,2.17888024786277,EXACT,22.740504533134917,13.2183,4.355302355321051,41.125706710948776,False,False,False,27.259495466865083,8.874293289051224,True,False,LOW
C08862,NORMAL,0.3569503163726837,EXACT,16.30712823839287,40.5574,-2.0780739394209924,34.69233041620673,False,False,False,33.69287176160713,15.30766958379327,False,False,LOW
C08863,NORMAL,0.4069769621356603,EXACT,16.26170023343253,14.0667,-2.1235019443813314,34.646902411246394,False,False,False,33.738299766567465,15.353097588753606,False,False,LOW
C08864,NORMAL,0.2317253795430217,EXACT,14.430294922429658,13.6613,-3.954907255384205,32.81549710024352,False,False,False,35.56970507757034,17.18450289975648,False,False,LOW
C08865,NORMAL,0.3125506570995721,EXACT,21.686892843749987,22.5606,3.3016906659361247,40.072095021563854,False,False,False,28.313107156250013,9.927904978436146,False,False,LOW
C08866,NORMAL,1.8320394604966408,EXACT,43.70144425131674,52.4463,25.31624207350288,62.08664642913061,True,False,True,6.298555748683263,-12.08664642913061,False,False,MEDIUM
C08867,NORMAL,1.6565335733446855,EXACT,14.684784669796173,14.4822,-3.70041750801769,33.06998684761004,False,False,False,35.31521533020383,16.93001315238996,False,False,LOW
C08868,NORMAL,0.0532368577835904,EXACT,19.753695212301576,24.8402,1.368493034487713,38.13889739011544,False,False,False,30.246304787698424,11.861102609884561,False,False,LOW
C08869,NORMAL,1.0524732020643377,EXACT,15.189321449503977,12.5969,-3.195880728309888,33.57452362731784,False,False,False,34.81067855049602,16.425476372682162,False,False,LOW
C08870,NORMAL,0.1561595282497952,EXACT,30.27773208472222,42.1276,11.892529906908358,48.66293426253608,False,False,False,19.72226791527778,1.3370657374639165,False,False,LOW
C08871,NORMAL,0.4412812124125593,EXACT,15.740316378273802,12.6238,-2.644885799540061,34.12551855608766,False,False,False,34.2596836217262,15.874481443912337,False,False,LOW
C08872,NORMAL,0.3121763879193849,EXACT,19.50906898154761,14.9671,1.1238668037337511,37.89427115936148,False,False,False,30.49093101845239,12.10572884063852,False,False,LOW
C08873,NORMAL,0.7619620539824883,EXACT,22.16895429481422,15.0871,3.7837521170003576,40.55415647262808,False,False,False,27.83104570518578,9.44584352737192,False,False,LOW
C08874,ANOMALOUS,2.668625797038193,EXACT,19.41061760676585,13.3787,1.025415428951991,37.79581978457972,False,False,False,30.58938239323415,12.20418021542028,True,True,MEDIUM
C08875,NORMAL,0.2526439553878933,EXACT,14.595769736210318,12.4152,-3.789432441603545,32.98097191402418,False,False,False,35.404230263789685,17.01902808597582,False,False,LOW
C08876,NORMAL,0.4513319605040138,EXACT,18.78706011021826,13.0438,0.4018579324043969,37.17226228803212,False,False,False,31.21293988978174,12.827737711967877,False,False,LOW
C08877,NORMAL,0.2776251835542893,EXACT,42.842798565050245,21.353,24.457596387236386,61.22800074286411,False,False,True,7.157201434949755,-11.228000742864111,False,False,MEDIUM
C08878,NORMAL,0.3812253076225704,EXACT,19.415435545833336,14.6506,1.0302333680194735,37.8006377236472,False,False,False,30.584564454166664,12.199362276352801,False,False,LOW
C08879,NORMAL,0.6050648558048976,EXACT,12.814352292361114,11.7867,-5.570849885452748,31.199554470174977,False,False,False,37.185647707638886,18.800445529825023,False,False,LOW
C08880,NORMAL,0.3164714536628771,EXACT,15.524902458950397,13.5875,-2.860299718863466,33.91010463676426,False,False,False,34.47509754104961,16.08989536323574,False,False,LOW
C08881,NORMAL,0.0637317904736516,EXACT,15.948637115575414,13.0826,-2.436565062238449,34.333839293389275,False,False,False,34.051362884424584,15.666160706610725,False,False,LOW
C08882,NORMAL,0.9001545104860931,EXACT,22.227920660053947,36.3545,3.842718482240084,40.613122837867806,False,False,False,27.772079339946053,9.386877162132194,False,False,LOW
C08883,WATCH,2.0584164108509,EXACT,22.580218889806037,14.0303,4.195016711992171,40.9654210676199,False,False,False,27.419781110193963,9.0345789323801,True,False,LOW
C08884,WATCH,2.163422284191628,EXACT,13.50909498472221,12.8477,-4.876107193091652,31.894297162536077,False,False,False,36.49090501527779,18.105702837463923,True,False,LOW
C08885,NORMAL,0.9654666980039798,EXACT,16.80674154373469,14.4493,-1.5784606340791711,35.191943721548554,False,False,False,33.19325845626531,14.808056278451446,False,False,LOW
C08886,NORMAL,0.5525738352145021,EXACT,25.49656031938339,29.1604,7.111358141569529,43.88176249719726,False,False,False,24.50343968061661,6.118237502802742,False,False,LOW
C08887,NORMAL,1.6839602422417643,EXACT,17.375880353270205,15.3636,-1.0093218245436582,35.76108253108407,False,False,False,32.624119646729795,14.238917468915929,False,False,LOW
C08888,NORMAL,0.4659557183224955,EXACT,22.68288642966268,13.4574,4.297684251848818,41.06808860747654,False,False,False,27.31711357033732,8.93191139252346,False,False,LOW
C08889,NORMAL,1.001286485342164,EXACT,24.66129264261363,14.7199,6.276090464799768,43.0464948204275,False,False,False,25.33870735738637,6.9535051795725025,False,False,LOW
C08890,NORMAL,0.7639042205050024,EXACT,51.08130025772285,61.7396,32.69609807990899,69.46650243553671,True,True,True,-1.0813002577228517,-19.46650243553671,False,False,HIGH
C08891,NORMAL,0.3564379656921244,EXACT,15.45915653852231,31.3278,-2.9260456392915533,33.844358716336174,False,False,False,34.54084346147769,16.155641283663826,False,False,LOW
C08892,NORMAL,0.8753827976442202,EXACT,16.184850403670634,32.7821,-2.200351774143229,34.5700525814845,False,False,False,33.81514959632936,15.429947418515503,False,False,LOW
C08893,NORMAL,0.188475882526874,EXACT,15.248513479482318,13.9453,-3.136688698331545,33.63371565729618,False,False,False,34.75148652051768,16.36628434270382,False,False,LOW
C08894,ANOMALOUS,3.532727456039888,EXACT,15.290780453075383,13.2896,-3.0944217247384795,33.675982630889244,False,False,False,34.709219546924615,16.324017369110756,True,True,MEDIUM
C08895,NORMAL,0.178971871897214,EXACT,22.318532258035717,15.0388,3.9333300802218494,40.703734435849576,False,False,False,27.681467741964283,9.296265564150424,False,False,LOW
C08896,NORMAL,1.1397819885546463,EXACT,20.13541091081351,13.4626,1.7502087329996456,38.52061308862737,False,False,False,29.86458908918649,11.479386911372629,False,False,LOW
C08897,NORMAL,0.2051707057980443,EXACT,16.19028614781747,14.5764,-2.194916029996392,34.57548832563133,False,False,False,33.809713852182526,15.424511674368667,False,False,LOW
C08898,NORMAL,0.9495555630969912,EXACT,15.858358910281378,12.6814,-2.526843267532485,34.24356108809524,False,False,False,34.14164108971862,15.756438911904759,False,False,LOW
C08899,NORMAL,0.4022197177661081,EXACT,44.870484231367215,55.664,26.48528205355335,63.25568640918108,True,False,True,5.1295157686327855,-13.25568640918108,False,False,MEDIUM
C08900,NORMAL,0.6904669775320493,EXACT,17.959709019665056,13.4641,-0.4254931581488073,36.34491119747892,False,False,False,32.040290980334944,13.655088802521078,False,False,LOW
C08901,NORMAL,0.8519027883265547,EXACT,17.7469896926542,13.6167,-0.6382124851596629,36.13219187046806,False,False,False,32.253010307345804,13.867808129531937,False,False,LOW
C08902,NORMAL,1.896875505716332,EXACT,12.93174707108136,12.1972,-5.453455106732502,31.316949248895224,False,False,False,37.06825292891864,18.683050751104776,False,False,LOW
C08903,NORMAL,1.3728815676541068,EXACT,15.473404246107604,34.5863,-2.911797931706259,33.858606423921465,False,False,False,34.526595753892394,16.141393576078535,False,False,LOW
C08904,NORMAL,0.4084819796080305,EXACT,15.115649684670007,13.4852,-3.2695524931438555,33.50085186248387,False,False,False,34.884350315329996,16.49914813751613,False,False,LOW
C08905,NORMAL,0.2166359911350025,EXACT,17.90931972440476,14.411,-0.4758824534091026,36.29452190221862,False,False,False,32.09068027559524,13.70547809778138,False,False,LOW
C08906,NORMAL,1.2465732480297933,EXACT,17.06687990952381,31.9887,-1.3183222682900535,35.45208208733767,False,False,False,32.933120090476194,14.547917912662328,False,False,LOW
C08907,NORMAL,1.609063420197414,EXACT,19.35446761964285,15.9057,0.9692654418289912,37.73966979745671,False,False,False,30.64553238035715,12.260330202543287,False,False,LOW
C08908,NORMAL,0.0724992281277589,EXACT,20.347587449801573,16.2198,1.96238527198771,38.73278962761543,False,False,False,29.652412550198427,11.267210372384568,False,False,LOW
C08909,NORMAL,0.4265914815376093,EXACT,29.16795606121034,37.1334,10.782753883396476,47.5531582390242,False,False,False,20.83204393878966,2.4468417609758006,False,False,LOW
C08910,NORMAL,1.063741031365478,EXACT,41.70583332431457,54.651,23.320631146500705,60.09103550212844,True,False,True,8.294166675685432,-10.091035502128442,False,False,MEDIUM
C08911,NORMAL,1.4375055597859927,EXACT,40.199631621527786,23.3929,21.814429443713923,58.58483379934165,False,False,True,9.800368378472214,-8.584833799341652,False,False,MEDIUM
C08912,NORMAL,1.3611181884095656,EXACT,18.10303035134805,14.6527,-0.2821718264658166,36.48823252916191,False,False,False,31.89696964865195,13.511767470838087,False,False,LOW
C08913,NORMAL,1.1369198732060335,EXACT,17.553105707711048,32.3048,-0.8320964701028153,35.93830788552491,False,False,False,32.44689429228895,14.061692114475093,False,False,LOW
C08914,NORMAL,1.628075873936876,EXACT,16.03936009553573,13.4145,-2.345842082278132,34.42456227334959,False,False,False,33.96063990446427,15.575437726650406,False,False,LOW
C08915,NORMAL,0.8020312134837598,TYPE,22.24420232640456,12.7956,3.859000148590699,40.62940450421843,False,False,False,27.75579767359544,9.370595495781572,False,False,LOW
C08916,NORMAL,0.4811055316635991,EXACT,20.027911610317457,50.4769,1.6427094325035938,38.41311378813132,True,False,False,29.972088389682543,11.58688621186868,False,False,LOW
C08917,NORMAL,0.4440745216152456,EXACT,52.29598067232142,50.1897,33.910778494507554,70.68118285013529,True,True,True,-2.29598067232142,-20.681182850135286,False,False,HIGH
C08918,NORMAL,0.4828158067699949,EXACT,17.682219360276523,14.7542,-0.7029828175373396,36.06742153809039,False,False,False,32.31778063972348,13.932578461909607,False,False,LOW
C08919,NORMAL,1.0183908713878782,EXACT,16.323685736607143,14.3452,-2.06151644120672,34.708887914421005,False,False,False,33.676314263392854,15.291112085578995,False,False,LOW
C08920,NORMAL,1.5013921159093273,EXACT,39.70678891737258,23.6239,21.321586739558715,58.09199109518645,False,False,True,10.293211082627423,-8.09199109518645,False,False,MEDIUM
C08921,NORMAL,0.5672020185752419,EXACT,17.04647956319445,14.7589,-1.3387226146194138,35.43168174100831,False,False,False,32.95352043680555,14.568318258991688,False,False,LOW
C08922,NORMAL,1.6079427456687123,EXACT,42.01810687986111,23.1134,23.632904702047245,60.403309057674974,False,False,True,7.981893120138892,-10.403309057674974,False,False,MEDIUM
C08923,NORMAL,0.2978032240553754,EXACT,31.783479205257933,50.677,13.39827702744407,50.1686813830718,True,False,True,18.216520794742067,-0.16868138307179947,False,False,MEDIUM
C08924,NORMAL,0.4678172203676665,EXACT,16.92285008125001,14.041,-1.4623520965638512,35.30805225906387,False,False,False,33.07714991874999,14.69194774093613,False,False,LOW
C08925,NORMAL,1.5329279065949748,EXACT,22.94105210178573,15.0423,4.555849923971863,41.32625427959959,False,False,False,27.05894789821427,8.673745720400412,False,False,LOW
C08926,NORMAL,0.3953549191389734,EXACT,19.155531390575398,13.8207,0.7703292127615313,37.54073356838926,False,False,False,30.844468609424602,12.459266431610743,False,False,LOW
C08927,NORMAL,1.272149528102069,EXACT,14.493074038591285,13.393,-3.89212813922258,32.87827621640515,False,False,False,35.50692596140871,17.121723783594852,False,False,LOW
C08928,NORMAL,1.145534637627266,EXACT,16.072345226190492,12.8187,-2.3128569516233703,34.45754740400436,False,False,False,33.92765477380951,15.542452595995641,False,False,LOW
C08929,NORMAL,0.6441646329843655,EXACT,18.11072134801589,14.5272,-0.2744808297979766,36.49592352582975,False,False,False,31.88927865198411,13.504076474170247,False,False,LOW
C08930,NORMAL,0.8984302344207948,EXACT,13.24042720734127,14.4338,-5.144774970472593,31.625629385155133,False,False,False,36.75957279265873,18.374370614844867,False,False,LOW
C08931,NORMAL,1.892038933730552,EXACT,15.578444803616524,13.7917,-2.806757374197339,33.96364698143039,False,False,False,34.42155519638348,16.036353018569613,False,False,LOW
C08932,NORMAL,0.3786357415553446,EXACT,16.14285425301505,13.9033,-2.242347924798814,34.52805643082891,False,False,False,33.857145746984955,15.471943569171088,False,False,LOW
C08933,NORMAL,0.7550496334249266,EXACT,34.14503291313339,39.0311,15.759830735319529,52.53023509094726,False,False,True,15.854967086866608,-2.530235090947258,False,False,MEDIUM
C08934,WATCH,2.0851378033327697,EXACT,29.409464583525992,22.4453,11.024262405712127,47.794666761339855,False,False,False,20.590535416474008,2.2053332386601454,True,False,LOW
C08935,NORMAL,0.7332751985568288,EXACT,16.745264016269836,15.9115,-1.639938161544027,35.130466194083695,False,False,False,33.254735983730164,14.869533805916305,False,False,LOW
C08936,NORMAL,1.2248777599408909,EXACT,15.10629077291667,13.4062,-3.278911404897192,33.49149295073053,False,False,False,34.89370922708333,16.50850704926947,False,False,LOW
C08937,WATCH,1.9450261941939828,EXACT,18.12814867896825,50.943,-0.257053498845611,36.51335085678211,True,False,False,31.87185132103175,13.486649143217889,True,False,LOW
C08938,NORMAL,0.2875844039280495,EXACT,21.950398829662696,13.8963,3.565196651848833,40.33560100747656,False,False,False,28.049601170337304,9.664398992523438,False,False,LOW
C08939,WATCH,1.955792030663997,EXACT,35.96853998924757,61.631,17.583337811433704,54.35374216706143,True,False,True,14.031460010752433,-4.3537421670614265,True,False,MEDIUM_HIGH
C08940,NORMAL,0.5958132998285828,EXACT,18.012934666865092,14.3721,-0.3722675109487703,36.39813684467896,False,False,False,31.987065333134908,13.601863155321041,False,False,LOW
C08941,NORMAL,0.8233252908568336,EXACT,18.39509146222944,21.2348,0.0098892844155749,36.7802936400433,False,False,False,31.60490853777056,13.219706359956703,False,False,LOW
C08942,NORMAL,1.1451131920500193,EXACT,18.013102084418776,13.4664,-0.3721000933950869,36.39830426223264,False,False,False,31.986897915581224,13.601695737767358,False,False,LOW
C08943,NORMAL,0.4967364724827646,EXACT,16.803640291369057,13.9633,-1.5815618864448062,35.18884246918292,False,False,False,33.19635970863094,14.811157530817077,False,False,LOW
C08944,NORMAL,0.5402374108822496,EXACT,40.01665986299605,53.2532,21.631457685182188,58.40186204080992,True,False,True,9.98334013700395,-8.401862040809917,False,False,MEDIUM
C08945,NORMAL,0.2482499123754618,EXACT,17.914539599702383,14.3279,-0.4706625781114795,36.299741777516246,False,False,False,32.08546040029762,13.700258222483754,False,False,LOW
C08946,NORMAL,1.0334267671954716,EXACT,15.872171447023817,13.7882,-2.513030730790048,34.25737362483768,False,False,False,34.12782855297618,15.742626375162317,False,False,LOW
C08947,NORMAL,1.7517857668101442,EXACT,25.642541122718253,14.0812,7.25733894490439,44.02774330053212,False,False,False,24.357458877281747,5.972256699467877,False,False,LOW
C08948,NORMAL,0.4233809228179577,EXACT,12.87583644990079,14.3515,-5.509365727913073,31.26103862771465,False,False,False,37.12416355009921,18.73896137228535,False,False,LOW
C08949,NORMAL,0.9142139328270302,EXACT,19.899578719994587,13.0936,1.5143765421807238,38.284780897808446,False,False,False,30.100421280005413,11.715219102191554,False,False,LOW
C08950,NORMAL,1.3628195595701915,EXACT,12.215714178670629,11.9298,-6.169487999143234,30.60091635648449,False,False,False,37.78428582132937,19.39908364351551,False,False,LOW
C08951,NORMAL,1.45436482535121,EXACT,17.433023479365087,41.6692,-0.952178698448776,35.81822565717895,False,False,False,32.56697652063491,14.18177434282105,False,False,LOW
C08952,NORMAL,1.508181198085993,EXACT,24.020111477579366,14.0167,5.634909299765504,42.40531365539323,False,False,False,25.979888522420634,7.594686344606771,False,False,LOW
C08953,NORMAL,1.650928542499294,EXACT,16.815376113639076,34.9985,-1.5698260641747872,35.20057829145294,False,False,False,33.184623886360924,14.799421708547058,False,False,LOW
C08954,WATCH,1.999242314813782,EXACT,14.363958862797617,14.5651,-4.021243315016248,32.74916104061148,False,False,False,35.63604113720238,17.250838959388517,True,False,LOW
C08955,NORMAL,1.1612052736543583,EXACT,19.69172343591271,13.9386,1.3065212580988472,38.07692561372657,False,False,False,30.30827656408729,11.923074386273427,False,False,LOW
C08956,NORMAL,1.5189486754840749,EXACT,43.22069177277237,53.6741,24.835489594958503,61.60589395058624,True,False,True,6.779308227227631,-11.605893950586243,False,False,MEDIUM
C08957,NORMAL,0.6533987029437078,EXACT,22.38873520833333,14.2568,4.003533030519467,40.7739373861472,False,False,False,27.61126479166667,9.226062613852797,False,False,LOW
C08958,NORMAL,0.4829655526458276,EXACT,20.69321233829365,15.0607,2.308010160479789,39.07841451610752,False,False,False,29.30678766170635,10.921585483892478,False,False,LOW
C08959,WATCH,2.5643155721069584,EXACT,17.491743207303113,13.9701,-0.8934589705107499,35.876945385116976,False,False,False,32.50825679269688,14.123054614883024,True,False,LOW
C08960,NORMAL,1.7350473091414669,EXACT,14.025481246789337,11.4841,-4.359720931024526,32.4106834246032,False,False,False,35.97451875321066,17.5893165753968,False,False,LOW
C08961,NORMAL,0.0865350111150126,EXACT,28.00099813849205,14.6151,9.615795960678192,46.38620031630592,False,False,False,21.99900186150795,3.613799683694083,False,False,LOW
C08962,WATCH,2.0999865106094373,EXACT,13.081901753075394,12.1428,-5.3033004247384685,31.46710393088926,False,False,False,36.91809824692461,18.53289606911074,True,False,LOW
C08963,NORMAL,0.398383635939283,EXACT,18.386138621811877,30.043,0.000936443998011,36.77134079962573,False,False,False,31.613861378188123,13.228659200374267,False,False,LOW
C08964,NORMAL,1.2728163707904474,EXACT,28.95799531468252,61.7478,10.572793136868658,47.34319749249639,True,False,False,21.04200468531748,2.6568025075036132,False,False,LOW
C08965,NORMAL,0.4716807236978838,EXACT,16.528689224404783,14.2418,-1.85651295340908,34.913891402218646,False,False,False,33.471310775595214,15.086108597781354,False,False,LOW
C08966,NORMAL,0.4981405999287099,EXACT,19.30093341262691,56.0684,0.9157312348130482,37.68613559044077,True,False,False,30.69906658737309,12.31386440955923,False,False,LOW
C08967,NORMAL,0.49708883783042,EXACT,21.420464365575384,14.9778,3.0352621877615213,39.80566654338925,False,False,False,28.579535634424616,10.19433345661075,False,False,LOW
C08968,NORMAL,0.204422973981314,EXACT,18.66062939474206,15.0966,0.2754272169281968,37.045831572555926,False,False,False,31.33937060525794,12.954168427444074,False,False,LOW
C08969,NORMAL,0.2545075282696727,EXACT,23.16368185884104,52.2398,4.778479681027175,41.5488840366549,True,False,False,26.83631814115896,8.451115963345103,False,False,LOW
C08970,NORMAL,1.0770041780810713,EXACT,17.5280350772637,13.6245,-0.8571671005501642,35.91323725507756,False,False,False,32.471964922736305,14.086762744922439,False,False,LOW
C08971,NORMAL,1.3341043602722045,EXACT,13.341955756439388,10.8311,-5.043246421374475,31.72715793425325,False,False,False,36.65804424356061,18.27284206574675,False,False,LOW
C08972,NORMAL,0.4654782366942203,EXACT,17.693588992905042,13.865,-0.691613184908821,36.0787911707189,False,False,False,32.30641100709496,13.921208829281099,False,False,LOW
C08973,NORMAL,0.5839024170069215,EXACT,18.45681846490315,13.8586,0.071616287089288,36.84202064271702,False,False,False,31.54318153509685,13.157979357282983,False,False,LOW
C08974,NORMAL,0.3501301771655747,EXACT,16.744902702678576,13.6612,-1.6402994751352864,35.13010488049244,False,False,False,33.25509729732143,14.86989511950756,False,False,LOW
C08975,NORMAL,0.4439958097500996,EXACT,12.636384348965612,12.7324,-5.748817828848251,31.021586526779476,False,False,False,37.36361565103439,18.978413473220524,False,False,LOW
C08976,NORMAL,1.2010194042450273,EXACT,24.432347397637116,14.7225,6.04714521982325,42.817549575450975,False,False,False,25.567652602362884,7.182450424549025,False,False,LOW
C08977,NORMAL,0.3890833570373754,EXACT,17.14957895218254,13.6301,-1.235623225631322,35.534781129996404,False,False,False,32.85042104781746,14.465218870003596,False,False,LOW
C08978,NORMAL,0.6120168688380964,EXACT,16.937054324305574,13.5334,-1.4481478535082886,35.32225650211944,False,False,False,33.06294567569442,14.677743497880563,False,False,LOW
C08979,NORMAL,1.319480730562097,EXACT,19.37677581869589,13.4075,0.9915736408820272,37.76197799650976,False,False,False,30.62322418130411,12.238022003490237,False,False,LOW
C08980,NORMAL,0.2575674755489995,EXACT,29.19290561552196,29.9952,10.8077034377081,47.57810779333583,False,False,False,20.80709438447804,2.421892206664168,False,False,LOW
C08981,NORMAL,0.9515205040281114,EXACT,15.129767069940469,13.541,-3.255435107873396,33.51496924775433,False,False,False,34.87023293005953,16.48503075224567,False,False,LOW
C08982,WATCH,1.945546711114428,EXACT,22.900153835515884,13.3392,4.514951657702021,41.28535601332975,False,False,False,27.099846164484116,8.714643986670247,True,False,LOW
C08983,WATCH,2.5549221251546443,EXACT,15.315719775054104,13.6469,-3.0694824027597587,33.700921952867965,False,False,False,34.684280224945894,16.299078047132035,True,False,LOW
C08984,NORMAL,0.4429978278150832,EXACT,15.833461200649342,13.3126,-2.5517409771645205,34.218663378463205,False,False,False,34.16653879935066,15.781336621536795,False,False,LOW
C08985,NORMAL,0.3767591941925536,EXACT,20.858115536381664,14.2964,2.4729133585678014,39.24331771419553,False,False,False,29.141884463618336,10.756682285804473,False,False,LOW
C08986,NORMAL,0.5069924595022157,EXACT,16.207226695833327,13.7165,-2.1779754819805355,34.592428873647194,False,False,False,33.79277330416667,15.407571126352806,False,False,LOW
C08987,NORMAL,1.6744731145706493,EXACT,31.73938723343252,56.7581,13.354185055618656,50.12458941124638,True,False,True,18.26061276656748,-0.12458941124638301,False,False,MEDIUM
C08988,NORMAL,0.5553835606954223,EXACT,31.946291403246786,20.6286,13.561089225432925,50.33149358106065,False,False,True,18.053708596753214,-0.3314935810606485,False,False,MEDIUM
C08989,NORMAL,0.1448450177731725,EXACT,16.456604190530307,14.5862,-1.928597987283556,34.841806368344166,False,False,False,33.54339580946969,15.158193631655834,False,False,LOW
C08990,NORMAL,0.6996352161115513,EXACT,28.459112606845277,29.3289,10.073910429031413,46.84431478465913,False,False,False,21.540887393154723,3.155685215340867,False,False,LOW
C08991,NORMAL,0.4697107233940236,EXACT,16.615746803388276,14.1868,-1.7694553744255863,35.00094898120214,False,False,False,33.38425319661172,14.999051018797857,False,False,LOW
C08992,NORMAL,0.2524185936244611,EXACT,18.60291419317696,14.5576,0.217712015363098,36.98811637099082,False,False,False,31.39708580682304,13.011883629009183,False,False,LOW
C08993,NORMAL,0.3978559178020801,EXACT,23.05877172619048,41.6721,4.673569548376616,41.44397390400434,False,False,False,26.94122827380952,8.556026095995662,False,False,LOW
C08994,NORMAL,0.5878568865153863,EXACT,14.575545441865088,12.3192,-3.8096567359487743,32.960747619678955,False,False,False,35.42445455813491,17.039252380321045,False,False,LOW
C08995,NORMAL,0.198548278154757,EXACT,17.429605411584234,13.9421,-0.955596766229629,35.8148075893981,False,False,False,32.570394588415766,14.1851924106019,False,False,LOW
C08996,NORMAL,0.4569461560369604,EXACT,53.012494345582375,56.4321,34.62729216776852,71.39769652339623,True,True,True,-3.0124943455823754,-21.397696523396235,False,False,HIGH
C08997,NORMAL,0.2601533229812109,EXACT,30.93513416626985,57.5519,12.549931988455992,49.320336344083714,True,False,False,19.06486583373015,0.6796636559162863,False,False,LOW
C08998,NORMAL,1.5845817170473673,EXACT,13.7562400213016,12.8661,-4.628962156512264,32.14144219911546,False,False,False,36.2437599786984,17.85855780088454,False,False,LOW
C08999,NORMAL,0.782575036707306,EXACT,17.83215792331349,14.6728,-0.5530442545003744,36.21736010112736,False,False,False,32.16784207668651,13.782639898872638,False,False,LOW
C09000,NORMAL,0.1312104924925046,EXACT,16.13216516640513,14.6421,-2.2530370114087326,34.517367344219,False,False,False,33.86783483359487,15.482632655781003,False,False,LOW
C09001,NORMAL,0.2861673860684971,EXACT,17.595067462202376,13.7769,-0.7901347156114866,35.98026964001624,False,False,False,32.40493253779762,14.019730359983761,False,False,LOW
C09002,NORMAL,1.0353861705475045,EXACT,25.368365448387376,14.754,6.983163270573513,43.75356762620124,False,False,False,24.631634551612624,6.246432373798761,False,False,LOW
C09003,NORMAL,0.6975112610257623,EXACT,36.732544465376975,61.0229,18.347342287563112,55.11774664319084,True,False,True,13.267455534623025,-5.117746643190841,False,False,MEDIUM
C09004,WATCH,1.968515205423785,EXACT,32.719760917861656,33.912,14.334558740047791,51.10496309567552,False,False,True,17.280239082138344,-1.1049630956755223,True,False,MEDIUM_HIGH
C09005,NORMAL,0.3424907039873522,EXACT,15.524162063988085,13.8565,-2.86104011382578,33.909364241801946,False,False,False,34.475837936011914,16.090635758198054,False,False,LOW
C09006,NORMAL,0.6129964621815303,EXACT,19.720148775068697,14.225,1.3349465972548344,38.10535095288256,False,False,False,30.279851224931303,11.89464904711744,False,False,LOW
C09007,NORMAL,0.0454179229739941,EXACT,16.41896653511905,13.4941,-1.966235642694812,34.80416871293291,False,False,False,33.581033464880946,15.195831287067087,False,False,LOW
C09008,NORMAL,0.1985224810630169,EXACT,16.779490451587286,13.8338,-1.605711726226577,35.164692629401145,False,False,False,33.220509548412714,14.835307370598855,False,False,LOW
C09009,NORMAL,0.547676562460046,EXACT,20.196075211962192,14.2387,1.8108730341483292,38.581277389776055,False,False,False,29.803924788037808,11.418722610223945,False,False,LOW
C09010,NORMAL,1.1910221557847311,EXACT,15.656312982738102,13.8214,-2.728889195075761,34.04151516055197,False,False,False,34.3436870172619,15.958484839448033,False,False,LOW
C09011,NORMAL,1.107146380179429,EXACT,15.542446752976192,12.4473,-2.842755424837671,33.927648930790056,False,False,False,34.45755324702381,16.072351069209944,False,False,LOW
C09012,NORMAL,0.8047955312962067,EXACT,15.271696218948405,14.7722,-3.11350595886546,33.656898396762266,False,False,False,34.72830378105159,16.343101603237734,False,False,LOW
C09013,WATCH,2.5095828027449323,EXACT,13.390097632989928,12.8343,-4.995104544823935,31.77529981080379,False,False,False,36.60990236701007,18.22470018919621,True,False,LOW
C09014,NORMAL,1.0302151829869333,EXACT,15.173162594543664,12.3722,-3.212039583270199,33.55836477235753,False,False,False,34.82683740545634,16.44163522764247,False,False,LOW
C09015,NORMAL,0.4423321357993937,EXACT,22.69345153059164,14.5873,4.3082493527777785,41.078653708405504,False,False,False,27.30654846940836,8.921346291594496,False,False,LOW
C09016,NORMAL,0.2677969907772132,EXACT,12.585051233955626,11.8867,-5.800150943858236,30.97025341176949,False,False,False,37.414948766044375,19.02974658823051,False,False,LOW
C09017,NORMAL,0.2707411253828082,EXACT,15.582868160019846,13.1281,-2.802334017794017,33.96807033783371,False,False,False,34.41713183998016,16.03192966216629,False,False,LOW
C09018,NORMAL,0.0958117466051226,EXACT,18.45061740458569,58.3552,0.0654152267718295,36.83581958239955,True,False,False,31.54938259541431,13.164180417600448,False,False,LOW
C09019,NORMAL,0.5077252822547339,EXACT,27.756977878174613,15.5861,9.37177570036075,46.14218005598848,False,False,False,22.243022121825387,3.857819944011517,False,False,LOW
C09020,NORMAL,0.4790481228201745,EXACT,15.09464432935604,24.5459,-3.290557848457823,33.4798465071699,False,False,False,34.90535567064396,16.520153492830097,False,False,LOW
C09021,NORMAL,1.0898590493676927,EXACT,20.3603571533234,14.1038,1.975154975509536,38.74555933113726,False,False,False,29.6396428466766,11.254440668862742,False,False,LOW
C09022,WATCH,2.354098858314295,EXACT,14.90039554017857,12.4997,-3.484806637635293,33.28559771799243,False,False,False,35.09960445982143,16.71440228200757,True,False,LOW
C09023,NORMAL,0.5792173025797119,EXACT,15.493026138143804,13.7231,-2.89217603967006,33.878228315957664,False,False,False,34.506973861856196,16.121771684042336,False,False,LOW
C09024,NORMAL,0.6772945062626836,EXACT,16.687109905860808,11.7161,-1.698092271953055,35.072312083674674,False,False,False,33.31289009413919,14.927687916325326,False,False,LOW
C09025,NORMAL,0.3671104554852987,EXACT,16.96697706359128,13.6387,-1.418225114222583,35.35217924140514,False,False,False,33.03302293640872,14.647820758594861,False,False,LOW
C09026,NORMAL,1.246327999795919,EXACT,31.24462137450396,14.2906,12.859419196690094,49.629823552317816,False,False,False,18.75537862549604,0.3701764476821836,False,False,LOW
C09027,NORMAL,0.662831716542944,EXACT,15.886209421897554,13.2373,-2.4989927559163085,34.27141159971141,False,False,False,34.113790578102446,15.728588400288587,False,False,LOW
C09028,NORMAL,0.3254032652620107,EXACT,19.90493311019869,14.7109,1.5197309323848316,38.29013528801256,False,False,False,30.09506688980131,11.709864711987443,False,False,LOW
C09029,NORMAL,1.343455129150957,EXACT,16.93692733511904,14.6837,-1.448274842694822,35.322129512932904,False,False,False,33.06307266488096,14.677870487067096,False,False,LOW
C09030,NORMAL,1.3324126144606423,EXACT,17.931592521825397,13.508,-0.4536096559884655,36.31679469963926,False,False,False,32.068407478174606,13.68320530036074,False,False,LOW
C09031,NORMAL,0.9565093163541892,TYPE,40.885956347420674,53.4706,22.50075416960681,59.27115852523454,True,False,True,9.114043652579326,-9.27115852523454,False,False,MEDIUM
C09032,NORMAL,0.3248712186046938,EXACT,19.2035439092262,14.3436,0.8183417314123389,37.588746087040064,False,False,False,30.7964560907738,12.411253912959936,False,False,LOW
C09033,NORMAL,0.5458465931446548,EXACT,17.744622548328753,14.651,-0.64057962948511,36.129824726142616,False,False,False,32.25537745167125,13.870175273857384,False,False,LOW
C09034,NORMAL,0.7498499106338425,EXACT,21.584200259523787,15.0201,3.198998081709924,39.96940243733765,False,False,False,28.415799740476213,10.03059756266235,False,False,LOW
C09035,NORMAL,0.8556449007488589,EXACT,19.52701334117064,13.9504,1.1418111633567776,37.9122155189845,False,False,False,30.47298665882936,12.087784481015497,False,False,LOW
C09036,ANOMALOUS,3.2444450792970114,EXACT,16.1725961116342,13.2615,-2.212606066179664,34.55779828944806,False,False,False,33.8274038883658,15.442201710551942,True,True,MEDIUM
C09037,NORMAL,0.0906989643983744,EXACT,16.50975786770244,14.0687,-1.8754443101114229,34.8949600455163,False,False,False,33.49024213229756,15.1050399544837,False,False,LOW
C09038,NORMAL,0.8604185222214007,EXACT,13.141723090331192,12.5108,-5.243479087482671,31.526925268145057,False,False,False,36.85827690966881,18.473074731854943,False,False,LOW
C09039,ANOMALOUS,2.690876562941025,EXACT,17.83187190970418,13.0927,-0.5533302681096828,36.21707408751804,False,False,False,32.16812809029582,13.782925912481957,True,True,MEDIUM
C09040,NORMAL,0.6614003508252032,EXACT,15.559820502281738,13.4421,-2.8253816755321246,33.945022680095605,False,False,False,34.44017949771826,16.054977319904395,False,False,LOW
C09041,NORMAL,0.8378996855453952,EXACT,27.06095552343978,52.7752,8.675753345625917,45.44615770125364,True,False,False,22.93904447656022,4.5538422987463605,False,False,LOW
C09042,NORMAL,0.3097178054860641,EXACT,20.31413216910173,14.4986,1.9289299912878697,38.69933434691559,False,False,False,29.68586783089827,11.300665653084408,False,False,LOW
C09043,NORMAL,1.9265451758211205,EXACT,12.67641042554114,12.0142,-5.708791752272724,31.061612603355,False,False,False,37.32358957445886,18.938387396645,False,False,LOW
C09044,NORMAL,0.5701818282835416,EXACT,16.014221654761915,13.1945,-2.370980523051948,34.39942383257578,False,False,False,33.98577834523809,15.600576167424222,False,False,LOW
C09045,WATCH,2.0167895846819275,EXACT,18.000929230853174,13.5654,-0.3842729469606887,36.38613140866704,False,False,False,31.999070769146826,13.61386859133296,True,False,LOW
C09046,NORMAL,0.531615240995346,EXACT,46.78195933087123,57.5527,28.39675715305737,65.1671615086851,True,False,True,3.2180406691287686,-15.167161508685098,False,False,MEDIUM
C09047,NORMAL,0.463476244210263,EXACT,36.62147235466266,56.3056,18.2362701768488,55.00667453247653,True,False,True,13.378527645337343,-5.006674532476531,False,False,MEDIUM
C09048,NORMAL,0.6485987371020874,EXACT,17.24542860609948,13.9038,-1.1397735717143824,35.63063078391335,False,False,False,32.75457139390052,14.369369216086653,False,False,LOW
C09049,ANOMALOUS,3.0092104490147937,EXACT,23.42109097397102,21.9109,5.035888796157156,41.806293151784885,False,False,False,26.57890902602898,8.193706848215115,True,True,MEDIUM
C09050,NORMAL,1.8623829242951544,EXACT,12.743142446230165,12.2645,-5.6420597315837,31.128344624044026,False,False,False,37.256857553769834,18.871655375955974,False,False,LOW
C09051,NORMAL,0.1998081772919472,EXACT,21.48791755724207,14.5913,3.102715379428208,39.87311973505594,False,False,False,28.51208244275793,10.126880264944063,False,False,LOW
C09052,NORMAL,0.7162798984201548,EXACT,15.609038891269847,38.8387,-2.776163286544016,33.994241069083714,False,False,False,34.39096110873015,16.005758930916286,False,False,LOW
C09053,NORMAL,1.0907112290468963,EXACT,14.816323583928565,13.3313,-3.568878593885298,33.20152576174243,False,False,False,35.183676416071435,16.79847423825757,False,False,LOW
C09054,NORMAL,0.3010909841181921,EXACT,19.525139936111103,13.8312,1.1399377582972434,37.91034211392497,False,False,False,30.474860063888897,12.089657886075031,False,False,LOW
C09055,NORMAL,0.3271775802407591,EXACT,37.36187653422617,23.8226,18.976674356412307,55.74707871204004,False,False,True,12.63812346577383,-5.747078712040043,False,False,MEDIUM
C09056,NORMAL,0.5029565553014052,EXACT,23.981313602624493,13.8779,5.59611142481063,42.36651578043836,False,False,False,26.018686397375507,7.6334842195616375,False,False,LOW
C09057,NORMAL,0.2402124216174071,EXACT,14.896919103472232,36.6972,-3.4882830743416307,33.282121281286095,False,False,False,35.10308089652777,16.717878718713905,False,False,LOW
C09058,NORMAL,1.7406790034920534,EXACT,33.77708650704365,23.5226,15.391884329229786,52.16228868485752,False,False,True,16.22291349295635,-2.162288684857522,False,False,MEDIUM
C09059,NORMAL,0.2109891613815653,EXACT,13.128139547138288,12.216,-5.257062630675575,31.51334172495215,False,False,False,36.87186045286171,18.48665827504785,False,False,LOW
C09060,NORMAL,0.7602115618683197,EXACT,53.53333591021823,59.2776,35.14813373240436,71.9185380880321,True,True,True,-3.533335910218227,-21.918538088032093,False,False,HIGH
C09061,NORMAL,0.1007994872801105,EXACT,23.59801432142857,14.1727,5.212812143614709,41.98321649924243,False,False,False,26.40198567857143,8.016783500757569,False,False,LOW
C09062,NORMAL,1.435666700973875,EXACT,21.052385445847907,14.9766,2.6671832680340444,39.43758762366177,False,False,False,28.947614554152093,10.56241237633823,False,False,LOW
C09063,NORMAL,1.4818242337384009,EXACT,20.5466000577381,13.734,2.161397879924237,38.93180223555196,False,False,False,29.4533999422619,11.068197764448037,False,False,LOW
C09064,NORMAL,0.6024594288455063,EXACT,14.808441559442633,14.3263,-3.576760618371232,33.193643737256494,False,False,False,35.191558440557365,16.806356262743506,False,False,LOW
C09065,NORMAL,0.9207518262454176,EXACT,20.928907977218586,13.208,2.5437057994047194,39.314110155032445,False,False,False,29.071092022781414,10.685889844967555,False,False,LOW
C09066,WATCH,2.111138596856731,EXACT,17.785930121608956,12.6407,-0.5992720562049065,36.17113229942282,False,False,False,32.214069878391044,13.828867700577177,True,False,LOW
C09067,NORMAL,1.0903944709692548,EXACT,16.539312837797617,14.3713,-1.845889340016246,34.92451501561148,False,False,False,33.46068716220238,15.075484984388517,False,False,LOW
C09068,NORMAL,1.1103161843069786,EXACT,14.66783498911064,12.4046,-3.717367188703223,33.053037166924504,False,False,False,35.33216501088936,16.946962833075496,False,False,LOW
C09069,NORMAL,0.4415723321025815,EXACT,15.086191883008643,12.4195,-3.2990102948052176,33.471394060822504,False,False,False,34.913808116991355,16.528605939177496,False,False,LOW
C09070,WATCH,1.98851041293673,EXACT,14.355323475189188,32.833,-4.029878702624675,32.74052565300305,False,False,False,35.64467652481081,17.259474346996953,True,False,LOW
C09071,NORMAL,0.0616194474855928,EXACT,35.59450568667807,42.9871,17.209303508864206,53.97970786449193,False,False,True,14.405494313321931,-3.979707864491928,False,False,MEDIUM
C09072,WATCH,2.254184056595109,EXACT,17.250937876110576,15.0917,-1.1342643017032863,35.63614005392444,False,False,False,32.74906212388942,14.363859946075557,True,False,LOW
C09073,NORMAL,0.3992137540687222,EXACT,16.374088736805557,12.3468,-2.0111134410083054,34.75929091461942,False,False,False,33.62591126319444,15.24070908538058,False,False,LOW
C09074,NORMAL,0.2201784796056344,EXACT,17.36154033690477,14.2442,-1.0236618409090923,35.74674251471863,False,False,False,32.63845966309523,14.253257485281367,False,False,LOW
C09075,NORMAL,0.3208377159345268,EXACT,20.072696024206333,14.4724,1.687493846392471,38.4578982020202,False,False,False,29.927303975793667,11.542101797979797,False,False,LOW
C09076,NORMAL,0.1073829686008243,EXACT,16.770377047123002,13.2167,-1.6148251306908603,35.155579224936865,False,False,False,33.229622952876994,14.844420775063135,False,False,LOW
C09077,NORMAL,1.5619972516313645,EXACT,43.32960835035868,25.7069,24.944406172544813,61.714810528172535,False,False,True,6.670391649641317,-11.714810528172535,False,False,MEDIUM
C09078,NORMAL,0.4821213837783334,EXACT,13.613071246636007,12.168,-4.772130931177854,31.99827342444987,False,False,False,36.38692875336399,18.00172657555013,False,False,LOW
C09079,NORMAL,0.3085881547900814,EXACT,18.63485455871489,15.3487,0.2496523809010291,37.02005673652876,False,False,False,31.36514544128511,12.979943263471242,False,False,LOW
C09080,NORMAL,0.1448245295896445,EXACT,17.077643508279223,14.2278,-1.3075586695346395,35.46284568609309,False,False,False,32.92235649172078,14.53715431390691,False,False,LOW
C09081,ANOMALOUS,2.7758261558557447,EXACT,18.708945761387863,13.1985,0.3237435835740001,37.094147939201726,False,False,False,31.291054238612137,12.905852060798274,True,True,MEDIUM
C09082,NORMAL,0.8856543327216106,EXACT,17.785660743070824,14.1941,-0.5995414347430383,36.17086292088469,False,False,False,32.21433925692918,13.829137079115313,False,False,LOW
C09083,NORMAL,1.2759431117649598,EXACT,19.011945486309536,11.647,0.6267433084956728,37.3971476641234,False,False,False,30.988054513690464,12.602852335876598,False,False,LOW
C09084,NORMAL,0.5870266110089658,EXACT,18.171194543948413,14.0883,-0.2140076338654495,36.55639672176228,False,False,False,31.828805456051587,13.443603278237717,False,False,LOW
C09085,NORMAL,0.6783949210383288,EXACT,15.358739204662706,13.5473,-3.0264629731511565,33.74394138247657,False,False,False,34.641260795337296,16.25605861752343,False,False,LOW
C09086,NORMAL,0.1704947341666828,EXACT,13.917640484424622,14.4817,-4.467561693389241,32.30284266223848,False,False,False,36.08235951557538,17.697157337761517,False,False,LOW
C09087,NORMAL,0.1934985870590094,EXACT,18.99873983164682,14.601,0.6135376538329567,37.38394200946068,False,False,False,31.00126016835318,12.616057990539318,False,False,LOW
C09088,NORMAL,0.9051709343313938,EXACT,17.441198018425336,23.0182,-0.9440041593885268,35.8264001962392,False,False,False,32.55880198157466,14.173599803760801,False,False,LOW
C09089,NORMAL,0.698511780204349,EXACT,13.79524704404762,12.7966,-4.589955133766242,32.18044922186148,False,False,False,36.20475295595238,17.81955077813852,False,False,LOW
C09090,NORMAL,0.4004765395311591,EXACT,15.102486326587318,13.6854,-3.282715851226545,33.48768850440118,False,False,False,34.89751367341268,16.512311495598823,False,False,LOW
C09091,NORMAL,0.5655683894059462,EXACT,17.255160615773807,14.3775,-1.1300415620400557,35.64036279358767,False,False,False,32.744839384226196,14.35963720641233,False,False,LOW
C09092,NORMAL,0.6409816531125437,EXACT,21.282692598158206,20.0446,2.897490420344344,39.66789477597207,False,False,False,28.717307401841794,10.332105224027927,False,False,LOW
C09093,NORMAL,0.4709196065654537,EXACT,15.504407237244154,13.6557,-2.880794940569709,33.88960941505802,False,False,False,34.49559276275585,16.11039058494198,False,False,LOW
C09094,NORMAL,0.4070466172013267,EXACT,15.666436624457292,13.1085,-2.7187655533565707,34.05163880227116,False,False,False,34.33356337554271,15.948361197728843,False,False,LOW
C09095,WATCH,1.9977449183645144,EXACT,19.958626088275608,11.7308,1.5734239104617451,38.343828266089474,False,False,False,30.041373911724392,11.656171733910526,True,False,LOW
C09096,NORMAL,0.5880347879601029,EXACT,27.38825720406745,19.7245,9.003055026253591,45.77345938188132,False,False,False,22.61174279593255,4.226540618118683,False,False,LOW
C09097,NORMAL,1.7433058203889726,EXACT,12.509367623214304,13.6679,-5.87583455459956,30.894569801028165,False,False,False,37.4906323767857,19.105430198971835,False,False,LOW
C09098,NORMAL,1.188060752785151,EXACT,20.000890702922064,13.8421,1.615688525108201,38.38609288073593,False,False,False,29.999109297077936,11.61390711926407,False,False,LOW
C09099,NORMAL,1.0072972805149425,EXACT,20.97357449583334,14.9489,2.588372318019477,39.3587766736472,False,False,False,29.02642550416666,10.6412233263528,False,False,LOW
C09100,NORMAL,0.8763541660582136,EXACT,15.207097533333338,12.4,-3.178104644480525,33.5922997111472,False,False,False,34.79290246666666,16.4077002888528,False,False,LOW
C09101,NORMAL,0.4057039044631305,EXACT,13.897397640376983,13.6834,-4.48780453743688,32.282599818190846,False,False,False,36.10260235962302,17.717400181809154,False,False,LOW
C09102,NORMAL,0.29481567086895,EXACT,15.984851229558275,13.839,-2.400350948255588,34.37005340737214,False,False,False,34.015148770441726,15.62994659262786,False,False,LOW
C09103,NORMAL,1.174990343374271,EXACT,47.18836318898184,51.1257,28.803161011167976,65.5735653667957,True,False,True,2.811636811018161,-15.573565366795705,False,False,MEDIUM
C09104,NORMAL,1.282179493150509,EXACT,18.22659302666847,12.5991,-0.1586091511453915,36.611795204482334,False,False,False,31.77340697333153,13.388204795517666,False,False,LOW
C09105,NORMAL,1.0397000209599423,EXACT,13.711767374702385,11.493,-4.67343480311148,32.09696955251624,False,False,False,36.28823262529762,17.903030447483758,False,False,LOW
C09106,NORMAL,0.3541875121631015,EXACT,16.407282140712763,14.4836,-1.9779200371011,34.792484318526625,False,False,False,33.592717859287234,15.207515681473375,False,False,LOW
C09107,NORMAL,0.8098153095979899,EXACT,54.83147095656376,54.3755,36.4462687787499,73.21667313437763,True,True,True,-4.831470956563763,-23.21667313437763,False,False,HIGH
C09108,NORMAL,1.1172207963318828,EXACT,53.65482832156863,53.3097,35.26962614375476,72.0400304993825,True,True,True,-3.6548283215686297,-22.040030499382496,False,False,HIGH
C09109,NORMAL,1.68321775999529,EXACT,18.90141543690477,13.7202,0.5162132590909074,37.28661761471864,False,False,False,31.09858456309523,12.713382385281363,False,False,LOW
C09110,NORMAL,0.2426024682288746,EXACT,13.516881523313485,11.6686,-4.868320654500378,31.902083701127346,False,False,False,36.48311847668651,18.097916298872654,False,False,LOW
C09111,NORMAL,0.401613425602307,EXACT,13.524772067018398,12.9329,-4.860430110795464,31.909974244832263,False,False,False,36.4752279329816,18.090025755167737,False,False,LOW
C09112,NORMAL,0.3462192130496336,EXACT,30.03505847519839,37.2772,11.649856297384527,48.42026065301225,False,False,False,19.96494152480161,1.5797393469877505,False,False,LOW
C09113,NORMAL,0.7251331968168006,EXACT,19.75362728690476,15.3667,1.3684251090908963,38.13882946471863,False,False,False,30.24637271309524,11.861170535281367,False,False,LOW
C09114,NORMAL,0.7058933025307828,EXACT,16.13827275986843,13.0816,-2.2469294179454344,34.523474937682295,False,False,False,33.86172724013157,15.476525062317705,False,False,LOW
C09115,NORMAL,1.1293475017104275,EXACT,14.732091007855349,14.1371,-3.653111169958516,33.11729318566921,False,False,False,35.267908992144655,16.88270681433079,False,False,LOW
C09116,NORMAL,0.8012133627213257,EXACT,18.115453716666675,14.0402,-0.2697484611471878,36.50065589448054,False,False,False,31.884546283333325,13.499344105519462,False,False,LOW
C09117,WATCH,1.9985128066707991,EXACT,13.72020923869047,12.6618,-4.664992939123392,32.10541141650433,False,False,False,36.27979076130953,17.89458858349567,True,False,LOW
C09118,NORMAL,1.3893030224350476,EXACT,20.10081114285716,26.5251,1.7156089650432982,38.48601332067102,False,False,False,29.89918885714284,11.51398667932898,False,False,LOW
C09119,NORMAL,0.4315161261822372,EXACT,30.627787997123,38.1872,12.242585819309134,49.01299017493686,False,False,False,19.372212002877,0.9870098250631401,False,False,LOW
C09120,NORMAL,0.8919135051950746,EXACT,28.46248968492064,40.4963,10.077287507106778,46.84769186273451,False,False,False,21.53751031507936,3.152308137265493,False,False,LOW
C09121,NORMAL,0.3321047951746092,EXACT,16.003797303075388,19.8018,-2.3814048747384757,34.388999480889254,False,False,False,33.99620269692461,15.611000519110746,False,False,LOW
C09122,NORMAL,1.058791213035452,EXACT,20.90445316230159,14.4982,2.5192509844877264,39.28965534011545,False,False,False,29.09554683769841,10.710344659884548,False,False,LOW
C09123,NORMAL,1.5784732025033326,EXACT,17.527699765376994,13.2136,-0.8575024124368689,35.91290194319086,False,False,False,32.472300234623006,14.08709805680914,False,False,LOW
C09124,WATCH,2.082396535814911,EXACT,19.70146445266053,13.0782,1.316262274846668,38.0866666304744,False,False,False,30.29853554733947,11.913333369525603,True,False,LOW
C09125,NORMAL,0.3148253199206421,EXACT,13.920658218749994,11.33,-4.464543959063869,32.30586039656386,False,False,False,36.07934178125001,17.694139603436142,False,False,LOW
C09126,NORMAL,1.177728903275726,EXACT,18.43082483402779,14.8309,0.0456226562139256,36.816027011841655,False,False,False,31.56917516597221,13.183972988158345,False,False,LOW
C09127,NORMAL,1.0059781488352968,EXACT,18.064194185393763,13.7346,-0.3210079924200997,36.449396363207626,False,False,False,31.935805814606237,13.550603636792374,False,False,LOW
C09128,NORMAL,0.4888345930317767,EXACT,17.15586575739617,12.9105,-1.2293364204176918,35.54106793521004,False,False,False,32.84413424260383,14.458932064789963,False,False,LOW
C09129,NORMAL,0.6853887064780889,EXACT,20.765905931448422,23.1047,2.38070375363456,39.15110810926228,False,False,False,29.234094068551578,10.848891890737718,False,False,LOW
C09130,NORMAL,0.3151249931324191,EXACT,16.494906497161182,13.633,-1.890295680652681,34.88010867497505,False,False,False,33.50509350283882,15.119891325024952,False,False,LOW
C09131,NORMAL,0.3993412846002488,EXACT,12.570286146239177,12.2722,-5.814916031574686,30.95548832405304,False,False,False,37.42971385376082,19.04451167594696,False,False,LOW
C09132,WATCH,1.956733044974033,EXACT,18.182989793154743,15.1034,-0.2022123846591164,36.56819197096861,False,False,False,31.817010206845257,13.431808029031387,True,False,LOW
C09133,NORMAL,1.074427038964401,EXACT,19.011766536309526,14.4875,0.6265643584956635,37.39696871412339,False,False,False,30.988233463690474,12.603031285876611,False,False,LOW
C09134,NORMAL,0.5662994901394671,EXACT,18.25734457708333,14.6914,-0.127857600730529,36.6425467548972,False,False,False,31.74265542291667,13.357453245102803,False,False,LOW
C09135,NORMAL,1.8651131321377328,EXACT,15.651315285615071,26.814,-2.7338868921987896,34.036517463428936,False,False,False,34.34868471438493,15.963482536571064,False,False,LOW
C09136,NORMAL,0.2714970998393275,EXACT,16.87358291279762,13.4114,-1.5116192650162432,35.25878509061148,False,False,False,33.126417087202384,14.741214909388518,False,False,LOW
C09137,NORMAL,0.3469463833793384,EXACT,17.660429735042015,13.521,-0.7247724427718474,36.04563191285588,False,False,False,32.339570264957985,13.954368087144118,False,False,LOW
C09138,NORMAL,0.2554332550234736,EXACT,27.99799355982142,23.0424,9.612791382007558,46.38319573763528,False,False,False,22.00200644017858,3.6168042623647167,False,False,LOW
C09139,NORMAL,0.1841636700913124,EXACT,53.67249278733763,61.6395,35.287290609523765,72.0576949651515,True,True,True,-3.6724927873376316,-22.057694965151498,False,False,HIGH
C09140,NORMAL,0.3881658125055056,EXACT,16.939555268744165,35.9857,-1.4456469090696975,35.324757446558024,False,False,False,33.060444731255835,14.675242553441976,False,False,LOW
C09141,NORMAL,0.3619452933016475,EXACT,15.433005057380123,13.0521,-2.9521971204337394,33.81820723519399,False,False,False,34.56699494261988,16.181792764806012,False,False,LOW
C09142,NORMAL,0.3759956147083064,EXACT,18.48437301493505,13.4496,0.0991708371211892,36.86957519274891,False,False,False,31.51562698506495,13.130424807251089,False,False,LOW
C09143,NORMAL,0.2470297778482175,TYPE,23.26091708387445,13.9356,4.875714906060587,41.64611926168831,False,False,False,26.73908291612555,8.353880738311688,False,False,LOW
C09144,NORMAL,0.5161007876044722,EXACT,22.62527523412699,14.1116,4.2400730563131255,41.010477411940855,False,False,False,27.37472476587301,8.989522588059145,False,False,LOW
C09145,WATCH,2.394510740794633,EXACT,30.58392366855156,14.0268,12.198721490737691,48.969125846365415,False,False,False,19.41607633144844,1.030874153634585,True,False,LOW
C09146,NORMAL,1.6601961949402324,EXACT,14.092417263591283,12.937,-4.29278491422258,32.477619441405146,False,False,False,35.90758273640871,17.522380558594854,False,False,LOW
C09147,NORMAL,0.4292536714595396,EXACT,16.8010531670635,13.6723,-1.5841490107503624,35.18625534487737,False,False,False,33.1989468329365,14.813744655122633,False,False,LOW
C09148,NORMAL,0.1258841667411111,EXACT,18.04721084722221,15.2742,-0.3379913305916524,36.43241302503607,False,False,False,31.95278915277779,13.56758697496393,False,False,LOW
C09149,NORMAL,0.2117896897646806,EXACT,20.344399079365083,40.2012,1.95919690155122,38.72960125717894,False,False,False,29.655600920634917,11.270398742821058,False,False,LOW
C09150,NORMAL,0.2387646943296303,EXACT,34.64427217506315,55.1073,16.259069997249288,53.02947435287702,True,False,True,15.35572782493685,-3.029474352877017,False,False,MEDIUM
C09151,NORMAL,1.5730051932174802,EXACT,19.618283606910328,15.8016,1.2330814290964651,38.00348578472419,False,False,False,30.381716393089672,11.996514215275809,False,False,LOW
C09152,NORMAL,0.5108727326452952,EXACT,13.437242213789675,12.2904,-4.947959964024188,31.82244439160354,False,False,False,36.56275778621033,18.17755560839646,False,False,LOW
C09153,NORMAL,0.8247641541829493,EXACT,15.064283337805245,13.6369,-3.320918840008618,33.44948551561911,False,False,False,34.93571666219476,16.55051448438089,False,False,LOW
C09154,NORMAL,0.3145346910247494,EXACT,14.333122712896827,14.4879,-4.052079464917034,32.71832489071069,False,False,False,35.666877287103176,17.28167510928931,False,False,LOW
C09155,NORMAL,0.6416669947076636,EXACT,17.57403764771825,13.7808,-0.8111645300956134,35.95923982553211,False,False,False,32.42596235228175,14.040760174467891,False,False,LOW
C09156,NORMAL,0.9168514586340122,EXACT,23.493526011647727,14.7531,5.108323833833865,41.87872818946159,False,False,False,26.506473988352273,8.12127181053841,False,False,LOW
C09157,NORMAL,1.163978932424987,EXACT,14.755367977281734,13.6301,-3.629834200532129,33.140570155095595,False,False,False,35.244632022718264,16.859429844904405,False,False,LOW
C09158,NORMAL,0.17205176994337,EXACT,18.06785772192461,15.3177,-0.3173444558892484,36.45305989973848,False,False,False,31.93214227807539,13.546940100261523,False,False,LOW
C09159,NORMAL,0.6122966258738762,EXACT,19.43668247579365,13.763,1.0514802979797864,37.82188465360751,False,False,False,30.56331752420635,12.178115346392488,False,False,LOW
C09160,NORMAL,0.7648258383054238,EXACT,18.735099084226167,33.8087,0.3498969064123045,37.12030126204003,False,False,False,31.264900915773833,12.87969873795997,False,False,LOW
C09161,NORMAL,0.9166953876229078,EXACT,17.252564507117526,14.1308,-1.1326376706963366,35.63776668493139,False,False,False,32.747435492882474,14.362233315068607,False,False,LOW
C09162,NORMAL,0.5731512782807202,EXACT,18.22148823402779,14.2778,-0.163713943786071,36.606690411841655,False,False,False,31.77851176597221,13.393309588158345,False,False,LOW
C09163,NORMAL,0.2748916379906709,EXACT,13.793874981746033,13.1762,-4.59132719606783,32.179077159559895,False,False,False,36.20612501825397,17.820922840440105,False,False,LOW
C09164,NORMAL,0.504786442167864,EXACT,12.963961498115072,12.5172,-5.421240679698791,31.34916367592893,False,False,False,37.03603850188493,18.65083632407107,False,False,LOW
C09165,NORMAL,0.4887130918701317,EXACT,40.696141424107125,23.064,22.310939246293263,59.08134360192099,False,False,True,9.303858575892875,-9.081343601920992,False,False,MEDIUM
C09166,NORMAL,0.2565470167875883,EXACT,15.962069135831532,14.2962,-2.4231330419823305,34.34727131364539,False,False,False,34.037930864168466,15.652728686354607,False,False,LOW
C09167,NORMAL,0.962319957336075,EXACT,19.06079079686853,13.7144,0.6755886190546683,37.4459929746824,False,False,False,30.93920920313147,12.554007025317603,False,False,LOW
C09168,NORMAL,0.0406997420437757,EXACT,16.276794087653307,13.048,-2.1084080901605557,34.66199626546717,False,False,False,33.72320591234669,15.338003734532833,False,False,LOW
C09169,NORMAL,0.5454256868308949,EXACT,14.189720890674607,13.0749,-4.195481287139256,32.574923068488474,False,False,False,35.81027910932539,17.425076931511526,False,False,LOW
C09170,NORMAL,0.419652676001988,EXACT,14.8360661202381,11.9567,-3.549136057575762,33.22126829805197,False,False,False,35.1639338797619,16.778731701948033,False,False,LOW
C09171,NORMAL,0.1803133860243869,EXACT,17.11013398551589,15.2582,-1.2750681922979723,35.49533616332975,False,False,False,32.88986601448411,14.504663836670247,False,False,LOW
C09172,NORMAL,0.1238563418596199,EXACT,13.554812221146614,14.1507,-4.830389956667249,31.94001439896048,False,False,False,36.44518777885339,18.05998560103952,False,False,LOW
C09173,NORMAL,0.1584718503700187,EXACT,17.566228030952374,12.8726,-0.8189741468614891,35.95143020876624,False,False,False,32.433771969047626,14.04856979123376,False,False,LOW
C09174,NORMAL,0.2024211979695613,EXACT,18.319277799275024,13.7389,-0.0659243785388383,36.70447997708889,False,False,False,31.680722200724976,13.295520022911113,False,False,LOW
C09175,NORMAL,0.3432556370703025,EXACT,17.42882252390872,13.4991,-0.9563796539051416,35.81402470172259,False,False,False,32.57117747609128,14.185975298277413,False,False,LOW
C09176,NORMAL,1.0791951429040798,EXACT,18.58289219930556,13.0991,0.1976900214916952,36.96809437711942,False,False,False,31.41710780069444,13.03190562288058,False,False,LOW
C09177,NORMAL,0.0728899034391024,EXACT,21.88040866818183,40.8976,3.4952064903679663,40.265610845995695,False,False,False,28.11959133181817,9.734389154004305,False,False,LOW
C09178,NORMAL,0.5778986004052229,EXACT,20.716296329166656,14.1867,2.3310941513527936,39.10149850698052,False,False,False,29.283703670833344,10.89850149301948,False,False,LOW
C09179,NORMAL,1.7945899318524885,EXACT,12.433446031195894,12.2729,-5.951756146617969,30.81864820900976,False,False,False,37.56655396880411,19.18135179099024,False,False,LOW
C09180,NORMAL,1.4089506286167652,EXACT,40.584217100261526,21.2734,22.199014922447663,58.96941927807539,False,False,True,9.415782899738474,-8.969419278075392,False,False,MEDIUM
C09181,NORMAL,0.1493071261277338,EXACT,33.97669159970238,13.3536,15.591489421888514,52.36189377751624,False,False,True,16.023308400297623,-2.3618937775162365,False,False,MEDIUM
C09182,NORMAL,0.3935890220778398,EXACT,31.012676063266625,51.9921,12.627473885452762,49.39787824108049,True,False,False,18.987323936733375,0.6021217589195089,False,False,LOW
C09183,NORMAL,0.907141331528174,EXACT,31.855012046185067,14.5735,13.469809868371204,50.24021422399893,False,False,True,18.144987953814933,-0.2402142239989331,False,False,MEDIUM
C09184,NORMAL,0.8730767111408472,EXACT,14.998864343344152,11.5958,-3.3863378344697104,33.38406652115802,False,False,False,35.00113565665585,16.61593347884198,False,False,LOW
C09185,NORMAL,0.654674860369511,EXACT,17.71921888030304,13.9233,-0.6659832975108237,36.1044210581169,False,False,False,32.28078111969696,13.895578941883102,False,False,LOW
C09186,NORMAL,1.1599100496299957,EXACT,38.86356185800864,21.6749,20.47835968019478,57.2487640358225,False,False,True,11.136438141991363,-7.2487640358224965,False,False,MEDIUM
C09187,NORMAL,1.1101580124099435,EXACT,17.349941921726185,29.8783,-1.0352602560876782,35.73514409954005,False,False,False,32.650058078273815,14.264855900459949,False,False,LOW
C09188,NORMAL,1.483998226671696,EXACT,19.10407439226192,12.8433,0.718872214448055,37.48927657007578,False,False,False,30.89592560773808,12.51072342992422,False,False,LOW
C09189,NORMAL,0.2846688446289741,EXACT,17.33972814724835,13.8901,-1.0454740305655117,35.72493032506222,False,False,False,32.66027185275165,14.275069674937782,False,False,LOW
C09190,NORMAL,0.2615428299807361,EXACT,15.994003225892868,14.3715,-2.391198951920994,34.379205403706735,False,False,False,34.00599677410713,15.620794596293265,False,False,LOW
C09191,NORMAL,1.430620167873294,EXACT,14.301941978273804,13.4966,-4.08326019954006,32.68714415608767,False,False,False,35.6980580217262,17.31285584391233,False,False,LOW
C09192,NORMAL,0.4191699635824005,EXACT,20.11292948630953,13.7612,1.7277273084956697,38.49813166412339,False,False,False,29.88707051369047,11.501868335876608,False,False,LOW
C09193,NORMAL,0.8779383014260362,EXACT,17.146173316748314,39.5467,-1.2390288610655489,35.53137549456218,False,False,False,32.85382668325168,14.468624505437823,False,False,LOW
C09194,NORMAL,1.1296790004163133,EXACT,16.890120875892862,14.4846,-1.495081301921001,35.27532305370673,False,False,False,33.10987912410714,14.724676946293272,False,False,LOW
C09195,NORMAL,0.486944425380561,EXACT,16.00374659374999,12.2904,-2.381455584063872,34.388948771563854,False,False,False,33.996253406250005,15.611051228436146,False,False,LOW
C09196,NORMAL,0.062068630982887,EXACT,13.53643861160714,12.7862,-4.848763566206724,31.921640789421,False,False,False,36.46356138839286,18.078359210579,False,False,LOW
C09197,NORMAL,1.0203486204536123,EXACT,13.69001749806998,12.0735,-4.695184679743884,32.075219675883844,False,False,False,36.30998250193002,17.924780324116156,False,False,LOW
C09198,NORMAL,0.5174005115804574,EXACT,14.835958509929648,61.8443,-3.5492436678842143,33.22116068774351,True,False,False,35.16404149007035,16.778839312256487,False,False,LOW
C09199,NORMAL,0.3590663587956771,EXACT,20.552887417189744,14.3118,2.167685239375881,38.9380895950036,False,False,False,29.447112582810256,11.061910404996397,False,False,LOW
C09200,NORMAL,0.9328221486636517,EXACT,15.794818541468269,13.52,-2.590383636345596,34.180020719282126,False,False,False,34.20518145853173,15.819979280717874,False,False,LOW
C09201,NORMAL,0.8619777107502042,EXACT,16.48149529523811,13.4947,-1.9037068825757544,34.86669747305197,False,False,False,33.518504704761895,15.133302526948029,False,False,LOW
C09202,NORMAL,1.1054976353661623,EXACT,16.126282340376985,13.404,-2.2589198374368777,34.51148451819085,False,False,False,33.87371765962301,15.488515481809152,False,False,LOW
C09203,NORMAL,0.9007326450022832,EXACT,18.69338307678571,14.2864,0.3081808989718482,37.07858525459957,False,False,False,31.30661692321429,12.921414745400433,False,False,LOW
C09204,NORMAL,0.2117182317936518,EXACT,35.363253795634904,22.0753,16.97805161782104,53.74845597344877,False,False,True,14.636746204365096,-3.7484559734487704,False,False,MEDIUM
C09205,WATCH,2.058142039893054,EXACT,21.32210129474207,22.5876,2.936899116928206,39.707303472555935,False,False,False,28.67789870525793,10.292696527444065,True,False,LOW
C09206,NORMAL,1.7877371529511443,EXACT,20.737777559167224,16.1651,2.352575381353361,39.12297973698109,False,False,False,29.262222440832776,10.877020263018913,False,False,LOW
C09207,NORMAL,1.0237433989821358,EXACT,17.70044641954365,14.2929,-0.6847557582702137,36.08564859735751,False,False,False,32.29955358045635,13.914351402642488,False,False,LOW
C09208,WATCH,2.050555232473158,EXACT,13.477565704960302,12.1816,-4.907636472853561,31.862767882774165,False,False,False,36.5224342950397,18.137232117225835,True,False,LOW
C09209,NORMAL,0.1752710403233402,EXACT,15.79921004384398,13.2945,-2.585992133969881,34.184412221657844,False,False,False,34.20078995615602,15.815587778342156,False,False,LOW
C09210,NORMAL,1.6239989236638643,EXACT,22.45198293688592,41.5224,4.066780759072053,40.83718511469978,False,False,False,27.54801706311408,9.162814885300222,False,False,LOW
C09211,WATCH,2.2760852057110155,EXACT,12.906482310218262,12.556,-5.478719867595601,31.291684488032125,False,False,False,37.093517689781734,18.708315511967875,True,False,LOW
C09212,NORMAL,1.1276804124455089,EXACT,44.74574403505802,24.4374,26.36054185724416,63.13094621287189,False,False,True,5.254255964941983,-13.13094621287189,False,False,MEDIUM
C09213,NORMAL,0.9192005269763616,EXACT,19.0373978689484,15.2483,0.652195691134537,37.42260004676226,False,False,False,30.9626021310516,12.577399953237737,False,False,LOW
C09214,NORMAL,0.6833812481152278,EXACT,17.293284947123016,13.5888,-1.0919172306908465,35.67848712493688,False,False,False,32.70671505287699,14.32151287506312,False,False,LOW
C09215,NORMAL,1.1225015972831052,TYPE,14.333360701378478,12.7505,-4.051841476435385,32.71856287919234,False,False,False,35.66663929862152,17.28143712080766,False,False,LOW
C09216,NORMAL,0.192592890866069,EXACT,14.331149554121556,13.8207,-4.054052623692307,32.71635173193542,False,False,False,35.66885044587845,17.28364826806458,False,False,LOW
C09217,NORMAL,0.3772167768104654,EXACT,18.627865056547613,32.9801,0.2426628787337499,37.01306723436147,False,False,False,31.372134943452387,12.986932765638528,False,False,LOW
C09218,NORMAL,0.2443783113635535,EXACT,48.4413615698413,53.8721,30.056159392027435,66.82656374765516,True,False,True,1.5586384301587017,-16.826563747655157,False,False,MEDIUM
C09219,NORMAL,0.5393984257694576,EXACT,17.85532645880243,14.0166,-0.5298757190114323,36.24052863661629,False,False,False,32.14467354119757,13.75947136338371,False,False,LOW
C09220,NORMAL,0.6457831277722212,EXACT,22.126508026416563,15.126,3.7413058486027,40.511710204230425,False,False,False,27.873491973583437,9.488289795769575,False,False,LOW
C09221,NORMAL,0.5456780758623438,EXACT,17.046165015623295,13.7514,-1.339037162190568,35.431367193437154,False,False,False,32.953834984376705,14.568632806562846,False,False,LOW
C09222,NORMAL,0.6322047277712373,EXACT,12.780821481746022,11.9833,-5.604380696067841,31.166023659559883,False,False,False,37.219178518253976,18.833976340440117,False,False,LOW
C09223,NORMAL,0.3624766274974033,EXACT,32.114750421627,25.7953,13.729548243813138,50.49995259944086,False,False,True,17.885249578373,-0.49995259944086,False,False,MEDIUM
C09224,NORMAL,1.465229067090116,EXACT,52.05191105029762,55.2581,33.66670887248375,70.43711322811149,True,True,True,-2.051911050297619,-20.437113228111485,False,False,HIGH
C09225,NORMAL,1.037293055644417,EXACT,12.50735106458334,12.1333,-5.877851113230523,30.8925532423972,False,False,False,37.49264893541666,19.1074467576028,False,False,LOW
C09226,NORMAL,1.4537075092750134,EXACT,49.37552441626985,19.1937,30.990322238455985,67.7607265940837,False,False,True,0.6244755837301526,-17.760726594083707,False,False,MEDIUM
C09227,NORMAL,1.144162297467218,EXACT,23.46711390119048,14.6728,5.081911723376614,41.85231607900434,False,False,False,26.53288609880952,8.14768392099566,False,False,LOW
C09228,NORMAL,0.5471202816552851,EXACT,29.41618159077381,14.2497,11.030979412959953,47.80138376858768,False,False,False,20.58381840922619,2.1986162314123234,False,False,LOW
C09229,NORMAL,0.6839354855754238,EXACT,53.38104968146644,54.6541,34.99584750365257,71.7662518592803,True,True,True,-3.3810496814664432,-21.766251859280302,False,False,HIGH
C09230,NORMAL,0.9674284215925626,EXACT,17.46670266410952,40.2194,-0.9184995137043436,35.851904841923385,False,False,False,32.53329733589048,14.148095158076615,False,False,LOW
C09231,NORMAL,0.1876970404391857,EXACT,19.052347859126968,14.7393,0.6671456813131051,37.437550036940834,False,False,False,30.947652140873032,12.562449963059166,False,False,LOW
C09232,NORMAL,0.4181604442958206,EXACT,32.513019618154765,21.5359,14.127817440340902,50.898221795968624,False,False,True,17.486980381845235,-0.8982217959686238,False,False,MEDIUM
C09233,NORMAL,0.6223609997980932,EXACT,19.88882034017857,13.6655,1.5036181623647096,38.27402251799244,False,False,False,30.11117965982143,11.725977482007558,False,False,LOW
C09234,NORMAL,0.6126824277190306,EXACT,17.857882248809528,33.3154,-0.5273199290043351,36.24308442662339,False,False,False,32.14211775119047,13.75691557337661,False,False,LOW
C09235,NORMAL,0.1063616390742272,EXACT,17.22461273338744,15.4242,-1.1605894444264244,35.6098149112013,False,False,False,32.77538726661256,14.390185088798702,False,False,LOW
C09236,NORMAL,0.2462262757096906,EXACT,15.918100737797632,20.4369,-2.467101440016231,34.303302915611496,False,False,False,34.08189926220237,15.696697084388504,False,False,LOW
C09237,NORMAL,1.0078467980348658,EXACT,21.674639883730165,13.7817,3.2894377059163027,40.05984206154403,False,False,False,28.325360116269835,9.940157938455968,False,False,LOW
C09238,NORMAL,0.0377984962739867,EXACT,19.51052002668652,13.9519,1.1253178488726547,37.89572220450038,False,False,False,30.48947997331348,12.10427779549962,False,False,LOW
C09239,NORMAL,0.3857226894151433,EXACT,17.996500573890692,14.0824,-0.3887016039231703,36.38170275170455,False,False,False,32.00349942610931,13.618297248295448,False,False,LOW
C09240,NORMAL,0.7561576849925731,EXACT,30.45862571994049,19.3225,12.073423542126624,48.84382789775435,False,False,False,19.54137428005951,1.1561721022456481,False,False,LOW
C09241,NORMAL,0.1663400992007185,EXACT,20.357044498618595,13.7632,1.9718423208047329,38.74224667643246,False,False,False,29.642955501381405,11.257753323567542,False,False,LOW
C09242,NORMAL,0.560742515615405,EXACT,26.66065491498013,13.8224,8.275452737166272,45.045857092794,False,False,False,23.33934508501987,4.954142907205998,False,False,LOW
C09243,NORMAL,1.3929617736050943,EXACT,18.617367366765865,14.685,0.2321651889519991,37.00256954457973,False,False,False,31.382632633234135,12.997430455420272,False,False,LOW
C09244,WATCH,2.130932032753158,EXACT,15.584823604933256,12.9457,-2.800378572880607,33.970025782747115,False,False,False,34.415176395066744,16.029974217252885,True,False,LOW
C09245,NORMAL,0.6875054758346978,EXACT,14.230206259424586,12.0136,-4.154995918389277,32.61540843723845,False,False,False,35.769793740575416,17.38459156276155,False,False,LOW
C09246,NORMAL,0.5267980434541272,EXACT,15.716901115734172,13.9971,-2.6683010620796903,34.10210329354803,False,False,False,34.283098884265826,15.897896706451967,False,False,LOW
C09247,NORMAL,0.3574919317552836,EXACT,17.93503367053571,20.8814,-0.4501685072781534,36.32023584834957,False,False,False,32.06496632946429,13.679764151650431,False,False,LOW
C09248,NORMAL,1.068445140144351,EXACT,13.728425112500007,13.4958,-4.656777065313854,32.11362729031387,False,False,False,36.271574887499995,17.88637270968613,False,False,LOW
C09249,NORMAL,1.205532550107259,EXACT,19.361061033553245,14.251,0.975858855739382,37.74626321136711,False,False,False,30.638938966446755,12.253736788632892,False,False,LOW
C09250,NORMAL,0.6213846559467356,EXACT,38.33380740164142,24.0034,19.94860522382756,56.71900957945529,False,False,True,11.666192598358577,-6.719009579455289,False,False,MEDIUM
C09251,NORMAL,0.7967171627788323,EXACT,17.932011888492056,15.3389,-0.4531902893218067,36.31721406630592,False,False,False,32.067988111507944,13.682785933694078,False,False,LOW
C09252,NORMAL,0.2749479619111283,EXACT,15.117391133630958,13.9614,-3.2678110441829045,33.50259331144482,False,False,False,34.88260886636904,16.49740668855518,False,False,LOW
C09253,NORMAL,0.1641870934872215,EXACT,18.49018599605393,14.3583,0.1049838182400719,36.8753881738678,False,False,False,31.50981400394607,13.124611826132202,False,False,LOW
C09254,NORMAL,0.6526640724217433,EXACT,22.455135892956346,14.5508,4.069933715142483,40.84033807077021,False,False,False,27.544864107043654,9.159661929229792,False,False,LOW
C09255,NORMAL,1.0659112420502683,EXACT,17.45775358065475,14.6492,-0.9274485971591132,35.84295575846861,False,False,False,32.54224641934525,14.157044241531388,False,False,LOW
C09256,NORMAL,0.4737217651520686,EXACT,15.074167335249811,13.432,-3.31103484256405,33.45936951306368,False,False,False,34.92583266475019,16.540630486936323,False,False,LOW
C09257,NORMAL,1.5809551109067166,EXACT,15.515913477182528,13.877,-2.8692887006313352,33.90111565499639,False,False,False,34.48408652281747,16.09888434500361,False,False,LOW
C09258,NORMAL,0.2943337202425799,EXACT,19.364393517550493,13.74,0.97919133973663,37.74959569536436,False,False,False,30.635606482449507,12.250404304635637,False,False,LOW
C09259,WATCH,2.0705069134547918,EXACT,15.020203628373013,13.3858,-3.364998549440852,33.40540580618688,False,False,False,34.97979637162699,16.594594193813123,True,False,LOW
C09260,NORMAL,0.0953281951466106,EXACT,33.89709117142856,33.6023,15.5118889936147,52.28229334924242,False,False,True,16.102908828571437,-2.2822933492424227,False,False,MEDIUM
C09261,NORMAL,0.13229262179032,EXACT,16.47145268741606,14.8651,-1.9137494903978016,34.85665486522993,False,False,False,33.52854731258394,15.143345134770072,False,False,LOW
C09262,NORMAL,1.7932106977618896,EXACT,16.190084944742058,15.1372,-2.195117233071805,34.57528712255592,False,False,False,33.809915055257946,15.42471287744408,False,False,LOW
C09263,NORMAL,0.1509701705626476,EXACT,14.51097211452922,13.9311,-3.874230063284642,32.89617429234308,False,False,False,35.489027885470776,17.103825707656917,False,False,LOW
C09264,NORMAL,0.19338677577956,EXACT,43.70277062900362,52.1872,25.31756845118976,62.08797280681749,True,False,True,6.2972293709963765,-12.08797280681749,False,False,MEDIUM
C09265,NORMAL,0.792363260927001,EXACT,34.146728719345234,60.3021,15.76152654153137,52.5319308971591,True,False,True,15.853271280654766,-2.5319308971591,False,False,MEDIUM
C09266,NORMAL,0.4341405622086504,EXACT,13.622958586507934,12.808,-4.762243591305928,32.0081607643218,False,False,False,36.377041413492066,17.9918392356782,False,False,LOW
C09267,NORMAL,0.95780964000381,EXACT,49.828313922207,21.1254,31.44311174439314,68.21351610002087,False,False,True,0.17168607779299805,-18.21351610002087,False,False,MEDIUM
C09268,NORMAL,0.4429736390560783,EXACT,19.48931197718254,13.7499,1.1041097993686757,37.874514154996405,False,False,False,30.51068802281746,12.125485845003595,False,False,LOW
C09269,NORMAL,0.8959244220662634,EXACT,15.733181629099818,13.3778,-2.652020548714045,34.118383806913684,False,False,False,34.26681837090018,15.881616193086316,False,False,LOW
C09270,NORMAL,0.4083239013366273,EXACT,13.52432183204364,12.4658,-4.860880345770223,31.909524009857503,False,False,False,36.47567816795636,18.090475990142497,False,False,LOW
C09271,NORMAL,0.9309331498058804,EXACT,17.372269452867954,13.4683,-1.0129327249459088,35.75747163068182,False,False,False,32.627730547132046,14.24252836931818,False,False,LOW
C09272,NORMAL,0.3470742025353129,EXACT,18.48588796507936,14.5191,0.1006857872654976,36.87109014289322,False,False,False,31.51411203492064,13.128909857106777,False,False,LOW
C09273,NORMAL,1.3015141123902132,EXACT,17.060418783486615,14.1421,-1.3247833943272482,35.44562096130048,False,False,False,32.93958121651339,14.554379038699523,False,False,LOW
C09274,NORMAL,0.5754722634725242,EXACT,18.44047153958333,14.7078,0.0552693617694686,36.8256737173972,False,False,False,31.55952846041667,13.174326282602799,False,False,LOW
C09275,NORMAL,0.7631146186435094,EXACT,16.7846789001984,14.11,-1.600523277615462,35.16988107801227,False,False,False,33.2153210998016,14.830118921987733,False,False,LOW
C09276,NORMAL,0.6548171833077604,EXACT,14.748995005357148,12.0385,-3.6362071724567135,33.13419718317101,False,False,False,35.251004994642855,16.86580281682899,False,False,LOW
C09277,NORMAL,0.1494595276018189,EXACT,17.544215828869042,40.5733,-0.8409863489448206,35.92941800668291,False,False,False,32.45578417113096,14.070581993317091,False,False,LOW
C09278,WATCH,2.0838846878246917,EXACT,14.287593087400792,14.7427,-4.097609090413069,32.67279526521466,False,False,False,35.71240691259921,17.32720473478534,True,False,LOW
C09279,NORMAL,1.3816386375010414,EXACT,19.85159870992827,53.3669,1.4663965321144057,38.236800887742135,True,False,False,30.14840129007173,11.763199112257865,False,False,LOW
C09280,NORMAL,1.0417282644183816,EXACT,18.20218176995852,37.2295,-0.183020407855345,36.58738394777238,False,False,False,31.79781823004148,13.41261605222762,False,False,LOW
C09281,NORMAL,1.4423609516997635,EXACT,15.644708000937948,14.37,-2.740494176875915,34.02991017875181,False,False,False,34.355291999062054,15.970089821248187,False,False,LOW
C09282,NORMAL,0.4958078419412107,EXACT,16.077452170932546,13.1941,-2.3077500068813173,34.46265434874641,False,False,False,33.922547829067454,15.537345651253588,False,False,LOW
C09283,NORMAL,1.0734360695183596,EXACT,13.053236402976196,12.9545,-5.331965774837668,31.438438580790056,False,False,False,36.9467635970238,18.561561419209944,False,False,LOW
C09284,NORMAL,0.4352841287877592,EXACT,17.052737765887585,20.348,-1.3324644119262778,35.43793994370145,False,False,False,32.947262234112415,14.562060056298549,False,False,LOW
C09285,NORMAL,0.4298415041249733,EXACT,16.652655350198412,15.1488,-1.732546827615451,35.037857528012275,False,False,False,33.347344649801585,14.962142471987725,False,False,LOW
C09286,NORMAL,0.8147964436273364,EXACT,21.271400025793668,13.8533,2.8861978479798047,39.656602203607534,False,False,False,28.728599974206332,10.343397796392466,False,False,LOW
C09287,NORMAL,1.4684101429070155,EXACT,19.10310176249997,15.4926,0.717899584686112,37.48830394031384,False,False,False,30.89689823750003,12.511696059686159,False,False,LOW
C09288,NORMAL,0.3317468641895087,EXACT,18.94254943234127,15.2406,0.5573472545274072,37.32775161015513,False,False,False,31.05745056765873,12.672248389844867,False,False,LOW
C09289,NORMAL,1.5324576603873918,EXACT,16.11850722103175,13.1266,-2.266694956782114,34.503709398845615,False,False,False,33.88149277896825,15.496290601154385,False,False,LOW
C09290,NORMAL,1.1359005793045176,EXACT,16.569027261874268,12.1462,-1.8161749159395943,34.954229439688135,False,False,False,33.43097273812573,15.045770560311865,False,False,LOW
C09291,NORMAL,0.153868857006698,EXACT,14.387643197023806,14.7589,-3.997558980790057,32.77284537483767,False,False,False,35.612356802976194,17.227154625162328,False,False,LOW
C09292,NORMAL,0.1833151167025088,EXACT,22.294324349503977,13.9892,3.9091221716901146,40.67952652731784,False,False,False,27.705675650496023,9.32047347268216,False,False,LOW
C09293,NORMAL,1.0118576110758932,EXACT,42.2222381898352,35.8187,23.837036012021333,60.60744036764906,False,False,True,7.777761810164797,-10.607440367649062,False,False,MEDIUM
C09294,WATCH,2.224096544529351,EXACT,13.327940932898342,12.691,-5.057261244915521,31.713143110712203,False,False,False,36.67205906710166,18.286856889287797,True,False,LOW
C09295,NORMAL,0.3996954573954535,EXACT,16.415283116666657,14.0448,-1.9699190611472053,34.800485294480524,False,False,False,33.58471688333334,15.199514705519476,False,False,LOW
C09296,NORMAL,0.9473298787235191,EXACT,19.74298777902166,38.1574,1.357785601207798,38.12818995683553,False,False,False,30.25701222097834,11.871810043164473,False,False,LOW
C09297,NORMAL,0.963301520582519,EXACT,19.25631570069444,13.6523,0.8711135228805738,37.641517878508296,False,False,False,30.74368429930556,12.358482121491704,False,False,LOW
C09298,NORMAL,0.3067834163469177,EXACT,15.065787589682545,13.6688,-3.31941458813132,33.45098976749641,False,False,False,34.93421241031746,16.54901023250359,False,False,LOW
C09299,NORMAL,1.2849872641532365,EXACT,22.294052755681804,14.2609,3.908850577867941,40.67925493349567,False,False,False,27.705947244318196,9.32074506650433,False,False,LOW
C09300,NORMAL,0.8996209167828719,EXACT,18.945973952419124,14.3865,0.5607717746052607,37.33117613023299,False,False,False,31.054026047580876,12.66882386976701,False,False,LOW
C09301,NORMAL,0.1408590988340141,EXACT,14.655271490376986,11.6439,-3.7299306874368767,33.04047366819085,False,False,False,35.34472850962301,16.95952633180915,False,False,LOW
C09302,NORMAL,1.5344340985227063,EXACT,24.336063538212475,13.8797,5.950861360398612,42.72126571602634,False,False,False,25.663936461787525,7.278734283973662,False,False,LOW
C09303,NORMAL,0.8703418771309284,EXACT,20.619071802967163,13.7254,2.2338696251533,39.00427398078102,False,False,False,29.380928197032837,10.995726019218978,False,False,LOW
C09304,NORMAL,1.4955644977807028,EXACT,12.914985122321442,12.7576,-5.470217055492421,31.300187300135303,False,False,False,37.08501487767856,18.699812699864697,False,False,LOW
C09305,NORMAL,0.2648664927300317,EXACT,16.211169877430553,14.7392,-2.1740323003833097,34.596372055244416,False,False,False,33.78883012256945,15.403627944755584,False,False,LOW
C09306,ANOMALOUS,2.710933460305157,EXACT,18.63648351498015,13.377,0.2512813371662865,37.02168569279401,False,False,False,31.36351648501985,12.978314307205991,True,True,MEDIUM
C09307,WATCH,2.1636088345317765,EXACT,14.84281244871032,13.0598,-3.542389729103544,33.228014626524185,False,False,False,35.15718755128968,16.771985373475815,True,False,LOW
C09308,NORMAL,0.3496387895767984,EXACT,15.27278671855158,14.0621,-3.112415459262282,33.657988896365445,False,False,False,34.72721328144842,16.342011103634555,False,False,LOW
C09309,NORMAL,0.5620370087503793,EXACT,12.763916890142498,12.0118,-5.621285287671364,31.149119067956363,False,False,False,37.2360831098575,18.850880932043637,False,False,LOW
C09310,NORMAL,0.3372995913447299,EXACT,18.066551687160597,14.8324,-0.318650490653269,36.45175386497446,False,False,False,31.933448312839403,13.548246135025543,False,False,LOW
C09311,NORMAL,0.6984180954386059,EXACT,15.427321181746038,13.2497,-2.957880996067825,33.812523359559904,False,False,False,34.57267881825396,16.187476640440096,False,False,LOW
C09312,NORMAL,1.0660007252671329,EXACT,17.53341592592054,15.5697,-0.8517862518933228,35.9186181037344,False,False,False,32.466584074079464,14.081381896265597,False,False,LOW
C09313,NORMAL,0.1839364526535711,EXACT,15.946296117261902,13.2451,-2.438906060551961,34.33149829507576,False,False,False,34.0537038827381,15.668501704924239,False,False,LOW
C09314,NORMAL,0.1458493853323789,EXACT,13.53491265218254,13.4782,-4.850289525631322,31.920114829996404,False,False,False,36.46508734781746,18.079885170003596,False,False,LOW
C09315,NORMAL,0.0519237673344949,EXACT,16.85084014027776,15.1674,-1.534362037536102,35.23604231809162,False,False,False,33.14915985972224,14.76395768190838,False,False,LOW
C09316,NORMAL,0.549372007767793,EXACT,17.49852236309523,13.2805,-0.886679814718633,35.88372454090909,False,False,False,32.50147763690477,14.116275459090907,False,False,LOW
C09317,NORMAL,1.4101054092045255,EXACT,13.04305008419844,14.2391,-5.342152093615423,31.4282522620123,False,False,False,36.95694991580156,18.5717477379877,False,False,LOW
C09318,NORMAL,0.8623989841379675,EXACT,15.836831587499988,12.678,-2.548370590313876,34.22203376531385,False,False,False,34.16316841250001,15.777966234686147,False,False,LOW
C09319,NORMAL,0.8567680650446536,EXACT,36.90439295698956,29.2973,18.5191907791757,55.28959513480342,False,False,True,13.095607043010439,-5.28959513480342,False,False,MEDIUM
C09320,NORMAL,1.840398453968118,EXACT,20.663996472619043,14.3661,2.2787942948051807,39.049198650432906,False,False,False,29.336003527380957,10.950801349567094,False,False,LOW
C09321,NORMAL,0.8130277240906816,EXACT,18.153050816346152,14.0745,-0.2321513614677108,36.53825299416002,False,False,False,31.846949183653848,13.461747005839982,False,False,LOW
C09322,NORMAL,0.7212059106303661,EXACT,16.138869164186506,13.7675,-2.246333013627357,34.52407134200037,False,False,False,33.8611308358135,15.475928657999631,False,False,LOW
C09323,NORMAL,1.5447048512675825,EXACT,17.136869296031733,13.4401,-1.2483328817821295,35.5220714738456,False,False,False,32.86313070396827,14.4779285261544,False,False,LOW
C09324,NORMAL,0.4528328488377119,EXACT,16.11362678981444,14.1989,-2.271575387999423,34.4988289676283,False,False,False,33.88637321018556,15.501171032371701,False,False,LOW
C09325,NORMAL,0.7088252215847344,EXACT,19.64496678561509,13.3645,1.2597646078012268,38.03016896342895,False,False,False,30.35503321438491,11.969831036571051,False,False,LOW
C09326,NORMAL,0.6416244884582204,EXACT,15.132640579067452,14.0915,-3.2525615987464107,33.517842756881315,False,False,False,34.867359420932544,16.482157243118685,False,False,LOW
C09327,NORMAL,0.4961571479457042,EXACT,14.527396297646114,13.7025,-3.857805880167749,32.91259847545997,False,False,False,35.47260370235389,17.087401524540027,False,False,LOW
C09328,NORMAL,0.1519097310042745,EXACT,23.94708214563491,21.1059,5.561879967821046,42.332284323448775,False,False,False,26.05291785436509,7.667715676551225,False,False,LOW
C09329,NORMAL,0.4417380883993758,EXACT,15.974863236424394,14.1355,-2.410338941389469,34.36006541423826,False,False,False,34.0251367635756,15.639934585761743,False,False,LOW
C09330,NORMAL,0.5897519348198688,EXACT,17.110060324697145,12.9616,-1.2751418531167182,35.49526250251101,False,False,False,32.889939675302855,14.504737497488989,False,False,LOW
C09331,NORMAL,0.231380581970217,EXACT,15.352416818312944,22.0514,-3.0327853595009184,33.737618996126805,False,False,False,34.647583181687054,16.262381003873195,False,False,LOW
C09332,NORMAL,0.169666673399039,EXACT,30.62298504236112,20.56,12.237782864547256,49.00818722017498,False,False,False,19.37701495763888,0.9918127798250183,False,False,LOW
C09333,NORMAL,0.382478771243249,EXACT,20.05522255706585,14.6749,1.6700203792519872,38.44042473487971,False,False,False,29.94477744293415,11.559575265120287,False,False,LOW
C09334,NORMAL,0.6234305302544919,EXACT,22.671053197375542,14.1573,4.285851019561683,41.05625537518941,False,False,False,27.328946802624458,8.943744624810591,False,False,LOW
C09335,WATCH,2.396829628870108,EXACT,16.12748840820424,12.464,-2.257713769609623,34.5126905860181,False,False,False,33.87251159179576,15.487309413981897,True,False,LOW
C09336,NORMAL,0.5097452447732999,EXACT,18.004890336644454,13.2937,-0.3803118411694086,36.39009251445832,False,False,False,31.995109663355546,13.609907485541683,False,False,LOW
C09337,NORMAL,0.6283513311275006,EXACT,39.06223527575546,23.6924,20.6770330979416,57.44743745356932,False,False,True,10.937764724244538,-7.4474374535693215,False,False,MEDIUM
C09338,WATCH,2.0361055457209982,EXACT,31.506504409309137,13.6624,13.121302231495276,49.891706587123,False,False,False,18.493495590690863,0.10829341287700345,True,False,LOW
C09339,NORMAL,0.4052029039407388,EXACT,22.368117165972247,23.308,3.982914988158385,40.75331934378611,False,False,False,27.631882834027753,9.24668065621389,False,False,LOW
C09340,NORMAL,0.6126869292286722,EXACT,21.91609889943244,14.2333,3.530896721618575,40.3013010772463,False,False,False,28.08390110056756,9.6986989227537,False,False,LOW
C09341,NORMAL,0.5386052552034541,EXACT,34.95575239801586,36.5977,16.570550220201998,53.34095457582973,False,False,True,15.04424760198414,-3.340954575829727,False,False,MEDIUM
C09342,NORMAL,0.2318868109406783,EXACT,17.37277042251984,14.4725,-1.012431755294024,35.7579726003337,False,False,False,32.627229577480165,14.242027399666298,False,False,LOW
C09343,NORMAL,0.4330673603346328,EXACT,20.45041260902778,14.2834,2.065210431213917,38.835614786841646,False,False,False,29.54958739097222,11.164385213158354,False,False,LOW
C09344,NORMAL,0.6200285804973237,EXACT,20.83569655845958,14.1782,2.4504943806457185,39.22089873627344,False,False,False,29.16430344154042,10.77910126372656,False,False,LOW
C09345,NORMAL,0.1852708887699957,EXACT,16.774360273710325,14.5581,-1.6108419041035376,35.15956245152419,False,False,False,33.22563972628967,14.840437548475812,False,False,LOW
C09346,NORMAL,0.7758602557952001,EXACT,15.524341779960311,15.0754,-2.860860397853552,33.909543957774176,False,False,False,34.47565822003969,16.090456042225824,False,False,LOW
C09347,NORMAL,0.518004427614885,EXACT,18.386931976289688,13.8828,0.0017297984758251,36.772134154103554,False,False,False,31.613068023710312,13.227865845896446,False,False,LOW
C09348,NORMAL,1.434455373685813,EXACT,28.953604063392863,22.15,10.568401885579004,47.338806241206726,False,False,False,21.046395936607137,2.6611937587932744,False,False,LOW
C09349,NORMAL,0.4322726536016191,EXACT,35.28268787535046,58.5568,16.8974856975366,53.66789005316433,True,False,True,14.717312124649538,-3.667890053164328,False,False,MEDIUM
C09350,NORMAL,0.6293534650690529,EXACT,13.859314001055186,11.9018,-4.525888176758677,32.24451617886905,False,False,False,36.14068599894482,17.75548382113095,False,False,LOW
C09351,NORMAL,1.0243441693890996,EXACT,18.802403708307992,13.3926,0.417201530494129,37.18760588612186,False,False,False,31.197596291692008,12.812394113878142,False,False,LOW
C09352,NORMAL,0.1877658005016262,EXACT,17.040707981694716,13.2296,-1.3444941961191468,35.425910159508575,False,False,False,32.959292018305284,14.574089840491425,False,False,LOW
C09353,NORMAL,0.2011374360887003,EXACT,14.455395723809527,13.508,-3.929806454004334,32.84059790162339,False,False,False,35.54460427619047,17.15940209837661,False,False,LOW
C09354,NORMAL,0.2341175883290254,EXACT,36.76240033164683,24.0291,18.377198153832968,55.1476025094607,False,False,True,13.23759966835317,-5.147602509460697,False,False,MEDIUM
C09355,NORMAL,0.9958456805482638,EXACT,17.748058211507935,37.4689,-0.6371439663059277,36.1332603893218,False,False,False,32.25194178849206,13.866739610678202,False,False,LOW
C09356,NORMAL,0.4930850992735203,EXACT,18.72391953918652,14.0695,0.3387173613726588,37.109121717000384,False,False,False,31.27608046081348,12.890878282999616,False,False,LOW
C09357,NORMAL,0.4454350770009416,EXACT,39.100285760921736,22.9938,20.715083583107877,57.4854879387356,False,False,True,10.899714239078264,-7.485487938735602,False,False,MEDIUM
C09358,NORMAL,0.5548307674495204,EXACT,19.42828493869048,13.5025,1.0430827608766151,37.81348711650434,False,False,False,30.57171506130952,12.18651288349566,False,False,LOW
C09359,NORMAL,0.441933315951525,EXACT,16.220181772023807,14.126,-2.165020405790056,34.60538394983767,False,False,False,33.77981822797619,15.394616050162327,False,False,LOW
C09360,NORMAL,0.9782543007678864,EXACT,16.751787502579365,13.7108,-1.6334146752344978,35.13698968039323,False,False,False,33.24821249742064,14.863010319606772,False,False,LOW
C09361,NORMAL,0.1134570200666005,EXACT,31.08094469275792,20.6616,12.695742514944056,49.46614687057178,False,False,False,18.91905530724208,0.5338531294282234,False,False,LOW
C09362,NORMAL,1.3470244944823726,EXACT,17.33784681988636,14.2437,-1.047355357927504,35.72304899770022,False,False,False,32.66215318011364,14.276951002299782,False,False,LOW
C09363,NORMAL,0.7739646706482672,EXACT,16.474187508618012,13.6004,-1.9110146691958505,34.859389686431875,False,False,False,33.525812491381984,15.140610313568125,False,False,LOW
C09364,NORMAL,1.0070386486519023,EXACT,15.826378215025256,14.4205,-2.5588239627886065,34.21158039283912,False,False,False,34.17362178497474,15.788419607160883,False,False,LOW
C09365,NORMAL,1.3496692408215654,EXACT,16.24916303819445,14.1923,-2.136039139619413,34.63436521600831,False,False,False,33.75083696180555,15.365634783991688,False,False,LOW
C09366,NORMAL,1.3072152502166192,EXACT,15.815216694146836,12.7828,-2.5699854836670277,34.2004188719607,False,False,False,34.184783305853166,15.7995811280393,False,False,LOW
C09367,NORMAL,1.3076648911733353,EXACT,13.798243080104603,13.0603,-4.586959097709258,32.183445257918464,False,False,False,36.201756919895395,17.816554742081536,False,False,LOW
C09368,NORMAL,1.1743436530138722,EXACT,16.158491495331464,13.7894,-2.2267106824823983,34.54369367314533,False,False,False,33.84150850466854,15.456306326854673,False,False,LOW
C09369,NORMAL,0.3760418091571146,EXACT,41.94569126975105,55.9883,23.56048909193719,60.33089344756492,True,False,True,8.054308730248948,-10.330893447564918,False,False,MEDIUM
C09370,NORMAL,0.8149076369712744,EXACT,16.986282646726192,14.0983,-1.398919531087671,35.371484824540055,False,False,False,33.013717353273805,14.628515175459945,False,False,LOW
C09371,NORMAL,0.5655843985917549,EXACT,15.343097771329358,11.4344,-3.042104406484505,33.72829994914322,False,False,False,34.656902228670646,16.27170005085678,False,False,LOW
C09372,NORMAL,0.5471163212082407,TYPE,16.868067002413554,13.6436,-1.517135175400309,35.25326918022742,False,False,False,33.131932997586446,14.74673081977258,False,False,LOW
C09373,NORMAL,0.4506078522881755,EXACT,18.23794887063492,14.9139,-0.1472533071789463,36.623151048448776,False,False,False,31.76205112936508,13.376848951551224,False,False,LOW
C09374,NORMAL,0.1747848390361648,EXACT,27.470471485302177,56.8434,9.085269307488314,45.85567366311604,True,False,False,22.529528514697823,4.144326336883957,False,False,LOW
C09375,NORMAL,0.1366401170213946,EXACT,21.14773589533729,14.0132,2.7625337175234286,39.53293807315116,False,False,False,28.85226410466271,10.467061926848842,False,False,LOW
C09376,NORMAL,0.6340468719581843,EXACT,17.212805518749995,14.7974,-1.1723966590638677,35.598007696563855,False,False,False,32.787194481250005,14.401992303436145,False,False,LOW
C09377,NORMAL,0.4548699232226801,EXACT,15.221691177299633,14.6078,-3.16351100051423,33.6068933551135,False,False,False,34.77830882270037,16.3931066448865,False,False,LOW
C09378,NORMAL,0.2539852615081717,EXACT,32.976607054960326,29.4578,14.591404877146465,51.36180923277419,False,False,True,17.023392945039674,-1.361809232774192,False,False,MEDIUM
C09379,NORMAL,0.0352434113905058,EXACT,18.031160048169184,14.328,-0.3540421296446787,36.41636222598305,False,False,False,31.968839951830816,13.58363777401695,False,False,LOW
C09380,NORMAL,1.3869018626661274,EXACT,19.53662011267724,13.2127,1.1514179348633782,37.92182229049111,False,False,False,30.46337988732276,12.078177709508893,False,False,LOW
C09381,NORMAL,1.6701488133078817,EXACT,16.005337769537817,13.1936,-2.3798644082760454,34.390539947351684,False,False,False,33.99466223046218,15.609460052648316,False,False,LOW
C09382,NORMAL,1.0954971562147249,EXACT,42.45080248095237,24.7079,24.065600303138503,60.83600465876623,False,False,True,7.549197519047631,-10.836004658766228,False,False,MEDIUM
C09383,NORMAL,1.270242433371737,EXACT,41.284568933649005,27.903,22.899366755835143,59.66977111146287,False,False,True,8.715431066350995,-9.669771111462872,False,False,MEDIUM
C09384,NORMAL,1.654064006209631,EXACT,16.068391819464274,13.1851,-2.3168103583495885,34.45359399727813,False,False,False,33.931608180535726,15.546406002721866,False,False,LOW
C09385,NORMAL,1.6050333166750046,EXACT,20.16050458978174,24.4185,1.7753024119678784,38.5457067675956,False,False,False,29.83949541021826,11.454293232404403,False,False,LOW
C09386,NORMAL,0.4734315829663488,EXACT,15.687600201190486,27.5707,-2.6976019766233765,34.07280237900435,False,False,False,34.312399798809516,15.92719762099565,False,False,LOW
C09387,NORMAL,0.9885843411465628,EXACT,50.48424355654756,57.3164,32.0990413787337,68.86944573436142,True,True,True,-0.4842435565475611,-18.86944573436142,False,False,HIGH
C09388,NORMAL,0.3194077718461559,EXACT,19.43821795496033,14.2142,1.0530157771464663,37.82342013277419,False,False,False,30.56178204503967,12.176579867225811,False,False,LOW
C09389,NORMAL,0.1334310659218835,EXACT,15.597168220948213,13.8612,-2.7880339568656503,33.98237039876207,False,False,False,34.40283177905179,16.01762960123793,False,False,LOW
C09390,NORMAL,1.3862637116010212,EXACT,19.847279926686497,13.519,1.462077748872634,38.23248210450036,False,False,False,30.152720073313503,11.767517895499637,False,False,LOW
C09391,NORMAL,0.6286008553460911,EXACT,22.8515819068182,55.7701,4.466379729004334,41.23678408463206,True,False,False,27.1484180931818,8.763215915367937,False,False,LOW
C09392,NORMAL,1.0946057855380753,EXACT,14.035876428544368,12.7642,-4.349325749269495,32.42107860635823,False,False,False,35.96412357145563,17.57892139364177,False,False,LOW
C09393,NORMAL,1.008390712748931,EXACT,27.5984929656746,14.653,9.213290787860736,45.98369514348846,False,False,False,22.4015070343254,4.016304856511539,False,False,LOW
C09394,NORMAL,0.7425574777785748,EXACT,17.905868680776177,13.4297,-0.4793334970376861,36.29107085859004,False,False,False,32.09413131922382,13.70892914140996,False,False,LOW
C09395,NORMAL,0.8085557678973387,EXACT,52.52457793303565,51.1453,34.13937575522179,70.90978011084951,True,True,True,-2.5245779330356513,-20.90978011084951,False,False,HIGH
C09396,NORMAL,1.8402042316613207,EXACT,19.217073923364037,15.2179,0.8318717455501705,37.60227610117789,False,False,False,30.782926076635963,12.397723898822107,False,False,LOW
C09397,NORMAL,0.5834332079939928,EXACT,14.928241513095236,12.8864,-3.4569606647186277,33.3134436909091,False,False,False,35.07175848690476,16.686556309090903,False,False,LOW
C09398,NORMAL,0.6201515744476578,EXACT,17.814086704971565,13.9038,-0.5711154728422976,36.199288882785424,False,False,False,32.185913295028435,13.800711117214576,False,False,LOW
C09399,NORMAL,0.8786145578387492,EXACT,16.769752832462686,13.1135,-1.615449345351177,35.15495501027655,False,False,False,33.230247167537314,14.845044989723448,False,False,LOW
C09400,NORMAL,1.6263996321591678,EXACT,13.422632037996031,12.9527,-4.962570139817832,31.80783421580989,False,False,False,36.57736796200397,18.19216578419011,False,False,LOW
C09401,NORMAL,0.8116910443400546,EXACT,18.90762714657703,13.4884,0.5224249687631684,37.292829324390894,False,False,False,31.09237285342297,12.707170675609106,False,False,LOW
C09402,NORMAL,0.4017372355147252,EXACT,22.902093859027783,14.2263,4.516891681213924,41.28729603684165,False,False,False,27.097906140972217,8.712703963158347,False,False,LOW
C09403,NORMAL,0.241876044079744,EXACT,22.96971630228176,53.6267,4.584514124467894,41.35491848009562,True,False,False,27.03028369771824,8.64508151990438,False,False,LOW
C09404,NORMAL,0.2593660359053946,EXACT,30.65005503035712,13.4732,12.264852852543251,49.035257208170975,False,False,False,19.34994496964288,0.9647427918290248,False,False,LOW
C09405,NORMAL,0.3730691386584231,EXACT,19.00595601061509,41.3615,0.6207538328012276,37.39115818842895,False,False,False,30.99404398938491,12.608841811571047,False,False,LOW
C09406,NORMAL,0.2377922081583307,EXACT,35.04446750468072,21.5976,16.659265326866855,53.42966968249458,False,False,True,14.955532495319282,-3.429669682494577,False,False,MEDIUM
C09407,NORMAL,1.6657508433756898,EXACT,18.062020127876984,14.8059,-0.3231820499368787,36.44722230569084,False,False,False,31.937979872123016,13.552777694309157,False,False,LOW
C09408,NORMAL,0.5960691395787575,EXACT,19.511396209424632,13.2488,1.126194031610769,37.8965983872385,False,False,False,30.488603790575368,12.103401612761502,False,False,LOW
C09409,NORMAL,0.5667350127489279,EXACT,18.17934345307537,14.2752,-0.2058587247384942,36.56454563088923,False,False,False,31.82065654692463,13.435454369110772,False,False,LOW
C09410,NORMAL,0.514398779123373,EXACT,17.037187963636363,13.5186,-1.3480142141774998,35.42239014145022,False,False,False,32.96281203636364,14.577609858549778,False,False,LOW
C09411,NORMAL,0.5579015826861887,EXACT,15.767893856150796,14.0252,-2.617308321663065,34.15309603396466,False,False,False,34.23210614384921,15.846903966035342,False,False,LOW
C09412,NORMAL,0.1912289066835472,EXACT,19.24400038958334,14.0317,0.8587982117694786,37.6292025673972,False,False,False,30.75599961041666,12.3707974326028,False,False,LOW
C09413,NORMAL,1.007943445450492,EXACT,16.59336941736111,14.8672,-1.7918327604527526,34.97857159517497,False,False,False,33.40663058263889,15.02142840482503,False,False,LOW
C09414,NORMAL,0.4157537145091818,EXACT,14.39489870361932,12.6478,-3.990303474194544,32.780100881433185,False,False,False,35.60510129638068,17.219899118566815,False,False,LOW
C09415,NORMAL,0.1917827964689577,EXACT,15.6842451764881,14.7209,-2.7009570013257638,34.069447354301964,False,False,False,34.3157548235119,15.930552645698036,False,False,LOW
C09416,NORMAL,0.4825381485701542,EXACT,16.52260088006978,13.5844,-1.8626012977440816,34.90780305788364,False,False,False,33.47739911993022,15.09219694211636,False,False,LOW
C09417,WATCH,2.182439996724085,EXACT,18.139476463131302,14.4837,-0.2457257146825568,36.52467864094517,False,False,False,31.860523536868698,13.475321359054831,True,False,LOW
C09418,NORMAL,0.2965651486044668,EXACT,15.066743208348989,13.7786,-3.3184589694648743,33.45194538616285,False,False,False,34.93325679165101,16.548054613837152,False,False,LOW
C09419,NORMAL,0.9717205377684714,EXACT,20.61337842748016,40.5822,2.2281762496662942,38.99858060529402,False,False,False,29.38662157251984,11.001419394705977,False,False,LOW
C09420,NORMAL,1.0232166585160307,EXACT,15.224161181944432,13.8689,-3.161040995869431,33.60936335975829,False,False,False,34.77583881805557,16.39063664024171,False,False,LOW
C09421,NORMAL,0.724691042856232,EXACT,15.98987752925898,13.2846,-2.3953246485548814,34.37507970707284,False,False,False,34.010122470741024,15.624920292927158,False,False,LOW
C09422,NORMAL,0.3161494253763637,EXACT,53.02031620168649,59.6491,34.63511402387263,71.40551837950035,True,True,True,-3.020316201686491,-21.40551837950035,False,False,HIGH
C09423,NORMAL,0.2097758951849432,EXACT,19.42002620134713,13.1567,1.0348240235332715,37.805228379160994,False,False,False,30.57997379865287,12.194771620839006,False,False,LOW
C09424,NORMAL,0.9335901702978302,EXACT,12.945108242361108,11.9355,-5.440093935452754,31.33031042017497,False,False,False,37.05489175763889,18.66968957982503,False,False,LOW
C09425,NORMAL,1.7388109370717064,EXACT,14.785586589015146,12.9538,-3.5996155887987165,33.170788766829006,False,False,False,35.214413410984854,16.829211233170994,False,False,LOW
C09426,NORMAL,1.6756727945590528,EXACT,14.622025055600655,13.7013,-3.7631771222132055,33.00722723341452,False,False,False,35.37797494439934,16.99277276658548,False,False,LOW
C09427,NORMAL,0.6152877311823637,EXACT,21.29039778421298,22.0825,2.9051956063991184,39.67559996202685,False,False,False,28.70960221578702,10.324400037973149,False,False,LOW
C09428,NORMAL,0.8372323991941701,EXACT,17.33034381077742,11.6187,-1.0548583670364415,35.71554598859129,False,False,False,32.66965618922258,14.284454011408712,False,False,LOW
C09429,NORMAL,1.0164676351428676,EXACT,14.94333668078771,12.5622,-3.441865497026153,33.328538858601576,False,False,False,35.05666331921229,16.671461141398424,False,False,LOW
C09430,NORMAL,0.076459125938031,EXACT,18.118846463888893,40.9017,-0.2663557139249697,36.50404864170275,False,False,False,31.881153536111107,13.495951358297248,False,False,LOW
C09431,NORMAL,0.8816965570539861,EXACT,12.586535451289697,11.8448,-5.798666726524168,30.97173762910356,False,False,False,37.4134645487103,19.02826237089644,False,False,LOW
C09432,NORMAL,0.304492457223101,EXACT,13.290370833432547,11.2798,-5.094831344381314,31.675573011246414,False,False,False,36.70962916656745,18.324426988753586,False,False,LOW
C09433,NORMAL,1.2318748515389184,EXACT,38.654947033035725,54.5237,20.269744855221862,57.04014921084959,True,False,True,11.345052966964275,-7.0401492108495916,False,False,MEDIUM
C09434,WATCH,2.221841460242111,EXACT,20.14500041687092,41.4636,1.759798239057055,38.53020259468478,False,False,False,29.85499958312908,11.46979740531522,True,False,LOW
C09435,NORMAL,0.3926143497659325,EXACT,17.28275369712302,14.2918,-1.1024484806908426,35.66795587493688,False,False,False,32.71724630287698,14.33204412506312,False,False,LOW
C09436,NORMAL,0.1985959486369872,EXACT,25.405608127777786,14.0723,7.020405949963919,43.79081030559165,False,False,False,24.594391872222214,6.209189694408352,False,False,LOW
C09437,NORMAL,0.3026980203330164,EXACT,14.491263360606052,34.1377,-3.893938817207811,32.876465538419914,False,False,False,35.508736639393945,17.123534461580086,False,False,LOW
C09438,NORMAL,0.2149210151377193,EXACT,18.48318716269842,13.2524,0.0979849848845582,36.86838934051228,False,False,False,31.51681283730158,13.13161065948772,False,False,LOW
C09439,NORMAL,1.6719549726284726,EXACT,18.51848553788515,15.0769,0.1332833600712888,36.90368771569901,False,False,False,31.48151446211485,13.096312284300993,False,False,LOW
C09440,NORMAL,0.5694277512795596,EXACT,36.10840229712301,50.208,17.72320011930915,54.49360447493687,True,False,True,13.891597702876993,-4.493604474936873,False,False,MEDIUM
C09441,NORMAL,0.4441408510963179,EXACT,36.93558046180555,21.4061,18.550378283991687,55.32078263961941,False,False,True,13.06441953819445,-5.320782639619409,False,False,MEDIUM
C09442,NORMAL,0.1507504386440221,EXACT,16.285879351002514,14.0399,-2.099322826811349,34.67108152881637,False,False,False,33.714120648997486,15.328918471183627,False,False,LOW
C09443,NORMAL,1.307112413270582,EXACT,19.35527433190449,14.8142,0.970072154090623,37.74047650971835,False,False,False,30.64472566809551,12.259523490281651,False,False,LOW
C09444,NORMAL,1.7118500844325624,EXACT,15.93520609945886,13.3247,-2.449996078355003,34.32040827727272,False,False,False,34.06479390054114,15.679591722727281,False,False,LOW
C09445,NORMAL,1.2211954993267733,EXACT,15.615673187500017,13.7142,-2.7695289903138463,34.00087536531388,False,False,False,34.384326812499985,15.999124634686119,False,False,LOW
C09446,NORMAL,0.2624557782778829,EXACT,15.551176804464296,13.54,-2.834025373349567,33.93637898227816,False,False,False,34.4488231955357,16.063621017721843,False,False,LOW
C09447,NORMAL,0.6906678404463515,EXACT,13.474324754166672,12.343,-4.910877423647191,31.859526931980533,False,False,False,36.52567524583333,18.140473068019467,False,False,LOW
C09448,NORMAL,1.023509087662208,EXACT,20.402067611255397,19.77,2.016865433441531,38.787269789069256,False,False,False,29.597932388744603,11.212730210930744,False,False,LOW
C09449,NORMAL,0.4773422129656162,EXACT,16.283813806150793,13.8314,-2.10138837166307,34.669015983964655,False,False,False,33.71618619384921,15.330984016035345,False,False,LOW
C09450,NORMAL,0.9358789780428034,EXACT,14.564636778869046,13.0213,-3.820565398944817,32.94983895668291,False,False,False,35.435363221130956,17.05016104331709,False,False,LOW
C09451,NORMAL,1.0938520211809246,EXACT,17.140463681944443,14.1989,-1.24473849586942,35.525665859758305,False,False,False,32.85953631805556,14.474334140241695,False,False,LOW
C09452,NORMAL,1.8498547862638288,EXACT,15.11473179246032,13.5899,-3.2704703853535424,33.499933970274185,False,False,False,34.88526820753968,16.500066029725815,False,False,LOW
C09453,NORMAL,0.4462951092437354,EXACT,40.750520445238095,27.3715,22.365318267424232,59.13572262305196,False,False,True,9.249479554761905,-9.135722623051961,False,False,MEDIUM
C09454,NORMAL,0.5032949068366775,EXACT,15.639337389135171,13.2554,-2.745864788678689,34.02453956694904,False,False,False,34.36066261086483,15.975460433050962,False,False,LOW
C09455,NORMAL,1.476879788195503,EXACT,16.46815901676587,13.1151,-1.9170431610479923,34.85336119457973,False,False,False,33.53184098323413,15.146638805420267,False,False,LOW
C09456,NORMAL,0.2531326333103392,TYPE,25.567812990277798,14.9449,7.182610812463931,43.95301516809165,False,False,False,24.432187009722202,6.046984831908347,False,False,LOW
C09457,NORMAL,0.8648904046750081,EXACT,31.647215220138865,50.8297,13.262013042325002,50.03241739795273,True,False,True,18.352784779861135,-0.032417397952727356,False,False,MEDIUM
C09458,NORMAL,0.3223934311364744,EXACT,38.78581014732144,21.4049,20.40060796950757,57.171012325135294,False,False,True,11.214189852678558,-7.171012325135294,False,False,MEDIUM
C09459,NORMAL,0.9861843873255394,EXACT,16.630946215809885,39.9832,-1.7542559620039777,35.01614839362375,False,False,False,33.369053784190115,14.983851606376248,False,False,LOW
C09460,NORMAL,0.2635142904763732,EXACT,15.812451155654758,14.4614,-2.572751022159105,34.19765333346862,False,False,False,34.187548844345244,15.802346666531378,False,False,LOW
C09461,ANOMALOUS,2.785941525099383,EXACT,16.098239934733886,14.5849,-2.2869622430799765,34.48344211254775,False,False,False,33.90176006526612,15.516557887452251,True,True,MEDIUM
C09462,NORMAL,0.2889077425982762,EXACT,16.01065991666668,14.4183,-2.374542261147184,34.39586209448054,False,False,False,33.98934008333332,15.604137905519458,False,False,LOW
C09463,NORMAL,1.234610130905474,EXACT,12.447928342757931,12.2407,-5.937273835055931,30.833130520571792,False,False,False,37.55207165724207,19.166869479428208,False,False,LOW
C09464,NORMAL,0.4083332684047258,EXACT,13.674254183531756,13.7068,-4.710947994282108,32.05945636134562,False,False,False,36.32574581646824,17.940543638654383,False,False,LOW
C09465,NORMAL,0.8022817146901975,EXACT,14.762233741369032,13.1143,-3.622968436444831,33.1474359191829,False,False,False,35.23776625863097,16.852564080817103,False,False,LOW
C09466,NORMAL,0.3785905159429712,EXACT,20.26196335248917,15.2597,1.876761174675309,38.64716553030304,False,False,False,29.73803664751083,11.352834469696958,False,False,LOW
C09467,NORMAL,0.588194873909159,EXACT,17.528197424648262,13.3184,-0.8570047531656009,35.91339960246212,False,False,False,32.47180257535174,14.086600397537879,False,False,LOW
C09468,NORMAL,0.6881803777576166,EXACT,13.25115829363275,12.1175,-5.1340438841811125,31.63636047144661,False,False,False,36.74884170636725,18.36363952855339,False,False,LOW
C09469,NORMAL,1.131300546260044,EXACT,18.30796952064036,15.2636,-0.0772326571735035,36.69317169845422,False,False,False,31.69203047935964,13.306828301545778,False,False,LOW
C09470,NORMAL,0.3630337258400589,EXACT,18.7628147594284,13.8179,0.3776125816145352,37.14801693724226,False,False,False,31.2371852405716,12.85198306275774,False,False,LOW
C09471,NORMAL,0.2463034148731498,EXACT,19.99180915198412,14.4175,1.6066069741702549,38.37701132979798,False,False,False,30.00819084801588,11.62298867020202,False,False,LOW
C09472,NORMAL,0.205043774308632,EXACT,16.339061148809517,14.458,-2.046141029004346,34.72426332662338,False,False,False,33.66093885119048,15.27573667337662,False,False,LOW
C09473,NORMAL,0.1792230358866793,EXACT,30.26451112491246,60.8406,11.879308947098597,48.649713302726326,True,False,False,19.73548887508754,1.350286697273674,False,False,LOW
C09474,NORMAL,0.3371229184323779,EXACT,12.242038227281748,12.1479,-6.143163950532115,30.627240405095613,False,False,False,37.757961772718254,19.372759594904387,False,False,LOW
C09475,NORMAL,0.5492912493147728,EXACT,17.10532534285713,13.4036,-1.279876834956731,35.490527520670994,False,False,False,32.89467465714287,14.509472479329006,False,False,LOW
C09476,NORMAL,0.3741821429044959,EXACT,18.733751761694688,13.4202,0.3485495838808248,37.11895393950855,False,False,False,31.266248238305312,12.88104606049145,False,False,LOW
C09477,NORMAL,0.5278046196613824,EXACT,45.55813196480877,22.8554,27.17292978699491,63.94333414262263,False,False,True,4.441868035191227,-13.943334142622632,False,False,MEDIUM
C09478,NORMAL,1.8475104564128395,EXACT,16.777966494563493,12.8931,-1.6072356832503694,35.16316867237735,False,False,False,33.22203350543651,14.836831327622647,False,False,LOW
C09479,NORMAL,0.4934904980649247,EXACT,15.69360304444443,12.6323,-2.691599133369433,34.078805222258296,False,False,False,34.30639695555557,15.921194777741704,False,False,LOW
C09480,NORMAL,1.0566157166723755,EXACT,18.112298037391767,14.6878,-0.2729041404220957,36.49750021520563,False,False,False,31.887701962608233,13.502499784794367,False,False,LOW
C09481,NORMAL,0.6035999577209894,EXACT,17.50821370648147,20.3214,-0.8769884713323925,35.89341588429534,False,False,False,32.49178629351853,14.106584115704663,False,False,LOW
C09482,NORMAL,1.2757263688346818,EXACT,12.664809066071426,12.3374,-5.720393111742437,31.050011243885287,False,False,False,37.33519093392857,18.949988756114713,False,False,LOW
C09483,NORMAL,0.821639973731104,EXACT,19.885186905555543,14.121,1.4999847277416831,38.27038908336941,False,False,False,30.114813094444457,11.729610916630591,False,False,LOW
C09484,NORMAL,1.1090136668169626,EXACT,18.10027256197345,13.9463,-0.2849296158404115,36.485474739787314,False,False,False,31.89972743802655,13.514525260212686,False,False,LOW
C09485,NORMAL,0.5514358995862343,EXACT,12.18071584335318,12.1264,-6.204486334460682,30.565918021167043,False,False,False,37.819284156646816,19.434081978832957,False,False,LOW
C09486,NORMAL,1.0345141410840888,EXACT,12.850911165476193,12.3259,-5.534291012337672,31.236113343290054,False,False,False,37.14908883452381,18.763886656709946,False,False,LOW
C09487,NORMAL,0.322830527074838,EXACT,17.623066067812044,15.328,-0.7621361100018191,36.008268245625906,False,False,False,32.37693393218795,13.991731754374094,False,False,LOW
C09488,NORMAL,1.299981437987083,EXACT,12.670049239285715,12.2726,-5.715152938528147,31.055251417099576,False,False,False,37.32995076071428,18.944748582900424,False,False,LOW
C09489,NORMAL,1.0938627070677804,EXACT,22.09378716882632,52.6167,3.7085849910124544,40.47898934664018,True,False,False,27.90621283117368,9.521010653359824,False,False,LOW
C09490,NORMAL,0.2942620927068261,EXACT,17.596797877182535,13.4635,-0.7884043006313277,35.9820000549964,False,False,False,32.40320212281746,14.017999945003602,False,False,LOW
C09491,NORMAL,0.6505113831157607,EXACT,15.67906431051588,12.8118,-2.706137867297983,34.06426648832974,False,False,False,34.320935689484116,15.935733511670257,False,False,LOW
C09492,NORMAL,0.9923609537108444,EXACT,21.524937039186508,13.7004,3.139734861372645,39.91013921700037,False,False,False,28.475062960813492,10.08986078299963,False,False,LOW
C09493,NORMAL,0.2794896424094046,EXACT,19.47285769196428,14.7701,1.0876555141504165,37.85805986977815,False,False,False,30.52714230803572,12.141940130221847,False,False,LOW
C09494,NORMAL,0.3034577110421309,EXACT,19.53734335892857,14.1954,1.1521411811147075,37.92254553674243,False,False,False,30.46265664107143,12.077454463257567,False,False,LOW
C09495,NORMAL,1.7795908709028518,EXACT,15.550640434602128,12.7139,-2.8345617432117347,33.93584261241599,False,False,False,34.44935956539787,16.06415738758401,False,False,LOW
C09496,NORMAL,0.6738910550374329,EXACT,14.25962741489662,13.5421,-4.125574762917243,32.64482959271048,False,False,False,35.74037258510338,17.35517040728952,False,False,LOW
C09497,NORMAL,0.5919840317522955,EXACT,18.80205617708334,13.3151,0.4168539992694775,37.1872583548972,False,False,False,31.19794382291666,12.812741645102797,False,False,LOW
C09498,NORMAL,1.610286099606536,EXACT,12.75922580976731,11.9875,-5.625976368046553,31.14442798758117,False,False,False,37.24077419023269,18.85557201241883,False,False,LOW
C09499,NORMAL,1.3499439476478556,EXACT,20.51463163303572,14.7164,2.129429455221853,38.89983381084958,False,False,False,29.48536836696428,11.100166189150421,False,False,LOW
C09500,NORMAL,0.1471161061144873,EXACT,16.94296837344878,13.4977,-1.442233804365081,35.328170551262644,False,False,False,33.05703162655122,14.671829448737356,False,False,LOW
C09501,NORMAL,0.6969074710085166,EXACT,16.659396748335695,14.5101,-1.725805429478168,35.04459892614956,False,False,False,33.340603251664305,14.955401073850439,False,False,LOW
C09502,NORMAL,0.3511392095381832,EXACT,16.880489339880935,13.7372,-1.504712837932928,35.2656915176948,False,False,False,33.11951066011906,14.734308482305202,False,False,LOW
C09503,NORMAL,0.6395528397356517,EXACT,20.42439056488996,14.7848,2.039188387076095,38.80959274270382,False,False,False,29.57560943511004,11.19040725729618,False,False,LOW
C09504,WATCH,2.186667199311729,EXACT,15.147634192025317,57.9718,-3.237567985788546,33.53283636983918,True,False,False,34.852365807974685,16.46716363016082,True,False,LOW
C09505,NORMAL,0.8462550965487334,EXACT,16.081296689478915,13.8992,-2.303905488334948,34.46649886729278,False,False,False,33.91870331052108,15.533501132707222,False,False,LOW
C09506,NORMAL,0.4892963693644671,EXACT,52.838938034745,51.857,34.45373585693113,71.22414021255886,True,True,True,-2.8389380347449986,-21.224140212558865,False,False,HIGH
C09507,NORMAL,0.6364482057270875,EXACT,17.380517339484133,13.68,-1.0046848383297302,35.765719517297995,False,False,False,32.61948266051587,14.234280482702005,False,False,LOW
C09508,NORMAL,1.409055874812142,EXACT,17.494598716098487,13.772,-0.8906034617153757,35.879800893912346,False,False,False,32.50540128390151,14.120199106087654,False,False,LOW
C09509,NORMAL,0.4121315775989752,EXACT,14.9520284345238,11.9429,-3.4331737432900624,33.33723061233766,False,False,False,35.0479715654762,16.662769387662337,False,False,LOW
C09510,NORMAL,0.302531221577396,EXACT,20.89241529841269,14.4512,2.507213120598827,39.27761747622655,False,False,False,29.10758470158731,10.722382523773447,False,False,LOW
C09511,NORMAL,0.3206812575240946,EXACT,16.670262261232516,28.5579,-1.714939916581347,35.055464439046375,False,False,False,33.329737738767484,14.944535560953625,False,False,LOW
C09512,NORMAL,1.4221030272073882,EXACT,16.415909107539697,13.7225,-1.9692930702741656,34.80111128535356,False,False,False,33.5840908924603,15.198888714646444,False,False,LOW
C09513,NORMAL,0.3976377769522211,EXACT,16.67968592921175,13.2369,-1.7055162486021125,35.06488810702561,False,False,False,33.32031407078825,14.93511189297439,False,False,LOW
C09514,NORMAL,0.0829357857251607,EXACT,16.587370484226184,13.4747,-1.7978316935876784,34.97257266204005,False,False,False,33.412629515773816,15.02742733795995,False,False,LOW
C09515,NORMAL,0.6885290430947253,EXACT,21.545604689903143,35.8321,3.1604025120892807,39.93080686771701,False,False,False,28.454395310096857,10.06919313228299,False,False,LOW
C09516,NORMAL,0.0385922229236625,EXACT,14.50398608253967,13.9191,-3.881216095274192,32.889188260353535,False,False,False,35.49601391746033,17.110811739646465,False,False,LOW
C09517,NORMAL,0.5981732800458875,EXACT,16.937816077876974,14.0625,-1.4473860999368888,35.32301825569084,False,False,False,33.062183922123026,14.67698174430916,False,False,LOW
C09518,NORMAL,0.2817102745699449,EXACT,15.728979790025251,13.3196,-2.6562223877886098,34.11418196783912,False,False,False,34.27102020997475,15.885818032160877,False,False,LOW
C09519,NORMAL,0.3763967521565682,EXACT,13.34998891071428,13.7432,-5.035213267099584,31.73519108852814,False,False,False,36.65001108928572,18.26480891147186,False,False,LOW
C09520,NORMAL,0.6277524412868536,EXACT,18.733145704677963,14.3987,0.3479435268640998,37.11834788249183,False,False,False,31.266854295322037,12.881652117508168,False,False,LOW
C09521,NORMAL,0.7518791200313861,EXACT,14.808409966516152,13.5304,-3.5767922112977093,33.19361214433002,False,False,False,35.19159003348385,16.806387855669982,False,False,LOW
C09522,NORMAL,0.1992312506514995,EXACT,20.911339410508237,21.1487,2.5261372326943707,39.2965415883221,False,False,False,29.088660589491763,10.7034584116779,False,False,LOW
C09523,NORMAL,1.0155594779400496,EXACT,40.51754018958334,51.0609,22.13233801176948,58.90274236739721,True,False,True,9.482459810416657,-8.90274236739721,False,False,MEDIUM
C09524,NORMAL,1.7674726209076177,EXACT,29.14675185734128,37.7559,10.761549679527416,47.53195403515514,False,False,False,20.85324814265872,2.468045964844862,False,False,LOW
C09525,NORMAL,1.65118722575404,EXACT,16.50142266924603,14.7725,-1.8837795085678335,34.88662484705989,False,False,False,33.498577330753974,15.113375152940108,False,False,LOW
C09526,NORMAL,1.5161008178301387,EXACT,18.366739335416653,13.9435,-0.0184628423972093,36.75194151323052,False,False,False,31.633260664583347,13.24805848676948,False,False,LOW
C09527,NORMAL,1.602780467818837,EXACT,16.881487519624823,14.1041,-1.5037146581890397,35.266689697438686,False,False,False,33.11851248037517,14.733310302561314,False,False,LOW
C09528,NORMAL,0.2454782162709596,EXACT,15.728079417171733,13.4839,-2.65712276064213,34.113281594985594,False,False,False,34.271920582828265,15.886718405014406,False,False,LOW
C09529,NORMAL,0.8428294808672152,EXACT,18.281026656188946,40.5678,-0.1041755216249171,36.66622883400281,False,False,False,31.718973343811054,13.333771165997192,False,False,LOW
C09530,NORMAL,1.1853380217456817,EXACT,37.18158337096791,22.0776,18.796381193154044,55.566785548781766,False,False,True,12.818416629032093,-5.566785548781766,False,False,MEDIUM
C09531,NORMAL,0.0921187499063824,EXACT,22.42851936923702,61.5177,4.0433171914231565,40.81372154705088,True,False,False,27.57148063076298,9.186278452949118,False,False,LOW
C09532,NORMAL,1.1565620688557676,EXACT,19.726360715476183,13.8643,1.3411585376623236,38.11156289329005,False,False,False,30.273639284523817,11.88843710670995,False,False,LOW
C09533,NORMAL,0.7507855086369674,EXACT,53.36937673047439,56.787,34.98417455266052,71.75457890828825,True,True,True,-3.369376730474393,-21.754578908288252,False,False,HIGH
C09534,NORMAL,0.9619698782501542,EXACT,54.35560134398448,59.1636,35.97039916617062,72.74080352179834,True,True,True,-4.355601343984482,-22.74080352179834,False,False,HIGH
C09535,NORMAL,0.2877890993636036,EXACT,15.333334561706346,14.8472,-3.0518676161075167,33.71853673952021,False,False,False,34.666665438293656,16.28146326047979,False,False,LOW
C09536,ANOMALOUS,2.7766448291889163,EXACT,15.6104190654762,12.8833,-2.774783112337662,33.99562124329006,False,False,False,34.3895809345238,16.00437875670994,True,True,MEDIUM
C09537,NORMAL,0.52131182979223,EXACT,14.27260625426588,12.8529,-4.112595923547982,32.65780843207975,False,False,False,35.72739374573412,17.342191567920253,False,False,LOW
C09538,NORMAL,1.4637749230807873,EXACT,15.045977886083367,13.212,-3.3392242917304955,33.43118006389723,False,False,False,34.954022113916636,16.56881993610277,False,False,LOW
C09539,NORMAL,0.0223512611604951,EXACT,17.333306299801585,14.7635,-1.051895878012278,35.718508477615444,False,False,False,32.666693700198415,14.281491522384556,False,False,LOW
C09540,NORMAL,0.96998784860706,EXACT,13.002040961435796,11.5798,-5.383161216378067,31.38724313924966,False,False,False,36.997959038564204,18.61275686075034,False,False,LOW
C09541,NORMAL,0.4879102207875405,EXACT,26.21670829372293,14.2071,7.831506115909068,44.6019104715368,False,False,False,23.78329170627707,5.398089528463203,False,False,LOW
C09542,NORMAL,0.2861190145185082,EXACT,16.73344734113456,14.2942,-1.6517548366793022,35.11864951894842,False,False,False,33.266552658865436,14.881350481051577,False,False,LOW
C09543,NORMAL,0.3712454813683981,EXACT,15.347478241071435,13.8299,-3.037723936742428,33.732680418885295,False,False,False,34.652521758928565,16.267319581114705,False,False,LOW
C09544,NORMAL,0.9457036920844488,EXACT,15.46497431081349,15.2407,-2.9202278670003725,33.850176488627355,False,False,False,34.53502568918651,16.149823511372645,False,False,LOW
C09545,NORMAL,0.302309424723729,EXACT,30.05117452113093,23.3441,11.665972343317067,48.4363766989448,False,False,False,19.94882547886907,1.5636233010552019,False,False,LOW
C09546,NORMAL,1.8079233295744876,EXACT,19.421178150992056,15.1463,1.0359759731781928,37.80638032880592,False,False,False,30.578821849007944,12.193619671194078,False,False,LOW
C09547,NORMAL,0.6578649071840481,EXACT,19.38608178700397,14.946,1.000879609190111,37.77128396481784,False,False,False,30.61391821299603,12.22871603518216,False,False,LOW
C09548,NORMAL,1.5187589772004928,EXACT,17.72464041696427,41.7001,-0.6605617608495926,36.10984259477813,False,False,False,32.27535958303573,13.89015740522187,False,False,LOW
C09549,NORMAL,1.525003191705356,EXACT,16.55631774404179,13.7959,-1.828884433772071,34.94151992185566,False,False,False,33.44368225595821,15.058480078144342,False,False,LOW
C09550,NORMAL,0.4200944406862738,EXACT,12.9700257435516,11.8623,-5.415176434262262,31.35522792136546,False,False,False,37.0299742564484,18.64477207863454,False,False,LOW
C09551,NORMAL,0.7064168477331652,EXACT,53.00261808245852,53.2406,34.61741590464466,71.38782026027238,True,True,True,-3.0026180824585182,-21.387820260272377,False,False,HIGH
C09552,NORMAL,1.3408394808377182,EXACT,16.219192214599367,14.1948,-2.166009963214496,34.60439439241323,False,False,False,33.78080778540063,15.395605607586774,False,False,LOW
C09553,NORMAL,0.3064928552535225,EXACT,13.411857691485595,11.7589,-4.973344486328267,31.79705986929946,False,False,False,36.588142308514406,18.20294013070054,False,False,LOW
C09554,NORMAL,0.5966004903498974,EXACT,52.61026609240192,52.0736,34.22506391458805,70.99546827021578,True,True,True,-2.610266092401922,-20.99546827021578,False,False,HIGH
C09555,NORMAL,0.4249925873131933,EXACT,19.47918044285713,14.066,1.093978265043269,37.864382620671,False,False,False,30.52081955714287,12.135617379328998,False,False,LOW
C09556,NORMAL,0.1009866606617265,EXACT,27.554573002380938,14.1044,9.169370824567077,45.9397751801948,False,False,False,22.445426997619062,4.0602248198052,False,False,LOW
C09557,NORMAL,0.9696152085116384,EXACT,42.16936346268941,25.2927,23.78416128487554,60.55456564050327,False,False,True,7.830636537310589,-10.55456564050327,False,False,MEDIUM
C09558,NORMAL,0.8095940341127269,EXACT,17.593879022817475,15.3291,-0.7913231549963875,35.97908120063134,False,False,False,32.406120977182525,14.020918799368658,False,False,LOW
C09559,WATCH,2.213839550599549,EXACT,13.250587541468253,12.522,-5.134614636345612,31.63578971928212,False,False,False,36.74941245853175,18.36421028071788,True,False,LOW
C09560,NORMAL,0.3053010512829643,EXACT,15.487013463393874,13.1271,-2.898188714419989,33.87221564120774,False,False,False,34.51298653660613,16.127784358792262,False,False,LOW
C09561,NORMAL,0.1345025159368644,EXACT,16.123867689488556,13.5214,-2.261334488325307,34.509069867302415,False,False,False,33.876132310511444,15.490930132697585,False,False,LOW
C09562,NORMAL,0.3511188247148604,EXACT,17.147829822519846,15.1108,-1.237372355294017,35.533032000333705,False,False,False,32.852170177480154,14.466967999666295,False,False,LOW
C09563,NORMAL,1.2385792277656933,EXACT,14.528519688492072,13.9187,-3.8566824893217913,32.913721866305934,False,False,False,35.47148031150793,17.086278133694066,False,False,LOW
C09564,NORMAL,0.3036646623036813,EXACT,22.57690001309524,13.9664,4.191697835281378,40.96210219090911,False,False,False,27.42309998690476,9.037897809090893,False,False,LOW
C09565,NORMAL,0.7352172143812544,EXACT,25.512106636408703,32.6946,7.126904458594844,43.89730881422257,False,False,False,24.487893363591297,6.102691185777431,False,False,LOW
C09566,NORMAL,1.0431997475906425,EXACT,19.49292155803572,12.8853,1.1077193802218588,37.878123735849584,False,False,False,30.50707844196428,12.121876264150416,False,False,LOW
C09567,NORMAL,0.1210422646524482,EXACT,34.25291526805556,24.0681,15.867713090241695,52.63811744586943,False,False,True,15.74708473194444,-2.638117445869433,False,False,MEDIUM
C09568,NORMAL,1.1982254508856829,EXACT,20.60747112910354,14.2478,2.222268951289678,38.9926733069174,False,False,False,29.39252887089646,11.007326693082597,False,False,LOW
C09569,NORMAL,0.8128877420230183,EXACT,21.9358573188492,14.6471,3.550655141035339,40.32105949666307,False,False,False,28.0641426811508,9.678940503336932,False,False,LOW
C09570,NORMAL,0.3350530432178565,EXACT,36.9272976923611,24.7644,18.54209551454724,55.31249987017496,False,False,True,13.072702307638899,-5.31249987017496,False,False,MEDIUM
C09571,NORMAL,0.2788516935516124,EXACT,21.08368255892858,21.1419,2.6984803811147167,39.46888473674244,False,False,False,28.91631744107142,10.531115263257561,False,False,LOW
C09572,NORMAL,0.2629674319577474,EXACT,35.29508158422618,19.858,16.90987940641232,53.68028376204005,False,False,True,14.704918415773818,-3.680283762040048,False,False,MEDIUM
C09573,NORMAL,0.9436442793869482,EXACT,51.09145411298075,53.4122,32.70625193516689,69.47665629079461,True,True,True,-1.091454112980749,-19.476656290794608,False,False,HIGH
C09574,NORMAL,0.6636931578085681,EXACT,16.292194775992055,13.9978,-2.093007401821808,34.67739695380592,False,False,False,33.70780522400794,15.322603046194082,False,False,LOW
C09575,NORMAL,1.2578990881648324,EXACT,24.057289299945893,14.6118,5.67208712213203,42.44249147775976,False,False,False,25.942710700054107,7.557508522240241,False,False,LOW
C09576,NORMAL,0.9070086823450922,EXACT,19.24221336821346,14.2482,0.8570111903995965,37.62741554602732,False,False,False,30.75778663178654,12.372584453972678,False,False,LOW
C09577,WATCH,2.020823722452216,EXACT,12.87296103045636,12.6717,-5.512241147357504,31.258163208270226,False,False,False,37.12703896954364,18.741836791729774,True,False,LOW
C09578,NORMAL,0.5621421204149613,EXACT,19.789841202876985,13.3906,1.404639025063119,38.175043380690845,False,False,False,30.210158797123015,11.824956619309155,False,False,LOW
C09579,NORMAL,0.5402031015652928,EXACT,17.41167498462304,13.9427,-0.9735271931908224,35.7968771624369,False,False,False,32.58832501537696,14.2031228375631,False,False,LOW
C09580,NORMAL,0.2750076358482486,EXACT,16.40945591597222,14.7667,-1.9757462618416424,34.79465809378608,False,False,False,33.59054408402778,15.205341906213917,False,False,LOW
C09581,NORMAL,0.3259906508569123,EXACT,14.871010977777772,13.1331,-3.514191200036091,33.25621315559164,False,False,False,35.12898902222223,16.743786844408362,False,False,LOW
C09582,NORMAL,0.1301213964171892,EXACT,18.090943073427944,14.6505,-0.2942591043859188,36.4761452512418,False,False,False,31.909056926572056,13.523854748758197,False,False,LOW
C09583,NORMAL,0.7843147269334253,EXACT,52.75273973331771,58.1115,34.367537555503844,71.13794191113158,True,True,True,-2.7527397333177106,-21.137941911131577,False,False,HIGH
C09584,NORMAL,0.0719808881696033,EXACT,18.94673552118839,13.8831,0.5615333433745278,37.33193769900225,False,False,False,31.05326447881161,12.668062300997747,False,False,LOW
C09585,NORMAL,1.7364293365926993,EXACT,13.750306314186508,12.3161,-4.634895863627355,32.13550849200037,False,False,False,36.24969368581349,17.86449150799963,False,False,LOW
C09586,NORMAL,0.6859703561690431,EXACT,38.68325454813314,50.7816,20.29805237031928,57.068456725947,True,False,True,11.316745451866858,-7.0684567259470015,False,False,MEDIUM
C09587,NORMAL,0.6051459589356571,EXACT,19.122023119047626,13.4987,0.7368209412337627,37.50722529686149,False,False,False,30.877976880952374,12.492774703138508,False,False,LOW
C09588,NORMAL,0.40060886807024,EXACT,19.619410512698405,13.9313,1.234208334884542,38.00461269051227,False,False,False,30.380589487301595,11.995387309487732,False,False,LOW
C09589,NORMAL,0.533622262325942,TYPE,19.572015991736425,13.6214,1.186813813922562,37.95721816955029,False,False,False,30.427984008263575,12.042781830449712,False,False,LOW
C09590,NORMAL,0.4712213280751969,EXACT,28.95638739682541,57.6477,10.571185219011545,47.34158957463927,True,False,False,21.04361260317459,2.658410425360728,False,False,LOW
C09591,NORMAL,1.01407365915397,EXACT,18.13514254090908,15.1142,-0.2500596369047834,36.52034471872294,False,False,False,31.86485745909092,13.479655281277061,False,False,LOW
C09592,NORMAL,1.652883019104971,EXACT,31.02808176117427,55.4508,12.642879583360408,49.41328393898813,True,False,False,18.97191823882573,0.5867160610118702,False,False,LOW
C09593,NORMAL,0.5041134009362811,EXACT,16.231492908928576,13.8886,-2.1537092688852866,34.61669508674244,False,False,False,33.76850709107143,15.383304913257561,False,False,LOW
C09594,NORMAL,1.1073648308605917,EXACT,17.12509639577349,14.8599,-1.2601057820403732,35.51029857358735,False,False,False,32.87490360422651,14.489701426412651,False,False,LOW
C09595,NORMAL,1.0210749926260192,EXACT,12.860407096825394,11.8192,-5.5247950809884685,31.245609274639257,False,False,False,37.1395929031746,18.754390725360743,False,False,LOW
C09596,NORMAL,1.773633601304835,EXACT,24.430331007043677,15.1647,6.04512882922981,42.815533184857536,False,False,False,25.569668992956323,7.184466815142464,False,False,LOW
C09597,NORMAL,0.8982290198431366,EXACT,21.19010557569085,15.4869,2.8049033978769917,39.57530775350472,False,False,False,28.80989442430915,10.424692246495283,False,False,LOW
C09598,NORMAL,1.0522257894582996,EXACT,15.9042140333275,31.2477,-2.480988144486364,34.28941621114136,False,False,False,34.0957859666725,15.710583788858642,False,False,LOW
C09599,NORMAL,0.2628601300763856,EXACT,19.402576167857152,14.3289,1.0173739900432892,37.787778345671015,False,False,False,30.597423832142848,12.212221654328985,False,False,LOW
C09600,NORMAL,0.9259185285911185,EXACT,27.544050489486576,51.0493,9.158848311672712,45.92925266730044,True,False,False,22.455949510513424,4.070747332699561,False,False,LOW
C09601,NORMAL,1.5026114580329977,EXACT,23.141390919815954,14.7711,4.756188742002092,41.52659309762981,False,False,False,26.858609080184046,8.473406902370193,False,False,LOW
C09602,NORMAL,0.1542369421984047,EXACT,17.420459522619048,14.9211,-0.9647426551948152,35.80566170043291,False,False,False,32.57954047738095,14.194338299567093,False,False,LOW
C09603,NORMAL,1.0113299296037328,EXACT,16.052388104112552,14.6141,-2.3328140737013108,34.43759028192642,False,False,False,33.94761189588745,15.562409718073582,False,False,LOW
C09604,NORMAL,0.2505640126139959,EXACT,31.578858817162686,15.4082,13.193656639348823,49.96406099497655,False,False,False,18.421141182837314,0.03593900502345093,False,False,LOW
C09605,NORMAL,0.3543018154846642,EXACT,16.427133993871408,26.9415,-1.958068183942455,34.812336171685274,False,False,False,33.57286600612859,15.187663828314726,False,False,LOW
C09606,ANOMALOUS,2.751821332032173,EXACT,18.406994888816733,54.7943,0.0217927110028703,36.79219706663059,True,False,False,31.593005111183267,13.207802933369408,True,True,MEDIUM
C09607,NORMAL,0.9958371468999978,EXACT,17.71627802261905,14.7893,-0.6689241551948122,36.10148020043292,False,False,False,32.28372197738095,13.898519799567083,False,False,LOW
C09608,NORMAL,0.917313268501158,EXACT,16.319680664150436,13.3628,-2.065521513663427,34.7048828419643,False,False,False,33.68031933584956,15.295117158035701,False,False,LOW
C09609,NORMAL,0.3136134606720945,EXACT,18.196667684523824,14.3688,-0.1885344932900388,36.58186986233768,False,False,False,31.803332315476176,13.418130137662317,False,False,LOW
C09610,NORMAL,0.2069943277633194,EXACT,17.065055279828822,22.4633,-1.3201468979850404,35.450257457642685,False,False,False,32.934944720171174,14.549742542357315,False,False,LOW
C09611,NORMAL,0.9991694062854246,EXACT,14.133875900324687,12.2902,-4.251326277489175,32.51907807813855,False,False,False,35.86612409967531,17.48092192186145,False,False,LOW
C09612,NORMAL,0.2980468422542326,EXACT,15.132769063591264,12.703,-3.252433114222597,33.51797124140513,False,False,False,34.86723093640874,16.482028758594872,False,False,LOW
C09613,WATCH,2.27781964320238,TYPE,15.196580619543663,13.0456,-3.1886215582701998,33.581782797357526,False,False,False,34.80341938045633,16.418217202642474,True,False,LOW
C09614,NORMAL,0.2534601566119762,EXACT,15.314444563591266,14.0467,-3.0707576142225967,33.69964674140513,False,False,False,34.685555436408734,16.300353258594868,False,False,LOW
C09615,NORMAL,1.6577842974532513,EXACT,23.4941224407051,14.1888,5.108920262891239,41.87932461851896,False,False,False,26.5058775592949,8.120675381481043,False,False,LOW
C09616,NORMAL,0.5032523226142974,EXACT,16.28368330456349,14.7078,-2.101518873250374,34.66888548237735,False,False,False,33.71631669543651,15.331114517622652,False,False,LOW
C09617,NORMAL,0.290849747517389,EXACT,18.49243867172619,13.9349,0.1072364939123282,36.87764084954006,False,False,False,31.50756132827381,13.122359150459943,False,False,LOW
C09618,NORMAL,0.8073094825067729,EXACT,16.82323359910714,54.4395,-1.561968578706722,35.20843577692101,True,False,False,33.17676640089286,14.791564223078993,False,False,LOW
C09619,NORMAL,1.1114407821657473,EXACT,15.216206082936502,34.352,-3.168996094877361,33.60140826075036,False,False,False,34.7837939170635,16.39859173924964,False,False,LOW
C09620,NORMAL,0.3922654796554415,EXACT,13.508045534424612,13.2742,-4.877156643389251,31.89324771223848,False,False,False,36.49195446557539,18.10675228776152,False,False,LOW
C09621,NORMAL,0.6781523522530472,EXACT,17.37245350068277,13.1816,-1.0127486771310927,35.75765567849663,False,False,False,32.62754649931723,14.242344321503367,False,False,LOW
C09622,NORMAL,0.183638875676855,EXACT,16.308861982280227,13.7602,-2.076340195533636,34.694064160094086,False,False,False,33.69113801771977,15.305935839905914,False,False,LOW
C09623,NORMAL,0.7493822526674286,EXACT,15.03422008452382,12.9595,-3.3509820932900425,33.41942226233768,False,False,False,34.965779915476176,16.580577737662317,False,False,LOW
C09624,NORMAL,0.1035611762241397,EXACT,12.367607450496031,11.9496,-6.017594727317832,30.75280962830989,False,False,False,37.63239254950397,19.24719037169011,False,False,LOW
C09625,NORMAL,1.0447557256146114,EXACT,34.72826984335319,29.6503,16.343067665539326,53.113472021167055,False,False,True,15.27173015664681,-3.1134720211670555,False,False,MEDIUM
C09626,NORMAL,1.1288992491719916,EXACT,17.308829560714283,14.9217,-1.0763726170995795,35.694031738528146,False,False,False,32.69117043928571,14.305968261471854,False,False,LOW
C09627,NORMAL,0.8740533098844482,EXACT,18.46730923125,14.8972,0.0821070534361396,36.852511409063865,False,False,False,31.53269076875,13.147488590936135,False,False,LOW
C09628,NORMAL,0.7569672438098536,EXACT,24.931102499432445,15.5293,6.545900321618582,43.31630467724631,False,False,False,25.068897500567555,6.683695322753692,False,False,LOW
C09629,NORMAL,0.8433125428407355,EXACT,19.16285379523809,14.0667,0.7776516174242296,37.54805597305196,False,False,False,30.83714620476191,12.451944026948041,False,False,LOW
C09630,NORMAL,0.3418494307383828,EXACT,12.2453001296627,11.9898,-6.139902048151164,30.63050230747656,False,False,False,37.7546998703373,19.36949769252344,False,False,LOW
C09631,NORMAL,0.455182021547189,EXACT,14.648309143697777,13.4358,-3.736893034116088,33.03351132151164,False,False,False,35.35169085630223,16.96648867848836,False,False,LOW
C09632,NORMAL,0.9865447760905056,EXACT,16.561292272916663,24.1919,-1.8239099048971996,34.946494450730526,False,False,False,33.43870772708334,15.053505549269474,False,False,LOW
C09633,NORMAL,0.3125143139451163,EXACT,16.27716082606075,13.9486,-2.108041351753112,34.66236300387462,False,False,False,33.72283917393925,15.337636996125383,False,False,LOW
C09634,NORMAL,0.9402252591565456,EXACT,15.770622739384937,14.0862,-2.614579438428926,34.1558249171988,False,False,False,34.22937726061507,15.8441750828012,False,False,LOW
C09635,NORMAL,0.6594563919574883,EXACT,15.25062352359861,11.43,-3.134578654215252,33.63582570141247,False,False,False,34.74937647640139,16.36417429858753,False,False,LOW
C09636,NORMAL,0.3649158306200016,EXACT,22.510110261011896,14.4578,4.124908083198033,40.89531243882576,False,False,False,27.489889738988104,9.104687561174238,False,False,LOW
C09637,NORMAL,0.7215932600853936,EXACT,12.36749633720239,12.0928,-6.017705840611473,30.75269851501625,False,False,False,37.63250366279761,19.24730148498375,False,False,LOW
C09638,NORMAL,0.636182848722266,EXACT,32.60696427777778,25.1066,14.221762099963914,50.99216645559165,False,False,True,17.393035722222223,-0.9921664555916507,False,False,MEDIUM
C09639,NORMAL,0.2161168398812633,EXACT,14.221199286471869,13.3489,-4.164002891341996,32.60640146428573,False,False,False,35.77880071352813,17.39359853571427,False,False,LOW
C09640,WATCH,1.991784416630614,EXACT,18.7306138841234,15.0993,0.3454117063095339,37.11581606193726,False,False,False,31.2693861158766,12.88418393806274,True,False,LOW
C09641,NORMAL,0.2621715250171284,EXACT,15.479828809316386,13.8608,-2.905373368497477,33.86503098713025,False,False,False,34.52017119068361,16.134969012869753,False,False,LOW
C09642,NORMAL,1.5446041707924902,EXACT,20.267626884769044,13.8497,1.882424706955181,38.65282906258291,False,False,False,29.732373115230956,11.34717093741709,False,False,LOW
C09643,NORMAL,0.5147303300365536,EXACT,16.360249429939905,13.7926,-2.0249527478739573,34.745451607753765,False,False,False,33.639750570060095,15.254548392246235,False,False,LOW
C09644,NORMAL,0.446253283244467,EXACT,14.3563086540404,12.8472,-4.028893523773464,32.741510831854264,False,False,False,35.643691345959596,17.258489168145736,False,False,LOW
C09645,NORMAL,0.1631385831742569,EXACT,18.23527772242063,36.8186,-0.1499244553932328,36.62047990023449,False,False,False,31.76472227757937,13.379520099765507,False,False,LOW
C09646,NORMAL,0.7304241064117203,EXACT,37.03983622182538,57.3244,18.65463404401152,55.42503839963925,True,False,True,12.960163778174618,-5.425038399639249,False,False,MEDIUM
C09647,NORMAL,0.2211117674907493,EXACT,16.880237663392858,14.1514,-1.5049645144210049,35.26543984120672,False,False,False,33.11976233660714,14.734560158793279,False,False,LOW
C09648,NORMAL,0.2014148260490609,EXACT,22.104665663095236,41.9423,3.71946348528137,40.4898678409091,False,False,False,27.895334336904764,9.510132159090901,False,False,LOW
C09649,WATCH,2.01019822246662,EXACT,19.061996103273795,31.1376,0.6767939254599327,37.44719828108766,False,False,False,30.938003896726205,12.552801718912342,True,False,LOW
C09650,NORMAL,0.7560147159121748,EXACT,12.831406092766947,12.187,-5.553796085046914,31.216608270580814,False,False,False,37.16859390723305,18.783391729419186,False,False,LOW
C09651,NORMAL,1.4282197104523138,EXACT,20.445147732142875,38.5523,2.059945554329012,38.83034990995674,False,False,False,29.554852267857125,11.169650090043262,False,False,LOW
C09652,NORMAL,0.3633490480920682,EXACT,30.8889587654762,19.0338,12.503756587662338,49.27416094329006,False,False,False,19.1110412345238,0.7258390567099369,False,False,LOW
C09653,NORMAL,1.5646435810635084,EXACT,13.484959692279256,12.4546,-4.900242485534607,31.87016187009312,False,False,False,36.515040307720746,18.12983812990688,False,False,LOW
C09654,NORMAL,0.6982360098392407,EXACT,23.170112371446614,13.3618,4.784910193632751,41.55531454926047,False,False,False,26.829887628553386,8.444685450739527,False,False,LOW
C09655,NORMAL,0.0943961135954123,EXACT,14.90032714632937,13.3188,-3.484875031484492,33.28552932414323,False,False,False,35.099672853670626,16.714470675856766,False,False,LOW
C09656,NORMAL,0.6274616485456277,EXACT,18.26344613482144,13.8296,-0.1217560429924269,36.6486483126353,False,False,False,31.73655386517856,13.351351687364698,False,False,LOW
C09657,NORMAL,0.8913611149399088,EXACT,13.396110182189837,12.7416,-4.989091995624028,31.781312360003696,False,False,False,36.60388981781016,18.218687639996304,False,False,LOW
C09658,NORMAL,0.8010104293613651,EXACT,35.96043891153497,52.3655,17.57523673372111,54.34564108934883,True,False,True,14.039561088465028,-4.345641089348831,False,False,MEDIUM
C09659,NORMAL,1.0874933102328168,EXACT,19.89242250196125,31.4846,1.507220324147383,38.27762467977511,False,False,False,30.10757749803875,11.722375320224891,False,False,LOW
C09660,WATCH,1.936228272713092,EXACT,14.427177690079366,13.9551,-3.958024487734496,32.81237986789323,False,False,False,35.57282230992063,17.187620132106773,True,False,LOW
C09661,NORMAL,1.662110098044653,EXACT,18.607544496762245,13.4824,0.2223423189483817,36.99274667457611,False,False,False,31.392455503237755,13.00725332542389,False,False,LOW
C09662,NORMAL,0.668159528524681,EXACT,16.048692364880957,18.9716,-2.3365098129329063,34.433894542694816,False,False,False,33.95130763511904,15.566105457305184,False,False,LOW
C09663,NORMAL,0.4832407467001035,EXACT,17.281410824702377,53.2805,-1.103791353111486,35.66661300251624,True,False,False,32.71858917529762,14.333386997483757,False,False,LOW
C09664,NORMAL,0.9753214143302084,EXACT,18.62435222490079,15.6188,0.2391500470869267,37.009554402714656,False,False,False,31.37564777509921,12.990445597285344,False,False,LOW
C09665,NORMAL,1.1277321458046412,EXACT,34.92428211597223,14.1474,16.53907993815837,53.3094842937861,False,False,True,15.075717884027767,-3.309484293786099,False,False,MEDIUM
C09666,NORMAL,0.915951145698163,EXACT,13.898901403273817,14.8929,-4.486300774540048,32.28410358108768,False,False,False,36.10109859672618,17.715896418912322,False,False,LOW
C09667,NORMAL,1.84113430650562,EXACT,12.74356853988095,11.9681,-5.641633637932912,31.128770717694813,False,False,False,37.256431460119046,18.871229282305187,False,False,LOW
C09668,NORMAL,0.1231282771301033,EXACT,18.22761282857144,13.5553,-0.1575893492424249,36.6128150063853,False,False,False,31.77238717142856,13.387184993614703,False,False,LOW
C09669,NORMAL,0.555332872963159,EXACT,17.230316771428562,14.3882,-1.154885406385301,35.61551894924243,False,False,False,32.76968322857144,14.384481050757572,False,False,LOW
C09670,NORMAL,0.3894217219141757,EXACT,14.601790891017323,27.6279,-3.78341128679654,32.98699306883118,False,False,False,35.39820910898268,17.013006931168817,False,False,LOW
C09671,NORMAL,0.4611019029718011,EXACT,23.792596393650808,14.2678,5.407394215836945,42.17779857146467,False,False,False,26.207403606349192,7.82220142853533,False,False,LOW
C09672,NORMAL,0.2912152278864209,EXACT,38.59319723216992,23.3426,20.207995054356054,56.97839940998378,False,False,True,11.40680276783008,-6.97839940998378,False,False,MEDIUM
C09673,NORMAL,0.5552961883699838,EXACT,17.925019952191548,38.0283,-0.4601822256223151,36.31022213000541,False,False,False,32.07498004780845,13.689777869994593,False,False,LOW
C09674,NORMAL,0.223856577574981,EXACT,13.13889142757937,26.211,-5.246310750234493,31.524093605393237,False,False,False,36.86110857242063,18.475906394606763,False,False,LOW
C09675,NORMAL,0.9961810228626212,EXACT,16.703911965823078,14.2004,-1.6812902119907849,35.08911414363694,False,False,False,33.29608803417692,14.910885856363059,False,False,LOW
C09676,NORMAL,0.7380635962776698,EXACT,17.51303172127975,14.4909,-0.8721704565341142,35.89823389909361,False,False,False,32.486968278720255,14.101766100906389,False,False,LOW
C09677,WATCH,1.9575534173414884,EXACT,52.25643702826613,55.4521,33.87123485045227,70.64163920608,True,True,True,-2.2564370282661272,-20.64163920608,True,False,HIGH
C09678,NORMAL,0.4456743064371839,EXACT,20.938305369971,20.0312,2.5531031921571348,39.32350754778486,False,False,False,29.061694630029,10.676492452215143,False,False,LOW
C09679,NORMAL,1.0114599519912932,EXACT,15.178190099900808,14.2979,-3.2070120779130544,33.56339227771467,False,False,False,34.82180990009919,16.43660772228533,False,False,LOW
C09680,NORMAL,0.0973019740544834,EXACT,21.30407848950217,14.1195,2.918876311688308,39.689280667316034,False,False,False,28.69592151049783,10.310719332683966,False,False,LOW
C09681,NORMAL,0.5766840094124979,EXACT,16.577126396031748,14.5806,-1.8080757817821151,34.96232857384561,False,False,False,33.422873603968256,15.03767142615439,False,False,LOW
C09682,NORMAL,0.4243570224190576,TYPE,23.8719288989448,14.5927,5.486726721130935,42.25713107675866,False,False,False,26.1280711010552,7.742868923241339,False,False,LOW
C09683,NORMAL,0.174547698139403,EXACT,15.977222865972225,14.2899,-2.40797931184164,34.36242504378609,False,False,False,34.02277713402778,15.63757495621391,False,False,LOW
C09684,NORMAL,0.7677606068541138,EXACT,24.208950547519844,15.0675,5.8237483697059815,42.59415272533371,False,False,False,25.791049452480156,7.405847274666293,False,False,LOW
C09685,NORMAL,0.5570372940002636,EXACT,16.17126600476191,14.2453,-2.213936173051952,34.55646818257577,False,False,False,33.82873399523809,15.44353181742423,False,False,LOW
C09686,NORMAL,0.3283877509180589,EXACT,16.205841595716084,13.8127,-2.179360582097779,34.59104377352995,False,False,False,33.79415840428392,15.408956226470053,False,False,LOW
C09687,NORMAL,0.4813889129277755,EXACT,16.196311938293643,14.1362,-2.1888902395202194,34.581514116107506,False,False,False,33.80368806170635,15.418485883892494,False,False,LOW
C09688,NORMAL,1.1068112699677723,EXACT,14.602911015034271,13.3407,-3.7822911627795897,32.98811319284813,False,False,False,35.39708898496573,17.011886807151868,False,False,LOW
C09689,NORMAL,0.6527693787153792,EXACT,18.16961370908189,36.2059,-0.2155884687319726,36.55481588689575,False,False,False,31.83038629091811,13.445184113104247,False,False,LOW
C09690,NORMAL,1.6580214773323383,EXACT,13.169732357394691,12.8204,-5.215469820419171,31.554934535208552,False,False,False,36.83026764260531,18.445065464791448,False,False,LOW
C09691,WATCH,2.0072679500620287,EXACT,14.70000355922668,12.8036,-3.685198618587183,33.08520573704054,False,False,False,35.29999644077332,16.91479426295946,True,False,LOW
C09692,NORMAL,0.4752337394447261,EXACT,16.190281128769836,14.6819,-2.1949210490440265,34.5754833065837,False,False,False,33.80971887123016,15.424516693416301,False,False,LOW
C09693,NORMAL,1.0132971959932835,EXACT,54.39557688540143,55.3891,36.01037470758757,72.78077906321529,True,True,True,-4.395576885401432,-22.78077906321529,False,False,HIGH
C09694,NORMAL,1.294320769677219,EXACT,18.87823850515872,12.8854,0.493036327344857,37.263440682972586,False,False,False,31.12176149484128,12.736559317027414,False,False,LOW
C09695,NORMAL,0.6727140024411362,EXACT,16.33220626312831,33.8853,-2.052995914685553,34.71740844094217,False,False,False,33.66779373687169,15.282591559057828,False,False,LOW
C09696,NORMAL,0.1461469673866678,EXACT,31.98875127033731,23.3511,13.603549092523448,50.37395344815117,False,False,True,18.01124872966269,-0.3739534481511697,False,False,MEDIUM
C09697,WATCH,2.0556111906190786,EXACT,17.363963082760996,27.4161,-1.0212390950528665,35.749165260574856,False,False,False,32.636036917239004,14.250834739425144,True,False,LOW
C09698,NORMAL,0.262851794710305,EXACT,21.474289758256305,14.3257,3.089087580442442,39.85949193607017,False,False,False,28.525710241743695,10.140508063929829,False,False,LOW
C09699,NORMAL,0.6537390879780017,EXACT,52.66994537573259,54.1486,34.28474319791873,71.05514755354645,True,True,True,-2.6699453757325884,-21.055147553546448,False,False,HIGH
C09700,NORMAL,1.1469190768406274,EXACT,13.095156246780308,12.8976,-5.290045931033555,31.48035842459417,False,False,False,36.904843753219694,18.51964157540583,False,False,LOW
C09701,NORMAL,1.0001567027936678,EXACT,19.338233838167383,13.0835,0.9530316603535204,37.72343601598125,False,False,False,30.661766161832617,12.27656398401875,False,False,LOW
C09702,NORMAL,0.2518709277949121,EXACT,18.257745801587312,14.867,-0.1274563762265508,36.64294797940117,False,False,False,31.742254198412688,13.357052020598829,False,False,LOW
C09703,NORMAL,0.4993789866348728,EXACT,17.313135197420625,13.1917,-1.072066980393238,35.69833737523449,False,False,False,32.68686480257938,14.301662624765513,False,False,LOW
C09704,NORMAL,0.2832676182306923,EXACT,34.36357325664683,57.789,15.978371078832968,52.7487754344607,True,False,True,15.63642674335317,-2.748775434460697,False,False,MEDIUM
C09705,NORMAL,1.6654037500795509,EXACT,30.9659505816198,37.9327,12.580748403805938,49.35115275943366,False,False,False,19.0340494183802,0.6488472405663401,False,False,LOW
C09706,NORMAL,0.4766986604525632,EXACT,18.57564086160714,13.5083,0.1904386837932783,36.96084303942101,False,False,False,31.42435913839286,13.039156960578993,False,False,LOW
C09707,NORMAL,0.9142054060662348,EXACT,19.55744943998016,13.4237,1.172247262166298,37.94265161779403,False,False,False,30.44255056001984,12.057348382205973,False,False,LOW
C09708,NORMAL,0.2360877081092376,EXACT,27.23685643154762,14.9038,8.851654253733756,45.62205860936148,False,False,False,22.76314356845238,4.377941390638519,False,False,LOW
C09709,NORMAL,1.170462049196466,EXACT,23.780649666666672,14.4581,5.39544748885281,42.165851844480535,False,False,False,26.219350333333328,7.834148155519465,False,False,LOW
C09710,NORMAL,1.336084283737181,EXACT,32.484052786309505,51.9595,14.098850608495642,50.86925496412337,True,False,True,17.515947213690495,-0.8692549641233711,False,False,MEDIUM
C09711,NORMAL,1.198920216471374,EXACT,13.687030081204226,12.7514,-4.698172096609637,32.07223225901809,False,False,False,36.31296991879577,17.927767740981913,False,False,LOW
C09712,NORMAL,0.3389173098119764,EXACT,13.246874433685068,12.0804,-5.138327744128794,31.63207661149893,False,False,False,36.753125566314935,18.36792338850107,False,False,LOW
C09713,NORMAL,0.3151620560211242,EXACT,15.059844673214297,13.9921,-3.325357504599566,33.44504685102816,False,False,False,34.9401553267857,16.55495314897184,False,False,LOW
C09714,NORMAL,0.3090156812383777,EXACT,19.778096611034087,13.9963,1.3928944332202242,38.16329878884795,False,False,False,30.221903388965913,11.836701211152047,False,False,LOW
C09715,NORMAL,1.7570434795694894,EXACT,16.82520387205086,14.1363,-1.5599983057630027,35.21040604986472,False,False,False,33.174796127949136,14.789593950135277,False,False,LOW
C09716,NORMAL,0.8159670780600006,EXACT,17.87896087857143,13.2867,-0.5062412992424328,36.26416305638529,False,False,False,32.121039121428566,13.735836943614707,False,False,LOW
C09717,NORMAL,0.9155911494541484,EXACT,16.35052063448414,12.9922,-2.0346815433297216,34.73572281229801,False,False,False,33.64947936551586,15.264277187701992,False,False,LOW
C09718,NORMAL,1.624343976494388,EXACT,22.87252253581349,23.8778,4.487320357999632,41.25772471362736,False,False,False,27.12747746418651,8.742275286372639,False,False,LOW
C09719,NORMAL,0.8560640370695144,EXACT,16.771818076289676,27.1154,-1.6133841015241863,35.15702025410354,False,False,False,33.22818192371032,14.842979745896457,False,False,LOW
C09720,NORMAL,0.1556465196224545,EXACT,15.73212487202382,12.5803,-2.653077305790044,34.117327049837684,False,False,False,34.26787512797618,15.882672950162316,False,False,LOW
C09721,NORMAL,0.3290775551657899,EXACT,15.91964387172618,13.5003,-2.465558306087683,34.304846049540046,False,False,False,34.08035612827382,15.695153950459954,False,False,LOW
C09722,NORMAL,0.8014391362610513,EXACT,16.349193444976564,14.7286,-2.036008732837299,34.73439562279043,False,False,False,33.650806555023436,15.26560437720957,False,False,LOW
C09723,NORMAL,0.0359853083403023,EXACT,14.525041522123008,14.0821,-3.860160655690855,32.91024369993687,False,False,False,35.474958477876996,17.08975630006313,False,False,LOW
C09724,NORMAL,0.3552134645334191,EXACT,22.246520448489026,14.5608,3.861318270675163,40.63172262630289,False,False,False,27.753479551510974,9.368277373697111,False,False,LOW
C09725,NORMAL,0.1658371717394186,EXACT,20.861764473214283,26.2849,2.47656229540042,39.24696665102815,False,False,False,29.138235526785717,10.753033348971847,False,False,LOW
C09726,NORMAL,1.725721244933986,EXACT,17.123182875396814,13.8335,-1.2620193024170483,35.508385053210674,False,False,False,32.876817124603186,14.491614946789326,False,False,LOW
C09727,NORMAL,1.2831411985689607,EXACT,21.079127764641694,14.4654,2.693925586827831,39.46432994245556,False,False,False,28.920872235358306,10.535670057544444,False,False,LOW
C09728,NORMAL,1.3538870040428734,EXACT,32.003602823169224,54.8301,13.61840064535536,50.38880500098308,True,False,True,17.996397176830776,-0.38880500098308346,False,False,MEDIUM
C09729,NORMAL,1.6480303881590648,EXACT,31.98434896666665,20.7065,13.599146788852789,50.36955114448051,False,False,True,18.01565103333335,-0.36955114448051063,False,False,MEDIUM
C09730,NORMAL,0.5183366852716184,EXACT,41.424338542658695,58.904,23.039136364844836,59.80954072047256,True,False,True,8.575661457341305,-9.809540720472562,False,False,MEDIUM
C09731,NORMAL,0.2715533247030057,EXACT,16.564692463613476,13.4929,-1.8205097142003872,34.949894641427335,False,False,False,33.435307536386524,15.050105358572665,False,False,LOW
C09732,NORMAL,0.2354711287757205,EXACT,22.335019680158734,38.9011,3.949817502344871,40.7202218579726,False,False,False,27.664980319841266,9.279778142027403,False,False,LOW
C09733,NORMAL,0.6095940208246883,EXACT,16.347108249206354,14.652,-2.038093928607509,34.73231042702022,False,False,False,33.65289175079364,15.267689572979783,False,False,LOW
C09734,NORMAL,0.0594354485991998,EXACT,16.599155545535716,14.3104,-1.786046632278147,34.984357723349575,False,False,False,33.400844454464284,15.015642276650425,False,False,LOW
C09735,NORMAL,0.5981382638670246,EXACT,15.531675654114457,13.2215,-2.853526523699406,33.91687783192832,False,False,False,34.46832434588554,16.083122168071682,False,False,LOW
C09736,ANOMALOUS,3.081510823650937,EXACT,13.541986222420627,12.8174,-4.843215955393236,31.92718840023449,False,False,False,36.458013777579374,18.07281159976551,True,True,MEDIUM
C09737,NORMAL,1.19299154865781,EXACT,47.61734079930557,53.0068,29.23213862149171,66.00254297711943,True,False,True,2.3826592006944267,-16.002542977119433,False,False,MEDIUM
C09738,NORMAL,0.6112783918112881,EXACT,16.83033772748015,13.9012,-1.5548644503337137,35.21553990529401,False,False,False,33.16966227251985,14.784460094705992,False,False,LOW
C09739,NORMAL,0.7794897481229275,EXACT,13.42780761617064,13.2868,-4.957394561643222,31.813009793984502,False,False,False,36.57219238382936,18.186990206015498,False,False,LOW
C09740,NORMAL,0.5947669741508954,EXACT,15.139601667120791,13.7326,-3.2456005106930697,33.52480384493465,False,False,False,34.86039833287921,16.475196155065348,False,False,LOW
C09741,NORMAL,0.6148531614886245,EXACT,36.01933469339988,55.6822,17.634132515586014,54.404536871213736,True,False,True,13.980665306600123,-4.404536871213736,False,False,MEDIUM
C09742,NORMAL,0.5690829637930067,EXACT,19.68095658720237,14.4159,1.2957544093885112,38.06615876501624,False,False,False,30.31904341279763,11.93384123498376,False,False,LOW
C09743,NORMAL,0.3026664845732224,EXACT,16.01368578380232,14.3506,-2.371516394011543,34.39888796161618,False,False,False,33.986314216197684,15.601112038383818,False,False,LOW
C09744,NORMAL,0.378002204570978,EXACT,20.14191047242064,15.2849,1.7567082946067778,38.5271126502345,False,False,False,29.85808952757936,11.4728873497655,False,False,LOW
C09745,WATCH,2.377672437995954,EXACT,17.516334647084403,15.3181,-0.8688675307294602,35.901536824898265,False,False,False,32.483665352915594,14.098463175101735,True,False,LOW
C09746,NORMAL,1.2693759403112654,EXACT,13.36006479077382,13.2421,-5.025137387040044,31.74526696858768,False,False,False,36.63993520922618,18.25473303141232,False,False,LOW
C09747,ANOMALOUS,3.0276744879189192,EXACT,17.35817193196666,12.9265,-1.0270302458472038,35.74337410978052,False,False,False,32.64182806803334,14.256625890219482,True,True,MEDIUM
C09748,NORMAL,0.7640552288632421,EXACT,17.602041245238105,14.0661,-0.7831609325757576,35.987243423051964,False,False,False,32.397958754761895,14.012756576948036,False,False,LOW
C09749,NORMAL,0.8213737021451115,EXACT,18.37916086244289,12.5808,-0.0060413153709717,36.764363040256754,False,False,False,31.62083913755711,13.235636959743246,False,False,LOW
C09750,NORMAL,0.3341564959547809,EXACT,16.80332612053571,14.2975,-1.5818760572781514,35.188528298349574,False,False,False,33.196673879464285,14.811471701650426,False,False,LOW
C09751,NORMAL,0.3570514197559961,EXACT,18.60490107837301,29.044,0.2196989005591483,36.99010325618687,False,False,False,31.39509892162699,13.00989674381313,False,False,LOW
C09752,NORMAL,0.6919084411169591,EXACT,13.076057269146826,11.6087,-5.309144908667037,31.46125944696069,False,False,False,36.92394273085317,18.53874055303931,False,False,LOW
C09753,NORMAL,0.1183466307926864,EXACT,21.584013766865063,15.1452,3.1988115890512,39.96921594467892,False,False,False,28.415986233134937,10.030784055321078,False,False,LOW
C09754,NORMAL,1.1150548482610296,EXACT,17.335007673131095,15.3049,-1.050194504682768,35.720209850944954,False,False,False,32.664992326868905,14.279790149055046,False,False,LOW
C09755,WATCH,2.045095373933806,EXACT,24.26546368653221,14.888,5.880261508718348,42.65066586434608,False,False,False,25.73453631346779,7.349334135653919,True,False,LOW
C09756,NORMAL,0.5307462659480569,EXACT,17.096039334920643,14.1761,-1.2891628428932194,35.481241512734506,False,False,False,32.90396066507935,14.518758487265494,False,False,LOW
C09757,NORMAL,0.5844829991141618,EXACT,35.89846884990079,24.9609,17.513266672086925,54.28367102771465,False,False,True,14.101531150099213,-4.283671027714647,False,False,MEDIUM
C09758,NORMAL,0.3049807154760546,EXACT,14.426968254960329,12.0144,-3.958233922853534,32.812170432774195,False,False,False,35.57303174503967,17.187829567225805,False,False,LOW
C09759,NORMAL,0.4446033900722011,EXACT,18.56359093990384,15.1265,0.1783887620899733,36.9487931177177,False,False,False,31.43640906009616,13.051206882282301,False,False,LOW
C09760,NORMAL,0.261551314450848,EXACT,16.006445400099217,13.1815,-2.3787567777146457,34.39164757791308,False,False,False,33.99355459990078,15.608352422086917,False,False,LOW
C09761,NORMAL,0.3398180872694405,EXACT,21.6796194045635,13.7907,3.294417226749637,40.06482158237736,False,False,False,28.3203805954365,9.935178417622637,False,False,LOW
C09762,NORMAL,0.2109033965199148,EXACT,19.119939101488093,13.9116,0.7347369236742303,37.50514127930195,False,False,False,30.880060898511907,12.494858720698048,False,False,LOW
C09763,NORMAL,1.40224642972063,EXACT,53.155311741964326,52.9807,34.77010956415046,71.54051391977819,True,True,True,-3.1553117419643257,-21.540513919778192,False,False,HIGH
C09764,NORMAL,0.9651236896867744,EXACT,23.155697781697445,21.4029,4.770495603883582,41.54089995951131,False,False,False,26.844302218302555,8.459100040488693,False,False,LOW
C09765,NORMAL,0.3934587533115282,EXACT,20.71681024970237,13.3901,2.331608071888507,39.10201242751623,False,False,False,29.28318975029763,10.897987572483771,False,False,LOW
C09766,NORMAL,0.5438068650378738,EXACT,14.580747827435069,11.3118,-3.804454350378794,32.96595000524893,False,False,False,35.41925217256493,17.034049994751072,False,False,LOW
C09767,NORMAL,0.1750678591603868,EXACT,16.586672516974556,14.6537,-1.798529660839307,34.97187469478842,False,False,False,33.41332748302544,15.028125305211582,False,False,LOW
C09768,NORMAL,0.3978083006990088,EXACT,38.67826367162697,53.0259,20.29306149381311,57.06346584944083,True,False,True,11.321736328373028,-7.063465849440831,False,False,MEDIUM
C09769,NORMAL,0.9977282118362764,EXACT,13.03995168951118,12.1407,-5.345250488302684,31.425153867325044,False,False,False,36.960048310488816,18.574846132674956,False,False,LOW
C09770,NORMAL,0.772514600730087,EXACT,20.67633371604437,13.1582,2.291131538230505,39.06153589385824,False,False,False,29.32366628395563,10.938464106141758,False,False,LOW
C09771,NORMAL,0.2344812994432296,EXACT,17.681995396031738,14.3348,-0.703206781782125,36.0671975738456,False,False,False,32.31800460396826,13.932802426154403,False,False,LOW
C09772,NORMAL,0.3506284388667015,EXACT,20.169867979761896,28.0289,1.7846658019480337,38.55507015757576,False,False,False,29.830132020238104,11.444929842424237,False,False,LOW
C09773,NORMAL,0.7804312113005828,EXACT,29.833311157738045,60.7542,11.448108979924182,48.218513335551904,True,False,False,20.166688842261955,1.7814866644480958,False,False,LOW
C09774,WATCH,2.4850380065567785,EXACT,13.765800151268794,12.7206,-4.619402026545069,32.15100232908266,False,False,False,36.23419984873121,17.848997670917342,True,False,LOW
C09775,NORMAL,1.0810939827536827,EXACT,19.04762242708334,13.3904,0.6624202492694771,37.432824604897206,False,False,False,30.95237757291666,12.567175395102794,False,False,LOW
C09776,WATCH,2.302306720405719,EXACT,20.42680405406482,14.0587,2.041601876250958,38.81200623187869,False,False,False,29.57319594593518,11.18799376812131,True,False,LOW
C09777,NORMAL,0.4821501191710166,EXACT,13.526539225496045,12.251,-4.85866295231782,31.911741403309904,False,False,False,36.473460774503955,18.088258596690096,False,False,LOW
C09778,NORMAL,0.2412864417381835,EXACT,17.199976912996032,13.9173,-1.1852252648178307,35.585179090809895,False,False,False,32.800023087003964,14.414820909190105,False,False,LOW
C09779,NORMAL,0.5278059449148998,EXACT,15.30720310064314,13.1079,-3.077999077170721,33.692405278457,False,False,False,34.692796899356864,16.307594721542998,False,False,LOW
C09780,NORMAL,0.2617816989399587,EXACT,32.78509361230159,36.1511,14.399891434487724,51.170295790115446,False,False,True,17.214906387698413,-1.1702957901154463,False,False,MEDIUM
C09781,NORMAL,0.4416206903028702,EXACT,16.877616318650777,14.1721,-1.5075858591630862,35.26281849646464,False,False,False,33.12238368134922,14.73718150353536,False,False,LOW
C09782,NORMAL,0.0300945994481841,EXACT,21.06043740510462,21.7222,2.675235227290756,39.44563958291848,False,False,False,28.93956259489538,10.554360417081519,False,False,LOW
C09783,NORMAL,0.3859602322127105,EXACT,19.511639566269853,20.8147,1.1264373884559902,37.89684174408372,False,False,False,30.488360433730147,12.103158255916277,False,False,LOW
C09784,NORMAL,0.8769700372202518,EXACT,16.13620142962662,13.4268,-2.2490007481872425,34.52140360744048,False,False,False,33.863798570373376,15.478596392559517,False,False,LOW
C09785,WATCH,2.2870777510579643,EXACT,41.38055566329369,57.0019,22.99535348547983,59.76575784110756,True,False,True,8.619444336706309,-9.765757841107558,True,False,MEDIUM_HIGH
C09786,NORMAL,0.25616672576979,EXACT,36.17486481114513,22.5688,17.789662633331265,54.560066988958994,False,False,True,13.825135188854873,-4.560066988958994,False,False,MEDIUM
C09787,NORMAL,0.3870343272048333,EXACT,16.13794948147062,13.7773,-2.247252696343242,34.52315165928448,False,False,False,33.86205051852938,15.47684834071552,False,False,LOW
C09788,NORMAL,0.2990208821951043,EXACT,18.05456064494048,15.0263,-0.3306415328733827,36.439762822754346,False,False,False,31.94543935505952,13.560237177245654,False,False,LOW
C09789,NORMAL,1.0415380610482732,EXACT,20.763794419742062,22.8258,2.3785922419281995,39.14899659755592,False,False,False,29.236205580257938,10.851003402444078,False,False,LOW
C09790,NORMAL,1.2807235137612984,EXACT,23.28084493214286,13.913,4.895642754328996,41.66604710995672,False,False,False,26.71915506785714,8.333952890043278,False,False,LOW
C09791,NORMAL,0.9428584214311836,EXACT,17.534871601701767,14.3279,-0.8503305761120963,35.92007377951563,False,False,False,32.46512839829823,14.079926220484367,False,False,LOW
C09792,NORMAL,1.194725100356914,EXACT,21.00989057896825,14.2379,2.6246884011543834,39.395092756782105,False,False,False,28.99010942103175,10.604907243217895,False,False,LOW
C09793,NORMAL,0.2901388637700662,EXACT,29.502117161408748,37.8346,11.116914983594883,47.88731933922261,False,False,False,20.497882838591252,2.112680660777393,False,False,LOW
C09794,NORMAL,0.8267947024806122,EXACT,14.920226705059529,12.5933,-3.4649754727543343,33.30542888287339,False,False,False,35.07977329494047,16.694571117126607,False,False,LOW
C09795,NORMAL,0.8823886094340996,EXACT,17.510867009942828,13.7722,-0.8743351678710347,35.896069187756694,False,False,False,32.48913299005717,14.103930812243306,False,False,LOW
C09796,NORMAL,0.4377139593550904,EXACT,16.65336562351191,14.7077,-1.7318365543019532,35.03856780132577,False,False,False,33.34663437648809,14.961432198674231,False,False,LOW
C09797,NORMAL,0.7903804631489358,EXACT,16.354768220292208,14.3124,-2.0304339575216552,34.73997039810607,False,False,False,33.64523177970779,15.260029601893933,False,False,LOW
C09798,NORMAL,0.8585229129961582,EXACT,23.622561243722952,13.6836,5.237359065909089,42.007763421536815,False,False,False,26.377438756277048,7.992236578463185,False,False,LOW
C09799,NORMAL,1.028722168388824,EXACT,22.887308217739918,14.5793,4.502106039926051,41.27251039555378,False,False,False,27.112691782260082,8.72748960444622,False,False,LOW
C09800,NORMAL,0.8287493344350927,EXACT,16.00460228333334,13.6953,-2.380599894480522,34.38980446114721,False,False,False,33.99539771666666,15.610195538852793,False,False,LOW
C09801,NORMAL,0.6757347054901711,EXACT,17.87195418035713,14.6984,-0.5132479974567339,36.25715635817099,False,False,False,32.12804581964287,13.742843641829012,False,False,LOW
C09802,NORMAL,1.2288270111511568,EXACT,15.776760010807651,13.9102,-2.60844216700621,34.16196218862152,False,False,False,34.22323998919235,15.838037811378477,False,False,LOW
C09803,NORMAL,0.5308988914470453,EXACT,41.97781869831348,60.2759,23.59261652049961,60.36302087612734,True,False,True,8.022181301686523,-10.363020876127337,False,False,MEDIUM
C09804,NORMAL,0.450438175574509,EXACT,35.077351037996046,15.5886,16.692148860182183,53.46255321580991,False,False,True,14.922648962003954,-3.462553215809912,False,False,MEDIUM
C09805,NORMAL,0.8787581685832957,EXACT,12.901089265674608,13.3039,-5.484112912139256,31.28629144348847,False,False,False,37.09891073432539,18.71370855651153,False,False,LOW
C09806,NORMAL,0.3359128500290568,EXACT,46.39638127261895,51.1162,28.01117909480509,64.78158345043282,True,False,True,3.603618727381047,-14.78158345043282,False,False,MEDIUM
C09807,NORMAL,1.4173557679144213,EXACT,22.300575983432537,13.4932,3.915373805618674,40.6857781612464,False,False,False,27.699424016567463,9.314221838753603,False,False,LOW
C09808,NORMAL,0.2669798035188765,EXACT,18.849186597321445,13.1475,0.4639844195075824,37.23438877513531,False,False,False,31.150813402678555,12.765611224864692,False,False,LOW
C09809,NORMAL,0.2115736147425626,EXACT,21.15373585386905,22.918,2.7685336760551884,39.53893803168292,False,False,False,28.84626414613095,10.461061968317082,False,False,LOW
C09810,NORMAL,1.553457634906486,EXACT,22.313743816071412,14.5002,3.9285416382575526,40.69894599388528,False,False,False,27.686256183928588,9.301054006114718,False,False,LOW
C09811,NORMAL,0.2272669021831799,EXACT,19.17335710316698,14.1431,0.7881549253531155,37.558559280980845,False,False,False,30.82664289683302,12.441440719019155,False,False,LOW
C09812,NORMAL,0.3655008972736174,EXACT,34.50635247996033,54.467,16.121150302146464,52.89155465777419,True,False,True,15.493647520039673,-2.8915546577741935,False,False,MEDIUM
C09813,NORMAL,0.9015556682979902,EXACT,17.28023756091269,13.7211,-1.1049646169011744,35.66543973872655,False,False,False,32.71976243908731,14.334560261273452,False,False,LOW
C09814,NORMAL,0.7547858841088363,EXACT,17.702289488957568,15.3178,-0.6829126888562946,36.08749166677143,False,False,False,32.29771051104243,13.912508333228573,False,False,LOW
C09815,NORMAL,0.601140433205454,EXACT,14.993173608005192,26.7468,-3.3920285698086694,33.37837578581906,False,False,False,35.00682639199481,16.62162421418094,False,False,LOW
C09816,NORMAL,1.243331045071408,EXACT,22.22720236299601,56.9207,3.842000185182148,40.61240454080988,True,False,False,27.77279763700399,9.387595459190123,False,False,LOW
C09817,NORMAL,0.7514919415191819,EXACT,17.33619552916667,14.2082,-1.0490066486471932,35.72139770698053,False,False,False,32.66380447083333,14.278602293019468,False,False,LOW
C09818,NORMAL,0.2235107410721547,EXACT,18.017965287996024,12.6661,-0.3672368898178391,36.40316746580989,False,False,False,31.982034712003976,13.596832534190114,False,False,LOW
C09819,NORMAL,0.8793584203780069,EXACT,16.351369571428574,13.7735,-2.033832606385289,34.73657174924244,False,False,False,33.64863042857142,15.263428250757563,False,False,LOW
C09820,NORMAL,1.0200084015402984,EXACT,19.040259300965,13.9829,0.6550571231511348,37.42546147877886,False,False,False,30.959740699035,12.574538521221143,False,False,LOW
C09821,NORMAL,0.6110148381874344,EXACT,15.856325444940472,52.987,-2.5288767328733908,34.24152762275433,True,False,False,34.143674555059526,15.758472377245667,False,False,LOW
C09822,NORMAL,0.7035916172956771,EXACT,15.813194244321895,11.9966,-2.5720079334919657,34.19839642213576,False,False,False,34.18680575567811,15.801603577864242,False,False,LOW
C09823,ANOMALOUS,2.976622938100567,EXACT,17.638460356349196,13.7228,-0.746741821464667,36.02366253416306,False,False,False,32.3615396436508,13.976337465836941,True,True,MEDIUM
C09824,NORMAL,0.3220788038038209,EXACT,22.98049068898812,19.2612,4.595288511174257,41.36569286680198,False,False,False,27.01950931101188,8.634307133198021,False,False,LOW
C09825,NORMAL,0.2966223905345759,EXACT,17.89023814623017,15.0916,-0.4949640315836916,36.275440324044034,False,False,False,32.109761853769825,13.724559675955966,False,False,LOW
C09826,NORMAL,0.287136316294061,EXACT,16.318894902380954,14.9848,-2.0663072754329086,34.70409708019481,False,False,False,33.681105097619046,15.295902919805187,False,False,LOW
C09827,NORMAL,0.8462481931842696,EXACT,22.41479853690477,13.5521,4.02959635909091,40.80000071471864,False,False,False,27.58520146309523,9.199999285281358,False,False,LOW
C09828,NORMAL,0.6776901396466526,EXACT,20.0001503265873,13.4022,1.6149481487734365,38.38535250440116,False,False,False,29.9998496734127,11.614647495598838,False,False,LOW
C09829,NORMAL,1.1569691751181332,EXACT,18.258630891162085,12.8132,-0.126571286651778,36.64383306897595,False,False,False,31.741369108837915,13.356166931024049,False,False,LOW
C09830,NORMAL,0.9395002432668812,EXACT,18.55736587142856,14.1654,0.1721636936146957,36.942568049242425,False,False,False,31.44263412857144,13.057431950757575,False,False,LOW
C09831,NORMAL,1.3281149745303142,EXACT,18.53572444097221,13.6317,0.1505222631583471,36.92092661878607,False,False,False,31.46427555902779,13.07907338121393,False,False,LOW
C09832,NORMAL,0.6776099027743103,EXACT,14.973559624305562,14.4313,-3.411642553508301,33.358761802119425,False,False,False,35.026440375694435,16.641238197880575,False,False,LOW
C09833,NORMAL,0.3302972631073994,EXACT,22.05119397579366,19.6898,3.665991797979796,40.43639615360752,False,False,False,27.94880602420634,9.563603846392482,False,False,LOW
C09834,NORMAL,0.4693143044275645,EXACT,39.1767167470148,21.0593,20.791514569200935,57.56191892482866,False,False,True,10.823283252985199,-7.56191892482866,False,False,MEDIUM
C09835,NORMAL,0.198235921898936,EXACT,19.102203678075384,13.2772,0.7170015002615209,37.48740585588925,False,False,False,30.897796321924616,12.51259414411075,False,False,LOW
C09836,NORMAL,1.142805483052738,EXACT,37.30138943601193,52.312,18.916187258198068,55.6865916138258,True,False,True,12.698610563988069,-5.686591613825797,False,False,MEDIUM
C09837,NORMAL,0.7663413171429874,EXACT,14.738633090286797,26.2641,-3.646569087527066,33.12383526810066,False,False,False,35.2613669097132,16.876164731899337,False,False,LOW
C09838,NORMAL,0.1463530800286027,EXACT,18.216382658829364,13.6741,-0.1688195189844989,36.60158483664323,False,False,False,31.783617341170636,13.398415163356773,False,False,LOW
C09839,NORMAL,1.1942871592966158,EXACT,18.132299392261903,13.6443,-0.2529027855519601,36.517501570075765,False,False,False,31.867700607738097,13.482498429924235,False,False,LOW
C09840,NORMAL,0.1928437604632321,EXACT,15.77997320625001,13.2912,-2.605228971563852,34.16517538406387,False,False,False,34.22002679374999,15.834824615936128,False,False,LOW
C09841,NORMAL,0.1724497020325313,EXACT,42.95538518511904,53.1639,24.57018300730518,61.34058736293291,True,False,True,7.044614814880958,-11.340587362932908,False,False,MEDIUM
C09842,NORMAL,0.4457807482494988,EXACT,17.009566730753967,15.1116,-1.3756354470598957,35.394768908567826,False,False,False,32.99043326924603,14.605231091432174,False,False,LOW
C09843,NORMAL,0.7536695751461373,EXACT,16.482680522123008,20.5366,-1.9025216556908544,34.86788269993687,False,False,False,33.517319477876995,15.132117300063129,False,False,LOW
C09844,NORMAL,0.5120302623412062,EXACT,15.145547999900783,12.7846,-3.239654177913078,33.53075017771465,False,False,False,34.854452000099215,16.46924982228535,False,False,LOW
C09845,NORMAL,0.2114357267643487,EXACT,44.68849049474207,51.3531,26.303288316928207,63.073692672555936,True,False,True,5.311509505257931,-13.073692672555936,False,False,MEDIUM
C09846,NORMAL,1.890547761550419,EXACT,13.522204966744996,13.1517,-4.862997211068867,31.90740714455886,False,False,False,36.477795033255006,18.09259285544114,False,False,LOW
C09847,NORMAL,0.1081676840478964,EXACT,20.304064419146822,14.1127,1.9188622413329632,38.68926659696069,False,False,False,29.695935580853178,11.310733403039308,False,False,LOW
C09848,NORMAL,1.060089038869261,EXACT,18.56214888340201,15.3545,0.176946705588147,36.94735106121587,False,False,False,31.43785111659799,13.052648938784131,False,False,LOW
C09849,NORMAL,0.7320413476567345,EXACT,15.709256691483924,41.6802,-2.6759454863299386,34.09445886929779,False,False,False,34.29074330851608,15.905541130702211,False,False,LOW
C09850,NORMAL,0.9195865283702458,EXACT,15.772705048466808,13.0106,-2.612497129347055,34.15790722628067,False,False,False,34.227294951533196,15.84209277371933,False,False,LOW
C09851,NORMAL,1.0256224675161327,EXACT,15.48401343426226,13.4846,-2.901188743551604,33.86921561207612,False,False,False,34.51598656573774,16.13078438792388,False,False,LOW
C09852,NORMAL,0.877883209107493,EXACT,15.926196690277784,14.6077,-2.4590054875360803,34.31139886809164,False,False,False,34.073803309722216,15.688601131908356,False,False,LOW
C09853,NORMAL,0.5265478657225227,EXACT,18.029189881250016,54.5144,-0.356012296563847,36.41439205906388,True,False,False,31.970810118749984,13.585607940936121,False,False,LOW
C09854,NORMAL,0.1299716979991789,EXACT,13.67375380694445,13.5359,-4.711448370869412,32.05895598475831,False,False,False,36.32624619305555,17.941044015241687,False,False,LOW
C09855,NORMAL,1.7391900406252974,EXACT,15.09408231065526,13.0356,-3.291119867158603,33.47928448846912,False,False,False,34.90591768934474,16.52071551153088,False,False,LOW
C09856,NORMAL,0.1786454067920548,EXACT,21.88548358883476,21.1597,3.500281411020893,40.27068576664862,False,False,False,28.11451641116524,9.729314233351381,False,False,LOW
C09857,NORMAL,0.387562359311136,EXACT,28.46555719156745,22.8184,10.080355013753586,46.85075936938131,False,False,False,21.53444280843255,3.149240630618692,False,False,LOW
C09858,NORMAL,0.7479760311283609,EXACT,15.343424206382275,12.4313,-3.041777971431588,33.72862638419614,False,False,False,34.656575793617726,16.27137361580386,False,False,LOW
C09859,NORMAL,0.5325000940730072,EXACT,17.795353912400795,13.8472,-0.5898482654130675,36.18055609021466,False,False,False,32.2046460875992,13.819443909785342,False,False,LOW
C09860,NORMAL,0.6061266766846802,EXACT,16.58568846894842,14.1873,-1.7995137088654438,34.970890646762285,False,False,False,33.41431153105158,15.029109353237715,False,False,LOW
C09861,NORMAL,0.6832287941622472,EXACT,12.385912909821425,11.4885,-5.99928926799244,30.771115087635287,False,False,False,37.61408709017857,19.228884912364713,False,False,LOW
C09862,NORMAL,0.5189955462813867,EXACT,17.31168276130952,21.7093,-1.0735194165043431,35.69688493912338,False,False,False,32.68831723869048,14.303115060876621,False,False,LOW
C09863,NORMAL,0.5596392714692984,EXACT,21.4688217845238,14.6909,3.083619606709938,39.85402396233766,False,False,False,28.5311782154762,10.145976037662336,False,False,LOW
C09864,NORMAL,1.0339585431610292,EXACT,17.35742826804654,12.7196,-1.0277739097673226,35.7426304458604,False,False,False,32.64257173195346,14.2573695541396,False,False,LOW
C09865,NORMAL,0.9380906719725486,EXACT,19.7690915218254,14.5602,1.3838893440115356,38.15429369963926,False,False,False,30.2309084781746,11.845706300360739,False,False,LOW
C09866,NORMAL,0.258251444678384,EXACT,17.415687336904767,13.7661,-0.9695148409090956,35.800889514718634,False,False,False,32.58431266309523,14.199110485281366,False,False,LOW
C09867,NORMAL,1.584090394850468,EXACT,18.099766253842,12.5451,-0.2854359239718604,36.484968431655865,False,False,False,31.900233746158,13.515031568344135,False,False,LOW
C09868,NORMAL,1.4653224279515369,EXACT,16.954549316269837,13.6263,-1.4306528615440255,35.3397514940837,False,False,False,33.04545068373017,14.6602485059163,False,False,LOW
C09869,WATCH,2.5486830317604108,EXACT,13.887630527182536,12.2993,-4.4975716506313255,32.272832704996404,False,False,False,36.11236947281746,17.727167295003596,True,False,LOW
C09870,NORMAL,0.3613972368575774,EXACT,17.057604774029308,14.3336,-1.327597403784555,35.44280695184317,False,False,False,32.94239522597069,14.557193048156833,False,False,LOW
C09871,NORMAL,1.474214304207874,EXACT,17.479775306893035,13.5691,-0.9054268709208272,35.8649774847069,False,False,False,32.52022469310697,14.135022515293102,False,False,LOW
C09872,NORMAL,0.829842841484819,EXACT,17.746843438293656,14.3503,-0.638358739520207,36.13204561610752,False,False,False,32.25315656170635,13.867954383892481,False,False,LOW
C09873,NORMAL,0.5481773286732623,EXACT,36.29221139590551,24.7885,17.90700921809165,54.67741357371938,False,False,True,13.707788604094489,-4.677413573719377,False,False,MEDIUM
C09874,NORMAL,0.2943604616575436,EXACT,23.095405884424636,14.6741,4.71020370661077,41.480608062238495,False,False,False,26.904594115575364,8.519391937761505,False,False,LOW
C09875,NORMAL,1.4360432773690874,EXACT,42.46112288001444,23.4284,24.075920702200573,60.846325057828295,False,False,True,7.538877119985557,-10.846325057828295,False,False,MEDIUM
C09876,NORMAL,0.1034627355670053,EXACT,17.19587273690476,14.5363,-1.189329440909102,35.58107491471863,False,False,False,32.80412726309524,14.418925085281373,False,False,LOW
C09877,WATCH,2.010134082589305,EXACT,36.05529464345239,23.1842,17.67009246563853,54.44049682126625,False,False,True,13.944705356547608,-4.440496821266251,True,False,MEDIUM_HIGH
C09878,NORMAL,1.53848292562744,EXACT,30.70869914168153,22.7144,12.323496963867669,49.093901319495394,False,False,False,19.29130085831847,0.9060986805046056,False,False,LOW
C09879,NORMAL,0.7149671592256005,EXACT,24.18304684610389,24.2301,5.797844668290029,42.56824902391776,False,False,False,25.81695315389611,7.431750976082242,False,False,LOW
C09880,NORMAL,0.1228146983586814,EXACT,20.240452017586577,30.1379,1.8552498397727144,38.62565419540044,False,False,False,29.759547982413423,11.374345804599557,False,False,LOW
C09881,NORMAL,1.802866147070246,EXACT,16.73352358125001,13.7002,-1.6516785965638512,35.11872575906388,False,False,False,33.26647641874999,14.881274240936122,False,False,LOW
C09882,NORMAL,0.1423075132783307,EXACT,24.82835601944444,14.6476,6.443153841630579,43.21355819725831,False,False,False,25.17164398055556,6.786441802741692,False,False,LOW
C09883,NORMAL,0.1880084088654002,EXACT,15.822906033757222,14.3187,-2.5622961440566403,34.20810821157109,False,False,False,34.17709396624278,15.791891788428913,False,False,LOW
C09884,NORMAL,0.4021096564730346,EXACT,14.46422975408313,14.0493,-3.920972423730733,32.849431931896994,False,False,False,35.53577024591687,17.150568068103006,False,False,LOW
C09885,NORMAL,1.176942031374493,EXACT,37.00197951345597,14.5817,18.6167773356421,55.38718169126983,False,False,True,12.998020486544029,-5.387181691269831,False,False,MEDIUM
C09886,NORMAL,0.8858198289545541,EXACT,30.23254005273269,19.5859,11.847337874918829,48.61774223054656,False,False,False,19.76745994726731,1.3822577694534388,False,False,LOW
C09887,NORMAL,0.0727680879321084,EXACT,39.54014105803573,51.1095,21.154938880221867,57.9253432358496,True,False,True,10.45985894196427,-7.925343235849603,False,False,MEDIUM
C09888,NORMAL,1.3373618655017916,EXACT,31.316298630348133,35.7941,12.93109645253427,49.701500808162,False,False,False,18.683701369651867,0.29849919183799756,False,False,LOW
C09889,NORMAL,0.8652727267372505,EXACT,27.899770765936168,23.9813,9.514568588122303,46.284972943750034,False,False,False,22.100229234063832,3.7150270562499657,False,False,LOW
C09890,NORMAL,0.9764928837178364,EXACT,31.062481252083327,21.2888,12.677279074269464,49.44768342989719,False,False,False,18.937518747916673,0.5523165701028105,False,False,LOW
C09891,NORMAL,0.734305262103798,EXACT,12.925273471924598,11.9789,-5.459928705889265,31.31047564973846,False,False,False,37.0747265280754,18.68952435026154,False,False,LOW
C09892,NORMAL,0.6059157478046868,EXACT,13.13619057709234,13.4329,-5.249011600721524,31.5213927549062,False,False,False,36.863809422907664,18.4786072450938,False,False,LOW
C09893,NORMAL,1.0613259647452271,EXACT,21.68641181897896,13.5619,3.3012096411650944,40.07161399679282,False,False,False,28.31358818102104,9.92838600320718,False,False,LOW
C09894,NORMAL,1.5020277748757018,EXACT,37.61502490333484,29.3646,19.22982272552098,56.00022708114871,False,False,True,12.384975096665158,-6.000227081148708,False,False,MEDIUM
C09895,NORMAL,0.8013137342620575,EXACT,12.586001981042571,11.7498,-5.799200196771292,30.971204158856438,False,False,False,37.41399801895743,19.028795841143562,False,False,LOW
C09896,NORMAL,0.6689189247582555,EXACT,45.04898884196428,56.9791,26.663786664150415,63.43419101977814,True,False,True,4.951011158035719,-13.43419101977814,False,False,MEDIUM
C09897,NORMAL,0.8504943750942736,EXACT,13.465702547123003,12.3598,-4.919499630690858,31.850904724936868,False,False,False,36.534297452877,18.149095275063132,False,False,LOW
C09898,NORMAL,0.6190485632936292,EXACT,22.49794411170637,21.238,4.112741933892508,40.88314628952023,False,False,False,27.50205588829363,9.116853710479766,False,False,LOW
C09899,NORMAL,0.1329286957551776,EXACT,13.703118429067455,31.2421,-4.682083748746408,32.08832060688132,False,False,False,36.29688157093254,17.911679393118682,False,False,LOW
C09900,NORMAL,0.378962689421933,EXACT,25.628693061904773,13.3976,7.24349088409091,44.01389523971864,False,False,False,24.371306938095227,5.986104760281357,False,False,LOW
C09901,NORMAL,0.3316657861035929,EXACT,19.95414982321428,14.4946,1.5689476454004136,38.33935200102814,False,False,False,30.04585017678572,11.66064799897186,False,False,LOW
C09902,NORMAL,0.7413684681757016,EXACT,38.59348084285712,20.3907,20.208278665043256,56.978683020670985,False,False,True,11.406519157142881,-6.978683020670985,False,False,MEDIUM
C09903,NORMAL,0.5751863383255642,EXACT,17.986939341071423,13.2535,-0.3982628367424397,36.372141518885286,False,False,False,32.01306065892858,13.627858481114714,False,False,LOW
C09904,NORMAL,0.5609217730561528,EXACT,32.69471872331351,25.4385,14.309516545499644,51.079920901127366,False,False,True,17.305281276686493,-1.079920901127366,False,False,MEDIUM
C09905,NORMAL,1.8189404510633584,EXACT,14.905532813900551,54.4661,-3.4796693639133114,33.290734991714416,True,False,False,35.09446718609945,16.709265008285584,False,False,LOW
C09906,NORMAL,1.1216212778151764,EXACT,19.63674844890873,14.5891,1.2515462710948633,38.021950626722585,False,False,False,30.36325155109127,11.978049373277415,False,False,LOW
C09907,NORMAL,0.1819767580314978,EXACT,18.810070879937417,13.9542,0.424868702123554,37.19527305775128,False,False,False,31.189929120062583,12.80472694224872,False,False,LOW
C09908,NORMAL,0.2997218260060562,EXACT,17.58095689841269,13.5207,-0.8042452794011723,35.96615907622655,False,False,False,32.419043101587306,14.033840923773447,False,False,LOW
C09909,NORMAL,0.6948739292517456,EXACT,19.77008251316391,14.4509,1.3848803353500472,38.15528469097777,False,False,False,30.22991748683609,11.844715309022227,False,False,LOW
C09910,NORMAL,0.6013334755456226,EXACT,15.04632026746031,14.3477,-3.338881910353553,33.43152244527417,False,False,False,34.95367973253969,16.56847755472583,False,False,LOW
C09911,NORMAL,0.9414349885883208,EXACT,12.382048729563495,12.0541,-6.003153448250366,30.76725090737736,False,False,False,37.61795127043651,19.23274909262264,False,False,LOW
C09912,NORMAL,0.4372034991822198,EXACT,29.480089283974333,14.7562,11.09488710616047,47.8652914617882,False,False,False,20.519910716025667,2.1347085382117967,False,False,LOW
C09913,NORMAL,0.4172349098244682,EXACT,20.50066285885157,13.7367,2.115460681037707,38.88586503666544,False,False,False,29.49933714114843,11.114134963334557,False,False,LOW
C09914,NORMAL,0.7228875459398563,EXACT,49.44987386020016,51.9112,31.06467168238629,67.83507603801402,True,False,True,0.5501261397998434,-17.835076038014023,False,False,MEDIUM
C09915,NORMAL,0.8900992444886646,EXACT,16.975911506448398,13.3984,-1.409290671365465,35.361113684262264,False,False,False,33.0240884935516,14.638886315737736,False,False,LOW
C09916,NORMAL,0.1900479342915913,EXACT,15.753230368253956,11.4938,-2.6319718095599054,34.13843254606782,False,False,False,34.24676963174605,15.861567453932182,False,False,LOW
C09917,NORMAL,0.6118714966544381,EXACT,38.46294988442455,24.0785,20.07774770661069,56.84815206223841,False,False,True,11.537050115575447,-6.848152062238412,False,False,MEDIUM
C09918,NORMAL,0.5138004777583922,EXACT,17.550038696207256,14.7334,-0.8351634816066067,35.93524087402112,False,False,False,32.44996130379275,14.064759125978881,False,False,LOW
C09919,NORMAL,0.8725336526394052,EXACT,22.77402973125,13.4691,4.388827553436133,41.15923190906386,False,False,False,27.22597026875,8.840768090936137,False,False,LOW
C09920,NORMAL,0.5120479368208267,EXACT,18.657065689718603,14.5524,0.2718635119047405,37.04226786753247,False,False,False,31.342934310281397,12.957732132467527,False,False,LOW
C09921,NORMAL,0.9168253314778774,EXACT,12.65116737976191,11.908,-5.734034798051953,31.03636955757577,False,False,False,37.34883262023809,18.96363044242423,False,False,LOW
C09922,NORMAL,0.1928651649823251,EXACT,14.441025030357148,13.1718,-3.944177147456715,32.82622720817101,False,False,False,35.558974969642854,17.173772791828988,False,False,LOW
C09923,NORMAL,0.3922828254381197,EXACT,14.843398913935856,14.5504,-3.541803263878005,33.228601091749724,False,False,False,35.15660108606414,16.771398908250276,False,False,LOW
C09924,NORMAL,1.359046651996826,EXACT,19.1223538688492,13.388,0.7371516910353364,37.50755604666306,False,False,False,30.8776461311508,12.492443953336938,False,False,LOW
C09925,NORMAL,0.1915766160011657,EXACT,14.713927052655295,33.0893,-3.671275125158568,33.09912923046916,False,False,False,35.28607294734471,16.90087076953084,False,False,LOW
C09926,NORMAL,1.624969303647942,EXACT,36.5360607008401,50.9804,18.15085852302624,54.92126287865396,True,False,True,13.463939299159897,-4.9212628786539625,False,False,MEDIUM
C09927,NORMAL,1.4918367741611611,EXACT,20.22023389376456,14.7411,1.835031715950695,38.60543607157842,False,False,False,29.77976610623544,11.394563928421583,False,False,LOW
C09928,NORMAL,1.111178674505748,EXACT,55.17344445724208,54.7582,36.78824227942822,73.55864663505595,True,True,True,-5.173444457242077,-23.55864663505595,False,False,HIGH
C09929,NORMAL,0.327631494463352,EXACT,16.51974142708334,13.1541,-1.865460750730524,34.9049436048972,False,False,False,33.48025857291666,15.095056395102802,False,False,LOW
C09930,NORMAL,0.6484801149195626,EXACT,15.546445437202369,12.6503,-2.838756740611496,33.93164761501623,False,False,False,34.453554562797635,16.06835238498377,False,False,LOW
C09931,ANOMALOUS,2.761259670497193,EXACT,14.150732221130951,13.0506,-4.234469956682911,32.53593439894482,False,False,False,35.84926777886905,17.464065601055182,True,True,MEDIUM
C09932,NORMAL,0.3768738587306535,EXACT,44.289705537635264,50.4662,25.9045033598214,62.67490771544912,True,False,True,5.710294462364736,-12.674907715449123,False,False,MEDIUM
C09933,NORMAL,0.8336909189586411,EXACT,19.180744117162696,14.4203,0.7955419393488334,37.56594629497656,False,False,False,30.819255882837304,12.434053705023437,False,False,LOW
C09934,NORMAL,0.3168996853702379,EXACT,15.959705884994984,13.9622,-2.425496292818877,34.34490806280885,False,False,False,34.04029411500502,15.655091937191152,False,False,LOW
C09935,NORMAL,0.1649927665236557,EXACT,18.100904842361103,13.8697,-0.2842973354527593,36.48610702017497,False,False,False,31.899095157638897,13.51389297982503,False,False,LOW
C09936,NORMAL,1.0808785860161407,EXACT,18.383986909523824,14.7331,-0.0012152682900392,36.769189087337686,False,False,False,31.616013090476176,13.230810912662314,False,False,LOW
C09937,NORMAL,0.9431927740258484,EXACT,22.568436644940483,15.132,4.183234467126621,40.95363882275434,False,False,False,27.431563355059517,9.046361177245657,False,False,LOW
C09938,NORMAL,0.6915502595952168,EXACT,16.836969163236205,14.2096,-1.548233014577658,35.22217134105007,False,False,False,33.163030836763795,14.777828658949929,False,False,LOW
C09939,NORMAL,0.9027155087285814,EXACT,20.52416477529762,14.9256,2.138962597483758,38.90936695311149,False,False,False,29.47583522470238,11.090633046888513,False,False,LOW
C09940,NORMAL,0.2674490034665852,EXACT,19.12076095446428,14.1581,0.7355587766504144,37.50596313227814,False,False,False,30.87923904553572,12.49403686772186,False,False,LOW
C09941,NORMAL,1.1896693720818925,EXACT,15.815498704761914,12.9713,-2.5697034730519484,34.200700882575774,False,False,False,34.184501295238086,15.799299117424226,False,False,LOW
C09942,NORMAL,1.396165625894157,EXACT,18.943026069742057,21.8751,0.5578238919281944,37.32822824755592,False,False,False,31.056973930257943,12.67177175244408,False,False,LOW
C09943,WATCH,1.936291344400026,EXACT,15.91011139067461,33.4852,-2.475090787139253,34.295313568488474,False,False,False,34.08988860932539,15.704686431511526,True,False,LOW
C09944,WATCH,1.9501944861266376,EXACT,47.04037398115076,55.6761,28.65517180333689,65.42557615896462,True,False,True,2.9596260188492423,-15.425576158964617,True,False,MEDIUM_HIGH
C09945,NORMAL,0.3149191141431354,EXACT,34.51766929920637,24.1177,16.132467121392505,52.90287147702023,False,False,True,15.482330700793632,-2.902871477020227,False,False,MEDIUM
C09946,NORMAL,0.7554254552791444,EXACT,19.689177546130956,14.1525,1.30397536831709,38.074379723944816,False,False,False,30.310822453869044,11.925620276055184,False,False,LOW
C09947,NORMAL,0.3288590198854484,EXACT,15.635075256318585,13.5538,-2.75012692149528,34.020277434132446,False,False,False,34.364924743681414,15.979722565867554,False,False,LOW
C09948,NORMAL,0.1435994537355845,EXACT,17.239312251488073,14.4783,-1.1458899263257898,35.62451442930194,False,False,False,32.76068774851193,14.37548557069806,False,False,LOW
C09949,NORMAL,1.75175358718275,EXACT,18.753407657449497,32.7824,0.368205479635634,37.13860983526336,False,False,False,31.246592342550503,12.86139016473664,False,False,LOW
C09950,NORMAL,0.0916211060763999,EXACT,13.639920425865805,11.9713,-4.745281751948058,32.02512260367967,False,False,False,36.3600795741342,17.97487739632033,False,False,LOW
C09951,NORMAL,1.2706568715981827,EXACT,25.27609631398809,14.6071,6.890894136174229,43.66129849180196,False,False,False,24.72390368601191,6.338701508198042,False,False,LOW
C09952,NORMAL,0.3885853051969465,EXACT,16.45582330833332,14.0751,-1.9293788694805445,34.84102548614718,False,False,False,33.54417669166668,15.158974513852819,False,False,LOW
C09953,NORMAL,0.2556079065221893,EXACT,54.529206474849055,54.3364,36.1440042970352,72.91440865266291,True,True,True,-4.529206474849055,-22.914408652662914,False,False,HIGH
C09954,NORMAL,1.5561238742688055,EXACT,14.708283703571428,13.2783,-3.676918474242436,33.09348588138529,False,False,False,35.291716296428575,16.90651411861471,False,False,LOW
C09955,NORMAL,0.8012484341541648,EXACT,21.43837817906745,13.2566,3.0531760012535862,39.82358035688131,False,False,False,28.56162182093255,10.176419643118692,False,False,LOW
C09956,NORMAL,0.6383290911578456,EXACT,15.874676521996768,14.6158,-2.5105256558170943,34.25987869981063,False,False,False,34.12532347800323,15.740121300189372,False,False,LOW
C09957,NORMAL,0.4721706892368225,EXACT,21.6174210973575,14.6109,3.2322189195436373,40.00262327517136,False,False,False,28.3825789026425,9.99737672482864,False,False,LOW
C09958,NORMAL,1.522027169779614,EXACT,15.130716167068798,14.1002,-3.2544860107450653,33.515918344882664,False,False,False,34.8692838329312,16.484081655117336,False,False,LOW
C09959,NORMAL,0.1444987592832544,EXACT,21.40594104910716,14.5959,3.0207388712932968,39.79114322692102,False,False,False,28.59405895089284,10.208856773078978,False,False,LOW
C09960,NORMAL,0.422268518789938,EXACT,16.458775023412706,13.3748,-1.926427154401157,34.843977201226565,False,False,False,33.541224976587294,15.156022798773435,False,False,LOW
C09961,NORMAL,0.5370496924750116,EXACT,18.21192143266107,19.5576,-0.1732807451527911,36.59712361047494,False,False,False,31.78807856733893,13.402876389525062,False,False,LOW
C09962,NORMAL,0.0742709075318275,EXACT,17.10878855428807,13.2251,-1.2764136235257943,35.493990732101935,False,False,False,32.89121144571193,14.506009267898065,False,False,LOW
C09963,NORMAL,1.647139920252564,EXACT,27.74581113432539,12.842,9.360608956511529,46.13101331213925,False,False,False,22.25418886567461,3.8689866878607475,False,False,LOW
C09964,NORMAL,0.3033216430232035,EXACT,19.383971287896816,14.0238,0.9987691100829535,37.76917346571068,False,False,False,30.616028712103184,12.23082653428932,False,False,LOW
C09965,NORMAL,1.424231226903246,EXACT,22.104387047718248,55.0386,3.719184869904385,40.489589225532114,True,False,False,27.895612952281752,9.510410774467886,False,False,LOW
C09966,NORMAL,0.0708622593818942,EXACT,19.666950785615075,14.134,1.2817486078012124,38.05215296342894,False,False,False,30.333049214384925,11.947847036571062,False,False,LOW
C09967,NORMAL,0.0412113771526956,EXACT,17.84121745605159,13.7429,-0.5439847217622713,36.226419633865454,False,False,False,32.158782543948405,13.773580366134546,False,False,LOW
C09968,NORMAL,0.7464671084950775,EXACT,12.408729683143926,13.5203,-5.976472494669936,30.79393186095779,False,False,False,37.591270316856075,19.20606813904221,False,False,LOW
C09969,NORMAL,0.5126539046204145,EXACT,50.88177650506848,55.6891,32.49657432725462,69.26697868288234,True,True,True,-0.8817765050684798,-19.26697868288234,False,False,HIGH
C09970,NORMAL,1.0551659564109368,EXACT,18.297554968762416,15.1007,-0.0876472090514468,36.68275714657628,False,False,False,31.702445031237584,13.317242853423721,False,False,LOW
C09971,NORMAL,0.4591161432436872,EXACT,16.55982776672979,13.3491,-1.8253744110840733,34.94502994454365,False,False,False,33.44017223327021,15.054970055456351,False,False,LOW
C09972,NORMAL,0.5961377557187206,EXACT,32.485102741666694,27.9926,14.099900563852833,50.87030491948056,False,False,True,17.514897258333306,-0.8703049194805601,False,False,MEDIUM
C09973,NORMAL,0.6884382435506116,EXACT,15.724035919720302,14.068,-2.6611662580935604,34.10923809753417,False,False,False,34.2759640802797,15.890761902465833,False,False,LOW
C09974,NORMAL,0.4621339711358596,TYPE,24.923506287256483,54.934,6.53830410944262,43.308708465070346,True,False,False,25.076493712743517,6.691291534929654,False,False,LOW
C09975,NORMAL,0.0505273602583797,EXACT,16.496752304365078,14.2698,-1.888449873448785,34.88195448217894,False,False,False,33.503247695634926,15.11804551782106,False,False,LOW
C09976,NORMAL,0.5059836192890549,EXACT,31.661224602480143,21.1758,13.27602242466628,50.046426780294006,False,False,True,18.338775397519857,-0.04642678029400571,False,False,MEDIUM
C09977,NORMAL,0.4625243774038622,EXACT,27.624253857524423,22.7188,9.23905167971056,46.00945603533829,False,False,False,22.375746142475577,3.990543964661711,False,False,LOW
C09978,NORMAL,0.5883766927029468,EXACT,22.25488984613096,33.7404,3.869687668317095,40.64009202394482,False,False,False,27.74511015386904,9.359907976055183,False,False,LOW
C09979,NORMAL,1.3573819235004043,EXACT,22.018752889126127,13.4108,3.633550711312264,40.40395506693999,False,False,False,27.981247110873873,9.596044933060007,False,False,LOW
C09980,NORMAL,0.5911069982425962,EXACT,13.516547679265868,12.5931,-4.868654498547995,31.90174985707973,False,False,False,36.48345232073413,18.09825014292027,False,False,LOW
C09981,NORMAL,0.0878716998951245,EXACT,16.480441431547614,30.0665,-1.9047607462662484,34.86564360936148,False,False,False,33.51955856845238,15.134356390638523,False,False,LOW
C09982,NORMAL,0.2413843714683798,EXACT,12.057905216666676,11.4024,-6.327296961147187,30.44310739448054,False,False,False,37.942094783333324,19.55689260551946,False,False,LOW
C09983,NORMAL,1.5864030363826704,EXACT,15.494269060218238,13.4263,-2.8909331175956243,33.8794712380321,False,False,False,34.50573093978176,16.120528761967897,False,False,LOW
C09984,NORMAL,0.6871717832605244,EXACT,34.24147057271823,33.0281,15.856268394904363,52.626672750532094,False,False,True,15.758529427281772,-2.6266727505320944,False,False,MEDIUM
C09985,NORMAL,1.636126212752797,EXACT,16.66454726024114,12.516,-1.7206549175727233,35.049749438055,False,False,False,33.335452739758864,14.950250561944998,False,False,LOW
C09986,NORMAL,0.0759585310534144,EXACT,17.964473404276138,12.9147,-0.420728773537725,36.34967558209,False,False,False,32.035526595723866,13.65032441791,False,False,LOW
C09987,NORMAL,0.2995285582023227,EXACT,20.24288806964285,14.3908,1.8576858918289891,38.62809024745671,False,False,False,29.75711193035715,11.371909752543289,False,False,LOW
C09988,NORMAL,1.1422042289359031,EXACT,16.09770988152957,12.9116,-2.287492296284292,34.482912059343434,False,False,False,33.90229011847043,15.517087940656566,False,False,LOW
C09989,NORMAL,0.4251528835793747,EXACT,15.8041538552736,13.5221,-2.581048322540264,34.18935603308746,False,False,False,34.1958461447264,15.810643966912536,False,False,LOW
C09990,NORMAL,0.1026139946533798,EXACT,29.151318894444437,51.3467,10.76611671663057,47.536521072258296,True,False,False,20.848681105555563,2.463478927741704,False,False,LOW
C09991,NORMAL,0.3563859866028164,EXACT,19.287249033531747,14.0772,0.9020468557178845,37.67245121134561,False,False,False,30.712750966468253,12.32754878865439,False,False,LOW
C09992,NORMAL,0.9718880893195896,EXACT,22.13884703314393,39.1458,3.753644855330066,40.52404921095779,False,False,False,27.86115296685607,9.475950789042209,False,False,LOW
C09993,NORMAL,0.8835490753626933,EXACT,20.70324201456531,13.5653,2.3180398367514456,39.08844419237917,False,False,False,29.29675798543469,10.911555807620829,False,False,LOW
C09994,NORMAL,0.4204446041108829,EXACT,13.674636712301584,12.4033,-4.71056546551228,32.059838890115444,False,False,False,36.325363287698416,17.940161109884556,False,False,LOW
C09995,NORMAL,1.6587007349470622,EXACT,15.05437376557539,13.3,-3.330828412238473,33.43957594338925,False,False,False,34.94562623442461,16.56042405661075,False,False,LOW
C09996,NORMAL,0.6534109071897504,EXACT,17.783558702876995,13.9992,-0.6016434749368678,36.16876088069085,False,False,False,32.216441297123005,13.831239119309153,False,False,LOW
C09997,NORMAL,0.3131466911313165,EXACT,18.913650367032968,35.1584,0.5284481892191053,37.29885254484683,False,False,False,31.086349632967032,12.70114745515317,False,False,LOW
C09998,NORMAL,0.333199646797177,EXACT,16.568130331646827,14.0073,-1.8170718461670357,34.953332509460694,False,False,False,33.43186966835317,15.046667490539306,False,False,LOW
C09999,NORMAL,1.6064624593771677,EXACT,18.9681424507052,56.5755,0.5829402728913387,37.35334462851907,True,False,False,31.0318575492948,12.646655371480932,False,False,LOW
C10000,NORMAL,1.3002175452861078,EXACT,18.248543806502525,14.0348,-0.1366583713113378,36.63374598431639,False,False,False,31.751456193497475,13.366254015683609,False,False,LOW
